ISO-10303-21;
HEADER;
FILE_DESCRIPTION (( 'STEP AP214' ),
    '1' );
FILE_NAME ('AILERON R.STEP',
    '2024-01-23T14:01:58',
    ( '' ),
    ( '' ),
    'SwSTEP 2.0',
    'SolidWorks 2023',
    '' );
FILE_SCHEMA (( 'AUTOMOTIVE_DESIGN' ));
ENDSEC;

DATA;
#1 = CARTESIAN_POINT ( 'NONE',  ( 386.6666666647018928, -2.246864576404122182, 227.8533115235983360 ) ) ;
#2 = ADVANCED_FACE ( 'NONE', ( #768 ), #1037, .F. ) ;
#3 = CARTESIAN_POINT ( 'NONE',  ( 310.8375552510790385, -6.113130457599329937, 374.9920202612172488 ) ) ;
#4 = CARTESIAN_POINT ( 'NONE',  ( 579.9999999970531235, 12.05585114077850406, 281.0960369820363098 ) ) ;
#5 = VECTOR ( 'NONE', #174, 1000.000000000000114 ) ;
#6 = DIRECTION ( 'NONE',  ( 0.9970796596427952130, 0.002571963139560276557, -0.07632520771158367301 ) ) ;
#7 = CARTESIAN_POINT ( 'NONE',  ( 579.9999999970526687, 12.21604645281511381, 288.0486393700726353 ) ) ;
#8 = CARTESIAN_POINT ( 'NONE',  ( 559.1999999970527142, 4.178193240466025138, 354.6007428615299659 ) ) ;
#9 = CARTESIAN_POINT ( 'NONE',  ( 0.000000000000000000, -0.5139382740374544012, 199.4997056216937779 ) ) ;
#10 = CARTESIAN_POINT ( 'NONE',  ( 310.8370945548290365, -0.05858228450504104207, 399.6657384515764875 ) ) ;
#11 = CARTESIAN_POINT ( 'NONE',  ( 193.3333333323510317, -5.303512489585234135, 228.0014150919552662 ) ) ;
#12 = LINE ( 'NONE', #969, #1490 ) ;
#13 = CARTESIAN_POINT ( 'NONE',  ( 193.3333333323510317, 16.69263255009156666, 271.4737103024625640 ) ) ;
#14 = EDGE_CURVE ( 'NONE', #1068, #486, #21, .T. ) ;
#15 = DIRECTION ( 'NONE',  ( -0.07632546015824470675, 0.000000000000000000, -0.9970829574973349985 ) ) ;
#16 = CARTESIAN_POINT ( 'NONE',  ( 386.6666666647020634, 14.40794366876468935, 293.2433517987929577 ) ) ;
#17 = CARTESIAN_POINT ( 'NONE',  ( 559.1997492574872695, 3.569461715835334559, 353.2331509374839698 ) ) ;
#18 = EDGE_CURVE ( 'NONE', #1436, #461, #1344, .T. ) ;
#19 = CARTESIAN_POINT ( 'NONE',  ( 0.000000000000000000, -3.869566342698527173E-11, 199.5133111311278071 ) ) ;
#20 = CARTESIAN_POINT ( 'NONE',  ( 559.1999990406718553, -4.599622738211412987, 354.0238534784464832 ) ) ;
#21 = LINE ( 'NONE', #1512, #669 ) ;
#22 = CARTESIAN_POINT ( 'NONE',  ( 461.3768567605068824, -0.2930910051561943508, 373.0377082026287212 ) ) ;
#23 = CARTESIAN_POINT ( 'NONE',  ( 386.6666666647018928, 13.90735550912538265, 302.2484120702011978 ) ) ;
#24 = CARTESIAN_POINT ( 'NONE',  ( 389.5824507304530471, -5.745946952300502453, 369.2241422698481301 ) ) ;
#25 = CARTESIAN_POINT ( 'NONE',  ( 193.3333333323510317, -7.123187505558254529, 304.9108520061777199 ) ) ;
#26 = VECTOR ( 'NONE', #1245, 1000.000000000000114 ) ;
#27 =( LENGTH_UNIT ( ) NAMED_UNIT ( * ) SI_UNIT ( .MILLI., .METRE. ) );
#28 = CARTESIAN_POINT ( 'NONE',  ( 309.3711722157261761, -6.148540824740732269, 370.2314259793020597 ) ) ;
#29 = FACE_OUTER_BOUND ( 'NONE', #693, .T. ) ;
#30 = CARTESIAN_POINT ( 'NONE',  ( 193.3333333323509748, 12.29171122513588976, 334.7391500830804603 ) ) ;
#31 = CARTESIAN_POINT ( 'NONE',  ( 544.9279192606682045, -5.022010306768530441, 356.9458238923068620 ) ) ;
#32 = CARTESIAN_POINT ( 'NONE',  ( 457.6016738494921015, -0.5878977476521778378, 358.8845654565570271 ) ) ;
#33 = CARTESIAN_POINT ( 'NONE',  ( 579.9999999970532372, 4.936953304096522999, 351.2031543540123835 ) ) ;
#34 = EDGE_CURVE ( 'NONE', #568, #322, #12, .T. ) ;
#35 = CARTESIAN_POINT ( 'NONE',  ( 480.3933084155425490, -0.5083870235276984895, 357.1398941802781337 ) ) ;
#36 = CARTESIAN_POINT ( 'NONE',  ( 530.1346271230821685, 0.02101934435792796735, 353.3487309133048484 ) ) ;
#37 = CARTESIAN_POINT ( 'NONE',  ( 386.6666666647018928, -3.305401079264717268, 412.3030266280131855 ) ) ;
#38 = CARTESIAN_POINT ( 'NONE',  ( 559.1996795265431501, 3.655768294497727666, 353.3685615279732133 ) ) ;
#39 = CARTESIAN_POINT ( 'NONE',  ( 571.6434359094852198, -0.3548430186425844957, 350.1548104236018162 ) ) ;
#40 = CARTESIAN_POINT ( 'NONE',  ( 0.000000000000000000, 7.785143742719109916, 377.2153418768251640 ) ) ;
#41 = EDGE_LOOP ( 'NONE', ( #712, #1313, #1441, #1185, #799 ) ) ;
#42 = CARTESIAN_POINT ( 'NONE',  ( 310.8365328279093092, 2.382217797912719703, 371.3758737568816741 ) ) ;
#43 = CARTESIAN_POINT ( 'NONE',  ( 579.9999999970527824, -4.546249360507058412, 395.0319048769461006 ) ) ;
#44 = FACE_OUTER_BOUND ( 'NONE', #1324, .T. ) ;
#45 = CARTESIAN_POINT ( 'NONE',  ( 526.4453975499934586, 4.249812383286478479, 359.1481648636145110 ) ) ;
#46 = CARTESIAN_POINT ( 'NONE',  ( 193.3333333323509748, -3.838522145386324969, 429.4299400882140958 ) ) ;
#47 = CARTESIAN_POINT ( 'NONE',  ( 579.9999999970528961, -4.638197617360101610, 390.5925355609921894 ) ) ;
#48 = CARTESIAN_POINT ( 'NONE',  ( 390.4263541468752123, -0.07328326482131657105, 364.0817752175782971 ) ) ;
#49 = CARTESIAN_POINT ( 'NONE',  ( 0.000000000000000000, 3.638467315049533468, 401.2609511280016932 ) ) ;
#50 = EDGE_LOOP ( 'NONE', ( #1342, #1534, #558, #684 ) ) ;
#51 = EDGE_LOOP ( 'NONE', ( #688, #1352, #288, #91 ) ) ;
#52 = CARTESIAN_POINT ( 'NONE',  ( 193.3333333323510317, 1.503725608321301310, 399.3537027180361179 ) ) ;
#53 = EDGE_CURVE ( 'NONE', #486, #1568, #116, .T. ) ;
#54 = LINE ( 'NONE', #674, #1287 ) ;
#55 = EDGE_CURVE ( 'NONE', #1463, #370, #1269, .T. ) ;
#56 = CARTESIAN_POINT ( 'NONE',  ( 579.9999999970532372, -3.437469927314833029, 398.5678462214043520 ) ) ;
#57 = VERTEX_POINT ( 'NONE', #1135 ) ;
#58 =( NAMED_UNIT ( * ) SI_UNIT ( $, .STERADIAN. ) SOLID_ANGLE_UNIT ( ) );
#59 = ORIENTED_EDGE ( 'NONE', *, *, #529, .F. ) ;
#60 = CARTESIAN_POINT ( 'NONE',  ( 579.9999999970532372, -0.04621037551902798524, 379.9087948609357568 ) ) ;
#61 = CARTESIAN_POINT ( 'NONE',  ( 411.4628465916175628, -0.02184400203011015867, 376.8585635946876664 ) ) ;
#62 = CARTESIAN_POINT ( 'NONE',  ( 579.9999999970528961, -4.638197617360101610, 390.5925355609921894 ) ) ;
#63 = ORIENTED_EDGE ( 'NONE', *, *, #1288, .F. ) ;
#64 = ADVANCED_FACE ( 'NONE', ( #1021 ), #1616, .T. ) ;
#65 = FACE_OUTER_BOUND ( 'NONE', #189, .T. ) ;
#66 = CARTESIAN_POINT ( 'NONE',  ( 310.8370945548290365, -0.6456739159024832420, 370.1192114460052949 ) ) ;
#67 = ORIENTED_EDGE ( 'NONE', *, *, #233, .T. ) ;
#68 = CARTESIAN_POINT ( 'NONE',  ( 0.000000000000000000, -7.630794817724408041, 387.2858327702766701 ) ) ;
#69 = PLANE ( 'NONE',  #840 ) ;
#70 = CARTESIAN_POINT ( 'NONE',  ( 515.0425829057619467, 4.240660843951971515, 360.0392096149489021 ) ) ;
#71 = CARTESIAN_POINT ( 'NONE',  ( 579.9999999970528961, -4.797582901793369992, 365.4155641104702568 ) ) ;
#72 = ORIENTED_EDGE ( 'NONE', *, *, #1050, .T. ) ;
#73 = DIRECTION ( 'NONE',  ( -0.9999967117653472126, -0.002564460663179106426, 0.000000000000000000 ) ) ;
#74 = EDGE_CURVE ( 'NONE', #1518, #1054, #610, .T. ) ;
#75 = CARTESIAN_POINT ( 'NONE',  ( 310.8370945548289797, -0.9715463315519319298, 370.1192114460068296 ) ) ;
#76 = EDGE_LOOP ( 'NONE', ( #1112, #1586, #596, #942 ) ) ;
#77 = CARTESIAN_POINT ( 'NONE',  ( 386.6666666647022339, -5.677728190836611510, 385.5240380374953020 ) ) ;
#78 = CARTESIAN_POINT ( 'NONE',  ( 193.3333333323510317, 9.316921043030340854, 226.5755206670815198 ) ) ;
#79 = CARTESIAN_POINT ( 'NONE',  ( 0.000000000000000000, 6.360022959421542055, 205.8840378691750175 ) ) ;
#80 = PRODUCT ( 'AILERON R', 'AILERON R', '', ( #546 ) ) ;
#81 = CARTESIAN_POINT ( 'NONE',  ( 193.3333333323510885, -6.108416584304056762, 434.0147561491482975 ) ) ;
#82 = ORIENTED_EDGE ( 'NONE', *, *, #1183, .F. ) ;
#83 = DIRECTION ( 'NONE',  ( -0.07632546015824470675, 0.000000000000000000, -0.9970829574973348874 ) ) ;
#84 = CARTESIAN_POINT ( 'NONE',  ( 310.8369226387677031, 3.778636326542271551, 373.3704925800003025 ) ) ;
#85 = VECTOR ( 'NONE', #169, 1000.000000000000000 ) ;
#86 = CARTESIAN_POINT ( 'NONE',  ( 579.9999999970532372, -4.761979561952836448, 372.7162503368264197 ) ) ;
#87 = CARTESIAN_POINT ( 'NONE',  ( 340.5122270009606495, -0.2020362616952313395, 367.9011024721307308 ) ) ;
#88 = CARTESIAN_POINT ( 'NONE',  ( 398.2912776696987862, -0.05299564040163199513, 363.4792946464800707 ) ) ;
#89 = DIRECTION ( 'NONE',  ( -0.9970829574973348874, 0.000000000000000000, 0.07632546015824470675 ) ) ;
#90 = CARTESIAN_POINT ( 'NONE',  ( 0.000000000000000000, -7.875199188317395738, 346.8394967070635175 ) ) ;
#91 = ORIENTED_EDGE ( 'NONE', *, *, #1335, .T. ) ;
#92 = LINE ( 'NONE', #1455, #1026 ) ;
#93 = CARTESIAN_POINT ( 'NONE',  ( 559.1999999970530553, -89.00000000000000000, 400.5215869932083592 ) ) ;
#94 = CARTESIAN_POINT ( 'NONE',  ( 0.000000000000000000, -7.965129795698265625, 332.7649557612896274 ) ) ;
#95 = CARTESIAN_POINT ( 'NONE',  ( 559.1995134403531438, -3.015613323549191982, 352.0037289496106609 ) ) ;
#96 = CARTESIAN_POINT ( 'NONE',  ( 193.3333333323509748, 0.5840579286484742783, 212.5287729211146939 ) ) ;
#97 = DIRECTION ( 'NONE',  ( -0.002564460613766931987, 0.9999966924973346938, 0.0001963062701369849253 ) ) ;
#98 = DIRECTION ( 'NONE',  ( 0.000000000000000000, 1.000000000000000000, 0.000000000000000000 ) ) ;
#99 = CARTESIAN_POINT ( 'NONE',  ( 193.3333333323510317, -7.065133105652460443, 317.1447508523514784 ) ) ;
#100 = AXIS2_PLACEMENT_3D ( 'NONE', #107, #97, #243 ) ;
#101 = ORIENTED_EDGE ( 'NONE', *, *, #163, .F. ) ;
#102 = CARTESIAN_POINT ( 'NONE',  ( 405.4056135022493663, -4.163996556246243763, 415.3707001720923131 ) ) ;
#103 = CARTESIAN_POINT ( 'NONE',  ( 410.3645818365006335, -0.4218440020301101878, 362.5113055778124362 ) ) ;
#104 = CARTESIAN_POINT ( 'NONE',  ( 579.9999999970530098, -4.725788449733828500, 379.3994230421292855 ) ) ;
#105 = CARTESIAN_POINT ( 'NONE',  ( 310.8370353283217469, -4.813545609069376674, 371.8850742800506168 ) ) ;
#106 = CARTESIAN_POINT ( 'NONE',  ( 579.9999999970532372, 5.400585436222888447, 245.2695254820144157 ) ) ;
#107 = CARTESIAN_POINT ( 'NONE',  ( 341.6072432298724380, -0.2020362616952313395, 382.2059231409783138 ) ) ;
#108 = CARTESIAN_POINT ( 'NONE',  ( 480.2230063112860989, 0.1583482576350112025, 357.2007998379409628 ) ) ;
#109 = B_SPLINE_CURVE_WITH_KNOTS ( 'NONE', 3,
 ( #114, #1105, #1597, #372, #248, #1241, #1125, #1260, #1377, #1008, #1141, #411, #916, #8, #1522, #773, #38, #17, #543, #520, #527, #660, #1132, #1257, #1247, #908, #264, #1027, #1018, #1397, #535, #1506, #1033, #1153, #396, #922 ),
 .UNSPECIFIED., .F., .F.,
 ( 4, 2, 2, 2, 2, 1, 2, 2, 2, 2, 2, 1, 1, 1, 2, 2, 2, 2, 2, 4 ),
 ( 0.000000000000000000, 0.1249999999997755962, 0.1874999999996633804, 0.2187499999996156130, 0.2343749999995917155, 0.2421874999995868305, 0.2460937499995913824, 0.2499999999995958788, 0.3749999999997408739, 0.4374999999998221978, 0.4687499999998533395, 0.4843749999998587241, 0.4921874999998614442, 0.4960937499998626654, 0.4980468749998632205, 0.4999999999998637756, 0.6249999999998978595, 0.7499999999999318323, 0.8749999999999659162, 1.000000000000000000 ),
 .UNSPECIFIED. ) ;
#110 = CARTESIAN_POINT ( 'NONE',  ( 386.6666666647022339, -5.483459774955862009, 251.0186217847534920 ) ) ;
#111 = ORIENTED_EDGE ( 'NONE', *, *, #136, .T. ) ;
#112 = EDGE_CURVE ( 'NONE', #628, #1175, #1186, .T. ) ;
#113 = CARTESIAN_POINT ( 'NONE',  ( 559.1999860256987631, -4.553460398424163280, 353.9147057821636508 ) ) ;
#114 = CARTESIAN_POINT ( 'NONE',  ( 559.1999999970524868, 4.270617815216453117, 356.6193674239398206 ) ) ;
#115 = FILL_AREA_STYLE ('',( #751 ) ) ;
#116 = LINE ( 'NONE', #344, #452 ) ;
#117 = CARTESIAN_POINT ( 'NONE',  ( 0.000000000000000000, 2.156697113733638815, 200.5962828315869046 ) ) ;
#118 = CARTESIAN_POINT ( 'NONE',  ( 559.1999999970528279, 2.355073223351805911, 367.7000231352175206 ) ) ;
#119 = CARTESIAN_POINT ( 'NONE',  ( 579.9999999970528961, 10.96806314987765596, 310.6656409606852094 ) ) ;
#120 = CARTESIAN_POINT ( 'NONE',  ( 386.6666666647020634, -6.096510108436826059, 275.4220436995686896 ) ) ;
#121 = ORIENTED_EDGE ( 'NONE', *, *, #437, .F. ) ;
#122 = DIRECTION ( 'NONE',  ( -0.07632546015824470675, 0.000000000000000000, -0.9970829574973348874 ) ) ;
#123 = EDGE_CURVE ( 'NONE', #439, #678, #537, .T. ) ;
#124 = CARTESIAN_POINT ( 'NONE',  ( 310.8370927333196505, 3.938161554689912691, 373.8514237499901469 ) ) ;
#125 = CARTESIAN_POINT ( 'NONE',  ( 0.000000000000000000, -6.717750288785817148, 224.6004539023777511 ) ) ;
#126 = CARTESIAN_POINT ( 'NONE',  ( 310.8370942538189183, -4.636363130705019486, 371.6941758285834680 ) ) ;
#127 = CARTESIAN_POINT ( 'NONE',  ( 193.3333333323509748, 14.02218431666462450, 245.8289446186508940 ) ) ;
#128 = CARTESIAN_POINT ( 'NONE',  ( 531.2324601222520641, 0.2871012545089257628, 367.6903486563381307 ) ) ;
#129 = CARTESIAN_POINT ( 'NONE',  ( 193.3333333323510885, 13.87615993987009766, 323.4795464500552384 ) ) ;
#130 = FACE_OUTER_BOUND ( 'NONE', #76, .T. ) ;
#131 = CARTESIAN_POINT ( 'NONE',  ( 579.9999999970527824, -0.3259142469249645679, 238.5046831896317201 ) ) ;
#132 = CARTESIAN_POINT ( 'NONE',  ( 310.8370945548288660, 2.762192672970225082, 383.5397039995916657 ) ) ;
#133 = EDGE_CURVE ( 'NONE', #414, #993, #247, .T. ) ;
#134 = CARTESIAN_POINT ( 'NONE',  ( 193.3333333323509464, -5.898521906545276750, 234.5410815672917408 ) ) ;
#135 = CARTESIAN_POINT ( 'NONE',  ( 310.8370072384712444, -4.861782237109272486, 371.9406102766413937 ) ) ;
#136 = EDGE_CURVE ( 'NONE', #956, #311, #1104, .T. ) ;
#137 = CARTESIAN_POINT ( 'NONE',  ( 193.3333333323509464, 16.09404880310246000, 262.3418053606099534 ) ) ;
#138 = CARTESIAN_POINT ( 'NONE',  ( 485.3324394757364075, -4.821231025732330977, 407.6536273194406590 ) ) ;
#139 = CARTESIAN_POINT ( 'NONE',  ( 0.000000000000000000, 19.26363725660237236, 277.6261930907284068 ) ) ;
#140 = CARTESIAN_POINT ( 'NONE',  ( 457.9845048080306924, -5.427281285042542258, 363.7801084660530933 ) ) ;
#141 = CARTESIAN_POINT ( 'NONE',  ( 386.6666666647018928, -6.161060105321074509, 294.7877091421007663 ) ) ;
#142 = CARTESIAN_POINT ( 'NONE',  ( 310.8370945548290365, -4.566840338916176023, 424.5014537256828930 ) ) ;
#143 = CARTESIAN_POINT ( 'NONE',  ( 579.9999999970531235, -3.830333945579374788, 249.6992205581955488 ) ) ;
#144 = CARTESIAN_POINT ( 'NONE',  ( 560.2147028367957091, -0.2489730059232783954, 351.0296657244970788 ) ) ;
#145 = DIRECTION ( 'NONE',  ( 0.07632546015824470675, 0.000000000000000000, 0.9970829574973348874 ) ) ;
#146 = CARTESIAN_POINT ( 'NONE',  ( 386.6666666647018928, 9.514594926166108024, 242.4372132912697566 ) ) ;
#147 = ADVANCED_FACE ( 'NONE', ( #1343 ), #852, .F. ) ;
#148 = CARTESIAN_POINT ( 'NONE',  ( 552.0638982837075446, -4.988690446065406014, 356.3970775176971415 ) ) ;
#149 = CARTESIAN_POINT ( 'NONE',  ( 386.6666666647018928, -5.775366431396394162, 258.4073362631827990 ) ) ;
#150 = ORIENTED_EDGE ( 'NONE', *, *, #911, .T. ) ;
#151 = PLANE ( 'NONE',  #179 ) ;
#152 = CARTESIAN_POINT ( 'NONE',  ( 0.000000000000000000, 18.39353072245676657, 301.0012924865722539 ) ) ;
#153 = EDGE_CURVE ( 'NONE', #1064, #414, #225, .T. ) ;
#154 = CARTESIAN_POINT ( 'NONE',  ( 320.5703589307024686, -0.2534755244864377310, 369.4240157462992329 ) ) ;
#155 = CARTESIAN_POINT ( 'NONE',  ( 343.5598983718808768, -0.9333252613752223148, 367.6143215166139839 ) ) ;
#156 = CARTESIAN_POINT ( 'NONE',  ( 480.7851828123787641, -5.321096167679273847, 361.9653423117685520 ) ) ;
#157 = LINE ( 'NONE', #1412, #235 ) ;
#158 = CARTESIAN_POINT ( 'NONE',  ( 0.000000000000000000, 3.638467315049533468, 401.2609511280016932 ) ) ;
#159 = DIRECTION ( 'NONE',  ( 0.9999967117653473236, 0.002564460663179161937, 0.000000000000000000 ) ) ;
#160 = CARTESIAN_POINT ( 'NONE',  ( 354.9640831359851632, -0.9091702631701554793, 366.7413453582059333 ) ) ;
#161 = CARTESIAN_POINT ( 'NONE',  ( 193.3333333323509464, 15.18647217929100890, 312.4160318443855999 ) ) ;
#162 = B_SPLINE_CURVE_WITH_KNOTS ( 'NONE', 3,
 ( #48, #561, #1562, #938 ),
 .UNSPECIFIED., .F., .F.,
 ( 4, 4 ),
 ( 1.097754699641573239E-17, 0.0004023445019835723401 ),
 .UNSPECIFIED. ) ;
#163 = EDGE_CURVE ( 'NONE', #1174, #689, #750, .T. ) ;
#164 = AXIS2_PLACEMENT_3D ( 'NONE', #450, #861, #83 ) ;
#165 = ORIENTED_EDGE ( 'NONE', *, *, #55, .F. ) ;
#166 = CARTESIAN_POINT ( 'NONE',  ( 355.3790052681170550, -5.905522355390171896, 371.9145578502769922 ) ) ;
#167 = DIRECTION ( 'NONE',  ( 0.07632546015824470675, 0.000000000000000000, 0.9970829574973348874 ) ) ;
#168 = CARTESIAN_POINT ( 'NONE',  ( 193.3333333323510885, -6.108416584304056762, 434.0147561491482975 ) ) ;
#169 = DIRECTION ( 'NONE',  ( 0.000000000000000000, -1.000000000000000000, 0.000000000000000000 ) ) ;
#170 = CARTESIAN_POINT ( 'NONE',  ( 560.6563081618858178, 4.271487260678214604, 356.5073304038257902 ) ) ;
#171 = AXIS2_PLACEMENT_3D ( 'NONE', #1391, #285, #756 ) ;
#172 = CARTESIAN_POINT ( 'NONE',  ( 386.6666666647022339, -2.348547368065704966, 407.1102233377395692 ) ) ;
#173 = CARTESIAN_POINT ( 'NONE',  ( 193.3333333323509180, -6.025824523911690989, 441.7841423508043022 ) ) ;
#174 = DIRECTION ( 'NONE',  ( -0.07632546015824470675, 0.000000000000000000, -0.9970829574973348874 ) ) ;
#175 = PRESENTATION_LAYER_ASSIGNMENT (  '', '', ( #1043 ) ) ;
#176 = CARTESIAN_POINT ( 'NONE',  ( 193.3333333323509464, 8.704752596376119200, 357.4126630265610629 ) ) ;
#177 = EDGE_LOOP ( 'NONE', ( #185, #806, #1168, #791 ) ) ;
#178 = EDGE_CURVE ( 'NONE', #316, #1175, #538, .T. ) ;
#179 = AXIS2_PLACEMENT_3D ( 'NONE', #525, #1514, #145 ) ;
#180 = CARTESIAN_POINT ( 'NONE',  ( 0.000000000000000000, 5.680038312985622895, 389.5123884482915173 ) ) ;
#181 = PRODUCT_DEFINITION ( 'UNKNOWN', '', #1578, #1417 ) ;
#182 = CARTESIAN_POINT ( 'NONE',  ( 550.0790475707359519, 0.3385405173001321821, 351.8591607987753491 ) ) ;
#183 = CARTESIAN_POINT ( 'NONE',  ( 193.3333333323510317, 10.54414989762780763, 346.0951269367138252 ) ) ;
#184 = ORIENTED_EDGE ( 'NONE', *, *, #112, .T. ) ;
#185 = ORIENTED_EDGE ( 'NONE', *, *, #53, .F. ) ;
#186 = CARTESIAN_POINT ( 'NONE',  ( 193.3333333323510317, 3.194756911386668286, 389.6578644352153447 ) ) ;
#187 = CARTESIAN_POINT ( 'NONE',  ( 391.5212533987617007, -0.07328326482131657105, 378.3850677489193117 ) ) ;
#188 = CARTESIAN_POINT ( 'NONE',  ( 0.000000000000000000, -3.106131725712700575, 439.6889779992027911 ) ) ;
#189 = EDGE_LOOP ( 'NONE', ( #571, #936, #1544, #1073 ) ) ;
#190 = LINE ( 'NONE', #598, #811 ) ;
#191 = VERTEX_POINT ( 'NONE', #360 ) ;
#192 = CARTESIAN_POINT ( 'NONE',  ( 193.3333333323509748, -6.543366302362839448, 407.5854026889500688 ) ) ;
#193 = DIRECTION ( 'NONE',  ( 0.000000000000000000, 1.000000000000000000, 0.000000000000000000 ) ) ;
#194 = ADVANCED_FACE ( 'NONE', ( #1587 ), #332, .F. ) ;
#195 = CARTESIAN_POINT ( 'NONE',  ( 386.6666666647020634, -5.825792322916422350, 357.6445870762517529 ) ) ;
#196 = ORIENTED_EDGE ( 'NONE', *, *, #133, .F. ) ;
#197 = B_SPLINE_CURVE_WITH_KNOTS ( 'NONE', 3,
 ( #394, #777, #1504, #262 ),
 .UNSPECIFIED., .F., .F.,
 ( 4, 4 ),
 ( 3.144186300207962859E-18, 0.0004020225046009528536 ),
 .UNSPECIFIED. ) ;
#198 = CARTESIAN_POINT ( 'NONE',  ( 559.1999999970530553, -4.507080794450030403, 400.5215869932083592 ) ) ;
#199 = CARTESIAN_POINT ( 'NONE',  ( 550.0790475707359519, 0.3385405173001321821, 351.8591607987753491 ) ) ;
#200 = ORIENTED_EDGE ( 'NONE', *, *, #1526, .T. ) ;
#201 = CARTESIAN_POINT ( 'NONE',  ( 0.000000000000000000, -8.063096244697373294, 265.5213890302030109 ) ) ;
#202 = CARTESIAN_POINT ( 'NONE',  ( 340.5089971869348346, -0.6020362616952313894, 367.8589095719586908 ) ) ;
#203 = CARTESIAN_POINT ( 'NONE',  ( 579.9999999970528961, 4.033212153983865456, 242.5533110923767026 ) ) ;
#204 = CARTESIAN_POINT ( 'NONE',  ( 193.3333333323509180, -6.294774974397376432, 429.2302680798250663 ) ) ;
#205 = ORIENTED_EDGE ( 'NONE', *, *, #437, .T. ) ;
#206 = CARTESIAN_POINT ( 'NONE',  ( 559.1999999970530553, -3.507613428115188725, 400.5215869932083592 ) ) ;
#207 = AXIS2_PLACEMENT_3D ( 'NONE', #1348, #1080, #1438 ) ;
#208 = CARTESIAN_POINT ( 'NONE',  ( 310.8367544064608978, 3.297399278438705394, 372.4112767329640405 ) ) ;
#209 = ORIENTED_EDGE ( 'NONE', *, *, #1213, .T. ) ;
#210 = CARTESIAN_POINT ( 'NONE',  ( 0.000000000000000000, -7.875199188317395738, 346.8394967070635175 ) ) ;
#211 = CARTESIAN_POINT ( 'NONE',  ( 544.6494857666593816, 0.3245352515840953522, 352.2734216217131689 ) ) ;
#212 = CARTESIAN_POINT ( 'NONE',  ( 310.8370945548286386, -6.075844294205321461, 382.5627642855026238 ) ) ;
#213 = FACE_OUTER_BOUND ( 'NONE', #1295, .T. ) ;
#214 = CARTESIAN_POINT ( 'NONE',  ( 579.9999999970532372, -4.761979561952836448, 372.7162503368264197 ) ) ;
#215 = ORIENTED_EDGE ( 'NONE', *, *, #136, .F. ) ;
#216 = CARTESIAN_POINT ( 'NONE',  ( 531.2324601222520641, 0.2871012545089257628, 367.6903486563381307 ) ) ;
#217 = LINE ( 'NONE', #721, #1510 ) ;
#218 = CARTESIAN_POINT ( 'NONE',  ( 386.6666666647018928, -5.634577376048333974, 393.4924128655397340 ) ) ;
#219 = CARTESIAN_POINT ( 'NONE',  ( 559.1989204886398284, -2.337736062189387454, 351.5849836284780281 ) ) ;
#220 = DIRECTION ( 'NONE',  ( -0.9999967117653473236, -0.002564460663179114665, 0.000000000000000000 ) ) ;
#221 = CARTESIAN_POINT ( 'NONE',  ( 458.0318511666058612, 4.186897011192994178, 364.5381233186581653 ) ) ;
#222 = CARTESIAN_POINT ( 'NONE',  ( 355.4142146660718140, 4.084390922586505823, 372.6582709302092553 ) ) ;
#223 = CARTESIAN_POINT ( 'NONE',  ( 193.3333333323509180, -6.011416850334453166, 437.9956807640800776 ) ) ;
#224 = EDGE_LOOP ( 'NONE', ( #818, #576, #1219, #959, #1363 ) ) ;
#225 = LINE ( 'NONE', #1332, #1585 ) ;
#226 = CARTESIAN_POINT ( 'NONE',  ( 390.6881916255062492, -0.6933911607584934966, 364.0068223007090182 ) ) ;
#227 = CARTESIAN_POINT ( 'NONE',  ( 386.6666666647018928, -5.775366431396394162, 258.4073362631827990 ) ) ;
#228 = EDGE_CURVE ( 'NONE', #933, #1518, #92, .T. ) ;
#229 = CARTESIAN_POINT ( 'NONE',  ( 310.8376678063336271, -6.048329519906265439, 374.4944864467308889 ) ) ;
#230 = CARTESIAN_POINT ( 'NONE',  ( 0.000000000000000000, 4.196968758149082213, 202.6130197730023212 ) ) ;
#231 = CARTESIAN_POINT ( 'NONE',  ( 550.0757328165769877, -0.06145948269986785395, 351.8158582772647947 ) ) ;
#232 = CARTESIAN_POINT ( 'NONE',  ( 321.2045607480429226, 4.058425437801826519, 375.3157003841396318 ) ) ;
#233 = EDGE_CURVE ( 'NONE', #370, #1472, #1400, .T. ) ;
#234 = CARTESIAN_POINT ( 'NONE',  ( 579.9999999970527824, -4.546249360507058412, 395.0319048769461006 ) ) ;
#235 = VECTOR ( 'NONE', #672, 1000.000000000000114 ) ;
#236 = ORIENTED_EDGE ( 'NONE', *, *, #228, .T. ) ;
#237 = CARTESIAN_POINT ( 'NONE',  ( 559.1999999970530553, -3.507613428115188725, 400.5215869932083592 ) ) ;
#238 = CARTESIAN_POINT ( 'NONE',  ( 395.7881061359989872, -0.4594440758663027591, 363.6276818006834333 ) ) ;
#239 = B_SPLINE_CURVE_WITH_KNOTS ( 'NONE', 3,
 ( #867, #838, #473, #492, #1368, #376, #1581, #221, #625, #744, #725, #501, #1235, #1449 ),
 .UNSPECIFIED., .F., .F.,
 ( 4, 2, 2, 2, 2, 2, 4 ),
 ( 0.000000000000000000, 0.08764770232480181833, 0.2253799883821988870, 0.5008445604969929965, 0.7763091326117871338, 0.9140414186691842025, 1.000000000000000000 ),
 .UNSPECIFIED. ) ;
#240 = CARTESIAN_POINT ( 'NONE',  ( 193.3333333323509748, -3.397287876363841441E-11, 212.5133111311279777 ) ) ;
#241 = CARTESIAN_POINT ( 'NONE',  ( 559.1999987309757216, -3.601752690778349031, 352.5125797314632337 ) ) ;
#242 = CARTESIAN_POINT ( 'NONE',  ( 391.5212533987617007, -0.2732832648213155413, 378.3850677489193117 ) ) ;
#243 = DIRECTION ( 'NONE',  ( 0.9999967117653473236, 0.002564460663179154998, 0.000000000000000000 ) ) ;
#244 = CARTESIAN_POINT ( 'NONE',  ( 193.3333333323510317, 1.893688306988295489, 213.4642146367242788 ) ) ;
#245 = CARTESIAN_POINT ( 'NONE',  ( 193.3333333323509464, -7.154764304304089606, 292.9608285418079276 ) ) ;
#246 = EDGE_LOOP ( 'NONE', ( #1401, #699, #1179, #719 ) ) ;
#247 = LINE ( 'NONE', #1240, #1561 ) ;
#248 = CARTESIAN_POINT ( 'NONE',  ( 559.2004209748453150, 4.329419677385825338, 355.4630073329904008 ) ) ;
#249 = CARTESIAN_POINT ( 'NONE',  ( 0.000000000000000000, -3.869566342698527173E-11, 199.5133111311278071 ) ) ;
#250 = CARTESIAN_POINT ( 'NONE',  ( 310.8369270564272142, -5.007258377985963627, 372.1159308710205096 ) ) ;
#251 = CARTESIAN_POINT ( 'NONE',  ( 193.3333333323509464, 16.15044311579107017, 301.6248522783866974 ) ) ;
#252 = CARTESIAN_POINT ( 'NONE',  ( 559.1999999970530553, -4.955363640084781807, 355.8499340599764764 ) ) ;
#253 = CARTESIAN_POINT ( 'NONE',  ( 0.000000000000000000, 18.32930396932231787, 256.2623385660224926 ) ) ;
#254 = APPLICATION_CONTEXT ( 'automotive_design' ) ;
#255 = FACE_OUTER_BOUND ( 'NONE', #41, .T. ) ;
#256 = CARTESIAN_POINT ( 'NONE',  ( 386.6666666647018928, -1.454917083900565400, 225.9669964426877300 ) ) ;
#257 = ADVANCED_FACE ( 'NONE', ( #1473 ), #1464, .F. ) ;
#258 = CARTESIAN_POINT ( 'NONE',  ( 480.2230063112860989, 0.1583482576350112025, 357.2007998379409628 ) ) ;
#259 = CARTESIAN_POINT ( 'NONE',  ( 193.3333333323509748, -4.547455531547243801, 222.5893264324144809 ) ) ;
#260 = CARTESIAN_POINT ( 'NONE',  ( 310.8370945548288660, -6.114412275127257601, 375.2236448504715440 ) ) ;
#261 = CARTESIAN_POINT ( 'NONE',  ( 0.000000000000000000, 14.38374267723915345, 229.2296430974215298 ) ) ;
#262 = CARTESIAN_POINT ( 'NONE',  ( 320.5672849051885578, -0.6534755244864364210, 369.3838580001875584 ) ) ;
#263 = CARTESIAN_POINT ( 'NONE',  ( 0.000000000000000000, 13.99887089352030856, 338.7147378488038498 ) ) ;
#264 = CARTESIAN_POINT ( 'NONE',  ( 559.1999999970531690, 3.239440651224516188, 352.7919346894749992 ) ) ;
#265 = CARTESIAN_POINT ( 'NONE',  ( 386.6666666647018928, -5.975492132353124930, 266.5706856483420211 ) ) ;
#266 = CARTESIAN_POINT ( 'NONE',  ( 310.8370945548289797, -4.189603219125031863, 422.4628430058261870 ) ) ;
#267 = CARTESIAN_POINT ( 'NONE',  ( 386.6666666647022339, -5.483459774955862009, 251.0186217847534920 ) ) ;
#268 = CARTESIAN_POINT ( 'NONE',  ( 560.5974122184875341, -4.948837202485906417, 355.7424416836402088 ) ) ;
#269 = CARTESIAN_POINT ( 'NONE',  ( 579.9999999970532372, 9.121458547516446913, 257.3579398412701380 ) ) ;
#270 = CARTESIAN_POINT ( 'NONE',  ( 531.2324601222520641, -0.1128987454910731769, 367.6903486563381307 ) ) ;
#271 = CARTESIAN_POINT ( 'NONE',  ( 386.6666666647022339, 11.94894084339834173, 321.0677719607929816 ) ) ;
#272 = CARTESIAN_POINT ( 'NONE',  ( 337.7974791372338927, -0.2090388744862274328, 368.1085622591880337 ) ) ;
#273 = B_SPLINE_CURVE_WITH_KNOTS ( 'NONE', 3,
 ( #608, #1617, #1345, #873, #226, #862, #995, #497 ),
 .UNSPECIFIED., .F., .F.,
 ( 4, 2, 2, 4 ),
 ( 0.000000000000000000, 0.2500000000000000000, 0.5000000000000000000, 1.000000000000000000 ),
 .UNSPECIFIED. ) ;
#274 = CARTESIAN_POINT ( 'NONE',  ( 0.000000000000000000, -7.638359414888849841, 243.0181500959986352 ) ) ;
#275 = CARTESIAN_POINT ( 'NONE',  ( 411.9982469878596021, -5.669108293900564810, 362.3754510565977967 ) ) ;
#276 = CARTESIAN_POINT ( 'NONE',  ( 531.2324601222520641, -0.1128987454910731769, 367.6903486563381307 ) ) ;
#277 = CARTESIAN_POINT ( 'NONE',  ( 386.6666666647022339, 13.07897365269360890, 261.0380848239540228 ) ) ;
#278 = DIRECTION ( 'NONE',  ( 0.002564460613766875174, -0.9999966924973346938, -0.0001963062701369805614 ) ) ;
#279 = CARTESIAN_POINT ( 'NONE',  ( 514.6225445031305981, -0.4233008177846958042, 354.5196887343767003 ) ) ;
#280 = ORIENTED_EDGE ( 'NONE', *, *, #1101, .T. ) ;
#281 = CARTESIAN_POINT ( 'NONE',  ( 321.1731477524517118, -6.065304753829051876, 374.5734555851419714 ) ) ;
#282 = CARTESIAN_POINT ( 'NONE',  ( 410.3645818365006335, -0.4218440020301101878, 362.5113055778124362 ) ) ;
#283 = CARTESIAN_POINT ( 'NONE',  ( 0.000000000000000000, 19.01102325474809618, 266.6625469626757194 ) ) ;
#284 = B_SPLINE_CURVE_WITH_KNOTS ( 'NONE', 3,
 ( #1038, #1443, #1194, #199 ),
 .UNSPECIFIED., .F., .F.,
 ( 4, 4 ),
 ( 1.725236706967558931E-17, 0.0004023507126429479576 ),
 .UNSPECIFIED. ) ;
#285 = DIRECTION ( 'NONE',  ( 1.000000000000000000, 0.000000000000000000, -0.000000000000000000 ) ) ;
#286 = CARTESIAN_POINT ( 'NONE',  ( 320.7477321670387482, 5.095215728397165300, 369.3605644636016336 ) ) ;
#287 = CARTESIAN_POINT ( 'NONE',  ( 386.6666666647017792, -4.705967703391121582, 419.7200802417859222 ) ) ;
#288 = ORIENTED_EDGE ( 'NONE', *, *, #713, .T. ) ;
#289 = CARTESIAN_POINT ( 'NONE',  ( 571.6176841632346850, -0.1957162327722132555, 350.1567816877455925 ) ) ;
#290 = B_SPLINE_CURVE_WITH_KNOTS ( 'NONE', 3,
 ( #1283, #308, #556, #1310 ),
 .UNSPECIFIED., .F., .F.,
 ( 4, 4 ),
 ( 1.994931997373328159E-17, 0.0004020418118784817156 ),
 .UNSPECIFIED. ) ;
#291 = CARTESIAN_POINT ( 'NONE',  ( 461.3768567605068824, -0.2930910051561943508, 373.0377082026287212 ) ) ;
#292 = CARTESIAN_POINT ( 'NONE',  ( 579.9999999970527824, -1.068975656530539498, 385.7314532393304489 ) ) ;
#293 = LINE ( 'NONE', #1303, #301 ) ;
#294 = CARTESIAN_POINT ( 'NONE',  ( 571.6405794429987282, 5.220325257962414867, 350.1550290825583147 ) ) ;
#295 = ADVANCED_FACE ( 'NONE', ( #65 ), #1556, .F. ) ;
#296 = CARTESIAN_POINT ( 'NONE',  ( 386.6666666647022339, 11.94894084339834173, 321.0677719607929816 ) ) ;
#297 = ORIENTED_EDGE ( 'NONE', *, *, #651, .T. ) ;
#298 = CARTESIAN_POINT ( 'NONE',  ( 310.8353422886762019, 0.7387681728870327813, 370.4008708995466463 ) ) ;
#299 = CARTESIAN_POINT ( 'NONE',  ( 193.3333333323510885, 6.835746929844915165, 368.5446127025542182 ) ) ;
#300 = LINE ( 'NONE', #1182, #1204 ) ;
#301 = VECTOR ( 'NONE', #1414, 1000.000000000000114 ) ;
#302 = CARTESIAN_POINT ( 'NONE',  ( 0.000000000000000000, -4.371643211507932669, 446.5568535484148924 ) ) ;
#303 = ORIENTED_EDGE ( 'NONE', *, *, #123, .T. ) ;
#304 = EDGE_CURVE ( 'NONE', #1064, #191, #577, .T. ) ;
#305 = EDGE_CURVE ( 'NONE', #316, #1060, #1117, .T. ) ;
#306 = ORIENTED_EDGE ( 'NONE', *, *, #1335, .F. ) ;
#307 = CARTESIAN_POINT ( 'NONE',  ( 579.9999999970532372, -3.437469927314833029, 398.5678462214043520 ) ) ;
#308 = CARTESIAN_POINT ( 'NONE',  ( 460.2800550705420619, -0.02586358724829634220, 358.7095630391293071 ) ) ;
#309 = CARTESIAN_POINT ( 'NONE',  ( 0.000000000000000000, -1.685681154134503368, 431.6634505495804319 ) ) ;
#310 = VERTEX_POINT ( 'NONE', #1612 ) ;
#311 = VERTEX_POINT ( 'NONE', #1460 ) ;
#312 = VECTOR ( 'NONE', #1024, 1000.000000000000000 ) ;
#313 = CARTESIAN_POINT ( 'NONE',  ( 0.000000000000000000, -1.685681154134503368, 431.6634505495804319 ) ) ;
#314 = CARTESIAN_POINT ( 'NONE',  ( 341.6072432298724380, -0.2020362616952313395, 382.2059231409783138 ) ) ;
#315 = CARTESIAN_POINT ( 'NONE',  ( 579.9999999970532372, -1.969755189242207161, 390.8208460070080719 ) ) ;
#316 = VERTEX_POINT ( 'NONE', #1109 ) ;
#317 = ORIENTED_EDGE ( 'NONE', *, *, #767, .F. ) ;
#318 = CARTESIAN_POINT ( 'NONE',  ( 579.9999999970528961, -5.167355906338058524, 296.6145897423936049 ) ) ;
#319 = ADVANCED_FACE ( 'NONE', ( #1328 ), #1487, .F. ) ;
#320 = LINE ( 'NONE', #1541, #1497 ) ;
#321 = CARTESIAN_POINT ( 'NONE',  ( 579.9999999970530098, -4.725788449733828500, 379.3994230421292855 ) ) ;
#322 = VERTEX_POINT ( 'NONE', #1592 ) ;
#323 = CARTESIAN_POINT ( 'NONE',  ( 410.3645818365006335, -0.4218440020301101878, 362.5113055778124362 ) ) ;
#324 = DIRECTION ( 'NONE',  ( 0.9970829574973349985, 0.000000000000000000, -0.07632546015824361041 ) ) ;
#325 = EDGE_LOOP ( 'NONE', ( #683, #1565, #1482, #1321 ) ) ;
#326 = CARTESIAN_POINT ( 'NONE',  ( 579.9999999970527824, -4.937668687604563011, 340.7488106811252351 ) ) ;
#327 = PLANE ( 'NONE',  #1134 ) ;
#328 = CARTESIAN_POINT ( 'NONE',  ( 0.000000000000000000, 4.196968758149082213, 202.6130197730023212 ) ) ;
#329 = CARTESIAN_POINT ( 'NONE',  ( 0.000000000000000000, -7.509225448604162523, 411.1396134388328392 ) ) ;
#330 = ORIENTED_EDGE ( 'NONE', *, *, #475, .F. ) ;
#331 =( GEOMETRIC_REPRESENTATION_CONTEXT ( 3 ) GLOBAL_UNCERTAINTY_ASSIGNED_CONTEXT ( ( #935 ) ) GLOBAL_UNIT_ASSIGNED_CONTEXT ( ( #1511, #1115, #903 ) ) REPRESENTATION_CONTEXT ( 'NONE', 'WORKASPACE' ) );
#332 = PLANE ( 'NONE',  #530 ) ;
#333 = FACE_OUTER_BOUND ( 'NONE', #904, .T. ) ;
#334 = ORIENTED_EDGE ( 'NONE', *, *, #364, .T. ) ;
#335 = CARTESIAN_POINT ( 'NONE',  ( 579.9999999970532372, -4.690623640227411073, 385.3875012641357216 ) ) ;
#336 = DIRECTION ( 'NONE',  ( -0.07632546015824470675, 0.000000000000000000, -0.9970829574973349985 ) ) ;
#337 = CARTESIAN_POINT ( 'NONE',  ( 559.1999999970528279, 1.108498710122163944, 374.8474868550508745 ) ) ;
#338 = CARTESIAN_POINT ( 'NONE',  ( 559.1999999970530553, -4.507080794450030403, 400.5215869932083592 ) ) ;
#339 = CARTESIAN_POINT ( 'NONE',  ( 0.000000000000000000, -7.786271839968238240, 360.7297558856265027 ) ) ;
#340 = VERTEX_POINT ( 'NONE', #367 ) ;
#341 = CARTESIAN_POINT ( 'NONE',  ( 559.1999999970529416, -4.896841430660322736, 366.6424594772211094 ) ) ;
#342 = CARTESIAN_POINT ( 'NONE',  ( 310.8367848587747631, 3.658103277715357482, 373.0791770016159603 ) ) ;
#343 = CARTESIAN_POINT ( 'NONE',  ( 579.9999999970530098, -4.843869939650165435, 266.1019293467749094 ) ) ;
#344 = CARTESIAN_POINT ( 'NONE',  ( 321.6656500370165190, -0.4534755244864367429, 383.7324272952099022 ) ) ;
#345 = CARTESIAN_POINT ( 'NONE',  ( 579.9999999970528961, -2.452747206727057261E-11, 238.5133111311282619 ) ) ;
#346 = CARTESIAN_POINT ( 'NONE',  ( 530.1340156836820370, -0.1128987454910726079, 353.3407433321731901 ) ) ;
#347 = LINE ( 'NONE', #981, #1325 ) ;
#348 = CARTESIAN_POINT ( 'NONE',  ( 386.6666666647022339, -5.260036546780130884, 416.2510710529381299 ) ) ;
#349 = EDGE_LOOP ( 'NONE', ( #1422, #215, #860, #940 ) ) ;
#350 = CARTESIAN_POINT ( 'NONE',  ( 559.1999999970531690, -4.787669259141781097, 387.0276016011966362 ) ) ;
#351 = EDGE_CURVE ( 'NONE', #1084, #1436, #612, .T. ) ;
#352 = CARTESIAN_POINT ( 'NONE',  ( 310.8370944021960440, 2.924175035284940272, 371.9333937261995402 ) ) ;
#353 = CARTESIAN_POINT ( 'NONE',  ( 386.6666666647020634, -5.825792322916422350, 357.6445870762517529 ) ) ;
#354 = CARTESIAN_POINT ( 'NONE',  ( 559.1999950020662027, -3.576642311655710227, 352.4871447875053718 ) ) ;
#355 = CARTESIAN_POINT ( 'NONE',  ( 579.9999999970531235, 2.661510109830854454, 240.4789931181246629 ) ) ;
#356 = CARTESIAN_POINT ( 'NONE',  ( 310.8370945548289228, -6.036904880606331680, 390.5475331807060115 ) ) ;
#357 = CARTESIAN_POINT ( 'NONE',  ( 0.000000000000000000, 2.156697113733638815, 200.5962828315869046 ) ) ;
#358 = CARTESIAN_POINT ( 'NONE',  ( 193.3333333323509180, -6.025824523911690989, 441.7841423508043022 ) ) ;
#359 = ORIENTED_EDGE ( 'NONE', *, *, #1359, .F. ) ;
#360 = CARTESIAN_POINT ( 'NONE',  ( 551.1740533151079262, -0.06145948269986785395, 366.1638445021064854 ) ) ;
#361 = B_SPLINE_CURVE_WITH_KNOTS ( 'NONE', 3,
 ( #1081, #1572, #464, #1206, #88, #592, #1089 ),
 .UNSPECIFIED., .F., .F.,
 ( 4, 3, 4 ),
 ( 0.001231987826220812179, 0.009400000000177833812, 0.02123198787227816714 ),
 .UNSPECIFIED. ) ;
#362 = CARTESIAN_POINT ( 'NONE',  ( 310.8370945548291502, 4.052644616121345855, 376.1087982770621920 ) ) ;
#363 = CARTESIAN_POINT ( 'NONE',  ( 193.3333333323509748, -2.609256555373887121, 215.2307251790193448 ) ) ;
#364 = EDGE_CURVE ( 'NONE', #628, #1060, #239, .T. ) ;
#365 = CARTESIAN_POINT ( 'NONE',  ( 559.1989727303681548, -1.485028052103510632, 351.2304932131098099 ) ) ;
#366 = CARTESIAN_POINT ( 'NONE',  ( 538.0021812568249970, 0.3073888306880294130, 352.7808612515209461 ) ) ;
#367 = CARTESIAN_POINT ( 'NONE',  ( 390.4230437872686252, -0.4732832648213154969, 364.0385301046093787 ) ) ;
#368 = CARTESIAN_POINT ( 'NONE',  ( 193.3333333323509748, -3.397287876363841441E-11, 212.5133111311279777 ) ) ;
#369 = CARTESIAN_POINT ( 'NONE',  ( 579.9999999970528961, -1.220256621134524266, 238.8938225097272152 ) ) ;
#370 = VERTEX_POINT ( 'NONE', #252 ) ;
#371 = CARTESIAN_POINT ( 'NONE',  ( 328.6151219390612255, -0.6327163065782563933, 368.7685534174746067 ) ) ;
#372 = CARTESIAN_POINT ( 'NONE',  ( 559.2004843957998901, 4.338393787123561829, 355.6505464089834732 ) ) ;
#373 = CARTESIAN_POINT ( 'NONE',  ( 559.1996641905107026, -3.144740647805850386, 352.1010069909704612 ) ) ;
#374 = CARTESIAN_POINT ( 'NONE',  ( 0.000000000000000000, 19.05559646799564533, 289.0914184166211953 ) ) ;
#375 = ADVANCED_FACE ( 'NONE', ( #971 ), #716, .T. ) ;
#376 = CARTESIAN_POINT ( 'NONE',  ( 389.6216088779714823, 4.115354613377347981, 369.9713404687242928 ) ) ;
#377 = CARTESIAN_POINT ( 'NONE',  ( 386.6666666647018928, 12.07468432340812825, 254.2018341394958725 ) ) ;
#378 = VECTOR ( 'NONE', #729, 1000.000000000000114 ) ;
#379 = CARTESIAN_POINT ( 'NONE',  ( 193.3333333323509748, -4.547455531547243801, 222.5893264324144809 ) ) ;
#380 = CARTESIAN_POINT ( 'NONE',  ( 559.2004462377669824, -4.867129265759918333, 354.8923123806102922 ) ) ;
#381 = AXIS2_PLACEMENT_3D ( 'NONE', #511, #278, #1498 ) ;
#382 = CARTESIAN_POINT ( 'NONE',  ( 0.000000000000000000, -4.219827966912870210, 206.0754173260052085 ) ) ;
#383 = CARTESIAN_POINT ( 'NONE',  ( 310.8370945548289797, -0.9715463315519319298, 370.1192114460068296 ) ) ;
#384 = CARTESIAN_POINT ( 'NONE',  ( 0.000000000000000000, 19.26363725660237236, 277.6261930907284068 ) ) ;
#385 = DIRECTION ( 'NONE',  ( 0.000000000000000000, -1.000000000000000000, 0.000000000000000000 ) ) ;
#386 = CARTESIAN_POINT ( 'NONE',  ( 579.9999999970531235, 7.615257880408826452, 334.9895548652660864 ) ) ;
#387 = CARTESIAN_POINT ( 'NONE',  ( 335.0827273770171928, -0.2160414872616975568, 368.3159710650853071 ) ) ;
#388 = CARTESIAN_POINT ( 'NONE',  ( 386.6666666647020634, -6.133868915404450561, 305.0780289475609379 ) ) ;
#389 = EDGE_CURVE ( 'NONE', #1058, #1054, #848, .T. ) ;
#390 = CARTESIAN_POINT ( 'NONE',  ( 310.8370945548287523, -1.355172628147985892, 407.0472978063203300 ) ) ;
#391 = CARTESIAN_POINT ( 'NONE',  ( 0.000000000000000000, -0.5139382740374544012, 199.4997056216937779 ) ) ;
#392 = CARTESIAN_POINT ( 'NONE',  ( 526.3901372992719416, -5.108510891006086574, 358.3828262209791546 ) ) ;
#393 = CARTESIAN_POINT ( 'NONE',  ( 193.3333333323510317, 16.73177006838016467, 291.1673851077070481 ) ) ;
#394 = CARTESIAN_POINT ( 'NONE',  ( 320.5703589307024686, -0.2534755244864377310, 369.4240157462992329 ) ) ;
#395 = CARTESIAN_POINT ( 'NONE',  ( 386.6666666647018928, 7.495775076190865249, 350.2880176456091590 ) ) ;
#396 = CARTESIAN_POINT ( 'NONE',  ( 559.1999999970531690, -0.06146240725536086802, 351.1073399650730380 ) ) ;
#397 = FACE_BOUND ( 'NONE', #1053, .T. ) ;
#398 = CARTESIAN_POINT ( 'NONE',  ( 559.1999962842020295, -4.584428072190422476, 353.9871947230269029 ) ) ;
#399 = VECTOR ( 'NONE', #906, 1000.000000000000114 ) ;
#400 = ORIENTED_EDGE ( 'NONE', *, *, #1288, .T. ) ;
#401 = CARTESIAN_POINT ( 'NONE',  ( 320.7741572245834050, -6.095251828304014907, 369.3585416607187994 ) ) ;
#402 = FACE_OUTER_BOUND ( 'NONE', #349, .T. ) ;
#403 = CARTESIAN_POINT ( 'NONE',  ( 579.9999999970532372, 10.02172174692658935, 318.6559974715308385 ) ) ;
#404 = DIRECTION ( 'NONE',  ( -0.002564460613766938926, 0.9999966924973346938, 0.0001963062701369855216 ) ) ;
#405 = CARTESIAN_POINT ( 'NONE',  ( 193.3333333323510317, -7.079803176567100564, 270.4717163648858218 ) ) ;
#406 = SHAPE_DEFINITION_REPRESENTATION ( #830, #915 ) ;
#407 = ORIENTED_EDGE ( 'NONE', *, *, #779, .F. ) ;
#408 = CARTESIAN_POINT ( 'NONE',  ( 514.6248234947694300, -5.190057372679675929, 354.5195142797629728 ) ) ;
#409 = CARTESIAN_POINT ( 'NONE',  ( 534.5774795241180755, -4.611726514849351588, 402.8989337975034459 ) ) ;
#410 = CARTESIAN_POINT ( 'NONE',  ( 193.3333333323510317, 10.54414989762780763, 346.0951269367138252 ) ) ;
#411 = CARTESIAN_POINT ( 'NONE',  ( 559.2000038469990386, 4.190435047977683070, 354.6474771176603440 ) ) ;
#412 = CARTESIAN_POINT ( 'NONE',  ( 480.4041927847629836, 5.177124584349629188, 357.1390609959035487 ) ) ;
#413 = CARTESIAN_POINT ( 'NONE',  ( 193.3333333323510885, -2.727339546889202992, 423.3996006684712370 ) ) ;
#414 = VERTEX_POINT ( 'NONE', #128 ) ;
#415 = CARTESIAN_POINT ( 'NONE',  ( 354.9831014667963700, -5.935415732040991266, 366.7398895267187413 ) ) ;
#416 = LINE ( 'NONE', #1130, #941 ) ;
#417 = CARTESIAN_POINT ( 'NONE',  ( 579.9999999970531235, 2.307336104060937920, 366.4516910496425908 ) ) ;
#418 = CARTESIAN_POINT ( 'NONE',  ( 530.1371529853333868, 0.2871012545089257628, 353.3817276905081712 ) ) ;
#419 = CARTESIAN_POINT ( 'NONE',  ( 548.8350772529101960, -0.3664963631240841790, 351.9007619082074712 ) ) ;
#420 = CARTESIAN_POINT ( 'NONE',  ( 193.3333333323510317, 1.503725608321301310, 399.3537027180361179 ) ) ;
#421 = APPLICATION_CONTEXT ( 'automotive_design' ) ;
#422 =( BOUNDED_SURFACE ( )  B_SPLINE_SURFACE ( 2, 3, ( 
 ( #39, #917, #419, #1154, #279, #923, #32, #1408, #1277, #160, #155, #1398, #1271, #536 ),
 ( #294, #796, #782, #661, #668, #412, #1034, #1159, #1523, #1284, #544, #286, #1166, #1041 ),
 ( #1531, #170, #675, #45, #70, #858, #1227, #1461, #1450, #222, #963, #232, #1110, #736 ) ),
 .UNSPECIFIED., .F., .F., .F. ) 
 B_SPLINE_SURFACE_WITH_KNOTS ( ( 3, 3 ),
 ( 4, 2, 2, 2, 2, 2, 4 ),
 ( 0.000000000000000000, 1.000000000000000000 ),
 ( -0.01247735432061820166, 0.02183537006108215647, 0.05614809444278251460, 0.1247735432061832239, 0.1933989919695839332, 0.2277117163512842879, 0.2620244407329846426 ),
 .UNSPECIFIED. ) 
 GEOMETRIC_REPRESENTATION_ITEM ( )  RATIONAL_B_SPLINE_SURFACE ( (
 ( 1.000000000000000000, 1.000000000000000000, 1.000000000000000000, 1.000000000000000000, 1.000000000000000000, 1.000000000000000000, 1.000000000000000000, 1.000000000000000000, 1.000000000000000000, 1.000000000000000000, 1.000000000000000000, 1.000000000000000000, 1.000000000000000000, 1.000000000000000000),
 ( 0.6445465365771536614, 0.6445029567651973101, 0.6444610558799444000, 0.6443784848306186586, 0.6443380955703392754, 0.6442202851212021075, 0.6441462619375453169, 0.6440096346528960680, 0.6439481971745196764, 0.6438708616084640735, 0.6438472623185736987, 0.6438041030432820611, 0.6437846976138366095, 0.6437665339192057967),
 ( 1.000000000000000000, 1.000000000000000000, 1.000000000000000000, 1.000000000000000000, 1.000000000000000000, 1.000000000000000000, 1.000000000000000000, 1.000000000000000000, 1.000000000000000000, 1.000000000000000000, 1.000000000000000000, 1.000000000000000000, 1.000000000000000000, 1.000000000000000000) ) ) 
 REPRESENTATION_ITEM ( '' )  SURFACE ( )  );
#423 = CARTESIAN_POINT ( 'NONE',  ( 0.000000000000000000, 0.000000000000000000, 0.000000000000000000 ) ) ;
#424 = ORIENTED_EDGE ( 'NONE', *, *, #769, .T. ) ;
#425 = CARTESIAN_POINT ( 'NONE',  ( 310.8367254798380372, 3.570078343339110116, 372.9003098155760085 ) ) ;
#426 = CARTESIAN_POINT ( 'NONE',  ( 579.9999999970532372, -4.288441108073364205, 402.5788312642366691 ) ) ;
#427 = AXIS2_PLACEMENT_3D ( 'NONE', #991, #615, #1582 ) ;
#428 = EDGE_CURVE ( 'NONE', #1174, #946, #361, .T. ) ;
#429 = CARTESIAN_POINT ( 'NONE',  ( 310.8370945548289797, -5.564543559531689887, 424.5014537256827793 ) ) ;
#430 = EDGE_CURVE ( 'NONE', #57, #842, #662, .T. ) ;
#431 = CARTESIAN_POINT ( 'NONE',  ( 386.6666666647022339, -4.983285286627484822, 421.1448889319453883 ) ) ;
#432 = ORIENTED_EDGE ( 'NONE', *, *, #1171, .F. ) ;
#433 = CARTESIAN_POINT ( 'NONE',  ( 0.000000000000000000, -0.07286972220746454343, 422.4816273383034968 ) ) ;
#434 = CARTESIAN_POINT ( 'NONE',  ( 318.0833583632457930, -6.079768249013000947, 374.8083567585188689 ) ) ;
#435 = CARTESIAN_POINT ( 'NONE',  ( 579.9999999970528961, 3.601999506163845677, 359.0013333867893266 ) ) ;
#436 = ORIENTED_EDGE ( 'NONE', *, *, #1359, .T. ) ;
#437 = EDGE_CURVE ( 'NONE', #1428, #439, #197, .T. ) ;
#438 = APPLICATION_PROTOCOL_DEFINITION ( 'draft international standard', 'automotive_design', 1998, #421 ) ;
#439 = VERTEX_POINT ( 'NONE', #1261 ) ;
#440 = CARTESIAN_POINT ( 'NONE',  ( 386.6666666647020634, 2.751046507723803547, 378.0547777424289393 ) ) ;
#441 = CARTESIAN_POINT ( 'NONE',  ( 410.3678452308046758, -0.02184400203010948560, 362.5539371562841779 ) ) ;
#442 = CARTESIAN_POINT ( 'NONE',  ( 0.000000000000000000, 1.712573641261867508, 412.3034159109438406 ) ) ;
#443 = ORIENTED_EDGE ( 'NONE', *, *, #14, .T. ) ;
#444 = ORIENTED_EDGE ( 'NONE', *, *, #619, .F. ) ;
#445 = AXIS2_PLACEMENT_3D ( 'NONE', #291, #1139, #1146 ) ;
#446 = CARTESIAN_POINT ( 'NONE',  ( 0.000000000000000000, -6.762496706386333045, 458.2302927968000859 ) ) ;
#447 = LINE ( 'NONE', #61, #1079 ) ;
#448 = CARTESIAN_POINT ( 'NONE',  ( 0.000000000000000000, -6.846324879718627798, 456.3122647871372806 ) ) ;
#449 = VERTEX_POINT ( 'NONE', #920 ) ;
#450 = CARTESIAN_POINT ( 'NONE',  ( 321.6656500370165190, -0.2534755244864377310, 383.7324272952099022 ) ) ;
#451 = CARTESIAN_POINT ( 'NONE',  ( 521.8373476827168815, -0.4091778036745451486, 353.9673809798284765 ) ) ;
#452 = VECTOR ( 'NONE', #1214, 1000.000000000000000 ) ;
#453 = EDGE_LOOP ( 'NONE', ( #1301, #1558, #547, #563 ) ) ;
#454 = CARTESIAN_POINT ( 'NONE',  ( 0.000000000000000000, -7.452155228677345811, 421.6783925123604604 ) ) ;
#455 = CARTESIAN_POINT ( 'NONE',  ( 321.6656500370165190, -0.2534755244864377310, 383.7324272952099022 ) ) ;
#456 = FACE_OUTER_BOUND ( 'NONE', #246, .T. ) ;
#457 = CARTESIAN_POINT ( 'NONE',  ( 579.9999999970527824, -4.352006386214562816, 404.0986377003519578 ) ) ;
#458 = ORIENTED_EDGE ( 'NONE', *, *, #1286, .F. ) ;
#459 = DIRECTION ( 'NONE',  ( -0.07632546015824470675, 0.000000000000000000, -0.9970829574973348874 ) ) ;
#460 = FACE_OUTER_BOUND ( 'NONE', #50, .T. ) ;
#461 = VERTEX_POINT ( 'NONE', #897 ) ;
#462 = CARTESIAN_POINT ( 'NONE',  ( 579.9999999970531235, -4.886162747044378918, 349.3334163557685201 ) ) ;
#463 = CARTESIAN_POINT ( 'NONE',  ( 193.3333333323509464, 5.584419357608983780, 218.1071289435755602 ) ) ;
#464 = CARTESIAN_POINT ( 'NONE',  ( 404.9384393283650070, -0.03584921947534639580, 362.9699887165588166 ) ) ;
#465 = PLANE ( 'NONE',  #1539 ) ;
#466 = CARTESIAN_POINT ( 'NONE',  ( 0.000000000000000000, -7.396703398402827645, 431.1210683550273188 ) ) ;
#467 = ORIENTED_EDGE ( 'NONE', *, *, #34, .F. ) ;
#468 = CARTESIAN_POINT ( 'NONE',  ( 559.1999999970524868, -1.091091991617138435, 387.3786696946028769 ) ) ;
#469 = CARTESIAN_POINT ( 'NONE',  ( 550.0470398201287026, -0.3673600277649800572, 351.8084096798016276 ) ) ;
#470 = B_SPLINE_SURFACE_WITH_KNOTS ( 'NONE', 3, 3, ( 
 ( #493, #972, #368, #828 ),
 ( #954, #1082, #1439, #726 ),
 ( #849, #1207, #244, #357 ),
 ( #604, #1470, #745, #328 ),
 ( #203, #705, #1198, #79 ),
 ( #583, #1573, #1246, #1140 ),
 ( #1613, #510, #763, #1369 ),
 ( #1256, #146, #1496, #653 ),
 ( #879, #907, #659, #626 ),
 ( #1147, #377, #526, #1390 ),
 ( #534, #277, #1120, #898 ),
 ( #1262, #1236, #1151, #253 ),
 ( #502, #1007, #1032, #283 ),
 ( #7, #1384, #644, #139 ),
 ( #755, #16, #1000, #778 ),
 ( #1268, #23, #1515, #152 ),
 ( #119, #519, #1488, #1025 ),
 ( #403, #271, #129, #1017 ),
 ( #1521, #1505, #30, #263 ),
 ( #386, #635, #410, #914 ),
 ( #1396, #395, #1131, #772 ),
 ( #887, #1376, #299, #921 ),
 ( #802, #1296, #1045, #180 ),
 ( #417, #440, #186, #158 ),
 ( #685, #1529, #52, #937 ),
 ( #60, #1424, #666, #433 ),
 ( #292, #1061, #560, #313 ),
 ( #1164, #1545, #1176, #1413 ),
 ( #930, #37, #565, #1419 ),
 ( #307, #550, #1536, #1055 ),
 ( #690, #1275, #814, #1404 ),
 ( #1157, #1291, #542, #1302 ),
 ( #1181, #807, #173, #1049 ),
 ( #426, #786, #1551, #446 ),
 ( #1540, #943, #1039, #1430 ),
 ( #794, #1282, #168, #673 ),
 ( #43, #927, #679, #1170 ),
 ( #47, #555, #731, #968 ),
 ( #335, #1446, #1336, #489 ),
 ( #104, #218, #192, #454 ),
 ( #86, #77, #609, #581 ),
 ( #722, #1189, #1317, #1309 ),
 ( #1437, #589, #836, #68 ),
 ( #462, #353, #1212, #599 ),
 ( #326, #819, #1326, #696 ),
 ( #1077, #845, #1579, #210 ),
 ( #1457, #1569, #1069, #94 ),
 ( #987, #1087, #471, #572 ),
 ( #1346, #480, #1106, #1096 ),
 ( #318, #1223, #977, #1560 ),
 ( #854, #1589, #714, #1598 ),
 ( #950, #826, #960, #201 ),
 ( #703, #1196, #1203, #1466 ),
 ( #343, #227, #649, #759 ),
 ( #622, #267, #741, #875 ),
 ( #515, #996, #134, #125 ),
 ( #143, #631, #11, #1136 ),
 ( #640, #1492, #259, #1127 ),
 ( #1013, #775, #523, #382 ),
 ( #1372, #1, #363, #1476 ),
 ( #1356, #883, #863, #1144 ),
 ( #1501, #1252, #1232, #391 ),
 ( #1242, #894, #240, #249 ) ),
 .UNSPECIFIED., .T., .F., .F.,
 ( 4, 1, 1, 1, 1, 1, 1, 1, 1, 1, 1, 1, 1, 1, 1, 1, 1, 1, 1, 1, 1, 1, 1, 1, 1, 1, 1, 1, 1, 1, 1, 1, 1, 1, 1, 1, 1, 1, 1, 1, 1, 1, 1, 1, 1, 1, 1, 1, 1, 1, 1, 1, 1, 1, 1, 1, 1, 1, 1, 1, 4 ),
 ( 4, 4 ),
 ( 0.000000000000000000, 0.003860322318652631424, 0.009394797800600040993, 0.01667682966515771081, 0.02574601821153910119, 0.03660292795654351838, 0.04920899649386034636, 0.06349082326102040152, 0.07934674930367069390, 0.09664596362268917940, 0.1152362930771427818, 0.1349489434337972638, 0.1556634120433916246, 0.1773331524001592330, 0.1998829210885900709, 0.2232120323077090296, 0.2472101962221454619, 0.2717419340733749911, 0.2965571596970338897, 0.3213261058738797749, 0.3457060309687295385, 0.3693717206835468447, 0.3919905574059651121, 0.4132492025566901761, 0.4328580350888563411, 0.4505322894011315471, 0.4660166644726876362, 0.4791302729403160710, 0.4897712402210446792, 0.4977451439687686774, 0.5027415987227935590, 0.5044506879271154487, 0.5061687141980233395, 0.5111726415984217953, 0.5191493344995530279, 0.5297856188872963612, 0.5429192827985859227, 0.5584900536828429907, 0.5763877949385057819, 0.5963681263741105187, 0.6181950463317675837, 0.6415931759684508906, 0.6662720753110366045, 0.6919362323365962908, 0.7182704540732928189, 0.7449493915174514314, 0.7716573823196638537, 0.7980689496398100102, 0.8238682316128342897, 0.8487443405748122949, 0.8724112732714405238, 0.8945985341559141713, 0.9150565674164555796, 0.9335822461452389920, 0.9499859994824328968, 0.9641230260458010237, 0.9759079492932850597, 0.9852880743758861692, 0.9922841994269310240, 0.9970173798615488137, 1.000000000000000000 ),
 ( 0.000000000000000000, 1.000000000000000000 ),
 .UNSPECIFIED. ) ;
#471 = CARTESIAN_POINT ( 'NONE',  ( 193.3333333323510317, -7.065133105652460443, 317.1447508523514784 ) ) ;
#472 = FACE_OUTER_BOUND ( 'NONE', #983, .T. ) ;
#473 = CARTESIAN_POINT ( 'NONE',  ( 325.3512634717546348, 4.061420145794511605, 374.9944798151697682 ) ) ;
#474 = CARTESIAN_POINT ( 'NONE',  ( 321.6656500370165190, -0.6534755244864366430, 383.7324272952099022 ) ) ;
#475 = EDGE_CURVE ( 'NONE', #1068, #1162, #416, .T. ) ;
#476 = CARTESIAN_POINT ( 'NONE',  ( 386.6666666647018928, -5.634577376048333974, 393.4924128655397340 ) ) ;
#477 = ORIENTED_EDGE ( 'NONE', *, *, #304, .T. ) ;
#478 = CARTESIAN_POINT ( 'NONE',  ( 559.1999999970531690, -4.860501483405659684, 374.0941916342846980 ) ) ;
#479 = CARTESIAN_POINT ( 'NONE',  ( 310.8365933182935237, -0.3050245438211228177, 370.1507667778631117 ) ) ;
#480 = CARTESIAN_POINT ( 'NONE',  ( 386.6666666647020634, -6.133868915404450561, 305.0780289475609379 ) ) ;
#481 = CARTESIAN_POINT ( 'NONE',  ( 559.1998153994298946, -3.969086120003292084, 352.9173950379862958 ) ) ;
#482 = CARTESIAN_POINT ( 'NONE',  ( 579.9999999970531235, 1.367670693497608836, 239.2000782469990270 ) ) ;
#483 = CARTESIAN_POINT ( 'NONE',  ( 310.8370945548285817, -5.763417208293071248, 418.8377603970378118 ) ) ;
#484 = FACE_OUTER_BOUND ( 'NONE', #1575, .T. ) ;
#485 = CARTESIAN_POINT ( 'NONE',  ( 386.6666666647018360, -5.176508820950278533, 419.6790967410228177 ) ) ;
#486 = VERTEX_POINT ( 'NONE', #1267 ) ;
#487 = CARTESIAN_POINT ( 'NONE',  ( 325.7318968368761603, -4.503407842577308529, 423.0633348846503736 ) ) ;
#488 = CARTESIAN_POINT ( 'NONE',  ( 390.4263541468752123, -0.07328326482131657105, 364.0817752175782971 ) ) ;
#489 = CARTESIAN_POINT ( 'NONE',  ( 0.000000000000000000, -7.396703398402827645, 431.1210683550273188 ) ) ;
#490 = CARTESIAN_POINT ( 'NONE',  ( 310.8360796830957611, -3.494556001292521419, 370.7935633834436544 ) ) ;
#491 = CARTESIAN_POINT ( 'NONE',  ( 386.6666666647018928, -2.925017541545449351E-11, 225.5133111311280913 ) ) ;
#492 = CARTESIAN_POINT ( 'NONE',  ( 344.0113728715728030, 4.074896293588875729, 373.5489913493159406 ) ) ;
#493 = CARTESIAN_POINT ( 'NONE',  ( 579.9999999970528961, -2.452747206727057261E-11, 238.5133111311282619 ) ) ;
#494 = CARTESIAN_POINT ( 'NONE',  ( 579.9999999970530098, -1.884472597434357466, 240.4758978681773272 ) ) ;
#495 = ORIENTED_EDGE ( 'NONE', *, *, #1583, .F. ) ;
#496 = CARTESIAN_POINT ( 'NONE',  ( 310.8370945548288091, -3.514502849921438798, 419.0205775896845921 ) ) ;
#497 = CARTESIAN_POINT ( 'NONE',  ( 502.4804018839609512, -0.4536139257254906409, 355.4491547034601808 ) ) ;
#498 = ADVANCED_FACE ( 'NONE', ( #402 ), #1403, .F. ) ;
#499 = CARTESIAN_POINT ( 'NONE',  ( 310.8370945548289228, -6.113663193997986411, 375.3638235433062391 ) ) ;
#500 = CARTESIAN_POINT ( 'NONE',  ( 579.9999999970532372, 10.96949398281568300, 268.3083701022954415 ) ) ;
#501 = CARTESIAN_POINT ( 'NONE',  ( 544.9656013909942658, 4.262547574737790335, 357.7128615489432377 ) ) ;
#502 = CARTESIAN_POINT ( 'NONE',  ( 579.9999999970531235, 12.05585114077850406, 281.0960369820363098 ) ) ;
#503 = CARTESIAN_POINT ( 'NONE',  ( 193.3333333323509464, -6.939266470113822471, 260.1927417165398992 ) ) ;
#504 = CARTESIAN_POINT ( 'NONE',  ( 559.1999999970532826, -4.956089034159468554, 355.7211724291645396 ) ) ;
#505 = AXIS2_PLACEMENT_3D ( 'NONE', #1340, #1090, #593 ) ;
#506 = SURFACE_SIDE_STYLE ('',( #1022 ) ) ;
#507 = CARTESIAN_POINT ( 'NONE',  ( 310.8373945051232567, -5.936422367657052668, 373.9810298671566215 ) ) ;
#508 = CARTESIAN_POINT ( 'NONE',  ( 0.000000000000000000, 19.01102325474809618, 266.6625469626757194 ) ) ;
#509 = CARTESIAN_POINT ( 'NONE',  ( 390.6648814396486955, -5.224352820136746622, 416.7939432677989657 ) ) ;
#510 = CARTESIAN_POINT ( 'NONE',  ( 386.6666666647020634, 8.022921245373382249, 237.6224616886818808 ) ) ;
#511 = CARTESIAN_POINT ( 'NONE',  ( 321.6656500370165190, -0.6534755244864366430, 383.7324272952099022 ) ) ;
#512 = CARTESIAN_POINT ( 'NONE',  ( 386.6666666647018928, -3.915872789727388614, 234.1898982628685246 ) ) ;
#513 = CARTESIAN_POINT ( 'NONE',  ( 559.1999999970531690, -4.611710325008641753, 354.0535478384225030 ) ) ;
#514 = UNCERTAINTY_MEASURE_WITH_UNIT (LENGTH_MEASURE( 1.000000000000000082E-05 ), #27, 'distance_accuracy_value', 'NONE');
#515 = CARTESIAN_POINT ( 'NONE',  ( 579.9999999970528961, -4.260065142064195953, 254.4223368971198056 ) ) ;
#516 = CARTESIAN_POINT ( 'NONE',  ( 480.4161333653252086, -5.349699508960422456, 357.1381469600405012 ) ) ;
#517 = CARTESIAN_POINT ( 'NONE',  ( 193.3333333323508896, 16.91444032200661951, 281.1003418505097784 ) ) ;
#518 = DIRECTION ( 'NONE',  ( -0.002564460613766945431, 0.9999966924973346938, 0.0001963062701369859553 ) ) ;
#519 = CARTESIAN_POINT ( 'NONE',  ( 386.6666666647018928, 13.07726766458433332, 311.5408364025354331 ) ) ;
#520 = CARTESIAN_POINT ( 'NONE',  ( 559.1999123094710740, 3.399571609415401152, 352.9936251680194914 ) ) ;
#521 = FACE_BOUND ( 'NONE', #51, .T. ) ;
#522 = CARTESIAN_POINT ( 'NONE',  ( 559.2005025464926575, -4.896454190667816064, 355.0637043468742036 ) ) ;
#523 = CARTESIAN_POINT ( 'NONE',  ( 193.3333333323510317, -3.705220741270887075, 218.2751697116970888 ) ) ;
#524 = CARTESIAN_POINT ( 'NONE',  ( 572.0003967580316839, -4.895580036977985827, 354.8696241940051550 ) ) ;
#525 = CARTESIAN_POINT ( 'NONE',  ( 341.6072432298724380, -0.4020362616952313783, 382.2059231409783138 ) ) ;
#526 = CARTESIAN_POINT ( 'NONE',  ( 193.3333333323509748, 14.02218431666462450, 245.8289446186508940 ) ) ;
#527 = CARTESIAN_POINT ( 'NONE',  ( 559.1999609704141676, 3.337234982217243129, 352.9126817924166062 ) ) ;
#528 = CARTESIAN_POINT ( 'NONE',  ( 0.000000000000000000, -8.063096244697373294, 265.5213890302030109 ) ) ;
#529 = EDGE_CURVE ( 'NONE', #956, #449, #1281, .T. ) ;
#530 = AXIS2_PLACEMENT_3D ( 'NONE', #216, #1434, #459 ) ;
#531 = VERTEX_POINT ( 'NONE', #276 ) ;
#532 = CARTESIAN_POINT ( 'NONE',  ( 457.6101638580827284, -5.456151332115165786, 358.8839155585984599 ) ) ;
#533 = CARTESIAN_POINT ( 'NONE',  ( 453.7765864474738464, -4.955522075498398848, 410.7003993359780338 ) ) ;
#534 = CARTESIAN_POINT ( 'NONE',  ( 579.9999999970532372, 10.96949398281568300, 268.3083701022954415 ) ) ;
#535 = CARTESIAN_POINT ( 'NONE',  ( 559.1983307427806267, 1.847814621543364844, 351.6463521599170576 ) ) ;
#536 = CARTESIAN_POINT ( 'NONE',  ( 297.9431282529286023, -0.9792838603123465990, 371.1062285280433457 ) ) ;
#537 = B_SPLINE_CURVE_WITH_KNOTS ( 'NONE', 3,
 ( #647, #1483, #1143, #371, #748, #872, #1364 ),
 .UNSPECIFIED., .F., .F.,
 ( 4, 3, 4 ),
 ( 0.001328648713322715330, 0.009400000000332245018, 0.02132864877647162871 ),
 .UNSPECIFIED. ) ;
#538 = B_SPLINE_CURVE_WITH_KNOTS ( 'NONE', 3,
 ( #237, #984, #1220, #947, #1093, #102, #607, #587, #487, #720 ),
 .UNSPECIFIED., .F., .F.,
 ( 4, 3, 3, 4 ),
 ( 0.02089691551138608827, 0.07517480872498329136, 0.2255244261772972325, 0.2704170324787977253 ),
 .UNSPECIFIED. ) ;
#539 = CARTESIAN_POINT ( 'NONE',  ( 0.000000000000000000, -0.07286972220746454343, 422.4816273383034968 ) ) ;
#540 = CARTESIAN_POINT ( 'NONE',  ( 309.3467904967775439, -0.9187926164035493670, 370.2332923679111900 ) ) ;
#541 = CARTESIAN_POINT ( 'NONE',  ( 530.1340156836820370, -0.1128987454910726079, 353.3407433321731901 ) ) ;
#542 = CARTESIAN_POINT ( 'NONE',  ( 193.3333333323511170, -5.787028705682168983, 439.6978874405062356 ) ) ;
#543 = CARTESIAN_POINT ( 'NONE',  ( 559.1998703009079463, 3.441824840891570148, 353.0509081204844506 ) ) ;
#544 = CARTESIAN_POINT ( 'NONE',  ( 343.5561380746672739, 5.107381657320415158, 367.6146093633897749 ) ) ;
#545 = CARTESIAN_POINT ( 'NONE',  ( 193.3333333323509464, 4.987358710711697896, 379.3420367611240636 ) ) ;
#546 = PRODUCT_CONTEXT ( 'NONE', #254, 'mechanical' ) ;
#547 = ORIENTED_EDGE ( 'NONE', *, *, #1078, .T. ) ;
#548 = ADVANCED_FACE ( 'NONE', ( #1006 ), #1375, .F. ) ;
#549 = CARTESIAN_POINT ( 'NONE',  ( 310.8370621740854745, 2.818972331557054734, 371.8117621866319951 ) ) ;
#550 = CARTESIAN_POINT ( 'NONE',  ( 386.6666666647022339, -4.098509801975090738, 416.3470041637490908 ) ) ;
#551 = CARTESIAN_POINT ( 'NONE',  ( 472.2908107975423491, -0.2621050049842919005, 357.7682396569078946 ) ) ;
#552 = CARTESIAN_POINT ( 'NONE',  ( 386.6666666647022339, -4.098509801975090738, 416.3470041637490908 ) ) ;
#553 = DIRECTION ( 'NONE',  ( 1.000000000000000000, 0.000000000000000000, 0.000000000000000000 ) ) ;
#554 = EDGE_LOOP ( 'NONE', ( #458, #444, #200, #1308 ) ) ;
#555 = CARTESIAN_POINT ( 'NONE',  ( 386.6666666647018928, -5.530142459485384521, 406.8380078360256675 ) ) ;
#556 = CARTESIAN_POINT ( 'NONE',  ( 460.2790255037659222, -0.1591969206592502850, 358.6961132219404362 ) ) ;
#557 = CARTESIAN_POINT ( 'NONE',  ( 579.9999999970532372, 10.02172174692658935, 318.6559974715308385 ) ) ;
#558 = ORIENTED_EDGE ( 'NONE', *, *, #304, .F. ) ;
#559 = EDGE_LOOP ( 'NONE', ( #1595, #150, #334, #1290, #407 ) ) ;
#560 = CARTESIAN_POINT ( 'NONE',  ( 193.3333333323509180, -1.480112654933182004, 416.3527847794970853 ) ) ;
#561 = CARTESIAN_POINT ( 'NONE',  ( 390.4248411631508588, -0.2060348130535180344, 364.0620102494610819 ) ) ;
#562 = CARTESIAN_POINT ( 'NONE',  ( 193.3333333323510885, -4.759549676635348447, 434.1261621060937728 ) ) ;
#563 = ORIENTED_EDGE ( 'NONE', *, *, #1333, .F. ) ;
#564 = ORIENTED_EDGE ( 'NONE', *, *, #233, .F. ) ;
#565 = CARTESIAN_POINT ( 'NONE',  ( 193.3333333323509748, -3.838522145386324969, 429.4299400882140958 ) ) ;
#566 = LINE ( 'NONE', #944, #585 ) ;
#567 = CARTESIAN_POINT ( 'NONE',  ( 193.3333333323510885, -5.937811506948676765, 439.6798056192790227 ) ) ;
#568 = VERTEX_POINT ( 'NONE', #652 ) ;
#569 = CARTESIAN_POINT ( 'NONE',  ( 559.1999999970529416, -4.734158579685791679, 392.3403243023150253 ) ) ;
#570 = CARTESIAN_POINT ( 'NONE',  ( 310.8370235990429933, 2.768875223090214277, 371.7570202776996098 ) ) ;
#571 = ORIENTED_EDGE ( 'NONE', *, *, #951, .F. ) ;
#572 = CARTESIAN_POINT ( 'NONE',  ( 0.000000000000000000, -8.046388690722883652, 318.6767041878472924 ) ) ;
#573 = CARTESIAN_POINT ( 'NONE',  ( 579.9999999970530098, -89.00000000000000000, 398.5133111311291714 ) ) ;
#574 = CARTESIAN_POINT ( 'NONE',  ( 321.6656500370165190, -0.6534755244864366430, 383.7324272952099022 ) ) ;
#575 = CARTESIAN_POINT ( 'NONE',  ( 0.000000000000000000, -7.452155228677345811, 421.6783925123604604 ) ) ;
#576 = ORIENTED_EDGE ( 'NONE', *, *, #934, .T. ) ;
#577 = LINE ( 'NONE', #1566, #1553 ) ;
#578 = CARTESIAN_POINT ( 'NONE',  ( 310.8355986658052075, 1.761979821844334326, 370.8984781637302035 ) ) ;
#579 = ORIENTED_EDGE ( 'NONE', *, *, #305, .F. ) ;
#580 = B_SPLINE_CURVE_WITH_KNOTS ( 'NONE', 3,
 ( #764, #272, #387, #788, #1385, #1276, #154 ),
 .UNSPECIFIED., .F., .F.,
 ( 4, 3, 4 ),
 ( 0.001231983041539046588, 0.009400000002247199324, 0.02123198337894251220 ),
 .UNSPECIFIED. ) ;
#581 = CARTESIAN_POINT ( 'NONE',  ( 0.000000000000000000, -7.509225448604162523, 411.1396134388328392 ) ) ;
#582 = CARTESIAN_POINT ( 'NONE',  ( 480.2215657360355863, 0.02557203568200386648, 357.1819807829600109 ) ) ;
#583 = CARTESIAN_POINT ( 'NONE',  ( 579.9999999970532372, 5.400585436222888447, 245.2695254820144157 ) ) ;
#584 = CARTESIAN_POINT ( 'NONE',  ( 386.6666666647022339, -5.592650226285882376, 400.6320236277662730 ) ) ;
#585 = VECTOR ( 'NONE', #193, 1000.000000000000000 ) ;
#586 = ORIENTED_EDGE ( 'NONE', *, *, #1183, .T. ) ;
#587 = CARTESIAN_POINT ( 'NONE',  ( 340.6266990789731608, -4.439965876782295595, 421.6252160474749076 ) ) ;
#588 = DIRECTION ( 'NONE',  ( 0.9970829574973348874, 0.000000000000000000, -0.07632546015824470675 ) ) ;
#589 = CARTESIAN_POINT ( 'NONE',  ( 386.6666666647020634, -5.769646836630459852, 367.4881854869412336 ) ) ;
#590 = ADVANCED_FACE ( 'NONE', ( #29 ), #151, .F. ) ;
#591 = PLANE ( 'NONE',  #207 ) ;
#592 = CARTESIAN_POINT ( 'NONE',  ( 394.3588179392257871, -0.06313945260844201768, 363.7805614478941152 ) ) ;
#593 = DIRECTION ( 'NONE',  ( -0.07632546015824470675, 0.000000000000000000, -0.9970829574973348874 ) ) ;
#594 = EDGE_CURVE ( 'NONE', #1084, #1472, #1525, .T. ) ;
#595 = CARTESIAN_POINT ( 'NONE',  ( 579.9999999970526687, -5.051091561309488220, 323.0149168784112135 ) ) ;
#596 = ORIENTED_EDGE ( 'NONE', *, *, #813, .T. ) ;
#597 = CARTESIAN_POINT ( 'NONE',  ( 559.1999999970530553, -4.949822316101275987, 356.8335160153052357 ) ) ;
#598 = CARTESIAN_POINT ( 'NONE',  ( 341.6072432298724380, -0.6020362616952313894, 382.2059231409783138 ) ) ;
#599 = CARTESIAN_POINT ( 'NONE',  ( 0.000000000000000000, -7.705051474660509214, 374.2669285172183891 ) ) ;
#600 = CARTESIAN_POINT ( 'NONE',  ( 559.1998467003028281, -3.331263691286495909, 352.2573878234763356 ) ) ;
#601 = VECTOR ( 'NONE', #6, 1000.000000000000000 ) ;
#602 = CARTESIAN_POINT ( 'NONE',  ( 340.5096709185557415, -0.4681445264669036876, 367.8677109118485760 ) ) ;
#603 = CARTESIAN_POINT ( 'NONE',  ( 532.8166448561494235, -0.1059789422419146060, 353.1355358890962179 ) ) ;
#604 = CARTESIAN_POINT ( 'NONE',  ( 579.9999999970531235, 2.661510109830854454, 240.4789931181246629 ) ) ;
#605 = CARTESIAN_POINT ( 'NONE',  ( 0.000000000000000000, -7.565368802876977661, 399.6270695293106314 ) ) ;
#606 = ORIENTED_EDGE ( 'NONE', *, *, #389, .F. ) ;
#607 = CARTESIAN_POINT ( 'NONE',  ( 355.5215012685004581, -4.376511456831631008, 420.1870972153752746 ) ) ;
#608 = CARTESIAN_POINT ( 'NONE',  ( 310.8370945548289797, -0.9715463315519319298, 370.1192114460068296 ) ) ;
#609 = CARTESIAN_POINT ( 'NONE',  ( 193.3333333323510885, -6.593476819720387461, 398.3318257381640706 ) ) ;
#610 = B_SPLINE_CURVE_WITH_KNOTS ( 'NONE', 3,
 ( #258, #1002, #1250, #1491, #1500, #620, #902 ),
 .UNSPECIFIED., .F., .F.,
 ( 4, 3, 4 ),
 ( 0.001232427409292498029, 0.009400000000494639421, 0.02123242744864713843 ),
 .UNSPECIFIED. ) ;
#611 = CARTESIAN_POINT ( 'NONE',  ( 310.8368678235144671, -5.394146848492486157, 372.6667922800243673 ) ) ;
#612 = B_SPLINE_CURVE_WITH_KNOTS ( 'NONE', 3,
 ( #1479, #1360, #962, #483, #1601, #614, #735, #356, #212, #1339, #1226 ),
 .UNSPECIFIED., .F., .F.,
 ( 4, 1, 1, 1, 1, 1, 1, 1, 4 ),
 ( 0.0003994136595647194564, 0.001181720316982653052, 0.005713761016709983584, 0.01130991632928272234, 0.01794450457467603594, 0.02557059737615501732, 0.03408406617401348732, 0.04338435243862136942, 0.04954010754658880189 ),
 .UNSPECIFIED. ) ;
#613 = CARTESIAN_POINT ( 'NONE',  ( 480.2199652581858800, -0.2416517423649890139, 357.1610728292513954 ) ) ;
#614 = CARTESIAN_POINT ( 'NONE',  ( 310.8370945548289228, -5.946444830007734161, 406.6112595304870752 ) ) ;
#615 = DIRECTION ( 'NONE',  ( -0.002564460613766937624, 0.9999966924973345828, 0.0001963062701369854132 ) ) ;
#616 = CARTESIAN_POINT ( 'NONE',  ( 579.9999999970531235, -3.830333945579374788, 249.6992205581955488 ) ) ;
#617 = ORIENTED_EDGE ( 'NONE', *, *, #710, .F. ) ;
#618 = B_SPLINE_CURVE_WITH_KNOTS ( 'NONE', 3,
 ( #1205, #582, #1580, #613 ),
 .UNSPECIFIED., .F., .F.,
 ( 4, 4 ),
 ( 5.149960319306146062E-19, 0.0004019794562205614456 ),
 .UNSPECIFIED. ) ;
#619 = EDGE_CURVE ( 'NONE', #1076, #946, #1389, .T. ) ;
#620 = CARTESIAN_POINT ( 'NONE',  ( 464.2141083336244947, 0.1170531838952394016, 358.4271937911806845 ) ) ;
#621 = CARTESIAN_POINT ( 'NONE',  ( 310.8376487172652105, 4.128245716373307950, 374.8715679731864725 ) ) ;
#622 = CARTESIAN_POINT ( 'NONE',  ( 579.9999999970532372, -4.599044283111842546, 259.9049248138404096 ) ) ;
#623 = CARTESIAN_POINT ( 'NONE',  ( 310.8358655911521851, -3.181299297516195779, 370.6293305475182365 ) ) ;
#624 = CARTESIAN_POINT ( 'NONE',  ( 386.6666666647022339, 6.439140651349280375, 233.5687738193448126 ) ) ;
#625 = CARTESIAN_POINT ( 'NONE',  ( 480.8352530159775142, 4.210538430160223555, 362.7269064347401581 ) ) ;
#626 = CARTESIAN_POINT ( 'NONE',  ( 0.000000000000000000, 14.38374267723915345, 229.2296430974215298 ) ) ;
#627 = CARTESIAN_POINT ( 'NONE',  ( 579.9999999970530098, -4.843869939650165435, 266.1019293467749094 ) ) ;
#628 = VERTEX_POINT ( 'NONE', #1383 ) ;
#629 = DIRECTION ( 'NONE',  ( -0.07632546015824635821, 0.000000000000000000, -0.9970829574973347764 ) ) ;
#630 = CARTESIAN_POINT ( 'NONE',  ( 310.8370945548289228, 3.949268779683403618, 373.8918529292378139 ) ) ;
#631 = CARTESIAN_POINT ( 'NONE',  ( 386.6666666647020634, -4.566923217582304240, 238.8503178250753649 ) ) ;
#632 = CARTESIAN_POINT ( 'NONE',  ( 310.8371959283300612, -5.848027776994690008, 373.6888795678412976 ) ) ;
#633 = CARTESIAN_POINT ( 'NONE',  ( 0.000000000000000000, 18.39353072245676657, 301.0012924865722539 ) ) ;
#634 = CARTESIAN_POINT ( 'NONE',  ( 391.5212533987617007, -0.07328326482131657105, 378.3850677489193117 ) ) ;
#635 = CARTESIAN_POINT ( 'NONE',  ( 386.6666666647020634, 9.079703889018317042, 340.5423409009899274 ) ) ;
#636 = CARTESIAN_POINT ( 'NONE',  ( 526.3901372992719416, -5.108510891006086574, 358.3828262209791546 ) ) ;
#637 = CARTESIAN_POINT ( 'NONE',  ( 386.6666666647018928, -0.3885889226291279752, 225.5030240003190727 ) ) ;
#638 = CARTESIAN_POINT ( 'NONE',  ( 559.2004052576679669, -4.954727023407175857, 355.5113626689077364 ) ) ;
#639 = VECTOR ( 'NONE', #868, 1000.000000000000114 ) ;
#640 = CARTESIAN_POINT ( 'NONE',  ( 579.9999999970530098, -3.284290047907533872, 245.7904700933225968 ) ) ;
#641 = CARTESIAN_POINT ( 'NONE',  ( 310.8370945548289228, -4.628752398382610878, 371.6863616700524062 ) ) ;
#642 = CARTESIAN_POINT ( 'NONE',  ( 386.6666666647022339, 10.87555325742401635, 247.9818409266538879 ) ) ;
#643 = PLANE ( 'NONE',  #1095 ) ;
#644 = CARTESIAN_POINT ( 'NONE',  ( 193.3333333323508896, 16.91444032200661951, 281.1003418505097784 ) ) ;
#645 = CARTESIAN_POINT ( 'NONE',  ( 412.3831387480369699, -5.639706799269384341, 367.4095080921288741 ) ) ;
#646 = CARTESIAN_POINT ( 'NONE',  ( 193.3333333323509748, -0.4512635983332914380, 212.5013648110064537 ) ) ;
#647 = CARTESIAN_POINT ( 'NONE',  ( 320.5672849051885578, -0.6534755244864364210, 369.3838580001875584 ) ) ;
#648 = B_SPLINE_CURVE_WITH_KNOTS ( 'NONE', 3,
 ( #1094, #694, #451, #844, #469, #948 ),
 .UNSPECIFIED., .F., .F.,
 ( 4, 2, 4 ),
 ( 0.000000000000000000, 0.5000000000000000000, 1.000000000000000000 ),
 .UNSPECIFIED. ) ;
#649 = CARTESIAN_POINT ( 'NONE',  ( 193.3333333323509748, -6.706862923142622002, 250.7127431795906887 ) ) ;
#650 = CARTESIAN_POINT ( 'NONE',  ( 412.3831387480369699, -5.639706799269384341, 367.4095080921288741 ) ) ;
#651 = EDGE_CURVE ( 'NONE', #531, #191, #1520, .T. ) ;
#652 = CARTESIAN_POINT ( 'NONE',  ( 391.5212533987617007, -0.4732832648213154969, 378.3850677489193117 ) ) ;
#653 = CARTESIAN_POINT ( 'NONE',  ( 0.000000000000000000, 12.58377223271067891, 221.8964532117458361 ) ) ;
#654 = CARTESIAN_POINT ( 'NONE',  ( 514.9885987893653692, -5.161675211259338703, 359.2745370263084510 ) ) ;
#655 = EDGE_CURVE ( 'NONE', #1064, #1238, #913, .T. ) ;
#656 = CARTESIAN_POINT ( 'NONE',  ( 0.000000000000000000, -6.717750288785817148, 224.6004539023777511 ) ) ;
#657 = CARTESIAN_POINT ( 'NONE',  ( 297.9438101545258064, -0.9721402313542827356, 371.1061763293242848 ) ) ;
#658 = CARTESIAN_POINT ( 'NONE',  ( 310.8370945548289797, -5.564543559531689887, 424.5014537256827793 ) ) ;
#659 = CARTESIAN_POINT ( 'NONE',  ( 193.3333333323510885, 12.62964796733158579, 238.6057420120377230 ) ) ;
#660 = CARTESIAN_POINT ( 'NONE',  ( 559.1999816532061232, 3.306326257097969457, 352.8734545796835391 ) ) ;
#661 = CARTESIAN_POINT ( 'NONE',  ( 526.0230539848945455, 5.199037838108915288, 353.6469939125943256 ) ) ;
#662 = B_SPLINE_CURVE_WITH_KNOTS ( 'NONE', 3,
 ( #346, #603, #1099, #980, #1469, #857, #231 ),
 .UNSPECIFIED., .F., .F.,
 ( 4, 3, 4 ),
 ( 0.001328574147721934846, 0.009400000000565162869, 0.02132857421766330697 ),
 .UNSPECIFIED. ) ;
#663 = AXIS2_PLACEMENT_3D ( 'NONE', #1334, #1067, #324 ) ;
#664 = CARTESIAN_POINT ( 'NONE',  ( 514.9885987893653692, -5.161675211259338703, 359.2745370263084510 ) ) ;
#665 = CARTESIAN_POINT ( 'NONE',  ( 530.1371529853333868, 0.2871012545089257628, 353.3817276905081712 ) ) ;
#666 = CARTESIAN_POINT ( 'NONE',  ( 193.3333333323510885, -0.06398327331131900553, 408.2906831791809736 ) ) ;
#667 = CARTESIAN_POINT ( 'NONE',  ( 460.2815076889345391, 0.1069089948438046028, 358.7285394205351281 ) ) ;
#668 = CARTESIAN_POINT ( 'NONE',  ( 514.6188872614909542, 5.193604624499879030, 354.5199686913999813 ) ) ;
#669 = VECTOR ( 'NONE', #1599, 1000.000000000000000 ) ;
#670 = CARTESIAN_POINT ( 'NONE',  ( 193.3333333323510885, 6.835746929844915165, 368.5446127025542182 ) ) ;
#671 = ADVANCED_FACE ( 'NONE', ( #1255 ), #643, .F. ) ;
#672 = DIRECTION ( 'NONE',  ( -0.07632546015824470675, 0.000000000000000000, -0.9970829574973348874 ) ) ;
#673 = CARTESIAN_POINT ( 'NONE',  ( 0.000000000000000000, -6.956796621827982641, 451.7784412453585219 ) ) ;
#674 = CARTESIAN_POINT ( 'NONE',  ( 411.4628465916175628, -0.02184400203011015867, 376.8585635946876664 ) ) ;
#675 = CARTESIAN_POINT ( 'NONE',  ( 549.2521401144369975, 4.265495160616173287, 357.3806576870935601 ) ) ;
#676 = CARTESIAN_POINT ( 'NONE',  ( 579.9999999970530098, -2.772280013143109123, 395.1761131678124457 ) ) ;
#677 = APPLICATION_PROTOCOL_DEFINITION ( 'draft international standard', 'automotive_design', 1998, #254 ) ;
#678 = VERTEX_POINT ( 'NONE', #771 ) ;
#679 = CARTESIAN_POINT ( 'NONE',  ( 193.3333333323509180, -6.294774974397376432, 429.2302680798250663 ) ) ;
#680 = COLOUR_RGB ( '',0.7921568627450980005, 0.8196078431372548767, 0.9333333333333333481 ) ;
#681 = LINE ( 'NONE', #1165, #5 ) ;
#682 = CARTESIAN_POINT ( 'NONE',  ( 386.6666666647020634, 2.751046507723803547, 378.0547777424289393 ) ) ;
#683 = ORIENTED_EDGE ( 'NONE', *, *, #74, .F. ) ;
#684 = ORIENTED_EDGE ( 'NONE', *, *, #655, .T. ) ;
#685 = CARTESIAN_POINT ( 'NONE',  ( 579.9999999970531235, 1.086029542440168250, 373.4542763322207293 ) ) ;
#686 = LINE ( 'NONE', #1062, #1012 ) ;
#687 = CARTESIAN_POINT ( 'NONE',  ( 579.9999999970528961, 6.286797556005607746, 343.1633722646573688 ) ) ;
#688 = ORIENTED_EDGE ( 'NONE', *, *, #710, .T. ) ;
#689 = VERTEX_POINT ( 'NONE', #282 ) ;
#690 = CARTESIAN_POINT ( 'NONE',  ( 579.9999999970526687, -3.946952243843884212, 401.3968860776002430 ) ) ;
#691 = CARTESIAN_POINT ( 'NONE',  ( 476.2553871472380820, -0.2518783736752459590, 357.4646447420440154 ) ) ;
#692 = CARTESIAN_POINT ( 'NONE',  ( 193.3333333323509180, -1.480112654933182004, 416.3527847794970853 ) ) ;
#693 = EDGE_LOOP ( 'NONE', ( #359, #974, #330, #1192 ) ) ;
#694 = CARTESIAN_POINT ( 'NONE',  ( 512.2339417231709149, -0.4283284998981537472, 354.7025334110767290 ) ) ;
#695 = ORIENTED_EDGE ( 'NONE', *, *, #1570, .T. ) ;
#696 = CARTESIAN_POINT ( 'NONE',  ( 0.000000000000000000, -7.786271839968238240, 360.7297558856265027 ) ) ;
#697 = CARTESIAN_POINT ( 'NONE',  ( 551.1740533151079262, 0.3385405173001321821, 366.1638445021064854 ) ) ;
#698 = CARTESIAN_POINT ( 'NONE',  ( 386.6666666647022339, -5.677728190836611510, 385.5240380374953020 ) ) ;
#699 = ORIENTED_EDGE ( 'NONE', *, *, #163, .T. ) ;
#700 = CARTESIAN_POINT ( 'NONE',  ( 391.5212533987617007, -0.4732832648213154969, 378.3850677489193117 ) ) ;
#701 = DIRECTION ( 'NONE',  ( 0.9970796596427955460, 0.002571963139560260077, -0.07632520771158048112 ) ) ;
#702 = EDGE_LOOP ( 'NONE', ( #67, #1048, #812, #949 ) ) ;
#703 = CARTESIAN_POINT ( 'NONE',  ( 579.9999999970528961, -5.011717794592429165, 272.9486295801441429 ) ) ;
#704 = CARTESIAN_POINT ( 'NONE',  ( 340.5107475232077263, -0.3348111931011991671, 367.8817752116011661 ) ) ;
#705 = CARTESIAN_POINT ( 'NONE',  ( 386.6666666647018928, 4.808815755796423730, 230.3302200179761314 ) ) ;
#706 = VECTOR ( 'NONE', #1425, 1000.000000000000114 ) ;
#707 = CARTESIAN_POINT ( 'NONE',  ( 579.9999999970532372, -4.690623640227411073, 385.3875012641357216 ) ) ;
#708 = ORIENTED_EDGE ( 'NONE', *, *, #1161, .F. ) ;
#709 = CARTESIAN_POINT ( 'NONE',  ( 559.1999999970529416, -3.297360454389504536, 399.4033482366115777 ) ) ;
#710 = EDGE_CURVE ( 'NONE', #993, #57, #1306, .T. ) ;
#711 = DIRECTION ( 'NONE',  ( -0.07632546015824470675, 0.000000000000000000, -0.9970829574973348874 ) ) ;
#712 = ORIENTED_EDGE ( 'NONE', *, *, #351, .F. ) ;
#713 = EDGE_CURVE ( 'NONE', #842, #1238, #284, .T. ) ;
#714 = CARTESIAN_POINT ( 'NONE',  ( 193.3333333323510317, -7.146172102861043207, 281.4362150807652938 ) ) ;
#715 = CARTESIAN_POINT ( 'NONE',  ( 550.0790475707359519, 0.3385405173001321821, 351.8591607987753491 ) ) ;
#716 = PLANE ( 'NONE',  #733 ) ;
#717 = DIRECTION ( 'NONE',  ( -0.9970796596427955460, -0.002571963139560324262, 0.07632520771158070316 ) ) ;
#718 = CARTESIAN_POINT ( 'NONE',  ( 193.3333333323510885, -6.914820130816956123, 341.8730961291019526 ) ) ;
#719 = ORIENTED_EDGE ( 'NONE', *, *, #1161, .T. ) ;
#720 = CARTESIAN_POINT ( 'NONE',  ( 310.8370945548290365, -4.566840338916176023, 424.5014537256828930 ) ) ;
#721 = CARTESIAN_POINT ( 'NONE',  ( 321.6656500370165190, -0.6534755244864366430, 383.7324272952099022 ) ) ;
#722 = CARTESIAN_POINT ( 'NONE',  ( 579.9999999970528961, -4.797582901793369992, 365.4155641104702568 ) ) ;
#723 = CARTESIAN_POINT ( 'NONE',  ( 310.8373082291216178, -5.904937508626628251, 373.8675031935612765 ) ) ;
#724 = CARTESIAN_POINT ( 'NONE',  ( 0.000000000000000000, -3.869566342698527173E-11, 199.5133111311278071 ) ) ;
#725 = CARTESIAN_POINT ( 'NONE',  ( 526.4453975499934586, 4.249812383286478479, 359.1481648636145110 ) ) ;
#726 = CARTESIAN_POINT ( 'NONE',  ( 0.000000000000000000, 0.6651760188416218078, 199.5309203637108340 ) ) ;
#727 = CARTESIAN_POINT ( 'NONE',  ( 386.6666666647020634, -6.083877520582038123, 315.6127975168557214 ) ) ;
#728 = EDGE_LOOP ( 'NONE', ( #1433, #1543, #477, #783 ) ) ;
#729 = DIRECTION ( 'NONE',  ( -0.07632546015824470675, 0.000000000000000000, -0.9970829574973348874 ) ) ;
#730 = CARTESIAN_POINT ( 'NONE',  ( 310.8370938983995870, 3.943896817719010350, 373.8721967208074943 ) ) ;
#731 = CARTESIAN_POINT ( 'NONE',  ( 193.3333333323509464, -6.422087301610666543, 423.0834801110592025 ) ) ;
#732 = CARTESIAN_POINT ( 'NONE',  ( 310.8371080419081522, -5.776399443071178474, 373.4874632084369637 ) ) ;
#733 = AXIS2_PLACEMENT_3D ( 'NONE', #878, #999, #754 ) ;
#734 = CARTESIAN_POINT ( 'NONE',  ( 386.6666666647018928, 4.808815755796423730, 230.3302200179761314 ) ) ;
#735 = CARTESIAN_POINT ( 'NONE',  ( 310.8370945548287523, -5.991024317880938810, 399.0199924589712168 ) ) ;
#736 = CARTESIAN_POINT ( 'NONE',  ( 298.3961682776245539, 4.045483089959254208, 377.0617820705163012 ) ) ;
#737 = CARTESIAN_POINT ( 'NONE',  ( 193.3333333323509464, -5.898521906545276750, 234.5410815672917408 ) ) ;
#738 = EDGE_LOOP ( 'NONE', ( #1331, #1200, #443, #400 ) ) ;
#739 = CARTESIAN_POINT ( 'NONE',  ( 559.1999999970530553, 30.00000000000000000, 400.4443456138977240 ) ) ;
#740 = CARTESIAN_POINT ( 'NONE',  ( 402.4352860422811204, -0.4422976549351032016, 363.1186142247286739 ) ) ;
#741 = CARTESIAN_POINT ( 'NONE',  ( 193.3333333323510885, -6.367875266799881473, 242.1323187556666028 ) ) ;
#742 = CARTESIAN_POINT ( 'NONE',  ( 559.1999999970529416, -0.9013132102282380709, 351.1210869293855126 ) ) ;
#743 = CARTESIAN_POINT ( 'NONE',  ( 530.1371529853333868, 0.2871012545089257628, 353.3817276905081712 ) ) ;
#744 = CARTESIAN_POINT ( 'NONE',  ( 515.0425829057619467, 4.240660843951971515, 360.0392096149489021 ) ) ;
#745 = CARTESIAN_POINT ( 'NONE',  ( 193.3333333323510317, 3.685149208709673108, 215.2350108880431208 ) ) ;
#746 = CARTESIAN_POINT ( 'NONE',  ( 386.6666666647020634, -6.153661249499089436, 284.8637153941359657 ) ) ;
#747 = ORIENTED_EDGE ( 'NONE', *, *, #1286, .T. ) ;
#748 = CARTESIAN_POINT ( 'NONE',  ( 332.5797515210086317, -0.6224896249620780475, 368.4653976380845961 ) ) ;
#749 = CARTESIAN_POINT ( 'NONE',  ( 481.3184499533627445, 0.1583482576350110083, 371.5112040483970759 ) ) ;
#750 = B_SPLINE_CURVE_WITH_KNOTS ( 'NONE', 3,
 ( #1353, #1193, #823, #323 ),
 .UNSPECIFIED., .F., .F.,
 ( 4, 4 ),
 ( 3.113693114106808046E-18, 0.0004022786363024702405 ),
 .UNSPECIFIED. ) ;
#751 = FILL_AREA_STYLE_COLOUR ( '', #680 ) ;
#752 = CARTESIAN_POINT ( 'NONE',  ( 559.1999999970531690, -3.791619029359147408, 352.7085265150197415 ) ) ;
#753 = CARTESIAN_POINT ( 'NONE',  ( 0.000000000000000000, 18.32930396932231787, 256.2623385660224926 ) ) ;
#754 = DIRECTION ( 'NONE',  ( 0.9970829574973348874, 0.000000000000000000, -0.07632546015824659413 ) ) ;
#755 = CARTESIAN_POINT ( 'NONE',  ( 579.9999999970531235, 12.08411726914921047, 295.3193184898788672 ) ) ;
#756 = DIRECTION ( 'NONE',  ( 0.000000000000000000, 0.000000000000000000, 1.000000000000000000 ) ) ;
#757 = CARTESIAN_POINT ( 'NONE',  ( 193.3333333323509464, -1.689577546666605867, 213.0401703756483016 ) ) ;
#758 = CARTESIAN_POINT ( 'NONE',  ( 310.8370945548289228, -4.522470017790934271, 424.2607914954953685 ) ) ;
#759 = CARTESIAN_POINT ( 'NONE',  ( 0.000000000000000000, -7.638359414888849841, 243.0181500959986352 ) ) ;
#760 = CARTESIAN_POINT ( 'NONE',  ( 310.8371236644208011, -5.793863552786914006, 373.5346176656811394 ) ) ;
#761 = CARTESIAN_POINT ( 'NONE',  ( 0.000000000000000000, 15.96968430992112076, 237.4560550978058870 ) ) ;
#762 = CARTESIAN_POINT ( 'NONE',  ( 551.1740533151079262, 0.3385405173001321821, 366.1638445021064854 ) ) ;
#763 = CARTESIAN_POINT ( 'NONE',  ( 193.3333333323510317, 9.316921043030340854, 226.5755206670815198 ) ) ;
#764 = CARTESIAN_POINT ( 'NONE',  ( 340.5122270009606495, -0.2020362616952313395, 367.9011024721307308 ) ) ;
#765 = CARTESIAN_POINT ( 'NONE',  ( 0.000000000000000000, -5.179038273367098100, 210.9887546019604088 ) ) ;
#766 = CARTESIAN_POINT ( 'NONE',  ( 559.1999996524390326, -4.606071138097111550, 354.0396524502293119 ) ) ;
#767 = EDGE_CURVE ( 'NONE', #449, #310, #157, .T. ) ;
#768 = FACE_OUTER_BOUND ( 'NONE', #224, .T. ) ;
#769 = EDGE_CURVE ( 'NONE', #316, #1472, #926, .T. ) ;
#770 = CARTESIAN_POINT ( 'NONE',  ( 193.3333333323510885, 12.62964796733158579, 238.6057420120377230 ) ) ;
#771 = CARTESIAN_POINT ( 'NONE',  ( 340.5089971869348346, -0.6020362616952313894, 367.8589095719586908 ) ) ;
#772 = CARTESIAN_POINT ( 'NONE',  ( 0.000000000000000000, 9.913730116561376704, 364.5373084075129100 ) ) ;
#773 = CARTESIAN_POINT ( 'NONE',  ( 559.1996530595102968, 3.906883089949198862, 353.8184190679191374 ) ) ;
#774 = CARTESIAN_POINT ( 'NONE',  ( 579.9999999970531235, -2.676006289986922582, 242.6746744830808211 ) ) ;
#775 = CARTESIAN_POINT ( 'NONE',  ( 386.6666666647020634, -3.190613515628904828, 230.4749220973889692 ) ) ;
#776 = CARTESIAN_POINT ( 'NONE',  ( 526.0278020183220633, -5.136848854104852258, 353.6466304570576540 ) ) ;
#777 = CARTESIAN_POINT ( 'NONE',  ( 320.5689326595452826, -0.3862790748700617449, 369.4053835538345538 ) ) ;
#778 = CARTESIAN_POINT ( 'NONE',  ( 0.000000000000000000, 19.05559646799564533, 289.0914184166211953 ) ) ;
#779 = EDGE_CURVE ( 'NONE', #1195, #1463, #648, .T. ) ;
#780 = CARTESIAN_POINT ( 'NONE',  ( 355.3790052681170550, -5.905522355390171896, 371.9145578502769922 ) ) ;
#781 = B_SPLINE_CURVE_WITH_KNOTS ( 'NONE', 3,
 ( #75, #66, #479, #1456, #298, #976, #578, #824, #42, #1086, #1202, #570, #549, #958, #1315, #1465, #352, #834, #1323, #208, #425, #342, #84, #1577, #801, #967, #1307, #124, #730, #1221, #630, #1114, #621, #1606, #1474, #362 ),
 .UNSPECIFIED., .F., .F.,
 ( 4, 2, 2, 2, 2, 2, 1, 1, 1, 2, 2, 2, 2, 2, 1, 1, 1, 2, 2, 2, 4 ),
 ( 0.000000000000000000, 0.1249999999996603828, 0.2499999999993207656, 0.3749999999989811483, 0.4374999999988113397, 0.4687499999987204680, 0.4843749999986750043, 0.4921874999986522448, 0.4960937499986343147, 0.4980468749986320387, 0.4999999999986297072, 0.6249999999987546628, 0.6874999999988089527, 0.7187499999988362642, 0.7343749999988498089, 0.7421874999988639088, 0.7460937499988710142, 0.7480468749988744559, 0.7499999999988778976, 0.8749999999994390043, 1.000000000000000000 ),
 .UNSPECIFIED. ) ;
#782 = CARTESIAN_POINT ( 'NONE',  ( 548.8314546812825938, 5.209779721794534524, 351.9010392132252036 ) ) ;
#783 = ORIENTED_EDGE ( 'NONE', *, *, #651, .F. ) ;
#784 = CARTESIAN_POINT ( 'NONE',  ( 389.5824507304530471, -5.745946952300502453, 369.2241422698481301 ) ) ;
#785 = CARTESIAN_POINT ( 'NONE',  ( 364.0556190143404365, -5.337718852159836658, 419.3631134330141776 ) ) ;
#786 = CARTESIAN_POINT ( 'NONE',  ( 386.6666666647022339, -5.113126307511020485, 421.1293184417577891 ) ) ;
#787 = EDGE_CURVE ( 'NONE', #322, #689, #1163, .T. ) ;
#788 = CARTESIAN_POINT ( 'NONE',  ( 332.3679715185592158, -0.2230441000128167428, 368.5233262092784230 ) ) ;
#789 = FACE_BOUND ( 'NONE', #453, .T. ) ;
#790 = CARTESIAN_POINT ( 'NONE',  ( 579.9999999970531235, 7.615257880408826452, 334.9895548652660864 ) ) ;
#791 = ORIENTED_EDGE ( 'NONE', *, *, #813, .F. ) ;
#792 = CARTESIAN_POINT ( 'NONE',  ( 343.5801159466977879, -5.988689666980431703, 367.6127738847080764 ) ) ;
#793 = CARTESIAN_POINT ( 'NONE',  ( 509.9549593612778722, -4.716445899487961668, 405.2762805718590471 ) ) ;
#794 = CARTESIAN_POINT ( 'NONE',  ( 579.9999999970532372, -4.411656509256205005, 398.4873859567278487 ) ) ;
#795 = CARTESIAN_POINT ( 'NONE',  ( 462.9610240477794036, -0.2861712155353681730, 358.4827369437833227 ) ) ;
#796 = CARTESIAN_POINT ( 'NONE',  ( 560.2356121673243479, 5.215094931001822864, 351.0280651549637696 ) ) ;
#797 = CLOSED_SHELL ( 'NONE', ( #1454, #1451, #1607, #1278, #257, #1005, #2, #147, #319, #590, #1020, #1387, #1475, #295, #1311, #1549, #64, #1508, #498, #548, #1009, #890, #194, #671, #869, #1406, #375 ) ) ;
#798 = CARTESIAN_POINT ( 'NONE',  ( 579.9999999970531235, 1.086029542440168250, 373.4542763322207293 ) ) ;
#799 = ORIENTED_EDGE ( 'NONE', *, *, #18, .F. ) ;
#800 = AXIS2_PLACEMENT_3D ( 'NONE', #900, #404, #159 ) ;
#801 = CARTESIAN_POINT ( 'NONE',  ( 310.8370394650587514, 3.870447082402708183, 373.6281936521854163 ) ) ;
#802 = CARTESIAN_POINT ( 'NONE',  ( 579.9999999970528961, 3.601999506163845677, 359.0013333867893266 ) ) ;
#803 = CARTESIAN_POINT ( 'NONE',  ( 310.8370945548290365, -4.566840338916176023, 424.5014537256828930 ) ) ;
#804 = CARTESIAN_POINT ( 'NONE',  ( 0.000000000000000000, -6.590772124736852255, 458.2508859490670829 ) ) ;
#805 = ORIENTED_EDGE ( 'NONE', *, *, #1526, .F. ) ;
#806 = ORIENTED_EDGE ( 'NONE', *, *, #14, .F. ) ;
#807 = CARTESIAN_POINT ( 'NONE',  ( 386.6666666647018360, -5.188915455063127347, 422.9413900255781300 ) ) ;
#808 = LINE ( 'NONE', #1297, #85 ) ;
#809 = CARTESIAN_POINT ( 'NONE',  ( 386.6666666647018928, -3.305401079264717268, 412.3030266280131855 ) ) ;
#810 = ORIENTED_EDGE ( 'NONE', *, *, #153, .T. ) ;
#811 = VECTOR ( 'NONE', #1435, 1000.000000000000114 ) ;
#812 = ORIENTED_EDGE ( 'NONE', *, *, #351, .T. ) ;
#813 = EDGE_CURVE ( 'NONE', #1568, #1162, #217, .T. ) ;
#814 = CARTESIAN_POINT ( 'NONE',  ( 193.3333333323508896, -5.464983162938358063, 438.0432744059715446 ) ) ;
#815 = CARTESIAN_POINT ( 'NONE',  ( 468.3262358361723727, -0.2723316362916468614, 358.0718526996462856 ) ) ;
#816 = CARTESIAN_POINT ( 'NONE',  ( 386.6666666647018928, 4.294679108437772008, 369.1716850739566667 ) ) ;
#817 = ORIENTED_EDGE ( 'NONE', *, *, #178, .F. ) ;
#818 = ORIENTED_EDGE ( 'NONE', *, *, #18, .T. ) ;
#819 = CARTESIAN_POINT ( 'NONE',  ( 386.6666666647018360, -5.887203071725788384, 347.4091257492923432 ) ) ;
#820 = CARTESIAN_POINT ( 'NONE',  ( 460.2784189884300190, -0.2930910051561943508, 358.6881899666634581 ) ) ;
#821 = CARTESIAN_POINT ( 'NONE',  ( 579.9999999970531235, -4.839072846083484869, 357.5893618452735723 ) ) ;
#822 = ORIENTED_EDGE ( 'NONE', *, *, #1239, .T. ) ;
#823 = CARTESIAN_POINT ( 'NONE',  ( 410.3652565052477144, -0.2879320975764568802, 362.5201191599134063 ) ) ;
#824 = CARTESIAN_POINT ( 'NONE',  ( 310.8362797570470661, 2.231430326132882946, 371.2491774774378541 ) ) ;
#825 = ORIENTED_EDGE ( 'NONE', *, *, #769, .F. ) ;
#826 = CARTESIAN_POINT ( 'NONE',  ( 386.6666666647020634, -6.096510108436826059, 275.4220436995686896 ) ) ;
#827 = PLANE ( 'NONE',  #1410 ) ;
#828 = CARTESIAN_POINT ( 'NONE',  ( 0.000000000000000000, -3.869566342698527173E-11, 199.5133111311278071 ) ) ;
#829 = EDGE_CURVE ( 'NONE', #1162, #678, #190, .T. ) ;
#830 = PRODUCT_DEFINITION_SHAPE ( 'NONE', 'NONE',  #181 ) ;
#831 = CARTESIAN_POINT ( 'NONE',  ( 386.6666666647020634, -5.769646836630459852, 367.4881854869412336 ) ) ;
#832 = ORIENTED_EDGE ( 'NONE', *, *, #428, .T. ) ;
#833 = CARTESIAN_POINT ( 'NONE',  ( 559.1999999970530553, -4.955363640084781807, 355.8499340599764764 ) ) ;
#834 = CARTESIAN_POINT ( 'NONE',  ( 310.8370945548290933, 2.929427221496291533, 371.9396433827068336 ) ) ;
#835 = EDGE_LOOP ( 'NONE', ( #306, #1180, #810, #1188 ) ) ;
#836 = CARTESIAN_POINT ( 'NONE',  ( 193.3333333323510317, -6.700220827177433947, 377.3870091286089519 ) ) ;
#837 = CARTESIAN_POINT ( 'NONE',  ( 193.3333333323510885, 7.477695866475672304, 221.8680221566752095 ) ) ;
#838 = CARTESIAN_POINT ( 'NONE',  ( 318.0942347310801210, 4.056909749497693340, 375.5523661692286055 ) ) ;
#839 = CARTESIAN_POINT ( 'NONE',  ( 559.1999999970529416, -0.3617191825147290651, 351.1079676401662937 ) ) ;
#840 = AXIS2_PLACEMENT_3D ( 'NONE', #573, #1537, #1070 ) ;
#841 = CARTESIAN_POINT ( 'NONE',  ( 579.9999999970532372, -4.994062015816076006, 331.9402949731788794 ) ) ;
#842 = VERTEX_POINT ( 'NONE', #1567 ) ;
#843 = CARTESIAN_POINT ( 'NONE',  ( 559.1999999970529416, -0.04716643484854918245, 381.4355447153042178 ) ) ;
#844 = CARTESIAN_POINT ( 'NONE',  ( 540.7439004455105760, -0.3794795520811092282, 352.5203197619911180 ) ) ;
#845 = CARTESIAN_POINT ( 'NONE',  ( 386.6666666647022339, -5.954441073316516508, 336.9066955511404444 ) ) ;
#846 = CARTESIAN_POINT ( 'NONE',  ( 559.1999999970529416, -0.3617191825147290651, 351.1079676401662937 ) ) ;
#847 = CARTESIAN_POINT ( 'NONE',  ( 320.5703589307024686, -0.2534755244864377310, 369.4240157462992329 ) ) ;
#848 = LINE ( 'NONE', #1349, #26 ) ;
#849 = CARTESIAN_POINT ( 'NONE',  ( 579.9999999970531235, 1.367670693497608836, 239.2000782469990270 ) ) ;
#850 = CARTESIAN_POINT ( 'NONE',  ( 193.3333333323510885, -6.494676812344354566, 415.8765459913967675 ) ) ;
#851 = ORIENTED_EDGE ( 'NONE', *, *, #951, .T. ) ;
#852 = PLANE ( 'NONE',  #164 ) ;
#853 = CARTESIAN_POINT ( 'NONE',  ( 551.1740533151079262, 0.1385405173001321155, 366.1638445021064854 ) ) ;
#854 = CARTESIAN_POINT ( 'NONE',  ( 579.9999999970531235, -5.161150396137134777, 288.2912157075066375 ) ) ;
#855 = CARTESIAN_POINT ( 'NONE',  ( 559.1998354243481799, -4.311120802976851074, 353.4348395968515320 ) ) ;
#856 = CARTESIAN_POINT ( 'NONE',  ( 193.3333333323510317, 3.685149208709673108, 215.2350108880431208 ) ) ;
#857 = CARTESIAN_POINT ( 'NONE',  ( 546.1111194044507329, -0.07168610036593539570, 352.1188995262868389 ) ) ;
#858 = CARTESIAN_POINT ( 'NONE',  ( 480.8352530159775142, 4.210538430160223555, 362.7269064347401581 ) ) ;
#859 = CARTESIAN_POINT ( 'NONE',  ( 0.000000000000000000, -7.169037781342534998, 446.3294496812645775 ) ) ;
#860 = ORIENTED_EDGE ( 'NONE', *, *, #529, .T. ) ;
#861 = DIRECTION ( 'NONE',  ( -0.9970829574973348874, 0.000000000000000000, 0.07632546015824470675 ) ) ;
#862 = CARTESIAN_POINT ( 'NONE',  ( 438.5991449528509634, -0.5924505547623210022, 360.3392142444617434 ) ) ;
#863 = CARTESIAN_POINT ( 'NONE',  ( 193.3333333323509464, -1.689577546666605867, 213.0401703756483016 ) ) ;
#864 = CARTESIAN_POINT ( 'NONE',  ( 559.1998999613845172, -3.392244475758469324, 352.3112546615918177 ) ) ;
#865 = AXIS2_PLACEMENT_3D ( 'NONE', #1031, #1495, #15 ) ;
#866 = FACE_OUTER_BOUND ( 'NONE', #702, .T. ) ;
#867 = CARTESIAN_POINT ( 'NONE',  ( 310.8370945548291502, 4.052644616121345855, 376.1087982770621920 ) ) ;
#868 = DIRECTION ( 'NONE',  ( -0.07632546015824470675, 0.000000000000000000, -0.9970829574973348874 ) ) ;
#869 = ADVANCED_FACE ( 'NONE', ( #460 ), #1211, .F. ) ;
#870 = CARTESIAN_POINT ( 'NONE',  ( 579.9999999970531235, -5.161150396137134777, 288.2912157075066375 ) ) ;
#871 = ORIENTED_EDGE ( 'NONE', *, *, #893, .T. ) ;
#872 = CARTESIAN_POINT ( 'NONE',  ( 336.5443760380561002, -0.6122629433311114200, 368.1621756176891154 ) ) ;
#873 = CARTESIAN_POINT ( 'NONE',  ( 374.7178948608603264, -0.7314328859064669341, 365.2293640451802617 ) ) ;
#874 = AXIS2_PLACEMENT_3D ( 'NONE', #1509, #629, #994 ) ;
#875 = CARTESIAN_POINT ( 'NONE',  ( 0.000000000000000000, -7.252290758643901825, 233.2460157265796568 ) ) ;
#876 = CARTESIAN_POINT ( 'NONE',  ( 559.1999995430185209, -3.612463400816480430, 352.5235353445681881 ) ) ;
#877 = CARTESIAN_POINT ( 'NONE',  ( 579.9999999970528961, 11.66426790245968981, 302.8719718620156414 ) ) ;
#878 = CARTESIAN_POINT ( 'NONE',  ( 31.07700578236147138, 0.000000000000000000, 405.9766265593992784 ) ) ;
#879 = CARTESIAN_POINT ( 'NONE',  ( 579.9999999970532372, 9.121458547516446913, 257.3579398412701380 ) ) ;
#880 = CARTESIAN_POINT ( 'NONE',  ( 579.9999999970530098, -3.284290047907533872, 245.7904700933225968 ) ) ;
#881 = CARTESIAN_POINT ( 'NONE',  ( 310.8370945548288660, 3.666604273282049409, 378.3380135275172620 ) ) ;
#882 = VECTOR ( 'NONE', #1075, 1000.000000000000000 ) ;
#883 = CARTESIAN_POINT ( 'NONE',  ( 386.6666666647018928, -1.454917083900565400, 225.9669964426877300 ) ) ;
#884 = CARTESIAN_POINT ( 'NONE',  ( 310.8370946196757245, -5.735576270311102398, 373.3833559576926291 ) ) ;
#885 = CARTESIAN_POINT ( 'NONE',  ( 193.3333333323509464, 11.04918357943839347, 232.1668332515077964 ) ) ;
#886 = DIRECTION ( 'NONE',  ( -0.07632546015824470675, 0.000000000000000000, -0.9970829574973348874 ) ) ;
#887 = CARTESIAN_POINT ( 'NONE',  ( 579.9999999970532372, 4.936953304096522999, 351.2031543540123835 ) ) ;
#888 = CARTESIAN_POINT ( 'NONE',  ( 480.7851828123787641, -5.321096167679273847, 361.9653423117685520 ) ) ;
#889 = CARTESIAN_POINT ( 'NONE',  ( 579.9999999970528961, -5.167355906338058524, 296.6145897423936049 ) ) ;
#890 = ADVANCED_FACE ( 'NONE', ( #333 ), #1588, .T. ) ;
#891 = CARTESIAN_POINT ( 'NONE',  ( 559.2002009585924043, -4.772777478459495626, 354.5067390830250247 ) ) ;
#892 = AXIS2_PLACEMENT_3D ( 'NONE', #423, #1289, #553 ) ;
#893 = EDGE_CURVE ( 'NONE', #1058, #956, #1535, .T. ) ;
#894 = CARTESIAN_POINT ( 'NONE',  ( 386.6666666647018928, -2.925017541545449351E-11, 225.5133111311280913 ) ) ;
#895 = CARTESIAN_POINT ( 'NONE',  ( 549.1944152430739905, -5.002102078486752923, 356.6150958324583371 ) ) ;
#896 = CARTESIAN_POINT ( 'NONE',  ( 0.000000000000000000, 17.29793299244946070, 246.4975142672712138 ) ) ;
#897 = CARTESIAN_POINT ( 'NONE',  ( 310.8370945548289797, -0.9715463315519319298, 370.1192114460068296 ) ) ;
#898 = CARTESIAN_POINT ( 'NONE',  ( 0.000000000000000000, 17.29793299244946070, 246.4975142672712138 ) ) ;
#899 = AXIS2_PLACEMENT_3D ( 'NONE', #700, #1074, #73 ) ;
#900 = CARTESIAN_POINT ( 'NONE',  ( 481.3184499533627445, 0.1583482576350110083, 371.5112040483970759 ) ) ;
#901 = CARTESIAN_POINT ( 'NONE',  ( 579.9999999970531235, -5.144550325250647482, 305.2452058889440423 ) ) ;
#902 = CARTESIAN_POINT ( 'NONE',  ( 460.2815076889345391, 0.1069089948438046028, 358.7285394205351281 ) ) ;
#903 =( NAMED_UNIT ( * ) SI_UNIT ( $, .STERADIAN. ) SOLID_ANGLE_UNIT ( ) );
#904 = EDGE_LOOP ( 'NONE', ( #1444, #59, #1604, #495 ) ) ;
#905 = CARTESIAN_POINT ( 'NONE',  ( 320.7497691269892925, -0.8650683465709900766, 369.3604085375525869 ) ) ;
#906 = DIRECTION ( 'NONE',  ( -0.07632546015824470675, 0.000000000000000000, -0.9970829574973348874 ) ) ;
#907 = CARTESIAN_POINT ( 'NONE',  ( 386.6666666647022339, 10.87555325742401635, 247.9818409266538879 ) ) ;
#908 = CARTESIAN_POINT ( 'NONE',  ( 559.1999999075241021, 3.240759128322677096, 352.7935148138341788 ) ) ;
#909 = CARTESIAN_POINT ( 'NONE',  ( 579.9999999970532372, -4.599044283111842546, 259.9049248138404096 ) ) ;
#910 = ORIENTED_EDGE ( 'NONE', *, *, #305, .T. ) ;
#911 = EDGE_CURVE ( 'NONE', #461, #628, #781, .T. ) ;
#912 = CARTESIAN_POINT ( 'NONE',  ( 560.2367400992455941, -4.977245758499301509, 351.0279787991121339 ) ) ;
#913 = LINE ( 'NONE', #762, #1152 ) ;
#914 = CARTESIAN_POINT ( 'NONE',  ( 0.000000000000000000, 12.00859590623730000, 351.6479129724376662 ) ) ;
#915 = ADVANCED_BREP_SHAPE_REPRESENTATION ( 'AILERON R', ( #1610, #892 ), #1248 ) ;
#916 = CARTESIAN_POINT ( 'NONE',  ( 559.2000008048120208, 4.182723058856780085, 354.6177943010055742 ) ) ;
#917 = CARTESIAN_POINT ( 'NONE',  ( 560.2392580850952299, -0.3607202474635539668, 351.0277860507831065 ) ) ;
#918 = CARTESIAN_POINT ( 'NONE',  ( 0.000000000000000000, -5.420589551295606157, 451.9053200484384547 ) ) ;
#919 = CARTESIAN_POINT ( 'NONE',  ( 548.8337611636965221, -5.030443390248114710, 351.9008626543490550 ) ) ;
#920 = CARTESIAN_POINT ( 'NONE',  ( 481.3184499533627445, -0.2416517423649890139, 371.5112040483970759 ) ) ;
#921 = CARTESIAN_POINT ( 'NONE',  ( 0.000000000000000000, 7.785143742719109916, 377.2153418768251640 ) ) ;
#922 = CARTESIAN_POINT ( 'NONE',  ( 559.1999999970529416, -0.3617191825147290651, 351.1079676401662937 ) ) ;
#923 = CARTESIAN_POINT ( 'NONE',  ( 480.4100189066900839, -0.5100613960687251369, 357.1386150129665680 ) ) ;
#924 = CARTESIAN_POINT ( 'NONE',  ( 579.9999999970528961, 10.96806314987765596, 310.6656409606852094 ) ) ;
#925 = VECTOR ( 'NONE', #1593, 1000.000000000000000 ) ;
#926 = LINE ( 'NONE', #93, #1298 ) ;
#927 = CARTESIAN_POINT ( 'NONE',  ( 386.6666666647018360, -5.420512167452217867, 412.1310864783856118 ) ) ;
#928 = CARTESIAN_POINT ( 'NONE',  ( 310.8370945548289228, -6.113663193997986411, 375.3638235433062391 ) ) ;
#929 = CARTESIAN_POINT ( 'NONE',  ( 193.3333333323511170, -5.787028705682168983, 439.6978874405062356 ) ) ;
#930 = CARTESIAN_POINT ( 'NONE',  ( 579.9999999970530098, -2.772280013143109123, 395.1761131678124457 ) ) ;
#931 = DIRECTION ( 'NONE',  ( -0.07632546015824470675, 0.000000000000000000, -0.9970829574973348874 ) ) ;
#932 = CARTESIAN_POINT ( 'NONE',  ( 386.6666666647020634, 9.079703889018317042, 340.5423409009899274 ) ) ;
#933 = VERTEX_POINT ( 'NONE', #749 ) ;
#934 = EDGE_CURVE ( 'NONE', #461, #1195, #273, .T. ) ;
#935 = UNCERTAINTY_MEASURE_WITH_UNIT (LENGTH_MEASURE( 1.000000000000000082E-05 ), #1511, 'distance_accuracy_value', 'NONE');
#936 = ORIENTED_EDGE ( 'NONE', *, *, #1126, .F. ) ;
#937 = CARTESIAN_POINT ( 'NONE',  ( 0.000000000000000000, 1.712573641261867508, 412.3034159109438406 ) ) ;
#938 = CARTESIAN_POINT ( 'NONE',  ( 390.4230437872686252, -0.4732832648213154969, 364.0385301046093787 ) ) ;
#939 = CARTESIAN_POINT ( 'NONE',  ( 386.6666666647018360, -1.274544155731860640, 401.0421190094137955 ) ) ;
#940 = ORIENTED_EDGE ( 'NONE', *, *, #767, .T. ) ;
#941 = VECTOR ( 'NONE', #385, 1000.000000000000000 ) ;
#942 = ORIENTED_EDGE ( 'NONE', *, *, #829, .T. ) ;
#943 = CARTESIAN_POINT ( 'NONE',  ( 386.6666666647018360, -5.176508820950278533, 419.6790967410228177 ) ) ;
#944 = CARTESIAN_POINT ( 'NONE',  ( 411.4628465916175628, -0.2218440020301102322, 376.8585635946876664 ) ) ;
#945 = CARTESIAN_POINT ( 'NONE',  ( 193.3333333323509464, -6.422087301610666543, 423.0834801110592025 ) ) ;
#946 = VERTEX_POINT ( 'NONE', #488 ) ;
#947 = CARTESIAN_POINT ( 'NONE',  ( 505.1738355161180607, -3.738385704753800720, 405.7379063224285574 ) ) ;
#948 = CARTESIAN_POINT ( 'NONE',  ( 559.1999999970529416, -0.3617191825147290651, 351.1079676401662937 ) ) ;
#949 = ORIENTED_EDGE ( 'NONE', *, *, #1059, .F. ) ;
#950 = CARTESIAN_POINT ( 'NONE',  ( 579.9999999970531235, -5.113217040306552441, 280.3723710342515005 ) ) ;
#951 = EDGE_CURVE ( 'NONE', #340, #689, #1513, .T. ) ;
#952 = B_SPLINE_CURVE_WITH_KNOTS ( 'NONE', 3,
 ( #1158, #148, #31, #636, #654, #888, #140, #645, #24, #780, #1270, #1420, #434, #928 ),
 .UNSPECIFIED., .F., .F.,
 ( 4, 2, 2, 2, 2, 2, 4 ),
 ( 0.000000000000000000, 0.08618523199759230147, 0.2239017620998910441, 0.4993348223044886680, 0.7747678825090862365, 0.9124844126113850207, 1.000000000000000000 ),
 .UNSPECIFIED. ) ;
#953 = CARTESIAN_POINT ( 'NONE',  ( 386.6666666647018928, 9.514594926166108024, 242.4372132912697566 ) ) ;
#954 = CARTESIAN_POINT ( 'NONE',  ( 579.9999999970530098, 0.4218217482621807735, 238.5244780359223853 ) ) ;
#955 = CARTESIAN_POINT ( 'NONE',  ( 386.6666666647018360, -5.188915455063127347, 422.9413900255781300 ) ) ;
#956 = VERTEX_POINT ( 'NONE', #1231 ) ;
#957 = DIRECTION ( 'NONE',  ( 0.000000000000000000, -1.000000000000000000, 0.000000000000000000 ) ) ;
#958 = CARTESIAN_POINT ( 'NONE',  ( 310.8370862346667991, 2.876025882611023210, 371.8769021854815264 ) ) ;
#959 = ORIENTED_EDGE ( 'NONE', *, *, #55, .T. ) ;
#960 = CARTESIAN_POINT ( 'NONE',  ( 193.3333333323510317, -7.079803176567100564, 270.4717163648858218 ) ) ;
#961 = CARTESIAN_POINT ( 'NONE',  ( 386.6666666647020634, 3.173329659270263559, 227.8570020030838919 ) ) ;
#962 = CARTESIAN_POINT ( 'NONE',  ( 310.8370945548288660, -5.625793924880101216, 422.3710435361589361 ) ) ;
#963 = CARTESIAN_POINT ( 'NONE',  ( 344.0113728715728030, 4.074896293588875729, 373.5489913493159406 ) ) ;
#964 = CARTESIAN_POINT ( 'NONE',  ( 386.6666666647018360, -5.887203071725788384, 347.4091257492923432 ) ) ;
#965 = EDGE_LOOP ( 'NONE', ( #617, #196, #1411, #209 ) ) ;
#966 = CARTESIAN_POINT ( 'NONE',  ( 461.3768567605068824, -0.2930910051561943508, 373.0377082026287212 ) ) ;
#967 = CARTESIAN_POINT ( 'NONE',  ( 310.8370679804003203, 3.896271211430593073, 373.7079330681510214 ) ) ;
#968 = CARTESIAN_POINT ( 'NONE',  ( 0.000000000000000000, -7.314032143735950342, 439.3289523860927375 ) ) ;
#969 = CARTESIAN_POINT ( 'NONE',  ( 391.5212533987617007, -0.4732832648213154969, 378.3850677489193117 ) ) ;
#970 = DIRECTION ( 'NONE',  ( 0.002564460613766891654, -0.9999966924973346938, -0.0001963062701369818353 ) ) ;
#971 = FACE_OUTER_BOUND ( 'NONE', #728, .T. ) ;
#972 = CARTESIAN_POINT ( 'NONE',  ( 386.6666666647018928, -2.925017541545449351E-11, 225.5133111311280913 ) ) ;
#973 = CARTESIAN_POINT ( 'NONE',  ( 0.000000000000000000, -7.630794817724408041, 387.2858327702766701 ) ) ;
#974 = ORIENTED_EDGE ( 'NONE', *, *, #829, .F. ) ;
#975 = CARTESIAN_POINT ( 'NONE',  ( 559.1999999970530553, -4.543570532827327035, 399.3539872011509715 ) ) ;
#976 = CARTESIAN_POINT ( 'NONE',  ( 310.8352822250490135, 1.426245255492394337, 370.7043018591269856 ) ) ;
#977 = CARTESIAN_POINT ( 'NONE',  ( 193.3333333323509464, -7.154764304304089606, 292.9608285418079276 ) ) ;
#978 = CARTESIAN_POINT ( 'NONE',  ( 559.1998027375826723, -4.226770445135350940, 353.2972265219847259 ) ) ;
#979 = CARTESIAN_POINT ( 'NONE',  ( 386.6666666647020634, 1.630679500242952162, 226.3321464418616529 ) ) ;
#980 = CARTESIAN_POINT ( 'NONE',  ( 538.1819090990991299, -0.09213933575520247277, 352.7251981111705277 ) ) ;
#981 = CARTESIAN_POINT ( 'NONE',  ( 310.8370945548289797, -89.00000000000000000, 424.5014537256827793 ) ) ;
#982 = CARTESIAN_POINT ( 'NONE',  ( 0.000000000000000000, -6.762496706386333045, 458.2302927968000859 ) ) ;
#983 = EDGE_LOOP ( 'NONE', ( #1209, #1555, #297, #280 ) ) ;
#984 = CARTESIAN_POINT ( 'NONE',  ( 541.1912786827031141, -3.584579874788280662, 402.2603600856373305 ) ) ;
#985 = CARTESIAN_POINT ( 'NONE',  ( 393.1055753987558319, -0.4663636703434237418, 363.8331116610620484 ) ) ;
#986 = EDGE_CURVE ( 'NONE', #1060, #1463, #109, .T. ) ;
#987 = CARTESIAN_POINT ( 'NONE',  ( 579.9999999970531235, -5.102621935511616691, 314.0808441813599075 ) ) ;
#988 = CARTESIAN_POINT ( 'NONE',  ( 310.8370945548290365, -4.370136288960689619, 371.4220376150242373 ) ) ;
#989 = CARTESIAN_POINT ( 'NONE',  ( 0.000000000000000000, 8.516251081602066009, 210.1672704940056065 ) ) ;
#990 = CARTESIAN_POINT ( 'NONE',  ( 559.1999999970524868, 4.270617815216453117, 356.6193674239398206 ) ) ;
#991 = CARTESIAN_POINT ( 'NONE',  ( 411.4628465916175628, -0.02184400203011015867, 376.8585635946876664 ) ) ;
#992 = CARTESIAN_POINT ( 'NONE',  ( 386.6666666647018928, -2.246864576404122182, 227.8533115235983360 ) ) ;
#993 = VERTEX_POINT ( 'NONE', #418 ) ;
#994 = DIRECTION ( 'NONE',  ( 0.9970829574973347764, 0.000000000000000000, -0.07632546015824635821 ) ) ;
#995 = CARTESIAN_POINT ( 'NONE',  ( 470.5398648081768442, -0.5428189158753679022, 357.8941650787222670 ) ) ;
#996 = CARTESIAN_POINT ( 'NONE',  ( 386.6666666647018928, -5.079293524304736351, 244.4817092322057874 ) ) ;
#997 = CARTESIAN_POINT ( 'NONE',  ( 310.8368820166625142, -5.105293794422060216, 372.2444649940567842 ) ) ;
#998 = CARTESIAN_POINT ( 'NONE',  ( 386.6666666647017792, 14.56524338741086666, 284.5744906102912068 ) ) ;
#999 = DIRECTION ( 'NONE',  ( -0.07632546015824659413, 0.000000000000000000, -0.9970829574973348874 ) ) ;
#1000 = CARTESIAN_POINT ( 'NONE',  ( 193.3333333323510317, 16.73177006838016467, 291.1673851077070481 ) ) ;
#1001 = CARTESIAN_POINT ( 'NONE',  ( 0.000000000000000000, -7.252290758643901825, 233.2460157265796568 ) ) ;
#1002 = CARTESIAN_POINT ( 'NONE',  ( 477.5084416214415910, 0.1513460257598764069, 357.4087121199939361 ) ) ;
#1003 = CARTESIAN_POINT ( 'NONE',  ( 310.8370680862392987, -4.742027601923616942, 371.8059496594471511 ) ) ;
#1004 = CARTESIAN_POINT ( 'NONE',  ( 579.9999999970531235, 12.08411726914921047, 295.3193184898788672 ) ) ;
#1005 = ADVANCED_FACE ( 'NONE', ( #255 ), #1516, .F. ) ;
#1006 = FACE_OUTER_BOUND ( 'NONE', #1122, .T. ) ;
#1007 = CARTESIAN_POINT ( 'NONE',  ( 386.6666666647020634, 14.37424184543503181, 276.2848736422494653 ) ) ;
#1008 = CARTESIAN_POINT ( 'NONE',  ( 559.2000228644765230, 4.212202271561308109, 354.7356249138170483 ) ) ;
#1009 = ADVANCED_FACE ( 'NONE', ( #1530 ), #1040, .F. ) ;
#1010 = CARTESIAN_POINT ( 'NONE',  ( 579.9999999970528961, -2.452747206727057261E-11, 238.5133111311282619 ) ) ;
#1011 = CARTESIAN_POINT ( 'NONE',  ( 559.1999709907685201, -4.525977750153664658, 353.8540143390954427 ) ) ;
#1012 = VECTOR ( 'NONE', #1172, 1000.000000000000000 ) ;
#1013 = CARTESIAN_POINT ( 'NONE',  ( 579.9999999970531235, -2.676006289986922582, 242.6746744830808211 ) ) ;
#1014 = CARTESIAN_POINT ( 'NONE',  ( 309.7701353831465667, -6.118651117222217550, 375.4459057501401844 ) ) ;
#1015 = CARTESIAN_POINT ( 'NONE',  ( 386.6666666647020634, 14.37424184543503181, 276.2848736422494653 ) ) ;
#1016 = DIRECTION ( 'NONE',  ( 0.9999967117653473236, 0.002564460663179168442, 0.000000000000000000 ) ) ;
#1017 = CARTESIAN_POINT ( 'NONE',  ( 0.000000000000000000, 15.80337903634185182, 325.8913209393173815 ) ) ;
#1018 = CARTESIAN_POINT ( 'NONE',  ( 559.1994585889099199, 2.734130113348241853, 352.2560813020858177 ) ) ;
#1019 = FACE_BOUND ( 'NONE', #1092, .T. ) ;
#1020 = ADVANCED_FACE ( 'NONE', ( #130 ), #1148, .F. ) ;
#1021 = FACE_OUTER_BOUND ( 'NONE', #1305, .T. ) ;
#1022 = SURFACE_STYLE_FILL_AREA ( #115 ) ;
#1023 = CARTESIAN_POINT ( 'NONE',  ( 343.5558311210990041, -0.7801493696788722731, 367.6146328596022954 ) ) ;
#1024 = DIRECTION ( 'NONE',  ( 0.9970796596427955460, 0.002571963139560271353, -0.07632520771158070316 ) ) ;
#1025 = CARTESIAN_POINT ( 'NONE',  ( 0.000000000000000000, 17.29567669399768093, 313.2912272862357668 ) ) ;
#1026 = VECTOR ( 'NONE', #1210, 1000.000000000000114 ) ;
#1027 = CARTESIAN_POINT ( 'NONE',  ( 559.1999999970529416, 3.001374105906784884, 352.5079686100385743 ) ) ;
#1028 = CARTESIAN_POINT ( 'NONE',  ( 0.000000000000000000, -8.148468503287105591, 291.1339479415150890 ) ) ;
#1029 = ORIENTED_EDGE ( 'NONE', *, *, #53, .T. ) ;
#1030 = CARTESIAN_POINT ( 'NONE',  ( 411.9744584521548632, -0.6203295172847388406, 362.3772720410546526 ) ) ;
#1031 = CARTESIAN_POINT ( 'NONE',  ( 461.3768567605068824, -0.09309100515619438132, 373.0377082026287212 ) ) ;
#1032 = CARTESIAN_POINT ( 'NONE',  ( 193.3333333323510317, 16.69263255009156666, 271.4737103024625640 ) ) ;
#1033 = CARTESIAN_POINT ( 'NONE',  ( 559.1987250305047610, 0.8903350665985778623, 351.2660578468475592 ) ) ;
#1034 = CARTESIAN_POINT ( 'NONE',  ( 457.5961454963983215, 5.165899840907004936, 358.8849886512912235 ) ) ;
#1035 = CARTESIAN_POINT ( 'NONE',  ( 193.3333333323509748, 12.29171122513588976, 334.7391500830804603 ) ) ;
#1036 = ORIENTED_EDGE ( 'NONE', *, *, #364, .F. ) ;
#1037 =( BOUNDED_SURFACE ( )  B_SPLINE_SURFACE ( 2, 3, ( 
 ( #657, #540, #905, #1023, #1273, #1155, #1030, #1402, #35, #1502, #1519, #1394, #144, #289 ),
 ( #1527, #28, #401, #792, #415, #1388, #275, #532, #516, #408, #776, #919, #912, #1266 ),
 ( #1280, #1014, #281, #1145, #166, #784, #650, #1381, #156, #664, #392, #895, #268, #524 ) ),
 .UNSPECIFIED., .F., .F., .T. ) 
 B_SPLINE_SURFACE_WITH_KNOTS ( ( 3, 3 ),
 ( 4, 2, 2, 2, 2, 2, 4 ),
 ( 0.000000000000000000, 1.000000000000000000 ),
 ( -0.01290677298368452311, 0.02140261761306656851, 0.05571200820981766361, 0.1243307894033198469, 0.1929495705968220509, 0.2272589611935731391, 0.2615683517903242272 ),
 .UNSPECIFIED. ) 
 GEOMETRIC_REPRESENTATION_ITEM ( )  RATIONAL_B_SPLINE_SURFACE ( (
 ( 1.000000000000000000, 1.000000000000000000, 1.000000000000000000, 1.000000000000000000, 1.000000000000000000, 1.000000000000000000, 1.000000000000000000, 1.000000000000000000, 1.000000000000000000, 1.000000000000000000, 1.000000000000000000, 1.000000000000000000, 1.000000000000000000, 1.000000000000000000),
 ( 0.7050868343751742762, 0.7050832106973614621, 0.7050794809797348295, 0.7050715442407334832, 0.7050673697301256260, 0.7050543121951829972, 0.7050448927232636498, 0.7050251262180030620, 0.7050148195176271226, 0.7049994835250136260, 0.7049943800653816206, 0.7049842732105205956, 0.7049793033628130035, 0.7049742971573369488),
 ( 1.000000000000000000, 1.000000000000000000, 1.000000000000000000, 1.000000000000000000, 1.000000000000000000, 1.000000000000000000, 1.000000000000000000, 1.000000000000000000, 1.000000000000000000, 1.000000000000000000, 1.000000000000000000, 1.000000000000000000, 1.000000000000000000, 1.000000000000000000) ) ) 
 REPRESENTATION_ITEM ( '' )  SURFACE ( )  );
#1038 = CARTESIAN_POINT ( 'NONE',  ( 550.0757328165769877, -0.06145948269986785395, 351.8158582772647947 ) ) ;
#1039 = CARTESIAN_POINT ( 'NONE',  ( 193.3333333323509180, -6.011416850334453166, 437.9956807640800776 ) ) ;
#1040 = PLANE ( 'NONE',  #800 ) ;
#1041 = CARTESIAN_POINT ( 'NONE',  ( 297.9397096412433257, 5.082900444085505676, 371.1064902185155461 ) ) ;
#1042 = CARTESIAN_POINT ( 'NONE',  ( 0.000000000000000000, 17.29567669399768093, 313.2912272862357668 ) ) ;
#1043 = STYLED_ITEM ( 'NONE', ( #1265 ), #1610 ) ;
#1044 = DIRECTION ( 'NONE',  ( 0.000000000000000000, -1.000000000000000000, 0.000000000000000000 ) ) ;
#1045 = CARTESIAN_POINT ( 'NONE',  ( 193.3333333323509464, 4.987358710711697896, 379.3420367611240636 ) ) ;
#1046 = CARTESIAN_POINT ( 'NONE',  ( 502.4804018839609512, -0.4536139257254906409, 355.4491547034601808 ) ) ;
#1047 = CARTESIAN_POINT ( 'NONE',  ( 0.000000000000000000, -6.223998622485594545, 456.3664685701571671 ) ) ;
#1048 = ORIENTED_EDGE ( 'NONE', *, *, #594, .F. ) ;
#1049 = CARTESIAN_POINT ( 'NONE',  ( 0.000000000000000000, -6.862733592760254631, 460.6268946760304743 ) ) ;
#1050 = EDGE_CURVE ( 'NONE', #1393, #1428, #580, .T. ) ;
#1051 = DIRECTION ( 'NONE',  ( -0.9970796596427952130, -0.002571963139560323828, 0.07632520771158345096 ) ) ;
#1052 = CARTESIAN_POINT ( 'NONE',  ( 193.3333333323510885, 13.87615993987009766, 323.4795464500552384 ) ) ;
#1053 = EDGE_LOOP ( 'NONE', ( #832, #747, #851, #101 ) ) ;
#1054 = VERTEX_POINT ( 'NONE', #667 ) ;
#1055 = CARTESIAN_POINT ( 'NONE',  ( 0.000000000000000000, -5.420589551295606157, 451.9053200484384547 ) ) ;
#1056 = CARTESIAN_POINT ( 'NONE',  ( 559.1999999970524868, 4.270617815216453117, 356.6193674239398206 ) ) ;
#1057 = CARTESIAN_POINT ( 'NONE',  ( 386.6666666647018928, 10.58455155675147097, 330.7635623173570139 ) ) ;
#1058 = VERTEX_POINT ( 'NONE', #1263 ) ;
#1059 = EDGE_CURVE ( 'NONE', #370, #1436, #952, .T. ) ;
#1060 = VERTEX_POINT ( 'NONE', #1056 ) ;
#1061 = CARTESIAN_POINT ( 'NONE',  ( 386.6666666647018360, -1.274544155731860640, 401.0421190094137955 ) ) ;
#1062 = CARTESIAN_POINT ( 'NONE',  ( 481.3184499533627445, -0.04165174236498905835, 371.5112040483970759 ) ) ;
#1063 = CARTESIAN_POINT ( 'NONE',  ( 386.6666666647018928, -5.720178202154572844, 376.8193992500837339 ) ) ;
#1064 = VERTEX_POINT ( 'NONE', #697 ) ;
#1065 = DIRECTION ( 'NONE',  ( 0.000000000000000000, 0.000000000000000000, -1.000000000000000000 ) ) ;
#1066 = EDGE_CURVE ( 'NONE', #1054, #311, #290, .T. ) ;
#1067 = DIRECTION ( 'NONE',  ( -0.07632546015824361041, 0.000000000000000000, -0.9970829574973349985 ) ) ;
#1068 = VERTEX_POINT ( 'NONE', #314 ) ;
#1069 = CARTESIAN_POINT ( 'NONE',  ( 193.3333333323508896, -6.993783717568672564, 329.5149428003301182 ) ) ;
#1070 = DIRECTION ( 'NONE',  ( -0.9953712201895921208, 0.000000000000000000, 0.09610480746706913380 ) ) ;
#1071 = LINE ( 'NONE', #474, #639 ) ;
#1072 = CARTESIAN_POINT ( 'NONE',  ( 193.3333333323509180, -6.836737455847012868, 354.0694408174593946 ) ) ;
#1073 = ORIENTED_EDGE ( 'NONE', *, *, #787, .T. ) ;
#1074 = DIRECTION ( 'NONE',  ( 0.002564460613766883414, -0.9999966924973345828, -0.0001963062701369812932 ) ) ;
#1075 = DIRECTION ( 'NONE',  ( 0.000000000000000000, -1.000000000000000000, 0.000000000000000000 ) ) ;
#1076 = VERTEX_POINT ( 'NONE', #187 ) ;
#1077 = CARTESIAN_POINT ( 'NONE',  ( 579.9999999970532372, -4.994062015816076006, 331.9402949731788794 ) ) ;
#1078 = EDGE_CURVE ( 'NONE', #311, #310, #1614, .T. ) ;
#1079 = VECTOR ( 'NONE', #1546, 1000.000000000000114 ) ;
#1080 = DIRECTION ( 'NONE',  ( -0.07632546015824337449, 0.000000000000000000, -0.9970829574973349985 ) ) ;
#1081 = CARTESIAN_POINT ( 'NONE',  ( 410.3678452308046758, -0.02184400203010948560, 362.5539371562841779 ) ) ;
#1082 = CARTESIAN_POINT ( 'NONE',  ( 386.6666666647019497, 0.5029398384553279699, 225.5266254785185254 ) ) ;
#1083 = CARTESIAN_POINT ( 'NONE',  ( 193.3333333323510317, -6.765421898788464894, 365.9557577967350426 ) ) ;
#1084 = VERTEX_POINT ( 'NONE', #429 ) ;
#1085 = CARTESIAN_POINT ( 'NONE',  ( 559.1999999970530553, -4.929453417100063461, 360.4908965741075804 ) ) ;
#1086 = CARTESIAN_POINT ( 'NONE',  ( 310.8368385059461048, 2.597305085787174672, 371.5791180390912700 ) ) ;
#1087 = CARTESIAN_POINT ( 'NONE',  ( 386.6666666647020634, -6.083877520582038123, 315.6127975168557214 ) ) ;
#1088 = FACE_OUTER_BOUND ( 'NONE', #177, .T. ) ;
#1089 = CARTESIAN_POINT ( 'NONE',  ( 390.4263541468752123, -0.07328326482131657105, 364.0817752175782971 ) ) ;
#1090 = DIRECTION ( 'NONE',  ( -0.9970829574973348874, 0.000000000000000000, 0.07632546015824470675 ) ) ;
#1091 = CARTESIAN_POINT ( 'NONE',  ( 193.3333333323508896, -6.993783717568672564, 329.5149428003301182 ) ) ;
#1092 = EDGE_LOOP ( 'NONE', ( #205, #303, #436, #72 ) ) ;
#1093 = CARTESIAN_POINT ( 'NONE',  ( 455.2897251836268424, -3.951350575940396403, 410.5543031821418367 ) ) ;
#1094 = CARTESIAN_POINT ( 'NONE',  ( 502.4804018839609512, -0.4536139257254906409, 355.4491547034601808 ) ) ;
#1095 = AXIS2_PLACEMENT_3D ( 'NONE', #1395, #518, #1016 ) ;
#1096 = CARTESIAN_POINT ( 'NONE',  ( 0.000000000000000000, -8.112506095712058496, 304.7436750647945587 ) ) ;
#1097 = CARTESIAN_POINT ( 'NONE',  ( 559.1999574498825041, -3.481715921004292280, 352.3945333162827183 ) ) ;
#1098 = CARTESIAN_POINT ( 'NONE',  ( 547.3642643312565497, 0.3315378844642050127, 352.0662605623894024 ) ) ;
#1099 = CARTESIAN_POINT ( 'NONE',  ( 535.4992757624602291, -0.09905913899541533840, 352.9303511097406272 ) ) ;
#1100 = LINE ( 'NONE', #1350, #925 ) ;
#1101 = EDGE_CURVE ( 'NONE', #191, #842, #293, .T. ) ;
#1102 = CARTESIAN_POINT ( 'NONE',  ( 0.000000000000000000, -8.046388690722883652, 318.6767041878472924 ) ) ;
#1103 = EDGE_LOOP ( 'NONE', ( #121, #63, #1029, #695 ) ) ;
#1104 = LINE ( 'NONE', #966, #378 ) ;
#1105 = CARTESIAN_POINT ( 'NONE',  ( 559.1999999970529416, 4.304680000887306512, 356.4204775744868812 ) ) ;
#1106 = CARTESIAN_POINT ( 'NONE',  ( 193.3333333323510317, -7.123187505558254529, 304.9108520061777199 ) ) ;
#1107 = CARTESIAN_POINT ( 'NONE',  ( 310.8370912831224473, -4.665457123092213720, 371.7242776354639773 ) ) ;
#1108 = CARTESIAN_POINT ( 'NONE',  ( 541.9347131807614915, 0.3175326186633317116, 352.4806609912895397 ) ) ;
#1109 = CARTESIAN_POINT ( 'NONE',  ( 559.1999999970530553, -3.507613428115188725, 400.5215869932083592 ) ) ;
#1110 = CARTESIAN_POINT ( 'NONE',  ( 309.8003511389011351, 4.051993466850102088, 376.1885659162112461 ) ) ;
#1111 = CARTESIAN_POINT ( 'NONE',  ( 0.000000000000000000, -4.219827966912870210, 206.0754173260052085 ) ) ;
#1112 = ORIENTED_EDGE ( 'NONE', *, *, #123, .F. ) ;
#1113 = CARTESIAN_POINT ( 'NONE',  ( 310.8370945548290365, -2.497117965508282023, 413.4992742666977961 ) ) ;
#1114 = CARTESIAN_POINT ( 'NONE',  ( 310.8370945548290365, 4.091599436492220576, 374.4203750397855401 ) ) ;
#1115 =( NAMED_UNIT ( * ) PLANE_ANGLE_UNIT ( ) SI_UNIT ( $, .RADIAN. ) );
#1116 = CARTESIAN_POINT ( 'NONE',  ( 559.1999999053751935, -3.619592505548042904, 352.5308512389754014 ) ) ;
#1117 = B_SPLINE_CURVE_WITH_KNOTS ( 'NONE', 3,
 ( #206, #709, #1201, #1576, #468, #843, #337, #118, #1216, #1119, #990 ),
 .UNSPECIFIED., .F., .F.,
 ( 4, 1, 1, 1, 1, 1, 1, 1, 4 ),
 ( 0.001252420457972650003, 0.004574255865360732018, 0.009068838483553992927, 0.01437598206817462289, 0.02043368894706893216, 0.02715445677231690530, 0.03444068445073615592, 0.04219310672468849083, 0.04583835084420138234 ),
 .UNSPECIFIED. ) ;
#1118 = CARTESIAN_POINT ( 'NONE',  ( 0.000000000000000000, 6.360022959421542055, 205.8840378691750175 ) ) ;
#1119 = CARTESIAN_POINT ( 'NONE',  ( 559.1999999970527142, 4.065456542850568233, 357.8173156155497736 ) ) ;
#1120 = CARTESIAN_POINT ( 'NONE',  ( 193.3333333323510885, 15.18845332257153480, 253.7677995456126325 ) ) ;
#1121 = CARTESIAN_POINT ( 'NONE',  ( 0.000000000000000000, -6.040101761588164031, 217.1525123588351676 ) ) ;
#1122 = EDGE_LOOP ( 'NONE', ( #1418, #606, #871, #111 ) ) ;
#1123 = B_SPLINE_CURVE_WITH_KNOTS ( 'NONE', 3,
 ( #715, #1098, #211, #1108, #366, #1600, #743 ),
 .UNSPECIFIED., .F., .F.,
 ( 4, 3, 4 ),
 ( 0.001231959450564179851, 0.009400000003592923203, 0.02123195985642219175 ),
 .UNSPECIFIED. ) ;
#1124 = CARTESIAN_POINT ( 'NONE',  ( 559.1999369149414179, -4.469901361975485266, 353.7346018307802638 ) ) ;
#1125 = CARTESIAN_POINT ( 'NONE',  ( 559.2001711289404966, 4.275989363410127808, 355.0468914192380225 ) ) ;
#1126 = EDGE_CURVE ( 'NONE', #568, #340, #300, .T. ) ;
#1127 = CARTESIAN_POINT ( 'NONE',  ( 0.000000000000000000, -5.179038273367098100, 210.9887546019604088 ) ) ;
#1128 = CARTESIAN_POINT ( 'NONE',  ( 310.8376042468088372, -6.015642813216076412, 374.3036018475775677 ) ) ;
#1129 = CARTESIAN_POINT ( 'NONE',  ( 386.6666666647022339, 13.07897365269360890, 261.0380848239540228 ) ) ;
#1130 = CARTESIAN_POINT ( 'NONE',  ( 341.6072432298724380, -0.4020362616952313783, 382.2059231409783138 ) ) ;
#1131 = CARTESIAN_POINT ( 'NONE',  ( 193.3333333323509464, 8.704752596376119200, 357.4126630265610629 ) ) ;
#1132 = CARTESIAN_POINT ( 'NONE',  ( 559.1999951982108996, 3.270839727045460332, 352.8298132534006868 ) ) ;
#1133 = CARTESIAN_POINT ( 'NONE',  ( 193.3333333323510317, -5.303512489585234135, 228.0014150919552662 ) ) ;
#1134 = AXIS2_PLACEMENT_3D ( 'NONE', #242, #1338, #336 ) ;
#1135 = CARTESIAN_POINT ( 'NONE',  ( 530.1340156836820370, -0.1128987454910726079, 353.3407433321731901 ) ) ;
#1136 = CARTESIAN_POINT ( 'NONE',  ( 0.000000000000000000, -6.040101761588164031, 217.1525123588351676 ) ) ;
#1137 = CARTESIAN_POINT ( 'NONE',  ( 310.8370945548289228, -1.573891682992296204, 370.1264354633541984 ) ) ;
#1138 = CARTESIAN_POINT ( 'NONE',  ( 579.9999999970526687, 12.21604645281511381, 288.0486393700726353 ) ) ;
#1139 = DIRECTION ( 'NONE',  ( 0.002564460613766886016, -0.9999966924973346938, -0.0001963062701369814558 ) ) ;
#1140 = CARTESIAN_POINT ( 'NONE',  ( 0.000000000000000000, 8.516251081602066009, 210.1672704940056065 ) ) ;
#1141 = CARTESIAN_POINT ( 'NONE',  ( 559.2000105527019969, 4.201725453183406955, 354.6918233314387408 ) ) ;
#1142 = CARTESIAN_POINT ( 'NONE',  ( 386.6666666647018928, -5.079293524304736351, 244.4817092322057874 ) ) ;
#1143 = CARTESIAN_POINT ( 'NONE',  ( 325.9325114706201134, -0.6396360458865369969, 368.9736794829873361 ) ) ;
#1144 = CARTESIAN_POINT ( 'NONE',  ( 0.000000000000000000, -1.924238009432647001, 200.1133443086088732 ) ) ;
#1145 = CARTESIAN_POINT ( 'NONE',  ( 343.9774545534176013, -5.958749930228248282, 372.8061071967799762 ) ) ;
#1146 = DIRECTION ( 'NONE',  ( -0.9999967117653473236, -0.002564460663179109028, 0.000000000000000000 ) ) ;
#1147 = CARTESIAN_POINT ( 'NONE',  ( 579.9999999970530098, 10.12718433015163200, 262.5747236603409078 ) ) ;
#1148 = PLANE ( 'NONE',  #381 ) ;
#1149 = CARTESIAN_POINT ( 'NONE',  ( 386.6666666647020634, -3.190613515628904828, 230.4749220973889692 ) ) ;
#1150 = CARTESIAN_POINT ( 'NONE',  ( 422.2207338375475274, -5.089912349135428116, 413.7471713121242942 ) ) ;
#1151 = CARTESIAN_POINT ( 'NONE',  ( 193.3333333323509464, 16.09404880310246000, 262.3418053606099534 ) ) ;
#1152 = VECTOR ( 'NONE', #886, 1000.000000000000114 ) ;
#1153 = CARTESIAN_POINT ( 'NONE',  ( 559.1995383697912985, 0.2524284150498339319, 351.1364073920947249 ) ) ;
#1154 = CARTESIAN_POINT ( 'NONE',  ( 526.0267212275581414, -0.3993790244135975165, 353.6467131913959179 ) ) ;
#1155 = CARTESIAN_POINT ( 'NONE',  ( 389.1681757453156933, -0.6577677576245702928, 364.1230646142898877 ) ) ;
#1156 = CARTESIAN_POINT ( 'NONE',  ( 530.1356728902743498, 0.1543526777243301729, 353.3623923657580690 ) ) ;
#1157 = CARTESIAN_POINT ( 'NONE',  ( 579.9999999970533509, -4.179541867572799774, 402.5918904233845410 ) ) ;
#1158 = CARTESIAN_POINT ( 'NONE',  ( 559.1999999970530553, -4.955363640084781807, 355.8499340599764764 ) ) ;
#1159 = CARTESIAN_POINT ( 'NONE',  ( 411.9793256192907052, 5.143008214931106714, 362.3768994592815034 ) ) ;
#1160 = CARTESIAN_POINT ( 'NONE',  ( 0.000000000000000000, 15.80337903634185182, 325.8913209393173815 ) ) ;
#1161 = EDGE_CURVE ( 'NONE', #322, #1294, #566, .T. ) ;
#1162 = VERTEX_POINT ( 'NONE', #1190 ) ;
#1163 = LINE ( 'NONE', #1557, #1355 ) ;
#1164 = CARTESIAN_POINT ( 'NONE',  ( 579.9999999970532372, -1.969755189242207161, 390.8208460070080719 ) ) ;
#1165 = CARTESIAN_POINT ( 'NONE',  ( 341.6072432298724380, -0.2020362616952313395, 382.2059231409783138 ) ) ;
#1166 = CARTESIAN_POINT ( 'NONE',  ( 309.3435903101453164, 5.089075856916819518, 370.2335373385753314 ) ) ;
#1167 = CARTESIAN_POINT ( 'NONE',  ( 386.6666666647018928, 13.07726766458433332, 311.5408364025354331 ) ) ;
#1168 = ORIENTED_EDGE ( 'NONE', *, *, #475, .T. ) ;
#1169 = EDGE_CURVE ( 'NONE', #414, #531, #808, .T. ) ;
#1170 = CARTESIAN_POINT ( 'NONE',  ( 0.000000000000000000, -7.169037781342534998, 446.3294496812645775 ) ) ;
#1171 = EDGE_CURVE ( 'NONE', #1294, #1174, #447, .T. ) ;
#1172 = DIRECTION ( 'NONE',  ( 0.000000000000000000, 1.000000000000000000, 0.000000000000000000 ) ) ;
#1173 = CARTESIAN_POINT ( 'NONE',  ( 193.3333333323510317, 3.194756911386668286, 389.6578644352153447 ) ) ;
#1174 = VERTEX_POINT ( 'NONE', #441 ) ;
#1175 = VERTEX_POINT ( 'NONE', #803 ) ;
#1176 = CARTESIAN_POINT ( 'NONE',  ( 193.3333333323510885, -2.727339546889202992, 423.3996006684712370 ) ) ;
#1177 = CARTESIAN_POINT ( 'NONE',  ( 465.6436296240577803, -0.2792514259138453303, 358.2772906702900855 ) ) ;
#1178 = CARTESIAN_POINT ( 'NONE',  ( 579.9999999970532372, -0.04621037551902798524, 379.9087948609357568 ) ) ;
#1179 = ORIENTED_EDGE ( 'NONE', *, *, #787, .F. ) ;
#1180 = ORIENTED_EDGE ( 'NONE', *, *, #655, .F. ) ;
#1181 = CARTESIAN_POINT ( 'NONE',  ( 579.9999999970527824, -4.352006386214562816, 404.0986377003519578 ) ) ;
#1182 = CARTESIAN_POINT ( 'NONE',  ( 391.5212533987617007, -0.4732832648213154969, 378.3850677489193117 ) ) ;
#1183 = EDGE_CURVE ( 'NONE', #1294, #1076, #54, .T. ) ;
#1184 = CARTESIAN_POINT ( 'NONE',  ( 386.6666666647018360, -5.420512167452217867, 412.1310864783856118 ) ) ;
#1185 = ORIENTED_EDGE ( 'NONE', *, *, #911, .F. ) ;
#1186 = B_SPLINE_CURVE_WITH_KNOTS ( 'NONE', 3,
 ( #1230, #881, #132, #1371, #10, #390, #1113, #496, #266, #758, #142 ),
 .UNSPECIFIED., .F., .F.,
 ( 4, 1, 1, 1, 1, 1, 1, 1, 4 ),
 ( 0.006077980148095372091, 0.01286958280064649796, 0.02192743542280425548, 0.03028233828277677314, 0.03781295886711184134, 0.04441051888798574349, 0.04999794612063829941, 0.05453183399085165944, 0.05523319873433508997 ),
 .UNSPECIFIED. ) ;
#1187 = CARTESIAN_POINT ( 'NONE',  ( 461.3768567605068824, 0.1069089948438046028, 373.0377082026287212 ) ) ;
#1188 = ORIENTED_EDGE ( 'NONE', *, *, #133, .T. ) ;
#1189 = CARTESIAN_POINT ( 'NONE',  ( 386.6666666647018928, -5.720178202154572844, 376.8193992500837339 ) ) ;
#1190 = CARTESIAN_POINT ( 'NONE',  ( 341.6072432298724380, -0.6020362616952313894, 382.2059231409783138 ) ) ;
#1191 = CARTESIAN_POINT ( 'NONE',  ( 579.9999999970527824, -4.937668687604563011, 340.7488106811252351 ) ) ;
#1192 = ORIENTED_EDGE ( 'NONE', *, *, #1251, .T. ) ;
#1193 = CARTESIAN_POINT ( 'NONE',  ( 410.3663443032929763, -0.1545987641650334310, 362.5343296853398556 ) ) ;
#1194 = CARTESIAN_POINT ( 'NONE',  ( 550.0775068528797647, 0.2058271094657404543, 351.8390335238983084 ) ) ;
#1195 = VERTEX_POINT ( 'NONE', #1046 ) ;
#1196 = CARTESIAN_POINT ( 'NONE',  ( 386.6666666647018928, -5.975492132353124930, 266.5706856483420211 ) ) ;
#1197 = CARTESIAN_POINT ( 'NONE',  ( 579.9999999970531235, 6.728921447716421866, 248.6694027102821849 ) ) ;
#1198 = CARTESIAN_POINT ( 'NONE',  ( 193.3333333323509464, 5.584419357608983780, 218.1071289435755602 ) ) ;
#1199 = CARTESIAN_POINT ( 'NONE',  ( 193.3333333323509464, -6.642773502515775697, 388.2232343896972111 ) ) ;
#1200 = ORIENTED_EDGE ( 'NONE', *, *, #1251, .F. ) ;
#1201 = CARTESIAN_POINT ( 'NONE',  ( 559.1999999970528279, -2.809825280722760166, 396.9112182747498423 ) ) ;
#1202 = CARTESIAN_POINT ( 'NONE',  ( 310.8369275755013632, 2.667154780274287429, 371.6490595773446444 ) ) ;
#1203 = CARTESIAN_POINT ( 'NONE',  ( 193.3333333323509464, -6.939266470113822471, 260.1927417165398992 ) ) ;
#1204 = VECTOR ( 'NONE', #1431, 1000.000000000000114 ) ;
#1205 = CARTESIAN_POINT ( 'NONE',  ( 480.2230063112860989, 0.1583482576350112025, 357.2007998379409628 ) ) ;
#1206 = CARTESIAN_POINT ( 'NONE',  ( 402.2237344670210177, -0.04285182820271972448, 363.1779895678794219 ) ) ;
#1207 = CARTESIAN_POINT ( 'NONE',  ( 386.6666666647020634, 1.630679500242952162, 226.3321464418616529 ) ) ;
#1208 = CARTESIAN_POINT ( 'NONE',  ( 386.6666666647017792, -6.022437639439080392, 326.2649298393706658 ) ) ;
#1209 = ORIENTED_EDGE ( 'NONE', *, *, #430, .F. ) ;
#1210 = DIRECTION ( 'NONE',  ( -0.07632546015824470675, 0.000000000000000000, -0.9970829574973348874 ) ) ;
#1211 = PLANE ( 'NONE',  #1222 ) ;
#1212 = CARTESIAN_POINT ( 'NONE',  ( 193.3333333323510317, -6.765421898788464894, 365.9557577967350426 ) ) ;
#1213 = EDGE_CURVE ( 'NONE', #531, #57, #320, .T. ) ;
#1214 = DIRECTION ( 'NONE',  ( 0.000000000000000000, -1.000000000000000000, 0.000000000000000000 ) ) ;
#1215 = CARTESIAN_POINT ( 'NONE',  ( 0.000000000000000000, 0.6651760188416218078, 199.5309203637108340 ) ) ;
#1216 = CARTESIAN_POINT ( 'NONE',  ( 559.1999999970526005, 3.421593743717649794, 361.5625519449519629 ) ) ;
#1217 = PLANE ( 'NONE',  #427 ) ;
#1218 = CARTESIAN_POINT ( 'NONE',  ( 579.9999999970532372, -4.411656509256205005, 398.4873859567278487 ) ) ;
#1219 = ORIENTED_EDGE ( 'NONE', *, *, #779, .T. ) ;
#1220 = CARTESIAN_POINT ( 'NONE',  ( 523.1825571848892196, -3.661503004734449895, 403.9991331957797343 ) ) ;
#1221 = CARTESIAN_POINT ( 'NONE',  ( 310.8370944207831599, 3.947695981236315710, 373.8860711148029736 ) ) ;
#1222 = AXIS2_PLACEMENT_3D ( 'NONE', #853, #588, #167 ) ;
#1223 = CARTESIAN_POINT ( 'NONE',  ( 386.6666666647018928, -6.161060105321074509, 294.7877091421007663 ) ) ;
#1224 = CARTESIAN_POINT ( 'NONE',  ( 310.8370954461790916, -5.743654793945987436, 373.4035177338727749 ) ) ;
#1225 = CARTESIAN_POINT ( 'NONE',  ( 193.3333333323509748, -3.397287876363841441E-11, 212.5133111311279777 ) ) ;
#1226 = CARTESIAN_POINT ( 'NONE',  ( 310.8370945548289228, -6.113663193997986411, 375.3638235433062391 ) ) ;
#1227 = CARTESIAN_POINT ( 'NONE',  ( 458.0318511666058612, 4.186897011192994178, 364.5381233186581653 ) ) ;
#1228 = CARTESIAN_POINT ( 'NONE',  ( 193.3333333323509748, -6.706862923142622002, 250.7127431795906887 ) ) ;
#1229 = ORIENTED_EDGE ( 'NONE', *, *, #986, .F. ) ;
#1230 = CARTESIAN_POINT ( 'NONE',  ( 310.8370945548291502, 4.052644616121345855, 376.1087982770621920 ) ) ;
#1231 = CARTESIAN_POINT ( 'NONE',  ( 461.3768567605068824, -0.2930910051561943508, 373.0377082026287212 ) ) ;
#1232 = CARTESIAN_POINT ( 'NONE',  ( 193.3333333323509748, -0.4512635983332914380, 212.5013648110064537 ) ) ;
#1233 = CARTESIAN_POINT ( 'NONE',  ( 310.8370948749328591, -5.738816943869965215, 373.3914262653161131 ) ) ;
#1234 = CARTESIAN_POINT ( 'NONE',  ( 386.6666666647019497, 0.5029398384553279699, 225.5266254785185254 ) ) ;
#1235 = CARTESIAN_POINT ( 'NONE',  ( 552.0827442894752721, 4.266721080434968449, 357.1653728636954384 ) ) ;
#1236 = CARTESIAN_POINT ( 'NONE',  ( 386.6666666647018928, 13.85879363688259858, 268.4212721551975278 ) ) ;
#1237 = CARTESIAN_POINT ( 'NONE',  ( 193.3333333323510885, -6.367875266799881473, 242.1323187556666028 ) ) ;
#1238 = VERTEX_POINT ( 'NONE', #182 ) ;
#1239 = EDGE_CURVE ( 'NONE', #449, #933, #686, .T. ) ;
#1240 = CARTESIAN_POINT ( 'NONE',  ( 531.2324601222520641, 0.2871012545089257628, 367.6903486563381307 ) ) ;
#1241 = CARTESIAN_POINT ( 'NONE',  ( 559.2002423476708373, 4.292323259689888815, 355.1543208384474610 ) ) ;
#1242 = CARTESIAN_POINT ( 'NONE',  ( 579.9999999970528961, -2.452747206727057261E-11, 238.5133111311282619 ) ) ;
#1243 = CARTESIAN_POINT ( 'NONE',  ( 310.8370820743062950, -4.706477048699013288, 371.7674316308202833 ) ) ;
#1244 = CARTESIAN_POINT ( 'NONE',  ( 579.9999999970528961, 11.62353847066273715, 274.5007389497849886 ) ) ;
#1245 = DIRECTION ( 'NONE',  ( -0.07632546015824470675, 0.000000000000000000, -0.9970829574973348874 ) ) ;
#1246 = CARTESIAN_POINT ( 'NONE',  ( 193.3333333323510885, 7.477695866475672304, 221.8680221566752095 ) ) ;
#1247 = CARTESIAN_POINT ( 'NONE',  ( 559.1999995561337755, 3.245752221749794941, 352.7995006319818572 ) ) ;
#1248 =( GEOMETRIC_REPRESENTATION_CONTEXT ( 3 ) GLOBAL_UNCERTAINTY_ASSIGNED_CONTEXT ( ( #514 ) ) GLOBAL_UNIT_ASSIGNED_CONTEXT ( ( #27, #1608, #58 ) ) REPRESENTATION_CONTEXT ( 'NONE', 'WORKASPACE' ) );
#1249 = CARTESIAN_POINT ( 'NONE',  ( 0.000000000000000000, -1.924238009432647001, 200.1133443086088732 ) ) ;
#1250 = CARTESIAN_POINT ( 'NONE',  ( 474.7938788620726882, 0.1443437938872926263, 357.6166496079539456 ) ) ;
#1251 = EDGE_CURVE ( 'NONE', #1068, #1393, #681, .T. ) ;
#1252 = CARTESIAN_POINT ( 'NONE',  ( 386.6666666647018928, -0.3885889226291279752, 225.5030240003190727 ) ) ;
#1253 = CARTESIAN_POINT ( 'NONE',  ( 310.8370980548867806, -5.754781959798673796, 373.4316325928617744 ) ) ;
#1254 = CARTESIAN_POINT ( 'NONE',  ( 193.3333333323510885, 15.18845332257153480, 253.7677995456126325 ) ) ;
#1255 = FACE_OUTER_BOUND ( 'NONE', #835, .T. ) ;
#1256 = CARTESIAN_POINT ( 'NONE',  ( 579.9999999970528961, 7.980006272893821695, 252.7075933310317168 ) ) ;
#1257 = CARTESIAN_POINT ( 'NONE',  ( 559.1999987705412423, 3.253253835790176574, 352.8085163873522561 ) ) ;
#1258 = CARTESIAN_POINT ( 'NONE',  ( 193.3333333323509748, -3.397287876363841441E-11, 212.5133111311279777 ) ) ;
#1259 = CARTESIAN_POINT ( 'NONE',  ( 559.1999999970531690, -4.707690436399304623, 354.2924047772741574 ) ) ;
#1260 = CARTESIAN_POINT ( 'NONE',  ( 559.2000803462001386, 4.244022946728392753, 354.8793745527459009 ) ) ;
#1261 = CARTESIAN_POINT ( 'NONE',  ( 320.5672849051885578, -0.6534755244864364210, 369.3838580001875584 ) ) ;
#1262 = CARTESIAN_POINT ( 'NONE',  ( 579.9999999970528961, 11.62353847066273715, 274.5007389497849886 ) ) ;
#1263 = CARTESIAN_POINT ( 'NONE',  ( 461.3768567605068824, 0.1069089948438046028, 373.0377082026287212 ) ) ;
#1264 = CARTESIAN_POINT ( 'NONE',  ( 193.3333333323510317, -3.705220741270887075, 218.2751697116970888 ) ) ;
#1265 = PRESENTATION_STYLE_ASSIGNMENT (( #1380 ) ) ;
#1266 = CARTESIAN_POINT ( 'NONE',  ( 571.6396388746451294, -4.924056374199301089, 350.1551010818957934 ) ) ;
#1267 = CARTESIAN_POINT ( 'NONE',  ( 321.6656500370165190, -0.2534755244864377310, 383.7324272952099022 ) ) ;
#1268 = CARTESIAN_POINT ( 'NONE',  ( 579.9999999970528961, 11.66426790245968981, 302.8719718620156414 ) ) ;
#1269 = B_SPLINE_CURVE_WITH_KNOTS ( 'NONE', 3,
 ( #846, #742, #365, #219, #1366, #95, #373, #600, #864, #1097, #1590, #354, #241, #876, #1116, #1609, #752, #481, #978, #855, #1347, #1124, #1011, #113, #398, #20, #766, #1605, #513, #1259, #891, #380, #522, #638, #504, #1379 ),
 .UNSPECIFIED., .F., .F.,
 ( 4, 2, 2, 2, 2, 1, 1, 1, 2, 2, 2, 2, 2, 1, 1, 1, 2, 2, 2, 2, 4 ),
 ( 0.000000000000000000, 0.2500000000004931056, 0.3750000000007353562, 0.4375000000008564260, 0.4687500000009169887, 0.4843750000009399703, 0.4921875000009587886, 0.4960937500009757750, 0.4980468750009767742, 0.5000000000009776624, 0.6250000000007044365, 0.6875000000005770939, 0.7187500000005043743, 0.7343750000004681810, 0.7421875000004412026, 0.7460937500004276579, 0.7480468750004121148, 0.7500000000003964606, 0.8125000000002974287, 0.8750000000001982858, 1.000000000000000000 ),
 .UNSPECIFIED. ) ;
#1270 = CARTESIAN_POINT ( 'NONE',  ( 343.9774545534176013, -5.958749930228248282, 372.8061071967799762 ) ) ;
#1271 = CARTESIAN_POINT ( 'NONE',  ( 309.3473242107097576, -0.9728150752378467159, 370.2332515127735064 ) ) ;
#1272 = ORIENTED_EDGE ( 'NONE', *, *, #428, .F. ) ;
#1273 = CARTESIAN_POINT ( 'NONE',  ( 354.9588988739646993, -0.7455952643632329790, 366.7417422070151360 ) ) ;
#1274 = CARTESIAN_POINT ( 'NONE',  ( 559.1999999970530553, -4.507080794450030403, 400.5215869932083592 ) ) ;
#1275 = CARTESIAN_POINT ( 'NONE',  ( 386.6666666647017792, -4.705967703391121582, 419.7200802417859222 ) ) ;
#1276 = CARTESIAN_POINT ( 'NONE',  ( 324.5029054735136356, -0.2433317163948191530, 369.1239039869525413 ) ) ;
#1277 = CARTESIAN_POINT ( 'NONE',  ( 389.1766278708947766, -0.8218342383142458463, 364.1224176145900628 ) ) ;
#1278 = ADVANCED_FACE ( 'NONE', ( #44 ), #69, .F. ) ;
#1279 = CARTESIAN_POINT ( 'NONE',  ( 193.3333333323508896, -5.464983162938358063, 438.0432744059715446 ) ) ;
#1280 = CARTESIAN_POINT ( 'NONE',  ( 298.3671521233923727, -6.171999031318591733, 376.3187364003252924 ) ) ;
#1281 = LINE ( 'NONE', #22, #312 ) ;
#1282 = CARTESIAN_POINT ( 'NONE',  ( 386.6666666647022339, -5.260036546780130884, 416.2510710529381299 ) ) ;
#1283 = CARTESIAN_POINT ( 'NONE',  ( 460.2815076889345391, 0.1069089948438046028, 358.7285394205351281 ) ) ;
#1284 = CARTESIAN_POINT ( 'NONE',  ( 354.9602671146487864, 5.113411250459646951, 366.7416374686680456 ) ) ;
#1285 = CARTESIAN_POINT ( 'NONE',  ( 579.9999999970527824, -1.068975656530539498, 385.7314532393304489 ) ) ;
#1286 = EDGE_CURVE ( 'NONE', #946, #340, #162, .T. ) ;
#1287 = VECTOR ( 'NONE', #1051, 1000.000000000000114 ) ;
#1288 = EDGE_CURVE ( 'NONE', #486, #1428, #1292, .T. ) ;
#1289 = DIRECTION ( 'NONE',  ( 0.000000000000000000, 0.000000000000000000, 1.000000000000000000 ) ) ;
#1290 = ORIENTED_EDGE ( 'NONE', *, *, #986, .T. ) ;
#1291 = CARTESIAN_POINT ( 'NONE',  ( 386.6666666647022339, -4.983285286627484822, 421.1448889319453883 ) ) ;
#1292 = LINE ( 'NONE', #455, #706 ) ;
#1293 = CARTESIAN_POINT ( 'NONE',  ( 0.000000000000000000, 12.00859590623730000, 351.6479129724376662 ) ) ;
#1294 = VERTEX_POINT ( 'NONE', #1407 ) ;
#1295 = EDGE_LOOP ( 'NONE', ( #236, #1423, #317, #822 ) ) ;
#1296 = CARTESIAN_POINT ( 'NONE',  ( 386.6666666647018928, 4.294679108437772008, 369.1716850739566667 ) ) ;
#1297 = CARTESIAN_POINT ( 'NONE',  ( 531.2324601222520641, 0.08710125450892677867, 367.6903486563381307 ) ) ;
#1298 = VECTOR ( 'NONE', #1044, 1000.000000000000000 ) ;
#1299 = CARTESIAN_POINT ( 'NONE',  ( 579.9999999970530098, 8.877391888367052175, 326.7879745516336243 ) ) ;
#1300 = EDGE_LOOP ( 'NONE', ( #1229, #579, #424, #564, #165 ) ) ;
#1301 = ORIENTED_EDGE ( 'NONE', *, *, #74, .T. ) ;
#1302 = CARTESIAN_POINT ( 'NONE',  ( 0.000000000000000000, -6.590772124736852255, 458.2508859490670829 ) ) ;
#1303 = CARTESIAN_POINT ( 'NONE',  ( 551.1740533151079262, -0.06145948269986785395, 366.1638445021064854 ) ) ;
#1304 = CARTESIAN_POINT ( 'NONE',  ( 193.3333333323510885, -0.06398327331131900553, 408.2906831791809736 ) ) ;
#1305 = EDGE_LOOP ( 'NONE', ( #708, #467, #805, #82 ) ) ;
#1306 = B_SPLINE_CURVE_WITH_KNOTS ( 'NONE', 3,
 ( #665, #1156, #36, #541 ),
 .UNSPECIFIED., .F., .F.,
 ( 4, 4 ),
 ( 1.246832498358330099E-18, 0.0004021064041889702186 ),
 .UNSPECIFIED. ) ;
#1307 = CARTESIAN_POINT ( 'NONE',  ( 310.8370874864213533, 3.924526698912468969, 373.8032257055642731 ) ) ;
#1308 = ORIENTED_EDGE ( 'NONE', *, *, #1126, .T. ) ;
#1309 = CARTESIAN_POINT ( 'NONE',  ( 0.000000000000000000, -7.565368802876977661, 399.6270695293106314 ) ) ;
#1310 = CARTESIAN_POINT ( 'NONE',  ( 460.2784189884300190, -0.2930910051561943508, 358.6881899666634581 ) ) ;
#1311 = ADVANCED_FACE ( 'NONE', ( #1478 ), #327, .F. ) ;
#1312 = CARTESIAN_POINT ( 'NONE',  ( 193.3333333323510317, -6.700220827177433947, 377.3870091286089519 ) ) ;
#1313 = ORIENTED_EDGE ( 'NONE', *, *, #1559, .T. ) ;
#1314 = CARTESIAN_POINT ( 'NONE',  ( 559.1999999970529416, -4.823561603186092839, 380.9156343610694080 ) ) ;
#1315 = CARTESIAN_POINT ( 'NONE',  ( 310.8370924464393283, 2.904197568793546402, 371.9097831331183102 ) ) ;
#1316 = ORIENTED_EDGE ( 'NONE', *, *, #594, .T. ) ;
#1317 = CARTESIAN_POINT ( 'NONE',  ( 193.3333333323509464, -6.642773502515775697, 388.2232343896972111 ) ) ;
#1318 = CARTESIAN_POINT ( 'NONE',  ( 340.5122270009606495, -0.2020362616952313395, 367.9011024721307308 ) ) ;
#1319 = PLANE ( 'NONE',  #505 ) ;
#1320 = CARTESIAN_POINT ( 'NONE',  ( 579.9999999970532372, -4.288441108073364205, 402.5788312642366691 ) ) ;
#1321 = ORIENTED_EDGE ( 'NONE', *, *, #389, .T. ) ;
#1322 = DIRECTION ( 'NONE',  ( -1.000000000000000000, 0.000000000000000000, 0.000000000000000000 ) ) ;
#1323 = CARTESIAN_POINT ( 'NONE',  ( 310.8370945548291502, 3.105105976062195516, 372.1492714293012796 ) ) ;
#1324 = EDGE_LOOP ( 'NONE', ( #1548, #1550, #1316, #825 ) ) ;
#1325 = VECTOR ( 'NONE', #98, 1000.000000000000000 ) ;
#1326 = CARTESIAN_POINT ( 'NONE',  ( 193.3333333323509180, -6.836737455847012868, 354.0694408174593946 ) ) ;
#1327 = CARTESIAN_POINT ( 'NONE',  ( 579.9999999970528961, 7.980006272893821695, 252.7075933310317168 ) ) ;
#1328 = FACE_OUTER_BOUND ( 'NONE', #738, .T. ) ;
#1329 = DIRECTION ( 'NONE',  ( -0.07632546015824470675, 0.000000000000000000, -0.9970829574973348874 ) ) ;
#1330 = CARTESIAN_POINT ( 'NONE',  ( 386.6666666647022339, -5.954441073316516508, 336.9066955511404444 ) ) ;
#1331 = ORIENTED_EDGE ( 'NONE', *, *, #1050, .F. ) ;
#1332 = CARTESIAN_POINT ( 'NONE',  ( 551.1740533151079262, 0.3385405173001321821, 366.1638445021064854 ) ) ;
#1333 = EDGE_CURVE ( 'NONE', #1518, #310, #618, .T. ) ;
#1334 = CARTESIAN_POINT ( 'NONE',  ( 31.07700578236019595, 0.000000000000000000, 405.9766265593979142 ) ) ;
#1335 = EDGE_CURVE ( 'NONE', #1238, #993, #1123, .T. ) ;
#1336 = CARTESIAN_POINT ( 'NONE',  ( 193.3333333323510885, -6.494676812344354566, 415.8765459913967675 ) ) ;
#1337 = CARTESIAN_POINT ( 'NONE',  ( 310.8370944936647788, -4.630563643477161762, 371.6882199417826200 ) ) ;
#1338 = DIRECTION ( 'NONE',  ( -0.9970829574973349985, 0.000000000000000000, 0.07632546015824470675 ) ) ;
#1339 = CARTESIAN_POINT ( 'NONE',  ( 310.8370945548287523, -6.102705575939124216, 377.4143120441710266 ) ) ;
#1340 = CARTESIAN_POINT ( 'NONE',  ( 481.3184499533627445, -0.04165174236498905835, 371.5112040483970759 ) ) ;
#1341 = CARTESIAN_POINT ( 'NONE',  ( 0.000000000000000000, -7.965129795698265625, 332.7649557612896274 ) ) ;
#1342 = ORIENTED_EDGE ( 'NONE', *, *, #713, .F. ) ;
#1343 = FACE_OUTER_BOUND ( 'NONE', #1103, .T. ) ;
#1344 = B_SPLINE_CURVE_WITH_KNOTS ( 'NONE', 3,
 ( #499, #260, #3, #229, #1128, #507, #723, #632, #1477, #760, #732, #1253, #1224, #1233, #884, #1458, #1467, #611, #997, #250, #135, #105, #1003, #1243, #1107, #1493, #126, #1337, #641, #988, #1357, #490, #623, #1485, #1137, #383 ),
 .UNSPECIFIED., .F., .F.,
 ( 4, 2, 2, 2, 2, 1, 1, 1, 2, 2, 2, 2, 2, 1, 1, 1, 2, 2, 2, 2, 4 ),
 ( 0.000000000000000000, 0.1250000000000534017, 0.1875000000000698330, 0.2187500000000856537, 0.2343750000000935085, 0.2421875000000974776, 0.2460937500001054157, 0.2480468750001093847, 0.2490234375001113554, 0.2500000000001133538, 0.3749999999998021027, 0.4374999999996380118, 0.4687499999995559108, 0.4843749999995147770, 0.4921874999994941824, 0.4960937499994840238, 0.4980468749994789723, 0.4999999999994739208, 0.6249999999996074251, 0.7499999999997408739, 1.000000000000000000 ),
 .UNSPECIFIED. ) ;
#1345 = CARTESIAN_POINT ( 'NONE',  ( 342.7774092667330592, -0.8305073109536887932, 367.6744535697658876 ) ) ;
#1346 = CARTESIAN_POINT ( 'NONE',  ( 579.9999999970531235, -5.144550325250647482, 305.2452058889440423 ) ) ;
#1347 = CARTESIAN_POINT ( 'NONE',  ( 559.1999091136738116, -4.431035993153972008, 353.6576240017077453 ) ) ;
#1348 = CARTESIAN_POINT ( 'NONE',  ( 31.07700578236011424, 0.000000000000000000, 405.9766265593980279 ) ) ;
#1349 = CARTESIAN_POINT ( 'NONE',  ( 461.3768567605068824, 0.1069089948438046028, 373.0377082026287212 ) ) ;
#1350 = CARTESIAN_POINT ( 'NONE',  ( 391.5212533987617007, -0.07328326482131657105, 378.3850677489193117 ) ) ;
#1351 = CARTESIAN_POINT ( 'NONE',  ( 0.000000000000000000, -6.862733592760254631, 460.6268946760304743 ) ) ;
#1352 = ORIENTED_EDGE ( 'NONE', *, *, #430, .T. ) ;
#1353 = CARTESIAN_POINT ( 'NONE',  ( 410.3678452308046758, -0.02184400203010948560, 362.5539371562841779 ) ) ;
#1354 = CARTESIAN_POINT ( 'NONE',  ( 390.4230437872686252, -0.4732832648213154969, 364.0385301046093787 ) ) ;
#1355 = VECTOR ( 'NONE', #711, 1000.000000000000114 ) ;
#1356 = CARTESIAN_POINT ( 'NONE',  ( 579.9999999970528961, -1.220256621134524266, 238.8938225097272152 ) ) ;
#1357 = CARTESIAN_POINT ( 'NONE',  ( 310.8366947576795951, -4.089056527865304602, 371.1899196473458460 ) ) ;
#1358 = CARTESIAN_POINT ( 'NONE',  ( 386.6666666647020634, 8.022921245373382249, 237.6224616886818808 ) ) ;
#1359 = EDGE_CURVE ( 'NONE', #678, #1393, #1405, .T. ) ;
#1360 = CARTESIAN_POINT ( 'NONE',  ( 310.8370945548288091, -5.572249832621030130, 424.2286737944249921 ) ) ;
#1361 = LINE ( 'NONE', #1602, #1445 ) ;
#1362 = CARTESIAN_POINT ( 'NONE',  ( 579.9999999970531235, -5.113217040306552441, 280.3723710342515005 ) ) ;
#1363 = ORIENTED_EDGE ( 'NONE', *, *, #1059, .T. ) ;
#1364 = CARTESIAN_POINT ( 'NONE',  ( 340.5089971869348346, -0.6020362616952313894, 367.8589095719586908 ) ) ;
#1365 = CARTESIAN_POINT ( 'NONE',  ( 406.3999343964014770, -0.4320708284818853828, 362.8149658677860430 ) ) ;
#1366 = CARTESIAN_POINT ( 'NONE',  ( 559.1991082870263199, -2.617472026652497785, 351.7343589335849288 ) ) ;
#1367 = CARTESIAN_POINT ( 'NONE',  ( 386.6666666647018928, 12.07468432340812825, 254.2018341394958725 ) ) ;
#1368 = CARTESIAN_POINT ( 'NONE',  ( 355.4142146660718140, 4.084390922586505823, 372.6582709302092553 ) ) ;
#1369 = CARTESIAN_POINT ( 'NONE',  ( 0.000000000000000000, 10.61092084068729768, 215.5285796454811589 ) ) ;
#1370 = CARTESIAN_POINT ( 'NONE',  ( 0.000000000000000000, -2.971648534343652059, 202.6081388344403251 ) ) ;
#1371 = CARTESIAN_POINT ( 'NONE',  ( 310.8370945548288660, 1.376792352832212352, 391.4831509580702686 ) ) ;
#1372 = CARTESIAN_POINT ( 'NONE',  ( 579.9999999970530098, -1.884472597434357466, 240.4758978681773272 ) ) ;
#1373 = DIRECTION ( 'NONE',  ( 0.9970796596427952130, 0.002571963139560269618, -0.07632520771158345096 ) ) ;
#1374 = CARTESIAN_POINT ( 'NONE',  ( 0.000000000000000000, 12.58377223271067891, 221.8964532117458361 ) ) ;
#1375 = PLANE ( 'NONE',  #865 ) ;
#1376 = CARTESIAN_POINT ( 'NONE',  ( 386.6666666647022339, 5.886350116970718638, 359.8738835282833293 ) ) ;
#1377 = CARTESIAN_POINT ( 'NONE',  ( 559.2000529923980139, 4.232121813319254855, 354.8224765071123556 ) ) ;
#1378 = CARTESIAN_POINT ( 'NONE',  ( 579.9999999970528961, -5.011717794592429165, 272.9486295801441429 ) ) ;
#1379 = CARTESIAN_POINT ( 'NONE',  ( 559.1999999970530553, -4.955363640084781807, 355.8499340599764764 ) ) ;
#1380 = SURFACE_STYLE_USAGE ( .BOTH. , #506 ) ;
#1381 = CARTESIAN_POINT ( 'NONE',  ( 457.9845048080306924, -5.427281285042542258, 363.7801084660530933 ) ) ;
#1382 = CARTESIAN_POINT ( 'NONE',  ( 579.9999999970530098, 10.12718433015163200, 262.5747236603409078 ) ) ;
#1383 = CARTESIAN_POINT ( 'NONE',  ( 310.8370945548291502, 4.052644616121345855, 376.1087982770621920 ) ) ;
#1384 = CARTESIAN_POINT ( 'NONE',  ( 386.6666666647017792, 14.56524338741086666, 284.5744906102912068 ) ) ;
#1385 = CARTESIAN_POINT ( 'NONE',  ( 328.4354446485201038, -0.2331879082372132206, 368.8236956416307635 ) ) ;
#1386 = CARTESIAN_POINT ( 'NONE',  ( 0.000000000000000000, -8.112506095712058496, 304.7436750647945587 ) ) ;
#1387 = ADVANCED_FACE ( 'NONE', ( #1088 ), #591, .T. ) ;
#1388 = CARTESIAN_POINT ( 'NONE',  ( 389.1922504760545394, -5.775614127694029598, 364.1212217274373302 ) ) ;
#1389 = LINE ( 'NONE', #634, #399 ) ;
#1390 = CARTESIAN_POINT ( 'NONE',  ( 0.000000000000000000, 15.96968430992112076, 237.4560550978058870 ) ) ;
#1391 = CARTESIAN_POINT ( 'NONE',  ( 310.8370945548289797, 30.00000000000000000, 370.1192114460068296 ) ) ;
#1392 = CARTESIAN_POINT ( 'NONE',  ( 579.9999999970528961, -4.260065142064195953, 254.4223368971198056 ) ) ;
#1393 = VERTEX_POINT ( 'NONE', #1318 ) ;
#1394 = CARTESIAN_POINT ( 'NONE',  ( 548.8117223758558794, -0.3024014590074112774, 351.9025496949954572 ) ) ;
#1395 = CARTESIAN_POINT ( 'NONE',  ( 551.1740533151079262, 0.3385405173001321821, 366.1638445021064854 ) ) ;
#1396 = CARTESIAN_POINT ( 'NONE',  ( 579.9999999970528961, 6.286797556005607746, 343.1633722646573688 ) ) ;
#1397 = CARTESIAN_POINT ( 'NONE',  ( 559.1986221659680041, 2.157228006118116603, 351.8252487874476628 ) ) ;
#1398 = CARTESIAN_POINT ( 'NONE',  ( 320.7515197690217974, -0.9667357612255684796, 369.3602745280825275 ) ) ;
#1399 = CARTESIAN_POINT ( 'NONE',  ( 579.9999999970526687, -3.946952243843884212, 401.3968860776002430 ) ) ;
#1400 = B_SPLINE_CURVE_WITH_KNOTS ( 'NONE', 3,
 ( #833, #597, #1085, #341, #478, #1314, #350, #569, #1596, #975, #198 ),
 .UNSPECIFIED., .F., .F.,
 ( 4, 1, 1, 1, 1, 1, 1, 1, 4 ),
 ( 0.004742626789912437330, 0.007692763338140161736, 0.01571251980742436466, 0.02319374096710769689, 0.03004204015927541133, 0.03617652733621809502, 0.04151344069082175958, 0.04601503067914440581, 0.04941652885419275942 ),
 .UNSPECIFIED. ) ;
#1401 = ORIENTED_EDGE ( 'NONE', *, *, #1171, .T. ) ;
#1402 = CARTESIAN_POINT ( 'NONE',  ( 457.5870247875869268, -0.5456390303738426484, 358.8856868240245603 ) ) ;
#1403 = PLANE ( 'NONE',  #445 ) ;
#1404 = CARTESIAN_POINT ( 'NONE',  ( 0.000000000000000000, -6.223998622485594545, 456.3664685701571671 ) ) ;
#1405 = B_SPLINE_CURVE_WITH_KNOTS ( 'NONE', 3,
 ( #202, #602, #704, #87 ),
 .UNSPECIFIED., .F., .F.,
 ( 4, 4 ),
 ( 6.938893903907228378E-18, 0.0004022321127453147463 ),
 .UNSPECIFIED. ) ;
#1406 = ADVANCED_FACE ( 'NONE', ( #472 ), #827, .F. ) ;
#1407 = CARTESIAN_POINT ( 'NONE',  ( 411.4628465916175628, -0.02184400203011015867, 376.8585635946876664 ) ) ;
#1408 = CARTESIAN_POINT ( 'NONE',  ( 411.9849783593399479, -0.7437838208356011283, 362.3764667552447918 ) ) ;
#1409 = CARTESIAN_POINT ( 'NONE',  ( 386.6666666647022339, -0.05509682441517349538, 394.0997390200583936 ) ) ;
#1410 = AXIS2_PLACEMENT_3D ( 'NONE', #1448, #970, #220 ) ;
#1411 = ORIENTED_EDGE ( 'NONE', *, *, #1169, .T. ) ;
#1412 = CARTESIAN_POINT ( 'NONE',  ( 481.3184499533627445, -0.2416517423649890139, 371.5112040483970759 ) ) ;
#1413 = CARTESIAN_POINT ( 'NONE',  ( 0.000000000000000000, -3.106131725712700575, 439.6889779992027911 ) ) ;
#1414 = DIRECTION ( 'NONE',  ( -0.07632546015824470675, 0.000000000000000000, -0.9970829574973348874 ) ) ;
#1415 = CARTESIAN_POINT ( 'NONE',  ( 0.000000000000000000, 13.99887089352030856, 338.7147378488038498 ) ) ;
#1416 = PRODUCT_RELATED_PRODUCT_CATEGORY ( 'part', '', ( #80 ) ) ;
#1417 = PRODUCT_DEFINITION_CONTEXT ( 'detailed design', #421, 'design' ) ;
#1418 = ORIENTED_EDGE ( 'NONE', *, *, #1066, .F. ) ;
#1419 = CARTESIAN_POINT ( 'NONE',  ( 0.000000000000000000, -4.371643211507932669, 446.5568535484148924 ) ) ;
#1420 = CARTESIAN_POINT ( 'NONE',  ( 325.3295031968205535, -6.045883873156713051, 374.2513353751230056 ) ) ;
#1421 = CARTESIAN_POINT ( 'NONE',  ( 386.6666666647020634, 1.294877575380734891, 386.4039895251283951 ) ) ;
#1422 = ORIENTED_EDGE ( 'NONE', *, *, #1078, .F. ) ;
#1423 = ORIENTED_EDGE ( 'NONE', *, *, #1333, .T. ) ;
#1424 = CARTESIAN_POINT ( 'NONE',  ( 386.6666666647022339, -0.05509682441517349538, 394.0997390200583936 ) ) ;
#1425 = DIRECTION ( 'NONE',  ( -0.07632546015824470675, 0.000000000000000000, -0.9970829574973348874 ) ) ;
#1426 = AXIS2_PLACEMENT_3D ( 'NONE', #739, #1322, #1065 ) ;
#1427 = CARTESIAN_POINT ( 'NONE',  ( 579.9999999970531235, 2.307336104060937920, 366.4516910496425908 ) ) ;
#1428 = VERTEX_POINT ( 'NONE', #847 ) ;
#1429 = ORIENTED_EDGE ( 'NONE', *, *, #619, .T. ) ;
#1430 = CARTESIAN_POINT ( 'NONE',  ( 0.000000000000000000, -6.846324879718627798, 456.3122647871372806 ) ) ;
#1431 = DIRECTION ( 'NONE',  ( -0.07632546015824470675, 0.000000000000000000, -0.9970829574973348874 ) ) ;
#1432 = CARTESIAN_POINT ( 'NONE',  ( 193.3333333323509748, -6.543366302362839448, 407.5854026889500688 ) ) ;
#1433 = ORIENTED_EDGE ( 'NONE', *, *, #1169, .F. ) ;
#1434 = DIRECTION ( 'NONE',  ( -0.9970829574973348874, 0.000000000000000000, 0.07632546015824470675 ) ) ;
#1435 = DIRECTION ( 'NONE',  ( -0.07632546015824470675, 0.000000000000000000, -0.9970829574973348874 ) ) ;
#1436 = VERTEX_POINT ( 'NONE', #1459 ) ;
#1437 = CARTESIAN_POINT ( 'NONE',  ( 579.9999999970531235, -4.839072846083484869, 357.5893618452735723 ) ) ;
#1438 = DIRECTION ( 'NONE',  ( 0.9970829574973349985, 0.000000000000000000, -0.07632546015824337449 ) ) ;
#1439 = CARTESIAN_POINT ( 'NONE',  ( 193.3333333323509748, 0.5840579286484742783, 212.5287729211146939 ) ) ;
#1440 = CARTESIAN_POINT ( 'NONE',  ( 386.6666666647018928, -5.530142459485384521, 406.8380078360256675 ) ) ;
#1441 = ORIENTED_EDGE ( 'NONE', *, *, #112, .F. ) ;
#1442 = DIRECTION ( 'NONE',  ( -0.9970796596427952130, -0.002571963139560330767, 0.07632520771158367301 ) ) ;
#1443 = CARTESIAN_POINT ( 'NONE',  ( 550.0764019348380316, 0.07249377611625658357, 351.8245993502072224 ) ) ;
#1444 = ORIENTED_EDGE ( 'NONE', *, *, #1239, .F. ) ;
#1445 = VECTOR ( 'NONE', #717, 1000.000000000000000 ) ;
#1446 = CARTESIAN_POINT ( 'NONE',  ( 386.6666666647022339, -5.592650226285882376, 400.6320236277662730 ) ) ;
#1447 = B_SPLINE_SURFACE_WITH_KNOTS ( 'NONE', 3, 3, ( 
 ( #345, #491, #1225, #724 ),
 ( #1591, #1234, #96, #1215 ),
 ( #482, #979, #1468, #117 ),
 ( #355, #961, #856, #230 ),
 ( #1571, #734, #463, #1118 ),
 ( #106, #624, #837, #989 ),
 ( #1197, #1358, #78, #1611 ),
 ( #1327, #953, #885, #1374 ),
 ( #269, #642, #770, #261 ),
 ( #1382, #1367, #127, #761 ),
 ( #500, #1129, #1254, #896 ),
 ( #1244, #1486, #137, #753 ),
 ( #4, #1015, #13, #508 ),
 ( #1138, #998, #517, #384 ),
 ( #1004, #1503, #393, #374 ),
 ( #877, #1494, #251, #633 ),
 ( #924, #1167, #161, #1042 ),
 ( #557, #296, #1052, #1160 ),
 ( #1299, #1057, #1035, #1415 ),
 ( #790, #932, #183, #1293 ),
 ( #687, #1524, #176, #1542 ),
 ( #33, #1547, #670, #40 ),
 ( #435, #816, #545, #1533 ),
 ( #1427, #682, #1173, #49 ),
 ( #798, #1421, #420, #442 ),
 ( #1178, #1409, #1304, #539 ),
 ( #1285, #939, #692, #309 ),
 ( #315, #172, #413, #188 ),
 ( #676, #809, #46, #302 ),
 ( #56, #552, #562, #918 ),
 ( #1399, #287, #1279, #1047 ),
 ( #1538, #431, #929, #804 ),
 ( #457, #955, #358, #1351 ),
 ( #1320, #1594, #567, #982 ),
 ( #1554, #485, #223, #448 ),
 ( #1218, #348, #81, #1471 ),
 ( #234, #1184, #204, #859 ),
 ( #62, #1440, #945, #1584 ),
 ( #707, #584, #850, #466 ),
 ( #321, #476, #1432, #575 ),
 ( #214, #698, #1452, #329 ),
 ( #71, #1063, #1199, #605 ),
 ( #821, #831, #1312, #973 ),
 ( #1564, #195, #1083, #1574 ),
 ( #1191, #964, #1072, #339 ),
 ( #841, #1330, #718, #90 ),
 ( #595, #1208, #1091, #1341 ),
 ( #1462, #727, #99, #1102 ),
 ( #901, #388, #25, #1386 ),
 ( #889, #141, #245, #1028 ),
 ( #870, #746, #1603, #1615 ),
 ( #1362, #120, #405, #528 ),
 ( #1378, #265, #503, #1489 ),
 ( #627, #149, #1228, #274 ),
 ( #909, #110, #1237, #1001 ),
 ( #1392, #1142, #737, #656 ),
 ( #616, #1517, #1133, #1121 ),
 ( #880, #512, #379, #765 ),
 ( #774, #1149, #1264, #1111 ),
 ( #494, #992, #1481, #1370 ),
 ( #369, #256, #757, #1249 ),
 ( #131, #637, #646, #9 ),
 ( #1010, #1499, #1258, #19 ) ),
 .UNSPECIFIED., .T., .F., .F.,
 ( 4, 1, 1, 1, 1, 1, 1, 1, 1, 1, 1, 1, 1, 1, 1, 1, 1, 1, 1, 1, 1, 1, 1, 1, 1, 1, 1, 1, 1, 1, 1, 1, 1, 1, 1, 1, 1, 1, 1, 1, 1, 1, 1, 1, 1, 1, 1, 1, 1, 1, 1, 1, 1, 1, 1, 1, 1, 1, 1, 1, 4 ),
 ( 4, 4 ),
 ( 0.000000000000000000, 0.003860322318652631424, 0.009394797800600040993, 0.01667682966515771081, 0.02574601821153910119, 0.03660292795654351838, 0.04920899649386034636, 0.06349082326102040152, 0.07934674930367069390, 0.09664596362268917940, 0.1152362930771427818, 0.1349489434337972638, 0.1556634120433916246, 0.1773331524001592330, 0.1998829210885900709, 0.2232120323077090296, 0.2472101962221454619, 0.2717419340733749911, 0.2965571596970338897, 0.3213261058738797749, 0.3457060309687295385, 0.3693717206835468447, 0.3919905574059651121, 0.4132492025566901761, 0.4328580350888563411, 0.4505322894011315471, 0.4660166644726876362, 0.4791302729403160710, 0.4897712402210446792, 0.4977451439687686774, 0.5027415987227935590, 0.5044506879271154487, 0.5061687141980233395, 0.5111726415984217953, 0.5191493344995530279, 0.5297856188872963612, 0.5429192827985859227, 0.5584900536828429907, 0.5763877949385057819, 0.5963681263741105187, 0.6181950463317675837, 0.6415931759684508906, 0.6662720753110366045, 0.6919362323365962908, 0.7182704540732928189, 0.7449493915174514314, 0.7716573823196638537, 0.7980689496398100102, 0.8238682316128342897, 0.8487443405748122949, 0.8724112732714405238, 0.8945985341559141713, 0.9150565674164555796, 0.9335822461452389920, 0.9499859994824328968, 0.9641230260458010237, 0.9759079492932850597, 0.9852880743758861692, 0.9922841994269310240, 0.9970173798615488137, 1.000000000000000000 ),
 ( 0.000000000000000000, 1.000000000000000000 ),
 .UNSPECIFIED. ) ;
#1448 = CARTESIAN_POINT ( 'NONE',  ( 531.2324601222520641, -0.1128987454910731769, 367.6903486563381307 ) ) ;
#1449 = CARTESIAN_POINT ( 'NONE',  ( 559.1999999970524868, 4.270617815216453117, 356.6193674239398206 ) ) ;
#1450 = CARTESIAN_POINT ( 'NONE',  ( 389.6216088779714823, 4.115354613377347981, 369.9713404687242928 ) ) ;
#1451 = ADVANCED_FACE ( 'NONE', ( #866 ), #1447, .F. ) ;
#1452 = CARTESIAN_POINT ( 'NONE',  ( 193.3333333323510885, -6.593476819720387461, 398.3318257381640706 ) ) ;
#1453 = EDGE_LOOP ( 'NONE', ( #184, #817, #910, #1036 ) ) ;
#1454 = ADVANCED_FACE ( 'NONE', ( #521, #1019, #1507, #397, #789 ), #422, .F. ) ;
#1455 = CARTESIAN_POINT ( 'NONE',  ( 481.3184499533627445, 0.1583482576350110083, 371.5112040483970759 ) ) ;
#1456 = CARTESIAN_POINT ( 'NONE',  ( 310.8357102353128312, 0.3872410447356982033, 370.2915060440878960 ) ) ;
#1457 = CARTESIAN_POINT ( 'NONE',  ( 579.9999999970526687, -5.051091561309488220, 323.0149168784112135 ) ) ;
#1458 = CARTESIAN_POINT ( 'NONE',  ( 310.8370945548289228, -5.733503621434607567, 373.3782169184175928 ) ) ;
#1459 = CARTESIAN_POINT ( 'NONE',  ( 310.8370945548289228, -6.113663193997986411, 375.3638235433062391 ) ) ;
#1460 = CARTESIAN_POINT ( 'NONE',  ( 460.2784189884300190, -0.2930910051561943508, 358.6881899666634581 ) ) ;
#1461 = CARTESIAN_POINT ( 'NONE',  ( 412.4250295215752544, 4.139304103038918825, 368.1603481356406178 ) ) ;
#1462 = CARTESIAN_POINT ( 'NONE',  ( 579.9999999970531235, -5.102621935511616691, 314.0808441813599075 ) ) ;
#1463 = VERTEX_POINT ( 'NONE', #839 ) ;
#1464 = PLANE ( 'NONE',  #1426 ) ;
#1465 = CARTESIAN_POINT ( 'NONE',  ( 310.8370937987850198, 2.916194337544188553, 371.9239407710239789 ) ) ;
#1466 = CARTESIAN_POINT ( 'NONE',  ( 0.000000000000000000, -7.903040807874519125, 253.8147977847377490 ) ) ;
#1467 = CARTESIAN_POINT ( 'NONE',  ( 310.8370945548290365, -5.579834797844950067, 372.9982820387837705 ) ) ;
#1468 = CARTESIAN_POINT ( 'NONE',  ( 193.3333333323510317, 1.893688306988295489, 213.4642146367242788 ) ) ;
#1469 = CARTESIAN_POINT ( 'NONE',  ( 542.1465110705288453, -0.08191271805334918166, 352.4220072235202679 ) ) ;
#1470 = CARTESIAN_POINT ( 'NONE',  ( 386.6666666647020634, 3.173329659270263559, 227.8570020030838919 ) ) ;
#1471 = CARTESIAN_POINT ( 'NONE',  ( 0.000000000000000000, -6.956796621827982641, 451.7784412453585219 ) ) ;
#1472 = VERTEX_POINT ( 'NONE', #338 ) ;
#1473 = FACE_OUTER_BOUND ( 'NONE', #1300, .T. ) ;
#1474 = CARTESIAN_POINT ( 'NONE',  ( 310.8370945548289228, 4.090117765756001056, 375.8924077390407206 ) ) ;
#1475 = ADVANCED_FACE ( 'NONE', ( #456 ), #465, .T. ) ;
#1476 = CARTESIAN_POINT ( 'NONE',  ( 0.000000000000000000, -2.971648534343652059, 202.6081388344403251 ) ) ;
#1477 = CARTESIAN_POINT ( 'NONE',  ( 310.8371616738142507, -5.827441816469627334, 373.6279538347392872 ) ) ;
#1478 = FACE_OUTER_BOUND ( 'NONE', #554, .T. ) ;
#1479 = CARTESIAN_POINT ( 'NONE',  ( 310.8370945548289797, -5.564543559531689887, 424.5014537256827793 ) ) ;
#1480 = FACE_OUTER_BOUND ( 'NONE', #1453, .T. ) ;
#1481 = CARTESIAN_POINT ( 'NONE',  ( 193.3333333323509748, -2.609256555373887121, 215.2307251790193448 ) ) ;
#1482 = ORIENTED_EDGE ( 'NONE', *, *, #1583, .T. ) ;
#1483 = CARTESIAN_POINT ( 'NONE',  ( 323.2498988273436566, -0.6465557851888279473, 369.1787771068765096 ) ) ;
#1484 = CARTESIAN_POINT ( 'NONE',  ( 398.4706361839132001, -0.4525244813900559659, 363.4222429396670577 ) ) ;
#1485 = CARTESIAN_POINT ( 'NONE',  ( 310.8359245196658662, -2.226772552131815353, 370.2419331610076938 ) ) ;
#1486 = CARTESIAN_POINT ( 'NONE',  ( 386.6666666647018928, 13.85879363688259858, 268.4212721551975278 ) ) ;
#1487 = PLANE ( 'NONE',  #100 ) ;
#1488 = CARTESIAN_POINT ( 'NONE',  ( 193.3333333323509464, 15.18647217929100890, 312.4160318443855999 ) ) ;
#1489 = CARTESIAN_POINT ( 'NONE',  ( 0.000000000000000000, -7.903040807874519125, 253.8147977847377490 ) ) ;
#1490 = VECTOR ( 'NONE', #1373, 1000.000000000000114 ) ;
#1491 = CARTESIAN_POINT ( 'NONE',  ( 472.0793177036185284, 0.1373415620182078800, 357.8246079917510087 ) ) ;
#1492 = CARTESIAN_POINT ( 'NONE',  ( 386.6666666647018928, -3.915872789727388614, 234.1898982628685246 ) ) ;
#1493 = CARTESIAN_POINT ( 'NONE',  ( 310.8370937177651285, -4.645071832273916179, 371.7031407850302003 ) ) ;
#1494 = CARTESIAN_POINT ( 'NONE',  ( 386.6666666647018928, 13.90735550912538265, 302.2484120702011978 ) ) ;
#1495 = DIRECTION ( 'NONE',  ( -0.9970829574973349985, 0.000000000000000000, 0.07632546015824470675 ) ) ;
#1496 = CARTESIAN_POINT ( 'NONE',  ( 193.3333333323509464, 11.04918357943839347, 232.1668332515077964 ) ) ;
#1497 = VECTOR ( 'NONE', #931, 1000.000000000000114 ) ;
#1498 = DIRECTION ( 'NONE',  ( -0.9999967117653473236, -0.002564460663179098186, 0.000000000000000000 ) ) ;
#1499 = CARTESIAN_POINT ( 'NONE',  ( 386.6666666647018928, -2.925017541545449351E-11, 225.5133111311280913 ) ) ;
#1500 = CARTESIAN_POINT ( 'NONE',  ( 468.1467113384081244, 0.1271973729535108566, 358.1258789582467443 ) ) ;
#1501 = CARTESIAN_POINT ( 'NONE',  ( 579.9999999970527824, -0.3259142469249645679, 238.5046831896317201 ) ) ;
#1502 = CARTESIAN_POINT ( 'NONE',  ( 514.6025882337570465, -0.4211075902274478144, 354.5212163619742682 ) ) ;
#1503 = CARTESIAN_POINT ( 'NONE',  ( 386.6666666647020634, 14.40794366876468935, 293.2433517987929577 ) ) ;
#1504 = CARTESIAN_POINT ( 'NONE',  ( 320.5679079843799286, -0.5196124082112006937, 369.3919976385436712 ) ) ;
#1505 = CARTESIAN_POINT ( 'NONE',  ( 386.6666666647018928, 10.58455155675147097, 330.7635623173570139 ) ) ;
#1506 = CARTESIAN_POINT ( 'NONE',  ( 559.1983861197618353, 1.214269034925507418, 351.3668075491287368 ) ) ;
#1507 = FACE_OUTER_BOUND ( 'NONE', #559, .T. ) ;
#1508 = ADVANCED_FACE ( 'NONE', ( #213 ), #1319, .T. ) ;
#1509 = CARTESIAN_POINT ( 'NONE',  ( 31.07700578236136835, 0.000000000000000000, 405.9766265593990511 ) ) ;
#1510 = VECTOR ( 'NONE', #701, 1000.000000000000000 ) ;
#1511 =( LENGTH_UNIT ( ) NAMED_UNIT ( * ) SI_UNIT ( .MILLI., .METRE. ) );
#1512 = CARTESIAN_POINT ( 'NONE',  ( 341.6072432298724380, -0.2020362616952313395, 382.2059231409783138 ) ) ;
#1513 = B_SPLINE_CURVE_WITH_KNOTS ( 'NONE', 3,
 ( #1354, #985, #238, #1484, #740, #1365, #103 ),
 .UNSPECIFIED., .F., .F.,
 ( 4, 3, 4 ),
 ( 0.001328817671643276518, 0.009400000000104576439, 0.02132881768486216342 ),
 .UNSPECIFIED. ) ;
#1514 = DIRECTION ( 'NONE',  ( 0.9970829574973348874, 0.000000000000000000, -0.07632546015824470675 ) ) ;
#1515 = CARTESIAN_POINT ( 'NONE',  ( 193.3333333323509464, 16.15044311579107017, 301.6248522783866974 ) ) ;
#1516 = PLANE ( 'NONE',  #171 ) ;
#1517 = CARTESIAN_POINT ( 'NONE',  ( 386.6666666647020634, -4.566923217582304240, 238.8503178250753649 ) ) ;
#1518 = VERTEX_POINT ( 'NONE', #108 ) ;
#1519 = CARTESIAN_POINT ( 'NONE',  ( 526.0056572421395913, -0.3867807556311907424, 353.6483256132788711 ) ) ;
#1520 = LINE ( 'NONE', #270, #601 ) ;
#1521 = CARTESIAN_POINT ( 'NONE',  ( 579.9999999970530098, 8.877391888367052175, 326.7879745516336243 ) ) ;
#1522 = CARTESIAN_POINT ( 'NONE',  ( 559.1999999970529416, 4.063951386609665484, 354.1780722321653343 ) ) ;
#1523 = CARTESIAN_POINT ( 'NONE',  ( 389.1715090481406492, 5.131321896938780824, 364.1228094565536821 ) ) ;
#1524 = CARTESIAN_POINT ( 'NONE',  ( 386.6666666647018928, 7.495775076190865249, 350.2880176456091590 ) ) ;
#1525 = B_SPLINE_CURVE_WITH_KNOTS ( 'NONE', 3,
 ( #658, #1528, #785, #509, #1150, #533, #138, #793, #409, #1274 ),
 .UNSPECIFIED., .F., .F.,
 ( 4, 3, 3, 4 ),
 ( 0.3122853940660609284, 0.3924851260240383999, 0.4875937714111142629, 0.5618055035496491989 ),
 .UNSPECIFIED. ) ;
#1526 = EDGE_CURVE ( 'NONE', #1076, #568, #1100, .T. ) ;
#1527 = CARTESIAN_POINT ( 'NONE',  ( 297.9681341863492889, -6.201835025750163766, 371.1043143549439947 ) ) ;
#1528 = CARTESIAN_POINT ( 'NONE',  ( 337.4463567436377502, -5.451121512699140581, 421.9322835833020804 ) ) ;
#1529 = CARTESIAN_POINT ( 'NONE',  ( 386.6666666647020634, 1.294877575380734891, 386.4039895251283951 ) ) ;
#1530 = FACE_OUTER_BOUND ( 'NONE', #325, .T. ) ;
#1531 = CARTESIAN_POINT ( 'NONE',  ( 572.0604603799378083, 4.277455450724703567, 355.6338251222981626 ) ) ;
#1532 = MECHANICAL_DESIGN_GEOMETRIC_PRESENTATION_REPRESENTATION (  '', ( #1043 ), #331 ) ;
#1533 = CARTESIAN_POINT ( 'NONE',  ( 0.000000000000000000, 5.680038312985622895, 389.5123884482915173 ) ) ;
#1534 = ORIENTED_EDGE ( 'NONE', *, *, #1101, .F. ) ;
#1535 = LINE ( 'NONE', #1187, #882 ) ;
#1536 = CARTESIAN_POINT ( 'NONE',  ( 193.3333333323510885, -4.759549676635348447, 434.1261621060937728 ) ) ;
#1537 = DIRECTION ( 'NONE',  ( -0.09610480746706914768, 0.000000000000000000, -0.9953712201895922318 ) ) ;
#1538 = CARTESIAN_POINT ( 'NONE',  ( 579.9999999970533509, -4.179541867572799774, 402.5918904233845410 ) ) ;
#1539 = AXIS2_PLACEMENT_3D ( 'NONE', #1563, #89, #1329 ) ;
#1540 = CARTESIAN_POINT ( 'NONE',  ( 579.9999999970527824, -4.341600791566104789, 401.3625127179655578 ) ) ;
#1541 = CARTESIAN_POINT ( 'NONE',  ( 531.2324601222520641, -0.1128987454910731769, 367.6903486563381307 ) ) ;
#1542 = CARTESIAN_POINT ( 'NONE',  ( 0.000000000000000000, 9.913730116561376704, 364.5373084075129100 ) ) ;
#1543 = ORIENTED_EDGE ( 'NONE', *, *, #153, .F. ) ;
#1544 = ORIENTED_EDGE ( 'NONE', *, *, #34, .T. ) ;
#1545 = CARTESIAN_POINT ( 'NONE',  ( 386.6666666647022339, -2.348547368065704966, 407.1102233377395692 ) ) ;
#1546 = DIRECTION ( 'NONE',  ( -0.07632546015824470675, 0.000000000000000000, -0.9970829574973348874 ) ) ;
#1547 = CARTESIAN_POINT ( 'NONE',  ( 386.6666666647022339, 5.886350116970718638, 359.8738835282833293 ) ) ;
#1548 = ORIENTED_EDGE ( 'NONE', *, *, #178, .T. ) ;
#1549 = ADVANCED_FACE ( 'NONE', ( #484 ), #1217, .F. ) ;
#1550 = ORIENTED_EDGE ( 'NONE', *, *, #1559, .F. ) ;
#1551 = CARTESIAN_POINT ( 'NONE',  ( 193.3333333323510885, -5.937811506948676765, 439.6798056192790227 ) ) ;
#1552 = CARTESIAN_POINT ( 'NONE',  ( 480.2199652581858800, -0.2416517423649890139, 357.1610728292513954 ) ) ;
#1553 = VECTOR ( 'NONE', #957, 1000.000000000000000 ) ;
#1554 = CARTESIAN_POINT ( 'NONE',  ( 579.9999999970527824, -4.341600791566104789, 401.3625127179655578 ) ) ;
#1555 = ORIENTED_EDGE ( 'NONE', *, *, #1213, .F. ) ;
#1556 = PLANE ( 'NONE',  #899 ) ;
#1557 = CARTESIAN_POINT ( 'NONE',  ( 411.4628465916175628, -0.4218440020301101878, 376.8585635946876664 ) ) ;
#1558 = ORIENTED_EDGE ( 'NONE', *, *, #1066, .T. ) ;
#1559 = EDGE_CURVE ( 'NONE', #1084, #1175, #347, .T. ) ;
#1560 = CARTESIAN_POINT ( 'NONE',  ( 0.000000000000000000, -8.148468503287105591, 291.1339479415150890 ) ) ;
#1561 = VECTOR ( 'NONE', #122, 1000.000000000000114 ) ;
#1562 = CARTESIAN_POINT ( 'NONE',  ( 390.4237377099989885, -0.3393681464582242735, 364.0475952124635910 ) ) ;
#1563 = CARTESIAN_POINT ( 'NONE',  ( 411.4628465916175628, -0.2218440020301102322, 376.8585635946876664 ) ) ;
#1564 = CARTESIAN_POINT ( 'NONE',  ( 579.9999999970531235, -4.886162747044378918, 349.3334163557685201 ) ) ;
#1565 = ORIENTED_EDGE ( 'NONE', *, *, #228, .F. ) ;
#1566 = CARTESIAN_POINT ( 'NONE',  ( 551.1740533151079262, 0.1385405173001321155, 366.1638445021064854 ) ) ;
#1567 = CARTESIAN_POINT ( 'NONE',  ( 550.0757328165769877, -0.06145948269986785395, 351.8158582772647947 ) ) ;
#1568 = VERTEX_POINT ( 'NONE', #574 ) ;
#1569 = CARTESIAN_POINT ( 'NONE',  ( 386.6666666647017792, -6.022437639439080392, 326.2649298393706658 ) ) ;
#1570 = EDGE_CURVE ( 'NONE', #1568, #439, #1071, .T. ) ;
#1571 = CARTESIAN_POINT ( 'NONE',  ( 579.9999999970528961, 4.033212153983865456, 242.5533110923767026 ) ) ;
#1572 = CARTESIAN_POINT ( 'NONE',  ( 407.6531427924803097, -0.02884661075122616630, 362.7619696290168463 ) ) ;
#1573 = CARTESIAN_POINT ( 'NONE',  ( 386.6666666647022339, 6.439140651349280375, 233.5687738193448126 ) ) ;
#1574 = CARTESIAN_POINT ( 'NONE',  ( 0.000000000000000000, -7.705051474660509214, 374.2669285172183891 ) ) ;
#1575 = EDGE_LOOP ( 'NONE', ( #1272, #432, #586, #1429 ) ) ;
#1576 = CARTESIAN_POINT ( 'NONE',  ( 559.1999999970529416, -2.010508002964114915, 392.5733583267369795 ) ) ;
#1577 = CARTESIAN_POINT ( 'NONE',  ( 310.8369750066368056, 3.816888708900257665, 373.4714116015136938 ) ) ;
#1578 = PRODUCT_DEFINITION_FORMATION_WITH_SPECIFIED_SOURCE ( 'ANY', '', #80, .NOT_KNOWN. ) ;
#1579 = CARTESIAN_POINT ( 'NONE',  ( 193.3333333323510885, -6.914820130816956123, 341.8730961291019526 ) ) ;
#1580 = CARTESIAN_POINT ( 'NONE',  ( 480.2205520517229047, -0.1077612977213022877, 357.1687384474342366 ) ) ;
#1581 = CARTESIAN_POINT ( 'NONE',  ( 412.4250295215752544, 4.139304103038918825, 368.1603481356406178 ) ) ;
#1582 = DIRECTION ( 'NONE',  ( 0.9999967117653472126, 0.002564460663179160636, 0.000000000000000000 ) ) ;
#1583 = EDGE_CURVE ( 'NONE', #933, #1058, #1361, .T. ) ;
#1584 = CARTESIAN_POINT ( 'NONE',  ( 0.000000000000000000, -7.314032143735950342, 439.3289523860927375 ) ) ;
#1585 = VECTOR ( 'NONE', #1442, 1000.000000000000000 ) ;
#1586 = ORIENTED_EDGE ( 'NONE', *, *, #1570, .F. ) ;
#1587 = FACE_OUTER_BOUND ( 'NONE', #965, .T. ) ;
#1588 = PLANE ( 'NONE',  #663 ) ;
#1589 = CARTESIAN_POINT ( 'NONE',  ( 386.6666666647020634, -6.153661249499089436, 284.8637153941359657 ) ) ;
#1590 = CARTESIAN_POINT ( 'NONE',  ( 559.1999805667511509, -3.525951893043038243, 352.4367918843962570 ) ) ;
#1591 = CARTESIAN_POINT ( 'NONE',  ( 579.9999999970530098, 0.4218217482621807735, 238.5244780359223853 ) ) ;
#1592 = CARTESIAN_POINT ( 'NONE',  ( 411.4628465916175628, -0.4218440020301101878, 376.8585635946876664 ) ) ;
#1593 = DIRECTION ( 'NONE',  ( 0.000000000000000000, -1.000000000000000000, 0.000000000000000000 ) ) ;
#1594 = CARTESIAN_POINT ( 'NONE',  ( 386.6666666647022339, -5.113126307511020485, 421.1293184417577891 ) ) ;
#1595 = ORIENTED_EDGE ( 'NONE', *, *, #934, .F. ) ;
#1596 = CARTESIAN_POINT ( 'NONE',  ( 559.1999999970528279, -4.642007006138260117, 396.7895099859285324 ) ) ;
#1597 = CARTESIAN_POINT ( 'NONE',  ( 559.2004126518089606, 4.338588420321476846, 356.1573060365758465 ) ) ;
#1598 = CARTESIAN_POINT ( 'NONE',  ( 0.000000000000000000, -8.138682956222996978, 278.0087147673945651 ) ) ;
#1599 = DIRECTION ( 'NONE',  ( -0.9970796596427955460, -0.002571963139560316889, 0.07632520771158048112 ) ) ;
#1600 = CARTESIAN_POINT ( 'NONE',  ( 534.0696630154074001, 0.2972450426124673695, 353.0812407650237219 ) ) ;
#1601 = CARTESIAN_POINT ( 'NONE',  ( 310.8370945548286386, -5.879982782197346047, 413.2098382395336102 ) ) ;
#1602 = CARTESIAN_POINT ( 'NONE',  ( 481.3184499533627445, 0.1583482576350110083, 371.5112040483970759 ) ) ;
#1603 = CARTESIAN_POINT ( 'NONE',  ( 193.3333333323510317, -7.146172102861043207, 281.4362150807652938 ) ) ;
#1604 = ORIENTED_EDGE ( 'NONE', *, *, #893, .F. ) ;
#1605 = CARTESIAN_POINT ( 'NONE',  ( 559.1999999267017074, -4.610355756828137253, 354.0502045901505426 ) ) ;
#1606 = CARTESIAN_POINT ( 'NONE',  ( 310.8375444890413632, 4.127478337284963494, 375.6062225395648966 ) ) ;
#1607 = ADVANCED_FACE ( 'NONE', ( #1480 ), #470, .F. ) ;
#1608 =( NAMED_UNIT ( * ) PLANE_ANGLE_UNIT ( ) SI_UNIT ( $, .RADIAN. ) );
#1609 = CARTESIAN_POINT ( 'NONE',  ( 559.1999999970531690, -3.624127737445412389, 352.5355237544849842 ) ) ;
#1610 = MANIFOLD_SOLID_BREP ( 'Zapas-WSZYSTKIE CZʌCIDO DRUKU-1', #797 ) ;
#1611 = CARTESIAN_POINT ( 'NONE',  ( 0.000000000000000000, 10.61092084068729768, 215.5285796454811589 ) ) ;
#1612 = CARTESIAN_POINT ( 'NONE',  ( 480.2199652581858800, -0.2416517423649890139, 357.1610728292513954 ) ) ;
#1613 = CARTESIAN_POINT ( 'NONE',  ( 579.9999999970531235, 6.728921447716421866, 248.6694027102821849 ) ) ;
#1614 = B_SPLINE_CURVE_WITH_KNOTS ( 'NONE', 3,
 ( #820, #795, #1177, #815, #551, #691, #1552 ),
 .UNSPECIFIED., .F., .F.,
 ( 4, 3, 4 ),
 ( 0.001328590049304335290, 0.009400000000044253165, 0.02132859005901676167 ),
 .UNSPECIFIED. ) ;
#1615 = CARTESIAN_POINT ( 'NONE',  ( 0.000000000000000000, -8.138682956222996978, 278.0087147673945651 ) ) ;
#1616 = PLANE ( 'NONE',  #874 ) ;
#1617 = CARTESIAN_POINT ( 'NONE',  ( 326.8072312874264753, -0.8938700673472633751, 368.8970004095770605 ) ) ;
ENDSEC;
END-ISO-10303-21;
