ISO-10303-21;
HEADER;
FILE_DESCRIPTION (( 'STEP AP214' ),
    '1' );
FILE_NAME ('FUS 5.STEP',
    '2024-01-23T14:01:10',
    ( '' ),
    ( '' ),
    'SwSTEP 2.0',
    'SolidWorks 2023',
    '' );
FILE_SCHEMA (( 'AUTOMOTIVE_DESIGN' ));
ENDSEC;

DATA;
#1 = CARTESIAN_POINT ( 'NONE',  ( 27.84093464897784997, -61.08184798624968437, 22.23079528764089829 ) ) ;
#2 = CARTESIAN_POINT ( 'NONE',  ( 0.000000000000000000, 40.74795199264384848, 79.83585004708851329 ) ) ;
#3 = CARTESIAN_POINT ( 'NONE',  ( -11.55383968865741373, 26.93463575382700270, 21.23557846822262718 ) ) ;
#4 = CARTESIAN_POINT ( 'NONE',  ( 7.022612018781735799, -37.46568792958922245, 502.3476721880167020 ) ) ;
#5 = CARTESIAN_POINT ( 'NONE',  ( -10.01664302677478702, -50.57121357229395642, 453.7490687451127656 ) ) ;
#6 = VECTOR ( 'NONE', #5723, 1000.000000000000000 ) ;
#7 = VERTEX_POINT ( 'NONE', #5928 ) ;
#8 = CARTESIAN_POINT ( 'NONE',  ( 14.90751675442695046, 10.61928982543029854, 439.0630645774293157 ) ) ;
#9 = CARTESIAN_POINT ( 'NONE',  ( -24.28158381635806151, 10.18940269421091571, 422.3760006521051764 ) ) ;
#10 = CARTESIAN_POINT ( 'NONE',  ( 27.37166652768874187, 6.385253044600585959, 430.0000000002121396 ) ) ;
#11 = CARTESIAN_POINT ( 'NONE',  ( -35.62947719106909972, -24.94595067090384077, 503.5523837938139309 ) ) ;
#12 = EDGE_LOOP ( 'NONE', ( #5418, #5702, #4424, #477 ) ) ;
#13 = CARTESIAN_POINT ( 'NONE',  ( -14.88141498194231716, -0.1649169285987074351, 477.9668491074831422 ) ) ;
#14 = CARTESIAN_POINT ( 'NONE',  ( -5.991823866324523351, -33.07401446608634643, 519.1606664831590479 ) ) ;
#15 = CARTESIAN_POINT ( 'NONE',  ( -15.66547721535090787, -0.3061027076831496219, 476.8288783455055295 ) ) ;
#16 = CARTESIAN_POINT ( 'NONE',  ( -0.000000000000000000, -56.55660942709369010, 462.0117659494177929 ) ) ;
#17 = CARTESIAN_POINT ( 'NONE',  ( -13.27801234163838373, 20.24468796248253355, 430.0000000000000568 ) ) ;
#18 = CARTESIAN_POINT ( 'NONE',  ( 149.9999999999997442, -3.357717096619530217, 429.9999999959435399 ) ) ;
#19 = CARTESIAN_POINT ( 'NONE',  ( -11.70672602441905319, -30.51016492502260746, 513.3595218106817129 ) ) ;
#20 = CARTESIAN_POINT ( 'NONE',  ( 5.991823866324523351, -33.07401446608634643, 519.1606664831590479 ) ) ;
#21 = CARTESIAN_POINT ( 'NONE',  ( 0.8040837019852121736, -10.83479393262041235, 510.3294249814459818 ) ) ;
#22 = CARTESIAN_POINT ( 'NONE',  ( 0.000000000000000000, -8.653564323852759088, 505.4422371214552072 ) ) ;
#23 = CARTESIAN_POINT ( 'NONE',  ( 31.64897437684734882, -4.768229302004893810, 460.7042196770911460 ) ) ;
#24 = CARTESIAN_POINT ( 'NONE',  ( -12.40008064037153090, -53.40580516364158115, -20.80688927514718856 ) ) ;
#25 = CARTESIAN_POINT ( 'NONE',  ( -65.20052225577826732, -23.85695403478975862, 430.0000000000000568 ) ) ;
#26 = CARTESIAN_POINT ( 'NONE',  ( 0.000000000000000000, -27.76651288245900773, 563.8131826905831758 ) ) ;
#27 = CARTESIAN_POINT ( 'NONE',  ( -7.192754217908762904, -10.02745025890519770, 556.6295491338239572 ) ) ;
#28 = CARTESIAN_POINT ( 'NONE',  ( 16.98679122598240099, -44.12286066384282179, 461.1700167966585582 ) ) ;
#29 = CARTESIAN_POINT ( 'NONE',  ( 35.94395991979105531, -26.96728641447465691, 495.4743664108665939 ) ) ;
#30 = VERTEX_POINT ( 'NONE', #1929 ) ;
#31 = CARTESIAN_POINT ( 'NONE',  ( -2.746151463431661721, -67.22781300615389455, 415.5570418069771677 ) ) ;
#32 = DIRECTION ( 'NONE',  ( -1.000000000000000000, 0.000000000000000000, 0.000000000000000000 ) ) ;
#33 = CARTESIAN_POINT ( 'NONE',  ( 17.90558932272608672, 45.27588651669087483, 188.1410139065363012 ) ) ;
#34 = CARTESIAN_POINT ( 'NONE',  ( 0.000000000000000000, 40.74795199264384848, 79.83585004708851329 ) ) ;
#35 = CARTESIAN_POINT ( 'NONE',  ( 6.483493684657329226, -37.57290510082609813, 503.3064382984773033 ) ) ;
#36 = CARTESIAN_POINT ( 'NONE',  ( -11.70783483434922800, -50.21812640207109268, 452.2582130657336847 ) ) ;
#37 = ORIENTED_EDGE ( 'NONE', *, *, #1603, .T. ) ;
#38 = EDGE_CURVE ( 'NONE', #5212, #5738, #4023, .T. ) ;
#39 = CARTESIAN_POINT ( 'NONE',  ( 16.38331170713258800, 5.066845606782786504, 456.6675621673343812 ) ) ;
#40 = CARTESIAN_POINT ( 'NONE',  ( -32.37309486907443556, 8.097370750172641962, 414.1413662696088522 ) ) ;
#41 = CARTESIAN_POINT ( 'NONE',  ( 25.17775525373508927, 7.591056474154512124, 430.0000000002122533 ) ) ;
#42 = CARTESIAN_POINT ( 'NONE',  ( -7.199733483177426230, -28.45660144990769780, 560.7110636646150397 ) ) ;
#43 = CARTESIAN_POINT ( 'NONE',  ( -17.76436361775777328, -30.00968383099594305, 499.9867535299489987 ) ) ;
#44 = CARTESIAN_POINT ( 'NONE',  ( -19.61908392047234528, -1.023194903052359050, 471.0901805316273681 ) ) ;
#45 = CARTESIAN_POINT ( 'NONE',  ( 0.000000000000000000, -30.00000000000000000, 558.9422371214550367 ) ) ;
#46 = CARTESIAN_POINT ( 'NONE',  ( 0.000000000000000000, -33.20068766774330271, 506.4422371214552072 ) ) ;
#47 = CARTESIAN_POINT ( 'NONE',  ( -60.00892403416684573, -10.87759879526569584, 448.8723920580213189 ) ) ;
#48 = CARTESIAN_POINT ( 'NONE',  ( 28.34182685986741390, -0.004202851225297739302, -27.54135597287860193 ) ) ;
#49 = CARTESIAN_POINT ( 'NONE',  ( 13.25495533031168982, -28.90852780041963754, 514.9608929876205821 ) ) ;
#50 = CARTESIAN_POINT ( 'NONE',  ( -12.22123420374327019, -54.47332193326964500, 436.5904544416706017 ) ) ;
#51 = CARTESIAN_POINT ( 'NONE',  ( 19.73786940909598187, -54.54039110046994665, 423.7208443537316498 ) ) ;
#52 = CARTESIAN_POINT ( 'NONE',  ( 28.00420620780169756, -4.233333120139693762, 465.5287132381515107 ) ) ;
#53 = B_SPLINE_SURFACE_WITH_KNOTS ( 'NONE', 3, 3, ( 
 ( #4624, #1661, #5665, #3660, #5206, #4592, #4688 ),
 ( #3629, #5241, #4173, #6174, #3726, #5142, #4719 ),
 ( #5626, #794, #311, #1724, #2729, #6140, #5596 ),
 ( #3693, #2178, #1181, #765, #3277, #1211, #2242 ),
 ( #2695, #5696, #4204, #2632, #3146, #2762, #2279 ),
 ( #698, #1276, #2145, #3244, #5108, #4240, #4656 ),
 ( #178, #6207, #1793, #3761, #5732, #2661, #211 ),
 ( #414, #1474, #3861, #900, #1959, #4754, #5832 ),
 ( #6372, #5803, #832, #1349, #6276, #3926, #2798 ),
 ( #3795, #5767, #3315, #5278, #2444, #4405, #2863 ),
 ( #866, #5862, #3443, #3348, #4816, #1382, #2830 ),
 ( #1925, #6341, #1864, #3893, #4786, #2928, #2379 ),
 ( #4344, #380, #965, #2342, #3412, #4374, #3829 ),
 ( #6310, #1412, #345, #1443, #5310, #4306, #4275 ),
 ( #1896, #5374, #2310, #2897, #3378, #6242, #1826 ),
 ( #4885, #480, #5343, #5895, #933, #4853, #448 ),
 ( #2411, #5924, #1059, #144, #1534, #86, #2475 ),
 ( #4018, #1506, #4531, #5043, #3052, #2050, #4046 ),
 ( #3506, #3022, #3987, #3474, #5471, #2506, #3536 ),
 ( #2020, #1990, #2109, #2597, #2960, #5952, #2566 ),
 ( #5983, #1566, #4981, #4470, #5437, #544, #633 ),
 ( #5500, #4073, #574, #4560, #1623, #2535, #1116 ),
 ( #4501, #1088, #513, #1026, #5011, #56, #602 ),
 ( #116, #2082, #6012, #1596, #3565, #4440, #5530 ),
 ( #26, #6041, #3081, #5406, #995, #4918, #3956 ),
 ( #2991, #4952, #1687, #1144, #4712, #2236, #4681 ),
 ( #2625, #1752, #5199, #6071, #3721, #2756, #5135 ),
 ( #4586, #789, #5619, #6102, #4651, #2722, #1655 ),
 ( #3110, #2138, #4197, #3171, #1205, #4102, #1269 ),
 ( #726, #3207, #758, #6167, #2172, #269, #4167 ),
 ( #2654, #2689, #2205, #3654, #236, #4233, #6133 ),
 ( #3238, #1174, #1718, #303, #2272, #5168, #6200 ),
 ( #3621, #171, #4616, #5590, #3592, #1239, #5690 ) ),
 .UNSPECIFIED., .F., .F., .F.,
 ( 4, 1, 1, 1, 1, 1, 1, 1, 1, 1, 1, 1, 1, 1, 3, 1, 1, 1, 1, 1, 1, 1, 1, 1, 1, 1, 1, 1, 4 ),
 ( 4, 1, 1, 1, 4 ),
 ( 0.9875696398505088291, 0.9879580886051801958, 0.9883465373598514514, 0.9887349861145231511, 0.9891234348691947398, 0.9895118836238668836, 0.9899003323785380282, 0.9902887811332100609, 0.9906772298878814276, 0.9910656786425533493, 0.9914541273972249380, 0.9918425761518965267, 0.9922310249065680043, 0.9930079224159114037, 0.9937848199252545811, 0.9945617174345977585, 0.9953386149439409358, 0.9957270636986126355, 0.9961155124532841132, 0.9965039612079558129, 0.9968924099626272906, 0.9972808587172989903, 0.9976693074719704679, 0.9980577562266421676, 0.9984462049813136453, 0.9988346537359853450, 0.9992231024906568226, 0.9996115512453283003, 1.000000000000000000 ),
 ( 0.000000000000000000, 0.03502224838491098391, 0.09383257832149248523, 0.1938325783214923659, 1.000000000000000000 ),
 .UNSPECIFIED. ) ;
#54 = CARTESIAN_POINT ( 'NONE',  ( 0.2100020128951637921, -29.19817320323820198, 510.5318261933795725 ) ) ;
#55 = CARTESIAN_POINT ( 'NONE',  ( -41.44580843488618171, -40.58642625586956854, 430.0000000000000000 ) ) ;
#56 = CARTESIAN_POINT ( 'NONE',  ( 60.03248176014825077, -15.78487440143755016, 450.6197491453484076 ) ) ;
#57 = CARTESIAN_POINT ( 'NONE',  ( -36.39338372330776394, -3.366029079672264057, 468.1666420047091037 ) ) ;
#58 = CARTESIAN_POINT ( 'NONE',  ( 45.16187447122329957, -30.45584085812864217, 423.0897279431274001 ) ) ;
#59 = CARTESIAN_POINT ( 'NONE',  ( 35.75464570625489102, -26.12279998849253460, 499.3688480653194688 ) ) ;
#60 = CARTESIAN_POINT ( 'NONE',  ( 0.000000000000000000, -46.58870159832864033, 508.9422371214551504 ) ) ;
#61 = CARTESIAN_POINT ( 'NONE',  ( -149.9999999999992610, -6.948226098560440711, 250.7346351206815598 ) ) ;
#62 = CARTESIAN_POINT ( 'NONE',  ( 56.45479911151812047, -15.32409550601231807, 202.6355672451341263 ) ) ;
#63 = CARTESIAN_POINT ( 'NONE',  ( 47.31906922256365533, 16.80001900358779210, 316.1413866361843361 ) ) ;
#64 = CARTESIAN_POINT ( 'NONE',  ( -53.35623814217884586, 16.83228722618856921, 246.4189050667629601 ) ) ;
#65 = CARTESIAN_POINT ( 'NONE',  ( 7.394661464875779799, -42.00075076230742610, 486.9394005025809520 ) ) ;
#66 = CARTESIAN_POINT ( 'NONE',  ( -50.77884854950345073, -29.45321331303284396, 407.6308058144044821 ) ) ;
#67 = ORIENTED_EDGE ( 'NONE', *, *, #6171, .F. ) ;
#68 = CARTESIAN_POINT ( 'NONE',  ( 16.16205856540291919, 8.632038386302797406, 444.1305837136564492 ) ) ;
#69 = CARTESIAN_POINT ( 'NONE',  ( -19.73859203508784077, 11.29354933953943529, 427.3064978926136064 ) ) ;
#70 = CARTESIAN_POINT ( 'NONE',  ( 14.60553693528366281, 13.06016427556142823, 430.0000000002121396 ) ) ;
#71 = CARTESIAN_POINT ( 'NONE',  ( 0.000000000000000000, -29.17375450043447316, 561.1260967719907740 ) ) ;
#72 = CARTESIAN_POINT ( 'NONE',  ( 150.0000000000015064, -6.246665210414335867, 445.4520951632056267 ) ) ;
#73 = ADVANCED_FACE ( 'NONE', ( #1418 ), #1964, .F. ) ;
#74 = CARTESIAN_POINT ( 'NONE',  ( -11.98477965472676665, -29.18325835149055081, 517.0999528819691022 ) ) ;
#75 = CARTESIAN_POINT ( 'NONE',  ( -23.07062176557631972, 0.1538925815401418762, 460.1354952053957277 ) ) ;
#76 = CARTESIAN_POINT ( 'NONE',  ( -9.695790129857829953, -16.92906904541672120, 558.9422371214548093 ) ) ;
#77 = CARTESIAN_POINT ( 'NONE',  ( -9.620743624274640027, -11.03377133881076233, 549.8478901275921089 ) ) ;
#78 = ADVANCED_FACE ( 'NONE', ( #5410 ), #4474, .F. ) ;
#79 = CARTESIAN_POINT ( 'NONE',  ( 86.87707805841237985, -10.34748271511437778, 49.68820832564044565 ) ) ;
#80 = CARTESIAN_POINT ( 'NONE',  ( 20.88539401721480004, -27.04443514491851985, 501.8764393229804455 ) ) ;
#81 = CARTESIAN_POINT ( 'NONE',  ( -11.00569338730399238, -54.70146646648820621, 437.4318796434517935 ) ) ;
#82 = CARTESIAN_POINT ( 'NONE',  ( 22.28410341345072609, -53.60669728905731546, 421.7737230830590534 ) ) ;
#83 = CARTESIAN_POINT ( 'NONE',  ( 7.958863983772258344, -4.614899498489545060, 508.2418825882029978 ) ) ;
#84 = CARTESIAN_POINT ( 'NONE',  ( 11.76125094878783273, -6.083255511146791861, 504.5935311673385399 ) ) ;
#85 = CARTESIAN_POINT ( 'NONE',  ( -57.38987395146222781, -27.71390862656615539, 430.0000000000004547 ) ) ;
#86 = CARTESIAN_POINT ( 'NONE',  ( 60.03675232927812289, -13.92773874357534680, 451.5089619947290771 ) ) ;
#87 = CARTESIAN_POINT ( 'NONE',  ( 0.000000000000000000, -13.51203903903522274, 570.1133336027302221 ) ) ;
#88 = CARTESIAN_POINT ( 'NONE',  ( 15.96248176645744721, -49.10746975760653044, 448.4308823742784966 ) ) ;
#89 = ORIENTED_EDGE ( 'NONE', *, *, #2666, .T. ) ;
#90 = CARTESIAN_POINT ( 'NONE',  ( -11.37866888315511815, -76.76396339257229329, 112.5975321064398287 ) ) ;
#91 = CARTESIAN_POINT ( 'NONE',  ( 28.54115865743538905, -33.16141307421987960, -37.11849018243989207 ) ) ;
#92 = CARTESIAN_POINT ( 'NONE',  ( 5.882888988652245743, 42.38580333701526115, 298.7586613606674177 ) ) ;
#93 = CARTESIAN_POINT ( 'NONE',  ( -2.458911498200082146, 45.48680964656614378, 130.5876176261108412 ) ) ;
#94 = CARTESIAN_POINT ( 'NONE',  ( 14.07260782001935517, -37.88009913266349571, 485.2021980149668821 ) ) ;
#95 = CARTESIAN_POINT ( 'NONE',  ( -35.37584073638311821, -41.32271800422096675, 421.5115834367981620 ) ) ;
#96 = ORIENTED_EDGE ( 'NONE', *, *, #1275, .T. ) ;
#97 = PRESENTATION_LAYER_ASSIGNMENT (  '', '', ( #614 ) ) ;
#98 = CARTESIAN_POINT ( 'NONE',  ( 14.72396803790753417, 7.175026138270867548, 452.3310940012170249 ) ) ;
#99 = CARTESIAN_POINT ( 'NONE',  ( -7.294287328517745195, -29.58140923524771537, 557.5595309809783657 ) ) ;
#100 = CARTESIAN_POINT ( 'NONE',  ( 18.17438694343849193, 11.36587688587695943, 430.0000000002122533 ) ) ;
#101 = VERTEX_POINT ( 'NONE', #6345 ) ;
#102 = CARTESIAN_POINT ( 'NONE',  ( -7.201517848009637568, -29.28366669106678444, 558.7609775018966047 ) ) ;
#103 = CARTESIAN_POINT ( 'NONE',  ( 35.61029944830622895, -13.34155306713987343, 501.3379992237896090 ) ) ;
#104 = VECTOR ( 'NONE', #5562, 1000.000000000000000 ) ;
#105 = CARTESIAN_POINT ( 'NONE',  ( -6.532016216715228474, -32.89882270010095766, 518.2337412623820683 ) ) ;
#106 = CARTESIAN_POINT ( 'NONE',  ( -15.99753125740808635, 5.142815748534165898, 457.1686218575077874 ) ) ;
#107 = CARTESIAN_POINT ( 'NONE',  ( 7.143772087485980471, -28.42396652936399448, 558.9422371214551504 ) ) ;
#108 = CARTESIAN_POINT ( 'NONE',  ( 26.36095858391164981, -6.794924185935053096, 477.0751349971818627 ) ) ;
#109 = CARTESIAN_POINT ( 'NONE',  ( 12.42468602756070162, 0.8701743984461717263, -41.28002289990918428 ) ) ;
#110 = CARTESIAN_POINT ( 'NONE',  ( 5.844770029752509366, -33.10895379065735966, 519.4595875793766027 ) ) ;
#111 = CARTESIAN_POINT ( 'NONE',  ( -22.77948246557656731, -53.41205892470303240, 421.3825372944876335 ) ) ;
#112 = CARTESIAN_POINT ( 'NONE',  ( 54.07224551541608548, -29.33620749443765163, 394.5203164290538211 ) ) ;
#113 = CARTESIAN_POINT ( 'NONE',  ( 16.70212634579936761, -6.208922580025108218, 494.5424406454324640 ) ) ;
#114 = CARTESIAN_POINT ( 'NONE',  ( 12.51311196562302008, -6.866609897533259677, 505.6046855923063958 ) ) ;
#115 = CARTESIAN_POINT ( 'NONE',  ( -14.27854962270339456, -61.96668172873464187, 430.0000000000002274 ) ) ;
#116 = CARTESIAN_POINT ( 'NONE',  ( 0.000000000000000000, -27.14238954272576620, 564.7252312364137197 ) ) ;
#117 = CARTESIAN_POINT ( 'NONE',  ( -35.44879772234385484, -21.13536038543893625, 528.3005546469779574 ) ) ;
#118 = CARTESIAN_POINT ( 'NONE',  ( 9.338201186626553962, -50.68261758230615754, 454.3525889869651451 ) ) ;
#119 = CARTESIAN_POINT ( 'NONE',  ( 88.62511797362003563, -3.129642053160407222, 430.0000000000002842 ) ) ;
#120 = CARTESIAN_POINT ( 'NONE',  ( -75.48662185392541346, -58.46055935914405666, 202.0099641282430412 ) ) ;
#121 = CARTESIAN_POINT ( 'NONE',  ( 0.000000000000000000, -30.77197187328679817, -60.39066745389265378 ) ) ;
#122 = CARTESIAN_POINT ( 'NONE',  ( 149.9999999999999432, 13.01685150340217767, 333.3876767047953535 ) ) ;
#123 = CARTESIAN_POINT ( 'NONE',  ( -6.087201789984794331, 44.18919659100005504, 276.7467911875064033 ) ) ;
#124 = CARTESIAN_POINT ( 'NONE',  ( 42.95897763389096724, -25.73949156312459863, 447.5942929486749904 ) ) ;
#125 = CARTESIAN_POINT ( 'NONE',  ( -12.31572083956731767, -45.49488757104310110, 466.3513617350274671 ) ) ;
#126 = EDGE_LOOP ( 'NONE', ( #4271, #2735, #4838, #2249, #3185, #250, #945, #1315 ) ) ;
#127 = CARTESIAN_POINT ( 'NONE',  ( 54.70288315715173155, -0.04951261278677492050, 413.2759293095089106 ) ) ;
#128 = CARTESIAN_POINT ( 'NONE',  ( -150.0000000000000000, -6.301194178002449853, 438.1959397251795849 ) ) ;
#129 = CARTESIAN_POINT ( 'NONE',  ( 12.87031516972414735, 13.79337021513739003, 430.0000000002123102 ) ) ;
#130 = CARTESIAN_POINT ( 'NONE',  ( -60.01722064374718713, -16.85379576363763121, 448.9845730082528235 ) ) ;
#131 = CARTESIAN_POINT ( 'NONE',  ( 9.620743624274640027, -11.03377133881076233, 549.8478901275921089 ) ) ;
#132 = CARTESIAN_POINT ( 'NONE',  ( -39.01947529612459675, -29.19105921593867237, 445.9677758345518441 ) ) ;
#133 = CARTESIAN_POINT ( 'NONE',  ( -6.723638475490510302, -32.83616144218135702, 517.9201496271733731 ) ) ;
#134 = CARTESIAN_POINT ( 'NONE',  ( -17.15487260658159130, 4.914905323280028604, 455.6654427869876827 ) ) ;
#135 = EDGE_CURVE ( 'NONE', #585, #3126, #3628, .T. ) ;
#136 = CARTESIAN_POINT ( 'NONE',  ( 9.797773230524359889, -22.52756554651001153, 558.9422371214550367 ) ) ;
#137 = PLANE ( 'NONE',  #1738 ) ;
#138 = CARTESIAN_POINT ( 'NONE',  ( 11.95892245156395362, 19.47318974129438018, -2.636757449170115120 ) ) ;
#139 = CARTESIAN_POINT ( 'NONE',  ( -44.08165046063665926, -37.94437154792308320, 401.8288679510734482 ) ) ;
#140 = CARTESIAN_POINT ( 'NONE',  ( 21.78872436132488488, -53.80133565341159141, 422.1649088716304163 ) ) ;
#141 = CARTESIAN_POINT ( 'NONE',  ( 12.89210658183077740, -3.646054141017825767, 493.9870770578426686 ) ) ;
#142 = CARTESIAN_POINT ( 'NONE',  ( 0.1059056513527854848, -29.19999999999999929, 510.5422371214552868 ) ) ;
#143 = CARTESIAN_POINT ( 'NONE',  ( -12.07515647806408410, -56.19748363161835414, 430.0000000000000000 ) ) ;
#144 = CARTESIAN_POINT ( 'NONE',  ( 9.612637209448243070, -20.01973432275099185, 558.7803851268713515 ) ) ;
#145 = CARTESIAN_POINT ( 'NONE',  ( 0.000000000000000000, -29.19999999999999929, 432.9207075737901391 ) ) ;
#146 = CARTESIAN_POINT ( 'NONE',  ( 16.95151893018809730, -48.80675056588462013, 447.4975063926799521 ) ) ;
#147 = CARTESIAN_POINT ( 'NONE',  ( 24.23920391059913371, 15.15744182686480279, 429.9999999999999432 ) ) ;
#148 = CARTESIAN_POINT ( 'NONE',  ( -149.9999999999996874, -7.374312800550632652, 290.7457865829571233 ) ) ;
#149 = CARTESIAN_POINT ( 'NONE',  ( 86.87604687215727495, -29.11059297028707604, 53.32909445959997186 ) ) ;
#150 = CARTESIAN_POINT ( 'NONE',  ( 13.20776690004548115, 35.51755634591616229, 352.3468663762320716 ) ) ;
#151 = CARTESIAN_POINT ( 'NONE',  ( -50.87203371489453474, 19.93273469430910438, 264.0063586441475536 ) ) ;
#152 = CARTESIAN_POINT ( 'NONE',  ( 23.06486304745399352, -34.85591652755086756, 472.2012883971225961 ) ) ;
#153 = CARTESIAN_POINT ( 'NONE',  ( -9.385743663395402336, -48.49136201951799308, 461.9890899979847632 ) ) ;
#154 = ORIENTED_EDGE ( 'NONE', *, *, #3029, .T. ) ;
#155 = CARTESIAN_POINT ( 'NONE',  ( 15.77915892123104769, 8.707753503580750731, 444.5821425867250696 ) ) ;
#156 = CARTESIAN_POINT ( 'NONE',  ( -35.66106005593005079, -25.50521667275220139, 502.3113495257247791 ) ) ;
#157 = CARTESIAN_POINT ( 'NONE',  ( 21.37691955717447811, 9.683142249985788652, 430.0000000002121965 ) ) ;
#158 = LINE ( 'NONE', #5634, #4623 ) ;
#159 = CARTESIAN_POINT ( 'NONE',  ( 60.28269095786244236, -15.86981637255426314, 469.2737939485502352 ) ) ;
#160 = CARTESIAN_POINT ( 'NONE',  ( -50.93228883765927861, -23.47662593050502977, 434.8998474770934308 ) ) ;
#161 = CARTESIAN_POINT ( 'NONE',  ( -21.21673102109541986, -28.99159805910337795, 494.3357449437268087 ) ) ;
#162 = CARTESIAN_POINT ( 'NONE',  ( -10.40603986508164169, 8.012253311869541150, 457.4428183062233302 ) ) ;
#163 = CARTESIAN_POINT ( 'NONE',  ( -7.425430455397928675, -11.83203099376514089, 558.9422371214548093 ) ) ;
#164 = CARTESIAN_POINT ( 'NONE',  ( -60.02355856357483077, -11.35148251760685589, 449.6411294222334050 ) ) ;
#165 = CARTESIAN_POINT ( 'NONE',  ( 55.92567994943940590, 5.748511191116895347, 218.7264803032683460 ) ) ;
#166 = CARTESIAN_POINT ( 'NONE',  ( 0.000000000000000000, -40.83866421348638198, 519.1265805259998842 ) ) ;
#167 = CARTESIAN_POINT ( 'NONE',  ( 150.0000000000000853, -6.834930632268858552, 393.7681184507002285 ) ) ;
#168 = CARTESIAN_POINT ( 'NONE',  ( 40.13830855735005798, -8.844962530806844470, 462.4090407660988262 ) ) ;
#169 = CARTESIAN_POINT ( 'NONE',  ( 12.61439965933661078, -6.944973348415339309, 505.6499813124436287 ) ) ;
#170 = CARTESIAN_POINT ( 'NONE',  ( 1.490253870021695182, -10.06869430153065004, 558.9422371034246453 ) ) ;
#171 = CARTESIAN_POINT ( 'NONE',  ( 2.565489760456064250, -29.89066157883531716, 559.0556382028653388 ) ) ;
#172 = CARTESIAN_POINT ( 'NONE',  ( 23.80679629179828538, -49.87842211382044866, 430.0000000002121396 ) ) ;
#173 = LINE ( 'NONE', #2140, #1231 ) ;
#174 = CARTESIAN_POINT ( 'NONE',  ( 10.96010201054431654, -50.38559582648093027, 452.9066838932935752 ) ) ;
#175 = APPLICATION_CONTEXT ( 'automotive_design' ) ;
#176 = CARTESIAN_POINT ( 'NONE',  ( 0.000000000000000000, 23.02673305817156546, 430.0000000002122533 ) ) ;
#177 = CARTESIAN_POINT ( 'NONE',  ( -78.63166401870097388, -56.46246000319813163, 169.1774943972003484 ) ) ;
#178 = CARTESIAN_POINT ( 'NONE',  ( 0.000000000000000000, -11.17896201891535668, 561.9020792199677317 ) ) ;
#179 = CARTESIAN_POINT ( 'NONE',  ( 149.9999999999999716, 16.36900979716714133, 304.7041830578932036 ) ) ;
#180 = CARTESIAN_POINT ( 'NONE',  ( -149.9999999999998010, 15.67153765998659942, 312.2062866230721170 ) ) ;
#181 = CARTESIAN_POINT ( 'NONE',  ( 7.730785183757470591, -39.61973922533802295, 493.7784060567435631 ) ) ;
#182 = CARTESIAN_POINT ( 'NONE',  ( -9.246367965828376612, -46.24551161711728753, 469.6339721362998603 ) ) ;
#183 = EDGE_CURVE ( 'NONE', #5483, #2338, #2570, .T. ) ;
#184 = ORIENTED_EDGE ( 'NONE', *, *, #1887, .F. ) ;
#185 = CARTESIAN_POINT ( 'NONE',  ( 10.37180417436840330, 2.577388960406828300, 477.6341987149374404 ) ) ;
#186 = DIRECTION ( 'NONE',  ( 0.000000000000000000, 0.000000000000000000, 1.000000000000000000 ) ) ;
#187 = CARTESIAN_POINT ( 'NONE',  ( -1.129090120848401213, -42.99943308456003876, 511.1789647505283938 ) ) ;
#188 = CARTESIAN_POINT ( 'NONE',  ( -32.73833689806600233, 10.51466277376576564, 430.0000000000002274 ) ) ;
#189 = VECTOR ( 'NONE', #786, 1000.000000000000000 ) ;
#190 = EDGE_LOOP ( 'NONE', ( #1671, #3878, #800, #2701 ) ) ;
#191 = CARTESIAN_POINT ( 'NONE',  ( 13.14157859636170400, -55.81051857643603853, 430.0000000002123102 ) ) ;
#192 = CARTESIAN_POINT ( 'NONE',  ( -20.45178147363145982, -38.20510652510652250, 469.6993885634576600 ) ) ;
#193 = CARTESIAN_POINT ( 'NONE',  ( 40.11862163626161504, 7.676886937020688251, 402.2747968972441868 ) ) ;
#194 = CARTESIAN_POINT ( 'NONE',  ( -24.89102432918008745, 1.553737415846123460, 451.7023825616666386 ) ) ;
#195 = CARTESIAN_POINT ( 'NONE',  ( 4.586713937165342259, -29.54774606951161786, 558.9422371214550367 ) ) ;
#196 = CARTESIAN_POINT ( 'NONE',  ( -35.60077031345510790, -13.86986848541549655, 502.8406107457342955 ) ) ;
#197 = CIRCLE ( 'NONE', #1033, 7.200000000000002842 ) ;
#198 = CARTESIAN_POINT ( 'NONE',  ( 150.0000000000000284, 7.321812825929968405, 218.5459688349021121 ) ) ;
#199 = CARTESIAN_POINT ( 'NONE',  ( -0.000000000000000000, -34.34524925974922382, 542.6794645890096263 ) ) ;
#200 = CARTESIAN_POINT ( 'NONE',  ( 51.25947223000092379, -10.64545712083506501, 351.9135237018458042 ) ) ;
#201 = VECTOR ( 'NONE', #2611, 1000.000000000000000 ) ;
#202 = CARTESIAN_POINT ( 'NONE',  ( 13.91316475558088506, -5.776010573435307549, 498.9978336677925768 ) ) ;
#203 = CARTESIAN_POINT ( 'NONE',  ( -1.280860517136322541, -10.88836536870038429, 509.9239428356966641 ) ) ;
#204 = CARTESIAN_POINT ( 'NONE',  ( 150.0000000000000000, -6.301194178002449853, 438.1959397251795849 ) ) ;
#205 = FACE_OUTER_BOUND ( 'NONE', #273, .T. ) ;
#206 = CARTESIAN_POINT ( 'NONE',  ( 23.47556542679944869, -50.13342961137844611, 430.0000000002122533 ) ) ;
#207 = CARTESIAN_POINT ( 'NONE',  ( -34.13921629759016696, 2.882850061869042690, 430.0000000000001137 ) ) ;
#208 = CARTESIAN_POINT ( 'NONE',  ( 20.79371142177461351, -49.79123777478946522, 436.9257918223062802 ) ) ;
#209 = CARTESIAN_POINT ( 'NONE',  ( -1.057623344437629953, -29.13931371553493577, 507.7370316183421437 ) ) ;
#210 = CARTESIAN_POINT ( 'NONE',  ( -3.288584170553724650, -62.42825712573940677, -2.104179398825560821 ) ) ;
#211 = CARTESIAN_POINT ( 'NONE',  ( 150.0000000000000568, -5.467942417658350429, 440.0305525103657374 ) ) ;
#212 = EDGE_CURVE ( 'NONE', #3781, #2362, #5171, .T. ) ;
#213 = CARTESIAN_POINT ( 'NONE',  ( 38.69183588737984536, 10.25441671295230073, 424.1220012238796357 ) ) ;
#214 = CARTESIAN_POINT ( 'NONE',  ( 0.000000000000000000, 40.21921743771114421, 320.0002838484802510 ) ) ;
#215 = CARTESIAN_POINT ( 'NONE',  ( 43.44827197230404892, -26.95449465739818606, 441.4187438582007985 ) ) ;
#216 = CARTESIAN_POINT ( 'NONE',  ( -8.973562787817693120, -48.55896146045063233, 462.4141540379649769 ) ) ;
#217 = ORIENTED_EDGE ( 'NONE', *, *, #804, .T. ) ;
#218 = CARTESIAN_POINT ( 'NONE',  ( 28.47123730170798339, 2.556604852073990131, 441.4184073633445564 ) ) ;
#219 = CARTESIAN_POINT ( 'NONE',  ( -149.9999999999999147, -6.535599991194828817, 431.3880769118694616 ) ) ;
#220 = CARTESIAN_POINT ( 'NONE',  ( 0.000000000000000000, -8.653564323852759088, 0.000000000000000000 ) ) ;
#221 = CARTESIAN_POINT ( 'NONE',  ( 83.62303020544310073, -50.12168651128710195, 112.4429226335344367 ) ) ;
#222 = CARTESIAN_POINT ( 'NONE',  ( -22.16280290093247629, -37.50130167510938861, 467.3094888082165994 ) ) ;
#223 = CARTESIAN_POINT ( 'NONE',  ( 5.887701941533131311, -35.36604512518590582, 511.9102801648282934 ) ) ;
#224 = CARTESIAN_POINT ( 'NONE',  ( 21.49329449735513009, 12.51920605823999821, 419.1402513862597061 ) ) ;
#225 = CARTESIAN_POINT ( 'NONE',  ( -26.72596223158125639, 2.912819957296065798, 443.4558257727621253 ) ) ;
#226 = CARTESIAN_POINT ( 'NONE',  ( 0.000000000000000000, -64.24733880159503485, 430.0498275918299669 ) ) ;
#227 = CARTESIAN_POINT ( 'NONE',  ( -35.59910951302285298, -14.00586579924553732, 503.1650384195591528 ) ) ;
#228 = CARTESIAN_POINT ( 'NONE',  ( 27.28012801745004268, 17.82243023528065962, 9.515898732818438788 ) ) ;
#229 = ORIENTED_EDGE ( 'NONE', *, *, #5571, .F. ) ;
#230 = CARTESIAN_POINT ( 'NONE',  ( -13.77763874304960723, -7.757865939558568513, 505.8806944303116779 ) ) ;
#231 = CARTESIAN_POINT ( 'NONE',  ( 2.746151463431661721, -67.22781300615389455, 415.5570418069771677 ) ) ;
#232 = CARTESIAN_POINT ( 'NONE',  ( -9.540546851521055416, -36.75072629622820131, 498.6955451565536919 ) ) ;
#233 = CARTESIAN_POINT ( 'NONE',  ( 53.53048140247114617, -22.93049611475921523, 430.0000109327460791 ) ) ;
#234 = CARTESIAN_POINT ( 'NONE',  ( -0.9770817555172012225, -10.85161959140497601, 510.2135167923927952 ) ) ;
#235 = CARTESIAN_POINT ( 'NONE',  ( 149.9999999999999147, -6.480098421152175270, 433.0048798226349618 ) ) ;
#236 = CARTESIAN_POINT ( 'NONE',  ( 35.65227438544462046, -25.39235681195572170, 502.5595500600718992 ) ) ;
#237 = CARTESIAN_POINT ( 'NONE',  ( 31.20010798524514328, -42.75362371396013828, 430.0000000002122533 ) ) ;
#238 = CARTESIAN_POINT ( 'NONE',  ( 19.35158864874290074, -50.31618583761477481, 438.2683039085761720 ) ) ;
#239 = CARTESIAN_POINT ( 'NONE',  ( 0.000000000000000000, -8.653564323852759088, 508.9422371214551504 ) ) ;
#240 = CARTESIAN_POINT ( 'NONE',  ( -150.0000000000001137, -6.578907825803522513, 240.9400978334070942 ) ) ;
#241 = CARTESIAN_POINT ( 'NONE',  ( -10.99999999999999822, -3.731290437159162199, 618.0000000002123670 ) ) ;
#242 = CARTESIAN_POINT ( 'NONE',  ( 0.000000000000000000, 17.01339730700182074, 458.4116318598639168 ) ) ;
#243 = CARTESIAN_POINT ( 'NONE',  ( -2.005225952241261655, 23.00456069334608245, 429.7794286210721566 ) ) ;
#244 = CARTESIAN_POINT ( 'NONE',  ( 10.65475596678669490, -43.56925170084097232, 475.4577310619781656 ) ) ;
#245 = CARTESIAN_POINT ( 'NONE',  ( -9.563838682507308064, -46.17716574261598339, 469.2811524995446462 ) ) ;
#246 = EDGE_LOOP ( 'NONE', ( #4798, #1822, #5114, #808 ) ) ;
#247 = CARTESIAN_POINT ( 'NONE',  ( -7.687209889246918060, -45.36766707760634887, 500.0252743725675941 ) ) ;
#248 = CARTESIAN_POINT ( 'NONE',  ( -0.8220901145722387948, -42.98220852313914975, 511.3090837221413381 ) ) ;
#249 = CARTESIAN_POINT ( 'NONE',  ( -1.490253870021695182, -10.06869430153065004, 558.9422371034246453 ) ) ;
#250 = ORIENTED_EDGE ( 'NONE', *, *, #3760, .T. ) ;
#251 = CARTESIAN_POINT ( 'NONE',  ( 75.48662185392541346, -58.46055935914405666, 202.0099641282430412 ) ) ;
#252 = CARTESIAN_POINT ( 'NONE',  ( -6.973014254990996363, -39.78017129745268221, 494.9702979401672565 ) ) ;
#253 = CARTESIAN_POINT ( 'NONE',  ( 16.08514080993526107, -30.46190957092099438, 502.7953870549105773 ) ) ;
#254 = CARTESIAN_POINT ( 'NONE',  ( -23.26403357143914619, -53.21234469693195024, 420.9903921770781494 ) ) ;
#255 = CARTESIAN_POINT ( 'NONE',  ( 150.0000000000000000, -5.584440060199018063, 440.0305525103657374 ) ) ;
#256 = CARTESIAN_POINT ( 'NONE',  ( -11.28931168889687697, 12.98078421590836662, 436.1322997213812869 ) ) ;
#257 = CARTESIAN_POINT ( 'NONE',  ( 0.000000000000000000, -30.33587353385017593, 557.6710142431003305 ) ) ;
#258 = CARTESIAN_POINT ( 'NONE',  ( -150.0000000000000284, -5.568595255609759320, 440.0305525103661353 ) ) ;
#259 = CARTESIAN_POINT ( 'NONE',  ( 56.19787954467784630, 2.127072668286307255, 212.5857681456718353 ) ) ;
#260 = ORIENTED_EDGE ( 'NONE', *, *, #3399, .T. ) ;
#261 = EDGE_CURVE ( 'NONE', #484, #4733, #3344, .T. ) ;
#262 = LINE ( 'NONE', #1650, #1859 ) ;
#263 = CARTESIAN_POINT ( 'NONE',  ( 0.000000000000000000, -79.23654712196002947, 312.7842718553088162 ) ) ;
#264 = CARTESIAN_POINT ( 'NONE',  ( -37.97279745142361662, -26.40710271889165384, 458.8333652052854745 ) ) ;
#265 = EDGE_CURVE ( 'NONE', #2258, #5751, #3826, .T. ) ;
#266 = CARTESIAN_POINT ( 'NONE',  ( 31.50592676161191008, -9.906718565640334262, 478.4914872650051052 ) ) ;
#267 = CARTESIAN_POINT ( 'NONE',  ( -0.5164495394876698064, -10.81399453566922020, 507.4242552304145875 ) ) ;
#268 = CARTESIAN_POINT ( 'NONE',  ( 0.2355403882957211037, 3.594078268236081453, 512.4422371214550367 ) ) ;
#269 = CARTESIAN_POINT ( 'NONE',  ( 60.01972192323587052, -16.76062907703096627, 449.1136869552454414 ) ) ;
#270 = CARTESIAN_POINT ( 'NONE',  ( 31.13130730607069552, -42.82940376824920037, 430.0000000002122533 ) ) ;
#271 = CARTESIAN_POINT ( 'NONE',  ( 0.000000000000000000, -14.59886794602576821, 558.9422371214550367 ) ) ;
#272 = CARTESIAN_POINT ( 'NONE',  ( 15.82951555555097478, -51.42194432901602141, 441.3467626606385465 ) ) ;
#273 = EDGE_LOOP ( 'NONE', ( #4831, #3395, #2183, #229, #5880, #3889 ) ) ;
#274 = CARTESIAN_POINT ( 'NONE',  ( -3.402494199463235613, 4.022119732844357642, 509.7935018790165032 ) ) ;
#275 = CARTESIAN_POINT ( 'NONE',  ( -12.27094413448285515, -61.40847712435508754, 2.567294918576643159 ) ) ;
#276 = CARTESIAN_POINT ( 'NONE',  ( 0.000000000000000000, -33.20068766774330271, 510.5422371214551731 ) ) ;
#277 = CARTESIAN_POINT ( 'NONE',  ( 56.79090820126123873, -0.6367270459114310333, 407.3366011671671458 ) ) ;
#278 = CARTESIAN_POINT ( 'NONE',  ( -1.850464964290566172, 28.57020904146000362, 400.4539919784762674 ) ) ;
#279 = CARTESIAN_POINT ( 'NONE',  ( 17.03075460262266461, -41.73259951729880157, 467.8549625121710847 ) ) ;
#280 = CARTESIAN_POINT ( 'NONE',  ( -34.47123207747755202, -35.50955872246715472, 439.6139134560758066 ) ) ;
#281 = CARTESIAN_POINT ( 'NONE',  ( 35.66106005593005079, -25.50521667275220139, 502.3113495257247791 ) ) ;
#282 = ORIENTED_EDGE ( 'NONE', *, *, #5006, .T. ) ;
#283 = CARTESIAN_POINT ( 'NONE',  ( -9.752063943272220925, -31.15933287716348588, 541.4708301244976383 ) ) ;
#284 = FILL_AREA_STYLE ('',( #1701 ) ) ;
#285 = CARTESIAN_POINT ( 'NONE',  ( 11.37866888315511815, -76.76396339257229329, 112.5975321064398287 ) ) ;
#286 = CARTESIAN_POINT ( 'NONE',  ( -12.46229530001277652, -2.572497710891440637, -46.23969499504121217 ) ) ;
#287 = CARTESIAN_POINT ( 'NONE',  ( 39.41864572239627051, -22.82890811793410535, 469.1327535702746445 ) ) ;
#288 = CARTESIAN_POINT ( 'NONE',  ( -24.61405196507273274, -50.49661474099379888, 426.6530291228793317 ) ) ;
#289 = ORIENTED_EDGE ( 'NONE', *, *, #3960, .T. ) ;
#290 = CARTESIAN_POINT ( 'NONE',  ( -41.62299541570189376, -20.76093828511469042, 472.9053941291564342 ) ) ;
#291 = CARTESIAN_POINT ( 'NONE',  ( -20.73549855487057769, 7.662565667008492731, 438.6579579690707078 ) ) ;
#292 = CARTESIAN_POINT ( 'NONE',  ( -9.923483618430589459, -18.47391666308672953, 558.9422371214553777 ) ) ;
#293 = CARTESIAN_POINT ( 'NONE',  ( -60.03403642157461206, -12.52589645424807330, 451.0272686918453360 ) ) ;
#294 = CARTESIAN_POINT ( 'NONE',  ( 7.846345050770216822, 46.81194873575534388, 182.9037947448233012 ) ) ;
#295 = AXIS2_PLACEMENT_3D ( 'NONE', #335, #3785, #5755 ) ;
#296 = VERTEX_POINT ( 'NONE', #3242 ) ;
#297 = CARTESIAN_POINT ( 'NONE',  ( -15.10467891277540353, -5.962038248886299741, 497.0950587278689454 ) ) ;
#298 = CARTESIAN_POINT ( 'NONE',  ( 55.51277816440346413, -49.62266794667421266, 402.2744431189181569 ) ) ;
#299 = CARTESIAN_POINT ( 'NONE',  ( -42.95897763389096724, -25.73949156312459863, 447.5942929486749904 ) ) ;
#300 = CARTESIAN_POINT ( 'NONE',  ( 42.33315006973251826, -24.61844948332136696, 454.1434317749244087 ) ) ;
#301 = DIRECTION ( 'NONE',  ( 0.000000000000000000, 0.000000000000000000, -1.000000000000000000 ) ) ;
#302 = CARTESIAN_POINT ( 'NONE',  ( 149.9999999999999147, -6.532274499702604764, 430.8774663720972740 ) ) ;
#303 = CARTESIAN_POINT ( 'NONE',  ( 9.639879586090478014, -28.95867850222353468, 549.9740618722834142 ) ) ;
#304 = CARTESIAN_POINT ( 'NONE',  ( 16.80424170959322083, -54.23891426773592173, 430.0000000002123102 ) ) ;
#305 = CARTESIAN_POINT ( 'NONE',  ( 11.00000000000000000, -32.78400426621578845, 618.0000000002123670 ) ) ;
#306 = CARTESIAN_POINT ( 'NONE',  ( 35.37584073638311821, -41.32271800422096675, 421.5115834367981620 ) ) ;
#307 = CIRCLE ( 'NONE', #5662, 9.199999999999999289 ) ;
#308 = EDGE_CURVE ( 'NONE', #5236, #2546, #6332, .T. ) ;
#309 = CARTESIAN_POINT ( 'NONE',  ( -0.7104824048987027352, -29.17303723074258315, 507.5048142974220013 ) ) ;
#310 = CARTESIAN_POINT ( 'NONE',  ( -3.227658229780059340, -71.26275059235955212, 41.56619234543141772 ) ) ;
#311 = CARTESIAN_POINT ( 'NONE',  ( 7.194214982555160454, -10.55356055293207795, 558.2764120640227929 ) ) ;
#312 = CARTESIAN_POINT ( 'NONE',  ( 7.045124004950711338, 2.314038226187245861, 514.4354252516325232 ) ) ;
#313 = CARTESIAN_POINT ( 'NONE',  ( -13.20776690004548115, 35.51755634591616229, 352.3468663762320716 ) ) ;
#314 = CARTESIAN_POINT ( 'NONE',  ( 8.511992214168396131, -44.09454094575869476, 477.9743361296389139 ) ) ;
#315 = CARTESIAN_POINT ( 'NONE',  ( -8.147250201485547905, -44.16100783241341077, 478.4542110307677945 ) ) ;
#316 = CARTESIAN_POINT ( 'NONE',  ( 9.651433610354644088, -29.31336495696402267, 548.6446894745539566 ) ) ;
#317 = ORIENTED_EDGE ( 'NONE', *, *, #1367, .T. ) ;
#318 = CARTESIAN_POINT ( 'NONE',  ( -58.25290755994795688, -17.92878828863025120, 415.0040466466719522 ) ) ;
#319 = PRESENTATION_STYLE_ASSIGNMENT (( #1189 ) ) ;
#320 = CARTESIAN_POINT ( 'NONE',  ( 0.000000000000000000, -80.09084594382173350, 155.8294876819795149 ) ) ;
#321 = CARTESIAN_POINT ( 'NONE',  ( -28.49463500214571354, -6.821171986367837725, -36.82241012564603722 ) ) ;
#322 = CARTESIAN_POINT ( 'NONE',  ( 12.80628491589710194, -33.54020933164036222, 501.0332937954036083 ) ) ;
#323 = CARTESIAN_POINT ( 'NONE',  ( -11.65853249994619389, -52.45344140047477310, 444.7101293144362444 ) ) ;
#324 = ORIENTED_EDGE ( 'NONE', *, *, #1683, .T. ) ;
#325 = DIRECTION ( 'NONE',  ( -0.000000000000000000, -1.000000000000000000, -0.000000000000000000 ) ) ;
#326 = CARTESIAN_POINT ( 'NONE',  ( -15.29521031749588467, 10.54352507059394739, 438.6374625546315542 ) ) ;
#327 = CARTESIAN_POINT ( 'NONE',  ( 0.000000000000000000, -44.38516520843189994, 506.4422371206682669 ) ) ;
#328 = CARTESIAN_POINT ( 'NONE',  ( -2.564913514413461826, -20.62093251419983986, 568.9422371214550367 ) ) ;
#329 = B_SPLINE_CURVE_WITH_KNOTS ( 'NONE', 3,
 ( #1885, #957, #3820, #5756, #1336, #6333, #4333, #2402, #4365, #1917, #3305, #470, #3917, #856, #2821, #5887, #370, #4297, #6055, #4149, #2672, #4907, #5427, #3977, #1702, #503, #3668, #1640 ),
 .UNSPECIFIED., .F., .F.,
 ( 4, 2, 2, 2, 2, 2, 2, 2, 2, 2, 2, 2, 2, 4 ),
 ( 1.147673963296450878E-16, 0.002630148033448694890, 0.003945222050172981186, 0.005260296066897267482, 0.005917833075259409763, 0.006575370083621552043, 0.007232907091983695191, 0.007561675596164685667, 0.007890444100345676143, 0.008219212604526666618, 0.008547981108707658829, 0.009205518117069443756, 0.009863055125431228684, 0.01052059213379301361 ),
 .UNSPECIFIED. ) ;
#330 = CARTESIAN_POINT ( 'NONE',  ( 149.9999999999993463, 17.39257541835625176, 283.2293150073691663 ) ) ;
#331 = CARTESIAN_POINT ( 'NONE',  ( -49.76102553843002596, -9.344369883399210153, 452.6767739907833175 ) ) ;
#332 = ADVANCED_FACE ( 'NONE', ( #6238 ), #3757, .T. ) ;
#333 = CARTESIAN_POINT ( 'NONE',  ( 54.82882884360199682, -14.87430972738671997, 384.7481285025984334 ) ) ;
#334 = CARTESIAN_POINT ( 'NONE',  ( -15.81475079513278459, -37.38129495919951495, 482.7607131085434276 ) ) ;
#335 = CARTESIAN_POINT ( 'NONE',  ( 0.000000000000000000, -20.00000000000000000, 432.9207075737901391 ) ) ;
#336 = CARTESIAN_POINT ( 'NONE',  ( -150.0000000000000000, 0.000000000000000000, 440.0305525103657374 ) ) ;
#337 = CARTESIAN_POINT ( 'NONE',  ( 136.2414705984930379, -8.360604453814158177, 429.9999999999998863 ) ) ;
#338 = DIRECTION ( 'NONE',  ( 0.000000000000000000, 0.000000000000000000, -1.000000000000000000 ) ) ;
#339 = DIRECTION ( 'NONE',  ( -0.08335817430942787931, 0.9965196509732254793, 0.000000000000000000 ) ) ;
#340 = SURFACE_STYLE_FILL_AREA ( #5272 ) ;
#341 = CARTESIAN_POINT ( 'NONE',  ( 11.00569338730399238, -54.70146646648820621, 437.4318796434517935 ) ) ;
#342 = CARTESIAN_POINT ( 'NONE',  ( -0.2355403882957211037, 3.594078268236081453, 512.4422371214550367 ) ) ;
#343 = CARTESIAN_POINT ( 'NONE',  ( 8.829660114107692692, 2.912969013310531263, 479.6918268959445868 ) ) ;
#344 = CARTESIAN_POINT ( 'NONE',  ( -3.295740538406582765, -60.66268119429104644, -8.171243665031143522 ) ) ;
#345 = CARTESIAN_POINT ( 'NONE',  ( 7.196686439497436361, -16.52039760350175968, 566.5257307759894729 ) ) ;
#346 = CARTESIAN_POINT ( 'NONE',  ( 0.000000000000000000, 2.926735556036303532, 515.0430825616978154 ) ) ;
#347 = CARTESIAN_POINT ( 'NONE',  ( 0.000000000000000000, 36.01456435933089750, 354.5116695689063704 ) ) ;
#348 = CARTESIAN_POINT ( 'NONE',  ( 23.87382432823349276, -36.79749682511224762, 464.9195890529755388 ) ) ;
#349 = CARTESIAN_POINT ( 'NONE',  ( -16.06262173977471264, -44.41413989475182689, 462.2238268270897947 ) ) ;
#350 = CARTESIAN_POINT ( 'NONE',  ( -45.62930887100198873, -24.12156692516901657, 447.2923683466245848 ) ) ;
#351 = EDGE_CURVE ( 'NONE', #1771, #3699, #5729, .T. ) ;
#352 = VERTEX_POINT ( 'NONE', #4783 ) ;
#353 = CARTESIAN_POINT ( 'NONE',  ( -2.723464886104488336, -64.19380600909410362, 430.0700492061511113 ) ) ;
#354 = DIRECTION ( 'NONE',  ( 1.000000000000000000, 0.000000000000000000, 0.000000000000000000 ) ) ;
#355 = CARTESIAN_POINT ( 'NONE',  ( 79.76002310008438201, -55.49146365941793135, 157.1817880118407800 ) ) ;
#356 = CARTESIAN_POINT ( 'NONE',  ( -0.000000000000000000, -8.574914396861032628, -59.59239050809556204 ) ) ;
#357 = CARTESIAN_POINT ( 'NONE',  ( 18.29139620885353779, -32.07039975752707051, 492.3459076025424679 ) ) ;
#358 = CARTESIAN_POINT ( 'NONE',  ( -45.15886722673981524, -35.28703215554764228, 406.5075163319265243 ) ) ;
#359 = EDGE_LOOP ( 'NONE', ( #1322, #3998, #531, #2188 ) ) ;
#360 = CARTESIAN_POINT ( 'NONE',  ( 15.59070563710662327, 12.17863891493769479, 431.7744202601367078 ) ) ;
#361 = CARTESIAN_POINT ( 'NONE',  ( -25.62408701782590725, 8.207781917323236698, 426.9271230847184029 ) ) ;
#362 = CARTESIAN_POINT ( 'NONE',  ( 0.000000000000000000, -53.77145281460710180, 472.5548515520040951 ) ) ;
#363 = CARTESIAN_POINT ( 'NONE',  ( -2.564919628957133657, -21.93855809890520803, 568.7533309417017335 ) ) ;
#364 = CARTESIAN_POINT ( 'NONE',  ( 149.9999999999997442, 16.09349136664861390, 256.0566200932159404 ) ) ;
#365 = VERTEX_POINT ( 'NONE', #5799 ) ;
#366 = CARTESIAN_POINT ( 'NONE',  ( -49.68191254681056535, -7.895766742080198242, 447.4413560136627552 ) ) ;
#367 = CARTESIAN_POINT ( 'NONE',  ( 149.9999999999996589, -7.341834859637557997, 304.9235521739933006 ) ) ;
#368 = CARTESIAN_POINT ( 'NONE',  ( -27.78925453350692010, -30.74939242546900786, 471.6938216374815056 ) ) ;
#369 = CARTESIAN_POINT ( 'NONE',  ( 32.41169669731954883, -26.11406830192166240, 474.6806114068263014 ) ) ;
#370 = CARTESIAN_POINT ( 'NONE',  ( 12.63881514647543014, -29.55331106687728138, 514.2900801750905657 ) ) ;
#371 = CARTESIAN_POINT ( 'NONE',  ( 85.08158012783887614, -17.52387471099420324, 430.0000000000000000 ) ) ;
#372 = CARTESIAN_POINT ( 'NONE',  ( -11.02523786704707121, -32.23794640108889098, 509.3823727295989556 ) ) ;
#373 = CARTESIAN_POINT ( 'NONE',  ( 0.000000000000000000, 20.10669498306701186, 444.2568106967309518 ) ) ;
#374 = PLANE ( 'NONE',  #2142 ) ;
#375 = CARTESIAN_POINT ( 'NONE',  ( 15.65032866872119044, -53.67659656504169163, 434.1429093430535318 ) ) ;
#376 = ORIENTED_EDGE ( 'NONE', *, *, #3309, .T. ) ;
#377 = DIRECTION ( 'NONE',  ( -7.889668786657805680E-17, 1.000000000000000000, 0.000000000000000000 ) ) ;
#378 = CARTESIAN_POINT ( 'NONE',  ( 28.21569443147156875, -0.7894876200951002065, 453.4385097282101356 ) ) ;
#379 = CARTESIAN_POINT ( 'NONE',  ( -28.27130430954585449, -51.46891172065748066, -7.894343871436712234 ) ) ;
#380 = CARTESIAN_POINT ( 'NONE',  ( 2.564718011180715518, -15.20134070484312083, 567.1521288204015718 ) ) ;
#381 = CARTESIAN_POINT ( 'NONE',  ( 2.554997525492479937, -7.414538782993829180, 550.3635908939758110 ) ) ;
#382 = CARTESIAN_POINT ( 'NONE',  ( -40.00984483757177657, 16.72124631380037485, 402.1504229787130384 ) ) ;
#383 = CARTESIAN_POINT ( 'NONE',  ( 44.55068345580997402, -29.31185784893109414, 429.1676985111638487 ) ) ;
#384 = CARTESIAN_POINT ( 'NONE',  ( -7.497342148166250553, -44.23810205038565613, 479.3585881261541317 ) ) ;
#385 = CARTESIAN_POINT ( 'NONE',  ( 0.000000000000000000, -46.58870159832864033, 510.5422371214551731 ) ) ;
#386 = EDGE_LOOP ( 'NONE', ( #4178, #3714, #2924 ) ) ;
#387 = CARTESIAN_POINT ( 'NONE',  ( -22.44372200702941100, -77.87385488063996775, 299.6078077557063466 ) ) ;
#388 = CARTESIAN_POINT ( 'NONE',  ( 12.27094413448285515, -61.40847712435508754, 2.567294918576643159 ) ) ;
#389 = CARTESIAN_POINT ( 'NONE',  ( 3.259235494703628166, -10.15654481238947682, 558.8544376835186540 ) ) ;
#390 = ADVANCED_FACE ( 'NONE', ( #1379 ), #5307, .F. ) ;
#391 = CARTESIAN_POINT ( 'NONE',  ( 6.707599071592666995, -39.80320087629152681, 495.4688534568408045 ) ) ;
#392 = CARTESIAN_POINT ( 'NONE',  ( -23.56644327194973698, -48.68361957849364785, 434.2265368020374012 ) ) ;
#393 = ORIENTED_EDGE ( 'NONE', *, *, #2723, .F. ) ;
#394 = CARTESIAN_POINT ( 'NONE',  ( 14.43192744417304674, 12.40542000808069290, 432.9802498181877581 ) ) ;
#395 = CARTESIAN_POINT ( 'NONE',  ( -16.16205856540291919, 8.632038386302797406, 444.1305837136564492 ) ) ;
#396 = CARTESIAN_POINT ( 'NONE',  ( 32.93206991631001301, 3.487207462635543820, 430.0000000002122533 ) ) ;
#397 = CARTESIAN_POINT ( 'NONE',  ( 0.000000000000000000, -19.37197881399080757, 568.9422371214550367 ) ) ;
#398 = CARTESIAN_POINT ( 'NONE',  ( -24.20449289237897617, -7.289553500746879244, 482.8923309159147834 ) ) ;
#399 = CARTESIAN_POINT ( 'NONE',  ( 22.63227638882819903, -78.33003634391359071, 278.4460651522155104 ) ) ;
#400 = CARTESIAN_POINT ( 'NONE',  ( -12.37518548305130750, -33.64971519231985297, 501.6894133001510454 ) ) ;
#401 = CARTESIAN_POINT ( 'NONE',  ( 0.000000000000000000, -64.25834689131531263, 429.9999999997190798 ) ) ;
#402 = CARTESIAN_POINT ( 'NONE',  ( -149.9999999999999716, -6.550723356787864660, 430.0000000585459929 ) ) ;
#403 = CARTESIAN_POINT ( 'NONE',  ( 30.98474416021535305, -51.91943024879876134, 430.0000000000000568 ) ) ;
#404 = VECTOR ( 'NONE', #3402, 1000.000000000000000 ) ;
#405 = CARTESIAN_POINT ( 'NONE',  ( -13.30188607370318010, -7.354833501773384796, 505.5512921008483431 ) ) ;
#406 = CARTESIAN_POINT ( 'NONE',  ( 42.82240366879803872, -30.58716726255358154, 430.0000000002121396 ) ) ;
#407 = LINE ( 'NONE', #6337, #4309 ) ;
#408 = CARTESIAN_POINT ( 'NONE',  ( 13.46240844601411801, -54.20479873945820515, 435.7220187304341721 ) ) ;
#409 = ORIENTED_EDGE ( 'NONE', *, *, #265, .T. ) ;
#410 =( GEOMETRIC_REPRESENTATION_CONTEXT ( 3 ) GLOBAL_UNCERTAINTY_ASSIGNED_CONTEXT ( ( #1972 ) ) GLOBAL_UNIT_ASSIGNED_CONTEXT ( ( #1317, #2186, #4861 ) ) REPRESENTATION_CONTEXT ( 'NONE', 'WORKASPACE' ) );
#411 = CARTESIAN_POINT ( 'NONE',  ( 0.000000000000000000, -64.25834689131531263, 429.9999999997190798 ) ) ;
#412 = CARTESIAN_POINT ( 'NONE',  ( 49.33976508632446922, -2.222616620348276228, 426.8331049270712469 ) ) ;
#413 = CARTESIAN_POINT ( 'NONE',  ( -86.45130187752889128, -36.93452133926044922, 65.96772859145507084 ) ) ;
#414 = CARTESIAN_POINT ( 'NONE',  ( 0.000000000000000000, -11.65516279810642075, 562.8317537845388188 ) ) ;
#415 = B_SPLINE_CURVE_WITH_KNOTS ( 'NONE', 3,
 ( #233, #1299, #5267, #2300, #1782, #300, #6163, #3204, #2233, #369, #755, #6197, #3750, #5790, #1266, #2331, #3336, #3235 ),
 .UNSPECIFIED., .F., .F.,
 ( 4, 2, 2, 2, 2, 2, 2, 2, 4 ),
 ( 0.000000000000000000, 0.01142829025498831239, 0.02285658050997662477, 0.03428487076496493369, 0.04571316101995324954, 0.05714145127494155846, 0.06856974152992986737, 0.07999803178491818323, 0.09142632203990633255 ),
 .UNSPECIFIED. ) ;
#416 = AXIS2_PLACEMENT_3D ( 'NONE', #5996, #5055, #706 ) ;
#417 = CARTESIAN_POINT ( 'NONE',  ( -2.554997525492479937, -7.414538782993829180, 550.3635908939758110 ) ) ;
#418 = CARTESIAN_POINT ( 'NONE',  ( 18.78451977890503954, -43.51569415086657955, 459.0439161878013579 ) ) ;
#419 = CARTESIAN_POINT ( 'NONE',  ( -23.06540401509189664, -39.44297897646434592, 459.9500311671675945 ) ) ;
#420 = CARTESIAN_POINT ( 'NONE',  ( -16.13245939968809139, -28.56809723708744286, 509.0337863763563178 ) ) ;
#421 = ORIENTED_EDGE ( 'NONE', *, *, #3425, .T. ) ;
#422 = CARTESIAN_POINT ( 'NONE',  ( -53.04552153445752083, -12.84056040614105143, 369.8509329307035500 ) ) ;
#423 = DIRECTION ( 'NONE',  ( 0.000000000000000000, 0.000000000000000000, -1.000000000000000000 ) ) ;
#424 = CARTESIAN_POINT ( 'NONE',  ( 12.37144441654984206, -55.69518468390829469, -15.09620900482262407 ) ) ;
#425 = CARTESIAN_POINT ( 'NONE',  ( -28.11698015143261742, 5.915450505645251766, -17.51976183688852373 ) ) ;
#426 = CARTESIAN_POINT ( 'NONE',  ( 42.15288080367327694, -23.27903475548816203, 460.1087739617997840 ) ) ;
#427 = CARTESIAN_POINT ( 'NONE',  ( -18.85848495212640330, -50.48320965484603562, 438.7127227695147553 ) ) ;
#428 = ADVANCED_FACE ( 'NONE', ( #5173 ), #763, .F. ) ;
#429 = EDGE_LOOP ( 'NONE', ( #393, #4850, #5635, #917 ) ) ;
#430 = CARTESIAN_POINT ( 'NONE',  ( 19.46941159025267964, 9.667386494284286869, 433.9036730224916596 ) ) ;
#431 = CARTESIAN_POINT ( 'NONE',  ( -10.79640223544078914, 14.68451436676042654, 429.6935458890281438 ) ) ;
#432 = CARTESIAN_POINT ( 'NONE',  ( 49.25389976254435709, -2.925379104883262027, 430.0000000002122533 ) ) ;
#433 = CARTESIAN_POINT ( 'NONE',  ( -150.0000000000000000, -5.884618732135741048, 440.0305525103657374 ) ) ;
#434 = CARTESIAN_POINT ( 'NONE',  ( -11.28433449188462134, -3.354614588196956237, 496.4036516765146985 ) ) ;
#435 = CARTESIAN_POINT ( 'NONE',  ( -25.33513191790711261, -29.65460490995872789, 481.4458057322581794 ) ) ;
#436 = CARTESIAN_POINT ( 'NONE',  ( -44.55012260349717224, -4.616617147206106608, 441.3478156746458581 ) ) ;
#437 = CARTESIAN_POINT ( 'NONE',  ( 9.402601627532073181, -15.71636684567280540, 558.9422371214548093 ) ) ;
#438 = DIRECTION ( 'NONE',  ( 1.000000000000000000, 0.000000000000000000, 0.000000000000000000 ) ) ;
#439 = CARTESIAN_POINT ( 'NONE',  ( 55.88440855963861509, -28.58822289326156607, 430.0000000000002842 ) ) ;
#440 = CARTESIAN_POINT ( 'NONE',  ( -14.89608808883808777, -7.738468905932595732, 503.4381159323917245 ) ) ;
#441 = PLANE ( 'NONE',  #1344 ) ;
#442 = CARTESIAN_POINT ( 'NONE',  ( -11.00000000000003730, -32.78400426621576713, 507.7061421647095472 ) ) ;
#443 = CARTESIAN_POINT ( 'NONE',  ( 12.59068257208908470, -56.39937749594339067, 428.4781671230282996 ) ) ;
#444 = ORIENTED_EDGE ( 'NONE', *, *, #261, .T. ) ;
#445 = CARTESIAN_POINT ( 'NONE',  ( 21.23303736070947423, -1.317033803691401772, 468.7689008532718162 ) ) ;
#446 = CARTESIAN_POINT ( 'NONE',  ( -86.91444691938527001, -27.77425228407569335, 51.70605009052852097 ) ) ;
#447 = EDGE_CURVE ( 'NONE', #5572, #3938, #6017, .T. ) ;
#448 = CARTESIAN_POINT ( 'NONE',  ( 150.0000000000000284, -5.730089216776677041, 440.0305525103657374 ) ) ;
#449 = CARTESIAN_POINT ( 'NONE',  ( -35.61029944830622895, -13.34155306713987343, 501.3379992237896090 ) ) ;
#450 = CARTESIAN_POINT ( 'NONE',  ( 17.89553305250962723, -43.82304460532049006, 460.1093662064233172 ) ) ;
#451 = CARTESIAN_POINT ( 'NONE',  ( -54.08035458641720794, -23.13332524839834647, 427.1261347197840337 ) ) ;
#452 = CARTESIAN_POINT ( 'NONE',  ( 11.03763994267910142, -40.30552546951252424, 507.6183959855453622 ) ) ;
#453 = CARTESIAN_POINT ( 'NONE',  ( 1.661130238216530941, -44.11062022111489966, 507.0668115871122836 ) ) ;
#454 = CARTESIAN_POINT ( 'NONE',  ( -2.828001305842910096, -79.92228623882898830, 298.3012334944434087 ) ) ;
#455 = CARTESIAN_POINT ( 'NONE',  ( 0.000000000000000000, -64.96458158788406934, 6.276552636712047217 ) ) ;
#456 = CARTESIAN_POINT ( 'NONE',  ( -149.9999999999999716, 10.35078035734875535, 226.4890547709782993 ) ) ;
#457 = CARTESIAN_POINT ( 'NONE',  ( 42.55592921878212564, -24.50926315930638211, 453.8515334552373588 ) ) ;
#458 = CARTESIAN_POINT ( 'NONE',  ( -10.59888021597456920, -50.46058045466959641, 453.2262024468424784 ) ) ;
#459 = ORIENTED_EDGE ( 'NONE', *, *, #2247, .T. ) ;
#460 = CARTESIAN_POINT ( 'NONE',  ( 22.73932388044409336, 10.58092145348235569, 424.0245693527625690 ) ) ;
#461 = CARTESIAN_POINT ( 'NONE',  ( -21.23740923679245540, 10.94982662283983821, 425.6706378667088870 ) ) ;
#462 = CARTESIAN_POINT ( 'NONE',  ( 33.01359230806322387, 3.447102064829075996, 430.0000000002121965 ) ) ;
#463 = CARTESIAN_POINT ( 'NONE',  ( -7.197697621496041975, -25.45495648780439879, 565.0082790201237231 ) ) ;
#464 = VERTEX_POINT ( 'NONE', #4530 ) ;
#465 = CARTESIAN_POINT ( 'NONE',  ( -12.30133544145263791, -1.618367212670636768, 488.2764548996464669 ) ) ;
#466 = ORIENTED_EDGE ( 'NONE', *, *, #557, .F. ) ;
#467 = CARTESIAN_POINT ( 'NONE',  ( -11.51298661735971685, -33.86872691367882737, 503.0016523096458627 ) ) ;
#468 = CARTESIAN_POINT ( 'NONE',  ( -21.62010522992289552, 2.208588214593188770, 455.9770281475965703 ) ) ;
#469 = DIRECTION ( 'NONE',  ( -1.000000000000000000, 0.000000000000000000, 0.000000000000000000 ) ) ;
#470 = CARTESIAN_POINT ( 'NONE',  ( 11.97623478540692687, -30.16099268849124826, 513.8646154942452995 ) ) ;
#471 = CARTESIAN_POINT ( 'NONE',  ( 33.41084289324876266, -49.51580933964014974, 430.0000000000001137 ) ) ;
#472 = EDGE_CURVE ( 'NONE', #4871, #30, #3712, .T. ) ;
#473 = LINE ( 'NONE', #4267, #4212 ) ;
#474 = CARTESIAN_POINT ( 'NONE',  ( 47.70830079141948232, -26.68621454725642295, 430.0000000002122533 ) ) ;
#475 = CARTESIAN_POINT ( 'NONE',  ( 1.557573488918347460, -10.93244715973438197, 508.5210964132006666 ) ) ;
#476 = CARTESIAN_POINT ( 'NONE',  ( 16.47199938276370546, -55.51521473203675328, 426.0094552968091079 ) ) ;
#477 = ORIENTED_EDGE ( 'NONE', *, *, #5318, .T. ) ;
#478 = CARTESIAN_POINT ( 'NONE',  ( 14.88141498194231716, -0.1649169285987074351, 477.9668491074831422 ) ) ;
#479 = CARTESIAN_POINT ( 'NONE',  ( -86.87604687215727495, -29.11059297028707604, 53.32909445959997186 ) ) ;
#480 = CARTESIAN_POINT ( 'NONE',  ( 2.564913514413461826, -19.37906748425750791, 568.9422371214550367 ) ) ;
#481 = CARTESIAN_POINT ( 'NONE',  ( -37.43434600815625402, 3.497723437920143397, 446.0507749091595429 ) ) ;
#482 = CARTESIAN_POINT ( 'NONE',  ( 9.595937105537116096, -48.45371145301002969, 461.7715385387378433 ) ) ;
#483 = CARTESIAN_POINT ( 'NONE',  ( 7.266565677771215981, -34.16443127491972120, 540.6063951576571753 ) ) ;
#484 = VERTEX_POINT ( 'NONE', #4650 ) ;
#485 = B_SPLINE_CURVE_WITH_KNOTS ( 'NONE', 3,
 ( #1132, #3099, #1642, #1160, #5085, #2523, #678, #2642, #4603, #191, #2157, #6087, #5622, #5136, #6201, #2206, #1206, #304, #3111, #4168, #3686, #3239, #759, #4234, #2724, #3623, #4587, #206, #172, #2273, #3208, #4682, #6134, #727, #6103, #5201, #5591, #1719, #3173, #5658, #1240, #4136, #1656, #2690, #2655, #5169, #692, #2173, #2139, #1786, #2757, #5070, #1688, #270, #5561, #2237, #237, #4652, #4617, #6072, #3655, #4198, #663, #6168, #1753, #1175, #2626, #3722, #5691, #3141, #1270, #790, #4713, #1145, #4103, #5101, #1920, #1438, #2857, #3854, #3341, #5369, #6234, #3886, #2921, #5304, #5338, #5857, #2405, #4746, #960, #4810, #2891, #1819, #859, #1303, #2304, #4369, #893, #1375, #4268, #3789, #3373, #3271, #5760, #4880, #2335, #4847, #4336, #2372, #406, #4779, #1340, #3823, #6304, #4399, #1889, #5794, #474, #5233, #5827, #2439, #3407, #927, #6367 ),
 .UNSPECIFIED., .F., .F.,
 ( 4, 1, 2, 2, 1, 1, 2, 2, 1, 2, 2, 1, 2, 2, 1, 2, 2, 1, 1, 1, 2, 2, 1, 1, 2, 2, 1, 1, 1, 1, 1, 2, 2, 1, 1, 1, 2, 2, 1, 1, 1, 1, 1, 2, 2, 1, 1, 1, 2, 2, 1, 1, 1, 1, 1, 1, 1, 2, 2, 1, 1, 1, 1, 1, 1, 2, 2, 1, 1, 2, 2, 1, 1, 1, 1, 1, 2, 2, 1, 1, 2, 2, 1, 1, 1, 1, 2, 2, 4 ),
 ( 0.1284372635206458557, 0.1379793955311155451, 0.1403649285337329466, 0.1427504615363503204, 0.1475215275415849847, 0.1522925935468196212, 0.1546781265494369118, 0.1570636595520542023, 0.1666057915625232255, 0.1856900555834613276, 0.1952321875939303508, 0.2047743196043993463, 0.2429428476462754394, 0.2524849796567443239, 0.2620271116672132639, 0.2811113756881510883, 0.2858824416933856138, 0.2906535076986201949, 0.3001956397090891349, 0.3097377717195580193, 0.3121233047221753654, 0.3145088377247926559, 0.3192799037300273479, 0.3383641677509656720, 0.3431352337562001975, 0.3455207667588175435, 0.3479062997614348340, 0.3574484317719042181, 0.3669905637823736022, 0.3717616297876084053, 0.3741471627902256403, 0.3747435460408800600, 0.3753399292915344798, 0.3765326957928433194, 0.3956169598137857513, 0.4051590918242570227, 0.4057554750749113870, 0.4063518583255657513, 0.4075446248268744798, 0.4099301578294920478, 0.4147012238347268509, 0.4337854878556658411, 0.4361710208582831871, 0.4373637873595919157, 0.4379601706102463909, 0.4385565538609007552, 0.4433276198661355583, 0.4528697518766051644, 0.4530188476892685889, 0.4531679435019320135, 0.4534661351272586405, 0.4540625183779115615, 0.4552552848792177365, 0.4576408178818297534, 0.4624118838870537873, 0.4671829498922778212, 0.4683757163935838852, 0.4686739080189104012, 0.4689720996442369172, 0.4695684828948898382, 0.4719540158975016331, 0.4910382799183951041, 0.4958093459236183609, 0.4981948789262299337, 0.4993876454275357757, 0.4999840286781886967, 0.5002822203035151016, 0.5005804119288415066, 0.5101225439392853556, 0.5292068079601732755, 0.5315923409627842933, 0.5339778739653954220, 0.5387489399706174575, 0.5482910719810620837, 0.5578332039915064877, 0.5602187369941177275, 0.5614115034954233474, 0.5626042699967289673, 0.5673753360019513359, 0.5864596000228401440, 0.6246281280646177603, 0.6270136610672287780, 0.6293991940698400178, 0.6341702600750623864, 0.6437123920855070125, 0.6627966561063963757, 0.6818809201272856280, 0.7009651841481747692, 0.7391337121899533846 ),
 .UNSPECIFIED. ) ;
#486 = CARTESIAN_POINT ( 'NONE',  ( -52.23038633704913991, -11.85043651959518130, 362.2649663133792046 ) ) ;
#487 = CARTESIAN_POINT ( 'NONE',  ( 86.45130187752889128, -36.93452133926044922, 65.96772859145507084 ) ) ;
#488 = CARTESIAN_POINT ( 'NONE',  ( 20.62407662905724592, 42.79110105320698665, 140.4219543533417607 ) ) ;
#489 = CARTESIAN_POINT ( 'NONE',  ( 0.000000000000000000, 31.36851352753711808, 29.45516409742108621 ) ) ;
#490 = CARTESIAN_POINT ( 'NONE',  ( 6.140775427593598401, -37.57948960869216393, 504.0732033452164274 ) ) ;
#491 = CARTESIAN_POINT ( 'NONE',  ( -20.27943151790400123, -47.65949033885647168, 444.1806253358703884 ) ) ;
#492 = VERTEX_POINT ( 'NONE', #661 ) ;
#493 = CARTESIAN_POINT ( 'NONE',  ( 9.927901365924427068, 9.829425390214977298, 451.1942000057634914 ) ) ;
#494 = CARTESIAN_POINT ( 'NONE',  ( -20.00759931469242758, 12.86836409364916456, 420.6765508399707869 ) ) ;
#495 = CARTESIAN_POINT ( 'NONE',  ( 27.35883996906787630, 6.392239202748164928, 430.0000000002123102 ) ) ;
#496 = CARTESIAN_POINT ( 'NONE',  ( 0.000000000000000000, -29.85327121594899680, 559.3797465411138319 ) ) ;
#497 = B_SPLINE_CURVE_WITH_KNOTS ( 'NONE', 3,
 ( #4701, #255, #3741, #4153 ),
 .UNSPECIFIED., .F., .F.,
 ( 4, 4 ),
 ( 0.000000000000000000, 1.000000000000000000 ),
 .UNSPECIFIED. ) ;
#498 = VERTEX_POINT ( 'NONE', #5198 ) ;
#499 = CARTESIAN_POINT ( 'NONE',  ( -8.582967090660641674, 1.092459510552067581, 486.8104088087519585 ) ) ;
#500 = CARTESIAN_POINT ( 'NONE',  ( -39.75977534077507158, -24.15851422573377860, 462.6843528282385023 ) ) ;
#501 = CARTESIAN_POINT ( 'NONE',  ( -24.72343634071276952, -0.1584099275614131441, 457.9029458842330769 ) ) ;
#502 = DIRECTION ( 'NONE',  ( -0.000000000000000000, -1.000000000000000000, -0.000000000000000000 ) ) ;
#503 = CARTESIAN_POINT ( 'NONE',  ( 14.19469825801930263, -28.86412121486799265, 512.8160205180690809 ) ) ;
#504 = DIRECTION ( 'NONE',  ( 0.000000000000000000, 0.000000000000000000, -1.000000000000000000 ) ) ;
#505 = CARTESIAN_POINT ( 'NONE',  ( 12.46229530001277652, -2.572497710891440637, -46.23969499504121217 ) ) ;
#506 = CARTESIAN_POINT ( 'NONE',  ( 6.342639718893467560, -32.96331344621941639, 518.5452884071509061 ) ) ;
#507 = CARTESIAN_POINT ( 'NONE',  ( -11.00000000000010836, -43.34804716943433789, 475.5263867704204586 ) ) ;
#508 = CARTESIAN_POINT ( 'NONE',  ( 0.000000000000000000, -30.00000000000000000, 558.9422371214550367 ) ) ;
#509 = CARTESIAN_POINT ( 'NONE',  ( 10.70295699371494713, -1.304059594697979829, 490.5788310090051141 ) ) ;
#510 = VECTOR ( 'NONE', #5083, 1000.000000000000000 ) ;
#511 = CARTESIAN_POINT ( 'NONE',  ( -150.0000000000001421, -4.846990274006465427, 221.2411216896815631 ) ) ;
#512 = CARTESIAN_POINT ( 'NONE',  ( -27.07189959538064983, -55.21413746353868390, 430.0000000000002842 ) ) ;
#513 = CARTESIAN_POINT ( 'NONE',  ( 7.198010206593168370, -26.18628614306032532, 564.2352383384051109 ) ) ;
#514 = CARTESIAN_POINT ( 'NONE',  ( -150.0000000000005116, -2.468752498710066856, 425.1262764251987392 ) ) ;
#515 = VECTOR ( 'NONE', #1520, 1000.000000000000000 ) ;
#516 = CARTESIAN_POINT ( 'NONE',  ( 13.25419921582619942, -45.23610832206836818, 465.3324992763252226 ) ) ;
#517 = CARTESIAN_POINT ( 'NONE',  ( 149.9999999999999716, -6.386425012418153635, 435.7336574011089283 ) ) ;
#518 = CARTESIAN_POINT ( 'NONE',  ( 2.498192668306429720, -43.56419346694160311, 508.7554372062214156 ) ) ;
#519 = CARTESIAN_POINT ( 'NONE',  ( -150.0000000000003126, -7.116034429661834082, 345.1373952342066787 ) ) ;
#520 = CARTESIAN_POINT ( 'NONE',  ( 3.278462017741254897, -64.57601869945806072, 6.065873492655348365 ) ) ;
#521 = CARTESIAN_POINT ( 'NONE',  ( 0.000000000000000000, 47.06380252744634163, 155.7186040356210128 ) ) ;
#522 = CARTESIAN_POINT ( 'NONE',  ( -22.01802724243391651, 40.49517762205267246, 116.2537897038075414 ) ) ;
#523 = CARTESIAN_POINT ( 'NONE',  ( 7.110693234775829374, -37.44272399200040269, 502.2070195241309420 ) ) ;
#524 = CARTESIAN_POINT ( 'NONE',  ( -9.338201186626553962, -50.68261758230615754, 454.3525889869651451 ) ) ;
#525 = VECTOR ( 'NONE', #5908, 1000.000000000000000 ) ;
#526 = EDGE_LOOP ( 'NONE', ( #421, #4339, #1366 ) ) ;
#527 = CARTESIAN_POINT ( 'NONE',  ( 40.08849102236361972, 1.945676922274163889, 423.9707141868270810 ) ) ;
#528 = CARTESIAN_POINT ( 'NONE',  ( -17.77286002151275568, 13.37187118730919266, 422.9735684125714670 ) ) ;
#529 = CARTESIAN_POINT ( 'NONE',  ( 35.11077626012522046, 2.439266888282184187, 430.0000000002123670 ) ) ;
#530 = CARTESIAN_POINT ( 'NONE',  ( 0.000000000000000000, -27.76651288245900773, 563.8131826905831758 ) ) ;
#531 = ORIENTED_EDGE ( 'NONE', *, *, #2552, .T. ) ;
#532 = CARTESIAN_POINT ( 'NONE',  ( -15.74909877952164550, -28.37240997400896703, 510.6518827077611604 ) ) ;
#533 = CARTESIAN_POINT ( 'NONE',  ( -14.19349843020931345, 3.659782295562352239, 465.9952647353557040 ) ) ;
#534 = DIRECTION ( 'NONE',  ( 1.000000000000000000, 0.000000000000000000, -0.000000000000000000 ) ) ;
#535 = CARTESIAN_POINT ( 'NONE',  ( -56.66251469004107832, 1.466006581271947606, 430.0000000000000000 ) ) ;
#536 = DIRECTION ( 'NONE',  ( -0.000000000000000000, -1.000000000000000000, -0.000000000000000000 ) ) ;
#537 = CARTESIAN_POINT ( 'NONE',  ( -13.18358147139068137, -29.21906511079807700, 514.0913513901982697 ) ) ;
#538 = CARTESIAN_POINT ( 'NONE',  ( 6.632080536016731642, -30.53181216143881116, 526.0148445551233181 ) ) ;
#539 = DIRECTION ( 'NONE',  ( 0.000000000000000000, 1.000000000000000000, 0.000000000000000000 ) ) ;
#540 = CARTESIAN_POINT ( 'NONE',  ( 25.63779447504028397, -52.18502735140967985, 419.0274827115165408 ) ) ;
#541 = CARTESIAN_POINT ( 'NONE',  ( 49.42871926097468815, -3.615387273816745850, 431.9376675331120055 ) ) ;
#542 = CARTESIAN_POINT ( 'NONE',  ( 14.50576752631751098, -7.702789335991677255, 504.1486541749745811 ) ) ;
#543 = CARTESIAN_POINT ( 'NONE',  ( -76.69834986524702458, -19.83564784870429776, 430.0000000000000000 ) ) ;
#544 = CARTESIAN_POINT ( 'NONE',  ( 60.03458270164767185, -15.32386415216338627, 451.0284753133107074 ) ) ;
#545 = CARTESIAN_POINT ( 'NONE',  ( 0.000000000000000000, -9.605528623052503434, 557.6875022617330160 ) ) ;
#546 = CARTESIAN_POINT ( 'NONE',  ( 11.08338074702831477, -50.35877331942299406, 452.7992671569915615 ) ) ;
#547 = CARTESIAN_POINT ( 'NONE',  ( 7.503276565262781084, -41.40660083015235671, 514.2053783297276368 ) ) ;
#548 = ORIENTED_EDGE ( 'NONE', *, *, #6040, .T. ) ;
#549 = CARTESIAN_POINT ( 'NONE',  ( -53.11817187396054862, -19.89864609138137652, 258.6481858999812289 ) ) ;
#550 = CARTESIAN_POINT ( 'NONE',  ( 0.000000000000000000, -45.94319628005896305, -42.33268042218969640 ) ) ;
#551 = CARTESIAN_POINT ( 'NONE',  ( 0.000000000000000000, 32.02960972858872424, 380.5868600663628740 ) ) ;
#552 = CARTESIAN_POINT ( 'NONE',  ( -150.0000000000000568, 14.41729715668834189, 243.9122022442739706 ) ) ;
#553 = CARTESIAN_POINT ( 'NONE',  ( 19.63597872454865367, -36.16671308689202391, 477.2026157358415617 ) ) ;
#554 = CARTESIAN_POINT ( 'NONE',  ( -10.48123039699274273, -50.48361227159723796, 453.3314368525032592 ) ) ;
#555 = EDGE_CURVE ( 'NONE', #5219, #3066, #4615, .T. ) ;
#556 = ORIENTED_EDGE ( 'NONE', *, *, #6241, .F. ) ;
#557 = EDGE_CURVE ( 'NONE', #1409, #3802, #5716, .T. ) ;
#558 = CARTESIAN_POINT ( 'NONE',  ( 17.41575473077834957, 6.641935807302192352, 448.9974716755027089 ) ) ;
#559 = PLANE ( 'NONE',  #3700 ) ;
#560 = CARTESIAN_POINT ( 'NONE',  ( 18.76412946283607397, 11.06572092246791783, 430.0000000002122533 ) ) ;
#561 = CARTESIAN_POINT ( 'NONE',  ( -2.565024222987238645, -26.37501361295951341, 565.6347854483946094 ) ) ;
#562 = CARTESIAN_POINT ( 'NONE',  ( 149.9999999999998579, -5.139754097654222420, 439.4216061485305431 ) ) ;
#563 = CARTESIAN_POINT ( 'NONE',  ( -5.140161318907152221, -30.89244607567776058, 529.1246001642705323 ) ) ;
#564 = CARTESIAN_POINT ( 'NONE',  ( -55.20429369382284790, -5.352750855028208576, 433.0728713012614435 ) ) ;
#565 = DIRECTION ( 'NONE',  ( 0.000000000000000000, 0.000000000000000000, -1.000000000000000000 ) ) ;
#566 = CARTESIAN_POINT ( 'NONE',  ( 18.00083215191051522, -7.494242935632723146, 496.0474062841391287 ) ) ;
#567 = CARTESIAN_POINT ( 'NONE',  ( 3.334374282861684691, -8.670514282707921794, -59.62443636531153857 ) ) ;
#568 = CARTESIAN_POINT ( 'NONE',  ( 5.229788294438705520, -30.90098285842008607, 528.8372180721398763 ) ) ;
#569 = FACE_OUTER_BOUND ( 'NONE', #5441, .T. ) ;
#570 = CARTESIAN_POINT ( 'NONE',  ( 0.000000000000000000, -30.00000000000000000, 558.9422371214550367 ) ) ;
#571 = CARTESIAN_POINT ( 'NONE',  ( 24.57116890945646759, -1.907957903654232901, 464.1166314150912058 ) ) ;
#572 = CARTESIAN_POINT ( 'NONE',  ( 13.30188607370318010, -7.354833501773384796, 505.5512921008483431 ) ) ;
#573 = CARTESIAN_POINT ( 'NONE',  ( -33.41084289324876266, -49.51580933964014974, 430.0000000000001137 ) ) ;
#574 = CARTESIAN_POINT ( 'NONE',  ( 7.197697621496041975, -25.45495648780439879, 565.0082790201237231 ) ) ;
#575 = CYLINDRICAL_SURFACE ( 'NONE', #934, 4.000000000000000000 ) ;
#576 = CARTESIAN_POINT ( 'NONE',  ( 11.70783483434922800, -50.21812640207109268, 452.2582130657336847 ) ) ;
#577 = CARTESIAN_POINT ( 'NONE',  ( 59.98579577901529802, -17.18205410068656391, 446.5760037899505051 ) ) ;
#578 = ORIENTED_EDGE ( 'NONE', *, *, #4752, .T. ) ;
#579 = CARTESIAN_POINT ( 'NONE',  ( 0.000000000000000000, -74.76716094107685251, 67.17268242625377184 ) ) ;
#580 = CARTESIAN_POINT ( 'NONE',  ( 28.52857331650445616, -35.08445464388132962, -35.02227878153339446 ) ) ;
#581 = CARTESIAN_POINT ( 'NONE',  ( 1.676507941506811594, 36.02744328790266337, 354.3090623948346547 ) ) ;
#582 = CARTESIAN_POINT ( 'NONE',  ( -3.147860296435570415, 24.32371408104542709, 4.633680387658797528 ) ) ;
#583 = CARTESIAN_POINT ( 'NONE',  ( 34.19279665210346764, -29.80012705198109657, 457.2153595216084341 ) ) ;
#584 = CARTESIAN_POINT ( 'NONE',  ( -50.25554448029904364, -28.53672149531397295, 413.4831917965504431 ) ) ;
#585 = VERTEX_POINT ( 'NONE', #2755 ) ;
#586 = CARTESIAN_POINT ( 'NONE',  ( 22.04187675240832078, 5.653671389695992922, 443.2046012803971848 ) ) ;
#587 = CARTESIAN_POINT ( 'NONE',  ( -2.565700283142039684, -30.22338688482442137, 557.7909106798223320 ) ) ;
#588 = CARTESIAN_POINT ( 'NONE',  ( 17.58017708520833722, 11.66065591037234128, 430.0000000002121396 ) ) ;
#589 = CARTESIAN_POINT ( 'NONE',  ( -2.565058176371275422, -27.06181995312145006, 564.7736225017238212 ) ) ;
#590 = CARTESIAN_POINT ( 'NONE',  ( 0.000000000000000000, -9.999999999999710454, 558.9422371214541272 ) ) ;
#591 = CARTESIAN_POINT ( 'NONE',  ( -44.41861078096736293, -21.21876472148510473, 463.8327380435565033 ) ) ;
#592 = CARTESIAN_POINT ( 'NONE',  ( -15.11233247924148060, 7.099523960796334521, 451.8570705490378145 ) ) ;
#593 = CARTESIAN_POINT ( 'NONE',  ( 1.491328355976571318, -29.93225504864150466, 558.9422371034256685 ) ) ;
#594 = CARTESIAN_POINT ( 'NONE',  ( 5.633375276077824112E-16, -10.80000000000000071, 507.3422371214550708 ) ) ;
#595 = CARTESIAN_POINT ( 'NONE',  ( 3.323413742140344684, -2.163148135800812888, -51.77104861990689955 ) ) ;
#596 = CARTESIAN_POINT ( 'NONE',  ( 5.394866188107752869, -33.14124202922274520, 520.5983059703820572 ) ) ;
#597 = CARTESIAN_POINT ( 'NONE',  ( -12.73506746041365112, -56.37121903045356675, 428.3892184035512400 ) ) ;
#598 = CARTESIAN_POINT ( 'NONE',  ( 38.93855572616133287, -42.63688011417148971, 406.4345402405437540 ) ) ;
#599 = CARTESIAN_POINT ( 'NONE',  ( 27.82992149143976590, -7.735350812878485804, 477.6936424052155985 ) ) ;
#600 = CARTESIAN_POINT ( 'NONE',  ( 10.99999999999996803, -4.038434603773037423, 499.3276237451018460 ) ) ;
#601 = CARTESIAN_POINT ( 'NONE',  ( -95.22676247861951992, -15.21640911896663972, 429.9999999999998295 ) ) ;
#602 = CARTESIAN_POINT ( 'NONE',  ( 150.0000000000000284, -5.933228924481109168, 440.0305525103655100 ) ) ;
#603 = CARTESIAN_POINT ( 'NONE',  ( -35.60447105139471802, -13.62282190332221887, 502.3110443960222824 ) ) ;
#604 = CARTESIAN_POINT ( 'NONE',  ( 54.82293981194916910, -24.74982533499450099, 415.7451644903603096 ) ) ;
#605 = CARTESIAN_POINT ( 'NONE',  ( -1.278672808097846447, -29.11191613914658660, 509.9262962760709001 ) ) ;
#606 = CARTESIAN_POINT ( 'NONE',  ( -23.30339123873645235, -78.29583701687080577, 234.3245116658933114 ) ) ;
#607 = CARTESIAN_POINT ( 'NONE',  ( 56.42459147997303859, -17.36136246577859765, 205.4051851891448166 ) ) ;
#608 = AXIS2_PLACEMENT_3D ( 'NONE', #809, #1772, #6154 ) ;
#609 = CARTESIAN_POINT ( 'NONE',  ( 149.9999999999997442, 16.89020687609928828, 297.3968004075345561 ) ) ;
#610 = CARTESIAN_POINT ( 'NONE',  ( -49.32634856228757059, 20.28886164836126582, 276.4091044601491944 ) ) ;
#611 = CARTESIAN_POINT ( 'NONE',  ( 10.98857541826156137, -38.72872439836582004, 489.3803439412857301 ) ) ;
#612 = CARTESIAN_POINT ( 'NONE',  ( -10.46757754080764791, -45.96091080210891278, 468.3205131182881473 ) ) ;
#613 = ORIENTED_EDGE ( 'NONE', *, *, #3694, .F. ) ;
#614 = STYLED_ITEM ( 'NONE', ( #319 ), #6311 ) ;
#615 = CARTESIAN_POINT ( 'NONE',  ( 35.86579670720544044, 4.187053708712901390, 422.0864146472711127 ) ) ;
#616 = CARTESIAN_POINT ( 'NONE',  ( -59.98579577901529802, -17.18205410068656391, 446.5760037899505051 ) ) ;
#617 = CARTESIAN_POINT ( 'NONE',  ( 25.46099605758720230, 7.434222849319182203, 430.0000000002123670 ) ) ;
#618 = ORIENTED_EDGE ( 'NONE', *, *, #2055, .F. ) ;
#619 = CARTESIAN_POINT ( 'NONE',  ( -7.202205442340842367, -29.45994274643186372, 558.2794886530778058 ) ) ;
#620 = CARTESIAN_POINT ( 'NONE',  ( 0.000000000000000000, -9.605528623052503434, 557.6875022617330160 ) ) ;
#621 = CARTESIAN_POINT ( 'NONE',  ( -7.703588608526587223, -41.95839357894474375, 486.4517736640596581 ) ) ;
#622 = VECTOR ( 'NONE', #2083, 1000.000000000000000 ) ;
#623 = CARTESIAN_POINT ( 'NONE',  ( -12.30593878196007118, -31.35708345757621274, 509.0129802436831596 ) ) ;
#624 = CARTESIAN_POINT ( 'NONE',  ( -28.47123730170798339, 2.556604852073990131, 441.4184073633445564 ) ) ;
#625 = CARTESIAN_POINT ( 'NONE',  ( 9.923483618430589459, -18.47391666308672953, 558.9422371214553777 ) ) ;
#626 = CARTESIAN_POINT ( 'NONE',  ( 0.000000000000000000, -12.79999999999999893, 430.0000000002122533 ) ) ;
#627 = FACE_OUTER_BOUND ( 'NONE', #5316, .T. ) ;
#628 = CARTESIAN_POINT ( 'NONE',  ( -23.73878575215937303, -53.00688122782749900, 420.5978102839658845 ) ) ;
#629 = CARTESIAN_POINT ( 'NONE',  ( 56.48428209118900867, -27.57327071669275043, 393.1512315936082587 ) ) ;
#630 = CARTESIAN_POINT ( 'NONE',  ( 12.71498891072140225, -5.581106800876355578, 500.8889315874632757 ) ) ;
#631 = CARTESIAN_POINT ( 'NONE',  ( 15.33343269723768820, -7.717369041052064560, 502.4406997134549329 ) ) ;
#632 = CARTESIAN_POINT ( 'NONE',  ( -51.55309510019415598, -31.41886356301280969, 429.9999999999997158 ) ) ;
#633 = CARTESIAN_POINT ( 'NONE',  ( 150.0000000000000000, -5.884618732135741048, 440.0305525103657374 ) ) ;
#634 = CARTESIAN_POINT ( 'NONE',  ( -23.56953454922183155, 8.489002947040631852, 429.9999999999999432 ) ) ;
#635 = CARTESIAN_POINT ( 'NONE',  ( 20.27943151790400123, -47.65949033885647168, 444.1806253358703884 ) ) ;
#636 = CARTESIAN_POINT ( 'NONE',  ( 1.628367501284375241, 22.94972755228599937, 429.9999999999998295 ) ) ;
#637 = EDGE_CURVE ( 'NONE', #5180, #5449, #5068, .T. ) ;
#638 = CARTESIAN_POINT ( 'NONE',  ( -26.19634740249509974, -72.84612030575785013, 104.1756435679975539 ) ) ;
#639 = B_SPLINE_CURVE_WITH_KNOTS ( 'NONE', 3,
 ( #2135, #1653, #3619, #2203, #267, #5653, #6131, #5098, #1237, #3652, #2687, #4649, #5588, #5166, #689, #2652, #4614, #5617, #203, #1203, #234, #2720, #4876, #4396, #5824, #4807 ),
 .UNSPECIFIED., .F., .F.,
 ( 4, 2, 2, 2, 2, 2, 2, 2, 2, 2, 2, 2, 4 ),
 ( 0.000000000000000000, 0.0003131620879983462616, 0.0006263241759966925231, 0.0009394862639950385137, 0.001252648351993384613, 0.001878972527990076377, 0.002505296703986768358, 0.002818458791985114023, 0.003131620879983459688, 0.003757945055980151019, 0.004071107143978497551, 0.004384269231976842783, 0.005010593407973405744 ),
 .UNSPECIFIED. ) ;
#640 = LINE ( 'NONE', #2602, #2152 ) ;
#641 = CARTESIAN_POINT ( 'NONE',  ( 150.0000000000001421, 9.607543969010292173, 355.1325008380466102 ) ) ;
#642 = CARTESIAN_POINT ( 'NONE',  ( -13.42993013484968756, 41.72605030748574251, 299.6411483311551933 ) ) ;
#643 = CARTESIAN_POINT ( 'NONE',  ( 8.660866443266289849, -41.73449073446096236, 485.1621167278186704 ) ) ;
#644 = CARTESIAN_POINT ( 'NONE',  ( -14.19267759208508295, -44.97732907309363526, 464.3136368176229212 ) ) ;
#645 = VERTEX_POINT ( 'NONE', #170 ) ;
#646 = B_SPLINE_CURVE_WITH_KNOTS ( 'NONE', 3,
 ( #3435, #566, #1017, #108, #5888, #5974, #1051, #5399, #3919, #3014 ),
 .UNSPECIFIED., .F., .F.,
 ( 4, 2, 2, 2, 4 ),
 ( 0.000000000000000000, 0.02062402787839644550, 0.04124805575679289099, 0.06187208363518933996, 0.08249611151358578198 ),
 .UNSPECIFIED. ) ;
#647 = CARTESIAN_POINT ( 'NONE',  ( 13.27164820822626190, 5.668839820233772642, 460.6475012848106871 ) ) ;
#648 = CARTESIAN_POINT ( 'NONE',  ( -10.99999999999999822, -8.678635665323583783E-16, 618.0000000002123670 ) ) ;
#649 = CARTESIAN_POINT ( 'NONE',  ( 25.14196228722153847, 7.610906288750550530, 430.0000000002122533 ) ) ;
#650 = CARTESIAN_POINT ( 'NONE',  ( 0.000000000000000000, 3.604599552999293355, 512.4422371215180192 ) ) ;
#651 = CARTESIAN_POINT ( 'NONE',  ( 0.000000000000000000, -13.51203903903522274, 570.1133336027302221 ) ) ;
#652 = CARTESIAN_POINT ( 'NONE',  ( -18.75595234457588134, -38.82703087261348429, 472.0772365912341115 ) ) ;
#653 = CARTESIAN_POINT ( 'NONE',  ( -6.060420544702989964, -30.72274369417761974, 526.9927103733007243 ) ) ;
#654 = CARTESIAN_POINT ( 'NONE',  ( -15.22532813638528637, 5.292194808381109006, 458.1666155542806109 ) ) ;
#655 = CARTESIAN_POINT ( 'NONE',  ( -7.850047494068168596, -12.29669636163117019, 558.9422371214549230 ) ) ;
#656 = CARTESIAN_POINT ( 'NONE',  ( -150.0000000000000000, -5.439522459892920381, 440.0305525103659647 ) ) ;
#657 = CARTESIAN_POINT ( 'NONE',  ( 0.000000000000000000, 31.36851352753711808, 29.45516409742108621 ) ) ;
#658 = CARTESIAN_POINT ( 'NONE',  ( 0.000000000000000000, -32.17520468880059070, 550.7094658941114176 ) ) ;
#659 = CARTESIAN_POINT ( 'NONE',  ( 14.08574429803353212, -3.849442138583149209, 492.1609540039103763 ) ) ;
#660 = CARTESIAN_POINT ( 'NONE',  ( -28.55755565158655784, -29.78391945336318614, -40.41372478741643448 ) ) ;
#661 = CARTESIAN_POINT ( 'NONE',  ( 0.000000000000000000, -33.20068766774330271, 510.5422371214551731 ) ) ;
#662 = DIRECTION ( 'NONE',  ( 0.000000000000000000, 0.000000000000000000, -1.000000000000000000 ) ) ;
#663 = CARTESIAN_POINT ( 'NONE',  ( 33.02278791655115953, -40.72113149564911083, 430.0000000002120828 ) ) ;
#664 = CARTESIAN_POINT ( 'NONE',  ( -2.576048290473376579, -17.08178035024176467, 581.2852460166528772 ) ) ;
#665 = CARTESIAN_POINT ( 'NONE',  ( 9.789714251115066546, -50.60944418674971246, 453.9517389244863921 ) ) ;
#666 = CARTESIAN_POINT ( 'NONE',  ( 21.38115472794550342, 16.66003185256085573, 429.9999999999999432 ) ) ;
#667 = CARTESIAN_POINT ( 'NONE',  ( -25.82653578097723113, -74.08489889032196629, 120.3374760656225675 ) ) ;
#668 = CARTESIAN_POINT ( 'NONE',  ( 12.50756631249310225, -36.04793490115954313, -49.10606591531024634 ) ) ;
#669 = CARTESIAN_POINT ( 'NONE',  ( 40.64279130071612656, 19.78146202829371347, 391.0697883059202695 ) ) ;
#670 = CARTESIAN_POINT ( 'NONE',  ( -52.51231461823631719, 36.78377033823687015, 237.1480678699628015 ) ) ;
#671 = CARTESIAN_POINT ( 'NONE',  ( 13.49291263868815705, -40.42984357933557504, 479.0849862861719544 ) ) ;
#672 = CARTESIAN_POINT ( 'NONE',  ( -13.13305612386386301, -47.62045809030506405, 458.3161585124635735 ) ) ;
#673 = VERTEX_POINT ( 'NONE', #1654 ) ;
#674 = CARTESIAN_POINT ( 'NONE',  ( 21.82240326940592112, 3.950981338544681254, 449.5860117686347621 ) ) ;
#675 = CARTESIAN_POINT ( 'NONE',  ( -2.565489760456064250, -29.89066157883531716, 559.0556382028653388 ) ) ;
#676 = CARTESIAN_POINT ( 'NONE',  ( 22.08235302259442889, 9.299806986128151820, 430.0000000002121965 ) ) ;
#677 = CARTESIAN_POINT ( 'NONE',  ( -42.92051786857342677, 5.803523449251816402, 430.0000000000001705 ) ) ;
#678 = CARTESIAN_POINT ( 'NONE',  ( 12.33457904469362809, -56.10340963507924528, 430.0000000002122533 ) ) ;
#679 = CARTESIAN_POINT ( 'NONE',  ( -7.633942345553443865, -39.64581336670018175, 493.9146937366762131 ) ) ;
#680 = CARTESIAN_POINT ( 'NONE',  ( -32.43215391043771234, -23.54806115622713492, 484.2671667302068386 ) ) ;
#681 = CARTESIAN_POINT ( 'NONE',  ( -14.05642085304309674, 5.517285610175370891, 459.6571511489481168 ) ) ;
#682 = CARTESIAN_POINT ( 'NONE',  ( 0.000000000000000000, -64.25834689131531263, 429.9999999997190798 ) ) ;
#683 = CARTESIAN_POINT ( 'NONE',  ( -7.195666650044343804, -12.00767221047345501, 561.5876255019225027 ) ) ;
#684 = CARTESIAN_POINT ( 'NONE',  ( 11.76711777406544357, 23.42470861069366350, 9.197752124484701142 ) ) ;
#685 = CARTESIAN_POINT ( 'NONE',  ( -25.90605330977791709, -9.341766662386550735, 486.5363205642595403 ) ) ;
#686 = CARTESIAN_POINT ( 'NONE',  ( 68.17099890686246511, -60.37488438128726642, 314.7623516238141974 ) ) ;
#687 = CARTESIAN_POINT ( 'NONE',  ( 10.15714267950395211, -7.150168514283623544, 511.6932974017108791 ) ) ;
#688 = EDGE_CURVE ( 'NONE', #1461, #6213, #2875, .T. ) ;
#689 = CARTESIAN_POINT ( 'NONE',  ( -1.589671430372596284, -10.93835696546735115, 509.1517682577340338 ) ) ;
#690 = CARTESIAN_POINT ( 'NONE',  ( -40.66520494858938406, -32.54208834825746521, 430.0000000000000568 ) ) ;
#691 = DIRECTION ( 'NONE',  ( -0.000000000000000000, -0.000000000000000000, 1.000000000000000000 ) ) ;
#692 = CARTESIAN_POINT ( 'NONE',  ( 29.22937853140155440, -44.87569427752105611, 430.0000000002124239 ) ) ;
#693 = LINE ( 'NONE', #145, #622 ) ;
#694 = CARTESIAN_POINT ( 'NONE',  ( 14.80033749623015638, -51.71258734513460098, 442.2117867237394648 ) ) ;
#695 = VERTEX_POINT ( 'NONE', #5618 ) ;
#696 = CARTESIAN_POINT ( 'NONE',  ( -1.548818579397470918, -29.06871494479510076, 508.5273641749685680 ) ) ;
#697 = CARTESIAN_POINT ( 'NONE',  ( -149.9999999999997442, -5.490932798144390503, 226.1862272007494425 ) ) ;
#698 = CARTESIAN_POINT ( 'NONE',  ( 0.000000000000000000, -10.82063283745300275, 561.1131134019785804 ) ) ;
#699 = ADVANCED_FACE ( 'NONE', ( #1204 ), #4101, .T. ) ;
#700 = CARTESIAN_POINT ( 'NONE',  ( 10.27266192055210858, 5.123073895678157186, 494.0455122256950062 ) ) ;
#701 = CARTESIAN_POINT ( 'NONE',  ( -42.82036082025610568, 34.45865616707600765, 314.7613887647807474 ) ) ;
#702 = CARTESIAN_POINT ( 'NONE',  ( 8.805274868294018731, -44.03224037115669631, 477.6071439955238702 ) ) ;
#703 = CARTESIAN_POINT ( 'NONE',  ( -28.34820219586182688, -41.48270983577975102, 441.1545625524788079 ) ) ;
#704 = ORIENTED_EDGE ( 'NONE', *, *, #5107, .T. ) ;
#705 = CARTESIAN_POINT ( 'NONE',  ( 16.67193724777074593, 1.370632815205136357, 469.0112336634287544 ) ) ;
#706 = DIRECTION ( 'NONE',  ( -1.000000000000000000, 0.000000000000000000, 0.000000000000000000 ) ) ;
#707 = CARTESIAN_POINT ( 'NONE',  ( -2.005349492412943579, -43.98569864222032777, 507.4142083828476757 ) ) ;
#708 = CARTESIAN_POINT ( 'NONE',  ( -143.5385904790958875, -3.590584443154330785, 429.9999999999996589 ) ) ;
#709 = AXIS2_PLACEMENT_3D ( 'NONE', #1775, #3743, #6122 ) ;
#710 = CARTESIAN_POINT ( 'NONE',  ( 149.9999999999999432, -7.347273661128304489, 277.1192477896718742 ) ) ;
#711 = CARTESIAN_POINT ( 'NONE',  ( -12.58899838413322847, -40.68236479641647207, 480.2278539900673877 ) ) ;
#712 = CARTESIAN_POINT ( 'NONE',  ( 6.439475107394359021, -30.59327351202836098, 526.3427786897061651 ) ) ;
#713 = CARTESIAN_POINT ( 'NONE',  ( -22.66490240874651363, -26.53379448465818413, 498.9272961488634337 ) ) ;
#714 = CARTESIAN_POINT ( 'NONE',  ( -35.81241286847657079, 2.671855191195819934, 427.6931774051443540 ) ) ;
#715 = CARTESIAN_POINT ( 'NONE',  ( -5.483427953080186157, -29.28655086551724551, 558.9422371214551504 ) ) ;
#716 = CARTESIAN_POINT ( 'NONE',  ( 0.000000000000000000, -10.32476161885617039, 559.8750435886903460 ) ) ;
#717 = VECTOR ( 'NONE', #1861, 1000.000000000000000 ) ;
#718 = CARTESIAN_POINT ( 'NONE',  ( 28.23808762699846042, 3.056412852116027423, -22.60677287783177647 ) ) ;
#719 = CARTESIAN_POINT ( 'NONE',  ( -10.30363021565050197, -5.138574303491152406, 504.6195951764192955 ) ) ;
#720 = CARTESIAN_POINT ( 'NONE',  ( 0.000000000000000000, -73.16061194626165332, 380.8795086327757531 ) ) ;
#721 = CARTESIAN_POINT ( 'NONE',  ( -29.67672369948052591, -29.94648495823072309, 469.0808507354051358 ) ) ;
#722 = VECTOR ( 'NONE', #2065, 1000.000000000000000 ) ;
#723 = CARTESIAN_POINT ( 'NONE',  ( 20.67953180983819905, -8.716905567298933732, 494.6051296171661988 ) ) ;
#724 = DIRECTION ( 'NONE',  ( -1.000000000000000000, 0.000000000000000000, 0.000000000000000000 ) ) ;
#725 = CARTESIAN_POINT ( 'NONE',  ( 2.167996688855401199, 3.656369275368264837, 511.6997912772474137 ) ) ;
#726 = CARTESIAN_POINT ( 'NONE',  ( 0.000000000000000000, -29.67276240494404149, 559.8817922289017588 ) ) ;
#727 = CARTESIAN_POINT ( 'NONE',  ( 25.28744110046432425, -48.65741189352668528, 430.0000000002122533 ) ) ;
#728 = CARTESIAN_POINT ( 'NONE',  ( 35.66106005593005079, -25.50521667275220139, 502.3113495257247791 ) ) ;
#729 = CARTESIAN_POINT ( 'NONE',  ( 12.70691736806078964, -52.22115733170199547, 443.8896324269296088 ) ) ;
#730 = CARTESIAN_POINT ( 'NONE',  ( -0.2100020128951637921, -29.19817320323820198, 510.5318261933795725 ) ) ;
#731 = CARTESIAN_POINT ( 'NONE',  ( -0.000000000000000000, -56.93250902418997583, -19.89607106146813464 ) ) ;
#732 = DIRECTION ( 'NONE',  ( 0.000000000000000000, 0.000000000000000000, -1.000000000000000000 ) ) ;
#733 = CARTESIAN_POINT ( 'NONE',  ( 7.162406742956792804, -5.196939195804247902, 540.7780944250159791 ) ) ;
#734 = CARTESIAN_POINT ( 'NONE',  ( -51.14854028299649258, 8.032565948868031214, 369.8610693905080211 ) ) ;
#735 = CARTESIAN_POINT ( 'NONE',  ( 8.606405000933269989, -44.07586611152239442, 477.8531184646811880 ) ) ;
#736 = CARTESIAN_POINT ( 'NONE',  ( -37.14124413487134291, -35.83345485084534232, 430.9536432689840240 ) ) ;
#737 = ORIENTED_EDGE ( 'NONE', *, *, #5680, .F. ) ;
#738 = CARTESIAN_POINT ( 'NONE',  ( -13.95925193474355730, -51.82216902777723533, 466.5302943809716680 ) ) ;
#739 = EDGE_CURVE ( 'NONE', #4288, #1409, #2419, .T. ) ;
#740 = CARTESIAN_POINT ( 'NONE',  ( -0.3367099702548219664, -44.36465608501482194, 506.4594976013823384 ) ) ;
#741 = CARTESIAN_POINT ( 'NONE',  ( -6.414304026158835548, 22.34409328192950284, 429.9999999999999432 ) ) ;
#742 = CARTESIAN_POINT ( 'NONE',  ( 53.60831894491192884, -21.28402283018909813, 253.8481437945783057 ) ) ;
#743 = CARTESIAN_POINT ( 'NONE',  ( -6.707599071592666995, -39.80320087629152681, 495.4688534568408045 ) ) ;
#744 = CARTESIAN_POINT ( 'NONE',  ( 14.00140892229940093, -30.95758844940602827, 506.2593893752970189 ) ) ;
#745 = CARTESIAN_POINT ( 'NONE',  ( -30.79780201499496783, -49.18097221352014969, 414.2897312668675340 ) ) ;
#746 = ADVANCED_FACE ( 'NONE', ( #3371 ), #5336, .T. ) ;
#747 = CARTESIAN_POINT ( 'NONE',  ( 0.000000000000000000, -20.00000000000000000, 458.9422371214550935 ) ) ;
#748 = CARTESIAN_POINT ( 'NONE',  ( -40.09378503535612026, 3.405605920956224608, 418.5480791369257645 ) ) ;
#749 = CARTESIAN_POINT ( 'NONE',  ( -10.99999175647491789, 14.53570579890608627, 430.0000485616728838 ) ) ;
#750 = CARTESIAN_POINT ( 'NONE',  ( -150.0000000000000568, -5.467942417658350429, 440.0305525103657374 ) ) ;
#751 = CARTESIAN_POINT ( 'NONE',  ( 85.15847978174487309, 3.904776106732709806, 71.64136231852130265 ) ) ;
#752 = CARTESIAN_POINT ( 'NONE',  ( -13.51685816543998975, -5.713855397819326498, 499.6300197795394524 ) ) ;
#753 = CARTESIAN_POINT ( 'NONE',  ( 2.767282711374470683, -69.95155719551215157, 400.7837281905764826 ) ) ;
#754 = CARTESIAN_POINT ( 'NONE',  ( -28.40628054911287137, -32.52245334009737832, 464.6707581142757704 ) ) ;
#755 = CARTESIAN_POINT ( 'NONE',  ( 30.77784596369255965, -26.36036466720950244, 478.1130512832401678 ) ) ;
#756 = CARTESIAN_POINT ( 'NONE',  ( 0.4203115150557190649, -29.19243859742083202, 507.3842843875129347 ) ) ;
#757 = CARTESIAN_POINT ( 'NONE',  ( 3.338933265328339672, 3.971414507882899514, 510.0162888515550321 ) ) ;
#758 = CARTESIAN_POINT ( 'NONE',  ( 7.201517848009637568, -29.28366669106678444, 558.7609775018966047 ) ) ;
#759 = CARTESIAN_POINT ( 'NONE',  ( 21.19542949295805201, -51.75141354352049206, 430.0000000002121965 ) ) ;
#760 = DIRECTION ( 'NONE',  ( 1.000000000000000000, 0.000000000000000000, 0.000000000000000000 ) ) ;
#761 = CARTESIAN_POINT ( 'NONE',  ( 39.82980006606118195, -35.86246402645506492, 422.5514842497296399 ) ) ;
#762 = ORIENTED_EDGE ( 'NONE', *, *, #2509, .F. ) ;
#763 = CYLINDRICAL_SURFACE ( 'NONE', #5350, 3.499999999999947597 ) ;
#764 = CARTESIAN_POINT ( 'NONE',  ( -55.07343914957666442, -24.38558908673349634, 237.4814127941238269 ) ) ;
#765 = CARTESIAN_POINT ( 'NONE',  ( 9.618847803320358381, -11.33960452028143351, 550.6822605398231190 ) ) ;
#766 = CARTESIAN_POINT ( 'NONE',  ( 0.000000000000000000, 20.11671744806442774, 444.2109482500774220 ) ) ;
#767 = CARTESIAN_POINT ( 'NONE',  ( -2.253861092064105787, 13.62000221831030800, 472.6187073565538412 ) ) ;
#768 = CARTESIAN_POINT ( 'NONE',  ( 9.120172559736332119, -43.95693162386218233, 477.2336843864728735 ) ) ;
#769 = CARTESIAN_POINT ( 'NONE',  ( -15.13484713803713078, -44.70220154418633030, 463.2746684282153637 ) ) ;
#770 = VERTEX_POINT ( 'NONE', #6334 ) ;
#771 = CARTESIAN_POINT ( 'NONE',  ( -2.611157212676109562, -45.84944482737921589, 500.7944990208144986 ) ) ;
#772 = CARTESIAN_POINT ( 'NONE',  ( -2.183601048700539948, -43.89425495418714007, 507.6830696001727574 ) ) ;
#773 = CARTESIAN_POINT ( 'NONE',  ( 26.46842816646480756, -71.77572737563548344, 92.04857878244095559 ) ) ;
#774 = CARTESIAN_POINT ( 'NONE',  ( -3.268646977093212946, 11.48290530004461019, -28.67737780092130606 ) ) ;
#775 = CARTESIAN_POINT ( 'NONE',  ( 5.781430768742601423, -35.36645134617229758, 512.1779816728693504 ) ) ;
#776 = CARTESIAN_POINT ( 'NONE',  ( -22.28410341345072609, -53.60669728905731546, 421.7737230830590534 ) ) ;
#777 = CARTESIAN_POINT ( 'NONE',  ( 15.49998382122324081, 13.83795745510511388, 425.2525090012853184 ) ) ;
#778 = CARTESIAN_POINT ( 'NONE',  ( -14.90751675442695046, 10.61928982543029854, 439.0630645774293157 ) ) ;
#779 = CARTESIAN_POINT ( 'NONE',  ( 0.000000000000000000, -42.98672263033668628, 511.4422371208862046 ) ) ;
#780 = CARTESIAN_POINT ( 'NONE',  ( -35.59756904970169700, -14.18154893332235389, 503.5448007086527014 ) ) ;
#781 = CARTESIAN_POINT ( 'NONE',  ( 149.9999999999999716, 10.35078035734875535, 226.4890547709782993 ) ) ;
#782 = ORIENTED_EDGE ( 'NONE', *, *, #6351, .F. ) ;
#783 = CARTESIAN_POINT ( 'NONE',  ( -0.000000000000000000, -38.67598854013116494, 526.8890995225855249 ) ) ;
#784 = CARTESIAN_POINT ( 'NONE',  ( 9.865032620002850194, -76.18713589342013393, 353.8900917258144432 ) ) ;
#785 = CARTESIAN_POINT ( 'NONE',  ( -34.19279665210346764, -29.80012705198109657, 457.2153595216084341 ) ) ;
#786 = DIRECTION ( 'NONE',  ( 0.000000000000000000, 1.000000000000000000, 0.000000000000000000 ) ) ;
#787 = PLANE ( 'NONE',  #2676 ) ;
#788 = CARTESIAN_POINT ( 'NONE',  ( 2.814639393495900421, 3.765317492992572568, 511.0355299762659911 ) ) ;
#789 = CARTESIAN_POINT ( 'NONE',  ( 2.565238431728874779, -29.07118204327943900, 561.2154599266882542 ) ) ;
#790 = CARTESIAN_POINT ( 'NONE',  ( 34.00243615766574123, -39.62116993258081976, 430.0000000002121965 ) ) ;
#791 = CARTESIAN_POINT ( 'NONE',  ( 25.30771317521781683, -47.84454341334093641, 432.4130764964792775 ) ) ;
#792 = CARTESIAN_POINT ( 'NONE',  ( -3.338933265328339672, 3.971414507882899514, 510.0162888515550321 ) ) ;
#793 = CARTESIAN_POINT ( 'NONE',  ( -84.77794262105415157, -46.98596791776946446, 96.39013901449662569 ) ) ;
#794 = CARTESIAN_POINT ( 'NONE',  ( 2.563153368808782862, -10.25466783568928619, 559.4852034020277642 ) ) ;
#795 = CARTESIAN_POINT ( 'NONE',  ( 38.04577553118386390, 6.899135327763927350, 435.0771627741435736 ) ) ;
#796 = CARTESIAN_POINT ( 'NONE',  ( -1.676507941506811594, 36.02744328790266337, 354.3090623948346547 ) ) ;
#797 = CARTESIAN_POINT ( 'NONE',  ( 11.56127132719946360, -43.33144863399571278, 474.4096991557432830 ) ) ;
#798 = CARTESIAN_POINT ( 'NONE',  ( -16.52650904064350001, -44.27010907003457874, 461.6984060265269818 ) ) ;
#799 = CARTESIAN_POINT ( 'NONE',  ( -50.46427395969769947, -23.39271556614985670, 436.9627199985093853 ) ) ;
#800 = ORIENTED_EDGE ( 'NONE', *, *, #4593, .T. ) ;
#801 = CARTESIAN_POINT ( 'NONE',  ( 0.000000000000000000, -53.77145281460710180, 472.5548515520040951 ) ) ;
#802 = SURFACE_SIDE_STYLE ('',( #3252 ) ) ;
#803 = CARTESIAN_POINT ( 'NONE',  ( 11.75744908100403308, -73.26763630587556975, 70.63909645684825023 ) ) ;
#804 = EDGE_CURVE ( 'NONE', #5449, #2546, #6232, .T. ) ;
#805 = CARTESIAN_POINT ( 'NONE',  ( -56.45112250455159142, -6.087123366960760507, 202.2480236927935380 ) ) ;
#806 = CARTESIAN_POINT ( 'NONE',  ( 28.62471672884490204, -26.52643645094867253, 482.9858667154419436 ) ) ;
#807 = CARTESIAN_POINT ( 'NONE',  ( -22.27542626903873213, -51.47442243057018629, 428.7610970650387117 ) ) ;
#808 = ORIENTED_EDGE ( 'NONE', *, *, #947, .F. ) ;
#809 = CARTESIAN_POINT ( 'NONE',  ( 11.00000000000000000, 0.000000000000000000, 618.0000000002123670 ) ) ;
#810 = CARTESIAN_POINT ( 'NONE',  ( -12.26779278666085027, 9.387616783838128143, 448.6008329175817835 ) ) ;
#811 = CARTESIAN_POINT ( 'NONE',  ( -9.991272785187126360, -19.41519137128980077, 558.9422371214549230 ) ) ;
#812 = CARTESIAN_POINT ( 'NONE',  ( -150.0000000000000284, -5.617192044877173274, 440.0305525103656805 ) ) ;
#813 = CARTESIAN_POINT ( 'NONE',  ( 52.53891573317806518, 18.24069168520677664, 252.3546242644533777 ) ) ;
#814 = AXIS2_PLACEMENT_3D ( 'NONE', #3941, #5359, #6357 ) ;
#815 = CARTESIAN_POINT ( 'NONE',  ( -19.27507332902513681, -4.698411018310902243, 484.1347186448698494 ) ) ;
#816 = CARTESIAN_POINT ( 'NONE',  ( 68.17099890686246511, -59.87081892651732318, 328.7373264156398136 ) ) ;
#817 = CARTESIAN_POINT ( 'NONE',  ( -13.87486526074265392, -35.59344874407967296, 492.4837104015562659 ) ) ;
#818 = CARTESIAN_POINT ( 'NONE',  ( 1.490253870021695182, -10.06869430153065004, 558.9422371034246453 ) ) ;
#819 = AXIS2_PLACEMENT_3D ( 'NONE', #3188, #423, #2386 ) ;
#820 = CARTESIAN_POINT ( 'NONE',  ( -11.00000000000000000, -32.78400426621578845, 430.0000000002122533 ) ) ;
#821 = AXIS2_PLACEMENT_3D ( 'NONE', #239, #2600, #5139 ) ;
#822 = CARTESIAN_POINT ( 'NONE',  ( 51.55309510019415598, -31.41886356301280969, 429.9999999999997158 ) ) ;
#823 = FACE_OUTER_BOUND ( 'NONE', #5423, .T. ) ;
#824 = PLANE ( 'NONE',  #2263 ) ;
#825 = EDGE_CURVE ( 'NONE', #2391, #585, #1880, .T. ) ;
#826 = LINE ( 'NONE', #2792, #4926 ) ;
#827 = CARTESIAN_POINT ( 'NONE',  ( 46.44140419946507592, -32.62537132851698374, 410.9603907305510120 ) ) ;
#828 = AXIS2_PLACEMENT_3D ( 'NONE', #5003, #1951, #4463 ) ;
#829 = CARTESIAN_POINT ( 'NONE',  ( -3.496747422379181902, 4.309107782942662723, 508.6709003009451067 ) ) ;
#830 = CARTESIAN_POINT ( 'NONE',  ( 14.33176975101313744, 1.804818446628029704, 472.2859685203902131 ) ) ;
#831 = CARTESIAN_POINT ( 'NONE',  ( -3.246870559986947402, -69.27317359988197154, 28.93289519100172669 ) ) ;
#832 = CARTESIAN_POINT ( 'NONE',  ( 7.195888519854179322, -12.55583417180842609, 562.5170950364142755 ) ) ;
#833 = CARTESIAN_POINT ( 'NONE',  ( 2.401812407620467660, 6.569449054318622139, 500.9803719639622841 ) ) ;
#834 = CARTESIAN_POINT ( 'NONE',  ( 0.000000000000000000, 23.07731326548116613, 429.8900929289059150 ) ) ;
#835 = CARTESIAN_POINT ( 'NONE',  ( 9.774852370792538991, -43.79235868712020618, 476.4758398773284398 ) ) ;
#836 = CARTESIAN_POINT ( 'NONE',  ( -9.336558311645090313, -43.90299863939504377, 476.9830252077012460 ) ) ;
#837 = CARTESIAN_POINT ( 'NONE',  ( -60.01452371159473387, -16.93389147502358938, 448.8732548501399719 ) ) ;
#838 = ORIENTED_EDGE ( 'NONE', *, *, #6241, .T. ) ;
#839 = CARTESIAN_POINT ( 'NONE',  ( -150.0000000000002274, -6.918172500166472005, 377.9878286767907980 ) ) ;
#840 =( LENGTH_UNIT ( ) NAMED_UNIT ( * ) SI_UNIT ( .MILLI., .METRE. ) );
#841 = CARTESIAN_POINT ( 'NONE',  ( 11.96595949943099590, -70.14009634802859239, 45.55833029800994183 ) ) ;
#842 = FACE_OUTER_BOUND ( 'NONE', #2607, .T. ) ;
#843 = CARTESIAN_POINT ( 'NONE',  ( 12.73337970773603089, -31.25581617807934265, 508.3272567311940406 ) ) ;
#844 = CARTESIAN_POINT ( 'NONE',  ( -21.26256084312534256, -49.61082302174652625, 436.4765049995605750 ) ) ;
#845 = VERTEX_POINT ( 'NONE', #3044 ) ;
#846 = CARTESIAN_POINT ( 'NONE',  ( 13.64812984879145574, 12.55375281329823345, 433.7785866285606744 ) ) ;
#847 = CARTESIAN_POINT ( 'NONE',  ( -22.50065716812093086, 8.968579486549581148, 430.4240536073361909 ) ) ;
#848 = CARTESIAN_POINT ( 'NONE',  ( 0.000000000000000000, -46.58870159832864033, 512.4422371214550367 ) ) ;
#849 = CARTESIAN_POINT ( 'NONE',  ( -9.612938724085307030, -21.77601353482569380, 558.6097518838189444 ) ) ;
#850 = CARTESIAN_POINT ( 'NONE',  ( 56.11130722957283723, 35.86224107201260836, 219.6474666994794234 ) ) ;
#851 = ORIENTED_EDGE ( 'NONE', *, *, #5089, .F. ) ;
#852 = CARTESIAN_POINT ( 'NONE',  ( -44.69436111789192267, -9.138739494768804761, 457.4516400656602286 ) ) ;
#853 = CARTESIAN_POINT ( 'NONE',  ( 2.868117268075441206, -80.90834605147239245, 252.8850171276854724 ) ) ;
#854 = CARTESIAN_POINT ( 'NONE',  ( -15.58714533472732455, -35.12657578183576135, 489.9312667102885825 ) ) ;
#855 = CARTESIAN_POINT ( 'NONE',  ( 16.57795712978958491, -8.159658387434891580, 501.2746268422022808 ) ) ;
#856 = CARTESIAN_POINT ( 'NONE',  ( 12.30264220383755713, -29.82868283284850719, 514.1823631768830865 ) ) ;
#857 = CARTESIAN_POINT ( 'NONE',  ( 0.000000000000000000, -46.58870159832864033, 505.4422371214552072 ) ) ;
#858 = CARTESIAN_POINT ( 'NONE',  ( -13.51631736521812854, -7.447786244642840892, 505.4045025815320287 ) ) ;
#859 = CARTESIAN_POINT ( 'NONE',  ( 37.08351004449853150, -36.22983238619556090, 430.0000000002122533 ) ) ;
#860 = PLANE ( 'NONE',  #1733 ) ;
#861 = CARTESIAN_POINT ( 'NONE',  ( 11.27481585255359242, -54.65508947663415285, 437.2493902525914677 ) ) ;
#862 = CARTESIAN_POINT ( 'NONE',  ( -3.052462266275070668, 4.770652513969610098, 507.1716686679271788 ) ) ;
#863 = CARTESIAN_POINT ( 'NONE',  ( 17.69025480386357430, 2.991232496275896491, 461.2844359820432487 ) ) ;
#864 = ADVANCED_FACE ( 'NONE', ( #2466 ), #137, .F. ) ;
#865 = CARTESIAN_POINT ( 'NONE',  ( -86.60081278800824123, -34.97032494195183006, 62.15867829676963652 ) ) ;
#866 = CARTESIAN_POINT ( 'NONE',  ( 0.000000000000000000, -13.54562615588299757, 565.5889046159052214 ) ) ;
#867 = CARTESIAN_POINT ( 'NONE',  ( 150.0000000000002558, -4.444873476189596495, 435.7468521578524019 ) ) ;
#868 = CARTESIAN_POINT ( 'NONE',  ( 0.000000000000000000, 28.59958286175763931, 400.6555249589480923 ) ) ;
#869 = CARTESIAN_POINT ( 'NONE',  ( 34.47123207747755202, -35.50955872246715472, 439.6139134560758066 ) ) ;
#870 = CARTESIAN_POINT ( 'NONE',  ( -23.96800512925131699, -41.38465627781930323, 452.5905735261185896 ) ) ;
#871 = CARTESIAN_POINT ( 'NONE',  ( -40.67216392300731798, -24.86883640197437373, 457.5626971328346713 ) ) ;
#872 = ORIENTED_EDGE ( 'NONE', *, *, #1171, .F. ) ;
#873 = B_SPLINE_CURVE_WITH_KNOTS ( 'NONE', 3,
 ( #5544, #708, #3579, #3607, #1496, #1159, #2465, #2981, #5576, #3098, #6086, #5057, #4942, #3125, #5084, #535, #1670, #4633, #2641, #677, #4602, #1220, #3638, #5605, #188, #3947, #3154, #2187, #2497, #5118, #4429, #2155, #1190, #17, #1981, #5915, #3464, #4461, #2011, #741, #2704, #1732, #3703, #4664 ),
 .UNSPECIFIED., .F., .F.,
 ( 4, 2, 2, 2, 2, 2, 2, 2, 2, 2, 2, 2, 2, 2, 2, 2, 2, 2, 2, 2, 2, 4 ),
 ( 2.166971650500494442E-09, 0.01939654189818466878, 0.03879308162939772847, 0.05818962136061078816, 0.06788789122621730066, 0.07758616109182379927, 0.08728443095743032565, 0.09213356589023356802, 0.09698270082303682427, 0.1066809706886433368, 0.1115301056214465930, 0.1163792405542498354, 0.1212283754870530916, 0.1260775104198563756, 0.1309266453526596319, 0.1357757802854628881, 0.1406249152182661444, 0.1430494826846677447, 0.1454740501510693729, 0.1478986176174710010, 0.1503231850838726291, 0.1551723200166759131 ),
 .UNSPECIFIED. ) ;
#874 = CARTESIAN_POINT ( 'NONE',  ( -59.92768210513554550, -17.48403991496985910, 443.5587034323733633 ) ) ;
#875 = CARTESIAN_POINT ( 'NONE',  ( 12.22027440263713949, -63.51937948498553510, 10.60395131229715382 ) ) ;
#876 = CARTESIAN_POINT ( 'NONE',  ( -86.91359524864041930, -11.34795942607654595, 48.66319268689352384 ) ) ;
#877 = CARTESIAN_POINT ( 'NONE',  ( 44.41861078096736293, -21.21876472148510473, 463.8327380435565033 ) ) ;
#878 = CARTESIAN_POINT ( 'NONE',  ( -11.27440347482775707, -52.53195589301071067, 445.0128370031640088 ) ) ;
#879 = B_SPLINE_CURVE_WITH_KNOTS ( 'NONE', 3,
 ( #5247, #1831, #2284, #2315, #1386, #4791, #2734, #5701, #2383, #1900 ),
 .UNSPECIFIED., .F., .F.,
 ( 4, 2, 2, 2, 4 ),
 ( 0.000000000000000000, 0.02062402787839644550, 0.04124805575679289099, 0.06187208363518933996, 0.08249611151358578198 ),
 .UNSPECIFIED. ) ;
#880 = VERTEX_POINT ( 'NONE', #2041 ) ;
#881 = CARTESIAN_POINT ( 'NONE',  ( 17.11072682820792679, 11.87046295627960291, 430.1577289028557516 ) ) ;
#882 = CARTESIAN_POINT ( 'NONE',  ( -10.50911438421680444, 13.11425815320017918, 436.8948629004283930 ) ) ;
#883 = CARTESIAN_POINT ( 'NONE',  ( 31.68621860343381869, 4.105074023734150757, 430.0000000002123102 ) ) ;
#884 = CARTESIAN_POINT ( 'NONE',  ( -7.196804589365781268, -18.12640572325879162, 567.2561319078702127 ) ) ;
#885 = ORIENTED_EDGE ( 'NONE', *, *, #2037, .F. ) ;
#886 = CARTESIAN_POINT ( 'NONE',  ( -27.82992149143976590, -7.735350812878485804, 477.6936424052155985 ) ) ;
#887 = CARTESIAN_POINT ( 'NONE',  ( 50.27901471516381093, -10.53498303827503335, 299.4734705478629735 ) ) ;
#888 = CARTESIAN_POINT ( 'NONE',  ( -45.07566421415946678, -23.52906088551468855, 451.4475980906403834 ) ) ;
#889 = CARTESIAN_POINT ( 'NONE',  ( 2.120534225328424061, -10.11042706718909301, 558.9422371124398978 ) ) ;
#890 = CARTESIAN_POINT ( 'NONE',  ( 4.569290057734137989, -30.31119807335963046, 618.0000000002123670 ) ) ;
#891 = CARTESIAN_POINT ( 'NONE',  ( 14.27854962270339456, -61.96668172873464187, 430.0000000000002274 ) ) ;
#892 = CARTESIAN_POINT ( 'NONE',  ( -11.35924330534747817, -31.11298971242430511, 512.2177496793013916 ) ) ;
#893 = CARTESIAN_POINT ( 'NONE',  ( 38.76082479393076596, -34.47629105928223936, 430.0000000002123102 ) ) ;
#894 = CARTESIAN_POINT ( 'NONE',  ( -10.99999999999992184, -41.21142705019099139, 481.9546621116033407 ) ) ;
#895 = CARTESIAN_POINT ( 'NONE',  ( 20.32976721367765549, -52.21644216945279737, 430.4406987976834671 ) ) ;
#896 = CARTESIAN_POINT ( 'NONE',  ( -0.4672067036195548528, 3.588513381393919843, 512.4187017111163414 ) ) ;
#897 = CARTESIAN_POINT ( 'NONE',  ( 16.13740315560799488, 3.291529414217181149, 463.3865318780445364 ) ) ;
#898 = CARTESIAN_POINT ( 'NONE',  ( -149.9999999999994031, -3.204465285586236778, 213.8695567060612177 ) ) ;
#899 = EDGE_CURVE ( 'NONE', #5647, #2794, #5034, .T. ) ;
#900 = CARTESIAN_POINT ( 'NONE',  ( 9.615815369683886615, -12.54168557793122041, 553.3239770791902856 ) ) ;
#901 = CARTESIAN_POINT ( 'NONE',  ( 0.000000000000000000, 6.729893735435778623, 500.8079739285071810 ) ) ;
#902 = CARTESIAN_POINT ( 'NONE',  ( 10.46757754080764791, -45.96091080210891278, 468.3205131182881473 ) ) ;
#903 = CARTESIAN_POINT ( 'NONE',  ( -12.47605465765430921, -43.08064778437538678, 473.3402222797942045 ) ) ;
#904 = CARTESIAN_POINT ( 'NONE',  ( 9.641052513307554861, -29.00805446362254969, 549.8478167743611493 ) ) ;
#905 = VERTEX_POINT ( 'NONE', #594 ) ;
#906 = CARTESIAN_POINT ( 'NONE',  ( -150.0000000000001990, -7.007733124829560900, 362.5174106670719993 ) ) ;
#907 = CARTESIAN_POINT ( 'NONE',  ( 0.7476125289173674027, -8.937462732982192293, 430.0000000002122533 ) ) ;
#908 = CARTESIAN_POINT ( 'NONE',  ( 150.0000000000001990, -6.203234333439552550, 234.3985885455826690 ) ) ;
#909 = CARTESIAN_POINT ( 'NONE',  ( -86.04165046946579309, -0.9836248390333799385, 62.57548133218611497 ) ) ;
#910 = CARTESIAN_POINT ( 'NONE',  ( 44.70761772973295223, -22.38400740402532918, 457.5989135955076677 ) ) ;
#911 = CARTESIAN_POINT ( 'NONE',  ( -12.91098182110191495, -54.32819231633763479, 436.1106728134635091 ) ) ;
#912 = ORIENTED_EDGE ( 'NONE', *, *, #6376, .F. ) ;
#913 = CARTESIAN_POINT ( 'NONE',  ( 54.19033794809084270, 4.975365465763568196, 393.6730437903243001 ) ) ;
#914 = CARTESIAN_POINT ( 'NONE',  ( -36.03672851393310594, 8.617539354868105406, 405.2524665791332836 ) ) ;
#915 = CARTESIAN_POINT ( 'NONE',  ( 28.70683560566441272, 5.663940375732408050, 430.0000000002122533 ) ) ;
#916 = CARTESIAN_POINT ( 'NONE',  ( -60.03458270164767185, -15.32386415216338627, 451.0284753133107074 ) ) ;
#917 = ORIENTED_EDGE ( 'NONE', *, *, #3689, .T. ) ;
#918 = CARTESIAN_POINT ( 'NONE',  ( -17.66610434894270298, -4.437220443574067197, 486.6174661702226558 ) ) ;
#919 = ADVANCED_FACE ( 'NONE', ( #5461 ), #4008, .F. ) ;
#920 = CARTESIAN_POINT ( 'NONE',  ( 10.04412368567978575, -80.21168089975681426, 276.6879072761447560 ) ) ;
#921 = CARTESIAN_POINT ( 'NONE',  ( -5.394866188107752869, -33.14124202922274520, 520.5983059703820572 ) ) ;
#922 = CARTESIAN_POINT ( 'NONE',  ( 8.516869921708119406, -13.36620154447806819, 558.9422371214544683 ) ) ;
#923 = CARTESIAN_POINT ( 'NONE',  ( 11.00000000000012612, -49.44886091387290605, 456.1491630009714413 ) ) ;
#924 = CARTESIAN_POINT ( 'NONE',  ( -0.7476125289173674027, -8.937462732982192293, 618.0000000002123670 ) ) ;
#925 = VECTOR ( 'NONE', #3463, 1000.000000000000000 ) ;
#926 = CARTESIAN_POINT ( 'NONE',  ( 0.000000000000000000, 1.548778914756341107, 520.0203933066529771 ) ) ;
#927 = CARTESIAN_POINT ( 'NONE',  ( 52.51248102560061426, -23.51737624680340488, 430.0000000002123102 ) ) ;
#928 = CARTESIAN_POINT ( 'NONE',  ( 0.4147362585854315609, -10.80878218308347094, 507.3934026891104736 ) ) ;
#929 = CARTESIAN_POINT ( 'NONE',  ( 11.29069960005738515, -56.63233867095394913, 429.2611572423629696 ) ) ;
#930 = AXIS2_PLACEMENT_3D ( 'NONE', #1389, #1931, #354 ) ;
#931 = CARTESIAN_POINT ( 'NONE',  ( 17.04957390888089819, -2.448588738630225414, 481.2009760201174231 ) ) ;
#932 = CARTESIAN_POINT ( 'NONE',  ( -0.000000000000000000, -36.59772115991504648, -54.64059975019979021 ) ) ;
#933 = CARTESIAN_POINT ( 'NONE',  ( 35.58864692157143139, -19.19964474173488611, 508.0066010617481993 ) ) ;
#934 = AXIS2_PLACEMENT_3D ( 'NONE', #4502, #5501, #2051 ) ;
#935 = CARTESIAN_POINT ( 'NONE',  ( -149.9999999999997158, -4.914714336245090465, 438.2002728028813863 ) ) ;
#936 = CARTESIAN_POINT ( 'NONE',  ( 32.61799427475683189, -36.65324952412066040, 441.7534335049409151 ) ) ;
#937 = CARTESIAN_POINT ( 'NONE',  ( -48.78138085823943015, -25.64912488280802449, 431.1180414779151420 ) ) ;
#938 = CARTESIAN_POINT ( 'NONE',  ( 15.10130860555601195, -55.53012359799495812, 452.8377495693000014 ) ) ;
#939 = CARTESIAN_POINT ( 'NONE',  ( 143.5385904790958875, -3.590584443154330785, 429.9999999999996589 ) ) ;
#940 = CARTESIAN_POINT ( 'NONE',  ( -149.9999999999996589, -7.341834859637557997, 304.9235521739933006 ) ) ;
#941 = CARTESIAN_POINT ( 'NONE',  ( 3.314381414759661748, -54.25418021934429902, -25.88212916072503234 ) ) ;
#942 = CARTESIAN_POINT ( 'NONE',  ( -75.08352271041381698, 23.83992530242385399, 133.1794009662679912 ) ) ;
#943 = CARTESIAN_POINT ( 'NONE',  ( 31.66633898295882688, -29.09413243917730085, 466.4942141743147204 ) ) ;
#944 = CARTESIAN_POINT ( 'NONE',  ( -27.68548050016957163, -44.19173205135759730, 435.9950410585636860 ) ) ;
#945 = ORIENTED_EDGE ( 'NONE', *, *, #2037, .T. ) ;
#946 = CARTESIAN_POINT ( 'NONE',  ( 27.22839422745112969, 7.807769752488370685, 425.1757930017151352 ) ) ;
#947 = EDGE_CURVE ( 'NONE', #101, #6180, #646, .T. ) ;
#948 = CARTESIAN_POINT ( 'NONE',  ( -40.10778097375737161, 6.291991230590324946, 407.7083860306350971 ) ) ;
#949 = DIRECTION ( 'NONE',  ( 0.000000000000000000, 0.000000000000000000, 1.000000000000000000 ) ) ;
#950 = CARTESIAN_POINT ( 'NONE',  ( -60.03675232927812289, -13.92773874357534680, 451.5089619947290771 ) ) ;
#951 = EDGE_LOOP ( 'NONE', ( #3834, #1071, #5080, #4146, #2001, #4694 ) ) ;
#952 = CARTESIAN_POINT ( 'NONE',  ( -55.43010207717970417, -8.077568896845033208, 443.1332146249037010 ) ) ;
#953 = CARTESIAN_POINT ( 'NONE',  ( -10.64968805436455490, -34.08908922305397482, 504.2981004083371204 ) ) ;
#954 = CARTESIAN_POINT ( 'NONE',  ( -55.08339698552131836, -4.006201253027231957, 428.0931993774702846 ) ) ;
#955 = CARTESIAN_POINT ( 'NONE',  ( 0.000000000000000000, -8.653564323852759088, 0.000000000000000000 ) ) ;
#956 = B_SPLINE_CURVE_WITH_KNOTS ( 'NONE', 3,
 ( #4042, #1592, #4526, #570 ),
 .UNSPECIFIED., .F., .F.,
 ( 4, 4 ),
 ( 0.000000000000000000, 0.001492866251133820581 ),
 .UNSPECIFIED. ) ;
#957 = CARTESIAN_POINT ( 'NONE',  ( 10.99999999999999289, -32.51820511386754475, 508.5484691151507377 ) ) ;
#958 = CARTESIAN_POINT ( 'NONE',  ( 27.74751157343145280, -54.69166617166227695, 430.0000000000002274 ) ) ;
#959 = PLANE ( 'NONE',  #5775 ) ;
#960 = CARTESIAN_POINT ( 'NONE',  ( 36.83504962903580804, -36.49685180517214889, 430.0000000002123670 ) ) ;
#961 = CARTESIAN_POINT ( 'NONE',  ( -0.9945835819595071348, -29.96286467157346678, 558.9422371124403526 ) ) ;
#962 = CARTESIAN_POINT ( 'NONE',  ( 14.18689813598696681, -56.06380224395034872, 427.4865274770800738 ) ) ;
#963 = CARTESIAN_POINT ( 'NONE',  ( 19.44707862474873750, -2.860802960681630758, 477.6124495882486372 ) ) ;
#964 = CARTESIAN_POINT ( 'NONE',  ( -56.43770889582800976, -16.63380663107501078, 204.3598371959161284 ) ) ;
#965 = CARTESIAN_POINT ( 'NONE',  ( 7.196545090985735804, -15.35525722373214208, 565.7051093962434152 ) ) ;
#966 = CARTESIAN_POINT ( 'NONE',  ( 0.000000000000000000, -8.823511411159953965, 555.1857276250582345 ) ) ;
#967 = CARTESIAN_POINT ( 'NONE',  ( 46.89175372329851399, -27.98173156013698915, 427.1853840926293060 ) ) ;
#968 = CARTESIAN_POINT ( 'NONE',  ( 58.92200651795151600, -18.22782690140883588, 422.9763036885070164 ) ) ;
#969 = CARTESIAN_POINT ( 'NONE',  ( 0.8220901145722387948, -42.98220852313914975, 511.3090837221413381 ) ) ;
#970 = CARTESIAN_POINT ( 'NONE',  ( -9.965346631658759335, -79.63111587748716147, 298.7211226056008968 ) ) ;
#971 = CARTESIAN_POINT ( 'NONE',  ( 0.000000000000000000, -49.10107839069928559, -36.97038650672747195 ) ) ;
#972 = CARTESIAN_POINT ( 'NONE',  ( 2.883333089012468431, 37.06396331801435196, 58.55160058116674549 ) ) ;
#973 = CARTESIAN_POINT ( 'NONE',  ( -26.35674988608645464, 25.04923993672376170, 32.44508452609948534 ) ) ;
#974 = CARTESIAN_POINT ( 'NONE',  ( 25.97011457643301569, -31.48908771284900254, 474.3124115645741199 ) ) ;
#975 = CARTESIAN_POINT ( 'NONE',  ( -53.10679749112615156, -27.84146392768585088, 406.0104623184346906 ) ) ;
#976 = ORIENTED_EDGE ( 'NONE', *, *, #2723, .T. ) ;
#977 = CARTESIAN_POINT ( 'NONE',  ( 15.20444623946209717, 12.25423261265202690, 432.1763634461537436 ) ) ;
#978 = CARTESIAN_POINT ( 'NONE',  ( -16.73302816187517905, 11.94875023123153923, 430.5628360026420296 ) ) ;
#979 = CARTESIAN_POINT ( 'NONE',  ( 27.88881539091426021, 6.104150906197062021, 430.0000000002121965 ) ) ;
#980 = CARTESIAN_POINT ( 'NONE',  ( -2.565355004038486708, -29.56534165093560773, 559.9850058780996278 ) ) ;
#981 = ORIENTED_EDGE ( 'NONE', *, *, #2276, .T. ) ;
#982 = CARTESIAN_POINT ( 'NONE',  ( -10.12536305987896590, 0.7465751197361365499, 484.6680865725152785 ) ) ;
#983 = CARTESIAN_POINT ( 'NONE',  ( -6.338646397188305137, -35.30587531700629000, 510.9370937757353772 ) ) ;
#984 = CARTESIAN_POINT ( 'NONE',  ( -40.09836401531681105, -4.128996174223932059, 445.7857229061970088 ) ) ;
#985 = LINE ( 'NONE', #5397, #925 ) ;
#986 = CARTESIAN_POINT ( 'NONE',  ( -149.9999999999999432, -6.465769717618442769, 433.3807564814050011 ) ) ;
#987 = CARTESIAN_POINT ( 'NONE',  ( 0.000000000000000000, 0.000000000000000000, 458.9422371214550935 ) ) ;
#988 = EDGE_CURVE ( 'NONE', #3639, #30, #2982, .T. ) ;
#989 = CARTESIAN_POINT ( 'NONE',  ( 12.49172242615647477, -6.277043314077721980, -50.97366954480303747 ) ) ;
#990 = CARTESIAN_POINT ( 'NONE',  ( 26.38648167905972386, -25.42195675109336861, 493.0371920210516805 ) ) ;
#991 = CARTESIAN_POINT ( 'NONE',  ( 0.2100020128951618215, -10.80182679676180335, 507.3526480495307283 ) ) ;
#992 = CARTESIAN_POINT ( 'NONE',  ( 29.76443121159466898, -47.62703845864763963, 421.5564857998022035 ) ) ;
#993 = CARTESIAN_POINT ( 'NONE',  ( 24.44146872600499520, -3.690858911188228397, 470.3639389592440807 ) ) ;
#994 = CARTESIAN_POINT ( 'NONE',  ( -0.000000000000000000, -34.48481854792667889, -56.87675496335153724 ) ) ;
#995 = CARTESIAN_POINT ( 'NONE',  ( 35.61165281356422696, -24.10477914212586370, 505.0830295200969999 ) ) ;
#996 = CARTESIAN_POINT ( 'NONE',  ( 0.000000000000000000, -4.664387618694376236, 541.5776915351184471 ) ) ;
#997 = CARTESIAN_POINT ( 'NONE',  ( 8.199596553569687529, -46.41998365610323418, 470.8694994359488533 ) ) ;
#998 = CARTESIAN_POINT ( 'NONE',  ( 11.89296304348726885, -44.16060420333716507, 493.8727832689493766 ) ) ;
#999 = CARTESIAN_POINT ( 'NONE',  ( 0.3367099702548219664, -44.36465608501482194, 506.4594976013823384 ) ) ;
#1000 = CARTESIAN_POINT ( 'NONE',  ( -68.17099890686246511, -60.37488438128726642, 314.7623516238141974 ) ) ;
#1001 = CARTESIAN_POINT ( 'NONE',  ( 12.34030392456007874, -57.77846260822059321, -9.290267668106329424 ) ) ;
#1002 = CARTESIAN_POINT ( 'NONE',  ( 1.793437411546241478, 45.87555291334074070, 252.9410945478491897 ) ) ;
#1003 = CARTESIAN_POINT ( 'NONE',  ( -11.76711777406544357, 23.42470861069366350, 9.197752124484701142 ) ) ;
#1004 = CARTESIAN_POINT ( 'NONE',  ( 53.14791716182827486, -20.55297312138938182, 444.4431655415178852 ) ) ;
#1005 = CARTESIAN_POINT ( 'NONE',  ( -13.96669681004700969, -49.66652271771983607, 450.2639726181015476 ) ) ;
#1006 = VERTEX_POINT ( 'NONE', #626 ) ;
#1007 = CARTESIAN_POINT ( 'NONE',  ( 15.22532813638528637, 5.292194808381109006, 458.1666155542806109 ) ) ;
#1008 = CARTESIAN_POINT ( 'NONE',  ( -44.23839678395013664, 5.402172361178158688, 404.5410483476344439 ) ) ;
#1009 = CARTESIAN_POINT ( 'NONE',  ( 40.79457221403461631, -0.002045605261248688734, 430.0000000002121965 ) ) ;
#1010 = EDGE_CURVE ( 'NONE', #1847, #2285, #4321, .T. ) ;
#1011 = CARTESIAN_POINT ( 'NONE',  ( -9.616642789673855773, -25.11174916082813269, 556.5136757297533450 ) ) ;
#1012 = VERTEX_POINT ( 'NONE', #4944 ) ;
#1013 = CARTESIAN_POINT ( 'NONE',  ( -14.51397621817270078, -33.10726387322424813, 498.3828099126682787 ) ) ;
#1014 = CARTESIAN_POINT ( 'NONE',  ( -11.95257355664552890, 2.257393724892994058, 475.5219298042991340 ) ) ;
#1015 = DIRECTION ( 'NONE',  ( 0.000000000000000000, 0.000000000000000000, 1.000000000000000000 ) ) ;
#1016 = CARTESIAN_POINT ( 'NONE',  ( 0.000000000000000000, -7.488292085930035036, 550.9529946531919222 ) ) ;
#1017 = CARTESIAN_POINT ( 'NONE',  ( 20.70203604385842056, -7.268289112594169765, 489.6737204410384834 ) ) ;
#1018 = CARTESIAN_POINT ( 'NONE',  ( 150.0000000000000284, 4.861445216433631700, 214.0141223977753668 ) ) ;
#1019 = CARTESIAN_POINT ( 'NONE',  ( 5.568655043535263971, -30.87052520320505522, 527.9430774065534706 ) ) ;
#1020 = CARTESIAN_POINT ( 'NONE',  ( 11.00000000000003730, -32.78400426621576713, 507.7061421647095472 ) ) ;
#1021 = CARTESIAN_POINT ( 'NONE',  ( 27.40124996481281272, -51.25932851125097756, 417.4489562471756017 ) ) ;
#1022 = CARTESIAN_POINT ( 'NONE',  ( 15.66547721535090787, -0.3061027076831496219, 476.8288783455055295 ) ) ;
#1023 = CARTESIAN_POINT ( 'NONE',  ( 11.17257699716625119, -4.908459377115519828, 501.9051218729141510 ) ) ;
#1024 = CARTESIAN_POINT ( 'NONE',  ( -149.9999999999999716, -6.550723356787864660, 430.0000000585459929 ) ) ;
#1025 = ADVANCED_FACE ( 'NONE', ( #4973 ), #4493, .F. ) ;
#1026 = CARTESIAN_POINT ( 'NONE',  ( 9.618096366702477695, -25.79562124014605828, 555.7928311474665861 ) ) ;
#1027 = CARTESIAN_POINT ( 'NONE',  ( -7.045124004950711338, 2.314038226187245861, 514.4354252516325232 ) ) ;
#1028 = CARTESIAN_POINT ( 'NONE',  ( 12.95993824239573122, -49.92487841756219069, 451.1636931788315792 ) ) ;
#1029 = CARTESIAN_POINT ( 'NONE',  ( 59.92768210513554550, -17.48403991496985910, 443.5587034323733633 ) ) ;
#1030 = CARTESIAN_POINT ( 'NONE',  ( 2.501537015403652031, -43.47395066690899768, 509.0770457891167098 ) ) ;
#1031 = CARTESIAN_POINT ( 'NONE',  ( -2.824195916101439607, -79.22887979903154587, 312.8378994805424327 ) ) ;
#1032 = B_SPLINE_CURVE_WITH_KNOTS ( 'NONE', 3,
 ( #1689, #1720, #4780, #2305, #4269, #3755 ),
 .UNSPECIFIED., .F., .F.,
 ( 4, 2, 4 ),
 ( 0.000000000000000000, 0.03534097190652623482, 0.07068194381305246965 ),
 .UNSPECIFIED. ) ;
#1033 = AXIS2_PLACEMENT_3D ( 'NONE', #4565, #4446, #32 ) ;
#1034 = ADVANCED_FACE ( 'NONE', ( #1556 ), #2007, .F. ) ;
#1035 = CARTESIAN_POINT ( 'NONE',  ( 150.0000000000000284, -4.283190627766861880, 217.9416356570694688 ) ) ;
#1036 = B_SPLINE_SURFACE_WITH_KNOTS ( 'NONE', 3, 3, ( 
 ( #4693, #3352, #5315, #904, #281, #2248, #6179 ),
 ( #1281, #1763, #4724, #316, #2963, #2133, #3446 ),
 ( #4378, #4921, #5927, #3415, #59, #577, #4955 ),
 ( #6377, #1963, #5474, #4984, #29, #1029, #517 ),
 ( #1447, #2480, #483, #6344, #5440, #6067, #4410 ),
 ( #2447, #3929, #4473, #1509, #1651, #1928, #1062 ),
 ( #5898, #5377, #547, #452, #3959, #968, #3025 ),
 ( #3477, #4443, #2996, #998, #5866, #2538, #1477 ),
 ( #2023, #5409, #1993, #2510, #3990, #2416, #5955 ),
 ( #2931, #3897, #1537, #3511, #4504, #2901, #167 ),
 ( #4888, #4098, #3617, #938, #4857, #4707, #5194 ),
 ( #2168, #1747, #5586, #6097, #1234, #333, #1713 ),
 ( #2650, #3202, #4192, #1681, #298, #5227, #3233 ),
 ( #4646, #231, #3748, #3265, #4676, #5685, #5163 ),
 ( #3649, #753, #5129, #4612, #3716, #4262, #2684 ),
 ( #720, #2200, #2751, #6161, #6228, #200, #5720 ),
 ( #4161, #5614, #784, #5095, #2231, #1200, #1297 ),
 ( #1264, #3135, #2267, #4228, #816, #6195, #2717 ),
 ( #263, #6128, #2785, #4130, #686, #1780, #4740 ),
 ( #2298, #1813, #1169, #3165, #3680, #5649, #2818 ),
 ( #4294, #3302, #920, #399, #6298, #887, #367 ),
 ( #1849, #853, #1882, #4840, #3817, #1369, #6262 ),
 ( #5788, #2329, #4804, #3334, #5298, #5265, #2883 ),
 ( #1400, #2365, #3783, #3847, #4773, #2851, #4330 ),
 ( #5753, #5821, #3367, #5332, #1332, #1734, #710 ),
 ( #320, #4283, #4182, #5674, #251, #4150, #3704 ),
 ( #6183, #3190, #4665, #4634, #2807, #5253, #5606 ),
 ( #5215, #4762, #285, #2738, #1254, #742, #2189 ),
 ( #1318, #1703, #5183, #4697, #355, #2221, #3287 ),
 ( #6150, #3770, #4215, #773, #3222, #3155, #6117 ),
 ( #5153, #3253, #803, #1285, #2253, #1767, #3736 ),
 ( #3669, #5706, #2319, #2772, #4729, #5119, #2287 ),
 ( #5636, #4249, #841, #6217, #1801, #2705, #5741 ),
 ( #1672, #3640, #1191, #2673, #221, #1222, #1421 ),
 ( #3323, #4381, #4925, #3356, #5351, #5810, #908 ),
 ( #455, #520, #875, #1, #1966, #2871, #4316 ),
 ( #5777, #2904, #388, #3933, #5320, #2420, #3804 ),
 ( #6348, #4862, #4826, #3868, #1932, #4351, #5839 ),
 ( #3901, #6318, #1001, #1357, #5870, #1450, #2934 ),
 ( #1903, #3385, #424, #5901, #5287, #2840, #2450 ),
 ( #3836, #941, #5412, #1481, #3418, #2483, #5381 ),
 ( #1835, #6250, #4794, #2350, #6286, #1871, #3450 ),
 ( #971, #1390, #2387, #4891, #487, #4413, #2966 ),
 ( #550, #4507, #1541, #2574, #5958, #1066, #1035 ),
 ( #1628, #1996, #4988, #1601, #1150, #3057, #5505 ),
 ( #3514, #4958, #5477, #4078, #4476, #1571, #1093 ),
 ( #3028, #6046, #668, #580, #149, #607, #3541 ),
 ( #5930, #2513, #2541, #91, #6018, #3570, #4051 ),
 ( #4537, #4024, #2058, #3480, #5989, #5017, #5443 ),
 ( #121, #2087, #2114, #3598, #5566, #62, #2026 ),
 ( #5535, #3963, #3116, #3088, #1121, #5048, #2999 ) ),
 .UNSPECIFIED., .F., .F., .F.,
 ( 4, 1, 1, 1, 1, 1, 1, 1, 1, 1, 1, 1, 1, 1, 1, 1, 2, 1, 1, 1, 1, 1, 1, 1, 1, 1, 1, 1, 1, 1, 1, 1, 1, 1, 1, 1, 1, 1, 1, 1, 1, 1, 1, 1, 1, 1, 1, 4 ),
 ( 4, 1, 1, 1, 4 ),
 ( 0.000000000000000000, 0.003438000381725913549, 0.006876000763451830568, 0.01375200152690365767, 0.02750400305380731533, 0.04125600458071097820, 0.05500800610761463760, 0.06876000763451826925, 0.08251200916142198416, 0.09626401068832560193, 0.1100160122152292891, 0.1237680137421329069, 0.1375200152690366218, 0.1512720167959402395, 0.1650240183228439961, 0.1925280213766512039, 0.2200320244304584949, 0.2365194818150795908, 0.2530069391997007977, 0.2694943965843217826, 0.2859818539689429895, 0.3024693113535640854, 0.3189567687381851813, 0.3354442261228062772, 0.3519316835074273730, 0.3684191408920485800, 0.3766628695843591834, 0.3849065982766696759, 0.3931503269689801683, 0.4013940556612907717, 0.4096377843536014862, 0.4178815130459118676, 0.4261252417382224711, 0.4343689704305329635, 0.4384908347766883208, 0.4426126991228435670, 0.4467345634689989242, 0.4508564278151541704, 0.4549782921613095277, 0.4591001565074646629, 0.4632220208536200201, 0.4673438851997751553, 0.4714657495459305125, 0.4755876138920858698, 0.4776485460651635484, 0.4797094782382412270, 0.4817704104113187946, 0.4838313425843963622 ),
 ( 0.000000000000000000, 0.03502224838491098391, 0.09383257832149248523, 0.1938325783214923659, 1.000000000000000000 ),
 .UNSPECIFIED. ) ;
#1037 = CARTESIAN_POINT ( 'NONE',  ( 0.000000000000000000, 42.53272745866301818, 298.2006047040866861 ) ) ;
#1038 = CARTESIAN_POINT ( 'NONE',  ( -11.32133923080468918, 30.04935886603911399, 33.43650446410281063 ) ) ;
#1039 = CARTESIAN_POINT ( 'NONE',  ( 45.07566421415946678, -23.52906088551468855, 451.4475980906403834 ) ) ;
#1040 = CARTESIAN_POINT ( 'NONE',  ( -24.28174397029545517, -45.98699815489736409, 439.8629960830641039 ) ) ;
#1041 = AXIS2_PLACEMENT_3D ( 'NONE', #2683, #2167, #3616 ) ;
#1042 = ORIENTED_EDGE ( 'NONE', *, *, #2557, .F. ) ;
#1043 = CARTESIAN_POINT ( 'NONE',  ( 35.81241286847657079, 2.671855191195819934, 427.6931774051443540 ) ) ;
#1044 = CARTESIAN_POINT ( 'NONE',  ( -18.52162806129397765, 13.21072285892049436, 422.2106407674093020 ) ) ;
#1045 = CARTESIAN_POINT ( 'NONE',  ( 19.31544854924130306, 10.77946209709809011, 430.0000000002122533 ) ) ;
#1046 = CARTESIAN_POINT ( 'NONE',  ( -60.03117201268445768, -15.98681227547336192, 450.3886908671778428 ) ) ;
#1047 = CARTESIAN_POINT ( 'NONE',  ( 9.567577874802498883, -17.56804876179691988, 571.0064630212018528 ) ) ;
#1048 = CARTESIAN_POINT ( 'NONE',  ( -9.860362748848372050, -29.65929633377965757, 520.6178456231642713 ) ) ;
#1049 = CARTESIAN_POINT ( 'NONE',  ( -16.13740315560799488, 3.291529414217181149, 463.3865318780445364 ) ) ;
#1050 = CARTESIAN_POINT ( 'NONE',  ( 9.206616117740029637, -24.96138927104816219, 558.9422371214552641 ) ) ;
#1051 = CARTESIAN_POINT ( 'NONE',  ( 39.06102013026225706, -5.732572888510023112, 452.6796910635054019 ) ) ;
#1052 = CARTESIAN_POINT ( 'NONE',  ( -11.97623478540692687, -30.16099268849124826, 513.8646154942452995 ) ) ;
#1053 = CARTESIAN_POINT ( 'NONE',  ( 30.38035120955821000, -24.18451439510766932, 487.1817322796657663 ) ) ;
#1054 = CARTESIAN_POINT ( 'NONE',  ( -11.87020243665711838, -56.53348333524917280, 428.9180364484121242 ) ) ;
#1055 = DIRECTION ( 'NONE',  ( 0.000000000000000000, 1.000000000000000000, 0.000000000000000000 ) ) ;
#1056 = CARTESIAN_POINT ( 'NONE',  ( 13.30576558140629650, 0.1209663645275996374, 480.2271783690646316 ) ) ;
#1057 = CARTESIAN_POINT ( 'NONE',  ( 0.000000000000000000, 23.02673305817156546, 430.0000000002122533 ) ) ;
#1058 = CARTESIAN_POINT ( 'NONE',  ( -16.68831211212743426, -61.08828769407688242, 430.0000000000000568 ) ) ;
#1059 = CARTESIAN_POINT ( 'NONE',  ( 7.196836239774110133, -20.00653426201489182, 567.4391168337917861 ) ) ;
#1060 = CARTESIAN_POINT ( 'NONE',  ( -9.594160749538568567, -14.30091005030384110, 560.4271765743969809 ) ) ;
#1061 = CARTESIAN_POINT ( 'NONE',  ( 17.44995990284304099, -46.34190139009719189, 453.8973400608583688 ) ) ;
#1062 = CARTESIAN_POINT ( 'NONE',  ( 149.9999999999998579, -6.643660690299837412, 425.0789795851339932 ) ) ;
#1063 = CARTESIAN_POINT ( 'NONE',  ( 1.268028300749091564, -44.21927275760069165, 506.7815869929350470 ) ) ;
#1064 = ADVANCED_FACE ( 'NONE', ( #6315 ), #3320, .F. ) ;
#1065 = CARTESIAN_POINT ( 'NONE',  ( -2.899750788363215204, -80.98006933771337401, 229.3399531088793424 ) ) ;
#1066 = CARTESIAN_POINT ( 'NONE',  ( 56.33057180552594190, -20.32136135182165759, 210.7129552224659790 ) ) ;
#1067 = CARTESIAN_POINT ( 'NONE',  ( 150.0000000000000000, 15.08964599839784171, 317.3683508197350989 ) ) ;
#1068 = CARTESIAN_POINT ( 'NONE',  ( -3.238742170394931286, 15.77724942527549956, -19.15744003631981229 ) ) ;
#1069 = CARTESIAN_POINT ( 'NONE',  ( 8.234975975227055045, -39.47922570924784935, 493.0902954501390241 ) ) ;
#1070 = CARTESIAN_POINT ( 'NONE',  ( -33.70075815359193427, -42.58483646509422016, 423.3223754237100138 ) ) ;
#1071 = ORIENTED_EDGE ( 'NONE', *, *, #1680, .T. ) ;
#1072 = CARTESIAN_POINT ( 'NONE',  ( 54.57368076399848889, 1.229110073902242251, 408.3706466791846310 ) ) ;
#1073 = CARTESIAN_POINT ( 'NONE',  ( -9.641052513307554861, -29.00805446362254969, 549.8478167743611493 ) ) ;
#1074 = CARTESIAN_POINT ( 'NONE',  ( 21.53253776908396944, 9.598783294532021060, 430.0000000002122533 ) ) ;
#1075 = CARTESIAN_POINT ( 'NONE',  ( 0.000000000000000000, -29.67276240494404149, 559.8817922289017588 ) ) ;
#1076 = CARTESIAN_POINT ( 'NONE',  ( 0.000000000000000000, 0.000000000000000000, 430.0000000002122533 ) ) ;
#1077 = CARTESIAN_POINT ( 'NONE',  ( -12.73337970773603089, -31.25581617807934265, 508.3272567311940406 ) ) ;
#1078 = CARTESIAN_POINT ( 'NONE',  ( -49.15949765635944857, 0.5418130229225817107, 416.6530897115121093 ) ) ;
#1079 = CARTESIAN_POINT ( 'NONE',  ( 2.115684019887201117, -29.89161522144991423, 558.9422371291663012 ) ) ;
#1080 = DIRECTION ( 'NONE',  ( -1.000000000000000000, 0.000000000000000000, -0.000000000000000000 ) ) ;
#1081 = CARTESIAN_POINT ( 'NONE',  ( 56.45112250455159142, -6.087123366960760507, 202.2480236927935380 ) ) ;
#1082 = CARTESIAN_POINT ( 'NONE',  ( 14.08798320158136086, -28.73046825310114727, 513.5258416867413871 ) ) ;
#1083 = CARTESIAN_POINT ( 'NONE',  ( -11.58045101835725177, -56.58291100310155741, 429.0895968453875753 ) ) ;
#1084 = CARTESIAN_POINT ( 'NONE',  ( -149.9999999999998863, -3.989538167172027805, 433.3810194208198823 ) ) ;
#1085 = CARTESIAN_POINT ( 'NONE',  ( 19.13005808262175123, -6.576199643986497811, 490.6852742228372790 ) ) ;
#1086 = CARTESIAN_POINT ( 'NONE',  ( -150.0000000000000284, -2.294455591839802189, 211.4909051585674149 ) ) ;
#1087 = CARTESIAN_POINT ( 'NONE',  ( -47.53883982390217966, -34.60530357812937297, 430.0000000000002842 ) ) ;
#1088 = CARTESIAN_POINT ( 'NONE',  ( 2.565024222987238645, -26.37501361295951341, 565.6347854483946094 ) ) ;
#1089 = CARTESIAN_POINT ( 'NONE',  ( -60.10017967539871364, -12.54167132102855220, 455.6728593548642721 ) ) ;
#1090 = CARTESIAN_POINT ( 'NONE',  ( 41.03269577514174671, -33.19671623419238671, 426.9841041881338697 ) ) ;
#1091 = CARTESIAN_POINT ( 'NONE',  ( 117.6870430316694609, -4.041293379279756515, 430.0000000000000000 ) ) ;
#1092 = CARTESIAN_POINT ( 'NONE',  ( -3.110336800462580875, -77.77735330805251124, 109.5388928070362056 ) ) ;
#1093 = CARTESIAN_POINT ( 'NONE',  ( 150.0000000000000284, -3.556664501064651152, 214.9410095448380389 ) ) ;
#1094 = CARTESIAN_POINT ( 'NONE',  ( 1.713508947173772556, 44.39393462227350540, 275.9439818675760421 ) ) ;
#1095 = CARTESIAN_POINT ( 'NONE',  ( -9.038935942379033861, 44.65478929440413225, 133.3990811073386169 ) ) ;
#1096 = CARTESIAN_POINT ( 'NONE',  ( 50.57454424215395505, -22.52794105969359251, 440.7622327547490499 ) ) ;
#1097 = CARTESIAN_POINT ( 'NONE',  ( -21.53488785878369427, -44.88099557294140141, 449.3555785298079854 ) ) ;
#1098 = ORIENTED_EDGE ( 'NONE', *, *, #3197, .T. ) ;
#1099 = CARTESIAN_POINT ( 'NONE',  ( 40.09378503535612026, 3.405605920956224608, 418.5480791369257645 ) ) ;
#1100 = CARTESIAN_POINT ( 'NONE',  ( -149.9999999999999716, -6.267256663816664464, 439.4202371970271770 ) ) ;
#1101 = CARTESIAN_POINT ( 'NONE',  ( 19.34089017837967717, 10.76622495811423796, 430.0000000002123670 ) ) ;
#1102 = CARTESIAN_POINT ( 'NONE',  ( -35.60255895607556909, -23.32868034964949544, 506.0992587215831122 ) ) ;
#1103 = CARTESIAN_POINT ( 'NONE',  ( 7.223201176120760181, -20.65755235428702719, 590.7191291467783003 ) ) ;
#1104 = CARTESIAN_POINT ( 'NONE',  ( -6.475640323471739457, -39.80313705700260130, 495.9429470449771316 ) ) ;
#1105 = CARTESIAN_POINT ( 'NONE',  ( -6.248914871053832698, -30.65671544000964133, 526.6687322851355475 ) ) ;
#1106 = CARTESIAN_POINT ( 'NONE',  ( -18.95085742334367396, 6.320992222604767008, 447.0736456387513726 ) ) ;
#1107 = CARTESIAN_POINT ( 'NONE',  ( 7.821339031000693609, -27.76480616861674022, 558.9422371214550367 ) ) ;
#1108 = CARTESIAN_POINT ( 'NONE',  ( 150.0000000000002558, -4.444873476189596495, 435.7468521578524019 ) ) ;
#1109 = FACE_OUTER_BOUND ( 'NONE', #5745, .T. ) ;
#1110 = DIRECTION ( 'NONE',  ( 0.000000000000000000, -1.000000000000000000, -0.000000000000000000 ) ) ;
#1111 = EDGE_CURVE ( 'NONE', #30, #464, #5640, .T. ) ;
#1112 = CARTESIAN_POINT ( 'NONE',  ( 15.33343269723774149, -7.717369041052091205, 430.0000000002122533 ) ) ;
#1113 = CARTESIAN_POINT ( 'NONE',  ( 27.90778947843455526, -5.969935230906084023, 471.5924591517831459 ) ) ;
#1114 = CARTESIAN_POINT ( 'NONE',  ( 12.23383142354690634, -6.630889075445850267, 505.4141776779481461 ) ) ;
#1115 = CARTESIAN_POINT ( 'NONE',  ( -11.53824623661024340, -56.37591522288300183, 430.0000000000000000 ) ) ;
#1116 = CARTESIAN_POINT ( 'NONE',  ( 150.0000000000000284, -5.908903113773672722, 440.0305525103656805 ) ) ;
#1117 = CARTESIAN_POINT ( 'NONE',  ( -39.58438778261486135, 0.4638464250815926837, 430.0000000000000000 ) ) ;
#1118 = CARTESIAN_POINT ( 'NONE',  ( 19.81790049800265763, -47.83030899797132207, 444.6576893306909142 ) ) ;
#1119 = CARTESIAN_POINT ( 'NONE',  ( 15.51929246011798647, 19.36872485365066510, 430.0000000000000000 ) ) ;
#1120 = CARTESIAN_POINT ( 'NONE',  ( -77.19680284773126289, -57.48060060327888010, 184.1493712378244538 ) ) ;
#1121 = CARTESIAN_POINT ( 'NONE',  ( 86.97224525266341288, -24.93251910119383652, 48.64210992238586329 ) ) ;
#1122 = CARTESIAN_POINT ( 'NONE',  ( 0.000000000000000000, 40.21921743771114421, 320.0002838484802510 ) ) ;
#1123 = CARTESIAN_POINT ( 'NONE',  ( -1.713508947173772556, 44.39393462227350540, 275.9439818675760421 ) ) ;
#1124 = CARTESIAN_POINT ( 'NONE',  ( 14.51269256543096731, -37.75578470425454469, 484.5941733048711058 ) ) ;
#1125 = CARTESIAN_POINT ( 'NONE',  ( -17.91843403861509287, -46.18659467774292438, 453.3959259905237786 ) ) ;
#1126 = VERTEX_POINT ( 'NONE', #6212 ) ;
#1127 =( GEOMETRIC_REPRESENTATION_CONTEXT ( 3 ) GLOBAL_UNCERTAINTY_ASSIGNED_CONTEXT ( ( #4483 ) ) GLOBAL_UNIT_ASSIGNED_CONTEXT ( ( #840, #6347, #2870 ) ) REPRESENTATION_CONTEXT ( 'NONE', 'WORKASPACE' ) );
#1128 = CARTESIAN_POINT ( 'NONE',  ( 15.88158488768778831, 6.949365342369804743, 450.9068907918907030 ) ) ;
#1129 = FACE_OUTER_BOUND ( 'NONE', #3961, .T. ) ;
#1130 = CARTESIAN_POINT ( 'NONE',  ( 17.42005203973221583, 11.73944081959604269, 430.0000000002123102 ) ) ;
#1131 = CARTESIAN_POINT ( 'NONE',  ( 0.000000000000000000, 1.548778914756341107, 520.0203933066529771 ) ) ;
#1132 = CARTESIAN_POINT ( 'NONE',  ( 11.00000578798682227, -56.53773332980759392, 430.0000047039275159 ) ) ;
#1133 = CARTESIAN_POINT ( 'NONE',  ( -43.44827197230404892, -26.95449465739818606, 441.4187438582007985 ) ) ;
#1134 = EDGE_CURVE ( 'NONE', #3968, #1869, #879, .T. ) ;
#1135 = CARTESIAN_POINT ( 'NONE',  ( -5.072645427550646957, -30.86626337664559472, 529.4008260480468380 ) ) ;
#1136 = CARTESIAN_POINT ( 'NONE',  ( -14.44880717545151327, 5.441508505146170016, 459.1619760810168600 ) ) ;
#1137 = CARTESIAN_POINT ( 'NONE',  ( -6.251846991982903390, -11.04079095060120963, 558.9422371214554914 ) ) ;
#1138 = CARTESIAN_POINT ( 'NONE',  ( -7.196415746167881267, -14.55258169113462152, 565.0027812605873123 ) ) ;
#1139 = CARTESIAN_POINT ( 'NONE',  ( 150.0000000000000284, 11.30624670738853510, 229.7266311706955264 ) ) ;
#1140 = CARTESIAN_POINT ( 'NONE',  ( 0.000000000000000000, -20.00000000000000000, 409.6353247020396680 ) ) ;
#1141 = CARTESIAN_POINT ( 'NONE',  ( 17.51143692474015978, -6.331348268012238378, 493.2567185045673455 ) ) ;
#1142 = CARTESIAN_POINT ( 'NONE',  ( 11.51741876911409612, -5.720402921213732839, 503.8995206352608989 ) ) ;
#1143 = CARTESIAN_POINT ( 'NONE',  ( -150.0000000000000000, 0.000000000000000000, 0.000000000000000000 ) ) ;
#1144 = CARTESIAN_POINT ( 'NONE',  ( 9.623778193938704817, -27.49227426098026683, 553.3355988605501352 ) ) ;
#1145 = CARTESIAN_POINT ( 'NONE',  ( 34.03283335713886970, -39.58708604048105428, 430.0000000002122533 ) ) ;
#1146 = CARTESIAN_POINT ( 'NONE',  ( -50.86329925902582261, -3.413247332502839626, 430.0000000000000568 ) ) ;
#1147 = CARTESIAN_POINT ( 'NONE',  ( 11.95825551595852865, -50.15947680516931229, 452.0393090883532636 ) ) ;
#1148 = CARTESIAN_POINT ( 'NONE',  ( 10.26523852645668633, 21.32044338561262364, 430.0000000000000568 ) ) ;
#1149 = CARTESIAN_POINT ( 'NONE',  ( 0.000000000000000000, -78.12119533636627011, 109.5971667831047540 ) ) ;
#1150 = CARTESIAN_POINT ( 'NONE',  ( 86.72886542075875127, -32.80664508143681246, 58.48469824939106587 ) ) ;
#1151 = CARTESIAN_POINT ( 'NONE',  ( 0.000000000000000000, 36.01456435933089750, 354.5116695689063704 ) ) ;
#1152 = CARTESIAN_POINT ( 'NONE',  ( -16.66315168157811755, 45.58974530259764180, 211.4847522036016585 ) ) ;
#1153 = CARTESIAN_POINT ( 'NONE',  ( 12.58899838413322847, -40.68236479641647207, 480.2278539900673877 ) ) ;
#1154 = CARTESIAN_POINT ( 'NONE',  ( -10.03450680367929415, -48.36636975675352090, 461.3279719607337483 ) ) ;
#1155 = ORIENTED_EDGE ( 'NONE', *, *, #4163, .T. ) ;
#1156 = CARTESIAN_POINT ( 'NONE',  ( 15.74940226982390534, 3.365909586704480372, 463.9106287044626811 ) ) ;
#1157 = DIRECTION ( 'NONE',  ( 7.889668786657805680E-17, -1.000000000000000000, 0.000000000000000000 ) ) ;
#1158 = CARTESIAN_POINT ( 'NONE',  ( 0.000000000000000000, -46.58870159832864033, 510.5422371214551731 ) ) ;
#1159 = CARTESIAN_POINT ( 'NONE',  ( -104.7668640056921987, -3.888926364609588404, 430.0000000000000000 ) ) ;
#1160 = CARTESIAN_POINT ( 'NONE',  ( 11.94250827616629174, -56.23765594940011425, 430.0000000002121965 ) ) ;
#1161 = CARTESIAN_POINT ( 'NONE',  ( -36.86973075593380145, -30.29006719864787911, 448.2641791790246657 ) ) ;
#1162 = CARTESIAN_POINT ( 'NONE',  ( -13.67270430709629103, -28.81998282287419144, 514.2443314314865574 ) ) ;
#1163 = CARTESIAN_POINT ( 'NONE',  ( -9.640058974564604810, 8.162816129458965619, 458.3338256042369494 ) ) ;
#1164 = CARTESIAN_POINT ( 'NONE',  ( -8.780536191910735866, -13.93611285233423835, 558.9422371214543546 ) ) ;
#1165 = CARTESIAN_POINT ( 'NONE',  ( -2.563378791974525228, -10.43265280006476736, 559.9783701388948884 ) ) ;
#1166 = CARTESIAN_POINT ( 'NONE',  ( 150.0000000000000853, 8.243839277673602695, 220.6305941379857245 ) ) ;
#1167 = DIRECTION ( 'NONE',  ( 0.000000000000000000, 0.000000000000000000, 1.000000000000000000 ) ) ;
#1168 = B_SPLINE_CURVE_WITH_KNOTS ( 'NONE', 3,
 ( #650, #1131, #4119, #1611, #1016, #2124 ),
 .UNSPECIFIED., .F., .F.,
 ( 4, 2, 4 ),
 ( 0.08472452863619142627, 0.1089575598155260311, 0.1331905909948606359 ),
 .UNSPECIFIED. ) ;
#1169 = CARTESIAN_POINT ( 'NONE',  ( 9.965346631658759335, -79.63111587748716147, 298.7211226056008968 ) ) ;
#1170 = CARTESIAN_POINT ( 'NONE',  ( 7.808145861306729607, -6.633706744226271823, 515.4406487021232124 ) ) ;
#1171 = EDGE_CURVE ( 'NONE', #1012, #2258, #3396, .T. ) ;
#1172 = DIRECTION ( 'NONE',  ( -7.889668786657805680E-17, -1.000000000000000000, 0.000000000000000000 ) ) ;
#1173 = CARTESIAN_POINT ( 'NONE',  ( 2.670382209423076691, 3.733531601784318976, 511.2165292591096772 ) ) ;
#1174 = CARTESIAN_POINT ( 'NONE',  ( 2.565465974165745955, -29.84379509605052405, 559.1952110877552968 ) ) ;
#1175 = CARTESIAN_POINT ( 'NONE',  ( 33.13344228696136184, -40.59687213710562048, 430.0000000002123670 ) ) ;
#1176 = CARTESIAN_POINT ( 'NONE',  ( 0.000000000000000000, -33.20068766774330271, 511.4422371214550935 ) ) ;
#1177 = CARTESIAN_POINT ( 'NONE',  ( 50.77884854950345073, -29.45321331303284396, 407.6308058144044821 ) ) ;
#1178 = ORIENTED_EDGE ( 'NONE', *, *, #6145, .F. ) ;
#1179 = CARTESIAN_POINT ( 'NONE',  ( -0.5164495394876716938, -29.18600546433078335, 510.4602190124955996 ) ) ;
#1180 = CARTESIAN_POINT ( 'NONE',  ( -0.000000000000000000, -59.07771564033044598, -13.97735223254287362 ) ) ;
#1181 = CARTESIAN_POINT ( 'NONE',  ( 7.194550688930217319, -10.72836944753358424, 558.7546064823537790 ) ) ;
#1182 = CARTESIAN_POINT ( 'NONE',  ( 39.35302601131734690, 13.53690614029605221, 413.1562519541586767 ) ) ;
#1183 = CARTESIAN_POINT ( 'NONE',  ( -48.09887603462018291, 19.47765558591667556, 290.8986780379959782 ) ) ;
#1184 = CARTESIAN_POINT ( 'NONE',  ( 28.24434982623996504, -36.92833083764745083, 453.1026352352612889 ) ) ;
#1185 = CARTESIAN_POINT ( 'NONE',  ( -10.14808916241086756, -48.34206000462030062, 461.2156052164423272 ) ) ;
#1186 = EDGE_LOOP ( 'NONE', ( #1805, #3808, #3283, #5022 ) ) ;
#1187 = CARTESIAN_POINT ( 'NONE',  ( 17.45416007400635294, 1.222965462173728923, 467.9108250729995575 ) ) ;
#1188 = FACE_BOUND ( 'NONE', #2150, .T. ) ;
#1189 = SURFACE_STYLE_USAGE ( .BOTH. , #802 ) ;
#1190 = CARTESIAN_POINT ( 'NONE',  ( -15.51929246011798647, 19.36872485365066510, 430.0000000000000000 ) ) ;
#1191 = CARTESIAN_POINT ( 'NONE',  ( 12.06213307413887925, -68.15979763467858277, 33.11345634263757631 ) ) ;
#1192 = CARTESIAN_POINT ( 'NONE',  ( -9.261201810146365787, -39.19622009285478725, 491.6975334823543449 ) ) ;
#1193 = CARTESIAN_POINT ( 'NONE',  ( 36.89137401337013245, -22.17956197829123965, 478.5385332835474514 ) ) ;
#1194 = DIRECTION ( 'NONE',  ( 0.000000000000000000, 0.000000000000000000, -1.000000000000000000 ) ) ;
#1195 = CARTESIAN_POINT ( 'NONE',  ( -25.24113681221184891, 4.941835167263938899, 439.3141241149900225 ) ) ;
#1196 = CARTESIAN_POINT ( 'NONE',  ( -9.952504079421172989, -18.78633401255403612, 558.9422371214551504 ) ) ;
#1197 = CARTESIAN_POINT ( 'NONE',  ( -9.616480568787569183, -12.11334058500990096, 552.4936343175044158 ) ) ;
#1198 = CARTESIAN_POINT ( 'NONE',  ( 0.000000000000000000, 4.829427991817969890, -41.35103106569409448 ) ) ;
#1199 = DIRECTION ( 'NONE',  ( 1.000000000000000000, 0.000000000000000000, 0.000000000000000000 ) ) ;
#1200 = CARTESIAN_POINT ( 'NONE',  ( 50.33058609964169960, -9.487051831254255774, 338.3589487892786565 ) ) ;
#1201 = CARTESIAN_POINT ( 'NONE',  ( -32.23121101067029315, -30.72587932980420433, 459.6918569929785008 ) ) ;
#1202 = CARTESIAN_POINT ( 'NONE',  ( 12.57542481916902233, -7.574677449567375653, 507.8357659725048165 ) ) ;
#1203 = CARTESIAN_POINT ( 'NONE',  ( -1.057623344437631063, -10.86068628446507311, 510.1474426245681002 ) ) ;
#1204 = FACE_OUTER_BOUND ( 'NONE', #5284, .T. ) ;
#1205 = CARTESIAN_POINT ( 'NONE',  ( 35.63652635913390299, -25.12192719254376527, 503.1710454231752578 ) ) ;
#1206 = CARTESIAN_POINT ( 'NONE',  ( 16.29183087561425936, -54.48399619005326855, 430.0000000002121965 ) ) ;
#1207 = CARTESIAN_POINT ( 'NONE',  ( 45.80163933534419130, -31.54060609332281473, 417.0250593368392060 ) ) ;
#1208 = EDGE_CURVE ( 'NONE', #492, #2396, #3865, .T. ) ;
#1209 = CARTESIAN_POINT ( 'NONE',  ( 6.414304026158835548, 22.34409328192950284, 429.9999999999999432 ) ) ;
#1210 = CARTESIAN_POINT ( 'NONE',  ( -12.06213307413887925, -68.15979763467858277, 33.11345634263757631 ) ) ;
#1211 = CARTESIAN_POINT ( 'NONE',  ( 60.01543214732460285, -11.06062344210686987, 449.1112116178647966 ) ) ;
#1212 = ADVANCED_FACE ( 'NONE', ( #4312 ), #1036, .T. ) ;
#1213 = CARTESIAN_POINT ( 'NONE',  ( 2.541794483188228870, -4.806876550188804664, 541.7585835155889527 ) ) ;
#1214 = CARTESIAN_POINT ( 'NONE',  ( -2.020103609511816778, 47.45192383060642527, 205.2836370420775722 ) ) ;
#1215 = CARTESIAN_POINT ( 'NONE',  ( 29.16006488763566296, -34.28736426788247371, 457.7251946555636550 ) ) ;
#1216 = CARTESIAN_POINT ( 'NONE',  ( -9.923356957121379551, -48.38920501632848215, 461.4395678905209479 ) ) ;
#1217 = ORIENTED_EDGE ( 'NONE', *, *, #1010, .F. ) ;
#1218 = CARTESIAN_POINT ( 'NONE',  ( -149.9999999999999147, -6.796132829960964017, 401.6833839631873957 ) ) ;
#1219 = DIRECTION ( 'NONE',  ( 0.000000000000000000, -1.000000000000000000, -0.000000000000000000 ) ) ;
#1220 = CARTESIAN_POINT ( 'NONE',  ( -38.50302890737463457, 7.680655886624871975, 429.9999999999999432 ) ) ;
#1221 = VECTOR ( 'NONE', #3687, 1000.000000000000000 ) ;
#1222 = CARTESIAN_POINT ( 'NONE',  ( 55.31336439877029676, -24.58736919909167185, 234.0979557279631820 ) ) ;
#1223 = CARTESIAN_POINT ( 'NONE',  ( -48.32993772569180635, -24.64664449427316129, 437.0330132817355775 ) ) ;
#1224 = CARTESIAN_POINT ( 'NONE',  ( 6.917428188719770610, -32.77490246531972673, 517.6045472111715071 ) ) ;
#1225 = CARTESIAN_POINT ( 'NONE',  ( -49.81824798779280172, -32.85034776195738715, 397.3815904750780987 ) ) ;
#1226 = CIRCLE ( 'NONE', #4825, 1.600000000000045830 ) ;
#1227 = CARTESIAN_POINT ( 'NONE',  ( 19.26475172336107633, 13.04294311135374862, 421.4447005668263841 ) ) ;
#1228 = CARTESIAN_POINT ( 'NONE',  ( -10.21574375728425110, 11.49603465097099786, 444.0545744072900334 ) ) ;
#1229 = LINE ( 'NONE', #848, #2771 ) ;
#1230 = CARTESIAN_POINT ( 'NONE',  ( 0.000000000000000000, -13.54562615588299757, 565.5889046159052214 ) ) ;
#1231 = VECTOR ( 'NONE', #4104, 1000.000000000000000 ) ;
#1232 = CARTESIAN_POINT ( 'NONE',  ( 28.11698015143261742, 5.915450505645251766, -17.51976183688852373 ) ) ;
#1233 = CARTESIAN_POINT ( 'NONE',  ( -20.67953180983819905, -8.716905567298933732, 494.6051296171661988 ) ) ;
#1234 = CARTESIAN_POINT ( 'NONE',  ( 52.55425713041052660, -47.11865743474584178, 413.2414131368510084 ) ) ;
#1235 = CARTESIAN_POINT ( 'NONE',  ( -36.25273468230736995, -28.81978239136551068, 454.7648988476819909 ) ) ;
#1236 = CARTESIAN_POINT ( 'NONE',  ( 24.12352092080233845, -9.139338701799667675, 489.2298302307735867 ) ) ;
#1237 = CARTESIAN_POINT ( 'NONE',  ( -1.057775965290526754, -10.86071036805890699, 507.7372665202609596 ) ) ;
#1238 = CARTESIAN_POINT ( 'NONE',  ( 3.380097104672628472, 4.503297762964828976, 508.0069039838295453 ) ) ;
#1239 = CARTESIAN_POINT ( 'NONE',  ( 60.01452371159473387, -16.93389147502358938, 448.8732548501399719 ) ) ;
#1240 = CARTESIAN_POINT ( 'NONE',  ( 27.43398181440835515, -46.68852550944958324, 430.0000000002123102 ) ) ;
#1241 = CARTESIAN_POINT ( 'NONE',  ( 9.641052513307554861, -29.00805446362254969, 549.8478167743611493 ) ) ;
#1242 = CARTESIAN_POINT ( 'NONE',  ( 33.70075815359193427, -42.58483646509422016, 423.3223754237100138 ) ) ;
#1243 = CARTESIAN_POINT ( 'NONE',  ( 0.000000000000000000, 0.000000000000000000, 458.9422371214550935 ) ) ;
#1244 = CARTESIAN_POINT ( 'NONE',  ( 0.000000000000000000, -64.96458158788406934, 6.276552636712047217 ) ) ;
#1245 = CARTESIAN_POINT ( 'NONE',  ( 0.000000000000000000, 3.604599552999293355, 512.4422371215180192 ) ) ;
#1246 = CARTESIAN_POINT ( 'NONE',  ( 149.9999999999999716, 1.632909915346569596, 401.7829050630052166 ) ) ;
#1247 = CARTESIAN_POINT ( 'NONE',  ( -54.57948805689258620, 2.996616612384304545, 392.2234430773698364 ) ) ;
#1248 = CARTESIAN_POINT ( 'NONE',  ( 17.90841068264190383, -41.44402964402819123, 466.7354837324110122 ) ) ;
#1249 = CARTESIAN_POINT ( 'NONE',  ( -38.25811384883015620, -33.14992646099261719, 435.3578230191574221 ) ) ;
#1250 = ORIENTED_EDGE ( 'NONE', *, *, #5318, .F. ) ;
#1251 = B_SPLINE_CURVE_WITH_KNOTS ( 'NONE', 3,
 ( #2251, #2154, #4632, #3769, #248, #187, #1284, #3285, #6148, #3667, #5117, #2703, #2218, #5252, #5672, #4663, #5740, #4118, #1253, #772, #707, #3735, #4248, #1766, #2671, #1669, #5633, #740, #4148, #4180 ),
 .UNSPECIFIED., .F., .F.,
 ( 4, 2, 2, 2, 2, 2, 2, 2, 2, 2, 2, 2, 2, 2, 4 ),
 ( 1.244742119065240122E-09, 0.0004985450770600795408, 0.0009970889093780400253, 0.001495632741696000401, 0.001994176574013961211, 0.002991264238650118319, 0.003489808070968046169, 0.003988351903285974019, 0.004486895735603901869, 0.004985439567921829719, 0.005982527232557678480, 0.006481071064875715618, 0.006979614897193753623, 0.007478158729511790760, 0.007976702561829827898 ),
 .UNSPECIFIED. ) ;
#1252 = CARTESIAN_POINT ( 'NONE',  ( -2.567741008498936495, -32.22037029964481292, 550.2626658817077896 ) ) ;
#1253 = CARTESIAN_POINT ( 'NONE',  ( -2.369410767850934185, -43.75209164004026974, 508.1287282340871911 ) ) ;
#1254 = CARTESIAN_POINT ( 'NONE',  ( 78.63166401870097388, -56.46246000319813163, 169.1774943972003484 ) ) ;
#1255 = CARTESIAN_POINT ( 'NONE',  ( -85.69083615468348114, 1.184676353268040661, 66.40827568370886524 ) ) ;
#1256 = CARTESIAN_POINT ( 'NONE',  ( 34.85150871161357600, -24.37052548203212865, 474.5953004524954508 ) ) ;
#1257 = CARTESIAN_POINT ( 'NONE',  ( -13.02477204088189566, -56.31328223826565704, 428.2104720807166132 ) ) ;
#1258 = DIRECTION ( 'NONE',  ( -0.000000000000000000, -0.000000000000000000, -1.000000000000000000 ) ) ;
#1259 = CARTESIAN_POINT ( 'NONE',  ( -15.77915892123104769, 8.707753503580750731, 444.5821425867250696 ) ) ;
#1260 = CARTESIAN_POINT ( 'NONE',  ( -8.009300262518211255, -27.51485645687657922, 558.9422371214549230 ) ) ;
#1261 = CARTESIAN_POINT ( 'NONE',  ( -149.9999999999999716, -5.404640085793534610, 440.0305525103650552 ) ) ;
#1262 = CARTESIAN_POINT ( 'NONE',  ( 11.32133923080468918, 30.04935886603911399, 33.43650446410281063 ) ) ;
#1263 = CARTESIAN_POINT ( 'NONE',  ( -14.30947134572178037, -5.838165749051289488, 498.3656475560457579 ) ) ;
#1264 = CARTESIAN_POINT ( 'NONE',  ( 0.000000000000000000, -78.09804512204975424, 332.0373177599348651 ) ) ;
#1265 = CARTESIAN_POINT ( 'NONE',  ( -21.35042088600132359, -35.51131480722144573, 474.7019520664820789 ) ) ;
#1266 = CARTESIAN_POINT ( 'NONE',  ( 21.07118792625018955, -27.82360396104951406, 498.7545162306007569 ) ) ;
#1267 = CARTESIAN_POINT ( 'NONE',  ( 1.589671430372596284, -29.06164303453264708, 508.7327059851760396 ) ) ;
#1268 = DIRECTION ( 'NONE',  ( 0.000000000000000000, 0.000000000000000000, -1.000000000000000000 ) ) ;
#1269 = CARTESIAN_POINT ( 'NONE',  ( 149.9999999999999432, -6.097168923262282547, 440.0305525103659079 ) ) ;
#1270 = CARTESIAN_POINT ( 'NONE',  ( 34.00221224264837616, -39.62142105997287445, 430.0000000002122533 ) ) ;
#1271 = DIRECTION ( 'NONE',  ( 0.000000000000000000, 0.000000000000000000, 1.000000000000000000 ) ) ;
#1272 = CARTESIAN_POINT ( 'NONE',  ( 11.78866413955386250, -52.42578195716721723, 444.6084594943044976 ) ) ;
#1273 = CARTESIAN_POINT ( 'NONE',  ( -0.4203115150557190649, -29.19243859742083202, 507.3842843875129347 ) ) ;
#1274 = CARTESIAN_POINT ( 'NONE',  ( -27.67694786115903938, -63.29158573756551931, 31.98726099646741261 ) ) ;
#1275 = EDGE_CURVE ( 'NONE', #1126, #3360, #640, .T. ) ;
#1276 = CARTESIAN_POINT ( 'NONE',  ( 2.563784045831071001, -10.92359499895165165, 561.2026532640164760 ) ) ;
#1277 = CARTESIAN_POINT ( 'NONE',  ( 2.331263078060942462, 10.18293184117968941, 486.7884037760323963 ) ) ;
#1278 = CARTESIAN_POINT ( 'NONE',  ( 0.000000000000000000, 32.02960972858872424, 380.5868600663628740 ) ) ;
#1279 = CARTESIAN_POINT ( 'NONE',  ( 26.48618622153179558, -37.85076137341945213, 455.3848077600980560 ) ) ;
#1280 = CARTESIAN_POINT ( 'NONE',  ( -33.69657848904243735, -33.92952676169240789, 446.2917418173740884 ) ) ;
#1281 = CARTESIAN_POINT ( 'NONE',  ( 0.000000000000000000, -30.33587353385017593, 557.6710142431003305 ) ) ;
#1282 = VERTEX_POINT ( 'NONE', #1512 ) ;
#1283 = CARTESIAN_POINT ( 'NONE',  ( -37.45958610077178008, -30.66009847476219363, 479.2217301177743138 ) ) ;
#1284 = CARTESIAN_POINT ( 'NONE',  ( -1.274488446923937257, -43.01185181016018078, 511.0994042909737800 ) ) ;
#1285 = CARTESIAN_POINT ( 'NONE',  ( 26.73315341133391598, -70.54310342772591014, 79.93177024630927008 ) ) ;
#1286 = CARTESIAN_POINT ( 'NONE',  ( -150.0000000000000853, 8.243839277673602695, 220.6305941379857245 ) ) ;
#1287 = CARTESIAN_POINT ( 'NONE',  ( 8.503322017922064546, -32.30598426423622271, 515.0471452688441332 ) ) ;
#1288 = CARTESIAN_POINT ( 'NONE',  ( -26.36629055695815183, -49.61368329402270660, 424.9559064693279993 ) ) ;
#1289 = ORIENTED_EDGE ( 'NONE', *, *, #183, .F. ) ;
#1290 = CARTESIAN_POINT ( 'NONE',  ( -30.38035120955821000, -24.18451439510766932, 487.1817322796657663 ) ) ;
#1291 = CARTESIAN_POINT ( 'NONE',  ( -32.16119038535396868, 5.008836963923343433, 425.7423644074404478 ) ) ;
#1292 = CARTESIAN_POINT ( 'NONE',  ( -7.143772087485980471, -28.42396652936399448, 558.9422371214551504 ) ) ;
#1293 = CARTESIAN_POINT ( 'NONE',  ( 0.000000000000000000, -24.84831182645674019, 567.1354842962315388 ) ) ;
#1294 = CARTESIAN_POINT ( 'NONE',  ( 7.301291994692240550, 46.93704426116289596, 207.1250189900836745 ) ) ;
#1295 = EDGE_LOOP ( 'NONE', ( #5601, #6146, #2431, #3365, #376, #4725 ) ) ;
#1296 = CARTESIAN_POINT ( 'NONE',  ( -13.49773640170148603, -1.834632226032350877, 486.5224641203572560 ) ) ;
#1297 = CARTESIAN_POINT ( 'NONE',  ( 149.9999999999997726, -7.192698382104506294, 333.2875603834384606 ) ) ;
#1298 = CARTESIAN_POINT ( 'NONE',  ( -16.24107911479724464, -37.25429806782085507, 482.1465574385411514 ) ) ;
#1299 = CARTESIAN_POINT ( 'NONE',  ( 52.02865093002468200, -23.15689208864281312, 433.4965499048038282 ) ) ;
#1300 = LINE ( 'NONE', #3268, #4014 ) ;
#1301 = CARTESIAN_POINT ( 'NONE',  ( 122.5180128797275785, -10.36202021569373066, 429.9999999999998863 ) ) ;
#1302 = CARTESIAN_POINT ( 'NONE',  ( -11.76125094878783273, -6.083255511146791861, 504.5935311673385399 ) ) ;
#1303 = CARTESIAN_POINT ( 'NONE',  ( 37.69905267972161056, -35.57341054265761926, 430.0000000002122533 ) ) ;
#1304 = CARTESIAN_POINT ( 'NONE',  ( 42.53191281969374415, -35.68445613170664643, 414.4112065963488476 ) ) ;
#1305 = ORIENTED_EDGE ( 'NONE', *, *, #3466, .T. ) ;
#1306 = CARTESIAN_POINT ( 'NONE',  ( -1.149768302217262450, 3.590478646203068891, 512.2562234637622396 ) ) ;
#1307 = CARTESIAN_POINT ( 'NONE',  ( 11.42656626086982286, 4.197890686360003620, 469.5881642223309314 ) ) ;
#1308 = CARTESIAN_POINT ( 'NONE',  ( -28.12822759976202391, -55.61360719528205010, 3.146402326122425652 ) ) ;
#1309 = CARTESIAN_POINT ( 'NONE',  ( 149.9999999999999716, -6.550723356787864660, 430.0000000585459929 ) ) ;
#1310 = CARTESIAN_POINT ( 'NONE',  ( 150.0000000000003126, 4.384157842436207098, 385.9904724453040785 ) ) ;
#1311 = CARTESIAN_POINT ( 'NONE',  ( -12.20178374623678863, 24.99215593519244649, 410.8332455709494866 ) ) ;
#1312 = CARTESIAN_POINT ( 'NONE',  ( 53.72700797020559804, -22.30758763478152673, 432.8397562713770412 ) ) ;
#1313 = CARTESIAN_POINT ( 'NONE',  ( -54.43370120262882494, -23.95906286201516622, 421.4125131681910830 ) ) ;
#1314 = CARTESIAN_POINT ( 'NONE',  ( -9.639879586090478014, -28.95867850222353468, 549.9740618722834142 ) ) ;
#1315 = ORIENTED_EDGE ( 'NONE', *, *, #804, .F. ) ;
#1316 = CARTESIAN_POINT ( 'NONE',  ( -52.55425713041052660, -47.11865743474584178, 413.2414131368510084 ) ) ;
#1317 =( LENGTH_UNIT ( ) NAMED_UNIT ( * ) SI_UNIT ( .MILLI., .METRE. ) );
#1318 = CARTESIAN_POINT ( 'NONE',  ( 0.000000000000000000, -76.98247262154580994, 92.64187025545516008 ) ) ;
#1319 = CARTESIAN_POINT ( 'NONE',  ( -0.000000000000000000, -10.00000000000000000, -61.05776287854492068 ) ) ;
#1320 = CARTESIAN_POINT ( 'NONE',  ( 26.69379054354888581, -27.19310976760845833, 485.8184296424520312 ) ) ;
#1321 = CARTESIAN_POINT ( 'NONE',  ( -20.31577913836198590, -49.96770666948961548, 437.3737542067991058 ) ) ;
#1322 = ORIENTED_EDGE ( 'NONE', *, *, #5621, .T. ) ;
#1323 =( GEOMETRIC_REPRESENTATION_CONTEXT ( 3 ) GLOBAL_UNCERTAINTY_ASSIGNED_CONTEXT ( ( #5387 ) ) GLOBAL_UNIT_ASSIGNED_CONTEXT ( ( #1820, #2758, #3272 ) ) REPRESENTATION_CONTEXT ( 'NONE', 'WORKASPACE' ) );
#1324 = CARTESIAN_POINT ( 'NONE',  ( 48.80705920486317240, 5.816169185822466225, 396.4085020072699308 ) ) ;
#1325 = CARTESIAN_POINT ( 'NONE',  ( -19.46941159025267964, 9.667386494284286869, 433.9036730224916596 ) ) ;
#1326 = CARTESIAN_POINT ( 'NONE',  ( 0.000000000000000000, -34.69545411385917788, 541.3998404090058330 ) ) ;
#1327 = CARTESIAN_POINT ( 'NONE',  ( -9.612723214024578411, -18.26251361741372392, 558.6097548550650345 ) ) ;
#1328 = CARTESIAN_POINT ( 'NONE',  ( 150.0000000000003126, 16.71071704159100690, 262.7461542768186291 ) ) ;
#1329 = ORIENTED_EDGE ( 'NONE', *, *, #688, .F. ) ;
#1330 = CARTESIAN_POINT ( 'NONE',  ( -16.86161985890148429, -4.306625156205648786, 487.8588399328991159 ) ) ;
#1331 = EDGE_CURVE ( 'NONE', #5219, #1006, #197, .T. ) ;
#1332 = CARTESIAN_POINT ( 'NONE',  ( 73.83880539362290563, -59.24824856767471459, 219.7049704555995788 ) ) ;
#1333 = CARTESIAN_POINT ( 'NONE',  ( -7.697915519695296638, -37.26937001341882905, 501.3458565974074759 ) ) ;
#1334 = CARTESIAN_POINT ( 'NONE',  ( 0.000000000000000000, -27.20000000000000284, 430.0000000002122533 ) ) ;
#1335 = B_SPLINE_CURVE_WITH_KNOTS ( 'NONE', 3,
 ( #1921, #4370, #991, #928, #2373, #3887, #4881, #6305, #2955, #5919, #3922, #475, #5339, #2892, #4435, #3951, #5370, #6368, #5858, #3342, #1890, #21, #5432, #1439, #1470, #1985 ),
 .UNSPECIFIED., .F., .F.,
 ( 4, 2, 2, 2, 2, 2, 2, 2, 2, 2, 2, 2, 4 ),
 ( 0.000000000000000000, 0.0003131620879983462616, 0.0006263241759966925231, 0.0009394862639950385137, 0.001252648351993384613, 0.001878972527990076377, 0.002505296703986768358, 0.002818458791985114023, 0.003131620879983459688, 0.003757945055980151019, 0.004071107143978497551, 0.004384269231976842783, 0.005010593407973405744 ),
 .UNSPECIFIED. ) ;
#1336 = CARTESIAN_POINT ( 'NONE',  ( 11.16794128837994471, -31.62349932833121002, 511.0189718719292387 ) ) ;
#1337 = VECTOR ( 'NONE', #2653, 1000.000000000000000 ) ;
#1338 = CARTESIAN_POINT ( 'NONE',  ( 43.80878827961250011, -38.11067402043559582, 429.9999999999999432 ) ) ;
#1339 = CARTESIAN_POINT ( 'NONE',  ( 0.000000000000000000, -14.59886794602576821, 558.9422371214550367 ) ) ;
#1340 = CARTESIAN_POINT ( 'NONE',  ( 45.03474181916939756, -28.74095954165458622, 430.0000000002122533 ) ) ;
#1341 = DIRECTION ( 'NONE',  ( 0.000000000000000000, 0.000000000000000000, 1.000000000000000000 ) ) ;
#1342 = CARTESIAN_POINT ( 'NONE',  ( 12.15800649382191878, -56.48162339167166834, 428.7433889426643532 ) ) ;
#1343 = ORIENTED_EDGE ( 'NONE', *, *, #308, .F. ) ;
#1344 = AXIS2_PLACEMENT_3D ( 'NONE', #4300, #5726, #2824 ) ;
#1345 = ORIENTED_EDGE ( 'NONE', *, *, #5798, .F. ) ;
#1346 = CARTESIAN_POINT ( 'NONE',  ( -2.167996688855401199, 3.656369275368264837, 511.6997912772474137 ) ) ;
#1347 = CARTESIAN_POINT ( 'NONE',  ( 35.72280013062439963, -0.4569409564405697011, 438.9358471990375961 ) ) ;
#1348 = CARTESIAN_POINT ( 'NONE',  ( -3.331827532195591246, -42.26250701813299315, -47.56859296547036564 ) ) ;
#1349 = CARTESIAN_POINT ( 'NONE',  ( 9.615212476387920759, -13.05490142952048771, 554.1906889073994762 ) ) ;
#1350 = CARTESIAN_POINT ( 'NONE',  ( 35.66697731966415574, -11.64039430091011873, 495.5372216640326997 ) ) ;
#1351 = CARTESIAN_POINT ( 'NONE',  ( -6.487160277154800703, 19.72214760585052673, 443.3057579004467357 ) ) ;
#1352 = CARTESIAN_POINT ( 'NONE',  ( 48.78138085823943015, -25.64912488280802449, 431.1180414779151420 ) ) ;
#1353 = CARTESIAN_POINT ( 'NONE',  ( -7.812408122788998099, -44.20712414677311841, 478.9164383729321912 ) ) ;
#1354 = CARTESIAN_POINT ( 'NONE',  ( -14.99999999999999822, -3.731290437159192397, 430.0000000002122533 ) ) ;
#1355 = ORIENTED_EDGE ( 'NONE', *, *, #3975, .T. ) ;
#1356 = CARTESIAN_POINT ( 'NONE',  ( 0.000000000000000000, -34.69545411385917788, 541.3998404090058330 ) ) ;
#1357 = CARTESIAN_POINT ( 'NONE',  ( 28.12822759976202391, -55.61360719528205010, 3.146402326122425652 ) ) ;
#1358 = CARTESIAN_POINT ( 'NONE',  ( -56.33277253066618329, -0.7343208053013621228, 208.3958578420063645 ) ) ;
#1359 = CARTESIAN_POINT ( 'NONE',  ( 22.98980707624758324, -28.42580297187250338, 491.4934092960600083 ) ) ;
#1360 = CARTESIAN_POINT ( 'NONE',  ( -10.15200816309299370, -52.73638814196028335, 445.8946641697549467 ) ) ;
#1361 = EDGE_LOOP ( 'NONE', ( #1250, #838, #3873, #3746 ) ) ;
#1362 = CARTESIAN_POINT ( 'NONE',  ( 24.28158381635806151, 10.18940269421091571, 422.3760006521051764 ) ) ;
#1363 = CARTESIAN_POINT ( 'NONE',  ( -44.27897755076293862, 4.028817613046593138, 409.7712362846510814 ) ) ;
#1364 = CARTESIAN_POINT ( 'NONE',  ( 26.95041920599925689, 6.615015737824961661, 430.0000000002123102 ) ) ;
#1365 = CARTESIAN_POINT ( 'NONE',  ( -7.196686439497436361, -16.52039760350175968, 566.5257307759894729 ) ) ;
#1366 = ORIENTED_EDGE ( 'NONE', *, *, #5312, .T. ) ;
#1367 = EDGE_CURVE ( 'NONE', #1006, #3126, #3993, .T. ) ;
#1368 = CARTESIAN_POINT ( 'NONE',  ( -8.365331005517903762, -0.7894872046997937209, 493.9478850212492489 ) ) ;
#1369 = CARTESIAN_POINT ( 'NONE',  ( 50.58346037534592199, -11.64512529226498749, 291.0537216187072431 ) ) ;
#1370 = CARTESIAN_POINT ( 'NONE',  ( -27.17222851790096527, -28.97633151084063385, 478.7168851606872977 ) ) ;
#1371 = LINE ( 'NONE', #4164, #189 ) ;
#1372 = FACE_OUTER_BOUND ( 'NONE', #386, .T. ) ;
#1373 = CARTESIAN_POINT ( 'NONE',  ( 16.68831211212743426, -61.08828769407688242, 430.0000000000000568 ) ) ;
#1374 = CARTESIAN_POINT ( 'NONE',  ( 0.000000000000000000, -9.999999999999710454, 558.9422371214541272 ) ) ;
#1375 = CARTESIAN_POINT ( 'NONE',  ( 38.86408793707318665, -34.37107616886996908, 430.0000000002122533 ) ) ;
#1376 = DIRECTION ( 'NONE',  ( 0.000000000000000000, 0.000000000000000000, 1.000000000000000000 ) ) ;
#1377 = CARTESIAN_POINT ( 'NONE',  ( 43.31271263661277970, -36.86013957446584755, 408.1354595714582274 ) ) ;
#1378 = VERTEX_POINT ( 'NONE', #276 ) ;
#1379 = FACE_OUTER_BOUND ( 'NONE', #12, .T. ) ;
#1380 = CARTESIAN_POINT ( 'NONE',  ( 10.63762053376141914, 4.355586222734474156, 470.6003402471736763 ) ) ;
#1381 = CARTESIAN_POINT ( 'NONE',  ( -56.22136681509284983, -21.95830415264659408, 214.9413780479917762 ) ) ;
#1382 = CARTESIAN_POINT ( 'NONE',  ( 60.03140639524139743, -12.06042557824305739, 450.6175771611553387 ) ) ;
#1383 = CARTESIAN_POINT ( 'NONE',  ( -53.41671992373075284, 4.732634878479694329, 384.7797939231693363 ) ) ;
#1384 = CARTESIAN_POINT ( 'NONE',  ( 20.55095083113836552, -42.89345168144730991, 456.9107458776786643 ) ) ;
#1385 = CARTESIAN_POINT ( 'NONE',  ( -8.606405000933269989, -44.07586611152239442, 477.8531184646811880 ) ) ;
#1386 = CARTESIAN_POINT ( 'NONE',  ( -29.31905218748991615, -6.547481717550565072, 470.8504528818320978 ) ) ;
#1387 = ORIENTED_EDGE ( 'NONE', *, *, #2994, .F. ) ;
#1388 = CARTESIAN_POINT ( 'NONE',  ( 0.000000000000000000, -76.33378233341784380, 354.6876482584478367 ) ) ;
#1389 = CARTESIAN_POINT ( 'NONE',  ( 0.000000000000000000, 0.000000000000000000, 0.000000000000000000 ) ) ;
#1390 = CARTESIAN_POINT ( 'NONE',  ( 3.324235062990519296, -48.83145490964666635, -37.09813292654701655 ) ) ;
#1391 = CARTESIAN_POINT ( 'NONE',  ( -3.302423590642567852, 4.628195515106217073, -41.47021073289514703 ) ) ;
#1392 = CARTESIAN_POINT ( 'NONE',  ( 47.59539920953680792, -22.54885861172299144, 449.0436627260434079 ) ) ;
#1393 = CARTESIAN_POINT ( 'NONE',  ( -19.82580680892863967, -52.39160212660395644, 430.8575453937767179 ) ) ;
#1394 = ORIENTED_EDGE ( 'NONE', *, *, #447, .T. ) ;
#1395 = CARTESIAN_POINT ( 'NONE',  ( 12.86247850714965146, 12.69759175914412630, 434.5665988047372821 ) ) ;
#1396 = CARTESIAN_POINT ( 'NONE',  ( -25.82384375227202611, 9.797883934939477513, 420.7274319514477838 ) ) ;
#1397 = CARTESIAN_POINT ( 'NONE',  ( 49.43638778401870582, -2.979888993934423524, 430.0000000002122533 ) ) ;
#1398 = CARTESIAN_POINT ( 'NONE',  ( -7.197432663990738888, -24.65286033836278534, 565.7090936342166287 ) ) ;
#1399 = CARTESIAN_POINT ( 'NONE',  ( -25.97540537183027354, -7.518579268161122542, 480.2871820971881789 ) ) ;
#1400 = CARTESIAN_POINT ( 'NONE',  ( 0.000000000000000000, -80.99947877039501520, 205.0832690187360470 ) ) ;
#1401 = CARTESIAN_POINT ( 'NONE',  ( -14.09168230578809045, -33.21407421065981680, 499.0479029195320209 ) ) ;
#1402 = DIRECTION ( 'NONE',  ( 0.000000000000000000, 0.000000000000000000, -1.000000000000000000 ) ) ;
#1403 = CARTESIAN_POINT ( 'NONE',  ( 11.00000000000002132, 11.84644641866409565, 441.4751653704229284 ) ) ;
#1404 = CARTESIAN_POINT ( 'NONE',  ( 57.38987395146222781, -27.71390862656615539, 430.0000000000004547 ) ) ;
#1405 = CARTESIAN_POINT ( 'NONE',  ( -0.000000000000000000, -0.5992197669215881817, 527.6545282582934533 ) ) ;
#1406 = FACE_OUTER_BOUND ( 'NONE', #3906, .T. ) ;
#1407 = CARTESIAN_POINT ( 'NONE',  ( -10.99999999999999645, -34.82252248039544895, 501.2460055706022786 ) ) ;
#1408 = CARTESIAN_POINT ( 'NONE',  ( 39.72445052568545520, -39.94141957066907622, 411.4207354339249605 ) ) ;
#1409 = VERTEX_POINT ( 'NONE', #1309 ) ;
#1410 = CARTESIAN_POINT ( 'NONE',  ( 40.09203798034571520, -2.584284292959959206, 440.3068427928698725 ) ) ;
#1411 = CARTESIAN_POINT ( 'NONE',  ( -12.46987870681236998, -45.06482743648748368, -37.07213124908908952 ) ) ;
#1412 = CARTESIAN_POINT ( 'NONE',  ( 2.564812925163135304, -16.40336584875607429, 567.9992930534838251 ) ) ;
#1413 = CARTESIAN_POINT ( 'NONE',  ( -7.189961064043363770, -9.266056063442162483, 554.1745012121198215 ) ) ;
#1414 = CARTESIAN_POINT ( 'NONE',  ( 9.786876262864133480, -46.12499674843135011, 469.0428527198859570 ) ) ;
#1415 = CARTESIAN_POINT ( 'NONE',  ( -7.107335676874842356, -42.02837172732920124, 487.4129743325764252 ) ) ;
#1416 = EDGE_CURVE ( 'NONE', #1282, #2258, #5175, .T. ) ;
#1417 = CARTESIAN_POINT ( 'NONE',  ( -7.202694588372785311, -29.55600468782901658, 557.9950770474829369 ) ) ;
#1418 = FACE_OUTER_BOUND ( 'NONE', #2425, .T. ) ;
#1419 = CARTESIAN_POINT ( 'NONE',  ( 0.000000000000000000, -67.28014553698039890, 415.7242264024383758 ) ) ;
#1420 = EDGE_CURVE ( 'NONE', #5718, #845, #4110, .T. ) ;
#1421 = CARTESIAN_POINT ( 'NONE',  ( 149.9999999999994316, -6.407426975505440936, 237.6716614965829990 ) ) ;
#1422 = CARTESIAN_POINT ( 'NONE',  ( -3.035287670926654968, 31.01651801567224354, 29.24765051123930704 ) ) ;
#1423 = CARTESIAN_POINT ( 'NONE',  ( 29.67672369948052591, -29.94648495823072309, 469.0808507354051358 ) ) ;
#1424 = CARTESIAN_POINT ( 'NONE',  ( -10.64754239015417170, -52.65106512506992686, 445.5090474922407680 ) ) ;
#1425 = ORIENTED_EDGE ( 'NONE', *, *, #739, .F. ) ;
#1426 = CARTESIAN_POINT ( 'NONE',  ( 32.37309486907443556, 8.097370750172641962, 414.1413662696088522 ) ) ;
#1427 = CARTESIAN_POINT ( 'NONE',  ( -29.06194246804153636, 8.955010439337780070, 417.4313610462603492 ) ) ;
#1428 = CARTESIAN_POINT ( 'NONE',  ( 49.89689310887979445, -3.116438974251950267, 430.0000000002122533 ) ) ;
#1429 = CARTESIAN_POINT ( 'NONE',  ( 0.000000000000000000, -16.36212642668703410, 567.9883224443615291 ) ) ;
#1430 = ORIENTED_EDGE ( 'NONE', *, *, #1275, .F. ) ;
#1431 = CARTESIAN_POINT ( 'NONE',  ( -44.59799121722852533, -6.118106947000959472, 446.6993644533891370 ) ) ;
#1432 = CARTESIAN_POINT ( 'NONE',  ( -6.966750998820315566, -35.11967204365394224, 509.9025037785114023 ) ) ;
#1433 = CARTESIAN_POINT ( 'NONE',  ( -14.97347993559923651, 3.512621056534872110, 464.9543586865061684 ) ) ;
#1434 = CARTESIAN_POINT ( 'NONE',  ( 0.000000000000000000, -8.653564323852759088, 512.4422371214550367 ) ) ;
#1435 = CARTESIAN_POINT ( 'NONE',  ( -149.9999999999999432, -6.296594303685535188, 438.3807259429426040 ) ) ;
#1436 = CARTESIAN_POINT ( 'NONE',  ( 0.000000000000000000, -64.25834689131531263, 429.9999999997190798 ) ) ;
#1437 = CARTESIAN_POINT ( 'NONE',  ( -15.33343269723768820, -7.717369041052064560, 502.4406997134549329 ) ) ;
#1438 = CARTESIAN_POINT ( 'NONE',  ( 34.59595014193737228, -38.95682872499892824, 430.0000000002122533 ) ) ;
#1439 = CARTESIAN_POINT ( 'NONE',  ( 0.4203115150557188429, -10.80756140257917686, 510.5001898553974797 ) ) ;
#1440 = CARTESIAN_POINT ( 'NONE',  ( 13.31614250361762330, -56.25286320404985219, 428.0305713507400469 ) ) ;
#1441 = CARTESIAN_POINT ( 'NONE',  ( 44.55012260349717224, -4.616617147206106608, 441.3478156746458581 ) ) ;
#1442 = CARTESIAN_POINT ( 'NONE',  ( -56.42459147997303859, -17.36136246577859765, 205.4051851891448166 ) ) ;
#1443 = CARTESIAN_POINT ( 'NONE',  ( 9.613044266102807711, -16.76189886598297107, 557.9286681389585283 ) ) ;
#1444 = VECTOR ( 'NONE', #2856, 1000.000000000000000 ) ;
#1445 = CARTESIAN_POINT ( 'NONE',  ( -6.953941588068372148, 6.120562770953910992, 500.2070897956710951 ) ) ;
#1446 = CARTESIAN_POINT ( 'NONE',  ( 9.179653225606548617, -48.52516173998431270, 462.2016220179748984 ) ) ;
#1447 = CARTESIAN_POINT ( 'NONE',  ( 0.000000000000000000, -34.69545411385917788, 541.3998404090058330 ) ) ;
#1448 = CARTESIAN_POINT ( 'NONE',  ( 2.383663471616552787, -43.30775578140537618, 509.7132829990771370 ) ) ;
#1449 = CARTESIAN_POINT ( 'NONE',  ( -9.946297514209035739, -77.91804623338890678, 331.7075762636822560 ) ) ;
#1450 = CARTESIAN_POINT ( 'NONE',  ( 56.00732020532700517, -23.56709823840322571, 221.0780510144691107 ) ) ;
#1451 = CARTESIAN_POINT ( 'NONE',  ( 19.23958081385339014, 44.36215661290071921, 164.4211870057072531 ) ) ;
#1452 = CARTESIAN_POINT ( 'NONE',  ( -2.613339197210340359, 43.38578146962264270, 105.1797038346670092 ) ) ;
#1453 = CARTESIAN_POINT ( 'NONE',  ( 7.697915519695296638, -37.26937001341882905, 501.3458565974074759 ) ) ;
#1454 = CARTESIAN_POINT ( 'NONE',  ( -52.64260543269057280, -27.01148474650070241, 411.7601222119028535 ) ) ;
#1455 = ORIENTED_EDGE ( 'NONE', *, *, #2631, .F. ) ;
#1456 = EDGE_CURVE ( 'NONE', #2285, #6213, #1758, .T. ) ;
#1457 = CARTESIAN_POINT ( 'NONE',  ( 25.62408701782590725, 8.207781917323236698, 426.9271230847184029 ) ) ;
#1458 = CARTESIAN_POINT ( 'NONE',  ( -16.64475635092795258, 13.60866855738334813, 424.1155996294267538 ) ) ;
#1459 = CARTESIAN_POINT ( 'NONE',  ( 30.46818298839475148, 4.729545859979635836, 430.0000000002123102 ) ) ;
#1460 = CARTESIAN_POINT ( 'NONE',  ( -35.60682565949467460, -23.73663190593185846, 505.6027716601481075 ) ) ;
#1461 = VERTEX_POINT ( 'NONE', #1245 ) ;
#1462 = CARTESIAN_POINT ( 'NONE',  ( -10.91753139095539815, 0.5849418373314618780, 483.5684867276946761 ) ) ;
#1463 = CARTESIAN_POINT ( 'NONE',  ( -5.844770029752509366, -33.10895379065735966, 519.4595875793766027 ) ) ;
#1464 = CARTESIAN_POINT ( 'NONE',  ( -13.54255621200222315, 1.952803483762286740, 473.3689779413496694 ) ) ;
#1465 = FACE_BOUND ( 'NONE', #2768, .T. ) ;
#1466 = CARTESIAN_POINT ( 'NONE',  ( -150.0000000000000284, -6.351597405425760456, 436.7214235530670408 ) ) ;
#1467 = CARTESIAN_POINT ( 'NONE',  ( -2.563153368808782862, -10.25466783568928619, 559.4852034020277642 ) ) ;
#1468 = CARTESIAN_POINT ( 'NONE',  ( 12.50569815975795684, -8.939040514739479804, -53.94021469740130925 ) ) ;
#1469 = CARTESIAN_POINT ( 'NONE',  ( 5.256646578709997186, -33.09133960204634661, 521.1207719748294949 ) ) ;
#1470 = CARTESIAN_POINT ( 'NONE',  ( 0.2118118077187036152, -10.80000000000000426, 510.5422371214554005 ) ) ;
#1471 = CARTESIAN_POINT ( 'NONE',  ( 28.06536088427640863, -48.62036087633516956, 423.2561961345651298 ) ) ;
#1472 = CARTESIAN_POINT ( 'NONE',  ( 15.46883115182741264, -2.175717701162789730, 483.5762279055617228 ) ) ;
#1473 = CARTESIAN_POINT ( 'NONE',  ( -56.15644581993174000, -22.59803097290584972, 217.0202573784488322 ) ) ;
#1474 = CARTESIAN_POINT ( 'NONE',  ( 2.564128147679038960, -11.74918119843205488, 562.9017961434359449 ) ) ;
#1475 = CARTESIAN_POINT ( 'NONE',  ( -35.62511535099858406, -12.77791609919348659, 499.3972652287001210 ) ) ;
#1476 = CARTESIAN_POINT ( 'NONE',  ( 40.31462815327244442, -31.88631264763369089, 433.2811144578676590 ) ) ;
#1477 = CARTESIAN_POINT ( 'NONE',  ( 149.9999999999999716, -6.753162013210366688, 409.5642181840029821 ) ) ;
#1478 = ADVANCED_FACE ( 'NONE', ( #1694 ), #53, .T. ) ;
#1479 = DIRECTION ( 'NONE',  ( 0.000000000000000000, 0.000000000000000000, -1.000000000000000000 ) ) ;
#1480 = CARTESIAN_POINT ( 'NONE',  ( 0.000000000000000000, -81.00153429719892983, 252.6353187087084677 ) ) ;
#1481 = CARTESIAN_POINT ( 'NONE',  ( 28.27130430954585449, -51.46891172065748066, -7.894343871436712234 ) ) ;
#1482 = CARTESIAN_POINT ( 'NONE',  ( 6.814411576723173880, 46.50797352682411656, 230.8815100217026668 ) ) ;
#1483 = CARTESIAN_POINT ( 'NONE',  ( -83.26671075213897666, 10.37568051067605523, 86.68462678675325606 ) ) ;
#1484 = CARTESIAN_POINT ( 'NONE',  ( 22.40012773998808271, -32.90506581963736465, 479.5551116457504008 ) ) ;
#1485 = CARTESIAN_POINT ( 'NONE',  ( -10.24593075902909156, -50.52967590545250687, 453.5419056638248776 ) ) ;
#1486 = VERTEX_POINT ( 'NONE', #5560 ) ;
#1487 = CARTESIAN_POINT ( 'NONE',  ( 14.83893032613450558, 5.366465625135900197, 458.6648680213209559 ) ) ;
#1488 = CARTESIAN_POINT ( 'NONE',  ( -19.26475172336107633, 13.04294311135374862, 421.4447005668263841 ) ) ;
#1489 = CARTESIAN_POINT ( 'NONE',  ( 44.69852224661388362, -1.476515963219915406, 430.0000000002123670 ) ) ;
#1490 = CARTESIAN_POINT ( 'NONE',  ( -60.02803700157722488, -16.33857417776285104, 449.8906448429298166 ) ) ;
#1491 = ORIENTED_EDGE ( 'NONE', *, *, #5548, .T. ) ;
#1492 = CARTESIAN_POINT ( 'NONE',  ( -49.97853069032435513, -20.57844955433325751, 452.6448543391094290 ) ) ;
#1493 = CARTESIAN_POINT ( 'NONE',  ( -11.16218886550696610, 2.417391342649910513, 476.5780642596183156 ) ) ;
#1494 = EDGE_CURVE ( 'NONE', #492, #1771, #1226, .T. ) ;
#1495 = PLANE ( 'NONE',  #4096 ) ;
#1496 = CARTESIAN_POINT ( 'NONE',  ( -117.6870430316694609, -4.041293379279756515, 430.0000000000000000 ) ) ;
#1497 = CARTESIAN_POINT ( 'NONE',  ( -60.01007281698174012, -10.94065850740973111, 448.9079205651606799 ) ) ;
#1498 = CARTESIAN_POINT ( 'NONE',  ( -11.51139640982585632, -30.82403112155674663, 512.7977593170322734 ) ) ;
#1499 = CARTESIAN_POINT ( 'NONE',  ( 49.57400673654152712, -18.52651077671696100, 464.7992469518889038 ) ) ;
#1500 = CARTESIAN_POINT ( 'NONE',  ( -1.491328355976571318, -29.93225504864150466, 558.9422371034256685 ) ) ;
#1501 = DIRECTION ( 'NONE',  ( -0.000000000000000000, -0.000000000000000000, 1.000000000000000000 ) ) ;
#1502 = PRODUCT_DEFINITION ( 'UNKNOWN', '', #2257, #4686 ) ;
#1503 = CARTESIAN_POINT ( 'NONE',  ( 14.28780081752939957, -1.972135039446382132, 485.3470604558169157 ) ) ;
#1504 = CARTESIAN_POINT ( 'NONE',  ( -149.9999999999994316, -2.616582094362104094, 212.2784760750597570 ) ) ;
#1505 = CARTESIAN_POINT ( 'NONE',  ( -27.74751157343145280, -54.69166617166227695, 430.0000000000002274 ) ) ;
#1506 = CARTESIAN_POINT ( 'NONE',  ( 2.564913514413461826, -20.62093251419983986, 568.9422371214550367 ) ) ;
#1507 = CARTESIAN_POINT ( 'NONE',  ( -7.193853010854474483, -10.41107745454391420, 557.8597997808570881 ) ) ;
#1508 = CARTESIAN_POINT ( 'NONE',  ( 17.91843403861509287, -46.18659467774292438, 453.3959259905237786 ) ) ;
#1509 = CARTESIAN_POINT ( 'NONE',  ( 10.34680381817460670, -36.47895930641133333, 521.4819957935527555 ) ) ;
#1510 = CARTESIAN_POINT ( 'NONE',  ( 0.6600108990225795891, -42.97751184485660758, 511.3592681050579358 ) ) ;
#1511 = CARTESIAN_POINT ( 'NONE',  ( -20.83281673801534950, -71.50086781543122072, 377.4958969591941127 ) ) ;
#1512 = CARTESIAN_POINT ( 'NONE',  ( -10.99999999999996803, -3.731290437159163087, 498.2807125574875045 ) ) ;
#1513 = CARTESIAN_POINT ( 'NONE',  ( 14.61713605283470763, 44.60612277303756201, 256.7277770913618156 ) ) ;
#1514 = CARTESIAN_POINT ( 'NONE',  ( 0.000000000000000000, 43.71089409265118064, 105.2394046492437667 ) ) ;
#1515 = CARTESIAN_POINT ( 'NONE',  ( 29.08382202972392960, -28.24133830883413054, 475.9933470064617040 ) ) ;
#1516 = CARTESIAN_POINT ( 'NONE',  ( -19.34802047239244160, -47.99784705946883889, 445.1332553107993704 ) ) ;
#1517 = ORIENTED_EDGE ( 'NONE', *, *, #3347, .F. ) ;
#1518 = CARTESIAN_POINT ( 'NONE',  ( 28.61129458262231040, 4.196723859826951397, 435.4244799426163581 ) ) ;
#1519 = CARTESIAN_POINT ( 'NONE',  ( -26.02411746040354501, 11.33839143315814191, 414.5003960204059581 ) ) ;
#1520 = DIRECTION ( 'NONE',  ( -0.000000000000000000, -0.000000000000000000, -1.000000000000000000 ) ) ;
#1521 = CARTESIAN_POINT ( 'NONE',  ( -60.03361885895255767, -15.56447537574781670, 450.8340415765218836 ) ) ;
#1522 = CARTESIAN_POINT ( 'NONE',  ( -10.16899152536477224, -31.87283137695970225, 512.4049641952361753 ) ) ;
#1523 = CARTESIAN_POINT ( 'NONE',  ( -31.78809574842714269, -1.418122488285888050, 448.9837983494472837 ) ) ;
#1524 = CARTESIAN_POINT ( 'NONE',  ( 6.803189949106055678, -11.35162249299727932, 558.9422371214550367 ) ) ;
#1525 = CARTESIAN_POINT ( 'NONE',  ( -60.01230059546335127, -10.96261421392354052, 448.9829223327480463 ) ) ;
#1526 = CARTESIAN_POINT ( 'NONE',  ( 86.91359524864041930, -11.34795942607654595, 48.66319268689352384 ) ) ;
#1527 = CARTESIAN_POINT ( 'NONE',  ( 5.431078764875729270, -30.90027554977395496, 528.2512642721043221 ) ) ;
#1528 = CARTESIAN_POINT ( 'NONE',  ( 0.000000000000000000, -46.58870159832864033, 508.9422371214551504 ) ) ;
#1529 = EDGE_CURVE ( 'NONE', #365, #770, #3140, .T. ) ;
#1530 = CARTESIAN_POINT ( 'NONE',  ( 21.28308339657655424, -53.99053394339122747, 422.5551073544501719 ) ) ;
#1531 = CARTESIAN_POINT ( 'NONE',  ( 40.10993019280372351, -5.694365763029644256, 451.3112390982772126 ) ) ;
#1532 = CARTESIAN_POINT ( 'NONE',  ( 14.36762476316893000, -7.684014187539450980, 504.3798447778056016 ) ) ;
#1533 = CARTESIAN_POINT ( 'NONE',  ( -105.4306467309208415, -13.23006918611121385, 429.9999999999999432 ) ) ;
#1534 = CARTESIAN_POINT ( 'NONE',  ( 35.58864692157143850, -19.56703635444633704, 508.0066010617481993 ) ) ;
#1535 = CARTESIAN_POINT ( 'NONE',  ( -149.9999999999998579, -5.139754097654222420, 439.4216061485305431 ) ) ;
#1536 = CARTESIAN_POINT ( 'NONE',  ( 10.48123039699274273, -50.48361227159723796, 453.3314368525032592 ) ) ;
#1537 = CARTESIAN_POINT ( 'NONE',  ( 8.131555872327654200, -53.17059966846706232, 471.8355484568802467 ) ) ;
#1538 = ORIENTED_EDGE ( 'NONE', *, *, #3849, .F. ) ;
#1539 = CARTESIAN_POINT ( 'NONE',  ( -24.25571063400974836, -77.30113989785128581, 188.1552036833147952 ) ) ;
#1540 = AXIS2_PLACEMENT_3D ( 'NONE', #3948, #2556, #3556 ) ;
#1541 = CARTESIAN_POINT ( 'NONE',  ( 12.46987870681236998, -45.06482743648748368, -37.07213124908908952 ) ) ;
#1542 = CARTESIAN_POINT ( 'NONE',  ( 1.661913757546996440, 42.51371960543011141, 298.3404751548967511 ) ) ;
#1543 = CARTESIAN_POINT ( 'NONE',  ( -149.9999999999998863, 13.60113310668955400, 239.5281348986660817 ) ) ;
#1544 = CARTESIAN_POINT ( 'NONE',  ( 7.364996593226562638, -39.71017151835446413, 494.3177304660674167 ) ) ;
#1545 = CARTESIAN_POINT ( 'NONE',  ( -9.111853875705557826, -50.71556152963791675, 454.5451404214032891 ) ) ;
#1546 = VECTOR ( 'NONE', #4968, 1000.000000000000000 ) ;
#1547 = ORIENTED_EDGE ( 'NONE', *, *, #1416, .T. ) ;
#1548 = CARTESIAN_POINT ( 'NONE',  ( 44.32177336350680719, 2.624158133199546938, 415.0097436265804163 ) ) ;
#1549 = DIRECTION ( 'NONE',  ( -0.000000000000000000, 1.000000000000000000, 0.000000000000000000 ) ) ;
#1550 = LINE ( 'NONE', #3549, #515 ) ;
#1551 = CARTESIAN_POINT ( 'NONE',  ( -150.0000000000000853, -6.062338622375031072, 440.0305525103656805 ) ) ;
#1552 = CARTESIAN_POINT ( 'NONE',  ( 35.44879772234385484, -21.13536038543893625, 528.3005546469779574 ) ) ;
#1553 = CARTESIAN_POINT ( 'NONE',  ( -28.62471672884490204, -26.52643645094867253, 482.9858667154419436 ) ) ;
#1554 = CARTESIAN_POINT ( 'NONE',  ( -15.89149460408339642, 1.516213221651575349, 470.1055015887546347 ) ) ;
#1555 = CARTESIAN_POINT ( 'NONE',  ( 8.493811156409572405, -26.70613548812531945, 558.9422371214548093 ) ) ;
#1556 = FACE_OUTER_BOUND ( 'NONE', #429, .T. ) ;
#1557 = CARTESIAN_POINT ( 'NONE',  ( 28.53909880752624773, -10.68040278824253164, -41.02084576645206937 ) ) ;
#1558 = CARTESIAN_POINT ( 'NONE',  ( 17.42746577387699958, -27.96378336291491351, 507.7387522676856975 ) ) ;
#1559 = DIRECTION ( 'NONE',  ( 0.000000000000000000, 0.000000000000000000, -1.000000000000000000 ) ) ;
#1560 = CARTESIAN_POINT ( 'NONE',  ( -149.9999999999997158, -4.947171580591137818, 438.3792102471736030 ) ) ;
#1561 = ADVANCED_FACE ( 'NONE', ( #205 ), #4135, .T. ) ;
#1562 = B_SPLINE_CURVE_WITH_KNOTS ( 'NONE', 3,
 ( #5365, #6331, #1947, #16, #1980, #1916, #5426, #401 ),
 .UNSPECIFIED., .F., .F.,
 ( 4, 2, 2, 4 ),
 ( 0.05443621981862263592, 0.09393562853943732138, 0.1136853328998446572, 0.1334350372602519930 ),
 .UNSPECIFIED. ) ;
#1563 = CARTESIAN_POINT ( 'NONE',  ( 13.29245414705462203, -3.716425746645148021, 493.3804671147730687 ) ) ;
#1564 = CARTESIAN_POINT ( 'NONE',  ( -12.52073868771997489, -29.68526867936187941, -55.37486511332178907 ) ) ;
#1565 = CARTESIAN_POINT ( 'NONE',  ( -48.84284878306844035, -33.50491702985320330, 429.9999999999996021 ) ) ;
#1566 = CARTESIAN_POINT ( 'NONE',  ( 2.564969758996627380, -24.79342688298163466, 567.1562505050893606 ) ) ;
#1567 = CARTESIAN_POINT ( 'NONE',  ( -47.04834488504117473, -2.257679885019968857, 429.9999999999999432 ) ) ;
#1568 = CARTESIAN_POINT ( 'NONE',  ( 19.74401932590286890, -45.54272523936140260, 451.3789122437057699 ) ) ;
#1569 = CARTESIAN_POINT ( 'NONE',  ( 13.27801234163838373, 20.24468796248253355, 430.0000000000000568 ) ) ;
#1570 = CARTESIAN_POINT ( 'NONE',  ( -79.76002310008438201, -55.49146365941793135, 157.1817880118407800 ) ) ;
#1571 = CARTESIAN_POINT ( 'NONE',  ( 56.40443265451214216, -18.27286377055314404, 206.8078958798442955 ) ) ;
#1572 = CARTESIAN_POINT ( 'NONE',  ( 6.000466035610237725, 31.94043151699632688, 379.5629847736018405 ) ) ;
#1573 = CARTESIAN_POINT ( 'NONE',  ( -15.55331741631335696, 45.35218854345084338, 234.3705618064915370 ) ) ;
#1574 = CARTESIAN_POINT ( 'NONE',  ( 11.86039374291254411, -38.49213759814203684, 488.2098139435655071 ) ) ;
#1575 = CARTESIAN_POINT ( 'NONE',  ( -11.45773155521581899, -50.27529452318166392, 452.4756092644617524 ) ) ;
#1576 = ORIENTED_EDGE ( 'NONE', *, *, #472, .T. ) ;
#1577 = CARTESIAN_POINT ( 'NONE',  ( 23.64150678231008484, 5.297753278479966355, 441.2593626976936321 ) ) ;
#1578 = CARTESIAN_POINT ( 'NONE',  ( -7.210844044683224929, -30.57681203817481830, 554.1287103108370502 ) ) ;
#1579 = EDGE_CURVE ( 'NONE', #5236, #880, #5097, .T. ) ;
#1580 = CARTESIAN_POINT ( 'NONE',  ( 23.27035759136509085, 8.646299257965743834, 430.0000000002123102 ) ) ;
#1581 = CARTESIAN_POINT ( 'NONE',  ( -150.0000000000001421, -6.118791962920573368, 440.0305525103657374 ) ) ;
#1582 = LINE ( 'NONE', #3551, #5039 ) ;
#1583 = EDGE_CURVE ( 'NONE', #5545, #1699, #3822, .T. ) ;
#1584 = CARTESIAN_POINT ( 'NONE',  ( -11.86039374291254411, -38.49213759814203684, 488.2098139435655071 ) ) ;
#1585 = CARTESIAN_POINT ( 'NONE',  ( -24.84179880989823275, -27.80945636974048085, 488.6559194692559913 ) ) ;
#1586 = CARTESIAN_POINT ( 'NONE',  ( -11.97476151605995121, 7.707849653600026940, 455.6086796422954421 ) ) ;
#1587 = CARTESIAN_POINT ( 'NONE',  ( -3.685777447090527570, -10.30349866059825104, 558.9422371214551504 ) ) ;
#1588 = CARTESIAN_POINT ( 'NONE',  ( -9.620408982500658013, -11.08277357972823829, 549.9731614308136614 ) ) ;
#1589 = CARTESIAN_POINT ( 'NONE',  ( -12.37915628576846672, -29.76026332910404193, 514.2258443887303656 ) ) ;
#1590 = CARTESIAN_POINT ( 'NONE',  ( 5.876513366606035405, -30.78620244216768498, 527.3154627260281586 ) ) ;
#1591 = CARTESIAN_POINT ( 'NONE',  ( -18.67001615057850117, -54.88327254083537809, 424.4915440796037842 ) ) ;
#1592 = CARTESIAN_POINT ( 'NONE',  ( 0.9945835819595071348, -29.96286467157346678, 558.9422371124403526 ) ) ;
#1593 = CARTESIAN_POINT ( 'NONE',  ( 20.78180586711646072, -6.818298540761078108, 488.0913927448233949 ) ) ;
#1594 = CARTESIAN_POINT ( 'NONE',  ( 13.89245849363847718, -7.575888896732781319, 505.0306914972895242 ) ) ;
#1595 = CARTESIAN_POINT ( 'NONE',  ( -13.68169224623211022, -55.60787689972545422, 430.0000000000000000 ) ) ;
#1596 = CARTESIAN_POINT ( 'NONE',  ( 9.619770644099874701, -26.41870376379308638, 555.0149140554393625 ) ) ;
#1597 = CARTESIAN_POINT ( 'NONE',  ( -35.93954447842677524, 2.040091368323596832, 429.9999999999999432 ) ) ;
#1598 = CARTESIAN_POINT ( 'NONE',  ( 19.34802047239244160, -47.99784705946883889, 445.1332553107993704 ) ) ;
#1599 = CARTESIAN_POINT ( 'NONE',  ( -1.397814761416688478, -29.09355065841478805, 509.7481580619302122 ) ) ;
#1600 = CARTESIAN_POINT ( 'NONE',  ( -52.53397584031535672, -18.12220844684789967, 264.4259359328573851 ) ) ;
#1601 = CARTESIAN_POINT ( 'NONE',  ( 28.48033564810876683, -40.42996154496707106, -28.30966099296104233 ) ) ;
#1602 = CARTESIAN_POINT ( 'NONE',  ( 48.87671600598984867, 11.59101201867309783, 351.9235384047881894 ) ) ;
#1603 = EDGE_CURVE ( 'NONE', #1282, #3968, #1788, .T. ) ;
#1604 = CARTESIAN_POINT ( 'NONE',  ( 0.000000000000000000, 47.03654387356198185, 229.1256845389213481 ) ) ;
#1605 = CARTESIAN_POINT ( 'NONE',  ( 26.60509723495891876, -33.32357051573927720, 467.1790173968900035 ) ) ;
#1606 = CARTESIAN_POINT ( 'NONE',  ( -8.020968501158611375, -46.44146448264950067, 471.0790165336405266 ) ) ;
#1607 = ORIENTED_EDGE ( 'NONE', *, *, #4832, .T. ) ;
#1608 = CARTESIAN_POINT ( 'NONE',  ( 10.12163840637105139, 6.290410367867648844, 464.5203647533353433 ) ) ;
#1609 = CARTESIAN_POINT ( 'NONE',  ( -9.651433610354644088, -29.31336495696402267, 548.6446894745539566 ) ) ;
#1610 = CARTESIAN_POINT ( 'NONE',  ( 24.90985370409415367, 7.739628550545180730, 430.0000000002123670 ) ) ;
#1611 = CARTESIAN_POINT ( 'NONE',  ( -0.000000000000000000, -5.116972514745206979, 543.1197399643365316 ) ) ;
#1612 = CARTESIAN_POINT ( 'NONE',  ( 7.213418454365331911, -17.24206072103932286, 579.7660193581378962 ) ) ;
#1613 = CARTESIAN_POINT ( 'NONE',  ( -14.38903052227620449, -40.16997889958550871, 477.9284292216560743 ) ) ;
#1614 = CARTESIAN_POINT ( 'NONE',  ( -30.66415711775868047, -25.82071966106562044, 480.1800691252300339 ) ) ;
#1615 = CARTESIAN_POINT ( 'NONE',  ( -17.92634953372079920, 4.759499530378064058, 454.6580468910869399 ) ) ;
#1616 = CARTESIAN_POINT ( 'NONE',  ( 8.760631921295116697, -26.13609635842546552, 558.9422371214548093 ) ) ;
#1617 = CARTESIAN_POINT ( 'NONE',  ( -2.563963767909276825, -11.27816246594003324, 561.9827042721873340 ) ) ;
#1618 = CARTESIAN_POINT ( 'NONE',  ( 150.0000000000000000, 9.270087174911674666, 223.2766782676432626 ) ) ;
#1619 = CARTESIAN_POINT ( 'NONE',  ( 44.08165046063665926, -37.94437154792308320, 401.8288679510734482 ) ) ;
#1620 = CARTESIAN_POINT ( 'NONE',  ( 44.64585983095987132, -7.619596746795812336, 452.0509132321324159 ) ) ;
#1621 = CARTESIAN_POINT ( 'NONE',  ( 0.7100953467974087108, -29.17306824982834712, 510.3798579848336772 ) ) ;
#1622 = CARTESIAN_POINT ( 'NONE',  ( -136.2414705984930379, -8.360604453814158177, 429.9999999999998863 ) ) ;
#1623 = CARTESIAN_POINT ( 'NONE',  ( 35.59885468216756266, -22.88204010251645215, 506.5593818172619081 ) ) ;
#1624 = CARTESIAN_POINT ( 'NONE',  ( -60.00892403416684573, -10.87759879526569584, 448.8723920580213189 ) ) ;
#1625 = CARTESIAN_POINT ( 'NONE',  ( 23.25577476537308996, -44.12945289645379887, 447.3129156696489872 ) ) ;
#1626 = CARTESIAN_POINT ( 'NONE',  ( 104.7668640056921987, -3.888926364609588404, 430.0000000000000000 ) ) ;
#1627 = CARTESIAN_POINT ( 'NONE',  ( -23.75271063593115173, -77.90926051244422013, 211.4653806746053135 ) ) ;
#1628 = CARTESIAN_POINT ( 'NONE',  ( 0.000000000000000000, -42.47054406745345290, -47.47946994494704853 ) ) ;
#1629 = AXIS2_PLACEMENT_3D ( 'NONE', #747, #1258, #5608 ) ;
#1630 = CARTESIAN_POINT ( 'NONE',  ( 1.925100097286686074, 25.85227023461058238, 415.2282052245307113 ) ) ;
#1631 = CARTESIAN_POINT ( 'NONE',  ( -50.07172804542855005, 20.26724883329845284, 270.0327580235693290 ) ) ;
#1632 = CARTESIAN_POINT ( 'NONE',  ( 8.440221142210917904, -39.42262458596923125, 492.8117430565820882 ) ) ;
#1633 = CARTESIAN_POINT ( 'NONE',  ( -54.82293981194916910, -24.74982533499450099, 415.7451644903603096 ) ) ;
#1634 = ORIENTED_EDGE ( 'NONE', *, *, #2080, .F. ) ;
#1635 = B_SPLINE_CURVE_WITH_KNOTS ( 'NONE', 3,
 ( #4155, #5260, #2814, #4769, #362, #4291, #3160, #2326, #226, #2194 ),
 .UNSPECIFIED., .F., .F.,
 ( 4, 1, 1, 1, 1, 1, 1, 4 ),
 ( 0.1020401813260921053, 0.1136925231296262440, 0.1421156539120327911, 0.1705387846944394492, 0.1989619154768459686, 0.2273850462592526267, 0.2558081770416591461, 0.2561043632056650421 ),
 .UNSPECIFIED. ) ;
#1636 = VECTOR ( 'NONE', #2737, 1000.000000000000000 ) ;
#1637 = CARTESIAN_POINT ( 'NONE',  ( 20.25359452286647155, 4.282885025532173984, 451.6241930641750173 ) ) ;
#1638 = CARTESIAN_POINT ( 'NONE',  ( 0.000000000000000000, -46.58870159832864033, 506.4422371214552072 ) ) ;
#1639 = CARTESIAN_POINT ( 'NONE',  ( 13.33936347974934478, 13.59770921034894897, 430.0000000002123102 ) ) ;
#1640 = CARTESIAN_POINT ( 'NONE',  ( 14.40375284334905892, -28.82869273257070830, 512.4201727879868713 ) ) ;
#1641 = ORIENTED_EDGE ( 'NONE', *, *, #2005, .T. ) ;
#1642 = CARTESIAN_POINT ( 'NONE',  ( 11.60344415896119763, -56.35113756210503055, 430.0000000002121965 ) ) ;
#1643 = CARTESIAN_POINT ( 'NONE',  ( -9.082127200777431852, -41.62380657213149249, 484.6311666363687323 ) ) ;
#1644 = VECTOR ( 'NONE', #6265, 1000.000000000000000 ) ;
#1645 = CARTESIAN_POINT ( 'NONE',  ( -12.41013575127500346, -29.09073200746360754, 516.3888191363921578 ) ) ;
#1646 = CARTESIAN_POINT ( 'NONE',  ( -16.26533809536020314, 6.873282300383212196, 450.4304398878190341 ) ) ;
#1647 = CARTESIAN_POINT ( 'NONE',  ( 0.000000000000000000, -10.80000000000000071, 432.9207075737901391 ) ) ;
#1648 = CARTESIAN_POINT ( 'NONE',  ( -150.0000000000000284, -5.592914906131156272, 440.0305525103659079 ) ) ;
#1649 = CARTESIAN_POINT ( 'NONE',  ( 0.000000000000000000, 20.62319512748768346, -7.191526245911063597 ) ) ;
#1650 = CARTESIAN_POINT ( 'NONE',  ( 11.00000000000000000, 0.000000000000000000, 430.0000000002122533 ) ) ;
#1651 = CARTESIAN_POINT ( 'NONE',  ( 37.45958610077178008, -30.66009847476219363, 479.2217301177743138 ) ) ;
#1652 = CARTESIAN_POINT ( 'NONE',  ( 25.97540537183027354, -7.518579268161122542, 480.2871820971881789 ) ) ;
#1653 = CARTESIAN_POINT ( 'NONE',  ( -0.1059056513527832366, -10.80000000000000071, 507.3422371214550708 ) ) ;
#1654 = CARTESIAN_POINT ( 'NONE',  ( 0.000000000000000000, -33.20068766774330271, 507.3422371214550708 ) ) ;
#1655 = CARTESIAN_POINT ( 'NONE',  ( 150.0000000000000853, -6.062338622375031072, 440.0305525103656805 ) ) ;
#1656 = CARTESIAN_POINT ( 'NONE',  ( 28.12221952895364652, -46.01232099803097952, 430.0000000002121965 ) ) ;
#1657 = CARTESIAN_POINT ( 'NONE',  ( -15.33343269723768820, -7.717369041052064560, 502.4406997134549329 ) ) ;
#1658 = CARTESIAN_POINT ( 'NONE',  ( 16.85869361487179319, -51.13130131289744185, 440.4817385975376283 ) ) ;
#1659 = CARTESIAN_POINT ( 'NONE',  ( 75.74577251016167168, -1.934718253577296432, 430.0000000000000568 ) ) ;
#1660 = CARTESIAN_POINT ( 'NONE',  ( -149.9999999999993747, -7.301340216986761611, 270.4454446398847267 ) ) ;
#1661 = CARTESIAN_POINT ( 'NONE',  ( 2.562910308763635570, -10.10991166068970415, 559.0556826788819080 ) ) ;
#1662 = CARTESIAN_POINT ( 'NONE',  ( 51.14854028299649258, 8.032565948868031214, 369.8610693905080211 ) ) ;
#1663 = CARTESIAN_POINT ( 'NONE',  ( -6.403712080581203558, 45.57724494206407684, 254.1058661924230933 ) ) ;
#1664 = CARTESIAN_POINT ( 'NONE',  ( 7.119063922681036161, -39.75940122975001145, 494.7131619454575571 ) ) ;
#1665 = CARTESIAN_POINT ( 'NONE',  ( -41.03269577514174671, -33.19671623419238671, 426.9841041881338697 ) ) ;
#1666 = ORIENTED_EDGE ( 'NONE', *, *, #3509, .F. ) ;
#1667 = CARTESIAN_POINT ( 'NONE',  ( 14.19349843020931345, 3.659782295562352239, 465.9952647353557040 ) ) ;
#1668 = DIRECTION ( 'NONE',  ( 0.000000000000000000, 0.000000000000000000, 1.000000000000000000 ) ) ;
#1669 = CARTESIAN_POINT ( 'NONE',  ( -0.8180423345914734634, -44.30620930705723737, 506.5741021558409898 ) ) ;
#1670 = CARTESIAN_POINT ( 'NONE',  ( -55.10225921560311946, 1.859760480740457300, 430.0000000000000000 ) ) ;
#1671 = ORIENTED_EDGE ( 'NONE', *, *, #183, .T. ) ;
#1672 = CARTESIAN_POINT ( 'NONE',  ( 0.000000000000000000, -69.67755639141779511, 29.14466003684853135 ) ) ;
#1673 = CARTESIAN_POINT ( 'NONE',  ( -15.72457598103415499, -39.77522888947520130, 476.1845067917062124 ) ) ;
#1674 = CARTESIAN_POINT ( 'NONE',  ( 14.72998101257245196, 13.98899090948218848, 426.0083304568691460 ) ) ;
#1675 = CARTESIAN_POINT ( 'NONE',  ( -22.04187675240832078, 5.653671389695992922, 443.2046012803971848 ) ) ;
#1676 = CARTESIAN_POINT ( 'NONE',  ( -8.493811156409572405, -26.70613548812531945, 558.9422371214548093 ) ) ;
#1677 = CARTESIAN_POINT ( 'NONE',  ( -60.01543214732460285, -11.06062344210686987, 449.1112116178647966 ) ) ;
#1678 = CARTESIAN_POINT ( 'NONE',  ( 0.000000000000000000, 16.05780648225944418, -18.97418335886999685 ) ) ;
#1679 = CARTESIAN_POINT ( 'NONE',  ( -14.97361122612050899, -7.931028730061067122, 503.9135938680062736 ) ) ;
#1680 = EDGE_CURVE ( 'NONE', #5781, #880, #3406, .T. ) ;
#1681 = CARTESIAN_POINT ( 'NONE',  ( 17.43097359846064620, -62.41490392309066948, 425.1790130168931796 ) ) ;
#1682 = CARTESIAN_POINT ( 'NONE',  ( -40.63586592116326557, -26.78927035139602708, 449.9543417663641662 ) ) ;
#1683 = EDGE_CURVE ( 'NONE', #673, #845, #473, .T. ) ;
#1684 = CARTESIAN_POINT ( 'NONE',  ( 10.95698444106539782, -7.305440474217021141, 510.4233304860217117 ) ) ;
#1685 = CARTESIAN_POINT ( 'NONE',  ( 150.0000000000000000, 0.000000000000000000, 0.000000000000000000 ) ) ;
#1686 = CARTESIAN_POINT ( 'NONE',  ( 3.502652682441649734, 4.187571640940387141, 509.1219323975875000 ) ) ;
#1687 = CARTESIAN_POINT ( 'NONE',  ( 7.199232057574247889, -27.99917364657782315, 561.6000746165590272 ) ) ;
#1688 = CARTESIAN_POINT ( 'NONE',  ( 30.90525635661927595, -43.07818835964454252, 430.0000000002123102 ) ) ;
#1689 = CARTESIAN_POINT ( 'NONE',  ( -10.99999175647491789, 14.53570579890608627, 430.0000485616728838 ) ) ;
#1690 = CARTESIAN_POINT ( 'NONE',  ( 10.19277706336338518, -54.83369123470661322, 437.9678222614994070 ) ) ;
#1691 = EDGE_CURVE ( 'NONE', #3010, #352, #5826, .T. ) ;
#1692 = CARTESIAN_POINT ( 'NONE',  ( 56.66251469004107832, 1.466006581271947606, 430.0000000000000000 ) ) ;
#1693 = CARTESIAN_POINT ( 'NONE',  ( -85.88194324880791442, -41.84413576267165524, 78.01217802691067504 ) ) ;
#1694 = FACE_OUTER_BOUND ( 'NONE', #1186, .T. ) ;
#1695 = CARTESIAN_POINT ( 'NONE',  ( 0.000000000000000000, -4.664387618694376236, 541.5776915351184471 ) ) ;
#1696 = CARTESIAN_POINT ( 'NONE',  ( -1.649437573462356754, 40.21924920216152088, 320.0000000000000568 ) ) ;
#1697 = CARTESIAN_POINT ( 'NONE',  ( 9.554876471794001347, -43.84813543369001110, 476.7303670811659799 ) ) ;
#1698 = CARTESIAN_POINT ( 'NONE',  ( -10.97091299588252156, -48.15476759604318602, 460.4198013032162180 ) ) ;
#1699 = VERTEX_POINT ( 'NONE', #1888 ) ;
#1700 = CARTESIAN_POINT ( 'NONE',  ( -2.631139656651000802, -49.78120383466286825, 486.6904418004664876 ) ) ;
#1701 = FILL_AREA_STYLE_COLOUR ( '', #3083 ) ;
#1702 = CARTESIAN_POINT ( 'NONE',  ( 13.96445433894580646, -28.91856260765299069, 513.1980819697115521 ) ) ;
#1703 = CARTESIAN_POINT ( 'NONE',  ( 3.141201918690920802, -76.61647040634815653, 92.53778539918592116 ) ) ;
#1704 = CARTESIAN_POINT ( 'NONE',  ( -41.16921983631538495, -28.09205123322946207, 443.6713724900789657 ) ) ;
#1705 = CARTESIAN_POINT ( 'NONE',  ( 7.160855064163538231, -35.05951431758981585, 509.6014177446759277 ) ) ;
#1706 = CARTESIAN_POINT ( 'NONE',  ( -12.87991975064777250, -56.34225063435960834, 428.2998452421339266 ) ) ;
#1707 = FACE_OUTER_BOUND ( 'NONE', #5906, .T. ) ;
#1708 = CARTESIAN_POINT ( 'NONE',  ( -40.08849102236361972, 1.945676922274163889, 423.9707141868270810 ) ) ;
#1709 = CARTESIAN_POINT ( 'NONE',  ( 0.000000000000000000, -9.999999999999710454, 558.9422371214541272 ) ) ;
#1710 = CARTESIAN_POINT ( 'NONE',  ( -7.196087379727670097, -13.15455046696493113, 563.3921093198216568 ) ) ;
#1711 = CARTESIAN_POINT ( 'NONE',  ( 86.04165046946579309, -0.9836248390333799385, 62.57548133218611497 ) ) ;
#1712 = DIRECTION ( 'NONE',  ( 0.000000000000000000, -1.000000000000000000, 0.000000000000000000 ) ) ;
#1713 = CARTESIAN_POINT ( 'NONE',  ( 150.0000000000002274, -6.918172500166472005, 377.9878286767907980 ) ) ;
#1714 = CARTESIAN_POINT ( 'NONE',  ( -8.701873740756269626, -36.97935816398420172, 499.8916449614148405 ) ) ;
#1715 = CARTESIAN_POINT ( 'NONE',  ( 0.000000000000000000, 3.604599552999293355, 512.4422371215180192 ) ) ;
#1716 = CARTESIAN_POINT ( 'NONE',  ( 0.000000000000000000, -29.19999999999999929, 507.3422371214550708 ) ) ;
#1717 = CARTESIAN_POINT ( 'NONE',  ( 149.9999999999999716, -6.386425012418153635, 435.7336574011089283 ) ) ;
#1718 = CARTESIAN_POINT ( 'NONE',  ( 7.202694588372785311, -29.55600468782901658, 557.9950770474829369 ) ) ;
#1719 = CARTESIAN_POINT ( 'NONE',  ( 27.12969014803163859, -46.98180542118013392, 430.0000000002122533 ) ) ;
#1720 = CARTESIAN_POINT ( 'NONE',  ( -11.00000000000002132, 11.84644641866409565, 441.4751653704229284 ) ) ;
#1721 = CARTESIAN_POINT ( 'NONE',  ( 43.73480852877430181, -33.01870833944397532, 418.8438265347530773 ) ) ;
#1722 = CARTESIAN_POINT ( 'NONE',  ( -3.502652682441649734, 4.187571640940387141, 509.1219323975875000 ) ) ;
#1723 = CARTESIAN_POINT ( 'NONE',  ( 0.000000000000000000, -71.66733597318066984, 41.76777884165016985 ) ) ;
#1724 = CARTESIAN_POINT ( 'NONE',  ( 9.619760028030361454, -11.17145389099540687, 550.2363624716294908 ) ) ;
#1725 = CARTESIAN_POINT ( 'NONE',  ( 149.9999999999994884, 5.740427124744100773, 378.1347507846561484 ) ) ;
#1726 = CARTESIAN_POINT ( 'NONE',  ( -149.9999999999994884, 5.740427124744100773, 378.1347507846561484 ) ) ;
#1727 = CARTESIAN_POINT ( 'NONE',  ( 16.16597615273570554, -39.64215442927712019, 475.6005588179187953 ) ) ;
#1728 = CARTESIAN_POINT ( 'NONE',  ( -10.23924323344816578, -46.01679875865730196, 468.5631103185943402 ) ) ;
#1729 = VERTEX_POINT ( 'NONE', #5368 ) ;
#1730 = CARTESIAN_POINT ( 'NONE',  ( -149.9999999999999716, -6.753162013210366688, 409.5642181840029821 ) ) ;
#1731 = DIRECTION ( 'NONE',  ( 0.000000000000000000, 0.000000000000000000, -1.000000000000000000 ) ) ;
#1732 = CARTESIAN_POINT ( 'NONE',  ( -3.243651683137362518, 22.82331267925787088, 429.9999999999998863 ) ) ;
#1733 = AXIS2_PLACEMENT_3D ( 'NONE', #4301, #4683, #1341 ) ;
#1734 = CARTESIAN_POINT ( 'NONE',  ( 51.97108346590037797, -16.32805575324275793, 270.3847718429076963 ) ) ;
#1735 = CARTESIAN_POINT ( 'NONE',  ( -28.52649240996227320, -9.360615050134562409, -39.65852415072266979 ) ) ;
#1736 = CARTESIAN_POINT ( 'NONE',  ( 6.679155045545200231, -35.21143148823801283, 510.3509537222656718 ) ) ;
#1737 = CARTESIAN_POINT ( 'NONE',  ( -12.44645721266669547, -56.42679279451947849, 428.5665743962402985 ) ) ;
#1738 = AXIS2_PLACEMENT_3D ( 'NONE', #3496, #1080, #5002 ) ;
#1739 = CARTESIAN_POINT ( 'NONE',  ( -26.38648167905972386, -25.42195675109336861, 493.0371920210516805 ) ) ;
#1740 = CARTESIAN_POINT ( 'NONE',  ( -22.27126696026462582, 7.311125438122783926, 436.8143274438667163 ) ) ;
#1741 = CARTESIAN_POINT ( 'NONE',  ( -7.019518019679714449, -28.51858306076377758, 558.9422371214549230 ) ) ;
#1742 = CARTESIAN_POINT ( 'NONE',  ( -150.0000000000000568, -5.543949178059967231, 440.0305525103660784 ) ) ;
#1743 = AXIS2_PLACEMENT_3D ( 'NONE', #4019, #3053, #3240 ) ;
#1744 = CARTESIAN_POINT ( 'NONE',  ( 26.84291305568621766, 21.64135502705829950, 20.87972938593452810 ) ) ;
#1745 = ORIENTED_EDGE ( 'NONE', *, *, #265, .F. ) ;
#1746 = CARTESIAN_POINT ( 'NONE',  ( -11.91133878627731590, -5.445373310998171235, 502.1453506231703159 ) ) ;
#1747 = CARTESIAN_POINT ( 'NONE',  ( 2.699921698077906385, -60.88783897603897088, 444.3805473732407449 ) ) ;
#1748 = CARTESIAN_POINT ( 'NONE',  ( -6.618719410686459526, -37.55554283068254051, 503.0392202192223294 ) ) ;
#1749 = CARTESIAN_POINT ( 'NONE',  ( 15.77320376183254780, -8.045904692354907795, 502.5980664880591462 ) ) ;
#1750 = LINE ( 'NONE', #2234, #6 ) ;
#1751 = CARTESIAN_POINT ( 'NONE',  ( 1.783242443577863989, 3.620587772948777427, 511.9628928370968310 ) ) ;
#1752 = CARTESIAN_POINT ( 'NONE',  ( 2.565186733110837558, -28.71514711768691441, 561.9971003287544136 ) ) ;
#1753 = CARTESIAN_POINT ( 'NONE',  ( 33.09154632939389273, -40.64391980756354883, 430.0000000002123102 ) ) ;
#1754 = CARTESIAN_POINT ( 'NONE',  ( 14.99999999999999822, -3.731290437159192397, 430.0000000002122533 ) ) ;
#1755 = CARTESIAN_POINT ( 'NONE',  ( 38.84140817330745676, -38.62205230179475990, 417.9267363444485568 ) ) ;
#1756 = CARTESIAN_POINT ( 'NONE',  ( -1.579610639252970961, 3.607518959381239565, 512.0742177813796161 ) ) ;
#1757 = CARTESIAN_POINT ( 'NONE',  ( -27.96221361888613899, -59.06693952915642853, 14.51943641524771422 ) ) ;
#1758 = LINE ( 'NONE', #3213, #4009 ) ;
#1759 = CARTESIAN_POINT ( 'NONE',  ( 36.00285309233927933, -6.792297079197776810, 479.3729591887034758 ) ) ;
#1760 = CARTESIAN_POINT ( 'NONE',  ( -41.23236433532566281, 22.69079723528891179, 379.8779995718708165 ) ) ;
#1761 = CARTESIAN_POINT ( 'NONE',  ( 16.13498351765750272, -42.01558200675805210, 468.9692357810760655 ) ) ;
#1762 = CARTESIAN_POINT ( 'NONE',  ( -9.120172559736332119, -43.95693162386218233, 477.2336843864728735 ) ) ;
#1763 = CARTESIAN_POINT ( 'NONE',  ( 2.565700283142039684, -30.22338688482442137, 557.7909106798223320 ) ) ;
#1764 = VERTEX_POINT ( 'NONE', #2823 ) ;
#1765 = CARTESIAN_POINT ( 'NONE',  ( -11.03763994267910142, -40.30552546951252424, 507.6183959855453622 ) ) ;
#1766 = CARTESIAN_POINT ( 'NONE',  ( -1.268028300749091564, -44.21927275760069165, 506.7815869929350470 ) ) ;
#1767 = CARTESIAN_POINT ( 'NONE',  ( 54.55326597048257753, -23.54786880765232127, 243.8915500169878214 ) ) ;
#1768 = CARTESIAN_POINT ( 'NONE',  ( -150.0000000000000284, 2.675617566335641406, 211.3246760485956202 ) ) ;
#1769 = CARTESIAN_POINT ( 'NONE',  ( 41.83771958732901197, -22.03195414536862273, 466.4491762746498580 ) ) ;
#1770 = CARTESIAN_POINT ( 'NONE',  ( -12.63407277468509982, -54.38726210856325594, 436.3030607024178380 ) ) ;
#1771 = VERTEX_POINT ( 'NONE', #6335 ) ;
#1772 = DIRECTION ( 'NONE',  ( -1.000000000000000000, 0.000000000000000000, 0.000000000000000000 ) ) ;
#1773 = CARTESIAN_POINT ( 'NONE',  ( -14.13212962828908381, 10.77081933510300438, 439.9142686230249524 ) ) ;
#1774 = ADVANCED_FACE ( 'NONE', ( #823 ), #959, .T. ) ;
#1775 = CARTESIAN_POINT ( 'NONE',  ( 0.000000000000000000, -33.20068766774330271, 508.9422371214551504 ) ) ;
#1776 = CARTESIAN_POINT ( 'NONE',  ( -9.614064227203792612, -23.27403168895426333, 557.9305293909586680 ) ) ;
#1777 = CARTESIAN_POINT ( 'NONE',  ( 59.97550560955480847, 34.43158503966466810, 201.9292928342558184 ) ) ;
#1778 = ORIENTED_EDGE ( 'NONE', *, *, #3979, .T. ) ;
#1779 = CARTESIAN_POINT ( 'NONE',  ( -14.57381495826448869, -7.873590748914147674, 504.5713575579798658 ) ) ;
#1780 = CARTESIAN_POINT ( 'NONE',  ( 50.03496671508558791, -9.445889722702119684, 316.1574926723979502 ) ) ;
#1781 = CARTESIAN_POINT ( 'NONE',  ( -33.65595426643712784, -28.24177992012387861, 463.9075776132242481 ) ) ;
#1782 = CARTESIAN_POINT ( 'NONE',  ( 45.62930887100198873, -24.12156692516901657, 447.2923683466245848 ) ) ;
#1783 = DIRECTION ( 'NONE',  ( 0.000000000000000000, 1.000000000000000000, -0.000000000000000000 ) ) ;
#1784 = CARTESIAN_POINT ( 'NONE',  ( 0.000000000000000000, 5.481689149415663209, 505.4422371214553209 ) ) ;
#1785 = DIRECTION ( 'NONE',  ( 0.9888278834112642635, -0.1490617891627465108, 0.000000000000000000 ) ) ;
#1786 = CARTESIAN_POINT ( 'NONE',  ( 29.30057859220113414, -44.80113364076105142, 430.0000000002121965 ) ) ;
#1787 = FACE_OUTER_BOUND ( 'NONE', #2682, .T. ) ;
#1788 = B_SPLINE_CURVE_WITH_KNOTS ( 'NONE', 3,
 ( #2438, #2790, #1919, #3885, #4778, #1818, #2890, #1302, #4809, #2303, #5856, #5270, #2371, #5725, #6303, #5232, #405, #858, #4368, #3753, #3853, #3270, #4398, #3340, #4846, #440, #2334, #1437 ),
 .UNSPECIFIED., .F., .F.,
 ( 4, 2, 2, 2, 2, 2, 2, 2, 2, 2, 2, 2, 2, 4 ),
 ( 0.000000000000000000, 0.003270724579112710504, 0.004906086868669065973, 0.006541449158225421008, 0.007359130303003598959, 0.008176811447781776043, 0.008585652020170786089, 0.008994492592559797869, 0.009403333164948806180, 0.009812173737337817961, 0.01022101430972682801, 0.01062985488211583805, 0.01144753602689385641, 0.01308289831644988965 ),
 .UNSPECIFIED. ) ;
#1789 = CARTESIAN_POINT ( 'NONE',  ( 52.64260543269057280, -27.01148474650070241, 411.7601222119028535 ) ) ;
#1790 = CARTESIAN_POINT ( 'NONE',  ( -0.2356183452357375752, 5.470680938688188277, 505.4422371214552072 ) ) ;
#1791 = CARTESIAN_POINT ( 'NONE',  ( 15.36160983262465329, 3.439600077187778382, 464.4332991021566954 ) ) ;
#1792 = CARTESIAN_POINT ( 'NONE',  ( -149.9999999999995737, -5.661976556473666378, 227.8320003885081064 ) ) ;
#1793 = CARTESIAN_POINT ( 'NONE',  ( 7.195421851172595140, -11.55054992952790371, 560.6971571224337367 ) ) ;
#1794 = CARTESIAN_POINT ( 'NONE',  ( 36.87704838372232530, 0.06862354129085444787, 457.0708091009332747 ) ) ;
#1795 = CARTESIAN_POINT ( 'NONE',  ( -150.0000000000001421, 9.607543969010292173, 355.1325008380466102 ) ) ;
#1796 = CARTESIAN_POINT ( 'NONE',  ( 7.812408122788998099, -44.20712414677311841, 478.9164383729321912 ) ) ;
#1797 = CARTESIAN_POINT ( 'NONE',  ( -13.39083798810915660, -42.82984693475505367, 472.2707454038451829 ) ) ;
#1798 = CARTESIAN_POINT ( 'NONE',  ( -32.41169669731954883, -26.11406830192166240, 474.6806114068263014 ) ) ;
#1799 = ORIENTED_EDGE ( 'NONE', *, *, #3611, .F. ) ;
#1800 = CARTESIAN_POINT ( 'NONE',  ( 0.000000000000000000, -60.98929854832451980, 444.4340835014325535 ) ) ;
#1801 = CARTESIAN_POINT ( 'NONE',  ( 82.92067076190876662, -51.49750296889394008, 121.3146546891777575 ) ) ;
#1802 = CARTESIAN_POINT ( 'NONE',  ( -28.42755645119725472, -3.288475361452404488, -32.29124967184177564 ) ) ;
#1803 = CARTESIAN_POINT ( 'NONE',  ( 14.09168230578809045, -33.21407421065981680, 499.0479029195320209 ) ) ;
#1804 = CARTESIAN_POINT ( 'NONE',  ( -34.69764879613308750, -44.09534159091937511, 416.4603545339908806 ) ) ;
#1805 = ORIENTED_EDGE ( 'NONE', *, *, #4284, .T. ) ;
#1806 = CARTESIAN_POINT ( 'NONE',  ( 27.58498168839361853, 10.91108816875531140, 412.9509055724005293 ) ) ;
#1807 = CARTESIAN_POINT ( 'NONE',  ( -16.44253224311805184, 10.31471143023579806, 437.3542766354220817 ) ) ;
#1808 = CARTESIAN_POINT ( 'NONE',  ( -8.760631921295116697, -26.13609635842546552, 558.9422371214548093 ) ) ;
#1809 = CARTESIAN_POINT ( 'NONE',  ( -35.58941529695229633, -20.71161139695899678, 507.8976573508294905 ) ) ;
#1810 = CARTESIAN_POINT ( 'NONE',  ( 23.38038312808035002, 37.38833027712956891, 92.04395209074077400 ) ) ;
#1811 = ORIENTED_EDGE ( 'NONE', *, *, #3197, .F. ) ;
#1812 = CARTESIAN_POINT ( 'NONE',  ( -35.58225599680820039, -8.551185566844884178, 467.3664414665374238 ) ) ;
#1813 = CARTESIAN_POINT ( 'NONE',  ( 2.828001305842910096, -79.92228623882898830, 298.3012334944434087 ) ) ;
#1814 = CARTESIAN_POINT ( 'NONE',  ( -7.499311391627730750, -37.32761600626553644, 501.6346645709896848 ) ) ;
#1815 = CARTESIAN_POINT ( 'NONE',  ( 14.57381495826448869, -7.873590748914147674, 504.5713575579798658 ) ) ;
#1816 = CARTESIAN_POINT ( 'NONE',  ( 15.00000000000000000, -32.78400426621576713, 618.0000000002123670 ) ) ;
#1817 = CARTESIAN_POINT ( 'NONE',  ( 45.02176741393094517, -36.90813476388507297, 430.0000000000002274 ) ) ;
#1818 = CARTESIAN_POINT ( 'NONE',  ( -11.40738634186391920, -5.503818354056591922, 503.4077076992392676 ) ) ;
#1819 = CARTESIAN_POINT ( 'NONE',  ( 36.87150056025213019, -36.45766199089462845, 430.0000000002121965 ) ) ;
#1820 =( LENGTH_UNIT ( ) NAMED_UNIT ( * ) SI_UNIT ( .MILLI., .METRE. ) );
#1821 = CARTESIAN_POINT ( 'NONE',  ( 10.70264458239555339, -56.72438943169545666, 429.5941159348125780 ) ) ;
#1822 = ORIENTED_EDGE ( 'NONE', *, *, #3425, .F. ) ;
#1823 = CARTESIAN_POINT ( 'NONE',  ( -3.483993262808324776, 4.130203062122394186, 509.3464764188432241 ) ) ;
#1824 = CARTESIAN_POINT ( 'NONE',  ( 18.47214792527915606, 2.836953203449242178, 460.2263291573606807 ) ) ;
#1825 = CARTESIAN_POINT ( 'NONE',  ( -12.30676766400387301, -59.67607458661261433, -3.399091535827473365 ) ) ;
#1826 = CARTESIAN_POINT ( 'NONE',  ( 150.0000000000000284, -5.692060968374863528, 440.0305525103655100 ) ) ;
#1827 = CARTESIAN_POINT ( 'NONE',  ( 2.512478394710995655, -1.256705077567221052, 529.6245464009108446 ) ) ;
#1828 = CARTESIAN_POINT ( 'NONE',  ( -6.363334136993229251, 22.76016894090687614, 428.8992649007137175 ) ) ;
#1829 = CARTESIAN_POINT ( 'NONE',  ( 14.31387988836264391, -42.56602256176095267, 471.1798273571936306 ) ) ;
#1830 = CARTESIAN_POINT ( 'NONE',  ( -10.65475596678669490, -43.56925170084097232, 475.4577310619781656 ) ) ;
#1831 = CARTESIAN_POINT ( 'NONE',  ( -18.00083215191051522, -7.494242935632723146, 496.0474062841391287 ) ) ;
#1832 = ORIENTED_EDGE ( 'NONE', *, *, #5985, .T. ) ;
#1833 = CARTESIAN_POINT ( 'NONE',  ( -56.63649881012312193, -16.68379039945391185, 399.6563628744315224 ) ) ;
#1834 = EDGE_CURVE ( 'NONE', #1126, #464, #5249, .T. ) ;
#1835 = CARTESIAN_POINT ( 'NONE',  ( 0.000000000000000000, -51.96883089071047124, -31.42314746429609329 ) ) ;
#1836 = CARTESIAN_POINT ( 'NONE',  ( -150.0000000000000568, 3.860833271709796399, 212.5989338358691612 ) ) ;
#1837 = CARTESIAN_POINT ( 'NONE',  ( 7.692587041636813616, -32.52986655787321979, 516.3421375471642705 ) ) ;
#1838 = CARTESIAN_POINT ( 'NONE',  ( -53.59186487017351652, -28.62096021323003825, 400.2766735528396111 ) ) ;
#1839 = EDGE_LOOP ( 'NONE', ( #1430, #3257, #4084, #2777 ) ) ;
#1840 = AXIS2_PLACEMENT_3D ( 'NONE', #5056, #3606, #3007 ) ;
#1841 = CARTESIAN_POINT ( 'NONE',  ( 14.62036411254901402, 8.935086228928525998, 445.9331887980291071 ) ) ;
#1842 = CARTESIAN_POINT ( 'NONE',  ( -32.26419776969640907, 6.572124790818149265, 419.9419345520603883 ) ) ;
#1843 = CARTESIAN_POINT ( 'NONE',  ( 29.31043753220975390, 5.342163420020142439, 430.0000000002123670 ) ) ;
#1844 = CARTESIAN_POINT ( 'NONE',  ( 0.000000000000000000, -23.63377490274967840, 567.9904121855349786 ) ) ;
#1845 = ADVANCED_FACE ( 'NONE', ( #1109 ), #2467, .F. ) ;
#1846 = CIRCLE ( 'NONE', #819, 4.000000000000000000 ) ;
#1847 = VERTEX_POINT ( 'NONE', #3557 ) ;
#1848 = CARTESIAN_POINT ( 'NONE',  ( -35.59713290962141485, -6.899873956874900571, 461.6225973485823602 ) ) ;
#1849 = CARTESIAN_POINT ( 'NONE',  ( 0.000000000000000000, -81.00153429719892983, 252.6353187087084677 ) ) ;
#1850 = CARTESIAN_POINT ( 'NONE',  ( -5.781430768742601423, -35.36645134617229758, 512.1779816728693504 ) ) ;
#1851 = CARTESIAN_POINT ( 'NONE',  ( 0.000000000000000000, 0.000000000000000000, 0.000000000000000000 ) ) ;
#1852 = PLANE ( 'NONE',  #3918 ) ;
#1853 = AXIS2_PLACEMENT_3D ( 'NONE', #60, #2964, #2024 ) ;
#1854 = CARTESIAN_POINT ( 'NONE',  ( 149.9999999999998579, -5.139754097654222420, 439.4216061485305431 ) ) ;
#1855 = CARTESIAN_POINT ( 'NONE',  ( -0.000000000000000000, -5.116972514745206979, 543.1197399643365316 ) ) ;
#1856 = CARTESIAN_POINT ( 'NONE',  ( 0.000000000000000000, 13.75622029850556061, 472.5436863909573617 ) ) ;
#1857 = CARTESIAN_POINT ( 'NONE',  ( 0.000000000000000000, -46.58870159832864033, 510.5422371214551731 ) ) ;
#1858 = CARTESIAN_POINT ( 'NONE',  ( 22.74315140824553438, -51.27886089265491165, 428.3394834766068584 ) ) ;
#1859 = VECTOR ( 'NONE', #1712, 1000.000000000000000 ) ;
#1860 = ORIENTED_EDGE ( 'NONE', *, *, #308, .T. ) ;
#1861 = DIRECTION ( 'NONE',  ( 0.000000000000000000, 0.000000000000000000, -1.000000000000000000 ) ) ;
#1862 = CARTESIAN_POINT ( 'NONE',  ( 11.16218886550696610, 2.417391342649910513, 476.5780642596183156 ) ) ;
#1863 = CARTESIAN_POINT ( 'NONE',  ( -56.27949903533040299, -21.20274462632661638, 212.8369442642627973 ) ) ;
#1864 = CARTESIAN_POINT ( 'NONE',  ( 7.196415746167881267, -14.55258169113462152, 565.0027812605873123 ) ) ;
#1865 = CARTESIAN_POINT ( 'NONE',  ( -11.54106037115949945, 18.89842486944788291, 438.8770723758824488 ) ) ;
#1866 = CARTESIAN_POINT ( 'NONE',  ( 8.020968501158611375, -46.44146448264950067, 471.0790165336405266 ) ) ;
#1867 = CARTESIAN_POINT ( 'NONE',  ( -8.511992214168396131, -44.09454094575869476, 477.9743361296389139 ) ) ;
#1868 = CARTESIAN_POINT ( 'NONE',  ( -25.91566155657058346, -27.09331922798140013, 488.4294843759632272 ) ) ;
#1869 = VERTEX_POINT ( 'NONE', #3074 ) ;
#1870 = CARTESIAN_POINT ( 'NONE',  ( -149.9999999999998010, -7.310016231325406011, 312.3034818323457102 ) ) ;
#1871 = CARTESIAN_POINT ( 'NONE',  ( 56.22136681509284983, -21.95830415264659408, 214.9413780479917762 ) ) ;
#1872 = CARTESIAN_POINT ( 'NONE',  ( -86.78479610272228228, -8.426922040965695970, 51.82892328279097427 ) ) ;
#1873 = CARTESIAN_POINT ( 'NONE',  ( 15.58714533472732455, -35.12657578183576135, 489.9312667102885825 ) ) ;
#1874 = CARTESIAN_POINT ( 'NONE',  ( -21.79877461818603379, -51.66458045060728921, 429.1821456999548445 ) ) ;
#1875 = ORIENTED_EDGE ( 'NONE', *, *, #4080, .T. ) ;
#1876 = CARTESIAN_POINT ( 'NONE',  ( 20.98160879015285829, 9.329268596788317325, 432.1696520325909887 ) ) ;
#1877 = CARTESIAN_POINT ( 'NONE',  ( -18.44745248276197458, 8.160001204162536936, 441.4040100113969629 ) ) ;
#1878 = CARTESIAN_POINT ( 'NONE',  ( 39.64251415323715122, 0.4557919803606994003, 430.0000000002121396 ) ) ;
#1879 = CARTESIAN_POINT ( 'NONE',  ( -7.197143113420938931, -23.48883593324647023, 566.5277249709341731 ) ) ;
#1880 = B_SPLINE_CURVE_WITH_KNOTS ( 'NONE', 3,
 ( #6266, #1854, #5302, #1108, #3073, #5916, #18 ),
 .UNSPECIFIED., .F., .F.,
 ( 4, 1, 1, 1, 4 ),
 ( 0.000000000000000000, 0.007095148149935805865, 0.01419029629987183724, 0.02838059259974344897, 0.03840973638172578974 ),
 .UNSPECIFIED. ) ;
#1881 = CARTESIAN_POINT ( 'NONE',  ( -17.04957390888089819, -2.448588738630225414, 481.2009760201174231 ) ) ;
#1882 = CARTESIAN_POINT ( 'NONE',  ( 10.16616014304456250, -80.45448556206687840, 254.0478625309324343 ) ) ;
#1883 = CARTESIAN_POINT ( 'NONE',  ( -21.73539243252217190, -30.95421511172385820, 486.9089348943781488 ) ) ;
#1884 = CARTESIAN_POINT ( 'NONE',  ( 6.251846991982903390, -11.04079095060120963, 558.9422371214554914 ) ) ;
#1885 = CARTESIAN_POINT ( 'NONE',  ( 11.00000000000003730, -32.78400426621576713, 507.7061421647095472 ) ) ;
#1886 = CARTESIAN_POINT ( 'NONE',  ( 115.6691329144114491, -11.43301729459609639, 429.9999999999998863 ) ) ;
#1887 = EDGE_CURVE ( 'NONE', #1869, #1012, #5523, .T. ) ;
#1888 = CARTESIAN_POINT ( 'NONE',  ( 0.000000000000000000, -29.19999999999999929, 558.9422371214550367 ) ) ;
#1889 = CARTESIAN_POINT ( 'NONE',  ( 45.76469968678528488, -28.15896305663380872, 430.0000000002121965 ) ) ;
#1890 = CARTESIAN_POINT ( 'NONE',  ( 0.9770817555172012225, -10.85161959140497601, 510.2135167923927952 ) ) ;
#1891 = CARTESIAN_POINT ( 'NONE',  ( 47.10944885151176464, -33.64924975013416741, 404.9091715274225862 ) ) ;
#1892 = ADVANCED_FACE ( 'NONE', ( #627 ), #5456, .T. ) ;
#1893 = CARTESIAN_POINT ( 'NONE',  ( -6.801066226165305650, -63.72808523931358593, 430.0000000000000000 ) ) ;
#1894 = CARTESIAN_POINT ( 'NONE',  ( 15.27311992210098701, -0.2353380111340202807, 477.3986821885380323 ) ) ;
#1895 = CARTESIAN_POINT ( 'NONE',  ( -56.08500672497000750, -23.13107185465961990, 219.0677530512962790 ) ) ;
#1896 = CARTESIAN_POINT ( 'NONE',  ( 0.000000000000000000, -18.03817225765354593, 568.7511378914753095 ) ) ;
#1897 = CARTESIAN_POINT ( 'NONE',  ( -59.30832987030501613, -6.507826170023203183, 431.3161633550269016 ) ) ;
#1898 = CARTESIAN_POINT ( 'NONE',  ( 9.350172035011937055, -46.22392147603835610, 469.5169631947853759 ) ) ;
#1899 = CARTESIAN_POINT ( 'NONE',  ( -51.33376035945747162, -24.38963316204433696, 429.0874825177305638 ) ) ;
#1900 = CARTESIAN_POINT ( 'NONE',  ( -54.71933418780097469, -4.422765829795782366, 430.0000215859397485 ) ) ;
#1901 = ORIENTED_EDGE ( 'NONE', *, *, #688, .T. ) ;
#1902 = CARTESIAN_POINT ( 'NONE',  ( -50.33058609964169960, -9.487051831254255774, 338.3589487892786565 ) ) ;
#1903 = CARTESIAN_POINT ( 'NONE',  ( 0.000000000000000000, -56.93250902418997583, -19.89607106146813464 ) ) ;
#1904 = CARTESIAN_POINT ( 'NONE',  ( -3.196296804781076695, 20.31546560184472128, -7.393096603152921276 ) ) ;
#1905 = CARTESIAN_POINT ( 'NONE',  ( 9.540546851521055416, -36.75072629622820131, 498.6955451565536919 ) ) ;
#1906 = CARTESIAN_POINT ( 'NONE',  ( -15.65032866872119044, -53.67659656504169163, 434.1429093430535318 ) ) ;
#1907 = ORIENTED_EDGE ( 'NONE', *, *, #6376, .T. ) ;
#1908 = CARTESIAN_POINT ( 'NONE',  ( 29.06194246804153636, 8.955010439337780070, 417.4313610462603492 ) ) ;
#1909 = CARTESIAN_POINT ( 'NONE',  ( -17.39847600162214292, 13.45244535150354181, 423.3550322351525210 ) ) ;
#1910 = CARTESIAN_POINT ( 'NONE',  ( 49.49170854527049812, -2.996362681382306992, 430.0000000002121965 ) ) ;
#1911 = CARTESIAN_POINT ( 'NONE',  ( -9.612637209448243070, -19.45702660794398398, 558.7803851268713515 ) ) ;
#1912 = ORIENTED_EDGE ( 'NONE', *, *, #5430, .T. ) ;
#1913 = CARTESIAN_POINT ( 'NONE',  ( -14.08574429803353212, -3.849442138583149209, 492.1609540039103763 ) ) ;
#1914 = CARTESIAN_POINT ( 'NONE',  ( -50.27653746623915509, -21.55319530701342501, 446.7035435469292679 ) ) ;
#1915 = CARTESIAN_POINT ( 'NONE',  ( -26.42949377299378355, -0.4751701859997061184, 455.6658654175915899 ) ) ;
#1916 = CARTESIAN_POINT ( 'NONE',  ( -0.000000000000000000, -61.33549004184901321, 442.9052415240336131 ) ) ;
#1917 = CARTESIAN_POINT ( 'NONE',  ( 11.70672602441905319, -30.51016492502260746, 513.3595218106817129 ) ) ;
#1918 = CARTESIAN_POINT ( 'NONE',  ( 27.07189959538064983, -55.21413746353868390, 430.0000000000002842 ) ) ;
#1919 = CARTESIAN_POINT ( 'NONE',  ( -11.03300271037504032, -4.365724616080381537, 500.3689637346228096 ) ) ;
#1920 = CARTESIAN_POINT ( 'NONE',  ( 34.35267160152204724, -39.22879535170966392, 430.0000000002121965 ) ) ;
#1921 = CARTESIAN_POINT ( 'NONE',  ( -5.633375276077824112E-16, -10.80000000000000071, 507.3422371214550708 ) ) ;
#1922 = CARTESIAN_POINT ( 'NONE',  ( 12.44645721266669547, -56.42679279451947849, 428.5665743962402985 ) ) ;
#1923 = CARTESIAN_POINT ( 'NONE',  ( 21.07408145427415747, -3.138250501128660108, 475.1996981908638986 ) ) ;
#1924 = CARTESIAN_POINT ( 'NONE',  ( -0.000000000000000000, -32.28946839013718062, -59.02309469762749217 ) ) ;
#1925 = CARTESIAN_POINT ( 'NONE',  ( 0.000000000000000000, -14.30888723499310267, 566.3978615836937252 ) ) ;
#1926 = CARTESIAN_POINT ( 'NONE',  ( -36.87704838372232530, 0.06862354129085444787, 457.0708091009332747 ) ) ;
#1927 = CARTESIAN_POINT ( 'NONE',  ( 42.37114245771472554, -30.62269883427476103, 431.2044058965778959 ) ) ;
#1928 = CARTESIAN_POINT ( 'NONE',  ( 59.46243121900331374, -18.23192697237507431, 431.2232980163658453 ) ) ;
#1929 = CARTESIAN_POINT ( 'NONE',  ( -53.53048140247114617, -22.93049611475921523, 430.0000109327460791 ) ) ;
#1930 = CARTESIAN_POINT ( 'NONE',  ( -64.18198422149610849, -56.45772896838160904, 364.8665635013861674 ) ) ;
#1931 = DIRECTION ( 'NONE',  ( 0.000000000000000000, 0.000000000000000000, 1.000000000000000000 ) ) ;
#1932 = CARTESIAN_POINT ( 'NONE',  ( 85.40960635100844911, -44.44652362327579453, 86.38817669992579340 ) ) ;
#1933 = CARTESIAN_POINT ( 'NONE',  ( 2.305531241410820442, 46.80903969351554395, 155.8088301420164328 ) ) ;
#1934 = CARTESIAN_POINT ( 'NONE',  ( 0.000000000000000000, 37.42084218078985458, 58.72214691171561185 ) ) ;
#1935 = CARTESIAN_POINT ( 'NONE',  ( 13.00319094491912075, -35.82654246001843745, 493.7480140228415166 ) ) ;
#1936 = CARTESIAN_POINT ( 'NONE',  ( -44.43182382822291032, -34.18520671455213034, 412.6695696220477316 ) ) ;
#1937 = EDGE_LOOP ( 'NONE', ( #4255, #4328, #5392, #5814, #2265, #444, #2067, #1387 ) ) ;
#1938 = CARTESIAN_POINT ( 'NONE',  ( 24.06237209297341906, 8.588180701936408923, 428.6755883460273253 ) ) ;
#1939 = CARTESIAN_POINT ( 'NONE',  ( -35.97716516356460659, 7.181810100002491204, 410.8757237136356935 ) ) ;
#1940 = CARTESIAN_POINT ( 'NONE',  ( -15.33343269723774149, -7.717369041052091205, 618.0000000002123670 ) ) ;
#1941 = CARTESIAN_POINT ( 'NONE',  ( -35.61165281356422696, -24.10477914212586370, 505.0830295200969999 ) ) ;
#1942 = B_SPLINE_CURVE_WITH_KNOTS ( 'NONE', 3,
 ( #508, #658, #199, #783, #166, #2621 ),
 .UNSPECIFIED., .F., .F.,
 ( 4, 2, 4 ),
 ( 0.000000000000000000, 0.02462213071737623382, 0.04924426143475246764 ),
 .UNSPECIFIED. ) ;
#1943 = ORIENTED_EDGE ( 'NONE', *, *, #1134, .F. ) ;
#1944 = CARTESIAN_POINT ( 'NONE',  ( -15.46883115182741264, -2.175717701162789730, 483.5762279055617228 ) ) ;
#1945 = CARTESIAN_POINT ( 'NONE',  ( -5.693321099038976207, -35.35342965432571560, 512.4361136637925256 ) ) ;
#1946 = CARTESIAN_POINT ( 'NONE',  ( -49.51579739810466663, -5.030787405351411223, 437.0718678716208956 ) ) ;
#1947 = CARTESIAN_POINT ( 'NONE',  ( -0.000000000000000000, -51.50929877217134134, 481.0100519317746830 ) ) ;
#1948 = DIRECTION ( 'NONE',  ( -0.9888278834112642635, -0.1490617891627465108, 0.000000000000000000 ) ) ;
#1949 = CARTESIAN_POINT ( 'NONE',  ( 75.02885402183305530, -20.34728810589296799, 430.0000000000000568 ) ) ;
#1950 = AXIS2_PLACEMENT_3D ( 'NONE', #6300, #1015, #534 ) ;
#1951 = DIRECTION ( 'NONE',  ( 1.000000000000000000, 0.000000000000000000, -0.000000000000000000 ) ) ;
#1952 = CARTESIAN_POINT ( 'NONE',  ( 5.319096173371546499, -33.12073035986242076, 520.8650020959541962 ) ) ;
#1953 = EDGE_CURVE ( 'NONE', #5572, #365, #2125, .T. ) ;
#1954 = CARTESIAN_POINT ( 'NONE',  ( -11.00000000000012612, -49.44886091387290605, 456.1491630009714413 ) ) ;
#1955 = CARTESIAN_POINT ( 'NONE',  ( 12.91098182110191495, -54.32819231633763479, 436.1106728134635091 ) ) ;
#1956 = CLOSED_SHELL ( 'NONE', ( #3035, #864, #4434, #1034, #699, #5507, #4535, #5274, #1064, #4900, #5200, #2359, #2839, #3093, #3896, #2593, #746, #4315, #2836, #4878, #73, #4123, #1774, #2115, #78, #332, #919 ) ) ;
#1957 = CARTESIAN_POINT ( 'NONE',  ( 28.10062293716883630, -2.496731009373303500, 459.4649673245199324 ) ) ;
#1958 = CARTESIAN_POINT ( 'NONE',  ( -86.94688811449927357, -26.38323853107869255, 50.13958749952535499 ) ) ;
#1959 = CARTESIAN_POINT ( 'NONE',  ( 35.59485085034204133, -14.68472539039917457, 504.5236631567993300 ) ) ;
#1960 = VECTOR ( 'NONE', #3788, 1000.000000000000000 ) ;
#1961 = CARTESIAN_POINT ( 'NONE',  ( -59.89900058819404194, -9.567402936609459729, 443.5936951987583257 ) ) ;
#1962 = CARTESIAN_POINT ( 'NONE',  ( 51.73523188125565753, -25.30264039358364769, 423.2751175583676400 ) ) ;
#1963 = CARTESIAN_POINT ( 'NONE',  ( 2.567741008498936495, -32.22037029964481292, 550.2626658817077896 ) ) ;
#1964 = PLANE ( 'NONE',  #4620 ) ;
#1965 = CARTESIAN_POINT ( 'NONE',  ( -2.843738381013245498, -80.57978550623415970, 275.8841571824828520 ) ) ;
#1966 = CARTESIAN_POINT ( 'NONE',  ( 84.77794262105415157, -46.98596791776946446, 96.39013901449662569 ) ) ;
#1967 = CARTESIAN_POINT ( 'NONE',  ( 22.01802724243391651, 40.49517762205267246, 116.2537897038075414 ) ) ;
#1968 = CARTESIAN_POINT ( 'NONE',  ( 0.000000000000000000, 20.62319512748768346, -7.191526245911063597 ) ) ;
#1969 = CARTESIAN_POINT ( 'NONE',  ( 27.17222851790096527, -28.97633151084063385, 478.7168851606872977 ) ) ;
#1970 = CARTESIAN_POINT ( 'NONE',  ( -11.95825551595852865, -50.15947680516931229, 452.0393090883532636 ) ) ;
#1971 = ORIENTED_EDGE ( 'NONE', *, *, #4159, .F. ) ;
#1972 = UNCERTAINTY_MEASURE_WITH_UNIT (LENGTH_MEASURE( 1.000000000000000082E-05 ), #1317, 'distance_accuracy_value', 'NONE');
#1973 = CARTESIAN_POINT ( 'NONE',  ( 11.48184262702426750, 9.537141476066446799, 449.4795482733237009 ) ) ;
#1974 = CARTESIAN_POINT ( 'NONE',  ( -11.58375770575471364, 14.55525991850888090, 428.9748054794497989 ) ) ;
#1975 = CARTESIAN_POINT ( 'NONE',  ( 26.41284820755522844, 6.909894744240027364, 430.0000000002122533 ) ) ;
#1976 = CARTESIAN_POINT ( 'NONE',  ( -150.0000000000000284, -5.908903113773672722, 440.0305525103656805 ) ) ;
#1977 = CARTESIAN_POINT ( 'NONE',  ( -11.70969972203182863, 0.4233085549267872061, 482.4688868828741306 ) ) ;
#1978 = CARTESIAN_POINT ( 'NONE',  ( -6.157677788594994261, -33.02526862035301036, 518.8556620977285547 ) ) ;
#1979 = CARTESIAN_POINT ( 'NONE',  ( -18.03137994606432315, -0.7347665150539879342, 473.3921349154329050 ) ) ;
#1980 = CARTESIAN_POINT ( 'NONE',  ( 0.000000000000000000, -58.19397507727483543, 455.6684696079120158 ) ) ;
#1981 = CARTESIAN_POINT ( 'NONE',  ( -12.52783087587209643, 20.52500746256954756, 430.0000000000000000 ) ) ;
#1982 = DIRECTION ( 'NONE',  ( -0.000000000000000000, 1.000000000000000000, 0.000000000000000000 ) ) ;
#1983 = CARTESIAN_POINT ( 'NONE',  ( 56.38420455136408549, -2.341849795747153795, 206.2968260904183353 ) ) ;
#1984 = CARTESIAN_POINT ( 'NONE',  ( 5.966173381527568154, -30.75575782126161073, 527.1546994173833127 ) ) ;
#1985 = CARTESIAN_POINT ( 'NONE',  ( 0.000000000000000000, -10.80000000000000071, 510.5422371214551731 ) ) ;
#1986 = CARTESIAN_POINT ( 'NONE',  ( 0.000000000000000000, -8.653564323852759088, 507.3422371214550708 ) ) ;
#1987 = CARTESIAN_POINT ( 'NONE',  ( 35.62186916837892880, -5.270624579058329928, 455.9231137431652314 ) ) ;
#1988 = CARTESIAN_POINT ( 'NONE',  ( -12.44940628510439140, -48.11425084438231181, -31.82437816889770232 ) ) ;
#1989 = CARTESIAN_POINT ( 'NONE',  ( -11.00000578798682227, -56.53773332980759392, 430.0000047039275159 ) ) ;
#1990 = CARTESIAN_POINT ( 'NONE',  ( 2.564942453513969767, -23.59261226705760350, 568.0013561483610829 ) ) ;
#1991 = CARTESIAN_POINT ( 'NONE',  ( 0.000000000000000000, -9.999999999999710454, 558.9422371214541272 ) ) ;
#1992 = CARTESIAN_POINT ( 'NONE',  ( 9.246367965828376612, -46.24551161711728753, 469.6339721362998603 ) ) ;
#1993 = CARTESIAN_POINT ( 'NONE',  ( 7.899106090145456172, -49.30430213682166141, 485.9199461956914092 ) ) ;
#1994 = ORIENTED_EDGE ( 'NONE', *, *, #261, .F. ) ;
#1995 = CARTESIAN_POINT ( 'NONE',  ( -58.36365444063026331, -51.93710639295454001, 391.2153997146278925 ) ) ;
#1996 = CARTESIAN_POINT ( 'NONE',  ( 3.331827532195591246, -42.26250701813299315, -47.56859296547036564 ) ) ;
#1997 = CARTESIAN_POINT ( 'NONE',  ( 0.000000000000000000, 47.03654387356198185, 229.1256845389213481 ) ) ;
#1998 = CARTESIAN_POINT ( 'NONE',  ( 0.000000000000000000, 45.77999709477325752, 130.5726553802304295 ) ) ;
#1999 = CARTESIAN_POINT ( 'NONE',  ( 21.73539243252217190, -30.95421511172385820, 486.9089348943781488 ) ) ;
#2000 = CARTESIAN_POINT ( 'NONE',  ( -48.61012637448426688, -31.03929232077491562, 409.2955982724777186 ) ) ;
#2001 = ORIENTED_EDGE ( 'NONE', *, *, #4489, .T. ) ;
#2002 = CARTESIAN_POINT ( 'NONE',  ( 9.640058974564604810, 8.162816129458965619, 458.3338256042369494 ) ) ;
#2003 = CARTESIAN_POINT ( 'NONE',  ( -24.50117342122125663, 11.74043462572312713, 416.0477295200910817 ) ) ;
#2004 = CARTESIAN_POINT ( 'NONE',  ( 21.29475534912894830, 9.727617155288990958, 430.0000000002121965 ) ) ;
#2005 = EDGE_CURVE ( 'NONE', #6290, #5964, #1582, .T. ) ;
#2006 = CARTESIAN_POINT ( 'NONE',  ( -7.198010206593168370, -26.18628614306032532, 564.2352383384051109 ) ) ;
#2007 = B_SPLINE_SURFACE_WITH_KNOTS ( 'NONE', 3, 3, ( 
 ( #3528, #2589, #2498, #77, #4462, #47, #4522 ),
 ( #4552, #4908, #4038, #1588, #2012, #1497, #2073 ),
 ( #3978, #1467, #2951, #4431, #5944, #1525, #3199 ),
 ( #716, #1165, #6094, #2680, #196, #1677, #2746 ),
 ( #2165, #3229, #6033, #4642, #227, #3646, #1261 ),
 ( #2196, #3132, #5190, #4066, #780, #5063, #656 ),
 ( #2619, #1617, #4580, #1197, #4608, #164, #750 ),
 ( #4127, #5611, #683, #2130, #3161, #5582, #4157 ),
 ( #5091, #4094, #4704, #5682, #3585, #2647, #5644 ),
 ( #6124, #5125, #1710, #3676, #6063, #3614, #1742 ),
 ( #1230, #5160, #2712, #5553, #4672, #2102, #258 ),
 ( #2228, #4189, #1138, #3104, #6157, #3711, #1648 ),
 ( #2395, #5749, #3331, #3261, #2848, #293, #812 ),
 ( #1429, #2815, #1365, #3744, #4292, #5295, #2781 ),
 ( #6326, #4326, #884, #1327, #3297, #4836, #4360 ),
 ( #397, #6191, #2880, #1911, #4259, #4802, #3394 ),
 ( #3812, #2360, #5261, #5360, #2262, #950, #5223 ),
 ( #4737, #328, #4223, #2295, #5785, #4770, #6225 ),
 ( #2912, #363, #6259, #849, #1809, #2327, #3779 ),
 ( #1844, #6294, #1879, #1776, #3877, #5715, #3844 ),
 ( #1293, #5818, #1398, #3364, #5328, #916, #433 ),
 ( #5847, #3428, #463, #1011, #4390, #1521, #1976 ),
 ( #2430, #561, #2006, #6358, #1102, #4456, #2035 ),
 ( #5422, #589, #3942, #3490, #1460, #1046, #4870 ),
 ( #530, #5999, #2975, #5940, #1941, #2492, #5453 ),
 ( #4002, #4516, #2522, #3008, #5910, #1490, #3039 ),
 ( #3972, #4967, #42, #3911, #5391, #4487, #4423 ),
 ( #71, #3550, #3459, #5968, #11, #4936, #1551 ),
 ( #5516, #5879, #4997, #2550, #3523, #2943, #5487 ),
 ( #1075, #980, #102, #2068, #4033, #4901, #1581 ),
 ( #496, #2459, #619, #2583, #4546, #130, #3067 ),
 ( #5026, #3026, #1417, #1314, #4348, #5347, #5737 ),
 ( #5283, #6247, #3282, #4209, #3249, #837, #4245 ) ),
 .UNSPECIFIED., .F., .F., .F.,
 ( 4, 1, 1, 1, 1, 1, 1, 1, 1, 1, 1, 1, 1, 1, 3, 1, 1, 1, 1, 1, 1, 1, 1, 1, 1, 1, 1, 1, 4 ),
 ( 4, 1, 1, 1, 4 ),
 ( 0.9875696398505088291, 0.9879580886051801958, 0.9883465373598514514, 0.9887349861145231511, 0.9891234348691947398, 0.9895118836238668836, 0.9899003323785380282, 0.9902887811332100609, 0.9906772298878814276, 0.9910656786425533493, 0.9914541273972249380, 0.9918425761518965267, 0.9922310249065680043, 0.9930079224159114037, 0.9937848199252545811, 0.9945617174345977585, 0.9953386149439409358, 0.9957270636986126355, 0.9961155124532841132, 0.9965039612079558129, 0.9968924099626272906, 0.9972808587172989903, 0.9976693074719704679, 0.9980577562266421676, 0.9984462049813136453, 0.9988346537359853450, 0.9992231024906568226, 0.9996115512453283003, 1.000000000000000000 ),
 ( 0.000000000000000000, 0.03502224838491098391, 0.09383257832149248523, 0.1938325783214923659, 1.000000000000000000 ),
 .UNSPECIFIED. ) ;
#2008 = CARTESIAN_POINT ( 'NONE',  ( -52.67410246615456515, -18.73646080221464061, 456.2031122329413506 ) ) ;
#2009 = CARTESIAN_POINT ( 'NONE',  ( -9.855723957315561279, 4.516324637451460511, 471.5973538384167227 ) ) ;
#2010 = CARTESIAN_POINT ( 'NONE',  ( 6.392429258651021406, -11.11151473259793399, 558.9422371214556051 ) ) ;
#2011 = CARTESIAN_POINT ( 'NONE',  ( -7.971691226568317745, 21.99891759519982060, 429.9999999999999432 ) ) ;
#2012 = CARTESIAN_POINT ( 'NONE',  ( -35.60381781380582566, -13.67987652204457483, 502.3904453533722858 ) ) ;
#2013 = CARTESIAN_POINT ( 'NONE',  ( 56.44355950920334664, -5.401506154520962610, 202.8927154750770683 ) ) ;
#2014 = CARTESIAN_POINT ( 'NONE',  ( 19.15642989554590159, -27.50410925391671668, 504.8075957953330999 ) ) ;
#2015 = CARTESIAN_POINT ( 'NONE',  ( -12.59068257208908470, -56.39937749594339067, 428.4781671230282996 ) ) ;
#2016 = CYLINDRICAL_SURFACE ( 'NONE', #5556, 7.200000000000002842 ) ;
#2017 = CARTESIAN_POINT ( 'NONE',  ( 35.68123149614409328, -2.034901604787291873, 444.5683706654783123 ) ) ;
#2018 = CARTESIAN_POINT ( 'NONE',  ( 0.000000000000000000, -27.20000000000000284, 458.9422371214550935 ) ) ;
#2019 = CARTESIAN_POINT ( 'NONE',  ( -18.25659233856527308, -60.42184458766098487, 430.0000000000000568 ) ) ;
#2020 = CARTESIAN_POINT ( 'NONE',  ( 0.000000000000000000, -23.63377490274967840, 567.9904121855349786 ) ) ;
#2021 = CARTESIAN_POINT ( 'NONE',  ( 0.000000000000000000, -7.286313120370254026, 550.2112436993119218 ) ) ;
#2022 = CARTESIAN_POINT ( 'NONE',  ( 16.97689336905628821, -46.49334887421836271, 454.3960441385615354 ) ) ;
#2023 = CARTESIAN_POINT ( 'NONE',  ( 0.000000000000000000, -49.93904776405505430, 486.5602779892034846 ) ) ;
#2024 = DIRECTION ( 'NONE',  ( 0.000000000000000000, 0.000000000000000000, -1.000000000000000000 ) ) ;
#2025 = CARTESIAN_POINT ( 'NONE',  ( -11.53317428264779743, -75.55780217182295644, 95.82032470989339856 ) ) ;
#2026 = CARTESIAN_POINT ( 'NONE',  ( 149.9999999999996874, -2.409579751124833802, 211.7503272867475630 ) ) ;
#2027 = CARTESIAN_POINT ( 'NONE',  ( 1.850464964290566172, 28.57020904146000362, 400.4539919784762674 ) ) ;
#2028 = CARTESIAN_POINT ( 'NONE',  ( 0.000000000000000000, 28.21750440619399214, 17.07389157737171459 ) ) ;
#2029 = CARTESIAN_POINT ( 'NONE',  ( 8.031871784435146822, -39.53555996887713775, 493.3668253634678535 ) ) ;
#2030 = CARTESIAN_POINT ( 'NONE',  ( -43.73480852877430181, -33.01870833944397532, 418.8438265347530773 ) ) ;
#2031 = EDGE_LOOP ( 'NONE', ( #6359, #1217, #737, #1901 ) ) ;
#2032 = CARTESIAN_POINT ( 'NONE',  ( 18.18159197522136239, 6.483556965292812002, 448.0373365053518455 ) ) ;
#2033 = CARTESIAN_POINT ( 'NONE',  ( 0.000000000000000000, -10.80000000000000071, 458.9422371214550935 ) ) ;
#2034 = CARTESIAN_POINT ( 'NONE',  ( 21.27866330110655824, 9.736323295266656075, 430.0000000002122533 ) ) ;
#2035 = CARTESIAN_POINT ( 'NONE',  ( -150.0000000000000284, -5.933228924481109168, 440.0305525103655100 ) ) ;
#2036 = CARTESIAN_POINT ( 'NONE',  ( 2.576048290473376579, -17.08178035024176467, 581.2852460166528772 ) ) ;
#2037 = EDGE_CURVE ( 'NONE', #6023, #2546, #5482, .T. ) ;
#2038 = CARTESIAN_POINT ( 'NONE',  ( -46.99950197460571388, -20.40557529760158673, 461.2162998124631486 ) ) ;
#2039 = CARTESIAN_POINT ( 'NONE',  ( -12.75128926607244217, 2.102298279329790631, 474.4498270446599690 ) ) ;
#2040 = CARTESIAN_POINT ( 'NONE',  ( -9.808422279533091981, -17.54250900206015729, 558.9422371214552641 ) ) ;
#2041 = CARTESIAN_POINT ( 'NONE',  ( 0.000000000000000000, -9.999999999999710454, 558.9422371214541272 ) ) ;
#2042 = CARTESIAN_POINT ( 'NONE',  ( 150.0000000000000568, 3.860833271709796399, 212.5989338358691612 ) ) ;
#2043 = CARTESIAN_POINT ( 'NONE',  ( 32.43215391043771234, -23.54806115622713492, 484.2671667302068386 ) ) ;
#2044 = CARTESIAN_POINT ( 'NONE',  ( -29.09952598990388850, -50.22015036238556718, 415.8693437570215679 ) ) ;
#2045 = CARTESIAN_POINT ( 'NONE',  ( 51.86726145696179202, -31.10868987186983858, 395.9325363520148926 ) ) ;
#2046 = CARTESIAN_POINT ( 'NONE',  ( 13.11681397294344720, -5.648973545815447750, 500.2607220696098125 ) ) ;
#2047 = VECTOR ( 'NONE', #1402, 1000.000000000000000 ) ;
#2048 = CARTESIAN_POINT ( 'NONE',  ( 1.397814761416688478, -29.09355065841478805, 509.7481580619302122 ) ) ;
#2049 = CARTESIAN_POINT ( 'NONE',  ( -85.08158012783887614, -17.52387471099420324, 430.0000000000000000 ) ) ;
#2050 = CARTESIAN_POINT ( 'NONE',  ( 60.03675232927812289, -14.11171775164236841, 451.5089619947291339 ) ) ;
#2051 = DIRECTION ( 'NONE',  ( -1.000000000000000000, 0.000000000000000000, 0.000000000000000000 ) ) ;
#2052 = CARTESIAN_POINT ( 'NONE',  ( 17.91768916059134753, -48.48827926453219561, 446.5543834540381454 ) ) ;
#2053 = AXIS2_PLACEMENT_3D ( 'NONE', #1143, #2721, #1268 ) ;
#2054 = CARTESIAN_POINT ( 'NONE',  ( 0.8180423345914734634, -44.30620930705723737, 506.5741021558409898 ) ) ;
#2055 = EDGE_CURVE ( 'NONE', #1486, #2881, #2375, .T. ) ;
#2056 = CARTESIAN_POINT ( 'NONE',  ( 0.000000000000000000, -80.99947877039501520, 205.0832690187360470 ) ) ;
#2057 = AXIS2_PLACEMENT_3D ( 'NONE', #3524, #3040, #4998 ) ;
#2058 = CARTESIAN_POINT ( 'NONE',  ( 12.51726655298319990, -31.89267106366910198, -53.38761008372980399 ) ) ;
#2059 = CARTESIAN_POINT ( 'NONE',  ( 42.82036082025610568, 33.85106947388772625, 320.0000000000000568 ) ) ;
#2060 = CARTESIAN_POINT ( 'NONE',  ( -8.431562461238529593, 46.07402497580898171, 158.2968993032507683 ) ) ;
#2061 = CARTESIAN_POINT ( 'NONE',  ( 32.23121101067029315, -30.72587932980420433, 459.6918569929785008 ) ) ;
#2062 = CARTESIAN_POINT ( 'NONE',  ( -10.83906323622645118, -50.41100797613419360, 453.0134132652647736 ) ) ;
#2063 = VERTEX_POINT ( 'NONE', #4547 ) ;
#2064 = CARTESIAN_POINT ( 'NONE',  ( 32.05818300101152118, 3.445549137028545150, 431.5427942628205074 ) ) ;
#2065 = DIRECTION ( 'NONE',  ( 0.000000000000000000, -1.000000000000000000, -0.000000000000000000 ) ) ;
#2066 = CARTESIAN_POINT ( 'NONE',  ( 16.97692493391528856, 11.95593191655299492, 430.0000000002123102 ) ) ;
#2067 = ORIENTED_EDGE ( 'NONE', *, *, #3960, .F. ) ;
#2068 = CARTESIAN_POINT ( 'NONE',  ( -9.634407531356435683, -28.69948182372685253, 550.6882270121086549 ) ) ;
#2069 = CARTESIAN_POINT ( 'NONE',  ( 0.000000000000000000, -20.53611711710624732, 592.4555265652824119 ) ) ;
#2070 = CARTESIAN_POINT ( 'NONE',  ( -6.917428188719770610, -32.77490246531972673, 517.6045472111715071 ) ) ;
#2071 = CARTESIAN_POINT ( 'NONE',  ( -11.18834612781827431, 7.860262706002940192, 456.5324472540349916 ) ) ;
#2072 = CARTESIAN_POINT ( 'NONE',  ( -4.613832453827757085, -10.48287319952505392, 558.9422371214552641 ) ) ;
#2073 = CARTESIAN_POINT ( 'NONE',  ( -150.0000000000000284, -5.320917545542049432, 440.0305525103656805 ) ) ;
#2074 = CARTESIAN_POINT ( 'NONE',  ( -12.82350470328449354, -29.42611196833886567, 514.2692967621757134 ) ) ;
#2075 = CARTESIAN_POINT ( 'NONE',  ( 6.074750827459759250, -33.04964154321967840, 519.0081642904438013 ) ) ;
#2076 = CARTESIAN_POINT ( 'NONE',  ( -32.43014418087440021, -48.02745521409215712, 412.7087673764963256 ) ) ;
#2077 = DIRECTION ( 'NONE',  ( 0.000000000000000000, 0.000000000000000000, -1.000000000000000000 ) ) ;
#2078 = CARTESIAN_POINT ( 'NONE',  ( 14.17530654368084519, -7.815868985109927891, 505.2271439464693685 ) ) ;
#2079 = CARTESIAN_POINT ( 'NONE',  ( 11.23415871699898183, -5.097733829346291046, 502.4118502043975809 ) ) ;
#2080 = EDGE_CURVE ( 'NONE', #3327, #6193, #485, .T. ) ;
#2081 = CARTESIAN_POINT ( 'NONE',  ( -24.97430595412460264, -56.70475535103594922, 429.9999999999998863 ) ) ;
#2082 = CARTESIAN_POINT ( 'NONE',  ( 2.565058176371275422, -27.06181995312145006, 564.7736225017238212 ) ) ;
#2083 = DIRECTION ( 'NONE',  ( 0.000000000000000000, 0.000000000000000000, 1.000000000000000000 ) ) ;
#2084 = CARTESIAN_POINT ( 'NONE',  ( 9.562785475455344297, -50.64767480120546139, 454.1544091038599618 ) ) ;
#2085 = CARTESIAN_POINT ( 'NONE',  ( 17.00287477396885905, 18.73806011291135931, 430.0000000000001137 ) ) ;
#2086 = CARTESIAN_POINT ( 'NONE',  ( 0.000000000000000000, -76.98247262154580994, 92.64187025545516008 ) ) ;
#2087 = CARTESIAN_POINT ( 'NONE',  ( 3.338272447385525865, -30.67582579317320324, -60.41944949853158420 ) ) ;
#2088 = CARTESIAN_POINT ( 'NONE',  ( 47.31906922256366244, 16.34140955976334197, 320.0000000000000568 ) ) ;
#2089 = CARTESIAN_POINT ( 'NONE',  ( 0.000000000000000000, 42.53272745866301818, 298.2006047040866861 ) ) ;
#2090 = CARTESIAN_POINT ( 'NONE',  ( 8.057875802532450393, -41.88637786642436112, 485.9443489402280534 ) ) ;
#2091 = CARTESIAN_POINT ( 'NONE',  ( -43.03779322932569329, -31.85220996433582030, 425.0180834474583662 ) ) ;
#2092 = ORIENTED_EDGE ( 'NONE', *, *, #739, .T. ) ;
#2093 = CARTESIAN_POINT ( 'NONE',  ( 9.358362203862260031, 6.447709645031581616, 465.4536382314017260 ) ) ;
#2094 = CARTESIAN_POINT ( 'NONE',  ( 0.000000000000000000, -32.34940660713923677, 550.1093591763070663 ) ) ;
#2095 = CARTESIAN_POINT ( 'NONE',  ( 13.22230170177662423, 13.64679451106841235, 430.0000000002122533 ) ) ;
#2096 = CARTESIAN_POINT ( 'NONE',  ( 2.562172481296778770, -9.718372356699223502, 557.8072730852924224 ) ) ;
#2097 = CARTESIAN_POINT ( 'NONE',  ( -13.63119640678693223, -38.00336972771702193, 485.8066147455319879 ) ) ;
#2098 = B_SPLINE_CURVE_WITH_KNOTS ( 'NONE', 3,
 ( #5007, #4013, #1560, #3532, #5496, #1084, #3048, #2561 ),
 .UNSPECIFIED., .F., .F.,
 ( 4, 2, 2, 4 ),
 ( 0.000000000000000000, 0.002551939033745248813, 0.005103878067490497626, 0.01020775613498083219 ),
 .UNSPECIFIED. ) ;
#2099 = CARTESIAN_POINT ( 'NONE',  ( -11.02358018547545626, -31.66415490518415510, 511.0579782871187149 ) ) ;
#2100 = CARTESIAN_POINT ( 'NONE',  ( -26.57772800228751819, 1.218824885648179590, 449.5608455951768292 ) ) ;
#2101 = CARTESIAN_POINT ( 'NONE',  ( 8.879576889445393917, -25.84536226492010513, 558.9422371214550367 ) ) ;
#2102 = CARTESIAN_POINT ( 'NONE',  ( -60.03140639524139743, -12.06042557824305739, 450.6175771611553387 ) ) ;
#2103 = CARTESIAN_POINT ( 'NONE',  ( 0.000000000000000000, 34.15347802815850997, 41.94911547631893001 ) ) ;
#2104 = CARTESIAN_POINT ( 'NONE',  ( -45.87589893715966838, -36.30232394696971454, 400.3164142831182062 ) ) ;
#2105 = CARTESIAN_POINT ( 'NONE',  ( 23.26403357143914619, -53.21234469693195024, 420.9903921770781494 ) ) ;
#2106 = CARTESIAN_POINT ( 'NONE',  ( 12.09141145138308282, -3.505310929763180816, 495.2002969439819253 ) ) ;
#2107 = CARTESIAN_POINT ( 'NONE',  ( 0.4147362585854335038, -29.19121781691653084, 510.4910715537999408 ) ) ;
#2108 = CARTESIAN_POINT ( 'NONE',  ( -91.83665115224950171, -15.93970076381016909, 430.0000000000000000 ) ) ;
#2109 = CARTESIAN_POINT ( 'NONE',  ( 7.197143113420938931, -23.48883593324647023, 566.5277249709341731 ) ) ;
#2110 = CARTESIAN_POINT ( 'NONE',  ( -52.78681031217404751, -3.940759352314181729, 430.0000000000001705 ) ) ;
#2111 = CARTESIAN_POINT ( 'NONE',  ( 10.37809735450276705, -48.29176468167876379, 460.9900748196785685 ) ) ;
#2112 = CARTESIAN_POINT ( 'NONE',  ( -1.589671430372596284, -29.06164303453264708, 508.7327059851760396 ) ) ;
#2113 = CARTESIAN_POINT ( 'NONE',  ( 0.000000000000000000, -81.11379336801954310, 229.0959203413409284 ) ) ;
#2114 = CARTESIAN_POINT ( 'NONE',  ( 12.51967498350162522, -30.42977357820698359, -54.72345505564731383 ) ) ;
#2115 = ADVANCED_FACE ( 'NONE', ( #3754 ), #441, .F. ) ;
#2116 = CARTESIAN_POINT ( 'NONE',  ( 150.0000000000000000, 14.77013292611521500, 320.0000541252218227 ) ) ;
#2117 = CARTESIAN_POINT ( 'NONE',  ( -63.98600082019655133, 32.47793740598321932, 184.0516963749373076 ) ) ;
#2118 = CARTESIAN_POINT ( 'NONE',  ( 7.878824226867639169, -41.92361159693324879, 486.1987677500616201 ) ) ;
#2119 = CARTESIAN_POINT ( 'NONE',  ( -12.16431633575125382, -47.86991100901036589, 459.2657235360197205 ) ) ;
#2120 = ORIENTED_EDGE ( 'NONE', *, *, #557, .T. ) ;
#2121 = CARTESIAN_POINT ( 'NONE',  ( 11.69094365623267961, 5.978390030070096728, 462.5982641850434902 ) ) ;
#2122 = CARTESIAN_POINT ( 'NONE',  ( -35.75464570625489102, -26.12279998849253460, 499.3688480653194688 ) ) ;
#2123 = CYLINDRICAL_SURFACE ( 'NONE', #1840, 7.200000000000002842 ) ;
#2124 = CARTESIAN_POINT ( 'NONE',  ( 0.000000000000000000, -9.999999999999710454, 558.9422371214541272 ) ) ;
#2125 = LINE ( 'NONE', #1076, #1546 ) ;
#2126 = CARTESIAN_POINT ( 'NONE',  ( -7.730785183757470591, -39.61973922533802295, 493.7784060567435631 ) ) ;
#2127 = CARTESIAN_POINT ( 'NONE',  ( -32.70359750667245891, -25.11500287118257191, 477.3742715350181243 ) ) ;
#2128 = CARTESIAN_POINT ( 'NONE',  ( -12.76117690430162455, 7.555436601197111024, 454.6849120305559495 ) ) ;
#2129 = CARTESIAN_POINT ( 'NONE',  ( 9.695790129857829953, -16.92906904541672120, 558.9422371214548093 ) ) ;
#2130 = CARTESIAN_POINT ( 'NONE',  ( -9.615815369683886615, -12.54168557793122041, 553.3239770791902856 ) ) ;
#2131 = CARTESIAN_POINT ( 'NONE',  ( 77.40947463289504071, 21.01930611802427151, 121.3389839466043583 ) ) ;
#2132 = CARTESIAN_POINT ( 'NONE',  ( -22.40152636532026875, -8.928122134549299815, 491.9174799239698928 ) ) ;
#2133 = CARTESIAN_POINT ( 'NONE',  ( 60.00640282580248197, -17.01967506032876187, 448.1041599185411428 ) ) ;
#2134 = CARTESIAN_POINT ( 'NONE',  ( 49.68191254681056535, -7.895766742080198242, 447.4413560136627552 ) ) ;
#2135 = CARTESIAN_POINT ( 'NONE',  ( 5.633375276077824112E-16, -10.80000000000000071, 507.3422371214550708 ) ) ;
#2136 = CARTESIAN_POINT ( 'NONE',  ( 1.568938041166486164, 5.286990837761003981, 505.8050999535283836 ) ) ;
#2137 = ADVANCED_FACE ( 'NONE', ( #1406 ), #824, .T. ) ;
#2138 = CARTESIAN_POINT ( 'NONE',  ( 2.565294527287186099, -29.34785970995208615, 560.5527195974585766 ) ) ;
#2139 = CARTESIAN_POINT ( 'NONE',  ( 29.26735164093278030, -44.83594850069727755, 430.0000000002123670 ) ) ;
#2140 = CARTESIAN_POINT ( 'NONE',  ( 0.000000000000000000, -10.80000000000000071, 432.9207075737901391 ) ) ;
#2141 = CARTESIAN_POINT ( 'NONE',  ( 11.40154212013787749, -52.50647049482140005, 444.9123133137381956 ) ) ;
#2142 = AXIS2_PLACEMENT_3D ( 'NONE', #5659, #4235, #5170 ) ;
#2143 = CARTESIAN_POINT ( 'NONE',  ( -1.690012582823347135E-15, -29.19999999999999929, 510.5422371214551731 ) ) ;
#2144 = CARTESIAN_POINT ( 'NONE',  ( 0.000000000000000000, -75.96750286625417914, 79.90848674242489835 ) ) ;
#2145 = CARTESIAN_POINT ( 'NONE',  ( 7.195154204113367591, -11.20607469383821986, 559.9412861709770368 ) ) ;
#2146 = CARTESIAN_POINT ( 'NONE',  ( 6.087201789984794331, 44.18919659100005504, 276.7467911875064033 ) ) ;
#2147 = CARTESIAN_POINT ( 'NONE',  ( -2.305531241410820442, 46.80903969351554395, 155.8088301420164328 ) ) ;
#2148 = CARTESIAN_POINT ( 'NONE',  ( 17.94639239345508130, -36.74631050230624396, 479.6899347585320470 ) ) ;
#2149 = CARTESIAN_POINT ( 'NONE',  ( -18.84208957423069819, -45.86938022115318603, 452.3895868390756050 ) ) ;
#2150 = EDGE_LOOP ( 'NONE', ( #548, #2868, #2460, #912 ) ) ;
#2151 = CARTESIAN_POINT ( 'NONE',  ( 14.58535003857382151, 3.585642035881965395, 465.4754182708555845 ) ) ;
#2152 = VECTOR ( 'NONE', #5075, 1000.000000000000000 ) ;
#2153 = CARTESIAN_POINT ( 'NONE',  ( -1.491328355976571318, -29.93225504864150466, 558.9422371034256685 ) ) ;
#2154 = CARTESIAN_POINT ( 'NONE',  ( -0.1684210984092058272, -42.97943115196650155, 511.4422370364696349 ) ) ;
#2155 = CARTESIAN_POINT ( 'NONE',  ( -17.00287477396885905, 18.73806011291135931, 430.0000000000001137 ) ) ;
#2156 = ORIENTED_EDGE ( 'NONE', *, *, #6258, .F. ) ;
#2157 = CARTESIAN_POINT ( 'NONE',  ( 13.28015970594108630, -55.75828649989848174, 430.0000000002124239 ) ) ;
#2158 = EDGE_CURVE ( 'NONE', #3126, #6213, #3485, .T. ) ;
#2159 = CARTESIAN_POINT ( 'NONE',  ( -8.031871784435146822, -39.53555996887713775, 493.3668253634678535 ) ) ;
#2160 = VECTOR ( 'NONE', #2077, 1000.000000000000000 ) ;
#2161 = CARTESIAN_POINT ( 'NONE',  ( -24.52569204390312052, -25.97787561787577459, 495.9822440849575855 ) ) ;
#2162 = CARTESIAN_POINT ( 'NONE',  ( -13.27164820822626190, 5.668839820233772642, 460.6475012848106871 ) ) ;
#2163 = CARTESIAN_POINT ( 'NONE',  ( -6.803189949106055678, -11.35162249299727932, 558.9422371214550367 ) ) ;
#2164 = B_SPLINE_CURVE_WITH_KNOTS ( 'NONE', 3,
 ( #2504, #142, #54, #2107, #3985, #1621, #3590, #5558, #3108, #5469, #2048, #2533, #4016, #5981, #1267, #3169, #3236, #2170, #4231, #4165, #4195, #5688, #5230, #756, #3205, #1716 ),
 .UNSPECIFIED., .F., .F.,
 ( 4, 2, 2, 2, 2, 2, 2, 2, 2, 2, 2, 2, 4 ),
 ( 0.000000000000000000, 0.0003131620879983457195, 0.0006263241759966914389, 0.0009394862639950372126, 0.001252648351993382878, 0.001878972527990074425, 0.002505296703986765756, 0.002818458791985111421, 0.003131620879983457086, 0.003757945055980147549, 0.004071107143978494949, 0.004384269231976840181, 0.005010593407973405744 ),
 .UNSPECIFIED. ) ;
#2165 = CARTESIAN_POINT ( 'NONE',  ( 0.000000000000000000, -10.54283636012132774, 560.4456869941085415 ) ) ;
#2166 = CARTESIAN_POINT ( 'NONE',  ( 3.302423590642567852, 4.628195515106217073, -41.47021073289514703 ) ) ;
#2167 = DIRECTION ( 'NONE',  ( -0.000000000000000000, -1.000000000000000000, -0.000000000000000000 ) ) ;
#2168 = CARTESIAN_POINT ( 'NONE',  ( 0.000000000000000000, -60.98929854832451980, 444.4340835014325535 ) ) ;
#2169 = CARTESIAN_POINT ( 'NONE',  ( 15.90105687375537435, -6.085765005545279216, 495.8225636865305432 ) ) ;
#2170 = CARTESIAN_POINT ( 'NONE',  ( 1.398223739255493481, -29.09349105512146849, 508.1366165554770191 ) ) ;
#2171 = CARTESIAN_POINT ( 'NONE',  ( 0.9230775015570715780, 3.586646429494495081, 512.3263198735751303 ) ) ;
#2172 = CARTESIAN_POINT ( 'NONE',  ( 35.64412608354606959, -25.25825216961288078, 502.8446967804975998 ) ) ;
#2173 = CARTESIAN_POINT ( 'NONE',  ( 29.25568842260693359, -44.84816254376160316, 430.0000000002124239 ) ) ;
#2174 = CARTESIAN_POINT ( 'NONE',  ( -28.81369887015257092, 5.597122303080163341, 430.0000000000000568 ) ) ;
#2175 = CARTESIAN_POINT ( 'NONE',  ( 55.23029917364944907, -25.49432123598956679, 410.0938448489422399 ) ) ;
#2176 = CARTESIAN_POINT ( 'NONE',  ( 59.80440185799461972, 0.7349984357666858870, 430.0000000000001137 ) ) ;
#2177 = CARTESIAN_POINT ( 'NONE',  ( -85.65452299650101509, -43.20316403215120005, 82.17283080015351970 ) ) ;
#2178 = CARTESIAN_POINT ( 'NONE',  ( 2.563378791974525228, -10.43265280006476736, 559.9783701388948884 ) ) ;
#2179 = CARTESIAN_POINT ( 'NONE',  ( 6.953941588068372148, 6.120562770953910992, 500.2070897956710951 ) ) ;
#2180 = CARTESIAN_POINT ( 'NONE',  ( -47.31906922256365533, 16.80001900358779210, 316.1413866361843361 ) ) ;
#2181 = CARTESIAN_POINT ( 'NONE',  ( 7.979829162137273002, -44.18406598959326459, 478.6853247018499928 ) ) ;
#2182 = CARTESIAN_POINT ( 'NONE',  ( -9.595937105537116096, -48.45371145301002969, 461.7715385387378433 ) ) ;
#2183 = ORIENTED_EDGE ( 'NONE', *, *, #2276, .F. ) ;
#2184 = CARTESIAN_POINT ( 'NONE',  ( 25.05861231764740538, 3.265884759253660619, 445.5018192391001435 ) ) ;
#2185 = CARTESIAN_POINT ( 'NONE',  ( -7.354715413823783798, -37.44558185051763388, 528.5187147704514246 ) ) ;
#2186 =( NAMED_UNIT ( * ) PLANE_ANGLE_UNIT ( ) SI_UNIT ( $, .RADIAN. ) );
#2187 = CARTESIAN_POINT ( 'NONE',  ( -25.65441978662715883, 14.37952190566588939, 429.9999999999999432 ) ) ;
#2188 = ORIENTED_EDGE ( 'NONE', *, *, #1529, .F. ) ;
#2189 = CARTESIAN_POINT ( 'NONE',  ( 149.9999999999993179, -7.133789687153621273, 258.3651265951627352 ) ) ;
#2190 = CARTESIAN_POINT ( 'NONE',  ( -13.49291263868815705, -40.42984357933557504, 479.0849862861719544 ) ) ;
#2191 = CARTESIAN_POINT ( 'NONE',  ( 6.338646397188305137, -35.30587531700629000, 510.9370937757353772 ) ) ;
#2192 = CARTESIAN_POINT ( 'NONE',  ( -28.32854850867871122, -24.82096763398820372, 490.0962978291246941 ) ) ;
#2193 = CARTESIAN_POINT ( 'NONE',  ( -49.25081091167425029, -0.8298459668798066069, 421.7285423210305453 ) ) ;
#2194 = CARTESIAN_POINT ( 'NONE',  ( 0.000000000000000000, -64.25834689131531263, 429.9999999997190798 ) ) ;
#2195 = ADVANCED_FACE ( 'NONE', ( #3558 ), #4477, .F. ) ;
#2196 = CARTESIAN_POINT ( 'NONE',  ( 0.000000000000000000, -10.82063283745300275, 561.1131134019785804 ) ) ;
#2197 = CARTESIAN_POINT ( 'NONE',  ( 80.59194385665391280, 16.18280436951648937, 103.7926928775323461 ) ) ;
#2198 = VERTEX_POINT ( 'NONE', #3501 ) ;
#2199 = CARTESIAN_POINT ( 'NONE',  ( -12.71498891072140225, -5.581106800876355578, 500.8889315874632757 ) ) ;
#2200 = CARTESIAN_POINT ( 'NONE',  ( 2.792452311205840143, -73.15914732478299243, 380.6473863880630120 ) ) ;
#2201 = CARTESIAN_POINT ( 'NONE',  ( -10.39779387507980246, -36.52066985341310357, 497.4747511662525312 ) ) ;
#2202 = CARTESIAN_POINT ( 'NONE',  ( 17.39133845269790513, -8.272114389616517016, 499.9453803618083043 ) ) ;
#2203 = CARTESIAN_POINT ( 'NONE',  ( -0.4147362585854315609, -10.80878218308347094, 507.3934026891104736 ) ) ;
#2204 = CARTESIAN_POINT ( 'NONE',  ( 0.000000000000000000, 3.604599552999293355, 512.4422371215180192 ) ) ;
#2205 = CARTESIAN_POINT ( 'NONE',  ( 7.202205442340842367, -29.45994274643186372, 558.2794886530778058 ) ) ;
#2206 = CARTESIAN_POINT ( 'NONE',  ( 16.03263515046375076, -54.60472287767334620, 430.0000000002123670 ) ) ;
#2207 = CARTESIAN_POINT ( 'NONE',  ( 3.262568209893353721, -29.84624114393207961, 558.8544628627006432 ) ) ;
#2208 = CARTESIAN_POINT ( 'NONE',  ( 20.31577913836198590, -49.96770666948961548, 437.3737542067991058 ) ) ;
#2209 = CARTESIAN_POINT ( 'NONE',  ( 0.000000000000000000, -46.58870159832864033, 508.9422371214551504 ) ) ;
#2210 = CARTESIAN_POINT ( 'NONE',  ( 0.000000000000000000, -69.67755639141779511, 29.14466003684853135 ) ) ;
#2211 = DIRECTION ( 'NONE',  ( 0.000000000000000000, 1.000000000000000000, 0.000000000000000000 ) ) ;
#2212 = CARTESIAN_POINT ( 'NONE',  ( 149.9999999999992042, -3.609269300846623008, 431.4188600312683661 ) ) ;
#2213 = CARTESIAN_POINT ( 'NONE',  ( -2.172075125309121724, 16.89621306203804707, 458.4249543244469578 ) ) ;
#2214 = CARTESIAN_POINT ( 'NONE',  ( 13.39083798810915660, -42.82984693475505367, 472.2707454038451829 ) ) ;
#2215 = CARTESIAN_POINT ( 'NONE',  ( -9.674189304284253055, -46.15174185048247324, 469.1623122360369962 ) ) ;
#2216 = ORIENTED_EDGE ( 'NONE', *, *, #4558, .T. ) ;
#2217 = CARTESIAN_POINT ( 'NONE',  ( -150.0000000000000853, -6.834930632268858552, 393.7681184507002285 ) ) ;
#2218 = CARTESIAN_POINT ( 'NONE',  ( -2.429170717205568764, -43.34757862521347960, 509.5548153918330172 ) ) ;
#2219 = CARTESIAN_POINT ( 'NONE',  ( -3.259235494703628166, -10.15654481238947682, 558.8544376835186540 ) ) ;
#2220 = VERTEX_POINT ( 'NONE', #4436 ) ;
#2221 = CARTESIAN_POINT ( 'NONE',  ( 53.99376522355691321, -22.28162096595698927, 249.9380143859971497 ) ) ;
#2222 = CARTESIAN_POINT ( 'NONE',  ( -7.364996593226562638, -39.71017151835446413, 494.3177304660674167 ) ) ;
#2223 = CARTESIAN_POINT ( 'NONE',  ( 21.21673102109541986, -28.99159805910337795, 494.3357449437268087 ) ) ;
#2224 = CARTESIAN_POINT ( 'NONE',  ( -10.19277706336338518, -54.83369123470661322, 437.9678222614994070 ) ) ;
#2225 = DIRECTION ( 'NONE',  ( -0.000000000000000000, -0.000000000000000000, 1.000000000000000000 ) ) ;
#2226 = CARTESIAN_POINT ( 'NONE',  ( -12.86247850714965146, 12.69759175914412630, 434.5665988047372821 ) ) ;
#2227 = CARTESIAN_POINT ( 'NONE',  ( -2.739905652163242333, -29.83414241228554786, 558.9422371214553777 ) ) ;
#2228 = CARTESIAN_POINT ( 'NONE',  ( 0.000000000000000000, -14.30888723499310267, 566.3978615836937252 ) ) ;
#2229 = CARTESIAN_POINT ( 'NONE',  ( 0.000000000000000000, 24.65191137066539895, 4.845070576238386550 ) ) ;
#2230 = CARTESIAN_POINT ( 'NONE',  ( -24.12352092080233845, -9.139338701799667675, 489.2298302307735867 ) ) ;
#2231 = CARTESIAN_POINT ( 'NONE',  ( 67.20797338193762016, -58.80519439979746465, 345.3472472737784642 ) ) ;
#2232 = CARTESIAN_POINT ( 'NONE',  ( -11.25504089863854951, -36.29061341059800583, 496.2539571759513137 ) ) ;
#2233 = CARTESIAN_POINT ( 'NONE',  ( 35.70076512255314327, -25.61825458917250842, 467.8261055289883643 ) ) ;
#2234 = CARTESIAN_POINT ( 'NONE',  ( 0.000000000000000000, -8.653564323852759088, 0.000000000000000000 ) ) ;
#2235 = CARTESIAN_POINT ( 'NONE',  ( 0.000000000000000000, -27.20000000000000284, 409.6353247020396680 ) ) ;
#2236 = CARTESIAN_POINT ( 'NONE',  ( 60.02803700157722488, -16.33857417776285104, 449.8906448429298166 ) ) ;
#2237 = CARTESIAN_POINT ( 'NONE',  ( 31.17346963201543986, -42.78297488310003160, 430.0000000002123102 ) ) ;
#2238 = DIRECTION ( 'NONE',  ( 1.000000000000000000, 0.000000000000000000, 0.000000000000000000 ) ) ;
#2239 = CARTESIAN_POINT ( 'NONE',  ( 21.72333732889022428, -49.42538233309595341, 436.0265113600559630 ) ) ;
#2240 = CARTESIAN_POINT ( 'NONE',  ( 0.000000000000000000, -46.58870159832864033, 508.9422371214551504 ) ) ;
#2241 = CARTESIAN_POINT ( 'NONE',  ( -82.92067076190876662, -51.49750296889394008, 121.3146546891777575 ) ) ;
#2242 = CARTESIAN_POINT ( 'NONE',  ( 150.0000000000000284, -5.383191291834332759, 440.0305525103662490 ) ) ;
#2243 = CARTESIAN_POINT ( 'NONE',  ( 10.87137964986494865, 12.27380154565681281, 466.5267389959417415 ) ) ;
#2244 = CARTESIAN_POINT ( 'NONE',  ( -47.31906922256367665, 15.57846502002442612, 326.4192049172317525 ) ) ;
#2245 = CARTESIAN_POINT ( 'NONE',  ( 8.323166640638648417, -44.13189061423130255, 478.2167714595542520 ) ) ;
#2246 = CARTESIAN_POINT ( 'NONE',  ( -17.03075460262266461, -41.73259951729880157, 467.8549625121710847 ) ) ;
#2247 = EDGE_CURVE ( 'NONE', #1729, #3066, #4555, .T. ) ;
#2248 = CARTESIAN_POINT ( 'NONE',  ( 60.01452371159473387, -16.93389147502358938, 448.8732548501399719 ) ) ;
#2249 = ORIENTED_EDGE ( 'NONE', *, *, #899, .F. ) ;
#2250 = CARTESIAN_POINT ( 'NONE',  ( -11.89296304348726885, -44.16060420333716507, 493.8727832689493766 ) ) ;
#2251 = CARTESIAN_POINT ( 'NONE',  ( 0.000000000000000000, -42.98672263033668628, 511.4422371208862046 ) ) ;
#2252 = AXIS2_PLACEMENT_3D ( 'NONE', #4678, #502, #4875 ) ;
#2253 = CARTESIAN_POINT ( 'NONE',  ( 81.39791087799768832, -53.74601251975116156, 139.2012258197769370 ) ) ;
#2254 = CARTESIAN_POINT ( 'NONE',  ( -12.42468602756070162, 0.8701743984461717263, -41.28002289990918428 ) ) ;
#2255 = CARTESIAN_POINT ( 'NONE',  ( 49.74206634844815511, -19.57615653324969784, 458.6669562561584712 ) ) ;
#2256 = CARTESIAN_POINT ( 'NONE',  ( -39.72445052568545520, -39.94141957066907622, 411.4207354339249605 ) ) ;
#2257 = PRODUCT_DEFINITION_FORMATION_WITH_SPECIFIED_SOURCE ( 'ANY', '', #4457, .NOT_KNOWN. ) ;
#2258 = VERTEX_POINT ( 'NONE', #5555 ) ;
#2259 = CARTESIAN_POINT ( 'NONE',  ( -46.81549405019743659, -19.28282399667833857, 467.4559889056344559 ) ) ;
#2260 = CARTESIAN_POINT ( 'NONE',  ( -13.34630898829323975, 10.92074758202251239, 440.7593230931238395 ) ) ;
#2261 = CARTESIAN_POINT ( 'NONE',  ( -8.879576889445393917, -25.84536226492010513, 558.9422371214550367 ) ) ;
#2262 = CARTESIAN_POINT ( 'NONE',  ( -35.58864692157143850, -19.56703635444633704, 508.0066010617481993 ) ) ;
#2263 = AXIS2_PLACEMENT_3D ( 'NONE', #2791, #339, #3308 ) ;
#2264 = CARTESIAN_POINT ( 'NONE',  ( 15.55331741631335696, 45.35218854345084338, 234.3705618064915370 ) ) ;
#2265 = ORIENTED_EDGE ( 'NONE', *, *, #6057, .F. ) ;
#2266 = CARTESIAN_POINT ( 'NONE',  ( -15.90105687375537435, -6.085765005545279216, 495.8225636865305432 ) ) ;
#2267 = CARTESIAN_POINT ( 'NONE',  ( 9.946297514209035739, -77.91804623338890678, 331.7075762636822560 ) ) ;
#2268 = CARTESIAN_POINT ( 'NONE',  ( -6.364004302412481273, -37.57886560602900516, 503.5649279316662046 ) ) ;
#2269 = CARTESIAN_POINT ( 'NONE',  ( 49.82849273425501480, -10.81063868873671296, 457.9816398626763885 ) ) ;
#2270 = FACE_OUTER_BOUND ( 'NONE', #526, .T. ) ;
#2271 = CARTESIAN_POINT ( 'NONE',  ( 0.9241093456882129020, 5.399711916080334184, 505.5585260358843698 ) ) ;
#2272 = CARTESIAN_POINT ( 'NONE',  ( 35.65807098579435319, -25.44838089003943082, 502.3913588330149764 ) ) ;
#2273 = CARTESIAN_POINT ( 'NONE',  ( 24.35792419081465709, -49.43982001550087091, 430.0000000002122533 ) ) ;
#2274 = FACE_OUTER_BOUND ( 'NONE', #951, .T. ) ;
#2275 = CARTESIAN_POINT ( 'NONE',  ( 11.27440347482775707, -52.53195589301071067, 445.0128370031640088 ) ) ;
#2276 = EDGE_CURVE ( 'NONE', #695, #5148, #956, .T. ) ;
#2277 = CARTESIAN_POINT ( 'NONE',  ( -1.568938041166486164, 5.286990837761003981, 505.8050999535283836 ) ) ;
#2278 = CARTESIAN_POINT ( 'NONE',  ( -12.22027440263713949, -63.51937948498553510, 10.60395131229715382 ) ) ;
#2279 = CARTESIAN_POINT ( 'NONE',  ( 149.9999999999999716, -5.404640085793534610, 440.0305525103650552 ) ) ;
#2280 = CARTESIAN_POINT ( 'NONE',  ( 37.43434600815625402, 3.497723437920143397, 446.0507749091595429 ) ) ;
#2281 = CARTESIAN_POINT ( 'NONE',  ( -41.93462905618955716, 26.32851893096475138, 364.7381377576680279 ) ) ;
#2282 = CARTESIAN_POINT ( 'NONE',  ( 39.01947529612459675, -29.19105921593867237, 445.9677758345518441 ) ) ;
#2283 = CARTESIAN_POINT ( 'NONE',  ( -8.323166640638648417, -44.13189061423130255, 478.2167714595542520 ) ) ;
#2284 = CARTESIAN_POINT ( 'NONE',  ( -20.70203604385842056, -7.268289112594169765, 489.6737204410384834 ) ) ;
#2285 = VERTEX_POINT ( 'NONE', #22 ) ;
#2286 = CARTESIAN_POINT ( 'NONE',  ( -8.377149940162730957, -56.92105297426658694, 457.7183155873057672 ) ) ;
#2287 = CARTESIAN_POINT ( 'NONE',  ( 149.9999999999994316, -6.723485626346573873, 244.2055216643992424 ) ) ;
#2288 = CARTESIAN_POINT ( 'NONE',  ( -86.59048839564125899, -5.768153520067688333, 55.25887913199452584 ) ) ;
#2289 = CARTESIAN_POINT ( 'NONE',  ( 13.23703795605434053, -33.43111278390480123, 500.3732474982414260 ) ) ;
#2290 = CARTESIAN_POINT ( 'NONE',  ( -17.87227755889341196, -50.81725728930854302, 439.6015604913919219 ) ) ;
#2291 = EDGE_LOOP ( 'NONE', ( #1042, #2323, #1666 ) ) ;
#2292 = CARTESIAN_POINT ( 'NONE',  ( 16.26683728617829416, 13.68597174418505880, 424.4954562363226387 ) ) ;
#2293 = CARTESIAN_POINT ( 'NONE',  ( -28.75914499541093505, 5.796305979212619697, 429.4278267305566033 ) ) ;
#2294 = CARTESIAN_POINT ( 'NONE',  ( 0.000000000000000000, -10.80000000000000071, 432.9207075737901391 ) ) ;
#2295 = CARTESIAN_POINT ( 'NONE',  ( -9.612637209448243070, -20.58244203616503043, 558.7803851268713515 ) ) ;
#2296 = CARTESIAN_POINT ( 'NONE',  ( 1.897151511910303734, 46.91140964979707206, 229.3722862163716343 ) ) ;
#2297 = CARTESIAN_POINT ( 'NONE',  ( -8.907741075989999757, -2.859290991058413667, 499.9423265139123487 ) ) ;
#2298 = CARTESIAN_POINT ( 'NONE',  ( 0.000000000000000000, -79.94740425930625349, 298.1605794743937849 ) ) ;
#2299 = CARTESIAN_POINT ( 'NONE',  ( -38.44430030173531776, -27.80452637138077066, 452.3596203070230786 ) ) ;
#2300 = CARTESIAN_POINT ( 'NONE',  ( 47.26438324649147660, -23.87508610083814986, 443.8605225607558395 ) ) ;
#2301 = CARTESIAN_POINT ( 'NONE',  ( 11.00000000000001421, 2.814095392734300205, 475.6425751086818536 ) ) ;
#2302 = CARTESIAN_POINT ( 'NONE',  ( 143.1164247851538107, -7.432245028885739124, 429.9999999999998295 ) ) ;
#2303 = CARTESIAN_POINT ( 'NONE',  ( -12.09054999567733191, -6.482194770122253757, 505.2236980833885127 ) ) ;
#2304 = CARTESIAN_POINT ( 'NONE',  ( 38.28626252286583309, -34.96193025844360847, 430.0000000002123102 ) ) ;
#2305 = CARTESIAN_POINT ( 'NONE',  ( -11.00000000000001421, 2.814095392734300205, 475.6425751086818536 ) ) ;
#2306 = CARTESIAN_POINT ( 'NONE',  ( 11.94882900973253825, -54.52797386045487826, 436.7806686965030849 ) ) ;
#2307 = CARTESIAN_POINT ( 'NONE',  ( -1.772506201779876944, 5.240432644763333592, 505.9157719559657949 ) ) ;
#2308 = CARTESIAN_POINT ( 'NONE',  ( 24.72343634071276952, -0.1584099275614131441, 457.9029458842330769 ) ) ;
#2309 = CARTESIAN_POINT ( 'NONE',  ( -54.81935120649129090, -24.03091502903525267, 240.7408612160144514 ) ) ;
#2310 = CARTESIAN_POINT ( 'NONE',  ( 7.196804589365781268, -18.12640572325879162, 567.2561319078702127 ) ) ;
#2311 = CARTESIAN_POINT ( 'NONE',  ( 2.463040405063526617, 2.764101418705058322, 515.2409785199594126 ) ) ;
#2312 = CARTESIAN_POINT ( 'NONE',  ( -1.649437573462356754, 38.88726402745196253, 331.8909477606557630 ) ) ;
#2313 = CARTESIAN_POINT ( 'NONE',  ( 34.84930064179590659, -31.35009222378690197, 450.6042785207213797 ) ) ;
#2314 = CARTESIAN_POINT ( 'NONE',  ( -17.89553305250962723, -43.82304460532049006, 460.1093662064233172 ) ) ;
#2315 = CARTESIAN_POINT ( 'NONE',  ( -26.36095858391164981, -6.794924185935053096, 477.0751349971818627 ) ) ;
#2316 = ORIENTED_EDGE ( 'NONE', *, *, #5621, .F. ) ;
#2317 = CARTESIAN_POINT ( 'NONE',  ( -149.9999999999998010, -6.875459908048366486, 385.8569077436361567 ) ) ;
#2318 = EDGE_CURVE ( 'NONE', #5647, #1764, #5948, .T. ) ;
#2319 = CARTESIAN_POINT ( 'NONE',  ( 11.86410883611506328, -71.82656021748414332, 58.07640403734466616 ) ) ;
#2320 = CARTESIAN_POINT ( 'NONE',  ( 150.0000000000000284, -5.251527702307163814, 440.0305525103657374 ) ) ;
#2321 = CARTESIAN_POINT ( 'NONE',  ( 6.532016216715228474, -32.89882270010095766, 518.2337412623820683 ) ) ;
#2322 = CARTESIAN_POINT ( 'NONE',  ( -29.76443121159466898, -47.62703845864763963, 421.5564857998022035 ) ) ;
#2323 = ORIENTED_EDGE ( 'NONE', *, *, #4367, .F. ) ;
#2324 = CARTESIAN_POINT ( 'NONE',  ( 18.24047030963694738, 11.63106794423013746, 428.9398194340246278 ) ) ;
#2325 = CARTESIAN_POINT ( 'NONE',  ( -28.90699540819955971, 7.395888098598296878, 423.4311735184969052 ) ) ;
#2326 = CARTESIAN_POINT ( 'NONE',  ( 0.000000000000000000, -63.18841643541568942, 434.8850367460668167 ) ) ;
#2327 = CARTESIAN_POINT ( 'NONE',  ( -60.03651646153494426, -14.49717044496032692, 451.4581553355412211 ) ) ;
#2328 = CARTESIAN_POINT ( 'NONE',  ( -14.28780081752939957, -1.972135039446382132, 485.3470604558169157 ) ) ;
#2329 = CARTESIAN_POINT ( 'NONE',  ( 2.899750788363215204, -80.98006933771337401, 229.3399531088793424 ) ) ;
#2330 = CARTESIAN_POINT ( 'NONE',  ( -16.61015290059622629, -32.56521198635633851, 495.0486402595073514 ) ) ;
#2331 = CARTESIAN_POINT ( 'NONE',  ( 17.79386954334135140, -28.31764640261885191, 505.6147268732588032 ) ) ;
#2332 = CARTESIAN_POINT ( 'NONE',  ( 10.99999999999992184, -36.94628757547486231, 494.8136451911540235 ) ) ;
#2333 = CARTESIAN_POINT ( 'NONE',  ( 102.0237281548810415, -13.86141765723736619, 429.9999999999998863 ) ) ;
#2334 = CARTESIAN_POINT ( 'NONE',  ( -15.12418863609289055, -7.734872160940458485, 502.9422214030151395 ) ) ;
#2335 = CARTESIAN_POINT ( 'NONE',  ( 40.74722632436895964, -32.51406903481350241, 430.0000000002123670 ) ) ;
#2336 = FACE_OUTER_BOUND ( 'NONE', #4281, .T. ) ;
#2337 = CARTESIAN_POINT ( 'NONE',  ( 20.82561668301485724, -52.03580674486011048, 430.0219652648103192 ) ) ;
#2338 = VERTEX_POINT ( 'NONE', #1986 ) ;
#2339 = CARTESIAN_POINT ( 'NONE',  ( -3.066823385967608839, 3.839221113690682419, 510.6447835116318856 ) ) ;
#2340 = CARTESIAN_POINT ( 'NONE',  ( 31.78809574842714269, -1.418122488285888050, 448.9837983494472837 ) ) ;
#2341 = CARTESIAN_POINT ( 'NONE',  ( -149.9999999999994031, -3.928125979796779355, 216.2976994854811608 ) ) ;
#2342 = CARTESIAN_POINT ( 'NONE',  ( 9.613428356530263841, -15.67299336771722018, 557.1634529041714359 ) ) ;
#2343 = CARTESIAN_POINT ( 'NONE',  ( 9.652764452307431853, -8.494098938562002488, 541.5631860185608275 ) ) ;
#2344 = CARTESIAN_POINT ( 'NONE',  ( -13.31731313304985065, 39.58377582248513704, 320.0000000000000568 ) ) ;
#2345 = CARTESIAN_POINT ( 'NONE',  ( 54.08035458641720794, -23.13332524839834647, 427.1261347197840337 ) ) ;
#2346 = CARTESIAN_POINT ( 'NONE',  ( -15.68179925235686412, -42.15507781487252004, 469.5242783579625439 ) ) ;
#2347 = DIRECTION ( 'NONE',  ( -0.000000000000000000, 1.000000000000000000, 0.000000000000000000 ) ) ;
#2348 = ORIENTED_EDGE ( 'NONE', *, *, #4752, .F. ) ;
#2349 = CARTESIAN_POINT ( 'NONE',  ( -2.767282711374470683, -69.95155719551215157, 400.7837281905764826 ) ) ;
#2350 = CARTESIAN_POINT ( 'NONE',  ( 28.33359194811204773, -49.08639247701021446, -13.24810172851660539 ) ) ;
#2351 = CARTESIAN_POINT ( 'NONE',  ( -12.50569815975795684, -8.939040514739479804, -53.94021469740130925 ) ) ;
#2352 = CARTESIAN_POINT ( 'NONE',  ( 23.49803531791325995, -30.33287830907682192, 484.1747263038291180 ) ) ;
#2353 = CARTESIAN_POINT ( 'NONE',  ( -38.03223434136228320, -41.35699576261897192, 413.0950110116205565 ) ) ;
#2354 = VERTEX_POINT ( 'NONE', #5920 ) ;
#2355 = PRESENTATION_LAYER_ASSIGNMENT (  '', '', ( #4419 ) ) ;
#2356 = CARTESIAN_POINT ( 'NONE',  ( 18.98918343423553523, 11.46541069788923295, 428.1244279055659945 ) ) ;
#2357 = CARTESIAN_POINT ( 'NONE',  ( -13.05374294629743126, 9.238092091609807710, 447.7221175618398661 ) ) ;
#2358 = CARTESIAN_POINT ( 'NONE',  ( 38.49550899837979756, 0.9312596772129079215, 430.0000000002122533 ) ) ;
#2359 = ADVANCED_FACE ( 'NONE', ( #5433 ), #2016, .F. ) ;
#2360 = CARTESIAN_POINT ( 'NONE',  ( -2.564913514413461826, -19.99999999999999645, 568.9422371214550367 ) ) ;
#2361 = EDGE_CURVE ( 'NONE', #484, #3066, #3087, .T. ) ;
#2362 = VERTEX_POINT ( 'NONE', #3983 ) ;
#2363 = VECTOR ( 'NONE', #2211, 1000.000000000000000 ) ;
#2364 = CARTESIAN_POINT ( 'NONE',  ( -10.48838259647449611, -3.193061026727421758, 497.5891752903155520 ) ) ;
#2365 = CARTESIAN_POINT ( 'NONE',  ( 2.937251763210297018, -80.82216800015496005, 205.2920890214520853 ) ) ;
#2366 = CARTESIAN_POINT ( 'NONE',  ( -13.23703795605434053, -33.43111278390480123, 500.3732474982414260 ) ) ;
#2367 = CARTESIAN_POINT ( 'NONE',  ( 0.000000000000000000, -8.653564323852759088, 510.5422371214551731 ) ) ;
#2368 = FACE_OUTER_BOUND ( 'NONE', #3546, .T. ) ;
#2369 = AXIS2_PLACEMENT_3D ( 'NONE', #1354, #4280, #5211 ) ;
#2370 = CARTESIAN_POINT ( 'NONE',  ( 34.58006080417758454, -48.26414655959712974, 429.9999999999998295 ) ) ;
#2371 = CARTESIAN_POINT ( 'NONE',  ( -12.61439965933661078, -6.944973348415339309, 505.6499813124436287 ) ) ;
#2372 = CARTESIAN_POINT ( 'NONE',  ( 41.43543712710295779, -31.86156449500439436, 430.0000000002123102 ) ) ;
#2373 = CARTESIAN_POINT ( 'NONE',  ( 0.5164495394876698064, -10.81399453566922020, 507.4242552304145875 ) ) ;
#2374 = CARTESIAN_POINT ( 'NONE',  ( 21.31219565060044374, -51.85019359773369985, 429.6020554823825819 ) ) ;
#2375 = CIRCLE ( 'NONE', #2057, 9.199999999999999289 ) ;
#2376 = CARTESIAN_POINT ( 'NONE',  ( -1.710222875644743734, -64.19439860727015912, 430.0000000000001705 ) ) ;
#2377 = CARTESIAN_POINT ( 'NONE',  ( 40.08968903173592224, -1.065974393355657801, 434.8531936981859758 ) ) ;
#2378 = CARTESIAN_POINT ( 'NONE',  ( -149.9999999999993747, -5.086072248670411078, 222.8904789473830022 ) ) ;
#2379 = CARTESIAN_POINT ( 'NONE',  ( 150.0000000000000284, -5.592914906131156272, 440.0305525103659079 ) ) ;
#2380 = CARTESIAN_POINT ( 'NONE',  ( -6.848877587165034697, 9.753616543240035242, 486.0167545655663162 ) ) ;
#2381 = CARTESIAN_POINT ( 'NONE',  ( 11.38091477024557996, -45.73735897591537025, 467.3501243170634325 ) ) ;
#2382 = CARTESIAN_POINT ( 'NONE',  ( -24.77369603188756031, -38.69064001683739917, 457.6727508569184693 ) ) ;
#2383 = CARTESIAN_POINT ( 'NONE',  ( -50.40587847943107391, -4.783583394060748617, 435.4386536946834099 ) ) ;
#2384 = EDGE_LOOP ( 'NONE', ( #4963, #3449, #6237, #1994 ) ) ;
#2385 = CARTESIAN_POINT ( 'NONE',  ( 0.000000000000000000, -79.23654712196002947, 312.7842718553088162 ) ) ;
#2386 = DIRECTION ( 'NONE',  ( -1.000000000000000000, 0.000000000000000000, 0.000000000000000000 ) ) ;
#2387 = CARTESIAN_POINT ( 'NONE',  ( 12.44940628510439140, -48.11425084438231181, -31.82437816889770232 ) ) ;
#2388 = CARTESIAN_POINT ( 'NONE',  ( -56.19787954467784630, 2.127072668286307255, 212.5857681456718353 ) ) ;
#2389 = CARTESIAN_POINT ( 'NONE',  ( 8.701873740756269626, -36.97935816398420172, 499.8916449614148405 ) ) ;
#2390 = CARTESIAN_POINT ( 'NONE',  ( -20.79371142177461351, -49.79123777478946522, 436.9257918223062802 ) ) ;
#2391 = VERTEX_POINT ( 'NONE', #5526 ) ;
#2392 = CARTESIAN_POINT ( 'NONE',  ( 40.10778097375737161, 6.291991230590324946, 407.7083860306350971 ) ) ;
#2393 = CARTESIAN_POINT ( 'NONE',  ( -1.491328355976571318, -29.93225504864150466, 558.9422371034256685 ) ) ;
#2394 = CARTESIAN_POINT ( 'NONE',  ( 26.37955517159176111, 6.928189460157447854, 430.0000000002123102 ) ) ;
#2395 = CARTESIAN_POINT ( 'NONE',  ( 0.000000000000000000, -15.14633705237953443, 567.1313095050660422 ) ) ;
#2396 = VERTEX_POINT ( 'NONE', #4912 ) ;
#2397 = CARTESIAN_POINT ( 'NONE',  ( -35.62186916837892880, -5.270624579058329928, 455.9231137431652314 ) ) ;
#2398 = B_SPLINE_CURVE_WITH_KNOTS ( 'NONE', 3,
 ( #249, #2219, #4181, #3189, #5151, #6149, #5673 ),
 .UNSPECIFIED., .F., .F.,
 ( 4, 1, 1, 1, 4 ),
 ( 0.007264361530398773942, 0.03502224838491098391, 0.09383257832149248523, 0.1938325783214923659, 1.000000000000000000 ),
 .UNSPECIFIED. ) ;
#2399 = CARTESIAN_POINT ( 'NONE',  ( -6.775020363303571713, -35.18084500670998693, 510.2014704076809153 ) ) ;
#2400 = CARTESIAN_POINT ( 'NONE',  ( -10.37180417436840330, 2.577388960406828300, 477.6341987149374404 ) ) ;
#2401 = CARTESIAN_POINT ( 'NONE',  ( 8.899381403947367986, -14.22902949608656442, 558.9422371214548093 ) ) ;
#2402 = CARTESIAN_POINT ( 'NONE',  ( 11.51139640982585632, -30.82403112155674663, 512.7977593170322734 ) ) ;
#2403 = CARTESIAN_POINT ( 'NONE',  ( 13.46303525741861051, -62.23822917468247340, 430.0000000000000000 ) ) ;
#2404 = CARTESIAN_POINT ( 'NONE',  ( 0.000000000000000000, -14.59886794602576821, 558.9422371214550367 ) ) ;
#2405 = CARTESIAN_POINT ( 'NONE',  ( 36.72539216940564444, -36.61491779409101355, 430.0000000002123670 ) ) ;
#2406 = DIRECTION ( 'NONE',  ( -0.000000000000000000, -1.000000000000000000, -0.000000000000000000 ) ) ;
#2407 = CARTESIAN_POINT ( 'NONE',  ( 12.87991975064777250, -56.34225063435960834, 428.2998452421339266 ) ) ;
#2408 = ORIENTED_EDGE ( 'NONE', *, *, #1111, .F. ) ;
#2409 = CARTESIAN_POINT ( 'NONE',  ( 9.342672283109708431, 0.9150211976527687918, 485.7509787476907377 ) ) ;
#2410 = CARTESIAN_POINT ( 'NONE',  ( -3.328324782304616480, -45.70254741371168450, -42.44175074588434171 ) ) ;
#2411 = CARTESIAN_POINT ( 'NONE',  ( 0.000000000000000000, -20.00000000000000711, 568.9422371214550367 ) ) ;
#2412 = B_SPLINE_CURVE_WITH_KNOTS ( 'NONE', 3,
 ( #6085, #3637, #4214, #4696 ),
 .UNSPECIFIED., .F., .F.,
 ( 4, 4 ),
 ( 0.000000000000000000, 0.001491836285983640705 ),
 .UNSPECIFIED. ) ;
#2413 = CARTESIAN_POINT ( 'NONE',  ( -9.824827521419905452, -2.593892997156575397, 521.6966707247395334 ) ) ;
#2414 = CARTESIAN_POINT ( 'NONE',  ( 29.10881844647747130, -38.70710667976108965, 446.0838693176085030 ) ) ;
#2415 = CARTESIAN_POINT ( 'NONE',  ( -7.245601549364486971, -42.01822780186847694, 487.1796969917417073 ) ) ;
#2416 = CARTESIAN_POINT ( 'NONE',  ( 57.48208732925206021, -17.40021948611592251, 407.2488359997994962 ) ) ;
#2417 = CARTESIAN_POINT ( 'NONE',  ( 1.274488446923937257, -43.01185181016018078, 511.0994042909737800 ) ) ;
#2418 = CARTESIAN_POINT ( 'NONE',  ( -17.43097359846064620, -62.41490392309066948, 425.1790130168931796 ) ) ;
#2419 = B_SPLINE_CURVE_WITH_KNOTS ( 'NONE', 3,
 ( #1436, #2822, #6302, #3269, #3852, #4334, #3405, #2403, #891, #1373, #3339, #4777, #5367, #2789, #5231, #1918, #958, #3306, #403, #471, #2370, #5825, #2919, #4877, #2437, #1338, #1817, #3787, #3821, #822, #4397, #4366, #439, #1404, #4744, #3884, #6365, #5757, #5855, #1949, #2855, #5724, #371, #4808, #5269, #2333, #2889, #1886, #1301, #337, #2302, #4266 ),
 .UNSPECIFIED., .F., .F.,
 ( 4, 2, 2, 2, 2, 2, 2, 2, 2, 2, 2, 2, 2, 2, 2, 2, 2, 2, 2, 2, 2, 2, 2, 2, 2, 4 ),
 ( 0.000000000000000000, 0.005105087003209027134, 0.01021017400641805080, 0.01276271750802256133, 0.01531526100962706839, 0.02042034801283608078, 0.02552543501604508797, 0.02807797851764959329, 0.03063052201925409515, 0.03573560902246308152, 0.04084069602567207136, 0.04594578302888106119, 0.05105087003209005103, 0.05615595703529904087, 0.06126104403850802377, 0.06636613104171701361, 0.06891867454332149812, 0.07147121804492599650, 0.08168139205134393455, 0.08678647905455291744, 0.09189156605776188647, 0.1021017400641798661, 0.1123119140705978458, 0.1225220880770158116, 0.1429424360898517987, 0.1633627841026877303 ),
 .UNSPECIFIED. ) ;
#2420 = CARTESIAN_POINT ( 'NONE',  ( 55.83428759248237583, -24.18254222406895693, 224.9861096921542867 ) ) ;
#2421 = CARTESIAN_POINT ( 'NONE',  ( 150.0000000000000568, 14.41729715668834189, 243.9122022442739706 ) ) ;
#2422 = CARTESIAN_POINT ( 'NONE',  ( -2.883333089012468431, 37.06396331801435196, 58.55160058116674549 ) ) ;
#2423 = CARTESIAN_POINT ( 'NONE',  ( 13.43944636795822944, -35.71015423215192897, 493.1177459051852452 ) ) ;
#2424 = CARTESIAN_POINT ( 'NONE',  ( -18.87814044678222913, -48.16538512096634861, 445.6088212909078266 ) ) ;
#2425 = EDGE_LOOP ( 'NONE', ( #4444, #5843, #96 ) ) ;
#2426 = CARTESIAN_POINT ( 'NONE',  ( 15.29521031749588467, 10.54352507059394739, 438.6374625546315542 ) ) ;
#2427 = CARTESIAN_POINT ( 'NONE',  ( -18.24047030963694738, 11.63106794423013746, 428.9398194340246278 ) ) ;
#2428 = CARTESIAN_POINT ( 'NONE',  ( 52.30019715940476743, -3.801057347809655429, 430.0000000002121965 ) ) ;
#2429 = EDGE_CURVE ( 'NONE', #3460, #7, #2098, .T. ) ;
#2430 = CARTESIAN_POINT ( 'NONE',  ( 0.000000000000000000, -26.44785560203635555, 565.5963671128135957 ) ) ;
#2431 = ORIENTED_EDGE ( 'NONE', *, *, #3778, .F. ) ;
#2432 = CARTESIAN_POINT ( 'NONE',  ( -22.61344704519618176, -5.216613558644071169, 479.1208710159264115 ) ) ;
#2433 = CARTESIAN_POINT ( 'NONE',  ( -52.88422958049117284, -19.66053805748768468, 450.2835028903091370 ) ) ;
#2434 = CARTESIAN_POINT ( 'NONE',  ( -15.74940226982390534, 3.365909586704480372, 463.9106287044626811 ) ) ;
#2435 = CARTESIAN_POINT ( 'NONE',  ( 0.000000000000000000, -8.653564323852759088, 505.4422371214552072 ) ) ;
#2436 = CARTESIAN_POINT ( 'NONE',  ( 0.000000000000000000, -46.58870159832864033, 511.4422371214550935 ) ) ;
#2437 = CARTESIAN_POINT ( 'NONE',  ( 41.44580843488618171, -40.58642625586956854, 430.0000000000000000 ) ) ;
#2438 = CARTESIAN_POINT ( 'NONE',  ( -10.99999999999996803, -3.731290437159163087, 498.2807125574875045 ) ) ;
#2439 = CARTESIAN_POINT ( 'NONE',  ( 50.07152894842729296, -25.05961854018796586, 430.0000000002123102 ) ) ;
#2440 = CARTESIAN_POINT ( 'NONE',  ( 14.40375284334903938, -28.82869273257070830, 618.0000000002123670 ) ) ;
#2441 = CARTESIAN_POINT ( 'NONE',  ( 11.58045101835725177, -56.58291100310155741, 429.0895968453875753 ) ) ;
#2442 = CARTESIAN_POINT ( 'NONE',  ( 26.29531309094459957, -2.204907013900342605, 461.7856688580750415 ) ) ;
#2443 = CARTESIAN_POINT ( 'NONE',  ( -12.49948568607702626, -38.65774659530805479, -46.08202769975808621 ) ) ;
#2444 = CARTESIAN_POINT ( 'NONE',  ( 35.59261914727503751, -15.39200911443471043, 505.5973799367540096 ) ) ;
#2445 = CARTESIAN_POINT ( 'NONE',  ( -58.62154318630234684, -4.489909763417698763, 423.0794994535144156 ) ) ;
#2446 = CARTESIAN_POINT ( 'NONE',  ( 9.814217006593292325, -48.41070716188900036, 461.5502247732599130 ) ) ;
#2447 = CARTESIAN_POINT ( 'NONE',  ( 0.000000000000000000, -38.03999744772360714, 529.1877037132842361 ) ) ;
#2448 = CARTESIAN_POINT ( 'NONE',  ( 1.129090120848401213, -42.99943308456003876, 511.1789647505283938 ) ) ;
#2449 = CARTESIAN_POINT ( 'NONE',  ( 0.000000000000000000, -80.63658243139667547, 275.6662446149163088 ) ) ;
#2450 = CARTESIAN_POINT ( 'NONE',  ( 149.9999999999999147, -5.299783245063093950, 224.5389727448275607 ) ) ;
#2451 = CARTESIAN_POINT ( 'NONE',  ( 50.07172804542855005, 20.26724883329845284, 270.0327580235693290 ) ) ;
#2452 = CARTESIAN_POINT ( 'NONE',  ( -11.07186743597200973, 32.81523294668829749, 45.76036132870854090 ) ) ;
#2453 = CARTESIAN_POINT ( 'NONE',  ( 50.27653746623915509, -21.55319530701342501, 446.7035435469292679 ) ) ;
#2454 = CARTESIAN_POINT ( 'NONE',  ( -22.55066556536671740, -46.78230757571752463, 441.7910576659226649 ) ) ;
#2455 = VERTEX_POINT ( 'NONE', #1112 ) ;
#2456 = CARTESIAN_POINT ( 'NONE',  ( 10.69810964742895010, 9.684814492351385695, 450.3458700665565857 ) ) ;
#2457 = CARTESIAN_POINT ( 'NONE',  ( -17.02267541567761100, 13.53136537058163924, 423.7357430225308690 ) ) ;
#2458 = PLANE ( 'NONE',  #6059 ) ;
#2459 = CARTESIAN_POINT ( 'NONE',  ( -2.565419846235478474, -29.74471616344687774, 559.4884453056458824 ) ) ;
#2460 = ORIENTED_EDGE ( 'NONE', *, *, #4163, .F. ) ;
#2461 = CARTESIAN_POINT ( 'NONE',  ( -14.48985733702526701, -0.09482794030961534670, 478.5331669077235119 ) ) ;
#2462 = CARTESIAN_POINT ( 'NONE',  ( -47.26235465579262041, -21.48898005256249277, 455.0890532292156081 ) ) ;
#2463 = CARTESIAN_POINT ( 'NONE',  ( -16.45019180185074958, -0.4476321007814082487, 475.6892706594405809 ) ) ;
#2464 = CARTESIAN_POINT ( 'NONE',  ( 0.000000000000000000, -20.00000000000000000, 458.9422371214550935 ) ) ;
#2465 = CARTESIAN_POINT ( 'NONE',  ( -98.30848066845990729, -3.698264805254712240, 430.0000000000002274 ) ) ;
#2466 = FACE_OUTER_BOUND ( 'NONE', #3231, .T. ) ;
#2467 = PLANE ( 'NONE',  #828 ) ;
#2468 = CARTESIAN_POINT ( 'NONE',  ( 5.637443182865031766, -30.85565002992060712, 527.7889839737780449 ) ) ;
#2469 = CARTESIAN_POINT ( 'NONE',  ( -10.99999999999992184, -36.94628757547486231, 494.8136451911540235 ) ) ;
#2470 = CARTESIAN_POINT ( 'NONE',  ( 32.43014418087440021, -48.02745521409215712, 412.7087673764963256 ) ) ;
#2471 = VECTOR ( 'NONE', #5492, 1000.000000000000000 ) ;
#2472 = CARTESIAN_POINT ( 'NONE',  ( 8.582967090660641674, 1.092459510552067581, 486.8104088087519585 ) ) ;
#2473 = CARTESIAN_POINT ( 'NONE',  ( -0.000000000000000000, -51.96883089071047124, -31.42314746429609329 ) ) ;
#2474 = CARTESIAN_POINT ( 'NONE',  ( -45.02176741393094517, -36.90813476388507297, 430.0000000000002274 ) ) ;
#2475 = CARTESIAN_POINT ( 'NONE',  ( 150.0000000000000284, -5.750896239144917210, 440.0305525103657374 ) ) ;
#2476 = VECTOR ( 'NONE', #3370, 1000.000000000000000 ) ;
#2477 = CARTESIAN_POINT ( 'NONE',  ( -57.77097111345211289, -2.535394609008782663, 415.1043187994338837 ) ) ;
#2478 = CARTESIAN_POINT ( 'NONE',  ( 46.39042928614821903, -26.89115056798632963, 433.2056313312987186 ) ) ;
#2479 = EDGE_CURVE ( 'NONE', #5545, #2579, #1942, .T. ) ;
#2480 = CARTESIAN_POINT ( 'NONE',  ( 2.571489208466819054, -34.55098522010052164, 541.5823677263329046 ) ) ;
#2481 = CARTESIAN_POINT ( 'NONE',  ( -11.00000000000000000, 0.000000000000000000, 618.0000000002123670 ) ) ;
#2482 = CARTESIAN_POINT ( 'NONE',  ( -18.54967280091722159, -65.48671766064194344, 411.1240943814369189 ) ) ;
#2483 = CARTESIAN_POINT ( 'NONE',  ( 56.15644581993174000, -22.59803097290584972, 217.0202573784488322 ) ) ;
#2484 = CARTESIAN_POINT ( 'NONE',  ( 9.038935942379033861, 44.65478929440413225, 133.3990811073386169 ) ) ;
#2485 = CARTESIAN_POINT ( 'NONE',  ( -68.02388392350869140, 29.98456005054444162, 166.0820768548770161 ) ) ;
#2486 = CARTESIAN_POINT ( 'NONE',  ( 14.30647052645669781, -35.47670996368560026, 491.8471676741586975 ) ) ;
#2487 = CARTESIAN_POINT ( 'NONE',  ( -37.10862445484528394, -39.97238515300786332, 419.7191598906233594 ) ) ;
#2488 = ORIENTED_EDGE ( 'NONE', *, *, #5109, .T. ) ;
#2489 = CARTESIAN_POINT ( 'NONE',  ( 12.47845041931092425, 5.822996575078073889, 461.6300465906771251 ) ) ;
#2490 = LINE ( 'NONE', #4421, #525 ) ;
#2491 = LINE ( 'NONE', #1940, #3286 ) ;
#2492 = CARTESIAN_POINT ( 'NONE',  ( -60.02969022401088495, -16.16991473110301669, 450.1470371607837251 ) ) ;
#2493 = ORIENTED_EDGE ( 'NONE', *, *, #4917, .T. ) ;
#2494 = CARTESIAN_POINT ( 'NONE',  ( -9.336156771643418395, -32.08940782059796248, 513.7260547320400974 ) ) ;
#2495 = CARTESIAN_POINT ( 'NONE',  ( -17.23752795886031208, -0.5905523210548023760, 474.5431121073356735 ) ) ;
#2496 = CARTESIAN_POINT ( 'NONE',  ( 3.996410220687182768, -10.35574080401412900, 558.9422371214554914 ) ) ;
#2497 = CARTESIAN_POINT ( 'NONE',  ( -24.23920391059913371, 15.15744182686480279, 429.9999999999999432 ) ) ;
#2498 = CARTESIAN_POINT ( 'NONE',  ( -7.193853010854474483, -10.41107745454391420, 557.8597997808570881 ) ) ;
#2499 = CARTESIAN_POINT ( 'NONE',  ( -14.19469825801930263, -28.86412121486799265, 512.8160205180690809 ) ) ;
#2500 = CARTESIAN_POINT ( 'NONE',  ( 5.020115703743043056, -30.82995252825351784, 529.6655752962869883 ) ) ;
#2501 = CARTESIAN_POINT ( 'NONE',  ( -150.0000000000000853, -6.250264775982731003, 440.0305525103657374 ) ) ;
#2502 = DIRECTION ( 'NONE',  ( 1.000000000000000000, 0.000000000000000000, 0.000000000000000000 ) ) ;
#2503 = CARTESIAN_POINT ( 'NONE',  ( 13.89463276475068731, -1.904446828205796249, 485.9354582314803679 ) ) ;
#2504 = CARTESIAN_POINT ( 'NONE',  ( 1.690012582823347135E-15, -29.19999999999999929, 510.5422371214551731 ) ) ;
#2505 = CARTESIAN_POINT ( 'NONE',  ( -13.14676959085964825, -55.81292610688815614, 429.9999999999999432 ) ) ;
#2506 = CARTESIAN_POINT ( 'NONE',  ( 60.03651646153494426, -14.49717044496032692, 451.4581553355412211 ) ) ;
#2507 = CARTESIAN_POINT ( 'NONE',  ( -2.401812407620467660, 6.569449054318622139, 500.9803719639622841 ) ) ;
#2508 = CARTESIAN_POINT ( 'NONE',  ( 18.38026180642289731, -46.02798744944805520, 452.8927564147996918 ) ) ;
#2509 = EDGE_CURVE ( 'NONE', #5964, #5180, #3597, .T. ) ;
#2510 = CARTESIAN_POINT ( 'NONE',  ( 12.87831856078135218, -48.01607411107547563, 480.1927274698377346 ) ) ;
#2511 = CARTESIAN_POINT ( 'NONE',  ( 2.429170717205568764, -43.34757862521347960, 509.5548153918330172 ) ) ;
#2512 = CARTESIAN_POINT ( 'NONE',  ( -80.59018846815698112, -54.67136575259554121, 148.1859689518015273 ) ) ;
#2513 = CARTESIAN_POINT ( 'NONE',  ( 3.336903925863710096, -34.35277345487943990, -56.92351041117078125 ) ) ;
#2514 = CARTESIAN_POINT ( 'NONE',  ( 0.000000000000000000, 28.59958286175763931, 400.6555249589480923 ) ) ;
#2515 = CARTESIAN_POINT ( 'NONE',  ( -10.24811798180279787, 39.43337803868414682, 83.18633069079341169 ) ) ;
#2516 = CARTESIAN_POINT ( 'NONE',  ( 53.41160474316537687, -21.44540818529108250, 438.6028281927265766 ) ) ;
#2517 = CARTESIAN_POINT ( 'NONE',  ( -38.84140817330745676, -38.62205230179475990, 417.9267363444485568 ) ) ;
#2518 = ORIENTED_EDGE ( 'NONE', *, *, #4593, .F. ) ;
#2519 = CARTESIAN_POINT ( 'NONE',  ( 12.76117690430162455, 7.555436601197111024, 454.6849120305559495 ) ) ;
#2520 = CARTESIAN_POINT ( 'NONE',  ( -17.48730798868426817, 11.79066461892977991, 429.7517590799120057 ) ) ;
#2521 = CARTESIAN_POINT ( 'NONE',  ( 17.25639950581836857, 11.81965489888669651, 430.0000000002121965 ) ) ;
#2522 = CARTESIAN_POINT ( 'NONE',  ( -7.199232057574247889, -27.99917364657782315, 561.6000746165590272 ) ) ;
#2523 = CARTESIAN_POINT ( 'NONE',  ( 12.14006398349266114, -56.17057516774987391, 430.0000000002123102 ) ) ;
#2524 = CARTESIAN_POINT ( 'NONE',  ( -6.632080536016731642, -30.53181216143881116, 526.0148445551233181 ) ) ;
#2525 = CARTESIAN_POINT ( 'NONE',  ( -16.91340492717617039, 3.142769069242582258, 462.3383382252081901 ) ) ;
#2526 = CARTESIAN_POINT ( 'NONE',  ( 7.382558178312244479, -28.21989137763580757, 558.9422371214551504 ) ) ;
#2527 = DIRECTION ( 'NONE',  ( 0.000000000000000000, 0.000000000000000000, -1.000000000000000000 ) ) ;
#2528 = CARTESIAN_POINT ( 'NONE',  ( -12.91724414674800236, -29.36744321525159762, 514.2390737045590186 ) ) ;
#2529 = CARTESIAN_POINT ( 'NONE',  ( 6.248914871053832698, -30.65671544000964133, 526.6687322851355475 ) ) ;
#2530 = CARTESIAN_POINT ( 'NONE',  ( -11.27481585255359242, -54.65508947663415285, 437.2493902525914677 ) ) ;
#2531 = CARTESIAN_POINT ( 'NONE',  ( 0.000000000000000000, -20.00000000000000000, 458.9422371214550935 ) ) ;
#2532 = CARTESIAN_POINT ( 'NONE',  ( 13.37997094241837104, -7.699862894007207359, 506.5342449141539873 ) ) ;
#2533 = CARTESIAN_POINT ( 'NONE',  ( 1.557573488918347904, -29.06755284026561270, 509.3633778297095205 ) ) ;
#2534 = CARTESIAN_POINT ( 'NONE',  ( -30.98474416021535305, -51.91943024879876134, 430.0000000000000568 ) ) ;
#2535 = CARTESIAN_POINT ( 'NONE',  ( 60.03361885895255767, -15.56447537574781670, 450.8340415765218836 ) ) ;
#2536 = CARTESIAN_POINT ( 'NONE',  ( 0.000000000000000000, -20.53611711710624732, 592.4555265652824119 ) ) ;
#2537 = CARTESIAN_POINT ( 'NONE',  ( 33.51468771475169461, -38.26221449584049594, 435.0037550367691210 ) ) ;
#2538 = CARTESIAN_POINT ( 'NONE',  ( 58.25290755994795688, -17.92878828863025120, 415.0040466466719522 ) ) ;
#2539 = EDGE_LOOP ( 'NONE', ( #317, #6137, #4418, #1425, #2488, #4115 ) ) ;
#2540 = CARTESIAN_POINT ( 'NONE',  ( -51.97108346590037797, -16.32805575324275793, 270.3847718429076963 ) ) ;
#2541 = CARTESIAN_POINT ( 'NONE',  ( 12.51282440341058688, -34.00991843483502208, -51.29093330795326011 ) ) ;
#2542 = CARTESIAN_POINT ( 'NONE',  ( 41.23236433532566281, 22.69079723528891179, 379.8779995718708165 ) ) ;
#2543 = CARTESIAN_POINT ( 'NONE',  ( -1.897151511910303734, 46.91140964979707206, 229.3722862163716343 ) ) ;
#2544 = CARTESIAN_POINT ( 'NONE',  ( 40.63586592116326557, -26.78927035139602708, 449.9543417663641662 ) ) ;
#2545 = CARTESIAN_POINT ( 'NONE',  ( -30.36671571217613774, -44.90006655158448012, 426.9553928243941527 ) ) ;
#2546 = VERTEX_POINT ( 'NONE', #4675 ) ;
#2547 = CARTESIAN_POINT ( 'NONE',  ( 15.39625927705917618, 8.783468620858704057, 445.0337014597936900 ) ) ;
#2548 = CARTESIAN_POINT ( 'NONE',  ( 0.000000000000000000, -46.58870159832864033, 507.3422371214550708 ) ) ;
#2549 = CARTESIAN_POINT ( 'NONE',  ( 20.97524455930746612, 9.900335719880764884, 430.0000000002123102 ) ) ;
#2550 = CARTESIAN_POINT ( 'NONE',  ( -9.631425358573412865, -28.50007773499879349, 551.2014039352114878 ) ) ;
#2551 = CARTESIAN_POINT ( 'NONE',  ( 35.55257994171110170, -16.12700139736112348, 510.9742144796741741 ) ) ;
#2552 = EDGE_CURVE ( 'NONE', #5647, #770, #5355, .T. ) ;
#2553 = CARTESIAN_POINT ( 'NONE',  ( -49.74206634844815511, -19.57615653324969784, 458.6669562561584712 ) ) ;
#2554 = CARTESIAN_POINT ( 'NONE',  ( -26.88785037342770323, 4.572311221226154743, 437.3653227825142835 ) ) ;
#2555 = DIRECTION ( 'NONE',  ( 1.000000000000000000, 0.000000000000000000, 0.000000000000000000 ) ) ;
#2556 = DIRECTION ( 'NONE',  ( 0.000000000000000000, 0.000000000000000000, -1.000000000000000000 ) ) ;
#2557 = EDGE_CURVE ( 'NONE', #2198, #3327, #262, .T. ) ;
#2558 = CARTESIAN_POINT ( 'NONE',  ( 28.49463500214571354, -6.821171986367837725, -36.82241012564603722 ) ) ;
#2559 = CARTESIAN_POINT ( 'NONE',  ( 5.587238580064640914, -33.15055822229079752, 520.0439595952301488 ) ) ;
#2560 = CARTESIAN_POINT ( 'NONE',  ( -15.34183781017104842, -55.80428913947648084, 426.7566687427631109 ) ) ;
#2561 = CARTESIAN_POINT ( 'NONE',  ( -149.9999999999997442, -3.357717096619530217, 429.9999999959435399 ) ) ;
#2562 = CARTESIAN_POINT ( 'NONE',  ( 9.357300917942506402, -6.994896554350225948, 512.9632643173999895 ) ) ;
#2563 = MECHANICAL_DESIGN_GEOMETRIC_PRESENTATION_REPRESENTATION (  '', ( #4419 ), #1323 ) ;
#2564 = CARTESIAN_POINT ( 'NONE',  ( 0.000000000000000000, 0.000000000000000000, 0.000000000000000000 ) ) ;
#2565 = CARTESIAN_POINT ( 'NONE',  ( -102.0237281548810415, -13.86141765723736619, 429.9999999999998863 ) ) ;
#2566 = CARTESIAN_POINT ( 'NONE',  ( 150.0000000000000000, -5.851918101678611706, 440.0305525103658510 ) ) ;
#2567 = CARTESIAN_POINT ( 'NONE',  ( 0.000000000000000000, -17.02407807807073681, 581.2844300840063170 ) ) ;
#2568 = AXIS2_PLACEMENT_3D ( 'NONE', #2640, #1219, #4728 ) ;
#2569 = CARTESIAN_POINT ( 'NONE',  ( 39.02759832095779302, -34.54122250404896022, 428.9501249288093732 ) ) ;
#2570 = CIRCLE ( 'NONE', #821, 1.600000000000045830 ) ;
#2571 = CARTESIAN_POINT ( 'NONE',  ( 12.52783087587209643, 20.52500746256954756, 430.0000000000000000 ) ) ;
#2572 = CARTESIAN_POINT ( 'NONE',  ( -10.72238619017426942, -79.69389547573095456, 182.9438262313445023 ) ) ;
#2573 = CIRCLE ( 'NONE', #6170, 3.999999999999998224 ) ;
#2574 = CARTESIAN_POINT ( 'NONE',  ( 28.43836731326001299, -43.59040531996306100, -23.48376959379110929 ) ) ;
#2575 = CARTESIAN_POINT ( 'NONE',  ( 149.9999999999999716, 14.23858967693923105, 324.3781664693334506 ) ) ;
#2576 = CARTESIAN_POINT ( 'NONE',  ( -46.58558245345534488, 37.13275647413672687, 271.3152778191255265 ) ) ;
#2577 = CARTESIAN_POINT ( 'NONE',  ( 30.26962536923712221, -31.65163160762731565, 462.1683544643485675 ) ) ;
#2578 = CARTESIAN_POINT ( 'NONE',  ( -18.38026180642289731, -46.02798744944805520, 452.8927564147996918 ) ) ;
#2579 = VERTEX_POINT ( 'NONE', #5648 ) ;
#2580 = CARTESIAN_POINT ( 'NONE',  ( 11.97476151605995121, 7.707849653600026940, 455.6086796422954421 ) ) ;
#2581 = LINE ( 'NONE', #1638, #2782 ) ;
#2582 = CARTESIAN_POINT ( 'NONE',  ( 21.31228459641318551, 9.718131864275182608, 430.0000000002122533 ) ) ;
#2583 = CARTESIAN_POINT ( 'NONE',  ( -9.637604968899173841, -28.86906020031116071, 550.2392606593842856 ) ) ;
#2584 = CARTESIAN_POINT ( 'NONE',  ( 0.000000000000000000, 20.46268883710266095, 442.7645013100081997 ) ) ;
#2585 = CARTESIAN_POINT ( 'NONE',  ( -8.349770063279654764, -41.81605438170903000, 485.5557157156804351 ) ) ;
#2586 = CARTESIAN_POINT ( 'NONE',  ( -5.431078764875729270, -30.90027554977395496, 528.2512642721043221 ) ) ;
#2587 = CARTESIAN_POINT ( 'NONE',  ( -11.69094365623267961, 5.978390030070096728, 462.5982641850434902 ) ) ;
#2588 = CARTESIAN_POINT ( 'NONE',  ( 8.345372525765307969, -26.98620709303817122, 558.9422371214549230 ) ) ;
#2589 = CARTESIAN_POINT ( 'NONE',  ( -2.562910308763635570, -10.10991166068970415, 559.0556826788819080 ) ) ;
#2590 = CARTESIAN_POINT ( 'NONE',  ( -12.54735478207299870, -29.62230180327400930, 514.2803494886729823 ) ) ;
#2591 = CARTESIAN_POINT ( 'NONE',  ( -10.99899437284064341, -56.67933871104289523, 429.4296307609238852 ) ) ;
#2592 = CARTESIAN_POINT ( 'NONE',  ( 22.77948246557656731, -53.41205892470303240, 421.3825372944876335 ) ) ;
#2593 = ADVANCED_FACE ( 'NONE', ( #4582 ), #5850, .T. ) ;
#2594 = CARTESIAN_POINT ( 'NONE',  ( 10.48838259647449611, -3.193061026727421758, 497.5891752903155520 ) ) ;
#2595 = CARTESIAN_POINT ( 'NONE',  ( -86.97224525266341288, -24.93251910119383652, 48.64210992238586329 ) ) ;
#2596 = CARTESIAN_POINT ( 'NONE',  ( -62.01445443062935681, -25.24726701111090676, 429.9999999999998863 ) ) ;
#2597 = CARTESIAN_POINT ( 'NONE',  ( 9.614064227203792612, -23.27403168895426333, 557.9305293909586680 ) ) ;
#2598 = CARTESIAN_POINT ( 'NONE',  ( -45.16075129651141395, -1.630724861504450951, 430.0000000000002842 ) ) ;
#2599 = CARTESIAN_POINT ( 'NONE',  ( 12.16431633575125382, -47.86991100901036589, 459.2657235360197205 ) ) ;
#2600 = DIRECTION ( 'NONE',  ( -0.000000000000000000, 1.000000000000000000, 0.000000000000000000 ) ) ;
#2601 = CARTESIAN_POINT ( 'NONE',  ( -53.60831894491192884, -21.28402283018909813, 253.8481437945783057 ) ) ;
#2602 = CARTESIAN_POINT ( 'NONE',  ( -11.00000000000000000, -32.78400426621578845, 618.0000000002123670 ) ) ;
#2603 = CARTESIAN_POINT ( 'NONE',  ( 0.000000000000000000, 25.90249749234719445, 415.3909803479844527 ) ) ;
#2604 = CARTESIAN_POINT ( 'NONE',  ( -56.11130722957283723, 35.86224107201260836, 219.6474666994794234 ) ) ;
#2605 = CARTESIAN_POINT ( 'NONE',  ( 9.082127200777431852, -41.62380657213149249, 484.6311666363687323 ) ) ;
#2606 = CARTESIAN_POINT ( 'NONE',  ( -19.29630219268265989, -45.70815765596641000, 451.8847456721802018 ) ) ;
#2607 = EDGE_LOOP ( 'NONE', ( #5848, #1860, #885, #6272, #3603, #1538, #2156 ) ) ;
#2608 = CARTESIAN_POINT ( 'NONE',  ( 14.05642085304309674, 5.517285610175370891, 459.6571511489481168 ) ) ;
#2609 = DIRECTION ( 'NONE',  ( 0.000000000000000000, -1.000000000000000000, -0.000000000000000000 ) ) ;
#2610 = CARTESIAN_POINT ( 'NONE',  ( 21.24156201553724443, 9.756390586927173203, 430.0000000002121965 ) ) ;
#2611 = DIRECTION ( 'NONE',  ( 0.000000000000000000, 0.000000000000000000, -1.000000000000000000 ) ) ;
#2612 = CARTESIAN_POINT ( 'NONE',  ( 9.623729406347049320, -10.66680710752643968, 548.6596272280612538 ) ) ;
#2613 = CARTESIAN_POINT ( 'NONE',  ( -8.453468856608532533, -41.78886649929300745, 485.4245160530598469 ) ) ;
#2614 = EDGE_LOOP ( 'NONE', ( #6126, #4956, #3121, #1811 ) ) ;
#2615 = CARTESIAN_POINT ( 'NONE',  ( -6.439475107394359021, -30.59327351202836098, 526.3427786897061651 ) ) ;
#2616 = CARTESIAN_POINT ( 'NONE',  ( -21.82240326940592112, 3.950981338544681254, 449.5860117686347621 ) ) ;
#2617 = EDGE_CURVE ( 'NONE', #3360, #4871, #2490, .T. ) ;
#2618 = CARTESIAN_POINT ( 'NONE',  ( 3.975286971619169218, -29.66167270909025788, 558.9422371214550367 ) ) ;
#2619 = CARTESIAN_POINT ( 'NONE',  ( 0.000000000000000000, -11.17896201891535668, 561.9020792199677317 ) ) ;
#2620 = CARTESIAN_POINT ( 'NONE',  ( 25.25810368633090164, 30.80518904790463353, 56.02471470947404697 ) ) ;
#2621 = CARTESIAN_POINT ( 'NONE',  ( 0.000000000000000000, -42.98672263033668628, 511.4422371208862046 ) ) ;
#2622 = CARTESIAN_POINT ( 'NONE',  ( 11.10158399627246695, -5.298378587362969405, 503.3916140274763507 ) ) ;
#2623 = PLANE ( 'NONE',  #5460 ) ;
#2624 = CARTESIAN_POINT ( 'NONE',  ( 1.149768302217262450, 3.590478646203068891, 512.2562234637622396 ) ) ;
#2625 = CARTESIAN_POINT ( 'NONE',  ( 0.000000000000000000, -28.81399260031088616, 561.9166667233492944 ) ) ;
#2626 = CARTESIAN_POINT ( 'NONE',  ( 33.31869101543564682, -40.38884508848730803, 430.0000000002124239 ) ) ;
#2627 = CARTESIAN_POINT ( 'NONE',  ( -7.213418454365331911, -17.24206072103932286, 579.7660193581378962 ) ) ;
#2628 = CARTESIAN_POINT ( 'NONE',  ( 10.71802446190858582, -50.43642012578745693, 453.1201426372359720 ) ) ;
#2629 = CARTESIAN_POINT ( 'NONE',  ( 98.30848066845990729, -3.698264805254712240, 430.0000000000002274 ) ) ;
#2630 = CARTESIAN_POINT ( 'NONE',  ( -10.94802051588691683, -78.97284269736714180, 158.3771493138501398 ) ) ;
#2631 = EDGE_CURVE ( 'NONE', #905, #2794, #5845, .T. ) ;
#2632 = CARTESIAN_POINT ( 'NONE',  ( 9.617997005368250640, -11.53735616400108199, 551.1923763188412977 ) ) ;
#2633 = CARTESIAN_POINT ( 'NONE',  ( 5.833484303085390010, 40.92873967100756971, 312.9953586469236484 ) ) ;
#2634 = CARTESIAN_POINT ( 'NONE',  ( -47.66603692990846497, 18.68161657458673020, 299.3736835281314370 ) ) ;
#2635 = CARTESIAN_POINT ( 'NONE',  ( 38.44430030173531776, -27.80452637138077066, 452.3596203070230786 ) ) ;
#2636 = CARTESIAN_POINT ( 'NONE',  ( -14.09966302095348034, -47.35204814631034509, 457.3480923317414408 ) ) ;
#2637 = EDGE_LOOP ( 'NONE', ( #3436, #1547, #872, #5257 ) ) ;
#2638 = CARTESIAN_POINT ( 'NONE',  ( 44.45657793284745196, -1.675007830270746290, 430.7705401973343555 ) ) ;
#2639 = CARTESIAN_POINT ( 'NONE',  ( -60.01452371159473387, -16.93389147502358938, 448.8732548501399719 ) ) ;
#2640 = CARTESIAN_POINT ( 'NONE',  ( 0.000000000000000000, -46.58870159832864033, 508.9422371214551504 ) ) ;
#2641 = CARTESIAN_POINT ( 'NONE',  ( -47.40861473308018503, 4.113015318635508066, 430.0000000000002274 ) ) ;
#2642 = CARTESIAN_POINT ( 'NONE',  ( 12.59749422047307377, -56.01087356961557617, 430.0000000002122533 ) ) ;
#2643 = CARTESIAN_POINT ( 'NONE',  ( -7.543721380387072628, -41.98327372274637526, 486.6991040134201967 ) ) ;
#2644 = CARTESIAN_POINT ( 'NONE',  ( 15.88498522554863612, 13.76244072791657835, 424.8745982734934046 ) ) ;
#2645 = CARTESIAN_POINT ( 'NONE',  ( -12.47845041931092425, 5.822996575078073889, 461.6300465906771251 ) ) ;
#2646 = CARTESIAN_POINT ( 'NONE',  ( -9.402601627532073181, -15.71636684567280540, 558.9422371214548093 ) ) ;
#2647 = CARTESIAN_POINT ( 'NONE',  ( -60.02791176413037988, -11.66974067970830831, 450.1438242608287510 ) ) ;
#2648 = CARTESIAN_POINT ( 'NONE',  ( 56.27053592963592621, 0.7516941916051447237, 210.4962128354270590 ) ) ;
#2649 = CARTESIAN_POINT ( 'NONE',  ( -9.505676435028535209, -4.978770019619335407, 505.8475763253622404 ) ) ;
#2650 = CARTESIAN_POINT ( 'NONE',  ( 0.000000000000000000, -64.27087736381501770, 430.1847566579382942 ) ) ;
#2651 = CARTESIAN_POINT ( 'NONE',  ( 24.31176854255352282, -5.473759918722223006, 476.6112465033968988 ) ) ;
#2652 = CARTESIAN_POINT ( 'NONE',  ( -1.548818579397470918, -10.93128505520489391, 509.3571100679415053 ) ) ;
#2653 = DIRECTION ( 'NONE',  ( 0.000000000000000000, 0.000000000000000000, 1.000000000000000000 ) ) ;
#2654 = CARTESIAN_POINT ( 'NONE',  ( 0.000000000000000000, -29.85327121594899680, 559.3797465411138319 ) ) ;
#2655 = CARTESIAN_POINT ( 'NONE',  ( 28.99347429419176336, -45.12175039746319527, 430.0000000002122533 ) ) ;
#2656 = CARTESIAN_POINT ( 'NONE',  ( -18.30051878890260042, 11.32859178622058138, 429.9999999999999432 ) ) ;
#2657 = CARTESIAN_POINT ( 'NONE',  ( 48.02859190782162102, -30.03866379431839206, 415.2541255666948246 ) ) ;
#2658 = AXIS2_PLACEMENT_3D ( 'NONE', #3489, #5452, #1731 ) ;
#2659 = CARTESIAN_POINT ( 'NONE',  ( -1.398223739255493481, -29.09349105512146849, 508.1366165554770191 ) ) ;
#2660 = CARTESIAN_POINT ( 'NONE',  ( -12.37144441654984206, -55.69518468390829469, -15.09620900482262407 ) ) ;
#2661 = CARTESIAN_POINT ( 'NONE',  ( 60.02355856357483077, -11.35148251760685589, 449.6411294222334050 ) ) ;
#2662 = CARTESIAN_POINT ( 'NONE',  ( 150.0000000000002274, 7.068232020827782236, 370.3528863233865422 ) ) ;
#2663 = CARTESIAN_POINT ( 'NONE',  ( -1.793437411546241478, 45.87555291334074070, 252.9410945478491897 ) ) ;
#2664 = CARTESIAN_POINT ( 'NONE',  ( 12.47605465765430921, -43.08064778437538678, 473.3402222797942045 ) ) ;
#2665 = CARTESIAN_POINT ( 'NONE',  ( -11.20959366385626765, -48.09779627863662910, 460.1889857497769185 ) ) ;
#2666 = EDGE_CURVE ( 'NONE', #498, #5212, #4485, .T. ) ;
#2667 = EDGE_LOOP ( 'NONE', ( #4644, #6283, #3866, #409 ) ) ;
#2668 = CARTESIAN_POINT ( 'NONE',  ( 9.855723957315561279, 4.516324637451460511, 471.5973538384167227 ) ) ;
#2669 = VECTOR ( 'NONE', #5238, 1000.000000000000000 ) ;
#2670 = LINE ( 'NONE', #5082, #722 ) ;
#2671 = CARTESIAN_POINT ( 'NONE',  ( -1.122354660985107611, -44.25131786830299063, 506.7022423688912909 ) ) ;
#2672 = CARTESIAN_POINT ( 'NONE',  ( 13.18358147139068137, -29.21906511079807700, 514.0913513901982697 ) ) ;
#2673 = CARTESIAN_POINT ( 'NONE',  ( 27.46242036201467229, -65.54305685625384115, 43.84617519995119750 ) ) ;
#2674 = CARTESIAN_POINT ( 'NONE',  ( -7.966442036038164254, -41.90622060592749420, 486.0722647930625158 ) ) ;
#2675 = CARTESIAN_POINT ( 'NONE',  ( 46.81549405019743659, -19.28282399667833857, 467.4559889056344559 ) ) ;
#2676 = AXIS2_PLACEMENT_3D ( 'NONE', #5197, #6164, #1172 ) ;
#2677 = CARTESIAN_POINT ( 'NONE',  ( 18.52162806129397765, 13.21072285892049436, 422.2106407674093020 ) ) ;
#2678 = CARTESIAN_POINT ( 'NONE',  ( -20.25359452286647155, 4.282885025532173984, 451.6241930641750173 ) ) ;
#2679 = CARTESIAN_POINT ( 'NONE',  ( 0.000000000000000000, -32.34940660713923677, 550.1093591763070663 ) ) ;
#2680 = CARTESIAN_POINT ( 'NONE',  ( -9.618847803320358381, -11.33960452028143351, 550.6822605398231190 ) ) ;
#2681 = CARTESIAN_POINT ( 'NONE',  ( 26.35674988608645464, 25.04923993672376170, 32.44508452609948534 ) ) ;
#2682 = EDGE_LOOP ( 'NONE', ( #1345, #2913, #4902, #4512, #556, #89 ) ) ;
#2683 = CARTESIAN_POINT ( 'NONE',  ( 0.000000000000000000, -8.653564323852759088, 508.9422371214551504 ) ) ;
#2684 = CARTESIAN_POINT ( 'NONE',  ( 149.9999999999998010, -7.053761799304735902, 354.9768882891673911 ) ) ;
#2685 = CARTESIAN_POINT ( 'NONE',  ( -31.66633898295882688, -29.09413243917730085, 466.4942141743147204 ) ) ;
#2686 = CARTESIAN_POINT ( 'NONE',  ( 27.77267779372258261, -9.530083963471145836, 483.8547094645081188 ) ) ;
#2687 = CARTESIAN_POINT ( 'NONE',  ( -1.397814761416688700, -10.90644934158521728, 508.1363161809803159 ) ) ;
#2688 = CARTESIAN_POINT ( 'NONE',  ( 2.348362750434054735, 3.679189173876745045, 511.5477194691546856 ) ) ;
#2689 = CARTESIAN_POINT ( 'NONE',  ( 2.565419846235478474, -29.74471616344687774, 559.4884453056458824 ) ) ;
#2690 = CARTESIAN_POINT ( 'NONE',  ( 28.63050847941138954, -45.49669274380619299, 430.0000000002122533 ) ) ;
#2691 = SURFACE_STYLE_USAGE ( .BOTH. , #4199 ) ;
#2692 = CARTESIAN_POINT ( 'NONE',  ( 34.44526422556740641, -39.79246625003072779, 428.2576692367836699 ) ) ;
#2693 = CARTESIAN_POINT ( 'NONE',  ( -0.8019073092451669549, -29.16540034820366856, 510.3307114061929042 ) ) ;
#2694 = CARTESIAN_POINT ( 'NONE',  ( -11.86410883611506328, -71.82656021748414332, 58.07640403734466616 ) ) ;
#2695 = CARTESIAN_POINT ( 'NONE',  ( 0.000000000000000000, -10.54283636012132774, 560.4456869941085415 ) ) ;
#2696 = CARTESIAN_POINT ( 'NONE',  ( 0.000000000000000000, 6.729893735435778623, 500.8079739285071810 ) ) ;
#2697 = CARTESIAN_POINT ( 'NONE',  ( 0.000000000000000000, 17.01339730700182074, 458.4116318598639168 ) ) ;
#2698 = CARTESIAN_POINT ( 'NONE',  ( 15.72457598103415499, -39.77522888947520130, 476.1845067917062124 ) ) ;
#2699 = CARTESIAN_POINT ( 'NONE',  ( -8.750779022584023181, -46.33874194208044628, 470.2093180481153922 ) ) ;
#2700 = ADVANCED_FACE ( 'NONE', ( #3970 ), #559, .F. ) ;
#2701 = ORIENTED_EDGE ( 'NONE', *, *, #4782, .T. ) ;
#2702 = CARTESIAN_POINT ( 'NONE',  ( -7.226819321699833765, -31.87859651157484819, 549.1866784585372443 ) ) ;
#2703 = CARTESIAN_POINT ( 'NONE',  ( -2.383663471616552787, -43.30775578140537618, 509.7132829990771370 ) ) ;
#2704 = CARTESIAN_POINT ( 'NONE',  ( -5.626803094256920268, 22.48340306829418722, 430.0000000000000568 ) ) ;
#2705 = CARTESIAN_POINT ( 'NONE',  ( 55.07343914957666442, -24.38558908673349634, 237.4814127941238269 ) ) ;
#2706 = CARTESIAN_POINT ( 'NONE',  ( -6.840306663291832123, -39.79168608687210451, 495.2195756985040589 ) ) ;
#2707 = CARTESIAN_POINT ( 'NONE',  ( 37.13507721700492681, -23.59971679998311700, 471.8640270113850193 ) ) ;
#2708 = CARTESIAN_POINT ( 'NONE',  ( -56.48428209118900867, -27.57327071669275043, 393.1512315936082587 ) ) ;
#2709 = CARTESIAN_POINT ( 'NONE',  ( 44.20051475859011703, 6.736234519173271096, 399.2971272153551467 ) ) ;
#2710 = CARTESIAN_POINT ( 'NONE',  ( -15.68018607487687710, 10.46741328092108247, 438.2103323705495654 ) ) ;
#2711 = CARTESIAN_POINT ( 'NONE',  ( -10.00093560308774876, -19.73125686606189078, 558.9422371214548093 ) ) ;
#2712 = CARTESIAN_POINT ( 'NONE',  ( -7.196263148790380981, -13.82087907547656869, 564.2281184643209144 ) ) ;
#2713 = B_SPLINE_CURVE_WITH_KNOTS ( 'NONE', 3,
 ( #3433, #889, #3882, #2980, #2496, #2917, #4941, #4460, #5943, #1884, #2010, #3976, #1524, #5300, #4806, #5823, #3369, #5334, #922, #2886, #2401, #4843, #437, #2129, #4126, #625, #4521, #5973, #3555, #3072, #6093, #136, #5521, #4607, #1050, #2101, #1616, #1555, #2588, #3527, #1107, #5491, #2526, #107, #6003, #5001, #5033, #5459, #3013, #195, #2618, #4093, #1079, #593 ),
 .UNSPECIFIED., .F., .F.,
 ( 4, 2, 2, 2, 2, 2, 2, 2, 2, 2, 2, 2, 2, 2, 2, 2, 2, 2, 2, 2, 2, 2, 2, 2, 2, 2, 4 ),
 ( 4.336808689942017255E-19, 0.001894974867787030393, 0.002842462301680544721, 0.003789949735574059484, 0.004737437169467573379, 0.005211180886414330110, 0.005684924603361087708, 0.006632412037254604639, 0.007579899471148120703, 0.008527386905041638501, 0.009474874338935153698, 0.01136984920672219276, 0.01326482407450922142, 0.01421231150840273488, 0.01515979894229624834, 0.01705477381008328047, 0.01894974867787030740, 0.02084472354565733779, 0.02179221097955085645, 0.02273969841344436818, 0.02368718584733788338, 0.02416092956428463751, 0.02463467328123139163, 0.02558216071512489295, 0.02652964814901840121, 0.02842462301680541426, 0.03031959788459242383 ),
 .UNSPECIFIED. ) ;
#2714 = CARTESIAN_POINT ( 'NONE',  ( 3.196296804781076695, 20.31546560184472128, -7.393096603152921276 ) ) ;
#2715 = ORIENTED_EDGE ( 'NONE', *, *, #2479, .T. ) ;
#2716 = CARTESIAN_POINT ( 'NONE',  ( -49.82849273425501480, -10.81063868873671296, 457.9816398626763885 ) ) ;
#2717 = CARTESIAN_POINT ( 'NONE',  ( 149.9999999999999716, -7.245792911849192386, 324.3392340027225487 ) ) ;
#2718 = CARTESIAN_POINT ( 'NONE',  ( -7.110693234775829374, -37.44272399200040269, 502.2070195241309420 ) ) ;
#2719 = DIRECTION ( 'NONE',  ( 1.000000000000000000, 0.000000000000000000, -0.000000000000000000 ) ) ;
#2720 = CARTESIAN_POINT ( 'NONE',  ( -0.8040837019852121736, -10.83479393262041235, 510.3294249814459818 ) ) ;
#2721 = DIRECTION ( 'NONE',  ( -1.000000000000000000, 0.000000000000000000, 0.000000000000000000 ) ) ;
#2722 = CARTESIAN_POINT ( 'NONE',  ( 60.02421868522850446, -16.59460799667140662, 449.4376377599236889 ) ) ;
#2723 = EDGE_CURVE ( 'NONE', #2939, #4766, #4859, .T. ) ;
#2724 = CARTESIAN_POINT ( 'NONE',  ( 22.58604412597171418, -50.80000101824011693, 430.0000000002123102 ) ) ;
#2725 = LINE ( 'NONE', #271, #4518 ) ;
#2726 = CARTESIAN_POINT ( 'NONE',  ( 11.14824378739219313, -52.55651738130546846, 445.1126489317466053 ) ) ;
#2727 = CARTESIAN_POINT ( 'NONE',  ( -10.99999999999999822, -8.678635665323583783E-16, 430.0000000002122533 ) ) ;
#2728 = CARTESIAN_POINT ( 'NONE',  ( -0.000000000000000000, -62.80477775056648682, -1.900891426489738967 ) ) ;
#2729 = CARTESIAN_POINT ( 'NONE',  ( 35.60255102201101352, -13.73570263644640654, 502.5573869364122856 ) ) ;
#2730 = CARTESIAN_POINT ( 'NONE',  ( 55.71564899923829728, 1.205407876259681377, 399.7257200711499081 ) ) ;
#2731 = CARTESIAN_POINT ( 'NONE',  ( -6.733608421923275245, 13.22468183324905233, 471.8275841911045632 ) ) ;
#2732 = CARTESIAN_POINT ( 'NONE',  ( 18.75595234457588134, -38.82703087261348429, 472.0772365912341115 ) ) ;
#2733 = CARTESIAN_POINT ( 'NONE',  ( -9.011979683781953909, -43.98389811609575162, 477.3590139758587156 ) ) ;
#2734 = CARTESIAN_POINT ( 'NONE',  ( -39.06102013026225706, -5.732572888510023112, 452.6796910635054019 ) ) ;
#2735 = ORIENTED_EDGE ( 'NONE', *, *, #4061, .T. ) ;
#2736 = CARTESIAN_POINT ( 'NONE',  ( -59.46243121900331374, -18.23192697237507431, 431.2232980163658453 ) ) ;
#2737 = DIRECTION ( 'NONE',  ( 0.000000000000000000, 0.000000000000000000, -1.000000000000000000 ) ) ;
#2738 = CARTESIAN_POINT ( 'NONE',  ( 25.82653578097723113, -74.08489889032196629, 120.3374760656225675 ) ) ;
#2739 = CARTESIAN_POINT ( 'NONE',  ( -12.24542331509240611, 10.79387684120225543, -23.56345594219629547 ) ) ;
#2740 = CARTESIAN_POINT ( 'NONE',  ( 8.964336609431532210, -34.53614139386679938, 506.8402163741014874 ) ) ;
#2741 = CARTESIAN_POINT ( 'NONE',  ( -12.18235440761431931, -52.34019486869448912, 444.3022465123104894 ) ) ;
#2742 = EDGE_LOOP ( 'NONE', ( #5935, #2316, #4391, #1394, #3943, #4661 ) ) ;
#2743 = CARTESIAN_POINT ( 'NONE',  ( 17.39847600162214292, 13.45244535150354181, 423.3550322351525210 ) ) ;
#2744 = CARTESIAN_POINT ( 'NONE',  ( -15.20444623946209717, 12.25423261265202690, 432.1763634461537436 ) ) ;
#2745 = CARTESIAN_POINT ( 'NONE',  ( 0.000000000000000000, -10.80000000000000071, 558.9422371214550367 ) ) ;
#2746 = CARTESIAN_POINT ( 'NONE',  ( -150.0000000000000284, -5.383191291834332759, 440.0305525103662490 ) ) ;
#2747 = CARTESIAN_POINT ( 'NONE',  ( 46.58558245345534488, 37.13275647413672687, 271.3152778191255265 ) ) ;
#2748 = ORIENTED_EDGE ( 'NONE', *, *, #5467, .F. ) ;
#2749 = EDGE_CURVE ( 'NONE', #5738, #3699, #2581, .T. ) ;
#2750 = CARTESIAN_POINT ( 'NONE',  ( -12.97856552240292416, -7.638903189145478834, 507.1862782437630699 ) ) ;
#2751 = CARTESIAN_POINT ( 'NONE',  ( 9.609684570934760472, -72.95532370068683292, 379.8414546732570898 ) ) ;
#2752 = CARTESIAN_POINT ( 'NONE',  ( -14.51269256543096731, -37.75578470425454469, 484.5941733048711058 ) ) ;
#2753 = CARTESIAN_POINT ( 'NONE',  ( 0.000000000000000000, -9.999999999999710454, 558.9422371214541272 ) ) ;
#2754 = LINE ( 'NONE', #4133, #5141 ) ;
#2755 = CARTESIAN_POINT ( 'NONE',  ( 149.9999999999997442, -3.357717096619530217, 429.9999999959435399 ) ) ;
#2756 = CARTESIAN_POINT ( 'NONE',  ( 60.02621295283322667, -16.48129561537704291, 449.6454597116228911 ) ) ;
#2757 = CARTESIAN_POINT ( 'NONE',  ( 29.67864634587343531, -44.40452560893922396, 430.0000000002121965 ) ) ;
#2758 =( NAMED_UNIT ( * ) PLANE_ANGLE_UNIT ( ) SI_UNIT ( $, .RADIAN. ) );
#2759 = CARTESIAN_POINT ( 'NONE',  ( 40.63200181116457088, -37.18370554886116963, 416.1528435706499636 ) ) ;
#2760 = CARTESIAN_POINT ( 'NONE',  ( -3.313891311183728483, 4.569504607554466524, 507.7938756750560856 ) ) ;
#2761 = CARTESIAN_POINT ( 'NONE',  ( -55.53696155310775140, -24.60692337282919695, 230.5745149198003503 ) ) ;
#2762 = CARTESIAN_POINT ( 'NONE',  ( 60.01835282890801437, -11.13467273110194533, 449.2592399105232630 ) ) ;
#2763 = CARTESIAN_POINT ( 'NONE',  ( 2.172075125309121724, 16.89621306203804707, 458.4249543244469578 ) ) ;
#2764 = CARTESIAN_POINT ( 'NONE',  ( -149.9999999999999432, 13.01685150340217767, 333.3876767047953535 ) ) ;
#2765 = CARTESIAN_POINT ( 'NONE',  ( 7.497342148166250553, -44.23810205038565613, 479.3585881261541317 ) ) ;
#2766 = CARTESIAN_POINT ( 'NONE',  ( -30.84496197426060249, -37.72443633586843958, 443.9157307652853888 ) ) ;
#2767 = CARTESIAN_POINT ( 'NONE',  ( -17.79386954334135140, -28.31764640261885191, 505.6147268732588032 ) ) ;
#2768 = EDGE_LOOP ( 'NONE', ( #4219, #3151, #782, #5413 ) ) ;
#2769 = CARTESIAN_POINT ( 'NONE',  ( 0.000000000000000000, -57.47218005397606788, 458.5351175944340980 ) ) ;
#2770 = CARTESIAN_POINT ( 'NONE',  ( 14.40375284334905892, -28.82869273257070830, 512.4201727879868713 ) ) ;
#2771 = VECTOR ( 'NONE', #6190, 1000.000000000000000 ) ;
#2772 = CARTESIAN_POINT ( 'NONE',  ( 26.98844557016994372, -69.11815856475386965, 67.84482358715571593 ) ) ;
#2773 = CARTESIAN_POINT ( 'NONE',  ( -150.0000000000000284, 4.861445216433631700, 214.0141223977753668 ) ) ;
#2774 = CARTESIAN_POINT ( 'NONE',  ( 12.37518548305130750, -33.64971519231985297, 501.6894133001510454 ) ) ;
#2775 = CARTESIAN_POINT ( 'NONE',  ( -11.40154212013787749, -52.50647049482140005, 444.9123133137381956 ) ) ;
#2776 = VECTOR ( 'NONE', #377, 1000.000000000000000 ) ;
#2777 = ORIENTED_EDGE ( 'NONE', *, *, #6351, .T. ) ;
#2778 = CARTESIAN_POINT ( 'NONE',  ( 22.97822938203896825, 12.14247781828811057, 417.5950630197761484 ) ) ;
#2779 = CARTESIAN_POINT ( 'NONE',  ( -19.21013450679817680, 7.994189358444522497, 440.4886593306215445 ) ) ;
#2780 = CARTESIAN_POINT ( 'NONE',  ( -7.497763538800677807, -28.10969412876181650, 558.9422371214552641 ) ) ;
#2781 = CARTESIAN_POINT ( 'NONE',  ( -150.0000000000000284, -5.649883434508731206, 440.0305525103652826 ) ) ;
#2782 = VECTOR ( 'NONE', #1549, 1000.000000000000000 ) ;
#2783 = CARTESIAN_POINT ( 'NONE',  ( 0.000000000000000000, 45.77999709477325752, 130.5726553802304295 ) ) ;
#2784 = CARTESIAN_POINT ( 'NONE',  ( -44.64585983095987132, -7.619596746795812336, 452.0509132321324159 ) ) ;
#2785 = CARTESIAN_POINT ( 'NONE',  ( 9.946297514209035739, -78.98211947631459395, 312.9818156161840079 ) ) ;
#2786 = CARTESIAN_POINT ( 'NONE',  ( -13.43944636795822944, -35.71015423215192897, 493.1177459051852452 ) ) ;
#2787 = FACE_OUTER_BOUND ( 'NONE', #3774, .T. ) ;
#2788 = CARTESIAN_POINT ( 'NONE',  ( 0.000000000000000000, -20.00000000000000000, 458.9422371214550935 ) ) ;
#2789 = CARTESIAN_POINT ( 'NONE',  ( 24.97430595412460264, -56.70475535103594922, 429.9999999999998863 ) ) ;
#2790 = CARTESIAN_POINT ( 'NONE',  ( -10.99999999999996803, -4.038434603773037423, 499.3276237451018460 ) ) ;
#2791 = CARTESIAN_POINT ( 'NONE',  ( 0.7476125289173674027, -8.937462732982192293, 618.0000000002123670 ) ) ;
#2792 = CARTESIAN_POINT ( 'NONE',  ( 0.000000000000000000, -14.59886794602576821, 558.9422371214550367 ) ) ;
#2793 = CARTESIAN_POINT ( 'NONE',  ( 48.61012637448426688, -31.03929232077491562, 409.2955982724777186 ) ) ;
#2794 = VERTEX_POINT ( 'NONE', #2033 ) ;
#2795 = CARTESIAN_POINT ( 'NONE',  ( -2.348362750434054735, 3.679189173876745045, 511.5477194691546856 ) ) ;
#2796 = CARTESIAN_POINT ( 'NONE',  ( 15.50127328223972256, 1.589003424874794623, 470.6526355514176316 ) ) ;
#2797 = CARTESIAN_POINT ( 'NONE',  ( -149.9999999999999716, -5.815855720539390816, 229.4760922283646210 ) ) ;
#2798 = CARTESIAN_POINT ( 'NONE',  ( 150.0000000000000568, -5.518692758228744388, 440.0305525103655668 ) ) ;
#2799 = B_SPLINE_CURVE_WITH_KNOTS ( 'NONE', 3,
 ( #2753, #4194, #4709, #818 ),
 .UNSPECIFIED., .F., .F.,
 ( 4, 4 ),
 ( 0.000000000000000000, 0.001491836285983640705 ),
 .UNSPECIFIED. ) ;
#2800 = CARTESIAN_POINT ( 'NONE',  ( 53.41671992373075284, 4.732634878479694329, 384.7797939231693363 ) ) ;
#2801 = CARTESIAN_POINT ( 'NONE',  ( -48.87671600598984867, 11.59101201867309783, 351.9235384047881894 ) ) ;
#2802 = CARTESIAN_POINT ( 'NONE',  ( 17.03230158637876812, -39.37236513718981001, 474.4270512770206665 ) ) ;
#2803 = CARTESIAN_POINT ( 'NONE',  ( -8.704023918772193724, -44.05514967123135506, 477.7306560675066862 ) ) ;
#2804 = CARTESIAN_POINT ( 'NONE',  ( -35.70076512255314327, -25.61825458917250842, 467.8261055289883643 ) ) ;
#2805 = ORIENTED_EDGE ( 'NONE', *, *, #2158, .T. ) ;
#2806 = CARTESIAN_POINT ( 'NONE',  ( -8.628478998019980750, -60.49941334546326033, 443.5166060566979240 ) ) ;
#2807 = CARTESIAN_POINT ( 'NONE',  ( 77.19680284773126289, -57.48060060327888010, 184.1493712378244538 ) ) ;
#2808 = CARTESIAN_POINT ( 'NONE',  ( 9.620743624274640027, -11.03377133881076233, 549.8478901275921089 ) ) ;
#2809 = CARTESIAN_POINT ( 'NONE',  ( 9.807012331898043556, -34.31261530846038710, 505.5691583912192755 ) ) ;
#2810 = CARTESIAN_POINT ( 'NONE',  ( -10.39977527662358270, -52.69372663351510511, 445.7018558309978857 ) ) ;
#2811 = ORIENTED_EDGE ( 'NONE', *, *, #1331, .F. ) ;
#2812 = CARTESIAN_POINT ( 'NONE',  ( 15.97404969134229624, 12.10237703715068669, 431.3710967035050317 ) ) ;
#2813 = CARTESIAN_POINT ( 'NONE',  ( -10.99017942977625673, 11.35737567283323735, 443.2489218268897844 ) ) ;
#2814 = CARTESIAN_POINT ( 'NONE',  ( 0.000000000000000000, -46.78751813626118405, 497.8552369525572772 ) ) ;
#2815 = CARTESIAN_POINT ( 'NONE',  ( -2.564812925163135304, -16.40336584875607429, 567.9992930534838251 ) ) ;
#2816 = CARTESIAN_POINT ( 'NONE',  ( 150.0000000000006821, 17.36217657815118542, 276.3178635875777900 ) ) ;
#2817 = CARTESIAN_POINT ( 'NONE',  ( -17.84874214750351484, -2.585993479314027343, 480.0048005428278088 ) ) ;
#2818 = CARTESIAN_POINT ( 'NONE',  ( 149.9999999999998010, -7.310016231325406011, 312.3034818323457102 ) ) ;
#2819 = CARTESIAN_POINT ( 'NONE',  ( -20.68190760334458744, -33.51181112092345415, 482.1646866574711794 ) ) ;
#2820 = CARTESIAN_POINT ( 'NONE',  ( 0.000000000000000000, -30.00000000000000000, 558.9422371214550367 ) ) ;
#2821 = CARTESIAN_POINT ( 'NONE',  ( 12.37915628576846672, -29.76026332910404193, 514.2258443887303656 ) ) ;
#2822 = CARTESIAN_POINT ( 'NONE',  ( 1.710222875644743734, -64.19439860727015912, 430.0000000000001705 ) ) ;
#2823 = CARTESIAN_POINT ( 'NONE',  ( 0.000000000000000000, -12.79999999999999893, 430.0000000002122533 ) ) ;
#2824 = DIRECTION ( 'NONE',  ( -0.000000000000000000, 0.000000000000000000, 1.000000000000000000 ) ) ;
#2825 = CARTESIAN_POINT ( 'NONE',  ( 12.49561825147669225, -54.41679700467606295, 436.3992546468950309 ) ) ;
#2826 = ORIENTED_EDGE ( 'NONE', *, *, #3689, .F. ) ;
#2827 = DIRECTION ( 'NONE',  ( 0.000000000000000000, -0.000000000000000000, 1.000000000000000000 ) ) ;
#2828 = CARTESIAN_POINT ( 'NONE',  ( 19.81827381335417471, 0.7739042100596940088, 464.5960379518160153 ) ) ;
#2829 = CARTESIAN_POINT ( 'NONE',  ( -86.72886542075875127, -32.80664508143681246, 58.48469824939106587 ) ) ;
#2830 = CARTESIAN_POINT ( 'NONE',  ( 150.0000000000000284, -5.568595255609759320, 440.0305525103661353 ) ) ;
#2831 = CARTESIAN_POINT ( 'NONE',  ( 9.631319324692816153, -9.937326209155806112, 546.2879777790365097 ) ) ;
#2832 = CARTESIAN_POINT ( 'NONE',  ( -150.0000000000000000, 14.77013292611521500, 320.0000541252218227 ) ) ;
#2833 = CARTESIAN_POINT ( 'NONE',  ( 36.32446988019827216, -34.36586792081364194, 437.4743934072107550 ) ) ;
#2834 = CARTESIAN_POINT ( 'NONE',  ( -25.67356773554162430, -40.58378320856255073, 450.4259126608613428 ) ) ;
#2835 = CARTESIAN_POINT ( 'NONE',  ( -42.33315006973251826, -24.61844948332136696, 454.1434317749244087 ) ) ;
#2836 = ADVANCED_FACE ( 'NONE', ( #3636 ), #5542, .T. ) ;
#2837 = ORIENTED_EDGE ( 'NONE', *, *, #1420, .T. ) ;
#2838 = CARTESIAN_POINT ( 'NONE',  ( -150.0000000000001137, -6.709418143118766942, 417.3739923013122279 ) ) ;
#2839 = ADVANCED_FACE ( 'NONE', ( #3605 ), #4086, .T. ) ;
#2840 = CARTESIAN_POINT ( 'NONE',  ( 56.08500672497000750, -23.13107185465961990, 219.0677530512962790 ) ) ;
#2841 = CARTESIAN_POINT ( 'NONE',  ( -12.49172242615647477, -6.277043314077721980, -50.97366954480303747 ) ) ;
#2842 = CARTESIAN_POINT ( 'NONE',  ( 6.417642605266562938, -35.28652016626942611, 510.7923422156828224 ) ) ;
#2843 = CARTESIAN_POINT ( 'NONE',  ( -13.75556014904020685, -51.97984582611401549, 443.0616628216434378 ) ) ;
#2844 = ORIENTED_EDGE ( 'NONE', *, *, #4227, .T. ) ;
#2845 = CARTESIAN_POINT ( 'NONE',  ( 16.06135915899746536, 10.39106235557843938, 437.7823045029858235 ) ) ;
#2846 = CARTESIAN_POINT ( 'NONE',  ( -12.07682716550784718, 12.84143070499001738, 435.3546109809139466 ) ) ;
#2847 = CARTESIAN_POINT ( 'NONE',  ( 27.40067399446864016, 6.369457730271297358, 430.0000000002123102 ) ) ;
#2848 = CARTESIAN_POINT ( 'NONE',  ( -35.59019128050236702, -16.73712635921842917, 506.9741560997958914 ) ) ;
#2849 = ORIENTED_EDGE ( 'NONE', *, *, #1010, .T. ) ;
#2850 = CARTESIAN_POINT ( 'NONE',  ( -40.13830855735005798, -8.844962530806844470, 462.4090407660988262 ) ) ;
#2851 = CARTESIAN_POINT ( 'NONE',  ( 51.44681795844569905, -14.60335715577652849, 276.6922548152192007 ) ) ;
#2852 = CARTESIAN_POINT ( 'NONE',  ( -5.703784907887976985, -33.13923168523454876, 519.7562769311210786 ) ) ;
#2853 = CARTESIAN_POINT ( 'NONE',  ( 0.000000000000000000, -33.20068766774330271, 508.9422371214551504 ) ) ;
#2854 = CARTESIAN_POINT ( 'NONE',  ( 11.00000000000001954, 8.945600197668076348, 452.8937132131504200 ) ) ;
#2855 = CARTESIAN_POINT ( 'NONE',  ( 76.69834986524702458, -19.83564784870429776, 430.0000000000000000 ) ) ;
#2856 = DIRECTION ( 'NONE',  ( 0.000000000000000000, 1.000000000000000000, 0.000000000000000000 ) ) ;
#2857 = CARTESIAN_POINT ( 'NONE',  ( 34.79779948049124982, -38.73175370643582482, 430.0000000002122533 ) ) ;
#2858 = FACE_OUTER_BOUND ( 'NONE', #190, .T. ) ;
#2859 = CARTESIAN_POINT ( 'NONE',  ( 18.81788599943061513, -52.74192204090626745, 431.6912385859633901 ) ) ;
#2860 = CARTESIAN_POINT ( 'NONE',  ( -2.670382209423076691, 3.733531601784318976, 511.2165292591096772 ) ) ;
#2861 = CARTESIAN_POINT ( 'NONE',  ( 23.25556477955149148, 1.881162815219656226, 453.8397053546315760 ) ) ;
#2862 = CARTESIAN_POINT ( 'NONE',  ( -3.336903925863710096, -34.35277345487943990, -56.92351041117078125 ) ) ;
#2863 = CARTESIAN_POINT ( 'NONE',  ( 150.0000000000000568, -5.543949178059967231, 440.0305525103660784 ) ) ;
#2864 = CARTESIAN_POINT ( 'NONE',  ( -36.00285309233927933, -6.792297079197776810, 479.3729591887034758 ) ) ;
#2865 = CARTESIAN_POINT ( 'NONE',  ( 10.01225018002389078, -46.07150654432912518, 468.8039336875838217 ) ) ;
#2866 = CARTESIAN_POINT ( 'NONE',  ( -17.90841068264190383, -41.44402964402819123, 466.7354837324110122 ) ) ;
#2867 = DIRECTION ( 'NONE',  ( 0.000000000000000000, -0.000000000000000000, 1.000000000000000000 ) ) ;
#2868 = ORIENTED_EDGE ( 'NONE', *, *, #5312, .F. ) ;
#2869 = CARTESIAN_POINT ( 'NONE',  ( -2.792452311205840143, -73.15914732478299243, 380.6473863880630120 ) ) ;
#2870 =( NAMED_UNIT ( * ) SI_UNIT ( $, .STERADIAN. ) SOLID_ANGLE_UNIT ( ) );
#2871 = CARTESIAN_POINT ( 'NONE',  ( 55.70788126853483391, -24.44302468926918692, 227.5144982594985379 ) ) ;
#2872 = CARTESIAN_POINT ( 'NONE',  ( -56.27053592963592621, 0.7516941916051447237, 210.4962128354270590 ) ) ;
#2873 = CARTESIAN_POINT ( 'NONE',  ( 47.26235465579262041, -21.48898005256249277, 455.0890532292156081 ) ) ;
#2874 = CARTESIAN_POINT ( 'NONE',  ( -14.56348170492260152, -53.95455367021860127, 434.9422585694279633 ) ) ;
#2875 = B_SPLINE_CURVE_WITH_KNOTS ( 'NONE', 3,
 ( #2204, #268, #5589, #2171, #2624, #6070, #1751, #725, #2688, #1173, #788, #3138, #4166, #757, #4680, #3720, #1686, #4196, #5655, #1238, #4134, #3170, #3206, #3653, #4711, #4585, #2136, #5689, #2271, #5099, #5167, #1784 ),
 .UNSPECIFIED., .F., .F.,
 ( 4, 2, 2, 2, 2, 2, 2, 2, 2, 2, 2, 2, 2, 2, 2, 4 ),
 ( 0.000000000000000000, 0.0006972790158130107076, 0.001394558031626021415, 0.002091837047439032340, 0.002789116063252042831, 0.003486395079065053755, 0.004183674094878064680, 0.004880953110691075604, 0.005578232126504085661, 0.006275511142317096586, 0.006972790158130107510, 0.008367348189756127624, 0.009064627205569138549, 0.009761906221382149473, 0.01045918523719516040, 0.01115646425300816959 ),
 .UNSPECIFIED. ) ;
#2876 = ORIENTED_EDGE ( 'NONE', *, *, #4986, .T. ) ;
#2877 = CARTESIAN_POINT ( 'NONE',  ( 12.56082405726175288, 11.06738391407623823, 441.5929861928681248 ) ) ;
#2878 = DIRECTION ( 'NONE',  ( 0.000000000000000000, 1.000000000000000000, 0.000000000000000000 ) ) ;
#2879 = CARTESIAN_POINT ( 'NONE',  ( 47.18861380645285664, -2.304676106125596036, 430.0000000002123670 ) ) ;
#2880 = CARTESIAN_POINT ( 'NONE',  ( -7.196836239774110133, -19.40459390806696049, 567.4391168337917861 ) ) ;
#2881 = VERTEX_POINT ( 'NONE', #4058 ) ;
#2882 = CARTESIAN_POINT ( 'NONE',  ( -26.06833115561314074, -5.726863044513844869, 474.0962511792884584 ) ) ;
#2883 = CARTESIAN_POINT ( 'NONE',  ( 149.9999999999996874, -7.374312800550632652, 290.7457865829571233 ) ) ;
#2884 = CARTESIAN_POINT ( 'NONE',  ( -5.616337083089351090, -35.33310065092405949, 512.6840438693311626 ) ) ;
#2885 = CARTESIAN_POINT ( 'NONE',  ( -13.93818968496711186, 1.878056085978534684, 472.8285533896945481 ) ) ;
#2886 = CARTESIAN_POINT ( 'NONE',  ( 8.780536191910735866, -13.93611285233423835, 558.9422371214543546 ) ) ;
#2887 = CARTESIAN_POINT ( 'NONE',  ( 11.00000000000003730, -32.78400426621576713, 507.7061421647095472 ) ) ;
#2888 = AXIS2_PLACEMENT_3D ( 'NONE', #1816, #2950, #438 ) ;
#2889 = CARTESIAN_POINT ( 'NONE',  ( 105.4306467309208415, -13.23006918611121385, 429.9999999999999432 ) ) ;
#2890 = CARTESIAN_POINT ( 'NONE',  ( -11.51741876911409612, -5.720402921213732839, 503.8995206352608989 ) ) ;
#2891 = CARTESIAN_POINT ( 'NONE',  ( 36.85864672911826290, -36.47147813008334083, 430.0000000002124239 ) ) ;
#2892 = CARTESIAN_POINT ( 'NONE',  ( 1.600081094479260502, -10.94021299930549596, 509.0455394084651743 ) ) ;
#2893 = CARTESIAN_POINT ( 'NONE',  ( 11.87020243665711838, -56.53348333524917280, 428.9180364484121242 ) ) ;
#2894 = EDGE_LOOP ( 'NONE', ( #3332, #2849, #5152, #1289 ) ) ;
#2895 = CARTESIAN_POINT ( 'NONE',  ( 22.75777509013957811, -3.414554706158444475, 472.7818185750539897 ) ) ;
#2896 = CARTESIAN_POINT ( 'NONE',  ( -28.38936618130549050, -46.46762535783658166, -18.45382494323292377 ) ) ;
#2897 = CARTESIAN_POINT ( 'NONE',  ( 9.612723214024578411, -18.26251361741372392, 558.6097548550650345 ) ) ;
#2898 = CARTESIAN_POINT ( 'NONE',  ( -9.623729406347049320, -10.66680710752643968, 548.6596272280612538 ) ) ;
#2899 = CARTESIAN_POINT ( 'NONE',  ( 27.37267491869434011, -39.68977702365374682, 448.2520078699316173 ) ) ;
#2900 = CARTESIAN_POINT ( 'NONE',  ( -39.66705172469851703, -30.53868593178617985, 439.6244451462097231 ) ) ;
#2901 = CARTESIAN_POINT ( 'NONE',  ( 56.63649881012312193, -16.68379039945391185, 399.6563628744315224 ) ) ;
#2902 = CARTESIAN_POINT ( 'NONE',  ( 137.0746631675343679, -3.776579072547993299, 430.0000000000000000 ) ) ;
#2903 = CARTESIAN_POINT ( 'NONE',  ( 0.000000000000000000, -69.98033210435349361, 400.9895820734195695 ) ) ;
#2904 = CARTESIAN_POINT ( 'NONE',  ( 3.288584170553724650, -62.42825712573940677, -2.104179398825560821 ) ) ;
#2905 = CARTESIAN_POINT ( 'NONE',  ( -54.00102207192544768, 15.29528807115969968, 241.2492155879526479 ) ) ;
#2906 = CARTESIAN_POINT ( 'NONE',  ( 49.97853069032435513, -20.57844955433325751, 452.6448543391094290 ) ) ;
#2907 = CARTESIAN_POINT ( 'NONE',  ( -29.35745895401898053, -43.19138819368211557, 434.0549776884365087 ) ) ;
#2908 = ORIENTED_EDGE ( 'NONE', *, *, #2429, .T. ) ;
#2909 = CARTESIAN_POINT ( 'NONE',  ( 35.91918054593431009, 5.702252226229989951, 416.4796518893978146 ) ) ;
#2910 = CARTESIAN_POINT ( 'NONE',  ( -21.49329449735513009, 12.51920605823999821, 419.1402513862597061 ) ) ;
#2911 = CARTESIAN_POINT ( 'NONE',  ( 42.16521449067939642, -0.5332329925479759591, 430.0000000002123102 ) ) ;
#2912 = CARTESIAN_POINT ( 'NONE',  ( 0.000000000000000000, -21.96074442620632183, 568.7511354424048022 ) ) ;
#2913 = ORIENTED_EDGE ( 'NONE', *, *, #4320, .T. ) ;
#2914 = CARTESIAN_POINT ( 'NONE',  ( -9.692430701064369103, -3.031507465257886835, 498.7746989041164056 ) ) ;
#2915 = CARTESIAN_POINT ( 'NONE',  ( -13.66436013092121549, -33.32259349728231257, 499.7105752088867234 ) ) ;
#2916 = CARTESIAN_POINT ( 'NONE',  ( -12.21551198797822657, 4.040195149985533973, 468.5759881974881296 ) ) ;
#2917 = CARTESIAN_POINT ( 'NONE',  ( 4.613832453827757085, -10.48287319952505392, 558.9422371214552641 ) ) ;
#2918 = LINE ( 'NONE', #2436, #2476 ) ;
#2919 = CARTESIAN_POINT ( 'NONE',  ( 38.01356226761434698, -44.42599074778420487, 430.0000000000000000 ) ) ;
#2920 = CARTESIAN_POINT ( 'NONE',  ( -4.569290057734137989, -30.31119807335963046, 618.0000000002123670 ) ) ;
#2921 = CARTESIAN_POINT ( 'NONE',  ( 35.03918677093942335, -38.46321144705090234, 430.0000000002121965 ) ) ;
#2922 = CARTESIAN_POINT ( 'NONE',  ( 0.000000000000000000, 0.000000000000000000, 0.000000000000000000 ) ) ;
#2923 = CARTESIAN_POINT ( 'NONE',  ( 12.73506746041365112, -56.37121903045356675, 428.3892184035512400 ) ) ;
#2924 = ORIENTED_EDGE ( 'NONE', *, *, #6171, .T. ) ;
#2925 = CARTESIAN_POINT ( 'NONE',  ( 31.71124262961731688, -3.080379000319225291, 454.8235642574096005 ) ) ;
#2926 = CARTESIAN_POINT ( 'NONE',  ( -0.000000000000000000, -54.57109427142869151, -25.72152256063105824 ) ) ;
#2927 = ADVANCED_FACE ( 'NONE', ( #1129 ), #4514, .F. ) ;
#2928 = CARTESIAN_POINT ( 'NONE',  ( 60.03282986121357112, -12.28319965607964726, 450.8323710026653544 ) ) ;
#2929 = CARTESIAN_POINT ( 'NONE',  ( -10.27266192055210858, 5.123073895678157186, 494.0455122256950062 ) ) ;
#2930 = CARTESIAN_POINT ( 'NONE',  ( 16.52650904064350001, -44.27010907003457874, 461.6984060265269818 ) ) ;
#2931 = CARTESIAN_POINT ( 'NONE',  ( 0.000000000000000000, -53.77145281460710180, 472.5548515520040951 ) ) ;
#2932 = CARTESIAN_POINT ( 'NONE',  ( 0.3340654942213499012, -42.97619046135928045, 511.4253910450159424 ) ) ;
#2933 = CARTESIAN_POINT ( 'NONE',  ( -68.31011536970008535, -60.64635181205830605, 304.1661337803504921 ) ) ;
#2934 = CARTESIAN_POINT ( 'NONE',  ( 149.9999999999997442, -5.490932798144390503, 226.1862272007494425 ) ) ;
#2935 = CARTESIAN_POINT ( 'NONE',  ( 8.431562461238529593, 46.07402497580898171, 158.2968993032507683 ) ) ;
#2936 = CARTESIAN_POINT ( 'NONE',  ( -9.650457210473206260, 42.47422119080876257, 108.3197917343866408 ) ) ;
#2937 = CARTESIAN_POINT ( 'NONE',  ( 35.74777427187806467, -27.34031314921840305, 461.3473831132695864 ) ) ;
#2938 = CARTESIAN_POINT ( 'NONE',  ( -10.71802446190858582, -50.43642012578745693, 453.1201426372359720 ) ) ;
#2939 = VERTEX_POINT ( 'NONE', #2153 ) ;
#2940 = CARTESIAN_POINT ( 'NONE',  ( 16.73302816187517905, 11.94875023123153923, 430.5628360026420296 ) ) ;
#2941 = CARTESIAN_POINT ( 'NONE',  ( -27.58498168839361853, 10.91108816875531140, 412.9509055724005293 ) ) ;
#2942 = CARTESIAN_POINT ( 'NONE',  ( 27.31991438888254109, 6.413444617688723426, 430.0000000002123102 ) ) ;
#2943 = CARTESIAN_POINT ( 'NONE',  ( -60.02205480621272216, -16.69065174038479071, 449.2625443568002765 ) ) ;
#2944 = ORIENTED_EDGE ( 'NONE', *, *, #555, .T. ) ;
#2945 = CARTESIAN_POINT ( 'NONE',  ( -12.51125943152219300, 0.2685765044219073361, 481.3526128553109515 ) ) ;
#2946 = CARTESIAN_POINT ( 'NONE',  ( -47.59539920953680792, -22.54885861172299144, 449.0436627260434079 ) ) ;
#2947 = CARTESIAN_POINT ( 'NONE',  ( -8.829660114107692692, 2.912969013310531263, 479.6918268959445868 ) ) ;
#2948 = LINE ( 'NONE', #4395, #404 ) ;
#2949 = B_SPLINE_CURVE_WITH_KNOTS ( 'NONE', 3,
 ( #5791, #5335, #3851, #923, #6231, #5854, #5301, #2332, #3786, #2887 ),
 .UNSPECIFIED., .F., .F.,
 ( 4, 2, 2, 2, 4 ),
 ( 0.000000000000000000, 0.02031279554867602283, 0.04062559109735204566, 0.06093838664602806848, 0.08125118219470409131 ),
 .UNSPECIFIED. ) ;
#2950 = DIRECTION ( 'NONE',  ( 0.000000000000000000, 0.000000000000000000, -1.000000000000000000 ) ) ;
#2951 = CARTESIAN_POINT ( 'NONE',  ( -7.194214982555160454, -10.55356055293207795, 558.2764120640227929 ) ) ;
#2952 = ADVANCED_FACE ( 'NONE', ( #1188, #3153, #3096 ), #5116, .F. ) ;
#2953 = CARTESIAN_POINT ( 'NONE',  ( 86.78479610272228228, -8.426922040965695970, 51.82892328279097427 ) ) ;
#2954 = CARTESIAN_POINT ( 'NONE',  ( 5.703784907887976985, -33.13923168523454876, 519.7562769311210786 ) ) ;
#2955 = CARTESIAN_POINT ( 'NONE',  ( 1.057775965290526754, -10.86071036805890699, 507.7372665202609596 ) ) ;
#2956 = CARTESIAN_POINT ( 'NONE',  ( 17.77753163547434312, -53.07028828252823871, 432.5174014906922935 ) ) ;
#2957 = CARTESIAN_POINT ( 'NONE',  ( 12.30133544145263791, -1.618367212670636768, 488.2764548996464669 ) ) ;
#2958 = CARTESIAN_POINT ( 'NONE',  ( -28.50923218300606976, -37.54719853468355240, -32.12185245721998683 ) ) ;
#2959 = CARTESIAN_POINT ( 'NONE',  ( -31.30590471971739319, -42.64783824158595138, 430.0000000000001137 ) ) ;
#2960 = CARTESIAN_POINT ( 'NONE',  ( 35.59228351222613185, -21.68528404127802034, 507.4639494113244496 ) ) ;
#2961 = CARTESIAN_POINT ( 'NONE',  ( -59.97261899444817601, -10.31809425623221443, 446.5905760905740181 ) ) ;
#2962 = CARTESIAN_POINT ( 'NONE',  ( 8.379214696213509228, -46.39602049167775277, 470.6531797541226751 ) ) ;
#2963 = CARTESIAN_POINT ( 'NONE',  ( 35.68751508801354078, -25.71008246410409370, 501.3283805024830713 ) ) ;
#2964 = DIRECTION ( 'NONE',  ( -0.000000000000000000, -1.000000000000000000, -0.000000000000000000 ) ) ;
#2965 = CARTESIAN_POINT ( 'NONE',  ( -9.609684570934760472, -72.95532370068683292, 379.8414546732570898 ) ) ;
#2966 = CARTESIAN_POINT ( 'NONE',  ( 149.9999999999992610, -4.580445260560294329, 219.5912975732655923 ) ) ;
#2967 = CARTESIAN_POINT ( 'NONE',  ( 16.66315168157811755, 45.58974530259764180, 211.4847522036016585 ) ) ;
#2968 = CARTESIAN_POINT ( 'NONE',  ( -150.0000000000000284, 11.30624670738853510, 229.7266311706955264 ) ) ;
#2969 = CARTESIAN_POINT ( 'NONE',  ( 6.364004302412481273, -37.57886560602900516, 503.5649279316662046 ) ) ;
#2970 = CARTESIAN_POINT ( 'NONE',  ( -17.91768916059134753, -48.48827926453219561, 446.5543834540381454 ) ) ;
#2971 = ORIENTED_EDGE ( 'NONE', *, *, #3397, .F. ) ;
#2972 = CARTESIAN_POINT ( 'NONE',  ( 15.61172594663606894, 5.217923991626316926, 457.6683630872402659 ) ) ;
#2973 = CARTESIAN_POINT ( 'NONE',  ( -48.89210662988408274, 4.539981082564759518, 401.4723531383033333 ) ) ;
#2974 = CARTESIAN_POINT ( 'NONE',  ( 36.00786460925557719, 2.028809537791604445, 430.0000000002121396 ) ) ;
#2975 = CARTESIAN_POINT ( 'NONE',  ( -7.198777591618397587, -27.45110897504159553, 562.5275209020271632 ) ) ;
#2976 = ORIENTED_EDGE ( 'NONE', *, *, #6123, .T. ) ;
#2977 = AXIS2_PLACEMENT_3D ( 'NONE', #3310, #6135, #5761 ) ;
#2978 = CARTESIAN_POINT ( 'NONE',  ( -6.417642605266562938, -35.28652016626942611, 510.7923422156828224 ) ) ;
#2979 = CARTESIAN_POINT ( 'NONE',  ( -31.71124262961731688, -3.080379000319225291, 454.8235642574096005 ) ) ;
#2980 = CARTESIAN_POINT ( 'NONE',  ( 3.685777447090527570, -10.30349866059825104, 558.9422371214551504 ) ) ;
#2981 = CARTESIAN_POINT ( 'NONE',  ( -88.62511797362003563, -3.129642053160407222, 430.0000000000002842 ) ) ;
#2982 = LINE ( 'NONE', #5522, #6064 ) ;
#2983 = CARTESIAN_POINT ( 'NONE',  ( -12.63881514647543014, -29.55331106687728138, 514.2900801750905657 ) ) ;
#2984 = CARTESIAN_POINT ( 'NONE',  ( 5.794590150853878185, -30.81096995140587680, 527.4739863304027949 ) ) ;
#2985 = LINE ( 'NONE', #5828, #4818 ) ;
#2986 = CARTESIAN_POINT ( 'NONE',  ( 29.09952598990388850, -50.22015036238556718, 415.8693437570215679 ) ) ;
#2987 = AXIS2_PLACEMENT_3D ( 'NONE', #5428, #536, #504 ) ;
#2988 = CARTESIAN_POINT ( 'NONE',  ( 22.90210313508297091, -1.612495853672817336, 466.4427661341815110 ) ) ;
#2989 = FACE_OUTER_BOUND ( 'NONE', #3519, .T. ) ;
#2990 = CARTESIAN_POINT ( 'NONE',  ( -19.30942233839630617, -52.98050602713912838, 430.0000000000001705 ) ) ;
#2991 = CARTESIAN_POINT ( 'NONE',  ( 0.000000000000000000, -28.33762233100130246, 562.8448086414282443 ) ) ;
#2992 = VECTOR ( 'NONE', #1783, 1000.000000000000000 ) ;
#2993 = CARTESIAN_POINT ( 'NONE',  ( -149.9999999999996589, 3.010335517173705178, 393.8851699768119943 ) ) ;
#2994 = EDGE_CURVE ( 'NONE', #2338, #2063, #5024, .T. ) ;
#2995 = CARTESIAN_POINT ( 'NONE',  ( 14.96458928825222756, -49.38699623766318325, 449.3474274961899937 ) ) ;
#2996 = CARTESIAN_POINT ( 'NONE',  ( 7.687209889246918060, -45.36766707760634887, 500.0252743725675941 ) ) ;
#2997 = CARTESIAN_POINT ( 'NONE',  ( 0.1684695273081186495, -44.37768234838183190, 506.4422371214550935 ) ) ;
#2998 = CARTESIAN_POINT ( 'NONE',  ( -26.46842816646480756, -71.77572737563548344, 92.04857878244095559 ) ) ;
#2999 = CARTESIAN_POINT ( 'NONE',  ( 150.0000000000000284, -2.294455591839802189, 211.4909051585674149 ) ) ;
#3000 = CARTESIAN_POINT ( 'NONE',  ( 43.14658061911373466, 35.50342271598734101, 304.1660564602935892 ) ) ;
#3001 = CARTESIAN_POINT ( 'NONE',  ( -11.95892245156395362, 19.47318974129438018, -2.636757449170115120 ) ) ;
#3002 = CARTESIAN_POINT ( 'NONE',  ( 47.92844376328099543, -23.60873717088349366, 442.9982722228712078 ) ) ;
#3003 = CARTESIAN_POINT ( 'NONE',  ( -32.73752792958021729, -40.99167828991735263, 430.1862751913123475 ) ) ;
#3004 = ORIENTED_EDGE ( 'NONE', *, *, #5705, .T. ) ;
#3005 = CARTESIAN_POINT ( 'NONE',  ( 28.75914499541093505, 5.796305979212619697, 429.4278267305566033 ) ) ;
#3006 = CARTESIAN_POINT ( 'NONE',  ( -44.20051475859011703, 6.736234519173271096, 399.2971272153551467 ) ) ;
#3007 = DIRECTION ( 'NONE',  ( -1.000000000000000000, 0.000000000000000000, 0.000000000000000000 ) ) ;
#3008 = CARTESIAN_POINT ( 'NONE',  ( -9.623778193938704817, -27.49227426098026683, 553.3355988605501352 ) ) ;
#3009 = CARTESIAN_POINT ( 'NONE',  ( 7.192754217908762904, -10.02745025890519770, 556.6295491338239572 ) ) ;
#3010 = VERTEX_POINT ( 'NONE', #4572 ) ;
#3011 = CARTESIAN_POINT ( 'NONE',  ( -17.42746577387699958, -27.96378336291491351, 507.7387522676856975 ) ) ;
#3012 = CARTESIAN_POINT ( 'NONE',  ( -15.36160983262465329, 3.439600077187778382, 464.4332991021566954 ) ) ;
#3013 = CARTESIAN_POINT ( 'NONE',  ( 5.483427953080186157, -29.28655086551724551, 558.9422371214551504 ) ) ;
#3014 = CARTESIAN_POINT ( 'NONE',  ( 54.71933418780097469, -4.422765829795782366, 430.0000215859397485 ) ) ;
#3015 = DIRECTION ( 'NONE',  ( 0.9965196509732254793, -0.08335817430942789319, 0.000000000000000000 ) ) ;
#3016 = CARTESIAN_POINT ( 'NONE',  ( 5.319415269970258819, -30.90951964116241157, 528.5498359800092203 ) ) ;
#3017 = CARTESIAN_POINT ( 'NONE',  ( -12.49561825147669225, -54.41679700467606295, 436.3992546468950309 ) ) ;
#3018 = CARTESIAN_POINT ( 'NONE',  ( 30.79780201499496783, -49.18097221352014969, 414.2897312668675340 ) ) ;
#3019 = CARTESIAN_POINT ( 'NONE',  ( 14.09829969210821865, -0.02473895202052339010, 479.0994847079638816 ) ) ;
#3020 = CARTESIAN_POINT ( 'NONE',  ( -86.96447697842424418, -25.42429361652477482, 49.13328212781601678 ) ) ;
#3021 = CARTESIAN_POINT ( 'NONE',  ( -35.89202903790352650, -37.49027098628663879, 429.9999999999997726 ) ) ;
#3022 = CARTESIAN_POINT ( 'NONE',  ( 2.564919628957133657, -21.93855809890520803, 568.7533309417017335 ) ) ;
#3023 = CARTESIAN_POINT ( 'NONE',  ( -54.71933418780097469, -4.422765829795782366, 430.0000215859397485 ) ) ;
#3024 = CARTESIAN_POINT ( 'NONE',  ( 10.59888021597456920, -50.46058045466959641, 453.2262024468424784 ) ) ;
#3025 = CARTESIAN_POINT ( 'NONE',  ( 150.0000000000001137, -6.709418143118766942, 417.3739923013122279 ) ) ;
#3026 = CARTESIAN_POINT ( 'NONE',  ( -2.565465974165745955, -29.84379509605052405, 559.1952110877552968 ) ) ;
#3027 = CARTESIAN_POINT ( 'NONE',  ( -149.9999999999997442, -7.370038410795642037, 283.8776627504177554 ) ) ;
#3028 = CARTESIAN_POINT ( 'NONE',  ( 0.000000000000000000, -36.59772115991504648, -54.64059975019979021 ) ) ;
#3029 = EDGE_CURVE ( 'NONE', #296, #1771, #2670, .T. ) ;
#3030 = CARTESIAN_POINT ( 'NONE',  ( 5.833484303085390010, 38.83323711334092820, 331.6529499013212217 ) ) ;
#3031 = CARTESIAN_POINT ( 'NONE',  ( -80.59194385665391280, 16.18280436951648937, 103.7926928775323461 ) ) ;
#3032 = CARTESIAN_POINT ( 'NONE',  ( 12.74837358032208456, -38.24991091782408148, 487.0154482066623132 ) ) ;
#3033 = CARTESIAN_POINT ( 'NONE',  ( -40.63200181116457088, -37.18370554886116963, 416.1528435706499636 ) ) ;
#3034 = ORIENTED_EDGE ( 'NONE', *, *, #3139, .T. ) ;
#3035 = ADVANCED_FACE ( 'NONE', ( #6025 ), #4969, .F. ) ;
#3036 = CARTESIAN_POINT ( 'NONE',  ( 25.24113681221184891, 4.941835167263938899, 439.3141241149900225 ) ) ;
#3037 = CARTESIAN_POINT ( 'NONE',  ( 0.000000000000000000, -20.00000000000000000, 458.9422371214550935 ) ) ;
#3038 = CARTESIAN_POINT ( 'NONE',  ( 26.00730562857747685, 7.132899823259238659, 430.0000000002121396 ) ) ;
#3039 = CARTESIAN_POINT ( 'NONE',  ( -150.0000000000000284, -6.008609634071088834, 440.0305525103659079 ) ) ;
#3040 = DIRECTION ( 'NONE',  ( -0.000000000000000000, -0.000000000000000000, -1.000000000000000000 ) ) ;
#3041 = CARTESIAN_POINT ( 'NONE',  ( -11.87848591646520013, -31.45944060677886256, 509.6946462581617538 ) ) ;
#3042 = CARTESIAN_POINT ( 'NONE',  ( -49.33976508632446922, -2.222616620348276228, 426.8331049270712469 ) ) ;
#3043 = CARTESIAN_POINT ( 'NONE',  ( -1.490253870021695182, -10.06869430153065004, 558.9422371034246453 ) ) ;
#3044 = CARTESIAN_POINT ( 'NONE',  ( 0.000000000000000000, -33.20068766774330271, 506.4422371214552072 ) ) ;
#3045 = CARTESIAN_POINT ( 'NONE',  ( 28.52649240996227320, -9.360615050134562409, -39.65852415072266979 ) ) ;
#3046 = CARTESIAN_POINT ( 'NONE',  ( 15.74909877952164550, -28.37240997400896703, 510.6518827077611604 ) ) ;
#3047 = CARTESIAN_POINT ( 'NONE',  ( -13.89816321744094552, -56.12868052006881214, 427.6689921606592861 ) ) ;
#3048 = CARTESIAN_POINT ( 'NONE',  ( -149.9999999999995737, -3.670195071340885740, 431.6969345217764271 ) ) ;
#3049 = CARTESIAN_POINT ( 'NONE',  ( 31.53895373065873642, -8.168893902313213218, 472.5065630212704946 ) ) ;
#3050 = DIRECTION ( 'NONE',  ( -0.000000000000000000, 0.000000000000000000, 1.000000000000000000 ) ) ;
#3051 = CARTESIAN_POINT ( 'NONE',  ( -11.81354026424244452, -62.72106572181532158, 429.9999999999999432 ) ) ;
#3052 = CARTESIAN_POINT ( 'NONE',  ( 35.58864692157144560, -19.93442796626688107, 508.0066010617481993 ) ) ;
#3053 = DIRECTION ( 'NONE',  ( -0.000000000000000000, -1.000000000000000000, -0.000000000000000000 ) ) ;
#3054 = CARTESIAN_POINT ( 'NONE',  ( 49.73224041109463656, -27.62022967759509839, 419.3355777786964609 ) ) ;
#3055 = CARTESIAN_POINT ( 'NONE',  ( 42.92051786857342677, 5.803523449251816402, 430.0000000000001705 ) ) ;
#3056 = CARTESIAN_POINT ( 'NONE',  ( -22.92437297788302075, -78.44663433861667556, 256.6691905929424706 ) ) ;
#3057 = CARTESIAN_POINT ( 'NONE',  ( 56.37431445055649704, -19.28671952799274791, 208.5790185961205907 ) ) ;
#3058 = CARTESIAN_POINT ( 'NONE',  ( 42.82036082025610568, 34.45865616707600765, 314.7613887647807474 ) ) ;
#3059 = CARTESIAN_POINT ( 'NONE',  ( -149.9999999999997442, 16.89020687609928828, 297.3968004075345561 ) ) ;
#3060 = CARTESIAN_POINT ( 'NONE',  ( 7.831147383983362964, -39.59167947318439218, 493.6412124923183455 ) ) ;
#3061 = CARTESIAN_POINT ( 'NONE',  ( -47.44705744115896806, -29.03803526786186850, 421.2126528609119305 ) ) ;
#3062 = ORIENTED_EDGE ( 'NONE', *, *, #2361, .F. ) ;
#3063 = CARTESIAN_POINT ( 'NONE',  ( 22.27126696026462582, 7.311125438122783926, 436.8143274438667163 ) ) ;
#3064 = CARTESIAN_POINT ( 'NONE',  ( -35.66106005593005079, -25.50521667275220139, 502.3113495257247791 ) ) ;
#3065 = CARTESIAN_POINT ( 'NONE',  ( 25.21166943755103418, 7.572254217326896075, 430.0000000002121396 ) ) ;
#3066 = VERTEX_POINT ( 'NONE', #2018 ) ;
#3067 = CARTESIAN_POINT ( 'NONE',  ( -149.9999999999999432, -6.186980386548941446, 440.0305525103658510 ) ) ;
#3068 = DIRECTION ( 'NONE',  ( 0.000000000000000000, 1.000000000000000000, 0.000000000000000000 ) ) ;
#3069 = CARTESIAN_POINT ( 'NONE',  ( -7.119063922681036161, -39.75940122975001145, 494.7131619454575571 ) ) ;
#3070 = CARTESIAN_POINT ( 'NONE',  ( -5.568655043535263971, -30.87052520320505522, 527.9430774065534706 ) ) ;
#3071 = CARTESIAN_POINT ( 'NONE',  ( -28.34346586658977785, 0.8835586159894447400, 447.4284585457773460 ) ) ;
#3072 = CARTESIAN_POINT ( 'NONE',  ( 9.997912462947079248, -20.67195684336340733, 558.9422371214548093 ) ) ;
#3073 = CARTESIAN_POINT ( 'NONE',  ( 149.9999999999995737, -3.918022488470896736, 433.0180398876245249 ) ) ;
#3074 = CARTESIAN_POINT ( 'NONE',  ( -54.71933418780097469, -4.422765829795782366, 430.0000215859397485 ) ) ;
#3075 = CARTESIAN_POINT ( 'NONE',  ( -13.17027438468317158, -56.28343811310384126, 428.1206717788818423 ) ) ;
#3076 = CARTESIAN_POINT ( 'NONE',  ( 42.28740198411365725, -39.58641914887645896, 403.3413216190286334 ) ) ;
#3077 = CARTESIAN_POINT ( 'NONE',  ( 11.91133878627731590, -5.445373310998171235, 502.1453506231703159 ) ) ;
#3078 = AXIS2_PLACEMENT_3D ( 'NONE', #2922, #4947, #4848 ) ;
#3079 = CARTESIAN_POINT ( 'NONE',  ( 14.89608808883808777, -7.738468905932595732, 503.4381159323917245 ) ) ;
#3080 = CARTESIAN_POINT ( 'NONE',  ( -21.22414362002081845, -51.81291633846333866, 430.0000000000000568 ) ) ;
#3081 = CARTESIAN_POINT ( 'NONE',  ( 7.198777591618397587, -27.45110897504159553, 562.5275209020271632 ) ) ;
#3082 = CARTESIAN_POINT ( 'NONE',  ( -150.0000000000029559, -7.241802718521507920, 450.8736378160455160 ) ) ;
#3083 = COLOUR_RGB ( '',0.7921568627450980005, 0.8196078431372548767, 0.9333333333333333481 ) ;
#3084 = CARTESIAN_POINT ( 'NONE',  ( 16.03076030148278619, -46.79624384246069724, 455.3934522939679255 ) ) ;
#3085 = CARTESIAN_POINT ( 'NONE',  ( 66.15313911539597314, -0.5373520200297212668, 430.0000000000000568 ) ) ;
#3086 = CARTESIAN_POINT ( 'NONE',  ( -70.93311456210265931, -60.35109498307495102, 254.3992715977106513 ) ) ;
#3087 = CIRCLE ( 'NONE', #5250, 7.200000000000002842 ) ;
#3088 = CARTESIAN_POINT ( 'NONE',  ( 28.56010164792775896, -29.08120341104138618, -41.03926139230429726 ) ) ;
#3089 = CARTESIAN_POINT ( 'NONE',  ( 47.31906922256367665, 15.57846502002442612, 326.4192049172317525 ) ) ;
#3090 = CARTESIAN_POINT ( 'NONE',  ( 0.000000000000000000, 47.06380252744634163, 155.7186040356210128 ) ) ;
#3091 = CARTESIAN_POINT ( 'NONE',  ( 8.349770063279654764, -41.81605438170903000, 485.5557157156804351 ) ) ;
#3092 = CARTESIAN_POINT ( 'NONE',  ( -13.25419921582619942, -45.23610832206836818, 465.3324992763252226 ) ) ;
#3093 = ADVANCED_FACE ( 'NONE', ( #2989 ), #2623, .F. ) ;
#3094 = EDGE_LOOP ( 'NONE', ( #762, #5192, #3300, #4993 ) ) ;
#3095 = CARTESIAN_POINT ( 'NONE',  ( 16.54378571961133915, 8.555160491497060704, 443.6777918634483626 ) ) ;
#3096 = FACE_OUTER_BOUND ( 'NONE', #2539, .T. ) ;
#3097 = CARTESIAN_POINT ( 'NONE',  ( 13.56983307256397708, 13.50040971419679181, 430.0000000002123102 ) ) ;
#3098 = CARTESIAN_POINT ( 'NONE',  ( -78.95723282016297162, -2.294605590888370905, 430.0000000000002274 ) ) ;
#3099 = CARTESIAN_POINT ( 'NONE',  ( 11.26719887669363018, -56.45738202076029921, 430.0000000002122533 ) ) ;
#3100 = CARTESIAN_POINT ( 'NONE',  ( -8.870509710139838688, -41.67947210872272024, 484.8976238437376765 ) ) ;
#3101 = CARTESIAN_POINT ( 'NONE',  ( -19.49054731942659657, -29.50064094504966050, 497.1612492368378753 ) ) ;
#3102 = CARTESIAN_POINT ( 'NONE',  ( -16.38331170713258800, 5.066845606782786504, 456.6675621673343812 ) ) ;
#3103 = CARTESIAN_POINT ( 'NONE',  ( -6.392429258651021406, -11.11151473259793399, 558.9422371214556051 ) ) ;
#3104 = CARTESIAN_POINT ( 'NONE',  ( -9.613779828970837826, -14.92266902423438957, 556.5085444011807567 ) ) ;
#3105 = CARTESIAN_POINT ( 'NONE',  ( 3.268646977093212946, 11.48290530004461019, -28.67737780092130606 ) ) ;
#3106 = CARTESIAN_POINT ( 'NONE',  ( -8.719683942521468722, -4.806417500800551856, 507.0571904531984160 ) ) ;
#3107 = CARTESIAN_POINT ( 'NONE',  ( 19.27507332902513681, -4.698411018310902243, 484.1347186448698494 ) ) ;
#3108 = CARTESIAN_POINT ( 'NONE',  ( 1.057775965290527198, -29.13928963194109656, 510.1472077226493411 ) ) ;
#3109 = CARTESIAN_POINT ( 'NONE',  ( 150.0000000000000853, -6.250264775982731003, 440.0305525103657374 ) ) ;
#3110 = CARTESIAN_POINT ( 'NONE',  ( 0.000000000000000000, -29.45313396754236379, 560.4558571231845008 ) ) ;
#3111 = CARTESIAN_POINT ( 'NONE',  ( 18.07576968202364753, -53.61467311893888876, 430.0000000002123102 ) ) ;
#3112 = CARTESIAN_POINT ( 'NONE',  ( -9.567577874802498883, -17.56804876179691988, 571.0064630212018528 ) ) ;
#3113 = CARTESIAN_POINT ( 'NONE',  ( 10.49643447060761758, -48.26464118034211737, 460.8763738853234031 ) ) ;
#3114 = CARTESIAN_POINT ( 'NONE',  ( 55.10225921560311946, 1.859760480740457300, 430.0000000000000000 ) ) ;
#3115 = CARTESIAN_POINT ( 'NONE',  ( -73.83880539362290563, -59.24824856767471459, 219.7049704555995788 ) ) ;
#3116 = CARTESIAN_POINT ( 'NONE',  ( 12.52073868771997489, -29.68526867936187941, -55.37486511332178907 ) ) ;
#3117 = CARTESIAN_POINT ( 'NONE',  ( 13.31731313304985065, 38.32335583300963577, 331.1613580124958389 ) ) ;
#3118 = CARTESIAN_POINT ( 'NONE',  ( 0.000000000000000000, 44.44231472044331355, 275.7264566852123266 ) ) ;
#3119 = CARTESIAN_POINT ( 'NONE',  ( 7.245601549364486971, -42.01822780186847694, 487.1796969917417073 ) ) ;
#3120 = CARTESIAN_POINT ( 'NONE',  ( -52.17841337425499404, -26.18150556531555040, 417.5097821053709595 ) ) ;
#3121 = ORIENTED_EDGE ( 'NONE', *, *, #5705, .F. ) ;
#3122 = CARTESIAN_POINT ( 'NONE',  ( 49.25081091167425029, -0.8298459668798066069, 421.7285423210305453 ) ) ;
#3123 = CARTESIAN_POINT ( 'NONE',  ( 0.000000000000000000, -20.00000000000000000, 432.9207075737901391 ) ) ;
#3124 = CARTESIAN_POINT ( 'NONE',  ( 23.21571195842006929, 8.676451815742815654, 430.0000000002123102 ) ) ;
#3125 = CARTESIAN_POINT ( 'NONE',  ( -61.38784112181006947, 0.3973875031662598700, 430.0000000000001137 ) ) ;
#3126 = VERTEX_POINT ( 'NONE', #1057 ) ;
#3127 = CARTESIAN_POINT ( 'NONE',  ( 150.0000000000044338, -8.236940226628680861, 456.2951804688854054 ) ) ;
#3128 = CARTESIAN_POINT ( 'NONE',  ( -53.72700797020559804, -22.30758763478152673, 432.8397562713770412 ) ) ;
#3129 = CARTESIAN_POINT ( 'NONE',  ( -14.08798320158136086, -28.73046825310114727, 513.5258416867413871 ) ) ;
#3130 = CARTESIAN_POINT ( 'NONE',  ( -16.64881030716625077, 6.796166802689539210, 449.9527838170469636 ) ) ;
#3131 = CARTESIAN_POINT ( 'NONE',  ( -8.899381403947367986, -14.22902949608656442, 558.9422371214548093 ) ) ;
#3132 = CARTESIAN_POINT ( 'NONE',  ( -2.563784045831071001, -10.92359499895165165, 561.2026532640164760 ) ) ;
#3133 = CARTESIAN_POINT ( 'NONE',  ( 84.37654678365758798, 7.016731582859186744, 78.37539727634437270 ) ) ;
#3134 = CARTESIAN_POINT ( 'NONE',  ( -11.76914341270122222, -7.446225970411168404, 509.1347414299882530 ) ) ;
#3135 = CARTESIAN_POINT ( 'NONE',  ( 2.824195916101439163, -78.11084760723777265, 331.9476539022069801 ) ) ;
#3136 = CARTESIAN_POINT ( 'NONE',  ( 8.569952461250679221, -6.825465741898546490, 514.2145041268825025 ) ) ;
#3137 = DIRECTION ( 'NONE',  ( 0.000000000000000000, 0.000000000000000000, -1.000000000000000000 ) ) ;
#3138 = CARTESIAN_POINT ( 'NONE',  ( 3.066823385967608839, 3.839221113690682419, 510.6447835116318856 ) ) ;
#3139 = EDGE_CURVE ( 'NONE', #3010, #101, #5708, .T. ) ;
#3140 = LINE ( 'NONE', #5100, #5654 ) ;
#3141 = CARTESIAN_POINT ( 'NONE',  ( 34.00094911821511090, -39.62283758001307632, 430.0000000002122533 ) ) ;
#3142 = CARTESIAN_POINT ( 'NONE',  ( 0.000000000000000000, -46.58870159832864033, 507.3422371214550708 ) ) ;
#3143 = CARTESIAN_POINT ( 'NONE',  ( 53.10679749112615156, -27.84146392768585088, 406.0104623184346906 ) ) ;
#3144 = CARTESIAN_POINT ( 'NONE',  ( 85.39621770742424189, -2.892129083586347349, 430.0000000000001705 ) ) ;
#3145 = CARTESIAN_POINT ( 'NONE',  ( -56.00732020532700517, -23.56709823840322571, 221.0780510144691107 ) ) ;
#3146 = CARTESIAN_POINT ( 'NONE',  ( 35.59910951302285298, -14.00586579924553732, 503.1650384195591528 ) ) ;
#3147 = CARTESIAN_POINT ( 'NONE',  ( 0.000000000000000000, 10.33405387878785753, 486.6586544760494917 ) ) ;
#3148 = CARTESIAN_POINT ( 'NONE',  ( -20.62407662905724592, 42.79110105320698665, 140.4219543533417607 ) ) ;
#3149 = CARTESIAN_POINT ( 'NONE',  ( 35.58688526099709293, -32.85798007230027196, 444.0393359639660389 ) ) ;
#3150 = CARTESIAN_POINT ( 'NONE',  ( -9.145160201469153094, -46.26547029458414784, 469.7499045092162078 ) ) ;
#3151 = ORIENTED_EDGE ( 'NONE', *, *, #2617, .F. ) ;
#3152 = CARTESIAN_POINT ( 'NONE',  ( 18.70209786343601976, 4.600628028762766775, 453.6467622821162990 ) ) ;
#3153 = FACE_BOUND ( 'NONE', #3429, .T. ) ;
#3154 = CARTESIAN_POINT ( 'NONE',  ( -28.48268780610885997, 12.81951011966267018, 430.0000000000000000 ) ) ;
#3155 = CARTESIAN_POINT ( 'NONE',  ( 54.27734884251492531, -22.95835741312304989, 246.9513156457136915 ) ) ;
#3156 = CARTESIAN_POINT ( 'NONE',  ( -10.11675709361057862, -38.96531119858959613, 490.5508739390059532 ) ) ;
#3157 = CARTESIAN_POINT ( 'NONE',  ( 44.21924473294966162, -20.02188114089651449, 470.1806915173954167 ) ) ;
#3158 = FACE_OUTER_BOUND ( 'NONE', #2291, .T. ) ;
#3159 = CARTESIAN_POINT ( 'NONE',  ( -32.05818300101152118, 3.445549137028545150, 431.5427942628205074 ) ) ;
#3160 = CARTESIAN_POINT ( 'NONE',  ( 0.000000000000000000, -60.98929854832451980, 444.4340835014325535 ) ) ;
#3161 = CARTESIAN_POINT ( 'NONE',  ( -35.59485085034204133, -14.68472539039917457, 504.5236631567993300 ) ) ;
#3162 = CARTESIAN_POINT ( 'NONE',  ( 3.238742170394931286, 15.77724942527549956, -19.15744003631981229 ) ) ;
#3163 = EDGE_LOOP ( 'NONE', ( #37, #3321, #1875, #6248 ) ) ;
#3164 = CARTESIAN_POINT ( 'NONE',  ( -31.50592676161191008, -9.906718565640334262, 478.4914872650051052 ) ) ;
#3165 = CARTESIAN_POINT ( 'NONE',  ( 22.44372200702941100, -77.87385488063996775, 299.6078077557063466 ) ) ;
#3166 = CARTESIAN_POINT ( 'NONE',  ( -6.774120800367109396, -37.52386322201443392, 502.7646814870083745 ) ) ;
#3167 = CARTESIAN_POINT ( 'NONE',  ( 20.91512554783884070, -4.959467198565919333, 481.6304955284559242 ) ) ;
#3168 = EDGE_CURVE ( 'NONE', #2396, #296, #2164, .T. ) ;
#3169 = CARTESIAN_POINT ( 'NONE',  ( 1.548818579397470918, -29.06871494479510076, 508.5273641749685680 ) ) ;
#3170 = CARTESIAN_POINT ( 'NONE',  ( 3.052462266275070668, 4.770652513969610098, 507.1716686679271788 ) ) ;
#3171 = CARTESIAN_POINT ( 'NONE',  ( 9.631425358573412865, -28.50007773499879349, 551.2014039352114878 ) ) ;
#3172 = ADVANCED_FACE ( 'NONE', ( #2270 ), #787, .T. ) ;
#3173 = CARTESIAN_POINT ( 'NONE',  ( 27.29006645997657898, -46.82769877971132644, 430.0000000002121965 ) ) ;
#3174 = CARTESIAN_POINT ( 'NONE',  ( 0.000000000000000000, -64.25834689131531263, 429.9999999997190798 ) ) ;
#3175 = CARTESIAN_POINT ( 'NONE',  ( 10.39977527662358270, -52.69372663351510511, 445.7018558309978857 ) ) ;
#3176 = ORIENTED_EDGE ( 'NONE', *, *, #212, .T. ) ;
#3177 = AXIS2_PLACEMENT_3D ( 'NONE', #1528, #1110, #1559 ) ;
#3178 = CARTESIAN_POINT ( 'NONE',  ( 37.04944950723050567, 8.356366160378529528, 430.0000000000000568 ) ) ;
#3179 = CARTESIAN_POINT ( 'NONE',  ( -28.04795792027729817, -57.41709659966058865, 8.796145789944512572 ) ) ;
#3180 = DIRECTION ( 'NONE',  ( 0.000000000000000000, 1.000000000000000000, 0.000000000000000000 ) ) ;
#3181 = CARTESIAN_POINT ( 'NONE',  ( 150.0000000000000568, 0.2544905633191389405, 409.6453932724846823 ) ) ;
#3182 = CARTESIAN_POINT ( 'NONE',  ( 0.000000000000000000, 47.65165836710342973, 180.5788067618912009 ) ) ;
#3183 = CARTESIAN_POINT ( 'NONE',  ( 25.59969752436925106, -36.01174572318515743, 462.5176076502644378 ) ) ;
#3184 = CARTESIAN_POINT ( 'NONE',  ( -24.95925783336797465, -43.27994769153420407, 445.2626948972051650 ) ) ;
#3185 = ORIENTED_EDGE ( 'NONE', *, *, #2318, .T. ) ;
#3186 = VECTOR ( 'NONE', #3137, 1000.000000000000000 ) ;
#3187 = CARTESIAN_POINT ( 'NONE',  ( 0.000000000000000000, -49.93904776405505430, 486.5602779892034846 ) ) ;
#3188 = CARTESIAN_POINT ( 'NONE',  ( -15.00000000000000000, -32.78400426621576713, 430.0000000002122533 ) ) ;
#3189 = CARTESIAN_POINT ( 'NONE',  ( -9.620743624274640027, -11.03377133881076233, 549.8478901275921089 ) ) ;
#3190 = CARTESIAN_POINT ( 'NONE',  ( 3.071087628444628681, -78.89190049977436558, 130.7173053259860467 ) ) ;
#3191 = CARTESIAN_POINT ( 'NONE',  ( -8.057875802532450393, -41.88637786642436112, 485.9443489402280534 ) ) ;
#3192 = CARTESIAN_POINT ( 'NONE',  ( 6.502543364632388467, -35.26307739178502487, 510.6458437636343319 ) ) ;
#3193 = CARTESIAN_POINT ( 'NONE',  ( -51.86726145696179202, -31.10868987186983858, 395.9325363520148926 ) ) ;
#3194 = CIRCLE ( 'NONE', #1743, 2.499999999999946709 ) ;
#3195 = CARTESIAN_POINT ( 'NONE',  ( 29.21769180945853961, 10.46623948153155403, 411.4068633944274325 ) ) ;
#3196 = CARTESIAN_POINT ( 'NONE',  ( -16.92495874561871716, 8.477087909402927224, 443.2239088287204822 ) ) ;
#3197 = EDGE_CURVE ( 'NONE', #4056, #1378, #2754, .T. ) ;
#3198 = CARTESIAN_POINT ( 'NONE',  ( -3.975286971619169218, -29.66167270909025788, 558.9422371214550367 ) ) ;
#3199 = CARTESIAN_POINT ( 'NONE',  ( -150.0000000000000284, -5.314656071147684457, 440.0305525103654531 ) ) ;
#3200 = CARTESIAN_POINT ( 'NONE',  ( 56.08762438136983519, 3.832698960004560895, 215.3449030486479501 ) ) ;
#3201 = CARTESIAN_POINT ( 'NONE',  ( -7.958863983772258344, -4.614899498489545060, 508.2418825882029978 ) ) ;
#3202 = CARTESIAN_POINT ( 'NONE',  ( 2.723464886104488336, -64.19380600909410362, 430.0700492061511113 ) ) ;
#3203 = CARTESIAN_POINT ( 'NONE',  ( -35.74777427187806467, -27.34031314921840305, 461.3473831132695864 ) ) ;
#3204 = CARTESIAN_POINT ( 'NONE',  ( 37.35593580365301847, -25.36874432835427484, 464.4040167034860929 ) ) ;
#3205 = CARTESIAN_POINT ( 'NONE',  ( 0.2118118077187058357, -29.19999999999999929, 507.3422371214550708 ) ) ;
#3206 = CARTESIAN_POINT ( 'NONE',  ( 2.802654847926892678, 4.902302250663284511, 506.7970224824139791 ) ) ;
#3207 = CARTESIAN_POINT ( 'NONE',  ( 2.565355004038486708, -29.56534165093560773, 559.9850058780996278 ) ) ;
#3208 = CARTESIAN_POINT ( 'NONE',  ( 24.85283104875137639, -49.02877060414559196, 430.0000000002122533 ) ) ;
#3209 = DIRECTION ( 'NONE',  ( 0.000000000000000000, 0.000000000000000000, -1.000000000000000000 ) ) ;
#3210 = CARTESIAN_POINT ( 'NONE',  ( 41.78230429741774543, -34.44058618294951657, 420.6976553922413586 ) ) ;
#3211 = CARTESIAN_POINT ( 'NONE',  ( -2.814639393495900421, 3.765317492992572568, 511.0355299762659911 ) ) ;
#3212 = CARTESIAN_POINT ( 'NONE',  ( -3.278462017741254897, -64.57601869945806072, 6.065873492655348365 ) ) ;
#3213 = CARTESIAN_POINT ( 'NONE',  ( 0.000000000000000000, -46.58870159832864033, 505.4422371214552072 ) ) ;
#3214 = CARTESIAN_POINT ( 'NONE',  ( 35.77127347892401588, -9.639532146028656712, 488.8322980861877340 ) ) ;
#3215 = CARTESIAN_POINT ( 'NONE',  ( -150.0000000000003126, 4.384157842436207098, 385.9904724453040785 ) ) ;
#3216 = CARTESIAN_POINT ( 'NONE',  ( 19.65345158785712343, -40.86024127703039710, 464.4939912344564164 ) ) ;
#3217 = CARTESIAN_POINT ( 'NONE',  ( -11.56127132719946360, -43.33144863399571278, 474.4096991557432830 ) ) ;
#3218 = ORIENTED_EDGE ( 'NONE', *, *, #5462, .T. ) ;
#3219 = CARTESIAN_POINT ( 'NONE',  ( -8.131555872327654200, -53.17059966846706232, 471.8355484568802467 ) ) ;
#3220 = DIRECTION ( 'NONE',  ( 0.9888278834112642635, 0.1490617891627465108, 0.000000000000000000 ) ) ;
#3221 = ADVANCED_FACE ( 'NONE', ( #6069 ), #6198, .T. ) ;
#3222 = CARTESIAN_POINT ( 'NONE',  ( 80.59018846815698112, -54.67136575259554121, 148.1859689518015273 ) ) ;
#3223 = CARTESIAN_POINT ( 'NONE',  ( -150.0000000000000000, 6.573444530005628117, 217.0034385749200965 ) ) ;
#3224 = CARTESIAN_POINT ( 'NONE',  ( 6.775020363303571713, -35.18084500670998693, 510.2014704076809153 ) ) ;
#3225 = CARTESIAN_POINT ( 'NONE',  ( -20.76801206741636463, -54.17381966241746483, 422.9436863542106266 ) ) ;
#3226 = CARTESIAN_POINT ( 'NONE',  ( 10.79640223544078914, 14.68451436676042654, 429.6935458890281438 ) ) ;
#3227 = CARTESIAN_POINT ( 'NONE',  ( -48.98049915331922932, 3.226816522279922328, 406.5253760432794934 ) ) ;
#3228 = CARTESIAN_POINT ( 'NONE',  ( -6.358042549250355613, -28.93028684647450532, 558.9422371214546956 ) ) ;
#3229 = CARTESIAN_POINT ( 'NONE',  ( -2.563589035750720502, -10.64853701855919610, 560.5426976562384880 ) ) ;
#3230 = CARTESIAN_POINT ( 'NONE',  ( 79.05674022718464755, 18.70769894339281336, 112.5241708736267157 ) ) ;
#3231 = EDGE_LOOP ( 'NONE', ( #2715, #4386, #1098, #2976, #1912, #6113 ) ) ;
#3232 = CARTESIAN_POINT ( 'NONE',  ( -14.70648993228541812, -5.900174870556810447, 497.7313062485381465 ) ) ;
#3233 = CARTESIAN_POINT ( 'NONE',  ( 149.9999999999998010, -6.962528604779465446, 370.1972280709401844 ) ) ;
#3234 = CARTESIAN_POINT ( 'NONE',  ( -6.483493684657329226, -37.57290510082609813, 503.3064382984773033 ) ) ;
#3235 = CARTESIAN_POINT ( 'NONE',  ( 14.40375284334905892, -28.82869273257070830, 512.4201727879868713 ) ) ;
#3236 = CARTESIAN_POINT ( 'NONE',  ( 1.518584228619197729, -29.07389410557765430, 508.4275377228490811 ) ) ;
#3237 = CARTESIAN_POINT ( 'NONE',  ( -45.84303583811548322, -28.04687447001661482, 429.9999999999998295 ) ) ;
#3238 = CARTESIAN_POINT ( 'NONE',  ( 0.000000000000000000, -29.95346044094226201, 559.0833191505278137 ) ) ;
#3239 = CARTESIAN_POINT ( 'NONE',  ( 20.72032279796975729, -52.05734656613549305, 430.0000000002122533 ) ) ;
#3240 = DIRECTION ( 'NONE',  ( 0.000000000000000000, 0.000000000000000000, -1.000000000000000000 ) ) ;
#3241 = CARTESIAN_POINT ( 'NONE',  ( 11.91989422890734751, -52.39725292767631259, 444.5063885003065138 ) ) ;
#3242 = CARTESIAN_POINT ( 'NONE',  ( 0.000000000000000000, -29.19999999999999929, 507.3422371214550708 ) ) ;
#3243 = CARTESIAN_POINT ( 'NONE',  ( -149.9999999999993463, -6.001044110374134100, 231.6658960644401759 ) ) ;
#3244 = CARTESIAN_POINT ( 'NONE',  ( 9.617207853936504236, -11.78979078067496999, 551.7888031357225600 ) ) ;
#3245 = CARTESIAN_POINT ( 'NONE',  ( 7.118748418129577260, -1.685585176228954429, 528.7463543470161085 ) ) ;
#3246 = CARTESIAN_POINT ( 'NONE',  ( -1.761563983812512779, 32.02393952748043660, 380.3584216962848927 ) ) ;
#3247 = CARTESIAN_POINT ( 'NONE',  ( 41.16921983631538495, -28.09205123322946207, 443.6713724900789657 ) ) ;
#3248 = CARTESIAN_POINT ( 'NONE',  ( -9.554876471794001347, -43.84813543369001110, 476.7303670811659799 ) ) ;
#3249 = CARTESIAN_POINT ( 'NONE',  ( -35.66106005593005079, -25.50521667275220139, 502.3113495257247791 ) ) ;
#3250 = ORIENTED_EDGE ( 'NONE', *, *, #1420, .F. ) ;
#3251 = CARTESIAN_POINT ( 'NONE',  ( -149.9999999999999716, -6.386425012418153635, 435.7336574011089283 ) ) ;
#3252 = SURFACE_STYLE_FILL_AREA ( #284 ) ;
#3253 = CARTESIAN_POINT ( 'NONE',  ( 3.186004677621232517, -74.37526152866328744, 67.01011564915260976 ) ) ;
#3254 = CARTESIAN_POINT ( 'NONE',  ( -3.334374282861684691, -8.670514282707921794, -59.62443636531153857 ) ) ;
#3255 = CARTESIAN_POINT ( 'NONE',  ( 46.99950197460571388, -20.40557529760158673, 461.2162998124631486 ) ) ;
#3256 = CARTESIAN_POINT ( 'NONE',  ( -15.82951555555097478, -51.42194432901602141, 441.3467626606385465 ) ) ;
#3257 = ORIENTED_EDGE ( 'NONE', *, *, #1834, .T. ) ;
#3258 = CARTESIAN_POINT ( 'NONE',  ( 0.000000000000000000, -46.58870159832864033, 508.9422371214551504 ) ) ;
#3259 = CARTESIAN_POINT ( 'NONE',  ( -16.54378571961133915, 8.555160491497060704, 443.6777918634483626 ) ) ;
#3260 = CARTESIAN_POINT ( 'NONE',  ( -8.345372525765307969, -26.98620709303817122, 558.9422371214549230 ) ) ;
#3261 = CARTESIAN_POINT ( 'NONE',  ( -9.613428356530263841, -15.67299336771722018, 557.1634529041714359 ) ) ;
#3262 = CARTESIAN_POINT ( 'NONE',  ( 54.48274488411642125, 13.81017118001468269, 236.9137207598040220 ) ) ;
#3263 = EDGE_CURVE ( 'NONE', #464, #3639, #3683, .T. ) ;
#3264 = CARTESIAN_POINT ( 'NONE',  ( -15.07448277456323282, -2.107681593462729541, 484.1683102219956822 ) ) ;
#3265 = CARTESIAN_POINT ( 'NONE',  ( 18.54967280091722159, -65.48671766064194344, 411.1240943814369189 ) ) ;
#3266 = CARTESIAN_POINT ( 'NONE',  ( -26.60509723495891876, -33.32357051573927720, 467.1790173968900035 ) ) ;
#3267 = CARTESIAN_POINT ( 'NONE',  ( 22.40152636532026875, -8.928122134549299815, 491.9174799239698928 ) ) ;
#3268 = CARTESIAN_POINT ( 'NONE',  ( 0.000000000000000000, -46.58870159832864033, 512.4422371214550367 ) ) ;
#3269 = CARTESIAN_POINT ( 'NONE',  ( 6.801066226165305650, -63.72808523931358593, 430.0000000000000000 ) ) ;
#3270 = CARTESIAN_POINT ( 'NONE',  ( -14.06085107849099280, -7.620452918580818746, 504.8207787047249440 ) ) ;
#3271 = CARTESIAN_POINT ( 'NONE',  ( 40.34482518551967445, -32.89993137103732579, 430.0000000002123102 ) ) ;
#3272 =( NAMED_UNIT ( * ) SI_UNIT ( $, .STERADIAN. ) SOLID_ANGLE_UNIT ( ) );
#3273 = CARTESIAN_POINT ( 'NONE',  ( 29.35745895401898053, -43.19138819368211557, 434.0549776884365087 ) ) ;
#3274 = CARTESIAN_POINT ( 'NONE',  ( -0.2118118077187058357, -29.19999999999999929, 507.3422371214550708 ) ) ;
#3275 = CARTESIAN_POINT ( 'NONE',  ( 31.87494159519429360, 0.2130260766719754562, 443.1636844469783227 ) ) ;
#3276 = CARTESIAN_POINT ( 'NONE',  ( -12.15176156342599434, -65.82501957098369871, 20.76727215959817840 ) ) ;
#3277 = CARTESIAN_POINT ( 'NONE',  ( 35.60077031345510790, -13.86986848541549655, 502.8406107457342955 ) ) ;
#3278 = CARTESIAN_POINT ( 'NONE',  ( 6.363334136993229251, 22.76016894090687614, 428.8992649007137175 ) ) ;
#3279 = CARTESIAN_POINT ( 'NONE',  ( -5.873798239311764924, 35.98697079100605123, 353.7225482438468589 ) ) ;
#3280 = CARTESIAN_POINT ( 'NONE',  ( 7.653466115222265387, -44.22417769171621416, 479.1412368842626393 ) ) ;
#3281 = CARTESIAN_POINT ( 'NONE',  ( -22.26244252296101322, -42.18552934707605573, 454.7552343913758364 ) ) ;
#3282 = CARTESIAN_POINT ( 'NONE',  ( -7.202946821010514533, -29.60372527954621091, 557.8596853781666596 ) ) ;
#3283 = ORIENTED_EDGE ( 'NONE', *, *, #3870, .F. ) ;
#3284 = CARTESIAN_POINT ( 'NONE',  ( -54.82882884360199682, -14.87430972738671997, 384.7481285025984334 ) ) ;
#3285 = CARTESIAN_POINT ( 'NONE',  ( -1.549150808947445057, -43.04459715099930150, 510.9114559436610534 ) ) ;
#3286 = VECTOR ( 'NONE', #3876, 1000.000000000000000 ) ;
#3287 = CARTESIAN_POINT ( 'NONE',  ( 149.9999999999999147, -7.035743574291152491, 254.0021732632496878 ) ) ;
#3288 = EDGE_CURVE ( 'NONE', #3938, #7, #3751, .T. ) ;
#3289 = CARTESIAN_POINT ( 'NONE',  ( -3.335770872489703276, -10.08423850523609744, -61.08048033209797012 ) ) ;
#3290 = CARTESIAN_POINT ( 'NONE',  ( 14.93321155465740446, -32.99885349585066763, 497.7159759820360136 ) ) ;
#3291 = CARTESIAN_POINT ( 'NONE',  ( -36.34001815703911120, -42.77257195456886052, 414.7692865893160956 ) ) ;
#3292 = AXIS2_PLACEMENT_3D ( 'NONE', #6004, #1982, #2527 ) ;
#3293 = ORIENTED_EDGE ( 'NONE', *, *, #5467, .T. ) ;
#3294 = CARTESIAN_POINT ( 'NONE',  ( 40.09907904834862080, 4.865534919638291989, 413.1254440870244480 ) ) ;
#3295 = CARTESIAN_POINT ( 'NONE',  ( -20.98160879015285829, 9.329268596788317325, 432.1696520325909887 ) ) ;
#3296 = CARTESIAN_POINT ( 'NONE',  ( -1.491328355976571318, -29.93225504864150466, 558.9422371034256685 ) ) ;
#3297 = CARTESIAN_POINT ( 'NONE',  ( -35.58881480683395182, -18.42177996061679934, 507.8976554808332367 ) ) ;
#3298 = VECTOR ( 'NONE', #3015, 1000.000000000000000 ) ;
#3299 = CARTESIAN_POINT ( 'NONE',  ( 2.764266699687509821, 40.40007119318590156, 79.70911587689846556 ) ) ;
#3300 = ORIENTED_EDGE ( 'NONE', *, *, #3399, .F. ) ;
#3301 = CARTESIAN_POINT ( 'NONE',  ( -20.91512554783884070, -4.959467198565919333, 481.6304955284559242 ) ) ;
#3302 = CARTESIAN_POINT ( 'NONE',  ( 2.843738381013245498, -80.57978550623415970, 275.8841571824828520 ) ) ;
#3303 = CARTESIAN_POINT ( 'NONE',  ( -7.898707163907491058, -37.21136764353190074, 501.0550142702089147 ) ) ;
#3304 = CARTESIAN_POINT ( 'NONE',  ( 35.57534222758182807, -10.22469752620956740, 473.1764019776115902 ) ) ;
#3305 = CARTESIAN_POINT ( 'NONE',  ( 11.78494855278160358, -30.39930512343089575, 513.5368845324691165 ) ) ;
#3306 = CARTESIAN_POINT ( 'NONE',  ( 29.72757571552559952, -53.07115286974220680, 430.0000000000000000 ) ) ;
#3307 = CARTESIAN_POINT ( 'NONE',  ( -10.99999999999999289, -32.51820511386754475, 508.5484691151507377 ) ) ;
#3308 = DIRECTION ( 'NONE',  ( 0.9965196509732254793, 0.08335817430942787931, 0.000000000000000000 ) ) ;
#3309 = EDGE_CURVE ( 'NONE', #1847, #5483, #1750, .T. ) ;
#3310 = CARTESIAN_POINT ( 'NONE',  ( -14.99999999999999822, -3.731290437159192397, 618.0000000002123670 ) ) ;
#3311 = CARTESIAN_POINT ( 'NONE',  ( 12.22123420374327019, -54.47332193326964500, 436.5904544416706017 ) ) ;
#3312 = CARTESIAN_POINT ( 'NONE',  ( 0.000000000000000000, -29.19999999999999929, 507.3422371214550708 ) ) ;
#3313 = CARTESIAN_POINT ( 'NONE',  ( 15.11149371861323765, 1.661276162749241170, 471.1982351170730681 ) ) ;
#3314 = CARTESIAN_POINT ( 'NONE',  ( -0.000000000000000000, -49.10107839069928559, -36.97038650672747195 ) ) ;
#3315 = CARTESIAN_POINT ( 'NONE',  ( 7.196087379727670097, -13.15455046696493113, 563.3921093198216568 ) ) ;
#3316 = CARTESIAN_POINT ( 'NONE',  ( 7.182069076493386106, -7.765377059782173852, 549.2849336186909568 ) ) ;
#3317 = CARTESIAN_POINT ( 'NONE',  ( -13.31731313304985065, 38.32335583300963577, 331.1613580124958389 ) ) ;
#3318 = CARTESIAN_POINT ( 'NONE',  ( 15.13484713803713078, -44.70220154418633030, 463.2746684282153637 ) ) ;
#3319 = CARTESIAN_POINT ( 'NONE',  ( -16.13498351765750272, -42.01558200675805210, 468.9692357810760655 ) ) ;
#3320 = PLANE ( 'NONE',  #6165 ) ;
#3321 = ORIENTED_EDGE ( 'NONE', *, *, #1134, .T. ) ;
#3322 = CARTESIAN_POINT ( 'NONE',  ( -2.579801991587056698, -37.88036689222177955, 529.3909613314538092 ) ) ;
#3323 = CARTESIAN_POINT ( 'NONE',  ( 0.000000000000000000, -67.31380296244208239, 16.60823139148731187 ) ) ;
#3324 = CARTESIAN_POINT ( 'NONE',  ( -3.330844985526232982, -5.949735992423210718, -56.59751504260918864 ) ) ;
#3325 = CARTESIAN_POINT ( 'NONE',  ( 52.67410246615456515, -18.73646080221464061, 456.2031122329413506 ) ) ;
#3326 = CARTESIAN_POINT ( 'NONE',  ( -11.14824378739219313, -52.55651738130546846, 445.1126489317466053 ) ) ;
#3327 = VERTEX_POINT ( 'NONE', #3719 ) ;
#3328 = CARTESIAN_POINT ( 'NONE',  ( 35.97716516356460659, 7.181810100002491204, 410.8757237136356935 ) ) ;
#3329 = CARTESIAN_POINT ( 'NONE',  ( -54.44447837084524622, 2.507732760591265819, 403.4653640488603514 ) ) ;
#3330 = CARTESIAN_POINT ( 'NONE',  ( 32.95660788100516214, 3.475126901016343695, 430.0000000002122533 ) ) ;
#3331 = CARTESIAN_POINT ( 'NONE',  ( -7.196545090985735804, -15.35525722373214208, 565.7051093962434152 ) ) ;
#3332 = ORIENTED_EDGE ( 'NONE', *, *, #3309, .F. ) ;
#3333 = CARTESIAN_POINT ( 'NONE',  ( -13.09893608161853606, -1.762543888245112988, 487.1071277134536786 ) ) ;
#3334 = CARTESIAN_POINT ( 'NONE',  ( 23.30339123873645235, -78.29583701687080577, 234.3245116658933114 ) ) ;
#3335 = CARTESIAN_POINT ( 'NONE',  ( -29.08382202972392960, -28.24133830883413054, 475.9933470064617040 ) ) ;
#3336 = CARTESIAN_POINT ( 'NONE',  ( 16.13245939968809139, -28.56809723708744286, 509.0337863763563178 ) ) ;
#3337 = B_SPLINE_CURVE_WITH_KNOTS ( 'NONE', 3,
 ( #4911, #5891, #4400, #1954, #3439, #507, #894, #2469, #1407, #442 ),
 .UNSPECIFIED., .F., .F.,
 ( 4, 2, 2, 2, 4 ),
 ( 0.000000000000000000, 0.02031279554867602283, 0.04062559109735204566, 0.06093838664602806848, 0.08125118219470409131 ),
 .UNSPECIFIED. ) ;
#3338 = DIRECTION ( 'NONE',  ( 0.1490617891627465108, -0.9888278834112642635, -0.000000000000000000 ) ) ;
#3339 = CARTESIAN_POINT ( 'NONE',  ( 18.25659233856527308, -60.42184458766098487, 430.0000000000000568 ) ) ;
#3340 = CARTESIAN_POINT ( 'NONE',  ( -14.36762476316893000, -7.684014187539450980, 504.3798447778056016 ) ) ;
#3341 = CARTESIAN_POINT ( 'NONE',  ( 34.93548907694520977, -38.57851701358877961, 430.0000000002123670 ) ) ;
#3342 = CARTESIAN_POINT ( 'NONE',  ( 1.057623344437631063, -10.86068628446507311, 510.1474426245681002 ) ) ;
#3343 = CARTESIAN_POINT ( 'NONE',  ( 24.61405196507273274, -50.49661474099379888, 426.6530291228793317 ) ) ;
#3344 = LINE ( 'NONE', #1243, #2669 ) ;
#3345 = CARTESIAN_POINT ( 'NONE',  ( 13.01146873714935204, 3.885569049781781192, 467.5486641647353281 ) ) ;
#3346 = CARTESIAN_POINT ( 'NONE',  ( -56.40443265451214216, -18.27286377055314404, 206.8078958798442955 ) ) ;
#3347 = EDGE_CURVE ( 'NONE', #5236, #5386, #1300, .T. ) ;
#3348 = CARTESIAN_POINT ( 'NONE',  ( 9.614194486268939244, -14.23848754532818361, 555.7861855030432707 ) ) ;
#3349 = CARTESIAN_POINT ( 'NONE',  ( -42.82036082025610568, 33.85106947388772625, 320.0000000000000568 ) ) ;
#3350 = CARTESIAN_POINT ( 'NONE',  ( 25.67356773554162430, -40.58378320856255073, 450.4259126608613428 ) ) ;
#3351 = CARTESIAN_POINT ( 'NONE',  ( -7.653466115222265387, -44.22417769171621416, 479.1412368842626393 ) ) ;
#3352 = CARTESIAN_POINT ( 'NONE',  ( 2.565489760456064250, -29.89066157883531716, 559.0556382028653388 ) ) ;
#3353 = ORIENTED_EDGE ( 'NONE', *, *, #38, .T. ) ;
#3354 = CARTESIAN_POINT ( 'NONE',  ( -10.04412368567978575, -80.21168089975681426, 276.6879072761447560 ) ) ;
#3355 = LINE ( 'NONE', #907, #4932 ) ;
#3356 = CARTESIAN_POINT ( 'NONE',  ( 27.67694786115903938, -63.29158573756551931, 31.98726099646741261 ) ) ;
#3357 = CARTESIAN_POINT ( 'NONE',  ( -12.37917598823336540, 4.075400731689930112, -36.12926134960945035 ) ) ;
#3358 = CARTESIAN_POINT ( 'NONE',  ( 11.25504089863854951, -36.29061341059800583, 496.2539571759513137 ) ) ;
#3359 = CARTESIAN_POINT ( 'NONE',  ( -28.06536088427640863, -48.62036087633516956, 423.2561961345651298 ) ) ;
#3360 = VERTEX_POINT ( 'NONE', #820 ) ;
#3361 = CARTESIAN_POINT ( 'NONE',  ( 48.89210662988408274, 4.539981082564759518, 401.4723531383033333 ) ) ;
#3362 = DIRECTION ( 'NONE',  ( 0.000000000000000000, 0.000000000000000000, -1.000000000000000000 ) ) ;
#3363 = CARTESIAN_POINT ( 'NONE',  ( 26.22123270856573285, 7.015216630396595932, 430.0000000002121396 ) ) ;
#3364 = CARTESIAN_POINT ( 'NONE',  ( -9.615410689529584332, -24.36193239345159967, 557.1671714381491256 ) ) ;
#3365 = ORIENTED_EDGE ( 'NONE', *, *, #5680, .T. ) ;
#3366 = CARTESIAN_POINT ( 'NONE',  ( -31.58670612407738076, -6.456079603690563218, 466.5848750967726346 ) ) ;
#3367 = CARTESIAN_POINT ( 'NONE',  ( 10.72238619017426942, -79.69389547573095456, 182.9438262313445023 ) ) ;
#3368 = CARTESIAN_POINT ( 'NONE',  ( -6.587444123998214884, -35.23963461730062363, 510.4993453115857847 ) ) ;
#3369 = CARTESIAN_POINT ( 'NONE',  ( 8.039814186577366684, -12.55478626300134515, 558.9422371214549230 ) ) ;
#3370 = DIRECTION ( 'NONE',  ( -0.000000000000000000, -1.000000000000000000, -0.000000000000000000 ) ) ;
#3371 = FACE_OUTER_BOUND ( 'NONE', #4029, .T. ) ;
#3372 = CARTESIAN_POINT ( 'NONE',  ( 0.000000000000000000, 3.604599552999293355, 512.4422371215180192 ) ) ;
#3373 = CARTESIAN_POINT ( 'NONE',  ( 39.88930721541705537, -33.34328124366204804, 430.0000000002121965 ) ) ;
#3374 = LINE ( 'NONE', #5796, #5127 ) ;
#3375 = CARTESIAN_POINT ( 'NONE',  ( 56.06304139039144019, -26.93550618980161104, 398.8074432981562154 ) ) ;
#3376 = CARTESIAN_POINT ( 'NONE',  ( 8.365331005517903762, -0.7894872046997937209, 493.9478850212492489 ) ) ;
#3377 = CARTESIAN_POINT ( 'NONE',  ( -149.9999999999999147, -5.299783245063093950, 224.5389727448275607 ) ) ;
#3378 = CARTESIAN_POINT ( 'NONE',  ( 35.58881480683395182, -18.42177996061679934, 507.8976554808332367 ) ) ;
#3379 = CARTESIAN_POINT ( 'NONE',  ( -35.66697731966415574, -11.64039430091011873, 495.5372216640326997 ) ) ;
#3380 = CARTESIAN_POINT ( 'NONE',  ( 9.457005358759621672, -46.20054360932716975, 469.3990578471650110 ) ) ;
#3381 = CARTESIAN_POINT ( 'NONE',  ( -41.77018114701505880, -29.35737503375210977, 437.4378891933284308 ) ) ;
#3382 = CARTESIAN_POINT ( 'NONE',  ( 0.000000000000000000, -33.20068766774330271, 0.000000000000000000 ) ) ;
#3383 = DIRECTION ( 'NONE',  ( 1.000000000000000000, 0.000000000000000000, 0.000000000000000000 ) ) ;
#3384 = CARTESIAN_POINT ( 'NONE',  ( -22.63227638882819903, -78.33003634391359071, 278.4460651522155104 ) ) ;
#3385 = CARTESIAN_POINT ( 'NONE',  ( 3.308660835176219450, -56.59672135640213497, -20.07043342817914677 ) ) ;
#3386 = CARTESIAN_POINT ( 'NONE',  ( -150.0000000000002558, 12.91824135705855703, 236.2496330257888815 ) ) ;
#3387 = CARTESIAN_POINT ( 'NONE',  ( 20.68190760334458744, -33.51181112092345415, 482.1646866574711794 ) ) ;
#3388 = CARTESIAN_POINT ( 'NONE',  ( -51.32584873570089457, -30.31593467161755484, 401.7937025558923096 ) ) ;
#3389 = ORIENTED_EDGE ( 'NONE', *, *, #1680, .F. ) ;
#3390 = VECTOR ( 'NONE', #5305, 1000.000000000000000 ) ;
#3391 = CARTESIAN_POINT ( 'NONE',  ( 11.28931168889687697, 12.98078421590836662, 436.1322997213812869 ) ) ;
#3392 = CARTESIAN_POINT ( 'NONE',  ( 0.000000000000000000, -46.58870159832864033, 511.4422371214550935 ) ) ;
#3393 = CARTESIAN_POINT ( 'NONE',  ( 0.000000000000000000, 23.02673305817156546, 430.0000000002122533 ) ) ;
#3394 = CARTESIAN_POINT ( 'NONE',  ( -150.0000000000000284, -5.730089216776677041, 440.0305525103657374 ) ) ;
#3395 = ORIENTED_EDGE ( 'NONE', *, *, #4320, .F. ) ;
#3396 = CIRCLE ( 'NONE', #2369, 3.999999999999998224 ) ;
#3397 = EDGE_CURVE ( 'NONE', #1729, #4733, #307, .T. ) ;
#3398 = CARTESIAN_POINT ( 'NONE',  ( -49.59885497245760888, -6.463277073715803844, 442.2566119426418254 ) ) ;
#3399 = EDGE_CURVE ( 'NONE', #905, #6290, #639, .T. ) ;
#3400 = CARTESIAN_POINT ( 'NONE',  ( -12.80628491589710194, -33.54020933164036222, 501.0332937954036083 ) ) ;
#3401 = CARTESIAN_POINT ( 'NONE',  ( -14.33176975101313744, 1.804818446628029704, 472.2859685203902131 ) ) ;
#3402 = DIRECTION ( 'NONE',  ( 0.000000000000000000, 0.000000000000000000, -1.000000000000000000 ) ) ;
#3403 = CARTESIAN_POINT ( 'NONE',  ( 10.99999999999989519, -0.4139885694661761262, 486.9735779429233844 ) ) ;
#3404 = VECTOR ( 'NONE', #2609, 1000.000000000000000 ) ;
#3405 = CARTESIAN_POINT ( 'NONE',  ( 11.81354026424244452, -62.72106572181532158, 429.9999999999999432 ) ) ;
#3406 = LINE ( 'NONE', #2404, #1960 ) ;
#3407 = CARTESIAN_POINT ( 'NONE',  ( 51.52049057081175221, -24.12301289011193361, 430.0000000002123102 ) ) ;
#3408 = PLANE ( 'NONE',  #3078 ) ;
#3409 = CARTESIAN_POINT ( 'NONE',  ( 13.89816321744094552, -56.12868052006881214, 427.6689921606592861 ) ) ;
#3410 = CARTESIAN_POINT ( 'NONE',  ( 12.51125943152219300, 0.2685765044219073361, 481.3526128553109515 ) ) ;
#3411 = CARTESIAN_POINT ( 'NONE',  ( -12.51726655298319990, -31.89267106366910198, -53.38761008372980399 ) ) ;
#3412 = CARTESIAN_POINT ( 'NONE',  ( 35.59019128050236702, -16.73712635921842917, 506.9741560997958914 ) ) ;
#3413 = CARTESIAN_POINT ( 'NONE',  ( -7.162406742956792804, -5.196939195804247902, 540.7780944250159791 ) ) ;
#3414 = CARTESIAN_POINT ( 'NONE',  ( 9.385743663395402336, -48.49136201951799308, 461.9890899979847632 ) ) ;
#3415 = CARTESIAN_POINT ( 'NONE',  ( 9.677776026443766000, -29.92576783747977132, 546.2450603931980595 ) ) ;
#3416 = CARTESIAN_POINT ( 'NONE',  ( 1.122354660985107611, -44.25131786830299063, 506.7022423688912909 ) ) ;
#3417 = CARTESIAN_POINT ( 'NONE',  ( -9.946297514209035739, -78.98211947631459395, 312.9818156161840079 ) ) ;
#3418 = CARTESIAN_POINT ( 'NONE',  ( 86.09107473102029928, -40.35637551193459416, 73.91248004646833181 ) ) ;
#3419 = CARTESIAN_POINT ( 'NONE',  ( 149.9999999999993463, 17.13590603533871715, 269.4952211729575993 ) ) ;
#3420 = CARTESIAN_POINT ( 'NONE',  ( -12.12700268568815254, 15.00943372669715004, -14.20656591047415240 ) ) ;
#3421 = CARTESIAN_POINT ( 'NONE',  ( 31.10146695524736415, -27.46238554855039382, 473.2965713556508831 ) ) ;
#3422 = CARTESIAN_POINT ( 'NONE',  ( -27.00796663709704859, -46.89878251472075021, 430.5953422444226248 ) ) ;
#3423 = ORIENTED_EDGE ( 'NONE', *, *, #5585, .F. ) ;
#3424 = CARTESIAN_POINT ( 'NONE',  ( 28.90699540819955971, 7.395888098598296878, 423.4311735184969052 ) ) ;
#3425 = EDGE_CURVE ( 'NONE', #5808, #3010, #4406, .T. ) ;
#3426 = CARTESIAN_POINT ( 'NONE',  ( -32.48311205158837112, 9.576542107084041078, 408.3187790384811819 ) ) ;
#3427 = CARTESIAN_POINT ( 'NONE',  ( 28.96934544111012499, 5.523754645404450159, 430.0000000002123102 ) ) ;
#3428 = CARTESIAN_POINT ( 'NONE',  ( -2.564994745279926214, -25.62077557264491645, 566.4327882351717562 ) ) ;
#3429 = EDGE_LOOP ( 'NONE', ( #5774, #67, #2493, #4822 ) ) ;
#3430 = CARTESIAN_POINT ( 'NONE',  ( -55.31719788550127248, -6.715159875936620004, 438.1030429630825438 ) ) ;
#3431 = CARTESIAN_POINT ( 'NONE',  ( -33.11911188077080226, -26.68343278826666065, 470.5997957048401190 ) ) ;
#3432 = CARTESIAN_POINT ( 'NONE',  ( -35.64660542713644276, -3.641375201241758397, 450.2236301377481595 ) ) ;
#3433 = CARTESIAN_POINT ( 'NONE',  ( 1.490253870021695182, -10.06869430153065004, 558.9422371034246453 ) ) ;
#3434 = CYLINDRICAL_SURFACE ( 'NONE', #2888, 4.000000000000000000 ) ;
#3435 = CARTESIAN_POINT ( 'NONE',  ( 15.33343269723768820, -7.717369041052064560, 502.4406997134549329 ) ) ;
#3436 = ORIENTED_EDGE ( 'NONE', *, *, #1603, .F. ) ;
#3437 = CARTESIAN_POINT ( 'NONE',  ( 0.000000000000000000, -5.832248506198543403, -56.54747634531298672 ) ) ;
#3438 = CARTESIAN_POINT ( 'NONE',  ( 6.157677788594994261, -33.02526862035301036, 518.8556620977285547 ) ) ;
#3439 = CARTESIAN_POINT ( 'NONE',  ( -11.00000000000011013, -47.46615089232609108, 462.6234525701419216 ) ) ;
#3440 = CARTESIAN_POINT ( 'NONE',  ( 11.81359746008200950, -54.55404413890460091, 436.8749099478550306 ) ) ;
#3441 = CARTESIAN_POINT ( 'NONE',  ( 10.12536305987896590, 0.7465751197361365499, 484.6680865725152785 ) ) ;
#3442 = CARTESIAN_POINT ( 'NONE',  ( -150.0000000000000284, -2.920986007626674930, 213.0709165688403743 ) ) ;
#3443 = CARTESIAN_POINT ( 'NONE',  ( 7.196263148790380981, -13.82087907547656869, 564.2281184643209144 ) ) ;
#3444 = CARTESIAN_POINT ( 'NONE',  ( -9.652764452307431853, -8.494098938562002488, 541.5631860185608275 ) ) ;
#3445 = CARTESIAN_POINT ( 'NONE',  ( 10.26167152114243919, -48.31775025248708744, 461.1032384721509061 ) ) ;
#3446 = CARTESIAN_POINT ( 'NONE',  ( 149.9999999999999716, -6.267256663816664464, 439.4202371970271770 ) ) ;
#3447 = CARTESIAN_POINT ( 'NONE',  ( 2.021836261556255288, -43.13596291705508889, 510.4490655919726692 ) ) ;
#3448 = CARTESIAN_POINT ( 'NONE',  ( -19.59167706095279371, -68.25055659405147424, 396.8613883427952373 ) ) ;
#3449 = ORIENTED_EDGE ( 'NONE', *, *, #2247, .F. ) ;
#3450 = CARTESIAN_POINT ( 'NONE',  ( 150.0000000000001421, -4.846990274006465427, 221.2411216896815631 ) ) ;
#3451 = CARTESIAN_POINT ( 'NONE',  ( 150.0000000000003695, 17.23251453160983715, 290.2479985875627335 ) ) ;
#3452 = CARTESIAN_POINT ( 'NONE',  ( -25.25810368633090164, 30.80518904790463353, 56.02471470947404697 ) ) ;
#3453 = CARTESIAN_POINT ( 'NONE',  ( 7.204970114651334967, -37.41558535678801434, 502.0646798895046459 ) ) ;
#3454 = CARTESIAN_POINT ( 'NONE',  ( -34.44526422556740641, -39.79246625003072779, 428.2576692367836699 ) ) ;
#3455 = ORIENTED_EDGE ( 'NONE', *, *, #1579, .T. ) ;
#3456 = CARTESIAN_POINT ( 'NONE',  ( 49.15949765635944857, 0.5418130229225817107, 416.6530897115121093 ) ) ;
#3457 = CARTESIAN_POINT ( 'NONE',  ( -54.31544603952565353, 3.758891706185710113, 398.5730591255830291 ) ) ;
#3458 = CARTESIAN_POINT ( 'NONE',  ( 41.48047816026285517, -0.2697814580523092420, 430.0000000002121965 ) ) ;
#3459 = CARTESIAN_POINT ( 'NONE',  ( -7.200281701441798354, -28.80260358954006250, 559.9536472235527071 ) ) ;
#3460 = VERTEX_POINT ( 'NONE', #6301 ) ;
#3461 = CARTESIAN_POINT ( 'NONE',  ( -5.993973114323661200, -35.36563890419952116, 511.6425786567872933 ) ) ;
#3462 = CARTESIAN_POINT ( 'NONE',  ( -44.50284446454734422, -3.133666981132626983, 436.0453149202613758 ) ) ;
#3463 = DIRECTION ( 'NONE',  ( -0.000000000000000000, -0.000000000000000000, 1.000000000000000000 ) ) ;
#3464 = CARTESIAN_POINT ( 'NONE',  ( -10.26523852645668633, 21.32044338561262364, 430.0000000000000568 ) ) ;
#3465 = DIRECTION ( 'NONE',  ( -0.9888278834112642635, 0.1490617891627465108, 0.000000000000000000 ) ) ;
#3466 = EDGE_CURVE ( 'NONE', #4056, #2579, #2918, .T. ) ;
#3467 = CARTESIAN_POINT ( 'NONE',  ( 150.0000000000000284, 2.675617566335641406, 211.3246760485956202 ) ) ;
#3468 = CARTESIAN_POINT ( 'NONE',  ( 5.712666935101721855, -30.83573746064406862, 527.6325099347774312 ) ) ;
#3469 = CARTESIAN_POINT ( 'NONE',  ( 0.000000000000000000, -10.80000000000000071, 458.9422371214550935 ) ) ;
#3470 = CARTESIAN_POINT ( 'NONE',  ( 0.000000000000000000, 0.000000000000000000, 458.9422371214550935 ) ) ;
#3471 = CARTESIAN_POINT ( 'NONE',  ( 18.03137994606432315, -0.7347665150539879342, 473.3921349154329050 ) ) ;
#3472 = CARTESIAN_POINT ( 'NONE',  ( -28.56010164792775896, -29.08120341104138618, -41.03926139230429726 ) ) ;
#3473 = CARTESIAN_POINT ( 'NONE',  ( -34.58006080417758454, -48.26414655959712974, 429.9999999999998295 ) ) ;
#3474 = CARTESIAN_POINT ( 'NONE',  ( 9.612938724085307030, -21.77601353482569380, 558.6097518838189444 ) ) ;
#3475 = CARTESIAN_POINT ( 'NONE',  ( -55.71564899923829728, 1.205407876259681377, 399.7257200711499081 ) ) ;
#3476 = CARTESIAN_POINT ( 'NONE',  ( 28.34820219586182688, -41.48270983577975102, 441.1545625524788079 ) ) ;
#3477 = CARTESIAN_POINT ( 'NONE',  ( 0.000000000000000000, -46.01591644295105255, 500.6206272522807126 ) ) ;
#3478 = CARTESIAN_POINT ( 'NONE',  ( 2.204025827361084655, -43.19829502735413485, 510.1660521882008652 ) ) ;
#3479 = CARTESIAN_POINT ( 'NONE',  ( -2.816532394109467319, -76.35400491161610148, 354.4829322717106379 ) ) ;
#3480 = CARTESIAN_POINT ( 'NONE',  ( 28.55179102718988915, -31.16361899051491235, -39.13079872091756783 ) ) ;
#3481 = CARTESIAN_POINT ( 'NONE',  ( 2.020103609511816778, 47.45192383060642527, 205.2836370420775722 ) ) ;
#3482 = CARTESIAN_POINT ( 'NONE',  ( -54.82390645621840264, 12.55502082587985413, 233.5480463257898407 ) ) ;
#3483 = CARTESIAN_POINT ( 'NONE',  ( 18.96368746670109573, -34.11855642220954365, 484.7742616691920148 ) ) ;
#3484 = CARTESIAN_POINT ( 'NONE',  ( -20.73367832739654659, -47.48405378622867801, 443.7027118018808665 ) ) ;
#3485 = B_SPLINE_CURVE_WITH_KNOTS ( 'NONE', 3,
 ( #6336, #5271, #373, #6269, #1856, #3950, #5401, #4975, #5431 ),
 .UNSPECIFIED., .F., .F.,
 ( 4, 1, 1, 1, 1, 1, 4 ),
 ( 0.7448496400014605889, 0.7729552592020559887, 0.8013358518017915655, 0.8297164444015278084, 0.8580970370012640513, 0.8864776296010000722, 0.8957065589414453521 ),
 .UNSPECIFIED. ) ;
#3486 = ORIENTED_EDGE ( 'NONE', *, *, #3778, .T. ) ;
#3487 = CARTESIAN_POINT ( 'NONE',  ( 17.15487260658159130, 4.914905323280028604, 455.6654427869876827 ) ) ;
#3488 = CARTESIAN_POINT ( 'NONE',  ( -15.97404969134229624, 12.10237703715068669, 431.3710967035050317 ) ) ;
#3489 = CARTESIAN_POINT ( 'NONE',  ( 0.000000000000000000, -8.653564323852759088, 508.9422371214551504 ) ) ;
#3490 = CARTESIAN_POINT ( 'NONE',  ( -9.619770644099874701, -26.41870376379308638, 555.0149140554393625 ) ) ;
#3491 = CARTESIAN_POINT ( 'NONE',  ( 60.00892403416684573, -10.87759879526569584, 448.8723920580213189 ) ) ;
#3492 = CIRCLE ( 'NONE', #5549, 7.200000000000002842 ) ;
#3493 = CARTESIAN_POINT ( 'NONE',  ( -39.41864572239627051, -22.82890811793410535, 469.1327535702746445 ) ) ;
#3494 = CARTESIAN_POINT ( 'NONE',  ( -11.42656626086982286, 4.197890686360003620, 469.5881642223309314 ) ) ;
#3495 = CARTESIAN_POINT ( 'NONE',  ( -2.750003913482139239, -10.16960831396560572, 558.9422371214551504 ) ) ;
#3496 = CARTESIAN_POINT ( 'NONE',  ( 0.000000000000000000, 0.000000000000000000, 0.000000000000000000 ) ) ;
#3497 = B_SPLINE_CURVE_WITH_KNOTS ( 'NONE', 3,
 ( #3043, #6062, #3495, #1587, #6032, #2072, #4037, #3584, #5552, #1137, #3103, #5062, #2163, #4007, #163, #655, #4972, #3613, #5581, #1164, #3131, #5090, #2646, #76, #2040, #292, #1196, #811, #2711, #3675, #5124, #4703, #5159, #4258, #3645, #2261, #1808, #1676, #3260, #1260, #5222, #2780, #4736, #1292, #1741, #4222, #3228, #5681, #715, #3710, #3198, #2227, #4671, #3296 ),
 .UNSPECIFIED., .F., .F.,
 ( 4, 2, 2, 2, 2, 2, 2, 2, 2, 2, 2, 2, 2, 2, 2, 2, 2, 2, 2, 2, 2, 2, 2, 2, 2, 2, 4 ),
 ( 4.336808689942017255E-19, 0.001894974867787030393, 0.002842462301680544721, 0.003789949735574059484, 0.004737437169467573379, 0.005211180886414330110, 0.005684924603361087708, 0.006632412037254604639, 0.007579899471148120703, 0.008527386905041638501, 0.009474874338935153698, 0.01136984920672219276, 0.01326482407450922142, 0.01421231150840273488, 0.01515979894229624834, 0.01705477381008328047, 0.01894974867787030740, 0.02084472354565733779, 0.02179221097955085645, 0.02273969841344436818, 0.02368718584733788338, 0.02416092956428463751, 0.02463467328123139163, 0.02558216071512489295, 0.02652964814901840121, 0.02842462301680541426, 0.03031959788459242383 ),
 .UNSPECIFIED. ) ;
#3498 = CARTESIAN_POINT ( 'NONE',  ( -11.78494855278160358, -30.39930512343089575, 513.5368845324691165 ) ) ;
#3499 = CARTESIAN_POINT ( 'NONE',  ( 22.66490240874651363, -26.53379448465818413, 498.9272961488634337 ) ) ;
#3500 = CARTESIAN_POINT ( 'NONE',  ( -47.76923451862381143, -34.59200565204493927, 398.8306445981412480 ) ) ;
#3501 = CARTESIAN_POINT ( 'NONE',  ( 11.00000000000000000, -32.78400426621578845, 430.0000000002122533 ) ) ;
#3502 = CARTESIAN_POINT ( 'NONE',  ( 8.147694920375165850, -2.671433919951655245, 501.0853612337465961 ) ) ;
#3503 = CARTESIAN_POINT ( 'NONE',  ( 11.03300271037504032, -4.365724616080381537, 500.3689637346228096 ) ) ;
#3504 = CARTESIAN_POINT ( 'NONE',  ( -27.34461801158772332, -46.78963694573829457, 430.0000000000001137 ) ) ;
#3505 = ADVANCED_FACE ( 'NONE', ( #1372 ), #1852, .T. ) ;
#3506 = CARTESIAN_POINT ( 'NONE',  ( 0.000000000000000000, -21.96074442620632183, 568.7511354424048022 ) ) ;
#3507 = AXIS2_PLACEMENT_3D ( 'NONE', #648, #3521, #1157 ) ;
#3508 = CARTESIAN_POINT ( 'NONE',  ( -10.99999175647491789, 14.53570579890608627, 430.0000485616728838 ) ) ;
#3509 = EDGE_CURVE ( 'NONE', #3327, #4749, #2949, .T. ) ;
#3510 = CARTESIAN_POINT ( 'NONE',  ( 11.20816434975748344, -50.33094705400921498, 452.6913811928149585 ) ) ;
#3511 = CARTESIAN_POINT ( 'NONE',  ( 13.95925193474355730, -51.82216902777723533, 466.5302943809716680 ) ) ;
#3512 = CARTESIAN_POINT ( 'NONE',  ( 2.183601048700539948, -43.89425495418714007, 507.6830696001727574 ) ) ;
#3513 = CARTESIAN_POINT ( 'NONE',  ( 0.000000000000000000, -80.09084594382173350, 155.8294876819795149 ) ) ;
#3514 = CARTESIAN_POINT ( 'NONE',  ( 0.000000000000000000, -39.30292401041126737, -51.54619232216629854 ) ) ;
#3515 = CARTESIAN_POINT ( 'NONE',  ( 0.000000000000000000, 41.02506332365900477, 312.7991820443241977 ) ) ;
#3516 = CARTESIAN_POINT ( 'NONE',  ( -23.38038312808035002, 37.38833027712956891, 92.04395209074077400 ) ) ;
#3517 = CARTESIAN_POINT ( 'NONE',  ( 7.542680672931083130, -39.66829846739342003, 494.0495006123991288 ) ) ;
#3518 = CARTESIAN_POINT ( 'NONE',  ( -11.20816434975748344, -50.33094705400921498, 452.6913811928149585 ) ) ;
#3519 = EDGE_LOOP ( 'NONE', ( #5763, #1641, #5540, #1517, #3455, #3389 ) ) ;
#3520 = CARTESIAN_POINT ( 'NONE',  ( 10.40603986508164169, 8.012253311869541150, 457.4428183062233302 ) ) ;
#3521 = DIRECTION ( 'NONE',  ( -1.000000000000000000, -7.889668786657805680E-17, 0.000000000000000000 ) ) ;
#3522 = CARTESIAN_POINT ( 'NONE',  ( 12.16711543042819166, 14.08215003391062758, 430.0000000002121396 ) ) ;
#3523 = CARTESIAN_POINT ( 'NONE',  ( -35.63652635913390299, -25.12192719254376527, 503.1710454231752578 ) ) ;
#3524 = CARTESIAN_POINT ( 'NONE',  ( 0.000000000000000000, -20.00000000000000000, 558.9422371214550367 ) ) ;
#3525 = CARTESIAN_POINT ( 'NONE',  ( -41.83771958732901197, -22.03195414536862273, 466.4491762746498580 ) ) ;
#3526 = CARTESIAN_POINT ( 'NONE',  ( -17.69025480386357430, 2.991232496275896491, 461.2844359820432487 ) ) ;
#3527 = CARTESIAN_POINT ( 'NONE',  ( 8.009300262518211255, -27.51485645687657922, 558.9422371214549230 ) ) ;
#3528 = CARTESIAN_POINT ( 'NONE',  ( 0.000000000000000000, -9.999999999999710454, 558.9422371214541272 ) ) ;
#3529 = CARTESIAN_POINT ( 'NONE',  ( -13.84238739883219260, -28.95257402208681086, 513.3825887161115133 ) ) ;
#3530 = CARTESIAN_POINT ( 'NONE',  ( 11.98477965472676665, -29.18325835149055081, 517.0999528819691022 ) ) ;
#3531 = CARTESIAN_POINT ( 'NONE',  ( -10.70264458239555339, -56.72438943169545666, 429.5941159348125780 ) ) ;
#3532 = CARTESIAN_POINT ( 'NONE',  ( -150.0000000000001137, -4.631814381739763675, 436.7199670181557849 ) ) ;
#3533 = CARTESIAN_POINT ( 'NONE',  ( 22.61344704519618176, -5.216613558644071169, 479.1208710159264115 ) ) ;
#3534 = CARTESIAN_POINT ( 'NONE',  ( -3.338272447385525865, -30.67582579317320324, -60.41944949853158420 ) ) ;
#3535 = CARTESIAN_POINT ( 'NONE',  ( -43.80878827961250011, -38.11067402043559582, 429.9999999999999432 ) ) ;
#3536 = CARTESIAN_POINT ( 'NONE',  ( 150.0000000000000284, -5.809733284908858764, 440.0305525103658510 ) ) ;
#3537 = CARTESIAN_POINT ( 'NONE',  ( -41.42872439750847491, -0.2700812684970788080, 430.0000000000003411 ) ) ;
#3538 = CARTESIAN_POINT ( 'NONE',  ( 19.29630219268265989, -45.70815765596641000, 451.8847456721802018 ) ) ;
#3539 = CARTESIAN_POINT ( 'NONE',  ( -1.600081094479260058, -29.05978700069451293, 508.8389348344449559 ) ) ;
#3540 = CARTESIAN_POINT ( 'NONE',  ( -53.99376522355691321, -22.28162096595698927, 249.9380143859971497 ) ) ;
#3541 = CARTESIAN_POINT ( 'NONE',  ( 149.9999999999994031, -3.204465285586236778, 213.8695567060612177 ) ) ;
#3542 = CARTESIAN_POINT ( 'NONE',  ( 50.11171787444065728, 9.594334424904452874, 362.2731057270540305 ) ) ;
#3543 = CARTESIAN_POINT ( 'NONE',  ( -150.0000000000003695, 17.23251453160983715, 290.2479985875627335 ) ) ;
#3544 = CARTESIAN_POINT ( 'NONE',  ( 21.35042088600132359, -35.51131480722144573, 474.7019520664820789 ) ) ;
#3545 = CARTESIAN_POINT ( 'NONE',  ( -15.96248176645744721, -49.10746975760653044, 448.4308823742784966 ) ) ;
#3546 = EDGE_LOOP ( 'NONE', ( #3767, #6187, #6254, #613 ) ) ;
#3547 = CARTESIAN_POINT ( 'NONE',  ( 44.36456917625068286, 1.219498653352506956, 420.2482509685098080 ) ) ;
#3548 = CARTESIAN_POINT ( 'NONE',  ( -150.0000000000000853, -6.250264775982731003, 440.0305525103657374 ) ) ;
#3549 = CARTESIAN_POINT ( 'NONE',  ( 0.000000000000000000, -12.79999999999999893, 409.6353247020396680 ) ) ;
#3550 = CARTESIAN_POINT ( 'NONE',  ( -2.565238431728874779, -29.07118204327943900, 561.2154599266882542 ) ) ;
#3551 = CARTESIAN_POINT ( 'NONE',  ( 0.000000000000000000, -46.58870159832864033, 510.5422371214551731 ) ) ;
#3552 = CARTESIAN_POINT ( 'NONE',  ( -9.928597163327808062, -41.40114442576657439, 483.5653378068928419 ) ) ;
#3553 = CARTESIAN_POINT ( 'NONE',  ( -5.229788294438705520, -30.90098285842008607, 528.8372180721398763 ) ) ;
#3554 = CARTESIAN_POINT ( 'NONE',  ( -31.96178744196143739, 1.844174641629839240, 437.3435705445094186 ) ) ;
#3555 = CARTESIAN_POINT ( 'NONE',  ( 10.00093560308774876, -19.73125686606189078, 558.9422371214548093 ) ) ;
#3556 = DIRECTION ( 'NONE',  ( 1.000000000000000000, 0.000000000000000000, 0.000000000000000000 ) ) ;
#3557 = CARTESIAN_POINT ( 'NONE',  ( 0.000000000000000000, -8.653564323852759088, 512.4422371214550367 ) ) ;
#3558 = FACE_OUTER_BOUND ( 'NONE', #5329, .T. ) ;
#3559 = CARTESIAN_POINT ( 'NONE',  ( -40.59185724001149254, -41.15997791440208431, 404.8802519089974794 ) ) ;
#3560 = CARTESIAN_POINT ( 'NONE',  ( 35.67422610406085681, -45.49379237472053461, 409.5583380303880858 ) ) ;
#3561 = ADVANCED_BREP_SHAPE_REPRESENTATION ( 'FUS 5', ( #4211, #6311, #930 ), #1127 ) ;
#3562 = CARTESIAN_POINT ( 'NONE',  ( 16.86161985890148429, -4.306625156205648786, 487.8588399328991159 ) ) ;
#3563 = CARTESIAN_POINT ( 'NONE',  ( -149.9999999999996874, -2.409579751124833802, 211.7503272867475630 ) ) ;
#3564 = CARTESIAN_POINT ( 'NONE',  ( -29.72757571552559952, -53.07115286974220680, 430.0000000000000000 ) ) ;
#3565 = CARTESIAN_POINT ( 'NONE',  ( 35.60682565949467460, -23.73663190593185846, 505.6027716601481075 ) ) ;
#3566 = CARTESIAN_POINT ( 'NONE',  ( -35.50068883202747827, -18.63118089140003164, 519.6373845633261226 ) ) ;
#3567 = CARTESIAN_POINT ( 'NONE',  ( 26.66274090136285579, -42.43044248661461637, 443.2124741247613429 ) ) ;
#3568 = CARTESIAN_POINT ( 'NONE',  ( -1.557573488918347904, -29.06755284026561270, 509.3633778297095205 ) ) ;
#3569 = CARTESIAN_POINT ( 'NONE',  ( -3.141201918690920802, -76.61647040634815653, 92.53778539918592116 ) ) ;
#3570 = CARTESIAN_POINT ( 'NONE',  ( 56.43770889582800976, -16.63380663107501078, 204.3598371959161284 ) ) ;
#3571 = CARTESIAN_POINT ( 'NONE',  ( 1.649437573462356754, 40.21924920216152088, 320.0000000000000568 ) ) ;
#3572 = CARTESIAN_POINT ( 'NONE',  ( -7.846345050770216822, 46.81194873575534388, 182.9037947448233012 ) ) ;
#3573 = CARTESIAN_POINT ( 'NONE',  ( 7.107335676874842356, -42.02837172732920124, 487.4129743325764252 ) ) ;
#3574 = CARTESIAN_POINT ( 'NONE',  ( -8.564996859398766205, -46.36738121687909597, 470.4312489011190337 ) ) ;
#3575 = ORIENTED_EDGE ( 'NONE', *, *, #5798, .T. ) ;
#3576 = CARTESIAN_POINT ( 'NONE',  ( 18.44745248276197458, 8.160001204162536936, 441.4040100113969629 ) ) ;
#3577 = CARTESIAN_POINT ( 'NONE',  ( -35.68751508801354078, -25.71008246410409370, 501.3283805024830713 ) ) ;
#3578 = CARTESIAN_POINT ( 'NONE',  ( 19.93928449642995204, 10.45297608286726465, 430.0000000002121965 ) ) ;
#3579 = CARTESIAN_POINT ( 'NONE',  ( -137.0746631675343679, -3.776579072547993299, 430.0000000000000000 ) ) ;
#3580 = CARTESIAN_POINT ( 'NONE',  ( 9.540995000066427423, -20.83518747328999865, 581.5857494680067248 ) ) ;
#3581 = CARTESIAN_POINT ( 'NONE',  ( -29.16006488763566296, -34.28736426788247371, 457.7251946555636550 ) ) ;
#3582 = CARTESIAN_POINT ( 'NONE',  ( -5.020115703743043056, -30.82995252825351784, 529.6655752962869883 ) ) ;
#3583 = CARTESIAN_POINT ( 'NONE',  ( -15.88158488768778831, 6.949365342369804743, 450.9068907918907030 ) ) ;
#3584 = CARTESIAN_POINT ( 'NONE',  ( -5.526640425260938905, -10.73996315238808918, 558.9422371214549230 ) ) ;
#3585 = CARTESIAN_POINT ( 'NONE',  ( -35.59367397227826757, -15.02341196598146489, 505.0766924816190340 ) ) ;
#3586 = CARTESIAN_POINT ( 'NONE',  ( 0.000000000000000000, 28.21750440619399214, 17.07389157737171459 ) ) ;
#3587 = CARTESIAN_POINT ( 'NONE',  ( 49.81824798779280172, -32.85034776195738715, 397.3815904750780987 ) ) ;
#3588 = CARTESIAN_POINT ( 'NONE',  ( 15.27218508830391741, -4.045332694642429949, 490.3235774656179160 ) ) ;
#3589 = VECTOR ( 'NONE', #6224, 1000.000000000000000 ) ;
#3590 = CARTESIAN_POINT ( 'NONE',  ( 0.8019073092451669549, -29.16540034820366856, 510.3307114061929042 ) ) ;
#3591 = CARTESIAN_POINT ( 'NONE',  ( -16.29295956011588231, -54.49932426897342452, 430.0000000000001137 ) ) ;
#3592 = CARTESIAN_POINT ( 'NONE',  ( 35.66106005593005079, -25.50521667275220139, 502.3113495257247791 ) ) ;
#3593 = CARTESIAN_POINT ( 'NONE',  ( -60.19143531663057445, -14.20574384679140678, 462.4733266517072821 ) ) ;
#3594 = CARTESIAN_POINT ( 'NONE',  ( 22.55066556536671740, -46.78230757571752463, 441.7910576659226649 ) ) ;
#3595 = CARTESIAN_POINT ( 'NONE',  ( 47.40861473308018503, 4.113015318635508066, 430.0000000000002274 ) ) ;
#3596 = CARTESIAN_POINT ( 'NONE',  ( -51.44681795844569905, -14.60335715577652849, 276.6922548152192007 ) ) ;
#3597 = CIRCLE ( 'NONE', #1041, 1.600000000000045830 ) ;
#3598 = CARTESIAN_POINT ( 'NONE',  ( 28.55755565158655784, -29.78391945336318614, -40.41372478741643448 ) ) ;
#3599 = CARTESIAN_POINT ( 'NONE',  ( 5.873798239311764924, 35.98697079100605123, 353.7225482438468589 ) ) ;
#3600 = CARTESIAN_POINT ( 'NONE',  ( -149.9999999999993463, 17.39257541835625176, 283.2293150073691663 ) ) ;
#3601 = CARTESIAN_POINT ( 'NONE',  ( 10.80682181483160953, -41.16800969694832446, 482.4680365764590988 ) ) ;
#3602 = CARTESIAN_POINT ( 'NONE',  ( -9.350172035011937055, -46.22392147603835610, 469.5169631947853759 ) ) ;
#3603 = ORIENTED_EDGE ( 'NONE', *, *, #2429, .F. ) ;
#3604 = CARTESIAN_POINT ( 'NONE',  ( 35.76436876510470597, 1.121019691906152360, 433.3033237325968798 ) ) ;
#3605 = FACE_OUTER_BOUND ( 'NONE', #4542, .T. ) ;
#3606 = DIRECTION ( 'NONE',  ( 0.000000000000000000, 0.000000000000000000, 1.000000000000000000 ) ) ;
#3607 = CARTESIAN_POINT ( 'NONE',  ( -124.1488601475170981, -4.001561155637651801, 429.9999999999999432 ) ) ;
#3608 = CARTESIAN_POINT ( 'NONE',  ( 35.60447105139471802, -13.62282190332221887, 502.3110443960222824 ) ) ;
#3609 = CARTESIAN_POINT ( 'NONE',  ( -32.92192490060732268, -32.34949480091766105, 452.9695701786723703 ) ) ;
#3610 = CARTESIAN_POINT ( 'NONE',  ( -12.83254554079334575, -28.99962990394162077, 515.6748560620063699 ) ) ;
#3611 = EDGE_CURVE ( 'NONE', #3938, #4766, #3622, .T. ) ;
#3612 = CARTESIAN_POINT ( 'NONE',  ( -14.83893032613450558, 5.366465625135900197, 458.6648680213209559 ) ) ;
#3613 = CARTESIAN_POINT ( 'NONE',  ( -8.371921881571584123, -13.08823326555897815, 558.9422371214550367 ) ) ;
#3614 = CARTESIAN_POINT ( 'NONE',  ( -60.02976677807478723, -11.85579785642888773, 450.3859710534386522 ) ) ;
#3615 = CARTESIAN_POINT ( 'NONE',  ( 150.0000000000000000, 6.573444530005628117, 217.0034385749200965 ) ) ;
#3616 = DIRECTION ( 'NONE',  ( 0.000000000000000000, 0.000000000000000000, -1.000000000000000000 ) ) ;
#3617 = CARTESIAN_POINT ( 'NONE',  ( 8.377149940162730957, -56.92105297426658694, 457.7183155873057672 ) ) ;
#3618 = CARTESIAN_POINT ( 'NONE',  ( 22.49314937974772022, -7.053926020753978676, 485.4918618303690891 ) ) ;
#3619 = CARTESIAN_POINT ( 'NONE',  ( -0.2100020128951618215, -10.80182679676180335, 507.3526480495307283 ) ) ;
#3620 = CARTESIAN_POINT ( 'NONE',  ( -49.56392727629550166, -25.35118715007652312, 429.9999999999998295 ) ) ;
#3621 = CARTESIAN_POINT ( 'NONE',  ( 0.000000000000000000, -30.00000000000000000, 558.9422371214550367 ) ) ;
#3622 = B_SPLINE_CURVE_WITH_KNOTS ( 'NONE', 3,
 ( #402, #4265, #986, #5366, #1466, #1435, #4776, #4844 ),
 .UNSPECIFIED., .F., .F.,
 ( 4, 2, 2, 4 ),
 ( 0.000000000000000000, 0.005017500393338325711, 0.007526250590007489000, 0.01003500078667665142 ),
 .UNSPECIFIED. ) ;
#3623 = CARTESIAN_POINT ( 'NONE',  ( 23.14522204275586148, -50.38397128253595980, 430.0000000002121965 ) ) ;
#3624 = LINE ( 'NONE', #5592, #4527 ) ;
#3625 = CARTESIAN_POINT ( 'NONE',  ( 44.43182382822291032, -34.18520671455213034, 412.6695696220477316 ) ) ;
#3626 = CARTESIAN_POINT ( 'NONE',  ( -0.4147362585854335038, -29.19121781691653084, 510.4910715537999408 ) ) ;
#3627 = CARTESIAN_POINT ( 'NONE',  ( -50.58346037534592199, -11.64512529226498749, 291.0537216187072431 ) ) ;
#3628 = B_SPLINE_CURVE_WITH_KNOTS ( 'NONE', 3,
 ( #5348, #939, #2902, #5379, #1091, #1626, #2629, #119, #3144, #3658, #1659, #5073, #3085, #5046, #2176, #1692, #3114, #4107, #3595, #3055, #4534, #4139, #3178, #5564, #5594, #5014, #5624, #6044, #147, #666, #5105, #2085, #1119, #1569, #2571, #4621, #1148, #4590, #4049, #1209, #6015, #6106, #636, #176 ),
 .UNSPECIFIED., .F., .F.,
 ( 4, 2, 2, 2, 2, 2, 2, 2, 2, 2, 2, 2, 2, 2, 2, 2, 2, 2, 2, 2, 2, 4 ),
 ( 2.166971650500494442E-09, 0.01939654189818466878, 0.03879308162939772847, 0.05818962136061078816, 0.06788789122621730066, 0.07758616109182379927, 0.08728443095743032565, 0.09213356589023356802, 0.09698270082303682427, 0.1066809706886433368, 0.1115301056214465930, 0.1163792405542498354, 0.1212283754870530916, 0.1260775104198563756, 0.1309266453526596319, 0.1357757802854628881, 0.1406249152182661444, 0.1430494826846677447, 0.1454740501510693729, 0.1478986176174710010, 0.1503231850838726291, 0.1551723200166759131 ),
 .UNSPECIFIED. ) ;
#3629 = CARTESIAN_POINT ( 'NONE',  ( 0.000000000000000000, -10.04618072458613653, 559.0822313642146355 ) ) ;
#3630 = CARTESIAN_POINT ( 'NONE',  ( 149.9999999999995453, 8.360301161202400522, 362.6762669712815068 ) ) ;
#3631 = CARTESIAN_POINT ( 'NONE',  ( -1.649437573462356754, 41.01991156795418902, 312.8522970477960143 ) ) ;
#3632 = CARTESIAN_POINT ( 'NONE',  ( 24.80391392080496260, -34.12468769138116897, 469.6872766795042367 ) ) ;
#3633 = CARTESIAN_POINT ( 'NONE',  ( -45.16187447122329957, -30.45584085812864217, 423.0897279431274001 ) ) ;
#3634 = ORIENTED_EDGE ( 'NONE', *, *, #5109, .F. ) ;
#3635 = CARTESIAN_POINT ( 'NONE',  ( 11.95257355664552890, 2.257393724892994058, 475.5219298042991340 ) ) ;
#3636 = FACE_OUTER_BOUND ( 'NONE', #4225, .T. ) ;
#3637 = CARTESIAN_POINT ( 'NONE',  ( -0.4971429272139474276, -10.01440192539965324, 558.9422371214544683 ) ) ;
#3638 = CARTESIAN_POINT ( 'NONE',  ( -37.04944950723050567, 8.356366160378529528, 430.0000000000000568 ) ) ;
#3639 = VERTEX_POINT ( 'NONE', #3883 ) ;
#3640 = CARTESIAN_POINT ( 'NONE',  ( 3.246870559986947402, -69.27317359988197154, 28.93289519100172669 ) ) ;
#3641 = CARTESIAN_POINT ( 'NONE',  ( -34.84930064179590659, -31.35009222378690197, 450.6042785207213797 ) ) ;
#3642 = ADVANCED_FACE ( 'NONE', ( #2368 ), #3434, .F. ) ;
#3643 = CARTESIAN_POINT ( 'NONE',  ( 17.02267541567761100, 13.53136537058163924, 423.7357430225308690 ) ) ;
#3644 = CARTESIAN_POINT ( 'NONE',  ( -44.45657793284745196, -1.675007830270746290, 430.7705401973343555 ) ) ;
#3645 = CARTESIAN_POINT ( 'NONE',  ( -9.206616117740029637, -24.96138927104816219, 558.9422371214552641 ) ) ;
#3646 = CARTESIAN_POINT ( 'NONE',  ( -60.01835282890801437, -11.13467273110194533, 449.2592399105232630 ) ) ;
#3647 = CARTESIAN_POINT ( 'NONE',  ( 83.26671075213897666, 10.37568051067605523, 86.68462678675325606 ) ) ;
#3648 = CARTESIAN_POINT ( 'NONE',  ( -35.57534222758182807, -10.22469752620956740, 473.1764019776115902 ) ) ;
#3649 = CARTESIAN_POINT ( 'NONE',  ( 0.000000000000000000, -69.98033210435349361, 400.9895820734195695 ) ) ;
#3650 = CARTESIAN_POINT ( 'NONE',  ( -24.80391392080496260, -34.12468769138116897, 469.6872766795042367 ) ) ;
#3651 = CARTESIAN_POINT ( 'NONE',  ( 31.58670612407738076, -6.456079603690563218, 466.5848750967726346 ) ) ;
#3652 = CARTESIAN_POINT ( 'NONE',  ( -1.278672808097846669, -10.88808386085341517, 507.9581779668391732 ) ) ;
#3653 = CARTESIAN_POINT ( 'NONE',  ( 2.321688434624808117, 5.082815606072010439, 506.3132700574602723 ) ) ;
#3654 = CARTESIAN_POINT ( 'NONE',  ( 9.637604968899173841, -28.86906020031116071, 550.2392606593842856 ) ) ;
#3655 = CARTESIAN_POINT ( 'NONE',  ( 32.37715857395657792, -41.44555008991995493, 430.0000000002124239 ) ) ;
#3656 = CARTESIAN_POINT ( 'NONE',  ( 150.0000000000000853, -6.250264775982731003, 440.0305525103657374 ) ) ;
#3657 = CARTESIAN_POINT ( 'NONE',  ( 24.28174397029545517, -45.98699815489736409, 439.8629960830641039 ) ) ;
#3658 = CARTESIAN_POINT ( 'NONE',  ( 78.95723282016297162, -2.294605590888370905, 430.0000000000002274 ) ) ;
#3659 = CARTESIAN_POINT ( 'NONE',  ( -85.40960635100844911, -44.44652362327579453, 86.38817669992579340 ) ) ;
#3660 = CARTESIAN_POINT ( 'NONE',  ( 9.620743624274640027, -11.03377133881076233, 549.8478901275921089 ) ) ;
#3661 = CARTESIAN_POINT ( 'NONE',  ( 0.000000000000000000, 13.75622029850556061, 472.5436863909573617 ) ) ;
#3662 = CARTESIAN_POINT ( 'NONE',  ( -59.97550560955480847, 34.43158503966466810, 201.9292928342558184 ) ) ;
#3663 = CARTESIAN_POINT ( 'NONE',  ( 15.28317580933260622, -39.90830334967328952, 476.7684547654936296 ) ) ;
#3664 = CARTESIAN_POINT ( 'NONE',  ( -19.74401932590286890, -45.54272523936140260, 451.3789122437057699 ) ) ;
#3665 = ORIENTED_EDGE ( 'NONE', *, *, #2552, .F. ) ;
#3666 = CARTESIAN_POINT ( 'NONE',  ( -12.87831856078135218, -48.01607411107547563, 480.1927274698377346 ) ) ;
#3667 = CARTESIAN_POINT ( 'NONE',  ( -2.021836261556255288, -43.13596291705508889, 510.4490655919726692 ) ) ;
#3668 = CARTESIAN_POINT ( 'NONE',  ( 14.30184512658091300, -28.84405490716721943, 512.6198011783800439 ) ) ;
#3669 = CARTESIAN_POINT ( 'NONE',  ( 0.000000000000000000, -73.34685314614938534, 54.45304635361954126 ) ) ;
#3670 = CARTESIAN_POINT ( 'NONE',  ( -30.99454915941873878, -33.34889737804841303, 455.3348618366233040 ) ) ;
#3671 = CARTESIAN_POINT ( 'NONE',  ( 10.64968805436455490, -34.08908922305397482, 504.2981004083371204 ) ) ;
#3672 = CARTESIAN_POINT ( 'NONE',  ( -35.67422610406085681, -45.49379237472053461, 409.5583380303880858 ) ) ;
#3673 = DIRECTION ( 'NONE',  ( 1.000000000000000000, 0.000000000000000000, 0.000000000000000000 ) ) ;
#3674 = CARTESIAN_POINT ( 'NONE',  ( -44.36456917625068286, 1.219498653352506956, 420.2482509685098080 ) ) ;
#3675 = CARTESIAN_POINT ( 'NONE',  ( -9.997912462947079248, -20.67195684336340733, 558.9422371214548093 ) ) ;
#3676 = CARTESIAN_POINT ( 'NONE',  ( -9.614672108662121630, -13.61520896274974035, 555.0066226921079533 ) ) ;
#3677 = CARTESIAN_POINT ( 'NONE',  ( 3.289006796241746411, 7.681208134219242645, -36.06530541306337057 ) ) ;
#3678 = ORIENTED_EDGE ( 'NONE', *, *, #135, .T. ) ;
#3679 = CARTESIAN_POINT ( 'NONE',  ( -8.569952461250679221, -6.825465741898546490, 514.2145041268825025 ) ) ;
#3680 = CARTESIAN_POINT ( 'NONE',  ( 68.31011536970008535, -60.64635181205830605, 304.1661337803504921 ) ) ;
#3681 = CARTESIAN_POINT ( 'NONE',  ( -15.38446927855339297, -37.50586815592323120, 483.3733469739902375 ) ) ;
#3682 = FACE_OUTER_BOUND ( 'NONE', #6322, .T. ) ;
#3683 = LINE ( 'NONE', #4679, #3186 ) ;
#3684 = DIRECTION ( 'NONE',  ( 0.000000000000000000, 0.000000000000000000, -1.000000000000000000 ) ) ;
#3685 = CARTESIAN_POINT ( 'NONE',  ( 0.000000000000000000, -33.20068766774330271, 508.9422371214551504 ) ) ;
#3686 = CARTESIAN_POINT ( 'NONE',  ( 20.48583805164707172, -52.20468201929367069, 430.0000000002122533 ) ) ;
#3687 = DIRECTION ( 'NONE',  ( 0.000000000000000000, 0.000000000000000000, -1.000000000000000000 ) ) ;
#3688 = CARTESIAN_POINT ( 'NONE',  ( 11.65853249994619389, -52.45344140047477310, 444.7101293144362444 ) ) ;
#3689 = EDGE_CURVE ( 'NONE', #3460, #4766, #5268, .T. ) ;
#3690 = AXIS2_PLACEMENT_3D ( 'NONE', #3258, #325, #1194 ) ;
#3691 = DIRECTION ( 'NONE',  ( 0.000000000000000000, 0.000000000000000000, -1.000000000000000000 ) ) ;
#3692 = CARTESIAN_POINT ( 'NONE',  ( -3.264775396501128135, -66.91508424942222177, 16.39354568225414610 ) ) ;
#3693 = CARTESIAN_POINT ( 'NONE',  ( 0.000000000000000000, -10.32476161885617039, 559.8750435886903460 ) ) ;
#3694 = EDGE_CURVE ( 'NONE', #4749, #6295, #329, .T. ) ;
#3695 = CARTESIAN_POINT ( 'NONE',  ( 9.706193483868752026, -6.012392168603122755, 533.3392366149785175 ) ) ;
#3696 = CARTESIAN_POINT ( 'NONE',  ( -11.20234465765202536, 15.65166486234165255, 452.7342830611293607 ) ) ;
#3697 = CARTESIAN_POINT ( 'NONE',  ( 17.47215045633809893, -41.58997673577763976, 467.2958568568996611 ) ) ;
#3698 = CARTESIAN_POINT ( 'NONE',  ( -18.78451977890503954, -43.51569415086657955, 459.0439161878013579 ) ) ;
#3699 = VERTEX_POINT ( 'NONE', #46 ) ;
#3700 = AXIS2_PLACEMENT_3D ( 'NONE', #5326, #2878, #4834 ) ;
#3701 = CARTESIAN_POINT ( 'NONE',  ( -41.39979509085041087, -36.12088789856248638, 456.9383330152745657 ) ) ;
#3702 = LINE ( 'NONE', #6115, #1636 ) ;
#3703 = CARTESIAN_POINT ( 'NONE',  ( -1.628367501284375241, 22.94972755228599937, 429.9999999999998295 ) ) ;
#3704 = CARTESIAN_POINT ( 'NONE',  ( 149.9999999999993747, -7.301340216986761611, 270.4454446398847267 ) ) ;
#3705 = CARTESIAN_POINT ( 'NONE',  ( -3.323413742140344684, -2.163148135800812888, -51.77104861990689955 ) ) ;
#3706 = CARTESIAN_POINT ( 'NONE',  ( 11.02358018547545626, -31.66415490518415510, 511.0579782871187149 ) ) ;
#3707 = CARTESIAN_POINT ( 'NONE',  ( -10.46663584796292312, -54.79169985466690918, 437.7933505234411768 ) ) ;
#3708 = CARTESIAN_POINT ( 'NONE',  ( -34.59363071162511005, -22.87637623433955625, 481.3789757534388514 ) ) ;
#3709 = CARTESIAN_POINT ( 'NONE',  ( -11.77533912623026247, 11.21402024612996406, 442.4266492926124670 ) ) ;
#3710 = CARTESIAN_POINT ( 'NONE',  ( -4.586713937165342259, -29.54774606951161786, 558.9422371214550367 ) ) ;
#3711 = CARTESIAN_POINT ( 'NONE',  ( -60.03282986121357112, -12.28319965607964726, 450.8323710026653544 ) ) ;
#3712 = B_SPLINE_CURVE_WITH_KNOTS ( 'NONE', 3,
 ( #1989, #1115, #143, #2505, #1595, #4072, #3591, #2990, #3080, #5559, #4951, #3955, #3504, #4469, #2959, #5470, #3021, #6132, #690, #4232, #3237, #3620, #6166, #3752 ),
 .UNSPECIFIED., .F., .F.,
 ( 4, 2, 2, 2, 2, 2, 2, 2, 2, 2, 2, 4 ),
 ( 0.9736507561387951482, 0.9753003114784460914, 0.9769498668180970347, 0.9802489774973989212, 0.9868471988560025832, 0.9901463095353044697, 0.9934454202146063562, 1.000043641573210129, 1.006641862931813902, 1.013240084290417453, 1.019838305649021226, 1.026436527007624999 ),
 .UNSPECIFIED. ) ;
#3713 = CARTESIAN_POINT ( 'NONE',  ( 55.14185912003974011, 11.14502422987850849, 230.0543043816361433 ) ) ;
#3714 = ORIENTED_EDGE ( 'NONE', *, *, #4635, .T. ) ;
#3715 = CARTESIAN_POINT ( 'NONE',  ( -13.91316475558088506, -5.776010573435307549, 498.9978336677925768 ) ) ;
#3716 = CARTESIAN_POINT ( 'NONE',  ( 61.01908247538640495, -54.02036019007341139, 380.0253702763938577 ) ) ;
#3717 = CARTESIAN_POINT ( 'NONE',  ( -53.41160474316537687, -21.44540818529108250, 438.6028281927265766 ) ) ;
#3718 = CARTESIAN_POINT ( 'NONE',  ( 44.73764394382705945, -10.67642920023861919, 462.9215838565563672 ) ) ;
#3719 = CARTESIAN_POINT ( 'NONE',  ( 11.00000578798682227, -56.53773332980759392, 430.0000047039275159 ) ) ;
#3720 = CARTESIAN_POINT ( 'NONE',  ( 3.483993262808324776, 4.130203062122394186, 509.3464764188432241 ) ) ;
#3721 = CARTESIAN_POINT ( 'NONE',  ( 35.62298055821208465, -24.72696578322756267, 504.0024996981231880 ) ) ;
#3722 = CARTESIAN_POINT ( 'NONE',  ( 33.75119380227059906, -39.90317888671663837, 430.0000000002121396 ) ) ;
#3723 = CARTESIAN_POINT ( 'NONE',  ( 11.53003731004203480, -52.47995594764808658, 444.8112213140872200 ) ) ;
#3724 = CARTESIAN_POINT ( 'NONE',  ( 0.000000000000000000, -8.653564323852759088, 0.000000000000000000 ) ) ;
#3725 = CARTESIAN_POINT ( 'NONE',  ( -81.39791087799768832, -53.74601251975116156, 139.2012258197769370 ) ) ;
#3726 = CARTESIAN_POINT ( 'NONE',  ( 35.60381781380582566, -13.67987652204457483, 502.3904453533722858 ) ) ;
#3727 = CARTESIAN_POINT ( 'NONE',  ( 11.54106037115949945, 18.89842486944788291, 438.8770723758824488 ) ) ;
#3728 = CARTESIAN_POINT ( 'NONE',  ( -47.31906922256366244, 16.34140955976334197, 320.0000000000000568 ) ) ;
#3729 = CARTESIAN_POINT ( 'NONE',  ( 16.58286906014008366, -41.87409076202843039, 468.4120991466235751 ) ) ;
#3730 = CARTESIAN_POINT ( 'NONE',  ( -30.00251343094813450, -36.00590030187545665, 450.8204627104245219 ) ) ;
#3731 = DIRECTION ( 'NONE',  ( 0.000000000000000000, 1.000000000000000000, 0.000000000000000000 ) ) ;
#3732 = EDGE_LOOP ( 'NONE', ( #3353, #6327, #2092, #2120, #5296, #981, #3575 ) ) ;
#3733 = CARTESIAN_POINT ( 'NONE',  ( -2.653060364666223414, -53.62825189528938807, 472.6290139493366951 ) ) ;
#3734 = EDGE_CURVE ( 'NONE', #2338, #2285, #6027, .T. ) ;
#3735 = CARTESIAN_POINT ( 'NONE',  ( -1.661130238216530941, -44.11062022111489966, 507.0668115871122836 ) ) ;
#3736 = CARTESIAN_POINT ( 'NONE',  ( 150.0000000000001137, -6.845042883277400847, 247.4697543356704159 ) ) ;
#3737 = CARTESIAN_POINT ( 'NONE',  ( -56.08762438136983519, 3.832698960004560895, 215.3449030486479501 ) ) ;
#3738 = CARTESIAN_POINT ( 'NONE',  ( 32.70359750667245891, -25.11500287118257191, 477.3742715350181243 ) ) ;
#3739 = CARTESIAN_POINT ( 'NONE',  ( -20.32976721367765549, -52.21644216945279737, 430.4406987976834671 ) ) ;
#3740 = ORIENTED_EDGE ( 'NONE', *, *, #825, .F. ) ;
#3741 = CARTESIAN_POINT ( 'NONE',  ( 150.0000000000000000, -5.917352418090872312, 440.0305525103657374 ) ) ;
#3742 = CARTESIAN_POINT ( 'NONE',  ( -16.82223334386247515, 10.23703868261091721, 436.9251438390776343 ) ) ;
#3743 = DIRECTION ( 'NONE',  ( -0.000000000000000000, -1.000000000000000000, -0.000000000000000000 ) ) ;
#3744 = CARTESIAN_POINT ( 'NONE',  ( -9.613044266102807711, -16.76189886598297107, 557.9286681389585283 ) ) ;
#3745 = CARTESIAN_POINT ( 'NONE',  ( 0.000000000000000000, 47.65165836710342973, 180.5788067618912009 ) ) ;
#3746 = ORIENTED_EDGE ( 'NONE', *, *, #351, .T. ) ;
#3747 = CARTESIAN_POINT ( 'NONE',  ( -17.51143692474015978, -6.331348268012238378, 493.2567185045673455 ) ) ;
#3748 = CARTESIAN_POINT ( 'NONE',  ( 9.118704901277874697, -66.92918793773139896, 414.6566266770050220 ) ) ;
#3749 = CARTESIAN_POINT ( 'NONE',  ( -6.140775427593598401, -37.57948960869216393, 504.0732033452164274 ) ) ;
#3750 = CARTESIAN_POINT ( 'NONE',  ( 25.91566155657058346, -27.09331922798140013, 488.4294843759632272 ) ) ;
#3751 = LINE ( 'NONE', #5132, #2992 ) ;
#3752 = CARTESIAN_POINT ( 'NONE',  ( -53.53048140247114617, -22.93049611475921523, 430.0000109327460791 ) ) ;
#3753 = CARTESIAN_POINT ( 'NONE',  ( -13.80316421870660193, -7.549331164962812757, 505.1322743100731145 ) ) ;
#3754 = FACE_OUTER_BOUND ( 'NONE', #126, .T. ) ;
#3755 = CARTESIAN_POINT ( 'NONE',  ( -10.99999999999996803, -3.731290437159163087, 498.2807125574875045 ) ) ;
#3756 = CARTESIAN_POINT ( 'NONE',  ( 27.00796663709704859, -46.89878251472075021, 430.5953422444226248 ) ) ;
#3757 = PLANE ( 'NONE',  #4106 ) ;
#3758 = CARTESIAN_POINT ( 'NONE',  ( 18.24219798712229235, 1.073278378135717137, 466.8058960326050055 ) ) ;
#3759 = CARTESIAN_POINT ( 'NONE',  ( -3.302439984836303744, -58.72586308767706953, -14.16339988746103984 ) ) ;
#3760 = EDGE_CURVE ( 'NONE', #1764, #6023, #158, .T. ) ;
#3761 = CARTESIAN_POINT ( 'NONE',  ( 9.616480568787569183, -12.11334058500990096, 552.4936343175044158 ) ) ;
#3762 = CARTESIAN_POINT ( 'NONE',  ( 2.005225952241261655, 23.00456069334608245, 429.7794286210721566 ) ) ;
#3763 = CARTESIAN_POINT ( 'NONE',  ( 0.000000000000000000, 25.90249749234719445, 415.3909803479844527 ) ) ;
#3764 = CARTESIAN_POINT ( 'NONE',  ( 9.011979683781953909, -43.98389811609575162, 477.3590139758587156 ) ) ;
#3765 = CARTESIAN_POINT ( 'NONE',  ( -15.22582613102545857, -42.29205939716866425, 470.0761280243729061 ) ) ;
#3766 = CARTESIAN_POINT ( 'NONE',  ( -22.68621212533496134, -27.58014561941557474, 495.3129358805635434 ) ) ;
#3767 = ORIENTED_EDGE ( 'NONE', *, *, #4367, .T. ) ;
#3768 = CARTESIAN_POINT ( 'NONE',  ( -57.48208732925206021, -17.40021948611592251, 407.2488359997994962 ) ) ;
#3769 = CARTESIAN_POINT ( 'NONE',  ( -0.6600108990225795891, -42.97751184485660758, 511.3592681050579358 ) ) ;
#3770 = CARTESIAN_POINT ( 'NONE',  ( 3.163910250335861818, -75.58718006786318711, 79.77315515597749140 ) ) ;
#3771 = CARTESIAN_POINT ( 'NONE',  ( 35.60447105139471802, -13.62282190332221887, 502.3110443960222824 ) ) ;
#3772 = CARTESIAN_POINT ( 'NONE',  ( 14.51397621817270078, -33.10726387322424813, 498.3828099126682787 ) ) ;
#3773 = CARTESIAN_POINT ( 'NONE',  ( -56.06304139039144019, -26.93550618980161104, 398.8074432981562154 ) ) ;
#3774 = EDGE_LOOP ( 'NONE', ( #6051, #3176, #3840, #2876, #1455, #260, #3423, #2844 ) ) ;
#3775 = CARTESIAN_POINT ( 'NONE',  ( 16.64475635092795258, 13.60866855738334813, 424.1155996294267538 ) ) ;
#3776 = CARTESIAN_POINT ( 'NONE',  ( -49.06999840483933895, 1.884314772601248800, 411.5892328773958297 ) ) ;
#3777 = LINE ( 'NONE', #2294, #3589 ) ;
#3778 = EDGE_CURVE ( 'NONE', #1461, #5911, #1168, .T. ) ;
#3779 = CARTESIAN_POINT ( 'NONE',  ( -150.0000000000000284, -5.809733284908858764, 440.0305525103658510 ) ) ;
#3780 = CARTESIAN_POINT ( 'NONE',  ( 68.02388392350869140, 29.98456005054444162, 166.0820768548770161 ) ) ;
#3781 = VERTEX_POINT ( 'NONE', #4088 ) ;
#3782 = CARTESIAN_POINT ( 'NONE',  ( -15.27218508830391741, -4.045332694642429949, 490.3235774656179160 ) ) ;
#3783 = CARTESIAN_POINT ( 'NONE',  ( 10.51223536979450479, -80.17534470333454522, 207.1221273497589834 ) ) ;
#3784 = CARTESIAN_POINT ( 'NONE',  ( -18.96368746670109573, -34.11855642220954365, 484.7742616691920148 ) ) ;
#3785 = DIRECTION ( 'NONE',  ( -0.000000000000000000, -0.000000000000000000, 1.000000000000000000 ) ) ;
#3786 = CARTESIAN_POINT ( 'NONE',  ( 10.99999999999999645, -34.82252248039544895, 501.2460055706022786 ) ) ;
#3787 = CARTESIAN_POINT ( 'NONE',  ( 47.53883982390217966, -34.60530357812937297, 430.0000000000002842 ) ) ;
#3788 = DIRECTION ( 'NONE',  ( 0.000000000000000000, 1.000000000000000000, 0.000000000000000000 ) ) ;
#3789 = CARTESIAN_POINT ( 'NONE',  ( 39.37864963182733646, -33.85076487212430862, 430.0000000002121965 ) ) ;
#3790 = FILL_AREA_STYLE_COLOUR ( '', #5758 ) ;
#3791 = CARTESIAN_POINT ( 'NONE',  ( 10.99899437284064341, -56.67933871104289523, 429.4296307609238852 ) ) ;
#3792 = DIRECTION ( 'NONE',  ( 0.000000000000000000, 1.000000000000000000, 0.000000000000000000 ) ) ;
#3793 = CARTESIAN_POINT ( 'NONE',  ( 23.07062176557631972, 0.1538925815401418762, 460.1354952053957277 ) ) ;
#3794 = CARTESIAN_POINT ( 'NONE',  ( 0.000000000000000000, -67.31380296244208239, 16.60823139148731187 ) ) ;
#3795 = CARTESIAN_POINT ( 'NONE',  ( 0.000000000000000000, -12.85071627324766474, 564.7159198109421823 ) ) ;
#3796 = CARTESIAN_POINT ( 'NONE',  ( 35.62511535099858406, -12.77791609919348659, 499.3972652287001210 ) ) ;
#3797 = CARTESIAN_POINT ( 'NONE',  ( 0.000000000000000000, 20.11671744806442774, 444.2109482500774220 ) ) ;
#3798 = AXIS2_PLACEMENT_3D ( 'NONE', #2853, #3850, #5914 ) ;
#3799 = CARTESIAN_POINT ( 'NONE',  ( 23.06540401509189664, -39.44297897646434592, 459.9500311671675945 ) ) ;
#3800 = CARTESIAN_POINT ( 'NONE',  ( -8.805274868294018731, -44.03224037115669631, 477.6071439955238702 ) ) ;
#3801 = CARTESIAN_POINT ( 'NONE',  ( -30.77784596369255965, -26.36036466720950244, 478.1130512832401678 ) ) ;
#3802 = VERTEX_POINT ( 'NONE', #6116 ) ;
#3803 = CARTESIAN_POINT ( 'NONE',  ( -7.899106090145456172, -49.30430213682166141, 485.9199461956914092 ) ) ;
#3804 = CARTESIAN_POINT ( 'NONE',  ( 149.9999999999999716, -5.815855720539390816, 229.4760922283646210 ) ) ;
#3805 = CARTESIAN_POINT ( 'NONE',  ( -0.000000000000000000, -2.015148108693687767, -51.69602975127715183 ) ) ;
#3806 = CARTESIAN_POINT ( 'NONE',  ( 6.966750998820315566, -35.11967204365394224, 509.9025037785114023 ) ) ;
#3807 = CARTESIAN_POINT ( 'NONE',  ( -21.31219565060044374, -51.85019359773369985, 429.6020554823825819 ) ) ;
#3808 = ORIENTED_EDGE ( 'NONE', *, *, #5006, .F. ) ;
#3809 = CARTESIAN_POINT ( 'NONE',  ( 48.98049915331922932, 3.226816522279922328, 406.5253760432794934 ) ) ;
#3810 = CARTESIAN_POINT ( 'NONE',  ( -35.91918054593431009, 5.702252226229989951, 416.4796518893978146 ) ) ;
#3811 = CARTESIAN_POINT ( 'NONE',  ( 36.67801496495817304, 1.727864711924704588, 430.0000000002122533 ) ) ;
#3812 = CARTESIAN_POINT ( 'NONE',  ( 0.000000000000000000, -20.00000000000000711, 568.9422371214550367 ) ) ;
#3813 = VECTOR ( 'NONE', #1055, 1000.000000000000000 ) ;
#3814 = ORIENTED_EDGE ( 'NONE', *, *, #3870, .T. ) ;
#3815 = CARTESIAN_POINT ( 'NONE',  ( -27.90778947843455526, -5.969935230906084023, 471.5924591517831459 ) ) ;
#3816 = EDGE_CURVE ( 'NONE', #7, #6023, #873, .T. ) ;
#3817 = CARTESIAN_POINT ( 'NONE',  ( 69.77666443517387052, -60.65754417310441937, 271.3191305105466995 ) ) ;
#3818 = CARTESIAN_POINT ( 'NONE',  ( -6.265222564356164092, -35.32114502187587846, 511.0798220148192854 ) ) ;
#3819 = DIRECTION ( 'NONE',  ( 0.000000000000000000, 0.000000000000000000, 1.000000000000000000 ) ) ;
#3820 = CARTESIAN_POINT ( 'NONE',  ( 11.02523786704707121, -32.23794640108889098, 509.3823727295989556 ) ) ;
#3821 = CARTESIAN_POINT ( 'NONE',  ( 48.84284878306844035, -33.50491702985320330, 429.9999999999996021 ) ) ;
#3822 = LINE ( 'NONE', #1339, #1444 ) ;
#3823 = CARTESIAN_POINT ( 'NONE',  ( 45.09144349577175603, -28.69523392814333107, 430.0000000002123102 ) ) ;
#3824 = DIRECTION ( 'NONE',  ( -0.000000000000000000, 1.000000000000000000, 0.000000000000000000 ) ) ;
#3825 = CARTESIAN_POINT ( 'NONE',  ( 21.79877461818603379, -51.66458045060728921, 429.1821456999548445 ) ) ;
#3826 = LINE ( 'NONE', #2727, #2776 ) ;
#3827 = CARTESIAN_POINT ( 'NONE',  ( 44.41031140114755260, -0.2163486794088656240, 425.4957654744073352 ) ) ;
#3828 = CARTESIAN_POINT ( 'NONE',  ( -150.0000000000000284, -3.556664501064651152, 214.9410095448380389 ) ) ;
#3829 = CARTESIAN_POINT ( 'NONE',  ( 150.0000000000000284, -5.617192044877173274, 440.0305525103656805 ) ) ;
#3830 = CARTESIAN_POINT ( 'NONE',  ( -39.35302601131734690, 13.53690614029605221, 413.1562519541586767 ) ) ;
#3831 = CARTESIAN_POINT ( 'NONE',  ( 8.942744672750707835, -46.30538764951786845, 469.9817692550488459 ) ) ;
#3832 = CARTESIAN_POINT ( 'NONE',  ( -18.34291201584670716, -43.67125476822139518, 459.5772087653320455 ) ) ;
#3833 = CARTESIAN_POINT ( 'NONE',  ( -27.52977154972048623, -26.84999869918091520, 484.9874601696648142 ) ) ;
#3834 = ORIENTED_EDGE ( 'NONE', *, *, #4227, .F. ) ;
#3835 = CARTESIAN_POINT ( 'NONE',  ( -55.51277816440346413, -49.62266794667421266, 402.2744431189181569 ) ) ;
#3836 = CARTESIAN_POINT ( 'NONE',  ( 0.000000000000000000, -54.57109427142869151, -25.72152256063105824 ) ) ;
#3837 = CARTESIAN_POINT ( 'NONE',  ( -149.9999999999998579, 5.755319606443136671, 215.4903186742444916 ) ) ;
#3838 = CARTESIAN_POINT ( 'NONE',  ( 6.244514920167634209, -37.58482611123191219, 503.8234175648550490 ) ) ;
#3839 = CARTESIAN_POINT ( 'NONE',  ( -19.35158864874290074, -50.31618583761477481, 438.2683039085761720 ) ) ;
#3840 = ORIENTED_EDGE ( 'NONE', *, *, #5107, .F. ) ;
#3841 = CARTESIAN_POINT ( 'NONE',  ( 12.07682716550784718, 12.84143070499001738, 435.3546109809139466 ) ) ;
#3842 = CARTESIAN_POINT ( 'NONE',  ( -12.37460763619843540, 14.41919153731955738, 428.2424425801405050 ) ) ;
#3843 = DIRECTION ( 'NONE',  ( 1.000000000000000000, 0.000000000000000000, -0.000000000000000000 ) ) ;
#3844 = CARTESIAN_POINT ( 'NONE',  ( -150.0000000000000000, -5.851918101678611706, 440.0305525103658510 ) ) ;
#3845 = ORIENTED_EDGE ( 'NONE', *, *, #2749, .T. ) ;
#3846 = CARTESIAN_POINT ( 'NONE',  ( -24.44146872600499520, -3.690858911188228397, 470.3639389592440807 ) ) ;
#3847 = CARTESIAN_POINT ( 'NONE',  ( 23.75271063593115173, -77.90926051244422013, 211.4653806746053135 ) ) ;
#3848 = CARTESIAN_POINT ( 'NONE',  ( -23.49803531791325995, -30.33287830907682192, 484.1747263038291180 ) ) ;
#3849 = EDGE_CURVE ( 'NONE', #2354, #3460, #2398, .T. ) ;
#3850 = DIRECTION ( 'NONE',  ( -0.000000000000000000, 1.000000000000000000, 0.000000000000000000 ) ) ;
#3851 = CARTESIAN_POINT ( 'NONE',  ( 11.00000000000012967, -53.17634802217524026, 443.1294535749276520 ) ) ;
#3852 = CARTESIAN_POINT ( 'NONE',  ( 8.484157252875190736, -63.47704327306334449, 430.0000000000000568 ) ) ;
#3853 = CARTESIAN_POINT ( 'NONE',  ( -13.89245849363847718, -7.575888896732781319, 505.0306914972895242 ) ) ;
#3854 = CARTESIAN_POINT ( 'NONE',  ( 34.90931006158831451, -38.60764039447898455, 430.0000000002121965 ) ) ;
#3855 = LINE ( 'NONE', #2440, #3390 ) ;
#3856 = CARTESIAN_POINT ( 'NONE',  ( 51.32584873570089457, -30.31593467161755484, 401.7937025558923096 ) ) ;
#3857 = CARTESIAN_POINT ( 'NONE',  ( -3.414058235404734631, -64.08648139353631734, 430.0000000000000568 ) ) ;
#3858 = CARTESIAN_POINT ( 'NONE',  ( 44.50284446454734422, -3.133666981132626983, 436.0453149202613758 ) ) ;
#3859 = CARTESIAN_POINT ( 'NONE',  ( -28.48033564810876683, -40.42996154496707106, -28.30966099296104233 ) ) ;
#3860 = B_SPLINE_CURVE_WITH_KNOTS ( 'NONE', 3,
 ( #5137, #2207, #5202, #1241, #728, #6202, #3656 ),
 .UNSPECIFIED., .F., .F.,
 ( 4, 1, 1, 1, 4 ),
 ( 0.007261689323500824210, 0.03502224838491098391, 0.09383257832149248523, 0.1938325783214923659, 0.9999999999999998890 ),
 .UNSPECIFIED. ) ;
#3861 = CARTESIAN_POINT ( 'NONE',  ( 7.195666650044343804, -12.00767221047345501, 561.5876255019225027 ) ) ;
#3862 = CARTESIAN_POINT ( 'NONE',  ( -149.9999999999992042, -3.609269300846623008, 431.4188600312683661 ) ) ;
#3863 = CARTESIAN_POINT ( 'NONE',  ( 22.26244252296101322, -42.18552934707605573, 454.7552343913758364 ) ) ;
#3864 = CARTESIAN_POINT ( 'NONE',  ( -37.56392230238198238, -31.71999682982024638, 441.8110010990910723 ) ) ;
#3865 = LINE ( 'NONE', #385, #5035 ) ;
#3866 = ORIENTED_EDGE ( 'NONE', *, *, #1171, .T. ) ;
#3867 = CARTESIAN_POINT ( 'NONE',  ( -68.17099890686246511, -59.87081892651732318, 328.7373264156398136 ) ) ;
#3868 = CARTESIAN_POINT ( 'NONE',  ( 28.04795792027729817, -57.41709659966058865, 8.796145789944512572 ) ) ;
#3869 = CARTESIAN_POINT ( 'NONE',  ( -55.92567994943940590, 5.748511191116895347, 218.7264803032683460 ) ) ;
#3870 = EDGE_CURVE ( 'NONE', #645, #2391, #5620, .T. ) ;
#3871 = CARTESIAN_POINT ( 'NONE',  ( 37.50129460111191548, -25.00967906640253702, 465.3071101035478137 ) ) ;
#3872 = CARTESIAN_POINT ( 'NONE',  ( -43.31271263661277970, -36.86013957446584755, 408.1354595714582274 ) ) ;
#3873 = ORIENTED_EDGE ( 'NONE', *, *, #1494, .T. ) ;
#3874 = CARTESIAN_POINT ( 'NONE',  ( 22.50065716812093086, 8.968579486549581148, 430.4240536073361909 ) ) ;
#3875 = CARTESIAN_POINT ( 'NONE',  ( -16.35353892660873854, 12.02556363419111207, 430.9669663530735306 ) ) ;
#3876 = DIRECTION ( 'NONE',  ( 0.000000000000000000, 0.000000000000000000, -1.000000000000000000 ) ) ;
#3877 = CARTESIAN_POINT ( 'NONE',  ( -35.59228351222613185, -21.68528404127802034, 507.4639494113244496 ) ) ;
#3878 = ORIENTED_EDGE ( 'NONE', *, *, #2994, .T. ) ;
#3879 = CARTESIAN_POINT ( 'NONE',  ( -31.64897437684734882, -4.768229302004893810, 460.7042196770911460 ) ) ;
#3880 = CARTESIAN_POINT ( 'NONE',  ( -53.14791716182827486, -20.55297312138938182, 444.4431655415178852 ) ) ;
#3881 = CARTESIAN_POINT ( 'NONE',  ( -24.57116890945646759, -1.907957903654232901, 464.1166314150912058 ) ) ;
#3882 = CARTESIAN_POINT ( 'NONE',  ( 2.750003913482139239, -10.16960831396560572, 558.9422371214551504 ) ) ;
#3883 = CARTESIAN_POINT ( 'NONE',  ( -14.40375284334903938, -28.82869273257070830, 430.0000000002122533 ) ) ;
#3884 = CARTESIAN_POINT ( 'NONE',  ( 62.01445443062935681, -25.24726701111090676, 429.9999999999998863 ) ) ;
#3885 = CARTESIAN_POINT ( 'NONE',  ( -11.17257699716625119, -4.908459377115519828, 501.9051218729141510 ) ) ;
#3886 = CARTESIAN_POINT ( 'NONE',  ( 34.97285168060484750, -38.53696256744942872, 430.0000000002122533 ) ) ;
#3887 = CARTESIAN_POINT ( 'NONE',  ( 0.7100953467974066013, -10.82693175017166176, 507.5046162580768510 ) ) ;
#3888 = CARTESIAN_POINT ( 'NONE',  ( 34.69764879613308750, -44.09534159091937511, 416.4603545339908806 ) ) ;
#3889 = ORIENTED_EDGE ( 'NONE', *, *, #4451, .F. ) ;
#3890 = CARTESIAN_POINT ( 'NONE',  ( 13.49773640170148603, -1.834632226032350877, 486.5224641203572560 ) ) ;
#3891 = B_SPLINE_SURFACE_WITH_KNOTS ( 'NONE', 3, 3, ( 
 ( #1319, #3289, #4763, #5675, #876, #805, #1768 ),
 ( #356, #3254, #2351, #1735, #4285, #6287, #6151 ),
 ( #5742, #3324, #2841, #321, #1872, #5216, #1836 ),
 ( #3805, #3705, #286, #1802, #2288, #4795, #2773 ),
 ( #5254, #5778, #2254, #4317, #5811, #1358, #3837 ),
 ( #4730, #1391, #3357, #5321, #909, #2872, #3223 ),
 ( #4827, #5707, #5184, #425, #1255, #2388, #4250 ),
 ( #6218, #774, #2739, #4698, #6184, #3737, #1286 ),
 ( #5903, #1068, #3420, #4893, #3965, #3869, #6350 ),
 ( #1968, #1904, #3001, #4990, #1483, #5383, #456 ),
 ( #3935, #582, #1003, #4415, #5479, #5840, #2968 ),
 ( #2028, #5932, #3, #973, #3031, #6319, #4353 ),
 ( #489, #1422, #1038, #5961, #4479, #3482, #3386 ),
 ( #4960, #5352, #2452, #3452, #5415, #3995, #1543 ),
 ( #1934, #2422, #4383, #4928, #942, #2905, #552 ),
 ( #34, #4863, #2515, #3516, #3903, #64, #5872 ),
 ( #1514, #1452, #2936, #522, #2485, #4448, #5446 ),
 ( #1998, #93, #1095, #3148, #2117, #4081, #5628 ),
 ( #3090, #2147, #2060, #4539, #3662, #151, #4026 ),
 ( #3182, #6048, #3572, #5019, #2604, #1631, #5144 ),
 ( #4567, #1214, #5991, #1152, #670, #610, #3600 ),
 ( #1604, #2543, #4509, #1573, #5568, #5050, #3543 ),
 ( #4143, #2663, #1663, #5508, #2576, #1183, #3059 ),
 ( #3118, #1123, #123, #5077, #6020, #2634, #4053 ),
 ( #2089, #5537, #6110, #642, #4595, #6079, #180 ),
 ( #4112, #3631, #5598, #5111, #701, #2180, #4626 ),
 ( #214, #1696, #5698, #2344, #3349, #3728, #2832 ),
 ( #4658, #2312, #4690, #3317, #5208, #2244, #4277 ),
 ( #347, #796, #3279, #313, #4721, #6142, #2764 ),
 ( #1278, #3246, #4308, #4788, #2281, #2801, #4242 ),
 ( #868, #278, #5280, #6244, #1760, #6209, #1795 ),
 ( #3763, #5734, #5804, #1311, #6279, #734, #5244 ),
 ( #834, #243, #1828, #4206, #382, #4756, #6176 ),
 ( #3797, #5770, #1351, #1865, #3830, #1383, #1726 ),
 ( #2697, #2213, #4175, #3696, #5667, #1247, #3215 ),
 ( #5177, #767, #2731, #4375, #6342, #3475, #2993 ),
 ( #5407, #4886, #2380, #5833, #481, #4854, #4345 ),
 ( #901, #2507, #1445, #2929, #1926, #2477, #5896 ),
 ( #6312, #5438, #1027, #3894, #57, #2445, #4407 ),
 ( #4919, #6373, #4441, #2413, #2864, #1897, #514 ),
 ( #996, #5863, #3413, #4817, #5375, #4953, #3862 ),
 ( #2021, #417, #3927, #3444, #3379, #1961, #5344 ),
 ( #966, #3988, #1413, #5953, #1475, #2961, #935 ),
 ( #545, #4471, #27, #2898, #449, #3957, #1535 ),
 ( #1991, #5925, #1507, #5311, #603, #1624, #5012 ),
 ( #87, #4618, #6042, #1060, #5071, #1089, #6073 ),
 ( #2567, #664, #2627, #3112, #3566, #3593, #3082 ),
 ( #2536, #5531, #4532, #4047, #117, #5102, #5044 ) ),
 .UNSPECIFIED., .F., .F., .F.,
 ( 4, 1, 1, 1, 1, 1, 1, 1, 1, 1, 1, 1, 1, 1, 1, 1, 1, 1, 1, 1, 1, 1, 1, 1, 3, 1, 1, 1, 1, 1, 1, 1, 1, 1, 1, 1, 1, 1, 1, 1, 3, 4 ),
 ( 4, 1, 1, 1, 4 ),
 ( 0.4990857812012456374, 0.5032524761466716789, 0.5074191710920973319, 0.5115858660375233180, 0.5157525609829490820, 0.5199192559283750681, 0.5240859508738008321, 0.5324193407646525822, 0.5407527306555042212, 0.5490861205463560824, 0.5574195104372077214, 0.5657529003280594715, 0.5740862902189111105, 0.5824196801097627496, 0.5990864598914662498, 0.6157532396731697499, 0.6324200194548732501, 0.6490867992365765282, 0.6657535790182800284, 0.6824203587999835285, 0.6990871385816868067, 0.7157539183633904178, 0.7324206981450935849, 0.7490874779267970851, 0.7657542577085005853, 0.7934811804762516019, 0.8212081032440026185, 0.8350715646278780158, 0.8489350260117537461, 0.8627984873956292544, 0.8766619487795048737, 0.8905254101633801600, 0.9043888715472557793, 0.9182523329311313987, 0.9321157943150069070, 0.9459792556988821932, 0.9598427170827579236, 0.9737061784666334319, 0.9806379091585710750, 0.9841037745045400076, 0.9875696398505088291, 1.018426769443239399 ),
 ( 0.000000000000000000, 0.03502224838491098391, 0.09383257832149248523, 0.1938325783214923659, 1.000000000000000000 ),
 .UNSPECIFIED. ) ;
#3892 = CARTESIAN_POINT ( 'NONE',  ( -150.0000000000000284, -4.283190627766861880, 217.9416356570694688 ) ) ;
#3893 = CARTESIAN_POINT ( 'NONE',  ( 9.613779828970837826, -14.92266902423438957, 556.5085444011807567 ) ) ;
#3894 = CARTESIAN_POINT ( 'NONE',  ( -10.02488928357590936, 1.340599469649716324, 507.8357256156867834 ) ) ;
#3895 = CARTESIAN_POINT ( 'NONE',  ( 10.23924323344816578, -46.01679875865730196, 468.5631103185943402 ) ) ;
#3896 = ADVANCED_FACE ( 'NONE', ( #842 ), #3891, .F. ) ;
#3897 = CARTESIAN_POINT ( 'NONE',  ( 2.653060364666223414, -53.62825189528938807, 472.6290139493366951 ) ) ;
#3898 = ORIENTED_EDGE ( 'NONE', *, *, #5883, .F. ) ;
#3899 = CARTESIAN_POINT ( 'NONE',  ( -2.824195916101439163, -78.11084760723777265, 331.9476539022069801 ) ) ;
#3900 = DIRECTION ( 'NONE',  ( -0.9965196509732254793, -0.08335817430942789319, 0.000000000000000000 ) ) ;
#3901 = CARTESIAN_POINT ( 'NONE',  ( 0.000000000000000000, -59.07771564033044598, -13.97735223254287362 ) ) ;
#3902 = CARTESIAN_POINT ( 'NONE',  ( 63.98600082019655133, 32.47793740598321932, 184.0516963749373076 ) ) ;
#3903 = CARTESIAN_POINT ( 'NONE',  ( -71.97024598150451880, 26.91823370465814236, 148.0993287817699979 ) ) ;
#3904 = CARTESIAN_POINT ( 'NONE',  ( 27.78925453350692010, -30.74939242546900786, 471.6938216374815056 ) ) ;
#3905 = CARTESIAN_POINT ( 'NONE',  ( -39.82980006606118195, -35.86246402645506492, 422.5514842497296399 ) ) ;
#3906 = EDGE_LOOP ( 'NONE', ( #5361, #1907, #5291 ) ) ;
#3907 = VECTOR ( 'NONE', #4364, 1000.000000000000000 ) ;
#3908 = CARTESIAN_POINT ( 'NONE',  ( 15.68018607487687710, 10.46741328092108247, 438.2103323705495654 ) ) ;
#3909 = CARTESIAN_POINT ( 'NONE',  ( -48.80705920486317240, 5.816169185822466225, 396.4085020072699308 ) ) ;
#3910 = CARTESIAN_POINT ( 'NONE',  ( 33.26995974764919595, 3.321151978244212266, 430.0000000002122533 ) ) ;
#3911 = CARTESIAN_POINT ( 'NONE',  ( -9.626109913348990688, -27.92096645474616068, 552.5066178698349404 ) ) ;
#3912 = ORIENTED_EDGE ( 'NONE', *, *, #3979, .F. ) ;
#3913 = CARTESIAN_POINT ( 'NONE',  ( -22.75777509013957811, -3.414554706158444475, 472.7818185750539897 ) ) ;
#3914 = CARTESIAN_POINT ( 'NONE',  ( -5.587238580064640914, -33.15055822229079752, 520.0439595952301488 ) ) ;
#3915 = CARTESIAN_POINT ( 'NONE',  ( -14.72163173481318665, 1.733047304688635437, 471.7421018187316690 ) ) ;
#3916 = FACE_BOUND ( 'NONE', #2667, .T. ) ;
#3917 = CARTESIAN_POINT ( 'NONE',  ( 12.08976636557080830, -30.03278715133913224, 514.0163999703473792 ) ) ;
#3918 = AXIS2_PLACEMENT_3D ( 'NONE', #890, #3338, #1948 ) ;
#3919 = CARTESIAN_POINT ( 'NONE',  ( 50.40587847943107391, -4.783583394060748617, 435.4386536946834099 ) ) ;
#3920 = CARTESIAN_POINT ( 'NONE',  ( -0.7476125289173674027, -8.937462732982192293, 430.0000000002122533 ) ) ;
#3921 = CARTESIAN_POINT ( 'NONE',  ( 5.915262590684775112, -33.09381484336876866, 519.3112429035045352 ) ) ;
#3922 = CARTESIAN_POINT ( 'NONE',  ( 1.397814761416688700, -10.90644934158521728, 508.1363161809803159 ) ) ;
#3923 = CARTESIAN_POINT ( 'NONE',  ( 13.18714013128699669, -54.26736000676810789, 435.9169587706857101 ) ) ;
#3924 = CARTESIAN_POINT ( 'NONE',  ( 26.18182212327887015, -3.965885029207093737, 467.9409600186817215 ) ) ;
#3925 = CARTESIAN_POINT ( 'NONE',  ( -12.51282440341058688, -34.00991843483502208, -51.29093330795326011 ) ) ;
#3926 = CARTESIAN_POINT ( 'NONE',  ( 60.02791176413037988, -11.66974067970830831, 450.1438242608287510 ) ) ;
#3927 = CARTESIAN_POINT ( 'NONE',  ( -7.182069076493386106, -7.765377059782173852, 549.2849336186909568 ) ) ;
#3928 = CARTESIAN_POINT ( 'NONE',  ( 10.03450680367929415, -48.36636975675352090, 461.3279719607337483 ) ) ;
#3929 = CARTESIAN_POINT ( 'NONE',  ( 2.579801991587056698, -37.88036689222177955, 529.3909613314538092 ) ) ;
#3930 = ORIENTED_EDGE ( 'NONE', *, *, #988, .F. ) ;
#3931 = CARTESIAN_POINT ( 'NONE',  ( -22.02023117920207085, -74.70289784985359915, 352.5007133517669899 ) ) ;
#3932 = SHAPE_DEFINITION_REPRESENTATION ( #4352, #3561 ) ;
#3933 = CARTESIAN_POINT ( 'NONE',  ( 27.96221361888613899, -59.06693952915642853, 14.51943641524771422 ) ) ;
#3934 = CARTESIAN_POINT ( 'NONE',  ( 2.458911498200082146, 45.48680964656614378, 130.5876176261108412 ) ) ;
#3935 = CARTESIAN_POINT ( 'NONE',  ( 0.000000000000000000, 24.65191137066539895, 4.845070576238386550 ) ) ;
#3936 = CARTESIAN_POINT ( 'NONE',  ( 7.898707163907491058, -37.21136764353190074, 501.0550142702089147 ) ) ;
#3937 = CARTESIAN_POINT ( 'NONE',  ( -25.98361223523251340, -45.08936510312747714, 437.9290185708139234 ) ) ;
#3938 = VERTEX_POINT ( 'NONE', #4588 ) ;
#3939 = CARTESIAN_POINT ( 'NONE',  ( 13.05374294629743126, 9.238092091609807710, 447.7221175618398661 ) ) ;
#3940 = CARTESIAN_POINT ( 'NONE',  ( -29.21769180945853961, 10.46623948153155403, 411.4068633944274325 ) ) ;
#3941 = CARTESIAN_POINT ( 'NONE',  ( 0.000000000000000000, -8.653564323852759088, 0.000000000000000000 ) ) ;
#3942 = CARTESIAN_POINT ( 'NONE',  ( -7.198370252295995364, -26.85235736744648349, 563.4009919481038651 ) ) ;
#3943 = ORIENTED_EDGE ( 'NONE', *, *, #3288, .T. ) ;
#3944 = CARTESIAN_POINT ( 'NONE',  ( -42.15288080367327694, -23.27903475548816203, 460.1087739617997840 ) ) ;
#3945 = CARTESIAN_POINT ( 'NONE',  ( -16.67193724777074593, 1.370632815205136357, 469.0112336634287544 ) ) ;
#3946 = FACE_OUTER_BOUND ( 'NONE', #2742, .T. ) ;
#3947 = CARTESIAN_POINT ( 'NONE',  ( -29.89615631597932932, 12.03782776287290268, 430.0000000000002842 ) ) ;
#3948 = CARTESIAN_POINT ( 'NONE',  ( 14.99999999999999822, -3.731290437159192397, 618.0000000002123670 ) ) ;
#3949 = CARTESIAN_POINT ( 'NONE',  ( 56.42444719532452524, -4.100048717234659357, 204.2233583779163268 ) ) ;
#3950 = CARTESIAN_POINT ( 'NONE',  ( 0.000000000000000000, 10.33405387878785753, 486.6586544760494917 ) ) ;
#3951 = CARTESIAN_POINT ( 'NONE',  ( 1.548818579397470918, -10.93128505520489391, 509.3571100679415053 ) ) ;
#3952 = CARTESIAN_POINT ( 'NONE',  ( 40.59185724001149254, -41.15997791440208431, 404.8802519089974794 ) ) ;
#3953 = CARTESIAN_POINT ( 'NONE',  ( 44.59799121722852533, -6.118106947000959472, 446.6993644533891370 ) ) ;
#3954 = CARTESIAN_POINT ( 'NONE',  ( 13.51631736521812854, -7.447786244642840892, 505.4045025815320287 ) ) ;
#3955 = CARTESIAN_POINT ( 'NONE',  ( -26.51443674803665118, -47.57905983928737470, 430.0000000000002274 ) ) ;
#3956 = CARTESIAN_POINT ( 'NONE',  ( 150.0000000000000284, -5.983134914202191013, 440.0305525103658510 ) ) ;
#3957 = CARTESIAN_POINT ( 'NONE',  ( -59.99867422257567995, -10.69069057093173214, 448.1085652130877293 ) ) ;
#3958 = CARTESIAN_POINT ( 'NONE',  ( 10.24593075902909156, -50.52967590545250687, 453.5419056638248776 ) ) ;
#3959 = CARTESIAN_POINT ( 'NONE',  ( 39.22010252358283822, -33.35922102423977265, 468.0098017817155096 ) ) ;
#3960 = EDGE_CURVE ( 'NONE', #2063, #4733, #173, .T. ) ;
#3961 = EDGE_LOOP ( 'NONE', ( #1607, #618, #4482, #2518, #289, #2971, #1778, #4931 ) ) ;
#3962 = CARTESIAN_POINT ( 'NONE',  ( 0.000000000000000000, -73.16061194626165332, 380.8795086327757531 ) ) ;
#3963 = CARTESIAN_POINT ( 'NONE',  ( 3.338484940648333676, -29.91129310357068150, -61.08292434789409242 ) ) ;
#3964 = CARTESIAN_POINT ( 'NONE',  ( 48.66052223538312660, 20.01856953383997606, 283.3055368768748394 ) ) ;
#3965 = CARTESIAN_POINT ( 'NONE',  ( -84.37654678365758798, 7.016731582859186744, 78.37539727634437270 ) ) ;
#3966 = CARTESIAN_POINT ( 'NONE',  ( 6.851821495207434332, -37.50802341768037707, 502.6274121209014538 ) ) ;
#3967 = CARTESIAN_POINT ( 'NONE',  ( -14.96458928825222756, -49.38699623766318325, 449.3474274961899937 ) ) ;
#3968 = VERTEX_POINT ( 'NONE', #1657 ) ;
#3969 = CARTESIAN_POINT ( 'NONE',  ( 13.55169833619817332, 7.402595620738546600, 453.7477510534525891 ) ) ;
#3970 = FACE_OUTER_BOUND ( 'NONE', #1361, .T. ) ;
#3971 = CARTESIAN_POINT ( 'NONE',  ( 19.25705125437553633, 10.80981785731728273, 430.0000000002123102 ) ) ;
#3972 = CARTESIAN_POINT ( 'NONE',  ( 0.000000000000000000, -28.81399260031088616, 561.9166667233492944 ) ) ;
#3973 = CARTESIAN_POINT ( 'NONE',  ( -16.08514080993526107, -30.46190957092099438, 502.7953870549105773 ) ) ;
#3974 = CARTESIAN_POINT ( 'NONE',  ( -9.094011158984976362, 4.680339329171056661, 472.5727325636731848 ) ) ;
#3975 = EDGE_CURVE ( 'NONE', #1409, #585, #3624, .T. ) ;
#3976 = CARTESIAN_POINT ( 'NONE',  ( 6.667782309033607469, -11.26672284535590585, 558.9422371214554914 ) ) ;
#3977 = CARTESIAN_POINT ( 'NONE',  ( 13.84238739883219260, -28.95257402208681086, 513.3825887161115133 ) ) ;
#3978 = CARTESIAN_POINT ( 'NONE',  ( 0.000000000000000000, -10.14559764559323440, 559.3764267780561568 ) ) ;
#3979 = EDGE_CURVE ( 'NONE', #1729, #296, #693, .T. ) ;
#3980 = CARTESIAN_POINT ( 'NONE',  ( 150.0000000000000284, 3.089374213535638791, 211.7316696794227653 ) ) ;
#3981 = CARTESIAN_POINT ( 'NONE',  ( 28.32854850867871122, -24.82096763398820372, 490.0962978291246941 ) ) ;
#3982 = CARTESIAN_POINT ( 'NONE',  ( -25.63779447504028397, -52.18502735140967985, 419.0274827115165408 ) ) ;
#3983 = CARTESIAN_POINT ( 'NONE',  ( 0.000000000000000000, -29.19999999999999929, 507.3422371214550708 ) ) ;
#3984 = CARTESIAN_POINT ( 'NONE',  ( 55.08339698552131836, -4.006201253027231957, 428.0931993774702846 ) ) ;
#3985 = CARTESIAN_POINT ( 'NONE',  ( 0.5164495394876716938, -29.18600546433078335, 510.4602190124955996 ) ) ;
#3986 = CARTESIAN_POINT ( 'NONE',  ( -25.68640640475583581, -56.22017461706259667, 430.0000000000001137 ) ) ;
#3987 = CARTESIAN_POINT ( 'NONE',  ( 7.196901079118881661, -21.88564453408094579, 567.2561283387401545 ) ) ;
#3988 = CARTESIAN_POINT ( 'NONE',  ( -2.560296908970711272, -8.941921420989110914, 555.3173611246556902 ) ) ;
#3989 = CARTESIAN_POINT ( 'NONE',  ( 24.95925783336797465, -43.27994769153420407, 445.2626948972051650 ) ) ;
#3990 = CARTESIAN_POINT ( 'NONE',  ( 43.91086031887081731, -38.92237591737671210, 445.9643665331878992 ) ) ;
#3991 = CARTESIAN_POINT ( 'NONE',  ( 2.369410767850934185, -43.75209164004026974, 508.1287282340871911 ) ) ;
#3992 = CARTESIAN_POINT ( 'NONE',  ( -3.186004677621232517, -74.37526152866328744, 67.01011564915260976 ) ) ;
#3993 = LINE ( 'NONE', #4141, #5455 ) ;
#3994 = CARTESIAN_POINT ( 'NONE',  ( 149.9999999999998010, 15.67153765998659942, 312.2062866230721170 ) ) ;
#3995 = CARTESIAN_POINT ( 'NONE',  ( -54.48274488411642125, 13.81017118001468269, 236.9137207598040220 ) ) ;
#3996 = CARTESIAN_POINT ( 'NONE',  ( 8.870509710139838688, -41.67947210872272024, 484.8976238437376765 ) ) ;
#3997 = CARTESIAN_POINT ( 'NONE',  ( -37.99132615408939984, -37.22775357632004756, 424.4401898067162620 ) ) ;
#3998 = ORIENTED_EDGE ( 'NONE', *, *, #2318, .F. ) ;
#3999 = CARTESIAN_POINT ( 'NONE',  ( 11.18834612781827431, 7.860262706002940192, 456.5324472540349916 ) ) ;
#4000 = CARTESIAN_POINT ( 'NONE',  ( -60.00640282580248197, -17.01967506032876187, 448.1041599185411428 ) ) ;
#4001 = CARTESIAN_POINT ( 'NONE',  ( 25.15530807450164019, 7.603504025370011910, 430.0000000002122533 ) ) ;
#4002 = CARTESIAN_POINT ( 'NONE',  ( 0.000000000000000000, -28.33762233100130246, 562.8448086414282443 ) ) ;
#4003 = CARTESIAN_POINT ( 'NONE',  ( 35.50068883202747827, -18.63118089140003164, 519.6373845633261226 ) ) ;
#4004 = AXIS2_PLACEMENT_3D ( 'NONE', #5746, #2225, #3673 ) ;
#4005 = CARTESIAN_POINT ( 'NONE',  ( -8.503322017922064546, -32.30598426423622271, 515.0471452688441332 ) ) ;
#4006 = CARTESIAN_POINT ( 'NONE',  ( -9.589809508260069393, 2.742238907035273510, 478.6743429234981022 ) ) ;
#4007 = CARTESIAN_POINT ( 'NONE',  ( -7.190548604807930566, -11.62448136431135026, 558.9422371214549230 ) ) ;
#4008 = CYLINDRICAL_SURFACE ( 'NONE', #2987, 3.499999999999947597 ) ;
#4009 = VECTOR ( 'NONE', #6108, 1000.000000000000000 ) ;
#4010 = CARTESIAN_POINT ( 'NONE',  ( 3.313916258227276757, 1.354737596468937211, -46.71700391772461813 ) ) ;
#4011 = CARTESIAN_POINT ( 'NONE',  ( 34.59363071162511005, -22.87637623433955625, 481.3789757534388514 ) ) ;
#4012 = CARTESIAN_POINT ( 'NONE',  ( -11.54313436078095023, -54.60618469580403911, 437.0633924505590358 ) ) ;
#4013 = CARTESIAN_POINT ( 'NONE',  ( -149.9999999999998010, -5.100255183553688454, 439.2064147344874527 ) ) ;
#4014 = VECTOR ( 'NONE', #6100, 1000.000000000000000 ) ;
#4015 = CARTESIAN_POINT ( 'NONE',  ( 14.70648993228541812, -5.900174870556810447, 497.7313062485381465 ) ) ;
#4016 = CARTESIAN_POINT ( 'NONE',  ( 1.599836349737006058, -29.05983022365830948, 509.1525871623524608 ) ) ;
#4017 = CARTESIAN_POINT ( 'NONE',  ( -21.31445573855800291, -58.92252511718464092, 430.0000000000000000 ) ) ;
#4018 = CARTESIAN_POINT ( 'NONE',  ( 0.000000000000000000, -20.62802118444833255, 568.9422371214550367 ) ) ;
#4019 = CARTESIAN_POINT ( 'NONE',  ( 0.000000000000000000, -33.20068766774330271, 508.9422371214551504 ) ) ;
#4020 = CARTESIAN_POINT ( 'NONE',  ( 47.44705744115896806, -29.03803526786186850, 421.2126528609119305 ) ) ;
#4021 = CARTESIAN_POINT ( 'NONE',  ( -1.280860517136322763, -29.11163463129961926, 507.9605314072135229 ) ) ;
#4022 = CARTESIAN_POINT ( 'NONE',  ( -72.30406558896707736, -59.87721204194389912, 237.1823519600897896 ) ) ;
#4023 = B_SPLINE_CURVE_WITH_KNOTS ( 'NONE', 3,
 ( #5867, #5899, #2932, #1510, #969, #2448, #2417, #4505, #4985, #3447, #3478, #1448, #2511, #5475, #1030, #518, #4411, #6378, #3991, #3512, #4922, #453, #5956, #1063, #3416, #2054, #5837, #999, #2997, #4379 ),
 .UNSPECIFIED., .F., .F.,
 ( 4, 2, 2, 2, 2, 2, 2, 2, 2, 2, 2, 2, 2, 2, 4 ),
 ( 1.244742119065240122E-09, 0.0004985450770600795408, 0.0009970889093780400253, 0.001495632741696000401, 0.001994176574013961211, 0.002991264238650118319, 0.003489808070968046169, 0.003988351903285974019, 0.004486895735603901869, 0.004985439567921829719, 0.005982527232557678480, 0.006481071064875715618, 0.006979614897193753623, 0.007478158729511790760, 0.007976702561829827898 ),
 .UNSPECIFIED. ) ;
#4024 = CARTESIAN_POINT ( 'NONE',  ( 3.337791321852436877, -32.17854187891999374, -59.05904342381649741 ) ) ;
#4025 = CARTESIAN_POINT ( 'NONE',  ( 0.000000000000000000, 38.87860893774676185, 331.9800661568619944 ) ) ;
#4026 = CARTESIAN_POINT ( 'NONE',  ( -149.9999999999993463, 17.13590603533871715, 269.4952211729575993 ) ) ;
#4027 = CARTESIAN_POINT ( 'NONE',  ( 36.25273468230736995, -28.81978239136551068, 454.7648988476819909 ) ) ;
#4028 = CARTESIAN_POINT ( 'NONE',  ( -9.789714251115066546, -50.60944418674971246, 453.9517389244863921 ) ) ;
#4029 = EDGE_LOOP ( 'NONE', ( #1943, #1832, #184 ) ) ;
#4030 = CARTESIAN_POINT ( 'NONE',  ( 19.21013450679817680, 7.994189358444522497, 440.4886593306215445 ) ) ;
#4031 = CARTESIAN_POINT ( 'NONE',  ( -149.9999999999999716, -6.250264775982728338, 440.0305525103658510 ) ) ;
#4032 = CARTESIAN_POINT ( 'NONE',  ( 11.46623566555923013, 14.35781508458975431, 430.0000000002123670 ) ) ;
#4033 = CARTESIAN_POINT ( 'NONE',  ( -35.64412608354606959, -25.25825216961288078, 502.8446967804975998 ) ) ;
#4034 = CARTESIAN_POINT ( 'NONE',  ( 7.203635732609903641, -13.82656908779161853, 568.8129095694974922 ) ) ;
#4035 = CARTESIAN_POINT ( 'NONE',  ( -6.342639718893467560, -32.96331344621941639, 518.5452884071509061 ) ) ;
#4036 = CARTESIAN_POINT ( 'NONE',  ( -14.33321147067107937, 7.250882632426760566, 452.8033130186288417 ) ) ;
#4037 = CARTESIAN_POINT ( 'NONE',  ( -4.921660117396614353, -10.55805850978434357, 558.9422371214550367 ) ) ;
#4038 = CARTESIAN_POINT ( 'NONE',  ( -7.193976161845292872, -10.45840054193246615, 557.9941456863673466 ) ) ;
#4039 = CARTESIAN_POINT ( 'NONE',  ( -14.30184512658091300, -28.84405490716721943, 512.6198011783800439 ) ) ;
#4040 = CARTESIAN_POINT ( 'NONE',  ( 9.860362748848372050, -29.65929633377965757, 520.6178456231642713 ) ) ;
#4041 = CARTESIAN_POINT ( 'NONE',  ( -13.60787874148652321, -56.19171338594186693, 427.8503704944565129 ) ) ;
#4042 = CARTESIAN_POINT ( 'NONE',  ( 1.491328355976571318, -29.93225504864150466, 558.9422371034256685 ) ) ;
#4043 = CARTESIAN_POINT ( 'NONE',  ( 44.69436111789192267, -9.138739494768804761, 457.4516400656602286 ) ) ;
#4044 = CARTESIAN_POINT ( 'NONE',  ( 13.61528024430237949, -7.485275264610165458, 505.3187644638463780 ) ) ;
#4045 = CARTESIAN_POINT ( 'NONE',  ( -22.80414857816112928, -58.08988068147470329, 429.9999999999998863 ) ) ;
#4046 = CARTESIAN_POINT ( 'NONE',  ( 150.0000000000000284, -5.771703261513158267, 440.0305525103657374 ) ) ;
#4047 = CARTESIAN_POINT ( 'NONE',  ( -9.540995000066427423, -20.83518747328999865, 581.5857494680067248 ) ) ;
#4048 = CARTESIAN_POINT ( 'NONE',  ( 18.40077427579296909, -48.32904361385597980, 446.0828219847172704 ) ) ;
#4049 = CARTESIAN_POINT ( 'NONE',  ( 7.971691226568317745, 21.99891759519982060, 429.9999999999999432 ) ) ;
#4050 = CARTESIAN_POINT ( 'NONE',  ( -2.937251763210297018, -80.82216800015496005, 205.2920890214520853 ) ) ;
#4051 = CARTESIAN_POINT ( 'NONE',  ( 150.0000000000000284, -2.920986007626674930, 213.0709165688403743 ) ) ;
#4052 = CARTESIAN_POINT ( 'NONE',  ( 0.000000000000000000, 44.44231472044331355, 275.7264566852123266 ) ) ;
#4053 = CARTESIAN_POINT ( 'NONE',  ( -149.9999999999999716, 16.36900979716714133, 304.7041830578932036 ) ) ;
#4054 = CARTESIAN_POINT ( 'NONE',  ( 28.40628054911287137, -32.52245334009737832, 464.6707581142757704 ) ) ;
#4055 = CARTESIAN_POINT ( 'NONE',  ( -10.37809735450276705, -48.29176468167876379, 460.9900748196785685 ) ) ;
#4056 = VERTEX_POINT ( 'NONE', #1176 ) ;
#4057 = CARTESIAN_POINT ( 'NONE',  ( 25.43261191501887808, 6.574808542293584246, 433.1206235998542411 ) ) ;
#4058 = CARTESIAN_POINT ( 'NONE',  ( 0.000000000000000000, -29.19999999999999929, 558.9422371214550367 ) ) ;
#4059 = CARTESIAN_POINT ( 'NONE',  ( 19.40460700120744519, 10.73305719857098239, 430.0000000002123102 ) ) ;
#4060 = CARTESIAN_POINT ( 'NONE',  ( 60.10017967539871364, -12.54167132102855220, 455.6728593548642721 ) ) ;
#4061 = EDGE_CURVE ( 'NONE', #5180, #905, #6013, .T. ) ;
#4062 = CARTESIAN_POINT ( 'NONE',  ( -7.283019036378053812, -39.72658142215298227, 494.4495409591974635 ) ) ;
#4063 = CARTESIAN_POINT ( 'NONE',  ( -7.692587041636813616, -32.52986655787321979, 516.3421375471642705 ) ) ;
#4064 = CARTESIAN_POINT ( 'NONE',  ( -18.70209786343601976, 4.600628028762766775, 453.6467622821162990 ) ) ;
#4065 = CARTESIAN_POINT ( 'NONE',  ( 0.000000000000000000, -20.00000000000000000, 430.0000000002122533 ) ) ;
#4066 = CARTESIAN_POINT ( 'NONE',  ( -9.617207853936504236, -11.78979078067496999, 551.7888031357225600 ) ) ;
#4067 = CARTESIAN_POINT ( 'NONE',  ( 12.12700268568815254, 15.00943372669715004, -14.20656591047415240 ) ) ;
#4068 = CARTESIAN_POINT ( 'NONE',  ( -38.93855572616133287, -42.63688011417148971, 406.4345402405437540 ) ) ;
#4069 = CARTESIAN_POINT ( 'NONE',  ( 23.73878575215937303, -53.00688122782749900, 420.5978102839658845 ) ) ;
#4070 = CARTESIAN_POINT ( 'NONE',  ( 35.59713290962141485, -6.899873956874900571, 461.6225973485823602 ) ) ;
#4071 = CARTESIAN_POINT ( 'NONE',  ( 12.95608755121527622, -7.172268072427510965, 505.6793919579720864 ) ) ;
#4072 = CARTESIAN_POINT ( 'NONE',  ( -15.26306728364238907, -54.96628635594653645, 430.0000000000001137 ) ) ;
#4073 = CARTESIAN_POINT ( 'NONE',  ( 2.564994745279926214, -25.62077557264491645, 566.4327882351717562 ) ) ;
#4074 = FACE_OUTER_BOUND ( 'NONE', #1839, .T. ) ;
#4075 = CARTESIAN_POINT ( 'NONE',  ( 20.73367832739654659, -47.48405378622867801, 443.7027118018808665 ) ) ;
#4076 = CARTESIAN_POINT ( 'NONE',  ( -1.518584228619197729, -29.07389410557765430, 508.4275377228490811 ) ) ;
#4077 = CARTESIAN_POINT ( 'NONE',  ( -10.51223536979450479, -80.17534470333454522, 207.1221273497589834 ) ) ;
#4078 = CARTESIAN_POINT ( 'NONE',  ( 28.50923218300606976, -37.54719853468355240, -32.12185245721998683 ) ) ;
#4079 = CARTESIAN_POINT ( 'NONE',  ( 1.649437573462356754, 38.88726402745196253, 331.8909477606557630 ) ) ;
#4080 = EDGE_CURVE ( 'NONE', #1869, #5751, #4156, .T. ) ;
#4081 = CARTESIAN_POINT ( 'NONE',  ( -51.70263860078125617, 19.26326618461806461, 258.1664659383015419 ) ) ;
#4082 = CARTESIAN_POINT ( 'NONE',  ( 7.966442036038164254, -41.90622060592749420, 486.0722647930625158 ) ) ;
#4083 = CARTESIAN_POINT ( 'NONE',  ( -17.44995990284304099, -46.34190139009719189, 453.8973400608583688 ) ) ;
#4084 = ORIENTED_EDGE ( 'NONE', *, *, #3263, .T. ) ;
#4085 = CARTESIAN_POINT ( 'NONE',  ( 16.92495874561871716, 8.477087909402927224, 443.2239088287204822 ) ) ;
#4086 = PLANE ( 'NONE',  #4109 ) ;
#4087 = CARTESIAN_POINT ( 'NONE',  ( 23.54372789417538669, 8.495406119799495670, 430.0000000002123102 ) ) ;
#4088 = CARTESIAN_POINT ( 'NONE',  ( -1.690012582823347135E-15, -29.19999999999999929, 510.5422371214551731 ) ) ;
#4089 = CARTESIAN_POINT ( 'NONE',  ( -0.000000000000000000, 17.74092236208219475, 455.3228156116368268 ) ) ;
#4090 = CARTESIAN_POINT ( 'NONE',  ( -8.660866443266289849, -41.73449073446096236, 485.1621167278186704 ) ) ;
#4091 = CARTESIAN_POINT ( 'NONE',  ( -7.402502250506222126, -30.28596675908061897, 524.7031080167923847 ) ) ;
#4092 = CARTESIAN_POINT ( 'NONE',  ( -35.72280013062439963, -0.4569409564405697011, 438.9358471990375961 ) ) ;
#4093 = CARTESIAN_POINT ( 'NONE',  ( 2.739905652163242333, -29.83414241228554786, 558.9422371214553777 ) ) ;
#4094 = CARTESIAN_POINT ( 'NONE',  ( -2.564277130834057061, -12.31422910103832180, 563.8612085582136615 ) ) ;
#4095 = CARTESIAN_POINT ( 'NONE',  ( 27.93320105887194060, 9.482709585563030785, -10.56185500302712477 ) ) ;
#4096 = AXIS2_PLACEMENT_3D ( 'NONE', #2464, #6363, #469 ) ;
#4097 = CARTESIAN_POINT ( 'NONE',  ( -20.78180586711646072, -6.818298540761078108, 488.0913927448233949 ) ) ;
#4098 = CARTESIAN_POINT ( 'NONE',  ( 2.676220618036833532, -57.34822367749845284, 458.5462890145608981 ) ) ;
#4099 = CARTESIAN_POINT ( 'NONE',  ( 9.505676435028535209, -4.978770019619335407, 505.8475763253622404 ) ) ;
#4100 = DIRECTION ( 'NONE',  ( 0.000000000000000000, 0.000000000000000000, -1.000000000000000000 ) ) ;
#4101 = PLANE ( 'NONE',  #2053 ) ;
#4102 = CARTESIAN_POINT ( 'NONE',  ( 60.02205480621272216, -16.69065174038479071, 449.2625443568002765 ) ) ;
#4103 = CARTESIAN_POINT ( 'NONE',  ( 34.07977150818646805, -39.53446556659650213, 430.0000000002122533 ) ) ;
#4104 = DIRECTION ( 'NONE',  ( -0.000000000000000000, -0.000000000000000000, -1.000000000000000000 ) ) ;
#4105 = CARTESIAN_POINT ( 'NONE',  ( 10.89592441252106525, -52.60564035789498405, 445.3122727889118551 ) ) ;
#4106 = AXIS2_PLACEMENT_3D ( 'NONE', #3724, #3792, #2827 ) ;
#4107 = CARTESIAN_POINT ( 'NONE',  ( 50.45725957739338696, 3.135557651270803881, 430.0000000000001137 ) ) ;
#4108 = CARTESIAN_POINT ( 'NONE',  ( -3.163910250335861818, -75.58718006786318711, 79.77315515597749140 ) ) ;
#4109 = AXIS2_PLACEMENT_3D ( 'NONE', #3037, #186, #5603 ) ;
#4110 = LINE ( 'NONE', #6077, #2363 ) ;
#4111 = CARTESIAN_POINT ( 'NONE',  ( 13.42993013484968756, 41.72605030748574251, 299.6411483311551933 ) ) ;
#4112 = CARTESIAN_POINT ( 'NONE',  ( 0.000000000000000000, 41.02506332365900477, 312.7991820443241977 ) ) ;
#4113 = CARTESIAN_POINT ( 'NONE',  ( 16.24107911479724464, -37.25429806782085507, 482.1465574385411514 ) ) ;
#4114 = CARTESIAN_POINT ( 'NONE',  ( -15.06626991804309768, -47.08363820231562613, 456.3800261510193081 ) ) ;
#4115 = ORIENTED_EDGE ( 'NONE', *, *, #1331, .T. ) ;
#4116 = CARTESIAN_POINT ( 'NONE',  ( 14.97347993559923651, 3.512621056534872110, 464.9543586865061684 ) ) ;
#4117 = CARTESIAN_POINT ( 'NONE',  ( 0.000000000000000000, -30.00000000000000000, 558.9422371214550367 ) ) ;
#4118 = CARTESIAN_POINT ( 'NONE',  ( -2.416284331029598942, -43.70489331249495280, 508.2811599253339523 ) ) ;
#4119 = CARTESIAN_POINT ( 'NONE',  ( -0.000000000000000000, -0.5992197669215881817, 527.6545282582934533 ) ) ;
#4120 = ORIENTED_EDGE ( 'NONE', *, *, #6215, .T. ) ;
#4121 = CARTESIAN_POINT ( 'NONE',  ( 0.000000000000000000, 8.821326035702472979, 492.8416288546486044 ) ) ;
#4122 = CARTESIAN_POINT ( 'NONE',  ( -16.16597615273570554, -39.64215442927712019, 475.6005588179187953 ) ) ;
#4123 = ADVANCED_FACE ( 'NONE', ( #4074 ), #575, .F. ) ;
#4124 = CYLINDRICAL_SURFACE ( 'NONE', #3690, 1.600000000000045830 ) ;
#4125 = CARTESIAN_POINT ( 'NONE',  ( -20.48938831958829709, 5.995862737228677020, 445.1462639055503701 ) ) ;
#4126 = CARTESIAN_POINT ( 'NONE',  ( 9.808422279533091981, -17.54250900206015729, 558.9422371214552641 ) ) ;
#4127 = CARTESIAN_POINT ( 'NONE',  ( 0.000000000000000000, -11.65516279810642075, 562.8317537845388188 ) ) ;
#4128 = CARTESIAN_POINT ( 'NONE',  ( 82.00022190405498179, 13.41533595200248463, 95.17065037251704496 ) ) ;
#4129 = CARTESIAN_POINT ( 'NONE',  ( -10.95698444106539782, -7.305440474217021141, 510.4233304860217117 ) ) ;
#4130 = CARTESIAN_POINT ( 'NONE',  ( 22.39812758097246714, -77.30628769354220253, 313.2792460946564574 ) ) ;
#4131 = CARTESIAN_POINT ( 'NONE',  ( -47.92844376328099543, -23.60873717088349366, 442.9982722228712078 ) ) ;
#4132 = CARTESIAN_POINT ( 'NONE',  ( 24.20449289237897617, -7.289553500746879244, 482.8923309159147834 ) ) ;
#4133 = CARTESIAN_POINT ( 'NONE',  ( 0.000000000000000000, -33.20068766774330271, 0.000000000000000000 ) ) ;
#4134 = CARTESIAN_POINT ( 'NONE',  ( 3.313891311183728483, 4.569504607554466524, 507.7938756750560856 ) ) ;
#4135 = PLANE ( 'NONE',  #5970 ) ;
#4136 = CARTESIAN_POINT ( 'NONE',  ( 27.67703984404445805, -46.45238202388642890, 430.0000000002122533 ) ) ;
#4137 = CARTESIAN_POINT ( 'NONE',  ( -14.70111259553122451, 13.03915788175745405, 430.0000000000000000 ) ) ;
#4138 = CARTESIAN_POINT ( 'NONE',  ( 9.654691045810990246, -52.81436179191224056, 446.2672947598202882 ) ) ;
#4139 = CARTESIAN_POINT ( 'NONE',  ( 38.50302890737463457, 7.680655886624871975, 429.9999999999999432 ) ) ;
#4140 = CARTESIAN_POINT ( 'NONE',  ( -82.17685131433721324, -52.69576616589431950, 130.2400176839724679 ) ) ;
#4141 = CARTESIAN_POINT ( 'NONE',  ( 0.000000000000000000, 0.000000000000000000, 430.0000000002122533 ) ) ;
#4142 = CARTESIAN_POINT ( 'NONE',  ( 149.9999999999995168, -1.113709569569687474, 417.4376239672698148 ) ) ;
#4143 = CARTESIAN_POINT ( 'NONE',  ( 0.000000000000000000, 45.95997642549459528, 252.6905689360423537 ) ) ;
#4144 = CARTESIAN_POINT ( 'NONE',  ( 37.56392230238198238, -31.71999682982024638, 441.8110010990910723 ) ) ;
#4145 = CARTESIAN_POINT ( 'NONE',  ( -16.97689336905628821, -46.49334887421836271, 454.3960441385615354 ) ) ;
#4146 = ORIENTED_EDGE ( 'NONE', *, *, #5657, .T. ) ;
#4147 = CARTESIAN_POINT ( 'NONE',  ( -2.571489208466819054, -34.55098522010052164, 541.5823677263329046 ) ) ;
#4148 = CARTESIAN_POINT ( 'NONE',  ( -0.1684695273081186495, -44.37768234838183190, 506.4422371214550935 ) ) ;
#4149 = CARTESIAN_POINT ( 'NONE',  ( 13.09713666212595307, -29.26407919931509838, 514.1499202426482498 ) ) ;
#4150 = CARTESIAN_POINT ( 'NONE',  ( 52.53397584031535672, -18.12220844684789967, 264.4259359328573851 ) ) ;
#4151 = CARTESIAN_POINT ( 'NONE',  ( -23.87382432823349276, -36.79749682511224762, 464.9195890529755388 ) ) ;
#4152 = CARTESIAN_POINT ( 'NONE',  ( 11.87848591646520013, -31.45944060677886256, 509.6946462581617538 ) ) ;
#4153 = CARTESIAN_POINT ( 'NONE',  ( 150.0000000000000853, -6.250264775982731003, 440.0305525103657374 ) ) ;
#4154 = CARTESIAN_POINT ( 'NONE',  ( -15.49695868346463357, 7.024444651583070076, 451.3819806704642588 ) ) ;
#4155 = CARTESIAN_POINT ( 'NONE',  ( 0.000000000000000000, -44.38516520843189994, 506.4422371206682669 ) ) ;
#4156 = B_SPLINE_CURVE_WITH_KNOTS ( 'NONE', 3,
 ( #3023, #2110, #1146, #1567, #2598, #3537, #1117, #1597, #207, #5472, #2174, #4561, #634, #4982, #2656, #4137, #6104, #3508 ),
 .UNSPECIFIED., .F., .F.,
 ( 4, 2, 2, 2, 2, 2, 2, 2, 4 ),
 ( 0.08964088537945463786, 0.09560764587323479502, 0.1015744063670149522, 0.1075411668607951093, 0.1135079273545752665, 0.1194746878483554237, 0.1254414483421355808, 0.1314082088359157519, 0.1373749693296958951 ),
 .UNSPECIFIED. ) ;
#4157 = CARTESIAN_POINT ( 'NONE',  ( -150.0000000000000853, -5.493224377600192554, 440.0305525103652826 ) ) ;
#4158 = CARTESIAN_POINT ( 'NONE',  ( 149.9999999999998295, 12.15754626088404500, 232.9814987402332633 ) ) ;
#4159 = EDGE_CURVE ( 'NONE', #4056, #845, #3194, .T. ) ;
#4160 = CARTESIAN_POINT ( 'NONE',  ( -9.357300917942506402, -6.994896554350225948, 512.9632643173999895 ) ) ;
#4161 = CARTESIAN_POINT ( 'NONE',  ( 0.000000000000000000, -76.33378233341784380, 354.6876482584478367 ) ) ;
#4162 = CARTESIAN_POINT ( 'NONE',  ( -17.27827264702565202, -34.65576124433129479, 487.3692875090197276 ) ) ;
#4163 = EDGE_CURVE ( 'NONE', #2455, #352, #2573, .T. ) ;
#4164 = CARTESIAN_POINT ( 'NONE',  ( 0.000000000000000000, 0.000000000000000000, 430.0000000002122533 ) ) ;
#4165 = CARTESIAN_POINT ( 'NONE',  ( 1.057623344437629953, -29.13931371553493577, 507.7370316183421437 ) ) ;
#4166 = CARTESIAN_POINT ( 'NONE',  ( 3.171225933990782675, 3.880275294327043767, 510.4406991813120840 ) ) ;
#4167 = CARTESIAN_POINT ( 'NONE',  ( 150.0000000000001421, -6.118791962920573368, 440.0305525103657374 ) ) ;
#4168 = CARTESIAN_POINT ( 'NONE',  ( 19.29980209186928164, -52.93275025512360088, 430.0000000002122533 ) ) ;
#4169 = FACE_OUTER_BOUND ( 'NONE', #2637, .T. ) ;
#4170 = CARTESIAN_POINT ( 'NONE',  ( 18.85848495212640330, -50.48320965484603562, 438.7127227695147553 ) ) ;
#4171 = DIRECTION ( 'NONE',  ( 0.000000000000000000, -1.000000000000000000, -0.000000000000000000 ) ) ;
#4172 = CARTESIAN_POINT ( 'NONE',  ( -26.98844557016994372, -69.11815856475386965, 67.84482358715571593 ) ) ;
#4173 = CARTESIAN_POINT ( 'NONE',  ( 7.193976161845292872, -10.45840054193246615, 557.9941456863673466 ) ) ;
#4174 = CARTESIAN_POINT ( 'NONE',  ( 59.71558549167485808, -8.266634582424307709, 438.4425714590527150 ) ) ;
#4175 = CARTESIAN_POINT ( 'NONE',  ( -6.611810512025710906, 16.54561046290216098, 457.6028839167674960 ) ) ;
#4176 = CARTESIAN_POINT ( 'NONE',  ( 16.60138889682948715, -39.50869870333388434, 475.0145049484673336 ) ) ;
#4177 = CARTESIAN_POINT ( 'NONE',  ( -9.786876262864133480, -46.12499674843135011, 469.0428527198859570 ) ) ;
#4178 = ORIENTED_EDGE ( 'NONE', *, *, #5089, .T. ) ;
#4179 = CARTESIAN_POINT ( 'NONE',  ( -15.10130860555601195, -55.53012359799495812, 452.8377495693000014 ) ) ;
#4180 = CARTESIAN_POINT ( 'NONE',  ( 0.000000000000000000, -44.38516520843189994, 506.4422371206682669 ) ) ;
#4181 = CARTESIAN_POINT ( 'NONE',  ( -7.284806817295486070, -10.43441446804935246, 557.5595333923365615 ) ) ;
#4182 = CARTESIAN_POINT ( 'NONE',  ( 10.94802051588691683, -78.97284269736714180, 158.3771493138501398 ) ) ;
#4183 = CARTESIAN_POINT ( 'NONE',  ( -7.451419000308721508, -39.69078356808665831, 494.1843074881220446 ) ) ;
#4184 = CARTESIAN_POINT ( 'NONE',  ( 5.993973114323661200, -35.36563890419952116, 511.6425786567872933 ) ) ;
#4185 = CARTESIAN_POINT ( 'NONE',  ( -16.47199938276370546, -55.51521473203675328, 426.0094552968091079 ) ) ;
#4186 = FACE_OUTER_BOUND ( 'NONE', #246, .T. ) ;
#4187 = CARTESIAN_POINT ( 'NONE',  ( -9.927901365924427068, 9.829425390214977298, 451.1942000057634914 ) ) ;
#4188 = CARTESIAN_POINT ( 'NONE',  ( 0.000000000000000000, -38.03999744772360714, 529.1877037132842361 ) ) ;
#4189 = CARTESIAN_POINT ( 'NONE',  ( -2.564631157547661022, -14.37334060001981051, 566.4271003563552540 ) ) ;
#4190 = CARTESIAN_POINT ( 'NONE',  ( 149.9999999999998579, 5.755319606443136671, 215.4903186742444916 ) ) ;
#4191 = CARTESIAN_POINT ( 'NONE',  ( -40.15649308570444731, -10.45056336322409329, 468.0489929170839787 ) ) ;
#4192 = CARTESIAN_POINT ( 'NONE',  ( 8.878133750268590418, -63.84938948047850005, 429.1787040279010625 ) ) ;
#4193 = CARTESIAN_POINT ( 'NONE',  ( -6.244514920167634209, -37.58482611123191219, 503.8234175648550490 ) ) ;
#4194 = CARTESIAN_POINT ( 'NONE',  ( 0.4971429272139474276, -10.01440192539965324, 558.9422371214544683 ) ) ;
#4195 = CARTESIAN_POINT ( 'NONE',  ( 0.9770817555172016666, -29.14838040859503110, 507.6709574505176192 ) ) ;
#4196 = CARTESIAN_POINT ( 'NONE',  ( 3.496747422379181902, 4.309107782942662723, 508.6709003009451067 ) ) ;
#4197 = CARTESIAN_POINT ( 'NONE',  ( 7.200876545381237115, -29.07199111697095972, 559.3113244306840670 ) ) ;
#4198 = CARTESIAN_POINT ( 'NONE',  ( 32.93288696148189842, -40.82206108404486855, 430.0000000002121965 ) ) ;
#4199 = SURFACE_SIDE_STYLE ('',( #340 ) ) ;
#4200 = CARTESIAN_POINT ( 'NONE',  ( 30.36671571217613774, -44.90006655158448012, 426.9553928243941527 ) ) ;
#4201 = VECTOR ( 'NONE', #5196, 1000.000000000000000 ) ;
#4202 = DIRECTION ( 'NONE',  ( 0.000000000000000000, -1.000000000000000000, -0.000000000000000000 ) ) ;
#4203 = CARTESIAN_POINT ( 'NONE',  ( -83.62303020544310073, -50.12168651128710195, 112.4429226335344367 ) ) ;
#4204 = CARTESIAN_POINT ( 'NONE',  ( 7.194863789741096305, -10.93836868105035087, 559.3016669044776563 ) ) ;
#4205 = CARTESIAN_POINT ( 'NONE',  ( 6.848877587165034697, 9.753616543240035242, 486.0167545655663162 ) ) ;
#4206 = CARTESIAN_POINT ( 'NONE',  ( -11.87753674811280824, 22.01321616650771773, 424.9228753704809378 ) ) ;
#4207 = CARTESIAN_POINT ( 'NONE',  ( 21.35711199829623652, -40.19531793609128556, 462.2273114774167198 ) ) ;
#4208 = CARTESIAN_POINT ( 'NONE',  ( -40.31462815327244442, -31.88631264763369089, 433.2811144578676590 ) ) ;
#4209 = CARTESIAN_POINT ( 'NONE',  ( -9.641052513307554861, -29.00805446362254969, 549.8478167743611493 ) ) ;
#4210 = ORIENTED_EDGE ( 'NONE', *, *, #212, .F. ) ;
#4211 = MANIFOLD_SOLID_BREP ( 'Zapas-WSZYSTKIE CZʌCIDO DRUKU-1', #1956 ) ;
#4212 = VECTOR ( 'NONE', #5759, 1000.000000000000000 ) ;
#4213 = CARTESIAN_POINT ( 'NONE',  ( 0.000000000000000000, -46.01591644295105255, 500.6206272522807126 ) ) ;
#4214 = CARTESIAN_POINT ( 'NONE',  ( -0.9939396745079142059, -10.03631387791507912, 558.9422371214548093 ) ) ;
#4215 = CARTESIAN_POINT ( 'NONE',  ( 11.64684823091062427, -74.50050220641119836, 83.22699558302605283 ) ) ;
#4216 = CARTESIAN_POINT ( 'NONE',  ( 7.284806817295486070, -10.43441446804935246, 557.5595333923365615 ) ) ;
#4217 = CARTESIAN_POINT ( 'NONE',  ( 13.58195225105328241, -31.05549183772814459, 506.9503509717250154 ) ) ;
#4218 = CARTESIAN_POINT ( 'NONE',  ( -47.10944885151176464, -33.64924975013416741, 404.9091715274225862 ) ) ;
#4219 = ORIENTED_EDGE ( 'NONE', *, *, #472, .F. ) ;
#4220 = CARTESIAN_POINT ( 'NONE',  ( -19.15642989554590159, -27.50410925391671668, 504.8075957953330999 ) ) ;
#4221 = CARTESIAN_POINT ( 'NONE',  ( -27.22839422745112969, 7.807769752488370685, 425.1757930017151352 ) ) ;
#4222 = CARTESIAN_POINT ( 'NONE',  ( -6.633242687119036418, -28.78180293468966511, 558.9422371214550367 ) ) ;
#4223 = CARTESIAN_POINT ( 'NONE',  ( -7.196836239774110133, -20.60847461446899942, 567.4391168337917861 ) ) ;
#4224 = CARTESIAN_POINT ( 'NONE',  ( 75.08352271041381698, 23.83992530242385399, 133.1794009662679912 ) ) ;
#4225 = EDGE_LOOP ( 'NONE', ( #5324, #1745, #5670 ) ) ;
#4226 = CARTESIAN_POINT ( 'NONE',  ( -16.70212634579936761, -6.208922580025108218, 494.5424406454324640 ) ) ;
#4227 = EDGE_CURVE ( 'NONE', #5781, #1699, #6159, .T. ) ;
#4228 = CARTESIAN_POINT ( 'NONE',  ( 22.39812758097246714, -76.34959854427935966, 331.2114094747487911 ) ) ;
#4229 = CARTESIAN_POINT ( 'NONE',  ( -22.40012773998808271, -32.90506581963736465, 479.5551116457504008 ) ) ;
#4230 = CARTESIAN_POINT ( 'NONE',  ( 55.62306799831532800, -10.84902030155901720, 453.3623489707975409 ) ) ;
#4231 = CARTESIAN_POINT ( 'NONE',  ( 1.280860517136322763, -29.11163463129961926, 507.9605314072135229 ) ) ;
#4232 = CARTESIAN_POINT ( 'NONE',  ( -44.06632575190247536, -29.48845137869883715, 429.9999999999999432 ) ) ;
#4233 = CARTESIAN_POINT ( 'NONE',  ( 60.01722064374718713, -16.85379576363763121, 448.9845730082528235 ) ) ;
#4234 = CARTESIAN_POINT ( 'NONE',  ( 21.90114844505023939, -51.28579131811093106, 430.0000000002123102 ) ) ;
#4235 = DIRECTION ( 'NONE',  ( 0.000000000000000000, 0.000000000000000000, 1.000000000000000000 ) ) ;
#4236 = CARTESIAN_POINT ( 'NONE',  ( 12.44475667281593623, -52.28148520809899225, 444.0966248282511515 ) ) ;
#4237 = CARTESIAN_POINT ( 'NONE',  ( -0.4708767950445953421, 5.451690974568717429, 505.4663553862270646 ) ) ;
#4238 = CARTESIAN_POINT ( 'NONE',  ( 31.96178744196143739, 1.844174641629839240, 437.3435705445094186 ) ) ;
#4239 = CARTESIAN_POINT ( 'NONE',  ( -27.84093464897784997, -61.08184798624968437, 22.23079528764089829 ) ) ;
#4240 = CARTESIAN_POINT ( 'NONE',  ( 60.02106188579698909, -11.23461144142445534, 449.4336611866669955 ) ) ;
#4241 = CARTESIAN_POINT ( 'NONE',  ( 36.39338372330776394, -3.366029079672264057, 468.1666420047091037 ) ) ;
#4242 = CARTESIAN_POINT ( 'NONE',  ( -149.9999999999995737, 11.19476107030966361, 345.2779431210030907 ) ) ;
#4243 = CARTESIAN_POINT ( 'NONE',  ( 15.68179925235686412, -42.15507781487252004, 469.5242783579625439 ) ) ;
#4244 = CARTESIAN_POINT ( 'NONE',  ( -27.37267491869434011, -39.68977702365374682, 448.2520078699316173 ) ) ;
#4245 = CARTESIAN_POINT ( 'NONE',  ( -149.9999999999999716, -6.250264775982728338, 440.0305525103658510 ) ) ;
#4246 = ORIENTED_EDGE ( 'NONE', *, *, #4986, .F. ) ;
#4247 = CARTESIAN_POINT ( 'NONE',  ( -55.74309498681974873, -15.82797506869048121, 392.1736765880806388 ) ) ;
#4248 = CARTESIAN_POINT ( 'NONE',  ( -1.536568589328095147, -44.14907131042631505, 506.9635350924306181 ) ) ;
#4249 = CARTESIAN_POINT ( 'NONE',  ( 3.227658229780059340, -71.26275059235955212, 41.56619234543141772 ) ) ;
#4250 = CARTESIAN_POINT ( 'NONE',  ( -150.0000000000000284, 7.321812825929968405, 218.5459688349021121 ) ) ;
#4251 = CARTESIAN_POINT ( 'NONE',  ( 13.66436013092121549, -33.32259349728231257, 499.7105752088867234 ) ) ;
#4252 = CARTESIAN_POINT ( 'NONE',  ( -19.83784685494936184, -50.14417556418977284, 437.8217165912918745 ) ) ;
#4253 = B_SPLINE_CURVE_WITH_KNOTS ( 'NONE', 3,
 ( #5878, #6325, #2428, #5846, #1428, #5294, #1910, #1397, #432, #2879, #1489, #2911, #3458, #5421, #1009, #1878, #2358, #4325, #4359, #3811, #2974, #529, #4869, #3910, #462, #3330, #396, #4389, #5817, #883, #1459, #1843, #4835, #3427, #6257, #915, #5390, #979, #5784, #2847, #10, #495, #2942, #4899, #1364, #5327, #1975, #2394, #6293, #3363, #3038, #4455, #617, #4966, #3065, #41, #4001, #649, #1610, #5486, #5997, #4087, #4486, #1580, #5514, #3124, #4996, #6054, #676, #1074, #157, #2582, #2004, #6026, #2034, #2610, #2549, #5967, #3578, #5543, #4059, #1101, #1045, #4545, #3971, #560, #100, #588, #1130, #4515, #2521, #2066, #5025, #70, #3097, #1639, #2095, #129, #3522, #4032, #4573 ),
 .UNSPECIFIED., .F., .F.,
 ( 4, 1, 1, 1, 2, 2, 1, 1, 1, 2, 2, 1, 2, 2, 1, 1, 1, 2, 2, 1, 1, 1, 2, 2, 1, 1, 1, 1, 2, 2, 1, 1, 2, 2, 1, 1, 1, 1, 1, 1, 2, 2, 1, 1, 1, 1, 2, 2, 1, 1, 1, 1, 1, 2, 2, 1, 1, 1, 1, 1, 2, 2, 1, 1, 1, 2, 2, 1, 1, 2, 2, 1, 4 ),
 ( 0.2959021460544928317, 0.3381824665851117517, 0.3593226268504211007, 0.3698927069830757475, 0.3725352270162393120, 0.3751777470494029321, 0.3804627871157304497, 0.4650234281769723976, 0.4861635884422829124, 0.4967336685749380587, 0.5073037487075932050, 0.5495840692382134574, 0.5601541493708686037, 0.5707242295035238611, 0.5918643897688344868, 0.6130045500341452236, 0.6235746301668003699, 0.6248958901833825408, 0.6262171501999646006, 0.6288596702331288313, 0.6341447102994570706, 0.6764250308300833181, 0.6869951109627399077, 0.6896376309959040274, 0.6922801510290681470, 0.6975651910953963863, 0.7081352712280529760, 0.7134203112943813263, 0.7140809413026723007, 0.7147415713109632751, 0.7160628313275454460, 0.7187053513607095656, 0.7292754314933660442, 0.7305966915099479930, 0.7319179515265301639, 0.7345604715596940615, 0.7398455116260219677, 0.7451305516923498740, 0.7477730717255138826, 0.7490943317420959424, 0.7497549617503869168, 0.7504155917586778912, 0.7609856718913329265, 0.7715557520239879619, 0.7768407920903155350, 0.7794833121234792106, 0.7808045721400609374, 0.7814652021483520228, 0.7821258321566429972, 0.8032659924219555103, 0.8085510324882837496, 0.8111935525214479803, 0.8118541825297390657, 0.8121844975338846639, 0.8125148125380302622, 0.8138360725546125440, 0.8244061526872707990, 0.8349762328199289430, 0.8402612728862579594, 0.8429037929194224121, 0.8435644229277137196, 0.8442250529360048050, 0.8455463129525873089, 0.8666864732179058173, 0.8719715132842353889, 0.8746140333174000636, 0.8772565533505648494, 0.8878266334832238815, 0.9301069540138602321, 0.9353919940801896926, 0.9406770341465192642, 0.9512471142791782963, 0.9723872745444962495 ),
 .UNSPECIFIED. ) ;
#4254 = PRODUCT_RELATED_PRODUCT_CATEGORY ( 'part', '', ( #4457 ) ) ;
#4255 = ORIENTED_EDGE ( 'NONE', *, *, #3734, .T. ) ;
#4256 = CARTESIAN_POINT ( 'NONE',  ( 26.02411746040354501, 11.33839143315814191, 414.5003960204059581 ) ) ;
#4257 = CARTESIAN_POINT ( 'NONE',  ( -44.32177336350680719, 2.624158133199546938, 415.0097436265804163 ) ) ;
#4258 = CARTESIAN_POINT ( 'NONE',  ( -9.387082482351051027, -24.35519596900571671, 558.9422371214552641 ) ) ;
#4259 = CARTESIAN_POINT ( 'NONE',  ( -35.58864692157143139, -19.19964474173488611, 508.0066010617481993 ) ) ;
#4260 = CARTESIAN_POINT ( 'NONE',  ( 49.29743671353512013, 37.20513467868398294, 254.3835889086999487 ) ) ;
#4261 = CARTESIAN_POINT ( 'NONE',  ( -9.908896880471667501, -1.142466172760875143, 491.7213927383158421 ) ) ;
#4262 = CARTESIAN_POINT ( 'NONE',  ( 52.23038633704913991, -11.85043651959518130, 362.2649663133792046 ) ) ;
#4263 = CARTESIAN_POINT ( 'NONE',  ( -45.44371069858598844, -24.67411436700404437, 445.2962825857730991 ) ) ;
#4264 = CARTESIAN_POINT ( 'NONE',  ( 40.15649308570444731, -10.45056336322409329, 468.0489929170839787 ) ) ;
#4265 = CARTESIAN_POINT ( 'NONE',  ( -149.9999999999999716, -6.514759003979557761, 431.6962001791121111 ) ) ;
#4266 = CARTESIAN_POINT ( 'NONE',  ( 149.9999999999999716, -6.550723356787864660, 430.0000000585459929 ) ) ;
#4267 = CARTESIAN_POINT ( 'NONE',  ( 0.000000000000000000, -33.20068766774330271, 0.000000000000000000 ) ) ;
#4268 = CARTESIAN_POINT ( 'NONE',  ( 39.01881290782313982, -34.21381155795952367, 430.0000000002121396 ) ) ;
#4269 = CARTESIAN_POINT ( 'NONE',  ( -10.99999999999989519, -0.4139885694661761262, 486.9735779429233844 ) ) ;
#4270 = CARTESIAN_POINT ( 'NONE',  ( 31.40956141901670051, -46.52265276194844290, 419.8539456524580373 ) ) ;
#4271 = ORIENTED_EDGE ( 'NONE', *, *, #637, .F. ) ;
#4272 = CARTESIAN_POINT ( 'NONE',  ( -0.9241093456882129020, 5.399711916080334184, 505.5585260358843698 ) ) ;
#4273 = CARTESIAN_POINT ( 'NONE',  ( 26.42949377299378355, -0.4751701859997061184, 455.6658654175915899 ) ) ;
#4274 = CARTESIAN_POINT ( 'NONE',  ( -11.96595949943099590, -70.14009634802859239, 45.55833029800994183 ) ) ;
#4275 = CARTESIAN_POINT ( 'NONE',  ( 150.0000000000000284, -5.649883434508731206, 440.0305525103652826 ) ) ;
#4276 = CARTESIAN_POINT ( 'NONE',  ( 10.02488928357590936, 1.340599469649716324, 507.8357256156867834 ) ) ;
#4277 = CARTESIAN_POINT ( 'NONE',  ( -149.9999999999999716, 14.23858967693923105, 324.3781664693334506 ) ) ;
#4278 = CARTESIAN_POINT ( 'NONE',  ( 48.32993772569180635, -24.64664449427316129, 437.0330132817355775 ) ) ;
#4279 = CARTESIAN_POINT ( 'NONE',  ( -32.61799427475683189, -36.65324952412066040, 441.7534335049409151 ) ) ;
#4280 = DIRECTION ( 'NONE',  ( -0.000000000000000000, -0.000000000000000000, 1.000000000000000000 ) ) ;
#4281 = EDGE_LOOP ( 'NONE', ( #3250, #3293, #4792, #5881, #2348, #704, #2216, #324 ) ) ;
#4282 = CARTESIAN_POINT ( 'NONE',  ( 0.000000000000000000, -42.04301039192621658, 514.8051296874843956 ) ) ;
#4283 = CARTESIAN_POINT ( 'NONE',  ( 3.024307361917272452, -79.82273811651575102, 155.9108010578076176 ) ) ;
#4284 = EDGE_CURVE ( 'NONE', #695, #3802, #3860, .T. ) ;
#4285 = CARTESIAN_POINT ( 'NONE',  ( -86.87707805841237985, -10.34748271511437778, 49.68820832564044565 ) ) ;
#4286 = CARTESIAN_POINT ( 'NONE',  ( 14.41815529982657296, -30.85845267370902079, 505.5665889112197533 ) ) ;
#4287 = CARTESIAN_POINT ( 'NONE',  ( -16.71393015209776678, -53.37344242378496517, 433.3301554168729126 ) ) ;
#4288 = VERTEX_POINT ( 'NONE', #3174 ) ;
#4289 = CARTESIAN_POINT ( 'NONE',  ( 14.13212962828908381, 10.77081933510300438, 439.9142686230249524 ) ) ;
#4290 = CARTESIAN_POINT ( 'NONE',  ( -17.68730479763347674, 8.320942745214660263, 442.3161427592647215 ) ) ;
#4291 = CARTESIAN_POINT ( 'NONE',  ( 0.000000000000000000, -57.47218005397606788, 458.5351175944340980 ) ) ;
#4292 = CARTESIAN_POINT ( 'NONE',  ( -35.58944151665261302, -17.44615103553343616, 507.4627411939026729 ) ) ;
#4293 = CARTESIAN_POINT ( 'NONE',  ( -26.18182212327887015, -3.965885029207093737, 467.9409600186817215 ) ) ;
#4294 = CARTESIAN_POINT ( 'NONE',  ( 0.000000000000000000, -80.63658243139667547, 275.6662446149163088 ) ) ;
#4295 = CARTESIAN_POINT ( 'NONE',  ( -14.93321155465740446, -32.99885349585066763, 497.7159759820360136 ) ) ;
#4296 = FACE_OUTER_BOUND ( 'NONE', #1937, .T. ) ;
#4297 = CARTESIAN_POINT ( 'NONE',  ( 12.82350470328449354, -29.42611196833886567, 514.2692967621757134 ) ) ;
#4298 = DIRECTION ( 'NONE',  ( 0.000000000000000000, 1.000000000000000000, 0.000000000000000000 ) ) ;
#4299 = CARTESIAN_POINT ( 'NONE',  ( 10.99999999999999822, -3.731290437159162199, 618.0000000002123670 ) ) ;
#4300 = CARTESIAN_POINT ( 'NONE',  ( 0.000000000000000000, 0.000000000000000000, 0.000000000000000000 ) ) ;
#4301 = CARTESIAN_POINT ( 'NONE',  ( 0.000000000000000000, 0.000000000000000000, 0.000000000000000000 ) ) ;
#4302 = CARTESIAN_POINT ( 'NONE',  ( 26.36629055695815183, -49.61368329402270660, 424.9559064693279993 ) ) ;
#4303 = CARTESIAN_POINT ( 'NONE',  ( -3.171225933990782675, 3.880275294327043767, 510.4406991813120840 ) ) ;
#4304 = CARTESIAN_POINT ( 'NONE',  ( 21.62010522992289552, 2.208588214593188770, 455.9770281475965703 ) ) ;
#4305 = CARTESIAN_POINT ( 'NONE',  ( -3.334239287029942655, -39.12492672041813080, -51.61791862523669039 ) ) ;
#4306 = CARTESIAN_POINT ( 'NONE',  ( 60.03535495535231092, -12.87640563085997591, 451.2551672590891485 ) ) ;
#4307 = CARTESIAN_POINT ( 'NONE',  ( 59.89900058819404194, -9.567402936609459729, 443.5936951987583257 ) ) ;
#4308 = CARTESIAN_POINT ( 'NONE',  ( -6.000466035610237725, 31.94043151699632688, 379.5629847736018405 ) ) ;
#4309 = VECTOR ( 'NONE', #2406, 1000.000000000000000 ) ;
#4310 = CARTESIAN_POINT ( 'NONE',  ( 12.31572083956731767, -45.49488757104310110, 466.3513617350274671 ) ) ;
#4311 = CARTESIAN_POINT ( 'NONE',  ( -19.65345158785712343, -40.86024127703039710, 464.4939912344564164 ) ) ;
#4312 = FACE_OUTER_BOUND ( 'NONE', #3732, .T. ) ;
#4313 = EDGE_LOOP ( 'NONE', ( #217, #1343, #5331, #6260 ) ) ;
#4314 = CARTESIAN_POINT ( 'NONE',  ( -149.9999999999997726, -7.192698382104506294, 333.2875603834384606 ) ) ;
#4315 = ADVANCED_FACE ( 'NONE', ( #4169 ), #6235, .F. ) ;
#4316 = CARTESIAN_POINT ( 'NONE',  ( 149.9999999999993463, -6.001044110374134100, 231.6658960644401759 ) ) ;
#4317 = CARTESIAN_POINT ( 'NONE',  ( -28.34182685986741390, -0.004202851225297739302, -27.54135597287860193 ) ) ;
#4318 = CARTESIAN_POINT ( 'NONE',  ( 52.88422958049117284, -19.66053805748768468, 450.2835028903091370 ) ) ;
#4319 = CARTESIAN_POINT ( 'NONE',  ( -17.77753163547434312, -53.07028828252823871, 432.5174014906922935 ) ) ;
#4320 = EDGE_CURVE ( 'NONE', #5148, #2881, #826, .T. ) ;
#4321 = CIRCLE ( 'NONE', #3292, 3.499999999999947597 ) ;
#4322 = ORIENTED_EDGE ( 'NONE', *, *, #3029, .F. ) ;
#4323 = CARTESIAN_POINT ( 'NONE',  ( 54.31544603952565353, 3.758891706185710113, 398.5730591255830291 ) ) ;
#4324 = CARTESIAN_POINT ( 'NONE',  ( -35.86579670720544044, 4.187053708712901390, 422.0864146472711127 ) ) ;
#4325 = CARTESIAN_POINT ( 'NONE',  ( 37.35481997594759918, 1.428765013102943682, 430.0000000002120828 ) ) ;
#4326 = CARTESIAN_POINT ( 'NONE',  ( -2.564892261509815086, -18.06037734666005079, 568.7533338385485422 ) ) ;
#4327 = AXIS2_PLACEMENT_3D ( 'NONE', #3123, #1668, #6053 ) ;
#4328 = ORIENTED_EDGE ( 'NONE', *, *, #1456, .T. ) ;
#4329 = CARTESIAN_POINT ( 'NONE',  ( -16.25752790635576872, -2.311789916562910552, 482.3920632726938038 ) ) ;
#4330 = CARTESIAN_POINT ( 'NONE',  ( 149.9999999999997442, -7.370038410795642037, 283.8776627504177554 ) ) ;
#4331 = CARTESIAN_POINT ( 'NONE',  ( -5.887701941533131311, -35.36604512518590582, 511.9102801648282934 ) ) ;
#4332 = FACE_OUTER_BOUND ( 'NONE', #2384, .T. ) ;
#4333 = CARTESIAN_POINT ( 'NONE',  ( 11.35924330534747817, -31.11298971242430511, 512.2177496793013916 ) ) ;
#4334 = CARTESIAN_POINT ( 'NONE',  ( 10.98429671950348308, -62.93146367878043890, 430.0000000000000568 ) ) ;
#4335 = CARTESIAN_POINT ( 'NONE',  ( 0.000000000000000000, -7.488292085930035036, 550.9529946531919222 ) ) ;
#4336 = CARTESIAN_POINT ( 'NONE',  ( 40.90399471548873578, -32.36472831844550768, 430.0000000002121965 ) ) ;
#4337 = CARTESIAN_POINT ( 'NONE',  ( 0.000000000000000000, -30.00000000000000000, 558.9422371214550367 ) ) ;
#4338 = CARTESIAN_POINT ( 'NONE',  ( 19.82580680892863967, -52.39160212660395644, 430.8575453937767179 ) ) ;
#4339 = ORIENTED_EDGE ( 'NONE', *, *, #1691, .T. ) ;
#4340 = CARTESIAN_POINT ( 'NONE',  ( -8.484157252875190736, -63.47704327306334449, 430.0000000000000568 ) ) ;
#4341 = CARTESIAN_POINT ( 'NONE',  ( 9.908896880471667501, -1.142466172760875143, 491.7213927383158421 ) ) ;
#4342 = CARTESIAN_POINT ( 'NONE',  ( -0.000000000000000000, -42.47054406745345290, -47.47946994494704853 ) ) ;
#4343 = EDGE_CURVE ( 'NONE', #5751, #1282, #1032, .T. ) ;
#4344 = CARTESIAN_POINT ( 'NONE',  ( 0.000000000000000000, -15.14633705237953443, 567.1313095050660422 ) ) ;
#4345 = CARTESIAN_POINT ( 'NONE',  ( -149.9999999999999716, 1.632909915346569596, 401.7829050630052166 ) ) ;
#4346 = CARTESIAN_POINT ( 'NONE',  ( 9.563838682507308064, -46.17716574261598339, 469.2811524995446462 ) ) ;
#4347 = CARTESIAN_POINT ( 'NONE',  ( -16.58286906014008366, -41.87409076202843039, 468.4120991466235751 ) ) ;
#4348 = CARTESIAN_POINT ( 'NONE',  ( -35.65807098579435319, -25.44838089003943082, 502.3913588330149764 ) ) ;
#4349 = ORIENTED_EDGE ( 'NONE', *, *, #4638, .F. ) ;
#4350 = CARTESIAN_POINT ( 'NONE',  ( 0.000000000000000000, -79.94740425930625349, 298.1605794743937849 ) ) ;
#4351 = CARTESIAN_POINT ( 'NONE',  ( 55.92365693612406830, -23.91463003388554753, 223.0509075876335601 ) ) ;
#4352 = PRODUCT_DEFINITION_SHAPE ( 'NONE', 'NONE',  #1502 ) ;
#4353 = CARTESIAN_POINT ( 'NONE',  ( -149.9999999999998295, 12.15754626088404500, 232.9814987402332633 ) ) ;
#4354 = CARTESIAN_POINT ( 'NONE',  ( 13.87486526074265392, -35.59344874407967296, 492.4837104015562659 ) ) ;
#4355 = CARTESIAN_POINT ( 'NONE',  ( -13.18714013128699669, -54.26736000676810789, 435.9169587706857101 ) ) ;
#4356 = ORIENTED_EDGE ( 'NONE', *, *, #2509, .T. ) ;
#4357 = CARTESIAN_POINT ( 'NONE',  ( 17.48730798868426817, 11.79066461892977991, 429.7517590799120057 ) ) ;
#4358 = CARTESIAN_POINT ( 'NONE',  ( -13.16116131105864895, 14.27762591815125681, 427.5008241425010169 ) ) ;
#4359 = CARTESIAN_POINT ( 'NONE',  ( 36.89904965756873878, 1.629530158581984800, 430.0000000002121396 ) ) ;
#4360 = CARTESIAN_POINT ( 'NONE',  ( -150.0000000000000284, -5.692060968374863528, 440.0305525103655100 ) ) ;
#4361 = CARTESIAN_POINT ( 'NONE',  ( -19.44707862474873750, -2.860802960681630758, 477.6124495882486372 ) ) ;
#4362 = CARTESIAN_POINT ( 'NONE',  ( -8.142545671366173465, -34.76249623511362330, 508.0857564404755067 ) ) ;
#4363 = CARTESIAN_POINT ( 'NONE',  ( -15.50127328223972256, 1.589003424874794623, 470.6526355514176316 ) ) ;
#4364 = DIRECTION ( 'NONE',  ( 7.889668786657805680E-17, 1.000000000000000000, 0.000000000000000000 ) ) ;
#4365 = CARTESIAN_POINT ( 'NONE',  ( 11.56964420263124715, -30.72277697858951839, 512.9898674791385247 ) ) ;
#4366 = CARTESIAN_POINT ( 'NONE',  ( 55.14372129139788115, -29.03889727835594314, 429.9999999999998295 ) ) ;
#4367 = EDGE_CURVE ( 'NONE', #4749, #2198, #4714, .T. ) ;
#4368 = CARTESIAN_POINT ( 'NONE',  ( -13.61528024430237949, -7.485275264610165458, 505.3187644638463780 ) ) ;
#4369 = CARTESIAN_POINT ( 'NONE',  ( 38.71567640936611099, -34.52240720719488110, 430.0000000002121965 ) ) ;
#4370 = CARTESIAN_POINT ( 'NONE',  ( 0.1059056513527832366, -10.80000000000000071, 507.3422371214550708 ) ) ;
#4371 = CARTESIAN_POINT ( 'NONE',  ( 13.02477204088189566, -56.31328223826565704, 428.2104720807166132 ) ) ;
#4372 = CARTESIAN_POINT ( 'NONE',  ( 10.91753139095539815, 0.5849418373314618780, 483.5684867276946761 ) ) ;
#4373 = CARTESIAN_POINT ( 'NONE',  ( -56.33057180552594190, -20.32136135182165759, 210.7129552224659790 ) ) ;
#4374 = CARTESIAN_POINT ( 'NONE',  ( 60.03403642157461206, -12.52589645424807330, 451.0272686918453360 ) ) ;
#4375 = CARTESIAN_POINT ( 'NONE',  ( -10.87137964986494865, 12.27380154565681281, 466.5267389959417415 ) ) ;
#4376 = CARTESIAN_POINT ( 'NONE',  ( 17.44116213924601411, -43.97295263458165238, 460.6396915015409377 ) ) ;
#4377 = CARTESIAN_POINT ( 'NONE',  ( -7.394661464875779799, -42.00075076230742610, 486.9394005025809520 ) ) ;
#4378 = CARTESIAN_POINT ( 'NONE',  ( 0.000000000000000000, -31.00737454160579176, 555.1382375593252618 ) ) ;
#4379 = CARTESIAN_POINT ( 'NONE',  ( 0.000000000000000000, -44.38516520843189994, 506.4422371206682669 ) ) ;
#4380 = CARTESIAN_POINT ( 'NONE',  ( -8.878133750268590418, -63.84938948047850005, 429.1787040279010625 ) ) ;
#4381 = CARTESIAN_POINT ( 'NONE',  ( 3.264775396501128135, -66.91508424942222177, 16.39354568225414610 ) ) ;
#4382 = CARTESIAN_POINT ( 'NONE',  ( 149.9999999999998863, 13.60113310668955400, 239.5281348986660817 ) ) ;
#4383 = CARTESIAN_POINT ( 'NONE',  ( -10.71961130750829305, 36.07779793481478237, 62.31912070581579144 ) ) ;
#4384 = CARTESIAN_POINT ( 'NONE',  ( 35.24281386144875938, -25.86084390707129543, 467.9298673788571250 ) ) ;
#4385 = CARTESIAN_POINT ( 'NONE',  ( -31.04749344179959891, -42.09153324179973055, 432.1206264398743997 ) ) ;
#4386 = ORIENTED_EDGE ( 'NONE', *, *, #3466, .F. ) ;
#4387 = CARTESIAN_POINT ( 'NONE',  ( 19.73859203508784077, 11.29354933953943529, 427.3064978926136064 ) ) ;
#4388 = CARTESIAN_POINT ( 'NONE',  ( -22.97822938203896825, 12.14247781828811057, 417.5950630197761484 ) ) ;
#4389 = CARTESIAN_POINT ( 'NONE',  ( 32.85318336247377147, 3.526079526849168477, 430.0000000002121965 ) ) ;
#4390 = CARTESIAN_POINT ( 'NONE',  ( -35.59885468216756266, -22.88204010251645215, 506.5593818172619081 ) ) ;
#4391 = ORIENTED_EDGE ( 'NONE', *, *, #1953, .F. ) ;
#4392 = CARTESIAN_POINT ( 'NONE',  ( -9.125206679549854982, -0.9721348967028226040, 492.8466526308015432 ) ) ;
#4393 = CARTESIAN_POINT ( 'NONE',  ( -35.24281386144875938, -25.86084390707129543, 467.9298673788571250 ) ) ;
#4394 = CARTESIAN_POINT ( 'NONE',  ( -23.25556477955149148, 1.881162815219656226, 453.8397053546315760 ) ) ;
#4395 = CARTESIAN_POINT ( 'NONE',  ( 15.33343269723774149, -7.717369041052091205, 618.0000000002123670 ) ) ;
#4396 = CARTESIAN_POINT ( 'NONE',  ( -0.4203115150557188429, -10.80756140257917686, 510.5001898553974797 ) ) ;
#4397 = CARTESIAN_POINT ( 'NONE',  ( 52.95915546453709055, -30.43299802408090571, 429.9999999999996589 ) ) ;
#4398 = CARTESIAN_POINT ( 'NONE',  ( -14.14011707737442691, -7.638537835407901433, 504.7123549163740108 ) ) ;
#4399 = CARTESIAN_POINT ( 'NONE',  ( 45.37124070047958213, -28.47084706294392475, 430.0000000002122533 ) ) ;
#4400 = CARTESIAN_POINT ( 'NONE',  ( -11.00000000000012967, -53.17634802217524026, 443.1294535749276520 ) ) ;
#4401 = CARTESIAN_POINT ( 'NONE',  ( 17.57100776667110509, -55.19924363643606569, 425.2504996882064461 ) ) ;
#4402 = ORIENTED_EDGE ( 'NONE', *, *, #6057, .T. ) ;
#4403 = CARTESIAN_POINT ( 'NONE',  ( 11.70969972203182863, 0.4233085549267872061, 482.4688868828741306 ) ) ;
#4404 = CARTESIAN_POINT ( 'NONE',  ( -3.324235062990519296, -48.83145490964666635, -37.09813292654701655 ) ) ;
#4405 = CARTESIAN_POINT ( 'NONE',  ( 60.02976677807478723, -11.85579785642888773, 450.3859710534386522 ) ) ;
#4406 = B_SPLINE_CURVE_WITH_KNOTS ( 'NONE', 3,
 ( #5398, #1403, #2854, #2301, #3403, #6364 ),
 .UNSPECIFIED., .F., .F.,
 ( 4, 2, 4 ),
 ( 0.000000000000000000, 0.03534097190652623482, 0.07068194381305246965 ),
 .UNSPECIFIED. ) ;
#4407 = CARTESIAN_POINT ( 'NONE',  ( -149.9999999999995168, -1.113709569569687474, 417.4376239672698148 ) ) ;
#4408 = ADVANCED_FACE ( 'NONE', ( #1787 ), #860, .F. ) ;
#4409 = CARTESIAN_POINT ( 'NONE',  ( 9.145160201469153094, -46.26547029458414784, 469.7499045092162078 ) ) ;
#4410 = CARTESIAN_POINT ( 'NONE',  ( 149.9999999999999147, -6.535599991194828817, 431.3880769118694616 ) ) ;
#4411 = CARTESIAN_POINT ( 'NONE',  ( 2.480716004701176036, -43.61117702342241387, 508.5936669970469097 ) ) ;
#4412 = CARTESIAN_POINT ( 'NONE',  ( -149.9999999999999716, -7.245792911849192386, 324.3392340027225487 ) ) ;
#4413 = CARTESIAN_POINT ( 'NONE',  ( 56.27949903533040299, -21.20274462632661638, 212.8369442642627973 ) ) ;
#4414 = CARTESIAN_POINT ( 'NONE',  ( 0.000000000000000000, 47.62041242848380307, 205.0701292695992777 ) ) ;
#4415 = CARTESIAN_POINT ( 'NONE',  ( -26.84291305568621766, 21.64135502705829950, 20.87972938593452810 ) ) ;
#4416 = CARTESIAN_POINT ( 'NONE',  ( 15.16436350665274269, -35.24427941621188154, 490.5717615106058247 ) ) ;
#4417 = CARTESIAN_POINT ( 'NONE',  ( -55.63765853534972194, -26.23881713698463258, 404.4425252075241701 ) ) ;
#4418 = ORIENTED_EDGE ( 'NONE', *, *, #3975, .F. ) ;
#4419 = STYLED_ITEM ( 'NONE', ( #5692 ), #4211 ) ;
#4420 = CARTESIAN_POINT ( 'NONE',  ( 25.82384375227202611, 9.797883934939477513, 420.7274319514477838 ) ) ;
#4421 = CARTESIAN_POINT ( 'NONE',  ( -11.00000000000000000, -0.000000000000000000, 430.0000000002122533 ) ) ;
#4422 = PLANE ( 'NONE',  #814 ) ;
#4423 = CARTESIAN_POINT ( 'NONE',  ( -150.0000000000000853, -6.033914864720000715, 440.0305525103657374 ) ) ;
#4424 = ORIENTED_EDGE ( 'NONE', *, *, #2666, .F. ) ;
#4425 = CARTESIAN_POINT ( 'NONE',  ( -14.09829969210821865, -0.02473895202052339010, 479.0994847079638816 ) ) ;
#4426 = CARTESIAN_POINT ( 'NONE',  ( -5.915262590684775112, -33.09381484336876866, 519.3112429035045352 ) ) ;
#4427 = CARTESIAN_POINT ( 'NONE',  ( -15.27311992210098701, -0.2353380111340202807, 477.3986821885380323 ) ) ;
#4428 = CARTESIAN_POINT ( 'NONE',  ( 10.99999999999999822, -8.678635665323583783E-16, 430.0000000002122533 ) ) ;
#4429 = CARTESIAN_POINT ( 'NONE',  ( -19.93791581772372368, 17.38391990323607317, 430.0000000000002274 ) ) ;
#4430 = AXIS2_PLACEMENT_3D ( 'NONE', #1685, #4710, #301 ) ;
#4431 = CARTESIAN_POINT ( 'NONE',  ( -9.619760028030361454, -11.17145389099540687, 550.2363624716294908 ) ) ;
#4432 = CARTESIAN_POINT ( 'NONE',  ( 86.59048839564125899, -5.768153520067688333, 55.25887913199452584 ) ) ;
#4433 = CARTESIAN_POINT ( 'NONE',  ( 52.52255908921846128, -17.75741235631121029, 462.2298941139068233 ) ) ;
#4434 = ADVANCED_FACE ( 'NONE', ( #2274 ), #374, .T. ) ;
#4435 = CARTESIAN_POINT ( 'NONE',  ( 1.589671430372596284, -10.93835696546735115, 509.1517682577340338 ) ) ;
#4436 = CARTESIAN_POINT ( 'NONE',  ( 0.000000000000000000, -10.80000000000000071, 510.5422371214551731 ) ) ;
#4437 = CARTESIAN_POINT ( 'NONE',  ( 49.51579739810466663, -5.030787405351411223, 437.0718678716208956 ) ) ;
#4438 = CARTESIAN_POINT ( 'NONE',  ( -28.43836731326001299, -43.59040531996306100, -23.48376959379110929 ) ) ;
#4439 = CARTESIAN_POINT ( 'NONE',  ( -70.07696255956578568, -22.00976899974901713, 430.0000000000001137 ) ) ;
#4440 = CARTESIAN_POINT ( 'NONE',  ( 60.03117201268445768, -15.98681227547336192, 450.3886908671778428 ) ) ;
#4441 = CARTESIAN_POINT ( 'NONE',  ( -7.118748418129577260, -1.685585176228954429, 528.7463543470161085 ) ) ;
#4442 = CARTESIAN_POINT ( 'NONE',  ( 51.33376035945747162, -24.38963316204433696, 429.0874825177305638 ) ) ;
#4443 = CARTESIAN_POINT ( 'NONE',  ( 2.611157212676109562, -45.84944482737921589, 500.7944990208144986 ) ) ;
#4444 = ORIENTED_EDGE ( 'NONE', *, *, #2617, .T. ) ;
#4445 = CARTESIAN_POINT ( 'NONE',  ( -10.16616014304456250, -80.45448556206687840, 254.0478625309324343 ) ) ;
#4446 = DIRECTION ( 'NONE',  ( 0.000000000000000000, 0.000000000000000000, 1.000000000000000000 ) ) ;
#4447 = CARTESIAN_POINT ( 'NONE',  ( 52.51231461823631719, 36.78377033823687015, 237.1480678699628015 ) ) ;
#4448 = CARTESIAN_POINT ( 'NONE',  ( -52.53891573317806518, 18.24069168520677664, 252.3546242644533777 ) ) ;
#4449 = CARTESIAN_POINT ( 'NONE',  ( 6.588229756148221483, -39.80554956305861936, 495.7102930266402154 ) ) ;
#4450 = CARTESIAN_POINT ( 'NONE',  ( -9.562785475455344297, -50.64767480120546139, 454.1544091038599618 ) ) ;
#4451 = EDGE_CURVE ( 'NONE', #1486, #5911, #2725, .T. ) ;
#4452 = EDGE_LOOP ( 'NONE', ( #1355, #3740, #282, #466 ) ) ;
#4453 = CARTESIAN_POINT ( 'NONE',  ( 15.99753125740808635, 5.142815748534165898, 457.1686218575077874 ) ) ;
#4454 = CARTESIAN_POINT ( 'NONE',  ( 0.000000000000000000, -10.80000000000000071, 432.9207075737901391 ) ) ;
#4455 = CARTESIAN_POINT ( 'NONE',  ( 25.72116871157280826, 7.290544269855879556, 430.0000000002122533 ) ) ;
#4456 = CARTESIAN_POINT ( 'NONE',  ( -60.03248176014825077, -15.78487440143755016, 450.6197491453484076 ) ) ;
#4457 = PRODUCT ( 'FUS 5', 'FUS 5', '', ( #4824 ) ) ;
#4458 = CARTESIAN_POINT ( 'NONE',  ( -13.58195225105328241, -31.05549183772814459, 506.9503509717250154 ) ) ;
#4459 = CARTESIAN_POINT ( 'NONE',  ( -26.29531309094459957, -2.204907013900342605, 461.7856688580750415 ) ) ;
#4460 = CARTESIAN_POINT ( 'NONE',  ( 5.526640425260938905, -10.73996315238808918, 558.9422371214549230 ) ) ;
#4461 = CARTESIAN_POINT ( 'NONE',  ( -8.741208848803722731, 21.79165878355596320, 429.9999999999999432 ) ) ;
#4462 = CARTESIAN_POINT ( 'NONE',  ( -35.60447105139471802, -13.62282190332221887, 502.3110443960222824 ) ) ;
#4463 = DIRECTION ( 'NONE',  ( 0.000000000000000000, 0.000000000000000000, 1.000000000000000000 ) ) ;
#4464 = CARTESIAN_POINT ( 'NONE',  ( 13.67270430709629103, -28.81998282287419144, 514.2443314314865574 ) ) ;
#4465 = CARTESIAN_POINT ( 'NONE',  ( -12.08459332181070245, -54.50109450078535644, 436.6858066622338583 ) ) ;
#4466 = DIRECTION ( 'NONE',  ( -1.000000000000000000, 0.000000000000000000, 0.000000000000000000 ) ) ;
#4467 = CARTESIAN_POINT ( 'NONE',  ( 17.23752795886031208, -0.5905523210548023760, 474.5431121073356735 ) ) ;
#4468 = CARTESIAN_POINT ( 'NONE',  ( 10.99999999999996803, -3.731290437159163087, 498.2807125574875045 ) ) ;
#4469 = CARTESIAN_POINT ( 'NONE',  ( -29.76928595154963375, -44.35817217108273525, 430.0000000000001137 ) ) ;
#4470 = CARTESIAN_POINT ( 'NONE',  ( 9.615410689529584332, -24.36193239345159967, 557.1671714381491256 ) ) ;
#4471 = CARTESIAN_POINT ( 'NONE',  ( -2.562172481296778770, -9.718372356699223502, 557.8072730852924224 ) ) ;
#4472 = CARTESIAN_POINT ( 'NONE',  ( 21.53488785878369427, -44.88099557294140141, 449.3555785298079854 ) ) ;
#4473 = CARTESIAN_POINT ( 'NONE',  ( 7.354715413823783798, -37.44558185051763388, 528.5187147704514246 ) ) ;
#4474 = CYLINDRICAL_SURFACE ( 'NONE', #1853, 1.600000000000045830 ) ;
#4475 = CARTESIAN_POINT ( 'NONE',  ( -54.27734884251492531, -22.95835741312304989, 246.9513156457136915 ) ) ;
#4476 = CARTESIAN_POINT ( 'NONE',  ( 86.81703373585409622, -30.81918751348552377, 55.56389319650747183 ) ) ;
#4477 = B_SPLINE_SURFACE_WITH_KNOTS ( 'NONE', 3, 3, ( 
 ( #2500, #5494, #5121, #568, #3016, #1527, #1019, #2468, #3468, #2984, #1590, #1984, #5464, #2529, #712, #538, #5524, #4637, #4946, #4040, #4495, #5890, #3530, #5918, #4524, #49, #4464, #1082, #3046, #1558, #2014, #80, #3499, #5946, #990, #3981, #1053, #2043, #4011, #1193, #5976, #6006, #3157, #2675, #1499, #4433 ),
 ( #1469, #1952, #596, #5004, #2559, #2954, #110, #3921, #20, #2075, #3438, #4910, #506, #2321, #5255, #1224, #1837, #1287, #5743, #4667, #3706, #4152, #5155, #843, #6185, #4217, #744, #4286, #253, #6219, #6119, #2223, #1359, #5185, #1320, #806, #5217, #3738, #1256, #2707, #287, #1769, #877, #3255, #2255, #3325 ),
 ( #4731, #5779, #775, #223, #4184, #5676, #5289, #2191, #2842, #3192, #6152, #1736, #3224, #3806, #1705, #5709, #5638, #2740, #2809, #3671, #4699, #2774, #322, #2289, #4251, #1803, #3772, #3290, #4764, #357, #6252, #1999, #2352, #5353, #1969, #1515, #3421, #5873, #4384, #3871, #5322, #426, #910, #2873, #2906, #4318 ),
 ( #5904, #490, #3838, #2969, #35, #4828, #4929, #3966, #6352, #4, #523, #3453, #5812, #5933, #1453, #3936, #2389, #1905, #6288, #3358, #5416, #1935, #2423, #4354, #2486, #6320, #4416, #1873, #5841, #3483, #3387, #1484, #5384, #974, #3904, #1423, #943, #4864, #2937, #5447, #4894, #457, #1039, #1392, #2453, #1004 ),
 ( #4796, #4449, #391, #6080, #4961, #1664, #5962, #1544, #5480, #3517, #4596, #181, #3060, #2029, #1069, #1632, #5599, #5509, #611, #1574, #3032, #5020, #94, #1124, #4510, #5992, #4991, #4113, #2148, #553, #3544, #152, #3632, #1605, #4054, #2577, #2061, #583, #4027, #2635, #2544, #124, #6021, #3002, #1096, #2516 ),
 ( #4480, #3573, #3119, #65, #4568, #4540, #2118, #4082, #2090, #5078, #5538, #3091, #5051, #643, #3996, #2605, #6049, #3601, #5569, #1153, #671, #5178, #6177, #3663, #2698, #1727, #4176, #2802, #2732, #5245, #4757, #348, #3183, #5629, #1215, #5668, #5112, #2313, #6210, #2282, #3247, #215, #5735, #4278, #5145, #1312 ),
 ( #2765, #3280, #1796, #2181, #6245, #2245, #314, #735, #4659, #702, #6111, #3764, #768, #4691, #1697, #835, #244, #797, #2664, #2214, #1829, #6143, #4243, #1761, #3729, #279, #3697, #1248, #3216, #4207, #3799, #5699, #1279, #1184, #4627, #5209, #4722, #3149, #4144, #5771, #6280, #4819, #2478, #1352, #4442, #2345 ),
 ( #1866, #997, #2962, #5834, #4789, #3831, #4409, #1992, #1898, #3380, #4346, #5805, #1414, #2865, #3895, #902, #2381, #4310, #516, #4920, #3318, #6313, #2930, #28, #4376, #450, #5345, #418, #1384, #3863, #5408, #3350, #2899, #2414, #5281, #936, #869, #2833, #4855, #1476, #1927, #383, #967, #5313, #1962, #6343 ),
 ( #4887, #5376, #5865, #1446, #3414, #482, #2446, #6375, #3928, #5897, #3445, #2111, #3113, #5502, #5532, #6043, #2599, #4954, #5563, #5013, #3084, #2022, #1061, #1508, #2508, #4562, #3538, #1568, #4472, #1625, #3989, #3567, #3476, #5954, #5072, #2537, #5045, #4533, #2569, #1090, #4983, #58, #4020, #3054, #4589, #604 ),
 ( #5439, #118, #2084, #665, #4503, #3958, #1536, #3024, #2628, #5926, #174, #546, #3510, #5473, #576, #1147, #1028, #5986, #2995, #88, #146, #2052, #4048, #6014, #1598, #1118, #635, #4075, #3594, #3657, #5138, #5103, #3273, #5728, #6074, #2692, #5693, #5235, #761, #3210, #1721, #1207, #2657, #5623, #1789, #2175 ),
 ( #4138, #5593, #5172, #3175, #4715, #4105, #2726, #2275, #2141, #3723, #3688, #1272, #3241, #4653, #4236, #729, #4684, #694, #272, #1658, #4619, #4170, #238, #5203, #2208, #208, #6136, #2239, #6105, #791, #3756, #6169, #4200, #5660, #1242, #306, #6203, #1755, #2759, #1304, #3625, #827, #2793, #1177, #3143, #4748 ),
 ( #1690, #5892, #5306, #341, #861, #5797, #3440, #2306, #5403, #3311, #5273, #2825, #4781, #1955, #3923, #408, #5762, #375, #5371, #2956, #2859, #4338, #895, #2337, #2374, #3825, #4849, #1858, #3343, #4302, #1471, #992, #4270, #4812, #3888, #6236, #5340, #1408, #6306, #1377, #6271, #1891, #6369, #3856, #5829, #3375 ),
 ( #1821, #3791, #929, #2441, #2893, #1342, #1922, #443, #2923, #2407, #4371, #5859, #1440, #6338, #3409, #962, #4882, #476, #4401, #4977, #51, #5466, #1530, #140, #82, #2592, #2105, #4069, #540, #1021, #2986, #3018, #2470, #6036, #3560, #6008, #598, #3952, #3076, #1619, #4948, #5038, #3587, #2045, #112, #629 ) ),
 .UNSPECIFIED., .F., .F., .F.,
 ( 4, 3, 3, 3, 4 ),
 ( 4, 3, 3, 3, 3, 3, 3, 3, 3, 3, 3, 3, 3, 3, 3, 4 ),
 ( 0.02212873580022559766, 0.04667531935723695513, 0.07122190291424831954, 0.09576848647125968395, 0.1203150700282710345 ),
 ( 0.07065859338482971541, 0.07850899501357888610, 0.08635939664232807067, 0.09028459745670266989, 0.09420979827107725524, 0.1020601998998264259, 0.1334618064148231364, 0.1648634129298198747, 0.1805642161873182161, 0.1962650194448165852, 0.2590682324748100340, 0.3218714455048034551, 0.3846746585347968761, 0.4474778715647903526, 0.5102810845947838292, 0.5730842976247771947 ),
 .UNSPECIFIED. ) ;
#4478 = CARTESIAN_POINT ( 'NONE',  ( 41.93462905618955716, 26.32851893096475138, 364.7381377576680279 ) ) ;
#4479 = CARTESIAN_POINT ( 'NONE',  ( -79.05674022718464755, 18.70769894339281336, 112.5241708736267157 ) ) ;
#4480 = CARTESIAN_POINT ( 'NONE',  ( 6.973715795173890619, -42.03473961812181159, 487.6381597186676800 ) ) ;
#4481 = CARTESIAN_POINT ( 'NONE',  ( -8.771558190059938198, -48.58893738205767932, 462.6216707580670686 ) ) ;
#4482 = ORIENTED_EDGE ( 'NONE', *, *, #5795, .T. ) ;
#4483 = UNCERTAINTY_MEASURE_WITH_UNIT (LENGTH_MEASURE( 1.000000000000000082E-05 ), #840, 'distance_accuracy_value', 'NONE');
#4484 = CARTESIAN_POINT ( 'NONE',  ( 17.68730479763347674, 8.320942745214660263, 442.3161427592647215 ) ) ;
#4485 = LINE ( 'NONE', #3392, #4830 ) ;
#4486 = CARTESIAN_POINT ( 'NONE',  ( 23.35237310809010935, 8.601039317323285971, 430.0000000002123102 ) ) ;
#4487 = CARTESIAN_POINT ( 'NONE',  ( -60.02621295283322667, -16.48129561537704291, 449.6454597116228911 ) ) ;
#4488 = CARTESIAN_POINT ( 'NONE',  ( 0.000000000000000000, 5.481689149415663209, 505.4422371214553209 ) ) ;
#4489 = EDGE_CURVE ( 'NONE', #2939, #5545, #5092, .T. ) ;
#4490 = CARTESIAN_POINT ( 'NONE',  ( -22.98980707624758324, -28.42580297187250338, 491.4934092960600083 ) ) ;
#4491 = CARTESIAN_POINT ( 'NONE',  ( -21.41780719043987347, 0.4661950906416968965, 462.3680445265583216 ) ) ;
#4492 = DIRECTION ( 'NONE',  ( -0.000000000000000000, -0.000000000000000000, -1.000000000000000000 ) ) ;
#4493 = CYLINDRICAL_SURFACE ( 'NONE', #1540, 3.999999999999998224 ) ;
#4494 = CARTESIAN_POINT ( 'NONE',  ( 0.000000000000000000, -8.574914396861032628, -59.59239050809556204 ) ) ;
#4495 = CARTESIAN_POINT ( 'NONE',  ( 10.70935231208746607, -29.46547427211043768, 519.2208099925820761 ) ) ;
#4496 = CARTESIAN_POINT ( 'NONE',  ( -17.57100776667110509, -55.19924363643606569, 425.2504996882064461 ) ) ;
#4497 = DIRECTION ( 'NONE',  ( -0.000000000000000000, -0.000000000000000000, -1.000000000000000000 ) ) ;
#4498 = CARTESIAN_POINT ( 'NONE',  ( 14.48052275867391003, -3.914729572775229816, 491.5504762528238416 ) ) ;
#4499 = CARTESIAN_POINT ( 'NONE',  ( -56.45479911151812047, -15.32409550601231807, 202.6355672451341263 ) ) ;
#4500 = CARTESIAN_POINT ( 'NONE',  ( -55.14372129139788115, -29.03889727835594314, 429.9999999999998295 ) ) ;
#4501 = CARTESIAN_POINT ( 'NONE',  ( 0.000000000000000000, -26.44785560203635555, 565.5963671128135957 ) ) ;
#4502 = CARTESIAN_POINT ( 'NONE',  ( -15.00000000000000000, -32.78400426621576713, 618.0000000002123670 ) ) ;
#4503 = CARTESIAN_POINT ( 'NONE',  ( 10.01664302677478702, -50.57121357229395642, 453.7490687451127656 ) ) ;
#4504 = CARTESIAN_POINT ( 'NONE',  ( 46.66549472394027021, -41.71823739072641501, 435.0488665365572274 ) ) ;
#4505 = CARTESIAN_POINT ( 'NONE',  ( 1.549150808947445057, -43.04459715099930150, 510.9114559436610534 ) ) ;
#4506 = CARTESIAN_POINT ( 'NONE',  ( -3.024307361917272452, -79.82273811651575102, 155.9108010578076176 ) ) ;
#4507 = CARTESIAN_POINT ( 'NONE',  ( 3.328324782304616480, -45.70254741371168450, -42.44175074588434171 ) ) ;
#4508 = CARTESIAN_POINT ( 'NONE',  ( 149.9999999999995737, 11.19476107030966361, 345.2779431210030907 ) ) ;
#4509 = CARTESIAN_POINT ( 'NONE',  ( -6.814411576723173880, 46.50797352682411656, 230.8815100217026668 ) ) ;
#4510 = CARTESIAN_POINT ( 'NONE',  ( 14.94858092199218014, -37.63082643008888795, 483.9837601394306716 ) ) ;
#4511 = CARTESIAN_POINT ( 'NONE',  ( -46.44140419946507592, -32.62537132851698374, 410.9603907305510120 ) ) ;
#4512 = ORIENTED_EDGE ( 'NONE', *, *, #1208, .F. ) ;
#4513 = CARTESIAN_POINT ( 'NONE',  ( 16.64881030716625077, 6.796166802689539210, 449.9527838170469636 ) ) ;
#4514 = CYLINDRICAL_SURFACE ( 'NONE', #4327, 9.199999999999999289 ) ;
#4515 = CARTESIAN_POINT ( 'NONE',  ( 17.31373138465630035, 11.79160645459314516, 430.0000000002123102 ) ) ;
#4516 = CARTESIAN_POINT ( 'NONE',  ( -2.565139447180365018, -28.24391356119987151, 562.9146810960148741 ) ) ;
#4517 = CARTESIAN_POINT ( 'NONE',  ( 149.9999999999997158, -4.914714336245090465, 438.2002728028813863 ) ) ;
#4518 = VECTOR ( 'NONE', #5727, 1000.000000000000000 ) ;
#4519 = CARTESIAN_POINT ( 'NONE',  ( -5.319415269970258819, -30.90951964116241157, 528.5498359800092203 ) ) ;
#4520 = CARTESIAN_POINT ( 'NONE',  ( -31.87494159519429360, 0.2130260766719754562, 443.1636844469783227 ) ) ;
#4521 = CARTESIAN_POINT ( 'NONE',  ( 9.952504079421172989, -18.78633401255403612, 558.9422371214551504 ) ) ;
#4522 = CARTESIAN_POINT ( 'NONE',  ( -150.0000000000000284, -5.251527702307162926, 440.0305525103657374 ) ) ;
#4523 = CARTESIAN_POINT ( 'NONE',  ( 28.42755645119725472, -3.288475361452404488, -32.29124967184177564 ) ) ;
#4524 = CARTESIAN_POINT ( 'NONE',  ( 12.83254554079334575, -28.99962990394162077, 515.6748560620063699 ) ) ;
#4525 = CARTESIAN_POINT ( 'NONE',  ( -21.28308339657655424, -53.99053394339122747, 422.5551073544501719 ) ) ;
#4526 = CARTESIAN_POINT ( 'NONE',  ( 0.4974361075089687168, -29.98460930068136321, 558.9422371214550367 ) ) ;
#4527 = VECTOR ( 'NONE', #5984, 1000.000000000000000 ) ;
#4528 = CARTESIAN_POINT ( 'NONE',  ( 13.77763874304960723, -7.757865939558568513, 505.8806944303116779 ) ) ;
#4529 = CARTESIAN_POINT ( 'NONE',  ( 11.85531782356713926, -6.209868252357590102, 504.8160768707914485 ) ) ;
#4530 = CARTESIAN_POINT ( 'NONE',  ( -14.40375284334905892, -28.82869273257070830, 512.4201727879868713 ) ) ;
#4531 = CARTESIAN_POINT ( 'NONE',  ( 7.196836239774110133, -20.60847461446899942, 567.4391168337917861 ) ) ;
#4532 = CARTESIAN_POINT ( 'NONE',  ( -7.223201176120760181, -20.65755235428702719, 590.7191291467783003 ) ) ;
#4533 = CARTESIAN_POINT ( 'NONE',  ( 37.14124413487134291, -35.83345485084534232, 430.9536432689840240 ) ) ;
#4534 = CARTESIAN_POINT ( 'NONE',  ( 41.43859933032412357, 6.404330323312724005, 429.9999999999997726 ) ) ;
#4535 = ADVANCED_FACE ( 'NONE', ( #2336 ), #3408, .F. ) ;
#4536 = CARTESIAN_POINT ( 'NONE',  ( -149.9999999999993179, -7.133789687153621273, 258.3651265951627352 ) ) ;
#4537 = CARTESIAN_POINT ( 'NONE',  ( 0.000000000000000000, -32.28946839013718062, -59.02309469762749217 ) ) ;
#4538 = CARTESIAN_POINT ( 'NONE',  ( 47.69512756224418126, 13.92142524552201266, 338.3749908464645841 ) ) ;
#4539 = CARTESIAN_POINT ( 'NONE',  ( -19.23958081385339014, 44.36215661290071921, 164.4211870057072531 ) ) ;
#4540 = CARTESIAN_POINT ( 'NONE',  ( 7.703588608526587223, -41.95839357894474375, 486.4517736640596581 ) ) ;
#4541 = CARTESIAN_POINT ( 'NONE',  ( -11.38091477024557996, -45.73735897591537025, 467.3501243170634325 ) ) ;
#4542 = EDGE_LOOP ( 'NONE', ( #3665, #5263, #4246, #578 ) ) ;
#4543 = CARTESIAN_POINT ( 'NONE',  ( 15.49695868346463357, 7.024444651583070076, 451.3819806704642588 ) ) ;
#4544 = CARTESIAN_POINT ( 'NONE',  ( -60.01452371159473387, -16.93389147502358938, 448.8732548501399719 ) ) ;
#4545 = CARTESIAN_POINT ( 'NONE',  ( 19.30062486148679568, 10.78717111800710349, 430.0000000002121965 ) ) ;
#4546 = CARTESIAN_POINT ( 'NONE',  ( -35.65227438544462046, -25.39235681195572170, 502.5595500600718992 ) ) ;
#4547 = CARTESIAN_POINT ( 'NONE',  ( -5.633375276077824112E-16, -10.80000000000000071, 507.3422371214550708 ) ) ;
#4548 = CARTESIAN_POINT ( 'NONE',  ( -10.98857541826156137, -38.72872439836582004, 489.3803439412857301 ) ) ;
#4549 = CARTESIAN_POINT ( 'NONE',  ( -9.033545232365328914, -29.86464428750090150, 521.9884903737516879 ) ) ;
#4550 = CARTESIAN_POINT ( 'NONE',  ( -40.08968903173592224, -1.065974393355657801, 434.8531936981859758 ) ) ;
#4551 = LINE ( 'NONE', #1647, #5237 ) ;
#4552 = CARTESIAN_POINT ( 'NONE',  ( 0.000000000000000000, -10.04618072458613653, 559.0822313642146355 ) ) ;
#4553 = CARTESIAN_POINT ( 'NONE',  ( 150.0000000000002558, 12.91824135705855703, 236.2496330257888815 ) ) ;
#4554 = CARTESIAN_POINT ( 'NONE',  ( -42.28740198411365725, -39.58641914887645896, 403.3413216190286334 ) ) ;
#4555 = LINE ( 'NONE', #3470, #3813 ) ;
#4556 = CARTESIAN_POINT ( 'NONE',  ( 13.69096583739315598, -3.784154704391069046, 492.7714317549968541 ) ) ;
#4557 = CARTESIAN_POINT ( 'NONE',  ( -0.000000000000000000, -30.77197187328679817, -60.39066745389265378 ) ) ;
#4558 = EDGE_CURVE ( 'NONE', #2362, #673, #407, .T. ) ;
#4559 = CARTESIAN_POINT ( 'NONE',  ( -75.02885402183305530, -20.34728810589296799, 430.0000000000000568 ) ) ;
#4560 = CARTESIAN_POINT ( 'NONE',  ( 9.616642789673855773, -25.11174916082813269, 556.5136757297533450 ) ) ;
#4561 = CARTESIAN_POINT ( 'NONE',  ( -25.31087597417898394, 7.510916664538656917, 430.0000000000000000 ) ) ;
#4562 = CARTESIAN_POINT ( 'NONE',  ( 18.84208957423069819, -45.86938022115318603, 452.3895868390756050 ) ) ;
#4563 = CARTESIAN_POINT ( 'NONE',  ( -0.7100953467974087108, -29.17306824982834712, 510.3798579848336772 ) ) ;
#4564 = CARTESIAN_POINT ( 'NONE',  ( -150.0000000000000853, -7.226785652320919517, 263.8358621011154241 ) ) ;
#4565 = CARTESIAN_POINT ( 'NONE',  ( 0.000000000000000000, -20.00000000000000000, 430.0000000002122533 ) ) ;
#4566 = CARTESIAN_POINT ( 'NONE',  ( 5.833484303085390010, 40.14202268965824771, 320.0000000000000568 ) ) ;
#4567 = CARTESIAN_POINT ( 'NONE',  ( 0.000000000000000000, 47.62041242848380307, 205.0701292695992777 ) ) ;
#4568 = CARTESIAN_POINT ( 'NONE',  ( 7.543721380387072628, -41.98327372274637526, 486.6991040134201967 ) ) ;
#4569 = CARTESIAN_POINT ( 'NONE',  ( -39.02759832095779302, -34.54122250404896022, 428.9501249288093732 ) ) ;
#4570 = EDGE_LOOP ( 'NONE', ( #2811, #2944, #3062, #4402 ) ) ;
#4571 = CARTESIAN_POINT ( 'NONE',  ( 14.44880717545151327, 5.441508505146170016, 459.1619760810168600 ) ) ;
#4572 = CARTESIAN_POINT ( 'NONE',  ( 10.99999999999996803, -3.731290437159163087, 498.2807125574875045 ) ) ;
#4573 = CARTESIAN_POINT ( 'NONE',  ( 10.99999175647491789, 14.53570579890608627, 430.0000485616728838 ) ) ;
#4574 = DIRECTION ( 'NONE',  ( 0.000000000000000000, 1.000000000000000000, 0.000000000000000000 ) ) ;
#4575 = CARTESIAN_POINT ( 'NONE',  ( 2.569479299618506296, -13.59584600546573441, 570.1704643477673926 ) ) ;
#4576 = CARTESIAN_POINT ( 'NONE',  ( -25.59969752436925106, -36.01174572318515743, 462.5176076502644378 ) ) ;
#4577 = CARTESIAN_POINT ( 'NONE',  ( -14.41815529982657296, -30.85845267370902079, 505.5665889112197533 ) ) ;
#4578 = CARTESIAN_POINT ( 'NONE',  ( -40.08734008312612929, 0.4523355062486436040, 429.3995446035020791 ) ) ;
#4579 = CARTESIAN_POINT ( 'NONE',  ( 0.000000000000000000, -12.79999999999999893, 458.9422371214550935 ) ) ;
#4580 = CARTESIAN_POINT ( 'NONE',  ( -7.195421851172595140, -11.55054992952790371, 560.6971571224337367 ) ) ;
#4581 = CARTESIAN_POINT ( 'NONE',  ( 85.69083615468348114, 1.184676353268040661, 66.40827568370886524 ) ) ;
#4582 = FACE_OUTER_BOUND ( 'NONE', #3163, .T. ) ;
#4583 = CARTESIAN_POINT ( 'NONE',  ( 35.58225599680820039, -8.551185566844884178, 467.3664414665374238 ) ) ;
#4584 = CARTESIAN_POINT ( 'NONE',  ( -56.45745274585014783, -15.04210054202895464, 202.2962196764084126 ) ) ;
#4585 = CARTESIAN_POINT ( 'NONE',  ( 1.772506201779876944, 5.240432644763333592, 505.9157719559657949 ) ) ;
#4586 = CARTESIAN_POINT ( 'NONE',  ( 0.000000000000000000, -29.17375450043447316, 561.1260967719907740 ) ) ;
#4587 = CARTESIAN_POINT ( 'NONE',  ( 23.25462171111377785, -50.30162266276515481, 430.0000000002123102 ) ) ;
#4588 = CARTESIAN_POINT ( 'NONE',  ( -149.9999999999999716, -6.550723356787864660, 430.0000000585459929 ) ) ;
#4589 = CARTESIAN_POINT ( 'NONE',  ( 52.17841337425499404, -26.18150556531555040, 417.5097821053709595 ) ) ;
#4590 = CARTESIAN_POINT ( 'NONE',  ( 8.741208848803722731, 21.79165878355596320, 429.9999999999999432 ) ) ;
#4591 = CARTESIAN_POINT ( 'NONE',  ( 0.000000000000000000, -79.20339055872481993, 130.7127838640535344 ) ) ;
#4592 = CARTESIAN_POINT ( 'NONE',  ( 60.00892403416684573, -10.87759879526569584, 448.8723920580213189 ) ) ;
#4593 = EDGE_CURVE ( 'NONE', #2063, #2220, #1335, .T. ) ;
#4594 = CARTESIAN_POINT ( 'NONE',  ( 13.31731313304985065, 40.34142002891250200, 313.2908567742186392 ) ) ;
#4595 = CARTESIAN_POINT ( 'NONE',  ( -43.14658061911373466, 35.50342271598734101, 304.1660564602935892 ) ) ;
#4596 = CARTESIAN_POINT ( 'NONE',  ( 7.633942345553443865, -39.64581336670018175, 493.9146937366762131 ) ) ;
#4597 = CARTESIAN_POINT ( 'NONE',  ( -8.199596553569687529, -46.41998365610323418, 470.8694994359488533 ) ) ;
#4598 = ORIENTED_EDGE ( 'NONE', *, *, #5147, .T. ) ;
#4599 = CARTESIAN_POINT ( 'NONE',  ( 54.95816087428703867, -2.680780969561742832, 423.1441121280365678 ) ) ;
#4600 = CARTESIAN_POINT ( 'NONE',  ( -7.205179228488658438, -29.92782287491368010, 556.6135806630627485 ) ) ;
#4601 = CARTESIAN_POINT ( 'NONE',  ( 54.71933418780097469, -4.422765829795782366, 430.0000215859397485 ) ) ;
#4602 = CARTESIAN_POINT ( 'NONE',  ( -41.43859933032412357, 6.404330323312724005, 429.9999999999997726 ) ) ;
#4603 = CARTESIAN_POINT ( 'NONE',  ( 12.93504259230945230, -55.88774843302881834, 430.0000000002124239 ) ) ;
#4604 = CARTESIAN_POINT ( 'NONE',  ( -14.83708946407022644, -40.04004655971046844, 477.3501506893981059 ) ) ;
#4605 = CARTESIAN_POINT ( 'NONE',  ( 20.00759931469242758, 12.86836409364916456, 420.6765508399707869 ) ) ;
#4606 = CARTESIAN_POINT ( 'NONE',  ( -17.41575473077834957, 6.641935807302192352, 448.9974716755027089 ) ) ;
#4607 = CARTESIAN_POINT ( 'NONE',  ( 9.387082482351051027, -24.35519596900571671, 558.9422371214552641 ) ) ;
#4608 = CARTESIAN_POINT ( 'NONE',  ( -35.59614935247896739, -14.40025594785179486, 503.9940283637774883 ) ) ;
#4609 = CARTESIAN_POINT ( 'NONE',  ( 0.000000000000000000, 11.73449225725467926, -28.51670946738130752 ) ) ;
#4610 = CIRCLE ( 'NONE', #709, 1.600000000000045830 ) ;
#4611 = CARTESIAN_POINT ( 'NONE',  ( -12.57542481916902233, -7.574677449567375653, 507.8357659725048165 ) ) ;
#4612 = CARTESIAN_POINT ( 'NONE',  ( 19.59167706095279371, -68.25055659405147424, 396.8613883427952373 ) ) ;
#4613 = CARTESIAN_POINT ( 'NONE',  ( 26.06833115561314074, -5.726863044513844869, 474.0962511792884584 ) ) ;
#4614 = CARTESIAN_POINT ( 'NONE',  ( -1.518584228619197729, -10.92610589442234392, 509.4569365200610491 ) ) ;
#4615 = LINE ( 'NONE', #2235, #1337 ) ;
#4616 = CARTESIAN_POINT ( 'NONE',  ( 7.202946821010514533, -29.60372527954621091, 557.8596853781666596 ) ) ;
#4617 = CARTESIAN_POINT ( 'NONE',  ( 31.38511760616813362, -42.54939340496490274, 430.0000000002123102 ) ) ;
#4618 = CARTESIAN_POINT ( 'NONE',  ( -2.569479299618506296, -13.59584600546573441, 570.1704643477673926 ) ) ;
#4619 = CARTESIAN_POINT ( 'NONE',  ( 17.87227755889341196, -50.81725728930854302, 439.6015604913919219 ) ) ;
#4620 = AXIS2_PLACEMENT_3D ( 'NONE', #2481, #3383, #1479 ) ;
#4621 = CARTESIAN_POINT ( 'NONE',  ( 11.02099794061119198, 21.06119988116071440, 430.0000000000000000 ) ) ;
#4622 = CARTESIAN_POINT ( 'NONE',  ( -3.308660835176219450, -56.59672135640213497, -20.07043342817914677 ) ) ;
#4623 = VECTOR ( 'NONE', #4574, 1000.000000000000000 ) ;
#4624 = CARTESIAN_POINT ( 'NONE',  ( 0.000000000000000000, -9.999999999999710454, 558.9422371214541272 ) ) ;
#4625 = CARTESIAN_POINT ( 'NONE',  ( 6.487160277154800703, 19.72214760585052673, 443.3057579004467357 ) ) ;
#4626 = CARTESIAN_POINT ( 'NONE',  ( -150.0000000000000000, 15.08964599839784171, 317.3683508197350989 ) ) ;
#4627 = CARTESIAN_POINT ( 'NONE',  ( 30.00251343094813450, -36.00590030187545665, 450.8204627104245219 ) ) ;
#4628 = CARTESIAN_POINT ( 'NONE',  ( -9.179653225606548617, -48.52516173998431270, 462.2016220179748984 ) ) ;
#4629 = ORIENTED_EDGE ( 'NONE', *, *, #3263, .F. ) ;
#4630 = CARTESIAN_POINT ( 'NONE',  ( 12.75128926607244217, 2.102298279329790631, 474.4498270446599690 ) ) ;
#4631 = CARTESIAN_POINT ( 'NONE',  ( -9.641052513307554861, -29.00805446362254969, 549.8478167743611493 ) ) ;
#4632 = CARTESIAN_POINT ( 'NONE',  ( -0.3340654942213499012, -42.97619046135928045, 511.4253910450159424 ) ) ;
#4633 = CARTESIAN_POINT ( 'NONE',  ( -50.45725957739338696, 3.135557651270803881, 430.0000000000001137 ) ) ;
#4634 = CARTESIAN_POINT ( 'NONE',  ( 25.35627029098902341, -75.33253253753053968, 140.4857065887874796 ) ) ;
#4635 = EDGE_CURVE ( 'NONE', #6295, #4866, #3855, .T. ) ;
#4636 = CARTESIAN_POINT ( 'NONE',  ( -16.60138889682948715, -39.50869870333388434, 475.0145049484673336 ) ) ;
#4637 = CARTESIAN_POINT ( 'NONE',  ( 8.206727715882287555, -30.06999224122214187, 523.3591351243392182 ) ) ;
#4638 = EDGE_CURVE ( 'NONE', #4871, #1126, #3337, .T. ) ;
#4639 = CARTESIAN_POINT ( 'NONE',  ( 13.94771498591886072, 14.13606029898295624, 426.7592057048615288 ) ) ;
#4640 = CARTESIAN_POINT ( 'NONE',  ( -25.05861231764740538, 3.265884759253660619, 445.5018192391001435 ) ) ;
#4641 = CARTESIAN_POINT ( 'NONE',  ( 10.99999175647491789, 14.53570579890608627, 430.0000485616728838 ) ) ;
#4642 = CARTESIAN_POINT ( 'NONE',  ( -9.617997005368250640, -11.53735616400108199, 551.1923763188412977 ) ) ;
#4643 = CARTESIAN_POINT ( 'NONE',  ( 12.37917598823336540, 4.075400731689930112, -36.12926134960945035 ) ) ;
#4644 = ORIENTED_EDGE ( 'NONE', *, *, #4080, .F. ) ;
#4645 = CARTESIAN_POINT ( 'NONE',  ( -10.15714267950395211, -7.150168514283623544, 511.6932974017108791 ) ) ;
#4646 = CARTESIAN_POINT ( 'NONE',  ( 0.000000000000000000, -67.28014553698039890, 415.7242264024383758 ) ) ;
#4647 = CARTESIAN_POINT ( 'NONE',  ( -14.07260782001935517, -37.88009913266349571, 485.2021980149668821 ) ) ;
#4648 = CARTESIAN_POINT ( 'NONE',  ( 0.000000000000000000, -8.653564323852759088, 507.3422371214550708 ) ) ;
#4649 = CARTESIAN_POINT ( 'NONE',  ( -1.557573488918347460, -10.93244715973438197, 508.5210964132006666 ) ) ;
#4650 = CARTESIAN_POINT ( 'NONE',  ( 0.000000000000000000, -12.79999999999999893, 458.9422371214550935 ) ) ;
#4651 = CARTESIAN_POINT ( 'NONE',  ( 35.62947719106909972, -24.94595067090384077, 503.5523837938139309 ) ) ;
#4652 = CARTESIAN_POINT ( 'NONE',  ( 31.25410281422633929, -42.69409339038399054, 430.0000000002121965 ) ) ;
#4653 = CARTESIAN_POINT ( 'NONE',  ( 12.18235440761431931, -52.34019486869448912, 444.3022465123104894 ) ) ;
#4654 = CARTESIAN_POINT ( 'NONE',  ( -1.057775965290527198, -29.13928963194109656, 510.1472077226493411 ) ) ;
#4655 = CARTESIAN_POINT ( 'NONE',  ( 0.000000000000000000, -73.34685314614938534, 54.45304635361954126 ) ) ;
#4656 = CARTESIAN_POINT ( 'NONE',  ( 150.0000000000000000, -5.439522459892920381, 440.0305525103659647 ) ) ;
#4657 = CARTESIAN_POINT ( 'NONE',  ( 0.000000000000000000, 23.07731326548116613, 429.8900929289059150 ) ) ;
#4658 = CARTESIAN_POINT ( 'NONE',  ( 0.000000000000000000, 38.87860893774676185, 331.9800661568619944 ) ) ;
#4659 = CARTESIAN_POINT ( 'NONE',  ( 8.704023918772193724, -44.05514967123135506, 477.7306560675066862 ) ) ;
#4660 = CARTESIAN_POINT ( 'NONE',  ( -8.942744672750707835, -46.30538764951786845, 469.9817692550488459 ) ) ;
#4661 = ORIENTED_EDGE ( 'NONE', *, *, #3816, .T. ) ;
#4662 = CARTESIAN_POINT ( 'NONE',  ( -39.22010252358283822, -33.35922102423977265, 468.0098017817155096 ) ) ;
#4663 = CARTESIAN_POINT ( 'NONE',  ( -2.498192668306429720, -43.56419346694160311, 508.7554372062214156 ) ) ;
#4664 = CARTESIAN_POINT ( 'NONE',  ( 0.000000000000000000, 23.02673305817156546, 430.0000000002122533 ) ) ;
#4665 = CARTESIAN_POINT ( 'NONE',  ( 11.18219437242983005, -77.94723555207765742, 133.5033614654351481 ) ) ;
#4666 = CARTESIAN_POINT ( 'NONE',  ( -11.69791009948241900, -40.92518724668239827, 481.3479452832632433 ) ) ;
#4667 = CARTESIAN_POINT ( 'NONE',  ( 10.16899152536477224, -31.87283137695970225, 512.4049641952361753 ) ) ;
#4668 = CARTESIAN_POINT ( 'NONE',  ( -11.81359746008200950, -54.55404413890460091, 436.8749099478550306 ) ) ;
#4669 = CARTESIAN_POINT ( 'NONE',  ( -44.21924473294966162, -20.02188114089651449, 470.1806915173954167 ) ) ;
#4670 = CARTESIAN_POINT ( 'NONE',  ( -12.56082405726175288, 11.06738391407623823, 441.5929861928681248 ) ) ;
#4671 = CARTESIAN_POINT ( 'NONE',  ( -2.115684019887201117, -29.89161522144991423, 558.9422371291663012 ) ) ;
#4672 = CARTESIAN_POINT ( 'NONE',  ( -35.59168680431973542, -15.80052879184507297, 506.0949403560768474 ) ) ;
#4673 = CARTESIAN_POINT ( 'NONE',  ( 12.24542331509240611, 10.79387684120225543, -23.56345594219629547 ) ) ;
#4674 = ORIENTED_EDGE ( 'NONE', *, *, #825, .T. ) ;
#4675 = CARTESIAN_POINT ( 'NONE',  ( 0.000000000000000000, 5.481689149415663209, 505.4422371214553209 ) ) ;
#4676 = CARTESIAN_POINT ( 'NONE',  ( 58.36365444063026331, -51.93710639295454001, 391.2153997146278925 ) ) ;
#4677 = CARTESIAN_POINT ( 'NONE',  ( -7.022612018781735799, -37.46568792958922245, 502.3476721880167020 ) ) ;
#4678 = CARTESIAN_POINT ( 'NONE',  ( 0.000000000000000000, -46.58870159832864033, 508.9422371214551504 ) ) ;
#4679 = CARTESIAN_POINT ( 'NONE',  ( -14.40375284334903938, -28.82869273257070830, 618.0000000002123670 ) ) ;
#4680 = CARTESIAN_POINT ( 'NONE',  ( 3.402494199463235613, 4.022119732844357642, 509.7935018790165032 ) ) ;
#4681 = CARTESIAN_POINT ( 'NONE',  ( 150.0000000000000284, -6.008609634071088834, 440.0305525103659079 ) ) ;
#4682 = CARTESIAN_POINT ( 'NONE',  ( 25.12739449372383760, -48.79474748573035470, 430.0000000002123102 ) ) ;
#4683 = DIRECTION ( 'NONE',  ( 1.000000000000000000, 0.000000000000000000, -0.000000000000000000 ) ) ;
#4684 = CARTESIAN_POINT ( 'NONE',  ( 13.75556014904020685, -51.97984582611401549, 443.0616628216434378 ) ) ;
#4685 = CARTESIAN_POINT ( 'NONE',  ( -3.471582784672232691, 4.373409057809913847, 508.4442235829602623 ) ) ;
#4686 = PRODUCT_DEFINITION_CONTEXT ( 'detailed design', #5661, 'design' ) ;
#4687 = CARTESIAN_POINT ( 'NONE',  ( -27.46242036201467229, -65.54305685625384115, 43.84617519995119750 ) ) ;
#4688 = CARTESIAN_POINT ( 'NONE',  ( 150.0000000000000284, -5.251527702307162926, 440.0305525103657374 ) ) ;
#4689 = CARTESIAN_POINT ( 'NONE',  ( 11.87753674811280824, 22.01321616650771773, 424.9228753704809378 ) ) ;
#4690 = CARTESIAN_POINT ( 'NONE',  ( -5.833484303085390010, 38.83323711334092820, 331.6529499013212217 ) ) ;
#4691 = CARTESIAN_POINT ( 'NONE',  ( 9.336558311645090313, -43.90299863939504377, 476.9830252077012460 ) ) ;
#4692 = CARTESIAN_POINT ( 'NONE',  ( -9.774852370792538991, -43.79235868712020618, 476.4758398773284398 ) ) ;
#4693 = CARTESIAN_POINT ( 'NONE',  ( 0.000000000000000000, -30.00000000000000000, 558.9422371214550367 ) ) ;
#4694 = ORIENTED_EDGE ( 'NONE', *, *, #1583, .T. ) ;
#4695 = CARTESIAN_POINT ( 'NONE',  ( -43.91086031887081731, -38.92237591737671210, 445.9643665331878992 ) ) ;
#4696 = CARTESIAN_POINT ( 'NONE',  ( -1.490253870021695182, -10.06869430153065004, 558.9422371034246453 ) ) ;
#4697 = CARTESIAN_POINT ( 'NONE',  ( 26.19634740249509974, -72.84612030575785013, 104.1756435679975539 ) ) ;
#4698 = CARTESIAN_POINT ( 'NONE',  ( -27.93320105887194060, 9.482709585563030785, -10.56185500302712477 ) ) ;
#4699 = CARTESIAN_POINT ( 'NONE',  ( 11.51298661735971685, -33.86872691367882737, 503.0016523096458627 ) ) ;
#4700 = CARTESIAN_POINT ( 'NONE',  ( -12.44475667281593623, -52.28148520809899225, 444.0966248282511515 ) ) ;
#4701 = CARTESIAN_POINT ( 'NONE',  ( 150.0000000000000284, -5.251527702307163814, 440.0305525103657374 ) ) ;
#4702 = CARTESIAN_POINT ( 'NONE',  ( -13.84191398224362679, 9.086707477920770160, 446.8310098382387991 ) ) ;
#4703 = CARTESIAN_POINT ( 'NONE',  ( -9.797773230524359889, -22.52756554651001153, 558.9422371214550367 ) ) ;
#4704 = CARTESIAN_POINT ( 'NONE',  ( -7.195888519854179322, -12.55583417180842609, 562.5170950364142755 ) ) ;
#4705 = CARTESIAN_POINT ( 'NONE',  ( 10.71961130750829305, 36.07779793481478237, 62.31912070581579144 ) ) ;
#4706 = CARTESIAN_POINT ( 'NONE',  ( -15.77320376183254780, -8.045904692354907795, 502.5980664880591462 ) ) ;
#4707 = CARTESIAN_POINT ( 'NONE',  ( 55.74309498681974873, -15.82797506869048121, 392.1736765880806388 ) ) ;
#4708 = CARTESIAN_POINT ( 'NONE',  ( -23.06486304745399352, -34.85591652755086756, 472.2012883971225961 ) ) ;
#4709 = CARTESIAN_POINT ( 'NONE',  ( 0.9939396745079142059, -10.03631387791507912, 558.9422371214548093 ) ) ;
#4710 = DIRECTION ( 'NONE',  ( 1.000000000000000000, 0.000000000000000000, 0.000000000000000000 ) ) ;
#4711 = CARTESIAN_POINT ( 'NONE',  ( 2.147685639064088825, 5.138561844084503782, 506.1693837122346054 ) ) ;
#4712 = CARTESIAN_POINT ( 'NONE',  ( 35.61703843942357395, -24.44288472854735161, 504.5312346470668672 ) ) ;
#4713 = CARTESIAN_POINT ( 'NONE',  ( 34.01258340241010103, -39.60979153890738047, 430.0000000002123102 ) ) ;
#4714 = LINE ( 'NONE', #305, #1221 ) ;
#4715 = CARTESIAN_POINT ( 'NONE',  ( 10.64754239015417170, -52.65106512506992686, 445.5090474922407680 ) ) ;
#4716 = CIRCLE ( 'NONE', #4004, 4.000000000000000000 ) ;
#4717 = CARTESIAN_POINT ( 'NONE',  ( -2.802654847926892678, 4.902302250663284511, 506.7970224824139791 ) ) ;
#4718 = CARTESIAN_POINT ( 'NONE',  ( -54.55326597048257753, -23.54786880765232127, 243.8915500169878214 ) ) ;
#4719 = CARTESIAN_POINT ( 'NONE',  ( 150.0000000000000284, -5.320917545542049432, 440.0305525103656805 ) ) ;
#4720 = CARTESIAN_POINT ( 'NONE',  ( 149.9999999999996589, 3.010335517173705178, 393.8851699768119943 ) ) ;
#4721 = CARTESIAN_POINT ( 'NONE',  ( -42.60652105880237173, 30.35201058883452419, 345.2738653162223272 ) ) ;
#4722 = CARTESIAN_POINT ( 'NONE',  ( 33.69657848904243735, -33.92952676169240789, 446.2917418173740884 ) ) ;
#4723 = CARTESIAN_POINT ( 'NONE',  ( -49.23282399078705396, -26.65160527134288415, 425.2030696740947064 ) ) ;
#4724 = CARTESIAN_POINT ( 'NONE',  ( 7.205179228488658438, -29.92782287491368010, 556.6135806630627485 ) ) ;
#4725 = ORIENTED_EDGE ( 'NONE', *, *, #4782, .F. ) ;
#4726 = VECTOR ( 'NONE', #3362, 1000.000000000000000 ) ;
#4727 = CARTESIAN_POINT ( 'NONE',  ( -9.936891661188814950, -33.33549716207983238, 533.1774082778099455 ) ) ;
#4728 = DIRECTION ( 'NONE',  ( 0.000000000000000000, 0.000000000000000000, -1.000000000000000000 ) ) ;
#4729 = CARTESIAN_POINT ( 'NONE',  ( 82.17685131433721324, -52.69576616589431950, 130.2400176839724679 ) ) ;
#4730 = CARTESIAN_POINT ( 'NONE',  ( 0.000000000000000000, 4.829427991817969890, -41.35103106569409448 ) ) ;
#4731 = CARTESIAN_POINT ( 'NONE',  ( 5.616337083089351090, -35.33310065092405949, 512.6840438693311626 ) ) ;
#4732 = CARTESIAN_POINT ( 'NONE',  ( -41.46655804648574417, -38.43324699338405992, 409.7634028109899873 ) ) ;
#4733 = VERTEX_POINT ( 'NONE', #3469 ) ;
#4734 = CARTESIAN_POINT ( 'NONE',  ( 24.50117342122125663, 11.74043462572312713, 416.0477295200910817 ) ) ;
#4735 = CARTESIAN_POINT ( 'NONE',  ( -25.43261191501887808, 6.574808542293584246, 433.1206235998542411 ) ) ;
#4736 = CARTESIAN_POINT ( 'NONE',  ( -7.382558178312244479, -28.21989137763580757, 558.9422371214551504 ) ) ;
#4737 = CARTESIAN_POINT ( 'NONE',  ( 0.000000000000000000, -20.62802118444833255, 568.9422371214550367 ) ) ;
#4738 = CARTESIAN_POINT ( 'NONE',  ( 50.87203371489453474, 19.93273469430910438, 264.0063586441475536 ) ) ;
#4739 = CARTESIAN_POINT ( 'NONE',  ( -31.53895373065873642, -8.168893902313213218, 472.5065630212704946 ) ) ;
#4740 = CARTESIAN_POINT ( 'NONE',  ( 149.9999999999998010, -7.283625780904996461, 317.3988343436489004 ) ) ;
#4741 = CARTESIAN_POINT ( 'NONE',  ( -24.15097461935911127, -32.22878300022899367, 476.9310014916666773 ) ) ;
#4742 = CARTESIAN_POINT ( 'NONE',  ( 0.000000000000000000, -29.19999999999999929, 432.9207075737901391 ) ) ;
#4743 = DIRECTION ( 'NONE',  ( 0.000000000000000000, 0.000000000000000000, 1.000000000000000000 ) ) ;
#4744 = CARTESIAN_POINT ( 'NONE',  ( 58.15619074678026124, -27.28949579270598491, 430.0000000000000568 ) ) ;
#4745 = CARTESIAN_POINT ( 'NONE',  ( -11.00000000000003730, -32.78400426621576713, 507.7061421647095472 ) ) ;
#4746 = CARTESIAN_POINT ( 'NONE',  ( 36.80229751641457625, -36.53208596782694428, 430.0000000002122533 ) ) ;
#4747 = DIRECTION ( 'NONE',  ( 0.000000000000000000, 1.000000000000000000, 0.000000000000000000 ) ) ;
#4748 = CARTESIAN_POINT ( 'NONE',  ( 55.63765853534972194, -26.23881713698463258, 404.4425252075241701 ) ) ;
#4749 = VERTEX_POINT ( 'NONE', #1020 ) ;
#4750 = CARTESIAN_POINT ( 'NONE',  ( -2.147685639064088825, 5.138561844084503782, 506.1693837122346054 ) ) ;
#4751 = CARTESIAN_POINT ( 'NONE',  ( 21.41780719043987347, 0.4661950906416968965, 462.3680445265583216 ) ) ;
#4752 = EDGE_CURVE ( 'NONE', #5053, #770, #2985, .T. ) ;
#4753 = CARTESIAN_POINT ( 'NONE',  ( -149.9999999999994316, -6.723485626346573873, 244.2055216643992424 ) ) ;
#4754 = CARTESIAN_POINT ( 'NONE',  ( 60.02584210782486451, -11.49775089684443152, 449.8867972215679742 ) ) ;
#4755 = CARTESIAN_POINT ( 'NONE',  ( 57.77097111345211289, -2.535394609008782663, 415.1043187994338837 ) ) ;
#4756 = CARTESIAN_POINT ( 'NONE',  ( -52.26163914926329568, 6.411420321105841147, 377.3440233945722184 ) ) ;
#4757 = CARTESIAN_POINT ( 'NONE',  ( 22.16280290093247629, -37.50130167510938861, 467.3094888082165994 ) ) ;
#4758 = CARTESIAN_POINT ( 'NONE',  ( -7.979829162137273002, -44.18406598959326459, 478.6853247018499928 ) ) ;
#4759 = CARTESIAN_POINT ( 'NONE',  ( -14.40375284334905892, -28.82869273257070830, 512.4201727879868713 ) ) ;
#4760 = ORIENTED_EDGE ( 'NONE', *, *, #351, .F. ) ;
#4761 = CARTESIAN_POINT ( 'NONE',  ( 0.000000000000000000, -64.27087736381501770, 430.1847566579382942 ) ) ;
#4762 = CARTESIAN_POINT ( 'NONE',  ( 3.110336800462580875, -77.77735330805251124, 109.5388928070362056 ) ) ;
#4763 = CARTESIAN_POINT ( 'NONE',  ( -12.51122854236293591, -10.32226976056000467, -55.36644004333045643 ) ) ;
#4764 = CARTESIAN_POINT ( 'NONE',  ( 16.61015290059622629, -32.56521198635633851, 495.0486402595073514 ) ) ;
#4765 = CARTESIAN_POINT ( 'NONE',  ( -11.78866413955386250, -52.42578195716721723, 444.6084594943044976 ) ) ;
#4766 = VERTEX_POINT ( 'NONE', #2501 ) ;
#4767 = CARTESIAN_POINT ( 'NONE',  ( 27.40636626752508320, 9.383830283920350013, 419.0763584345860977 ) ) ;
#4768 = CARTESIAN_POINT ( 'NONE',  ( -24.06237209297341906, 8.588180701936408923, 428.6755883460273253 ) ) ;
#4769 = CARTESIAN_POINT ( 'NONE',  ( 0.000000000000000000, -49.93904776405505430, 486.5602779892034846 ) ) ;
#4770 = CARTESIAN_POINT ( 'NONE',  ( -60.03675232927812289, -14.11171775164236841, 451.5089619947291339 ) ) ;
#4771 = CARTESIAN_POINT ( 'NONE',  ( 2.613339197210340359, 43.38578146962264270, 105.1797038346670092 ) ) ;
#4772 = CARTESIAN_POINT ( 'NONE',  ( -12.89210658183077740, -3.646054141017825767, 493.9870770578426686 ) ) ;
#4773 = CARTESIAN_POINT ( 'NONE',  ( 72.30406558896707736, -59.87721204194389912, 237.1823519600897896 ) ) ;
#4774 = CARTESIAN_POINT ( 'NONE',  ( -25.97011457643301569, -31.48908771284900254, 474.3124115645741199 ) ) ;
#4775 = CYLINDRICAL_SURFACE ( 'NONE', #295, 9.199999999999999289 ) ;
#4776 = CARTESIAN_POINT ( 'NONE',  ( -150.0000000000000284, -6.273185142720461904, 439.2072978523730740 ) ) ;
#4777 = CARTESIAN_POINT ( 'NONE',  ( 21.31445573855800291, -58.92252511718464092, 430.0000000000000000 ) ) ;
#4778 = CARTESIAN_POINT ( 'NONE',  ( -11.23415871699898183, -5.097733829346291046, 502.4118502043975809 ) ) ;
#4779 = CARTESIAN_POINT ( 'NONE',  ( 44.11423652414305252, -29.48574418680572506, 430.0000000002121965 ) ) ;
#4780 = CARTESIAN_POINT ( 'NONE',  ( -11.00000000000001954, 8.945600197668076348, 452.8937132131504200 ) ) ;
#4781 = CARTESIAN_POINT ( 'NONE',  ( 12.63407277468509982, -54.38726210856325594, 436.3030607024178380 ) ) ;
#4782 = EDGE_CURVE ( 'NONE', #2220, #5483, #6270, .T. ) ;
#4783 = CARTESIAN_POINT ( 'NONE',  ( 10.99999999999999822, -3.731290437159162199, 430.0000000002122533 ) ) ;
#4784 = CARTESIAN_POINT ( 'NONE',  ( 16.91340492717617039, 3.142769069242582258, 462.3383382252081901 ) ) ;
#4785 = CARTESIAN_POINT ( 'NONE',  ( -56.37431445055649704, -19.28671952799274791, 208.5790185961205907 ) ) ;
#4786 = CARTESIAN_POINT ( 'NONE',  ( 35.59087737239971716, -16.24775013673977497, 506.5560500417332150 ) ) ;
#4787 = CARTESIAN_POINT ( 'NONE',  ( 59.97261899444817601, -10.31809425623221443, 446.5905760905740181 ) ) ;
#4788 = CARTESIAN_POINT ( 'NONE',  ( -12.86356880811151981, 31.41958604971774349, 377.2397787413708556 ) ) ;
#4789 = CARTESIAN_POINT ( 'NONE',  ( 8.750779022584023181, -46.33874194208044628, 470.2093180481153922 ) ) ;
#4790 = CARTESIAN_POINT ( 'NONE',  ( -46.89175372329851399, -27.98173156013698915, 427.1853840926293060 ) ) ;
#4791 = CARTESIAN_POINT ( 'NONE',  ( -35.66872220019027395, -6.016336246200252091, 458.6525216631118269 ) ) ;
#4792 = ORIENTED_EDGE ( 'NONE', *, *, #1953, .T. ) ;
#4793 = CARTESIAN_POINT ( 'NONE',  ( -50.03496671508558791, -9.445889722702119684, 316.1574926723979502 ) ) ;
#4794 = CARTESIAN_POINT ( 'NONE',  ( 12.42610409642362512, -50.88669372053431061, -26.39278658964152058 ) ) ;
#4795 = CARTESIAN_POINT ( 'NONE',  ( -56.38420455136408549, -2.341849795747153795, 206.2968260904183353 ) ) ;
#4796 = CARTESIAN_POINT ( 'NONE',  ( 6.475640323471739457, -39.80313705700260130, 495.9429470449771316 ) ) ;
#4797 = CARTESIAN_POINT ( 'NONE',  ( -21.72333732889022428, -49.42538233309595341, 436.0265113600559630 ) ) ;
#4798 = ORIENTED_EDGE ( 'NONE', *, *, #3139, .F. ) ;
#4799 = CARTESIAN_POINT ( 'NONE',  ( 11.77533912623026247, 11.21402024612996406, 442.4266492926124670 ) ) ;
#4800 = CARTESIAN_POINT ( 'NONE',  ( -54.57368076399848889, 1.229110073902242251, 408.3706466791846310 ) ) ;
#4801 = FACE_OUTER_BOUND ( 'NONE', #1295, .T. ) ;
#4802 = CARTESIAN_POINT ( 'NONE',  ( -60.03675232927812289, -13.74375973508888471, 451.5089619947290203 ) ) ;
#4803 = CARTESIAN_POINT ( 'NONE',  ( -14.48052275867391003, -3.914729572775229816, 491.5504762528238416 ) ) ;
#4804 = CARTESIAN_POINT ( 'NONE',  ( 10.32451202925036782, -80.43253277395770340, 230.8430312159430002 ) ) ;
#4805 = CARTESIAN_POINT ( 'NONE',  ( -6.679155045545200231, -35.21143148823801283, 510.3509537222656718 ) ) ;
#4806 = CARTESIAN_POINT ( 'NONE',  ( 7.425430455397928675, -11.83203099376514089, 558.9422371214548093 ) ) ;
#4807 = CARTESIAN_POINT ( 'NONE',  ( 0.000000000000000000, -10.80000000000000071, 510.5422371214551731 ) ) ;
#4808 = CARTESIAN_POINT ( 'NONE',  ( 91.83665115224950171, -15.93970076381016909, 430.0000000000000000 ) ) ;
#4809 = CARTESIAN_POINT ( 'NONE',  ( -11.85531782356713926, -6.209868252357590102, 504.8160768707914485 ) ) ;
#4810 = CARTESIAN_POINT ( 'NONE',  ( 36.85139113171124592, -36.47927892242114467, 430.0000000002123670 ) ) ;
#4811 = CYLINDRICAL_SURFACE ( 'NONE', #3177, 1.600000000000045830 ) ;
#4812 = CARTESIAN_POINT ( 'NONE',  ( 33.05360510757489578, -45.30899717643390545, 418.1571500932244589 ) ) ;
#4813 = CARTESIAN_POINT ( 'NONE',  ( 0.000000000000000000, 5.481689149415663209, 505.4422371214553209 ) ) ;
#4814 = CARTESIAN_POINT ( 'NONE',  ( 28.34346586658977785, 0.8835586159894447400, 447.4284585457773460 ) ) ;
#4815 = CARTESIAN_POINT ( 'NONE',  ( -3.319580048919993587, -51.67387637798120892, -31.56814357688302053 ) ) ;
#4816 = CARTESIAN_POINT ( 'NONE',  ( 35.59168680431973542, -15.80052879184507297, 506.0949403560768474 ) ) ;
#4817 = CARTESIAN_POINT ( 'NONE',  ( -9.706193483868752026, -6.012392168603122755, 533.3392366149785175 ) ) ;
#4818 = VECTOR ( 'NONE', #539, 1000.000000000000000 ) ;
#4819 = CARTESIAN_POINT ( 'NONE',  ( 43.99947771405700792, -28.13317625316464188, 435.2932211846823520 ) ) ;
#4820 = CARTESIAN_POINT ( 'NONE',  ( -21.35711199829623652, -40.19531793609128556, 462.2273114774167198 ) ) ;
#4821 = CARTESIAN_POINT ( 'NONE',  ( -52.02865093002468200, -23.15689208864281312, 433.4965499048038282 ) ) ;
#4822 = ORIENTED_EDGE ( 'NONE', *, *, #2557, .T. ) ;
#4823 = CARTESIAN_POINT ( 'NONE',  ( -67.20797338193762016, -58.80519439979746465, 345.3472472737784642 ) ) ;
#4824 = PRODUCT_CONTEXT ( 'NONE', #175, 'mechanical' ) ;
#4825 = AXIS2_PLACEMENT_3D ( 'NONE', #3685, #5069, #662 ) ;
#4826 = CARTESIAN_POINT ( 'NONE',  ( 12.30676766400387301, -59.67607458661261433, -3.399091535827473365 ) ) ;
#4827 = CARTESIAN_POINT ( 'NONE',  ( 0.000000000000000000, 7.905339886619993095, -35.92712258355483357 ) ) ;
#4828 = CARTESIAN_POINT ( 'NONE',  ( 6.618719410686459526, -37.55554283068254051, 503.0392202192223294 ) ) ;
#4829 = CARTESIAN_POINT ( 'NONE',  ( -18.81788599943061513, -52.74192204090626745, 431.6912385859633901 ) ) ;
#4830 = VECTOR ( 'NONE', #4965, 1000.000000000000000 ) ;
#4831 = ORIENTED_EDGE ( 'NONE', *, *, #2055, .T. ) ;
#4832 = EDGE_CURVE ( 'NONE', #2396, #2881, #3374, .T. ) ;
#4833 = CARTESIAN_POINT ( 'NONE',  ( 16.82223334386247515, 10.23703868261091721, 436.9251438390776343 ) ) ;
#4834 = DIRECTION ( 'NONE',  ( 0.000000000000000000, 0.000000000000000000, 1.000000000000000000 ) ) ;
#4835 = CARTESIAN_POINT ( 'NONE',  ( 29.01847915058329264, 5.497563604566591877, 430.0000000002122533 ) ) ;
#4836 = CARTESIAN_POINT ( 'NONE',  ( -60.03645708646333645, -13.35755064897762523, 451.4581467534061403 ) ) ;
#4837 = ADVANCED_FACE ( 'NONE', ( #2858 ), #4811, .F. ) ;
#4838 = ORIENTED_EDGE ( 'NONE', *, *, #2631, .T. ) ;
#4839 = CARTESIAN_POINT ( 'NONE',  ( -28.00420620780169756, -4.233333120139693762, 465.5287132381515107 ) ) ;
#4840 = CARTESIAN_POINT ( 'NONE',  ( 22.92437297788302075, -78.44663433861667556, 256.6691905929424706 ) ) ;
#4841 = CARTESIAN_POINT ( 'NONE',  ( -5.256646578709997186, -33.09133960204634661, 521.1207719748294949 ) ) ;
#4842 = CARTESIAN_POINT ( 'NONE',  ( -22.90210313508297091, -1.612495853672817336, 466.4427661341815110 ) ) ;
#4843 = CARTESIAN_POINT ( 'NONE',  ( 9.225018920135834577, -15.11648391821025683, 558.9422371214549230 ) ) ;
#4844 = CARTESIAN_POINT ( 'NONE',  ( -150.0000000000000853, -6.250264775982731003, 440.0305525103657374 ) ) ;
#4845 = DIRECTION ( 'NONE',  ( 0.08335817430942787931, 0.9965196509732254793, 0.000000000000000000 ) ) ;
#4846 = CARTESIAN_POINT ( 'NONE',  ( -14.50576752631751098, -7.702789335991677255, 504.1486541749745811 ) ) ;
#4847 = CARTESIAN_POINT ( 'NONE',  ( 40.77123442549859789, -32.49116982639223750, 430.0000000002122533 ) ) ;
#4848 = DIRECTION ( 'NONE',  ( -0.000000000000000000, 0.000000000000000000, 1.000000000000000000 ) ) ;
#4849 = CARTESIAN_POINT ( 'NONE',  ( 22.27542626903873213, -51.47442243057018629, 428.7610970650387117 ) ) ;
#4850 = ORIENTED_EDGE ( 'NONE', *, *, #5657, .F. ) ;
#4851 = CARTESIAN_POINT ( 'NONE',  ( 11.49701710695822499, -1.465653016635084294, 489.4362692796943861 ) ) ;
#4852 = CARTESIAN_POINT ( 'NONE',  ( -28.54115865743538905, -33.16141307421987960, -37.11849018243989207 ) ) ;
#4853 = CARTESIAN_POINT ( 'NONE',  ( 60.03675232927812289, -13.74375973508888471, 451.5089619947290203 ) ) ;
#4854 = CARTESIAN_POINT ( 'NONE',  ( -56.79090820126123873, -0.6367270459114310333, 407.3366011671671458 ) ) ;
#4855 = CARTESIAN_POINT ( 'NONE',  ( 38.25811384883015620, -33.14992646099261719, 435.3578230191574221 ) ) ;
#4856 = CARTESIAN_POINT ( 'NONE',  ( -43.99947771405700792, -28.13317625316464188, 435.2932211846823520 ) ) ;
#4857 = CARTESIAN_POINT ( 'NONE',  ( 49.57589482235463407, -44.46701830025540403, 424.1535944136560374 ) ) ;
#4858 = ORIENTED_EDGE ( 'NONE', *, *, #3288, .F. ) ;
#4859 = B_SPLINE_CURVE_WITH_KNOTS ( 'NONE', 3,
 ( #2393, #5574, #99, #1073, #3064, #4544, #3548 ),
 .UNSPECIFIED., .F., .F.,
 ( 4, 1, 1, 1, 4 ),
 ( 0.007261689323500824210, 0.03502224838491098391, 0.09383257832149248523, 0.1938325783214923659, 0.9999999999999998890 ),
 .UNSPECIFIED. ) ;
#4860 = CARTESIAN_POINT ( 'NONE',  ( -53.92065336472777659, -13.86360544015033369, 377.3258048594636875 ) ) ;
#4861 =( NAMED_UNIT ( * ) SI_UNIT ( $, .STERADIAN. ) SOLID_ANGLE_UNIT ( ) );
#4862 = CARTESIAN_POINT ( 'NONE',  ( 3.295740538406582765, -60.66268119429104644, -8.171243665031143522 ) ) ;
#4863 = CARTESIAN_POINT ( 'NONE',  ( -2.764266699687509821, 40.40007119318590156, 79.70911587689846556 ) ) ;
#4864 = CARTESIAN_POINT ( 'NONE',  ( 33.65595426643712784, -28.24177992012387861, 463.9075776132242481 ) ) ;
#4865 = CARTESIAN_POINT ( 'NONE',  ( -11.08338074702831477, -50.35877331942299406, 452.7992671569915615 ) ) ;
#4866 = VERTEX_POINT ( 'NONE', #5005 ) ;
#4867 = CARTESIAN_POINT ( 'NONE',  ( 44.27897755076293862, 4.028817613046593138, 409.7712362846510814 ) ) ;
#4868 = CARTESIAN_POINT ( 'NONE',  ( -15.88498522554863612, 13.76244072791657835, 424.8745982734934046 ) ) ;
#4869 = CARTESIAN_POINT ( 'NONE',  ( 33.98052946989493250, 2.975332533065517815, 430.0000000002122533 ) ) ;
#4870 = CARTESIAN_POINT ( 'NONE',  ( -150.0000000000000284, -5.957878684532476044, 440.0305525103656237 ) ) ;
#4871 = VERTEX_POINT ( 'NONE', #5495 ) ;
#4872 = CARTESIAN_POINT ( 'NONE',  ( -21.07408145427415747, -3.138250501128660108, 475.1996981908638986 ) ) ;
#4873 = CARTESIAN_POINT ( 'NONE',  ( -18.29139620885353779, -32.07039975752707051, 492.3459076025424679 ) ) ;
#4874 = CARTESIAN_POINT ( 'NONE',  ( -20.03593416811032313, 2.528394617795934440, 458.1101155079955447 ) ) ;
#4875 = DIRECTION ( 'NONE',  ( 0.000000000000000000, 0.000000000000000000, -1.000000000000000000 ) ) ;
#4876 = CARTESIAN_POINT ( 'NONE',  ( -0.7104824048987035123, -10.82696276925742040, 510.3796599454881857 ) ) ;
#4877 = CARTESIAN_POINT ( 'NONE',  ( 40.29568694578678389, -41.85950369818068850, 429.9999999999998863 ) ) ;
#4878 = ADVANCED_FACE ( 'NONE', ( #569 ), #4914, .T. ) ;
#4879 = DIRECTION ( 'NONE',  ( -0.1490617891627465108, -0.9888278834112642635, 0.000000000000000000 ) ) ;
#4880 = CARTESIAN_POINT ( 'NONE',  ( 40.69700928582835076, -32.56202877411988084, 430.0000000002123102 ) ) ;
#4881 = CARTESIAN_POINT ( 'NONE',  ( 0.8019073092451657336, -10.83459965179633500, 507.5537628367175103 ) ) ;
#4882 = CARTESIAN_POINT ( 'NONE',  ( 15.34183781017104842, -55.80428913947648084, 426.7566687427631109 ) ) ;
#4883 = CARTESIAN_POINT ( 'NONE',  ( 9.125206679549854982, -0.9721348967028226040, 492.8466526308015432 ) ) ;
#4884 = CARTESIAN_POINT ( 'NONE',  ( -28.55179102718988915, -31.16361899051491235, -39.13079872091756783 ) ) ;
#4885 = CARTESIAN_POINT ( 'NONE',  ( 0.000000000000000000, -19.37197881399080757, 568.9422371214550367 ) ) ;
#4886 = CARTESIAN_POINT ( 'NONE',  ( -2.331263078060942462, 10.18293184117968941, 486.7884037760323963 ) ) ;
#4887 = CARTESIAN_POINT ( 'NONE',  ( 8.569016705600125405, -48.61676126736359294, 462.8229860829863469 ) ) ;
#4888 = CARTESIAN_POINT ( 'NONE',  ( 0.000000000000000000, -57.47218005397606788, 458.5351175944340980 ) ) ;
#4889 = EDGE_LOOP ( 'NONE', ( #5248, #5515, #6316, #976, #1799, #5711, #2748 ) ) ;
#4890 = CARTESIAN_POINT ( 'NONE',  ( -50.08248875286928836, -9.736513844828129649, 308.9701551022552621 ) ) ;
#4891 = CARTESIAN_POINT ( 'NONE',  ( 28.38936618130549050, -46.46762535783658166, -18.45382494323292377 ) ) ;
#4892 = CARTESIAN_POINT ( 'NONE',  ( 2.157746065596713780, 47.43923580062173784, 180.7376766213325539 ) ) ;
#4893 = CARTESIAN_POINT ( 'NONE',  ( -27.66326358064004864, 13.52599411192533374, -1.587463340206875628 ) ) ;
#4894 = CARTESIAN_POINT ( 'NONE',  ( 40.19782063096916858, -25.47389228856490107, 456.3193472973013627 ) ) ;
#4895 = CARTESIAN_POINT ( 'NONE',  ( -12.95993824239573122, -49.92487841756219069, 451.1636931788315792 ) ) ;
#4896 = ORIENTED_EDGE ( 'NONE', *, *, #3694, .T. ) ;
#4897 = CARTESIAN_POINT ( 'NONE',  ( 21.23740923679245540, 10.94982662283983821, 425.6706378667088870 ) ) ;
#4898 = CARTESIAN_POINT ( 'NONE',  ( -17.11072682820792679, 11.87046295627960291, 430.1577289028557516 ) ) ;
#4899 = CARTESIAN_POINT ( 'NONE',  ( 27.24166813694887068, 6.456088676124590364, 430.0000000002122533 ) ) ;
#4900 = ADVANCED_FACE ( 'NONE', ( #1707 ), #4124, .F. ) ;
#4901 = CARTESIAN_POINT ( 'NONE',  ( -60.01972192323587052, -16.76062907703096627, 449.1136869552454414 ) ) ;
#4902 = ORIENTED_EDGE ( 'NONE', *, *, #4832, .F. ) ;
#4903 = CARTESIAN_POINT ( 'NONE',  ( -13.30576558140629650, 0.1209663645275996374, 480.2271783690646316 ) ) ;
#4904 = CARTESIAN_POINT ( 'NONE',  ( -31.10146695524736415, -27.46238554855039382, 473.2965713556508831 ) ) ;
#4905 = CARTESIAN_POINT ( 'NONE',  ( -17.45416007400635294, 1.222965462173728923, 467.9108250729995575 ) ) ;
#4906 = PLANE ( 'NONE',  #1950 ) ;
#4907 = CARTESIAN_POINT ( 'NONE',  ( 13.42787168354795391, -29.10146677581177954, 513.8930302164387740 ) ) ;
#4908 = CARTESIAN_POINT ( 'NONE',  ( -2.562993003309456785, -10.15640459372002624, 559.1941786493498512 ) ) ;
#4909 = CARTESIAN_POINT ( 'NONE',  ( 0.000000000000000000, -2.015148108693687767, -51.69602975127715183 ) ) ;
#4910 = CARTESIAN_POINT ( 'NONE',  ( 6.247951469982588435, -32.99555881927864220, 518.7010619795352113 ) ) ;
#4911 = CARTESIAN_POINT ( 'NONE',  ( -11.00000578798682227, -56.53773332980759392, 430.0000047039275159 ) ) ;
#4912 = CARTESIAN_POINT ( 'NONE',  ( 1.690012582823347135E-15, -29.19999999999999929, 510.5422371214551731 ) ) ;
#4913 = CARTESIAN_POINT ( 'NONE',  ( 16.25752790635576872, -2.311789916562910552, 482.3920632726938038 ) ) ;
#4914 = B_SPLINE_SURFACE_WITH_KNOTS ( 'NONE', 3, 3, ( 
 ( #3531, #2591, #5977, #1083, #1054, #5677, #1737, #2015, #597, #1706, #1257, #3075, #5525, #4041, #3047, #4976, #2560, #4185, #4496, #1591, #5037, #3225, #4525, #6153, #776, #111, #254, #628, #3982, #6035, #2044, #745, #2076, #6007, #3672, #5639, #4068, #3559, #4554, #139, #2104, #3500, #1225, #3193, #5156, #2708 ),
 ( #2224, #3707, #5186, #81, #2530, #4012, #4668, #5947, #4465, #50, #5465, #3017, #1770, #911, #4355, #5218, #2874, #1906, #4287, #4319, #4829, #1393, #3739, #6321, #3807, #1874, #807, #6220, #288, #1288, #3359, #2322, #6253, #5842, #1804, #3291, #2353, #2256, #4732, #3872, #358, #4218, #5323, #3388, #1838, #3773 ),
 ( #5780, #5354, #1360, #2810, #1424, #6186, #3326, #878, #2775, #5290, #323, #4765, #5744, #2741, #4700, #5710, #2843, #5256, #3256, #5813, #2290, #427, #3839, #4252, #1321, #2390, #844, #4797, #392, #6289, #3422, #5481, #2545, #5385, #1070, #95, #2487, #2517, #3033, #5963, #1936, #4511, #2000, #66, #975, #4417 ),
 ( #1545, #524, #4450, #4028, #5, #1485, #554, #458, #2938, #2062, #4930, #4865, #3518, #1575, #36, #1970, #4895, #1005, #3967, #3545, #5934, #2970, #5993, #2424, #1516, #5448, #491, #3484, #2454, #1040, #3937, #944, #2907, #4385, #3003, #3454, #6353, #3997, #3905, #4992, #2030, #5874, #5905, #584, #1454, #5417 ),
 ( #4962, #4481, #216, #4628, #153, #2182, #5539, #1216, #1154, #1185, #5570, #4055, #5630, #5052, #1698, #2665, #2119, #672, #2636, #4114, #5021, #4145, #4083, #1125, #2578, #2149, #2606, #3664, #1097, #6081, #3184, #5510, #703, #5079, #6112, #5146, #6050, #736, #4569, #1665, #2091, #3633, #3061, #6022, #3120, #1633 ),
 ( #1606, #4597, #5600, #3574, #2699, #4660, #3150, #182, #3602, #5113, #245, #2215, #4177, #6144, #1728, #612, #4541, #125, #3092, #644, #769, #349, #798, #6281, #5669, #2314, #3832, #3698, #5282, #3281, #870, #2834, #4244, #5806, #2766, #4279, #280, #6246, #1249, #4208, #5736, #6211, #4790, #4723, #6178, #1313 ),
 ( #384, #3351, #1353, #4758, #315, #2283, #1867, #1385, #2803, #3800, #5246, #2733, #1762, #836, #3248, #4692, #1830, #3217, #903, #1797, #5772, #3765, #2346, #3319, #4347, #2246, #5314, #2866, #4311, #4820, #419, #2382, #6314, #5179, #3730, #5700, #1280, #5210, #3864, #2900, #3381, #4856, #5346, #937, #1899, #451 ),
 ( #5835, #1415, #2415, #4377, #2643, #621, #5059, #2674, #3191, #5120, #6029, #2585, #2613, #4090, #3100, #1643, #3552, #5518, #4666, #711, #2190, #1613, #4604, #5578, #1673, #4122, #4636, #6058, #652, #192, #222, #4151, #4576, #6118, #3581, #3670, #3609, #3641, #1161, #132, #1704, #1133, #5637, #1223, #160, #3128 ),
 ( #1104, #5154, #743, #2706, #252, #3069, #4062, #2222, #4183, #5086, #679, #2126, #5547, #2159, #6088, #5607, #1192, #3156, #4548, #1584, #5028, #2097, #4647, #2752, #6098, #3681, #334, #1298, #5164, #5686, #1265, #4708, #3650, #3266, #754, #6129, #1201, #785, #1235, #2299, #1682, #299, #4263, #4131, #5721, #3717 ),
 ( #5228, #3749, #4193, #2268, #3234, #1748, #3166, #6162, #5650, #4677, #2718, #5754, #5195, #1814, #1333, #3303, #1714, #232, #2201, #2232, #5615, #5266, #2786, #817, #6196, #5130, #6229, #854, #4162, #3784, #2819, #4229, #4741, #4774, #368, #721, #2685, #1781, #3203, #264, #5822, #6263, #888, #2946, #1914, #3880 ),
 ( #2884, #1945, #1850, #4331, #3461, #6329, #3818, #983, #2978, #5851, #3368, #4805, #2399, #1432, #4939, #5363, #4362, #5424, #5789, #953, #467, #400, #3400, #2366, #2915, #1401, #1013, #4295, #2330, #4873, #6299, #1883, #3848, #435, #1370, #3335, #4904, #3431, #4393, #5299, #500, #3944, #5333, #2462, #1492, #2433 ),
 ( #4841, #6361, #921, #5884, #3914, #2852, #1463, #4426, #14, #5395, #1978, #5912, #4035, #105, #133, #2070, #4063, #4005, #2494, #1522, #2099, #3041, #623, #1077, #4999, #4458, #5971, #4577, #3973, #43, #3101, #161, #4490, #1585, #5941, #1553, #1614, #2127, #6030, #4970, #3493, #3525, #591, #2038, #2553, #2008 ),
 ( #3582, #1135, #563, #3553, #4519, #2586, #3070, #5550, #6001, #5489, #5519, #5060, #653, #1105, #2615, #2524, #4091, #5031, #4549, #1048, #6060, #5457, #74, #1645, #3610, #5579, #1162, #3129, #532, #3011, #4220, #6120, #713, #2161, #1739, #2192, #1290, #680, #3708, #5220, #5087, #290, #4669, #2259, #6188, #5641 ) ),
 .UNSPECIFIED., .F., .F., .F.,
 ( 4, 3, 3, 3, 4 ),
 ( 4, 3, 3, 3, 3, 3, 3, 3, 3, 3, 3, 3, 3, 3, 3, 4 ),
 ( 0.000000000000000000, 0.02454658355701135053, 0.04909316711402271494, 0.07363975067103407934, 0.09818633422804542987 ),
 ( 0.07065859338482971541, 0.07850899501357888610, 0.08635939664232807067, 0.09028459745670266989, 0.09420979827107725524, 0.1020601998998264259, 0.1334618064148231364, 0.1648634129298198747, 0.1805642161873182161, 0.1962650194448165852, 0.2590682324748100340, 0.3218714455048034551, 0.3846746585347968761, 0.4474778715647903526, 0.5102810845947838292, 0.5730842976247771947 ),
 .UNSPECIFIED. ) ;
#4915 = CARTESIAN_POINT ( 'NONE',  ( -86.81703373585409622, -30.81918751348552377, 55.56389319650747183 ) ) ;
#4916 = CARTESIAN_POINT ( 'NONE',  ( -122.5180128797275785, -10.36202021569373066, 429.9999999999998863 ) ) ;
#4917 = EDGE_CURVE ( 'NONE', #4866, #2198, #4716, .T. ) ;
#4918 = CARTESIAN_POINT ( 'NONE',  ( 60.02969022401088495, -16.16991473110301669, 450.1470371607837251 ) ) ;
#4919 = CARTESIAN_POINT ( 'NONE',  ( 0.000000000000000000, -1.100564968850144654, 529.4234485653213369 ) ) ;
#4920 = CARTESIAN_POINT ( 'NONE',  ( 14.19267759208508295, -44.97732907309363526, 464.3136368176229212 ) ) ;
#4921 = CARTESIAN_POINT ( 'NONE',  ( 2.566234492211178164, -30.88890228714348751, 555.2703131399168797 ) ) ;
#4922 = CARTESIAN_POINT ( 'NONE',  ( 2.005349492412943579, -43.98569864222032777, 507.4142083828476757 ) ) ;
#4923 = CARTESIAN_POINT ( 'NONE',  ( -2.868117268075441206, -80.90834605147239245, 252.8850171276854724 ) ) ;
#4924 = ADVANCED_FACE ( 'NONE', ( #3158 ), #5678, .F. ) ;
#4925 = CARTESIAN_POINT ( 'NONE',  ( 12.15176156342599434, -65.82501957098369871, 20.76727215959817840 ) ) ;
#4926 = VECTOR ( 'NONE', #4747, 1000.000000000000000 ) ;
#4927 = CARTESIAN_POINT ( 'NONE',  ( 10.24811798180279787, 39.43337803868414682, 83.18633069079341169 ) ) ;
#4928 = CARTESIAN_POINT ( 'NONE',  ( -24.45514282142428186, 34.03033067479747587, 71.95588844210854518 ) ) ;
#4929 = CARTESIAN_POINT ( 'NONE',  ( 6.774120800367109396, -37.52386322201443392, 502.7646814870083745 ) ) ;
#4930 = CARTESIAN_POINT ( 'NONE',  ( -10.96010201054431654, -50.38559582648093027, 452.9066838932935752 ) ) ;
#4931 = ORIENTED_EDGE ( 'NONE', *, *, #3168, .F. ) ;
#4932 = VECTOR ( 'NONE', #3900, 1000.000000000000000 ) ;
#4933 = CARTESIAN_POINT ( 'NONE',  ( 26.88785037342770323, 4.572311221226154743, 437.3653227825142835 ) ) ;
#4934 = CARTESIAN_POINT ( 'NONE',  ( -15.49998382122324081, 13.83795745510511388, 425.2525090012853184 ) ) ;
#4935 = CARTESIAN_POINT ( 'NONE',  ( 0.000000000000000000, -8.653564323852759088, 510.5422371214551731 ) ) ;
#4936 = CARTESIAN_POINT ( 'NONE',  ( -60.02421868522850446, -16.59460799667140662, 449.4376377599236889 ) ) ;
#4937 = ORIENTED_EDGE ( 'NONE', *, *, #1834, .F. ) ;
#4938 = VECTOR ( 'NONE', #3684, 1000.000000000000000 ) ;
#4939 = CARTESIAN_POINT ( 'NONE',  ( -7.160855064163538231, -35.05951431758981585, 509.6014177446759277 ) ) ;
#4940 = CARTESIAN_POINT ( 'NONE',  ( -13.79948853252266083, 3.735044546968828705, 466.5130645451488931 ) ) ;
#4941 = CARTESIAN_POINT ( 'NONE',  ( 4.921660117396614353, -10.55805850978434357, 558.9422371214550367 ) ) ;
#4942 = CARTESIAN_POINT ( 'NONE',  ( -66.15313911539597314, -0.5373520200297212668, 430.0000000000000568 ) ) ;
#4943 = VECTOR ( 'NONE', #338, 1000.000000000000000 ) ;
#4944 = CARTESIAN_POINT ( 'NONE',  ( -15.33343269723774149, -7.717369041052091205, 430.0000000002122533 ) ) ;
#4945 = CARTESIAN_POINT ( 'NONE',  ( -12.30264220383755713, -29.82868283284850719, 514.1823631768830865 ) ) ;
#4946 = CARTESIAN_POINT ( 'NONE',  ( 9.033545232365328914, -29.86464428750090150, 521.9884903737516879 ) ) ;
#4947 = DIRECTION ( 'NONE',  ( -1.000000000000000000, 0.000000000000000000, -0.000000000000000000 ) ) ;
#4948 = CARTESIAN_POINT ( 'NONE',  ( 45.87589893715966838, -36.30232394696971454, 400.3164142831182062 ) ) ;
#4949 = CARTESIAN_POINT ( 'NONE',  ( 55.31719788550127248, -6.715159875936620004, 438.1030429630825438 ) ) ;
#4950 = CARTESIAN_POINT ( 'NONE',  ( 12.84034692592397064, -7.100970754208128177, 505.6883875753339908 ) ) ;
#4951 = CARTESIAN_POINT ( 'NONE',  ( -24.80864397463437854, -49.08318810847632108, 430.0000000000002274 ) ) ;
#4952 = CARTESIAN_POINT ( 'NONE',  ( 2.565139447180365018, -28.24391356119987151, 562.9146810960148741 ) ) ;
#4953 = CARTESIAN_POINT ( 'NONE',  ( -59.71558549167485808, -8.266634582424307709, 438.4425714590527150 ) ) ;
#4954 = CARTESIAN_POINT ( 'NONE',  ( 13.13305612386386301, -47.62045809030506405, 458.3161585124635735 ) ) ;
#4955 = CARTESIAN_POINT ( 'NONE',  ( 150.0000000000000000, -6.301194178002449853, 438.1959397251795849 ) ) ;
#4956 = ORIENTED_EDGE ( 'NONE', *, *, #1683, .F. ) ;
#4957 = CARTESIAN_POINT ( 'NONE',  ( -69.77666443517387052, -60.65754417310441937, 271.3191305105466995 ) ) ;
#4958 = CARTESIAN_POINT ( 'NONE',  ( 3.334239287029942655, -39.12492672041813080, -51.61791862523669039 ) ) ;
#4959 = CARTESIAN_POINT ( 'NONE',  ( 13.89565711704575790, 43.38650797797856740, 278.5011269604131598 ) ) ;
#4960 = CARTESIAN_POINT ( 'NONE',  ( 0.000000000000000000, 34.15347802815850997, 41.94911547631893001 ) ) ;
#4961 = CARTESIAN_POINT ( 'NONE',  ( 6.973014254990996363, -39.78017129745268221, 494.9702979401672565 ) ) ;
#4962 = CARTESIAN_POINT ( 'NONE',  ( -8.569016705600125405, -48.61676126736359294, 462.8229860829863469 ) ) ;
#4963 = ORIENTED_EDGE ( 'NONE', *, *, #2361, .T. ) ;
#4964 = CARTESIAN_POINT ( 'NONE',  ( 17.92634953372079920, 4.759499530378064058, 454.6580468910869399 ) ) ;
#4965 = DIRECTION ( 'NONE',  ( 0.000000000000000000, -1.000000000000000000, -0.000000000000000000 ) ) ;
#4966 = CARTESIAN_POINT ( 'NONE',  ( 25.29250643788224195, 7.527465774698489653, 430.0000000002121396 ) ) ;
#4967 = CARTESIAN_POINT ( 'NONE',  ( -2.565186733110837558, -28.71514711768691441, 561.9971003287544136 ) ) ;
#4968 = DIRECTION ( 'NONE',  ( 0.000000000000000000, 1.000000000000000000, 0.000000000000000000 ) ) ;
#4969 = B_SPLINE_SURFACE_WITH_KNOTS ( 'NONE', 3, 3, ( 
 ( #4117, #675, #4995, #4631, #156, #2639, #4031 ),
 ( #5966, #587, #4600, #1609, #3577, #4000, #1100 ),
 ( #6084, #5485, #1578, #5513, #2122, #616, #128 ),
 ( #2094, #1252, #2702, #283, #6181, #874, #3251 ),
 ( #1356, #4147, #5213, #4727, #5776, #5181, #219 ),
 ( #5671, #3322, #2185, #5285, #1283, #2736, #6114 ),
 ( #4282, #6249, #5632, #1765, #4662, #5251, #2838 ),
 ( #4213, #771, #247, #2250, #3701, #318, #1730 ),
 ( #3187, #1700, #3803, #3666, #4695, #3768, #1218 ),
 ( #801, #3733, #3219, #738, #5703, #1833, #2217 ),
 ( #2769, #5149, #2286, #4179, #6147, #4247, #2317 ),
 ( #1800, #6214, #2806, #5739, #1316, #3284, #839 ),
 ( #4761, #353, #4380, #2418, #3835, #4860, #6317 ),
 ( #1419, #31, #6346, #2482, #1995, #422, #906 ),
 ( #2903, #2349, #5929, #3448, #5900, #486, #5809 ),
 ( #3962, #2869, #2965, #1511, #1930, #6379, #519 ),
 ( #1388, #3479, #5868, #3931, #4823, #1902, #4314 ),
 ( #5411, #3899, #1449, #5442, #3867, #5349, #4412 ),
 ( #2385, #1031, #3417, #6285, #1000, #4793, #5380 ),
 ( #4350, #454, #970, #387, #2933, #4890, #1870 ),
 ( #2449, #1965, #3354, #3384, #5317, #5838, #940 ),
 ( #1480, #4923, #4445, #3056, #4957, #3627, #6045 ),
 ( #2113, #1065, #6016, #606, #3086, #5534, #148 ),
 ( #2056, #4050, #4077, #1627, #4022, #3596, #3027 ),
 ( #5015, #5047, #2572, #1539, #3115, #2540, #5565 ),
 ( #3513, #4506, #2630, #4987, #120, #1600, #1660 ),
 ( #4591, #5595, #5988, #5074, #1120, #549, #4564 ),
 ( #1149, #1092, #90, #667, #177, #2601, #4536 ),
 ( #2086, #3569, #2025, #638, #1570, #3540, #5504 ),
 ( #2144, #4108, #6076, #2998, #2512, #4475, #61 ),
 ( #579, #3992, #5957, #5476, #3725, #4718, #5664 ),
 ( #4655, #5695, #2694, #4172, #4140, #2309, #4753 ),
 ( #1723, #310, #4274, #6173, #2241, #764, #240 ),
 ( #2210, #831, #1210, #4687, #4203, #6240, #6139 ),
 ( #3794, #3692, #3276, #1274, #5106, #2761, #5140 ),
 ( #1244, #3212, #2278, #4239, #793, #5174, #3243 ),
 ( #2728, #210, #275, #1757, #5205, #6206, #2797 ),
 ( #5240, #344, #1825, #3179, #3659, #5625, #1792 ),
 ( #1180, #3759, #5731, #1308, #2177, #3145, #697 ),
 ( #731, #4622, #2660, #6107, #1693, #1895, #3377 ),
 ( #2926, #6340, #24, #379, #5894, #1473, #2378 ),
 ( #2473, #4815, #6309, #5373, #5277, #1381, #511 ),
 ( #3314, #4404, #1988, #2896, #413, #1863, #5831 ),
 ( #5766, #2410, #1411, #4438, #865, #4373, #3892 ),
 ( #4342, #1348, #6275, #3859, #2829, #4785, #2341 ),
 ( #5342, #4305, #2443, #2958, #4915, #3346, #3828 ),
 ( #932, #5802, #5309, #6371, #479, #1442, #898 ),
 ( #994, #2862, #3925, #4852, #446, #964, #3442 ),
 ( #1924, #5861, #3411, #4884, #1958, #5405, #1504 ),
 ( #4557, #3534, #5498, #660, #3020, #4499, #3563 ),
 ( #5950, #5067, #1564, #3472, #2595, #4584, #1086 ) ),
 .UNSPECIFIED., .F., .F., .F.,
 ( 4, 1, 1, 1, 1, 1, 1, 1, 1, 1, 1, 1, 1, 1, 1, 1, 2, 1, 1, 1, 1, 1, 1, 1, 1, 1, 1, 1, 1, 1, 1, 1, 1, 1, 1, 1, 1, 1, 1, 1, 1, 1, 1, 1, 1, 1, 1, 4 ),
 ( 4, 1, 1, 1, 4 ),
 ( 0.000000000000000000, 0.003438000381725913549, 0.006876000763451830568, 0.01375200152690365767, 0.02750400305380731533, 0.04125600458071097820, 0.05500800610761463760, 0.06876000763451826925, 0.08251200916142198416, 0.09626401068832560193, 0.1100160122152292891, 0.1237680137421329069, 0.1375200152690366218, 0.1512720167959402395, 0.1650240183228439961, 0.1925280213766512039, 0.2200320244304584949, 0.2365194818150795908, 0.2530069391997007977, 0.2694943965843217826, 0.2859818539689429895, 0.3024693113535640854, 0.3189567687381851813, 0.3354442261228062772, 0.3519316835074273730, 0.3684191408920485800, 0.3766628695843591834, 0.3849065982766696759, 0.3931503269689801683, 0.4013940556612907717, 0.4096377843536014862, 0.4178815130459118676, 0.4261252417382224711, 0.4343689704305329635, 0.4384908347766883208, 0.4426126991228435670, 0.4467345634689989242, 0.4508564278151541704, 0.4549782921613095277, 0.4591001565074646629, 0.4632220208536200201, 0.4673438851997751553, 0.4714657495459305125, 0.4755876138920858698, 0.4776485460651635484, 0.4797094782382412270, 0.4817704104113187946, 0.4838313425843963622 ),
 ( 0.000000000000000000, 0.03502224838491098391, 0.09383257832149248523, 0.1938325783214923659, 1.000000000000000000 ),
 .UNSPECIFIED. ) ;
#4970 = CARTESIAN_POINT ( 'NONE',  ( -37.13507721700492681, -23.59971679998311700, 471.8640270113850193 ) ) ;
#4971 = CARTESIAN_POINT ( 'NONE',  ( -13.01146873714935204, 3.885569049781781192, 467.5486641647353281 ) ) ;
#4972 = CARTESIAN_POINT ( 'NONE',  ( -8.039814186577366684, -12.55478626300134515, 558.9422371214549230 ) ) ;
#4973 = FACE_OUTER_BOUND ( 'NONE', #6221, .T. ) ;
#4974 = CARTESIAN_POINT ( 'NONE',  ( 12.51122854236293591, -10.32226976056000467, -55.36644004333045643 ) ) ;
#4975 = CARTESIAN_POINT ( 'NONE',  ( 0.000000000000000000, 5.890305141678854106, 503.9005096147306517 ) ) ;
#4976 = CARTESIAN_POINT ( 'NONE',  ( -14.18689813598696681, -56.06380224395034872, 427.4865274770800738 ) ) ;
#4977 = CARTESIAN_POINT ( 'NONE',  ( 18.67001615057850117, -54.88327254083537809, 424.4915440796037842 ) ) ;
#4978 = CARTESIAN_POINT ( 'NONE',  ( 9.692430701064369103, -3.031507465257886835, 498.7746989041164056 ) ) ;
#4979 = CARTESIAN_POINT ( 'NONE',  ( 12.09054999567733191, -6.482194770122253757, 505.2236980833885127 ) ) ;
#4980 = CARTESIAN_POINT ( 'NONE',  ( -55.88440855963861509, -28.58822289326156607, 430.0000000000002842 ) ) ;
#4981 = CARTESIAN_POINT ( 'NONE',  ( 7.197432663990738888, -24.65286033836278534, 565.7090936342166287 ) ) ;
#4982 = CARTESIAN_POINT ( 'NONE',  ( -20.06482069858621031, 10.39881840689546699, 429.9999999999999432 ) ) ;
#4983 = CARTESIAN_POINT ( 'NONE',  ( 43.03779322932569329, -31.85220996433582030, 425.0180834474583662 ) ) ;
#4984 = CARTESIAN_POINT ( 'NONE',  ( 9.752063943272220925, -31.15933287716348588, 541.4708301244976383 ) ) ;
#4985 = CARTESIAN_POINT ( 'NONE',  ( 1.677622995205263035, -43.06496864274397751, 510.8030620898454686 ) ) ;
#4986 = EDGE_CURVE ( 'NONE', #5053, #2794, #6374, .T. ) ;
#4987 = CARTESIAN_POINT ( 'NONE',  ( -24.79577069751475804, -76.46111962044371069, 164.4670457763833724 ) ) ;
#4988 = CARTESIAN_POINT ( 'NONE',  ( 12.48741286194582401, -41.71374983840777162, -42.10630112229947741 ) ) ;
#4989 = CARTESIAN_POINT ( 'NONE',  ( 12.86356880811151981, 31.41958604971774349, 377.2397787413708556 ) ) ;
#4990 = CARTESIAN_POINT ( 'NONE',  ( -27.28012801745004268, 17.82243023528065962, 9.515898732818438788 ) ) ;
#4991 = CARTESIAN_POINT ( 'NONE',  ( 15.81475079513278459, -37.38129495919951495, 482.7607131085434276 ) ) ;
#4992 = CARTESIAN_POINT ( 'NONE',  ( -41.78230429741774543, -34.44058618294951657, 420.6976553922413586 ) ) ;
#4993 = ORIENTED_EDGE ( 'NONE', *, *, #4061, .F. ) ;
#4994 = CARTESIAN_POINT ( 'NONE',  ( 15.00958917770170764, 8.859275604432403028, 445.4842782779243180 ) ) ;
#4995 = CARTESIAN_POINT ( 'NONE',  ( -7.202946821010514533, -29.60372527954621091, 557.8596853781666596 ) ) ;
#4996 = CARTESIAN_POINT ( 'NONE',  ( 23.18424326510786315, 8.693812758003327090, 430.0000000002122533 ) ) ;
#4997 = CARTESIAN_POINT ( 'NONE',  ( -7.200876545381237115, -29.07199111697095972, 559.3113244306840670 ) ) ;
#4998 = DIRECTION ( 'NONE',  ( -1.000000000000000000, 0.000000000000000000, 0.000000000000000000 ) ) ;
#4999 = CARTESIAN_POINT ( 'NONE',  ( -13.15766597939465576, -31.15565400790374539, 507.6388038514595564 ) ) ;
#5000 = CARTESIAN_POINT ( 'NONE',  ( -44.41031140114755260, -0.2163486794088656240, 425.4957654744073352 ) ) ;
#5001 = CARTESIAN_POINT ( 'NONE',  ( 6.633242687119036418, -28.78180293468966511, 558.9422371214550367 ) ) ;
#5002 = DIRECTION ( 'NONE',  ( -0.000000000000000000, 0.000000000000000000, 1.000000000000000000 ) ) ;
#5003 = CARTESIAN_POINT ( 'NONE',  ( 0.000000000000000000, 0.000000000000000000, 0.000000000000000000 ) ) ;
#5004 = CARTESIAN_POINT ( 'NONE',  ( 5.491052384086196447, -33.14590012575677491, 520.3211327828061030 ) ) ;
#5005 = CARTESIAN_POINT ( 'NONE',  ( 14.40375284334903938, -28.82869273257070830, 430.0000000002122533 ) ) ;
#5006 = EDGE_CURVE ( 'NONE', #2391, #3802, #497, .T. ) ;
#5007 = CARTESIAN_POINT ( 'NONE',  ( -150.0000000000000284, -5.251527702307163814, 440.0305525103657374 ) ) ;
#5008 = CARTESIAN_POINT ( 'NONE',  ( 55.53511711328089717, -9.454769709259025490, 448.2140214376265703 ) ) ;
#5009 = DIRECTION ( 'NONE',  ( -1.000000000000000000, 0.000000000000000000, -0.000000000000000000 ) ) ;
#5010 = CARTESIAN_POINT ( 'NONE',  ( -81.71650703563267371, -18.38413669652668148, 430.0000000000000568 ) ) ;
#5011 = CARTESIAN_POINT ( 'NONE',  ( 35.60255895607556909, -23.32868034964949544, 506.0992587215831122 ) ) ;
#5012 = CARTESIAN_POINT ( 'NONE',  ( -150.0000000000000284, -5.251527702307162926, 440.0305525103657374 ) ) ;
#5013 = CARTESIAN_POINT ( 'NONE',  ( 15.06626991804309768, -47.08363820231562613, 456.3800261510193081 ) ) ;
#5014 = CARTESIAN_POINT ( 'NONE',  ( 29.89615631597932932, 12.03782776287290268, 430.0000000000002842 ) ) ;
#5015 = CARTESIAN_POINT ( 'NONE',  ( 0.000000000000000000, -80.66538580997541885, 180.6424840487019594 ) ) ;
#5016 = B_SPLINE_CURVE_WITH_KNOTS ( 'NONE', 3,
 ( #5748, #257, #5610, #2679, #1326, #4188, #5714, #6156, #779 ),
 .UNSPECIFIED., .F., .F.,
 ( 4, 1, 1, 1, 1, 1, 4 ),
 ( 0.000000000000000000, 0.007105782695601628104, 0.01421156539120326315, 0.02842313078240652283, 0.05684626156481304565, 0.08526939234721957195, 0.09203780756340017299 ),
 .UNSPECIFIED. ) ;
#5017 = CARTESIAN_POINT ( 'NONE',  ( 56.44879077405048662, -15.86144759867543641, 203.3231423214623135 ) ) ;
#5018 = CARTESIAN_POINT ( 'NONE',  ( 42.82036082025610568, 32.84028577497314672, 328.7149750000689892 ) ) ;
#5019 = CARTESIAN_POINT ( 'NONE',  ( -17.90558932272608672, 45.27588651669087483, 188.1410139065363012 ) ) ;
#5020 = CARTESIAN_POINT ( 'NONE',  ( 13.63119640678693223, -38.00336972771702193, 485.8066147455319879 ) ) ;
#5021 = CARTESIAN_POINT ( 'NONE',  ( -16.03076030148278619, -46.79624384246069724, 455.3934522939679255 ) ) ;
#5022 = ORIENTED_EDGE ( 'NONE', *, *, #5571, .T. ) ;
#5023 = CARTESIAN_POINT ( 'NONE',  ( 32.16119038535396868, 5.008836963923343433, 425.7423644074404478 ) ) ;
#5024 = LINE ( 'NONE', #2548, #3404 ) ;
#5025 = CARTESIAN_POINT ( 'NONE',  ( 15.85589485753377481, 12.49571175177232618, 430.0000000002122533 ) ) ;
#5026 = CARTESIAN_POINT ( 'NONE',  ( 0.000000000000000000, -29.95346044094226201, 559.0833191505278137 ) ) ;
#5027 = CARTESIAN_POINT ( 'NONE',  ( 0.000000000000000000, 23.02673305817156546, 430.0000000002122533 ) ) ;
#5028 = CARTESIAN_POINT ( 'NONE',  ( -12.74837358032208456, -38.24991091782408148, 487.0154482066623132 ) ) ;
#5029 = AXIS2_PLACEMENT_3D ( 'NONE', #1851, #2719, #3819 ) ;
#5030 = ADVANCED_FACE ( 'NONE', ( #4186 ), #5801, .F. ) ;
#5031 = CARTESIAN_POINT ( 'NONE',  ( -8.206727715882287555, -30.06999224122214187, 523.3591351243392182 ) ) ;
#5032 = CARTESIAN_POINT ( 'NONE',  ( -9.358362203862260031, 6.447709645031581616, 465.4536382314017260 ) ) ;
#5033 = CARTESIAN_POINT ( 'NONE',  ( 6.358042549250355613, -28.93028684647450532, 558.9422371214546956 ) ) ;
#5034 = LINE ( 'NONE', #987, #2471 ) ;
#5035 = VECTOR ( 'NONE', #2347, 1000.000000000000000 ) ;
#5036 = CARTESIAN_POINT ( 'NONE',  ( -12.08976636557080830, -30.03278715133913224, 514.0163999703473792 ) ) ;
#5037 = CARTESIAN_POINT ( 'NONE',  ( -19.73786940909598187, -54.54039110046994665, 423.7208443537316498 ) ) ;
#5038 = CARTESIAN_POINT ( 'NONE',  ( 47.76923451862381143, -34.59200565204493927, 398.8306445981412480 ) ) ;
#5039 = VECTOR ( 'NONE', #3068, 1000.000000000000000 ) ;
#5040 = CARTESIAN_POINT ( 'NONE',  ( 10.30363021565050197, -5.138574303491152406, 504.6195951764192955 ) ) ;
#5041 = CARTESIAN_POINT ( 'NONE',  ( 15.12418863609289055, -7.734872160940458485, 502.9422214030151395 ) ) ;
#5042 = CARTESIAN_POINT ( 'NONE',  ( -40.29568694578678389, -41.85950369818068850, 429.9999999999998863 ) ) ;
#5043 = CARTESIAN_POINT ( 'NONE',  ( 9.612637209448243070, -20.58244203616503043, 558.7803851268713515 ) ) ;
#5044 = CARTESIAN_POINT ( 'NONE',  ( -150.0000000000044338, -8.236940226628680861, 456.2951804688854054 ) ) ;
#5045 = CARTESIAN_POINT ( 'NONE',  ( 35.32796592481151521, -37.04783467334291913, 432.9786991528765725 ) ) ;
#5046 = CARTESIAN_POINT ( 'NONE',  ( 61.38784112181006947, 0.3973875031662598700, 430.0000000000001137 ) ) ;
#5047 = CARTESIAN_POINT ( 'NONE',  ( -2.979233013950411735, -80.44274170673764957, 180.7944652722967760 ) ) ;
#5048 = CARTESIAN_POINT ( 'NONE',  ( 56.45745274585014783, -15.04210054202895464, 202.2962196764084126 ) ) ;
#5049 = CARTESIAN_POINT ( 'NONE',  ( 12.50381132325683886, 27.83116567873787162, 396.5693299386862805 ) ) ;
#5050 = CARTESIAN_POINT ( 'NONE',  ( -48.66052223538312660, 20.01856953383997606, 283.3055368768748394 ) ) ;
#5051 = CARTESIAN_POINT ( 'NONE',  ( 8.453468856608532533, -41.78886649929300745, 485.4245160530598469 ) ) ;
#5052 = CARTESIAN_POINT ( 'NONE',  ( -10.73310870281731866, -48.21039417766883162, 460.6489720166129587 ) ) ;
#5053 = VERTEX_POINT ( 'NONE', #5229 ) ;
#5054 = CARTESIAN_POINT ( 'NONE',  ( 10.90343689315443498, 6.133783485062120455, 463.5664817794099122 ) ) ;
#5055 = DIRECTION ( 'NONE',  ( 0.000000000000000000, 0.000000000000000000, 1.000000000000000000 ) ) ;
#5056 = CARTESIAN_POINT ( 'NONE',  ( 0.000000000000000000, -20.00000000000000000, 409.6353247020396680 ) ) ;
#5057 = CARTESIAN_POINT ( 'NONE',  ( -69.34373374621719677, -1.056029914065870656, 430.0000000000000000 ) ) ;
#5058 = CARTESIAN_POINT ( 'NONE',  ( 150.0000000000000284, -5.251527702307162926, 440.0305525103657374 ) ) ;
#5059 = CARTESIAN_POINT ( 'NONE',  ( -7.878824226867639169, -41.92361159693324879, 486.1987677500616201 ) ) ;
#5060 = CARTESIAN_POINT ( 'NONE',  ( -5.966173381527568154, -30.75575782126161073, 527.1546994173833127 ) ) ;
#5061 = CARTESIAN_POINT ( 'NONE',  ( -15.61172594663606894, 5.217923991626316926, 457.6683630872402659 ) ) ;
#5062 = CARTESIAN_POINT ( 'NONE',  ( -6.667782309033607469, -11.26672284535590585, 558.9422371214554914 ) ) ;
#5063 = CARTESIAN_POINT ( 'NONE',  ( -60.02106188579698909, -11.23461144142445534, 449.4336611866669955 ) ) ;
#5064 = CARTESIAN_POINT ( 'NONE',  ( 11.07186743597200973, 32.81523294668829749, 45.76036132870854090 ) ) ;
#5065 = CARTESIAN_POINT ( 'NONE',  ( -19.13005808262175123, -6.576199643986497811, 490.6852742228372790 ) ) ;
#5066 = CARTESIAN_POINT ( 'NONE',  ( 11.28433449188462134, -3.354614588196956237, 496.4036516765146985 ) ) ;
#5067 = CARTESIAN_POINT ( 'NONE',  ( -3.338484940648333676, -29.91129310357068150, -61.08292434789409242 ) ) ;
#5068 = LINE ( 'NONE', #6101, #4938 ) ;
#5069 = DIRECTION ( 'NONE',  ( -0.000000000000000000, 1.000000000000000000, 0.000000000000000000 ) ) ;
#5070 = CARTESIAN_POINT ( 'NONE',  ( 30.27201931900765075, -43.77028802303154720, 430.0000000002121396 ) ) ;
#5071 = CARTESIAN_POINT ( 'NONE',  ( -35.55257994171110170, -16.12700139736112348, 510.9742144796741741 ) ) ;
#5072 = CARTESIAN_POINT ( 'NONE',  ( 31.77429770556850741, -39.39852011474047799, 437.0501749589146812 ) ) ;
#5073 = CARTESIAN_POINT ( 'NONE',  ( 69.34373374621719677, -1.056029914065870656, 430.0000000000000000 ) ) ;
#5074 = CARTESIAN_POINT ( 'NONE',  ( -25.35627029098902341, -75.33253253753053968, 140.4857065887874796 ) ) ;
#5075 = DIRECTION ( 'NONE',  ( 0.000000000000000000, 0.000000000000000000, -1.000000000000000000 ) ) ;
#5076 = CARTESIAN_POINT ( 'NONE',  ( 12.20178374623678863, 24.99215593519244649, 410.8332455709494866 ) ) ;
#5077 = CARTESIAN_POINT ( 'NONE',  ( -13.89565711704575790, 43.38650797797856740, 278.5011269604131598 ) ) ;
#5078 = CARTESIAN_POINT ( 'NONE',  ( 8.153544377828414014, -41.86393713298622288, 485.8152301438827863 ) ) ;
#5079 = CARTESIAN_POINT ( 'NONE',  ( -30.06124995071516537, -40.44061497526011806, 439.1023687556967730 ) ) ;
#5080 = ORIENTED_EDGE ( 'NONE', *, *, #6258, .T. ) ;
#5081 = CARTESIAN_POINT ( 'NONE',  ( 20.03593416811032313, 2.528394617795934440, 458.1101155079955447 ) ) ;
#5082 = CARTESIAN_POINT ( 'NONE',  ( 0.000000000000000000, -46.58870159832864033, 507.3422371214550708 ) ) ;
#5083 = DIRECTION ( 'NONE',  ( 0.000000000000000000, 1.000000000000000000, 0.000000000000000000 ) ) ;
#5084 = CARTESIAN_POINT ( 'NONE',  ( -59.80440185799461972, 0.7349984357666858870, 430.0000000000001137 ) ) ;
#5085 = CARTESIAN_POINT ( 'NONE',  ( 12.07835942984333322, -56.19168433199418189, 430.0000000002124239 ) ) ;
#5086 = CARTESIAN_POINT ( 'NONE',  ( -7.542680672931083130, -39.66829846739342003, 494.0495006123991288 ) ) ;
#5087 = CARTESIAN_POINT ( 'NONE',  ( -39.18911731511514773, -21.48274772224292661, 475.6980908136560515 ) ) ;
#5088 = CARTESIAN_POINT ( 'NONE',  ( -18.18159197522136239, 6.483556965292812002, 448.0373365053518455 ) ) ;
#5089 = EDGE_CURVE ( 'NONE', #6193, #6295, #415, .T. ) ;
#5090 = CARTESIAN_POINT ( 'NONE',  ( -9.225018920135834577, -15.11648391821025683, 558.9422371214549230 ) ) ;
#5091 = CARTESIAN_POINT ( 'NONE',  ( 0.000000000000000000, -12.22650898962175248, 563.8022507844320899 ) ) ;
#5092 = B_SPLINE_CURVE_WITH_KNOTS ( 'NONE', 3,
 ( #1500, #961, #5402, #4337 ),
 .UNSPECIFIED., .F., .F.,
 ( 4, 4 ),
 ( 0.000000000000000000, 0.001492866251133820581 ),
 .UNSPECIFIED. ) ;
#5093 = CARTESIAN_POINT ( 'NONE',  ( 56.33277253066618329, -0.7343208053013621228, 208.3958578420063645 ) ) ;
#5094 = CARTESIAN_POINT ( 'NONE',  ( -13.37997094241837104, -7.699862894007207359, 506.5342449141539873 ) ) ;
#5095 = CARTESIAN_POINT ( 'NONE',  ( 22.02023117920207085, -74.70289784985359915, 352.5007133517669899 ) ) ;
#5096 = CARTESIAN_POINT ( 'NONE',  ( 15.10467891277540353, -5.962038248886299741, 497.0950587278689454 ) ) ;
#5097 = B_SPLINE_CURVE_WITH_KNOTS ( 'NONE', 3,
 ( #3372, #926, #1405, #1855, #4335, #1374 ),
 .UNSPECIFIED., .F., .F.,
 ( 4, 2, 4 ),
 ( 0.08472452863619142627, 0.1089575598155260311, 0.1331905909948606359 ),
 .UNSPECIFIED. ) ;
#5098 = CARTESIAN_POINT ( 'NONE',  ( -0.9756631039218716106, -10.85146457715125123, 507.6698387248653717 ) ) ;
#5099 = CARTESIAN_POINT ( 'NONE',  ( 0.4708767950445953421, 5.451690974568717429, 505.4663553862270646 ) ) ;
#5100 = CARTESIAN_POINT ( 'NONE',  ( 0.000000000000000000, -27.20000000000000284, 409.6353247020396680 ) ) ;
#5101 = CARTESIAN_POINT ( 'NONE',  ( 34.17240083700303188, -39.43066070860182037, 430.0000000002121965 ) ) ;
#5102 = CARTESIAN_POINT ( 'NONE',  ( -60.28269095786244236, -15.86981637255426314, 469.2737939485502352 ) ) ;
#5103 = CARTESIAN_POINT ( 'NONE',  ( 27.68548050016957163, -44.19173205135759730, 435.9950410585636860 ) ) ;
#5104 = EDGE_LOOP ( 'NONE', ( #1491, #4356, #5786, #1178 ) ) ;
#5105 = CARTESIAN_POINT ( 'NONE',  ( 19.93791581772372368, 17.38391990323607317, 430.0000000000002274 ) ) ;
#5106 = CARTESIAN_POINT ( 'NONE',  ( -84.27759062967341208, -48.53072844917068807, 103.6408433975915813 ) ) ;
#5107 = EDGE_CURVE ( 'NONE', #5053, #2362, #5165, .T. ) ;
#5108 = CARTESIAN_POINT ( 'NONE',  ( 35.59756904970169700, -14.18154893332235389, 503.5448007086527014 ) ) ;
#5109 = EDGE_CURVE ( 'NONE', #4288, #5219, #1371, .T. ) ;
#5110 = CARTESIAN_POINT ( 'NONE',  ( 6.733608421923275245, 13.22468183324905233, 471.8275841911045632 ) ) ;
#5111 = CARTESIAN_POINT ( 'NONE',  ( -13.31731313304985065, 40.34142002891250200, 313.2908567742186392 ) ) ;
#5112 = CARTESIAN_POINT ( 'NONE',  ( 32.92192490060732268, -32.34949480091766105, 452.9695701786723703 ) ) ;
#5113 = CARTESIAN_POINT ( 'NONE',  ( -9.457005358759621672, -46.20054360932716975, 469.3990578471650110 ) ) ;
#5114 = ORIENTED_EDGE ( 'NONE', *, *, #6040, .F. ) ;
#5115 = CARTESIAN_POINT ( 'NONE',  ( 40.08734008312612929, 0.4523355062486436040, 429.3995446035020791 ) ) ;
#5116 = PLANE ( 'NONE',  #416 ) ;
#5117 = CARTESIAN_POINT ( 'NONE',  ( -2.204025827361084655, -43.19829502735413485, 510.1660521882008652 ) ) ;
#5118 = CARTESIAN_POINT ( 'NONE',  ( -21.38115472794550342, 16.66003185256085573, 429.9999999999999432 ) ) ;
#5119 = CARTESIAN_POINT ( 'NONE',  ( 54.81935120649129090, -24.03091502903525267, 240.7408612160144514 ) ) ;
#5120 = CARTESIAN_POINT ( 'NONE',  ( -8.153544377828414014, -41.86393713298622288, 485.8152301438827863 ) ) ;
#5121 = CARTESIAN_POINT ( 'NONE',  ( 5.140161318907152221, -30.89244607567776058, 529.1246001642705323 ) ) ;
#5122 = CARTESIAN_POINT ( 'NONE',  ( 12.37460763619843540, 14.41919153731955738, 428.2424425801405050 ) ) ;
#5123 = CARTESIAN_POINT ( 'NONE',  ( -23.44050779352666325, 3.608433048899170714, 447.5439155038674812 ) ) ;
#5124 = CARTESIAN_POINT ( 'NONE',  ( -9.955166409438454878, -21.29367783811414938, 558.9422371214552641 ) ) ;
#5125 = CARTESIAN_POINT ( 'NONE',  ( -2.564410663068033003, -12.93151080656989826, 564.7644309974144790 ) ) ;
#5126 = CARTESIAN_POINT ( 'NONE',  ( 55.43352450434293388, 9.557879841706116153, 226.4234727364798800 ) ) ;
#5127 = VECTOR ( 'NONE', #1376, 1000.000000000000000 ) ;
#5128 = CARTESIAN_POINT ( 'NONE',  ( -55.62306799831532800, -10.84902030155901720, 453.3623489707975409 ) ) ;
#5129 = CARTESIAN_POINT ( 'NONE',  ( 9.342783155417013319, -69.69704838428934579, 399.9022282682116156 ) ) ;
#5130 = CARTESIAN_POINT ( 'NONE',  ( -14.73807579217074171, -35.35997118329152755, 491.2106249467611292 ) ) ;
#5131 = CARTESIAN_POINT ( 'NONE',  ( 12.97856552240292416, -7.638903189145478834, 507.1862782437630699 ) ) ;
#5132 = CARTESIAN_POINT ( 'NONE',  ( -150.0000000000000000, 0.000000000000000000, 430.0000000002122533 ) ) ;
#5133 = VECTOR ( 'NONE', #732, 1000.000000000000000 ) ;
#5134 = CARTESIAN_POINT ( 'NONE',  ( 149.9999999999999716, -6.550723356787864660, 430.0000000585459929 ) ) ;
#5135 = CARTESIAN_POINT ( 'NONE',  ( 150.0000000000000853, -6.033914864720000715, 440.0305525103657374 ) ) ;
#5136 = CARTESIAN_POINT ( 'NONE',  ( 14.47823078561840937, -55.29084007304700066, 430.0000000002123102 ) ) ;
#5137 = CARTESIAN_POINT ( 'NONE',  ( 1.491328355976571318, -29.93225504864150466, 558.9422371034256685 ) ) ;
#5138 = CARTESIAN_POINT ( 'NONE',  ( 25.98361223523251340, -45.08936510312747714, 437.9290185708139234 ) ) ;
#5139 = DIRECTION ( 'NONE',  ( 0.000000000000000000, 0.000000000000000000, -1.000000000000000000 ) ) ;
#5140 = CARTESIAN_POINT ( 'NONE',  ( -150.0000000000001990, -6.203234333439552550, 234.3985885455826690 ) ) ;
#5141 = VECTOR ( 'NONE', #4100, 1000.000000000000000 ) ;
#5142 = CARTESIAN_POINT ( 'NONE',  ( 60.01007281698174012, -10.94065850740973111, 448.9079205651606799 ) ) ;
#5143 = CARTESIAN_POINT ( 'NONE',  ( 2.088373853475112618, 20.02118164067743322, 444.1606853142330920 ) ) ;
#5144 = CARTESIAN_POINT ( 'NONE',  ( -150.0000000000006821, 17.36217657815118542, 276.3178635875777900 ) ) ;
#5145 = CARTESIAN_POINT ( 'NONE',  ( 50.93228883765927861, -23.47662593050502977, 434.8998474770934308 ) ) ;
#5146 = CARTESIAN_POINT ( 'NONE',  ( -33.51468771475169461, -38.26221449584049594, 435.0037550367691210 ) ) ;
#5147 = EDGE_CURVE ( 'NONE', #5911, #645, #2799, .T. ) ;
#5148 = VERTEX_POINT ( 'NONE', #2820 ) ;
#5149 = CARTESIAN_POINT ( 'NONE',  ( -2.676220618036833532, -57.34822367749845284, 458.5462890145608981 ) ) ;
#5150 = LINE ( 'NONE', #5182, #6267 ) ;
#5151 = CARTESIAN_POINT ( 'NONE',  ( -35.60447105139471802, -13.62282190332221887, 502.3110443960222824 ) ) ;
#5152 = ORIENTED_EDGE ( 'NONE', *, *, #3734, .F. ) ;
#5153 = CARTESIAN_POINT ( 'NONE',  ( 0.000000000000000000, -74.76716094107685251, 67.17268242625377184 ) ) ;
#5154 = CARTESIAN_POINT ( 'NONE',  ( -6.588229756148221483, -39.80554956305861936, 495.7102930266402154 ) ) ;
#5155 = CARTESIAN_POINT ( 'NONE',  ( 12.30593878196007118, -31.35708345757621274, 509.0129802436831596 ) ) ;
#5156 = CARTESIAN_POINT ( 'NONE',  ( -54.07224551541608548, -29.33620749443765163, 394.5203164290538211 ) ) ;
#5157 = CARTESIAN_POINT ( 'NONE',  ( 32.48311205158837112, 9.576542107084041078, 408.3187790384811819 ) ) ;
#5158 = CARTESIAN_POINT ( 'NONE',  ( -15.39625927705917618, 8.783468620858704057, 445.0337014597936900 ) ) ;
#5159 = CARTESIAN_POINT ( 'NONE',  ( -9.683836969257015426, -23.13982672044099687, 558.9422371214557188 ) ) ;
#5160 = CARTESIAN_POINT ( 'NONE',  ( -2.564528690074667328, -13.61865486106657031, 565.6274186600226130 ) ) ;
#5161 = CARTESIAN_POINT ( 'NONE',  ( 27.66326358064004864, 13.52599411192533374, -1.587463340206875628 ) ) ;
#5162 = CARTESIAN_POINT ( 'NONE',  ( -13.11681397294344720, -5.648973545815447750, 500.2607220696098125 ) ) ;
#5163 = CARTESIAN_POINT ( 'NONE',  ( 150.0000000000001990, -7.007733124829560900, 362.5174106670719993 ) ) ;
#5164 = CARTESIAN_POINT ( 'NONE',  ( -17.94639239345508130, -36.74631050230624396, 479.6899347585320470 ) ) ;
#5165 = LINE ( 'NONE', #4742, #4201 ) ;
#5166 = CARTESIAN_POINT ( 'NONE',  ( -1.600081094479260502, -10.94021299930549596, 509.0455394084651743 ) ) ;
#5167 = CARTESIAN_POINT ( 'NONE',  ( 0.2356183452357375752, 5.470680938688188277, 505.4422371214552072 ) ) ;
#5168 = CARTESIAN_POINT ( 'NONE',  ( 60.01544126471360130, -16.87284795802195703, 448.9090402259109851 ) ) ;
#5169 = CARTESIAN_POINT ( 'NONE',  ( 29.16365710360728514, -44.94441942614297858, 430.0000000002122533 ) ) ;
#5170 = DIRECTION ( 'NONE',  ( -1.000000000000000000, 0.000000000000000000, 0.000000000000000000 ) ) ;
#5171 = B_SPLINE_CURVE_WITH_KNOTS ( 'NONE', 3,
 ( #2143, #6075, #730, #3626, #1179, #4563, #2693, #5987, #4654, #605, #1599, #3568, #5533, #3539, #2112, #696, #4076, #2659, #4021, #209, #5503, #5764, #309, #1273, #3274, #3312 ),
 .UNSPECIFIED., .F., .F.,
 ( 4, 2, 2, 2, 2, 2, 2, 2, 2, 2, 2, 2, 4 ),
 ( 0.000000000000000000, 0.0003131620879983457195, 0.0006263241759966914389, 0.0009394862639950372126, 0.001252648351993382878, 0.001878972527990074425, 0.002505296703986765756, 0.002818458791985111421, 0.003131620879983457086, 0.003757945055980147549, 0.004071107143978494949, 0.004384269231976840181, 0.005010593407973405744 ),
 .UNSPECIFIED. ) ;
#5172 = CARTESIAN_POINT ( 'NONE',  ( 10.15200816309299370, -52.73638814196028335, 445.8946641697549467 ) ) ;
#5173 = FACE_OUTER_BOUND ( 'NONE', #2031, .T. ) ;
#5174 = CARTESIAN_POINT ( 'NONE',  ( -55.70788126853483391, -24.44302468926918692, 227.5144982594985379 ) ) ;
#5175 = LINE ( 'NONE', #241, #5133 ) ;
#5176 = CARTESIAN_POINT ( 'NONE',  ( 52.26163914926329568, 6.411420321105841147, 377.3440233945722184 ) ) ;
#5177 = CARTESIAN_POINT ( 'NONE',  ( 0.000000000000000000, 13.75622029850556061, 472.5436863909573617 ) ) ;
#5178 = CARTESIAN_POINT ( 'NONE',  ( 14.38903052227620449, -40.16997889958550871, 477.9284292216560743 ) ) ;
#5179 = CARTESIAN_POINT ( 'NONE',  ( -28.24434982623996504, -36.92833083764745083, 453.1026352352612889 ) ) ;
#5180 = VERTEX_POINT ( 'NONE', #4648 ) ;
#5181 = CARTESIAN_POINT ( 'NONE',  ( -59.78309576887109955, -17.92246368216270014, 438.3755243692378372 ) ) ;
#5182 = CARTESIAN_POINT ( 'NONE',  ( 4.569290057734137989, -30.31119807335963046, 430.0000000002122533 ) ) ;
#5183 = CARTESIAN_POINT ( 'NONE',  ( 11.53317428264779743, -75.55780217182295644, 95.82032470989339856 ) ) ;
#5184 = CARTESIAN_POINT ( 'NONE',  ( -12.32604656146385480, 7.066535420415203994, -30.82130669073084661 ) ) ;
#5185 = CARTESIAN_POINT ( 'NONE',  ( 24.84179880989823275, -27.80945636974048085, 488.6559194692559913 ) ) ;
#5186 = CARTESIAN_POINT ( 'NONE',  ( -10.73657092205439412, -54.74784345634225957, 437.6143690343121762 ) ) ;
#5187 = CARTESIAN_POINT ( 'NONE',  ( 13.16116131105864895, 14.27762591815125681, 427.5008241425010169 ) ) ;
#5188 = CARTESIAN_POINT ( 'NONE',  ( -14.43192744417304674, 12.40542000808069290, 432.9802498181877581 ) ) ;
#5189 = CARTESIAN_POINT ( 'NONE',  ( 0.000000000000000000, -44.38516520843189994, 506.4422371206682669 ) ) ;
#5190 = CARTESIAN_POINT ( 'NONE',  ( -7.195154204113367591, -11.20607469383821986, 559.9412861709770368 ) ) ;
#5191 = CARTESIAN_POINT ( 'NONE',  ( 54.82390645621840264, 12.55502082587985413, 233.5480463257898407 ) ) ;
#5192 = ORIENTED_EDGE ( 'NONE', *, *, #2005, .F. ) ;
#5193 = CARTESIAN_POINT ( 'NONE',  ( -19.01810109851454555, -8.497026393979766112, 497.2868874010203513 ) ) ;
#5194 = CARTESIAN_POINT ( 'NONE',  ( 149.9999999999998010, -6.875459908048366486, 385.8569077436361567 ) ) ;
#5195 = CARTESIAN_POINT ( 'NONE',  ( -7.303083873643466895, -37.38626223994719311, 501.9213414499996588 ) ) ;
#5196 = DIRECTION ( 'NONE',  ( -0.000000000000000000, -0.000000000000000000, 1.000000000000000000 ) ) ;
#5197 = CARTESIAN_POINT ( 'NONE',  ( 10.99999999999999822, -8.678635665323583783E-16, 618.0000000002123670 ) ) ;
#5198 = CARTESIAN_POINT ( 'NONE',  ( 0.000000000000000000, -33.20068766774330271, 511.4422371214550935 ) ) ;
#5199 = CARTESIAN_POINT ( 'NONE',  ( 7.199733483177426230, -28.45660144990769780, 560.7110636646150397 ) ) ;
#5200 = ADVANCED_FACE ( 'NONE', ( #2787 ), #4775, .F. ) ;
#5201 = CARTESIAN_POINT ( 'NONE',  ( 25.96395793876935443, -48.06793414163234246, 430.0000000002123670 ) ) ;
#5202 = CARTESIAN_POINT ( 'NONE',  ( 7.294287328517745195, -29.58140923524771537, 557.5595309809783657 ) ) ;
#5203 = CARTESIAN_POINT ( 'NONE',  ( 19.83784685494936184, -50.14417556418977284, 437.8217165912918745 ) ) ;
#5204 = CARTESIAN_POINT ( 'NONE',  ( -1.783242443577863989, 3.620587772948777427, 511.9628928370968310 ) ) ;
#5205 = CARTESIAN_POINT ( 'NONE',  ( -85.14798568923890798, -45.58748624838158747, 90.65197202155556511 ) ) ;
#5206 = CARTESIAN_POINT ( 'NONE',  ( 35.60447105139471802, -13.62282190332221887, 502.3110443960222824 ) ) ;
#5207 = CARTESIAN_POINT ( 'NONE',  ( 2.253861092064105787, 13.62000221831030800, 472.6187073565538412 ) ) ;
#5208 = CARTESIAN_POINT ( 'NONE',  ( -42.82036082025610568, 32.84028577497314672, 328.7149750000689892 ) ) ;
#5209 = CARTESIAN_POINT ( 'NONE',  ( 31.80627171708778889, -35.00107345108453671, 448.5441476707820811 ) ) ;
#5210 = CARTESIAN_POINT ( 'NONE',  ( -35.58688526099709293, -32.85798007230027196, 444.0393359639660389 ) ) ;
#5211 = DIRECTION ( 'NONE',  ( -1.000000000000000000, 0.000000000000000000, 0.000000000000000000 ) ) ;
#5212 = VERTEX_POINT ( 'NONE', #6130 ) ;
#5213 = CARTESIAN_POINT ( 'NONE',  ( -7.266565677771215981, -34.16443127491972120, 540.6063951576571753 ) ) ;
#5214 = CARTESIAN_POINT ( 'NONE',  ( 53.53048140247114617, -22.93049611475921523, 430.0000109327460791 ) ) ;
#5215 = CARTESIAN_POINT ( 'NONE',  ( 0.000000000000000000, -78.12119533636627011, 109.5971667831047540 ) ) ;
#5216 = CARTESIAN_POINT ( 'NONE',  ( -56.42444719532452524, -4.100048717234659357, 204.2233583779163268 ) ) ;
#5217 = CARTESIAN_POINT ( 'NONE',  ( 30.66415711775868047, -25.82071966106562044, 480.1800691252300339 ) ) ;
#5218 = CARTESIAN_POINT ( 'NONE',  ( -13.46240844601411801, -54.20479873945820515, 435.7220187304341721 ) ) ;
#5219 = VERTEX_POINT ( 'NONE', #1334 ) ;
#5220 = CARTESIAN_POINT ( 'NONE',  ( -36.89137401337013245, -22.17956197829123965, 478.5385332835474514 ) ) ;
#5221 = CARTESIAN_POINT ( 'NONE',  ( -11.48184262702426750, 9.537141476066446799, 449.4795482733237009 ) ) ;
#5222 = CARTESIAN_POINT ( 'NONE',  ( -7.821339031000693609, -27.76480616861674022, 558.9422371214550367 ) ) ;
#5223 = CARTESIAN_POINT ( 'NONE',  ( -150.0000000000000284, -5.750896239144917210, 440.0305525103657374 ) ) ;
#5224 = CARTESIAN_POINT ( 'NONE',  ( 0.000000000000000000, 43.71089409265118064, 105.2394046492437667 ) ) ;
#5225 = ADVANCED_FACE ( 'NONE', ( #4296 ), #6264, .F. ) ;
#5226 = CARTESIAN_POINT ( 'NONE',  ( -13.29245414705462203, -3.716425746645148021, 493.3804671147730687 ) ) ;
#5227 = CARTESIAN_POINT ( 'NONE',  ( 53.92065336472777659, -13.86360544015033369, 377.3258048594636875 ) ) ;
#5228 = CARTESIAN_POINT ( 'NONE',  ( -6.045988703280545273, -37.56811885396332684, 504.3134954571542039 ) ) ;
#5229 = CARTESIAN_POINT ( 'NONE',  ( 0.000000000000000000, -29.19999999999999929, 458.9422371214550935 ) ) ;
#5230 = CARTESIAN_POINT ( 'NONE',  ( 0.7104824048987027352, -29.17303723074258315, 507.5048142974220013 ) ) ;
#5231 = CARTESIAN_POINT ( 'NONE',  ( 25.68640640475583581, -56.22017461706259667, 430.0000000000001137 ) ) ;
#5232 = CARTESIAN_POINT ( 'NONE',  ( -13.19061872200511232, -7.301170627803620583, 505.6094024321853340 ) ) ;
#5233 = CARTESIAN_POINT ( 'NONE',  ( 48.64747332502713562, -26.02493921784059694, 430.0000000002122533 ) ) ;
#5234 = CARTESIAN_POINT ( 'NONE',  ( 0.000000000000000000, -20.00000000000000000, 558.9422371214550367 ) ) ;
#5235 = CARTESIAN_POINT ( 'NONE',  ( 37.99132615408939984, -37.22775357632004756, 424.4401898067162620 ) ) ;
#5236 = VERTEX_POINT ( 'NONE', #1715 ) ;
#5237 = VECTOR ( 'NONE', #565, 1000.000000000000000 ) ;
#5238 = DIRECTION ( 'NONE',  ( 0.000000000000000000, 1.000000000000000000, 0.000000000000000000 ) ) ;
#5239 = CARTESIAN_POINT ( 'NONE',  ( 13.93818968496711186, 1.878056085978534684, 472.8285533896945481 ) ) ;
#5240 = CARTESIAN_POINT ( 'NONE',  ( -0.000000000000000000, -61.02803244180449127, -7.975560784126410674 ) ) ;
#5241 = CARTESIAN_POINT ( 'NONE',  ( 2.562993003309456785, -10.15640459372002624, 559.1941786493498512 ) ) ;
#5242 = CARTESIAN_POINT ( 'NONE',  ( 10.55815539007339510, 8.766027140151836150, 480.2865580578388176 ) ) ;
#5243 = VECTOR ( 'NONE', #4298, 1000.000000000000000 ) ;
#5244 = CARTESIAN_POINT ( 'NONE',  ( -149.9999999999995453, 8.360301161202400522, 362.6762669712815068 ) ) ;
#5245 = CARTESIAN_POINT ( 'NONE',  ( 20.45178147363145982, -38.20510652510652250, 469.6993885634576600 ) ) ;
#5246 = CARTESIAN_POINT ( 'NONE',  ( -8.906525817815843737, -44.00933107108203757, 477.4836319235411111 ) ) ;
#5247 = CARTESIAN_POINT ( 'NONE',  ( -15.33343269723768820, -7.717369041052064560, 502.4406997134549329 ) ) ;
#5248 = ORIENTED_EDGE ( 'NONE', *, *, #6215, .F. ) ;
#5249 = B_SPLINE_CURVE_WITH_KNOTS ( 'NONE', 3,
 ( #4745, #3307, #372, #6268, #5303, #5793, #892, #1498, #6005, #19, #3498, #1052, #5036, #4945, #1589, #2590, #2983, #2074, #2528, #5463, #537, #6366, #5945, #3529, #5493, #2499, #4039, #5429 ),
 .UNSPECIFIED., .F., .F.,
 ( 4, 2, 2, 2, 2, 2, 2, 2, 2, 2, 2, 2, 2, 4 ),
 ( 1.147673963296450878E-16, 0.002630148033448694890, 0.003945222050172981186, 0.005260296066897267482, 0.005917833075259409763, 0.006575370083621552043, 0.007232907091983695191, 0.007561675596164685667, 0.007890444100345676143, 0.008219212604526666618, 0.008547981108707658829, 0.009205518117069443756, 0.009863055125431228684, 0.01052059213379301361 ),
 .UNSPECIFIED. ) ;
#5250 = AXIS2_PLACEMENT_3D ( 'NONE', #2531, #4497, #4466 ) ;
#5251 = CARTESIAN_POINT ( 'NONE',  ( -58.92200651795151600, -18.22782690140883588, 422.9763036885070164 ) ) ;
#5252 = CARTESIAN_POINT ( 'NONE',  ( -2.487825803493245225, -43.43063661199575165, 509.2369323574895930 ) ) ;
#5253 = CARTESIAN_POINT ( 'NONE',  ( 53.11817187396054862, -19.89864609138137652, 258.6481858999812289 ) ) ;
#5254 = CARTESIAN_POINT ( 'NONE',  ( 0.000000000000000000, 1.530671358679228655, -46.61894072316960802 ) ) ;
#5255 = CARTESIAN_POINT ( 'NONE',  ( 6.723638475490510302, -32.83616144218135702, 517.9201496271733731 ) ) ;
#5256 = CARTESIAN_POINT ( 'NONE',  ( -14.80033749623015638, -51.71258734513460098, 442.2117867237394648 ) ) ;
#5257 = ORIENTED_EDGE ( 'NONE', *, *, #5985, .F. ) ;
#5258 = CARTESIAN_POINT ( 'NONE',  ( 13.34630898829323975, 10.92074758202251239, 440.7593230931238395 ) ) ;
#5259 = CARTESIAN_POINT ( 'NONE',  ( -15.00958917770170764, 8.859275604432403028, 445.4842782779243180 ) ) ;
#5260 = CARTESIAN_POINT ( 'NONE',  ( 0.000000000000000000, -44.92720703185403153, 504.5045486377131851 ) ) ;
#5261 = CARTESIAN_POINT ( 'NONE',  ( -7.196836239774110133, -20.00653426201489182, 567.4391168337917861 ) ) ;
#5262 = CARTESIAN_POINT ( 'NONE',  ( 9.650457210473206260, 42.47422119080876257, 108.3197917343866408 ) ) ;
#5263 = ORIENTED_EDGE ( 'NONE', *, *, #899, .T. ) ;
#5264 = CARTESIAN_POINT ( 'NONE',  ( -13.89463276475068731, -1.904446828205796249, 485.9354582314803679 ) ) ;
#5265 = CARTESIAN_POINT ( 'NONE',  ( 50.97850252568365903, -13.02079588092048823, 283.5227683093291944 ) ) ;
#5266 = CARTESIAN_POINT ( 'NONE',  ( -13.00319094491912075, -35.82654246001843745, 493.7480140228415166 ) ) ;
#5267 = CARTESIAN_POINT ( 'NONE',  ( 50.46427395969769947, -23.39271556614985670, 436.9627199985093853 ) ) ;
#5268 = LINE ( 'NONE', #336, #1644 ) ;
#5269 = CARTESIAN_POINT ( 'NONE',  ( 95.22676247861951992, -15.21640911896663972, 429.9999999999998295 ) ) ;
#5270 = CARTESIAN_POINT ( 'NONE',  ( -12.51311196562302008, -6.866609897533259677, 505.6046855923063958 ) ) ;
#5271 = CARTESIAN_POINT ( 'NONE',  ( 0.000000000000000000, 22.07132271335270346, 434.7562105942118933 ) ) ;
#5272 = FILL_AREA_STYLE ('',( #3790 ) ) ;
#5273 = CARTESIAN_POINT ( 'NONE',  ( 12.35787508567583615, -54.44554936575393356, 436.4951022211074019 ) ) ;
#5274 = ADVANCED_FACE ( 'NONE', ( #3682 ), #5651, .F. ) ;
#5275 = CARTESIAN_POINT ( 'NONE',  ( -2.321688434624808117, 5.082815606072010439, 506.3132700574602723 ) ) ;
#5276 = CARTESIAN_POINT ( 'NONE',  ( 15.89149460408339642, 1.516213221651575349, 470.1055015887546347 ) ) ;
#5277 = CARTESIAN_POINT ( 'NONE',  ( -86.28112506623055822, -38.72477185917909281, 69.89167966729576165 ) ) ;
#5278 = CARTESIAN_POINT ( 'NONE',  ( 9.614672108662121630, -13.61520896274974035, 555.0066226921079533 ) ) ;
#5279 = CARTESIAN_POINT ( 'NONE',  ( 0.000000000000000000, -8.823511411159953965, 555.1857276250582345 ) ) ;
#5280 = CARTESIAN_POINT ( 'NONE',  ( -6.132859819528112766, 28.43009116092171595, 399.5846028973078319 ) ) ;
#5281 = CARTESIAN_POINT ( 'NONE',  ( 30.84496197426060249, -37.72443633586843958, 443.9157307652853888 ) ) ;
#5282 = CARTESIAN_POINT ( 'NONE',  ( -20.55095083113836552, -42.89345168144730991, 456.9107458776786643 ) ) ;
#5283 = CARTESIAN_POINT ( 'NONE',  ( 0.000000000000000000, -30.00000000000000000, 558.9422371214550367 ) ) ;
#5284 = EDGE_LOOP ( 'NONE', ( #4858, #5511, #2826, #2908 ) ) ;
#5285 = CARTESIAN_POINT ( 'NONE',  ( -10.34680381817460670, -36.47895930641133333, 521.4819957935527555 ) ) ;
#5286 = APPLICATION_PROTOCOL_DEFINITION ( 'draft international standard', 'automotive_design', 1998, #5661 ) ;
#5287 = CARTESIAN_POINT ( 'NONE',  ( 85.88194324880791442, -41.84413576267165524, 78.01217802691067504 ) ) ;
#5288 = CARTESIAN_POINT ( 'NONE',  ( 1.490253870021695182, -10.06869430153065004, 558.9422371034246453 ) ) ;
#5289 = CARTESIAN_POINT ( 'NONE',  ( 6.265222564356164092, -35.32114502187587846, 511.0798220148192854 ) ) ;
#5290 = CARTESIAN_POINT ( 'NONE',  ( -11.53003731004203480, -52.47995594764808658, 444.8112213140872200 ) ) ;
#5291 = ORIENTED_EDGE ( 'NONE', *, *, #5462, .F. ) ;
#5292 = CARTESIAN_POINT ( 'NONE',  ( 44.23839678395013664, 5.402172361178158688, 404.5410483476344439 ) ) ;
#5293 = CARTESIAN_POINT ( 'NONE',  ( -17.20110718407118711, 10.15800901611632412, 436.4950338403940009 ) ) ;
#5294 = CARTESIAN_POINT ( 'NONE',  ( 49.60739781679698268, -3.030718489385586523, 430.0000000002123102 ) ) ;
#5295 = CARTESIAN_POINT ( 'NONE',  ( -60.03535495535231092, -12.87640563085997591, 451.2551672590891485 ) ) ;
#5296 = ORIENTED_EDGE ( 'NONE', *, *, #4284, .F. ) ;
#5297 = CARTESIAN_POINT ( 'NONE',  ( -14.87584562702548041, -3.980025175791438663, 490.9379382554533322 ) ) ;
#5298 = CARTESIAN_POINT ( 'NONE',  ( 70.93311456210265931, -60.35109498307495102, 254.3992715977106513 ) ) ;
#5299 = CARTESIAN_POINT ( 'NONE',  ( -37.50129460111191548, -25.00967906640253702, 465.3071101035478137 ) ) ;
#5300 = CARTESIAN_POINT ( 'NONE',  ( 7.190548604807930566, -11.62448136431135026, 558.9422371214549230 ) ) ;
#5301 = CARTESIAN_POINT ( 'NONE',  ( 10.99999999999992184, -41.21142705019099139, 481.9546621116033407 ) ) ;
#5302 = CARTESIAN_POINT ( 'NONE',  ( 149.9999999999997158, -4.914714336245090465, 438.2002728028813863 ) ) ;
#5303 = CARTESIAN_POINT ( 'NONE',  ( -11.16794128837994471, -31.62349932833121002, 511.0189718719292387 ) ) ;
#5304 = CARTESIAN_POINT ( 'NONE',  ( 35.52580482440806975, -37.92290431385703897, 430.0000000002123670 ) ) ;
#5305 = DIRECTION ( 'NONE',  ( 0.000000000000000000, 0.000000000000000000, -1.000000000000000000 ) ) ;
#5306 = CARTESIAN_POINT ( 'NONE',  ( 10.73657092205439412, -54.74784345634225957, 437.6143690343121762 ) ) ;
#5307 = CYLINDRICAL_SURFACE ( 'NONE', #6278, 2.499999999999946709 ) ;
#5308 = CARTESIAN_POINT ( 'NONE',  ( 13.79948853252266083, 3.735044546968828705, 466.5130645451488931 ) ) ;
#5309 = CARTESIAN_POINT ( 'NONE',  ( -12.50756631249310225, -36.04793490115954313, -49.10606591531024634 ) ) ;
#5310 = CARTESIAN_POINT ( 'NONE',  ( 35.58944151665261302, -17.44615103553343616, 507.4627411939026729 ) ) ;
#5311 = CARTESIAN_POINT ( 'NONE',  ( -9.620743624274640027, -11.03377133881076233, 549.8478901275921089 ) ) ;
#5312 = EDGE_CURVE ( 'NONE', #352, #5808, #5853, .T. ) ;
#5313 = CARTESIAN_POINT ( 'NONE',  ( 49.23282399078705396, -26.65160527134288415, 425.2030696740947064 ) ) ;
#5314 = CARTESIAN_POINT ( 'NONE',  ( -17.47215045633809893, -41.58997673577763976, 467.2958568568996611 ) ) ;
#5315 = CARTESIAN_POINT ( 'NONE',  ( 7.202946821010514533, -29.60372527954621091, 557.8596853781666596 ) ) ;
#5316 = EDGE_LOOP ( 'NONE', ( #3486, #4598, #3814, #4674, #3678, #2805, #1329 ) ) ;
#5317 = CARTESIAN_POINT ( 'NONE',  ( -68.88542733032485899, -60.77263504150752738, 287.9158440061798387 ) ) ;
#5318 = EDGE_CURVE ( 'NONE', #498, #3699, #5959, .T. ) ;
#5319 = APPLICATION_PROTOCOL_DEFINITION ( 'draft international standard', 'automotive_design', 1998, #175 ) ;
#5320 = CARTESIAN_POINT ( 'NONE',  ( 85.14798568923890798, -45.58748624838158747, 90.65197202155556511 ) ) ;
#5321 = CARTESIAN_POINT ( 'NONE',  ( -28.23808762699846042, 3.056412852116027423, -22.60677287783177647 ) ) ;
#5322 = CARTESIAN_POINT ( 'NONE',  ( 39.75977534077507158, -24.15851422573377860, 462.6843528282385023 ) ) ;
#5323 = CARTESIAN_POINT ( 'NONE',  ( -49.21764879360632960, -31.98259221087586113, 403.3514370416574479 ) ) ;
#5324 = ORIENTED_EDGE ( 'NONE', *, *, #4343, .F. ) ;
#5325 = CARTESIAN_POINT ( 'NONE',  ( 10.99017942977625673, 11.35737567283323735, 443.2489218268897844 ) ) ;
#5326 = CARTESIAN_POINT ( 'NONE',  ( 0.000000000000000000, -33.20068766774330271, 0.000000000000000000 ) ) ;
#5327 = CARTESIAN_POINT ( 'NONE',  ( 26.67247773182433690, 6.767269169983476829, 430.0000000002123670 ) ) ;
#5328 = CARTESIAN_POINT ( 'NONE',  ( -35.59571481663129333, -22.39331253607019079, 506.9765689561975819 ) ) ;
#5329 = EDGE_LOOP ( 'NONE', ( #1634, #6354, #4896, #851 ) ) ;
#5330 = CARTESIAN_POINT ( 'NONE',  ( -11.49701710695822499, -1.465653016635084294, 489.4362692796943861 ) ) ;
#5331 = ORIENTED_EDGE ( 'NONE', *, *, #3347, .T. ) ;
#5332 = CARTESIAN_POINT ( 'NONE',  ( 24.25571063400974836, -77.30113989785128581, 188.1552036833147952 ) ) ;
#5333 = CARTESIAN_POINT ( 'NONE',  ( -44.70761772973295223, -22.38400740402532918, 457.5989135955076677 ) ) ;
#5334 = CARTESIAN_POINT ( 'NONE',  ( 8.371921881571584123, -13.08823326555897815, 558.9422371214550367 ) ) ;
#5335 = CARTESIAN_POINT ( 'NONE',  ( 10.99999999999996092, -54.91959606574769737, 436.5835766090724519 ) ) ;
#5336 = PLANE ( 'NONE',  #5869 ) ;
#5337 = DIRECTION ( 'NONE',  ( 0.000000000000000000, 0.000000000000000000, 1.000000000000000000 ) ) ;
#5338 = CARTESIAN_POINT ( 'NONE',  ( 36.06799711409274778, -37.32705060889280446, 430.0000000002122533 ) ) ;
#5339 = CARTESIAN_POINT ( 'NONE',  ( 1.599836349737006058, -10.94016977634168519, 508.7318870805577262 ) ) ;
#5340 = CARTESIAN_POINT ( 'NONE',  ( 38.03223434136228320, -41.35699576261897192, 413.0950110116205565 ) ) ;
#5341 = CARTESIAN_POINT ( 'NONE',  ( 13.09893608161853606, -1.762543888245112988, 487.1071277134536786 ) ) ;
#5342 = CARTESIAN_POINT ( 'NONE',  ( -0.000000000000000000, -39.30292401041126737, -51.54619232216629854 ) ) ;
#5343 = CARTESIAN_POINT ( 'NONE',  ( 7.196836239774110133, -19.40459390806696049, 567.4391168337917861 ) ) ;
#5344 = CARTESIAN_POINT ( 'NONE',  ( -150.0000000000002558, -4.444873476189596495, 435.7468521578524019 ) ) ;
#5345 = CARTESIAN_POINT ( 'NONE',  ( 18.34291201584670716, -43.67125476822139518, 459.5772087653320455 ) ) ;
#5346 = CARTESIAN_POINT ( 'NONE',  ( -46.39042928614821903, -26.89115056798632963, 433.2056313312987186 ) ) ;
#5347 = CARTESIAN_POINT ( 'NONE',  ( -60.01544126471360130, -16.87284795802195703, 448.9090402259109851 ) ) ;
#5348 = CARTESIAN_POINT ( 'NONE',  ( 149.9999999999997442, -3.357717096619530217, 429.9999999959435399 ) ) ;
#5349 = CARTESIAN_POINT ( 'NONE',  ( -50.03496671508558791, -9.242290081520904366, 326.4099837110862268 ) ) ;
#5350 = AXIS2_PLACEMENT_3D ( 'NONE', #2240, #4202, #6172 ) ;
#5351 = CARTESIAN_POINT ( 'NONE',  ( 84.27759062967341208, -48.53072844917068807, 103.6408433975915813 ) ) ;
#5352 = CARTESIAN_POINT ( 'NONE',  ( -2.972288463451770113, 33.79696142559792804, 41.75401259452486613 ) ) ;
#5353 = CARTESIAN_POINT ( 'NONE',  ( 25.33513191790711261, -29.65460490995872789, 481.4458057322581794 ) ) ;
#5354 = CARTESIAN_POINT ( 'NONE',  ( -9.904844183193167950, -52.77629778255463577, 446.0835072158631647 ) ) ;
#5355 = CIRCLE ( 'NONE', #6284, 7.200000000000002842 ) ;
#5356 = ORIENTED_EDGE ( 'NONE', *, *, #3168, .T. ) ;
#5357 = CARTESIAN_POINT ( 'NONE',  ( 17.20110718407118711, 10.15800901611632412, 436.4950338403940009 ) ) ;
#5358 = CARTESIAN_POINT ( 'NONE',  ( -15.59070563710662327, 12.17863891493769479, 431.7744202601367078 ) ) ;
#5359 = DIRECTION ( 'NONE',  ( 0.000000000000000000, 1.000000000000000000, 0.000000000000000000 ) ) ;
#5360 = CARTESIAN_POINT ( 'NONE',  ( -9.612637209448243070, -20.01973432275099185, 558.7803851268713515 ) ) ;
#5361 = ORIENTED_EDGE ( 'NONE', *, *, #947, .T. ) ;
#5362 = CARTESIAN_POINT ( 'NONE',  ( -16.06486401086078786, -4.175947732344412522, 489.0948558859470268 ) ) ;
#5363 = CARTESIAN_POINT ( 'NONE',  ( -7.357193185604065100, -35.00011070109457023, 509.2982854838357980 ) ) ;
#5364 = CARTESIAN_POINT ( 'NONE',  ( -28.21569443147156875, -0.7894876200951002065, 453.4385097282101356 ) ) ;
#5365 = CARTESIAN_POINT ( 'NONE',  ( 0.000000000000000000, -44.38516520843189994, 506.4422371206682669 ) ) ;
#5366 = CARTESIAN_POINT ( 'NONE',  ( -150.0000000000000000, -6.381259963799719159, 435.8886204940305333 ) ) ;
#5367 = CARTESIAN_POINT ( 'NONE',  ( 22.80414857816112928, -58.08988068147470329, 429.9999999999998863 ) ) ;
#5368 = CARTESIAN_POINT ( 'NONE',  ( 0.000000000000000000, -29.19999999999999929, 458.9422371214550935 ) ) ;
#5369 = CARTESIAN_POINT ( 'NONE',  ( 34.94593099324799113, -38.56690185384635328, 430.0000000002123670 ) ) ;
#5370 = CARTESIAN_POINT ( 'NONE',  ( 1.518584228619197729, -10.92610589442234392, 509.4569365200610491 ) ) ;
#5371 = CARTESIAN_POINT ( 'NONE',  ( 16.71393015209776678, -53.37344242378496517, 433.3301554168729126 ) ) ;
#5372 = CARTESIAN_POINT ( 'NONE',  ( 14.68096887030811359, -2.039823250686968237, 484.7586626801535203 ) ) ;
#5373 = CARTESIAN_POINT ( 'NONE',  ( -28.33359194811204773, -49.08639247701021446, -13.24810172851660539 ) ) ;
#5374 = CARTESIAN_POINT ( 'NONE',  ( 2.564892261509815086, -18.06037734666005079, 568.7533338385485422 ) ) ;
#5375 = CARTESIAN_POINT ( 'NONE',  ( -35.77127347892401588, -9.639532146028656712, 488.8322980861877340 ) ) ;
#5376 = CARTESIAN_POINT ( 'NONE',  ( 8.771558190059938198, -48.58893738205767932, 462.6216707580670686 ) ) ;
#5377 = CARTESIAN_POINT ( 'NONE',  ( 2.593811751426483792, -41.87544882610692554, 515.0051337453476208 ) ) ;
#5378 = ADVANCED_FACE ( 'NONE', ( #4332 ), #1495, .T. ) ;
#5379 = CARTESIAN_POINT ( 'NONE',  ( 124.1488601475170981, -4.001561155637651801, 429.9999999999999432 ) ) ;
#5380 = CARTESIAN_POINT ( 'NONE',  ( -149.9999999999998010, -7.283625780904996461, 317.3988343436489004 ) ) ;
#5381 = CARTESIAN_POINT ( 'NONE',  ( 149.9999999999993747, -5.086072248670411078, 222.8904789473830022 ) ) ;
#5382 = CARTESIAN_POINT ( 'NONE',  ( 150.0000000000000853, 15.27823658166833454, 249.4146832441057597 ) ) ;
#5383 = CARTESIAN_POINT ( 'NONE',  ( -55.69582423788891390, 7.770729441803534421, 222.6473521244176652 ) ) ;
#5384 = CARTESIAN_POINT ( 'NONE',  ( 24.15097461935911127, -32.22878300022899367, 476.9310014916666773 ) ) ;
#5385 = CARTESIAN_POINT ( 'NONE',  ( -32.03373693288403246, -43.74245150833935014, 425.1388841240520833 ) ) ;
#5386 = VERTEX_POINT ( 'NONE', #1434 ) ;
#5387 = UNCERTAINTY_MEASURE_WITH_UNIT (LENGTH_MEASURE( 1.000000000000000082E-05 ), #1820, 'distance_accuracy_value', 'NONE');
#5388 = CARTESIAN_POINT ( 'NONE',  ( 54.44447837084524622, 2.507732760591265819, 403.4653640488603514 ) ) ;
#5389 = CARTESIAN_POINT ( 'NONE',  ( -54.19033794809084270, 4.975365465763568196, 393.6730437903243001 ) ) ;
#5390 = CARTESIAN_POINT ( 'NONE',  ( 28.33199174654314589, 5.864925140410170989, 430.0000000002123102 ) ) ;
#5391 = CARTESIAN_POINT ( 'NONE',  ( -35.62298055821208465, -24.72696578322756267, 504.0024996981231880 ) ) ;
#5392 = ORIENTED_EDGE ( 'NONE', *, *, #2158, .F. ) ;
#5393 = CARTESIAN_POINT ( 'NONE',  ( -9.342672283109708431, 0.9150211976527687918, 485.7509787476907377 ) ) ;
#5394 = ORIENTED_EDGE ( 'NONE', *, *, #1494, .F. ) ;
#5395 = CARTESIAN_POINT ( 'NONE',  ( -6.074750827459759250, -33.04964154321967840, 519.0081642904438013 ) ) ;
#5396 = CARTESIAN_POINT ( 'NONE',  ( -28.10062293716883630, -2.496731009373303500, 459.4649673245199324 ) ) ;
#5397 = CARTESIAN_POINT ( 'NONE',  ( 0.000000000000000000, -29.19999999999999929, 432.9207075737901391 ) ) ;
#5398 = CARTESIAN_POINT ( 'NONE',  ( 10.99999175647491789, 14.53570579890608627, 430.0000485616728838 ) ) ;
#5399 = CARTESIAN_POINT ( 'NONE',  ( 46.42886199321750240, -5.116258051470222057, 441.0723300167706498 ) ) ;
#5400 = CARTESIAN_POINT ( 'NONE',  ( 3.330844985526232982, -5.949735992423210718, -56.59751504260918864 ) ) ;
#5401 = CARTESIAN_POINT ( 'NONE',  ( 0.000000000000000000, 7.540608089566596561, 497.6252473222967296 ) ) ;
#5402 = CARTESIAN_POINT ( 'NONE',  ( -0.4974361075089687168, -29.98460930068136321, 558.9422371214550367 ) ) ;
#5403 = CARTESIAN_POINT ( 'NONE',  ( 12.08459332181070245, -54.50109450078535644, 436.6858066622338583 ) ) ;
#5404 = CARTESIAN_POINT ( 'NONE',  ( 14.48985733702526701, -0.09482794030961534670, 478.5331669077235119 ) ) ;
#5405 = CARTESIAN_POINT ( 'NONE',  ( -56.44879077405048662, -15.86144759867543641, 203.3231423214623135 ) ) ;
#5406 = CARTESIAN_POINT ( 'NONE',  ( 9.621664845350474948, -26.97909361906861037, 554.2004215491666628 ) ) ;
#5407 = CARTESIAN_POINT ( 'NONE',  ( 0.000000000000000000, 10.33405387878785753, 486.6586544760494917 ) ) ;
#5408 = CARTESIAN_POINT ( 'NONE',  ( 23.96800512925131699, -41.38465627781930323, 452.5905735261185896 ) ) ;
#5409 = CARTESIAN_POINT ( 'NONE',  ( 2.631139656651000802, -49.78120383466286825, 486.6904418004664876 ) ) ;
#5410 = FACE_OUTER_BOUND ( 'NONE', #3094, .T. ) ;
#5411 = CARTESIAN_POINT ( 'NONE',  ( 0.000000000000000000, -78.09804512204975424, 332.0373177599348651 ) ) ;
#5412 = CARTESIAN_POINT ( 'NONE',  ( 12.40008064037153090, -53.40580516364158115, -20.80688927514718856 ) ) ;
#5413 = ORIENTED_EDGE ( 'NONE', *, *, #988, .T. ) ;
#5414 = CARTESIAN_POINT ( 'NONE',  ( 0.000000000000000000, 45.95997642549459528, 252.6905689360423537 ) ) ;
#5415 = CARTESIAN_POINT ( 'NONE',  ( -77.40947463289504071, 21.01930611802427151, 121.3389839466043583 ) ) ;
#5416 = CARTESIAN_POINT ( 'NONE',  ( 12.13068009884089982, -36.05931891575145443, 495.0085502581541164 ) ) ;
#5417 = CARTESIAN_POINT ( 'NONE',  ( -55.23029917364944907, -25.49432123598956679, 410.0938448489422399 ) ) ;
#5418 = ORIENTED_EDGE ( 'NONE', *, *, #2749, .F. ) ;
#5419 = CARTESIAN_POINT ( 'NONE',  ( 20.73549855487057769, 7.662565667008492731, 438.6579579690707078 ) ) ;
#5420 = CARTESIAN_POINT ( 'NONE',  ( -27.40636626752508320, 9.383830283920350013, 419.0763584345860977 ) ) ;
#5421 = CARTESIAN_POINT ( 'NONE',  ( 41.02535744772700355, -0.09277098116759067981, 430.0000000002121965 ) ) ;
#5422 = CARTESIAN_POINT ( 'NONE',  ( 0.000000000000000000, -27.14238954272576620, 564.7252312364137197 ) ) ;
#5423 = EDGE_LOOP ( 'NONE', ( #2408, #3930, #4629 ) ) ;
#5424 = CARTESIAN_POINT ( 'NONE',  ( -8.964336609431532210, -34.53614139386679938, 506.8402163741014874 ) ) ;
#5425 = CARTESIAN_POINT ( 'NONE',  ( -49.42871926097468815, -3.615387273816745850, 431.9376675331120055 ) ) ;
#5426 = CARTESIAN_POINT ( 'NONE',  ( 0.000000000000000000, -62.83875023543297544, 436.4850703781700076 ) ) ;
#5427 = CARTESIAN_POINT ( 'NONE',  ( 13.57519106623118788, -29.04370425789275245, 513.7284831513268273 ) ) ;
#5428 = CARTESIAN_POINT ( 'NONE',  ( 0.000000000000000000, -46.58870159832864033, 508.9422371214551504 ) ) ;
#5429 = CARTESIAN_POINT ( 'NONE',  ( -14.40375284334905892, -28.82869273257070830, 512.4201727879868713 ) ) ;
#5430 = EDGE_CURVE ( 'NONE', #3781, #1699, #985, .T. ) ;
#5431 = CARTESIAN_POINT ( 'NONE',  ( 0.000000000000000000, 5.481689149415663209, 505.4422371214553209 ) ) ;
#5432 = CARTESIAN_POINT ( 'NONE',  ( 0.7104824048987035123, -10.82696276925742040, 510.3796599454881857 ) ) ;
#5433 = FACE_OUTER_BOUND ( 'NONE', #359, .T. ) ;
#5434 = CARTESIAN_POINT ( 'NONE',  ( 17.84874214750351484, -2.585993479314027343, 480.0048005428278088 ) ) ;
#5435 = CARTESIAN_POINT ( 'NONE',  ( 14.14011707737442691, -7.638537835407901433, 504.7123549163740108 ) ) ;
#5436 = CARTESIAN_POINT ( 'NONE',  ( -38.01356226761434698, -44.42599074778420487, 430.0000000000000000 ) ) ;
#5437 = CARTESIAN_POINT ( 'NONE',  ( 35.59571481663129333, -22.39331253607019079, 506.9765689561975819 ) ) ;
#5438 = CARTESIAN_POINT ( 'NONE',  ( -2.463040405063526617, 2.764101418705058322, 515.2409785199594126 ) ) ;
#5439 = CARTESIAN_POINT ( 'NONE',  ( 9.111853875705557826, -50.71556152963791675, 454.5451404214032891 ) ) ;
#5440 = CARTESIAN_POINT ( 'NONE',  ( 36.41497210522977923, -28.47449571491510412, 488.7194403292959919 ) ) ;
#5441 = EDGE_LOOP ( 'NONE', ( #1576, #5631, #4937, #4349 ) ) ;
#5442 = CARTESIAN_POINT ( 'NONE',  ( -22.39812758097246714, -76.34959854427935966, 331.2114094747487911 ) ) ;
#5443 = CARTESIAN_POINT ( 'NONE',  ( 149.9999999999994316, -2.616582094362104094, 212.2784760750597570 ) ) ;
#5444 = CIRCLE ( 'NONE', #2658, 3.499999999999947597 ) ;
#5445 = CARTESIAN_POINT ( 'NONE',  ( 54.00102207192544768, 15.29528807115969968, 241.2492155879526479 ) ) ;
#5446 = CARTESIAN_POINT ( 'NONE',  ( -149.9999999999997442, 16.09349136664861390, 256.0566200932159404 ) ) ;
#5447 = CARTESIAN_POINT ( 'NONE',  ( 37.97279745142361662, -26.40710271889165384, 458.8333652052854745 ) ) ;
#5448 = CARTESIAN_POINT ( 'NONE',  ( -19.81790049800265763, -47.83030899797132207, 444.6576893306909142 ) ) ;
#5449 = VERTEX_POINT ( 'NONE', #2435 ) ;
#5450 = CARTESIAN_POINT ( 'NONE',  ( 23.85193943764175017, 6.942966990208184086, 434.9674755218604787 ) ) ;
#5451 = CARTESIAN_POINT ( 'NONE',  ( -18.98918343423553523, 11.46541069788923295, 428.1244279055659945 ) ) ;
#5452 = DIRECTION ( 'NONE',  ( -0.000000000000000000, -1.000000000000000000, -0.000000000000000000 ) ) ;
#5453 = CARTESIAN_POINT ( 'NONE',  ( -150.0000000000000284, -5.983134914202191013, 440.0305525103658510 ) ) ;
#5454 = CARTESIAN_POINT ( 'NONE',  ( 7.193853010854474483, -10.41107745454391420, 557.8597997808570881 ) ) ;
#5455 = VECTOR ( 'NONE', #3180, 1000.000000000000000 ) ;
#5456 = B_SPLINE_SURFACE_WITH_KNOTS ( 'NONE', 3, 3, ( 
 ( #5975, #5889, #4974, #1557, #1526, #1081, #3467 ),
 ( #4494, #567, #1468, #3045, #79, #2013, #3980 ),
 ( #3437, #5400, #989, #2558, #2953, #3949, #2042 ),
 ( #4909, #595, #505, #4523, #4432, #1983, #1018 ),
 ( #5917, #4010, #109, #48, #6095, #5093, #4190 ),
 ( #1198, #2166, #4643, #718, #1711, #2648, #3615 ),
 ( #5645, #3677, #5583, #1232, #4581, #259, #198 ),
 ( #4609, #3105, #4673, #4095, #751, #3200, #1166 ),
 ( #1678, #3162, #4067, #5161, #3133, #165, #1618 ),
 ( #1649, #2714, #138, #228, #3647, #6034, #781 ),
 ( #2229, #6158, #684, #1744, #4128, #5126, #1139 ),
 ( #3586, #5612, #6065, #2681, #2197, #3713, #4158 ),
 ( #657, #5683, #1262, #6125, #3230, #5191, #4553 ),
 ( #2103, #5554, #5064, #2620, #2131, #3262, #4382 ),
 ( #6192, #972, #4705, #6349, #4224, #5445, #2421 ),
 ( #2, #3299, #4927, #1810, #5871, #5717, #5382 ),
 ( #5224, #4771, #5262, #1967, #3780, #813, #364 ),
 ( #2783, #3934, #2484, #488, #3902, #5750, #1328 ),
 ( #521, #1933, #2935, #1451, #1777, #4738, #3419 ),
 ( #3745, #4892, #294, #33, #850, #2451, #2816 ),
 ( #4414, #3481, #1294, #2967, #4447, #5902, #330 ),
 ( #1997, #2296, #1482, #2264, #4260, #3964, #3451 ),
 ( #5414, #1002, #5931, #1513, #2747, #6226, #609 ),
 ( #4052, #1094, #2146, #4959, #6019, #5536, #179 ),
 ( #1037, #1542, #92, #4111, #3000, #6078, #3994 ),
 ( #3515, #5478, #2633, #4594, #3058, #63, #1067 ),
 ( #1122, #3571, #4566, #5506, #2059, #2088, #2116 ),
 ( #4025, #4079, #3030, #3117, #5018, #3089, #2575 ),
 ( #1151, #581, #3599, #150, #5990, #4538, #122 ),
 ( #551, #6047, #1572, #4989, #4478, #1602, #4508 ),
 ( #2514, #2027, #5960, #5049, #2542, #3542, #641 ),
 ( #2603, #1630, #5567, #5076, #669, #1662, #3630 ),
 ( #4657, #3762, #3278, #4689, #5697, #5176, #2662 ),
 ( #766, #5143, #4625, #3727, #1182, #2800, #1725 ),
 ( #242, #2763, #6175, #6243, #213, #5733, #1310 ),
 ( #3661, #5207, #5110, #2243, #795, #2730, #4720 ),
 ( #3147, #1277, #4205, #5242, #2280, #277, #1246 ),
 ( #2696, #833, #2179, #700, #1794, #4755, #3181 ),
 ( #346, #2311, #312, #4276, #4241, #5627, #4142 ),
 ( #6109, #1827, #3245, #6208, #1759, #5597, #6141 ),
 ( #1695, #1213, #733, #3695, #3214, #4174, #2212 ),
 ( #5666, #381, #3316, #2343, #1350, #4307, #867 ),
 ( #5279, #5768, #6277, #2831, #3796, #4787, #4517 ),
 ( #620, #2096, #3009, #2612, #103, #5488, #562 ),
 ( #590, #6056, #5454, #131, #3608, #3491, #5058 ),
 ( #651, #4575, #4034, #5577, #2551, #4060, #72 ),
 ( #6028, #2036, #1612, #1047, #4003, #5517, #6000 ),
 ( #2069, #5969, #1103, #3580, #1552, #159, #3127 ) ),
 .UNSPECIFIED., .F., .F., .F.,
 ( 4, 1, 1, 1, 1, 1, 1, 1, 1, 1, 1, 1, 1, 1, 1, 1, 1, 1, 1, 1, 1, 1, 1, 1, 3, 1, 1, 1, 1, 1, 1, 1, 1, 1, 1, 1, 1, 1, 1, 1, 3, 4 ),
 ( 4, 1, 1, 1, 4 ),
 ( 0.4990857812012456374, 0.5032524761466716789, 0.5074191710920973319, 0.5115858660375233180, 0.5157525609829490820, 0.5199192559283750681, 0.5240859508738008321, 0.5324193407646525822, 0.5407527306555042212, 0.5490861205463560824, 0.5574195104372077214, 0.5657529003280594715, 0.5740862902189111105, 0.5824196801097627496, 0.5990864598914662498, 0.6157532396731697499, 0.6324200194548732501, 0.6490867992365765282, 0.6657535790182800284, 0.6824203587999835285, 0.6990871385816868067, 0.7157539183633904178, 0.7324206981450935849, 0.7490874779267970851, 0.7657542577085005853, 0.7934811804762516019, 0.8212081032440026185, 0.8350715646278780158, 0.8489350260117537461, 0.8627984873956292544, 0.8766619487795048737, 0.8905254101633801600, 0.9043888715472557793, 0.9182523329311313987, 0.9321157943150069070, 0.9459792556988821932, 0.9598427170827579236, 0.9737061784666334319, 0.9806379091585710750, 0.9841037745045400076, 0.9875696398505088291, 1.018426769443239399 ),
 ( 0.000000000000000000, 0.03502224838491098391, 0.09383257832149248523, 0.1938325783214923659, 1.000000000000000000 ),
 .UNSPECIFIED. ) ;
#5457 = CARTESIAN_POINT ( 'NONE',  ( -11.55963720718033372, -29.27733032503051191, 517.8069052521734648 ) ) ;
#5458 = CARTESIAN_POINT ( 'NONE',  ( -14.58535003857382151, 3.585642035881965395, 465.4754182708555845 ) ) ;
#5459 = CARTESIAN_POINT ( 'NONE',  ( 5.779406143281577535, -29.18414818729220173, 558.9422371214546956 ) ) ;
#5460 = AXIS2_PLACEMENT_3D ( 'NONE', #2564, #5009, #3050 ) ;
#5461 = FACE_OUTER_BOUND ( 'NONE', #4313, .T. ) ;
#5462 = EDGE_CURVE ( 'NONE', #101, #2455, #2948, .T. ) ;
#5463 = CARTESIAN_POINT ( 'NONE',  ( -13.09713666212595307, -29.26407919931509838, 514.1499202426482498 ) ) ;
#5464 = CARTESIAN_POINT ( 'NONE',  ( 6.060420544702989964, -30.72274369417761974, 526.9927103733007243 ) ) ;
#5465 = CARTESIAN_POINT ( 'NONE',  ( -12.35787508567583615, -54.44554936575393356, 436.4951022211074019 ) ) ;
#5466 = CARTESIAN_POINT ( 'NONE',  ( 20.76801206741636463, -54.17381966241746483, 422.9436863542106266 ) ) ;
#5467 = EDGE_CURVE ( 'NONE', #5718, #5572, #1562, .T. ) ;
#5468 = CARTESIAN_POINT ( 'NONE',  ( 8.907741075989999757, -2.859290991058413667, 499.9423265139123487 ) ) ;
#5469 = CARTESIAN_POINT ( 'NONE',  ( 1.278672808097846447, -29.11191613914658660, 509.9262962760709001 ) ) ;
#5470 = CARTESIAN_POINT ( 'NONE',  ( -34.36663660331129222, -39.21317161744936897, 430.0000000000001137 ) ) ;
#5471 = CARTESIAN_POINT ( 'NONE',  ( 35.58941529695229633, -20.71161139695899678, 507.8976573508294905 ) ) ;
#5472 = CARTESIAN_POINT ( 'NONE',  ( -30.57607027776190733, 4.661128941150115779, 430.0000000000001137 ) ) ;
#5473 = CARTESIAN_POINT ( 'NONE',  ( 11.45773155521581899, -50.27529452318166392, 452.4756092644617524 ) ) ;
#5474 = CARTESIAN_POINT ( 'NONE',  ( 7.226819321699833765, -31.87859651157484819, 549.1866784585372443 ) ) ;
#5475 = CARTESIAN_POINT ( 'NONE',  ( 2.487825803493245225, -43.43063661199575165, 509.2369323574895930 ) ) ;
#5476 = CARTESIAN_POINT ( 'NONE',  ( -26.73315341133391598, -70.54310342772591014, 79.93177024630927008 ) ) ;
#5477 = CARTESIAN_POINT ( 'NONE',  ( 12.49948568607702626, -38.65774659530805479, -46.08202769975808621 ) ) ;
#5478 = CARTESIAN_POINT ( 'NONE',  ( 1.649437573462356754, 41.01991156795418902, 312.8522970477960143 ) ) ;
#5479 = CARTESIAN_POINT ( 'NONE',  ( -82.00022190405498179, 13.41533595200248463, 95.17065037251704496 ) ) ;
#5480 = CARTESIAN_POINT ( 'NONE',  ( 7.451419000308721508, -39.69078356808665831, 494.1843074881220446 ) ) ;
#5481 = CARTESIAN_POINT ( 'NONE',  ( -28.70822009897628035, -45.95302161610057823, 428.7776079923660291 ) ) ;
#5482 = B_SPLINE_CURVE_WITH_KNOTS ( 'NONE', 3,
 ( #5027, #2584, #4089, #5546, #4121, #4488 ),
 .UNSPECIFIED., .F., .F.,
 ( 4, 2, 4 ),
 ( 0.000000000000000000, 0.03873756544227140164, 0.07747513088454280328 ),
 .UNSPECIFIED. ) ;
#5483 = VERTEX_POINT ( 'NONE', #2367 ) ;
#5484 = CARTESIAN_POINT ( 'NONE',  ( 14.33321147067107937, 7.250882632426760566, 452.8033130186288417 ) ) ;
#5485 = CARTESIAN_POINT ( 'NONE',  ( -2.566234492211178164, -30.88890228714348751, 555.2703131399168797 ) ) ;
#5486 = CARTESIAN_POINT ( 'NONE',  ( 24.47285350729147169, 7.981766722541911108, 430.0000000002121965 ) ) ;
#5487 = CARTESIAN_POINT ( 'NONE',  ( -149.9999999999999432, -6.097168923262282547, 440.0305525103659079 ) ) ;
#5488 = CARTESIAN_POINT ( 'NONE',  ( 59.99867422257567995, -10.69069057093173214, 448.1085652130877293 ) ) ;
#5489 = CARTESIAN_POINT ( 'NONE',  ( -5.794590150853878185, -30.81096995140587680, 527.4739863304027949 ) ) ;
#5490 = CARTESIAN_POINT ( 'NONE',  ( -35.68123149614409328, -2.034901604787291873, 444.5683706654783123 ) ) ;
#5491 = CARTESIAN_POINT ( 'NONE',  ( 7.497763538800677807, -28.10969412876181650, 558.9422371214552641 ) ) ;
#5492 = DIRECTION ( 'NONE',  ( 0.000000000000000000, 1.000000000000000000, 0.000000000000000000 ) ) ;
#5493 = CARTESIAN_POINT ( 'NONE',  ( -13.96445433894580646, -28.91856260765299069, 513.1980819697115521 ) ) ;
#5494 = CARTESIAN_POINT ( 'NONE',  ( 5.072645427550646957, -30.86626337664559472, 529.4008260480468380 ) ) ;
#5495 = CARTESIAN_POINT ( 'NONE',  ( -11.00000578798682227, -56.53773332980759392, 430.0000047039275159 ) ) ;
#5496 = CARTESIAN_POINT ( 'NONE',  ( -150.0000000000000000, -4.471143592799598387, 435.8876232211820820 ) ) ;
#5497 = CARTESIAN_POINT ( 'NONE',  ( 8.719683942521468722, -4.806417500800551856, 507.0571904531984160 ) ) ;
#5498 = CARTESIAN_POINT ( 'NONE',  ( -12.51967498350162522, -30.42977357820698359, -54.72345505564731383 ) ) ;
#5499 = CARTESIAN_POINT ( 'NONE',  ( -13.46303525741861051, -62.23822917468247340, 430.0000000000000000 ) ) ;
#5500 = CARTESIAN_POINT ( 'NONE',  ( 0.000000000000000000, -25.68507727541411612, 566.4036230291548009 ) ) ;
#5501 = DIRECTION ( 'NONE',  ( 0.000000000000000000, 0.000000000000000000, -1.000000000000000000 ) ) ;
#5502 = CARTESIAN_POINT ( 'NONE',  ( 10.73310870281731866, -48.21039417766883162, 460.6489720166129587 ) ) ;
#5503 = CARTESIAN_POINT ( 'NONE',  ( -0.9770817555172016666, -29.14838040859503110, 507.6709574505176192 ) ) ;
#5504 = CARTESIAN_POINT ( 'NONE',  ( -149.9999999999999147, -7.035743574291152491, 254.0021732632496878 ) ) ;
#5505 = CARTESIAN_POINT ( 'NONE',  ( 149.9999999999994031, -3.928125979796779355, 216.2976994854811608 ) ) ;
#5506 = CARTESIAN_POINT ( 'NONE',  ( 13.31731313304985065, 39.58377582248513704, 320.0000000000000568 ) ) ;
#5507 = ADVANCED_FACE ( 'NONE', ( #3916, #1465, #3946 ), #4906, .F. ) ;
#5508 = CARTESIAN_POINT ( 'NONE',  ( -14.61713605283470763, 44.60612277303756201, 256.7277770913618156 ) ) ;
#5509 = CARTESIAN_POINT ( 'NONE',  ( 10.11675709361057862, -38.96531119858959613, 490.5508739390059532 ) ) ;
#5510 = CARTESIAN_POINT ( 'NONE',  ( -26.66274090136285579, -42.43044248661461637, 443.2124741247613429 ) ) ;
#5511 = ORIENTED_EDGE ( 'NONE', *, *, #3611, .T. ) ;
#5512 = CARTESIAN_POINT ( 'NONE',  ( 16.26533809536020314, 6.873282300383212196, 450.4304398878190341 ) ) ;
#5513 = CARTESIAN_POINT ( 'NONE',  ( -9.677776026443766000, -29.92576783747977132, 546.2450603931980595 ) ) ;
#5514 = CARTESIAN_POINT ( 'NONE',  ( 23.22934877922116215, 8.668927323332821899, 430.0000000002122533 ) ) ;
#5515 = ORIENTED_EDGE ( 'NONE', *, *, #2479, .F. ) ;
#5516 = CARTESIAN_POINT ( 'NONE',  ( 0.000000000000000000, -29.45313396754236379, 560.4558571231845008 ) ) ;
#5517 = CARTESIAN_POINT ( 'NONE',  ( 60.19143531663057445, -14.20574384679140678, 462.4733266517072821 ) ) ;
#5518 = CARTESIAN_POINT ( 'NONE',  ( -10.80682181483160953, -41.16800969694832446, 482.4680365764590988 ) ) ;
#5519 = CARTESIAN_POINT ( 'NONE',  ( -5.876513366606035405, -30.78620244216768498, 527.3154627260281586 ) ) ;
#5520 = CARTESIAN_POINT ( 'NONE',  ( -35.76436876510470597, 1.121019691906152360, 433.3033237325968798 ) ) ;
#5521 = CARTESIAN_POINT ( 'NONE',  ( 9.683836969257015426, -23.13982672044099687, 558.9422371214557188 ) ) ;
#5522 = CARTESIAN_POINT ( 'NONE',  ( -4.569290057734137989, -30.31119807335963046, 430.0000000002122533 ) ) ;
#5523 = LINE ( 'NONE', #3920, #3298 ) ;
#5524 = CARTESIAN_POINT ( 'NONE',  ( 7.402502250506222126, -30.28596675908061897, 524.7031080167923847 ) ) ;
#5525 = CARTESIAN_POINT ( 'NONE',  ( -13.31614250361762330, -56.25286320404985219, 428.0305713507400469 ) ) ;
#5526 = CARTESIAN_POINT ( 'NONE',  ( 150.0000000000000284, -5.251527702307163814, 440.0305525103657374 ) ) ;
#5527 = CARTESIAN_POINT ( 'NONE',  ( 14.87584562702548041, -3.980025175791438663, 490.9379382554533322 ) ) ;
#5528 = CARTESIAN_POINT ( 'NONE',  ( 14.06085107849099280, -7.620452918580818746, 504.8207787047249440 ) ) ;
#5529 = CARTESIAN_POINT ( 'NONE',  ( -71.71884179119871305, -21.43418566181383866, 430.0000000000001137 ) ) ;
#5530 = CARTESIAN_POINT ( 'NONE',  ( 150.0000000000000284, -5.957878684532476044, 440.0305525103656237 ) ) ;
#5531 = CARTESIAN_POINT ( 'NONE',  ( -2.582617281328247305, -20.56771469501779492, 592.4000276855383618 ) ) ;
#5532 = CARTESIAN_POINT ( 'NONE',  ( 10.97091299588252156, -48.15476759604318602, 460.4198013032162180 ) ) ;
#5533 = CARTESIAN_POINT ( 'NONE',  ( -1.599836349737006058, -29.05983022365830948, 509.1525871623524608 ) ) ;
#5534 = CARTESIAN_POINT ( 'NONE',  ( -50.97850252568365903, -13.02079588092048823, 283.5227683093291944 ) ) ;
#5535 = CARTESIAN_POINT ( 'NONE',  ( 0.000000000000000000, -29.99999999999976552, -61.05776287854514095 ) ) ;
#5536 = CARTESIAN_POINT ( 'NONE',  ( 47.66603692990846497, 18.68161657458673020, 299.3736835281314370 ) ) ;
#5537 = CARTESIAN_POINT ( 'NONE',  ( -1.661913757546996440, 42.51371960543011141, 298.3404751548967511 ) ) ;
#5538 = CARTESIAN_POINT ( 'NONE',  ( 8.249212953124379410, -41.84149639954808464, 485.6861113475375191 ) ) ;
#5539 = CARTESIAN_POINT ( 'NONE',  ( -9.814217006593292325, -48.41070716188900036, 461.5502247732599130 ) ) ;
#5540 = ORIENTED_EDGE ( 'NONE', *, *, #5548, .F. ) ;
#5541 = CARTESIAN_POINT ( 'NONE',  ( 20.48938831958829709, 5.995862737228677020, 445.1462639055503701 ) ) ;
#5542 = PLANE ( 'NONE',  #3507 ) ;
#5543 = CARTESIAN_POINT ( 'NONE',  ( 19.57173649032352358, 10.64584716667128816, 430.0000000002122533 ) ) ;
#5544 = CARTESIAN_POINT ( 'NONE',  ( -149.9999999999997442, -3.357717096619530217, 429.9999999959435399 ) ) ;
#5545 = VERTEX_POINT ( 'NONE', #45 ) ;
#5546 = CARTESIAN_POINT ( 'NONE',  ( -0.000000000000000000, 11.91971439937284671, 480.3624203664844003 ) ) ;
#5547 = CARTESIAN_POINT ( 'NONE',  ( -7.831147383983362964, -39.59167947318439218, 493.6412124923183455 ) ) ;
#5548 = EDGE_CURVE ( 'NONE', #5386, #5964, #5886, .T. ) ;
#5549 = AXIS2_PLACEMENT_3D ( 'NONE', #4065, #4492, #2555 ) ;
#5550 = CARTESIAN_POINT ( 'NONE',  ( -5.637443182865031766, -30.85565002992060712, 527.7889839737780449 ) ) ;
#5551 = CARTESIAN_POINT ( 'NONE',  ( -10.90343689315443498, 6.133783485062120455, 463.5664817794099122 ) ) ;
#5552 = CARTESIAN_POINT ( 'NONE',  ( -5.822650678443571870, -10.84625871584764312, 558.9422371214554914 ) ) ;
#5553 = CARTESIAN_POINT ( 'NONE',  ( -9.614194486268939244, -14.23848754532818361, 555.7861855030432707 ) ) ;
#5554 = CARTESIAN_POINT ( 'NONE',  ( 2.972288463451770113, 33.79696142559792804, 41.75401259452486613 ) ) ;
#5555 = CARTESIAN_POINT ( 'NONE',  ( -10.99999999999999822, -3.731290437159162199, 430.0000000002122533 ) ) ;
#5556 = AXIS2_PLACEMENT_3D ( 'NONE', #1140, #1501, #2502 ) ;
#5557 = CARTESIAN_POINT ( 'NONE',  ( 55.43010207717970417, -8.077568896845033208, 443.1332146249037010 ) ) ;
#5558 = CARTESIAN_POINT ( 'NONE',  ( 0.9756631039218724988, -29.14853542284874166, 510.2146355180447017 ) ) ;
#5559 = CARTESIAN_POINT ( 'NONE',  ( -23.93275454561261029, -49.79821543133972028, 430.0000000000001137 ) ) ;
#5560 = CARTESIAN_POINT ( 'NONE',  ( 0.000000000000000000, -10.80000000000000071, 558.9422371214550367 ) ) ;
#5561 = CARTESIAN_POINT ( 'NONE',  ( 31.15794552480903690, -42.80007500399057818, 430.0000000002123670 ) ) ;
#5562 = DIRECTION ( 'NONE',  ( -0.000000000000000000, -1.000000000000000000, -0.000000000000000000 ) ) ;
#5563 = CARTESIAN_POINT ( 'NONE',  ( 14.09966302095348034, -47.35204814631034509, 457.3480923317414408 ) ) ;
#5564 = CARTESIAN_POINT ( 'NONE',  ( 34.16706709604421377, 9.773273377556989772, 429.9999999999999432 ) ) ;
#5565 = CARTESIAN_POINT ( 'NONE',  ( -149.9999999999999432, -7.347273661128304489, 277.1192477896718742 ) ) ;
#5566 = CARTESIAN_POINT ( 'NONE',  ( 86.96447697842424418, -25.42429361652477482, 49.13328212781601678 ) ) ;
#5567 = CARTESIAN_POINT ( 'NONE',  ( 6.244008511223442248, 25.66205074593666069, 414.3400517412663362 ) ) ;
#5568 = CARTESIAN_POINT ( 'NONE',  ( -49.29743671353512013, 37.20513467868398294, 254.3835889086999487 ) ) ;
#5569 = CARTESIAN_POINT ( 'NONE',  ( 11.69791009948241900, -40.92518724668239827, 481.3479452832632433 ) ) ;
#5570 = CARTESIAN_POINT ( 'NONE',  ( -10.26167152114243919, -48.31775025248708744, 461.1032384721509061 ) ) ;
#5571 = EDGE_CURVE ( 'NONE', #645, #695, #2713, .T. ) ;
#5572 = VERTEX_POINT ( 'NONE', #682 ) ;
#5573 = CARTESIAN_POINT ( 'NONE',  ( 54.83292476305275898, -1.355360686096253042, 418.1950248786028510 ) ) ;
#5574 = CARTESIAN_POINT ( 'NONE',  ( -3.262568209893353721, -29.84624114393207961, 558.8544628627006432 ) ) ;
#5575 = LINE ( 'NONE', #1158, #510 ) ;
#5576 = CARTESIAN_POINT ( 'NONE',  ( -85.39621770742424189, -2.892129083586347349, 430.0000000000001705 ) ) ;
#5577 = CARTESIAN_POINT ( 'NONE',  ( 9.594160749538568567, -14.30091005030384110, 560.4271765743969809 ) ) ;
#5578 = CARTESIAN_POINT ( 'NONE',  ( -15.28317580933260622, -39.90830334967328952, 476.7684547654936296 ) ) ;
#5579 = CARTESIAN_POINT ( 'NONE',  ( -13.25495533031168982, -28.90852780041963754, 514.9608929876205821 ) ) ;
#5580 = CARTESIAN_POINT ( 'NONE',  ( -14.72396803790753417, 7.175026138270867548, 452.3310940012170249 ) ) ;
#5581 = CARTESIAN_POINT ( 'NONE',  ( -8.516869921708119406, -13.36620154447806819, 558.9422371214544683 ) ) ;
#5582 = CARTESIAN_POINT ( 'NONE',  ( -60.02584210782486451, -11.49775089684443152, 449.8867972215679742 ) ) ;
#5583 = CARTESIAN_POINT ( 'NONE',  ( 12.32604656146385480, 7.066535420415203994, -30.82130669073084661 ) ) ;
#5584 = CARTESIAN_POINT ( 'NONE',  ( 0.000000000000000000, -20.00000000000000000, 458.9422371214550935 ) ) ;
#5585 = EDGE_CURVE ( 'NONE', #5781, #6290, #4551, .T. ) ;
#5586 = CARTESIAN_POINT ( 'NONE',  ( 8.628478998019980750, -60.49941334546326033, 443.5166060566979240 ) ) ;
#5587 = CARTESIAN_POINT ( 'NONE',  ( 49.76102553843002596, -9.344369883399210153, 452.6767739907833175 ) ) ;
#5588 = CARTESIAN_POINT ( 'NONE',  ( -1.599836349737006058, -10.94016977634168519, 508.7318870805577262 ) ) ;
#5589 = CARTESIAN_POINT ( 'NONE',  ( 0.4672067036195548528, 3.588513381393919843, 512.4187017111163414 ) ) ;
#5590 = CARTESIAN_POINT ( 'NONE',  ( 9.641052513307554861, -29.00805446362254969, 549.8478167743611493 ) ) ;
#5591 = CARTESIAN_POINT ( 'NONE',  ( 26.59636594703637869, -47.49013000042749155, 430.0000000002123670 ) ) ;
#5592 = CARTESIAN_POINT ( 'NONE',  ( 150.0000000000000000, 0.000000000000000000, 430.0000000002122533 ) ) ;
#5593 = CARTESIAN_POINT ( 'NONE',  ( 9.904844183193167950, -52.77629778255463577, 446.0835072158631647 ) ) ;
#5594 = CARTESIAN_POINT ( 'NONE',  ( 32.73833689806600233, 10.51466277376576564, 430.0000000000002274 ) ) ;
#5595 = CARTESIAN_POINT ( 'NONE',  ( -3.071087628444628681, -78.89190049977436558, 130.7173053259860467 ) ) ;
#5596 = CARTESIAN_POINT ( 'NONE',  ( 150.0000000000000284, -5.314656071147684457, 440.0305525103654531 ) ) ;
#5597 = CARTESIAN_POINT ( 'NONE',  ( 59.30832987030501613, -6.507826170023203183, 431.3161633550269016 ) ) ;
#5598 = CARTESIAN_POINT ( 'NONE',  ( -5.833484303085390010, 40.92873967100756971, 312.9953586469236484 ) ) ;
#5599 = CARTESIAN_POINT ( 'NONE',  ( 9.261201810146365787, -39.19622009285478725, 491.6975334823543449 ) ) ;
#5600 = CARTESIAN_POINT ( 'NONE',  ( -8.379214696213509228, -46.39602049167775277, 470.6531797541226751 ) ) ;
#5601 = ORIENTED_EDGE ( 'NONE', *, *, #5795, .F. ) ;
#5602 = CARTESIAN_POINT ( 'NONE',  ( 13.54255621200222315, 1.952803483762286740, 473.3689779413496694 ) ) ;
#5603 = DIRECTION ( 'NONE',  ( 1.000000000000000000, 0.000000000000000000, -0.000000000000000000 ) ) ;
#5604 = CARTESIAN_POINT ( 'NONE',  ( 0.000000000000000000, -10.80000000000000071, 510.5422371214551731 ) ) ;
#5605 = CARTESIAN_POINT ( 'NONE',  ( -34.16706709604421377, 9.773273377556989772, 429.9999999999999432 ) ) ;
#5606 = CARTESIAN_POINT ( 'NONE',  ( 150.0000000000000853, -7.226785652320919517, 263.8358621011154241 ) ) ;
#5607 = CARTESIAN_POINT ( 'NONE',  ( -8.440221142210917904, -39.42262458596923125, 492.8117430565820882 ) ) ;
#5608 = DIRECTION ( 'NONE',  ( 1.000000000000000000, 0.000000000000000000, 0.000000000000000000 ) ) ;
#5609 = CARTESIAN_POINT ( 'NONE',  ( -10.12163840637105139, 6.290410367867648844, 464.5203647533353433 ) ) ;
#5610 = CARTESIAN_POINT ( 'NONE',  ( 0.000000000000000000, -31.00737454160579176, 555.1382375593252618 ) ) ;
#5611 = CARTESIAN_POINT ( 'NONE',  ( -2.564128147679038960, -11.74918119843205488, 562.9017961434359449 ) ) ;
#5612 = CARTESIAN_POINT ( 'NONE',  ( 3.094001100202671495, 27.87474874546403569, 16.86073679022653593 ) ) ;
#5613 = CARTESIAN_POINT ( 'NONE',  ( -11.10158399627246695, -5.298378587362969405, 503.3916140274763507 ) ) ;
#5614 = CARTESIAN_POINT ( 'NONE',  ( 2.816532394109467319, -76.35400491161610148, 354.4829322717106379 ) ) ;
#5615 = CARTESIAN_POINT ( 'NONE',  ( -12.13068009884089982, -36.05931891575145443, 495.0085502581541164 ) ) ;
#5616 = CARTESIAN_POINT ( 'NONE',  ( 11.76914341270122222, -7.446225970411168404, 509.1347414299882530 ) ) ;
#5617 = CARTESIAN_POINT ( 'NONE',  ( -1.398223739255492815, -10.90650894487853328, 509.7478576874332248 ) ) ;
#5618 = CARTESIAN_POINT ( 'NONE',  ( 1.491328355976571318, -29.93225504864150466, 558.9422371034256685 ) ) ;
#5619 = CARTESIAN_POINT ( 'NONE',  ( 7.200281701441798354, -28.80260358954006250, 559.9536472235527071 ) ) ;
#5620 = B_SPLINE_CURVE_WITH_KNOTS ( 'NONE', 3,
 ( #5288, #389, #4216, #2808, #3771, #6251, #2320 ),
 .UNSPECIFIED., .F., .F.,
 ( 4, 1, 1, 1, 4 ),
 ( 0.007264361530398773942, 0.03502224838491098391, 0.09383257832149248523, 0.1938325783214923659, 1.000000000000000000 ),
 .UNSPECIFIED. ) ;
#5621 = EDGE_CURVE ( 'NONE', #365, #1764, #3492, .T. ) ;
#5622 = CARTESIAN_POINT ( 'NONE',  ( 13.68314792012654557, -55.60425268354242689, 430.0000000002122533 ) ) ;
#5623 = CARTESIAN_POINT ( 'NONE',  ( 50.25554448029904364, -28.53672149531397295, 413.4831917965504431 ) ) ;
#5624 = CARTESIAN_POINT ( 'NONE',  ( 28.48268780610885997, 12.81951011966267018, 430.0000000000000000 ) ) ;
#5625 = CARTESIAN_POINT ( 'NONE',  ( -55.92365693612406830, -23.91463003388554753, 223.0509075876335601 ) ) ;
#5626 = CARTESIAN_POINT ( 'NONE',  ( 0.000000000000000000, -10.14559764559323440, 559.3764267780561568 ) ) ;
#5627 = CARTESIAN_POINT ( 'NONE',  ( 58.62154318630234684, -4.489909763417698763, 423.0794994535144156 ) ) ;
#5628 = CARTESIAN_POINT ( 'NONE',  ( -150.0000000000003126, 16.71071704159100690, 262.7461542768186291 ) ) ;
#5629 = CARTESIAN_POINT ( 'NONE',  ( 27.37988120600245523, -35.14955499553381202, 460.1214011529140748 ) ) ;
#5630 = CARTESIAN_POINT ( 'NONE',  ( -10.49643447060761758, -48.26464118034211737, 460.8763738853234031 ) ) ;
#5631 = ORIENTED_EDGE ( 'NONE', *, *, #1111, .T. ) ;
#5632 = CARTESIAN_POINT ( 'NONE',  ( -7.503276565262781084, -41.40660083015235671, 514.2053783297276368 ) ) ;
#5633 = CARTESIAN_POINT ( 'NONE',  ( -0.6609291953093423544, -44.32891691846040771, 506.5255158451411717 ) ) ;
#5634 = CARTESIAN_POINT ( 'NONE',  ( 0.000000000000000000, 0.000000000000000000, 430.0000000002122533 ) ) ;
#5635 = ORIENTED_EDGE ( 'NONE', *, *, #3849, .T. ) ;
#5636 = CARTESIAN_POINT ( 'NONE',  ( 0.000000000000000000, -71.66733597318066984, 41.76777884165016985 ) ) ;
#5637 = CARTESIAN_POINT ( 'NONE',  ( -45.88910484899792408, -25.80056957583567367, 439.2258785699681880 ) ) ;
#5638 = CARTESIAN_POINT ( 'NONE',  ( 8.142545671366173465, -34.76249623511362330, 508.0857564404755067 ) ) ;
#5639 = CARTESIAN_POINT ( 'NONE',  ( -37.28525421231117321, -44.11378231394088800, 407.9888285720900853 ) ) ;
#5640 = B_SPLINE_CURVE_WITH_KNOTS ( 'NONE', 3,
 ( #5836, #4821, #799, #5773, #350, #2835, #871, #6282, #2804, #1798, #3801, #3833, #1868, #3766, #5807, #2767, #420, #4759 ),
 .UNSPECIFIED., .F., .F.,
 ( 4, 2, 2, 2, 2, 2, 2, 2, 4 ),
 ( 0.000000000000000000, 0.01142829025498831239, 0.02285658050997662477, 0.03428487076496493369, 0.04571316101995324954, 0.05714145127494155846, 0.06856974152992986737, 0.07999803178491818323, 0.09142632203990633255 ),
 .UNSPECIFIED. ) ;
#5641 = CARTESIAN_POINT ( 'NONE',  ( -52.52255908921846128, -17.75741235631121029, 462.2298941139068233 ) ) ;
#5642 = CARTESIAN_POINT ( 'NONE',  ( -27.05812230043941824, 6.190040486857258273, 431.2705578921147094 ) ) ;
#5643 = FACE_OUTER_BOUND ( 'NONE', #2894, .T. ) ;
#5644 = CARTESIAN_POINT ( 'NONE',  ( -150.0000000000000568, -5.518692758228744388, 440.0305525103655668 ) ) ;
#5645 = CARTESIAN_POINT ( 'NONE',  ( 0.000000000000000000, 7.905339886619993095, -35.92712258355483357 ) ) ;
#5646 = AXIS2_PLACEMENT_3D ( 'NONE', #5234, #1271, #760 ) ;
#5647 = VERTEX_POINT ( 'NONE', #4579 ) ;
#5648 = CARTESIAN_POINT ( 'NONE',  ( 0.000000000000000000, -42.98672263033668628, 511.4422371208862046 ) ) ;
#5649 = CARTESIAN_POINT ( 'NONE',  ( 50.08248875286928836, -9.736513844828129649, 308.9701551022552621 ) ) ;
#5650 = CARTESIAN_POINT ( 'NONE',  ( -6.934530802787642223, -37.48865186717804221, 502.4883248519024050 ) ) ;
#5651 = CYLINDRICAL_SURFACE ( 'NONE', #2252, 2.499999999999946709 ) ;
#5652 = MECHANICAL_DESIGN_GEOMETRIC_PRESENTATION_REPRESENTATION (  '', ( #614 ), #410 ) ;
#5653 = CARTESIAN_POINT ( 'NONE',  ( -0.7100953467974066013, -10.82693175017166176, 507.5046162580768510 ) ) ;
#5654 = VECTOR ( 'NONE', #691, 1000.000000000000000 ) ;
#5655 = CARTESIAN_POINT ( 'NONE',  ( 3.471582784672232691, 4.373409057809913847, 508.4442235829602623 ) ) ;
#5656 = CARTESIAN_POINT ( 'NONE',  ( 0.000000000000000000, 0.000000000000000000, 558.9422371214550367 ) ) ;
#5657 = EDGE_CURVE ( 'NONE', #2354, #2939, #3497, .T. ) ;
#5658 = CARTESIAN_POINT ( 'NONE',  ( 27.33709972395676857, -46.78231611470407358, 430.0000000002123102 ) ) ;
#5659 = CARTESIAN_POINT ( 'NONE',  ( 0.000000000000000000, 0.000000000000000000, 558.9422371214550367 ) ) ;
#5660 = CARTESIAN_POINT ( 'NONE',  ( 32.03373693288403246, -43.74245150833935014, 425.1388841240520833 ) ) ;
#5661 = APPLICATION_CONTEXT ( 'automotive_design' ) ;
#5662 = AXIS2_PLACEMENT_3D ( 'NONE', #2788, #4743, #724 ) ;
#5663 = CARTESIAN_POINT ( 'NONE',  ( 0.000000000000000000, 3.604599552999293355, 512.4422371215180192 ) ) ;
#5664 = CARTESIAN_POINT ( 'NONE',  ( -150.0000000000001137, -6.845042883277400847, 247.4697543356704159 ) ) ;
#5665 = CARTESIAN_POINT ( 'NONE',  ( 7.193853010854474483, -10.41107745454391420, 557.8597997808570881 ) ) ;
#5666 = CARTESIAN_POINT ( 'NONE',  ( 0.000000000000000000, -7.286313120370254026, 550.2112436993119218 ) ) ;
#5667 = CARTESIAN_POINT ( 'NONE',  ( -38.69183588737984536, 10.25441671295230073, 424.1220012238796357 ) ) ;
#5668 = CARTESIAN_POINT ( 'NONE',  ( 30.99454915941873878, -33.34889737804841303, 455.3348618366233040 ) ) ;
#5669 = CARTESIAN_POINT ( 'NONE',  ( -17.44116213924601411, -43.97295263458165238, 460.6396915015409377 ) ) ;
#5670 = ORIENTED_EDGE ( 'NONE', *, *, #1416, .F. ) ;
#5671 = CARTESIAN_POINT ( 'NONE',  ( 0.000000000000000000, -38.03999744772360714, 529.1877037132842361 ) ) ;
#5672 = CARTESIAN_POINT ( 'NONE',  ( -2.501537015403652031, -43.47395066690899768, 509.0770457891167098 ) ) ;
#5673 = CARTESIAN_POINT ( 'NONE',  ( -150.0000000000000284, -5.251527702307163814, 440.0305525103657374 ) ) ;
#5674 = CARTESIAN_POINT ( 'NONE',  ( 24.79577069751475804, -76.46111962044371069, 164.4670457763833724 ) ) ;
#5675 = CARTESIAN_POINT ( 'NONE',  ( -28.53909880752624773, -10.68040278824253164, -41.02084576645206937 ) ) ;
#5676 = CARTESIAN_POINT ( 'NONE',  ( 6.118374898691882002, -35.35168443161506957, 511.3652784929871018 ) ) ;
#5677 = CARTESIAN_POINT ( 'NONE',  ( -12.15800649382191878, -56.48162339167166834, 428.7433889426643532 ) ) ;
#5678 = PLANE ( 'NONE',  #608 ) ;
#5679 = CARTESIAN_POINT ( 'NONE',  ( -17.95885486448860746, 9.999949683127136169, 435.6348138430267909 ) ) ;
#5680 = EDGE_CURVE ( 'NONE', #1461, #1847, #1229, .T. ) ;
#5681 = CARTESIAN_POINT ( 'NONE',  ( -5.779406143281577535, -29.18414818729220173, 558.9422371214546956 ) ) ;
#5682 = CARTESIAN_POINT ( 'NONE',  ( -9.615212476387920759, -13.05490142952048771, 554.1906889073994762 ) ) ;
#5683 = CARTESIAN_POINT ( 'NONE',  ( 3.035287670926654968, 31.01651801567224354, 29.24765051123930704 ) ) ;
#5684 = CARTESIAN_POINT ( 'NONE',  ( -27.77267779372258261, -9.530083963471145836, 483.8547094645081188 ) ) ;
#5685 = CARTESIAN_POINT ( 'NONE',  ( 53.04552153445752083, -12.84056040614105143, 369.8509329307035500 ) ) ;
#5686 = CARTESIAN_POINT ( 'NONE',  ( -19.63597872454865367, -36.16671308689202391, 477.2026157358415617 ) ) ;
#5687 = CARTESIAN_POINT ( 'NONE',  ( 19.01810109851454555, -8.497026393979766112, 497.2868874010203513 ) ) ;
#5688 = CARTESIAN_POINT ( 'NONE',  ( 0.8040837019852120626, -29.16520606737958587, 507.5550492614642053 ) ) ;
#5689 = CARTESIAN_POINT ( 'NONE',  ( 1.143696195766507939, 5.366725353879931326, 505.6263427927414114 ) ) ;
#5690 = CARTESIAN_POINT ( 'NONE',  ( 149.9999999999999716, -6.250264775982728338, 440.0305525103658510 ) ) ;
#5691 = CARTESIAN_POINT ( 'NONE',  ( 33.95841562803897773, -39.67053896360240373, 430.0000000002121396 ) ) ;
#5692 = PRESENTATION_STYLE_ASSIGNMENT (( #2691 ) ) ;
#5693 = CARTESIAN_POINT ( 'NONE',  ( 36.21829518982840312, -38.51010991317539123, 426.3489295217499375 ) ) ;
#5694 = CARTESIAN_POINT ( 'NONE',  ( -0.9230775015570715780, 3.586646429494495081, 512.3263198735751303 ) ) ;
#5695 = CARTESIAN_POINT ( 'NONE',  ( -3.207311803213716228, -72.94667201302964088, 54.26810830571599098 ) ) ;
#5696 = CARTESIAN_POINT ( 'NONE',  ( 2.563589035750720502, -10.64853701855919610, 560.5426976562384880 ) ) ;
#5697 = CARTESIAN_POINT ( 'NONE',  ( 40.00984483757177657, 16.72124631380037485, 402.1504229787130384 ) ) ;
#5698 = CARTESIAN_POINT ( 'NONE',  ( -5.833484303085390010, 40.14202268965824771, 320.0000000000000568 ) ) ;
#5699 = CARTESIAN_POINT ( 'NONE',  ( 24.77369603188756031, -38.69064001683739917, 457.6727508569184693 ) ) ;
#5700 = CARTESIAN_POINT ( 'NONE',  ( -31.80627171708778889, -35.00107345108453671, 448.5441476707820811 ) ) ;
#5701 = CARTESIAN_POINT ( 'NONE',  ( -46.42886199321750240, -5.116258051470222057, 441.0723300167706498 ) ) ;
#5702 = ORIENTED_EDGE ( 'NONE', *, *, #38, .F. ) ;
#5703 = CARTESIAN_POINT ( 'NONE',  ( -46.66549472394027021, -41.71823739072641501, 435.0488665365572274 ) ) ;
#5704 = FACE_OUTER_BOUND ( 'NONE', #5998, .T. ) ;
#5705 = EDGE_CURVE ( 'NONE', #1378, #673, #4610, .T. ) ;
#5706 = CARTESIAN_POINT ( 'NONE',  ( 3.207311803213716228, -72.94667201302964088, 54.26810830571599098 ) ) ;
#5707 = CARTESIAN_POINT ( 'NONE',  ( -3.289006796241746411, 7.681208134219242645, -36.06530541306337057 ) ) ;
#5708 = B_SPLINE_CURVE_WITH_KNOTS ( 'NONE', 3,
 ( #4468, #600, #3503, #1023, #2079, #5922, #1142, #84, #4529, #4979, #1114, #114, #169, #4950, #4071, #6038, #572, #3954, #4044, #6010, #1594, #5528, #5435, #1532, #542, #3079, #5041, #631 ),
 .UNSPECIFIED., .F., .F.,
 ( 4, 2, 2, 2, 2, 2, 2, 2, 2, 2, 2, 2, 2, 4 ),
 ( 0.000000000000000000, 0.003270724579112710504, 0.004906086868669065973, 0.006541449158225421008, 0.007359130303003598959, 0.008176811447781776043, 0.008585652020170786089, 0.008994492592559797869, 0.009403333164948806180, 0.009812173737337817961, 0.01022101430972682801, 0.01062985488211583805, 0.01144753602689385641, 0.01308289831644988965 ),
 .UNSPECIFIED. ) ;
#5709 = CARTESIAN_POINT ( 'NONE',  ( 7.357193185604065100, -35.00011070109457023, 509.2982854838357980 ) ) ;
#5710 = CARTESIAN_POINT ( 'NONE',  ( -12.70691736806078964, -52.22115733170199547, 443.8896324269296088 ) ) ;
#5711 = ORIENTED_EDGE ( 'NONE', *, *, #447, .F. ) ;
#5712 = CARTESIAN_POINT ( 'NONE',  ( 17.77286002151275568, 13.37187118730919266, 422.9735684125714670 ) ) ;
#5713 = CARTESIAN_POINT ( 'NONE',  ( -23.85193943764175017, 6.942966990208184086, 434.9674755218604787 ) ) ;
#5714 = CARTESIAN_POINT ( 'NONE',  ( 0.000000000000000000, -41.02641927607016470, 518.4576777010863680 ) ) ;
#5715 = CARTESIAN_POINT ( 'NONE',  ( -60.03563600716266535, -14.97576867695734570, 451.2557724736846012 ) ) ;
#5716 = B_SPLINE_CURVE_WITH_KNOTS ( 'NONE', 3,
 ( #5134, #302, #235, #1717, #204, #6199, #3109 ),
 .UNSPECIFIED., .F., .F.,
 ( 4, 1, 1, 1, 4 ),
 ( 0.9616600234338763542, 0.9715768692175931198, 0.9857884346087966154, 0.9928942173043983077, 1.000000000000000000 ),
 .UNSPECIFIED. ) ;
#5717 = CARTESIAN_POINT ( 'NONE',  ( 53.35623814217884586, 16.83228722618856921, 246.4189050667629601 ) ) ;
#5718 = VERTEX_POINT ( 'NONE', #5189 ) ;
#5719 = CARTESIAN_POINT ( 'NONE',  ( -16.57795712978958491, -8.159658387434891580, 501.2746268422022808 ) ) ;
#5720 = CARTESIAN_POINT ( 'NONE',  ( 150.0000000000003126, -7.116034429661834082, 345.1373952342066787 ) ) ;
#5721 = CARTESIAN_POINT ( 'NONE',  ( -50.57454424215395505, -22.52794105969359251, 440.7622327547490499 ) ) ;
#5722 = CARTESIAN_POINT ( 'NONE',  ( 25.90605330977791709, -9.341766662386550735, 486.5363205642595403 ) ) ;
#5723 = DIRECTION ( 'NONE',  ( 0.000000000000000000, 0.000000000000000000, -1.000000000000000000 ) ) ;
#5724 = CARTESIAN_POINT ( 'NONE',  ( 81.71650703563267371, -18.38413669652668148, 430.0000000000000568 ) ) ;
#5725 = CARTESIAN_POINT ( 'NONE',  ( -12.84034692592397064, -7.100970754208128177, 505.6883875753339908 ) ) ;
#5726 = DIRECTION ( 'NONE',  ( -1.000000000000000000, 0.000000000000000000, -0.000000000000000000 ) ) ;
#5727 = DIRECTION ( 'NONE',  ( 0.000000000000000000, 1.000000000000000000, 0.000000000000000000 ) ) ;
#5728 = CARTESIAN_POINT ( 'NONE',  ( 31.04749344179959891, -42.09153324179973055, 432.1206264398743997 ) ) ;
#5729 = LINE ( 'NONE', #6138, #717 ) ;
#5730 = CARTESIAN_POINT ( 'NONE',  ( 14.72163173481318665, 1.733047304688635437, 471.7421018187316690 ) ) ;
#5731 = CARTESIAN_POINT ( 'NONE',  ( -12.34030392456007874, -57.77846260822059321, -9.290267668106329424 ) ) ;
#5732 = CARTESIAN_POINT ( 'NONE',  ( 35.59614935247896739, -14.40025594785179486, 503.9940283637774883 ) ) ;
#5733 = CARTESIAN_POINT ( 'NONE',  ( 54.57948805689258620, 2.996616612384304545, 392.2234430773698364 ) ) ;
#5734 = CARTESIAN_POINT ( 'NONE',  ( -1.925100097286686074, 25.85227023461058238, 415.2282052245307113 ) ) ;
#5735 = CARTESIAN_POINT ( 'NONE',  ( 45.88910484899792408, -25.80056957583567367, 439.2258785699681880 ) ) ;
#5736 = CARTESIAN_POINT ( 'NONE',  ( -42.37114245771472554, -30.62269883427476103, 431.2044058965778959 ) ) ;
#5737 = CARTESIAN_POINT ( 'NONE',  ( -150.0000000000000284, -6.181280497844827693, 440.0305525103657374 ) ) ;
#5738 = VERTEX_POINT ( 'NONE', #327 ) ;
#5739 = CARTESIAN_POINT ( 'NONE',  ( -16.27003401340103039, -59.08078754374870556, 439.0693116158055886 ) ) ;
#5740 = CARTESIAN_POINT ( 'NONE',  ( -2.480716004701176036, -43.61117702342241387, 508.5936669970469097 ) ) ;
#5741 = CARTESIAN_POINT ( 'NONE',  ( 150.0000000000001137, -6.578907825803522513, 240.9400978334070942 ) ) ;
#5742 = CARTESIAN_POINT ( 'NONE',  ( -0.000000000000000000, -5.832248506198543403, -56.54747634531298672 ) ) ;
#5743 = CARTESIAN_POINT ( 'NONE',  ( 9.336156771643418395, -32.08940782059796248, 513.7260547320400974 ) ) ;
#5744 = CARTESIAN_POINT ( 'NONE',  ( -11.91989422890734751, -52.39725292767631259, 444.5063885003065138 ) ) ;
#5745 = EDGE_LOOP ( 'NONE', ( #3845, #4760, #4322, #3912, #459, #5819, #3634, #3898 ) ) ;
#5746 = CARTESIAN_POINT ( 'NONE',  ( 15.00000000000000000, -32.78400426621576713, 430.0000000002122533 ) ) ;
#5747 = CARTESIAN_POINT ( 'NONE',  ( -18.71331299030259032, 9.836445443032271641, 434.7706835174420235 ) ) ;
#5748 = CARTESIAN_POINT ( 'NONE',  ( 0.000000000000000000, -30.00000000000000000, 558.9422371214550367 ) ) ;
#5749 = CARTESIAN_POINT ( 'NONE',  ( -2.564718011180715518, -15.20134070484312083, 567.1521288204015718 ) ) ;
#5750 = CARTESIAN_POINT ( 'NONE',  ( 51.70263860078125617, 19.26326618461806461, 258.1664659383015419 ) ) ;
#5751 = VERTEX_POINT ( 'NONE', #749 ) ;
#5752 = CARTESIAN_POINT ( 'NONE',  ( -12.09141145138308282, -3.505310929763180816, 495.2002969439819253 ) ) ;
#5753 = CARTESIAN_POINT ( 'NONE',  ( 0.000000000000000000, -80.66538580997541885, 180.6424840487019594 ) ) ;
#5754 = CARTESIAN_POINT ( 'NONE',  ( -7.204970114651334967, -37.41558535678801434, 502.0646798895046459 ) ) ;
#5755 = DIRECTION ( 'NONE',  ( 1.000000000000000000, 0.000000000000000000, 0.000000000000000000 ) ) ;
#5756 = CARTESIAN_POINT ( 'NONE',  ( 11.12449704144387930, -31.78165446717923359, 510.6124510923360162 ) ) ;
#5757 = CARTESIAN_POINT ( 'NONE',  ( 70.07696255956578568, -22.00976899974901713, 430.0000000000001137 ) ) ;
#5758 = COLOUR_RGB ( '',0.7921568627450980005, 0.8196078431372548767, 0.9333333333333333481 ) ;
#5759 = DIRECTION ( 'NONE',  ( 0.000000000000000000, 0.000000000000000000, -1.000000000000000000 ) ) ;
#5760 = CARTESIAN_POINT ( 'NONE',  ( 40.62164129202651708, -32.63410781425641005, 430.0000000002122533 ) ) ;
#5761 = DIRECTION ( 'NONE',  ( -1.000000000000000000, 0.000000000000000000, 0.000000000000000000 ) ) ;
#5762 = CARTESIAN_POINT ( 'NONE',  ( 14.56348170492260152, -53.95455367021860127, 434.9422585694279633 ) ) ;
#5763 = ORIENTED_EDGE ( 'NONE', *, *, #5585, .T. ) ;
#5764 = CARTESIAN_POINT ( 'NONE',  ( -0.8040837019852120626, -29.16520606737958587, 507.5550492614642053 ) ) ;
#5765 = CARTESIAN_POINT ( 'NONE',  ( 23.44050779352666325, 3.608433048899170714, 447.5439155038674812 ) ) ;
#5766 = CARTESIAN_POINT ( 'NONE',  ( -0.000000000000000000, -45.94319628005896305, -42.33268042218969640 ) ) ;
#5767 = CARTESIAN_POINT ( 'NONE',  ( 2.564410663068033003, -12.93151080656989826, 564.7644309974144790 ) ) ;
#5768 = CARTESIAN_POINT ( 'NONE',  ( 2.560296908970711272, -8.941921420989110914, 555.3173611246556902 ) ) ;
#5769 = CLOSED_SHELL ( 'NONE', ( #428, #5936, #4837, #5225, #3505, #3642, #4924, #2195, #3172, #1025, #2137, #5030, #1892, #5979, #5378, #6091, #2927, #6297, #2700, #390, #1845, #2952, #3221, #1478, #1561, #4408, #1212 ) ) ;
#5770 = CARTESIAN_POINT ( 'NONE',  ( -2.088373853475112618, 20.02118164067743322, 444.1606853142330920 ) ) ;
#5771 = CARTESIAN_POINT ( 'NONE',  ( 39.66705172469851703, -30.53868593178617985, 439.6244451462097231 ) ) ;
#5772 = CARTESIAN_POINT ( 'NONE',  ( -14.31387988836264391, -42.56602256176095267, 471.1798273571936306 ) ) ;
#5773 = CARTESIAN_POINT ( 'NONE',  ( -47.26438324649147660, -23.87508610083814986, 443.8605225607558395 ) ) ;
#5774 = ORIENTED_EDGE ( 'NONE', *, *, #2080, .T. ) ;
#5775 = AXIS2_PLACEMENT_3D ( 'NONE', #2920, #4879, #1785 ) ;
#5776 = CARTESIAN_POINT ( 'NONE',  ( -36.41497210522977923, -28.47449571491510412, 488.7194403292959919 ) ) ;
#5777 = CARTESIAN_POINT ( 'NONE',  ( 0.000000000000000000, -62.80477775056648682, -1.900891426489738967 ) ) ;
#5778 = CARTESIAN_POINT ( 'NONE',  ( -3.313916258227276757, 1.354737596468937211, -46.71700391772461813 ) ) ;
#5779 = CARTESIAN_POINT ( 'NONE',  ( 5.693321099038976207, -35.35342965432571560, 512.4361136637925256 ) ) ;
#5780 = CARTESIAN_POINT ( 'NONE',  ( -9.654691045810990246, -52.81436179191224056, 446.2672947598202882 ) ) ;
#5781 = VERTEX_POINT ( 'NONE', #2745 ) ;
#5782 = CARTESIAN_POINT ( 'NONE',  ( 12.26779278666085027, 9.387616783838128143, 448.6008329175817835 ) ) ;
#5783 = CARTESIAN_POINT ( 'NONE',  ( -40.09907904834862080, 4.865534919638291989, 413.1254440870244480 ) ) ;
#5784 = CARTESIAN_POINT ( 'NONE',  ( 27.53103435231669138, 6.298490482491096110, 430.0000000002123670 ) ) ;
#5785 = CARTESIAN_POINT ( 'NONE',  ( -35.58864692157144560, -19.93442796626688107, 508.0066010617481993 ) ) ;
#5786 = ORIENTED_EDGE ( 'NONE', *, *, #637, .T. ) ;
#5787 = CARTESIAN_POINT ( 'NONE',  ( -40.12149637029064309, -7.259735351835356454, 456.8367552903573596 ) ) ;
#5788 = CARTESIAN_POINT ( 'NONE',  ( 0.000000000000000000, -81.11379336801954310, 229.0959203413409284 ) ) ;
#5789 = CARTESIAN_POINT ( 'NONE',  ( -9.807012331898043556, -34.31261530846038710, 505.5691583912192755 ) ) ;
#5790 = CARTESIAN_POINT ( 'NONE',  ( 22.68621212533496134, -27.58014561941557474, 495.3129358805635434 ) ) ;
#5791 = CARTESIAN_POINT ( 'NONE',  ( 11.00000578798682227, -56.53773332980759392, 430.0000047039275159 ) ) ;
#5792 = DIRECTION ( 'NONE',  ( -0.9965196509732254793, 0.08335817430942787931, 0.000000000000000000 ) ) ;
#5793 = CARTESIAN_POINT ( 'NONE',  ( -11.28566838776207781, -31.28895030247811349, 511.8214976061968855 ) ) ;
#5794 = CARTESIAN_POINT ( 'NONE',  ( 46.55776907015468424, -27.54316306155147487, 430.0000000002121965 ) ) ;
#5795 = EDGE_CURVE ( 'NONE', #1486, #2220, #3777, .T. ) ;
#5796 = CARTESIAN_POINT ( 'NONE',  ( 0.000000000000000000, -29.19999999999999929, 432.9207075737901391 ) ) ;
#5797 = CARTESIAN_POINT ( 'NONE',  ( 11.54313436078095023, -54.60618469580403911, 437.0633924505590358 ) ) ;
#5798 = EDGE_CURVE ( 'NONE', #5148, #5212, #5016, .T. ) ;
#5799 = CARTESIAN_POINT ( 'NONE',  ( 0.000000000000000000, -27.20000000000000284, 430.0000000002122533 ) ) ;
#5800 = CARTESIAN_POINT ( 'NONE',  ( 12.21551198797822657, 4.040195149985533973, 468.5759881974881296 ) ) ;
#5801 = B_SPLINE_SURFACE_WITH_KNOTS ( 'NONE', 3, 3, ( 
 ( #3226, #6090, #5122, #5187, #4639, #1674, #777, #2644, #2292, #3775, #3643, #2743, #5712, #2677, #1227, #4605, #224, #2778, #4734, #4256, #1806, #3195, #5157, #6222, #193, #2709, #1324, #913 ),
 ( #5815, #3391, #3841, #1395, #846, #394, #977, #360, #2812, #5876, #2940, #881, #4357, #2324, #2356, #4387, #4897, #460, #1362, #4420, #4767, #1908, #1426, #3328, #2392, #5292, #3361, #4323 ),
 ( #6291, #5325, #4799, #2877, #5258, #4289, #8, #2426, #3908, #2845, #6323, #4833, #5357, #5844, #6355, #430, #1876, #3874, #1938, #1457, #946, #3424, #6255, #2909, #3294, #4867, #3809, #5388 ),
 ( #493, #2456, #1973, #5782, #3939, #5907, #1841, #4994, #2547, #155, #68, #3095, #4085, #4484, #3576, #4030, #5419, #3063, #5450, #4057, #5965, #3005, #5023, #615, #1099, #1548, #5995, #1072 ),
 ( #2002, #3520, #3999, #2580, #2519, #3969, #5484, #98, #5937, #4543, #1128, #5512, #4513, #558, #2032, #6024, #5541, #586, #1577, #3036, #4933, #1518, #2064, #1043, #527, #3547, #3456, #127 ),
 ( #2093, #1608, #5054, #2121, #2489, #647, #2608, #4571, #1487, #1007, #2972, #4453, #39, #3487, #4964, #3152, #1637, #674, #5765, #2184, #6239, #218, #4238, #3604, #5115, #3827, #3122, #5573 ),
 ( #6205, #2668, #1380, #1307, #5800, #3345, #5308, #1667, #2151, #4116, #1791, #1156, #897, #4784, #863, #1824, #5081, #4304, #2861, #6083, #6274, #4814, #3275, #1347, #2377, #2638, #412, #4599 ),
 ( #343, #6052, #185, #1862, #3635, #4630, #5602, #5239, #830, #5730, #3313, #2796, #5276, #705, #1187, #3758, #2828, #4751, #3793, #2308, #4273, #378, #2340, #2017, #1410, #3858, #541, #3984 ),
 ( #2472, #2409, #3441, #4372, #4403, #3410, #1056, #6308, #3019, #5404, #478, #1894, #1022, #5949, #4467, #3471, #5830, #445, #2988, #571, #2442, #1957, #2925, #6339, #6370, #1441, #4437, #5860 ),
 ( #3376, #4883, #4341, #509, #4851, #2957, #5341, #3890, #2503, #1503, #5372, #5893, #1472, #4913, #931, #5434, #963, #1923, #2895, #993, #3924, #52, #23, #1987, #1531, #3953, #5921, #4949 ),
 ( #3502, #5468, #4978, #2594, #5066, #2106, #141, #1563, #4556, #659, #4498, #5527, #3588, #6099, #3562, #6068, #3107, #3167, #3533, #2651, #4613, #1113, #3651, #4070, #6037, #1620, #2134, #5557 ),
 ( #83, #5497, #4099, #5040, #2622, #3077, #630, #2046, #6009, #202, #5980, #4015, #5096, #2169, #113, #1141, #1085, #1593, #3618, #4132, #1652, #599, #3049, #4583, #168, #4043, #5587, #5008 ),
 ( #1170, #3136, #2562, #687, #1684, #5616, #1202, #5131, #2532, #4528, #2078, #1815, #6230, #1749, #855, #2202, #5687, #723, #3267, #1236, #5722, #2686, #266, #3304, #4264, #3718, #2269, #4230 ) ),
 .UNSPECIFIED., .F., .F., .F.,
 ( 4, 3, 3, 3, 4 ),
 ( 4, 3, 3, 3, 3, 3, 3, 3, 3, 4 ),
 ( 0.8698632433620313575, 0.8916040685876951422, 0.9133448938133588157, 0.9350857190390224893, 0.9568265442646861629 ),
 ( 0.1204171946766912915, 0.1499075418058579690, 0.1793978889350246186, 0.1941430624996079435, 0.2088882360641912961, 0.2383785831933579735, 0.2973592774516913284, 0.3563399717100246833, 0.4743013602266913376, 0.5922627487433580473 ),
 .UNSPECIFIED. ) ;
#5802 = CARTESIAN_POINT ( 'NONE',  ( -3.335853531519196835, -36.44545181815315260, -54.69810555838980548 ) ) ;
#5803 = CARTESIAN_POINT ( 'NONE',  ( 2.564277130834057061, -12.31422910103832180, 563.8612085582136615 ) ) ;
#5804 = CARTESIAN_POINT ( 'NONE',  ( -6.244008511223442248, 25.66205074593666069, 414.3400517412663362 ) ) ;
#5805 = CARTESIAN_POINT ( 'NONE',  ( 9.674189304284253055, -46.15174185048247324, 469.1623122360369962 ) ) ;
#5806 = CARTESIAN_POINT ( 'NONE',  ( -29.10881844647747130, -38.70710667976108965, 446.0838693176085030 ) ) ;
#5807 = CARTESIAN_POINT ( 'NONE',  ( -21.07118792625018955, -27.82360396104951406, 498.7545162306007569 ) ) ;
#5808 = VERTEX_POINT ( 'NONE', #4641 ) ;
#5809 = CARTESIAN_POINT ( 'NONE',  ( -149.9999999999998010, -7.053761799304735902, 354.9768882891673911 ) ) ;
#5810 = CARTESIAN_POINT ( 'NONE',  ( 55.53696155310775140, -24.60692337282919695, 230.5745149198003503 ) ) ;
#5811 = CARTESIAN_POINT ( 'NONE',  ( -86.34215386717033880, -3.295932708773868125, 58.85122590806797405 ) ) ;
#5812 = CARTESIAN_POINT ( 'NONE',  ( 7.303083873643466895, -37.38626223994719311, 501.9213414499996588 ) ) ;
#5813 = CARTESIAN_POINT ( 'NONE',  ( -16.85869361487179319, -51.13130131289744185, 440.4817385975376283 ) ) ;
#5814 = ORIENTED_EDGE ( 'NONE', *, *, #1367, .F. ) ;
#5815 = CARTESIAN_POINT ( 'NONE',  ( 10.50911438421680444, 13.11425815320017918, 436.8948629004283930 ) ) ;
#5816 = CARTESIAN_POINT ( 'NONE',  ( -40.11862163626161504, 7.676886937020688251, 402.2747968972441868 ) ) ;
#5817 = CARTESIAN_POINT ( 'NONE',  ( 32.69503195216429958, 3.604160524456863079, 430.0000000002122533 ) ) ;
#5818 = CARTESIAN_POINT ( 'NONE',  ( -2.564969758996627380, -24.79342688298163466, 567.1562505050893606 ) ) ;
#5819 = ORIENTED_EDGE ( 'NONE', *, *, #555, .F. ) ;
#5820 = CARTESIAN_POINT ( 'NONE',  ( -55.53511711328089717, -9.454769709259025490, 448.2140214376265703 ) ) ;
#5821 = CARTESIAN_POINT ( 'NONE',  ( 2.979233013950411735, -80.44274170673764957, 180.7944652722967760 ) ) ;
#5822 = CARTESIAN_POINT ( 'NONE',  ( -40.19782063096916858, -25.47389228856490107, 456.3193472973013627 ) ) ;
#5823 = CARTESIAN_POINT ( 'NONE',  ( 7.850047494068168596, -12.29669636163117019, 558.9422371214549230 ) ) ;
#5824 = CARTESIAN_POINT ( 'NONE',  ( -0.2118118077187036152, -10.80000000000000426, 510.5422371214554005 ) ) ;
#5825 = CARTESIAN_POINT ( 'NONE',  ( 36.88120577471292449, -45.71900388125090586, 429.9999999999996589 ) ) ;
#5826 = LINE ( 'NONE', #4299, #4943 ) ;
#5827 = CARTESIAN_POINT ( 'NONE',  ( 49.59601943693262882, -25.37580562943491103, 430.0000000002122533 ) ) ;
#5828 = CARTESIAN_POINT ( 'NONE',  ( 0.000000000000000000, 0.000000000000000000, 458.9422371214550935 ) ) ;
#5829 = CARTESIAN_POINT ( 'NONE',  ( 53.59186487017351652, -28.62096021323003825, 400.2766735528396111 ) ) ;
#5830 = CARTESIAN_POINT ( 'NONE',  ( 19.61908392047234528, -1.023194903052359050, 471.0901805316273681 ) ) ;
#5831 = CARTESIAN_POINT ( 'NONE',  ( -149.9999999999992610, -4.580445260560294329, 219.5912975732655923 ) ) ;
#5832 = CARTESIAN_POINT ( 'NONE',  ( 150.0000000000000853, -5.493224377600192554, 440.0305525103652826 ) ) ;
#5833 = CARTESIAN_POINT ( 'NONE',  ( -10.55815539007339510, 8.766027140151836150, 480.2865580578388176 ) ) ;
#5834 = CARTESIAN_POINT ( 'NONE',  ( 8.564996859398766205, -46.36738121687909597, 470.4312489011190337 ) ) ;
#5835 = CARTESIAN_POINT ( 'NONE',  ( -6.973715795173890619, -42.03473961812181159, 487.6381597186676800 ) ) ;
#5836 = CARTESIAN_POINT ( 'NONE',  ( -53.53048140247114617, -22.93049611475921523, 430.0000109327460791 ) ) ;
#5837 = CARTESIAN_POINT ( 'NONE',  ( 0.6609291953093423544, -44.32891691846040771, 506.5255158451411717 ) ) ;
#5838 = CARTESIAN_POINT ( 'NONE',  ( -50.27901471516381093, -10.53498303827503335, 299.4734705478629735 ) ) ;
#5839 = CARTESIAN_POINT ( 'NONE',  ( 149.9999999999995737, -5.661976556473666378, 227.8320003885081064 ) ) ;
#5840 = CARTESIAN_POINT ( 'NONE',  ( -55.43352450434293388, 9.557879841706116153, 226.4234727364798800 ) ) ;
#5841 = CARTESIAN_POINT ( 'NONE',  ( 17.27827264702565202, -34.65576124433129479, 487.3692875090197276 ) ) ;
#5842 = CARTESIAN_POINT ( 'NONE',  ( -33.05360510757489578, -45.30899717643390545, 418.1571500932244589 ) ) ;
#5843 = ORIENTED_EDGE ( 'NONE', *, *, #4638, .T. ) ;
#5844 = CARTESIAN_POINT ( 'NONE',  ( 17.95885486448860746, 9.999949683127136169, 435.6348138430267909 ) ) ;
#5845 = LINE ( 'NONE', #4454, #4726 ) ;
#5846 = CARTESIAN_POINT ( 'NONE',  ( 50.65311834076084097, -3.337114778060648490, 430.0000000002122533 ) ) ;
#5847 = CARTESIAN_POINT ( 'NONE',  ( 0.000000000000000000, -25.68507727541411612, 566.4036230291548009 ) ) ;
#5848 = ORIENTED_EDGE ( 'NONE', *, *, #1579, .F. ) ;
#5849 = CARTESIAN_POINT ( 'NONE',  ( -40.10993019280372351, -5.694365763029644256, 451.3112390982772126 ) ) ;
#5850 = B_SPLINE_SURFACE_WITH_KNOTS ( 'NONE', 3, 3, ( 
 ( #6194, #3679, #4160, #4645, #4129, #3134, #4611, #2750, #5094, #230, #6127, #1779, #1679, #4706, #5719, #6096, #5193, #1233, #2132, #2230, #685, #5684, #3164, #3648, #4191, #6160, #2716, #5128 ),
 ( #3201, #3106, #2649, #719, #5613, #1746, #2199, #5162, #752, #3715, #1263, #3232, #297, #2266, #4226, #3747, #5065, #4097, #6066, #398, #1399, #886, #4739, #1812, #2850, #852, #331, #5820 ),
 ( #6328, #2297, #2914, #2364, #434, #5752, #4772, #5226, #6227, #1913, #4803, #5297, #3782, #5362, #1330, #918, #815, #3301, #2432, #6261, #2882, #3815, #3366, #1848, #5787, #2784, #366, #952 ),
 ( #1368, #4392, #4261, #6296, #5330, #465, #3333, #1296, #5264, #2328, #6360, #3264, #1944, #4329, #1881, #2817, #4361, #4872, #3913, #3846, #4293, #4839, #3879, #2397, #5849, #1431, #3398, #3430 ),
 ( #499, #5393, #982, #1462, #1977, #2945, #4903, #5882, #4425, #2461, #13, #4427, #15, #2463, #2495, #1979, #44, #6362, #4842, #3881, #4459, #5396, #2979, #3432, #984, #436, #1946, #564 ),
 ( #2947, #4006, #2400, #1493, #1014, #2039, #1464, #2885, #3401, #3915, #5972, #4363, #1554, #3945, #4905, #6330, #5942, #4491, #75, #501, #1915, #5364, #1523, #5490, #5913, #3462, #5425, #954 ),
 ( #3974, #2009, #5885, #3494, #2916, #4971, #4940, #533, #5458, #1433, #3012, #2434, #1049, #2525, #3526, #5852, #4874, #468, #4394, #194, #2100, #3071, #4520, #4092, #4550, #3644, #3042, #6061 ),
 ( #5032, #5609, #5551, #2587, #2645, #2162, #681, #1136, #3612, #654, #5061, #106, #3102, #134, #1615, #4064, #2678, #2616, #5123, #4640, #225, #624, #3554, #5520, #4578, #5000, #2193, #6092 ),
 ( #1163, #162, #2071, #1586, #2128, #6031, #4036, #5580, #592, #4154, #3583, #1646, #3130, #4606, #5088, #1106, #4125, #1675, #6002, #1195, #2554, #6121, #3159, #714, #1708, #3674, #1078, #6292 ),
 ( #4187, #6256, #5221, #810, #2357, #4702, #6189, #5259, #5158, #1259, #395, #3259, #3196, #4290, #1877, #2779, #291, #1740, #5713, #4735, #5642, #2293, #1291, #4324, #748, #4257, #3776, #4800 ),
 ( #1228, #2813, #3709, #4670, #2260, #1773, #778, #326, #2710, #6223, #1807, #3742, #5293, #5679, #5747, #1325, #3295, #847, #4768, #361, #4221, #2325, #1842, #3810, #5783, #1363, #3227, #3329 ),
 ( #882, #256, #2846, #2226, #6155, #5188, #2744, #5358, #3488, #3875, #978, #4898, #2520, #2427, #5451, #69, #461, #5938, #9, #1396, #5420, #1427, #40, #1939, #948, #1008, #2973, #3457 ),
 ( #431, #1974, #3842, #4358, #5877, #6356, #4934, #4868, #6324, #1458, #2457, #1909, #528, #1044, #1488, #494, #2910, #4388, #2003, #1519, #2941, #3940, #3426, #914, #5816, #3006, #3909, #5389 ) ),
 .UNSPECIFIED., .F., .F., .F.,
 ( 4, 3, 3, 3, 4 ),
 ( 4, 3, 3, 3, 3, 3, 3, 3, 3, 4 ),
 ( 0.000000000000000000, 0.02174082522566367359, 0.04348165045132734718, 0.06522247567699102078, 0.08696330090265480539 ),
 ( 0.1204171946766912915, 0.1499075418058579690, 0.1793978889350246186, 0.1941430624996079435, 0.2088882360641912961, 0.2383785831933579735, 0.2973592774516913284, 0.3563399717100246833, 0.4743013602266913376, 0.5922627487433580473 ),
 .UNSPECIFIED. ) ;
#5851 = CARTESIAN_POINT ( 'NONE',  ( -6.502543364632388467, -35.26307739178502487, 510.6458437636343319 ) ) ;
#5852 = CARTESIAN_POINT ( 'NONE',  ( -18.47214792527915606, 2.836953203449242178, 460.2263291573606807 ) ) ;
#5853 = LINE ( 'NONE', #4428, #3907 ) ;
#5854 = CARTESIAN_POINT ( 'NONE',  ( 11.00000000000010836, -43.34804716943433789, 475.5263867704204586 ) ) ;
#5855 = CARTESIAN_POINT ( 'NONE',  ( 71.71884179119871305, -21.43418566181383866, 430.0000000000001137 ) ) ;
#5856 = CARTESIAN_POINT ( 'NONE',  ( -12.23383142354690634, -6.630889075445850267, 505.4141776779481461 ) ) ;
#5857 = CARTESIAN_POINT ( 'NONE',  ( 36.56964647181693095, -36.78305656689715875, 430.0000000002121965 ) ) ;
#5858 = CARTESIAN_POINT ( 'NONE',  ( 1.280860517136322541, -10.88836536870038429, 509.9239428356966641 ) ) ;
#5859 = CARTESIAN_POINT ( 'NONE',  ( 13.17027438468317158, -56.28343811310384126, 428.1206717788818423 ) ) ;
#5860 = CARTESIAN_POINT ( 'NONE',  ( 55.20429369382284790, -5.352750855028208576, 433.0728713012614435 ) ) ;
#5861 = CARTESIAN_POINT ( 'NONE',  ( -3.337791321852436877, -32.17854187891999374, -59.05904342381649741 ) ) ;
#5862 = CARTESIAN_POINT ( 'NONE',  ( 2.564528690074667328, -13.61865486106657031, 565.6274186600226130 ) ) ;
#5863 = CARTESIAN_POINT ( 'NONE',  ( -2.541794483188228870, -4.806876550188804664, 541.7585835155889527 ) ) ;
#5864 = VECTOR ( 'NONE', #3824, 1000.000000000000000 ) ;
#5865 = CARTESIAN_POINT ( 'NONE',  ( 8.973562787817693120, -48.55896146045063233, 462.4141540379649769 ) ) ;
#5866 = CARTESIAN_POINT ( 'NONE',  ( 41.39979509085041087, -36.12088789856248638, 456.9383330152745657 ) ) ;
#5867 = CARTESIAN_POINT ( 'NONE',  ( 0.000000000000000000, -42.98672263033668628, 511.4422371208862046 ) ) ;
#5868 = CARTESIAN_POINT ( 'NONE',  ( -9.865032620002850194, -76.18713589342013393, 353.8900917258144432 ) ) ;
#5869 = AXIS2_PLACEMENT_3D ( 'NONE', #924, #4845, #5792 ) ;
#5870 = CARTESIAN_POINT ( 'NONE',  ( 85.65452299650101509, -43.20316403215120005, 82.17283080015351970 ) ) ;
#5871 = CARTESIAN_POINT ( 'NONE',  ( 71.97024598150451880, 26.91823370465814236, 148.0993287817699979 ) ) ;
#5872 = CARTESIAN_POINT ( 'NONE',  ( -150.0000000000000853, 15.27823658166833454, 249.4146832441057597 ) ) ;
#5873 = CARTESIAN_POINT ( 'NONE',  ( 33.11911188077080226, -26.68343278826666065, 470.5997957048401190 ) ) ;
#5874 = CARTESIAN_POINT ( 'NONE',  ( -45.80163933534419130, -31.54060609332281473, 417.0250593368392060 ) ) ;
#5875 = ORIENTED_EDGE ( 'NONE', *, *, #1208, .T. ) ;
#5876 = CARTESIAN_POINT ( 'NONE',  ( 16.35353892660873854, 12.02556363419111207, 430.9669663530735306 ) ) ;
#5877 = CARTESIAN_POINT ( 'NONE',  ( -13.94771498591886072, 14.13606029898295624, 426.7592057048615288 ) ) ;
#5878 = CARTESIAN_POINT ( 'NONE',  ( 54.71933418780097469, -4.422765829795782366, 430.0000215859397485 ) ) ;
#5879 = CARTESIAN_POINT ( 'NONE',  ( -2.565294527287186099, -29.34785970995208615, 560.5527195974585766 ) ) ;
#5880 = ORIENTED_EDGE ( 'NONE', *, *, #5147, .F. ) ;
#5881 = ORIENTED_EDGE ( 'NONE', *, *, #1529, .T. ) ;
#5882 = CARTESIAN_POINT ( 'NONE',  ( -13.70301865634835004, 0.04716129458044580197, 479.6644611259414432 ) ) ;
#5883 = EDGE_CURVE ( 'NONE', #5738, #4288, #1635, .T. ) ;
#5884 = CARTESIAN_POINT ( 'NONE',  ( -5.491052384086196447, -33.14590012575677491, 520.3211327828061030 ) ) ;
#5885 = CARTESIAN_POINT ( 'NONE',  ( -10.63762053376141914, 4.355586222734474156, 470.6003402471736763 ) ) ;
#5886 = LINE ( 'NONE', #955, #2047 ) ;
#5887 = CARTESIAN_POINT ( 'NONE',  ( 12.54735478207299870, -29.62230180327400930, 514.2803494886729823 ) ) ;
#5888 = CARTESIAN_POINT ( 'NONE',  ( 29.31905218748991615, -6.547481717550565072, 470.8504528818320978 ) ) ;
#5889 = CARTESIAN_POINT ( 'NONE',  ( 3.335770872489703276, -10.08423850523609744, -61.08048033209797012 ) ) ;
#5890 = CARTESIAN_POINT ( 'NONE',  ( 11.55963720718033372, -29.27733032503051191, 517.8069052521734648 ) ) ;
#5891 = CARTESIAN_POINT ( 'NONE',  ( -10.99999999999996092, -54.91959606574769737, 436.5835766090724519 ) ) ;
#5892 = CARTESIAN_POINT ( 'NONE',  ( 10.46663584796292312, -54.79169985466690918, 437.7933505234411768 ) ) ;
#5893 = CARTESIAN_POINT ( 'NONE',  ( 15.07448277456323282, -2.107681593462729541, 484.1683102219956822 ) ) ;
#5894 = CARTESIAN_POINT ( 'NONE',  ( -86.09107473102029928, -40.35637551193459416, 73.91248004646833181 ) ) ;
#5895 = CARTESIAN_POINT ( 'NONE',  ( 9.612637209448243070, -19.45702660794398398, 558.7803851268713515 ) ) ;
#5896 = CARTESIAN_POINT ( 'NONE',  ( -150.0000000000000568, 0.2544905633191389405, 409.6453932724846823 ) ) ;
#5897 = CARTESIAN_POINT ( 'NONE',  ( 10.14808916241086756, -48.34206000462030062, 461.2156052164423272 ) ) ;
#5898 = CARTESIAN_POINT ( 'NONE',  ( 0.000000000000000000, -42.04301039192621658, 514.8051296874843956 ) ) ;
#5899 = CARTESIAN_POINT ( 'NONE',  ( 0.1684210984092058272, -42.97943115196650155, 511.4422370364696349 ) ) ;
#5900 = CARTESIAN_POINT ( 'NONE',  ( -61.01908247538640495, -54.02036019007341139, 380.0253702763938577 ) ) ;
#5901 = CARTESIAN_POINT ( 'NONE',  ( 28.20276296147374495, -53.63726394892496074, -2.420270290097158661 ) ) ;
#5902 = CARTESIAN_POINT ( 'NONE',  ( 49.32634856228757059, 20.28886164836126582, 276.4091044601491944 ) ) ;
#5903 = CARTESIAN_POINT ( 'NONE',  ( 0.000000000000000000, 16.05780648225944418, -18.97418335886999685 ) ) ;
#5904 = CARTESIAN_POINT ( 'NONE',  ( 6.045988703280545273, -37.56811885396332684, 504.3134954571542039 ) ) ;
#5905 = CARTESIAN_POINT ( 'NONE',  ( -48.02859190782162102, -30.03866379431839206, 415.2541255666948246 ) ) ;
#5906 = EDGE_LOOP ( 'NONE', ( #4210, #5994, #3004, #6082 ) ) ;
#5907 = CARTESIAN_POINT ( 'NONE',  ( 13.84191398224362679, 9.086707477920770160, 446.8310098382387991 ) ) ;
#5908 = DIRECTION ( 'NONE',  ( 0.000000000000000000, -1.000000000000000000, 0.000000000000000000 ) ) ;
#5909 = CARTESIAN_POINT ( 'NONE',  ( 0.000000000000000000, 0.000000000000000000, 0.000000000000000000 ) ) ;
#5910 = CARTESIAN_POINT ( 'NONE',  ( -35.61703843942357395, -24.44288472854735161, 504.5312346470668672 ) ) ;
#5911 = VERTEX_POINT ( 'NONE', #1709 ) ;
#5912 = CARTESIAN_POINT ( 'NONE',  ( -6.247951469982588435, -32.99555881927864220, 518.7010619795352113 ) ) ;
#5913 = CARTESIAN_POINT ( 'NONE',  ( -40.09203798034571520, -2.584284292959959206, 440.3068427928698725 ) ) ;
#5914 = DIRECTION ( 'NONE',  ( 0.000000000000000000, 0.000000000000000000, -1.000000000000000000 ) ) ;
#5915 = CARTESIAN_POINT ( 'NONE',  ( -11.02099794061119198, 21.06119988116071440, 430.0000000000000000 ) ) ;
#5916 = CARTESIAN_POINT ( 'NONE',  ( 149.9999999999996021, -3.520875749311537461, 430.8862009086350326 ) ) ;
#5917 = CARTESIAN_POINT ( 'NONE',  ( 0.000000000000000000, 1.530671358679228655, -46.61894072316960802 ) ) ;
#5918 = CARTESIAN_POINT ( 'NONE',  ( 12.41013575127500346, -29.09073200746360754, 516.3888191363921578 ) ) ;
#5919 = CARTESIAN_POINT ( 'NONE',  ( 1.278672808097846669, -10.88808386085341517, 507.9581779668391732 ) ) ;
#5920 = CARTESIAN_POINT ( 'NONE',  ( -1.490253870021695182, -10.06869430153065004, 558.9422371034246453 ) ) ;
#5921 = CARTESIAN_POINT ( 'NONE',  ( 49.59885497245760888, -6.463277073715803844, 442.2566119426418254 ) ) ;
#5922 = CARTESIAN_POINT ( 'NONE',  ( 11.40738634186391920, -5.503818354056591922, 503.4077076992392676 ) ) ;
#5923 = CARTESIAN_POINT ( 'NONE',  ( -143.1164247851538107, -7.432245028885739124, 429.9999999999998295 ) ) ;
#5924 = CARTESIAN_POINT ( 'NONE',  ( 2.564913514413461826, -19.99999999999999645, 568.9422371214550367 ) ) ;
#5925 = CARTESIAN_POINT ( 'NONE',  ( -2.562910308763635570, -10.10991166068970415, 559.0556826788819080 ) ) ;
#5926 = CARTESIAN_POINT ( 'NONE',  ( 10.83906323622645118, -50.41100797613419360, 453.0134132652647736 ) ) ;
#5927 = CARTESIAN_POINT ( 'NONE',  ( 7.210844044683224929, -30.57681203817481830, 554.1287103108370502 ) ) ;
#5928 = CARTESIAN_POINT ( 'NONE',  ( -149.9999999999997442, -3.357717096619530217, 429.9999999959435399 ) ) ;
#5929 = CARTESIAN_POINT ( 'NONE',  ( -9.342783155417013319, -69.69704838428934579, 399.9022282682116156 ) ) ;
#5930 = CARTESIAN_POINT ( 'NONE',  ( 0.000000000000000000, -34.48481854792667889, -56.87675496335153724 ) ) ;
#5931 = CARTESIAN_POINT ( 'NONE',  ( 6.403712080581203558, 45.57724494206407684, 254.1058661924230933 ) ) ;
#5932 = CARTESIAN_POINT ( 'NONE',  ( -3.094001100202671495, 27.87474874546403569, 16.86073679022653593 ) ) ;
#5933 = CARTESIAN_POINT ( 'NONE',  ( 7.499311391627730750, -37.32761600626553644, 501.6346645709896848 ) ) ;
#5934 = CARTESIAN_POINT ( 'NONE',  ( -16.95151893018809730, -48.80675056588462013, 447.4975063926799521 ) ) ;
#5935 = ORIENTED_EDGE ( 'NONE', *, *, #3760, .F. ) ;
#5936 = ADVANCED_FACE ( 'NONE', ( #5643 ), #4422, .T. ) ;
#5937 = CARTESIAN_POINT ( 'NONE',  ( 15.11233247924148060, 7.099523960796334521, 451.8570705490378145 ) ) ;
#5938 = CARTESIAN_POINT ( 'NONE',  ( -22.73932388044409336, 10.58092145348235569, 424.0245693527625690 ) ) ;
#5939 = FACE_OUTER_BOUND ( 'NONE', #4570, .T. ) ;
#5940 = CARTESIAN_POINT ( 'NONE',  ( -9.621664845350474948, -26.97909361906861037, 554.2004215491666628 ) ) ;
#5941 = CARTESIAN_POINT ( 'NONE',  ( -26.69379054354888581, -27.19310976760845833, 485.8184296424520312 ) ) ;
#5942 = CARTESIAN_POINT ( 'NONE',  ( -19.81827381335417471, 0.7739042100596940088, 464.5960379518160153 ) ) ;
#5943 = CARTESIAN_POINT ( 'NONE',  ( 5.822650678443571870, -10.84625871584764312, 558.9422371214554914 ) ) ;
#5944 = CARTESIAN_POINT ( 'NONE',  ( -35.60255102201101352, -13.73570263644640654, 502.5573869364122856 ) ) ;
#5945 = CARTESIAN_POINT ( 'NONE',  ( -13.57519106623118788, -29.04370425789275245, 513.7284831513268273 ) ) ;
#5946 = CARTESIAN_POINT ( 'NONE',  ( 24.52569204390312052, -25.97787561787577459, 495.9822440849575855 ) ) ;
#5947 = CARTESIAN_POINT ( 'NONE',  ( -11.94882900973253825, -54.52797386045487826, 436.7806686965030849 ) ) ;
#5948 = LINE ( 'NONE', #5978, #2160 ) ;
#5949 = CARTESIAN_POINT ( 'NONE',  ( 16.45019180185074958, -0.4476321007814082487, 475.6892706594405809 ) ) ;
#5950 = CARTESIAN_POINT ( 'NONE',  ( -0.000000000000000000, -29.99999999999976552, -61.05776287854514095 ) ) ;
#5951 = CARTESIAN_POINT ( 'NONE',  ( -58.15619074678026124, -27.28949579270598491, 430.0000000000000568 ) ) ;
#5952 = CARTESIAN_POINT ( 'NONE',  ( 60.03563600716266535, -14.97576867695734570, 451.2557724736846012 ) ) ;
#5953 = CARTESIAN_POINT ( 'NONE',  ( -9.631319324692816153, -9.937326209155806112, 546.2879777790365097 ) ) ;
#5954 = CARTESIAN_POINT ( 'NONE',  ( 30.06124995071516537, -40.44061497526011806, 439.1023687556967730 ) ) ;
#5955 = CARTESIAN_POINT ( 'NONE',  ( 149.9999999999999147, -6.796132829960964017, 401.6833839631873957 ) ) ;
#5956 = CARTESIAN_POINT ( 'NONE',  ( 1.536568589328095147, -44.14907131042631505, 506.9635350924306181 ) ) ;
#5957 = CARTESIAN_POINT ( 'NONE',  ( -11.75744908100403308, -73.26763630587556975, 70.63909645684825023 ) ) ;
#5958 = CARTESIAN_POINT ( 'NONE',  ( 86.60081278800824123, -34.97032494195183006, 62.15867829676963652 ) ) ;
#5959 = CIRCLE ( 'NONE', #3798, 2.499999999999946709 ) ;
#5960 = CARTESIAN_POINT ( 'NONE',  ( 6.132859819528112766, 28.43009116092171595, 399.5846028973078319 ) ) ;
#5961 = CARTESIAN_POINT ( 'NONE',  ( -25.82676969938875899, 28.08943016872629528, 44.17302050310121331 ) ) ;
#5962 = CARTESIAN_POINT ( 'NONE',  ( 7.283019036378053812, -39.72658142215298227, 494.4495409591974635 ) ) ;
#5963 = CARTESIAN_POINT ( 'NONE',  ( -42.53191281969374415, -35.68445613170664643, 414.4112065963488476 ) ) ;
#5964 = VERTEX_POINT ( 'NONE', #4935 ) ;
#5965 = CARTESIAN_POINT ( 'NONE',  ( 27.05812230043941824, 6.190040486857258273, 431.2705578921147094 ) ) ;
#5966 = CARTESIAN_POINT ( 'NONE',  ( 0.000000000000000000, -30.33587353385017593, 557.6710142431003305 ) ) ;
#5967 = CARTESIAN_POINT ( 'NONE',  ( 20.48600107309472307, 10.16306284308986818, 430.0000000002123102 ) ) ;
#5968 = CARTESIAN_POINT ( 'NONE',  ( -9.628659227065757165, -28.24600669191606528, 551.8003485230134402 ) ) ;
#5969 = CARTESIAN_POINT ( 'NONE',  ( 2.582617281328247305, -20.56771469501779492, 592.4000276855383618 ) ) ;
#5970 = AXIS2_PLACEMENT_3D ( 'NONE', #5656, #5337, #6233 ) ;
#5971 = CARTESIAN_POINT ( 'NONE',  ( -14.00140892229940093, -30.95758844940602827, 506.2593893752970189 ) ) ;
#5972 = CARTESIAN_POINT ( 'NONE',  ( -15.11149371861323765, 1.661276162749241170, 471.1982351170730681 ) ) ;
#5973 = CARTESIAN_POINT ( 'NONE',  ( 9.991272785187126360, -19.41519137128980077, 558.9422371214549230 ) ) ;
#5974 = CARTESIAN_POINT ( 'NONE',  ( 35.66872220019027395, -6.016336246200252091, 458.6525216631118269 ) ) ;
#5975 = CARTESIAN_POINT ( 'NONE',  ( 0.000000000000000000, -10.00000000000000000, -61.05776287854492068 ) ) ;
#5976 = CARTESIAN_POINT ( 'NONE',  ( 39.18911731511514773, -21.48274772224292661, 475.6980908136560515 ) ) ;
#5977 = CARTESIAN_POINT ( 'NONE',  ( -11.29069960005738515, -56.63233867095394913, 429.2611572423629696 ) ) ;
#5978 = CARTESIAN_POINT ( 'NONE',  ( 0.000000000000000000, -12.79999999999999893, 409.6353247020396680 ) ) ;
#5979 = ADVANCED_FACE ( 'NONE', ( #4801 ), #2458, .F. ) ;
#5980 = CARTESIAN_POINT ( 'NONE',  ( 14.30947134572178037, -5.838165749051289488, 498.3656475560457579 ) ) ;
#5981 = CARTESIAN_POINT ( 'NONE',  ( 1.600081094479260058, -29.05978700069451293, 508.8389348344449559 ) ) ;
#5982 = CARTESIAN_POINT ( 'NONE',  ( -36.88120577471292449, -45.71900388125090586, 429.9999999999996589 ) ) ;
#5983 = CARTESIAN_POINT ( 'NONE',  ( 0.000000000000000000, -24.84831182645674019, 567.1354842962315388 ) ) ;
#5984 = DIRECTION ( 'NONE',  ( 0.000000000000000000, 1.000000000000000000, 0.000000000000000000 ) ) ;
#5985 = EDGE_CURVE ( 'NONE', #3968, #1012, #2491, .T. ) ;
#5986 = CARTESIAN_POINT ( 'NONE',  ( 13.96669681004700969, -49.66652271771983607, 450.2639726181015476 ) ) ;
#5987 = CARTESIAN_POINT ( 'NONE',  ( -0.9756631039218724988, -29.14853542284874166, 510.2146355180447017 ) ) ;
#5988 = CARTESIAN_POINT ( 'NONE',  ( -11.18219437242983005, -77.94723555207765742, 133.5033614654351481 ) ) ;
#5989 = CARTESIAN_POINT ( 'NONE',  ( 86.94688811449927357, -26.38323853107869255, 50.13958749952535499 ) ) ;
#5990 = CARTESIAN_POINT ( 'NONE',  ( 42.60652105880237173, 30.35201058883452419, 345.2738653162223272 ) ) ;
#5991 = CARTESIAN_POINT ( 'NONE',  ( -7.301291994692240550, 46.93704426116289596, 207.1250189900836745 ) ) ;
#5992 = CARTESIAN_POINT ( 'NONE',  ( 15.38446927855339297, -37.50586815592323120, 483.3733469739902375 ) ) ;
#5993 = CARTESIAN_POINT ( 'NONE',  ( -18.40077427579296909, -48.32904361385597980, 446.0828219847172704 ) ) ;
#5994 = ORIENTED_EDGE ( 'NONE', *, *, #6123, .F. ) ;
#5995 = CARTESIAN_POINT ( 'NONE',  ( 49.06999840483933895, 1.884314772601248800, 411.5892328773958297 ) ) ;
#5996 = CARTESIAN_POINT ( 'NONE',  ( 0.000000000000000000, 0.000000000000000000, 430.0000000002122533 ) ) ;
#5997 = CARTESIAN_POINT ( 'NONE',  ( 23.92637845458683543, 8.284033047319635301, 430.0000000002121965 ) ) ;
#5998 = EDGE_LOOP ( 'NONE', ( #5356, #154, #5394, #5875 ) ) ;
#5999 = CARTESIAN_POINT ( 'NONE',  ( -2.565096589684747741, -27.67905692065488310, 563.8719986549305077 ) ) ;
#6000 = CARTESIAN_POINT ( 'NONE',  ( 150.0000000000029559, -7.241802718521507920, 450.8736378160455160 ) ) ;
#6001 = CARTESIAN_POINT ( 'NONE',  ( -5.712666935101721855, -30.83573746064406862, 527.6325099347774312 ) ) ;
#6002 = CARTESIAN_POINT ( 'NONE',  ( -23.64150678231008484, 5.297753278479966355, 441.2593626976936321 ) ) ;
#6003 = CARTESIAN_POINT ( 'NONE',  ( 7.019518019679714449, -28.51858306076377758, 558.9422371214549230 ) ) ;
#6004 = CARTESIAN_POINT ( 'NONE',  ( 0.000000000000000000, -8.653564323852759088, 508.9422371214551504 ) ) ;
#6005 = CARTESIAN_POINT ( 'NONE',  ( -11.56964420263124715, -30.72277697858951839, 512.9898674791385247 ) ) ;
#6006 = CARTESIAN_POINT ( 'NONE',  ( 41.62299541570189376, -20.76093828511469042, 472.9053941291564342 ) ) ;
#6007 = CARTESIAN_POINT ( 'NONE',  ( -34.05218514246762851, -46.76062379440634942, 411.1335527034422057 ) ) ;
#6008 = CARTESIAN_POINT ( 'NONE',  ( 37.28525421231117321, -44.11378231394088800, 407.9888285720900853 ) ) ;
#6009 = CARTESIAN_POINT ( 'NONE',  ( 13.51685816543998975, -5.713855397819326498, 499.6300197795394524 ) ) ;
#6010 = CARTESIAN_POINT ( 'NONE',  ( 13.80316421870660193, -7.549331164962812757, 505.1322743100731145 ) ) ;
#6011 = CARTESIAN_POINT ( 'NONE',  ( -52.95915546453709055, -30.43299802408090571, 429.9999999999996589 ) ) ;
#6012 = CARTESIAN_POINT ( 'NONE',  ( 7.198370252295995364, -26.85235736744648349, 563.4009919481038651 ) ) ;
#6013 = LINE ( 'NONE', #3142, #104 ) ;
#6014 = CARTESIAN_POINT ( 'NONE',  ( 18.87814044678222913, -48.16538512096634861, 445.6088212909078266 ) ) ;
#6015 = CARTESIAN_POINT ( 'NONE',  ( 5.626803094256920268, 22.48340306829418722, 430.0000000000000568 ) ) ;
#6016 = CARTESIAN_POINT ( 'NONE',  ( -10.32451202925036782, -80.43253277395770340, 230.8430312159430002 ) ) ;
#6017 = B_SPLINE_CURVE_WITH_KNOTS ( 'NONE', 3,
 ( #411, #2376, #3857, #1893, #4340, #6307, #3051, #5499, #115, #1058, #2019, #4017, #4045, #2081, #3986, #512, #1505, #3564, #2534, #573, #3473, #5982, #5436, #5042, #55, #3535, #2474, #1087, #1565, #632, #6011, #4500, #4980, #85, #5951, #2596, #25, #4439, #5529, #4559, #543, #5010, #2049, #2108, #601, #2565, #1533, #6039, #4916, #1622, #5923, #1024 ),
 .UNSPECIFIED., .F., .F.,
 ( 4, 2, 2, 2, 2, 2, 2, 2, 2, 2, 2, 2, 2, 2, 2, 2, 2, 2, 2, 2, 2, 2, 2, 2, 2, 4 ),
 ( 0.000000000000000000, 0.005105087003209027134, 0.01021017400641805080, 0.01276271750802256133, 0.01531526100962706839, 0.02042034801283608078, 0.02552543501604508797, 0.02807797851764959329, 0.03063052201925409515, 0.03573560902246308152, 0.04084069602567207136, 0.04594578302888106119, 0.05105087003209005103, 0.05615595703529904087, 0.06126104403850802377, 0.06636613104171701361, 0.06891867454332149812, 0.07147121804492599650, 0.08168139205134393455, 0.08678647905455291744, 0.09189156605776188647, 0.1021017400641798661, 0.1123119140705978458, 0.1225220880770158116, 0.1429424360898517987, 0.1633627841026877303 ),
 .UNSPECIFIED. ) ;
#6018 = CARTESIAN_POINT ( 'NONE',  ( 86.91444691938527001, -27.77425228407569335, 51.70605009052852097 ) ) ;
#6019 = CARTESIAN_POINT ( 'NONE',  ( 44.49566077598581870, 36.56622561671095895, 287.9162384457418966 ) ) ;
#6020 = CARTESIAN_POINT ( 'NONE',  ( -44.49566077598581870, 36.56622561671095895, 287.9162384457418966 ) ) ;
#6021 = CARTESIAN_POINT ( 'NONE',  ( 45.44371069858598844, -24.67411436700404437, 445.2962825857730991 ) ) ;
#6022 = CARTESIAN_POINT ( 'NONE',  ( -49.73224041109463656, -27.62022967759509839, 419.3355777786964609 ) ) ;
#6023 = VERTEX_POINT ( 'NONE', #3393 ) ;
#6024 = CARTESIAN_POINT ( 'NONE',  ( 18.95085742334367396, 6.320992222604767008, 447.0736456387513726 ) ) ;
#6025 = FACE_OUTER_BOUND ( 'NONE', #4889, .T. ) ;
#6026 = CARTESIAN_POINT ( 'NONE',  ( 21.28309106633657422, 9.733927942394851485, 430.0000000002121965 ) ) ;
#6027 = LINE ( 'NONE', #220, #201 ) ;
#6028 = CARTESIAN_POINT ( 'NONE',  ( 0.000000000000000000, -17.02407807807073681, 581.2844300840063170 ) ) ;
#6029 = CARTESIAN_POINT ( 'NONE',  ( -8.249212953124379410, -41.84149639954808464, 485.6861113475375191 ) ) ;
#6030 = CARTESIAN_POINT ( 'NONE',  ( -34.85150871161357600, -24.37052548203212865, 474.5953004524954508 ) ) ;
#6031 = CARTESIAN_POINT ( 'NONE',  ( -13.55169833619817332, 7.402595620738546600, 453.7477510534525891 ) ) ;
#6032 = CARTESIAN_POINT ( 'NONE',  ( -3.996410220687182768, -10.35574080401412900, 558.9422371214554914 ) ) ;
#6033 = CARTESIAN_POINT ( 'NONE',  ( -7.194863789741096305, -10.93836868105035087, 559.3016669044776563 ) ) ;
#6034 = CARTESIAN_POINT ( 'NONE',  ( 55.69582423788891390, 7.770729441803534421, 222.6473521244176652 ) ) ;
#6035 = CARTESIAN_POINT ( 'NONE',  ( -27.40124996481281272, -51.25932851125097756, 417.4489562471756017 ) ) ;
#6036 = CARTESIAN_POINT ( 'NONE',  ( 34.05218514246762851, -46.76062379440634942, 411.1335527034422057 ) ) ;
#6037 = CARTESIAN_POINT ( 'NONE',  ( 40.12149637029064309, -7.259735351835356454, 456.8367552903573596 ) ) ;
#6038 = CARTESIAN_POINT ( 'NONE',  ( 13.19061872200511232, -7.301170627803620583, 505.6094024321853340 ) ) ;
#6039 = CARTESIAN_POINT ( 'NONE',  ( -115.6691329144114491, -11.43301729459609639, 429.9999999999998863 ) ) ;
#6040 = EDGE_CURVE ( 'NONE', #6180, #5808, #4253, .T. ) ;
#6041 = CARTESIAN_POINT ( 'NONE',  ( 2.565096589684747741, -27.67905692065488310, 563.8719986549305077 ) ) ;
#6042 = CARTESIAN_POINT ( 'NONE',  ( -7.203635732609903641, -13.82656908779161853, 568.8129095694974922 ) ) ;
#6043 = CARTESIAN_POINT ( 'NONE',  ( 11.20959366385626765, -48.09779627863662910, 460.1889857497769185 ) ) ;
#6044 = CARTESIAN_POINT ( 'NONE',  ( 25.65441978662715883, 14.37952190566588939, 429.9999999999999432 ) ) ;
#6045 = CARTESIAN_POINT ( 'NONE',  ( -149.9999999999998010, -7.364023453702118971, 297.7488843286494102 ) ) ;
#6046 = CARTESIAN_POINT ( 'NONE',  ( 3.335853531519196835, -36.44545181815315260, -54.69810555838980548 ) ) ;
#6047 = CARTESIAN_POINT ( 'NONE',  ( 1.761563983812512779, 32.02393952748043660, 380.3584216962848927 ) ) ;
#6048 = CARTESIAN_POINT ( 'NONE',  ( -2.157746065596713780, 47.43923580062173784, 180.7376766213325539 ) ) ;
#6049 = CARTESIAN_POINT ( 'NONE',  ( 9.928597163327808062, -41.40114442576657439, 483.5653378068928419 ) ) ;
#6050 = CARTESIAN_POINT ( 'NONE',  ( -35.32796592481151521, -37.04783467334291913, 432.9786991528765725 ) ) ;
#6051 = ORIENTED_EDGE ( 'NONE', *, *, #5430, .F. ) ;
#6052 = CARTESIAN_POINT ( 'NONE',  ( 9.589809508260069393, 2.742238907035273510, 478.6743429234981022 ) ) ;
#6053 = DIRECTION ( 'NONE',  ( -1.000000000000000000, 0.000000000000000000, 0.000000000000000000 ) ) ;
#6054 = CARTESIAN_POINT ( 'NONE',  ( 22.66645404166624900, 8.979427449680249751, 430.0000000002123670 ) ) ;
#6055 = CARTESIAN_POINT ( 'NONE',  ( 12.91724414674800236, -29.36744321525159762, 514.2390737045590186 ) ) ;
#6056 = CARTESIAN_POINT ( 'NONE',  ( 2.562910308763635570, -10.10991166068970415, 559.0556826788819080 ) ) ;
#6057 = EDGE_CURVE ( 'NONE', #484, #1006, #1550, .T. ) ;
#6058 = CARTESIAN_POINT ( 'NONE',  ( -17.03230158637876812, -39.37236513718981001, 474.4270512770206665 ) ) ;
#6059 = AXIS2_PLACEMENT_3D ( 'NONE', #5909, #3843, #949 ) ;
#6060 = CARTESIAN_POINT ( 'NONE',  ( -10.70935231208746607, -29.46547427211043768, 519.2208099925820761 ) ) ;
#6061 = CARTESIAN_POINT ( 'NONE',  ( -54.95816087428703867, -2.680780969561742832, 423.1441121280365678 ) ) ;
#6062 = CARTESIAN_POINT ( 'NONE',  ( -2.120534225328424061, -10.11042706718909301, 558.9422371124398978 ) ) ;
#6063 = CARTESIAN_POINT ( 'NONE',  ( -35.59261914727503751, -15.39200911443471043, 505.5973799367540096 ) ) ;
#6064 = VECTOR ( 'NONE', #3465, 1000.000000000000114 ) ;
#6065 = CARTESIAN_POINT ( 'NONE',  ( 11.55383968865741373, 26.93463575382700270, 21.23557846822262718 ) ) ;
#6066 = CARTESIAN_POINT ( 'NONE',  ( -22.49314937974772022, -7.053926020753978676, 485.4918618303690891 ) ) ;
#6067 = CARTESIAN_POINT ( 'NONE',  ( 59.78309576887109955, -17.92246368216270014, 438.3755243692378372 ) ) ;
#6068 = CARTESIAN_POINT ( 'NONE',  ( 17.66610434894270298, -4.437220443574067197, 486.6174661702226558 ) ) ;
#6069 = FACE_OUTER_BOUND ( 'NONE', #4452, .T. ) ;
#6070 = CARTESIAN_POINT ( 'NONE',  ( 1.579610639252970961, 3.607518959381239565, 512.0742177813796161 ) ) ;
#6071 = CARTESIAN_POINT ( 'NONE',  ( 9.626109913348990688, -27.92096645474616068, 552.5066178698349404 ) ) ;
#6072 = CARTESIAN_POINT ( 'NONE',  ( 31.82847577179982679, -42.05819066917784710, 430.0000000002123102 ) ) ;
#6073 = CARTESIAN_POINT ( 'NONE',  ( -150.0000000000015064, -6.246665210414335867, 445.4520951632056267 ) ) ;
#6074 = CARTESIAN_POINT ( 'NONE',  ( 32.73752792958021729, -40.99167828991735263, 430.1862751913123475 ) ) ;
#6075 = CARTESIAN_POINT ( 'NONE',  ( -0.1059056513527854848, -29.19999999999999929, 510.5422371214552868 ) ) ;
#6076 = CARTESIAN_POINT ( 'NONE',  ( -11.64684823091062427, -74.50050220641119836, 83.22699558302605283 ) ) ;
#6077 = CARTESIAN_POINT ( 'NONE',  ( 0.000000000000000000, -46.58870159832864033, 506.4422371214552072 ) ) ;
#6078 = CARTESIAN_POINT ( 'NONE',  ( 47.38663189115487739, 17.64475135442224030, 308.9228235057746019 ) ) ;
#6079 = CARTESIAN_POINT ( 'NONE',  ( -47.38663189115487739, 17.64475135442224030, 308.9228235057746019 ) ) ;
#6080 = CARTESIAN_POINT ( 'NONE',  ( 6.840306663291832123, -39.79168608687210451, 495.2195756985040589 ) ) ;
#6081 = CARTESIAN_POINT ( 'NONE',  ( -23.25577476537308996, -44.12945289645379887, 447.3129156696489872 ) ) ;
#6082 = ORIENTED_EDGE ( 'NONE', *, *, #4558, .F. ) ;
#6083 = CARTESIAN_POINT ( 'NONE',  ( 24.89102432918008745, 1.553737415846123460, 451.7023825616666386 ) ) ;
#6084 = CARTESIAN_POINT ( 'NONE',  ( 0.000000000000000000, -31.00737454160579176, 555.1382375593252618 ) ) ;
#6085 = CARTESIAN_POINT ( 'NONE',  ( 0.000000000000000000, -9.999999999999710454, 558.9422371214541272 ) ) ;
#6086 = CARTESIAN_POINT ( 'NONE',  ( -75.74577251016167168, -1.934718253577296432, 430.0000000000000568 ) ) ;
#6087 = CARTESIAN_POINT ( 'NONE',  ( 13.35000082168522795, -55.73175314758309185, 430.0000000002123670 ) ) ;
#6088 = CARTESIAN_POINT ( 'NONE',  ( -8.234975975227055045, -39.47922570924784935, 493.0902954501390241 ) ) ;
#6089 = ORIENTED_EDGE ( 'NONE', *, *, #1691, .F. ) ;
#6090 = CARTESIAN_POINT ( 'NONE',  ( 11.58375770575471364, 14.55525991850888090, 428.9748054794497989 ) ) ;
#6091 = ADVANCED_FACE ( 'NONE', ( #5939 ), #2123, .F. ) ;
#6092 = CARTESIAN_POINT ( 'NONE',  ( -54.83292476305275898, -1.355360686096253042, 418.1950248786028510 ) ) ;
#6093 = CARTESIAN_POINT ( 'NONE',  ( 9.955166409438454878, -21.29367783811414938, 558.9422371214552641 ) ) ;
#6094 = CARTESIAN_POINT ( 'NONE',  ( -7.194550688930217319, -10.72836944753358424, 558.7546064823537790 ) ) ;
#6095 = CARTESIAN_POINT ( 'NONE',  ( 86.34215386717033880, -3.295932708773868125, 58.85122590806797405 ) ) ;
#6096 = CARTESIAN_POINT ( 'NONE',  ( -17.39133845269790513, -8.272114389616517016, 499.9453803618083043 ) ) ;
#6097 = CARTESIAN_POINT ( 'NONE',  ( 16.27003401340103039, -59.08078754374870556, 439.0693116158055886 ) ) ;
#6098 = CARTESIAN_POINT ( 'NONE',  ( -14.94858092199218014, -37.63082643008888795, 483.9837601394306716 ) ) ;
#6099 = CARTESIAN_POINT ( 'NONE',  ( 16.06486401086078786, -4.175947732344412522, 489.0948558859470268 ) ) ;
#6100 = DIRECTION ( 'NONE',  ( -0.000000000000000000, -1.000000000000000000, -0.000000000000000000 ) ) ;
#6101 = CARTESIAN_POINT ( 'NONE',  ( 0.000000000000000000, -8.653564323852759088, 0.000000000000000000 ) ) ;
#6102 = CARTESIAN_POINT ( 'NONE',  ( 9.628659227065757165, -28.24600669191606528, 551.8003485230134402 ) ) ;
#6103 = CARTESIAN_POINT ( 'NONE',  ( 25.44326879265290131, -48.52261646439306730, 430.0000000002123102 ) ) ;
#6104 = CARTESIAN_POINT ( 'NONE',  ( -12.86739182835694173, 13.82286176034893721, 430.0000000000001705 ) ) ;
#6105 = CARTESIAN_POINT ( 'NONE',  ( 23.56644327194973698, -48.68361957849364785, 434.2265368020374012 ) ) ;
#6106 = CARTESIAN_POINT ( 'NONE',  ( 3.243651683137362518, 22.82331267925787088, 429.9999999999998863 ) ) ;
#6107 = CARTESIAN_POINT ( 'NONE',  ( -28.20276296147374495, -53.63726394892496074, -2.420270290097158661 ) ) ;
#6108 = DIRECTION ( 'NONE',  ( -0.000000000000000000, 1.000000000000000000, 0.000000000000000000 ) ) ;
#6109 = CARTESIAN_POINT ( 'NONE',  ( 0.000000000000000000, -1.100564968850144654, 529.4234485653213369 ) ) ;
#6110 = CARTESIAN_POINT ( 'NONE',  ( -5.882888988652245743, 42.38580333701526115, 298.7586613606674177 ) ) ;
#6111 = CARTESIAN_POINT ( 'NONE',  ( 8.906525817815843737, -44.00933107108203757, 477.4836319235411111 ) ) ;
#6112 = CARTESIAN_POINT ( 'NONE',  ( -31.77429770556850741, -39.39852011474047799, 437.0501749589146812 ) ) ;
#6113 = ORIENTED_EDGE ( 'NONE', *, *, #1583, .F. ) ;
#6114 = CARTESIAN_POINT ( 'NONE',  ( -149.9999999999998579, -6.643660690299837412, 425.0789795851339932 ) ) ;
#6115 = CARTESIAN_POINT ( 'NONE',  ( 0.000000000000000000, -33.20068766774330271, 0.000000000000000000 ) ) ;
#6116 = CARTESIAN_POINT ( 'NONE',  ( 150.0000000000000853, -6.250264775982731003, 440.0305525103657374 ) ) ;
#6117 = CARTESIAN_POINT ( 'NONE',  ( 149.9999999999992610, -6.948226098560440711, 250.7346351206815598 ) ) ;
#6118 = CARTESIAN_POINT ( 'NONE',  ( -27.37988120600245523, -35.14955499553381202, 460.1214011529140748 ) ) ;
#6119 = CARTESIAN_POINT ( 'NONE',  ( 19.49054731942659657, -29.50064094504966050, 497.1612492368378753 ) ) ;
#6120 = CARTESIAN_POINT ( 'NONE',  ( -20.88539401721480004, -27.04443514491851985, 501.8764393229804455 ) ) ;
#6121 = CARTESIAN_POINT ( 'NONE',  ( -28.61129458262231040, 4.196723859826951397, 435.4244799426163581 ) ) ;
#6122 = DIRECTION ( 'NONE',  ( 0.000000000000000000, 0.000000000000000000, -1.000000000000000000 ) ) ;
#6123 = EDGE_CURVE ( 'NONE', #1378, #3781, #5575, .T. ) ;
#6124 = CARTESIAN_POINT ( 'NONE',  ( 0.000000000000000000, -12.85071627324766474, 564.7159198109421823 ) ) ;
#6125 = CARTESIAN_POINT ( 'NONE',  ( 25.82676969938875899, 28.08943016872629528, 44.17302050310121331 ) ) ;
#6126 = ORIENTED_EDGE ( 'NONE', *, *, #4159, .T. ) ;
#6127 = CARTESIAN_POINT ( 'NONE',  ( -14.17530654368084519, -7.815868985109927891, 505.2271439464693685 ) ) ;
#6128 = CARTESIAN_POINT ( 'NONE',  ( 2.824195916101439607, -79.22887979903154587, 312.8378994805424327 ) ) ;
#6129 = CARTESIAN_POINT ( 'NONE',  ( -30.26962536923712221, -31.65163160762731565, 462.1683544643485675 ) ) ;
#6130 = CARTESIAN_POINT ( 'NONE',  ( 0.000000000000000000, -42.98672263033668628, 511.4422371208862046 ) ) ;
#6131 = CARTESIAN_POINT ( 'NONE',  ( -0.8019073092451657336, -10.83459965179633500, 507.5537628367175103 ) ) ;
#6132 = CARTESIAN_POINT ( 'NONE',  ( -39.04140068587668111, -34.15482727114240191, 429.9999999999997726 ) ) ;
#6133 = CARTESIAN_POINT ( 'NONE',  ( 149.9999999999999432, -6.186980386548941446, 440.0305525103658510 ) ) ;
#6134 = CARTESIAN_POINT ( 'NONE',  ( 25.23718908695788343, -48.70068525161791229, 430.0000000002122533 ) ) ;
#6135 = DIRECTION ( 'NONE',  ( 0.000000000000000000, 0.000000000000000000, -1.000000000000000000 ) ) ;
#6136 = CARTESIAN_POINT ( 'NONE',  ( 21.26256084312534256, -49.61082302174652625, 436.4765049995605750 ) ) ;
#6137 = ORIENTED_EDGE ( 'NONE', *, *, #135, .F. ) ;
#6138 = CARTESIAN_POINT ( 'NONE',  ( 0.000000000000000000, -33.20068766774330271, 0.000000000000000000 ) ) ;
#6139 = CARTESIAN_POINT ( 'NONE',  ( -149.9999999999994316, -6.407426975505440936, 237.6716614965829990 ) ) ;
#6140 = CARTESIAN_POINT ( 'NONE',  ( 60.01230059546335127, -10.96261421392354052, 448.9829223327480463 ) ) ;
#6141 = CARTESIAN_POINT ( 'NONE',  ( 150.0000000000005116, -2.468752498710066856, 425.1262764251987392 ) ) ;
#6142 = CARTESIAN_POINT ( 'NONE',  ( -47.69512756224418126, 13.92142524552201266, 338.3749908464645841 ) ) ;
#6143 = CARTESIAN_POINT ( 'NONE',  ( 15.22582613102545857, -42.29205939716866425, 470.0761280243729061 ) ) ;
#6144 = CARTESIAN_POINT ( 'NONE',  ( -10.01225018002389078, -46.07150654432912518, 468.8039336875838217 ) ) ;
#6145 = EDGE_CURVE ( 'NONE', #5386, #5449, #5444, .T. ) ;
#6146 = ORIENTED_EDGE ( 'NONE', *, *, #4451, .T. ) ;
#6147 = CARTESIAN_POINT ( 'NONE',  ( -49.57589482235463407, -44.46701830025540403, 424.1535944136560374 ) ) ;
#6148 = CARTESIAN_POINT ( 'NONE',  ( -1.677622995205263035, -43.06496864274397751, 510.8030620898454686 ) ) ;
#6149 = CARTESIAN_POINT ( 'NONE',  ( -60.00892403416684573, -10.87759879526569584, 448.8723920580213189 ) ) ;
#6150 = CARTESIAN_POINT ( 'NONE',  ( 0.000000000000000000, -75.96750286625417914, 79.90848674242489835 ) ) ;
#6151 = CARTESIAN_POINT ( 'NONE',  ( -150.0000000000000284, 3.089374213535638791, 211.7316696794227653 ) ) ;
#6152 = CARTESIAN_POINT ( 'NONE',  ( 6.587444123998214884, -35.23963461730062363, 510.4993453115857847 ) ) ;
#6153 = CARTESIAN_POINT ( 'NONE',  ( -21.78872436132488488, -53.80133565341159141, 422.1649088716304163 ) ) ;
#6154 = DIRECTION ( 'NONE',  ( 0.000000000000000000, 0.000000000000000000, -1.000000000000000000 ) ) ;
#6155 = CARTESIAN_POINT ( 'NONE',  ( -13.64812984879145574, 12.55375281329823345, 433.7785866285606744 ) ) ;
#6156 = CARTESIAN_POINT ( 'NONE',  ( 0.000000000000000000, -42.67081130967166303, 512.5724492397891936 ) ) ;
#6157 = CARTESIAN_POINT ( 'NONE',  ( -35.59087737239971716, -16.24775013673977497, 506.5560500417332150 ) ) ;
#6158 = CARTESIAN_POINT ( 'NONE',  ( 3.147860296435570415, 24.32371408104542709, 4.633680387658797528 ) ) ;
#6159 = CIRCLE ( 'NONE', #5646, 9.199999999999999289 ) ;
#6160 = CARTESIAN_POINT ( 'NONE',  ( -44.73764394382705945, -10.67642920023861919, 462.9215838565563672 ) ) ;
#6161 = CARTESIAN_POINT ( 'NONE',  ( 20.83281673801534950, -71.50086781543122072, 377.4958969591941127 ) ) ;
#6162 = CARTESIAN_POINT ( 'NONE',  ( -6.851821495207434332, -37.50802341768037707, 502.6274121209014538 ) ) ;
#6163 = CARTESIAN_POINT ( 'NONE',  ( 40.67216392300731798, -24.86883640197437373, 457.5626971328346713 ) ) ;
#6164 = DIRECTION ( 'NONE',  ( 1.000000000000000000, -7.889668786657805680E-17, -0.000000000000000000 ) ) ;
#6165 = AXIS2_PLACEMENT_3D ( 'NONE', #3382, #3731, #2867 ) ;
#6166 = CARTESIAN_POINT ( 'NONE',  ( -51.50762532424137419, -24.09653573071446431, 430.0000000000000000 ) ) ;
#6167 = CARTESIAN_POINT ( 'NONE',  ( 9.634407531356435683, -28.69948182372685253, 550.6882270121086549 ) ) ;
#6168 = CARTESIAN_POINT ( 'NONE',  ( 33.06809745534670242, -40.67025270880304078, 430.0000000002123670 ) ) ;
#6169 = CARTESIAN_POINT ( 'NONE',  ( 28.70822009897628035, -45.95302161610057823, 428.7776079923660291 ) ) ;
#6170 = AXIS2_PLACEMENT_3D ( 'NONE', #1754, #3209, #2238 ) ;
#6171 = EDGE_CURVE ( 'NONE', #4866, #6193, #5150, .T. ) ;
#6172 = DIRECTION ( 'NONE',  ( 0.000000000000000000, 0.000000000000000000, -1.000000000000000000 ) ) ;
#6173 = CARTESIAN_POINT ( 'NONE',  ( -27.23222707604101345, -67.46644474832713456, 55.80701579812455293 ) ) ;
#6174 = CARTESIAN_POINT ( 'NONE',  ( 9.620408982500658013, -11.08277357972823829, 549.9731614308136614 ) ) ;
#6175 = CARTESIAN_POINT ( 'NONE',  ( 6.611810512025710906, 16.54561046290216098, 457.6028839167674960 ) ) ;
#6176 = CARTESIAN_POINT ( 'NONE',  ( -150.0000000000002274, 7.068232020827782236, 370.3528863233865422 ) ) ;
#6177 = CARTESIAN_POINT ( 'NONE',  ( 14.83708946407022644, -40.04004655971046844, 477.3501506893981059 ) ) ;
#6178 = CARTESIAN_POINT ( 'NONE',  ( -51.73523188125565753, -25.30264039358364769, 423.2751175583676400 ) ) ;
#6179 = CARTESIAN_POINT ( 'NONE',  ( 149.9999999999999716, -6.250264775982728338, 440.0305525103658510 ) ) ;
#6180 = VERTEX_POINT ( 'NONE', #4601 ) ;
#6181 = CARTESIAN_POINT ( 'NONE',  ( -35.94395991979105531, -26.96728641447465691, 495.4743664108665939 ) ) ;
#6182 = CARTESIAN_POINT ( 'NONE',  ( 0.000000000000000000, 5.481689149415663209, 505.4422371214553209 ) ) ;
#6183 = CARTESIAN_POINT ( 'NONE',  ( 0.000000000000000000, -79.20339055872481993, 130.7127838640535344 ) ) ;
#6184 = CARTESIAN_POINT ( 'NONE',  ( -85.15847978174487309, 3.904776106732709806, 71.64136231852130265 ) ) ;
#6185 = CARTESIAN_POINT ( 'NONE',  ( 13.15766597939465576, -31.15565400790374539, 507.6388038514595564 ) ) ;
#6186 = CARTESIAN_POINT ( 'NONE',  ( -10.89592441252106525, -52.60564035789498405, 445.3122727889118551 ) ) ;
#6187 = ORIENTED_EDGE ( 'NONE', *, *, #4917, .F. ) ;
#6188 = CARTESIAN_POINT ( 'NONE',  ( -49.57400673654152712, -18.52651077671696100, 464.7992469518889038 ) ) ;
#6189 = CARTESIAN_POINT ( 'NONE',  ( -14.62036411254901402, 8.935086228928525998, 445.9331887980291071 ) ) ;
#6190 = DIRECTION ( 'NONE',  ( 0.000000000000000000, -1.000000000000000000, -0.000000000000000000 ) ) ;
#6191 = CARTESIAN_POINT ( 'NONE',  ( -2.564913514413461826, -19.37906748425750791, 568.9422371214550367 ) ) ;
#6192 = CARTESIAN_POINT ( 'NONE',  ( 0.000000000000000000, 37.42084218078985458, 58.72214691171561185 ) ) ;
#6193 = VERTEX_POINT ( 'NONE', #5214 ) ;
#6194 = CARTESIAN_POINT ( 'NONE',  ( -7.808145861306729607, -6.633706744226271823, 515.4406487021232124 ) ) ;
#6195 = CARTESIAN_POINT ( 'NONE',  ( 50.03496671508558791, -9.242290081520904366, 326.4099837110862268 ) ) ;
#6196 = CARTESIAN_POINT ( 'NONE',  ( -14.30647052645669781, -35.47670996368560026, 491.8471676741586975 ) ) ;
#6197 = CARTESIAN_POINT ( 'NONE',  ( 27.52977154972048623, -26.84999869918091520, 484.9874601696648142 ) ) ;
#6198 = PLANE ( 'NONE',  #4430 ) ;
#6199 = CARTESIAN_POINT ( 'NONE',  ( 149.9999999999999716, -6.267256663816664464, 439.4202371970271770 ) ) ;
#6200 = CARTESIAN_POINT ( 'NONE',  ( 150.0000000000000284, -6.181280497844827693, 440.0305525103657374 ) ) ;
#6201 = CARTESIAN_POINT ( 'NONE',  ( 15.25990313880837235, -54.95519297215799526, 430.0000000002121396 ) ) ;
#6202 = CARTESIAN_POINT ( 'NONE',  ( 60.01452371159473387, -16.93389147502358938, 448.8732548501399719 ) ) ;
#6203 = CARTESIAN_POINT ( 'NONE',  ( 37.10862445484528394, -39.97238515300786332, 419.7191598906233594 ) ) ;
#6204 = CARTESIAN_POINT ( 'NONE',  ( -1.143696195766507939, 5.366725353879931326, 505.6263427927414114 ) ) ;
#6205 = CARTESIAN_POINT ( 'NONE',  ( 9.094011158984976362, 4.680339329171056661, 472.5727325636731848 ) ) ;
#6206 = CARTESIAN_POINT ( 'NONE',  ( -55.83428759248237583, -24.18254222406895693, 224.9861096921542867 ) ) ;
#6207 = CARTESIAN_POINT ( 'NONE',  ( 2.563963767909276825, -11.27816246594003324, 561.9827042721873340 ) ) ;
#6208 = CARTESIAN_POINT ( 'NONE',  ( 9.824827521419905452, -2.593892997156575397, 521.6966707247395334 ) ) ;
#6209 = CARTESIAN_POINT ( 'NONE',  ( -50.11171787444065728, 9.594334424904452874, 362.2731057270540305 ) ) ;
#6210 = CARTESIAN_POINT ( 'NONE',  ( 36.86973075593380145, -30.29006719864787911, 448.2641791790246657 ) ) ;
#6211 = CARTESIAN_POINT ( 'NONE',  ( -44.55068345580997402, -29.31185784893109414, 429.1676985111638487 ) ) ;
#6212 = CARTESIAN_POINT ( 'NONE',  ( -11.00000000000003730, -32.78400426621576713, 507.7061421647095472 ) ) ;
#6213 = VERTEX_POINT ( 'NONE', #6182 ) ;
#6214 = CARTESIAN_POINT ( 'NONE',  ( -2.699921698077906385, -60.88783897603897088, 444.3805473732407449 ) ) ;
#6215 = EDGE_CURVE ( 'NONE', #2579, #5718, #1251, .T. ) ;
#6216 = CYLINDRICAL_SURFACE ( 'NONE', #2568, 1.600000000000045830 ) ;
#6217 = CARTESIAN_POINT ( 'NONE',  ( 27.23222707604101345, -67.46644474832713456, 55.80701579812455293 ) ) ;
#6218 = CARTESIAN_POINT ( 'NONE',  ( 0.000000000000000000, 11.73449225725467926, -28.51670946738130752 ) ) ;
#6219 = CARTESIAN_POINT ( 'NONE',  ( 17.76436361775777328, -30.00968383099594305, 499.9867535299489987 ) ) ;
#6220 = CARTESIAN_POINT ( 'NONE',  ( -22.74315140824553438, -51.27886089265491165, 428.3394834766068584 ) ) ;
#6221 = EDGE_LOOP ( 'NONE', ( #3034, #3218, #1155, #6089 ) ) ;
#6222 = CARTESIAN_POINT ( 'NONE',  ( 36.03672851393310594, 8.617539354868105406, 405.2524665791332836 ) ) ;
#6223 = CARTESIAN_POINT ( 'NONE',  ( -16.06135915899746536, 10.39106235557843938, 437.7823045029858235 ) ) ;
#6224 = DIRECTION ( 'NONE',  ( -0.000000000000000000, -0.000000000000000000, -1.000000000000000000 ) ) ;
#6225 = CARTESIAN_POINT ( 'NONE',  ( -150.0000000000000284, -5.771703261513158267, 440.0305525103657374 ) ) ;
#6226 = CARTESIAN_POINT ( 'NONE',  ( 48.09887603462018291, 19.47765558591667556, 290.8986780379959782 ) ) ;
#6227 = CARTESIAN_POINT ( 'NONE',  ( -13.69096583739315598, -3.784154704391069046, 492.7714317549968541 ) ) ;
#6228 = CARTESIAN_POINT ( 'NONE',  ( 64.18198422149610849, -56.45772896838160904, 364.8665635013861674 ) ) ;
#6229 = CARTESIAN_POINT ( 'NONE',  ( -15.16436350665274269, -35.24427941621188154, 490.5717615106058247 ) ) ;
#6230 = CARTESIAN_POINT ( 'NONE',  ( 14.97361122612050899, -7.931028730061067122, 503.9135938680062736 ) ) ;
#6231 = CARTESIAN_POINT ( 'NONE',  ( 11.00000000000011013, -47.46615089232609108, 462.6234525701419216 ) ) ;
#6232 = LINE ( 'NONE', #857, #5243 ) ;
#6233 = DIRECTION ( 'NONE',  ( 1.000000000000000000, 0.000000000000000000, 0.000000000000000000 ) ) ;
#6234 = CARTESIAN_POINT ( 'NONE',  ( 34.95291659986928323, -38.55913210214538367, 430.0000000002122533 ) ) ;
#6235 = CYLINDRICAL_SURFACE ( 'NONE', #2977, 3.999999999999998224 ) ;
#6236 = CARTESIAN_POINT ( 'NONE',  ( 36.34001815703911120, -42.77257195456886052, 414.7692865893160956 ) ) ;
#6237 = ORIENTED_EDGE ( 'NONE', *, *, #3397, .T. ) ;
#6238 = FACE_OUTER_BOUND ( 'NONE', #5104, .T. ) ;
#6239 = CARTESIAN_POINT ( 'NONE',  ( 26.72596223158125639, 2.912819957296065798, 443.4558257727621253 ) ) ;
#6240 = CARTESIAN_POINT ( 'NONE',  ( -55.31336439877029676, -24.58736919909167185, 234.0979557279631820 ) ) ;
#6241 = EDGE_CURVE ( 'NONE', #498, #492, #3702, .T. ) ;
#6242 = CARTESIAN_POINT ( 'NONE',  ( 60.03645708646333645, -13.35755064897762523, 451.4581467534061403 ) ) ;
#6243 = CARTESIAN_POINT ( 'NONE',  ( 11.20234465765202536, 15.65166486234165255, 452.7342830611293607 ) ) ;
#6244 = CARTESIAN_POINT ( 'NONE',  ( -12.50381132325683886, 27.83116567873787162, 396.5693299386862805 ) ) ;
#6245 = CARTESIAN_POINT ( 'NONE',  ( 8.147250201485547905, -44.16100783241341077, 478.4542110307677945 ) ) ;
#6246 = CARTESIAN_POINT ( 'NONE',  ( -36.32446988019827216, -34.36586792081364194, 437.4743934072107550 ) ) ;
#6247 = CARTESIAN_POINT ( 'NONE',  ( -2.565489760456064250, -29.89066157883531716, 559.0556382028653388 ) ) ;
#6248 = ORIENTED_EDGE ( 'NONE', *, *, #4343, .T. ) ;
#6249 = CARTESIAN_POINT ( 'NONE',  ( -2.593811751426483792, -41.87544882610692554, 515.0051337453476208 ) ) ;
#6250 = CARTESIAN_POINT ( 'NONE',  ( 3.319580048919993587, -51.67387637798120892, -31.56814357688302053 ) ) ;
#6251 = CARTESIAN_POINT ( 'NONE',  ( 60.00892403416684573, -10.87759879526569584, 448.8723920580213189 ) ) ;
#6252 = CARTESIAN_POINT ( 'NONE',  ( 20.01339432068785484, -31.51230743462546258, 489.6274212484603368 ) ) ;
#6253 = CARTESIAN_POINT ( 'NONE',  ( -31.40956141901670051, -46.52265276194844290, 419.8539456524580373 ) ) ;
#6254 = ORIENTED_EDGE ( 'NONE', *, *, #4635, .F. ) ;
#6255 = CARTESIAN_POINT ( 'NONE',  ( 32.26419776969640907, 6.572124790818149265, 419.9419345520603883 ) ) ;
#6256 = CARTESIAN_POINT ( 'NONE',  ( -10.69810964742895010, 9.684814492351385695, 450.3458700665565857 ) ) ;
#6257 = CARTESIAN_POINT ( 'NONE',  ( 28.86471109127624501, 5.579590715238897936, 430.0000000002122533 ) ) ;
#6258 = EDGE_CURVE ( 'NONE', #880, #2354, #2412, .T. ) ;
#6259 = CARTESIAN_POINT ( 'NONE',  ( -7.196901079118881661, -21.88564453408094579, 567.2561283387401545 ) ) ;
#6260 = ORIENTED_EDGE ( 'NONE', *, *, #6145, .T. ) ;
#6261 = CARTESIAN_POINT ( 'NONE',  ( -24.31176854255352282, -5.473759918722223006, 476.6112465033968988 ) ) ;
#6262 = CARTESIAN_POINT ( 'NONE',  ( 149.9999999999998010, -7.364023453702118971, 297.7488843286494102 ) ) ;
#6263 = CARTESIAN_POINT ( 'NONE',  ( -42.55592921878212564, -24.50926315930638211, 453.8515334552373588 ) ) ;
#6264 = PLANE ( 'NONE',  #5029 ) ;
#6265 = DIRECTION ( 'NONE',  ( -0.000000000000000000, -1.000000000000000000, -0.000000000000000000 ) ) ;
#6266 = CARTESIAN_POINT ( 'NONE',  ( 150.0000000000000284, -5.251527702307163814, 440.0305525103657374 ) ) ;
#6267 = VECTOR ( 'NONE', #3220, 1000.000000000000114 ) ;
#6268 = CARTESIAN_POINT ( 'NONE',  ( -11.12449704144387930, -31.78165446717923359, 510.6124510923360162 ) ) ;
#6269 = CARTESIAN_POINT ( 'NONE',  ( 0.000000000000000000, 17.01339730700182074, 458.4116318598639168 ) ) ;
#6270 = LINE ( 'NONE', #1857, #5864 ) ;
#6271 = CARTESIAN_POINT ( 'NONE',  ( 45.15886722673981524, -35.28703215554764228, 406.5075163319265243 ) ) ;
#6272 = ORIENTED_EDGE ( 'NONE', *, *, #3816, .F. ) ;
#6273 = CARTESIAN_POINT ( 'NONE',  ( -3.380097104672628472, 4.503297762964828976, 508.0069039838295453 ) ) ;
#6274 = CARTESIAN_POINT ( 'NONE',  ( 26.57772800228751819, 1.218824885648179590, 449.5608455951768292 ) ) ;
#6275 = CARTESIAN_POINT ( 'NONE',  ( -12.48741286194582401, -41.71374983840777162, -42.10630112229947741 ) ) ;
#6276 = CARTESIAN_POINT ( 'NONE',  ( 35.59367397227826757, -15.02341196598146489, 505.0766924816190340 ) ) ;
#6277 = CARTESIAN_POINT ( 'NONE',  ( 7.189961064043363770, -9.266056063442162483, 554.1745012121198215 ) ) ;
#6278 = AXIS2_PLACEMENT_3D ( 'NONE', #2209, #4171, #3691 ) ;
#6279 = CARTESIAN_POINT ( 'NONE',  ( -40.64279130071612656, 19.78146202829371347, 391.0697883059202695 ) ) ;
#6280 = CARTESIAN_POINT ( 'NONE',  ( 41.77018114701505880, -29.35737503375210977, 437.4378891933284308 ) ) ;
#6281 = CARTESIAN_POINT ( 'NONE',  ( -16.98679122598240099, -44.12286066384282179, 461.1700167966585582 ) ) ;
#6282 = CARTESIAN_POINT ( 'NONE',  ( -37.35593580365301847, -25.36874432835427484, 464.4040167034860929 ) ) ;
#6283 = ORIENTED_EDGE ( 'NONE', *, *, #1887, .T. ) ;
#6284 = AXIS2_PLACEMENT_3D ( 'NONE', #5584, #1167, #1199 ) ;
#6285 = CARTESIAN_POINT ( 'NONE',  ( -22.39812758097246714, -77.30628769354220253, 313.2792460946564574 ) ) ;
#6286 = CARTESIAN_POINT ( 'NONE',  ( 86.28112506623055822, -38.72477185917909281, 69.89167966729576165 ) ) ;
#6287 = CARTESIAN_POINT ( 'NONE',  ( -56.44355950920334664, -5.401506154520962610, 202.8927154750770683 ) ) ;
#6288 = CARTESIAN_POINT ( 'NONE',  ( 10.39779387507980246, -36.52066985341310357, 497.4747511662525312 ) ) ;
#6289 = CARTESIAN_POINT ( 'NONE',  ( -25.30771317521781683, -47.84454341334093641, 432.4130764964792775 ) ) ;
#6290 = VERTEX_POINT ( 'NONE', #5604 ) ;
#6291 = CARTESIAN_POINT ( 'NONE',  ( 10.21574375728425110, 11.49603465097099786, 444.0545744072900334 ) ) ;
#6292 = CARTESIAN_POINT ( 'NONE',  ( -54.70288315715173155, -0.04951261278677492050, 413.2759293095089106 ) ) ;
#6293 = CARTESIAN_POINT ( 'NONE',  ( 26.31583672243606387, 6.963209816260105711, 430.0000000002123102 ) ) ;
#6294 = CARTESIAN_POINT ( 'NONE',  ( -2.564942453513969767, -23.59261226705760350, 568.0013561483610829 ) ) ;
#6295 = VERTEX_POINT ( 'NONE', #2770 ) ;
#6296 = CARTESIAN_POINT ( 'NONE',  ( -10.70295699371494713, -1.304059594697979829, 490.5788310090051141 ) ) ;
#6297 = ADVANCED_FACE ( 'NONE', ( #5704 ), #6216, .F. ) ;
#6298 = CARTESIAN_POINT ( 'NONE',  ( 68.88542733032485899, -60.77263504150752738, 287.9158440061798387 ) ) ;
#6299 = CARTESIAN_POINT ( 'NONE',  ( -20.01339432068785484, -31.51230743462546258, 489.6274212484603368 ) ) ;
#6300 = CARTESIAN_POINT ( 'NONE',  ( 0.000000000000000000, 0.000000000000000000, 430.0000000002122533 ) ) ;
#6301 = CARTESIAN_POINT ( 'NONE',  ( -150.0000000000000284, -5.251527702307163814, 440.0305525103657374 ) ) ;
#6302 = CARTESIAN_POINT ( 'NONE',  ( 3.414058235404734631, -64.08648139353631734, 430.0000000000000568 ) ) ;
#6303 = CARTESIAN_POINT ( 'NONE',  ( -12.95608755121527622, -7.172268072427510965, 505.6793919579720864 ) ) ;
#6304 = CARTESIAN_POINT ( 'NONE',  ( 45.20327450035832584, -28.60536535324158081, 430.0000000002120828 ) ) ;
#6305 = CARTESIAN_POINT ( 'NONE',  ( 0.9756631039218716106, -10.85146457715125123, 507.6698387248653717 ) ) ;
#6306 = CARTESIAN_POINT ( 'NONE',  ( 41.46655804648574417, -38.43324699338405992, 409.7634028109899873 ) ) ;
#6307 = CARTESIAN_POINT ( 'NONE',  ( -10.98429671950348308, -62.93146367878043890, 430.0000000000000568 ) ) ;
#6308 = CARTESIAN_POINT ( 'NONE',  ( 13.70301865634835004, 0.04716129458044580197, 479.6644611259414432 ) ) ;
#6309 = CARTESIAN_POINT ( 'NONE',  ( -12.42610409642362512, -50.88669372053431061, -26.39278658964152058 ) ) ;
#6310 = CARTESIAN_POINT ( 'NONE',  ( 0.000000000000000000, -16.36212642668703410, 567.9883224443615291 ) ) ;
#6311 = MANIFOLD_SOLID_BREP ( 'Zapas-WSZYSTKIE CZʌCIDO DRUKU-2', #5769 ) ;
#6312 = CARTESIAN_POINT ( 'NONE',  ( 0.000000000000000000, 2.926735556036303532, 515.0430825616978154 ) ) ;
#6313 = CARTESIAN_POINT ( 'NONE',  ( 16.06262173977471264, -44.41413989475182689, 462.2238268270897947 ) ) ;
#6314 = CARTESIAN_POINT ( 'NONE',  ( -26.48618622153179558, -37.85076137341945213, 455.3848077600980560 ) ) ;
#6315 = FACE_OUTER_BOUND ( 'NONE', #2614, .T. ) ;
#6316 = ORIENTED_EDGE ( 'NONE', *, *, #4489, .F. ) ;
#6317 = CARTESIAN_POINT ( 'NONE',  ( -149.9999999999998010, -6.962528604779465446, 370.1972280709401844 ) ) ;
#6318 = CARTESIAN_POINT ( 'NONE',  ( 3.302439984836303744, -58.72586308767706953, -14.16339988746103984 ) ) ;
#6319 = CARTESIAN_POINT ( 'NONE',  ( -55.14185912003974011, 11.14502422987850849, 230.0543043816361433 ) ) ;
#6320 = CARTESIAN_POINT ( 'NONE',  ( 14.73807579217074171, -35.35997118329152755, 491.2106249467611292 ) ) ;
#6321 = CARTESIAN_POINT ( 'NONE',  ( -20.82561668301485724, -52.03580674486011048, 430.0219652648103192 ) ) ;
#6322 = EDGE_LOOP ( 'NONE', ( #2837, #1971, #1305, #4120 ) ) ;
#6323 = CARTESIAN_POINT ( 'NONE',  ( 16.44253224311805184, 10.31471143023579806, 437.3542766354220817 ) ) ;
#6324 = CARTESIAN_POINT ( 'NONE',  ( -16.26683728617829416, 13.68597174418505880, 424.4954562363226387 ) ) ;
#6325 = CARTESIAN_POINT ( 'NONE',  ( 53.74332645226898819, -4.179249559255203472, 430.0000000002121965 ) ) ;
#6326 = CARTESIAN_POINT ( 'NONE',  ( 0.000000000000000000, -18.03817225765354593, 568.7511378914753095 ) ) ;
#6327 = ORIENTED_EDGE ( 'NONE', *, *, #5883, .T. ) ;
#6328 = CARTESIAN_POINT ( 'NONE',  ( -8.147694920375165850, -2.671433919951655245, 501.0853612337465961 ) ) ;
#6329 = CARTESIAN_POINT ( 'NONE',  ( -6.118374898691882002, -35.35168443161506957, 511.3652784929871018 ) ) ;
#6330 = CARTESIAN_POINT ( 'NONE',  ( -18.24219798712229235, 1.073278378135717137, 466.8058960326050055 ) ) ;
#6331 = CARTESIAN_POINT ( 'NONE',  ( 0.000000000000000000, -47.96870222269718198, 493.6324861438416747 ) ) ;
#6332 = B_SPLINE_CURVE_WITH_KNOTS ( 'NONE', 3,
 ( #5663, #342, #896, #5694, #1306, #1756, #5204, #1346, #2795, #2860, #3211, #2339, #4303, #792, #274, #1823, #1722, #829, #4685, #6273, #2760, #862, #4717, #5275, #4750, #2307, #2277, #6204, #4272, #4237, #1790, #4813 ),
 .UNSPECIFIED., .F., .F.,
 ( 4, 2, 2, 2, 2, 2, 2, 2, 2, 2, 2, 2, 2, 2, 2, 4 ),
 ( 0.000000000000000000, 0.0006972790158130107076, 0.001394558031626021415, 0.002091837047439032340, 0.002789116063252042831, 0.003486395079065053755, 0.004183674094878064680, 0.004880953110691075604, 0.005578232126504085661, 0.006275511142317096586, 0.006972790158130107510, 0.008367348189756127624, 0.009064627205569138549, 0.009761906221382149473, 0.01045918523719516040, 0.01115646425300816959 ),
 .UNSPECIFIED. ) ;
#6333 = CARTESIAN_POINT ( 'NONE',  ( 11.28566838776207781, -31.28895030247811349, 511.8214976061968855 ) ) ;
#6334 = CARTESIAN_POINT ( 'NONE',  ( 0.000000000000000000, -27.20000000000000284, 458.9422371214550935 ) ) ;
#6335 = CARTESIAN_POINT ( 'NONE',  ( 0.000000000000000000, -33.20068766774330271, 507.3422371214550708 ) ) ;
#6336 = CARTESIAN_POINT ( 'NONE',  ( 0.000000000000000000, 23.02673305817156546, 430.0000000002122533 ) ) ;
#6337 = CARTESIAN_POINT ( 'NONE',  ( 0.000000000000000000, -46.58870159832864033, 507.3422371214550708 ) ) ;
#6338 = CARTESIAN_POINT ( 'NONE',  ( 13.60787874148652321, -56.19171338594186693, 427.8503704944565129 ) ) ;
#6339 = CARTESIAN_POINT ( 'NONE',  ( 35.64660542713644276, -3.641375201241758397, 450.2236301377481595 ) ) ;
#6340 = CARTESIAN_POINT ( 'NONE',  ( -3.314381414759661748, -54.25418021934429902, -25.88212916072503234 ) ) ;
#6341 = CARTESIAN_POINT ( 'NONE',  ( 2.564631157547661022, -14.37334060001981051, 566.4271003563552540 ) ) ;
#6342 = CARTESIAN_POINT ( 'NONE',  ( -38.04577553118386390, 6.899135327763927350, 435.0771627741435736 ) ) ;
#6343 = CARTESIAN_POINT ( 'NONE',  ( 54.43370120262882494, -23.95906286201516622, 421.4125131681910830 ) ) ;
#6344 = CARTESIAN_POINT ( 'NONE',  ( 9.936891661188814950, -33.33549716207983238, 533.1774082778099455 ) ) ;
#6345 = CARTESIAN_POINT ( 'NONE',  ( 15.33343269723768820, -7.717369041052064560, 502.4406997134549329 ) ) ;
#6346 = CARTESIAN_POINT ( 'NONE',  ( -9.118704901277874697, -66.92918793773139896, 414.6566266770050220 ) ) ;
#6347 =( NAMED_UNIT ( * ) PLANE_ANGLE_UNIT ( ) SI_UNIT ( $, .RADIAN. ) );
#6348 = CARTESIAN_POINT ( 'NONE',  ( 0.000000000000000000, -61.02803244180449127, -7.975560784126410674 ) ) ;
#6349 = CARTESIAN_POINT ( 'NONE',  ( 24.45514282142428186, 34.03033067479747587, 71.95588844210854518 ) ) ;
#6350 = CARTESIAN_POINT ( 'NONE',  ( -150.0000000000000000, 9.270087174911674666, 223.2766782676432626 ) ) ;
#6351 = EDGE_CURVE ( 'NONE', #3639, #3360, #1846, .T. ) ;
#6352 = CARTESIAN_POINT ( 'NONE',  ( 6.934530802787642223, -37.48865186717804221, 502.4883248519024050 ) ) ;
#6353 = CARTESIAN_POINT ( 'NONE',  ( -36.21829518982840312, -38.51010991317539123, 426.3489295217499375 ) ) ;
#6354 = ORIENTED_EDGE ( 'NONE', *, *, #3509, .T. ) ;
#6355 = CARTESIAN_POINT ( 'NONE',  ( 18.71331299030259032, 9.836445443032271641, 434.7706835174420235 ) ) ;
#6356 = CARTESIAN_POINT ( 'NONE',  ( -14.72998101257245196, 13.98899090948218848, 426.0083304568691460 ) ) ;
#6357 = DIRECTION ( 'NONE',  ( 0.000000000000000000, 0.000000000000000000, 1.000000000000000000 ) ) ;
#6358 = CARTESIAN_POINT ( 'NONE',  ( -9.618096366702477695, -25.79562124014605828, 555.7928311474665861 ) ) ;
#6359 = ORIENTED_EDGE ( 'NONE', *, *, #1456, .F. ) ;
#6360 = CARTESIAN_POINT ( 'NONE',  ( -14.68096887030811359, -2.039823250686968237, 484.7586626801535203 ) ) ;
#6361 = CARTESIAN_POINT ( 'NONE',  ( -5.319096173371546499, -33.12073035986242076, 520.8650020959541962 ) ) ;
#6362 = CARTESIAN_POINT ( 'NONE',  ( -21.23303736070947423, -1.317033803691401772, 468.7689008532718162 ) ) ;
#6363 = DIRECTION ( 'NONE',  ( 0.000000000000000000, 0.000000000000000000, 1.000000000000000000 ) ) ;
#6364 = CARTESIAN_POINT ( 'NONE',  ( 10.99999999999996803, -3.731290437159163087, 498.2807125574875045 ) ) ;
#6365 = CARTESIAN_POINT ( 'NONE',  ( 65.20052225577826732, -23.85695403478975862, 430.0000000000000568 ) ) ;
#6366 = CARTESIAN_POINT ( 'NONE',  ( -13.42787168354795391, -29.10146677581177954, 513.8930302164387740 ) ) ;
#6367 = CARTESIAN_POINT ( 'NONE',  ( 53.53048140247114617, -22.93049611475921523, 430.0000109327460791 ) ) ;
#6368 = CARTESIAN_POINT ( 'NONE',  ( 1.398223739255492815, -10.90650894487853328, 509.7478576874332248 ) ) ;
#6369 = CARTESIAN_POINT ( 'NONE',  ( 49.21764879360632960, -31.98259221087586113, 403.3514370416574479 ) ) ;
#6370 = CARTESIAN_POINT ( 'NONE',  ( 40.09836401531681105, -4.128996174223932059, 445.7857229061970088 ) ) ;
#6371 = CARTESIAN_POINT ( 'NONE',  ( -28.52857331650445616, -35.08445464388132962, -35.02227878153339446 ) ) ;
#6372 = CARTESIAN_POINT ( 'NONE',  ( 0.000000000000000000, -12.22650898962175248, 563.8022507844320899 ) ) ;
#6373 = CARTESIAN_POINT ( 'NONE',  ( -2.512478394710995655, -1.256705077567221052, 529.6245464009108446 ) ) ;
#6374 = CIRCLE ( 'NONE', #1629, 9.199999999999999289 ) ;
#6375 = CARTESIAN_POINT ( 'NONE',  ( 9.923356957121379551, -48.38920501632848215, 461.4395678905209479 ) ) ;
#6376 = EDGE_CURVE ( 'NONE', #6180, #2455, #3355, .T. ) ;
#6377 = CARTESIAN_POINT ( 'NONE',  ( 0.000000000000000000, -32.34940660713923677, 550.1093591763070663 ) ) ;
#6378 = CARTESIAN_POINT ( 'NONE',  ( 2.416284331029598942, -43.70489331249495280, 508.2811599253339523 ) ) ;
#6379 = CARTESIAN_POINT ( 'NONE',  ( -51.25947223000092379, -10.64545712083506501, 351.9135237018458042 ) ) ;
ENDSEC;
END-ISO-10303-21;
