ISO-10303-21;
HEADER;
FILE_DESCRIPTION (( 'STEP AP214' ),
    '1' );
FILE_NAME ('HATCH FRONT.STEP',
    '2024-01-23T13:59:09',
    ( '' ),
    ( '' ),
    'SwSTEP 2.0',
    'SolidWorks 2023',
    '' );
FILE_SCHEMA (( 'AUTOMOTIVE_DESIGN' ));
ENDSEC;

DATA;
#1 = CARTESIAN_POINT ( 'NONE',  ( 9.053569696294387015, 42.39373897954072135, 158.1443084574393652 ) ) ;
#2 = ADVANCED_FACE ( 'NONE', ( #3529 ), #6314, .F. ) ;
#3 = ORIENTED_EDGE ( 'NONE', *, *, #52, .F. ) ;
#4 = CARTESIAN_POINT ( 'NONE',  ( 0.000000000000000000, 47.55029173357762318, 180.6771448133950742 ) ) ;
#5 = CARTESIAN_POINT ( 'NONE',  ( 4.382173621816105147, 43.12558527494992688, 157.8658536279627640 ) ) ;
#6 = CARTESIAN_POINT ( 'NONE',  ( -86.59048839564125899, -5.768153520067688333, 55.25887913199452584 ) ) ;
#7 = CARTESIAN_POINT ( 'NONE',  ( -11.14991236500637761, 33.74146764645136898, 71.13213429663001364 ) ) ;
#8 = CARTESIAN_POINT ( 'NONE',  ( 38.04577553118386390, 6.899135327763927350, 435.0771627741435736 ) ) ;
#9 = CARTESIAN_POINT ( 'NONE',  ( 53.35623814217884586, 16.83228722618856921, 246.4189050667629601 ) ) ;
#10 = AXIS2_PLACEMENT_3D ( 'NONE', #1694, #6305, #1198 ) ;
#11 = ORIENTED_EDGE ( 'NONE', *, *, #429, .F. ) ;
#12 = CARTESIAN_POINT ( 'NONE',  ( -3.055800674719401311, 47.25328475711844334, 183.0116711753406378 ) ) ;
#13 = CARTESIAN_POINT ( 'NONE',  ( -42.82036082025610568, 32.84028577497314672, 328.7149750000689892 ) ) ;
#14 = ORIENTED_EDGE ( 'NONE', *, *, #429, .T. ) ;
#15 = CARTESIAN_POINT ( 'NONE',  ( 45.18873216945655003, 31.43065136583035724, 199.0136428756333657 ) ) ;
#16 = CARTESIAN_POINT ( 'NONE',  ( 42.14204287745560151, 31.29850771630850303, 87.77355754708976576 ) ) ;
#17 = CARTESIAN_POINT ( 'NONE',  ( 0.000000000000000000, 40.74795199264384848, 79.83585004708851329 ) ) ;
#18 = CARTESIAN_POINT ( 'NONE',  ( -2.865643619534015141, -19.79597498845155457, -71.17153684286878956 ) ) ;
#19 = CARTESIAN_POINT ( 'NONE',  ( -2.331263078060942462, 10.18293184117968941, 486.7884037760323963 ) ) ;
#20 = CARTESIAN_POINT ( 'NONE',  ( -29.70170946271435142, 35.44280607889849222, 129.7529430875304399 ) ) ;
#21 = CARTESIAN_POINT ( 'NONE',  ( -55.69582423788891390, 7.770729441803534421, 222.6473521244176652 ) ) ;
#22 = EDGE_CURVE ( 'NONE', #1324, #3924, #195, .T. ) ;
#23 = CARTESIAN_POINT ( 'NONE',  ( 2.003953130958406881, 46.86250990685563522, 199.5074906829646011 ) ) ;
#24 = CARTESIAN_POINT ( 'NONE',  ( 42.19164873146501549, 30.24775843100450956, 134.0874506435438605 ) ) ;
#25 = CARTESIAN_POINT ( 'NONE',  ( -1.910429079689343501, -19.79771651802625598, -71.15970442798436579 ) ) ;
#26 = CARTESIAN_POINT ( 'NONE',  ( -0.3976492120439129585, 28.76902276414463344, 33.05150896274678018 ) ) ;
#27 = CARTESIAN_POINT ( 'NONE',  ( -8.035322083552745909, 43.01865785610562654, 171.3016674595750715 ) ) ;
#28 = CARTESIAN_POINT ( 'NONE',  ( -0.6656520313713912840, 10.37720417455050104, 486.6216067975119017 ) ) ;
#29 = ADVANCED_FACE ( 'NONE', ( #5788 ), #5133, .T. ) ;
#30 = CARTESIAN_POINT ( 'NONE',  ( 15.57422168306588972, 42.16353873179533451, 198.5865706184313240 ) ) ;
#31 = CARTESIAN_POINT ( 'NONE',  ( 1.022108109278071275, 33.65417671423556811, 58.11438053831206219 ) ) ;
#32 = CARTESIAN_POINT ( 'NONE',  ( -2.500000000000235811, 43.94496353703594593, 198.1826763077941393 ) ) ;
#33 = PLANE ( 'NONE',  #6017 ) ;
#34 = CARTESIAN_POINT ( 'NONE',  ( -6.945865938887182622, 25.86615858115158062, 27.14041521166426207 ) ) ;
#35 = VECTOR ( 'NONE', #3067, 1000.000000000000000 ) ;
#36 = CARTESIAN_POINT ( 'NONE',  ( -0.4900798307948498467, 43.91299869086270746, 214.7326883806772173 ) ) ;
#37 = CARTESIAN_POINT ( 'NONE',  ( 0.1969820462324067545, 32.57899066373688157, 35.04931211241085265 ) ) ;
#38 = CARTESIAN_POINT ( 'NONE',  ( 0.5000000000002385869, 46.99765288992999501, 181.1826763077941109 ) ) ;
#39 = ORIENTED_EDGE ( 'NONE', *, *, #5965, .F. ) ;
#40 = CARTESIAN_POINT ( 'NONE',  ( 5.318343911962046811, 35.49772910874202836, 74.69022848323101016 ) ) ;
#41 = CARTESIAN_POINT ( 'NONE',  ( -0.5096405953651308440, 43.69748053743963112, 156.6666009547345766 ) ) ;
#42 = CARTESIAN_POINT ( 'NONE',  ( 0.9462317272739826368, 1.580906215184355590, -46.59094046645357423 ) ) ;
#43 = CARTESIAN_POINT ( 'NONE',  ( -2.495995803399293500, 33.47257529269259635, 58.39129480948662376 ) ) ;
#44 = CARTESIAN_POINT ( 'NONE',  ( -1.451531298192344277, -4.583017096774475441, 541.4743903544048180 ) ) ;
#45 = VECTOR ( 'NONE', #3394, 1000.000000000000000 ) ;
#46 = ORIENTED_EDGE ( 'NONE', *, *, #1018, .T. ) ;
#47 = CARTESIAN_POINT ( 'NONE',  ( -36.48885394587297526, 22.01541508627093791, 58.20314193676838244 ) ) ;
#48 = CARTESIAN_POINT ( 'NONE',  ( -43.14658061911373466, 35.50342271598734101, 304.1660564602935892 ) ) ;
#49 = ORIENTED_EDGE ( 'NONE', *, *, #1594, .F. ) ;
#50 = CARTESIAN_POINT ( 'NONE',  ( -35.52379586817757229, 26.00036215432320219, 56.21819088907813722 ) ) ;
#51 = CARTESIAN_POINT ( 'NONE',  ( -0.05259690026449725248, 47.05305780122721870, 181.1826763077938836 ) ) ;
#52 = EDGE_CURVE ( 'NONE', #7154, #7078, #1997, .T. ) ;
#53 = CARTESIAN_POINT ( 'NONE',  ( -27.82055350417213901, 34.20038469565072603, 110.7691151098672577 ) ) ;
#54 = CARTESIAN_POINT ( 'NONE',  ( 7.053569696294411884, 41.75449789290554037, 148.4838691362627685 ) ) ;
#55 = CARTESIAN_POINT ( 'NONE',  ( 2.157746065596713780, 47.43923580062173784, 180.7376766213325539 ) ) ;
#56 = CARTESIAN_POINT ( 'NONE',  ( 0.000000000000000000, -8.574914396861032628, -59.59239050809556204 ) ) ;
#57 = CARTESIAN_POINT ( 'NONE',  ( -10.52310523919491558, 37.95051911561603930, 101.4431771720699089 ) ) ;
#58 = CARTESIAN_POINT ( 'NONE',  ( -82.00022190405498179, 13.41533595200248463, 95.17065037251704496 ) ) ;
#59 = B_SPLINE_CURVE_WITH_KNOTS ( 'NONE', 3,
 ( #5267, #5232, #123, #2414, #2938, #4698, #6985, #5863, #3012, #4060, #5239, #3617, #247, #5910, #6512, #6473, #6957, #768, #1292, #7032, #1853, #3657, #1255, #2422, #807, #7109, #4709, #5874, #4140, #2984 ),
 .UNSPECIFIED., .F., .F.,
 ( 4, 2, 2, 2, 2, 2, 2, 2, 2, 2, 2, 2, 2, 2, 4 ),
 ( 1.551583845779545699E-17, 0.006239260157182170870, 0.009358890235773249799, 0.01091870527506878276, 0.01247852031436431225, 0.01871778047154648225, 0.02183741055013757593, 0.02339722558943313491, 0.02495704062872869042, 0.03119630078591090552, 0.03431593086450200614, 0.03587574590379755124, 0.03743556094309310328, 0.04367482110027532533, 0.04991408125745755431 ),
 .UNSPECIFIED. ) ;
#60 = CARTESIAN_POINT ( 'NONE',  ( 47.18673588998120039, 28.16017753755851771, 144.5041711447279340 ) ) ;
#61 = CARTESIAN_POINT ( 'NONE',  ( -0.4182462687740842178, 39.66001329040137335, 100.2712488542746598 ) ) ;
#62 = CARTESIAN_POINT ( 'NONE',  ( 87.16474666623552991, -18.22885969961632213, 41.61352295269925605 ) ) ;
#63 = CARTESIAN_POINT ( 'NONE',  ( 8.412169895205583003, 27.73607836333479426, 36.18474042007153457 ) ) ;
#64 = CARTESIAN_POINT ( 'NONE',  ( -9.041756559579445351, 42.49858565830428603, 160.0728686796464331 ) ) ;
#65 = CARTESIAN_POINT ( 'NONE',  ( 7.045124004950711338, 2.314038226187245861, 514.4354252516325232 ) ) ;
#66 = CARTESIAN_POINT ( 'NONE',  ( 5.971436121312050815, 43.59630448079032305, 205.0904854912342046 ) ) ;
#67 = CARTESIAN_POINT ( 'NONE',  ( 7.432958874468444499, 31.25254133692337177, 52.26349050658994599 ) ) ;
#68 = CARTESIAN_POINT ( 'NONE',  ( -1.819941706035747675, 44.00365379873514371, 199.6909081334369773 ) ) ;
#69 = CARTESIAN_POINT ( 'NONE',  ( 5.970828222920705080E-05, 47.55025843961223586, 180.6771451007798532 ) ) ;
#70 = CARTESIAN_POINT ( 'NONE',  ( 2.446637940624329488, 43.89611785309455172, 182.6547988715361441 ) ) ;
#71 = CARTESIAN_POINT ( 'NONE',  ( 0.1379502241332532519, 43.96246004471034752, 214.6403218235242036 ) ) ;
#72 = CARTESIAN_POINT ( 'NONE',  ( 2.004668674200556389, 46.86242971542391444, 199.5066780503594259 ) ) ;
#73 = VECTOR ( 'NONE', #6169, 1000.000000000000227 ) ;
#74 = CARTESIAN_POINT ( 'NONE',  ( 0.3180835960146364827, 47.04496204468466658, 200.1826763077941393 ) ) ;
#75 = ORIENTED_EDGE ( 'NONE', *, *, #4376, .F. ) ;
#76 = CARTESIAN_POINT ( 'NONE',  ( 6.797638142140845829, 35.30323597776795452, 75.43801795562526991 ) ) ;
#77 = CARTESIAN_POINT ( 'NONE',  ( 1.985511523969921477, 42.81638380201400906, 145.1782095432155018 ) ) ;
#78 = CARTESIAN_POINT ( 'NONE',  ( 0.8486857927523446810, 34.25527520538206261, 42.00482374486006165 ) ) ;
#79 = CARTESIAN_POINT ( 'NONE',  ( 0.3869952109010419972, 33.82873760484968528, 58.08150011099834131 ) ) ;
#80 = CARTESIAN_POINT ( 'NONE',  ( 35.61029944830622895, -13.34155306713987343, 501.3379992237896090 ) ) ;
#81 = ORIENTED_EDGE ( 'NONE', *, *, #3137, .F. ) ;
#82 = DIRECTION ( 'NONE',  ( 0.000000000000000000, -1.000000000000000000, -3.469446951953683214E-15 ) ) ;
#83 = CARTESIAN_POINT ( 'NONE',  ( -1.761563983812512779, 32.02393952748043660, 380.3584216962848927 ) ) ;
#84 = DIRECTION ( 'NONE',  ( 0.000000000000000000, 1.000000000000000000, 1.644517855226013126E-15 ) ) ;
#85 = CARTESIAN_POINT ( 'NONE',  ( -37.27367729707319199, 25.92190704364217169, 60.02272425193354621 ) ) ;
#86 = LINE ( 'NONE', #2378, #5068 ) ;
#87 = CARTESIAN_POINT ( 'NONE',  ( 0.4358048850321636913, 37.70645869008578188, 83.36597791229615950 ) ) ;
#88 = DIRECTION ( 'NONE',  ( 0.000000000000000000, -1.000000000000000000, 0.000000000000000000 ) ) ;
#89 = CARTESIAN_POINT ( 'NONE',  ( 0.000000000000000000, 44.44231472044331355, 275.7264566852123266 ) ) ;
#90 = LINE ( 'NONE', #164, #5141 ) ;
#91 = CARTESIAN_POINT ( 'NONE',  ( 56.44355950920334664, -5.401506154520962610, 202.8927154750770683 ) ) ;
#92 = CARTESIAN_POINT ( 'NONE',  ( -5.995358345764753238, 38.59138801239370054, 98.95881792956143386 ) ) ;
#93 = CARTESIAN_POINT ( 'NONE',  ( 0.000000000000000000, 11.73449225725467926, -28.51670946738130752 ) ) ;
#94 = UNCERTAINTY_MEASURE_WITH_UNIT (LENGTH_MEASURE( 1.000000000000000082E-05 ), #2549, 'distance_accuracy_value', 'NONE');
#95 = EDGE_CURVE ( 'NONE', #6465, #6022, #6198, .T. ) ;
#96 = LINE ( 'NONE', #6395, #4153 ) ;
#97 = CARTESIAN_POINT ( 'NONE',  ( 5.696185718425701872, 38.87439276492933260, 101.9431194919885684 ) ) ;
#98 = CARTESIAN_POINT ( 'NONE',  ( 2.801415417746881520, 47.27114232925160309, 182.0665822853937925 ) ) ;
#99 = CARTESIAN_POINT ( 'NONE',  ( 12.51122854236293591, -10.32226976056000467, -55.36644004333045643 ) ) ;
#100 = CARTESIAN_POINT ( 'NONE',  ( -150.0000000000006821, 17.36217657815118542, 276.3178635875777900 ) ) ;
#101 = CARTESIAN_POINT ( 'NONE',  ( 0.5259609902710800089, 43.11027922132389278, 144.8220859736735235 ) ) ;
#102 = CARTESIAN_POINT ( 'NONE',  ( 149.9999999999992042, -3.609269300846623008, 431.4188600312683661 ) ) ;
#103 = CARTESIAN_POINT ( 'NONE',  ( 23.00387679414765074, 40.48815369869088698, 214.9929231040271418 ) ) ;
#104 = CARTESIAN_POINT ( 'NONE',  ( 3.186502801996846657, 34.79102802621416402, 67.03563359352230577 ) ) ;
#105 = DIRECTION ( 'NONE',  ( 0.000000000000000000, 0.000000000000000000, 1.000000000000000000 ) ) ;
#106 = CARTESIAN_POINT ( 'NONE',  ( -5.217758224390116162, 29.57032132978341821, 35.25337274188770920 ) ) ;
#107 = CARTESIAN_POINT ( 'NONE',  ( -31.59070887856906040, 22.50860986975661859, 49.31476751631878841 ) ) ;
#108 = CARTESIAN_POINT ( 'NONE',  ( -0.1316750324730356358, 43.94143319285186067, 214.6770588796854895 ) ) ;
#109 = CARTESIAN_POINT ( 'NONE',  ( -0.3041682803810446534, 26.67916588836401459, 24.83020180335044813 ) ) ;
#110 = ORIENTED_EDGE ( 'NONE', *, *, #4241, .F. ) ;
#111 = FACE_OUTER_BOUND ( 'NONE', #5536, .T. ) ;
#112 = CARTESIAN_POINT ( 'NONE',  ( 5.345899139515732479, 42.39602821868216864, 146.4128933270648645 ) ) ;
#113 = CARTESIAN_POINT ( 'NONE',  ( 2.737942552675891594, 20.88679572981984478, -7.018861411523644733 ) ) ;
#114 = CARTESIAN_POINT ( 'NONE',  ( 0.3058984109838725485, 32.20159873346594281, 49.71504284742871249 ) ) ;
#115 = CARTESIAN_POINT ( 'NONE',  ( 0.000000000000000000, -1.100564968850144654, 529.4234485653213369 ) ) ;
#116 = VERTEX_POINT ( 'NONE', #3643 ) ;
#117 = CARTESIAN_POINT ( 'NONE',  ( 1.703293155461440778, 43.06210676923354441, 149.4838691362627117 ) ) ;
#118 = CARTESIAN_POINT ( 'NONE',  ( -149.9999999999995737, 11.19476107030966361, 345.2779431210030907 ) ) ;
#119 = CARTESIAN_POINT ( 'NONE',  ( -0.6763990867118255812, 47.51958434565500511, 200.1797739328870875 ) ) ;
#120 = CARTESIAN_POINT ( 'NONE',  ( -45.70542344736741569, 27.26287060384420613, 125.0000000000000000 ) ) ;
#121 = CARTESIAN_POINT ( 'NONE',  ( 0.5505272624624344413, 47.49506067536786702, 180.6769762434211941 ) ) ;
#122 = CARTESIAN_POINT ( 'NONE',  ( -27.28043733596132725, 35.14791647796268848, 118.5416949092565204 ) ) ;
#123 = CARTESIAN_POINT ( 'NONE',  ( 38.91600566460900978, 22.13074468578859211, 65.07761418544775722 ) ) ;
#124 = CARTESIAN_POINT ( 'NONE',  ( -1.083397896708238717, 47.10800371953739329, 228.9848588130912788 ) ) ;
#125 = CARTESIAN_POINT ( 'NONE',  ( 0.000000000000000000, 47.57416251593267731, 200.6869432474837254 ) ) ;
#126 = CARTESIAN_POINT ( 'NONE',  ( 150.0000000000000284, 2.675617566335641406, 211.3246760485956202 ) ) ;
#127 = ORIENTED_EDGE ( 'NONE', *, *, #5585, .F. ) ;
#128 = CARTESIAN_POINT ( 'NONE',  ( -7.288449390180947951, 35.23790280948518472, 75.69895127690678294 ) ) ;
#129 = CARTESIAN_POINT ( 'NONE',  ( -27.93320105887194060, 9.482709585563030785, -10.56185500302712477 ) ) ;
#130 = EDGE_LOOP ( 'NONE', ( #1836, #3604, #6004, #5263 ) ) ;
#131 = B_SPLINE_CURVE_WITH_KNOTS ( 'NONE', 3,
 ( #2624, #4914, #5509, #372 ),
 .UNSPECIFIED., .F., .F.,
 ( 4, 4 ),
 ( 0.0005024544066649173956, 0.001005022404268993662 ),
 .UNSPECIFIED. ) ;
#132 = CARTESIAN_POINT ( 'NONE',  ( -0.2521930722648202394, 40.54055519318100664, 108.7202624296238298 ) ) ;
#133 = CARTESIAN_POINT ( 'NONE',  ( 3.050045093430841625, 47.30691962833786590, 198.1845668407433152 ) ) ;
#134 = CARTESIAN_POINT ( 'NONE',  ( 0.000000000000000000, 1.530671358679228655, -46.61894072316960802 ) ) ;
#135 = ADVANCED_FACE ( 'NONE', ( #1431 ), #2035, .F. ) ;
#136 = CARTESIAN_POINT ( 'NONE',  ( -150.0000000000003695, 17.23251453160983715, 290.2479985875627335 ) ) ;
#137 = CARTESIAN_POINT ( 'NONE',  ( 0.04142226213511918803, 43.05476268668088125, 144.8406362353490806 ) ) ;
#138 = CARTESIAN_POINT ( 'NONE',  ( 2.253861092064105787, 13.62000221831030800, 472.6187073565538412 ) ) ;
#139 = SURFACE_STYLE_USAGE ( .BOTH. , #6037 ) ;
#140 = AXIS2_PLACEMENT_3D ( 'NONE', #294, #3704, #7042 ) ;
#141 = CARTESIAN_POINT ( 'NONE',  ( 42.60316677753266390, 26.35429633409316352, 100.9497519040165088 ) ) ;
#142 = CARTESIAN_POINT ( 'NONE',  ( 0.2520356472375446799, 41.90211517788651463, 125.5908071079972501 ) ) ;
#143 = B_SPLINE_CURVE_WITH_KNOTS ( 'NONE', 3,
 ( #4845, #5482, #1025, #344, #3194, #866, #7132, #6649, #2110, #3832, #7245, #2715, #6610, #2072 ),
 .UNSPECIFIED., .F., .F.,
 ( 4, 2, 2, 2, 2, 2, 4 ),
 ( 1.301042606982605321E-18, 0.0007901671964043686111, 0.001580334392808735921, 0.001975417991010891116, 0.002370501589213046528, 0.002765585187415201505, 0.003160668785617356917 ),
 .UNSPECIFIED. ) ;
#144 = CARTESIAN_POINT ( 'NONE',  ( 1.324514036182995236, 31.42503066264134404, 46.82497856439529471 ) ) ;
#145 = CARTESIAN_POINT ( 'NONE',  ( 2.500000000000238476, 43.89587077626221401, 183.1826763077941109 ) ) ;
#146 = CARTESIAN_POINT ( 'NONE',  ( -6.457085204207549722, 43.33607243914084250, 216.5899662953849543 ) ) ;
#147 = CARTESIAN_POINT ( 'NONE',  ( 71.97024598150451880, 26.91823370465814236, 148.0993287817699979 ) ) ;
#148 = ORIENTED_EDGE ( 'NONE', *, *, #1938, .T. ) ;
#149 = CARTESIAN_POINT ( 'NONE',  ( 1.931433043489485080, 43.42138257654453071, 157.0324830991114879 ) ) ;
#150 = CARTESIAN_POINT ( 'NONE',  ( -0.2114312138266199737, 41.89722583112384768, 125.5917679894962333 ) ) ;
#151 = CARTESIAN_POINT ( 'NONE',  ( -3.094001100202671495, 27.87474874546403569, 16.86073679022653593 ) ) ;
#152 = CARTESIAN_POINT ( 'NONE',  ( 0.2064563282473008965, 33.80625896427810773, 58.07144716025365483 ) ) ;
#153 = CARTESIAN_POINT ( 'NONE',  ( -2.195384728526888374, -9.905849853371190505, 558.8450598447288939 ) ) ;
#154 = CARTESIAN_POINT ( 'NONE',  ( -7.162406742956792804, -5.196939195804247902, 540.7780944250159791 ) ) ;
#155 = ORIENTED_EDGE ( 'NONE', *, *, #5921, .T. ) ;
#156 = CARTESIAN_POINT ( 'NONE',  ( -7.500000000001194600, 27.76096687752760772, 35.65990972620964783 ) ) ;
#157 = CARTESIAN_POINT ( 'NONE',  ( -6.848877587165034697, 9.753616543240035242, 486.0167545655663162 ) ) ;
#158 = ORIENTED_EDGE ( 'NONE', *, *, #2428, .T. ) ;
#159 = CARTESIAN_POINT ( 'NONE',  ( -32.79804764735683875, 26.32385490949634388, 51.63184673901161403 ) ) ;
#160 = CARTESIAN_POINT ( 'NONE',  ( 7.053569696294416325, 42.12858376085258527, 146.4838691362627685 ) ) ;
#161 = CARTESIAN_POINT ( 'NONE',  ( 0.3303228420863904002, 38.74787902069929402, 91.81740535503524825 ) ) ;
#162 = ADVANCED_FACE ( 'NONE', ( #1466 ), #904, .F. ) ;
#163 = CARTESIAN_POINT ( 'NONE',  ( -1.625096845062358186, 47.14373364252509901, 228.9144459501762299 ) ) ;
#164 = CARTESIAN_POINT ( 'NONE',  ( 5.551620045011602222, 41.75449789290544800, 205.7838691362627799 ) ) ;
#165 = CARTESIAN_POINT ( 'NONE',  ( 86.59048839564125899, -5.768153520067688333, 55.25887913199452584 ) ) ;
#166 = ORIENTED_EDGE ( 'NONE', *, *, #935, .F. ) ;
#167 = CARTESIAN_POINT ( 'NONE',  ( -8.998078411261888121, 36.76191953939024870, 88.57313032059987279 ) ) ;
#168 = CARTESIAN_POINT ( 'NONE',  ( 2.817357777913640060, 8.097330774758388472, -35.80875540050892170 ) ) ;
#169 = ORIENTED_EDGE ( 'NONE', *, *, #7264, .T. ) ;
#170 = CARTESIAN_POINT ( 'NONE',  ( -9.053569696294250235, 43.21142189708039894, 196.8113052108402030 ) ) ;
#171 = CARTESIAN_POINT ( 'NONE',  ( 0.3779411862274386635, 40.46231365410066161, 108.7432318328932155 ) ) ;
#172 = LINE ( 'NONE', #2460, #755 ) ;
#173 = CARTESIAN_POINT ( 'NONE',  ( 150.0000000000000284, 2.675617566335641406, 211.3246760485956202 ) ) ;
#174 = CARTESIAN_POINT ( 'NONE',  ( -17.90558932272608672, 45.27588651669087483, 188.1410139065363012 ) ) ;
#175 = CARTESIAN_POINT ( 'NONE',  ( -23.65418310202748486, 38.70256339703048809, 146.6420143121352169 ) ) ;
#176 = CARTESIAN_POINT ( 'NONE',  ( 57.77097111345211289, -2.535394609008782663, 415.1043187994338837 ) ) ;
#177 = ORIENTED_EDGE ( 'NONE', *, *, #3371, .F. ) ;
#178 = CARTESIAN_POINT ( 'NONE',  ( 31.12094556716681382, 37.31521432805865146, 233.5570194716842707 ) ) ;
#179 = CARTESIAN_POINT ( 'NONE',  ( 13.82025875489554601, 33.35444279577835403, 72.89473080251796944 ) ) ;
#180 = CARTESIAN_POINT ( 'NONE',  ( 0.4619106901234973916, 41.31430733684375411, 117.1689634607725594 ) ) ;
#181 = CARTESIAN_POINT ( 'NONE',  ( -0.1666804454503839905, 47.05803689291714420, 200.1826763077941393 ) ) ;
#182 = CARTESIAN_POINT ( 'NONE',  ( -2.067532866243305456, 47.39248504237593806, 200.1769941400557684 ) ) ;
#183 = CARTESIAN_POINT ( 'NONE',  ( -6.855224045695207380, 43.52139595527531668, 193.9772663747149295 ) ) ;
#184 = CARTESIAN_POINT ( 'NONE',  ( 16.66315168157811755, 45.58974530259764180, 211.4847522036016585 ) ) ;
#185 = ORIENTED_EDGE ( 'NONE', *, *, #2277, .T. ) ;
#186 = CLOSED_SHELL ( 'NONE', ( #528, #2527, #2625, #5613, #5029, #1841, #6386, #3353, #3990, #4229, #378, #1328, #6354, #6654, #4355, #1293, #3215, #6613, #3083, #2, #1343, #4366, #5290, #6754, #2819, #6469, #29, #4212 ) ) ;
#187 = CARTESIAN_POINT ( 'NONE',  ( 14.24336713675202049, 42.07093037462464480, 174.6845131579381984 ) ) ;
#188 = CARTESIAN_POINT ( 'NONE',  ( 33.14643898949509548, 34.50509726575797487, 134.3356179366702179 ) ) ;
#189 = CARTESIAN_POINT ( 'NONE',  ( 2.696451919796043484, 24.93304462574336711, 5.026147061896571344 ) ) ;
#190 = CARTESIAN_POINT ( 'NONE',  ( -26.04571360792973067, 30.03091724996751921, 74.94834393479463586 ) ) ;
#191 = CARTESIAN_POINT ( 'NONE',  ( 2.512478394710995655, -1.256705077567221052, 529.6245464009108446 ) ) ;
#192 = CARTESIAN_POINT ( 'NONE',  ( 1.451531298192344277, -4.583017096774475441, 541.4743903544048180 ) ) ;
#193 = CARTESIAN_POINT ( 'NONE',  ( -43.01432629614899383, 32.54569879386237119, 202.3039066511050805 ) ) ;
#194 = CARTESIAN_POINT ( 'NONE',  ( -40.64279130071612656, 19.78146202829371347, 391.0697883059202695 ) ) ;
#195 = LINE ( 'NONE', #2899, #4870 ) ;
#196 = CARTESIAN_POINT ( 'NONE',  ( -1.016030718276942579, 44.03515552886845796, 181.2460336058415749 ) ) ;
#197 = EDGE_CURVE ( 'NONE', #7402, #3242, #3003, .T. ) ;
#198 = CARTESIAN_POINT ( 'NONE',  ( 3.911032522146973278E-09, 60.00000000000000711, 35.04931211369478916 ) ) ;
#199 = CARTESIAN_POINT ( 'NONE',  ( -6.150444377239071336, 37.91153115683261632, 93.69848214215238613 ) ) ;
#200 = CARTESIAN_POINT ( 'NONE',  ( 15.55331741631335696, 45.35218854345084338, 234.3705618064915370 ) ) ;
#201 = CARTESIAN_POINT ( 'NONE',  ( 5.551690055571850912, 43.57135542997895783, 206.4838691362628254 ) ) ;
#202 = CARTESIAN_POINT ( 'NONE',  ( 55.92567994943940590, 5.748511191116895347, 218.7264803032683460 ) ) ;
#203 = ORIENTED_EDGE ( 'NONE', *, *, #3860, .F. ) ;
#204 = CARTESIAN_POINT ( 'NONE',  ( -5.674588118493103295, 37.21734793676883157, 86.80155561365351957 ) ) ;
#205 = CARTESIAN_POINT ( 'NONE',  ( 2.106299519530117959, 46.03114097764294144, 130.5598387451737779 ) ) ;
#206 = CARTESIAN_POINT ( 'NONE',  ( 0.000000000000000000, 47.07228892232936346, 200.1826763077941393 ) ) ;
#207 = VECTOR ( 'NONE', #6204, 1000.000000000000000 ) ;
#208 = CARTESIAN_POINT ( 'NONE',  ( 0.2206983036827146472, 39.58024515065859106, 100.2761335640151543 ) ) ;
#209 = CARTESIAN_POINT ( 'NONE',  ( 2.499603098590926109, 47.31614362925964201, 183.0483120767775063 ) ) ;
#210 = CARTESIAN_POINT ( 'NONE',  ( 56.44355950920334664, -5.401506154520962610, 202.8927154750770683 ) ) ;
#211 = CARTESIAN_POINT ( 'NONE',  ( 0.000000000000000000, 44.44231472044331355, 275.7264566852123266 ) ) ;
#212 = CARTESIAN_POINT ( 'NONE',  ( 0.2638669406753147983, 42.49009750412578512, 132.9814073230708402 ) ) ;
#213 = CARTESIAN_POINT ( 'NONE',  ( 0.000000000000000000, -7.286313120370254026, 550.2112436993119218 ) ) ;
#214 = ORIENTED_EDGE ( 'NONE', *, *, #2277, .F. ) ;
#215 = CARTESIAN_POINT ( 'NONE',  ( 5.479330572194593074, 43.44436312276919665, 216.2137364531236017 ) ) ;
#216 = CARTESIAN_POINT ( 'NONE',  ( -0.2184021519857237970, 35.21638356330510078, 66.48647826210776657 ) ) ;
#217 = CARTESIAN_POINT ( 'NONE',  ( -29.56640336473760300, 36.12484093182624889, 137.7783059669370971 ) ) ;
#218 = B_SPLINE_CURVE_WITH_KNOTS ( 'NONE', 3,
 ( #1354, #6834, #6272, #2752, #3349, #5640, #1127, #3414, #6240, #1622, #6206, #5709, #500, #5005, #5042, #5081, #2676, #5113, #4513, #7286, #3272, #3833, #2787, #7325, #7360, #2188, #4545, #5565, #5674, #2152, #3977, #7391, #1544, #2226 ),
 .UNSPECIFIED., .F., .F.,
 ( 4, 2, 2, 2, 2, 2, 2, 2, 2, 2, 2, 2, 2, 2, 2, 2, 4 ),
 ( 6.938893903907228378E-18, 0.006050191186199957265, 0.009075286779299931994, 0.01058783457584991199, 0.01210038237239989198, 0.01815057355859977031, 0.01966312135514973122, 0.02117566915169969560, 0.02420076474479969722, 0.03025095593099970739, 0.03176350372754974116, 0.03327605152409977840, 0.03630114711719983900, 0.03932624271029990654, 0.04083879050684990214, 0.04235133830339989774, 0.04840152948959988016 ),
 .UNSPECIFIED. ) ;
#219 = DIRECTION ( 'NONE',  ( 0.000000000000000000, -1.000000000000000000, 0.000000000000000000 ) ) ;
#220 = CARTESIAN_POINT ( 'NONE',  ( -42.14204287745464939, 22.49657194017424189, 87.77355754708267455 ) ) ;
#221 = CARTESIAN_POINT ( 'NONE',  ( -6.156336190809148512, 43.60690004464215974, 193.6782593717929046 ) ) ;
#222 = CARTESIAN_POINT ( 'NONE',  ( -0.5416989483541193584, 47.07227379654968757, 229.0552716760062992 ) ) ;
#223 = VECTOR ( 'NONE', #4364, 1000.000000000000000 ) ;
#224 = ORIENTED_EDGE ( 'NONE', *, *, #3041, .T. ) ;
#225 = CARTESIAN_POINT ( 'NONE',  ( 8.035322098046892236, 43.01865785405598785, 171.3016674651698850 ) ) ;
#226 = CARTESIAN_POINT ( 'NONE',  ( 14.53078863699234446, 39.20565491666928892, 123.9742503370566453 ) ) ;
#227 = CARTESIAN_POINT ( 'NONE',  ( -54.48274488411642125, 13.81017118001468269, 236.9137207598040220 ) ) ;
#228 = CARTESIAN_POINT ( 'NONE',  ( -6.779306588837076930, 29.73654255634746235, 43.54057069786440337 ) ) ;
#229 = CARTESIAN_POINT ( 'NONE',  ( -2.724293181188242041, 47.27807595797965945, 181.9228645958908430 ) ) ;
#230 = CARTESIAN_POINT ( 'NONE',  ( 0.7173949448069911750, -1.055981849285397622, 529.3660285409472408 ) ) ;
#231 = ADVANCED_FACE ( 'NONE', ( #945 ), #3234, .T. ) ;
#232 = CARTESIAN_POINT ( 'NONE',  ( -21.30791983669499956, 24.81807888313138477, 40.93200047080939896 ) ) ;
#233 = CARTESIAN_POINT ( 'NONE',  ( -38.69183588737984536, 10.25441671295230073, 424.1220012238796357 ) ) ;
#234 = CARTESIAN_POINT ( 'NONE',  ( -2.087565699175355949, 46.85313608807155816, 199.4061591175846786 ) ) ;
#235 = FACE_OUTER_BOUND ( 'NONE', #2123, .T. ) ;
#236 = CARTESIAN_POINT ( 'NONE',  ( 28.13898804613750215, 27.14772440709666768, 46.25632756425339664 ) ) ;
#237 = CARTESIAN_POINT ( 'NONE',  ( 0.3383410844389071470, 36.46281093140331109, 74.92683704546583101 ) ) ;
#238 = CARTESIAN_POINT ( 'NONE',  ( -1.412905495387613675, 41.02947630906889032, 312.7536838202627791 ) ) ;
#239 = DIRECTION ( 'NONE',  ( -5.602867245962735462E-30, -1.000000000000000000, -1.644517855226013126E-15 ) ) ;
#240 = CARTESIAN_POINT ( 'NONE',  ( -2.838695181821947688, 1.681375928194609459, -46.53493995302151376 ) ) ;
#241 = ORIENTED_EDGE ( 'NONE', *, *, #2947, .F. ) ;
#242 = CARTESIAN_POINT ( 'NONE',  ( -6.634212591006934723, 37.08822066449705090, 87.29113503533272933 ) ) ;
#243 = CARTESIAN_POINT ( 'NONE',  ( 1.578577519813644470, 40.94661473732806911, 79.90822356737034227 ) ) ;
#244 = CARTESIAN_POINT ( 'NONE',  ( 6.735961177237494546, 39.62227227250907902, 111.3042066016540019 ) ) ;
#245 = CARTESIAN_POINT ( 'NONE',  ( -1.498991399069297792, 46.91896360724838644, 199.9202106172356821 ) ) ;
#246 = CARTESIAN_POINT ( 'NONE',  ( -0.4199044443411166783, 40.56131367448951863, 108.7221768518142397 ) ) ;
#247 = CARTESIAN_POINT ( 'NONE',  ( 31.65245852557121253, 22.68485788042712770, 50.18845857595156446 ) ) ;
#248 = CARTESIAN_POINT ( 'NONE',  ( 0.000000000000000000, -2.015148108693687767, -51.69602975127715183 ) ) ;
#249 = CARTESIAN_POINT ( 'NONE',  ( -1.850464964290566172, 28.57020904146000362, 400.4539919784762674 ) ) ;
#250 = EDGE_CURVE ( 'NONE', #3036, #6349, #218, .T. ) ;
#251 = CARTESIAN_POINT ( 'NONE',  ( 0.5422813660932611635, 42.52307790305773949, 132.9775709920646705 ) ) ;
#252 = CARTESIAN_POINT ( 'NONE',  ( -1.459071100982355595, -7.213087860121786932, 550.1242434627826015 ) ) ;
#253 = CARTESIAN_POINT ( 'NONE',  ( 10.16761339216991189, 34.84217677840599237, 77.34149955548022604 ) ) ;
#254 = ORIENTED_EDGE ( 'NONE', *, *, #6720, .T. ) ;
#255 = CARTESIAN_POINT ( 'NONE',  ( 21.31221489974267058, 32.19496207586025349, 78.55775763488422569 ) ) ;
#256 = CARTESIAN_POINT ( 'NONE',  ( -35.06404672198696204, 34.50404414950997278, 145.9701524201911695 ) ) ;
#257 =( LENGTH_UNIT ( ) NAMED_UNIT ( * ) SI_UNIT ( .MILLI., .METRE. ) );
#258 = CARTESIAN_POINT ( 'NONE',  ( -2.428089338926048057, 47.36017937206705142, 199.8413554890892101 ) ) ;
#259 = EDGE_CURVE ( 'NONE', #2569, #1634, #3911, .T. ) ;
#260 = CARTESIAN_POINT ( 'NONE',  ( -39.68048494328805020, 33.56655971493719903, 234.3861375870274628 ) ) ;
#261 = CARTESIAN_POINT ( 'NONE',  ( 149.9999999999999716, 16.36900979716714133, 304.7041830578932036 ) ) ;
#262 = VERTEX_POINT ( 'NONE', #428 ) ;
#263 = CARTESIAN_POINT ( 'NONE',  ( 17.21006767391525116, 41.13097594923640798, 165.1222120325477647 ) ) ;
#264 = CARTESIAN_POINT ( 'NONE',  ( 42.76620611592002064, 31.23493190828624932, 152.5446602574880330 ) ) ;
#265 = CARTESIAN_POINT ( 'NONE',  ( -9.650457210473206260, 42.47422119080876257, 108.3197917343866408 ) ) ;
#266 = CARTESIAN_POINT ( 'NONE',  ( -8.676798541170214207, 29.49902446055041239, 44.63104695890197604 ) ) ;
#267 = DIRECTION ( 'NONE',  ( 0.000000000000000000, 0.5804949134221341067, 0.8142638733795261041 ) ) ;
#268 = CARTESIAN_POINT ( 'NONE',  ( 0.7257656490961721385, -4.623702357734425838, 541.5260409447616894 ) ) ;
#269 = CARTESIAN_POINT ( 'NONE',  ( -1.767249541151372227E-14, 44.13878361861858224, 181.1826763077941678 ) ) ;
#270 = CARTESIAN_POINT ( 'NONE',  ( -39.35302601131734690, 13.53690614029605221, 413.1562519541586767 ) ) ;
#271 = CARTESIAN_POINT ( 'NONE',  ( -1.652259277591231701, 47.42950735660983952, 200.4340370809317164 ) ) ;
#272 = CARTESIAN_POINT ( 'NONE',  ( -5.551620045011602222, 41.75449789290544800, 205.7838691362627799 ) ) ;
#273 = CARTESIAN_POINT ( 'NONE',  ( 0.2809140285738060960, 37.68696688232719083, 83.35972600702260138 ) ) ;
#274 = CARTESIAN_POINT ( 'NONE',  ( -1.005968528606214107, 32.03284778517833331, 380.7173133528380049 ) ) ;
#275 = CARTESIAN_POINT ( 'NONE',  ( 0.04579836439164447492, 47.07620094312136416, 200.1826763077940257 ) ) ;
#276 = CARTESIAN_POINT ( 'NONE',  ( 85.69083615468348114, 1.184676353268040661, 66.40827568370886524 ) ) ;
#277 = ORIENTED_EDGE ( 'NONE', *, *, #6219, .T. ) ;
#278 = CARTESIAN_POINT ( 'NONE',  ( 0.4233225998396759060, 36.22472767644887881, 73.24398924478403217 ) ) ;
#279 = CARTESIAN_POINT ( 'NONE',  ( 1.492388020602511300, 43.89655471583869684, 105.2734977285461468 ) ) ;
#280 = EDGE_LOOP ( 'NONE', ( #5985, #2890, #5811, #5364 ) ) ;
#281 = AXIS2_PLACEMENT_3D ( 'NONE', #3882, #4368, #3168 ) ;
#282 = CARTESIAN_POINT ( 'NONE',  ( 14.01391261881565953, 37.43359650644138270, 103.5234979190712465 ) ) ;
#283 = CARTESIAN_POINT ( 'NONE',  ( 7.500000000000000000, 29.66173268173092481, 35.65990972620951993 ) ) ;
#284 = FACE_OUTER_BOUND ( 'NONE', #1592, .T. ) ;
#285 = CARTESIAN_POINT ( 'NONE',  ( -2.799917590529235500, 11.95000122839068979, -28.37908123879857314 ) ) ;
#286 = CARTESIAN_POINT ( 'NONE',  ( -41.93462905618955716, 26.32851893096475138, 364.7381377576680279 ) ) ;
#287 = CARTESIAN_POINT ( 'NONE',  ( -0.7065104824276047246, 42.96798715572273863, 144.9194247889599865 ) ) ;
#288 = CARTESIAN_POINT ( 'NONE',  ( 2.554997525492479937, -7.414538782993829180, 550.3635908939758110 ) ) ;
#289 = CARTESIAN_POINT ( 'NONE',  ( 54.30462465539350347, 23.79250896372288437, 150.7320212943191109 ) ) ;
#290 = EDGE_LOOP ( 'NONE', ( #2026, #761, #2475, #2608, #7024, #148, #6025, #6282, #3953, #6447, #5817 ) ) ;
#291 = CARTESIAN_POINT ( 'NONE',  ( 19.57372215414722660, 44.71058650513265320, 213.8493121098462098 ) ) ;
#292 = CARTESIAN_POINT ( 'NONE',  ( 8.147400563139896690, 35.36776367073188254, 77.86339295474908795 ) ) ;
#293 = CARTESIAN_POINT ( 'NONE',  ( -0.3664354500040151175, 41.21273446789118822, 117.1956812390399989 ) ) ;
#294 = CARTESIAN_POINT ( 'NONE',  ( 0.5000000000002385869, 50.00000000000000000, 183.1826763077941109 ) ) ;
#295 = CARTESIAN_POINT ( 'NONE',  ( -44.16468378019698804, 22.49657194017424189, 106.3776962309146654 ) ) ;
#296 = CARTESIAN_POINT ( 'NONE',  ( -5.096560961255281796, 43.73345141425462401, 193.2348178206368061 ) ) ;
#297 = CARTESIAN_POINT ( 'NONE',  ( 149.9999999999999716, 14.23858967693923105, 324.3781664693334506 ) ) ;
#298 = ORIENTED_EDGE ( 'NONE', *, *, #6031, .F. ) ;
#299 = CARTESIAN_POINT ( 'NONE',  ( -0.2320289578994701452, 44.01198861710292221, 168.4477806758690690 ) ) ;
#300 = CARTESIAN_POINT ( 'NONE',  ( -0.2926331127849553515, 41.90699969400458968, 125.5901444102399438 ) ) ;
#301 = CARTESIAN_POINT ( 'NONE',  ( 0.000000000000000000, 45.77999709477325752, 130.5726553802304295 ) ) ;
#302 = CARTESIAN_POINT ( 'NONE',  ( -14.48722730859055119, 28.73910646787352974, 48.35122660494263869 ) ) ;
#303 = CARTESIAN_POINT ( 'NONE',  ( -3.055800619145260466, 47.25328626472178684, 183.0118112365553600 ) ) ;
#304 = CARTESIAN_POINT ( 'NONE',  ( -7.189961064043363770, -9.266056063442162483, 554.1745012121198215 ) ) ;
#305 = DIRECTION ( 'NONE',  ( 0.1010610922357800118, -0.9948802217534084003, 0.000000000000000000 ) ) ;
#306 = CARTESIAN_POINT ( 'NONE',  ( -11.20234465765202536, 15.65166486234165255, 452.7342830611293607 ) ) ;
#307 = CARTESIAN_POINT ( 'NONE',  ( -2.296464662628319164, 46.82986397199387341, 199.0713317733928704 ) ) ;
#308 = CARTESIAN_POINT ( 'NONE',  ( -0.6316849295833358857, 44.07451571175072047, 181.1826763077941109 ) ) ;
#309 = CARTESIAN_POINT ( 'NONE',  ( -0.000000000000000000, -19.80119957717566237, -71.13603959821548983 ) ) ;
#310 = CARTESIAN_POINT ( 'NONE',  ( -0.2449326627713046545, 37.62074549420771774, 83.36050469471820179 ) ) ;
#311 = CARTESIAN_POINT ( 'NONE',  ( -1.649037557037112522, 25.94552207819153722, 415.5304132493203042 ) ) ;
#312 = CARTESIAN_POINT ( 'NONE',  ( -0.5435609536137742115, 47.52713440472694373, 200.6867358902517822 ) ) ;
#313 = CARTESIAN_POINT ( 'NONE',  ( 84.37654678365758798, 7.016731582859186744, 78.37539727634437270 ) ) ;
#314 = ORIENTED_EDGE ( 'NONE', *, *, #4571, .F. ) ;
#315 = CARTESIAN_POINT ( 'NONE',  ( -3.980552176048817012E-05, 47.55026040940671095, 180.6771451067285170 ) ) ;
#316 = CARTESIAN_POINT ( 'NONE',  ( -3.035287670926654968, 31.01651801567224354, 29.24765051123930704 ) ) ;
#317 = VERTEX_POINT ( 'NONE', #4439 ) ;
#318 = STYLED_ITEM ( 'NONE', ( #620 ), #789 ) ;
#319 = CARTESIAN_POINT ( 'NONE',  ( 10.52310525632322147, 37.95051911303512782, 101.4431771819005235 ) ) ;
#320 = B_SPLINE_CURVE_WITH_KNOTS ( 'NONE', 3,
 ( #4731, #4199, #5334, #676, #1874, #1314, #4123, #1802, #6418, #2408, #790, #3641, #7093, #6381, #3602, #5895, #193, #5261, #2482, #4692, #1954, #6978, #5932, #4769, #1913, #3562 ),
 .UNSPECIFIED., .F., .F.,
 ( 4, 2, 2, 2, 2, 2, 2, 2, 2, 2, 2, 2, 4 ),
 ( 2.525795506525165395E-17, 0.006076592413540753308, 0.009114888620311114784, 0.01215318482708147539, 0.01822977724062219140, 0.01974892534400737171, 0.02126807344739255548, 0.02430636965416291609, 0.03038296206770369629, 0.03645955448124447301, 0.03949785068801486138, 0.04253614689478525668, 0.04861273930832603341 ),
 .UNSPECIFIED. ) ;
#321 = CARTESIAN_POINT ( 'NONE',  ( 0.000000000000000000, 47.57416251593267731, 200.6869432474837254 ) ) ;
#322 = CARTESIAN_POINT ( 'NONE',  ( 28.94814760852409563, 36.82671592772010172, 145.3675799342052244 ) ) ;
#323 = CARTESIAN_POINT ( 'NONE',  ( -0.8486857927523446810, 34.25527520538206261, 42.00482374486006165 ) ) ;
#324 = CARTESIAN_POINT ( 'NONE',  ( 0.4709684984625378545, 41.02653431879563328, 312.7840159696370392 ) ) ;
#325 = CARTESIAN_POINT ( 'NONE',  ( 0.1490032884997824769, 40.51353410676647826, 109.1002092117220883 ) ) ;
#326 = CARTESIAN_POINT ( 'NONE',  ( 150.0000000000000284, -5.251527702307162926, 440.0305525103657374 ) ) ;
#327 = EDGE_CURVE ( 'NONE', #6137, #6251, #3070, .T. ) ;
#328 = CARTESIAN_POINT ( 'NONE',  ( 10.81447044748278863, 36.49930997362685048, 89.65277509738119477 ) ) ;
#329 = CIRCLE ( 'NONE', #6084, 0.5000000000000002220 ) ;
#330 = ORIENTED_EDGE ( 'NONE', *, *, #1130, .T. ) ;
#331 = CARTESIAN_POINT ( 'NONE',  ( 30.53517985576168670, 41.59995577379944365, 211.7337106163640783 ) ) ;
#332 = CARTESIAN_POINT ( 'NONE',  ( -0.4120116833248364530, 37.70347726693498913, 83.36496101828616645 ) ) ;
#333 = CARTESIAN_POINT ( 'NONE',  ( -5.477036325075349765, 40.55825203921273925, 118.7684480631024968 ) ) ;
#334 = CARTESIAN_POINT ( 'NONE',  ( 0.000000000000000000, 26.89192133595479817, 23.34162837863043549 ) ) ;
#335 = CARTESIAN_POINT ( 'NONE',  ( -7.313418380278605468, 42.08672886118924339, 146.4966058729045812 ) ) ;
#336 = CARTESIAN_POINT ( 'NONE',  ( 0.09676438812825623181, 44.27457038134983947, 191.7524534064595230 ) ) ;
#337 = CARTESIAN_POINT ( 'NONE',  ( -0.9419369969250757091, 40.21919929812739269, 320.0004459445724478 ) ) ;
#338 = CARTESIAN_POINT ( 'NONE',  ( 38.87686202686311532, 34.55157433849613824, 191.2909425877438139 ) ) ;
#339 = CARTESIAN_POINT ( 'NONE',  ( 44.41805046119890221, 21.83017058586101555, 80.11486197992462621 ) ) ;
#340 = CARTESIAN_POINT ( 'NONE',  ( 0.000000000000000000, 40.74795199264384848, 79.83585004708851329 ) ) ;
#341 = CARTESIAN_POINT ( 'NONE',  ( -0.7000025682600721222, 30.46338538673073870, 41.35802459501932304 ) ) ;
#342 = CARTESIAN_POINT ( 'NONE',  ( -2.078863672985127753, 47.34043825903718528, 181.1887930047725206 ) ) ;
#343 = CARTESIAN_POINT ( 'NONE',  ( 3.055740260237095995, 47.25506751184102683, 183.1773503352326884 ) ) ;
#344 = CARTESIAN_POINT ( 'NONE',  ( 1.504188923001863687, 46.87033132328357254, 181.4336751238893441 ) ) ;
#345 = CARTESIAN_POINT ( 'NONE',  ( 1.406557556210300319, 3.019610311274071535, 514.9300709948294070 ) ) ;
#346 = CARTESIAN_POINT ( 'NONE',  ( -2.449429197319968665, 47.36484211268425781, 198.6974425893606622 ) ) ;
#347 = CARTESIAN_POINT ( 'NONE',  ( 2.359056185813482198, 42.85175242588670130, 146.4838691362627117 ) ) ;
#348 = AXIS2_PLACEMENT_3D ( 'NONE', #2558, #1540, #7130 ) ;
#349 = CARTESIAN_POINT ( 'NONE',  ( -150.0000000000000284, 1.252786731943029253, 209.9251019480679190 ) ) ;
#350 = CARTESIAN_POINT ( 'NONE',  ( -0.4380382775566211695, 36.36536305628572308, 74.93021143420158126 ) ) ;
#351 = CARTESIAN_POINT ( 'NONE',  ( 42.82036082025610568, 32.84028577497314672, 328.7149750000689892 ) ) ;
#352 = CARTESIAN_POINT ( 'NONE',  ( 42.22001282228018937, 33.19754894719602589, 125.0000000000001990 ) ) ;
#353 = CARTESIAN_POINT ( 'NONE',  ( 24.45514282142428186, 34.03033067479747587, 71.95588844210854518 ) ) ;
#354 = ORIENTED_EDGE ( 'NONE', *, *, #4267, .T. ) ;
#355 = CARTESIAN_POINT ( 'NONE',  ( -51.92017659441180655, 24.81441302464660126, 142.5016111207305585 ) ) ;
#356 = EDGE_CURVE ( 'NONE', #1768, #2853, #3873, .T. ) ;
#357 = CARTESIAN_POINT ( 'NONE',  ( -150.0000000000000568, 14.41729715668834189, 243.9122022442739706 ) ) ;
#358 = ORIENTED_EDGE ( 'NONE', *, *, #495, .T. ) ;
#359 = CARTESIAN_POINT ( 'NONE',  ( 51.08605503505607714, 27.51155808720449869, 174.6823293371597288 ) ) ;
#360 = DIRECTION ( 'NONE',  ( 0.000000000000000000, 0.8142638733795262151, -0.5804949134221342177 ) ) ;
#361 = CARTESIAN_POINT ( 'NONE',  ( 25.63737602082633060, 37.60793948469089543, 141.8386845935069687 ) ) ;
#362 = CARTESIAN_POINT ( 'NONE',  ( 56.08762438136983519, 3.832698960004560895, 215.3449030486479501 ) ) ;
#363 = CARTESIAN_POINT ( 'NONE',  ( -13.20776690004548115, 35.51755634591616229, 352.3468663762320716 ) ) ;
#364 = CARTESIAN_POINT ( 'NONE',  ( -8.269892388020005924, 40.53915554396413512, 124.0604423141707002 ) ) ;
#365 = CARTESIAN_POINT ( 'NONE',  ( 7.189961064043363770, -9.266056063442162483, 554.1745012121198215 ) ) ;
#366 = CARTESIAN_POINT ( 'NONE',  ( 3.251987539147995321, 37.53470618141975734, 85.74534144939816827 ) ) ;
#367 = VERTEX_POINT ( 'NONE', #3311 ) ;
#368 = CARTESIAN_POINT ( 'NONE',  ( -2.553569696294410551, 139.2235650228607540, 149.4838691362629106 ) ) ;
#369 = DIRECTION ( 'NONE',  ( 1.000000000000000000, 0.000000000000000000, -0.000000000000000000 ) ) ;
#370 = CARTESIAN_POINT ( 'NONE',  ( 0.4207727504784665729, 37.59859554957643724, 83.36945276784909709 ) ) ;
#371 = CARTESIAN_POINT ( 'NONE',  ( 0.4182462687740842178, 39.66001329040137335, 100.2712488542746598 ) ) ;
#372 = CARTESIAN_POINT ( 'NONE',  ( 0.5000000000002385869, 44.08804002252327336, 181.1826763077941109 ) ) ;
#373 = CIRCLE ( 'NONE', #5524, 2.000000000000001776 ) ;
#374 = LINE ( 'NONE', #2742, #6629 ) ;
#375 = CARTESIAN_POINT ( 'NONE',  ( 0.3327651851224903146, 44.02255291731558628, 168.4409656334932208 ) ) ;
#376 = CARTESIAN_POINT ( 'NONE',  ( -0.4709684984625378545, 40.21920836791927201, 320.0003648965263210 ) ) ;
#377 = CARTESIAN_POINT ( 'NONE',  ( 4.378806331797186147, 43.81609826300350363, 192.9471836139666152 ) ) ;
#378 = ADVANCED_FACE ( 'NONE', ( #3383 ), #6605, .F. ) ;
#379 = CARTESIAN_POINT ( 'NONE',  ( 38.54936385190325865, 23.10159816748474171, 67.90909896546342850 ) ) ;
#380 = CARTESIAN_POINT ( 'NONE',  ( -149.9999999999992042, -3.609269300846623008, 431.4188600312683661 ) ) ;
#381 = LINE ( 'NONE', #7281, #3140 ) ;
#382 = CARTESIAN_POINT ( 'NONE',  ( -2.576799645880470724, 30.24060509831698695, 41.67415602186650148 ) ) ;
#383 = CARTESIAN_POINT ( 'NONE',  ( -0.8789961744552247103, 47.46169323760441472, 180.6768730170907702 ) ) ;
#384 = CARTESIAN_POINT ( 'NONE',  ( 0.000000000000000000, 47.18114425557124747, 181.1826763077939972 ) ) ;
#385 = CARTESIAN_POINT ( 'NONE',  ( 44.03783452401357579, 26.15642015922231423, 106.3184549054629997 ) ) ;
#386 = CARTESIAN_POINT ( 'NONE',  ( -2.500000000000247358, 47.36225120175034675, 198.1847771104762046 ) ) ;
#387 = CARTESIAN_POINT ( 'NONE',  ( 1.819941706035747675, 44.00365379873514371, 199.6909081334369773 ) ) ;
#388 = CARTESIAN_POINT ( 'NONE',  ( 6.546379654341680343, 40.78001900567252846, 123.1753551457452858 ) ) ;
#389 = EDGE_CURVE ( 'NONE', #3053, #2007, #4009, .T. ) ;
#390 = CARTESIAN_POINT ( 'NONE',  ( -3.350178695052929978, -24.66882895534568121, -76.10165956531285758 ) ) ;
#391 = CARTESIAN_POINT ( 'NONE',  ( 0.4524541553546442274, 36.47711591796903718, 74.93254190195837339 ) ) ;
#392 = CARTESIAN_POINT ( 'NONE',  ( -1.585105225643784310, 28.62474442760698068, 400.8281577764561803 ) ) ;
#393 = CARTESIAN_POINT ( 'NONE',  ( -0.1793443746260251492, 47.56303646003689067, 200.1826763078397278 ) ) ;
#394 = CARTESIAN_POINT ( 'NONE',  ( 0.000000000000000000, 28.21750440619399214, 17.07389157737171459 ) ) ;
#395 = ORIENTED_EDGE ( 'NONE', *, *, #6880, .F. ) ;
#396 = CARTESIAN_POINT ( 'NONE',  ( -3.651050815844936182E-14, 43.26917313500885598, 149.4838691362627685 ) ) ;
#397 = CARTESIAN_POINT ( 'NONE',  ( 1.423592574024759250, 42.54900955428178833, 298.0807919074272831 ) ) ;
#398 = ORIENTED_EDGE ( 'NONE', *, *, #6219, .F. ) ;
#399 = LINE ( 'NONE', #2833, #2916 ) ;
#400 = FACE_OUTER_BOUND ( 'NONE', #2493, .T. ) ;
#401 = CARTESIAN_POINT ( 'NONE',  ( 3.050045093430840737, 47.30691962833786590, 198.1845668407433152 ) ) ;
#402 = AXIS2_PLACEMENT_3D ( 'NONE', #5246, #3410, #4574 ) ;
#403 = CARTESIAN_POINT ( 'NONE',  ( 80.59194385665391280, 16.18280436951648937, 103.7926928775323461 ) ) ;
#404 = CARTESIAN_POINT ( 'NONE',  ( 1.508952792909321161, 32.03446681347313785, 380.7825399960755135 ) ) ;
#405 = CARTESIAN_POINT ( 'NONE',  ( -0.3112835511418392542, 40.45649663199495194, 109.1170365774390376 ) ) ;
#406 = B_SPLINE_CURVE_WITH_KNOTS ( 'NONE', 3,
 ( #4576, #6371, #2362, #3515, #2885, #4150, #5249, #5213, #1158, #7421, #3480, #4645, #5774, #70, #6968, #145 ),
 .UNSPECIFIED., .F., .F.,
 ( 4, 2, 2, 2, 2, 2, 2, 4 ),
 ( 1.095044194210359478E-17, 0.0003915094400514163215, 0.0007830188801028213673, 0.001174528320154226684, 0.001566037760205631676, 0.001957547200257036667, 0.002349056640308441659, 0.003132075520411252510 ),
 .UNSPECIFIED. ) ;
#407 = CARTESIAN_POINT ( 'NONE',  ( -86.91359524864041930, -11.34795942607654595, 48.66319268689352384 ) ) ;
#408 = CARTESIAN_POINT ( 'NONE',  ( -0.01313799183496400756, 37.94931759079368305, 85.16603758979782413 ) ) ;
#409 = EDGE_LOOP ( 'NONE', ( #6140, #5944, #7307, #7367 ) ) ;
#410 = DIRECTION ( 'NONE',  ( 0.9961974065886801677, -0.08712477894369635711, 6.480476354687228295E-15 ) ) ;
#411 = CARTESIAN_POINT ( 'NONE',  ( -15.88593441895906189, 38.99092594910938914, 125.0000000000000853 ) ) ;
#412 = CARTESIAN_POINT ( 'NONE',  ( 4.575869480712198900, 35.84183328043400252, 76.02507842373923097 ) ) ;
#413 = CARTESIAN_POINT ( 'NONE',  ( 0.3544631062960627021, 39.65206145645925062, 100.2695405200518195 ) ) ;
#414 = LINE ( 'NONE', #892, #3823 ) ;
#415 = VECTOR ( 'NONE', #6459, 1000.000000000000000 ) ;
#416 = CARTESIAN_POINT ( 'NONE',  ( -0.5000000000002188250, 47.02905211924537809, 200.6826763077941393 ) ) ;
#417 = CARTESIAN_POINT ( 'NONE',  ( -1.881931423104283185, 43.78265726644328737, 168.8067210388985302 ) ) ;
#418 = CARTESIAN_POINT ( 'NONE',  ( -0.9573959518996042473, 36.00720964673208613, 354.6273715488849803 ) ) ;
#419 = CARTESIAN_POINT ( 'NONE',  ( -0.2400045333437147987, 44.28781230455000895, 191.7378275678253772 ) ) ;
#420 = CARTESIAN_POINT ( 'NONE',  ( 17.10774105609917939, 28.36497534132784182, 50.42830967733732450 ) ) ;
#421 = CARTESIAN_POINT ( 'NONE',  ( -59.89900058819404194, -9.567402936609459729, 443.5936951987583257 ) ) ;
#422 = CARTESIAN_POINT ( 'NONE',  ( -9.053569696294225366, 41.75449789290544800, 206.4838691362627969 ) ) ;
#423 = CARTESIAN_POINT ( 'NONE',  ( -1.120932679357826700, 26.51626266521418884, 24.85958590673380897 ) ) ;
#424 = LINE ( 'NONE', #5002, #948 ) ;
#425 = CARTESIAN_POINT ( 'NONE',  ( 0.6763990867112097405, 47.51958434565506195, 200.1797739328870875 ) ) ;
#426 = CARTESIAN_POINT ( 'NONE',  ( -0.3665039873880490129, 47.51949007432398275, 181.1826763078325087 ) ) ;
#427 = B_SPLINE_CURVE_WITH_KNOTS ( 'NONE', 3,
 ( #7071, #3172, #4858, #1929, #170, #3133 ),
 .UNSPECIFIED., .F., .F.,
 ( 4, 2, 4 ),
 ( 0.000000000000000000, 0.02900672882675189856, 0.05801345765350379713 ),
 .UNSPECIFIED. ) ;
#428 = CARTESIAN_POINT ( 'NONE',  ( -7.500000000000000000, 29.66173268173092481, 35.65990972620951993 ) ) ;
#429 = EDGE_CURVE ( 'NONE', #4448, #6137, #5596, .T. ) ;
#430 = CARTESIAN_POINT ( 'NONE',  ( 3.052012074922191509, 47.32573203155624952, 193.1820952711068458 ) ) ;
#431 = CARTESIAN_POINT ( 'NONE',  ( 31.65065270251920992, 36.51328328736886419, 156.4826441299048270 ) ) ;
#432 = CARTESIAN_POINT ( 'NONE',  ( -3.335770872489703276, -10.08423850523609744, -61.08048033209797012 ) ) ;
#433 = CARTESIAN_POINT ( 'NONE',  ( -20.93688929358440021, 33.43849983253495850, 86.61413548214184743 ) ) ;
#434 = CARTESIAN_POINT ( 'NONE',  ( -0.4709684984625378545, 40.21920836791927201, 320.0003648965263210 ) ) ;
#435 = DIRECTION ( 'NONE',  ( -3.934968648599341538E-15, -1.644517855226013126E-15, 1.000000000000000000 ) ) ;
#436 = CARTESIAN_POINT ( 'NONE',  ( 149.9999999999998295, 12.15754626088404500, 232.9814987402332633 ) ) ;
#437 = ORIENTED_EDGE ( 'NONE', *, *, #4672, .T. ) ;
#438 = CARTESIAN_POINT ( 'NONE',  ( -2.486951388386927864, 46.75648160312336188, 182.9197861133173433 ) ) ;
#439 = CARTESIAN_POINT ( 'NONE',  ( 0.9785259520414012480, 44.46994292845445074, 275.6022355444260938 ) ) ;
#440 = ORIENTED_EDGE ( 'NONE', *, *, #2889, .T. ) ;
#441 = CARTESIAN_POINT ( 'NONE',  ( 21.57190015348859902, 40.76846157905173840, 213.8493121092972160 ) ) ;
#442 = DIRECTION ( 'NONE',  ( 0.000000000000000000, 0.000000000000000000, -1.000000000000000000 ) ) ;
#443 = CARTESIAN_POINT ( 'NONE',  ( 0.000000000000000000, 31.36851352753711808, 29.45516409742108621 ) ) ;
#444 = CARTESIAN_POINT ( 'NONE',  ( -56.79090820126123873, -0.6367270459114310333, 407.3366011671671458 ) ) ;
#445 = CARTESIAN_POINT ( 'NONE',  ( -18.93729390625166076, 38.78081612146571899, 131.1076200278683643 ) ) ;
#446 = CARTESIAN_POINT ( 'NONE',  ( -149.9999999999998579, 5.755319606443136671, 215.4903186742444916 ) ) ;
#447 = CARTESIAN_POINT ( 'NONE',  ( 14.40596670264223178, 35.97342498787087806, 91.84070130922593478 ) ) ;
#448 = ORIENTED_EDGE ( 'NONE', *, *, #3961, .F. ) ;
#449 = CARTESIAN_POINT ( 'NONE',  ( -2.500000000000238476, 46.75821274693984719, 183.1826763077941109 ) ) ;
#450 = CARTESIAN_POINT ( 'NONE',  ( -4.002436954308248751, 41.26854202278653361, 125.0000000000000284 ) ) ;
#451 = CARTESIAN_POINT ( 'NONE',  ( 41.25705006739636360, 28.83000728554641867, 114.9782979961650682 ) ) ;
#452 = CARTESIAN_POINT ( 'NONE',  ( -0.9045926080594910434, 39.49452996211176270, 100.3334762682122800 ) ) ;
#453 = CARTESIAN_POINT ( 'NONE',  ( -48.68357932310267699, 28.95694441347803760, 173.8273547720331749 ) ) ;
#454 = DIRECTION ( 'NONE',  ( 1.000000000000000000, 0.000000000000000000, -0.000000000000000000 ) ) ;
#455 = CARTESIAN_POINT ( 'NONE',  ( -16.11034902158545279, 41.88619927513833119, 187.4729429903049720 ) ) ;
#456 = CARTESIAN_POINT ( 'NONE',  ( -0.5725577439240580047, 23.09808650977305433, 429.9216912165479130 ) ) ;
#457 = CARTESIAN_POINT ( 'NONE',  ( 31.23488165302719466, 37.85472462197540722, 201.4445830284192311 ) ) ;
#458 = CARTESIAN_POINT ( 'NONE',  ( 1.071951093387344622, 30.41893639985045539, 41.38536779583807146 ) ) ;
#459 = CARTESIAN_POINT ( 'NONE',  ( -9.824827521419905452, -2.593892997156575397, 521.6966707247395334 ) ) ;
#460 = CARTESIAN_POINT ( 'NONE',  ( -2.339449086157818724E-28, 41.75449789290554037, 149.4838691362627401 ) ) ;
#461 = CARTESIAN_POINT ( 'NONE',  ( -0.1628187810966245375, 28.70254771969159791, 33.02677865449972217 ) ) ;
#462 = CARTESIAN_POINT ( 'NONE',  ( 1.535318913500242743, 47.44407963124377403, 199.8991669183851911 ) ) ;
#463 = FACE_OUTER_BOUND ( 'NONE', #1923, .T. ) ;
#464 = CARTESIAN_POINT ( 'NONE',  ( -47.32026357224366819, 27.22844246722651462, 144.5179263471426054 ) ) ;
#465 = CARTESIAN_POINT ( 'NONE',  ( 2.296450064544995229, 43.96108143045459116, 199.0713620869889837 ) ) ;
#466 = CARTESIAN_POINT ( 'NONE',  ( 16.20473291071192534, 39.29906537319209292, 128.9003991361608712 ) ) ;
#467 = CARTESIAN_POINT ( 'NONE',  ( -3.334374282861684691, -8.670514282707921794, -59.62443636531153857 ) ) ;
#468 = EDGE_CURVE ( 'NONE', #7069, #6465, #1525, .T. ) ;
#469 = CARTESIAN_POINT ( 'NONE',  ( -13.82025875489554601, 33.35444279577835403, 72.89473080251796944 ) ) ;
#470 = CARTESIAN_POINT ( 'NONE',  ( 53.41671992373075284, 4.732634878479694329, 384.7797939231693363 ) ) ;
#471 = CARTESIAN_POINT ( 'NONE',  ( 0.1829551139736073639, 43.96593948904278193, 214.6346237670132382 ) ) ;
#472 = CARTESIAN_POINT ( 'NONE',  ( 54.48274488411642125, 13.81017118001468269, 236.9137207598040220 ) ) ;
#473 = VERTEX_POINT ( 'NONE', #3483 ) ;
#474 = DIRECTION ( 'NONE',  ( -1.346428274589731383E-08, 0.000000000000000000, -0.9999999999999998890 ) ) ;
#475 = CARTESIAN_POINT ( 'NONE',  ( 0.5120851727837461009, 45.98408210575418309, 252.6190356612356140 ) ) ;
#476 = ORIENTED_EDGE ( 'NONE', *, *, #706, .F. ) ;
#477 = CARTESIAN_POINT ( 'NONE',  ( 1.208490514060917675, 47.42816515780777564, 180.7427399223792008 ) ) ;
#478 = LINE ( 'NONE', #6183, #6517 ) ;
#479 = CARTESIAN_POINT ( 'NONE',  ( 75.08352271041381698, 23.83992530242385399, 133.1794009662679912 ) ) ;
#480 = CARTESIAN_POINT ( 'NONE',  ( 0.000000000000000000, 17.01339730700182074, 458.4116318598639168 ) ) ;
#481 = CARTESIAN_POINT ( 'NONE',  ( -35.32958196143673746, 35.39941203427522254, 161.6033608564231940 ) ) ;
#482 = CARTESIAN_POINT ( 'NONE',  ( -3.330844985526232982, -5.949735992423210718, -56.59751504260918864 ) ) ;
#483 = ORIENTED_EDGE ( 'NONE', *, *, #4036, .T. ) ;
#484 = DIRECTION ( 'NONE',  ( 0.000000000000000000, 1.644517855226013126E-15, -1.000000000000000000 ) ) ;
#485 = CARTESIAN_POINT ( 'NONE',  ( 48.96184446544092594, 33.03532151007922124, 183.6136886649778717 ) ) ;
#486 = CARTESIAN_POINT ( 'NONE',  ( 24.24961046454458824, 34.98618367280042207, 106.5880414108833207 ) ) ;
#487 = CARTESIAN_POINT ( 'NONE',  ( -35.77068292423984275, 33.69439533187510705, 138.7343132386160107 ) ) ;
#488 = CARTESIAN_POINT ( 'NONE',  ( -33.95867703260037018, 36.95423288392198913, 124.9999999999999147 ) ) ;
#489 = SHAPE_DEFINITION_REPRESENTATION ( #906, #4597 ) ;
#490 = CARTESIAN_POINT ( 'NONE',  ( -0.1150114910076552865, 28.73545180630511453, 33.03351839094518994 ) ) ;
#491 = CARTESIAN_POINT ( 'NONE',  ( -0.2735700938456692710, 43.95854605320432995, 168.4949807018836907 ) ) ;
#492 = CARTESIAN_POINT ( 'NONE',  ( -1.145115487848116009, 23.11885975406494254, 429.9532895041899678 ) ) ;
#493 = CARTESIAN_POINT ( 'NONE',  ( 7.538947117119818131, 43.43362246510857716, 194.2822654690746162 ) ) ;
#494 = CARTESIAN_POINT ( 'NONE',  ( 14.48722730859055119, 28.73910646787352974, 48.35122660494263869 ) ) ;
#495 = EDGE_CURVE ( 'NONE', #4222, #4761, #5560, .T. ) ;
#496 = CARTESIAN_POINT ( 'NONE',  ( -10.02488928357590936, 1.340599469649716324, 507.8357256156867834 ) ) ;
#497 = DIRECTION ( 'NONE',  ( 0.000000000000000000, 1.724772863303898662E-15, -1.000000000000000000 ) ) ;
#498 = CARTESIAN_POINT ( 'NONE',  ( 0.2580137863904549689, 26.67378444297611040, 24.82668553854458793 ) ) ;
#499 = CARTESIAN_POINT ( 'NONE',  ( -0.000000000000000000, 47.31194271764586290, 181.1278307396570995 ) ) ;
#500 = CARTESIAN_POINT ( 'NONE',  ( -36.81058800508166939, 39.16190977216628966, 208.2712089903856452 ) ) ;
#501 = CARTESIAN_POINT ( 'NONE',  ( 2.234007674586822478, 43.96659363105383989, 199.1879092974842536 ) ) ;
#502 = CARTESIAN_POINT ( 'NONE',  ( 5.930039214788374480, 41.71070613731104970, 134.8227694260580449 ) ) ;
#503 = CARTESIAN_POINT ( 'NONE',  ( -28.52649240996227320, -9.360615050134562409, -39.65852415072266979 ) ) ;
#504 = CARTESIAN_POINT ( 'NONE',  ( 0.3525456582581959486, 35.23319989674110531, 66.49279123123413626 ) ) ;
#505 = CARTESIAN_POINT ( 'NONE',  ( -0.6435512270066479079, 13.79511502585091876, 472.5222654459706177 ) ) ;
#506 = CARTESIAN_POINT ( 'NONE',  ( -1.731120970684612459, 43.80909770265326841, 214.9935147020727300 ) ) ;
#507 = CARTESIAN_POINT ( 'NONE',  ( -2.469858351745394476, 37.72654402396099016, 58.86823661618673498 ) ) ;
#508 = EDGE_LOOP ( 'NONE', ( #6878, #5182, #2082, #6842 ) ) ;
#509 = CARTESIAN_POINT ( 'NONE',  ( -38.71508799764006881, 31.22021736410716741, 124.9999999999999005 ) ) ;
#510 = CARTESIAN_POINT ( 'NONE',  ( 1.153611605577076649, 47.71663046453083723, 204.9482023332519987 ) ) ;
#511 = VERTEX_POINT ( 'NONE', #2924 ) ;
#512 = CARTESIAN_POINT ( 'NONE',  ( 1.659717883919765269, 47.38250565889420329, 180.9291240669665513 ) ) ;
#513 =( GEOMETRIC_REPRESENTATION_CONTEXT ( 3 ) GLOBAL_UNCERTAINTY_ASSIGNED_CONTEXT ( ( #94 ) ) GLOBAL_UNIT_ASSIGNED_CONTEXT ( ( #2549, #5286, #1861 ) ) REPRESENTATION_CONTEXT ( 'NONE', 'WORKASPACE' ) );
#514 = CARTESIAN_POINT ( 'NONE',  ( 0.000000000000000000, 0.000000000000000000, 0.000000000000000000 ) ) ;
#515 = CARTESIAN_POINT ( 'NONE',  ( 2.613339197210340359, 43.38578146962264270, 105.1797038346670092 ) ) ;
#516 = CARTESIAN_POINT ( 'NONE',  ( 1.287102454013295816, 13.83400975319627690, 472.5008445009838169 ) ) ;
#517 = CARTESIAN_POINT ( 'NONE',  ( -37.41532720231250408, 33.23640093452057442, 141.4362455065033544 ) ) ;
#518 = CARTESIAN_POINT ( 'NONE',  ( -0.000000000000000000, -2.015148108693687767, -51.69602975127715183 ) ) ;
#519 = ADVANCED_FACE ( 'NONE', ( #2331 ), #4065, .T. ) ;
#520 = LINE ( 'NONE', #2806, #2860 ) ;
#521 = DIRECTION ( 'NONE',  ( 0.000000000000000000, -1.000000000000000000, 0.000000000000000000 ) ) ;
#522 = CARTESIAN_POINT ( 'NONE',  ( 42.93139454197376637, 29.22514838833635764, 127.2484213126736989 ) ) ;
#523 = CARTESIAN_POINT ( 'NONE',  ( 87.03917095743797461, -14.78840956284643582, 45.13835781979638995 ) ) ;
#524 =( NAMED_UNIT ( * ) SI_UNIT ( $, .STERADIAN. ) SOLID_ANGLE_UNIT ( ) );
#525 = CARTESIAN_POINT ( 'NONE',  ( 4.204778246053995083, 26.17450066183971913, 25.75986670367729658 ) ) ;
#526 = CARTESIAN_POINT ( 'NONE',  ( -8.480697832129477476, 43.13011345894430093, 183.1285567236323857 ) ) ;
#527 = CARTESIAN_POINT ( 'NONE',  ( 2.005225952241261655, 23.00456069334608245, 429.7794286210721566 ) ) ;
#528 = ADVANCED_FACE ( 'NONE', ( #4990 ), #3933, .T. ) ;
#529 = CARTESIAN_POINT ( 'NONE',  ( -0.3101090635444714860, 44.15736742985313867, 180.0871449593627744 ) ) ;
#530 = CARTESIAN_POINT ( 'NONE',  ( 5.553268201206056354, 31.48912273042255094, 51.25080746552529831 ) ) ;
#531 = CARTESIAN_POINT ( 'NONE',  ( -7.192754217908762904, -10.02745025890519770, 556.6295491338239572 ) ) ;
#532 = SURFACE_SIDE_STYLE ('',( #3380 ) ) ;
#533 = CARTESIAN_POINT ( 'NONE',  ( 0.2994707678479087698, 28.75742618512817828, 33.04441742234245538 ) ) ;
#534 = CARTESIAN_POINT ( 'NONE',  ( 2.716288264785639672, 47.33439996459513566, 199.4417890608049504 ) ) ;
#535 = CARTESIAN_POINT ( 'NONE',  ( -0.000000000000000000, 43.84267985507470655, 107.5879416443457615 ) ) ;
#536 = CARTESIAN_POINT ( 'NONE',  ( 0.5000000000002202682, 44.12162845365831743, 200.1826763077941393 ) ) ;
#537 = CARTESIAN_POINT ( 'NONE',  ( 5.670375848708381739, 40.89916099571867392, 122.7476783295405340 ) ) ;
#538 = CARTESIAN_POINT ( 'NONE',  ( -56.38420455136408549, -2.341849795747153795, 206.2968260904183353 ) ) ;
#539 = CARTESIAN_POINT ( 'NONE',  ( -46.51119406775161735, 26.19527536932949374, 119.4480427553887978 ) ) ;
#540 = CARTESIAN_POINT ( 'NONE',  ( 150.0000000000002274, 7.068232020827782236, 370.3528863233865422 ) ) ;
#541 = CARTESIAN_POINT ( 'NONE',  ( 7.846345050770216822, 46.81194873575534388, 182.9037947448233012 ) ) ;
#542 = ORIENTED_EDGE ( 'NONE', *, *, #2257, .F. ) ;
#543 = CARTESIAN_POINT ( 'NONE',  ( -7.053569696294418989, 139.2235650228607540, 146.4838691362629390 ) ) ;
#544 = CARTESIAN_POINT ( 'NONE',  ( -13.89565711704575790, 43.38650797797856740, 278.5011269604131598 ) ) ;
#545 = ORIENTED_EDGE ( 'NONE', *, *, #7344, .F. ) ;
#546 = CARTESIAN_POINT ( 'NONE',  ( 1.805029867453364911, 47.36785164326686726, 181.0063666560905347 ) ) ;
#547 = LINE ( 'NONE', #3427, #3804 ) ;
#548 = CARTESIAN_POINT ( 'NONE',  ( -1.316609496952878322, 47.20928880869866617, 155.6670790133530033 ) ) ;
#549 = CARTESIAN_POINT ( 'NONE',  ( -1.925100097286686074, 25.85227023461058238, 415.2282052245307113 ) ) ;
#550 = CARTESIAN_POINT ( 'NONE',  ( -6.284414123415809961, 39.68377339021316885, 111.0787273591658391 ) ) ;
#551 = CARTESIAN_POINT ( 'NONE',  ( -0.000000000000000000, -14.90059978858783118, -66.09690123838019815 ) ) ;
#552 = LINE ( 'NONE', #6359, #6685 ) ;
#553 = CARTESIAN_POINT ( 'NONE',  ( 0.05858928731856884869, 38.69900739006420309, 91.81642180047261093 ) ) ;
#554 = CARTESIAN_POINT ( 'NONE',  ( 7.053569696294411884, 41.75449789290554037, 148.4838691362627685 ) ) ;
#555 = EDGE_CURVE ( 'NONE', #473, #116, #3856, .T. ) ;
#556 = CARTESIAN_POINT ( 'NONE',  ( 7.337579780553157960, 25.82105128855952714, 27.36588642014740813 ) ) ;
#557 = CARTESIAN_POINT ( 'NONE',  ( 0.03838674980739126275, 43.64549578787130457, 156.6919796175362762 ) ) ;
#558 = CARTESIAN_POINT ( 'NONE',  ( 149.9999999999995737, 11.19476107030966361, 345.2779431210030907 ) ) ;
#559 = CARTESIAN_POINT ( 'NONE',  ( 2.485849556435545615, 43.97031545336542990, 203.8119080079345338 ) ) ;
#560 = CARTESIAN_POINT ( 'NONE',  ( 26.45011951551450124, 28.45803797096728260, 67.12104757752476303 ) ) ;
#561 = CARTESIAN_POINT ( 'NONE',  ( -0.6317943808518673432, 44.10991645102357950, 200.1826763077941393 ) ) ;
#562 = CARTESIAN_POINT ( 'NONE',  ( 0.1835724867151534712, 47.53209601140454055, 180.6770902511625252 ) ) ;
#563 = CARTESIAN_POINT ( 'NONE',  ( 0.3041682803810446534, 26.67916588836401459, 24.83020180335044813 ) ) ;
#564 = CARTESIAN_POINT ( 'NONE',  ( 2.794576627399430357, 47.32745128127667300, 199.2960125186451705 ) ) ;
#565 = CARTESIAN_POINT ( 'NONE',  ( 0.5435609536137742115, 47.52713440472694373, 200.6867358902517822 ) ) ;
#566 = ORIENTED_EDGE ( 'NONE', *, *, #6518, .T. ) ;
#567 = CARTESIAN_POINT ( 'NONE',  ( -0.6178009228703442712, 36.24902831030632910, 73.25384076548512269 ) ) ;
#568 = CARTESIAN_POINT ( 'NONE',  ( 0.2792178223708279283, 43.01777242604840978, 144.8651404331941421 ) ) ;
#569 = AXIS2_PLACEMENT_3D ( 'NONE', #514, #5162, #2309 ) ;
#570 = CARTESIAN_POINT ( 'NONE',  ( -85.69083615468348114, 1.184676353268040661, 66.40827568370886524 ) ) ;
#571 = CARTESIAN_POINT ( 'NONE',  ( -21.31221489974267058, 32.19496207586025349, 78.55775763488422569 ) ) ;
#572 = CARTESIAN_POINT ( 'NONE',  ( 149.9999999999994884, 5.740427124744100773, 378.1347507846561484 ) ) ;
#573 = CARTESIAN_POINT ( 'NONE',  ( 49.29743671353512013, 37.20513467868398294, 254.3835889086999487 ) ) ;
#574 = ORIENTED_EDGE ( 'NONE', *, *, #1995, .T. ) ;
#575 = DIRECTION ( 'NONE',  ( 1.000000000000000000, 0.000000000000000000, -0.000000000000000000 ) ) ;
#576 = CARTESIAN_POINT ( 'NONE',  ( -12.86356880811151981, 31.41958604971774349, 377.2397787413708556 ) ) ;
#577 = ORIENTED_EDGE ( 'NONE', *, *, #7300, .T. ) ;
#578 = CARTESIAN_POINT ( 'NONE',  ( -38.79090872836584225, 26.05443840220501173, 64.51473638075175643 ) ) ;
#579 = CARTESIAN_POINT ( 'NONE',  ( 15.91962683854966620, 38.94675040236886332, 124.9999999999998863 ) ) ;
#580 = EDGE_CURVE ( 'NONE', #2466, #753, #2773, .T. ) ;
#581 = CARTESIAN_POINT ( 'NONE',  ( 150.0000000000000568, 14.41729715668834189, 243.9122022442739706 ) ) ;
#582 = CARTESIAN_POINT ( 'NONE',  ( -0.9565858417292030236, -24.71121349876131390, -76.19616986922960677 ) ) ;
#583 = CARTESIAN_POINT ( 'NONE',  ( -52.26163914926329568, 6.411420321105841147, 377.3440233945722184 ) ) ;
#584 = CARTESIAN_POINT ( 'NONE',  ( -0.5626920722515624806, 39.29639252612749800, 97.17600182735982628 ) ) ;
#585 = CARTESIAN_POINT ( 'NONE',  ( -83.26671075213897666, 10.37568051067605523, 86.68462678675325606 ) ) ;
#586 = VECTOR ( 'NONE', #722, 1000.000000000000000 ) ;
#587 = CARTESIAN_POINT ( 'NONE',  ( -0.3950261203019890810, 38.75600511163473527, 91.81952098808635299 ) ) ;
#588 = CARTESIAN_POINT ( 'NONE',  ( 28.66915185648158726, -24.29590384187719465, -55.07514469556929271 ) ) ;
#589 = CARTESIAN_POINT ( 'NONE',  ( 0.3484846682544839314, 28.68063112271417836, 33.02608598509646498 ) ) ;
#590 = CARTESIAN_POINT ( 'NONE',  ( 0.4162198246158221315, 43.09773208111361242, 144.8248262075235573 ) ) ;
#591 = CARTESIAN_POINT ( 'NONE',  ( -0.5283684085479281034, 28.60797005037408525, 400.7130692314507883 ) ) ;
#592 = CARTESIAN_POINT ( 'NONE',  ( 6.645784838710229181, 43.51750352281265322, 205.3655121834290185 ) ) ;
#593 = CARTESIAN_POINT ( 'NONE',  ( 16.85023640479075269, 29.96293028805225944, 58.52711377744114429 ) ) ;
#594 = CARTESIAN_POINT ( 'NONE',  ( -1.143125009450731921, 44.06434548977031795, 200.0809688898185641 ) ) ;
#595 = CARTESIAN_POINT ( 'NONE',  ( 9.926387799738870754, 30.84861933187941219, 36.15367277638870291 ) ) ;
#596 = CARTESIAN_POINT ( 'NONE',  ( 45.70542344736742280, 27.26287060384419192, 124.9999999999999574 ) ) ;
#597 = CARTESIAN_POINT ( 'NONE',  ( 2.068239667017943262, 47.39242183869753688, 200.1764616201281228 ) ) ;
#598 = CARTESIAN_POINT ( 'NONE',  ( 0.1666862270537249058, 47.03131143947416604, 181.1826763077941109 ) ) ;
#599 = B_SPLINE_CURVE_WITH_KNOTS ( 'NONE', 3,
 ( #2049, #6431, #6627, #4980 ),
 .UNSPECIFIED., .F., .F.,
 ( 4, 4 ),
 ( 1.666779512946624722E-16, 0.004003820430720698639 ),
 .UNSPECIFIED. ) ;
#600 = VERTEX_POINT ( 'NONE', #6114 ) ;
#601 = EDGE_CURVE ( 'NONE', #2305, #6737, #1567, .T. ) ;
#602 = CARTESIAN_POINT ( 'NONE',  ( 0.3704729597490994952, 36.12515531563348503, 73.23647526802616881 ) ) ;
#603 = CARTESIAN_POINT ( 'NONE',  ( 4.931866905653286004, 42.44979909550423969, 146.2274015375073759 ) ) ;
#604 = CARTESIAN_POINT ( 'NONE',  ( -3.330844985526232982, -5.949735992423210718, -56.59751504260918864 ) ) ;
#605 = CARTESIAN_POINT ( 'NONE',  ( -2.536397724639881890, 31.85659019550479698, 50.03272541567658749 ) ) ;
#606 = CARTESIAN_POINT ( 'NONE',  ( 6.363334136993229251, 22.76016894090687614, 428.8992649007137175 ) ) ;
#607 = VECTOR ( 'NONE', #4318, 1000.000000000000000 ) ;
#608 = ORIENTED_EDGE ( 'NONE', *, *, #2765, .F. ) ;
#609 = CARTESIAN_POINT ( 'NONE',  ( -7.978932309762739372, 40.58359611355271568, 125.0000000000000284 ) ) ;
#610 = CARTESIAN_POINT ( 'NONE',  ( 0.9573959518996042473, 36.00720964673208613, 354.6273715488849803 ) ) ;
#611 = VERTEX_POINT ( 'NONE', #7270 ) ;
#612 = CARTESIAN_POINT ( 'NONE',  ( -30.56350419274784258, 26.70344673278587067, 48.86948383710899435 ) ) ;
#613 = EDGE_CURVE ( 'NONE', #7069, #1829, #5064, .T. ) ;
#614 = CARTESIAN_POINT ( 'NONE',  ( -0.05012917982375169473, 39.60155988818000594, 100.2710917598832907 ) ) ;
#615 = FACE_OUTER_BOUND ( 'NONE', #2341, .T. ) ;
#616 = CARTESIAN_POINT ( 'NONE',  ( -1.232214472287483709, 47.77296557967702739, 180.4880816561268375 ) ) ;
#617 = PLANE ( 'NONE',  #7223 ) ;
#618 = CARTESIAN_POINT ( 'NONE',  ( -16.69497130264578644, 38.10349942365807863, 117.3589928612901048 ) ) ;
#619 = CARTESIAN_POINT ( 'NONE',  ( 0.000000000000000000, 28.21750440619399214, 17.07389157737171459 ) ) ;
#620 = PRESENTATION_STYLE_ASSIGNMENT (( #2874 ) ) ;
#621 = CARTESIAN_POINT ( 'NONE',  ( 6.837193324545203232, 37.81816816238043799, 94.05313668420490103 ) ) ;
#622 = CARTESIAN_POINT ( 'NONE',  ( 12.54926442142181209, -19.83559714904187743, -65.17547834017919683 ) ) ;
#623 = CARTESIAN_POINT ( 'NONE',  ( 7.641121720573687881, 27.83001891275539563, 35.73366013232990213 ) ) ;
#624 = CARTESIAN_POINT ( 'NONE',  ( -21.45269485799961018, 40.68471869669583185, 179.7089197944423233 ) ) ;
#625 = CARTESIAN_POINT ( 'NONE',  ( 149.9999999999995168, -1.113709569569687474, 417.4376239672698148 ) ) ;
#626 = CARTESIAN_POINT ( 'NONE',  ( -0.1669182781908868374, 44.21119708039847751, 203.2682371719524212 ) ) ;
#627 = CARTESIAN_POINT ( 'NONE',  ( 4.728235854112623926, 33.19534129906452335, 59.21989323333660593 ) ) ;
#628 = CARTESIAN_POINT ( 'NONE',  ( -1.499740966673865472, 44.03241270162072851, 199.9197840436926867 ) ) ;
#629 = DIRECTION ( 'NONE',  ( 5.602867245962735462E-30, -1.000000000000000000, 0.000000000000000000 ) ) ;
#630 = CARTESIAN_POINT ( 'NONE',  ( -14.87061620924546901, 24.90990790275492017, 32.24206146665642336 ) ) ;
#631 = CARTESIAN_POINT ( 'NONE',  ( -5.479330558746597468, 43.44436312418973500, 216.2137364502199546 ) ) ;
#632 = CARTESIAN_POINT ( 'NONE',  ( 0.000000000000000000, 47.57416251593267731, 200.6869432474837254 ) ) ;
#633 = CARTESIAN_POINT ( 'NONE',  ( 0.000000000000000000, 47.04784670202291608, 181.1826763077941109 ) ) ;
#634 = VERTEX_POINT ( 'NONE', #3297 ) ;
#635 = FACE_OUTER_BOUND ( 'NONE', #5504, .T. ) ;
#636 = CARTESIAN_POINT ( 'NONE',  ( 27.11010101364243852, 38.37818484880968839, 162.0893225063368277 ) ) ;
#637 = CARTESIAN_POINT ( 'NONE',  ( -85.15847978174487309, 3.904776106732709806, 71.64136231852130265 ) ) ;
#638 = CARTESIAN_POINT ( 'NONE',  ( -33.66961747491285450, 28.53374233094294965, 84.61147123993839614 ) ) ;
#639 = CARTESIAN_POINT ( 'NONE',  ( -2.152184834420973747, -0.9668156101559031157, 529.2511884921991623 ) ) ;
#640 = AXIS2_PLACEMENT_3D ( 'NONE', #6879, #6912, #2411 ) ;
#641 = EDGE_CURVE ( 'NONE', #6672, #4419, #6361, .T. ) ;
#642 = ORIENTED_EDGE ( 'NONE', *, *, #935, .T. ) ;
#643 = CARTESIAN_POINT ( 'NONE',  ( -1.809136092359615811, 47.36738571988343693, 180.9907151874560043 ) ) ;
#644 = CARTESIAN_POINT ( 'NONE',  ( -13.31731313304985065, 38.32335583300963577, 331.1613580124958389 ) ) ;
#645 = ORIENTED_EDGE ( 'NONE', *, *, #1120, .F. ) ;
#646 = CARTESIAN_POINT ( 'NONE',  ( -28.13898804613750215, 27.14772440709666768, 46.25632756425339664 ) ) ;
#647 = CARTESIAN_POINT ( 'NONE',  ( 6.919920365888734574E-14, 40.86602728981571175, 111.9364618116433689 ) ) ;
#648 = CARTESIAN_POINT ( 'NONE',  ( -33.80087815498110615, 33.56466264743905015, 126.9066142446512515 ) ) ;
#649 = DIRECTION ( 'NONE',  ( 1.000000000000000000, 0.000000000000000000, 0.000000000000000000 ) ) ;
#650 = CARTESIAN_POINT ( 'NONE',  ( 1.793437411546241478, 45.87555291334074070, 252.9410945478491897 ) ) ;
#651 = CARTESIAN_POINT ( 'NONE',  ( -2.856219491863008830, -8.493023692875212305, -59.56494007984454697 ) ) ;
#652 = CARTESIAN_POINT ( 'NONE',  ( -5.056801552260828281, 38.71689684264161002, 98.51523795622925661 ) ) ;
#653 = CARTESIAN_POINT ( 'NONE',  ( -56.27053592963592621, 0.7516941916051447237, 210.4962128354270590 ) ) ;
#654 = FACE_OUTER_BOUND ( 'NONE', #5382, .T. ) ;
#655 = CARTESIAN_POINT ( 'NONE',  ( 0.2097076056253931731, 40.48324798165091210, 108.7319039410846528 ) ) ;
#656 = CARTESIAN_POINT ( 'NONE',  ( 2.401798183064104641, 47.32152945029022106, 182.5505102492474521 ) ) ;
#657 = CARTESIAN_POINT ( 'NONE',  ( -0.9565858417292030236, -24.71121349876131390, -76.19616986922960677 ) ) ;
#658 = CARTESIAN_POINT ( 'NONE',  ( -59.97550560955480847, 34.43158503966466810, 201.9292928342558184 ) ) ;
#659 = CARTESIAN_POINT ( 'NONE',  ( -4.382173604838357051, 43.12558527712394607, 157.8658536223605608 ) ) ;
#660 = CARTESIAN_POINT ( 'NONE',  ( 2.463040405063526617, 2.764101418705058322, 515.2409785199594126 ) ) ;
#661 = CARTESIAN_POINT ( 'NONE',  ( -0.4100250880955601529, 43.98336871845717866, 214.6078667906059820 ) ) ;
#662 = CARTESIAN_POINT ( 'NONE',  ( 8.060741074869721245, 32.76647252389188480, 60.96854574116585468 ) ) ;
#663 = CARTESIAN_POINT ( 'NONE',  ( -0.7614011009978781663, 44.09838752552106200, 200.1697763010087385 ) ) ;
#664 = CARTESIAN_POINT ( 'NONE',  ( 0.000000000000000000, 0.000000000000000000, 0.000000000000000000 ) ) ;
#665 = CARTESIAN_POINT ( 'NONE',  ( -16.35072411818069327, 41.96325836376144736, 213.8493120664509206 ) ) ;
#666 = CARTESIAN_POINT ( 'NONE',  ( -2.500000000000233591, 47.31740675039159783, 183.1766820975554140 ) ) ;
#667 = CARTESIAN_POINT ( 'NONE',  ( -2.500000000000235811, 43.94496353703594593, 198.1826763077941393 ) ) ;
#668 = VECTOR ( 'NONE', #521, 1000.000000000000000 ) ;
#669 = ORIENTED_EDGE ( 'NONE', *, *, #5229, .T. ) ;
#670 = DIRECTION ( 'NONE',  ( 0.000000000000000000, -1.000000000000000000, 0.000000000000000000 ) ) ;
#671 = CARTESIAN_POINT ( 'NONE',  ( -0.5628395017139938838, 43.70333353160379630, 156.6644053945687460 ) ) ;
#672 = CARTESIAN_POINT ( 'NONE',  ( 0.000000000000000000, 20.62319512748768346, -7.191526245911063597 ) ) ;
#673 = CARTESIAN_POINT ( 'NONE',  ( 0.3419000345649500505, 33.82311870036248536, 58.07856718284561737 ) ) ;
#674 = CARTESIAN_POINT ( 'NONE',  ( 0.000000000000000000, -7.286313120370254026, 550.2112436993119218 ) ) ;
#675 = VERTEX_POINT ( 'NONE', #1083 ) ;
#676 = CARTESIAN_POINT ( 'NONE',  ( -26.38325814811973657, 39.39636387020868824, 213.0663811645767964 ) ) ;
#677 = CARTESIAN_POINT ( 'NONE',  ( -47.69512756224418126, 13.92142524552201266, 338.3749908464645841 ) ) ;
#678 = ORIENTED_EDGE ( 'NONE', *, *, #984, .T. ) ;
#679 = CARTESIAN_POINT ( 'NONE',  ( -39.63749387989575013, 26.52228091262966103, 69.18754356468517130 ) ) ;
#680 = EDGE_CURVE ( 'NONE', #2442, #6487, #3579, .T. ) ;
#681 = CARTESIAN_POINT ( 'NONE',  ( -47.18662631310380107, 32.14045952894919367, 144.5027494012126965 ) ) ;
#682 = CARTESIAN_POINT ( 'NONE',  ( -5.696185718425701872, 38.87439276492933260, 101.9431194919885684 ) ) ;
#683 = CARTESIAN_POINT ( 'NONE',  ( 2.801030551536983548, 47.27117612385304568, 182.0657889005620405 ) ) ;
#684 = CARTESIAN_POINT ( 'NONE',  ( -1.467788928062101705, 44.48375703246001933, 275.5401249740329490 ) ) ;
#685 = CARTESIAN_POINT ( 'NONE',  ( -0.000000000000000000, 47.33542885269887535, 200.2372026227380104 ) ) ;
#686 = CARTESIAN_POINT ( 'NONE',  ( 0.000000000000000000, -14.90059978858783118, -66.09690123838019815 ) ) ;
#687 = ORIENTED_EDGE ( 'NONE', *, *, #2947, .T. ) ;
#688 = CARTESIAN_POINT ( 'NONE',  ( 0.1175323572830880431, 36.18634870959620287, 73.23153447721733755 ) ) ;
#689 = CARTESIAN_POINT ( 'NONE',  ( 0.8988173065986810872, 24.74562245569138952, 4.905429404791115111 ) ) ;
#690 = ORIENTED_EDGE ( 'NONE', *, *, #4633, .T. ) ;
#691 = CARTESIAN_POINT ( 'NONE',  ( -0.3779905883217989926, 40.55612814637475338, 108.7213784163052424 ) ) ;
#692 = CARTESIAN_POINT ( 'NONE',  ( 2.500000000000243805, 46.75643913976617227, 183.0503098131503918 ) ) ;
#693 = CARTESIAN_POINT ( 'NONE',  ( 150.0000000000000000, 6.573444530005628117, 217.0034385749200965 ) ) ;
#694 = CARTESIAN_POINT ( 'NONE',  ( -8.431562461238529593, 46.07402497580898171, 158.2968993032507683 ) ) ;
#695 = CARTESIAN_POINT ( 'NONE',  ( 0.1483131520082957844, 43.06705367705304610, 144.8343253306716463 ) ) ;
#696 = CARTESIAN_POINT ( 'NONE',  ( 149.9999999999999716, 1.632909915346569596, 401.7829050630052166 ) ) ;
#697 = VECTOR ( 'NONE', #3859, 1000.000000000000000 ) ;
#698 = EDGE_CURVE ( 'NONE', #4211, #2442, #7309, .T. ) ;
#699 = CARTESIAN_POINT ( 'NONE',  ( 5.634261762612960744, 43.63570495977915442, 204.9529721451367834 ) ) ;
#700 = CARTESIAN_POINT ( 'NONE',  ( -0.3604370810144286175, 36.46558776237690580, 74.92788799704433700 ) ) ;
#701 = CARTESIAN_POINT ( 'NONE',  ( 5.551643381932488630, 43.57563902619688179, 206.0172031441923366 ) ) ;
#702 = CARTESIAN_POINT ( 'NONE',  ( -1.190148762107971603, 47.47039874796148240, 200.6071977765389249 ) ) ;
#703 = CARTESIAN_POINT ( 'NONE',  ( -38.72287871206066256, 33.62005862217818475, 242.5316271160472468 ) ) ;
#704 = CARTESIAN_POINT ( 'NONE',  ( -1.974914245429317816, 47.28203194932483200, 155.6413165022189844 ) ) ;
#705 = ORIENTED_EDGE ( 'NONE', *, *, #3594, .T. ) ;
#706 = EDGE_CURVE ( 'NONE', #4328, #5648, #2174, .T. ) ;
#707 = CARTESIAN_POINT ( 'NONE',  ( 0.2736773185240038986, 43.61078592027017464, 156.7198276333151341 ) ) ;
#708 = CARTESIAN_POINT ( 'NONE',  ( 0.03227321408491649890, 41.86783190812482047, 125.6010734984936192 ) ) ;
#709 = CARTESIAN_POINT ( 'NONE',  ( 0.8834387404823768053, 28.31537238341890372, 17.13475425666132068 ) ) ;
#710 = CARTESIAN_POINT ( 'NONE',  ( -42.60316677753266390, 26.35429633409316352, 100.9497519040165088 ) ) ;
#711 = CARTESIAN_POINT ( 'NONE',  ( -2.177296947288516193, -4.542331835814525043, 541.4227397640479467 ) ) ;
#712 = CARTESIAN_POINT ( 'NONE',  ( -150.0000000000000568, 0.2544905633191389405, 409.6453932724846823 ) ) ;
#713 = ORIENTED_EDGE ( 'NONE', *, *, #6557, .T. ) ;
#714 = CARTESIAN_POINT ( 'NONE',  ( -0.5000000000002385869, 44.08804002252327336, 181.1826763077941109 ) ) ;
#715 = CARTESIAN_POINT ( 'NONE',  ( -13.42993013484968756, 41.72605030748574251, 299.6411483311551933 ) ) ;
#716 = ORIENTED_EDGE ( 'NONE', *, *, #794, .T. ) ;
#717 = CARTESIAN_POINT ( 'NONE',  ( 48.32415448321622620, 29.64237880311033635, 190.6781851572344237 ) ) ;
#718 = CARTESIAN_POINT ( 'NONE',  ( 7.570441669380034710E-14, 44.16555015067614676, 200.1826763077939120 ) ) ;
#719 = CARTESIAN_POINT ( 'NONE',  ( -7.179691663644291566, 37.77136730797828790, 94.23213903957820037 ) ) ;
#720 = CARTESIAN_POINT ( 'NONE',  ( 1.207798242360441199, 47.42823558580811039, 180.7425819501723652 ) ) ;
#721 = CARTESIAN_POINT ( 'NONE',  ( 149.9999999999999716, 16.36900979716714133, 304.7041830578932036 ) ) ;
#722 = DIRECTION ( 'NONE',  ( -1.000000000000000000, 0.000000000000000000, 0.000000000000000000 ) ) ;
#723 = CARTESIAN_POINT ( 'NONE',  ( 150.0000000000000284, -0.1700441024495829567, 208.5255278475402463 ) ) ;
#724 = ORIENTED_EDGE ( 'NONE', *, *, #4036, .F. ) ;
#725 = CARTESIAN_POINT ( 'NONE',  ( -50.87495651654241158, 26.31746885245905432, 150.9184854990085114 ) ) ;
#726 = CARTESIAN_POINT ( 'NONE',  ( 0.000000000000000000, 7.905339886619993095, -35.92712258355483357 ) ) ;
#727 = CARTESIAN_POINT ( 'NONE',  ( -30.19014203700274024, 38.36920489510013255, 125.0000000000000568 ) ) ;
#728 = CARTESIAN_POINT ( 'NONE',  ( 10.35529312413468617, 38.22869074286292346, 104.3919116016650577 ) ) ;
#729 = FACE_OUTER_BOUND ( 'NONE', #3518, .T. ) ;
#730 = CARTESIAN_POINT ( 'NONE',  ( 86.78479610272228228, -8.426922040965695970, 51.82892328279097427 ) ) ;
#731 = CARTESIAN_POINT ( 'NONE',  ( 1.467788928062101705, 44.48375703246001933, 275.5401249740329490 ) ) ;
#732 = CARTESIAN_POINT ( 'NONE',  ( -1.985511505480982208, 42.81638380429448176, 145.1782095395958549 ) ) ;
#733 = CARTESIAN_POINT ( 'NONE',  ( -1.331304062742782568, 10.42035447031314632, 486.5845591189742549 ) ) ;
#734 = ADVANCED_FACE ( 'NONE', ( #5506 ), #914, .T. ) ;
#735 = CARTESIAN_POINT ( 'NONE',  ( 1.379431691356943546, 43.83965596801279929, 214.9069968975605320 ) ) ;
#736 = CARTESIAN_POINT ( 'NONE',  ( 36.32919494525228998, 29.14596841084993173, 97.23701585512598911 ) ) ;
#737 = CARTESIAN_POINT ( 'NONE',  ( 0.4186394252335403632, 41.30902457550902795, 117.1685342701230894 ) ) ;
#738 = DIRECTION ( 'NONE',  ( 0.000000000000000000, -1.000000000000000000, 0.000000000000000000 ) ) ;
#739 = CARTESIAN_POINT ( 'NONE',  ( -8.119313058762513080, 25.72995576579114285, 27.82610992234369007 ) ) ;
#740 = CARTESIAN_POINT ( 'NONE',  ( -30.25122119229313000, 38.22746490272991338, 211.3007457716394129 ) ) ;
#741 = CARTESIAN_POINT ( 'NONE',  ( 50.07172804542855005, 20.26724883329845284, 270.0327580235693290 ) ) ;
#742 = ORIENTED_EDGE ( 'NONE', *, *, #197, .F. ) ;
#743 = CARTESIAN_POINT ( 'NONE',  ( 8.298223332256238649, 42.60645274339708521, 159.6845678515482518 ) ) ;
#744 = CARTESIAN_POINT ( 'NONE',  ( 2.188918937572735146, 40.98585591904765835, 117.5011284926520432 ) ) ;
#745 = CIRCLE ( 'NONE', #3988, 0.5000000000000016653 ) ;
#746 = CARTESIAN_POINT ( 'NONE',  ( 0.000000000000000000, 31.36851352753711808, 29.45516409742108621 ) ) ;
#747 = CARTESIAN_POINT ( 'NONE',  ( 0.2831589679295758444, 32.19880254159608768, 49.71369413128359582 ) ) ;
#748 = B_SPLINE_CURVE_WITH_KNOTS ( 'NONE', 3,
 ( #1609, #2663, #6716, #6040 ),
 .UNSPECIFIED., .F., .F.,
 ( 4, 4 ),
 ( 6.938893903907228378E-18, 0.003527626072692524161 ),
 .UNSPECIFIED. ) ;
#749 = CARTESIAN_POINT ( 'NONE',  ( 35.60447105139471802, -13.62282190332221887, 502.3110443960222824 ) ) ;
#750 = CARTESIAN_POINT ( 'NONE',  ( -6.953941588068372148, 6.120562770953910992, 500.2070897956710951 ) ) ;
#751 = CARTESIAN_POINT ( 'NONE',  ( -19.97492105791641137, 25.10366008062631238, 40.14380145408672718 ) ) ;
#752 = CARTESIAN_POINT ( 'NONE',  ( -40.00984483757177657, 16.72124631380037485, 402.1504229787130384 ) ) ;
#753 = VERTEX_POINT ( 'NONE', #1528 ) ;
#754 = CARTESIAN_POINT ( 'NONE',  ( -1.821459649775647765E-14, 37.50849065336868193, 82.65928861085772894 ) ) ;
#755 = VECTOR ( 'NONE', #1331, 1000.000000000000000 ) ;
#756 = CARTESIAN_POINT ( 'NONE',  ( 0.5000000000002424727, 46.99765288992998080, 181.1826763077939972 ) ) ;
#757 = CARTESIAN_POINT ( 'NONE',  ( -7.858343051956328651, 37.67720179350244081, 94.59760539694532611 ) ) ;
#758 = CARTESIAN_POINT ( 'NONE',  ( -1.024170345567492202, 46.00818778601377090, 252.5475023864288744 ) ) ;
#759 = CARTESIAN_POINT ( 'NONE',  ( 7.500000000000000000, 29.52443753907863666, 35.04931211369478916 ) ) ;
#760 = CARTESIAN_POINT ( 'NONE',  ( 85.15847978174487309, 3.904776106732709806, 71.64136231852130265 ) ) ;
#761 = ORIENTED_EDGE ( 'NONE', *, *, #5188, .F. ) ;
#762 = CARTESIAN_POINT ( 'NONE',  ( 0.2526882460309717304, 37.97952843846368154, 85.16903664497644399 ) ) ;
#763 =( BOUNDED_SURFACE ( )  B_SPLINE_SURFACE ( 3, 2, ( 
 ( #5563, #6167, #3754 ),
 ( #1542, #426, #6051 ),
 ( #2560, #1429, #6127 ),
 ( #3715, #902, #4475 ) ),
 .UNSPECIFIED., .F., .F., .T. ) 
 B_SPLINE_SURFACE_WITH_KNOTS ( ( 4, 4 ),
 ( 3, 3 ),
 ( 0.000000000000000000, 0.0005553661539217051970 ),
 ( 0.000000000000000000, 1.000000000000000000 ),
 .UNSPECIFIED. ) 
 GEOMETRIC_REPRESENTATION_ITEM ( )  RATIONAL_B_SPLINE_SURFACE ( (
 ( 1.000000000000000000, 0.7030646738580903499, 1.000000000000000000),
 ( 1.000000000000000000, 0.7031059385401473572, 1.000000000000000000),
 ( 1.000000000000000000, 0.7031462429687767024, 1.000000000000000000),
 ( 1.000000000000000000, 0.7031854823648744368, 1.000000000000000000) ) ) 
 REPRESENTATION_ITEM ( '' )  SURFACE ( )  );
#764 = CARTESIAN_POINT ( 'NONE',  ( 0.000000000000000000, 43.71089409265118064, 105.2394046492437667 ) ) ;
#765 = EDGE_LOOP ( 'NONE', ( #5779, #5274, #4018, #7268 ) ) ;
#766 = CARTESIAN_POINT ( 'NONE',  ( -2.233541294116894615, 46.83684341849927790, 199.1887186033474109 ) ) ;
#767 = CARTESIAN_POINT ( 'NONE',  ( 0.5463158265658482060, 40.44130954790495025, 108.7594044386313641 ) ) ;
#768 = CARTESIAN_POINT ( 'NONE',  ( 27.46196269911229848, 23.50986019308620101, 45.55957488496180474 ) ) ;
#769 = CARTESIAN_POINT ( 'NONE',  ( -2.853196301606920837, -5.731608919956029169, -56.50461328002980821 ) ) ;
#770 = CARTESIAN_POINT ( 'NONE',  ( 0.9785259520414012480, 44.46994292845445074, 275.6022355444260938 ) ) ;
#771 = CARTESIAN_POINT ( 'NONE',  ( -45.18916268035302153, 31.36672370048445302, 192.9567416818083814 ) ) ;
#772 = CARTESIAN_POINT ( 'NONE',  ( -1.434789889613982350, -1.011398729720650369, 529.3086085165732584 ) ) ;
#773 = ORIENTED_EDGE ( 'NONE', *, *, #4592, .T. ) ;
#774 = CARTESIAN_POINT ( 'NONE',  ( 4.147044127342804920, 43.58352259289911501, 215.7239221236642379 ) ) ;
#775 = EDGE_CURVE ( 'NONE', #2926, #1634, #3329, .T. ) ;
#776 = CARTESIAN_POINT ( 'NONE',  ( 36.92085065491297513, 27.79829014692858280, 89.85430449118095453 ) ) ;
#777 = CARTESIAN_POINT ( 'NONE',  ( -18.97105211586717388, 38.46533695099202532, 126.9989434550329861 ) ) ;
#778 = CARTESIAN_POINT ( 'NONE',  ( 3.237736701185796040, 30.97051158691810357, 46.18742179246510915 ) ) ;
#779 = CARTESIAN_POINT ( 'NONE',  ( -13.10057382032200657, 45.96891595766560812, 213.8493120226899862 ) ) ;
#780 = CARTESIAN_POINT ( 'NONE',  ( -6.645784825325717904, 43.51750352441943903, 205.3655121798599339 ) ) ;
#781 = CARTESIAN_POINT ( 'NONE',  ( 149.9999999999993463, 17.39257541835625176, 283.2293150073691663 ) ) ;
#782 = VERTEX_POINT ( 'NONE', #7411 ) ;
#783 = CARTESIAN_POINT ( 'NONE',  ( 5.979320337095362703, 42.92148385234297336, 158.5644656777839145 ) ) ;
#784 = CARTESIAN_POINT ( 'NONE',  ( 40.68025606855600529, 32.06388067202257730, 147.7633061882026198 ) ) ;
#785 = CARTESIAN_POINT ( 'NONE',  ( -25.25810368633090164, 30.80518904790463353, 56.02471470947404697 ) ) ;
#786 = CARTESIAN_POINT ( 'NONE',  ( -43.22155420478081567, 24.89746895770843338, 93.98993643099609585 ) ) ;
#787 = CARTESIAN_POINT ( 'NONE',  ( 149.9999999999992042, -3.609269300846623008, 431.4188600312683661 ) ) ;
#788 = CARTESIAN_POINT ( 'NONE',  ( 0.000000000000000000, 2.926735556036303532, 515.0430825616978154 ) ) ;
#789 = MANIFOLD_SOLID_BREP ( 'Przeciêcie1[4]', #2465 ) ;
#790 = CARTESIAN_POINT ( 'NONE',  ( -36.80664775674384970, 35.45198087260425979, 208.2740537659995539 ) ) ;
#791 = CARTESIAN_POINT ( 'NONE',  ( -2.005225952241261655, 23.00456069334608245, 429.7794286210721566 ) ) ;
#792 = CARTESIAN_POINT ( 'NONE',  ( -1.796036740425843936, 47.41671490458566751, 200.3574387676362107 ) ) ;
#793 = CARTESIAN_POINT ( 'NONE',  ( -2.446637940624329488, 43.89611785309455172, 182.6547988715361441 ) ) ;
#794 = EDGE_CURVE ( 'NONE', #7007, #4853, #6009, .T. ) ;
#795 = CARTESIAN_POINT ( 'NONE',  ( -0.000000000000000000, 45.84990318109093721, 133.6511722691879811 ) ) ;
#796 = CARTESIAN_POINT ( 'NONE',  ( -40.57009595196885243, 30.00151418627410749, 122.0025149908281321 ) ) ;
#797 = CARTESIAN_POINT ( 'NONE',  ( 13.42993013484968756, 41.72605030748574251, 299.6411483311551933 ) ) ;
#798 = CARTESIAN_POINT ( 'NONE',  ( 13.94578244643910203, 39.39013018197670135, 124.9999999999999574 ) ) ;
#799 = CARTESIAN_POINT ( 'NONE',  ( -1.897887140548182083, -1.930630389853631890, -51.65318905880917555 ) ) ;
#800 = ORIENTED_EDGE ( 'NONE', *, *, #2428, .F. ) ;
#801 = CARTESIAN_POINT ( 'NONE',  ( -0.8611309667645196120, 36.06368791811348729, 73.27886451919003719 ) ) ;
#802 = CARTESIAN_POINT ( 'NONE',  ( 0.8232861172484648993, 37.52274279518023548, 58.77084347987265289 ) ) ;
#803 = CARTESIAN_POINT ( 'NONE',  ( -0.6109698595629649009, 41.69742861819857893, 121.0539593804372061 ) ) ;
#804 = EDGE_CURVE ( 'NONE', #2007, #2466, #1182, .T. ) ;
#805 = CARTESIAN_POINT ( 'NONE',  ( -33.01933606118252840, 37.32296393988028171, 125.0000000000001137 ) ) ;
#806 = CARTESIAN_POINT ( 'NONE',  ( -0.1203758962488570422, 39.62285842664533675, 100.2674161288568655 ) ) ;
#807 = CARTESIAN_POINT ( 'NONE',  ( 19.52151193667884144, 25.20080434525362278, 39.89152367680509315 ) ) ;
#808 = CARTESIAN_POINT ( 'NONE',  ( -0.9429501939302636915, 4.886886460646159058, -41.31700136380539590 ) ) ;
#809 = CARTESIAN_POINT ( 'NONE',  ( 1.423592574024759250, 42.54900955428178833, 298.0807919074272831 ) ) ;
#810 = CARTESIAN_POINT ( 'NONE',  ( -0.4929343444927981044, 42.99295586709506267, 144.8889052063620397 ) ) ;
#811 = CARTESIAN_POINT ( 'NONE',  ( 35.62511535099858406, -12.77791609919348659, 499.3972652287001210 ) ) ;
#812 = CARTESIAN_POINT ( 'NONE',  ( 0.6154591478754274370, 36.09446863313614529, 73.25227935951406266 ) ) ;
#813 = ORIENTED_EDGE ( 'NONE', *, *, #7061, .F. ) ;
#814 = CARTESIAN_POINT ( 'NONE',  ( 39.13659956403807882, 28.40223439783433079, 102.5955484283139896 ) ) ;
#815 = CARTESIAN_POINT ( 'NONE',  ( -1.194594031713559490, 41.11023420297965458, 117.2980684130852183 ) ) ;
#816 = CARTESIAN_POINT ( 'NONE',  ( 5.101045724339333454, 30.45324175051655757, 45.46184413307150862 ) ) ;
#817 = CARTESIAN_POINT ( 'NONE',  ( -2.196569401654306475, 47.38092914681135426, 200.0716613672675237 ) ) ;
#818 = CARTESIAN_POINT ( 'NONE',  ( 0.4327164730331581888, 44.30553735742702059, 191.7202155870512001 ) ) ;
#819 = CARTESIAN_POINT ( 'NONE',  ( -1.024170345567492202, 46.00818778601377090, 252.5475023864288744 ) ) ;
#820 = VECTOR ( 'NONE', #3842, 1000.000000000000000 ) ;
#821 = EDGE_LOOP ( 'NONE', ( #5157, #277, #4370, #2410 ) ) ;
#822 = CARTESIAN_POINT ( 'NONE',  ( 5.796606275227547123, 43.31526656619250559, 170.2543013650356443 ) ) ;
#823 = CARTESIAN_POINT ( 'NONE',  ( -0.2948327824452018908, 41.29389203859716417, 117.1679785117013211 ) ) ;
#824 = CARTESIAN_POINT ( 'NONE',  ( -12.12700268568815254, 15.00943372669715004, -14.20656591047415240 ) ) ;
#825 = CARTESIAN_POINT ( 'NONE',  ( -4.866381304232199057, 29.96884204976846178, 42.55048661407025890 ) ) ;
#826 = CARTESIAN_POINT ( 'NONE',  ( -3.055740260237096884, 47.25506751184101262, 183.1773503352326316 ) ) ;
#827 = CARTESIAN_POINT ( 'NONE',  ( -57.77097111345211289, -2.535394609008782663, 415.1043187994338837 ) ) ;
#828 = DIRECTION ( 'NONE',  ( 0.000000000000000000, -0.9756403112553629908, 0.2193763502603199023 ) ) ;
#829 = CARTESIAN_POINT ( 'NONE',  ( 1.788897586348170865, 20.19855326254756278, 444.2540033977297185 ) ) ;
#830 = CARTESIAN_POINT ( 'NONE',  ( -2.246275328284753847, 47.38187986207081792, 199.1664279169402789 ) ) ;
#831 = EDGE_CURVE ( 'NONE', #473, #2305, #552, .T. ) ;
#832 = CARTESIAN_POINT ( 'NONE',  ( -6.308850778225931322, 30.06514676572619749, 44.91746085210243677 ) ) ;
#833 = CARTESIAN_POINT ( 'NONE',  ( -3.131899334735948059, 36.02648389319341504, 75.46630175765741910 ) ) ;
#834 = CARTESIAN_POINT ( 'NONE',  ( -0.9573959518996042473, 36.00720964673208613, 354.6273715488849803 ) ) ;
#835 = CARTESIAN_POINT ( 'NONE',  ( 0.000000000000000000, 0.000000000000000000, 125.0000000000000000 ) ) ;
#836 = CARTESIAN_POINT ( 'NONE',  ( 28.11698015143261742, 5.915450505645251766, -17.51976183688852373 ) ) ;
#837 = ORIENTED_EDGE ( 'NONE', *, *, #22, .F. ) ;
#838 = CARTESIAN_POINT ( 'NONE',  ( -0.5877462327494120675, 37.87349044104711737, 85.19091765769937297 ) ) ;
#839 = CARTESIAN_POINT ( 'NONE',  ( 0.000000000000000000, 34.15347802815850997, 41.94911547631893001 ) ) ;
#840 = ORIENTED_EDGE ( 'NONE', *, *, #2136, .T. ) ;
#841 = EDGE_CURVE ( 'NONE', #2163, #6073, #7404, .T. ) ;
#842 = CARTESIAN_POINT ( 'NONE',  ( 9.380130084187252137, 39.24866745770705734, 112.7194810992285454 ) ) ;
#843 = CARTESIAN_POINT ( 'NONE',  ( -1.142552375474985338, 46.95849268924840203, 200.0811564362652177 ) ) ;
#844 = CARTESIAN_POINT ( 'NONE',  ( 18.56538169058622856, 39.14783522720338738, 135.0582119982694280 ) ) ;
#845 = CARTESIAN_POINT ( 'NONE',  ( 0.000000000000000000, 7.905339886619993095, -35.92712258355483357 ) ) ;
#846 = CARTESIAN_POINT ( 'NONE',  ( -43.14658061911373466, 35.50342271598734101, 304.1660564602935892 ) ) ;
#847 = CARTESIAN_POINT ( 'NONE',  ( 0.3726545912158883422, 42.50299545936802303, 132.9792050749656767 ) ) ;
#848 = CARTESIAN_POINT ( 'NONE',  ( -3.350178695052929978, -24.66882895534568121, -76.10165956531285758 ) ) ;
#849 = CARTESIAN_POINT ( 'NONE',  ( 5.527113224680560322, 38.65437565335508197, 98.72940202396287646 ) ) ;
#850 = ORIENTED_EDGE ( 'NONE', *, *, #1232, .T. ) ;
#851 = PRESENTATION_STYLE_ASSIGNMENT (( #139 ) ) ;
#852 = CARTESIAN_POINT ( 'NONE',  ( 7.661289801892302798, 36.65507606365547844, 86.02838857192688238 ) ) ;
#853 = CARTESIAN_POINT ( 'NONE',  ( -34.35478425091667276, 35.20344307202084622, 153.1873339826034908 ) ) ;
#854 = FACE_OUTER_BOUND ( 'NONE', #3537, .T. ) ;
#855 = CARTESIAN_POINT ( 'NONE',  ( -3.287005194550332909, 43.93735152438165414, 192.5406854959186091 ) ) ;
#856 = CARTESIAN_POINT ( 'NONE',  ( -1.467788928062101705, 44.48375703246001933, 275.5401249740329490 ) ) ;
#857 = VECTOR ( 'NONE', #3683, 1000.000000000000000 ) ;
#858 = VERTEX_POINT ( 'NONE', #2944 ) ;
#859 = B_SPLINE_CURVE_WITH_KNOTS ( 'NONE', 3,
 ( #269, #6943, #5818, #714 ),
 .UNSPECIFIED., .F., .F.,
 ( 4, 4 ),
 ( 0.0005024544066649521985, 0.001005022404268993662 ),
 .UNSPECIFIED. ) ;
#860 = CARTESIAN_POINT ( 'NONE',  ( 21.45269486585021568, 40.68471869477452429, 179.7089197998526515 ) ) ;
#861 = CARTESIAN_POINT ( 'NONE',  ( -0.3738107349655844791, 41.91675782321586752, 125.5895006114515269 ) ) ;
#862 = CARTESIAN_POINT ( 'NONE',  ( 2.106299519530117959, 46.03114097764294144, 130.5598387451737779 ) ) ;
#863 = CARTESIAN_POINT ( 'NONE',  ( -30.31630165091664253, 27.72869473800225393, 72.11274735440967731 ) ) ;
#864 = CARTESIAN_POINT ( 'NONE',  ( -1.659717883920136750, 47.38250565889413224, 180.9291240669642775 ) ) ;
#865 = CARTESIAN_POINT ( 'NONE',  ( 0.7295355504911777977, -7.249700490246020479, 550.1677435810472616 ) ) ;
#866 = CARTESIAN_POINT ( 'NONE',  ( 2.004143321893835150, 46.80845448035263701, 181.8580814511870472 ) ) ;
#867 = CARTESIAN_POINT ( 'NONE',  ( -150.0000000000001421, 9.607543969010292173, 355.1325008380466102 ) ) ;
#868 = CARTESIAN_POINT ( 'NONE',  ( -2.500000000000239364, 46.80943403607544440, 198.1826763077940825 ) ) ;
#869 = DIRECTION ( 'NONE',  ( 0.000000000000000000, -1.644517855226013126E-15, 1.000000000000000000 ) ) ;
#870 = CARTESIAN_POINT ( 'NONE',  ( 0.000000000000000000, 47.55029173357762318, 180.6771448133950742 ) ) ;
#871 = EDGE_CURVE ( 'NONE', #4249, #511, #4100, .T. ) ;
#872 = CARTESIAN_POINT ( 'NONE',  ( 0.4046128022547303971, 36.47114022657626009, 74.93019754473154137 ) ) ;
#873 = CARTESIAN_POINT ( 'NONE',  ( 1.761563983812512779, 32.02393952748043660, 380.3584216962848927 ) ) ;
#874 = CARTESIAN_POINT ( 'NONE',  ( -3.052012081197529980, 47.32573209178499951, 193.1820792560602627 ) ) ;
#875 = CARTESIAN_POINT ( 'NONE',  ( 27.66326358064004864, 13.52599411192533374, -1.587463340206875628 ) ) ;
#876 = VERTEX_POINT ( 'NONE', #3503 ) ;
#877 = CARTESIAN_POINT ( 'NONE',  ( 0.000000000000000000, 47.37928842645280980, 213.8493121484527819 ) ) ;
#878 = CARTESIAN_POINT ( 'NONE',  ( -11.07186743597200973, 32.81523294668829749, 45.76036132870854090 ) ) ;
#879 = ORIENTED_EDGE ( 'NONE', *, *, #2539, .F. ) ;
#880 = AXIS2_PLACEMENT_3D ( 'NONE', #3910, #1061, #3348 ) ;
#881 = CARTESIAN_POINT ( 'NONE',  ( 19.50898712121480116, 37.57850976283605604, 119.7014474312046559 ) ) ;
#882 = CARTESIAN_POINT ( 'NONE',  ( 19.57372215414722660, 44.71058650513265320, 213.8493121098462098 ) ) ;
#883 = CARTESIAN_POINT ( 'NONE',  ( 8.078565594260567195E-09, 43.96890531627143162, 213.8493118463000826 ) ) ;
#884 = CARTESIAN_POINT ( 'NONE',  ( 25.82676969938875899, 28.08943016872629528, 44.17302050310121331 ) ) ;
#885 = CARTESIAN_POINT ( 'NONE',  ( -1.649437573462356754, 41.01991156795418902, 312.8522970477960143 ) ) ;
#886 = CARTESIAN_POINT ( 'NONE',  ( 0.3187112539921957421, 42.49660503148978563, 132.9799698284702743 ) ) ;
#887 = CARTESIAN_POINT ( 'NONE',  ( -12.56828236095124929, -24.59226084328281203, -70.07999748860358125 ) ) ;
#888 = CARTESIAN_POINT ( 'NONE',  ( -0.3125278770435970244, 37.98707482269480096, 85.17051494955201463 ) ) ;
#889 = ORIENTED_EDGE ( 'NONE', *, *, #775, .T. ) ;
#890 = CARTESIAN_POINT ( 'NONE',  ( 3.853884407724073480, 35.93415858681370878, 75.74569009069833214 ) ) ;
#891 = CARTESIAN_POINT ( 'NONE',  ( -5.802077827835384838, 40.51468260120851284, 118.9207879961768128 ) ) ;
#892 = CARTESIAN_POINT ( 'NONE',  ( 7.500000000000000000, 60.00000000000000711, 35.65990972620951993 ) ) ;
#893 = CARTESIAN_POINT ( 'NONE',  ( -45.70542344819675407, 31.29850771630736261, 125.0000000100238680 ) ) ;
#894 = CARTESIAN_POINT ( 'NONE',  ( -5.293419699412968527, 43.67449185559016911, 204.8163528780720242 ) ) ;
#895 = CARTESIAN_POINT ( 'NONE',  ( -0.5120851727837461009, 45.98408210575418309, 252.6190356612356140 ) ) ;
#896 = CARTESIAN_POINT ( 'NONE',  ( 0.07140445866616410009, 43.97997426952668576, 168.4742871758698755 ) ) ;
#897 = CARTESIAN_POINT ( 'NONE',  ( 0.5140283056964359831, 30.48560988017088391, 41.34435299460995594 ) ) ;
#898 = CARTESIAN_POINT ( 'NONE',  ( 0.000000000000000000, 43.71089409265118064, 105.2394046492437667 ) ) ;
#899 = CARTESIAN_POINT ( 'NONE',  ( -45.67448849934057620, 24.21908778267731677, 100.0394068293828695 ) ) ;
#900 = CARTESIAN_POINT ( 'NONE',  ( -0.5000000000002295941, 46.99765288992999501, 181.1826763077942246 ) ) ;
#901 = CARTESIAN_POINT ( 'NONE',  ( -149.9999999999998579, -5.139754097654222420, 439.4216061485305431 ) ) ;
#902 = CARTESIAN_POINT ( 'NONE',  ( 0.002806258958312550251, 47.55616109005997316, 181.1826763077938267 ) ) ;
#903 = CARTESIAN_POINT ( 'NONE',  ( -150.0000000000003126, 4.384157842436207098, 385.9904724453040785 ) ) ;
#904 = PLANE ( 'NONE',  #3545 ) ;
#905 = DIRECTION ( 'NONE',  ( 5.602867245962735462E-30, 1.000000000000000000, 1.644517855226013126E-15 ) ) ;
#906 = PRODUCT_DEFINITION_SHAPE ( 'NONE', 'NONE',  #1170 ) ;
#907 = CARTESIAN_POINT ( 'NONE',  ( -3.340573480010778695, -14.94576865527262655, -66.08754007650293261 ) ) ;
#908 = CARTESIAN_POINT ( 'NONE',  ( -0.2600243532282162096, 36.38768883963144418, 74.92185285508075765 ) ) ;
#909 = CARTESIAN_POINT ( 'NONE',  ( 47.69512756224418126, 13.92142524552201266, 338.3749908464645841 ) ) ;
#910 = PLANE ( 'NONE',  #7047 ) ;
#911 = CARTESIAN_POINT ( 'NONE',  ( 77.40947463289504071, 21.01930611802427151, 121.3389839466043583 ) ) ;
#912 = VERTEX_POINT ( 'NONE', #5797 ) ;
#913 = CARTESIAN_POINT ( 'NONE',  ( 8.180305391403130955E-14, 44.02411915413380683, 170.6185931343486288 ) ) ;
#914 = B_SPLINE_SURFACE_WITH_KNOTS ( 'NONE', 3, 1, ( 
 ( #485, #6750 ),
 ( #7378, #3894 ),
 ( #1644, #2807 ),
 ( #6190, #1047 ) ),
 .UNSPECIFIED., .F., .F., .F.,
 ( 4, 4 ),
 ( 2, 2 ),
 ( 0.000000000000000000, 0.5117411792650472524 ),
 ( 0.000000000000000000, 1.000000000000000000 ),
 .UNSPECIFIED. ) ;
#915 = CARTESIAN_POINT ( 'NONE',  ( -24.45514282142428186, 34.03033067479747587, 71.95588844210854518 ) ) ;
#916 = ORIENTED_EDGE ( 'NONE', *, *, #5736, .T. ) ;
#917 = ADVANCED_FACE ( 'NONE', ( #654 ), #6854, .F. ) ;
#918 = CARTESIAN_POINT ( 'NONE',  ( -0.4944875589653459635, 41.68327650456141953, 121.0533426999428457 ) ) ;
#919 = CARTESIAN_POINT ( 'NONE',  ( -7.053569696294418989, 41.75449789290554037, 146.4838691362627685 ) ) ;
#920 = CARTESIAN_POINT ( 'NONE',  ( 2.500000000149551482, 47.36886050874160503, 188.1690878552016386 ) ) ;
#921 = CARTESIAN_POINT ( 'NONE',  ( 85.15847978174487309, 3.904776106732709806, 71.64136231852130265 ) ) ;
#922 = CARTESIAN_POINT ( 'NONE',  ( 0.4786979759498021236, 36.01088700303149182, 354.5695205588957037 ) ) ;
#923 = CARTESIAN_POINT ( 'NONE',  ( -6.981094295544520101, 40.71997050053094114, 123.3950676832227913 ) ) ;
#924 = CARTESIAN_POINT ( 'NONE',  ( -2.195384728526888374, -9.905849853371190505, 558.8450598447288939 ) ) ;
#925 = CARTESIAN_POINT ( 'NONE',  ( 9.916596383692928285, 36.63078122006584891, 89.10579354442000977 ) ) ;
#926 = AXIS2_PLACEMENT_3D ( 'NONE', #6992, #1443, #1405 ) ;
#927 = ORIENTED_EDGE ( 'NONE', *, *, #775, .F. ) ;
#928 = B_SPLINE_CURVE_WITH_KNOTS ( 'NONE', 3,
 ( #2993, #3552, #4041, #5740 ),
 .UNSPECIFIED., .F., .F.,
 ( 4, 4 ),
 ( 8.673617379884035472E-19, 0.003027792944340622263 ),
 .UNSPECIFIED. ) ;
#929 = CARTESIAN_POINT ( 'NONE',  ( 39.78304498940373435, 37.85628036541159247, 205.8236513920150514 ) ) ;
#930 = CARTESIAN_POINT ( 'NONE',  ( 10.95611149737335843, 34.98363356473254981, 79.43500962104990037 ) ) ;
#931 = CARTESIAN_POINT ( 'NONE',  ( -0.2097076056253932286, 40.48324798165090499, 108.7319039410846102 ) ) ;
#932 = CARTESIAN_POINT ( 'NONE',  ( 0.000000000000000000, 45.26229104882621357, 124.9999962631073203 ) ) ;
#933 = CARTESIAN_POINT ( 'NONE',  ( -3.473905945471813528, 43.60090916895155999, 169.2885335546032479 ) ) ;
#934 = CARTESIAN_POINT ( 'NONE',  ( -1.412905495387613675, 41.02947630906889032, 312.7536838202627791 ) ) ;
#935 = EDGE_CURVE ( 'NONE', #3708, #2407, #96, .T. ) ;
#936 = CARTESIAN_POINT ( 'NONE',  ( 2.546254902506126072, 44.01572293547877734, 192.2962880862031909 ) ) ;
#937 = CARTESIAN_POINT ( 'NONE',  ( -0.3873342585244272107, 30.59436142776993961, 41.35953172044495574 ) ) ;
#938 = CARTESIAN_POINT ( 'NONE',  ( -7.118748418129577260, -1.685585176228954429, 528.7463543470161085 ) ) ;
#939 = CARTESIAN_POINT ( 'NONE',  ( 6.720617539416207542, 43.44300031471332346, 206.4838691362627969 ) ) ;
#940 = CARTESIAN_POINT ( 'NONE',  ( -1.071951093387344622, 30.41893639985045539, 41.38536779583807146 ) ) ;
#941 = CARTESIAN_POINT ( 'NONE',  ( -1.076437182634457201, 47.44789815543686018, 181.2498305679259829 ) ) ;
#942 = CARTESIAN_POINT ( 'NONE',  ( -2.339449086157818724E-28, 41.75449789290554037, 146.4838691362627401 ) ) ;
#943 = CARTESIAN_POINT ( 'NONE',  ( 6.919920365888732050E-14, 42.35451585453289169, 132.1538100950092485 ) ) ;
#944 = CARTESIAN_POINT ( 'NONE',  ( 2.109836334315450479, 3.066047688892955314, 514.8735652113953165 ) ) ;
#945 = FACE_OUTER_BOUND ( 'NONE', #5418, .T. ) ;
#946 = EDGE_CURVE ( 'NONE', #4853, #4790, #4539, .T. ) ;
#947 = CARTESIAN_POINT ( 'NONE',  ( 0.6317943808518673432, 44.10991645102357950, 200.1826763077941393 ) ) ;
#948 = VECTOR ( 'NONE', #3870, 1000.000000000000000 ) ;
#949 = CARTESIAN_POINT ( 'NONE',  ( 0.5209656392905841482, 41.55926850011163509, 121.0966612125573505 ) ) ;
#950 = CARTESIAN_POINT ( 'NONE',  ( 0.9565858417292030236, -24.71121349876131390, -76.19616986922960677 ) ) ;
#951 = CARTESIAN_POINT ( 'NONE',  ( -28.35010901998991173, 33.12057288072311678, 102.9968123623681038 ) ) ;
#952 = CARTESIAN_POINT ( 'NONE',  ( 41.23236433532566281, 22.69079723528891179, 379.8779995718708165 ) ) ;
#953 = CARTESIAN_POINT ( 'NONE',  ( 0.002917033621466232941, 47.57866038727941316, 200.1826763077939972 ) ) ;
#954 = CARTESIAN_POINT ( 'NONE',  ( 0.000000000000000000, 40.74795199264384848, 79.83585004708851329 ) ) ;
#955 = ORIENTED_EDGE ( 'NONE', *, *, #7300, .F. ) ;
#956 = CARTESIAN_POINT ( 'NONE',  ( -49.47013515383429194, 25.83661639631517914, 134.3427503028208889 ) ) ;
#957 = CARTESIAN_POINT ( 'NONE',  ( 0.000000000000000000, 47.03654387356198185, 229.1256845389213481 ) ) ;
#958 = ORIENTED_EDGE ( 'NONE', *, *, #2805, .T. ) ;
#959 = CARTESIAN_POINT ( 'NONE',  ( -0.6171258494102819236, 40.57133220905419790, 109.1057207048851865 ) ) ;
#960 = B_SPLINE_CURVE_WITH_KNOTS ( 'NONE', 3,
 ( #4739, #5865, #3087, #3051, #1882, #4131 ),
 .UNSPECIFIED., .F., .F.,
 ( 4, 2, 4 ),
 ( 0.000000000000000000, 0.0003933811956394195342, 0.0007867623912788390683 ),
 .UNSPECIFIED. ) ;
#961 = DIRECTION ( 'NONE',  ( 0.000000000000000000, 0.5804949134221341067, 0.8142638733795261041 ) ) ;
#962 = CARTESIAN_POINT ( 'NONE',  ( 12.04962159881518602, 40.23681027005855526, 130.7061999804370771 ) ) ;
#963 = CARTESIAN_POINT ( 'NONE',  ( -1.797634613197362174, 24.83933354071738009, 4.965788233343842784 ) ) ;
#964 = CARTESIAN_POINT ( 'NONE',  ( -149.9999999999999432, 13.01685150340217767, 333.3876767047953535 ) ) ;
#965 = CARTESIAN_POINT ( 'NONE',  ( -0.5209656193359885057, 41.55926850262816430, 121.0966612112492413 ) ) ;
#966 = CARTESIAN_POINT ( 'NONE',  ( 60.00892403416684573, -10.87759879526569584, 448.8723920580213189 ) ) ;
#967 = CARTESIAN_POINT ( 'NONE',  ( 48.42198623238780186, 27.39507498557120613, 143.1902488363035673 ) ) ;
#968 = ORIENTED_EDGE ( 'NONE', *, *, #4723, .F. ) ;
#969 = CARTESIAN_POINT ( 'NONE',  ( 36.41909282310150786, 39.32723256798198719, 208.5495839079696054 ) ) ;
#970 = DIRECTION ( 'NONE',  ( 0.000000000000000000, 0.000000000000000000, 1.000000000000000000 ) ) ;
#971 = CARTESIAN_POINT ( 'NONE',  ( 0.08246667904780394243, 36.40997070928091972, 74.91977839122149874 ) ) ;
#972 = CARTESIAN_POINT ( 'NONE',  ( -40.68025606855601239, 32.06388067202257020, 147.7633061882025629 ) ) ;
#973 = CARTESIAN_POINT ( 'NONE',  ( -9.898724015375313101, 43.69489610796664891, 125.0000000000000853 ) ) ;
#974 = PRESENTATION_LAYER_ASSIGNMENT (  '', '', ( #4799 ) ) ;
#975 = EDGE_CURVE ( 'NONE', #3004, #611, #1279, .T. ) ;
#976 = CARTESIAN_POINT ( 'NONE',  ( -8.370207702390798588, 41.93496754127040305, 146.9727343978884733 ) ) ;
#977 = CARTESIAN_POINT ( 'NONE',  ( 0.1308259053295605379, 44.00136002018359704, 168.4550823933952870 ) ) ;
#978 = CARTESIAN_POINT ( 'NONE',  ( 42.82036082025610568, 32.84028577497314672, 328.7149750000689892 ) ) ;
#979 = CARTESIAN_POINT ( 'NONE',  ( 1.839025573283241011, 43.93700449930290119, 180.4558674993396608 ) ) ;
#980 = CARTESIAN_POINT ( 'NONE',  ( 41.48370715655107688, 22.46588437667287863, 74.01198047269403446 ) ) ;
#981 = CARTESIAN_POINT ( 'NONE',  ( -2.541794483188228870, -4.806876550188804664, 541.7585835155889527 ) ) ;
#982 = CARTESIAN_POINT ( 'NONE',  ( -0.5000000000002242651, 50.00000000000000000, 181.1826763077941109 ) ) ;
#983 = CARTESIAN_POINT ( 'NONE',  ( -0.5563355610000443319, 26.58013002185365892, 24.81674212299694915 ) ) ;
#984 = EDGE_CURVE ( 'NONE', #3004, #782, #6598, .T. ) ;
#985 = CARTESIAN_POINT ( 'NONE',  ( -2.500000000000243805, 46.75821274693984009, 183.1826763077941109 ) ) ;
#986 = CARTESIAN_POINT ( 'NONE',  ( -2.553569696294413216, 42.94769121779684440, 149.4838691362627117 ) ) ;
#987 = CARTESIAN_POINT ( 'NONE',  ( -5.090329199819443318E-14, 42.78618194654261941, 139.3176306284366603 ) ) ;
#988 = CARTESIAN_POINT ( 'NONE',  ( 0.000000000000000000, 38.88596807776745123, 68.18924692032733503 ) ) ;
#989 = DIRECTION ( 'NONE',  ( -1.000000000000000000, -1.924153440041987070E-31, -3.289992799266357711E-15 ) ) ;
#990 = CARTESIAN_POINT ( 'NONE',  ( 18.35544116259520919, 39.71669516568071145, 142.4964915096946072 ) ) ;
#991 = CARTESIAN_POINT ( 'NONE',  ( 1.904943872151217965, -9.951894290560517220, -61.04478972313617646 ) ) ;
#992 = CARTESIAN_POINT ( 'NONE',  ( -13.57822874003752389, 34.59787587317642732, 81.13984167157124716 ) ) ;
#993 = CARTESIAN_POINT ( 'NONE',  ( 47.31906922256366244, 16.34140955976334197, 320.0000000000000568 ) ) ;
#994 = LINE ( 'NONE', #1032, #5376 ) ;
#995 = CARTESIAN_POINT ( 'NONE',  ( -1.697371585504689362, 34.35707238260560814, 42.06053201340118619 ) ) ;
#996 = ORIENTED_EDGE ( 'NONE', *, *, #4546, .T. ) ;
#997 = CARTESIAN_POINT ( 'NONE',  ( -2.088808652155208279, 46.79827945039248505, 181.9608644749235111 ) ) ;
#998 = CARTESIAN_POINT ( 'NONE',  ( -46.58558245345534488, 37.13275647413672687, 271.3152778191255265 ) ) ;
#999 = EDGE_LOOP ( 'NONE', ( #3611, #6178, #4621, #7144 ) ) ;
#1000 = CARTESIAN_POINT ( 'NONE',  ( 29.18788444783183778, 38.46930091055233447, 212.2499942796518724 ) ) ;
#1001 = PLANE ( 'NONE',  #2249 ) ;
#1002 = CARTESIAN_POINT ( 'NONE',  ( 2.500000000000239364, 46.80943403607544440, 198.1826763077941678 ) ) ;
#1003 = AXIS2_PLACEMENT_3D ( 'NONE', #1580, #3270, #2148 ) ;
#1004 = CARTESIAN_POINT ( 'NONE',  ( 149.9999999999998295, 12.15754626088404500, 232.9814987402332633 ) ) ;
#1005 = CARTESIAN_POINT ( 'NONE',  ( 0.000000000000000000, 28.59958286175763931, 400.6555249589480923 ) ) ;
#1006 = CARTESIAN_POINT ( 'NONE',  ( 0.04183436736505266595, 41.62818123058435305, 121.0582922290786314 ) ) ;
#1007 = CARTESIAN_POINT ( 'NONE',  ( 1.907686475920280733, -14.87480540429338483, -66.10224707556027113 ) ) ;
#1008 = CARTESIAN_POINT ( 'NONE',  ( 31.39847339113525848, 32.76199324949002545, 108.1137742367863552 ) ) ;
#1009 = VERTEX_POINT ( 'NONE', #5350 ) ;
#1010 = DIRECTION ( 'NONE',  ( 1.000000000000000000, 0.000000000000000000, -0.000000000000000000 ) ) ;
#1011 = CARTESIAN_POINT ( 'NONE',  ( -7.978932309762739372, 40.58359611355271568, 125.0000000000000284 ) ) ;
#1012 = CARTESIAN_POINT ( 'NONE',  ( 1.690857770358582979, 36.20811401440229815, 75.09699038940463822 ) ) ;
#1013 = CARTESIAN_POINT ( 'NONE',  ( 0.1203758962488570422, 39.62285842664533675, 100.2674161288568655 ) ) ;
#1014 = DIRECTION ( 'NONE',  ( 0.000000000000000000, 1.000000000000000000, 0.000000000000000000 ) ) ;
#1015 = AXIS2_PLACEMENT_3D ( 'NONE', #1636, #2202, #4492 ) ;
#1016 = CARTESIAN_POINT ( 'NONE',  ( -5.991443070420145567, 43.45809094242313364, 181.9775802099460122 ) ) ;
#1017 = CARTESIAN_POINT ( 'NONE',  ( 6.611810512025710906, 16.54561046290216098, 457.6028839167674960 ) ) ;
#1018 = EDGE_CURVE ( 'NONE', #5955, #4122, #3615, .T. ) ;
#1019 = CARTESIAN_POINT ( 'NONE',  ( 36.70166182035064395, 35.48591577219690407, 209.5300432271227464 ) ) ;
#1020 = CARTESIAN_POINT ( 'NONE',  ( 26.85452542309927537, 26.88515869196703889, 59.29375122025486888 ) ) ;
#1021 = CARTESIAN_POINT ( 'NONE',  ( -59.99867422257567995, -10.69069057093173214, 448.1085652130877293 ) ) ;
#1022 = CARTESIAN_POINT ( 'NONE',  ( 0.000000000000000000, 46.84934841284668039, 152.2464621597902976 ) ) ;
#1023 = CARTESIAN_POINT ( 'NONE',  ( -38.54936385190325865, 23.10159816748474171, 67.90909896546342850 ) ) ;
#1024 = CARTESIAN_POINT ( 'NONE',  ( 1.385045800803248905, 46.93163564886258143, 199.9809586904098921 ) ) ;
#1025 = CARTESIAN_POINT ( 'NONE',  ( 1.024363690470241561, 46.93101636536776766, 181.2352566677329833 ) ) ;
#1026 = CARTESIAN_POINT ( 'NONE',  ( -45.70542344819675407, 33.03532151007922124, 125.0000000100238680 ) ) ;
#1027 = CARTESIAN_POINT ( 'NONE',  ( 2.087536011602297847, 43.97963974812258670, 199.4061980243783125 ) ) ;
#1028 = CARTESIAN_POINT ( 'NONE',  ( 2.098254765025679092, 41.36309598096123352, 121.3893536407367577 ) ) ;
#1029 = CARTESIAN_POINT ( 'NONE',  ( 1.904146327908672554, -8.520320594203820264, -59.57409022259488296 ) ) ;
#1030 = CARTESIAN_POINT ( 'NONE',  ( -7.207995816813303591, 34.27296146660142284, 68.90649529397244066 ) ) ;
#1031 = CARTESIAN_POINT ( 'NONE',  ( 10.02488928357590936, 1.340599469649716324, 507.8357256156867834 ) ) ;
#1032 = CARTESIAN_POINT ( 'NONE',  ( 0.5904223920471955989, 60.00000000000000711, 35.04931210984616996 ) ) ;
#1033 = CARTESIAN_POINT ( 'NONE',  ( 25.25810368633090164, 30.80518904790463353, 56.02471470947404697 ) ) ;
#1034 = ORIENTED_EDGE ( 'NONE', *, *, #680, .F. ) ;
#1035 = CARTESIAN_POINT ( 'NONE',  ( -2.296224629676443474, 46.77432158078357816, 182.2933872753792457 ) ) ;
#1036 = CARTESIAN_POINT ( 'NONE',  ( -50.07172804542855005, 20.26724883329845284, 270.0327580235693290 ) ) ;
#1037 = EDGE_LOOP ( 'NONE', ( #4271, #6698, #566, #4649 ) ) ;
#1038 = CARTESIAN_POINT ( 'NONE',  ( 2.542105011982118690, 47.29510606585260746, 181.6509453270384711 ) ) ;
#1039 = CARTESIAN_POINT ( 'NONE',  ( 19.85086339919319087, 37.97497108164360213, 124.9999999999999432 ) ) ;
#1040 = CARTESIAN_POINT ( 'NONE',  ( 71.97024598150451880, 26.91823370465814236, 148.0993287817699979 ) ) ;
#1041 = CARTESIAN_POINT ( 'NONE',  ( -6.244008511223442248, 25.66205074593666069, 414.3400517412663362 ) ) ;
#1042 = CARTESIAN_POINT ( 'NONE',  ( -0.5418288457937754377, 40.42783051437783115, 109.1363315193045338 ) ) ;
#1043 = CARTESIAN_POINT ( 'NONE',  ( 2.856219491863008830, -8.493023692875212305, -59.56494007984454697 ) ) ;
#1044 = EDGE_CURVE ( 'NONE', #1642, #5053, #427, .T. ) ;
#1045 = ORIENTED_EDGE ( 'NONE', *, *, #698, .F. ) ;
#1046 = CARTESIAN_POINT ( 'NONE',  ( -0.5904223920472004838, 60.00000000000000711, 74.44931210984616143 ) ) ;
#1047 = CARTESIAN_POINT ( 'NONE',  ( 45.70542344819675407, 27.22844246722650041, 125.0000000100238111 ) ) ;
#1048 = CARTESIAN_POINT ( 'NONE',  ( 8.005847671653196329, 36.60737866580640087, 86.21833261343164168 ) ) ;
#1049 = CARTESIAN_POINT ( 'NONE',  ( 0.3989475163314577522, 40.55872091043212890, 108.7217776340596913 ) ) ;
#1050 = CARTESIAN_POINT ( 'NONE',  ( 3.009223540100684142E-14, 34.51892843848848713, 43.82515712157194798 ) ) ;
#1051 = DIRECTION ( 'NONE',  ( 1.000000000000000000, 0.000000000000000000, 0.000000000000000000 ) ) ;
#1052 = CARTESIAN_POINT ( 'NONE',  ( 0.7223419014818223127, 28.63687729166040086, 33.04677019495968437 ) ) ;
#1053 = CARTESIAN_POINT ( 'NONE',  ( -5.413494892830106764, 43.36348983148108260, 170.0860867949526494 ) ) ;
#1054 = CARTESIAN_POINT ( 'NONE',  ( -0.5962991954493902513, 20.14399605289213824, 444.2252999659614829 ) ) ;
#1055 = CARTESIAN_POINT ( 'NONE',  ( -0.001370993884378790073, 44.26569590398244003, 191.7633965827776592 ) ) ;
#1056 = CARTESIAN_POINT ( 'NONE',  ( -0.3058984109838725485, 32.20159873346594281, 49.71504284742871249 ) ) ;
#1057 = CARTESIAN_POINT ( 'NONE',  ( -150.0000000000005116, -2.468752498710066856, 425.1262764251987392 ) ) ;
#1058 = CARTESIAN_POINT ( 'NONE',  ( 30.94503461968497149, 26.63694628725688318, 49.32346869776886678 ) ) ;
#1059 = CARTESIAN_POINT ( 'NONE',  ( -17.34793172577926867, 26.57519740005270492, 42.38710918664957461 ) ) ;
#1060 = CARTESIAN_POINT ( 'NONE',  ( -60.00892403416684573, -10.87759879526569584, 448.8723920580213189 ) ) ;
#1061 = DIRECTION ( 'NONE',  ( 0.000000000000000000, -1.000000000000000000, 0.000000000000000000 ) ) ;
#1062 = CARTESIAN_POINT ( 'NONE',  ( 0.000000000000000000, 37.37554678107995443, 59.14354600866669642 ) ) ;
#1063 = CARTESIAN_POINT ( 'NONE',  ( 8.785976563113525373, 41.89025785345130259, 147.4758450684634852 ) ) ;
#1064 = CARTESIAN_POINT ( 'NONE',  ( -0.3187112343697843242, 42.49660502910017357, 132.9799698278986568 ) ) ;
#1065 = CARTESIAN_POINT ( 'NONE',  ( 1.897887140548182083, -1.930630389853631890, -51.65318905880917555 ) ) ;
#1066 = CARTESIAN_POINT ( 'NONE',  ( -6.481842947825231072, 34.36882720151147197, 68.51475105491942941 ) ) ;
#1067 = CARTESIAN_POINT ( 'NONE',  ( 150.0000000000003126, 4.384157842436207098, 385.9904724453040785 ) ) ;
#1068 = CARTESIAN_POINT ( 'NONE',  ( -7.719314550948221054, 43.18390679818642042, 217.1043652201761063 ) ) ;
#1069 = CARTESIAN_POINT ( 'NONE',  ( 11.76711777406544357, 23.42470861069366350, 9.197752124484701142 ) ) ;
#1070 = EDGE_CURVE ( 'NONE', #4211, #5750, #2668, .T. ) ;
#1071 = ORIENTED_EDGE ( 'NONE', *, *, #1018, .F. ) ;
#1072 = CARTESIAN_POINT ( 'NONE',  ( -3.055740260237095995, 47.25506751184102683, 183.1773503352326884 ) ) ;
#1073 = CARTESIAN_POINT ( 'NONE',  ( 0.000000000000000000, 47.06380252744634163, 155.7186040356210128 ) ) ;
#1074 = ORIENTED_EDGE ( 'NONE', *, *, #4137, .F. ) ;
#1075 = CARTESIAN_POINT ( 'NONE',  ( 0.5505272624624207856, 47.49506067536788123, 180.6769762434213362 ) ) ;
#1076 = CARTESIAN_POINT ( 'NONE',  ( 7.997163870635471739, 40.58030095104113855, 124.9999999999998721 ) ) ;
#1077 = CARTESIAN_POINT ( 'NONE',  ( 9.038935942379033861, 44.65478929440413225, 133.3990811073386169 ) ) ;
#1078 = CARTESIAN_POINT ( 'NONE',  ( -2.088373853475112618, 20.02118164067743322, 444.1606853142330920 ) ) ;
#1079 = CARTESIAN_POINT ( 'NONE',  ( 0.3780052795120704134, 41.66912439279669655, 121.0527260057764352 ) ) ;
#1080 = CARTESIAN_POINT ( 'NONE',  ( -150.0000000000000284, -0.1700441024495829567, 208.5255278475402463 ) ) ;
#1081 = UNCERTAINTY_MEASURE_WITH_UNIT (LENGTH_MEASURE( 1.000000000000000082E-05 ), #1147, 'distance_accuracy_value', 'NONE');
#1082 = DIRECTION ( 'NONE',  ( 0.000000000000000000, 1.644517855226013126E-15, -1.000000000000000000 ) ) ;
#1083 = CARTESIAN_POINT ( 'NONE',  ( 3.911032522146973278E-09, 32.59934123605674472, 35.04931211369478916 ) ) ;
#1084 = CARTESIAN_POINT ( 'NONE',  ( 35.09651065812357729, 31.55861744562675497, 112.0487881847971039 ) ) ;
#1085 = CARTESIAN_POINT ( 'NONE',  ( -1.904943872151217965, -9.951894290560517220, -61.04478972313617646 ) ) ;
#1086 = CARTESIAN_POINT ( 'NONE',  ( 2.648567489156055554, 26.34630874082825613, 25.16411074427850281 ) ) ;
#1087 = CARTESIAN_POINT ( 'NONE',  ( -3.380455570011072997, 43.76913034666660707, 180.9146095252609143 ) ) ;
#1088 = CARTESIAN_POINT ( 'NONE',  ( 1.925100097286686074, 25.85227023461058238, 415.2282052245307113 ) ) ;
#1089 = CARTESIAN_POINT ( 'NONE',  ( 39.34592229736387026, 34.26959691940517416, 213.6460424671716396 ) ) ;
#1090 = CARTESIAN_POINT ( 'NONE',  ( 4.043090272751625136, 31.67396101855077362, 50.58066888486778367 ) ) ;
#1091 = CARTESIAN_POINT ( 'NONE',  ( 0.000000000000000000, -8.823511411159953965, 555.1857276250582345 ) ) ;
#1092 = CARTESIAN_POINT ( 'NONE',  ( 0.1424370302719828174, 26.66034763557496845, 24.81935300404284206 ) ) ;
#1093 = DIRECTION ( 'NONE',  ( -5.602867245962735462E-30, -1.000000000000000000, -1.644517855226013126E-15 ) ) ;
#1094 = CARTESIAN_POINT ( 'NONE',  ( 0.000000000000000000, 37.98804692045748510, 62.74661402797057974 ) ) ;
#1095 = CARTESIAN_POINT ( 'NONE',  ( 7.053569696294416325, 42.12858376085258527, 146.4838691362627685 ) ) ;
#1096 = CARTESIAN_POINT ( 'NONE',  ( 2.998924760313148585, 41.24976133308253878, 121.6215782974892505 ) ) ;
#1097 = CARTESIAN_POINT ( 'NONE',  ( -3.323413742140344684, -2.163148135800812888, -51.77104861990689955 ) ) ;
#1098 = CARTESIAN_POINT ( 'NONE',  ( -38.48495143454214684, 29.59115010689238190, 109.8106000080633038 ) ) ;
#1099 = CARTESIAN_POINT ( 'NONE',  ( -1.192598390898780503, 20.17127465771984873, 444.2396516818456007 ) ) ;
#1100 = CARTESIAN_POINT ( 'NONE',  ( -0.6583047484764391610, 47.13654566807250035, 155.6928415244869939 ) ) ;
#1101 = ORIENTED_EDGE ( 'NONE', *, *, #2914, .F. ) ;
#1102 = LINE ( 'NONE', #3422, #1828 ) ;
#1103 = CARTESIAN_POINT ( 'NONE',  ( 1.974914245429317816, 47.28203194932483200, 155.6413165022189844 ) ) ;
#1104 = EDGE_LOOP ( 'NONE', ( #3841, #1876, #2507, #2960, #4405, #3634, #1513, #6701, #1139 ) ) ;
#1105 = CARTESIAN_POINT ( 'NONE',  ( 2.005116702631242642, 46.80833674776341979, 181.8591875091513828 ) ) ;
#1106 = AXIS2_PLACEMENT_3D ( 'NONE', #2586, #738, #3668 ) ;
#1107 = EDGE_CURVE ( 'NONE', #7162, #3053, #2065, .T. ) ;
#1108 = CARTESIAN_POINT ( 'NONE',  ( 21.80928627314471058, 37.44602950493040794, 125.0000000000000568 ) ) ;
#1109 = CARTESIAN_POINT ( 'NONE',  ( 150.0000000000000853, 15.27823658166833454, 249.4146832441057597 ) ) ;
#1110 = CARTESIAN_POINT ( 'NONE',  ( 1.192598390898780503, 20.17127465771984873, 444.2396516818456007 ) ) ;
#1111 = CARTESIAN_POINT ( 'NONE',  ( -25.87162152259515935, 35.31274328260377615, 113.2506512578336668 ) ) ;
#1112 = CARTESIAN_POINT ( 'NONE',  ( -12.51122854236293591, -10.32226976056000467, -55.36644004333045643 ) ) ;
#1113 = CARTESIAN_POINT ( 'NONE',  ( 0.5000000000002202682, 47.02905211924537809, 200.1826763077941393 ) ) ;
#1114 = CARTESIAN_POINT ( 'NONE',  ( -0.2871758335750618785, 38.74245981883415624, 91.81618375707979851 ) ) ;
#1115 = B_SPLINE_CURVE_WITH_KNOTS ( 'NONE', 3,
 ( #3444, #561, #663, #5806, #594, #1123, #628, #6333, #68, #4005, #2991, #1789, #1756, #5143, #1689, #32 ),
 .UNSPECIFIED., .F., .F.,
 ( 4, 2, 2, 2, 2, 2, 2, 4 ),
 ( 6.938893903907228378E-18, 0.0003913154492130440309, 0.0007826308984260807976, 0.001173946347639117727, 0.001565261796852154656, 0.001956577246065190935, 0.002347892695278228081, 0.003130523593704224311 ),
 .UNSPECIFIED. ) ;
#1116 = FACE_OUTER_BOUND ( 'NONE', #6097, .T. ) ;
#1117 = CARTESIAN_POINT ( 'NONE',  ( 6.553917942412819997, 25.91085572145161464, 26.92364415630479613 ) ) ;
#1118 = CARTESIAN_POINT ( 'NONE',  ( -0.6891996016240824474, 43.56402072212310372, 156.7764085258428679 ) ) ;
#1119 = CARTESIAN_POINT ( 'NONE',  ( 149.9999999999994884, 5.740427124744100773, 378.1347507846561484 ) ) ;
#1120 = EDGE_CURVE ( 'NONE', #858, #2569, #3919, .T. ) ;
#1121 = CARTESIAN_POINT ( 'NONE',  ( -0.4470717802930617157, 44.23491858863385318, 203.2380012107637413 ) ) ;
#1122 = CARTESIAN_POINT ( 'NONE',  ( 0.2920684557963224015, 33.74438812169903201, 58.06598883235587749 ) ) ;
#1123 = CARTESIAN_POINT ( 'NONE',  ( -1.384994701274862905, 44.04270282367161116, 199.9809835350123990 ) ) ;
#1124 = LINE ( 'NONE', #2920, #4690 ) ;
#1125 = CARTESIAN_POINT ( 'NONE',  ( 0.09610221167397813014, 26.65498159082897800, 24.81722231310430615 ) ) ;
#1126 = CARTESIAN_POINT ( 'NONE',  ( 2.296464662629699838, 46.82986397199330497, 199.0713317733895735 ) ) ;
#1127 = CARTESIAN_POINT ( 'NONE',  ( -29.17238765775792686, 42.06666930584626130, 212.2425036492613799 ) ) ;
#1128 = B_SPLINE_CURVE_WITH_KNOTS ( 'NONE', 3,
 ( #1072, #12, #5158, #7400, #1701, #1137, #5224, #3985, #6876, #5683, #643, #1769, #5717, #6280 ),
 .UNSPECIFIED., .F., .F.,
 ( 4, 2, 2, 2, 2, 2, 4 ),
 ( 0.000000000000000000, 0.0004899703074484054385, 0.0009799406148968108771, 0.001469910922345216316, 0.001959881229793621754, 0.002939821844690432631, 0.003919762459587243508 ),
 .UNSPECIFIED. ) ;
#1129 = DIRECTION ( 'NONE',  ( 0.000000000000000000, 0.000000000000000000, 1.000000000000000000 ) ) ;
#1130 = EDGE_CURVE ( 'NONE', #1734, #1306, #2308, .T. ) ;
#1131 = CARTESIAN_POINT ( 'NONE',  ( 6.975837098693112637, 42.17777871290549996, 147.1881646205405048 ) ) ;
#1132 = CARTESIAN_POINT ( 'NONE',  ( -86.34215386717033880, -3.295932708773868125, 58.85122590806797405 ) ) ;
#1133 = CARTESIAN_POINT ( 'NONE',  ( 0.4366162558363374524, 33.83485546499171903, 58.08445056590270639 ) ) ;
#1134 = CARTESIAN_POINT ( 'NONE',  ( -0.6201986524214535557, 17.04685725042859801, 458.4078278594934659 ) ) ;
#1135 = CARTESIAN_POINT ( 'NONE',  ( 68.02388392350869140, 29.98456005054444162, 166.0820768548770161 ) ) ;
#1136 = ORIENTED_EDGE ( 'NONE', *, *, #4768, .F. ) ;
#1137 = CARTESIAN_POINT ( 'NONE',  ( -2.801030551536983548, 47.27117612385304568, 182.0657889005620405 ) ) ;
#1138 = CARTESIAN_POINT ( 'NONE',  ( 0.000000000000000000, 32.02960972858872424, 380.5868600663628740 ) ) ;
#1139 = ORIENTED_EDGE ( 'NONE', *, *, #6720, .F. ) ;
#1140 = CARTESIAN_POINT ( 'NONE',  ( 0.5511099221551765126, 47.50079657819170365, 181.1826763077942246 ) ) ;
#1141 = PLANE ( 'NONE',  #569 ) ;
#1142 = CARTESIAN_POINT ( 'NONE',  ( -1.848321708431225563, 47.83361918596382623, 180.4427191032446558 ) ) ;
#1143 = DIRECTION ( 'NONE',  ( -3.289992799266357711E-15, 0.000000000000000000, -1.000000000000000000 ) ) ;
#1144 = CARTESIAN_POINT ( 'NONE',  ( -2.172075125309121724, 16.89621306203804707, 458.4249543244469578 ) ) ;
#1145 = CARTESIAN_POINT ( 'NONE',  ( -7.184440681962517949, 39.56027085568798185, 111.5360677680713763 ) ) ;
#1146 = CARTESIAN_POINT ( 'NONE',  ( 1.878238518609093521, 8.033333812045590605, -35.84821112819088995 ) ) ;
#1147 =( LENGTH_UNIT ( ) NAMED_UNIT ( * ) SI_UNIT ( .MILLI., .METRE. ) );
#1148 = CARTESIAN_POINT ( 'NONE',  ( 7.179691663644291566, 37.77136730797828790, 94.23213903957820037 ) ) ;
#1149 = FACE_OUTER_BOUND ( 'NONE', #4878, .T. ) ;
#1150 = CARTESIAN_POINT ( 'NONE',  ( 44.94226144471967643, 20.03722735356452134, 73.27610646512674464 ) ) ;
#1151 = CARTESIAN_POINT ( 'NONE',  ( -4.785538321626116698, 43.07519241392394349, 158.0307349617589239 ) ) ;
#1152 = CARTESIAN_POINT ( 'NONE',  ( 150.0000000000001421, 9.607543969010292173, 355.1325008380466102 ) ) ;
#1153 = EDGE_CURVE ( 'NONE', #6945, #3601, #599, .T. ) ;
#1154 = CARTESIAN_POINT ( 'NONE',  ( -0.2733074657723172374, 43.97287985065295857, 214.6238624065275644 ) ) ;
#1155 = CARTESIAN_POINT ( 'NONE',  ( 0.6568257637574729246, 33.69929875754117177, 58.08700417256998350 ) ) ;
#1156 = CARTESIAN_POINT ( 'NONE',  ( -3.442494474295954010, 41.44463465108734823, 126.3551488263688327 ) ) ;
#1157 = CARTESIAN_POINT ( 'NONE',  ( 12.17198402597117557, 30.38568192301601201, 36.77194924868653914 ) ) ;
#1158 = CARTESIAN_POINT ( 'NONE',  ( 1.819400446159731510, 43.95406717548804920, 181.6739691136664305 ) ) ;
#1159 = CARTESIAN_POINT ( 'NONE',  ( 2.197287112455835967, 47.38086485184528129, 200.0710371450801688 ) ) ;
#1160 = CARTESIAN_POINT ( 'NONE',  ( -48.96184446544092594, 27.22844246722651462, 183.6136886649778717 ) ) ;
#1161 = VERTEX_POINT ( 'NONE', #5460 ) ;
#1162 = CARTESIAN_POINT ( 'NONE',  ( -0.5529748078245210197, 36.24092809685161143, 73.25055692040746180 ) ) ;
#1163 = CARTESIAN_POINT ( 'NONE',  ( 4.514982289639523749, 42.50306902223877614, 146.0527588240146599 ) ) ;
#1164 = CARTESIAN_POINT ( 'NONE',  ( 0.9333058635097452038, 11.80632858096668159, -28.47083339118706391 ) ) ;
#1165 = CARTESIAN_POINT ( 'NONE',  ( -36.92085065491297513, 27.79829014692858280, 89.85430449118095453 ) ) ;
#1166 = CARTESIAN_POINT ( 'NONE',  ( 0.000000000000000000, 17.01339730700182074, 458.4116318598639168 ) ) ;
#1167 = CARTESIAN_POINT ( 'NONE',  ( 22.01802724243391651, 40.49517762205267246, 116.2537897038075414 ) ) ;
#1168 = VERTEX_POINT ( 'NONE', #919 ) ;
#1169 = CARTESIAN_POINT ( 'NONE',  ( -36.26812506341699560, 22.02996522404679780, 57.72392212252120913 ) ) ;
#1170 = PRODUCT_DEFINITION ( 'UNKNOWN', '', #6506, #1603 ) ;
#1171 = CARTESIAN_POINT ( 'NONE',  ( 1.508952792909321161, 32.03446681347313785, 380.7825399960755135 ) ) ;
#1172 = CARTESIAN_POINT ( 'NONE',  ( -1.184620957583225609, 47.47493825683894642, 200.0668205821007462 ) ) ;
#1173 = CARTESIAN_POINT ( 'NONE',  ( 36.41335701925667223, 35.62377925536530654, 208.5536052721130034 ) ) ;
#1174 = CARTESIAN_POINT ( 'NONE',  ( -7.234173524110879328, 39.56583296940951300, 111.1814166548156351 ) ) ;
#1175 = LINE ( 'NONE', #2903, #4599 ) ;
#1176 = CARTESIAN_POINT ( 'NONE',  ( -1.578577519813644470, 40.94661473732806911, 79.90822356737034227 ) ) ;
#1177 = CARTESIAN_POINT ( 'NONE',  ( 3.340573480010778695, -14.94576865527262655, -66.08754007650293261 ) ) ;
#1178 = CARTESIAN_POINT ( 'NONE',  ( 0.000000000000000000, 10.33405387878785753, 486.6586544760494917 ) ) ;
#1179 = CARTESIAN_POINT ( 'NONE',  ( -6.460450513428731334, 38.52795677720249046, 99.19593798876880442 ) ) ;
#1180 = CARTESIAN_POINT ( 'NONE',  ( -27.66326358064004864, 13.52599411192533374, -1.587463340206875628 ) ) ;
#1181 = AXIS2_PLACEMENT_3D ( 'NONE', #3204, #6622, #5015 ) ;
#1182 = LINE ( 'NONE', #3997, #4760 ) ;
#1183 = CARTESIAN_POINT ( 'NONE',  ( 39.85518352899796213, 31.04096220997472244, 129.0463794419658825 ) ) ;
#1184 = FACE_OUTER_BOUND ( 'NONE', #4521, .T. ) ;
#1185 = CARTESIAN_POINT ( 'NONE',  ( 6.481071152635506927, 27.96903753089864963, 35.08043396815836701 ) ) ;
#1186 = CARTESIAN_POINT ( 'NONE',  ( 0.4564417074165427191, 43.69162754666302106, 156.6687965007623689 ) ) ;
#1187 = CARTESIAN_POINT ( 'NONE',  ( -1.451531298192344277, -4.583017096774475441, 541.4743903544048180 ) ) ;
#1188 = CARTESIAN_POINT ( 'NONE',  ( 0.1107371171654669556, 44.18739271348439956, 203.3035376360112707 ) ) ;
#1189 = ADVANCED_FACE ( 'NONE', ( #7260 ), #7221, .F. ) ;
#1190 = CARTESIAN_POINT ( 'NONE',  ( 6.682736679227825327, 31.34775051173145499, 51.84646899379738727 ) ) ;
#1191 = CARTESIAN_POINT ( 'NONE',  ( 0.2114312138266007945, 41.89722583112381926, 125.5917679894960628 ) ) ;
#1192 = CARTESIAN_POINT ( 'NONE',  ( -2.908589737594208469, 29.52443753821326311, 35.04931210984616285 ) ) ;
#1193 = CARTESIAN_POINT ( 'NONE',  ( -1.651685534176720482, 47.42955830738226553, 200.4343121068152698 ) ) ;
#1194 = CARTESIAN_POINT ( 'NONE',  ( 0.3188800251226868165, 43.97637613520552691, 214.6185305504885719 ) ) ;
#1195 = LINE ( 'NONE', #3413, #4409 ) ;
#1196 = CARTESIAN_POINT ( 'NONE',  ( 9.053569696294232472, 43.14593247498685002, 206.4838691362629390 ) ) ;
#1197 = ORIENTED_EDGE ( 'NONE', *, *, #3072, .F. ) ;
#1198 = DIRECTION ( 'NONE',  ( 3.361026734705083861E-15, 0.000000000000000000, 1.000000000000000000 ) ) ;
#1199 = CARTESIAN_POINT ( 'NONE',  ( -0.5259609705868710794, 43.11027921901624893, 144.8220859730180905 ) ) ;
#1200 = EDGE_CURVE ( 'NONE', #3956, #4249, #5348, .T. ) ;
#1201 = CARTESIAN_POINT ( 'NONE',  ( 0.9391192593045467607, 7.969336849332791850, -35.88766685587286531 ) ) ;
#1202 = CARTESIAN_POINT ( 'NONE',  ( -29.85766554142129436, 29.28232979045523621, 79.77990758736650889 ) ) ;
#1203 = CARTESIAN_POINT ( 'NONE',  ( 9.623729406347049320, -10.66680710752643968, 548.6596272280612538 ) ) ;
#1204 = ORIENTED_EDGE ( 'NONE', *, *, #1685, .F. ) ;
#1205 = CARTESIAN_POINT ( 'NONE',  ( -2.500000000000235811, 50.00000000000000000, 198.1826763077941393 ) ) ;
#1206 = CARTESIAN_POINT ( 'NONE',  ( -1.649437573462356754, 40.21924920216152088, 320.0000000000000568 ) ) ;
#1207 = ORIENTED_EDGE ( 'NONE', *, *, #3952, .T. ) ;
#1208 = CARTESIAN_POINT ( 'NONE',  ( -30.94503461968497149, 26.63694628725688318, 49.32346869776886678 ) ) ;
#1209 = CARTESIAN_POINT ( 'NONE',  ( -45.70542344736741569, 31.24632232633028650, 125.0000000000000000 ) ) ;
#1210 = CARTESIAN_POINT ( 'NONE',  ( -0.5787773441684336273, 38.63353121897173992, 91.84509982274776974 ) ) ;
#1211 = CARTESIAN_POINT ( 'NONE',  ( 0.5000000000002242651, 50.00000000000000000, 181.1826763077941109 ) ) ;
#1212 = CARTESIAN_POINT ( 'NONE',  ( -1.153611605577076649, 47.71663046453083723, 204.9482023332519987 ) ) ;
#1213 = CARTESIAN_POINT ( 'NONE',  ( 87.03917095743797461, -14.78840956284643582, 45.13835781979638995 ) ) ;
#1214 = CARTESIAN_POINT ( 'NONE',  ( -41.65148393335591948, 30.93882034907100120, 138.0594147747591194 ) ) ;
#1215 = CARTESIAN_POINT ( 'NONE',  ( -84.37654678365758798, 7.016731582859186744, 78.37539727634437270 ) ) ;
#1216 = COLOUR_RGB ( '',0.7921568627450980005, 0.8196078431372548767, 0.9333333333333333481 ) ;
#1217 = B_SPLINE_CURVE_WITH_KNOTS ( 'NONE', 3,
 ( #5195, #5823, #3645, #681, #3531, #1209 ),
 .UNSPECIFIED., .F., .F.,
 ( 4, 2, 4 ),
 ( 2.775557561562891351E-17, 0.02937699157184182550, 0.05875398314368362324 ),
 .UNSPECIFIED. ) ;
#1218 = CARTESIAN_POINT ( 'NONE',  ( 8.078565594260567195E-09, 60.00000000000000711, 213.8493118463000826 ) ) ;
#1219 = CARTESIAN_POINT ( 'NONE',  ( 19.77378748083232196, 36.71286961557274964, 110.8349342827271613 ) ) ;
#1220 = CARTESIAN_POINT ( 'NONE',  ( 12.53024648189237311, -15.07893345480093927, -60.27095919175482663 ) ) ;
#1221 = CARTESIAN_POINT ( 'NONE',  ( 0.000000000000000000, 47.03654387356198185, 229.1256845389213481 ) ) ;
#1222 = CARTESIAN_POINT ( 'NONE',  ( -36.17882349064937131, 35.76214023525526642, 186.3696914743988486 ) ) ;
#1223 = CARTESIAN_POINT ( 'NONE',  ( 9.706193483868752026, -6.012392168603122755, 533.3392366149785175 ) ) ;
#1224 = CARTESIAN_POINT ( 'NONE',  ( 15.06567636942871502, 42.24020912602701117, 209.5765997296785201 ) ) ;
#1225 = CARTESIAN_POINT ( 'NONE',  ( 6.956157188486384868, 32.91115165545490839, 60.35251594820514498 ) ) ;
#1226 = FACE_OUTER_BOUND ( 'NONE', #1473, .T. ) ;
#1227 = DIRECTION ( 'NONE',  ( 0.000000000000000000, 0.000000000000000000, 1.000000000000000000 ) ) ;
#1228 = CARTESIAN_POINT ( 'NONE',  ( -6.553917942412819997, 25.91085572145161464, 26.92364415630479613 ) ) ;
#1229 = CARTESIAN_POINT ( 'NONE',  ( 0.4470717971358613152, 44.23491859003660664, 203.2380012110363907 ) ) ;
#1230 = CARTESIAN_POINT ( 'NONE',  ( 2.305880909965908110, 47.37679427264756526, 199.0518132416890751 ) ) ;
#1231 = VECTOR ( 'NONE', #5522, 1000.000000000000227 ) ;
#1232 = EDGE_CURVE ( 'NONE', #7078, #6311, #3769, .T. ) ;
#1233 = ORIENTED_EDGE ( 'NONE', *, *, #3324, .T. ) ;
#1234 = DIRECTION ( 'NONE',  ( 0.000000000000000000, 0.2193763502603176541, 0.9756403112553633239 ) ) ;
#1235 = CARTESIAN_POINT ( 'NONE',  ( -0.3500438729633368884, 43.67992156113538726, 156.6731875618182812 ) ) ;
#1236 = CARTESIAN_POINT ( 'NONE',  ( 1.849534121738633852, 16.21802295602805799, -18.86953178114389829 ) ) ;
#1237 = CARTESIAN_POINT ( 'NONE',  ( -3.983848389505033172, 33.28811248432583625, 58.92404724291880314 ) ) ;
#1238 = CARTESIAN_POINT ( 'NONE',  ( 0.5000000000002385869, 46.99765288992999501, 181.1826763077941109 ) ) ;
#1239 = ORIENTED_EDGE ( 'NONE', *, *, #4911, .F. ) ;
#1240 = CARTESIAN_POINT ( 'NONE',  ( -30.32252746484245876, 22.93748511564115233, 48.59136135709569970 ) ) ;
#1241 = CARTESIAN_POINT ( 'NONE',  ( 1.412905495387613675, 38.87119500223062829, 332.0564048275492723 ) ) ;
#1242 = ORIENTED_EDGE ( 'NONE', *, *, #5578, .T. ) ;
#1243 = FACE_OUTER_BOUND ( 'NONE', #7371, .T. ) ;
#1244 = CARTESIAN_POINT ( 'NONE',  ( -10.56061870390437640, 37.30046829648910034, 96.06564985267662848 ) ) ;
#1245 = CARTESIAN_POINT ( 'NONE',  ( -19.57372215414722660, 60.00000000000000711, 213.8493121098462098 ) ) ;
#1246 = CARTESIAN_POINT ( 'NONE',  ( -1.412905495387613675, 40.21919022833552049, 320.0005269926185747 ) ) ;
#1247 = CARTESIAN_POINT ( 'NONE',  ( 0.000000000000000000, 47.07228892232936346, 200.1826763077941393 ) ) ;
#1248 = CARTESIAN_POINT ( 'NONE',  ( 3.350178695052929978, -24.66882895534568121, -76.10165956531285758 ) ) ;
#1249 = ORIENTED_EDGE ( 'NONE', *, *, #5282, .F. ) ;
#1250 = CARTESIAN_POINT ( 'NONE',  ( -44.48106091664104156, 29.82844035443222097, 145.0611688032161055 ) ) ;
#1251 = CARTESIAN_POINT ( 'NONE',  ( -28.23808762699846042, 3.056412852116027423, -22.60677287783177647 ) ) ;
#1252 = ADVANCED_FACE ( 'NONE', ( #400 ), #1516, .F. ) ;
#1253 = CARTESIAN_POINT ( 'NONE',  ( -3.911032522146973278E-09, 60.00000000000000711, 35.04931211369478916 ) ) ;
#1254 = CARTESIAN_POINT ( 'NONE',  ( 33.80087815498110615, 33.56466264743905015, 126.9066142446512515 ) ) ;
#1255 = CARTESIAN_POINT ( 'NONE',  ( 20.86766536268542538, 24.91239575930242012, 40.66380830437936567 ) ) ;
#1256 = CARTESIAN_POINT ( 'NONE',  ( 28.49463500214571354, -6.821171986367837725, -36.82241012564603722 ) ) ;
#1257 = CARTESIAN_POINT ( 'NONE',  ( 1.974914245429317816, 47.28203194932483200, 155.6413165022189844 ) ) ;
#1258 = CARTESIAN_POINT ( 'NONE',  ( 0.3086475483430783373, 43.08543073857138239, 144.8277710627195347 ) ) ;
#1259 = CARTESIAN_POINT ( 'NONE',  ( 2.331263078060942462, 10.18293184117968941, 486.7884037760323963 ) ) ;
#1260 = EDGE_CURVE ( 'NONE', #4021, #3624, #5523, .T. ) ;
#1261 = CARTESIAN_POINT ( 'NONE',  ( 0.04193615822426978446, 43.94849205431426498, 214.6639761070512691 ) ) ;
#1262 = CARTESIAN_POINT ( 'NONE',  ( -0.3302021862619082260, 35.23039783186435159, 66.49157801729664641 ) ) ;
#1263 = CARTESIAN_POINT ( 'NONE',  ( 0.3941016840951871436, 41.91919523364817479, 125.5894727879708910 ) ) ;
#1264 = CARTESIAN_POINT ( 'NONE',  ( 2.607986108098389710, 31.13206323744494242, 46.41403131076972954 ) ) ;
#1265 = CARTESIAN_POINT ( 'NONE',  ( -0.7085746584872376630, 47.51270326095347940, 200.6866725165441778 ) ) ;
#1266 = CARTESIAN_POINT ( 'NONE',  ( -0.01830733061353140637, 44.19537555751697511, 203.2907804903345550 ) ) ;
#1267 = CARTESIAN_POINT ( 'NONE',  ( -0.003432574477968752986, 26.64424950133699355, 24.81296093122723789 ) ) ;
#1268 = MECHANICAL_DESIGN_GEOMETRIC_PRESENTATION_REPRESENTATION (  '', ( #318 ), #6432 ) ;
#1269 = VERTEX_POINT ( 'NONE', #6704 ) ;
#1270 = CARTESIAN_POINT ( 'NONE',  ( 0.06545777874049379941, 43.04243259830251844, 144.8488043013564379 ) ) ;
#1271 = CARTESIAN_POINT ( 'NONE',  ( 6.447150557907289858, 40.42683374217152448, 119.2391595031701002 ) ) ;
#1272 = CARTESIAN_POINT ( 'NONE',  ( 2.650316221447130527, 28.51110833786872334, 17.25647961524052931 ) ) ;
#1273 = CARTESIAN_POINT ( 'NONE',  ( -16.59273175348232954, 31.56088523477666641, 66.62591787754492145 ) ) ;
#1274 = CARTESIAN_POINT ( 'NONE',  ( 0.000000000000000000, -8.823511411159953965, 555.1857276250582345 ) ) ;
#1275 = ORIENTED_EDGE ( 'NONE', *, *, #4592, .F. ) ;
#1276 = CARTESIAN_POINT ( 'NONE',  ( 2.500000000000238476, 46.75821274693984719, 183.1826763077941109 ) ) ;
#1277 = CARTESIAN_POINT ( 'NONE',  ( -47.31906922256367665, 15.57846502002442612, 326.4192049172317525 ) ) ;
#1278 = ORIENTED_EDGE ( 'NONE', *, *, #7264, .F. ) ;
#1279 = CIRCLE ( 'NONE', #926, 0.4999999999999971134 ) ;
#1280 = CARTESIAN_POINT ( 'NONE',  ( -8.787197833312855977, 31.08542593157888945, 35.89342873416980950 ) ) ;
#1281 = LINE ( 'NONE', #5861, #3751 ) ;
#1282 = CARTESIAN_POINT ( 'NONE',  ( -30.78717420800867544, 34.36079216437158834, 122.5594868858551507 ) ) ;
#1283 = CARTESIAN_POINT ( 'NONE',  ( 1.809136092359615811, 47.36738571988343693, 180.9907151874560043 ) ) ;
#1284 = CARTESIAN_POINT ( 'NONE',  ( 7.301291994692240550, 46.93704426116289596, 207.1250189900836745 ) ) ;
#1285 = FACE_OUTER_BOUND ( 'NONE', #5545, .T. ) ;
#1286 = CARTESIAN_POINT ( 'NONE',  ( 28.62580084016314075, -19.75740349066564150, -50.39037838586354923 ) ) ;
#1287 = ORIENTED_EDGE ( 'NONE', *, *, #5836, .T. ) ;
#1288 = CARTESIAN_POINT ( 'NONE',  ( -0.3469847111474794188, 37.90388449095537737, 85.17427434990798929 ) ) ;
#1289 = CARTESIAN_POINT ( 'NONE',  ( 1.766877480964753611, 28.41324036064381175, 17.19561693595092322 ) ) ;
#1290 = CARTESIAN_POINT ( 'NONE',  ( -1.015950694754377270, 46.97246034651179514, 200.1193388307054306 ) ) ;
#1291 = CARTESIAN_POINT ( 'NONE',  ( 1.590596639504716858, 39.40795771027785577, 100.4543182291812542 ) ) ;
#1292 = CARTESIAN_POINT ( 'NONE',  ( 25.91611067184569706, 23.83524256794682472, 44.19728159148871072 ) ) ;
#1293 = ADVANCED_FACE ( 'NONE', ( #6103 ), #1001, .F. ) ;
#1294 = CARTESIAN_POINT ( 'NONE',  ( 3.313916258227276757, 1.354737596468937211, -46.71700391772461813 ) ) ;
#1295 = CARTESIAN_POINT ( 'NONE',  ( -6.403712080581203558, 45.57724494206407684, 254.1058661924230933 ) ) ;
#1296 = CARTESIAN_POINT ( 'NONE',  ( -6.354189313723308530, 41.65363406272641100, 135.0251267092920102 ) ) ;
#1297 = CARTESIAN_POINT ( 'NONE',  ( 2.512478394710995655, -1.256705077567221052, 529.6245464009108446 ) ) ;
#1298 = VECTOR ( 'NONE', #4394, 1000.000000000000000 ) ;
#1299 = FACE_OUTER_BOUND ( 'NONE', #3167, .T. ) ;
#1300 = CARTESIAN_POINT ( 'NONE',  ( 47.20628097040920323, 24.94439456801145383, 112.8528969085848388 ) ) ;
#1301 = CARTESIAN_POINT ( 'NONE',  ( -6.316085397354912701, 41.06602307982686284, 127.6083353756014844 ) ) ;
#1302 = LINE ( 'NONE', #3629, #4903 ) ;
#1303 = CARTESIAN_POINT ( 'NONE',  ( -8.206398091503711356, 43.18753613435680450, 213.8493119567934571 ) ) ;
#1304 = CARTESIAN_POINT ( 'NONE',  ( -20.06772351316457659, 41.31293846546968496, 201.4161786559808718 ) ) ;
#1305 = CARTESIAN_POINT ( 'NONE',  ( -1.404199679686745306, 45.94742635001971109, 130.5641109568593379 ) ) ;
#1306 = VERTEX_POINT ( 'NONE', #7017 ) ;
#1307 = CARTESIAN_POINT ( 'NONE',  ( -0.4100846701767056901, 44.16721328836524663, 180.0797820924504720 ) ) ;
#1308 = CARTESIAN_POINT ( 'NONE',  ( -0.2535481607977075336, 41.28884130297115718, 117.1682491487812712 ) ) ;
#1309 = CARTESIAN_POINT ( 'NONE',  ( -149.9999999999998295, 12.15754626088404500, 232.9814987402332633 ) ) ;
#1310 = CARTESIAN_POINT ( 'NONE',  ( -3.239460924897441974, 33.38088366958714914, 58.62820125250100745 ) ) ;
#1311 = CARTESIAN_POINT ( 'NONE',  ( 149.9999999999998579, -5.139754097654222420, 439.4216061485305431 ) ) ;
#1312 = CARTESIAN_POINT ( 'NONE',  ( 1.406557556210300319, 3.019610311274071535, 514.9300709948294070 ) ) ;
#1313 = EDGE_LOOP ( 'NONE', ( #3653, #2496, #4837, #3203, #837, #2338, #4490, #4486, #4081, #3460 ) ) ;
#1314 = CARTESIAN_POINT ( 'NONE',  ( -29.18788444783183778, 38.46930091055233447, 212.2499942796518724 ) ) ;
#1315 = CARTESIAN_POINT ( 'NONE',  ( 1.371592355364178228, 6.821518167627450779, 500.7095233472878135 ) ) ;
#1316 = CARTESIAN_POINT ( 'NONE',  ( -1.059261791605258241, 47.48595991177187869, 200.1077983834998690 ) ) ;
#1317 = CARTESIAN_POINT ( 'NONE',  ( -1.783309425347031851, 32.39148558644468778, 35.04931210984614864 ) ) ;
#1318 = CARTESIAN_POINT ( 'NONE',  ( -7.500000000000000000, 31.00692154964250591, 41.84052738093583912 ) ) ;
#1319 = AXIS2_PLACEMENT_3D ( 'NONE', #4478, #989, #2112 ) ;
#1320 = CARTESIAN_POINT ( 'NONE',  ( -0.9261201088763146849, 38.58975858871001208, 91.87520288631696985 ) ) ;
#1321 = CARTESIAN_POINT ( 'NONE',  ( -0.4709684984625378545, 41.02653431879563328, 312.7840159696370392 ) ) ;
#1322 = CARTESIAN_POINT ( 'NONE',  ( 19.85086339919319087, 37.97497108164360213, 124.9999999999999432 ) ) ;
#1323 = CARTESIAN_POINT ( 'NONE',  ( 0.000000000000000000, 7.905339886619993095, -35.92712258355483357 ) ) ;
#1324 = VERTEX_POINT ( 'NONE', #3719 ) ;
#1325 = CARTESIAN_POINT ( 'NONE',  ( 0.2999245231681409996, 36.20924704438515107, 73.23766041187970188 ) ) ;
#1326 = CARTESIAN_POINT ( 'NONE',  ( 0.000000000000000000, 37.42084218078985458, 58.72214691171561185 ) ) ;
#1327 = EDGE_LOOP ( 'NONE', ( #3764, #4172, #5014, #3149 ) ) ;
#1328 = ADVANCED_FACE ( 'NONE', ( #2680 ), #1433, .F. ) ;
#1329 = CARTESIAN_POINT ( 'NONE',  ( -2.296080569087397549, 46.82990631075882249, 199.0721221425667125 ) ) ;
#1330 = CARTESIAN_POINT ( 'NONE',  ( 12.82808671767111086, 37.85305709149753284, 105.9245999330487820 ) ) ;
#1331 = DIRECTION ( 'NONE',  ( -0.000000000000000000, 1.000000000000000000, -0.000000000000000000 ) ) ;
#1332 = CARTESIAN_POINT ( 'NONE',  ( 0.000000000000000000, -8.574914396861032628, -59.59239050809556204 ) ) ;
#1333 = CARTESIAN_POINT ( 'NONE',  ( 1.730417408365614973, 47.76473948255436142, 204.8872388650783591 ) ) ;
#1334 = CARTESIAN_POINT ( 'NONE',  ( -12.41373571359941685, 41.39115207723654777, 150.0602558433834588 ) ) ;
#1335 = CARTESIAN_POINT ( 'NONE',  ( -1.371592355364178228, 6.821518167627450779, 500.7095233472878135 ) ) ;
#1336 = ORIENTED_EDGE ( 'NONE', *, *, #6820, .T. ) ;
#1337 = CARTESIAN_POINT ( 'NONE',  ( 41.36673862624236619, 32.27882137531791784, 245.6074235772221641 ) ) ;
#1338 = CARTESIAN_POINT ( 'NONE',  ( 4.653588379741061765, 34.60529740778468266, 67.61060605601421969 ) ) ;
#1339 = CARTESIAN_POINT ( 'NONE',  ( -14.22154162940553768, 39.87381858910682553, 132.1568706530477471 ) ) ;
#1340 = CARTESIAN_POINT ( 'NONE',  ( -39.63749387989575013, 22.49657194017424189, 69.18754356468517130 ) ) ;
#1341 = CARTESIAN_POINT ( 'NONE',  ( 0.5100602898684277742, 44.17705915820135232, 180.0724191710435207 ) ) ;
#1342 = CARTESIAN_POINT ( 'NONE',  ( -1.730417408365614973, 47.76473948255436142, 204.8872388650783591 ) ) ;
#1343 = ADVANCED_FACE ( 'NONE', ( #6016 ), #3198, .T. ) ;
#1344 = ORIENTED_EDGE ( 'NONE', *, *, #3869, .T. ) ;
#1345 = CARTESIAN_POINT ( 'NONE',  ( 33.24734123704516264, 36.92414968621283577, 181.6340109123722470 ) ) ;
#1346 = CARTESIAN_POINT ( 'NONE',  ( 30.18285187221766108, 35.30699861024215380, 130.1687849628591493 ) ) ;
#1347 =( GEOMETRIC_REPRESENTATION_CONTEXT ( 3 ) GLOBAL_UNCERTAINTY_ASSIGNED_CONTEXT ( ( #2943 ) ) GLOBAL_UNIT_ASSIGNED_CONTEXT ( ( #7313, #4386, #524 ) ) REPRESENTATION_CONTEXT ( 'NONE', 'WORKASPACE' ) );
#1348 = CARTESIAN_POINT ( 'NONE',  ( 0.000000000000000000, 34.15347802815850997, 41.94911547631893001 ) ) ;
#1349 = CARTESIAN_POINT ( 'NONE',  ( 0.1319255727477315898, 30.56341557725284019, 41.34411419354293571 ) ) ;
#1350 = CARTESIAN_POINT ( 'NONE',  ( -0.7295355504911777977, -7.249700490246020479, 550.1677435810472616 ) ) ;
#1351 = CARTESIAN_POINT ( 'NONE',  ( -7.182069076493386106, -7.765377059782173852, 549.2849336186909568 ) ) ;
#1352 = LINE ( 'NONE', #2521, #5677 ) ;
#1353 = CARTESIAN_POINT ( 'NONE',  ( -1.925100097286686074, 25.85227023461058238, 415.2282052245307113 ) ) ;
#1354 = CARTESIAN_POINT ( 'NONE',  ( -19.57372215414722660, 44.71058650513265320, 213.8493121098462098 ) ) ;
#1355 = EDGE_CURVE ( 'NONE', #3242, #7069, #5974, .T. ) ;
#1356 = CARTESIAN_POINT ( 'NONE',  ( -1.499176267799187556, 43.98606726276761947, 181.4452464684736128 ) ) ;
#1357 = AXIS2_PLACEMENT_3D ( 'NONE', #54, #6284, #2346 ) ;
#1358 = DIRECTION ( 'NONE',  ( 0.000000000000000000, 0.000000000000000000, 1.000000000000000000 ) ) ;
#1359 = CARTESIAN_POINT ( 'NONE',  ( -1.274479750870156636, 38.54573943921031542, 91.92677169046289976 ) ) ;
#1360 = CARTESIAN_POINT ( 'NONE',  ( -0.4745308580082530092, 42.53815482386927016, 298.1606671052002184 ) ) ;
#1361 = CARTESIAN_POINT ( 'NONE',  ( -5.551620045011604887, 42.69920818264554896, 153.4838691362627117 ) ) ;
#1362 = CARTESIAN_POINT ( 'NONE',  ( 3.323413742140344684, -2.163148135800812888, -51.77104861990689955 ) ) ;
#1363 = ORIENTED_EDGE ( 'NONE', *, *, #4865, .F. ) ;
#1364 = CARTESIAN_POINT ( 'NONE',  ( -0.6154591261554437365, 36.09446863585495180, 73.25227935778025312 ) ) ;
#1365 = CARTESIAN_POINT ( 'NONE',  ( -55.14185912003974011, 11.14502422987850849, 230.0543043816361433 ) ) ;
#1366 = ORIENTED_EDGE ( 'NONE', *, *, #4476, .F. ) ;
#1367 = CARTESIAN_POINT ( 'NONE',  ( 41.65148393617560174, 30.93882034800577330, 138.0594147807890124 ) ) ;
#1368 = CARTESIAN_POINT ( 'NONE',  ( -42.22882531461573308, 33.27774346446580722, 124.9999999999999716 ) ) ;
#1369 = CARTESIAN_POINT ( 'NONE',  ( 5.018613992240771537, 38.96534950021445809, 101.6158939443063787 ) ) ;
#1370 = CARTESIAN_POINT ( 'NONE',  ( 2.486987331551828717, 46.75648144201452538, 182.9201427224077463 ) ) ;
#1371 = CARTESIAN_POINT ( 'NONE',  ( -1.885900387860527383, 4.944344929474349115, -41.28297166191669731 ) ) ;
#1372 = CARTESIAN_POINT ( 'NONE',  ( -44.49566077598581870, 36.56622561671095895, 287.9162384457418966 ) ) ;
#1373 = CARTESIAN_POINT ( 'NONE',  ( -15.21574406104470079, 40.91685295000645084, 151.8696939817278349 ) ) ;
#1374 = CARTESIAN_POINT ( 'NONE',  ( 0.000000000000000000, -9.999999999999710454, 558.9422371214541272 ) ) ;
#1375 = CARTESIAN_POINT ( 'NONE',  ( 0.8611309884671365378, 36.06368791539640029, 73.27886452155252073 ) ) ;
#1376 = ORIENTED_EDGE ( 'NONE', *, *, #1658, .T. ) ;
#1377 =( NAMED_UNIT ( * ) SI_UNIT ( $, .STERADIAN. ) SOLID_ANGLE_UNIT ( ) );
#1378 = CARTESIAN_POINT ( 'NONE',  ( -0.4219847731717276118, 35.24188091956870750, 66.49677558433147340 ) ) ;
#1379 = CARTESIAN_POINT ( 'NONE',  ( 0.1296634632436796941, 41.27367523783022563, 117.1700104708173882 ) ) ;
#1380 = ADVANCED_FACE ( 'NONE', ( #6132 ), #7202, .F. ) ;
#1381 = CARTESIAN_POINT ( 'NONE',  ( -44.16468378019698804, 31.29850771630736261, 106.3776962309146654 ) ) ;
#1382 = CARTESIAN_POINT ( 'NONE',  ( 0.2874529777575418055, 44.29218194595544844, 191.7333242859924098 ) ) ;
#1383 = CARTESIAN_POINT ( 'NONE',  ( 14.61713605283470763, 44.60612277303756201, 256.7277770913618156 ) ) ;
#1384 = EDGE_LOOP ( 'NONE', ( #6775, #6417, #2763, #1136 ) ) ;
#1385 = CARTESIAN_POINT ( 'NONE',  ( 5.582614758814680833, 42.97288103769315626, 158.3849200983112269 ) ) ;
#1386 = CARTESIAN_POINT ( 'NONE',  ( 41.97888930304777233, 32.01605220532864848, 159.1672003439339846 ) ) ;
#1387 = CARTESIAN_POINT ( 'NONE',  ( -3.035287670926654968, 31.01651801567224354, 29.24765051123930704 ) ) ;
#1388 = CARTESIAN_POINT ( 'NONE',  ( -34.18248378631879092, 26.99935150503722525, 77.10444713129457739 ) ) ;
#1389 = CARTESIAN_POINT ( 'NONE',  ( -2.401798183065585235, 47.32152945029079660, 182.5505102492337244 ) ) ;
#1390 = PRESENTATION_LAYER_ASSIGNMENT (  '', '', ( #318 ) ) ;
#1391 = CARTESIAN_POINT ( 'NONE',  ( 1.462097396393197579, -8.755891532203142091, 555.1105562664688478 ) ) ;
#1392 = PLANE ( 'NONE',  #3505 ) ;
#1393 = CARTESIAN_POINT ( 'NONE',  ( 0.000000000000000000, 25.90249749234719445, 415.3909803479844527 ) ) ;
#1394 = CARTESIAN_POINT ( 'NONE',  ( -2.197287112455614810, 47.38086485184519603, 200.0710371450983018 ) ) ;
#1395 = DIRECTION ( 'NONE',  ( 0.000000000000000000, 0.000000000000000000, 1.000000000000000000 ) ) ;
#1396 = CARTESIAN_POINT ( 'NONE',  ( -0.000000000000000000, 47.46463538466442600, 174.6391366950910822 ) ) ;
#1397 = CARTESIAN_POINT ( 'NONE',  ( -2.409451908836927725, 36.11776090967669006, 75.24126703010368544 ) ) ;
#1398 = CARTESIAN_POINT ( 'NONE',  ( 0.000000000000000000, 28.59958286175763931, 400.6555249589480923 ) ) ;
#1399 = CARTESIAN_POINT ( 'NONE',  ( 0.000000000000000000, 47.57416251593267731, 200.6869432474837254 ) ) ;
#1400 = CARTESIAN_POINT ( 'NONE',  ( 150.0000000000000284, 4.861445216433631700, 214.0141223977753668 ) ) ;
#1401 = ORIENTED_EDGE ( 'NONE', *, *, #3032, .T. ) ;
#1402 = CARTESIAN_POINT ( 'NONE',  ( 0.4881487156474976219, 36.23282788750140071, 73.24727308095020817 ) ) ;
#1403 = CARTESIAN_POINT ( 'NONE',  ( -2.883333089012468431, 37.06396331801435196, 58.55160058116674549 ) ) ;
#1404 = CARTESIAN_POINT ( 'NONE',  ( -0.4972916892861368177, 40.55655139196142045, 109.1035010169537856 ) ) ;
#1405 = DIRECTION ( 'NONE',  ( 0.000000000000000000, -0.9999927794083126598, -0.003800148844157491459 ) ) ;
#1406 = CARTESIAN_POINT ( 'NONE',  ( 19.37618135246720996, 37.65860478588783877, 118.9170756453599580 ) ) ;
#1407 = PLANE ( 'NONE',  #2690 ) ;
#1408 = CARTESIAN_POINT ( 'NONE',  ( -0.9462317272739826368, 1.580906215184355590, -46.59094046645357423 ) ) ;
#1409 = CARTESIAN_POINT ( 'NONE',  ( -42.60652105880237173, 30.35201058883452419, 345.2738653162223272 ) ) ;
#1410 = CARTESIAN_POINT ( 'NONE',  ( -12.81158189830134830, 40.71518684525375420, 138.4944396696142235 ) ) ;
#1411 = CARTESIAN_POINT ( 'NONE',  ( -87.16474666623552991, -18.22885969961632213, 41.61352295269925605 ) ) ;
#1412 = CARTESIAN_POINT ( 'NONE',  ( 7.112544386702168708, 37.02342604217335520, 87.54005682099020191 ) ) ;
#1413 = EDGE_LOOP ( 'NONE', ( #2572, #1565, #1884, #7116 ) ) ;
#1414 = CARTESIAN_POINT ( 'NONE',  ( 1.731120985976309479, 43.80909770136978665, 214.9935147036192120 ) ) ;
#1415 = CARTESIAN_POINT ( 'NONE',  ( 0.6359430287452093600, 35.10958696471073637, 66.50485978776850970 ) ) ;
#1416 = CARTESIAN_POINT ( 'NONE',  ( 0.2122532616130201888, 41.28378594792415868, 117.1688362561265535 ) ) ;
#1417 = SURFACE_STYLE_USAGE ( .BOTH. , #2992 ) ;
#1418 = CARTESIAN_POINT ( 'NONE',  ( 7.053569696294418989, 41.75449789290554037, 146.4838691362627685 ) ) ;
#1419 = CARTESIAN_POINT ( 'NONE',  ( -3.904635625772033158, 43.82530889622616854, 204.2913902832434019 ) ) ;
#1420 = CARTESIAN_POINT ( 'NONE',  ( 1.649437573462356754, 38.88726402745196253, 331.8909477606557630 ) ) ;
#1421 = EDGE_LOOP ( 'NONE', ( #4730, #4367, #3724, #4176, #6374, #4779 ) ) ;
#1422 = EDGE_CURVE ( 'NONE', #876, #367, #4166, .T. ) ;
#1423 = CARTESIAN_POINT ( 'NONE',  ( 16.64647637978475103, 41.60885981467460226, 176.3593153719096733 ) ) ;
#1424 = CARTESIAN_POINT ( 'NONE',  ( 23.29779046328335923, 36.88389791030717646, 122.4597644544325021 ) ) ;
#1425 = CARTESIAN_POINT ( 'NONE',  ( -54.00102207192544768, 15.29528807115969968, 241.2492155879526479 ) ) ;
#1426 = CARTESIAN_POINT ( 'NONE',  ( -5.632992236857388590, 29.87674758686104326, 42.92693754096679015 ) ) ;
#1427 = CARTESIAN_POINT ( 'NONE',  ( -2.204993609042148694, 47.32791781927720365, 181.2921121689172992 ) ) ;
#1428 = CARTESIAN_POINT ( 'NONE',  ( 0.000000000000000000, -1.100564968850144654, 529.4234485653213369 ) ) ;
#1429 = CARTESIAN_POINT ( 'NONE',  ( -0.1818476458767238346, 47.53794299400890111, 181.1826763078196336 ) ) ;
#1430 = CARTESIAN_POINT ( 'NONE',  ( -149.9999999999996589, 3.010335517173705178, 393.8851699768119943 ) ) ;
#1431 = FACE_OUTER_BOUND ( 'NONE', #3256, .T. ) ;
#1432 = DIRECTION ( 'NONE',  ( 1.000000000000000000, 0.000000000000000000, -0.000000000000000000 ) ) ;
#1433 = PLANE ( 'NONE',  #5129 ) ;
#1434 = CARTESIAN_POINT ( 'NONE',  ( -6.964267220801785285, 36.75020392933182478, 85.65484477936723806 ) ) ;
#1435 = CARTESIAN_POINT ( 'NONE',  ( 0.000000000000000000, 23.07731326548116613, 429.8900929289059150 ) ) ;
#1436 = CARTESIAN_POINT ( 'NONE',  ( -2.500000000000240696, 46.82843538539536610, 193.1825532154011285 ) ) ;
#1437 = CARTESIAN_POINT ( 'NONE',  ( 0.000000000000000000, 11.73449225725467926, -28.51670946738130752 ) ) ;
#1438 = EDGE_LOOP ( 'NONE', ( #4460, #1801, #6479, #81 ) ) ;
#1439 = CARTESIAN_POINT ( 'NONE',  ( -0.5505272624623879230, 47.49506067536788834, 180.6769762434212794 ) ) ;
#1440 = CARTESIAN_POINT ( 'NONE',  ( 0.8486857927523446810, 34.25527520538206261, 42.00482374486006165 ) ) ;
#1441 = ORIENTED_EDGE ( 'NONE', *, *, #5653, .F. ) ;
#1442 = CARTESIAN_POINT ( 'NONE',  ( 29.70170946969538051, 35.44280607706073738, 129.7529430960884724 ) ) ;
#1443 = DIRECTION ( 'NONE',  ( 0.000000000000000000, -0.003800148844160787000, 0.9999927794083126598 ) ) ;
#1444 = CARTESIAN_POINT ( 'NONE',  ( 22.32660443312856557, 38.38916304166168914, 138.3097892528086845 ) ) ;
#1445 = CARTESIAN_POINT ( 'NONE',  ( 27.28012801745004268, 17.82243023528065962, 9.515898732818438788 ) ) ;
#1446 = CARTESIAN_POINT ( 'NONE',  ( 0.4745308580082530092, 42.53815482386927016, 298.1606671052002184 ) ) ;
#1447 = CARTESIAN_POINT ( 'NONE',  ( -2.915318657516995593, 42.10321710368610582, 133.5498070126820664 ) ) ;
#1448 = CARTESIAN_POINT ( 'NONE',  ( 2.562172481296778770, -9.718372356699223502, 557.8072730852924224 ) ) ;
#1449 = CARTESIAN_POINT ( 'NONE',  ( 51.92017659493059512, 24.81441302442522101, 142.5016111225386339 ) ) ;
#1450 = ORIENTED_EDGE ( 'NONE', *, *, #5578, .F. ) ;
#1451 = CARTESIAN_POINT ( 'NONE',  ( -0.4589552595537724766, 37.70936415402018582, 83.36697958025187916 ) ) ;
#1452 = CARTESIAN_POINT ( 'NONE',  ( 0.4422262326644786357, 40.56407110302364316, 108.7226114354327251 ) ) ;
#1453 = CARTESIAN_POINT ( 'NONE',  ( 0.000000000000000000, 0.000000000000000000, 181.1826763077941109 ) ) ;
#1454 = CARTESIAN_POINT ( 'NONE',  ( 45.70542344736916363, 31.24632232633141271, 125.0000000000213163 ) ) ;
#1455 = CARTESIAN_POINT ( 'NONE',  ( -2.546254886506098103, 44.01572293715033624, 192.2962880831971688 ) ) ;
#1456 = CARTESIAN_POINT ( 'NONE',  ( 0.000000000000000000, 44.44231472044331355, 275.7264566852123266 ) ) ;
#1457 = AXIS2_PLACEMENT_3D ( 'NONE', #982, #7357, #6123 ) ;
#1458 = CARTESIAN_POINT ( 'NONE',  ( 45.46985891883282704, 31.30803461534603827, 214.3592371937439509 ) ) ;
#1459 = CARTESIAN_POINT ( 'NONE',  ( 8.301024244052705114, 29.54673091851998379, 44.40821808702740725 ) ) ;
#1460 = CARTESIAN_POINT ( 'NONE',  ( -22.01802724243391651, 40.49517762205267246, 116.2537897038075414 ) ) ;
#1461 = CARTESIAN_POINT ( 'NONE',  ( 0.04007489433358435438, 30.55229175809755304, 41.34019133381568167 ) ) ;
#1462 = CARTESIAN_POINT ( 'NONE',  ( -1.541809706807732772, 47.40166914103180318, 181.4699429996131528 ) ) ;
#1463 = CARTESIAN_POINT ( 'NONE',  ( 0.7614238541913269653, 47.00044178258878702, 200.1697738903044126 ) ) ;
#1464 = EDGE_CURVE ( 'NONE', #4790, #3526, #3193, .T. ) ;
#1465 = CARTESIAN_POINT ( 'NONE',  ( 0.000000000000000000, 20.11671744806442774, 444.2109482500774220 ) ) ;
#1466 = FACE_OUTER_BOUND ( 'NONE', #821, .T. ) ;
#1467 = CARTESIAN_POINT ( 'NONE',  ( 7.500000000000000000, 29.65611229232975887, 44.34370561850344927 ) ) ;
#1468 = CARTESIAN_POINT ( 'NONE',  ( 0.9552145398446717506, -19.79945804760096095, -71.14787201309992781 ) ) ;
#1469 = CARTESIAN_POINT ( 'NONE',  ( -37.83330330504621486, 30.78006581595042945, 117.0256515878126322 ) ) ;
#1470 = CARTESIAN_POINT ( 'NONE',  ( 1.649437573462356754, 38.88726402745196253, 331.8909477606557630 ) ) ;
#1471 = DIRECTION ( 'NONE',  ( 0.000000000000000000, -1.000000000000000000, 0.000000000000000000 ) ) ;
#1472 = CARTESIAN_POINT ( 'NONE',  ( 12.46229530001277652, -2.572497710891440637, -46.23969499504121217 ) ) ;
#1473 = EDGE_LOOP ( 'NONE', ( #1366, #4856, #773, #2293, #4624, #2172 ) ) ;
#1474 = CARTESIAN_POINT ( 'NONE',  ( -21.17292062411367226, 33.12100796901656707, 85.50236578526498477 ) ) ;
#1475 = CARTESIAN_POINT ( 'NONE',  ( 1.697371585504689362, 34.35707238260560814, 42.06053201340118619 ) ) ;
#1476 = VERTEX_POINT ( 'NONE', #2071 ) ;
#1477 = AXIS2_PLACEMENT_3D ( 'NONE', #5456, #474, #2761 ) ;
#1478 = CARTESIAN_POINT ( 'NONE',  ( -0.3780052586582460239, 41.66912439020007497, 121.0527260048999096 ) ) ;
#1479 = DIRECTION ( 'NONE',  ( -0.0001000150855714512891, 0.000000000000000000, 0.9999999949984912373 ) ) ;
#1480 = CARTESIAN_POINT ( 'NONE',  ( 3.052012081197529980, 47.32573209178499951, 193.1820792560602627 ) ) ;
#1481 = CARTESIAN_POINT ( 'NONE',  ( -0.9333058635097452038, 11.80632858096668159, -28.47083339118706391 ) ) ;
#1482 = CARTESIAN_POINT ( 'NONE',  ( -13.31731313304985065, 38.32335583300963577, 331.1613580124958389 ) ) ;
#1483 = CARTESIAN_POINT ( 'NONE',  ( -3.083088646309178227, 40.10743393670543355, 109.6705837667097541 ) ) ;
#1484 = CARTESIAN_POINT ( 'NONE',  ( 0.9565858417292030236, -24.71121349876131390, -76.19616986922960677 ) ) ;
#1485 = B_SPLINE_CURVE_WITH_KNOTS ( 'NONE', 3,
 ( #1361, #3648, #3126, #6541 ),
 .UNSPECIFIED., .F., .F.,
 ( 4, 4 ),
 ( 8.673617379884035472E-19, 0.003027792944340622263 ),
 .UNSPECIFIED. ) ;
#1486 = CARTESIAN_POINT ( 'NONE',  ( -0.6232818392575990574, 39.44523579990983109, 97.15748202933320954 ) ) ;
#1487 = ORIENTED_EDGE ( 'NONE', *, *, #4735, .T. ) ;
#1488 = CARTESIAN_POINT ( 'NONE',  ( 48.41412826962033478, 33.45309315690064267, 190.1806821509475753 ) ) ;
#1489 = CARTESIAN_POINT ( 'NONE',  ( 0.2600243532282162096, 36.38768883963144418, 74.92185285508075765 ) ) ;
#1490 = CARTESIAN_POINT ( 'NONE',  ( -0.5625465853671409722, 39.53742038343834508, 100.3022521306895385 ) ) ;
#1491 = CARTESIAN_POINT ( 'NONE',  ( 2.500000000000218492, 43.94895164129999898, 188.1825561398059108 ) ) ;
#1492 = CARTESIAN_POINT ( 'NONE',  ( 0.000000000000000000, 47.04784670202291608, 181.1826763077941109 ) ) ;
#1493 = EDGE_CURVE ( 'NONE', #5648, #3246, #4512, .T. ) ;
#1494 = CARTESIAN_POINT ( 'NONE',  ( 0.02967838592504116677, 43.99068838060716757, 168.4639404123797419 ) ) ;
#1495 = CARTESIAN_POINT ( 'NONE',  ( -1.536255518351238303, 46.03229346627335872, 252.4759691116221347 ) ) ;
#1496 = CARTESIAN_POINT ( 'NONE',  ( -0.09676437109201886655, 44.27457037976606102, 191.7524534064659463 ) ) ;
#1497 = CARTESIAN_POINT ( 'NONE',  ( -0.1778509119548052075, 30.56897748683048377, 41.34607562340655562 ) ) ;
#1498 = CARTESIAN_POINT ( 'NONE',  ( -4.797308579172411491, 31.58209167441650322, 50.88518992370345728 ) ) ;
#1499 = CARTESIAN_POINT ( 'NONE',  ( -0.5511099221551765126, 47.50079657819170365, 181.1826763077942246 ) ) ;
#1500 = CARTESIAN_POINT ( 'NONE',  ( -35.61029944830622895, -13.34155306713987343, 501.3379992237896090 ) ) ;
#1501 = DIRECTION ( 'NONE',  ( -0.9948802217534084003, -0.1010610922357802477, 0.000000000000000000 ) ) ;
#1502 = CARTESIAN_POINT ( 'NONE',  ( -2.401812407620467660, 6.569449054318622139, 500.9803719639622841 ) ) ;
#1503 = DIRECTION ( 'NONE',  ( 1.000000000000000000, 7.559876884824074321E-32, 3.361026734705083861E-15 ) ) ;
#1504 = CARTESIAN_POINT ( 'NONE',  ( 3.053916214060481416, 47.30889280027515298, 188.1795687872682095 ) ) ;
#1505 = CARTESIAN_POINT ( 'NONE',  ( 1.910429079689343501, -19.79771651802625598, -71.15970442798436579 ) ) ;
#1506 = CARTESIAN_POINT ( 'NONE',  ( -0.5969289149122034566, 37.57638918591377575, 83.38402415869715867 ) ) ;
#1507 = CARTESIAN_POINT ( 'NONE',  ( -0.5283684085479281034, 28.60797005037408525, 400.7130692314507883 ) ) ;
#1508 = CARTESIAN_POINT ( 'NONE',  ( -7.800511523327510648E-28, 139.2235650228607540, 146.4838691362629106 ) ) ;
#1509 = CARTESIAN_POINT ( 'NONE',  ( 0.000000000000000000, 24.65191137066539895, 4.845070576238386550 ) ) ;
#1510 = VERTEX_POINT ( 'NONE', #343 ) ;
#1511 = CARTESIAN_POINT ( 'NONE',  ( -0.1835724867151534712, 47.53209601140454055, 180.6770902511625252 ) ) ;
#1512 = CARTESIAN_POINT ( 'NONE',  ( -1.793437411546241478, 45.87555291334074070, 252.9410945478491897 ) ) ;
#1513 = ORIENTED_EDGE ( 'NONE', *, *, #5824, .T. ) ;
#1514 = CARTESIAN_POINT ( 'NONE',  ( 13.61532642784812808, 38.61922438960109361, 115.1868176428941695 ) ) ;
#1515 = EDGE_CURVE ( 'NONE', #3700, #5347, #7043, .T. ) ;
#1516 = PLANE ( 'NONE',  #5478 ) ;
#1517 = CARTESIAN_POINT ( 'NONE',  ( 5.685180625093386730, 41.15139312545294814, 127.3018839425815116 ) ) ;
#1518 = CARTESIAN_POINT ( 'NONE',  ( 0.000000000000000000, 11.73449225725467926, -28.51670946738130752 ) ) ;
#1519 = CARTESIAN_POINT ( 'NONE',  ( 0.000000000000000000, 40.21921743771114421, 320.0002838484802510 ) ) ;
#1520 = CARTESIAN_POINT ( 'NONE',  ( 0.3213500934441116952, 40.53483729089230536, 109.1004106575556420 ) ) ;
#1521 = CARTESIAN_POINT ( 'NONE',  ( -2.188606651473533393, -7.176475229997554273, 550.0807433445178276 ) ) ;
#1522 = CARTESIAN_POINT ( 'NONE',  ( 1.745123839908954810, 39.14688230292948390, 97.35069742218968258 ) ) ;
#1523 = VECTOR ( 'NONE', #4253, 1000.000000000000000 ) ;
#1524 = VERTEX_POINT ( 'NONE', #3347 ) ;
#1525 = B_SPLINE_CURVE_WITH_KNOTS ( 'NONE', 3,
 ( #633, #598, #5181, #38 ),
 .UNSPECIFIED., .F., .F.,
 ( 4, 4 ),
 ( 0.000000000000000000, 0.0005025131030855397836 ),
 .UNSPECIFIED. ) ;
#1526 = EDGE_CURVE ( 'NONE', #3206, #3688, #2925, .T. ) ;
#1527 = CARTESIAN_POINT ( 'NONE',  ( 44.63958358593146869, 35.52307916768250351, 199.8215577890291570 ) ) ;
#1528 = CARTESIAN_POINT ( 'NONE',  ( 0.000000000000000000, 24.89192133595483725, 23.34162837863042839 ) ) ;
#1529 = CARTESIAN_POINT ( 'NONE',  ( 1.302816910257792671, 37.48733750069234105, 83.46480304565746167 ) ) ;
#1530 = CARTESIAN_POINT ( 'NONE',  ( -10.14996754436499771, 39.15691318923675368, 112.7181733506534869 ) ) ;
#1531 = CARTESIAN_POINT ( 'NONE',  ( 3.042781034855557127E-14, 33.11633031957665452, 37.34916330413737029 ) ) ;
#1532 = CARTESIAN_POINT ( 'NONE',  ( -20.76020918558209161, 40.99882858108276196, 190.5625492252115976 ) ) ;
#1533 = CARTESIAN_POINT ( 'NONE',  ( 5.833484303085390010, 40.14202268965824771, 320.0000000000000568 ) ) ;
#1534 =( BOUNDED_SURFACE ( )  B_SPLINE_SURFACE ( 3, 2, ( 
 ( #121, #6499, #756 ),
 ( #2901, #2412, #4696 ),
 ( #6983, #5338, #6422 ),
 ( #5936, #4774, #51 ) ),
 .UNSPECIFIED., .F., .F., .F. ) 
 B_SPLINE_SURFACE_WITH_KNOTS ( ( 4, 4 ),
 ( 3, 3 ),
 ( 0.000000000000000000, 0.0005553661539217051970 ),
 ( 0.000000000000000000, 1.000000000000000000 ),
 .UNSPECIFIED. ) 
 GEOMETRIC_REPRESENTATION_ITEM ( )  RATIONAL_B_SPLINE_SURFACE ( (
 ( 1.000000000000000000, 0.7030646738580903499, 1.000000000000000000),
 ( 1.000000000000000000, 0.7031059385401473572, 1.000000000000000000),
 ( 1.000000000000000000, 0.7031462429687767024, 1.000000000000000000),
 ( 1.000000000000000000, 0.7031854823648744368, 1.000000000000000000) ) ) 
 REPRESENTATION_ITEM ( '' )  SURFACE ( )  );
#1535 = CARTESIAN_POINT ( 'NONE',  ( 16.11034903142531860, 41.88619927323496483, 187.4729429951705129 ) ) ;
#1536 = CARTESIAN_POINT ( 'NONE',  ( 3.338283007764236920, 30.15077705578292466, 41.92409443956316295 ) ) ;
#1537 = CARTESIAN_POINT ( 'NONE',  ( -9.631319324692816153, -9.937326209155806112, 546.2879777790365097 ) ) ;
#1538 = CARTESIAN_POINT ( 'NONE',  ( 32.79804764735683875, 26.32385490949634388, 51.63184673901161403 ) ) ;
#1539 = CARTESIAN_POINT ( 'NONE',  ( -0.1826671998709171463, 26.62284345275001485, 24.81035802691907577 ) ) ;
#1540 = DIRECTION ( 'NONE',  ( 0.000000000000000000, 0.000000000000000000, -1.000000000000000000 ) ) ;
#1541 = CARTESIAN_POINT ( 'NONE',  ( -0.8521422396619293682, 43.16957705470584727, 149.4838691362626264 ) ) ;
#1542 = CARTESIAN_POINT ( 'NONE',  ( -0.3158245979348041077, 47.01636164188035849, 181.1826763077939972 ) ) ;
#1543 = CIRCLE ( 'NONE', #1181, 0.5000000000000002220 ) ;
#1544 = CARTESIAN_POINT ( 'NONE',  ( -49.02006460023368817, 33.02452807449321881, 185.6612382559402192 ) ) ;
#1545 = CARTESIAN_POINT ( 'NONE',  ( -19.57372215414722660, 44.71058650513265320, 213.8493121098462098 ) ) ;
#1546 = CARTESIAN_POINT ( 'NONE',  ( -0.04445775489567468236, 42.46402958309712972, 132.9892928532180747 ) ) ;
#1547 = CARTESIAN_POINT ( 'NONE',  ( -87.03917095743797461, -14.78840956284643582, 45.13835781979638995 ) ) ;
#1548 = CARTESIAN_POINT ( 'NONE',  ( 0.3825249416345795073, 36.46836399447658295, 74.92904277088793208 ) ) ;
#1549 = CARTESIAN_POINT ( 'NONE',  ( -0.5029842643031070537, 32.03122875688352877, 380.6520867096004395 ) ) ;
#1550 = CARTESIAN_POINT ( 'NONE',  ( 48.96184446544095437, 60.00000000000000711, 183.6136886649778717 ) ) ;
#1551 = CARTESIAN_POINT ( 'NONE',  ( 11.95892245156395362, 19.47318974129438018, -2.636757449170115120 ) ) ;
#1552 = ORIENTED_EDGE ( 'NONE', *, *, #3665, .T. ) ;
#1553 = CARTESIAN_POINT ( 'NONE',  ( 48.96184446544095437, 33.00089337346151552, 183.6136886649778717 ) ) ;
#1554 = CARTESIAN_POINT ( 'NONE',  ( 0.4745308580082530092, 42.53815482386927016, 298.1606671052002184 ) ) ;
#1555 = EDGE_LOOP ( 'NONE', ( #1242, #642, #1906, #5223 ) ) ;
#1556 = CARTESIAN_POINT ( 'NONE',  ( 23.52321643303884358, 40.25415830865583189, 213.6477227217787060 ) ) ;
#1557 = DIRECTION ( 'NONE',  ( -0.000000000000000000, -0.2193763502603199023, -0.9756403112553628798 ) ) ;
#1558 = CARTESIAN_POINT ( 'NONE',  ( 0.5200451464681168368, 41.80869934912671226, 125.6402421130459146 ) ) ;
#1559 = CARTESIAN_POINT ( 'NONE',  ( 3.196296804781076695, 20.31546560184472128, -7.393096603152921276 ) ) ;
#1560 = CARTESIAN_POINT ( 'NONE',  ( 0.9419369969250757091, 38.87366631406933948, 332.0309586039868464 ) ) ;
#1561 = CARTESIAN_POINT ( 'NONE',  ( -7.410693659703015967, 40.65969884834201054, 123.6168592268720943 ) ) ;
#1562 = CARTESIAN_POINT ( 'NONE',  ( 0.9462317272739826368, 1.580906215184355590, -46.59094046645357423 ) ) ;
#1563 = ADVANCED_FACE ( 'NONE', ( #6126 ), #2832, .T. ) ;
#1564 = CARTESIAN_POINT ( 'NONE',  ( -0.3197972616222274911, 39.40725055216603323, 97.14817110593514826 ) ) ;
#1565 = ORIENTED_EDGE ( 'NONE', *, *, #5073, .T. ) ;
#1566 = CARTESIAN_POINT ( 'NONE',  ( 0.5000000000002188250, 47.02905211924537809, 200.6826763077941393 ) ) ;
#1567 = LINE ( 'NONE', #2096, #4517 ) ;
#1568 = CARTESIAN_POINT ( 'NONE',  ( 0.9492412437796773350, 37.53197645858845277, 83.41316694039326762 ) ) ;
#1569 = CARTESIAN_POINT ( 'NONE',  ( 0.2102356115614174570, 40.53535656672207921, 108.7204802580670133 ) ) ;
#1570 = CARTESIAN_POINT ( 'NONE',  ( -45.70542344736741569, 31.24632232633028650, 125.0000000000000000 ) ) ;
#1571 = MECHANICAL_DESIGN_GEOMETRIC_PRESENTATION_REPRESENTATION (  '', ( #4799 ), #5763 ) ;
#1572 = CARTESIAN_POINT ( 'NONE',  ( 0.000000000000000000, 0.000000000000000000, 125.0000000000000000 ) ) ;
#1573 = CARTESIAN_POINT ( 'NONE',  ( -1.061919293534045572, 44.01897641757359736, 180.2724194455785778 ) ) ;
#1574 = CARTESIAN_POINT ( 'NONE',  ( 2.172075125309121724, 16.89621306203804707, 458.4249543244469578 ) ) ;
#1575 = CARTESIAN_POINT ( 'NONE',  ( 2.614000745622078625, 43.85437763113964138, 180.6546231999361396 ) ) ;
#1576 = CARTESIAN_POINT ( 'NONE',  ( 46.91255304569294537, 21.21779893495968139, 86.55495043825644075 ) ) ;
#1577 = CARTESIAN_POINT ( 'NONE',  ( 0.7173949448069911750, -1.055981849285397622, 529.3660285409472408 ) ) ;
#1578 = CARTESIAN_POINT ( 'NONE',  ( -0.000000000000000000, 47.51329421459477942, 177.6497476124400237 ) ) ;
#1579 = CARTESIAN_POINT ( 'NONE',  ( -3.424412271607105485, 26.26102059774903097, 25.42836745325527659 ) ) ;
#1580 = CARTESIAN_POINT ( 'NONE',  ( -5.551620045011602222, 139.2235650228607540, 153.4838691362629106 ) ) ;
#1581 = CARTESIAN_POINT ( 'NONE',  ( 1.184620957583776057, 47.47493825684009039, 200.0668205821007462 ) ) ;
#1582 = LINE ( 'NONE', #2598, #2205 ) ;
#1583 = EDGE_CURVE ( 'NONE', #1642, #1161, #1195, .T. ) ;
#1584 = CARTESIAN_POINT ( 'NONE',  ( 0.000000000000000000, 42.82972586062034992, 98.18283636559905858 ) ) ;
#1585 = CARTESIAN_POINT ( 'NONE',  ( 1.384994701274862905, 44.04270282367161116, 199.9809835350123990 ) ) ;
#1586 = CARTESIAN_POINT ( 'NONE',  ( 39.48028653607347138, 33.29144601091824285, 157.4457745555031067 ) ) ;
#1587 = CARTESIAN_POINT ( 'NONE',  ( -150.0000000000000284, 2.675617566335641406, 211.3246760485956202 ) ) ;
#1588 = CARTESIAN_POINT ( 'NONE',  ( -0.09545718150270782187, 35.17709920999371320, 66.48198174205855082 ) ) ;
#1589 = CARTESIAN_POINT ( 'NONE',  ( 0.000000000000000000, 2.926735556036303532, 515.0430825616978154 ) ) ;
#1590 = CARTESIAN_POINT ( 'NONE',  ( -2.500000000000247358, 47.36225120175033254, 198.1847771104763467 ) ) ;
#1591 = CARTESIAN_POINT ( 'NONE',  ( 0.000000000000000000, 34.15347802815850997, 41.94911547631893001 ) ) ;
#1592 = EDGE_LOOP ( 'NONE', ( #3854, #1762, #5897, #1401 ) ) ;
#1593 = CARTESIAN_POINT ( 'NONE',  ( -32.19194214797852993, 31.00328005613936710, 97.33882253893565917 ) ) ;
#1594 = EDGE_CURVE ( 'NONE', #2724, #3421, #5879, .T. ) ;
#1595 = CARTESIAN_POINT ( 'NONE',  ( -48.66052223538312660, 20.01856953383997606, 283.3055368768748394 ) ) ;
#1596 = VERTEX_POINT ( 'NONE', #5112 ) ;
#1597 = LINE ( 'NONE', #4557, #45 ) ;
#1598 = CARTESIAN_POINT ( 'NONE',  ( 45.70542344819851621, 22.49657194017423478, 125.0000000100452127 ) ) ;
#1599 = CARTESIAN_POINT ( 'NONE',  ( 11.32133923080468918, 30.04935886603911399, 33.43650446410281063 ) ) ;
#1600 = CARTESIAN_POINT ( 'NONE',  ( 0.5962991954493902513, 20.14399605289213824, 444.2252999659614829 ) ) ;
#1601 = CARTESIAN_POINT ( 'NONE',  ( -1.696521783439481679, 40.28332280651667219, 109.3119693634398004 ) ) ;
#1602 = CARTESIAN_POINT ( 'NONE',  ( -28.58244982384469424, -15.21890313945408657, -45.70561207615780575 ) ) ;
#1603 = PRODUCT_DEFINITION_CONTEXT ( 'detailed design', #6339, 'design' ) ;
#1604 = ORIENTED_EDGE ( 'NONE', *, *, #1594, .T. ) ;
#1605 = CARTESIAN_POINT ( 'NONE',  ( 41.80740602104527426, 36.92169451123008628, 203.7806271062262624 ) ) ;
#1606 = CARTESIAN_POINT ( 'NONE',  ( 0.000000000000000000, 26.89192133595479817, 23.34162837863043549 ) ) ;
#1607 = CARTESIAN_POINT ( 'NONE',  ( 6.964267220801785285, 36.75020392933182478, 85.65484477936723806 ) ) ;
#1608 = CARTESIAN_POINT ( 'NONE',  ( -19.37618135246720996, 37.65860478588783167, 118.9170756453599012 ) ) ;
#1609 = CARTESIAN_POINT ( 'NONE',  ( -9.053569696294232472, 43.14593247498685002, 206.4838691362629390 ) ) ;
#1610 = CARTESIAN_POINT ( 'NONE',  ( 0.000000000000000000, 0.000000000000000000, 0.000000000000000000 ) ) ;
#1611 = CARTESIAN_POINT ( 'NONE',  ( 7.728446419657836408, 25.77550352717533499, 27.59599817124554733 ) ) ;
#1612 = CARTESIAN_POINT ( 'NONE',  ( -44.40017426309540838, 31.66733610295974088, 222.2055368736115497 ) ) ;
#1613 = CARTESIAN_POINT ( 'NONE',  ( 5.873798239311764924, 35.98697079100605123, 353.7225482438468589 ) ) ;
#1614 = CARTESIAN_POINT ( 'NONE',  ( 4.739517921912891119, 43.77506465993902651, 193.0893332827133122 ) ) ;
#1615 = EDGE_CURVE ( 'NONE', #7038, #4087, #2474, .T. ) ;
#1616 = CARTESIAN_POINT ( 'NONE',  ( 11.68299291811027807, 29.11737279679385892, 46.41367793389855478 ) ) ;
#1617 = CARTESIAN_POINT ( 'NONE',  ( -35.60447105139471802, -13.62282190332221887, 502.3110443960222824 ) ) ;
#1618 = CARTESIAN_POINT ( 'NONE',  ( 0.000000000000000000, 46.34202174729862378, 141.8910881415156382 ) ) ;
#1619 = CARTESIAN_POINT ( 'NONE',  ( -5.706457925879000470, 28.06096167837772981, 34.65918720110167328 ) ) ;
#1620 = CARTESIAN_POINT ( 'NONE',  ( -9.620743624274640027, -11.03377133881076233, 549.8478901275921089 ) ) ;
#1621 = CARTESIAN_POINT ( 'NONE',  ( -9.053569696294232472, 43.14593247498685002, 206.4838691362629390 ) ) ;
#1622 = CARTESIAN_POINT ( 'NONE',  ( -32.75468723901042978, 40.80899212144334598, 210.7995202866401030 ) ) ;
#1623 = CARTESIAN_POINT ( 'NONE',  ( 8.049643389346899269, 41.97721293669365394, 146.7446665300062705 ) ) ;
#1624 = CARTESIAN_POINT ( 'NONE',  ( -0.2638669210637855644, 42.49009750173542699, 132.9814073226261257 ) ) ;
#1625 = EDGE_CURVE ( 'NONE', #2724, #511, #5252, .T. ) ;
#1626 = CARTESIAN_POINT ( 'NONE',  ( 0.000000000000000000, 7.905339886619993095, -35.92712258355483357 ) ) ;
#1627 = CARTESIAN_POINT ( 'NONE',  ( 0.4219847731717276118, 35.24188091956870750, 66.49677558433147340 ) ) ;
#1628 = CARTESIAN_POINT ( 'NONE',  ( -0.5962991954493902513, 20.14399605289213824, 444.2252999659614829 ) ) ;
#1629 = CARTESIAN_POINT ( 'NONE',  ( -4.816802318722618992, 43.51459605249967666, 215.9665587971348657 ) ) ;
#1630 = CARTESIAN_POINT ( 'NONE',  ( 11.55383968865741373, 26.93463575382700270, 21.23557846822262718 ) ) ;
#1631 = VERTEX_POINT ( 'NONE', #3382 ) ;
#1632 = CARTESIAN_POINT ( 'NONE',  ( -15.88593441895906189, 38.99092594910938914, 125.0000000000000853 ) ) ;
#1633 = CARTESIAN_POINT ( 'NONE',  ( -56.11130722957283723, 35.86224107201260836, 219.6474666994794234 ) ) ;
#1634 = VERTEX_POINT ( 'NONE', #5673 ) ;
#1635 = CARTESIAN_POINT ( 'NONE',  ( 0.8789961744546598288, 47.46169323760447156, 180.6768730170907702 ) ) ;
#1636 = CARTESIAN_POINT ( 'NONE',  ( 19.57372215414722660, 60.00000000000000711, 213.8493121098462098 ) ) ;
#1637 = CARTESIAN_POINT ( 'NONE',  ( 68.02388392350869140, 29.98456005054444162, 166.0820768548770161 ) ) ;
#1638 = CARTESIAN_POINT ( 'NONE',  ( 0.6435512270066479079, 13.79511502585091876, 472.5222654459706177 ) ) ;
#1639 = CARTESIAN_POINT ( 'NONE',  ( -36.38316392729424820, 34.43313233811511509, 151.5269093122958850 ) ) ;
#1640 = CARTESIAN_POINT ( 'NONE',  ( -56.44355950920334664, -5.401506154520962610, 202.8927154750770683 ) ) ;
#1641 = AXIS2_PLACEMENT_3D ( 'NONE', #3717, #3081, #6612 ) ;
#1642 = VERTEX_POINT ( 'NONE', #7390 ) ;
#1643 = CARTESIAN_POINT ( 'NONE',  ( 44.37730644459668383, 35.65580000826354024, 200.2411673123577316 ) ) ;
#1644 = CARTESIAN_POINT ( 'NONE',  ( 47.32026357224366819, 33.03532151007922124, 144.5179263471425486 ) ) ;
#1645 = CARTESIAN_POINT ( 'NONE',  ( 10.76231062974034103, 36.22579948301373776, 87.73788494546980132 ) ) ;
#1646 = CARTESIAN_POINT ( 'NONE',  ( 0.000000000000000000, -24.70179936576349533, -76.17517795805076730 ) ) ;
#1647 = CARTESIAN_POINT ( 'NONE',  ( -8.638828147790434286, 41.90406905748793776, 147.2573693541899047 ) ) ;
#1648 = CARTESIAN_POINT ( 'NONE',  ( 49.67579583752404204, 18.91234856694757838, 86.75870934013559577 ) ) ;
#1649 = CARTESIAN_POINT ( 'NONE',  ( -5.255027927042694280, 43.54847062286785331, 181.6604523077947420 ) ) ;
#1650 = CARTESIAN_POINT ( 'NONE',  ( 12.50381132325683886, 27.83116567873787162, 396.5693299386862805 ) ) ;
#1651 = CARTESIAN_POINT ( 'NONE',  ( 4.884950732035458820, 43.59338887631641057, 181.5036027592359176 ) ) ;
#1652 = CARTESIAN_POINT ( 'NONE',  ( 45.67448849934057620, 24.21908778267731677, 100.0394068293828695 ) ) ;
#1653 = CARTESIAN_POINT ( 'NONE',  ( -58.62154318630234684, -4.489909763417698763, 423.0794994535144156 ) ) ;
#1654 = DIRECTION ( 'NONE',  ( 0.000000000000000000, -1.000000000000000000, 0.000000000000000000 ) ) ;
#1655 = CARTESIAN_POINT ( 'NONE',  ( -41.48370715655107688, 22.46588437667287863, 74.01198047269403446 ) ) ;
#1656 = CARTESIAN_POINT ( 'NONE',  ( 1.717014792460992645, 46.89464331830725285, 199.7751274436253368 ) ) ;
#1657 = CARTESIAN_POINT ( 'NONE',  ( 0.000000000000000000, 45.26229104882621357, 124.9999962631073203 ) ) ;
#1658 = EDGE_CURVE ( 'NONE', #5226, #4451, #7318, .T. ) ;
#1659 = CARTESIAN_POINT ( 'NONE',  ( 9.053569696294418989, 41.88277735818756753, 148.2187604094699509 ) ) ;
#1660 = CARTESIAN_POINT ( 'NONE',  ( 9.630692283007808996, 41.18758445387895506, 136.7323277444915277 ) ) ;
#1661 = CARTESIAN_POINT ( 'NONE',  ( -28.42755645119725472, -3.288475361452404488, -32.29124967184177564 ) ) ;
#1662 = CARTESIAN_POINT ( 'NONE',  ( -36.32919494525228998, 29.14596841084993173, 97.23701585512598911 ) ) ;
#1663 = B_SPLINE_CURVE_WITH_KNOTS ( 'NONE', 3,
 ( #2033, #943, #987, #5004 ),
 .UNSPECIFIED., .F., .F.,
 ( 4, 4 ),
 ( 0.1446558078816659598, 0.1662132502965440461 ),
 .UNSPECIFIED. ) ;
#1664 = CARTESIAN_POINT ( 'NONE',  ( 39.35302601131734690, 13.53690614029605221, 413.1562519541586767 ) ) ;
#1665 = CARTESIAN_POINT ( 'NONE',  ( -1.646572234496929799, 37.62464340957060926, 58.81954004802969393 ) ) ;
#1666 = ORIENTED_EDGE ( 'NONE', *, *, #7387, .T. ) ;
#1667 = CARTESIAN_POINT ( 'NONE',  ( -7.053569696294416325, 42.12858376085258527, 146.4838691362627685 ) ) ;
#1668 = CARTESIAN_POINT ( 'NONE',  ( 1.232214472287483709, 47.77296557967702739, 180.4880816561268375 ) ) ;
#1669 = ORIENTED_EDGE ( 'NONE', *, *, #3137, .T. ) ;
#1670 = VECTOR ( 'NONE', #1014, 1000.000000000000000 ) ;
#1671 = CARTESIAN_POINT ( 'NONE',  ( 0.000000000000000000, 0.000000000000000000, 125.0000000000000000 ) ) ;
#1672 = B_SPLINE_CURVE_WITH_KNOTS ( 'NONE', 3,
 ( #679, #1738, #578, #6315, #85, #5194, #5754, #1840, #50, #7018, #159, #1208, #612, #4126, #3530, #646, #2900, #4022, #1772, #6384, #6350, #5789, #6421, #2935, #5227, #2377, #5720, #4659, #1280, #3565, #6946, #4091, #1317, #5821 ),
 .UNSPECIFIED., .F., .F.,
 ( 4, 2, 2, 2, 2, 2, 2, 2, 2, 2, 2, 2, 2, 2, 2, 2, 4 ),
 ( 1.551583845779545699E-17, 0.007107875004539933143, 0.01066181250680989061, 0.01243878125794487671, 0.01421575000907986455, 0.02132362501361980897, 0.02310059376475480028, 0.02487756251588978812, 0.02843150001815977421, 0.03553937502269974291, 0.03731634377383474116, 0.03909331252496973941, 0.04264725002723972896, 0.04620118752950973240, 0.04975512503177972889, 0.05330906253404972539, 0.05686300003631972189 ),
 .UNSPECIFIED. ) ;
#1673 = CARTESIAN_POINT ( 'NONE',  ( 4.010810314286156419, 41.26725349391794850, 124.9999999999998863 ) ) ;
#1674 = CARTESIAN_POINT ( 'NONE',  ( 10.71961130750829305, 36.07779793481478237, 62.31912070581579144 ) ) ;
#1675 = CARTESIAN_POINT ( 'NONE',  ( -51.14854028299649258, 8.032565948868031214, 369.8610693905080211 ) ) ;
#1676 = CARTESIAN_POINT ( 'NONE',  ( -0.3268447041191754332, 39.32607442460944469, 97.15811582530723456 ) ) ;
#1677 = CARTESIAN_POINT ( 'NONE',  ( -150.0000000000000284, 4.861445216433631700, 214.0141223977753668 ) ) ;
#1678 = CARTESIAN_POINT ( 'NONE',  ( 13.10335793210734323, 42.52692229934324075, 213.8493120227275313 ) ) ;
#1679 = CARTESIAN_POINT ( 'NONE',  ( 0.5787773441684336273, 38.63353121897173992, 91.84509982274776974 ) ) ;
#1680 = CARTESIAN_POINT ( 'NONE',  ( -7.053569696294411884, 139.2235650228607540, 148.4838691362629390 ) ) ;
#1681 = LINE ( 'NONE', #5511, #3027 ) ;
#1682 = CARTESIAN_POINT ( 'NONE',  ( -0.02262840190447622940, 28.72447294725411737, 33.02935121014299824 ) ) ;
#1683 = CARTESIAN_POINT ( 'NONE',  ( -35.09471770318776862, 36.32224679233473097, 195.9362020674007283 ) ) ;
#1684 = CARTESIAN_POINT ( 'NONE',  ( -0.4786979759498021236, 36.01088700303149182, 354.5695205588957037 ) ) ;
#1685 = EDGE_CURVE ( 'NONE', #1476, #5260, #329, .T. ) ;
#1686 = CARTESIAN_POINT ( 'NONE',  ( 27.01364665296007672, 39.28489839307118103, 207.9318053822534864 ) ) ;
#1687 = AXIS2_PLACEMENT_3D ( 'NONE', #3777, #484, #5063 ) ;
#1688 = CARTESIAN_POINT ( 'NONE',  ( -0.3193418023060286548, 33.82030906144701277, 58.07721315783948768 ) ) ;
#1689 = CARTESIAN_POINT ( 'NONE',  ( -2.500000000000218936, 43.94390998696847817, 198.4473332946467679 ) ) ;
#1690 = CARTESIAN_POINT ( 'NONE',  ( 6.472797090670905362, 31.55819799520197222, 35.47315352003277411 ) ) ;
#1691 = CARTESIAN_POINT ( 'NONE',  ( 0.3543899859699736754, 26.68492009176898705, 24.83382742081201755 ) ) ;
#1692 = CARTESIAN_POINT ( 'NONE',  ( 2.087565699186805457, 46.85313608806985286, 199.4061591175676256 ) ) ;
#1693 = CARTESIAN_POINT ( 'NONE',  ( 0.000000000000000000, 42.66571095148650272, 96.70385287902723803 ) ) ;
#1694 = CARTESIAN_POINT ( 'NONE',  ( -2.553569696294397229, 139.2235650228607540, 153.4838691362628822 ) ) ;
#1695 = CARTESIAN_POINT ( 'NONE',  ( 12.81158191224928800, 40.71518684291624623, 138.4944396774520214 ) ) ;
#1696 = CARTESIAN_POINT ( 'NONE',  ( -150.0000000000000284, 3.089374213535638791, 211.7316696794227653 ) ) ;
#1697 = CARTESIAN_POINT ( 'NONE',  ( -8.147400563139896690, 35.36776367073188254, 77.86339295474908795 ) ) ;
#1698 = CARTESIAN_POINT ( 'NONE',  ( 56.79090820126123873, -0.6367270459114310333, 407.3366011671671458 ) ) ;
#1699 = CARTESIAN_POINT ( 'NONE',  ( 1.897151511910303734, 46.91140964979707206, 229.3722862163716343 ) ) ;
#1700 = ORIENTED_EDGE ( 'NONE', *, *, #4688, .F. ) ;
#1701 = CARTESIAN_POINT ( 'NONE',  ( -2.927245011995496249, 47.26054559814752309, 182.3690559407982050 ) ) ;
#1702 = CARTESIAN_POINT ( 'NONE',  ( 0.000000000000000000, 38.87860893774676185, 331.9800661568619944 ) ) ;
#1703 = EDGE_LOOP ( 'NONE', ( #6564, #2727, #3776, #2401 ) ) ;
#1704 = CARTESIAN_POINT ( 'NONE',  ( 1.076437182636434509, 47.44789815543453670, 181.2498305679173427 ) ) ;
#1705 = CARTESIAN_POINT ( 'NONE',  ( 0.5904223920472004838, 60.00000000000000711, 74.44931210984616143 ) ) ;
#1706 = CARTESIAN_POINT ( 'NONE',  ( -2.238582030903766729, 43.98938502743245493, 105.2905442681973369 ) ) ;
#1707 = CARTESIAN_POINT ( 'NONE',  ( -0.9510654338689736864, -5.798701977451038658, -56.53318865688525818 ) ) ;
#1708 = CARTESIAN_POINT ( 'NONE',  ( 1.099358371358075015, 25.93118054957675866, 415.4839356155417249 ) ) ;
#1709 = CARTESIAN_POINT ( 'NONE',  ( 0.6234769162184302660, 38.02620401195027711, 85.18357462139186964 ) ) ;
#1710 = CARTESIAN_POINT ( 'NONE',  ( -150.0000000000000284, 2.675617566335641406, 211.3246760485956202 ) ) ;
#1711 = VECTOR ( 'NONE', #4795, 1000.000000000000000 ) ;
#1712 = CARTESIAN_POINT ( 'NONE',  ( 48.27281281763961829, 28.74945153182753543, 164.0477519492599470 ) ) ;
#1713 = CARTESIAN_POINT ( 'NONE',  ( 1.274479750870156636, 38.54573943921031542, 91.92677169046289976 ) ) ;
#1714 = EDGE_CURVE ( 'NONE', #1631, #675, #2574, .T. ) ;
#1715 = CARTESIAN_POINT ( 'NONE',  ( -2.553569696294362590, 43.00891994307646371, 150.8170706893447459 ) ) ;
#1716 = CARTESIAN_POINT ( 'NONE',  ( 0.06998583751769482664, 28.71350601818030768, 33.02712498920135431 ) ) ;
#1717 = CARTESIAN_POINT ( 'NONE',  ( -12.01588952889748363, 42.06711730921934844, 161.6260720171526657 ) ) ;
#1718 = CARTESIAN_POINT ( 'NONE',  ( -1.099358371358075015, 25.93118054957675866, 415.4839356155417249 ) ) ;
#1719 = CARTESIAN_POINT ( 'NONE',  ( -0.3062747191252012668, 44.22301335791136268, 203.2528453331839273 ) ) ;
#1720 = VECTOR ( 'NONE', #4282, 1000.000000000000000 ) ;
#1721 = CARTESIAN_POINT ( 'NONE',  ( -0.05543569958741761949, 32.17084298555936073, 49.70342028404679269 ) ) ;
#1722 = DIRECTION ( 'NONE',  ( 1.000000000000000000, 0.000000000000000000, -0.000000000000000000 ) ) ;
#1723 = CARTESIAN_POINT ( 'NONE',  ( 18.11335206021362154, 29.16325184933048931, 39.15555459219287116 ) ) ;
#1724 = CARTESIAN_POINT ( 'NONE',  ( -22.94876330525006836, 23.84573913441703397, 38.85135556986230654 ) ) ;
#1725 = FACE_OUTER_BOUND ( 'NONE', #7333, .T. ) ;
#1726 = CARTESIAN_POINT ( 'NONE',  ( -48.40573461191612381, 27.22844246722651462, 164.0558070632112333 ) ) ;
#1727 = ORIENTED_EDGE ( 'NONE', *, *, #6964, .T. ) ;
#1728 = CARTESIAN_POINT ( 'NONE',  ( 0.000000000000000000, 24.89192133595483725, 23.34162837863042839 ) ) ;
#1729 = CARTESIAN_POINT ( 'NONE',  ( -0.3086475292201543708, 43.08543073632483811, 144.8277710622384404 ) ) ;
#1730 = CARTESIAN_POINT ( 'NONE',  ( -86.87707805841237985, -10.34748271511437778, 49.68820832564044565 ) ) ;
#1731 = CARTESIAN_POINT ( 'NONE',  ( -0.2751160436851276536, 35.15463218505516352, 66.48320101544329930 ) ) ;
#1732 = CARTESIAN_POINT ( 'NONE',  ( -0.6857961776820891142, 6.775705951531614701, 500.7587486378974972 ) ) ;
#1733 = CARTESIAN_POINT ( 'NONE',  ( -2.106299519530117959, 46.03114097764294144, 130.5598387451737779 ) ) ;
#1734 = VERTEX_POINT ( 'NONE', #632 ) ;
#1735 = DIRECTION ( 'NONE',  ( -5.602867245962735462E-30, -1.000000000000000000, -1.644517855226013126E-15 ) ) ;
#1736 = CARTESIAN_POINT ( 'NONE',  ( -42.82036082025610568, 33.85106947388772625, 320.0000000000000568 ) ) ;
#1737 = CARTESIAN_POINT ( 'NONE',  ( -1.190469705309424198, 47.47037047482849204, 200.6071183018689510 ) ) ;
#1738 = CARTESIAN_POINT ( 'NONE',  ( -39.31886970754676014, 26.23318395493974720, 66.82306463926599349 ) ) ;
#1739 = B_SPLINE_CURVE_WITH_KNOTS ( 'NONE', 3,
 ( #3742, #7273, #1491, #3300 ),
 .UNSPECIFIED., .F., .F.,
 ( 4, 4 ),
 ( 0.000000000000000000, 0.01500008033642356159 ),
 .UNSPECIFIED. ) ;
#1740 = CARTESIAN_POINT ( 'NONE',  ( 0.2906562361756490076, 39.64410463532833973, 100.2682815586976091 ) ) ;
#1741 = LINE ( 'NONE', #3887, #3886 ) ;
#1742 = CARTESIAN_POINT ( 'NONE',  ( 0.000000000000000000, 45.77999709477325752, 130.5726553802304295 ) ) ;
#1743 = CARTESIAN_POINT ( 'NONE',  ( -2.416530473154318357E-28, 43.13024683737754117, 146.4838691362627401 ) ) ;
#1744 = CARTESIAN_POINT ( 'NONE',  ( -6.848877587165034697, 9.753616543240035242, 486.0167545655663162 ) ) ;
#1745 = CARTESIAN_POINT ( 'NONE',  ( -6.735961158754625977, 39.62227227510508243, 111.3042065927548094 ) ) ;
#1746 = CARTESIAN_POINT ( 'NONE',  ( -56.19787954467784630, 2.127072668286307255, 212.5857681456718353 ) ) ;
#1747 = ADVANCED_FACE ( 'NONE', ( #1725 ), #4326, .F. ) ;
#1748 = CARTESIAN_POINT ( 'NONE',  ( 1.142552375474985338, 46.95849268924840203, 200.0811564362652177 ) ) ;
#1749 = CARTESIAN_POINT ( 'NONE',  ( 0.4051059618144931540, 38.65541753410260384, 91.83004829096317678 ) ) ;
#1750 = CARTESIAN_POINT ( 'NONE',  ( 3.345376087531854115, -19.80729880530915210, -71.09459982090788799 ) ) ;
#1751 = CARTESIAN_POINT ( 'NONE',  ( -0.3224781011790405771, 28.76017587249639362, 33.04619565803385939 ) ) ;
#1752 = CARTESIAN_POINT ( 'NONE',  ( -45.46985891873276842, 31.30803461538610222, 214.3592371948431037 ) ) ;
#1753 = CARTESIAN_POINT ( 'NONE',  ( 0.000000000000000000, 2.926735556036303532, 515.0430825616978154 ) ) ;
#1754 = CARTESIAN_POINT ( 'NONE',  ( 10.88459836047057827, 42.98378644781884361, 195.8361713631331327 ) ) ;
#1755 = CARTESIAN_POINT ( 'NONE',  ( -0.07079650484125080134, 33.78939421302116131, 58.06664923427784686 ) ) ;
#1756 = CARTESIAN_POINT ( 'NONE',  ( -2.296450064544995229, 43.96108143045459116, 199.0713620869889837 ) ) ;
#1757 = CARTESIAN_POINT ( 'NONE',  ( 15.79715077046273208, 42.50785029781597757, 125.0000000000000853 ) ) ;
#1758 = CARTESIAN_POINT ( 'NONE',  ( -19.57372215414722660, 41.22571807297381952, 213.8493121098462098 ) ) ;
#1759 = CARTESIAN_POINT ( 'NONE',  ( -2.500000000000234035, 46.75821274693984719, 183.1826763077941109 ) ) ;
#1760 = CARTESIAN_POINT ( 'NONE',  ( -0.1666812113358364655, 44.15107611431398027, 200.1826763077940825 ) ) ;
#1761 = CARTESIAN_POINT ( 'NONE',  ( 0.5000000000002238210, 47.02905211924537099, 200.1826763077941393 ) ) ;
#1762 = ORIENTED_EDGE ( 'NONE', *, *, #4640, .T. ) ;
#1763 = CARTESIAN_POINT ( 'NONE',  ( 4.328415380292381265, 35.62638616450143303, 74.22076368127341084 ) ) ;
#1764 = CARTESIAN_POINT ( 'NONE',  ( -0.2985838240705244173, 43.67425644354949554, 156.6755722965781956 ) ) ;
#1765 = CARTESIAN_POINT ( 'NONE',  ( -12.46229530001277652, -2.572497710891440637, -46.23969499504121217 ) ) ;
#1766 = CARTESIAN_POINT ( 'NONE',  ( -1.758324706550896011, 33.56347349505774957, 58.24189908571330676 ) ) ;
#1767 = CARTESIAN_POINT ( 'NONE',  ( -1.459071100982355595, -7.213087860121786932, 550.1242434627826015 ) ) ;
#1768 = VERTEX_POINT ( 'NONE', #4942 ) ;
#1769 = CARTESIAN_POINT ( 'NONE',  ( -1.207798242360441199, 47.42823558580811039, 180.7425819501723652 ) ) ;
#1770 = CARTESIAN_POINT ( 'NONE',  ( 0.4786979759498021236, 36.01088700303149182, 354.5695205588957037 ) ) ;
#1771 = ORIENTED_EDGE ( 'NONE', *, *, #1872, .T. ) ;
#1772 = CARTESIAN_POINT ( 'NONE',  ( -22.72388155003687160, 28.21966888166926779, 41.76873228361480272 ) ) ;
#1773 = CARTESIAN_POINT ( 'NONE',  ( -1.821459649775647765E-14, 37.50849065336868193, 82.65928861085772894 ) ) ;
#1774 = CARTESIAN_POINT ( 'NONE',  ( -39.85518352899796213, 31.04096220997472244, 129.0463794419658825 ) ) ;
#1775 = CARTESIAN_POINT ( 'NONE',  ( 3.055740260237095995, 47.25506751184102683, 183.1773503352326884 ) ) ;
#1776 = CARTESIAN_POINT ( 'NONE',  ( -2.469858351745394476, 37.72654402396099016, 58.86823661618673498 ) ) ;
#1777 = CARTESIAN_POINT ( 'NONE',  ( -1.910429079689343501, -19.79771651802625598, -71.15970442798436579 ) ) ;
#1778 = CARTESIAN_POINT ( 'NONE',  ( -25.13701872282514316, 36.52853044797734583, 124.3863565431649079 ) ) ;
#1779 = CARTESIAN_POINT ( 'NONE',  ( -12.24542331509240611, 10.79387684120225543, -23.56345594219629547 ) ) ;
#1780 = AXIS2_PLACEMENT_3D ( 'NONE', #5659, #1082, #3368 ) ;
#1781 = CARTESIAN_POINT ( 'NONE',  ( 45.70542344736742280, 27.26287060384419192, 124.9999999999999574 ) ) ;
#1782 = CARTESIAN_POINT ( 'NONE',  ( -0.3331941495892581928, 39.64940918274894699, 100.2691208662670874 ) ) ;
#1783 = CARTESIAN_POINT ( 'NONE',  ( -1.907686475920280733, -14.87480540429338483, -66.10224707556027113 ) ) ;
#1784 = CARTESIAN_POINT ( 'NONE',  ( -6.814411576723173880, 46.50797352682411656, 230.8815100217026668 ) ) ;
#1785 = CARTESIAN_POINT ( 'NONE',  ( -26.24847858111229826, 39.12921515756543300, 172.8167176091151589 ) ) ;
#1786 = CARTESIAN_POINT ( 'NONE',  ( 10.27266192055210858, 5.123073895678157186, 494.0455122256950062 ) ) ;
#1787 = CARTESIAN_POINT ( 'NONE',  ( 19.40954905040247525, 41.42935818268596648, 212.1497116834837868 ) ) ;
#1788 = CARTESIAN_POINT ( 'NONE',  ( 4.797308579172411491, 31.58209167441650322, 50.88518992370345728 ) ) ;
#1789 = CARTESIAN_POINT ( 'NONE',  ( -2.234007674586822478, 43.96659363105383989, 199.1879092974842536 ) ) ;
#1790 = CARTESIAN_POINT ( 'NONE',  ( 38.62249086760962058, 34.96649259704734192, 125.0000000000001990 ) ) ;
#1791 = CARTESIAN_POINT ( 'NONE',  ( -27.57331724614754620, 23.16230387935931745, 43.84919938803764694 ) ) ;
#1792 = CARTESIAN_POINT ( 'NONE',  ( -28.45245272533296443, 38.43251282134030333, 230.6893527914184006 ) ) ;
#1793 = CARTESIAN_POINT ( 'NONE',  ( -7.499999999999992895, 29.05212541372396018, 41.44288204958431976 ) ) ;
#1794 = CARTESIAN_POINT ( 'NONE',  ( 9.053569696294349711, 42.73742869798587662, 167.8080573416169727 ) ) ;
#1795 = ORIENTED_EDGE ( 'NONE', *, *, #4688, .T. ) ;
#1796 = CARTESIAN_POINT ( 'NONE',  ( -0.4881486924052537701, 36.23282788459928838, 73.24727307978677970 ) ) ;
#1797 = CARTESIAN_POINT ( 'NONE',  ( 1.104477960712310525, 43.51709684774956344, 156.8390684043595513 ) ) ;
#1798 = CARTESIAN_POINT ( 'NONE',  ( -3.238742170394931286, 15.77724942527549956, -19.15744003631981229 ) ) ;
#1799 = CARTESIAN_POINT ( 'NONE',  ( -47.20628097040920323, 24.94439456801145383, 112.8528969085848388 ) ) ;
#1800 = CARTESIAN_POINT ( 'NONE',  ( 2.562910308763635570, -10.10991166068970415, 559.0556826788819080 ) ) ;
#1801 = ORIENTED_EDGE ( 'NONE', *, *, #698, .T. ) ;
#1802 = CARTESIAN_POINT ( 'NONE',  ( -32.74798711120337202, 37.16132835131873691, 210.8022759736979310 ) ) ;
#1803 = CARTESIAN_POINT ( 'NONE',  ( 0.9419369969250757091, 41.02800531393226180, 312.7688498949498808 ) ) ;
#1804 = ORIENTED_EDGE ( 'NONE', *, *, #5746, .F. ) ;
#1805 = CARTESIAN_POINT ( 'NONE',  ( 37.95522119066521327, 34.94134585135851268, 207.3994813991157855 ) ) ;
#1806 = DIRECTION ( 'NONE',  ( 0.000000000000000000, -0.2193763502602847637, -0.9756403112553707624 ) ) ;
#1807 = CARTESIAN_POINT ( 'NONE',  ( 0.1144311023431020397, 38.72075753948642074, 91.81391634276027958 ) ) ;
#1808 = CARTESIAN_POINT ( 'NONE',  ( 2.435407896956661045, 47.30536585195945065, 181.5215136705856764 ) ) ;
#1809 = CARTESIAN_POINT ( 'NONE',  ( 1.661913757546996440, 42.51371960543011141, 298.3404751548967511 ) ) ;
#1810 = CARTESIAN_POINT ( 'NONE',  ( 39.63749387989575013, 26.52228091262966103, 69.18754356468517130 ) ) ;
#1811 = CARTESIAN_POINT ( 'NONE',  ( 3.330844985526232982, -5.949735992423210718, -56.59751504260918864 ) ) ;
#1812 = CARTESIAN_POINT ( 'NONE',  ( -10.22716933628955083, 39.12277884661141059, 113.2129483988447589 ) ) ;
#1813 = CARTESIAN_POINT ( 'NONE',  ( -150.0000000000000000, 9.270087174911674666, 223.2766782676432626 ) ) ;
#1814 = VECTOR ( 'NONE', #2711, 1000.000000000000000 ) ;
#1815 = CARTESIAN_POINT ( 'NONE',  ( 0.05012917982375169473, 39.60155988818000594, 100.2710917598832907 ) ) ;
#1816 = CARTESIAN_POINT ( 'NONE',  ( 0.5435609536137723241, 47.52713440472693662, 200.6867358902516685 ) ) ;
#1817 = CARTESIAN_POINT ( 'NONE',  ( 12.32604656146385480, 7.066535420415203994, -30.82130669073084661 ) ) ;
#1818 = CARTESIAN_POINT ( 'NONE',  ( -50.87203371489453474, 19.93273469430910438, 264.0063586441475536 ) ) ;
#1819 = CARTESIAN_POINT ( 'NONE',  ( 0.3613492416131770524, 43.09145851132490890, 144.8261963186668027 ) ) ;
#1820 = CARTESIAN_POINT ( 'NONE',  ( 150.0000000000003126, 4.384157842436207098, 385.9904724453040785 ) ) ;
#1821 = CARTESIAN_POINT ( 'NONE',  ( 4.604280328170510472, 43.75084556283388793, 204.5481823939260266 ) ) ;
#1822 = CARTESIAN_POINT ( 'NONE',  ( 7.931333590829123814, 34.17648380430811272, 69.30549317099610107 ) ) ;
#1823 = CARTESIAN_POINT ( 'NONE',  ( -5.551666718788355936, 43.57353529161238725, 206.2505365020567183 ) ) ;
#1824 = CYLINDRICAL_SURFACE ( 'NONE', #140, 2.000000000000001776 ) ;
#1825 = CARTESIAN_POINT ( 'NONE',  ( -6.569751387609480631, 43.37686762934460916, 213.8493119347569404 ) ) ;
#1826 = CARTESIAN_POINT ( 'NONE',  ( -3.053916176196498355, 47.30889391987572168, 188.1796728374455938 ) ) ;
#1827 = CARTESIAN_POINT ( 'NONE',  ( -0.2349116533968233778, 26.67109592530851714, 24.82511776614442311 ) ) ;
#1828 = VECTOR ( 'NONE', #82, 1000.000000000000000 ) ;
#1829 = VERTEX_POINT ( 'NONE', #6628 ) ;
#1830 = CARTESIAN_POINT ( 'NONE',  ( 7.500000000000000000, 24.89192133595483725, 23.34162837863042839 ) ) ;
#1831 = CARTESIAN_POINT ( 'NONE',  ( 40.00012032617699731, 33.80605945556538927, 182.0814958710218150 ) ) ;
#1832 = CARTESIAN_POINT ( 'NONE',  ( -0.04898561013616993531, 41.87764912105269133, 125.5968042504336495 ) ) ;
#1833 = CARTESIAN_POINT ( 'NONE',  ( 0.9126475175586304944, 20.71106199493173605, -7.133971301115257013 ) ) ;
#1834 = CARTESIAN_POINT ( 'NONE',  ( -0.1273978676344432459, 32.14847619209916729, 49.70170054634065337 ) ) ;
#1835 = CARTESIAN_POINT ( 'NONE',  ( -2.193146094589796480, -8.722081592724736154, 555.0729705871741544 ) ) ;
#1836 = ORIENTED_EDGE ( 'NONE', *, *, #3903, .F. ) ;
#1837 = CARTESIAN_POINT ( 'NONE',  ( -20.86766536268542538, 24.91239575930242012, 40.66380830437936567 ) ) ;
#1838 = CARTESIAN_POINT ( 'NONE',  ( 1.585105225643784310, 28.62474442760698068, 400.8281577764561803 ) ) ;
#1839 = VERTEX_POINT ( 'NONE', #3770 ) ;
#1840 = CARTESIAN_POINT ( 'NONE',  ( -35.79609718087274217, 25.97862981525235071, 56.74960448230280718 ) ) ;
#1841 = ADVANCED_FACE ( 'NONE', ( #4373 ), #4453, .F. ) ;
#1842 = CARTESIAN_POINT ( 'NONE',  ( 0.3333482705831840032, 44.13643807969396704, 200.1826763077941962 ) ) ;
#1843 = CARTESIAN_POINT ( 'NONE',  ( -23.77370046391397551, 35.93504079155379571, 114.5239029326578759 ) ) ;
#1844 = CARTESIAN_POINT ( 'NONE',  ( 2.088424923240177922, 47.33932835694818664, 181.1762203426194731 ) ) ;
#1845 = CARTESIAN_POINT ( 'NONE',  ( 6.403712080581203558, 45.57724494206407684, 254.1058661924230933 ) ) ;
#1846 = CARTESIAN_POINT ( 'NONE',  ( 0.000000000000000000, 47.57416251593267731, 200.6869432474837254 ) ) ;
#1847 = CARTESIAN_POINT ( 'NONE',  ( -2.853196301606920837, -5.731608919956029169, -56.50461328002980821 ) ) ;
#1848 = VERTEX_POINT ( 'NONE', #4413 ) ;
#1849 = CARTESIAN_POINT ( 'NONE',  ( -39.45827089441741009, 30.61307694129653001, 121.2403548525678758 ) ) ;
#1850 = CARTESIAN_POINT ( 'NONE',  ( 1.849534121738633852, 16.21802295602805799, -18.86953178114389829 ) ) ;
#1851 = SURFACE_SIDE_STYLE ('',( #3433 ) ) ;
#1852 = CARTESIAN_POINT ( 'NONE',  ( 36.46296667448618933, 32.76349522571126727, 131.4981541179575686 ) ) ;
#1853 = CARTESIAN_POINT ( 'NONE',  ( 22.61055803112038376, 24.53920527670537055, 41.76088685034437731 ) ) ;
#1854 = CARTESIAN_POINT ( 'NONE',  ( -0.9510654338689736864, -5.798701977451038658, -56.53318865688525818 ) ) ;
#1855 = CARTESIAN_POINT ( 'NONE',  ( 0.000000000000000000, 45.95997642549459528, 252.6905689360423537 ) ) ;
#1856 = CARTESIAN_POINT ( 'NONE',  ( -9.630692267384432625, 41.18758445626379938, 136.7323277367946730 ) ) ;
#1857 = CARTESIAN_POINT ( 'NONE',  ( 0.000000000000000000, -4.664387618694376236, 541.5776915351184471 ) ) ;
#1858 = CARTESIAN_POINT ( 'NONE',  ( 6.457085217147779943, 43.33607243769057504, 216.5899662982946552 ) ) ;
#1859 = CARTESIAN_POINT ( 'NONE',  ( -0.4046128022547303971, 36.47114022657626009, 74.93019754473154137 ) ) ;
#1860 = CARTESIAN_POINT ( 'NONE',  ( -41.18793644894592632, 32.69561704444721784, 165.7734924086634010 ) ) ;
#1861 =( NAMED_UNIT ( * ) SI_UNIT ( $, .STERADIAN. ) SOLID_ANGLE_UNIT ( ) );
#1862 = CARTESIAN_POINT ( 'NONE',  ( -13.10335793210734323, 42.52692229934324075, 213.8493120227275313 ) ) ;
#1863 = CARTESIAN_POINT ( 'NONE',  ( 0.3644525659078495239, 43.97987242447272394, 214.6131986785149763 ) ) ;
#1864 = CARTESIAN_POINT ( 'NONE',  ( 0.000000000000000000, 43.71089409265118064, 105.2394046492437667 ) ) ;
#1865 = ORIENTED_EDGE ( 'NONE', *, *, #6851, .F. ) ;
#1866 = CARTESIAN_POINT ( 'NONE',  ( -0.03838673125367178529, 43.64549578576201583, 156.6919796176570969 ) ) ;
#1867 = CARTESIAN_POINT ( 'NONE',  ( 4.826953319555251198, 40.64539091522119918, 118.4637681969539784 ) ) ;
#1868 = CARTESIAN_POINT ( 'NONE',  ( -80.59194385665391280, 16.18280436951648937, 103.7926928775323461 ) ) ;
#1869 = CARTESIAN_POINT ( 'NONE',  ( -1.022108109278071275, 33.65417671423556811, 58.11438053831206219 ) ) ;
#1870 = CARTESIAN_POINT ( 'NONE',  ( -0.7317949095089628653, -9.968616617790203804, 558.9098446958789737 ) ) ;
#1871 = CARTESIAN_POINT ( 'NONE',  ( -35.77127347892401588, -9.639532146028656712, 488.8322980861877340 ) ) ;
#1872 = EDGE_CURVE ( 'NONE', #3526, #2926, #2219, .T. ) ;
#1873 = ORIENTED_EDGE ( 'NONE', *, *, #7199, .F. ) ;
#1874 = CARTESIAN_POINT ( 'NONE',  ( -27.32543601019498780, 39.09619872959208919, 212.8257279871183698 ) ) ;
#1875 = CARTESIAN_POINT ( 'NONE',  ( -56.79090820126123873, -0.6367270459114310333, 407.3366011671671458 ) ) ;
#1876 = ORIENTED_EDGE ( 'NONE', *, *, #5510, .T. ) ;
#1877 = VECTOR ( 'NONE', #3789, 1000.000000000000000 ) ;
#1878 = PLANE ( 'NONE',  #4964 ) ;
#1879 = CARTESIAN_POINT ( 'NONE',  ( -2.553569696294410551, 41.75449789290554037, 149.4838691362627401 ) ) ;
#1880 = CARTESIAN_POINT ( 'NONE',  ( -7.708246844714388146, 38.59879961589081887, 102.9748863978714724 ) ) ;
#1881 = CARTESIAN_POINT ( 'NONE',  ( 46.58558245345534488, 37.13275647413672687, 271.3152778191255265 ) ) ;
#1882 = CARTESIAN_POINT ( 'NONE',  ( 0.000000000000000000, 47.57523085018323172, 200.5539215374487014 ) ) ;
#1883 = CARTESIAN_POINT ( 'NONE',  ( -0.9429501939302636915, 4.886886460646159058, -41.31700136380539590 ) ) ;
#1884 = ORIENTED_EDGE ( 'NONE', *, *, #3729, .F. ) ;
#1885 = CARTESIAN_POINT ( 'NONE',  ( -48.42198623126250112, 27.39507498608296032, 143.1902488329314451 ) ) ;
#1886 = CARTESIAN_POINT ( 'NONE',  ( 2.774301182607950889, 16.29813119291236490, -18.81720599228084723 ) ) ;
#1887 = EDGE_LOOP ( 'NONE', ( #2688, #4010, #5458, #6740 ) ) ;
#1888 = CARTESIAN_POINT ( 'NONE',  ( -0.7611548044256162271, 47.00047126471864800, 200.1698011189702413 ) ) ;
#1889 = CARTESIAN_POINT ( 'NONE',  ( 4.923501082090106173, 39.88022133866093100, 110.0411538776494211 ) ) ;
#1890 = CARTESIAN_POINT ( 'NONE',  ( 7.500000000000000000, 31.00692154964250591, 41.84052738093583912 ) ) ;
#1891 = CARTESIAN_POINT ( 'NONE',  ( 12.46229530001277652, -2.572497710891440637, -46.23969499504121217 ) ) ;
#1892 = CARTESIAN_POINT ( 'NONE',  ( -56.11130722957283723, 35.86224107201260836, 219.6474666994794234 ) ) ;
#1893 = CARTESIAN_POINT ( 'NONE',  ( -27.97172343319031995, 37.62715454371709001, 151.3619273907881961 ) ) ;
#1894 = CARTESIAN_POINT ( 'NONE',  ( 36.39338372330776394, -3.366029079672264057, 468.1666420047091037 ) ) ;
#1895 = AXIS2_PLACEMENT_3D ( 'NONE', #759, #7064, #2530 ) ;
#1896 = VECTOR ( 'NONE', #7350, 1000.000000000000000 ) ;
#1897 = ORIENTED_EDGE ( 'NONE', *, *, #4735, .F. ) ;
#1898 = CARTESIAN_POINT ( 'NONE',  ( 29.17238765775792686, 42.06666930584626130, 212.2425036492613799 ) ) ;
#1899 = CARTESIAN_POINT ( 'NONE',  ( -0.4459530511555159227, 35.24486768191788855, 66.49810422366486762 ) ) ;
#1900 = CARTESIAN_POINT ( 'NONE',  ( -3.511159868334409406, 40.81668226908859509, 117.9401221874517773 ) ) ;
#1901 = FACE_OUTER_BOUND ( 'NONE', #2366, .T. ) ;
#1902 = CARTESIAN_POINT ( 'NONE',  ( 3.911032522146973278E-09, 60.00000000000000711, 35.04931211369478916 ) ) ;
#1903 = ADVANCED_FACE ( 'NONE', ( #284 ), #7422, .T. ) ;
#1904 = CARTESIAN_POINT ( 'NONE',  ( -40.72285808788576134, 33.35897171022926244, 226.1757960914206649 ) ) ;
#1905 = CARTESIAN_POINT ( 'NONE',  ( 0.000000000000000000, 45.77999709477325752, 130.5726553802304295 ) ) ;
#1906 = ORIENTED_EDGE ( 'NONE', *, *, #6557, .F. ) ;
#1907 = CARTESIAN_POINT ( 'NONE',  ( -0.2826304932157346905, 44.01730291653302629, 168.4441298171213646 ) ) ;
#1908 = CARTESIAN_POINT ( 'NONE',  ( 3.511159868334388978, 40.81668226908860220, 117.9401221874518484 ) ) ;
#1909 = CARTESIAN_POINT ( 'NONE',  ( -25.82676969938875899, 28.08943016872629528, 44.17302050310121331 ) ) ;
#1910 = CARTESIAN_POINT ( 'NONE',  ( -8.180882659461213180, 31.15660172120593785, 52.68838191409665939 ) ) ;
#1911 = CARTESIAN_POINT ( 'NONE',  ( 149.9999999999995168, -1.113709569569687474, 417.4376239672698148 ) ) ;
#1912 = CARTESIAN_POINT ( 'NONE',  ( 0.6857961776820891142, 6.775705951531614701, 500.7587486378974972 ) ) ;
#1913 = CARTESIAN_POINT ( 'NONE',  ( -49.02019199704897545, 29.13097799913607844, 185.6657186869456098 ) ) ;
#1914 = CARTESIAN_POINT ( 'NONE',  ( -2.253861092064105787, 13.62000221831030800, 472.6187073565538412 ) ) ;
#1915 = CARTESIAN_POINT ( 'NONE',  ( 2.500000000000238476, 50.00000000000000000, 183.1826763077941109 ) ) ;
#1916 = CARTESIAN_POINT ( 'NONE',  ( -1.821459649775651236E-14, 39.58932126930239548, 98.90347488831500300 ) ) ;
#1917 = PLANE ( 'NONE',  #6982 ) ;
#1918 = VECTOR ( 'NONE', #670, 1000.000000000000000 ) ;
#1919 = CARTESIAN_POINT ( 'NONE',  ( -36.46296667448618933, 32.76349522571126727, 131.4981541179575686 ) ) ;
#1920 = CARTESIAN_POINT ( 'NONE',  ( -0.9490617160165060184, 42.54358218907552924, 298.1207295063137508 ) ) ;
#1921 = DIRECTION ( 'NONE',  ( 0.000000000000000000, 1.000000000000000000, 0.000000000000000000 ) ) ;
#1922 = CARTESIAN_POINT ( 'NONE',  ( 12.24542331509240611, 10.79387684120225543, -23.56345594219629547 ) ) ;
#1923 = EDGE_LOOP ( 'NONE', ( #7066, #1873, #5494, #483 ) ) ;
#1924 = CARTESIAN_POINT ( 'NONE',  ( 0.1330089412035410090, 37.96443566454932039, 85.16608003405828242 ) ) ;
#1925 = CARTESIAN_POINT ( 'NONE',  ( 1.404199679686745306, 45.94742635001971109, 130.5641109568593379 ) ) ;
#1926 = CARTESIAN_POINT ( 'NONE',  ( 34.50293676081306415, 33.13301126473464819, 125.1432929576782840 ) ) ;
#1927 = EDGE_CURVE ( 'NONE', #7230, #1596, #6742, .T. ) ;
#1928 = ADVANCED_FACE ( 'NONE', ( #6104 ), #3189, .T. ) ;
#1929 = CARTESIAN_POINT ( 'NONE',  ( -9.053569696294287539, 43.14622465194023704, 187.1415566986381691 ) ) ;
#1930 = CARTESIAN_POINT ( 'NONE',  ( 0.8830651072426675130, 40.39930133551352043, 108.7917496501076471 ) ) ;
#1931 = CARTESIAN_POINT ( 'NONE',  ( 2.487019022905838206, 47.31620504904318381, 182.9223553589222888 ) ) ;
#1932 = CARTESIAN_POINT ( 'NONE',  ( -2.838695181821947688, 1.681375928194609459, -46.53493995302151376 ) ) ;
#1933 = CARTESIAN_POINT ( 'NONE',  ( -6.087201789984794331, 44.18919659100005504, 276.7467911875064033 ) ) ;
#1934 = CARTESIAN_POINT ( 'NONE',  ( -0.06545775970618981920, 43.04243260055564235, 144.8488043010494550 ) ) ;
#1935 = CARTESIAN_POINT ( 'NONE',  ( -0.7317949095089628653, -9.968616617790203804, 558.9098446958789737 ) ) ;
#1936 = B_SPLINE_CURVE_WITH_KNOTS ( 'NONE', 3,
 ( #3644, #4772, #6537, #6015, #5976, #5935, #832, #5411 ),
 .UNSPECIFIED., .F., .F.,
 ( 4, 2, 2, 4 ),
 ( 8.685105057530805350E-18, 0.002065229718962246965, 0.004130459437924485257, 0.008260918875848961840 ),
 .UNSPECIFIED. ) ;
#1937 = EDGE_LOOP ( 'NONE', ( #5401, #39, #3007, #185 ) ) ;
#1938 = EDGE_CURVE ( 'NONE', #3956, #3295, #4900, .T. ) ;
#1939 = CARTESIAN_POINT ( 'NONE',  ( 18.80840859222736938, 41.36879572299372398, 222.7258493002323689 ) ) ;
#1940 = CARTESIAN_POINT ( 'NONE',  ( 46.51119406775161735, 26.19527536932949374, 119.4480427553887978 ) ) ;
#1941 = CARTESIAN_POINT ( 'NONE',  ( -37.64945769329641934, 33.68735818010821959, 150.1756373068113817 ) ) ;
#1942 = CARTESIAN_POINT ( 'NONE',  ( -0.5000000000002385869, 46.99765288992999501, 181.1826763077941109 ) ) ;
#1943 = CARTESIAN_POINT ( 'NONE',  ( -0.1666862270537249058, 47.03131143947416604, 181.1826763077941109 ) ) ;
#1944 = CARTESIAN_POINT ( 'NONE',  ( -0.6643028554844875311, 44.20270468422950216, 191.8612601276192891 ) ) ;
#1945 = CARTESIAN_POINT ( 'NONE',  ( 2.157746065596713780, 47.43923580062173784, 180.7376766213325539 ) ) ;
#1946 = ORIENTED_EDGE ( 'NONE', *, *, #327, .F. ) ;
#1947 = CARTESIAN_POINT ( 'NONE',  ( 0.2735701117845028563, 43.95854605125285985, 168.4949807025541872 ) ) ;
#1948 = CARTESIAN_POINT ( 'NONE',  ( 18.97105211586717033, 38.46533695099203953, 126.9989434550330998 ) ) ;
#1949 = AXIS2_PLACEMENT_3D ( 'NONE', #1572, #5551, #454 ) ;
#1950 = CARTESIAN_POINT ( 'NONE',  ( -149.9999999999998863, 13.60113310668955400, 239.5281348986660817 ) ) ;
#1951 = CARTESIAN_POINT ( 'NONE',  ( -0.5140283056964359831, 30.48560988017088391, 41.34435299460995594 ) ) ;
#1952 = CARTESIAN_POINT ( 'NONE',  ( -1.719867413431968917, 46.84340157075215672, 181.5923326415215229 ) ) ;
#1953 = CARTESIAN_POINT ( 'NONE',  ( -59.89900058819404194, -9.567402936609459729, 443.5936951987583257 ) ) ;
#1954 = CARTESIAN_POINT ( 'NONE',  ( -47.53294449997751059, 30.12769938648014545, 193.5950966823127715 ) ) ;
#1955 = CARTESIAN_POINT ( 'NONE',  ( -11.87753674811280824, 22.01321616650771773, 424.9228753704809378 ) ) ;
#1956 = CARTESIAN_POINT ( 'NONE',  ( -1.422886864348854141, 47.45397710411132408, 199.9622944478971647 ) ) ;
#1957 = CARTESIAN_POINT ( 'NONE',  ( -0.5000000000002385869, 44.08804002252327336, 181.1826763077941109 ) ) ;
#1958 = VECTOR ( 'NONE', #3957, 1000.000000000000000 ) ;
#1959 = CARTESIAN_POINT ( 'NONE',  ( 22.72388155003687160, 28.21966888166926779, 41.76873228361480272 ) ) ;
#1960 = CARTESIAN_POINT ( 'NONE',  ( -2.365749003621594238, 37.35268814571459473, 83.67770667134013252 ) ) ;
#1961 = CARTESIAN_POINT ( 'NONE',  ( 13.31731313304985065, 40.34142002891250200, 313.2908567742186392 ) ) ;
#1962 = CARTESIAN_POINT ( 'NONE',  ( 31.39017731313624537, 34.38127521758902816, 125.0000000000000853 ) ) ;
#1963 = CARTESIAN_POINT ( 'NONE',  ( 86.04165046946579309, -0.9836248390333799385, 62.57548133218611497 ) ) ;
#1964 = ORIENTED_EDGE ( 'NONE', *, *, #804, .F. ) ;
#1965 = CARTESIAN_POINT ( 'NONE',  ( -7.112544367115135380, 37.02342604487732558, 87.54005681070783851 ) ) ;
#1966 = CARTESIAN_POINT ( 'NONE',  ( 0.7892887599068222348, 40.84728336498595525, 79.87203680722943488 ) ) ;
#1967 = CARTESIAN_POINT ( 'NONE',  ( 4.920878158219635701, 39.86693102232423769, 110.4307238701503309 ) ) ;
#1968 = CARTESIAN_POINT ( 'NONE',  ( 0.000000000000000000, 45.26229104882621357, 124.9999962631073203 ) ) ;
#1969 = CARTESIAN_POINT ( 'NONE',  ( 14.83987329625604623, 38.41059783870210964, 115.7682732422596388 ) ) ;
#1970 = CARTESIAN_POINT ( 'NONE',  ( 1.795406704375815954, 47.41677100784749399, 200.3577947502595009 ) ) ;
#1971 = CARTESIAN_POINT ( 'NONE',  ( 86.04165046946579309, -0.9836248390333799385, 62.57548133218611497 ) ) ;
#1972 = CARTESIAN_POINT ( 'NONE',  ( -47.31906922256365533, 16.80001900358779210, 316.1413866361843361 ) ) ;
#1973 = CARTESIAN_POINT ( 'NONE',  ( -4.647790939351747141, 41.88055277195458359, 134.2396640132677703 ) ) ;
#1974 = CARTESIAN_POINT ( 'NONE',  ( -2.193146094589796480, -8.722081592724736154, 555.0729705871741544 ) ) ;
#1975 = EDGE_CURVE ( 'NONE', #4222, #5617, #547, .T. ) ;
#1976 = CARTESIAN_POINT ( 'NONE',  ( 4.116178266769596306, 38.84193921319064202, 98.08690984665294366 ) ) ;
#1977 = VERTEX_POINT ( 'NONE', #7405 ) ;
#1978 = CARTESIAN_POINT ( 'NONE',  ( -5.551690055571852689, 41.75449789290544800, 206.4838691362627969 ) ) ;
#1979 = CARTESIAN_POINT ( 'NONE',  ( 1.724587932671439505, 34.97377364643816833, 66.65820985792424835 ) ) ;
#1980 = CARTESIAN_POINT ( 'NONE',  ( -6.943142928513325707, 40.98017655307025819, 127.9198216976208613 ) ) ;
#1981 = LINE ( 'NONE', #5959, #4337 ) ;
#1982 = LINE ( 'NONE', #1902, #6158 ) ;
#1983 = CARTESIAN_POINT ( 'NONE',  ( -23.00387678846624695, 40.48815370030695249, 214.9929231011169009 ) ) ;
#1984 = CARTESIAN_POINT ( 'NONE',  ( 6.087201789984794331, 44.18919659100005504, 276.7467911875064033 ) ) ;
#1985 = ADVANCED_FACE ( 'NONE', ( #4628 ), #1141, .F. ) ;
#1986 = VERTEX_POINT ( 'NONE', #5619 ) ;
#1987 = CARTESIAN_POINT ( 'NONE',  ( 1.080201769569764769, 43.87165775626525743, 168.6178182781842168 ) ) ;
#1988 = CARTESIAN_POINT ( 'NONE',  ( 6.125570307079473586, 40.47087234540095579, 119.0785514109853125 ) ) ;
#1989 = CARTESIAN_POINT ( 'NONE',  ( -150.0000000000000568, 14.41729715668834189, 243.9122022442739706 ) ) ;
#1990 = CARTESIAN_POINT ( 'NONE',  ( -22.34876855111644289, 27.61671308823646243, 54.58247582212668902 ) ) ;
#1991 = CARTESIAN_POINT ( 'NONE',  ( -2.435999923456185989, 46.76006511606308180, 182.6640754636173085 ) ) ;
#1992 = VECTOR ( 'NONE', #6573, 1000.000000000000000 ) ;
#1993 = CARTESIAN_POINT ( 'NONE',  ( -36.39338372330776394, -3.366029079672264057, 468.1666420047091037 ) ) ;
#1994 = CARTESIAN_POINT ( 'NONE',  ( 0.000000000000000000, 47.07228892232936346, 200.1826763077941393 ) ) ;
#1995 = EDGE_CURVE ( 'NONE', #6875, #6073, #6861, .T. ) ;
#1996 = CARTESIAN_POINT ( 'NONE',  ( -38.04577553118386390, 6.899135327763927350, 435.0771627741435736 ) ) ;
#1997 = LINE ( 'NONE', #6090, #1992 ) ;
#1998 = CARTESIAN_POINT ( 'NONE',  ( -1.142659292564246698, 44.02223026324088551, 181.2842299107175563 ) ) ;
#1999 = CARTESIAN_POINT ( 'NONE',  ( -12.50569815975795684, -8.939040514739479804, -53.94021469740130925 ) ) ;
#2000 = CARTESIAN_POINT ( 'NONE',  ( -4.575869480712198900, 35.84183328043400252, 76.02507842373923097 ) ) ;
#2001 = CARTESIAN_POINT ( 'NONE',  ( -1.508952792909321161, 32.03446681347313785, 380.7825399960755135 ) ) ;
#2002 = CARTESIAN_POINT ( 'NONE',  ( -39.63749387989575013, 60.00000000000000711, 69.18754356468517130 ) ) ;
#2003 = CARTESIAN_POINT ( 'NONE',  ( 0.000000000000000000, 4.829427991817969890, -41.35103106569409448 ) ) ;
#2004 = ORIENTED_EDGE ( 'NONE', *, *, #2765, .T. ) ;
#2005 = CARTESIAN_POINT ( 'NONE',  ( -5.318343891147010005, 35.49772911144520293, 74.69022847334571225 ) ) ;
#2006 = CARTESIAN_POINT ( 'NONE',  ( -63.98600082019655133, 32.47793740598321932, 184.0516963749373076 ) ) ;
#2007 = VERTEX_POINT ( 'NONE', #3958 ) ;
#2008 = CARTESIAN_POINT ( 'NONE',  ( 0.7725928603314173859, 40.39903367070706963, 109.1644223662600126 ) ) ;
#2009 = CARTESIAN_POINT ( 'NONE',  ( 2.908589737594208469, 29.52443753821326311, 35.04931210984616285 ) ) ;
#2010 = CARTESIAN_POINT ( 'NONE',  ( 0.1947908625270893812, 41.84819748226908587, 125.6096119946135445 ) ) ;
#2011 = CARTESIAN_POINT ( 'NONE',  ( 12.12700268568815254, 15.00943372669715004, -14.20656591047415240 ) ) ;
#2012 = CARTESIAN_POINT ( 'NONE',  ( -149.9999999999998010, 15.67153765998659942, 312.2062866230721170 ) ) ;
#2013 = CARTESIAN_POINT ( 'NONE',  ( -30.69928130228513297, 37.26998285579431780, 166.8540041911037690 ) ) ;
#2014 = CARTESIAN_POINT ( 'NONE',  ( 9.620743624274640027, -11.03377133881076233, 549.8478901275921089 ) ) ;
#2015 = CARTESIAN_POINT ( 'NONE',  ( -0.5602309037425302618, 38.01825228151562897, 85.18091337428703014 ) ) ;
#2016 = ORIENTED_EDGE ( 'NONE', *, *, #4928, .T. ) ;
#2017 = FILL_AREA_STYLE_COLOUR ( '', #4192 ) ;
#2018 = ADVANCED_FACE ( 'NONE', ( #615 ), #2868, .T. ) ;
#2019 = CARTESIAN_POINT ( 'NONE',  ( 13.57822874003752389, 34.59787587317642732, 81.13984167157124716 ) ) ;
#2020 = CARTESIAN_POINT ( 'NONE',  ( -41.97888930304777233, 32.01605220532863427, 159.1672003439339278 ) ) ;
#2021 = CARTESIAN_POINT ( 'NONE',  ( -19.66735881056892055, 41.59390594064514346, 125.0000000000000568 ) ) ;
#2022 = CARTESIAN_POINT ( 'NONE',  ( 48.68353359373920597, 32.88791194066392620, 173.8257465115951277 ) ) ;
#2023 = CARTESIAN_POINT ( 'NONE',  ( -8.208077352621462097, 43.34365526343021457, 194.5930466436368533 ) ) ;
#2024 = CARTESIAN_POINT ( 'NONE',  ( 47.31906922256365533, 16.80001900358779210, 316.1413866361843361 ) ) ;
#2025 = B_SPLINE_CURVE_WITH_KNOTS ( 'NONE', 3,
 ( #7059, #347, #4848, #3082 ),
 .UNSPECIFIED., .F., .F.,
 ( 4, 4 ),
 ( 5.960918957619701614E-18, 0.007124336767682747443 ),
 .UNSPECIFIED. ) ;
#2026 = ORIENTED_EDGE ( 'NONE', *, *, #1070, .F. ) ;
#2027 = CARTESIAN_POINT ( 'NONE',  ( 35.09471770588871919, 36.32224679117057065, 195.9362020702579912 ) ) ;
#2028 = CARTESIAN_POINT ( 'NONE',  ( 49.12119496345192715, 20.62017405824878580, 93.21506139228139887 ) ) ;
#2029 = CARTESIAN_POINT ( 'NONE',  ( -23.38038312808035002, 37.38833027712956891, 92.04395209074077400 ) ) ;
#2030 = CARTESIAN_POINT ( 'NONE',  ( -4.102332155998218433, 30.05980955277569322, 42.23729052681671448 ) ) ;
#2031 = CARTESIAN_POINT ( 'NONE',  ( -2.005116702631224879, 46.80833674776341979, 181.8591875091513543 ) ) ;
#2032 = CARTESIAN_POINT ( 'NONE',  ( 2.194752706739981907, -9.508866867582225879, 557.5849067725088162 ) ) ;
#2033 = CARTESIAN_POINT ( 'NONE',  ( -5.667666856667974429E-14, 41.82782143490219084, 124.9999999999999858 ) ) ;
#2034 = CARTESIAN_POINT ( 'NONE',  ( 0.000000000000000000, 10.33405387878785753, 486.6586544760494917 ) ) ;
#2035 = PLANE ( 'NONE',  #1641 ) ;
#2036 = CARTESIAN_POINT ( 'NONE',  ( -9.053569696294225366, 41.75449789290544800, 206.4838691362627969 ) ) ;
#2037 = EDGE_CURVE ( 'NONE', #1009, #4339, #1741, .T. ) ;
#2038 = CARTESIAN_POINT ( 'NONE',  ( -150.0000000000000284, -0.1700441024495829567, 208.5255278475402463 ) ) ;
#2039 = CARTESIAN_POINT ( 'NONE',  ( 0.1835184240410318579, 36.44336138415601312, 74.92143128232277149 ) ) ;
#2040 = CARTESIAN_POINT ( 'NONE',  ( 2.005225952241261655, 23.00456069334608245, 429.7794286210721566 ) ) ;
#2041 = CARTESIAN_POINT ( 'NONE',  ( 38.62249086760962058, 34.96649259704734192, 125.0000000000001990 ) ) ;
#2042 = CARTESIAN_POINT ( 'NONE',  ( -2.817357777913640060, 8.097330774758388472, -35.80875540050892170 ) ) ;
#2043 = ORIENTED_EDGE ( 'NONE', *, *, #2037, .T. ) ;
#2044 = CARTESIAN_POINT ( 'NONE',  ( 0.000000000000000000, 47.55029173357762318, 180.6771448133950742 ) ) ;
#2045 = CARTESIAN_POINT ( 'NONE',  ( -25.25810368633090164, 30.80518904790463353, 56.02471470947404697 ) ) ;
#2046 = ORIENTED_EDGE ( 'NONE', *, *, #2144, .T. ) ;
#2047 = CARTESIAN_POINT ( 'NONE',  ( -0.4362464088117959937, 41.67620044738074370, 121.0530343524213777 ) ) ;
#2048 = EDGE_CURVE ( 'NONE', #2305, #4087, #6780, .T. ) ;
#2049 = CARTESIAN_POINT ( 'NONE',  ( 2.553569696294403446, 43.12255699905529127, 153.4838691362627117 ) ) ;
#2050 = CARTESIAN_POINT ( 'NONE',  ( 41.18793644894591921, 32.69561704444722494, 165.7734924086635431 ) ) ;
#2051 = CARTESIAN_POINT ( 'NONE',  ( 83.26671075213897666, 10.37568051067605523, 86.68462678675325606 ) ) ;
#2052 = CARTESIAN_POINT ( 'NONE',  ( -47.31906922256366244, 16.34140955976334197, 320.0000000000000568 ) ) ;
#2053 = CARTESIAN_POINT ( 'NONE',  ( 0.3229029042709713471, 41.66242402694158642, 121.0526502083516789 ) ) ;
#2054 = B_SPLINE_SURFACE_WITH_KNOTS ( 'NONE', 3, 3, ( 
 ( #3661, #3736, #1484, #5953, #848, #887, #5391, #6071, #4259, #2543 ),
 ( #3176, #4825, #7188, #5465, #3774, #3214, #6553, #1411, #2207, #1080 ),
 ( #3367, #1007, #2770, #551, #6746, #5543, #1602, #7305, #6225, #2276 ),
 ( #4457, #3891, #5098, #7377, #5691, #1112, #3996, #407, #6187, #1710 ),
 ( #1043, #3400, #6784, #3331, #6289, #2838, #2696, #4985, #1640, #6257 ),
 ( #7266, #6709, #2130, #5624, #482, #5060, #6853, #5658, #7343, #4496 ),
 ( #2242, #3930, #4530, #518, #2804, #4417, #6819, #2734, #3852, #1677 ),
 ( #5132, #3963, #1562, #6147, #3254, #3293, #7410, #4563, #5584, #446 ),
 ( #5023, #2169, #6991, #2385, #7026, #4064, #1251, #3469, #653, #5762 ),
 ( #168, #1146, #2455, #726, #2873, #4743, #2942, #5796, #1746, #2316 ),
 ( #4632, #2907, #5236, #93, #6919, #1779, #129, #4667, #3432, #6358 ),
 ( #1886, #1850, #4099, #6954, #5201, #3502, #1180, #1215, #4598, #1813 ),
 ( #3540, #5167, #4135, #3019, #6394, #4175, #5727, #585, #21, #5310 ),
 ( #6886, #5832, #689, #4029, #6322, #6430, #2979, #58, #5273, #2420 ),
 ( #4705, #1289, #3575, #619, #5869, #2350, #2610, #4897, #1365, #7068 ),
 ( #6623, #5493, #3130, #4327, #316, #4210, #2495, #3766, #3690, #5943 ),
 ( #7180, #1475, #1440, #839, #5984, #878, #2045, #4937, #4817, #3727 ),
 ( #2647, #3652, #802, #1326, #1403, #3169, #915, #7104, #5420, #357 ),
 ( #3613, #243, #1966, #5457, #6062, #3205, #7218, #2084, #5907, #4251 ),
 ( #6545, #279, #4781, #764, #2571, #6024, #6467, #3055, #5346, #3091 ),
 ( #205, #1925, #5384, #6507, #2534, #4855, #7143, #2006, #4289, #6582 ),
 ( #1103, #3360, #7296, #1073, #2726, #3923, #6661, #6180, #3843, #4976 ),
 ( #5535, #1668, #5650, #6099, #7257, #7401, #4369, #1633, #1036, #2235 ),
 ( #2122, #510, #3392, #2796, #5616, #2830, #2162, #4489, #6700, #3883 ),
 ( #5016, #4450, #6777, #957, #5091, #3955, #7335, #7370, #1595, #4523 ),
 ( #3322, #6811, #475, #2762, #1512, #5052, #2198, #998, #6217, #4407 ),
 ( #6250, #439, #3802, #6739, #3284, #5684, #544, #3245, #5575, #5122 ),
 ( #397, #2687, #1554, #6139, #4555, #5191, #715, #48, #2898, #5718 ),
 ( #6348, #1803, #3528, #6944, #2409, #4588, #3006, #4693, #5300, #6877 ),
 ( #3986, #2340, #4089, #6281, #1206, #4657, #3492, #1736, #6844, #4020 ),
 ( #1241, #6382, #6313, #1702, #5787, #6910, #644, #13, #1277, #2375 ),
 ( #2267, #610, #1770, #4623, #4055, #5819, #6979, #2934, #677, #3459 ),
 ( #1171, #5752, #5225, #1138, #83, #2968, #576, #5262, #5858, #118 ),
 ( #1838, #3563, #3424, #6419, #2864, #4124, #5159, #2304, #2522, #867 ),
 ( #5933, #5896, #3680, #1393, #1353, #5447, #3642, #194, #6052, #3158 ),
 ( #4807, #4200, #7094, #2483, #791, #3603, #1955, #752, #6013, #3755 ),
 ( #829, #6572, #6611, #1465, #4316, #2444, #4886, #270, #7057, #4239 ),
 ( #6535, #3080, #3045, #5973, #3121, #5372, #306, #233, #4770, #903 ),
 ( #5409, #2561, #6496, #4846, #1914, #7133, #5335, #1996, #4280, #1430 ),
 ( #2599, #7170, #3716, #2034, #3195, #157, #4732, #7016, #1875, #4163 ),
 ( #6457, #1315, #6650, #4925, #1502, #2637, #2073, #6089, #7208, #5483 ),
 ( #944, #345, #3791, #4357, #4999, #2182, #496, #6236, #1653, #4541 ),
 ( #6723, #2252, #1577, #4433, #7240, #938, #459, #3344, #5077, #1057 ),
 ( #6122, #6830, #3941, #3786, #981, #6083, #5517, #3866, #5636, #380 ),
 ( #6201, #2747, #3267, #3228, #5557, #2670, #2782, #7356, #421, #4958 ),
 ( #4391, #2221, #2105, #1091, #4509, #6683, #1537, #3827, #2710, #6798 ),
 ( #3379, #7280, #2145, #5670, #2815, #531, #5037, #6162, #1021, #3906 ),
 ( #3306, #5109, #5599, #7320, #7388, #4471, #6762, #1617, #5738, #4643 ) ),
 .UNSPECIFIED., .F., .F., .F.,
 ( 4, 3, 1, 1, 1, 1, 1, 1, 1, 1, 1, 1, 1, 1, 1, 1, 1, 1, 1, 1, 1, 1, 1, 1, 1, 3, 1, 1, 1, 1, 1, 1, 1, 1, 1, 1, 1, 1, 1, 1, 1, 4 ),
 ( 4, 3, 1, 1, 1, 4 ),
 ( 0.4847573055477913950, 0.4990857812012456374, 0.5032524761466716789, 0.5074191710920973319, 0.5115858660375233180, 0.5157525609829490820, 0.5199192559283750681, 0.5240859508738008321, 0.5324193407646525822, 0.5407527306555042212, 0.5490861205463560824, 0.5574195104372077214, 0.5657529003280594715, 0.5740862902189111105, 0.5824196801097627496, 0.5990864598914662498, 0.6157532396731697499, 0.6324200194548732501, 0.6490867992365765282, 0.6657535790182800284, 0.6824203587999835285, 0.6990871385816868067, 0.7157539183633904178, 0.7324206981450935849, 0.7490874779267970851, 0.7657542577085005853, 0.7934811804762516019, 0.8212081032440026185, 0.8350715646278780158, 0.8489350260117537461, 0.8627984873956292544, 0.8766619487795048737, 0.8905254101633801600, 0.9043888715472557793, 0.9182523329311313987, 0.9321157943150069070, 0.9459792556988821932, 0.9598427170827579236, 0.9737061784666334319, 0.9806379091585710750, 0.9841037745045400076, 0.9875696398505088291 ),
 ( -0.01000000000000000021, 0.000000000000000000, 0.03502224838491098391, 0.09383257832149248523, 0.1938325783214923659, 1.000000000000000000 ),
 .UNSPECIFIED. ) ;
#2055 = CARTESIAN_POINT ( 'NONE',  ( 7.182069076493386106, -7.765377059782173852, 549.2849336186909568 ) ) ;
#2056 = CARTESIAN_POINT ( 'NONE',  ( 4.225347140408540092, 37.40891576808327557, 86.12860713785046585 ) ) ;
#2057 = ORIENTED_EDGE ( 'NONE', *, *, #4940, .T. ) ;
#2058 = PLANE ( 'NONE',  #1687 ) ;
#2059 = CARTESIAN_POINT ( 'NONE',  ( -0.1835184240410318579, 36.44336138415601312, 74.92143128232277149 ) ) ;
#2060 = CARTESIAN_POINT ( 'NONE',  ( 0.4410579684922267263, 39.66284979600750660, 100.2718819382079971 ) ) ;
#2061 = LINE ( 'NONE', #4425, #1670 ) ;
#2062 = CARTESIAN_POINT ( 'NONE',  ( -0.5000000000002385869, 46.99765288992999501, 181.1826763077941109 ) ) ;
#2063 = CARTESIAN_POINT ( 'NONE',  ( -7.951382195169475864, 43.35262039915838272, 205.9307113920680194 ) ) ;
#2064 = CARTESIAN_POINT ( 'NONE',  ( 5.833484303085390010, 38.83323711334092820, 331.6529499013212217 ) ) ;
#2065 =( BOUNDED_CURVE ( )  B_SPLINE_CURVE ( 3, ( #283, #2575, #2009, #4292 ),
 .UNSPECIFIED., .F., .F. ) 
 B_SPLINE_CURVE_WITH_KNOTS ( ( 4, 4 ),
 ( 6.106903737392458176, 6.283185307179586232 ),
 .UNSPECIFIED. ) 
 CURVE ( )  GEOMETRIC_REPRESENTATION_ITEM ( )  RATIONAL_B_SPLINE_CURVE ( ( 1.000000000000000000, 0.9974120767515213259, 0.9974120767515213259, 1.000000000000000000 ) ) 
 REPRESENTATION_ITEM ( '' )  );
#2066 = CARTESIAN_POINT ( 'NONE',  ( -0.3358741261933766431, 44.29663374678791854, 191.7289547257969957 ) ) ;
#2067 = CARTESIAN_POINT ( 'NONE',  ( -0.2924550196617163866, 30.58288840548486220, 41.35287253701788046 ) ) ;
#2068 = CARTESIAN_POINT ( 'NONE',  ( -10.24811798180279787, 39.43337803868414682, 83.18633069079341169 ) ) ;
#2069 = CARTESIAN_POINT ( 'NONE',  ( -7.058488323221937755, 31.30030938973355603, 52.05289493698646908 ) ) ;
#2070 = CARTESIAN_POINT ( 'NONE',  ( 7.500000000000000000, 29.59506050207342653, 44.25806788755794940 ) ) ;
#2071 = CARTESIAN_POINT ( 'NONE',  ( -2.500000000000238476, 46.75821274693984719, 183.1826763077941109 ) ) ;
#2072 = CARTESIAN_POINT ( 'NONE',  ( 2.500000000000238476, 46.75821274693984719, 183.1826763077941109 ) ) ;
#2073 = CARTESIAN_POINT ( 'NONE',  ( -10.27266192055210858, 5.123073895678157186, 494.0455122256950062 ) ) ;
#2074 = CARTESIAN_POINT ( 'NONE',  ( -1.504658173351857654E-13, 47.06380252744632031, 155.7186040356210128 ) ) ;
#2075 = EDGE_CURVE ( 'NONE', #6465, #2453, #6317, .T. ) ;
#2076 = CARTESIAN_POINT ( 'NONE',  ( 9.053569696294225366, 41.75449789290544800, 206.4838691362627969 ) ) ;
#2077 = DIRECTION ( 'NONE',  ( 3.934968648599341538E-15, -1.644517855226013126E-15, 1.000000000000000000 ) ) ;
#2078 = CARTESIAN_POINT ( 'NONE',  ( 0.4120116833248364530, 37.70347726693498913, 83.36496101828616645 ) ) ;
#2079 = CARTESIAN_POINT ( 'NONE',  ( 0.000000000000000000, 36.01456435933089750, 354.5116695689063704 ) ) ;
#2080 = LINE ( 'NONE', #3201, #4426 ) ;
#2081 = CARTESIAN_POINT ( 'NONE',  ( 3.035287670926654968, 31.01651801567224354, 29.24765051123930704 ) ) ;
#2082 = ORIENTED_EDGE ( 'NONE', *, *, #2224, .T. ) ;
#2083 = CARTESIAN_POINT ( 'NONE',  ( -2.500000000000238476, 46.75821274693984719, 183.1826763077941109 ) ) ;
#2084 = CARTESIAN_POINT ( 'NONE',  ( -71.97024598150451880, 26.91823370465814236, 148.0993287817699979 ) ) ;
#2085 = ORIENTED_EDGE ( 'NONE', *, *, #1107, .F. ) ;
#2086 = CARTESIAN_POINT ( 'NONE',  ( 3.083088666172613124, 40.10743393410039914, 109.6705837729102484 ) ) ;
#2087 = CARTESIAN_POINT ( 'NONE',  ( 0.000000000000000000, 29.52443753907863666, 35.04931211369478916 ) ) ;
#2088 = CARTESIAN_POINT ( 'NONE',  ( 3.055740260237091999, 47.25506751184101972, 183.1773503352326316 ) ) ;
#2089 = CARTESIAN_POINT ( 'NONE',  ( 3.147860296435570415, 24.32371408104542709, 4.633680387658797528 ) ) ;
#2090 = CARTESIAN_POINT ( 'NONE',  ( -1.761563983812512779, 32.02393952748043660, 380.3584216962848927 ) ) ;
#2091 = CARTESIAN_POINT ( 'NONE',  ( -47.49792006606107009, 29.76429179501094779, 176.1908297017525058 ) ) ;
#2092 = CARTESIAN_POINT ( 'NONE',  ( 0.000000000000000000, -9.605528623052503434, 557.6875022617330160 ) ) ;
#2093 = CARTESIAN_POINT ( 'NONE',  ( 0.3268447250504326607, 39.32607442193194913, 97.15811582621134335 ) ) ;
#2094 = VERTEX_POINT ( 'NONE', #5125 ) ;
#2095 = CARTESIAN_POINT ( 'NONE',  ( 45.38074649984927333, 35.14286078756052234, 198.5418387775404483 ) ) ;
#2096 = CARTESIAN_POINT ( 'NONE',  ( -7.500000000000000000, 29.59506050207342653, 44.25806788755794940 ) ) ;
#2097 = CARTESIAN_POINT ( 'NONE',  ( 45.78658592270865313, 27.32184646799927918, 126.0588279378722376 ) ) ;
#2098 = CARTESIAN_POINT ( 'NONE',  ( -7.558150637472448530, 39.52039743827920404, 111.3521673987976186 ) ) ;
#2099 = CARTESIAN_POINT ( 'NONE',  ( -15.77881546509948762, 42.51187612560376294, 125.0000000000000568 ) ) ;
#2100 = CARTESIAN_POINT ( 'NONE',  ( -0.4750564235833903415, 44.07892872193757228, 180.1750045442722978 ) ) ;
#2101 = CARTESIAN_POINT ( 'NONE',  ( 0.000000000000000000, 41.02506332365900477, 312.7991820443241977 ) ) ;
#2102 = B_SPLINE_CURVE_WITH_KNOTS ( 'NONE', 3,
 ( #4907, #6633, #2618, #6516 ),
 .UNSPECIFIED., .F., .F.,
 ( 4, 4 ),
 ( 0.1446558078816659598, 0.1662132502965440461 ),
 .UNSPECIFIED. ) ;
#2103 = CARTESIAN_POINT ( 'NONE',  ( -0.1137951291794799258, 44.13796519900438398, 180.1037678999151979 ) ) ;
#2104 = CARTESIAN_POINT ( 'NONE',  ( 6.397201804843846595, 29.78327756651865599, 43.33602631223186563 ) ) ;
#2105 = CARTESIAN_POINT ( 'NONE',  ( 0.7310486981965987896, -8.789701471681548028, 555.1481419457635411 ) ) ;
#2106 = CARTESIAN_POINT ( 'NONE',  ( 0.000000000000000000, 45.86734768676053164, 133.9302790591302426 ) ) ;
#2107 = CARTESIAN_POINT ( 'NONE',  ( -7.641121720573687881, 27.83001891275539563, 35.73366013232990213 ) ) ;
#2108 = CARTESIAN_POINT ( 'NONE',  ( -2.247803760084551072, 47.33442592146752048, 182.2017882521971330 ) ) ;
#2109 = CARTESIAN_POINT ( 'NONE',  ( -5.551620045011594229, 43.33533603407732215, 170.9097156677387090 ) ) ;
#2110 = CARTESIAN_POINT ( 'NONE',  ( 2.296224629676443474, 46.77432158078357816, 182.2933872753792457 ) ) ;
#2111 = CARTESIAN_POINT ( 'NONE',  ( -0.000000000000000000, 44.65562751053292345, 116.7152342920844745 ) ) ;
#2112 = DIRECTION ( 'NONE',  ( 3.289992799266357711E-15, 0.000000000000000000, -1.000000000000000000 ) ) ;
#2113 = CARTESIAN_POINT ( 'NONE',  ( 45.03724318123084913, 30.95812547954519189, 169.7774147636175428 ) ) ;
#2114 = CARTESIAN_POINT ( 'NONE',  ( 2.865643619534015141, -19.79597498845155457, -71.17153684286878956 ) ) ;
#2115 = EDGE_CURVE ( 'NONE', #3092, #1768, #1175, .T. ) ;
#2116 = CARTESIAN_POINT ( 'NONE',  ( -1.690857770358582979, 36.20811401440229815, 75.09699038940463822 ) ) ;
#2117 = CARTESIAN_POINT ( 'NONE',  ( 149.9999999999999432, 13.01685150340217767, 333.3876767047953535 ) ) ;
#2118 = CARTESIAN_POINT ( 'NONE',  ( 19.68875540220666309, 41.58857211598916592, 125.0000000000000853 ) ) ;
#2119 = CARTESIAN_POINT ( 'NONE',  ( -0.8486857927523446810, 34.25527520538206261, 42.00482374486006165 ) ) ;
#2120 = EDGE_LOOP ( 'NONE', ( #690, #5573, #3987, #5328 ) ) ;
#2121 = CARTESIAN_POINT ( 'NONE',  ( -3.651050815844936182E-14, 43.26917313500885598, 149.4838691362627685 ) ) ;
#2122 = CARTESIAN_POINT ( 'NONE',  ( 1.730417408365614973, 47.76473948255436142, 204.8872388650783591 ) ) ;
#2123 = EDGE_LOOP ( 'NONE', ( #5916, #1552, #4691, #5719, #6520 ) ) ;
#2124 = CARTESIAN_POINT ( 'NONE',  ( 2.436188528260974095, 47.30529030850183858, 181.5224005251272672 ) ) ;
#2125 = CARTESIAN_POINT ( 'NONE',  ( 44.00814258974816795, 30.09566107857569861, 106.3234588740176463 ) ) ;
#2126 = CARTESIAN_POINT ( 'NONE',  ( 34.35478425091666566, 35.20344307202084622, 153.1873339826036045 ) ) ;
#2127 = CARTESIAN_POINT ( 'NONE',  ( 150.0000000000000853, 8.243839277673602695, 220.6305941379857245 ) ) ;
#2128 = CARTESIAN_POINT ( 'NONE',  ( 1.056736817095856207, 28.61635723899053474, 400.7706135039534843 ) ) ;
#2129 = CARTESIAN_POINT ( 'NONE',  ( -16.20473289784992943, 39.29906537552312784, 128.9003991275544649 ) ) ;
#2130 = CARTESIAN_POINT ( 'NONE',  ( 0.9510654338689736864, -5.798701977451038658, -56.53318865688525818 ) ) ;
#2131 = CARTESIAN_POINT ( 'NONE',  ( -0.2526882246325160564, 37.97952843573789750, 85.16903664426695286 ) ) ;
#2132 = ORIENTED_EDGE ( 'NONE', *, *, #984, .F. ) ;
#2133 = CARTESIAN_POINT ( 'NONE',  ( -3.052012074922191509, 47.32573203155624952, 193.1820952711068458 ) ) ;
#2134 = CARTESIAN_POINT ( 'NONE',  ( 0.000000000000000000, 0.000000000000000000, 181.1826763077941109 ) ) ;
#2135 = CARTESIAN_POINT ( 'NONE',  ( -0.3246246646018727255, 37.69247164807057970, 83.36130605143088701 ) ) ;
#2136 = EDGE_CURVE ( 'NONE', #4761, #2611, #478, .T. ) ;
#2137 = CARTESIAN_POINT ( 'NONE',  ( -0.5463158265658483170, 40.44130954790495025, 108.7594044386313072 ) ) ;
#2138 = CARTESIAN_POINT ( 'NONE',  ( -45.70542344736741569, 27.26287060384420613, 125.0000000000000000 ) ) ;
#2139 = CARTESIAN_POINT ( 'NONE',  ( -7.934968050281324459, 41.99329278744988159, 146.6838197827214287 ) ) ;
#2140 = CARTESIAN_POINT ( 'NONE',  ( -27.91106832542180527, 38.92864665437319616, 197.7316821307892951 ) ) ;
#2141 = CARTESIAN_POINT ( 'NONE',  ( 0.000000000000000000, 32.02960972858872424, 380.5868600663628740 ) ) ;
#2142 = CARTESIAN_POINT ( 'NONE',  ( 3.380455586229715426, 43.76913034481264475, 180.9146095293156691 ) ) ;
#2143 = CARTESIAN_POINT ( 'NONE',  ( 43.83994163202897454, 23.44064158132369258, 87.03012095797564029 ) ) ;
#2144 = EDGE_CURVE ( 'NONE', #7178, #5617, #5915, .T. ) ;
#2145 = CARTESIAN_POINT ( 'NONE',  ( 0.7315842355799940799, -9.573308037895744249, 557.6533037653249494 ) ) ;
#2146 = CARTESIAN_POINT ( 'NONE',  ( 0.000000000000000000, 45.26229104882621357, 124.9999962631073203 ) ) ;
#2147 = CARTESIAN_POINT ( 'NONE',  ( 0.1150114910076552865, 28.73545180630511453, 33.03351839094518994 ) ) ;
#2148 = DIRECTION ( 'NONE',  ( -1.000000000000000000, 0.000000000000000000, 9.257875081218991030E-15 ) ) ;
#2149 = CARTESIAN_POINT ( 'NONE',  ( 0.000000000000000000, 47.04784670202291608, 181.1826763077941109 ) ) ;
#2150 = CARTESIAN_POINT ( 'NONE',  ( -5.551690055571850912, 43.57135542997895783, 206.4838691362628254 ) ) ;
#2151 = AXIS2_PLACEMENT_3D ( 'NONE', #7252, #4403, #3280 ) ;
#2152 = CARTESIAN_POINT ( 'NONE',  ( -48.31066298068129328, 33.51817681766540602, 190.6784347695928545 ) ) ;
#2153 = CARTESIAN_POINT ( 'NONE',  ( 8.266947184129856296, 41.94808042465958664, 146.8886564295634685 ) ) ;
#2154 = CARTESIAN_POINT ( 'NONE',  ( 0.2847583262176519026, 42.42475893182664493, 133.0104532330731786 ) ) ;
#2155 = CARTESIAN_POINT ( 'NONE',  ( 2.861529713880420545, -14.86190821214616165, -66.10491999415030762 ) ) ;
#2156 = CARTESIAN_POINT ( 'NONE',  ( -16.03111559121981600, 34.21141719296260675, 82.96460627509478059 ) ) ;
#2157 = CARTESIAN_POINT ( 'NONE',  ( 6.487160277154800703, 19.72214760585052673, 443.3057579004467357 ) ) ;
#2158 = CARTESIAN_POINT ( 'NONE',  ( -45.70542344736741569, 31.24632232633028650, 125.0000000000000000 ) ) ;
#2159 = CARTESIAN_POINT ( 'NONE',  ( 82.00022190405498179, 13.41533595200248463, 95.17065037251704496 ) ) ;
#2160 = ORIENTED_EDGE ( 'NONE', *, *, #5887, .T. ) ;
#2161 = CARTESIAN_POINT ( 'NONE',  ( -43.71639288430191783, 27.88643169798035260, 118.6818612395645971 ) ) ;
#2162 = CARTESIAN_POINT ( 'NONE',  ( -16.66315168157811755, 45.58974530259764180, 211.4847522036016585 ) ) ;
#2163 = VERTEX_POINT ( 'NONE', #3926 ) ;
#2164 = CARTESIAN_POINT ( 'NONE',  ( 32.74798711120337202, 37.16132835131873691, 210.8022759736979310 ) ) ;
#2165 = CARTESIAN_POINT ( 'NONE',  ( 39.13335346731455644, 33.54721624443583039, 161.4196265137074704 ) ) ;
#2166 = CARTESIAN_POINT ( 'NONE',  ( 3.268646977093212946, 11.48290530004461019, -28.67737780092130606 ) ) ;
#2167 = CARTESIAN_POINT ( 'NONE',  ( -149.9999999999994884, 5.740427124744100773, 378.1347507846561484 ) ) ;
#2168 = CARTESIAN_POINT ( 'NONE',  ( -0.7725928399444448313, 40.39903367330516915, 109.1644223643506848 ) ) ;
#2169 = CARTESIAN_POINT ( 'NONE',  ( 1.885900387860527383, 4.944344929474349115, -41.28297166191669731 ) ) ;
#2170 = ADVANCED_FACE ( 'NONE', ( #3326 ), #2766, .F. ) ;
#2171 = CARTESIAN_POINT ( 'NONE',  ( 6.460450532665094059, 38.52795677453418932, 99.19593799819840285 ) ) ;
#2172 = ORIENTED_EDGE ( 'NONE', *, *, #2856, .T. ) ;
#2173 = DIRECTION ( 'NONE',  ( 5.602867245962735462E-30, -1.000000000000000000, -1.644517855226013126E-15 ) ) ;
#2174 = LINE ( 'NONE', #2210, #6546 ) ;
#2175 = CARTESIAN_POINT ( 'NONE',  ( 3.077295867475049906, 37.26193976017265896, 83.89696992179253243 ) ) ;
#2176 = CARTESIAN_POINT ( 'NONE',  ( -6.578664875392140843, 39.65630572639363294, 110.8453637027371741 ) ) ;
#2177 = CARTESIAN_POINT ( 'NONE',  ( -42.22882531461573308, 33.27774346446580722, 124.9999999999999716 ) ) ;
#2178 = CARTESIAN_POINT ( 'NONE',  ( -5.625105137561696722, 43.50355236753998156, 181.8173018610803524 ) ) ;
#2179 = CARTESIAN_POINT ( 'NONE',  ( 48.87671600598984867, 11.59101201867309783, 351.9235384047881894 ) ) ;
#2180 = CARTESIAN_POINT ( 'NONE',  ( -0.4327164556662628780, 44.30553735582842023, 191.7202155867424267 ) ) ;
#2181 = CARTESIAN_POINT ( 'NONE',  ( 4.102332155998218433, 30.05980955277569322, 42.23729052681671448 ) ) ;
#2182 = CARTESIAN_POINT ( 'NONE',  ( -7.045124004950711338, 2.314038226187245861, 514.4354252516325232 ) ) ;
#2183 = CARTESIAN_POINT ( 'NONE',  ( 36.31815316573284491, 25.94628013088943064, 57.82858886444859081 ) ) ;
#2184 = CARTESIAN_POINT ( 'NONE',  ( 0.1612030355592447839, 28.74094123583061489, 33.03560198134628934 ) ) ;
#2185 = CARTESIAN_POINT ( 'NONE',  ( 1.499792506910594847, 46.91887443383321710, 199.9197544776541804 ) ) ;
#2186 = CARTESIAN_POINT ( 'NONE',  ( 5.551620045011602222, 139.2235650228607540, 153.4838691362629106 ) ) ;
#2187 = VECTOR ( 'NONE', #1654, 1000.000000000000000 ) ;
#2188 = CARTESIAN_POINT ( 'NONE',  ( -47.21422484718903689, 34.16078362664388379, 194.5157351995602539 ) ) ;
#2189 = DIRECTION ( 'NONE',  ( 3.289992799266357317E-15, -1.674905425081054541E-15, 1.000000000000000000 ) ) ;
#2190 = CARTESIAN_POINT ( 'NONE',  ( 32.61409991505684758, 35.54619574549327865, 146.0458956516420415 ) ) ;
#2191 = CARTESIAN_POINT ( 'NONE',  ( -56.44355950920334664, -5.401506154520962610, 202.8927154750770683 ) ) ;
#2192 = CARTESIAN_POINT ( 'NONE',  ( -39.13659956403807882, 28.40223439783433079, 102.5955484283139896 ) ) ;
#2193 = CARTESIAN_POINT ( 'NONE',  ( 6.848877587165034697, 9.753616543240035242, 486.0167545655663162 ) ) ;
#2194 = CARTESIAN_POINT ( 'NONE',  ( -5.805248773900248516, 43.40826622917343514, 216.3391463986083068 ) ) ;
#2195 = CARTESIAN_POINT ( 'NONE',  ( 150.0000000000000284, 11.30624670738853510, 229.7266311706955264 ) ) ;
#2196 = ORIENTED_EDGE ( 'NONE', *, *, #1625, .T. ) ;
#2197 = CARTESIAN_POINT ( 'NONE',  ( -0.7629687190354013104, 46.96426205379153629, 181.1826763077940825 ) ) ;
#2198 = CARTESIAN_POINT ( 'NONE',  ( -14.61713605283470763, 44.60612277303756201, 256.7277770913618156 ) ) ;
#2199 = ORIENTED_EDGE ( 'NONE', *, *, #2485, .T. ) ;
#2200 = DIRECTION ( 'NONE',  ( 0.000000000000000000, -3.469446951953683609E-15, 1.000000000000000000 ) ) ;
#2201 = B_SPLINE_CURVE_WITH_KNOTS ( 'NONE', 3,
 ( #3372, #4636, #4567, #6823 ),
 .UNSPECIFIED., .F., .F.,
 ( 4, 4 ),
 ( 0.008972175255198890434, 0.01786020513459192841 ),
 .UNSPECIFIED. ) ;
#2202 = DIRECTION ( 'NONE',  ( 1.346428274589731383E-08, 0.000000000000000000, -0.9999999999999998890 ) ) ;
#2203 = CARTESIAN_POINT ( 'NONE',  ( 9.650457210473206260, 42.47422119080876257, 108.3197917343866408 ) ) ;
#2204 = CARTESIAN_POINT ( 'NONE',  ( -40.00984483757177657, 16.72124631380037485, 402.1504229787130384 ) ) ;
#2205 = VECTOR ( 'NONE', #4885, 1000.000000000000000 ) ;
#2206 = CARTESIAN_POINT ( 'NONE',  ( -9.931233433384187848, 40.29503857760678187, 124.9827196256196089 ) ) ;
#2207 = CARTESIAN_POINT ( 'NONE',  ( -56.50313792499103016, -10.80253914119058045, 197.8140775424655544 ) ) ;
#2208 = ORIENTED_EDGE ( 'NONE', *, *, #6880, .T. ) ;
#2209 = CARTESIAN_POINT ( 'NONE',  ( 48.31066298068129328, 33.51817681766540602, 190.6784347695928545 ) ) ;
#2210 = CARTESIAN_POINT ( 'NONE',  ( -7.800511523327510648E-28, 139.2235650228607540, 149.4838691362629106 ) ) ;
#2211 = CARTESIAN_POINT ( 'NONE',  ( 5.113726902391436013, 38.05047766176798518, 93.19063401096340726 ) ) ;
#2212 = CARTESIAN_POINT ( 'NONE',  ( -0.3779411862274387746, 40.46231365410066161, 108.7432318328931586 ) ) ;
#2213 = DIRECTION ( 'NONE',  ( -5.602867245962735462E-30, -1.000000000000000000, -1.644517855226013126E-15 ) ) ;
#2214 = ADVANCED_FACE ( 'NONE', ( #3498 ), #4662, .F. ) ;
#2215 = CARTESIAN_POINT ( 'NONE',  ( 5.770021949464096522, 26.00025000205167558, 26.49010204558586423 ) ) ;
#2216 = CARTESIAN_POINT ( 'NONE',  ( -1.451537970114467724, 43.97831793519293342, 180.3564896468414247 ) ) ;
#2217 = CARTESIAN_POINT ( 'NONE',  ( 6.487160277154800703, 19.72214760585052673, 443.3057579004467357 ) ) ;
#2218 = CARTESIAN_POINT ( 'NONE',  ( 0.08266008593367377144, 44.11837484679676891, 180.1248838796741438 ) ) ;
#2219 = B_SPLINE_CURVE_WITH_KNOTS ( 'NONE', 3,
 ( #7222, #6028, #3289, #883 ),
 .UNSPECIFIED., .F., .F.,
 ( 4, 4 ),
 ( 0.2200382780691528262, 0.2337477478784121820 ),
 .UNSPECIFIED. ) ;
#2220 = CARTESIAN_POINT ( 'NONE',  ( 7.693329535967814437, 32.81494152654043006, 60.76083331035566459 ) ) ;
#2221 = CARTESIAN_POINT ( 'NONE',  ( 1.462097396393197579, -8.755891532203142091, 555.1105562664688478 ) ) ;
#2222 = CARTESIAN_POINT ( 'NONE',  ( 29.77830238385952555, 26.84376522310407864, 47.97704532594988081 ) ) ;
#2223 = CARTESIAN_POINT ( 'NONE',  ( -0.5350252932265709971, 28.65874882185514849, 33.03291291181785283 ) ) ;
#2224 = EDGE_CURVE ( 'NONE', #3036, #1848, #6353, .T. ) ;
#2225 = CARTESIAN_POINT ( 'NONE',  ( 1.463589819017925731, -9.937233235580697155, 558.8774522703039338 ) ) ;
#2226 = CARTESIAN_POINT ( 'NONE',  ( -48.96184446544095437, 33.00089337346151552, 183.6136886649778717 ) ) ;
#2227 = CARTESIAN_POINT ( 'NONE',  ( -5.667666856667974429E-14, 41.82782143490219084, 124.9999999999999858 ) ) ;
#2228 = CARTESIAN_POINT ( 'NONE',  ( 0.7238213826247013039, 42.37195358691966618, 133.0624410537420772 ) ) ;
#2229 = CARTESIAN_POINT ( 'NONE',  ( -56.42444719532452524, -4.100048717234659357, 204.2233583779163268 ) ) ;
#2230 = CARTESIAN_POINT ( 'NONE',  ( -5.387325068334958722, 34.51137803817100291, 67.95477133185241314 ) ) ;
#2231 = CARTESIAN_POINT ( 'NONE',  ( 0.000000000000000000, 10.33405387878785753, 486.6586544760494917 ) ) ;
#2232 = CARTESIAN_POINT ( 'NONE',  ( 2.883333089012468431, 37.06396331801435196, 58.55160058116674549 ) ) ;
#2233 = VERTEX_POINT ( 'NONE', #3533 ) ;
#2234 = CARTESIAN_POINT ( 'NONE',  ( -31.65245852557121253, 22.68485788042712770, 50.18845857595156446 ) ) ;
#2235 = CARTESIAN_POINT ( 'NONE',  ( -150.0000000000006821, 17.36217657815118542, 276.3178635875777900 ) ) ;
#2236 = VERTEX_POINT ( 'NONE', #5826 ) ;
#2237 = CARTESIAN_POINT ( 'NONE',  ( 39.63749387989575013, 60.00000000000000711, 69.18754356468517130 ) ) ;
#2238 = CARTESIAN_POINT ( 'NONE',  ( -5.667666856667974429E-14, 41.82782143490219084, 124.9999999999999858 ) ) ;
#2239 = CARTESIAN_POINT ( 'NONE',  ( 11.07186743597200973, 32.81523294668829749, 45.76036132870854090 ) ) ;
#2240 = CARTESIAN_POINT ( 'NONE',  ( -10.87137964986494865, 12.27380154565681281, 466.5267389959417415 ) ) ;
#2241 = CARTESIAN_POINT ( 'NONE',  ( -4.920878138988455497, 39.86693102492749574, 110.4307238621335330 ) ) ;
#2242 = CARTESIAN_POINT ( 'NONE',  ( 2.846830710822273236, -1.888371530433603951, -51.63176871257518741 ) ) ;
#2243 = CARTESIAN_POINT ( 'NONE',  ( 1.645711151664540850, 43.84425217043022371, 213.8493118684583294 ) ) ;
#2244 = CARTESIAN_POINT ( 'NONE',  ( 31.98380504506443600, 32.33964551459024506, 107.3412485530113827 ) ) ;
#2245 = CARTESIAN_POINT ( 'NONE',  ( -2.553569696294413216, 42.94769121779684440, 149.4838691362627117 ) ) ;
#2246 = CARTESIAN_POINT ( 'NONE',  ( 3.424412271607105485, 26.26102059774903097, 25.42836745325527659 ) ) ;
#2247 = CARTESIAN_POINT ( 'NONE',  ( 0.2826305113234204858, 44.01730291846979526, 168.4441298174276369 ) ) ;
#2248 = CARTESIAN_POINT ( 'NONE',  ( 1.850464964290566172, 28.57020904146000362, 400.4539919784762674 ) ) ;
#2249 = AXIS2_PLACEMENT_3D ( 'NONE', #3288, #4331, #1479 ) ;
#2250 = CARTESIAN_POINT ( 'NONE',  ( -0.3532070752468994268, 44.22698176288534455, 203.2478973109880087 ) ) ;
#2251 = CARTESIAN_POINT ( 'NONE',  ( 43.22155420478081567, 24.89746895770843338, 93.98993643099609585 ) ) ;
#2252 = CARTESIAN_POINT ( 'NONE',  ( 1.434789889613982350, -1.011398729720650369, 529.3086085165732584 ) ) ;
#2253 = CARTESIAN_POINT ( 'NONE',  ( 0.3670621004895635586, 47.51369794106510369, 180.6770339033667199 ) ) ;
#2254 = CARTESIAN_POINT ( 'NONE',  ( -46.91255304569294537, 21.21779893495968139, 86.55495043825644075 ) ) ;
#2255 = CARTESIAN_POINT ( 'NONE',  ( 2.500000000000248246, 46.80818099650655739, 198.4464620159554329 ) ) ;
#2256 = CARTESIAN_POINT ( 'NONE',  ( 0.000000000000000000, 34.08659069538686026, 41.66339904230025581 ) ) ;
#2257 = EDGE_CURVE ( 'NONE', #1510, #6022, #3102, .T. ) ;
#2258 = CARTESIAN_POINT ( 'NONE',  ( -42.01362261207658833, 28.58467339238487881, 87.71035818267782247 ) ) ;
#2259 = EDGE_CURVE ( 'NONE', #4974, #2233, #59, .T. ) ;
#2260 = CARTESIAN_POINT ( 'NONE',  ( 3.786981926628881556, 41.99284675005951328, 133.8708558453643320 ) ) ;
#2261 = CARTESIAN_POINT ( 'NONE',  ( -3.302423590642567852, 4.628195515106217073, -41.47021073289514703 ) ) ;
#2262 = CARTESIAN_POINT ( 'NONE',  ( 0.2631442120732951362, 35.22199032263189622, 66.48826048029884817 ) ) ;
#2263 = CARTESIAN_POINT ( 'NONE',  ( 54.57948805689258620, 2.996616612384304545, 392.2234430773698364 ) ) ;
#2264 = CARTESIAN_POINT ( 'NONE',  ( 149.9999999999997442, 16.09349136664861390, 256.0566200932159404 ) ) ;
#2265 = VERTEX_POINT ( 'NONE', #4785 ) ;
#2266 = CARTESIAN_POINT ( 'NONE',  ( -0.5904223920471955989, 32.53367023116918233, 35.04931210984616996 ) ) ;
#2267 = CARTESIAN_POINT ( 'NONE',  ( 1.436093927849406482, 36.00353229043267334, 354.6852225388742568 ) ) ;
#2268 = ORIENTED_EDGE ( 'NONE', *, *, #1583, .F. ) ;
#2269 = VECTOR ( 'NONE', #4385, 1000.000000000000000 ) ;
#2270 = PLANE ( 'NONE',  #2324 ) ;
#2271 = CARTESIAN_POINT ( 'NONE',  ( -0.5435609536137723241, 47.52713440472693662, 200.6867358902516685 ) ) ;
#2272 = CARTESIAN_POINT ( 'NONE',  ( 19.23958081385339014, 44.36215661290071921, 164.4211870057072531 ) ) ;
#2273 = CARTESIAN_POINT ( 'NONE',  ( -1.904943872151217965, -9.951894290560517220, -61.04478972313617646 ) ) ;
#2274 = CARTESIAN_POINT ( 'NONE',  ( -53.41671992373075284, 4.732634878479694329, 384.7797939231693363 ) ) ;
#2275 = CARTESIAN_POINT ( 'NONE',  ( -46.17394053998499714, 29.83809291997236812, 160.9201687964744281 ) ) ;
#2276 = CARTESIAN_POINT ( 'NONE',  ( -150.0000000000000284, 1.252786731943029253, 209.9251019480679190 ) ) ;
#2277 = EDGE_CURVE ( 'NONE', #6971, #4021, #172, .T. ) ;
#2278 = CARTESIAN_POINT ( 'NONE',  ( 1.015950694754377270, 46.97246034651179514, 200.1193388307054306 ) ) ;
#2279 = CARTESIAN_POINT ( 'NONE',  ( 45.06197777766568180, 28.44841756666906107, 132.6696131203556774 ) ) ;
#2280 = DIRECTION ( 'NONE',  ( 0.000000000000000000, 0.000000000000000000, -1.000000000000000000 ) ) ;
#2281 = CARTESIAN_POINT ( 'NONE',  ( 3.384319913945112113, 28.32991346162609503, 33.62730372270252843 ) ) ;
#2282 = CARTESIAN_POINT ( 'NONE',  ( -6.372360685955908544, 42.86959521907611048, 158.7483845772880215 ) ) ;
#2283 = CARTESIAN_POINT ( 'NONE',  ( 11.87753674811280824, 22.01321616650771773, 424.9228753704809378 ) ) ;
#2284 = B_SPLINE_CURVE_WITH_KNOTS ( 'NONE', 3,
 ( #2146, #2671, #4959, #3268, #795, #2106, #5000, #4244, #1618, #1022, #6538, #4434, #2783, #1396, #5977, #6799, #6724, #1578, #3867, #6202 ),
 .UNSPECIFIED., .F., .F.,
 ( 4, 1, 2, 2, 1, 1, 1, 1, 1, 1, 2, 2, 1, 4 ),
 ( 0.4229297418140164355, 0.4335628400630503476, 0.4362211146253087701, 0.4375502519064379259, 0.4388793891875670816, 0.4441959383120833160, 0.4654621348101483091, 0.4867283313082132468, 0.4973614295572457156, 0.4986905668383747603, 0.4993551354789392827, 0.5000197041195038050, 0.5026779786817618945, 0.5079945278062779623 ),
 .UNSPECIFIED. ) ;
#2285 = CARTESIAN_POINT ( 'NONE',  ( 43.33048960758342361, 32.02663759051277736, 230.0518365510470460 ) ) ;
#2286 = AXIS2_PLACEMENT_3D ( 'NONE', #7172, #905, #869 ) ;
#2287 = CARTESIAN_POINT ( 'NONE',  ( 8.550724480489249046, 31.10856498749643251, 52.90456514850369985 ) ) ;
#2288 = CARTESIAN_POINT ( 'NONE',  ( -2.796376176599665087, 41.52722748732850278, 126.1218879009741727 ) ) ;
#2289 = CARTESIAN_POINT ( 'NONE',  ( 42.22001282228018937, 33.19754894719602589, 125.0000000000001990 ) ) ;
#2290 = CARTESIAN_POINT ( 'NONE',  ( -41.98047978228527910, 20.63423331979602438, 66.99511657196710246 ) ) ;
#2291 = CARTESIAN_POINT ( 'NONE',  ( -2.500000000000238476, 43.89587077626221401, 183.1826763077941109 ) ) ;
#2292 = CARTESIAN_POINT ( 'NONE',  ( 0.1789940760121621344, 47.55881636619736952, 200.6868754939920052 ) ) ;
#2293 = ORIENTED_EDGE ( 'NONE', *, *, #1615, .T. ) ;
#2294 = LINE ( 'NONE', #1728, #3248 ) ;
#2295 = CARTESIAN_POINT ( 'NONE',  ( 41.12337862549087930, 33.06054457263464741, 172.8720491542998161 ) ) ;
#2296 = CARTESIAN_POINT ( 'NONE',  ( -0.000000000000000000, -2.015148108693687767, -51.69602975127715183 ) ) ;
#2297 = CARTESIAN_POINT ( 'NONE',  ( -35.71285280168793719, 30.35229292823834157, 104.6429020199615394 ) ) ;
#2298 = CARTESIAN_POINT ( 'NONE',  ( -1.371592355364178228, 6.821518167627450779, 500.7095233472878135 ) ) ;
#2299 = CARTESIAN_POINT ( 'NONE',  ( 17.90558932272608672, 45.27588651669087483, 188.1410139065363012 ) ) ;
#2300 = ADVANCED_FACE ( 'NONE', ( #3022 ), #1407, .T. ) ;
#2301 = EDGE_LOOP ( 'NONE', ( #1336, #2043, #6380, #166 ) ) ;
#2302 = CARTESIAN_POINT ( 'NONE',  ( -37.10863438089150179, 21.99095052654399041, 59.64887552256923442 ) ) ;
#2303 = B_SPLINE_CURVE_WITH_KNOTS ( 'NONE', 3,
 ( #2639, #6652, #6054, #4927, #3605, #5899, #754, #1916, #4202, #2227 ),
 .UNSPECIFIED., .F., .F.,
 ( 4, 2, 2, 2, 4 ),
 ( 0.06592392417496213686, 0.08560689510163808913, 0.09544838056497606527, 0.1052898660283140553, 0.1446558078816659598 ),
 .UNSPECIFIED. ) ;
#2304 = CARTESIAN_POINT ( 'NONE',  ( -41.23236433532566281, 22.69079723528891179, 379.8779995718708165 ) ) ;
#2305 = VERTEX_POINT ( 'NONE', #4747 ) ;
#2306 =( BOUNDED_CURVE ( )  B_SPLINE_CURVE ( 3, ( #4679, #106, #1192, #2397 ),
 .UNSPECIFIED., .F., .T. ) 
 B_SPLINE_CURVE_WITH_KNOTS ( ( 4, 4 ),
 ( 6.106903737392458176, 6.283185307179586232 ),
 .UNSPECIFIED. ) 
 CURVE ( )  GEOMETRIC_REPRESENTATION_ITEM ( )  RATIONAL_B_SPLINE_CURVE ( ( 1.000000000000000000, 0.9974120767515213259, 0.9974120767515213259, 1.000000000000000000 ) ) 
 REPRESENTATION_ITEM ( '' )  );
#2307 = CARTESIAN_POINT ( 'NONE',  ( 47.20806718382032585, 30.31681069510990056, 194.5327254882098202 ) ) ;
#2308 = B_SPLINE_CURVE_WITH_KNOTS ( 'NONE', 3,
 ( #321, #2613, #4901, #7183 ),
 .UNSPECIFIED., .F., .F.,
 ( 4, 4 ),
 ( 0.000000000000000000, 0.0005455854989853058893 ),
 .UNSPECIFIED. ) ;
#2309 = DIRECTION ( 'NONE',  ( 0.000000000000000000, 0.000000000000000000, 1.000000000000000000 ) ) ;
#2310 = CARTESIAN_POINT ( 'NONE',  ( 10.24811798180279787, 39.43337803868414682, 83.18633069079341169 ) ) ;
#2311 = CARTESIAN_POINT ( 'NONE',  ( -0.9552145398446717506, -19.79945804760096095, -71.14787201309992781 ) ) ;
#2312 = EDGE_CURVE ( 'NONE', #1306, #5308, #4986, .T. ) ;
#2313 = CARTESIAN_POINT ( 'NONE',  ( -55.71564899923829728, 1.205407876259681377, 399.7257200711499081 ) ) ;
#2314 = ADVANCED_FACE ( 'NONE', ( #729 ), #3584, .T. ) ;
#2315 = CARTESIAN_POINT ( 'NONE',  ( -5.527113205065828261, 38.65437565602816505, 98.72940201495499934 ) ) ;
#2316 = CARTESIAN_POINT ( 'NONE',  ( -150.0000000000000284, 7.321812825929968405, 218.5459688349021121 ) ) ;
#2317 = CARTESIAN_POINT ( 'NONE',  ( 1.716180434745790961, 46.89473657942100004, 199.7757596207576398 ) ) ;
#2318 = CARTESIAN_POINT ( 'NONE',  ( 44.30768781606363405, 29.45130712966405540, 139.2957993656747249 ) ) ;
#2319 = CARTESIAN_POINT ( 'NONE',  ( 0.000000000000000000, -19.80119957717566237, -71.13603959821548983 ) ) ;
#2320 = CARTESIAN_POINT ( 'NONE',  ( -0.3454854345101723845, 28.76292555986460897, 33.04797389372526339 ) ) ;
#2321 = CARTESIAN_POINT ( 'NONE',  ( -8.753318311637491078, 42.91657165445839439, 171.6640668036278896 ) ) ;
#2322 = CARTESIAN_POINT ( 'NONE',  ( -1.930653681019943724, 13.87290448054163683, 472.4794235559970730 ) ) ;
#2323 = CARTESIAN_POINT ( 'NONE',  ( 30.25122119576366231, 38.22746490137981112, 211.3007457741612427 ) ) ;
#2324 = AXIS2_PLACEMENT_3D ( 'NONE', #5018, #2200, #4491 ) ;
#2325 = CARTESIAN_POINT ( 'NONE',  ( 1.389489158126697044, 33.60892259624032619, 58.16720122382663760 ) ) ;
#2326 = CARTESIAN_POINT ( 'NONE',  ( 0.4567483422445151597, 41.92671849602123757, 125.5894449438164600 ) ) ;
#2327 = CARTESIAN_POINT ( 'NONE',  ( 2.000622096116235760, 45.02183110758376472, 124.9999999952330256 ) ) ;
#2328 = CARTESIAN_POINT ( 'NONE',  ( -8.509710832808218939, 25.68385220564760019, 28.06036041065066655 ) ) ;
#2329 = CARTESIAN_POINT ( 'NONE',  ( -1.031434321942273247, 44.10623498004652276, 203.4573614432337649 ) ) ;
#2330 = CARTESIAN_POINT ( 'NONE',  ( 2.025956060058487829, 47.40098771661172350, 199.4823073876007413 ) ) ;
#2331 = FACE_OUTER_BOUND ( 'NONE', #6455, .T. ) ;
#2332 = ORIENTED_EDGE ( 'NONE', *, *, #95, .T. ) ;
#2333 = CARTESIAN_POINT ( 'NONE',  ( 1.352474669650554739, 36.00212647991691739, 73.33203484562945107 ) ) ;
#2334 = CARTESIAN_POINT ( 'NONE',  ( 8.566846603976840058, 41.95606830000835430, 147.9881838063998316 ) ) ;
#2335 = CARTESIAN_POINT ( 'NONE',  ( -3.313916258227276757, 1.354737596468937211, -46.71700391772461813 ) ) ;
#2336 = CARTESIAN_POINT ( 'NONE',  ( -4.043090272751625136, 31.67396101855077362, 50.58066888486778367 ) ) ;
#2337 = CARTESIAN_POINT ( 'NONE',  ( 0.000000000000000000, -9.999999999999710454, 558.9422371214541272 ) ) ;
#2338 = ORIENTED_EDGE ( 'NONE', *, *, #2497, .F. ) ;
#2339 = CARTESIAN_POINT ( 'NONE',  ( -39.63749387989575013, 22.54875733015133932, 69.18754356468517130 ) ) ;
#2340 = CARTESIAN_POINT ( 'NONE',  ( 0.9419369969250757091, 40.21919929812739269, 320.0004459445724478 ) ) ;
#2341 = EDGE_LOOP ( 'NONE', ( #4184, #724, #1441, #158, #5995, #2865 ) ) ;
#2342 = CARTESIAN_POINT ( 'NONE',  ( 48.09062477031222471, 29.79076595439116559, 191.6707908227342614 ) ) ;
#2343 = ADVANCED_FACE ( 'NONE', ( #7337 ), #2270, .F. ) ;
#2344 = CARTESIAN_POINT ( 'NONE',  ( -19.57372214606867900, 60.00000000000000711, 184.4493121098462041 ) ) ;
#2345 = CARTESIAN_POINT ( 'NONE',  ( -19.77378748083232196, 36.71286961557274964, 110.8349342827271613 ) ) ;
#2346 = DIRECTION ( 'NONE',  ( 0.000000000000000000, 0.000000000000000000, 1.000000000000000000 ) ) ;
#2347 = CARTESIAN_POINT ( 'NONE',  ( 17.90558932272608672, 45.27588651669087483, 188.1410139065363012 ) ) ;
#2348 = CARTESIAN_POINT ( 'NONE',  ( -2.861529713880420545, -14.86190821214616165, -66.10491999415030762 ) ) ;
#2349 = CARTESIAN_POINT ( 'NONE',  ( -14.01391260354919055, 37.43359650892968205, 103.5234979090272986 ) ) ;
#2350 = CARTESIAN_POINT ( 'NONE',  ( -11.55383968865741373, 26.93463575382700270, 21.23557846822262718 ) ) ;
#2351 = CARTESIAN_POINT ( 'NONE',  ( 2.500000000000235367, 46.80817548411965845, 198.4476223233207861 ) ) ;
#2352 = CARTESIAN_POINT ( 'NONE',  ( -0.4398897043199747614, 38.76162848899137714, 91.82115244098325491 ) ) ;
#2353 = CARTESIAN_POINT ( 'NONE',  ( 150.0000000000000284, -0.1700441024495829567, 208.5255278475402463 ) ) ;
#2354 = VECTOR ( 'NONE', #2701, 1000.000000000000000 ) ;
#2355 = CARTESIAN_POINT ( 'NONE',  ( 0.9490617160165060184, 42.54358218907552924, 298.1207295063137508 ) ) ;
#2356 = CARTESIAN_POINT ( 'NONE',  ( -8.298223317249934894, 42.60645274557552398, 159.6845678452698394 ) ) ;
#2357 = CARTESIAN_POINT ( 'NONE',  ( 58.62154318630234684, -4.489909763417698763, 423.0794994535144156 ) ) ;
#2358 = CARTESIAN_POINT ( 'NONE',  ( 10.53459104283279046, 43.01810671159868349, 207.0709673041837107 ) ) ;
#2359 = CARTESIAN_POINT ( 'NONE',  ( -0.3419000345649500505, 33.82311870036248536, 58.07856718284561737 ) ) ;
#2360 = CARTESIAN_POINT ( 'NONE',  ( 0.4357454127078753126, 41.92419634731181333, 125.5894530828580713 ) ) ;
#2361 = CARTESIAN_POINT ( 'NONE',  ( 2.963931846531302039, 32.20566942429991286, 35.10326162110068537 ) ) ;
#2362 = CARTESIAN_POINT ( 'NONE',  ( 0.7611924604533036876, 44.06123231117148009, 181.1955549839103981 ) ) ;
#2363 = CARTESIAN_POINT ( 'NONE',  ( -22.29740573129179637, 40.45871243603005496, 225.2737944411701392 ) ) ;
#2364 = CARTESIAN_POINT ( 'NONE',  ( 1.819986413896139910, 46.88311723193771741, 199.6908687028704037 ) ) ;
#2365 = CARTESIAN_POINT ( 'NONE',  ( 0.3616357165860898948, 47.54722425424088073, 200.1826763077789337 ) ) ;
#2366 = EDGE_LOOP ( 'NONE', ( #2514, #2199, #448, #177 ) ) ;
#2367 = CARTESIAN_POINT ( 'NONE',  ( 36.30208815390972177, 29.95983160210254326, 104.2589703586181997 ) ) ;
#2368 = EDGE_CURVE ( 'NONE', #5301, #7178, #1597, .T. ) ;
#2369 = CARTESIAN_POINT ( 'NONE',  ( 45.18916268101585132, 31.36672370013896582, 192.9567416822191035 ) ) ;
#2370 = CARTESIAN_POINT ( 'NONE',  ( -149.9999999999999716, 10.35078035734875535, 226.4890547709782993 ) ) ;
#2371 = CARTESIAN_POINT ( 'NONE',  ( 0.4122518633365742091, 33.83184575260140292, 58.08298095636710201 ) ) ;
#2372 = CARTESIAN_POINT ( 'NONE',  ( -0.7310486981965987896, -8.789701471681548028, 555.1481419457635411 ) ) ;
#2373 = ORIENTED_EDGE ( 'NONE', *, *, #5692, .T. ) ;
#2374 = DIRECTION ( 'NONE',  ( 0.000000000000000000, 0.000000000000000000, 1.000000000000000000 ) ) ;
#2375 = CARTESIAN_POINT ( 'NONE',  ( -149.9999999999999716, 14.23858967693923105, 324.3781664693334506 ) ) ;
#2376 = CARTESIAN_POINT ( 'NONE',  ( -0.5000000000002154943, 47.02905211924537809, 200.1826763077942246 ) ) ;
#2377 = CARTESIAN_POINT ( 'NONE',  ( -13.27806055916713746, 30.15786559295474234, 37.12993387129967715 ) ) ;
#2378 = CARTESIAN_POINT ( 'NONE',  ( -7.500000000000000000, 29.67242030229065364, 35.70744116447578875 ) ) ;
#2379 = CARTESIAN_POINT ( 'NONE',  ( 0.2008143757663850282, 38.73161050942397310, 91.81486466420270176 ) ) ;
#2380 = CARTESIAN_POINT ( 'NONE',  ( 0.8801411039782774948, 47.46157693013934420, 180.6768726514589503 ) ) ;
#2381 = CARTESIAN_POINT ( 'NONE',  ( 48.09887603462018291, 19.47765558591667556, 290.8986780379959782 ) ) ;
#2382 = CARTESIAN_POINT ( 'NONE',  ( 38.72719965496440864, 31.21385079524786477, 125.0000000000000853 ) ) ;
#2383 = CARTESIAN_POINT ( 'NONE',  ( 150.0000000000000284, 3.089374213535638791, 211.7316696794227653 ) ) ;
#2384 = CARTESIAN_POINT ( 'NONE',  ( 0.5000958416900533887, 39.42982628216871888, 97.15365933502734208 ) ) ;
#2385 = CARTESIAN_POINT ( 'NONE',  ( 0.000000000000000000, 4.829427991817969890, -41.35103106569409448 ) ) ;
#2386 = CARTESIAN_POINT ( 'NONE',  ( 1.819173037920916114, 46.88320830483041846, 199.6915800969073871 ) ) ;
#2387 = CARTESIAN_POINT ( 'NONE',  ( -0.2941366387762361367, 40.54574945182253032, 108.7203793603154622 ) ) ;
#2388 = CARTESIAN_POINT ( 'NONE',  ( 0.7085746584872376630, 47.51270326095347940, 200.6866725165441778 ) ) ;
#2389 = CARTESIAN_POINT ( 'NONE',  ( 12.42468602756070162, 0.8701743984461717263, -41.28002289990918428 ) ) ;
#2390 = CARTESIAN_POINT ( 'NONE',  ( 1.625096845062358186, 47.14373364252509901, 228.9144459501762299 ) ) ;
#2391 = CARTESIAN_POINT ( 'NONE',  ( 0.4710904076184672107, 43.10400565090231595, 144.8234560963802835 ) ) ;
#2392 = CARTESIAN_POINT ( 'NONE',  ( 36.87704838372232530, 0.06862354129085444787, 457.0708091009332747 ) ) ;
#2393 = EDGE_CURVE ( 'NONE', #1524, #2466, #6846, .T. ) ;
#2394 = CARTESIAN_POINT ( 'NONE',  ( -0.3188800087900823810, 43.97637613400081591, 214.6185305501850280 ) ) ;
#2395 = CARTESIAN_POINT ( 'NONE',  ( -0.2631442120732951362, 35.22199032263189622, 66.48826048029884817 ) ) ;
#2396 = CARTESIAN_POINT ( 'NONE',  ( 5.551666718788355936, 43.57353529161238725, 206.2505365020567183 ) ) ;
#2397 = CARTESIAN_POINT ( 'NONE',  ( -0.5904223920471955989, 29.52443753821325956, 35.04931210984616996 ) ) ;
#2398 = CARTESIAN_POINT ( 'NONE',  ( -4.204778246053995083, 26.17450066183971913, 25.75986670367729658 ) ) ;
#2399 = CARTESIAN_POINT ( 'NONE',  ( -4.147044113198031567, 43.58352259427713449, 215.7239221209100037 ) ) ;
#2400 = DIRECTION ( 'NONE',  ( 0.000000000000000000, -0.9999425524501721618, 0.01071875923019937650 ) ) ;
#2401 = ORIENTED_EDGE ( 'NONE', *, *, #468, .F. ) ;
#2402 = DIRECTION ( 'NONE',  ( -5.602867245962735462E-30, -1.000000000000000000, 0.000000000000000000 ) ) ;
#2403 = CARTESIAN_POINT ( 'NONE',  ( -0.1483131329224302852, 43.06705367480361701, 144.8343253305358758 ) ) ;
#2404 = CARTESIAN_POINT ( 'NONE',  ( 1.797634613197362174, 24.83933354071738009, 4.965788233343842784 ) ) ;
#2405 = CARTESIAN_POINT ( 'NONE',  ( -5.473544165554725005, 33.10149787398405152, 59.57467739008375673 ) ) ;
#2406 = CARTESIAN_POINT ( 'NONE',  ( 7.162406742956792804, -5.196939195804247902, 540.7780944250159791 ) ) ;
#2407 = VERTEX_POINT ( 'NONE', #6283 ) ;
#2408 = CARTESIAN_POINT ( 'NONE',  ( -36.41335701925667223, 35.62377925536530654, 208.5536052721130034 ) ) ;
#2409 = CARTESIAN_POINT ( 'NONE',  ( -1.649437573462356754, 41.01991156795418902, 312.8522970477960143 ) ) ;
#2410 = ORIENTED_EDGE ( 'NONE', *, *, #4411, .F. ) ;
#2411 = DIRECTION ( 'NONE',  ( 1.000000000000000000, 0.000000000000000000, -0.000000000000000000 ) ) ;
#2412 = CARTESIAN_POINT ( 'NONE',  ( 0.3665039873880490129, 47.51949007432398275, 181.1826763078325087 ) ) ;
#2413 = CARTESIAN_POINT ( 'NONE',  ( 0.4626182885226224339, 38.76447563927731466, 91.82196808890466855 ) ) ;
#2414 = CARTESIAN_POINT ( 'NONE',  ( 38.01706556161139616, 22.01017317847672317, 62.09268858842359862 ) ) ;
#2415 = CARTESIAN_POINT ( 'NONE',  ( 5.882888988652245743, 42.38580333701526115, 298.7586613606674177 ) ) ;
#2416 = CARTESIAN_POINT ( 'NONE',  ( -5.667666856667974429E-14, 41.82782143490219084, 124.9999999999999858 ) ) ;
#2417 = CARTESIAN_POINT ( 'NONE',  ( -1.904146327908672554, -8.520320594203820264, -59.57409022259488296 ) ) ;
#2418 = ORIENTED_EDGE ( 'NONE', *, *, #4241, .T. ) ;
#2419 = CARTESIAN_POINT ( 'NONE',  ( -7.777050195263987220, 35.17193588263149451, 75.96778020821768962 ) ) ;
#2420 = CARTESIAN_POINT ( 'NONE',  ( -150.0000000000000284, 11.30624670738853510, 229.7266311706955264 ) ) ;
#2421 = CARTESIAN_POINT ( 'NONE',  ( -0.2480995423714233705, 39.63879609378687974, 100.2678006272738429 ) ) ;
#2422 = CARTESIAN_POINT ( 'NONE',  ( 19.97492105791641137, 25.10366008062631238, 40.14380145408672718 ) ) ;
#2423 = CARTESIAN_POINT ( 'NONE',  ( 56.19787954467784630, 2.127072668286307255, 212.5857681456718353 ) ) ;
#2424 = CARTESIAN_POINT ( 'NONE',  ( 1.024170345567492202, 46.00818778601377090, 252.5475023864288744 ) ) ;
#2425 = CARTESIAN_POINT ( 'NONE',  ( -6.774892722656326249, 41.59608845402452459, 135.2328501178137685 ) ) ;
#2426 = CARTESIAN_POINT ( 'NONE',  ( 11.20234465765202536, 15.65166486234165255, 452.7342830611293607 ) ) ;
#2427 = CARTESIAN_POINT ( 'NONE',  ( 27.31613602470065771, 42.66906898482488231, 212.8281808264320318 ) ) ;
#2428 = EDGE_CURVE ( 'NONE', #3624, #4974, #5093, .T. ) ;
#2429 = CARTESIAN_POINT ( 'NONE',  ( 29.36858937748114329, 30.66186370303656261, 87.50209084501040024 ) ) ;
#2430 = CARTESIAN_POINT ( 'NONE',  ( 0.3535177718449272755, 41.91431919949357621, 125.5896047614209721 ) ) ;
#2431 = CARTESIAN_POINT ( 'NONE',  ( -1.348794208269641581, 47.45639613475488261, 200.5593460197238187 ) ) ;
#2432 = CARTESIAN_POINT ( 'NONE',  ( -1.025099683084982560, 43.86946209766998805, 214.8300764862879646 ) ) ;
#2433 = CARTESIAN_POINT ( 'NONE',  ( 23.38038312808035002, 37.38833027712956891, 92.04395209074077400 ) ) ;
#2434 = CIRCLE ( 'NONE', #3398, 0.5000000000000012212 ) ;
#2435 = ORIENTED_EDGE ( 'NONE', *, *, #3464, .F. ) ;
#2436 = CARTESIAN_POINT ( 'NONE',  ( 2.756738399736868406, 43.32507117763593385, 157.2453609031099120 ) ) ;
#2437 = CARTESIAN_POINT ( 'NONE',  ( -0.3980082777125472093, 41.30650383643250478, 117.1683474506388762 ) ) ;
#2438 = CARTESIAN_POINT ( 'NONE',  ( -11.55383968865741373, 26.93463575382700270, 21.23557846822262718 ) ) ;
#2439 = CARTESIAN_POINT ( 'NONE',  ( 0.1612363871119508463, 33.80063738052579225, 58.06984785159504980 ) ) ;
#2440 = CARTESIAN_POINT ( 'NONE',  ( -1.463589819017925731, -9.937233235580697155, 558.8774522703039338 ) ) ;
#2441 = CARTESIAN_POINT ( 'NONE',  ( 0.000000000000000000, -4.664387618694376236, 541.5776915351184471 ) ) ;
#2442 = VERTEX_POINT ( 'NONE', #6813 ) ;
#2443 = LINE ( 'NONE', #3679, #4710 ) ;
#2444 = CARTESIAN_POINT ( 'NONE',  ( -6.487160277154800703, 19.72214760585052673, 443.3057579004467357 ) ) ;
#2445 = ORIENTED_EDGE ( 'NONE', *, *, #356, .F. ) ;
#2446 = LINE ( 'NONE', #6981, #415 ) ;
#2447 = EDGE_CURVE ( 'NONE', #6812, #6251, #3426, .T. ) ;
#2448 = LINE ( 'NONE', #1879, #2802 ) ;
#2449 = CARTESIAN_POINT ( 'NONE',  ( -6.494694985446114011, 37.86496901678258098, 93.87413432883160169 ) ) ;
#2450 = CARTESIAN_POINT ( 'NONE',  ( 149.9999999999998010, 15.67153765998659942, 312.2062866230721170 ) ) ;
#2451 = CARTESIAN_POINT ( 'NONE',  ( 27.60961008554777152, 35.72027582162997561, 125.0000000000000568 ) ) ;
#2452 = CARTESIAN_POINT ( 'NONE',  ( 56.38420455136408549, -2.341849795747153795, 206.2968260904183353 ) ) ;
#2453 = VERTEX_POINT ( 'NONE', #5686 ) ;
#2454 = CARTESIAN_POINT ( 'NONE',  ( -2.281418113860881558, 37.65857811348246287, 85.49206078574586343 ) ) ;
#2455 = CARTESIAN_POINT ( 'NONE',  ( 0.9391192593045467607, 7.969336849332791850, -35.88766685587286531 ) ) ;
#2456 = EDGE_LOOP ( 'NONE', ( #1487, #3800, #1363, #398 ) ) ;
#2457 = EDGE_CURVE ( 'NONE', #2407, #4339, #399, .T. ) ;
#2458 = CARTESIAN_POINT ( 'NONE',  ( -1.997642212752643198, 45.02218919214115544, 124.9999999999992752 ) ) ;
#2459 = CARTESIAN_POINT ( 'NONE',  ( 2.276932075929328558, 39.32111986768023115, 100.5927092789424933 ) ) ;
#2460 = CARTESIAN_POINT ( 'NONE',  ( 45.70542344736741569, 27.77482535180642031, 125.0000000000000000 ) ) ;
#2461 = CARTESIAN_POINT ( 'NONE',  ( -2.856219491863008830, -8.493023692875212305, -59.56494007984454697 ) ) ;
#2462 = CARTESIAN_POINT ( 'NONE',  ( 1.153611605577076649, 47.71663046453083723, 204.9482023332519987 ) ) ;
#2463 = CARTESIAN_POINT ( 'NONE',  ( -5.345899122333777953, 42.39602822098549240, 146.4128933204167708 ) ) ;
#2464 = CARTESIAN_POINT ( 'NONE',  ( 10.02488928357590936, 1.340599469649716324, 507.8357256156867834 ) ) ;
#2465 = CLOSED_SHELL ( 'NONE', ( #1928, #6682, #1747, #3812, #2601, #2300, #3119, #5103, #2018, #6470, #6795, #5701 ) ) ;
#2466 = VERTEX_POINT ( 'NONE', #7259 ) ;
#2467 = CARTESIAN_POINT ( 'NONE',  ( 5.805248787178988401, 43.40826622774299182, 216.3391464015139718 ) ) ;
#2468 = CARTESIAN_POINT ( 'NONE',  ( 45.03468118507839790, 25.64546148899671962, 106.8020885483503690 ) ) ;
#2469 = CARTESIAN_POINT ( 'NONE',  ( 0.3361063394173708918, 41.29893814644354677, 117.1680293828936925 ) ) ;
#2470 = CARTESIAN_POINT ( 'NONE',  ( 0.000000000000000000, 47.07228892232936346, 200.1826763077941393 ) ) ;
#2471 = CARTESIAN_POINT ( 'NONE',  ( 3.911032522146973278E-09, 60.00000000000000711, 35.04931211369478916 ) ) ;
#2472 = CARTESIAN_POINT ( 'NONE',  ( -35.63775367740515776, 35.86565672634603885, 218.6105184990339012 ) ) ;
#2473 = CARTESIAN_POINT ( 'NONE',  ( -0.6161072361437418543, 47.71231197339022856, 180.5334442090090192 ) ) ;
#2474 = B_SPLINE_CURVE_WITH_KNOTS ( 'NONE', 3,
 ( #3482, #5707, #1793, #4613 ),
 .UNSPECIFIED., .F., .F.,
 ( 4, 4 ),
 ( 0.008972175255198890434, 0.01786020513459192841 ),
 .UNSPECIFIED. ) ;
#2475 = ORIENTED_EDGE ( 'NONE', *, *, #250, .F. ) ;
#2476 = CARTESIAN_POINT ( 'NONE',  ( 40.43642221676246606, 33.89010284668968609, 204.9629338379732815 ) ) ;
#2477 = CARTESIAN_POINT ( 'NONE',  ( -0.4404731527625772025, 41.31168971988436311, 117.1687571484305153 ) ) ;
#2478 = CARTESIAN_POINT ( 'NONE',  ( -54.82390645621840264, 12.55502082587985413, 233.5480463257898407 ) ) ;
#2479 = CARTESIAN_POINT ( 'NONE',  ( -11.33592517931677079, 32.33116943884691352, 62.85438411362144251 ) ) ;
#2480 = CARTESIAN_POINT ( 'NONE',  ( 59.30832987030501613, -6.507826170023203183, 431.3161633550269016 ) ) ;
#2481 = CARTESIAN_POINT ( 'NONE',  ( 2.188606651473533393, -7.176475229997554273, 550.0807433445178276 ) ) ;
#2482 = CARTESIAN_POINT ( 'NONE',  ( -46.10151714354715580, 30.94031307949446230, 197.2760457809581851 ) ) ;
#2483 = CARTESIAN_POINT ( 'NONE',  ( 0.000000000000000000, 23.07731326548116613, 429.8900929289059150 ) ) ;
#2484 = CARTESIAN_POINT ( 'NONE',  ( -1.143171021349969951, 46.95842436747995663, 200.0809535884992556 ) ) ;
#2485 = EDGE_CURVE ( 'NONE', #1634, #2163, #6155, .T. ) ;
#2486 = AXIS2_PLACEMENT_3D ( 'NONE', #5496, #360, #961 ) ;
#2487 = CARTESIAN_POINT ( 'NONE',  ( 7.570441669380034710E-14, 44.16555015067614676, 200.1826763077939120 ) ) ;
#2488 = CARTESIAN_POINT ( 'NONE',  ( 0.5000000000002202682, 44.12162845365831743, 200.1826763077941393 ) ) ;
#2489 = CARTESIAN_POINT ( 'NONE',  ( -20.17139360919743041, 35.76713444525766050, 102.7527929200944072 ) ) ;
#2490 = CARTESIAN_POINT ( 'NONE',  ( 1.713508947173772556, 44.39393462227350540, 275.9439818675760421 ) ) ;
#2491 = CARTESIAN_POINT ( 'NONE',  ( 7.500000000000000000, 24.89192133595483725, 23.34162837863042839 ) ) ;
#2492 = CARTESIAN_POINT ( 'NONE',  ( 3.268646977093212946, 11.48290530004461019, -28.67737780092130606 ) ) ;
#2493 = EDGE_LOOP ( 'NONE', ( #1727, #7102, #5253, #5092 ) ) ;
#2494 = CARTESIAN_POINT ( 'NONE',  ( 0.3125278984446870911, 37.98707482542086211, 85.17051495043551768 ) ) ;
#2495 = CARTESIAN_POINT ( 'NONE',  ( -25.82676969938875899, 28.08943016872629528, 44.17302050310121331 ) ) ;
#2496 = ORIENTED_EDGE ( 'NONE', *, *, #6625, .F. ) ;
#2497 = EDGE_CURVE ( 'NONE', #1269, #1324, #2446, .T. ) ;
#2498 = CARTESIAN_POINT ( 'NONE',  ( -0.04183434730571882615, 41.62818122807277632, 121.0582922290973471 ) ) ;
#2499 = CARTESIAN_POINT ( 'NONE',  ( -1.716180434745790961, 46.89473657942100004, 199.7757596207576398 ) ) ;
#2500 = CARTESIAN_POINT ( 'NONE',  ( 23.77370046391397551, 35.93504079155379571, 114.5239029326578759 ) ) ;
#2501 = CARTESIAN_POINT ( 'NONE',  ( 3.039553211331738947, 47.25332568437485037, 182.8490286493912436 ) ) ;
#2502 = CARTESIAN_POINT ( 'NONE',  ( 150.0000000000000568, 3.860833271709796399, 212.5989338358691612 ) ) ;
#2503 = CARTESIAN_POINT ( 'NONE',  ( 1.083397896708238717, 47.10800371953739329, 228.9848588130912788 ) ) ;
#2504 = CARTESIAN_POINT ( 'NONE',  ( -17.78275440742168456, 40.42383555959704466, 153.8093517640725452 ) ) ;
#2505 = CARTESIAN_POINT ( 'NONE',  ( 9.631319324692816153, -9.937326209155806112, 546.2879777790365097 ) ) ;
#2506 = AXIS2_PLACEMENT_3D ( 'NONE', #6749, #1010, #6226 ) ;
#2507 = ORIENTED_EDGE ( 'NONE', *, *, #1422, .T. ) ;
#2508 = CARTESIAN_POINT ( 'NONE',  ( 41.94400418282387477, 27.65850038481872630, 107.9540810015019900 ) ) ;
#2509 = CARTESIAN_POINT ( 'NONE',  ( -5.685180625093376072, 41.15139312545293393, 127.3018839425812985 ) ) ;
#2510 = LINE ( 'NONE', #4794, #6105 ) ;
#2511 = CARTESIAN_POINT ( 'NONE',  ( -7.500000000001194600, 27.76096687752760772, 35.65990972620964783 ) ) ;
#2512 = CARTESIAN_POINT ( 'NONE',  ( -42.30712958381108280, 32.22739020059424320, 237.8534248231299557 ) ) ;
#2513 = CARTESIAN_POINT ( 'NONE',  ( 6.814411576723173880, 46.50797352682411656, 230.8815100217026668 ) ) ;
#2514 = ORIENTED_EDGE ( 'NONE', *, *, #259, .T. ) ;
#2515 = CARTESIAN_POINT ( 'NONE',  ( 5.413494908692787710, 43.36348982944315367, 170.0860868003970836 ) ) ;
#2516 = CARTESIAN_POINT ( 'NONE',  ( 35.77068292423984275, 33.69439533187511415, 138.7343132386160676 ) ) ;
#2517 = CARTESIAN_POINT ( 'NONE',  ( -55.92567994943940590, 5.748511191116895347, 218.7264803032683460 ) ) ;
#2518 = CARTESIAN_POINT ( 'NONE',  ( 0.3873342585244272107, 30.59436142776993961, 41.35953172044495574 ) ) ;
#2519 = CARTESIAN_POINT ( 'NONE',  ( -1.851029384663303246, 47.37148214598920504, 181.7019430224762857 ) ) ;
#2520 = CARTESIAN_POINT ( 'NONE',  ( -150.0000000000005116, -2.468752498710066856, 425.1262764251987392 ) ) ;
#2521 = CARTESIAN_POINT ( 'NONE',  ( -7.500000000000000000, 26.89192133595479817, 23.34162837863043549 ) ) ;
#2522 = CARTESIAN_POINT ( 'NONE',  ( -50.11171787444065728, 9.594334424904452874, 362.2731057270540305 ) ) ;
#2523 = CARTESIAN_POINT ( 'NONE',  ( -2.105696642823686293, 47.39403094281243511, 199.3823170244637595 ) ) ;
#2524 = CARTESIAN_POINT ( 'NONE',  ( -2.004187395704750241, 43.93599791023272871, 181.8581253599094509 ) ) ;
#2525 = B_SPLINE_SURFACE_WITH_KNOTS ( 'NONE', 3, 1, ( 
 ( #4226, #1340 ),
 ( #5361, #220 ),
 ( #1381, #295 ),
 ( #893, #5961 ) ),
 .UNSPECIFIED., .F., .F., .F.,
 ( 4, 4 ),
 ( 2, 2 ),
 ( 0.000000000000000000, 0.4882588207349531917 ),
 ( 0.000000000000000000, 1.000000000000000000 ),
 .UNSPECIFIED. ) ;
#2526 = CARTESIAN_POINT ( 'NONE',  ( 39.31886970754676014, 26.23318395493974720, 66.82306463926599349 ) ) ;
#2527 = ADVANCED_FACE ( 'NONE', ( #1243 ), #2970, .F. ) ;
#2528 = CARTESIAN_POINT ( 'NONE',  ( 0.3162370964004549978, 36.46003348842872072, 74.92588911153079323 ) ) ;
#2529 = CARTESIAN_POINT ( 'NONE',  ( 1.649437573462356754, 41.01991156795418902, 312.8522970477960143 ) ) ;
#2530 = DIRECTION ( 'NONE',  ( -0.000000000000000000, -0.2193763502603198745, -0.9756403112553628798 ) ) ;
#2531 = CARTESIAN_POINT ( 'NONE',  ( 12.42468602756070162, 0.8701743984461717263, -41.28002289990918428 ) ) ;
#2532 = ORIENTED_EDGE ( 'NONE', *, *, #3665, .F. ) ;
#2533 = CARTESIAN_POINT ( 'NONE',  ( 0.4969849364441732975, 38.01030055733622248, 85.17825213299650500 ) ) ;
#2534 = CARTESIAN_POINT ( 'NONE',  ( -2.458911498200082146, 45.48680964656614378, 130.5876176261108412 ) ) ;
#2535 = CARTESIAN_POINT ( 'NONE',  ( -0.4373746092992389367, 40.54916098322640039, 109.1023911702102396 ) ) ;
#2536 = CARTESIAN_POINT ( 'NONE',  ( -9.898724015375313101, 43.69489610796664891, 125.0000000000000853 ) ) ;
#2537 = CARTESIAN_POINT ( 'NONE',  ( 6.250015741725272633, 39.70141614571440414, 110.6786661757893881 ) ) ;
#2538 = DIRECTION ( 'NONE',  ( 1.000000000000000000, 0.000000000000000000, -0.000000000000000000 ) ) ;
#2539 = EDGE_CURVE ( 'NONE', #6100, #4448, #1672, .T. ) ;
#2540 = CARTESIAN_POINT ( 'NONE',  ( 28.53909880752624773, -10.68040278824253164, -41.02084576645206937 ) ) ;
#2541 = CARTESIAN_POINT ( 'NONE',  ( 0.000000000000000000, 36.01456435933089750, 354.5116695689063704 ) ) ;
#2542 = CARTESIAN_POINT ( 'NONE',  ( 0.4857391078203917023, 42.51638375514161083, 132.9781156919981981 ) ) ;
#2543 = CARTESIAN_POINT ( 'NONE',  ( -150.0000000000000284, -1.592874936842195055, 207.1259537470125736 ) ) ;
#2544 = CARTESIAN_POINT ( 'NONE',  ( 46.59326402104800025, 26.86152404644387559, 126.5123057765958094 ) ) ;
#2545 = ORIENTED_EDGE ( 'NONE', *, *, #389, .F. ) ;
#2546 = CARTESIAN_POINT ( 'NONE',  ( -0.5435609536137723241, 47.52713440472693662, 200.6867358902516685 ) ) ;
#2547 = CARTESIAN_POINT ( 'NONE',  ( 39.76200871622281596, 27.07629324051087139, 95.40202819759872455 ) ) ;
#2548 = CARTESIAN_POINT ( 'NONE',  ( -39.90848351209334055, 32.85777721455177414, 154.5999966387239795 ) ) ;
#2549 =( LENGTH_UNIT ( ) NAMED_UNIT ( * ) SI_UNIT ( .MILLI., .METRE. ) );
#2550 = LINE ( 'NONE', #3630, #35 ) ;
#2551 = CARTESIAN_POINT ( 'NONE',  ( 0.001371010886426039322, 44.26569590556983513, 191.7633965826353233 ) ) ;
#2552 = CARTESIAN_POINT ( 'NONE',  ( -1.412905495387613675, 40.21919022833552049, 320.0005269926185747 ) ) ;
#2553 = ORIENTED_EDGE ( 'NONE', *, *, #3371, .T. ) ;
#2554 = CARTESIAN_POINT ( 'NONE',  ( 4.643584598775355232, 43.45942452636461439, 169.7540218733435893 ) ) ;
#2555 = CARTESIAN_POINT ( 'NONE',  ( 5.477036325075313350, 40.55825203921273925, 118.7684480631025963 ) ) ;
#2556 = CARTESIAN_POINT ( 'NONE',  ( 0.7020998398433726528, 45.86371172239648786, 130.5683831685448695 ) ) ;
#2557 = CARTESIAN_POINT ( 'NONE',  ( -11.68299291811027807, 29.11737279679385892, 46.41367793389855478 ) ) ;
#2558 = CARTESIAN_POINT ( 'NONE',  ( 0.5000000000002202682, 50.00000000000000000, 200.1826763077941393 ) ) ;
#2559 = CARTESIAN_POINT ( 'NONE',  ( 0.000000000000000000, -7.286313120370254026, 550.2112436993119218 ) ) ;
#2560 = CARTESIAN_POINT ( 'NONE',  ( -0.1316252521324946523, 47.03482588083306837, 181.1826763077938836 ) ) ;
#2561 = CARTESIAN_POINT ( 'NONE',  ( 1.287102454013295816, 13.83400975319627690, 472.5008445009838169 ) ) ;
#2562 = CARTESIAN_POINT ( 'NONE',  ( -1.847289916272759625, 47.41664062570101379, 199.6667629289238732 ) ) ;
#2563 = CARTESIAN_POINT ( 'NONE',  ( 2.553569696294397229, 41.75449789290553326, 153.4838691362627117 ) ) ;
#2564 = CARTESIAN_POINT ( 'NONE',  ( -4.498150581683334259, 37.07836915308332948, 84.43955079146424225 ) ) ;
#2565 = B_SPLINE_CURVE_WITH_KNOTS ( 'NONE', 3,
 ( #2646, #2197, #6179, #3765, #5051, #7217, #997, #3283, #1035, #5615, #5574, #438, #2725, #2083 ),
 .UNSPECIFIED., .F., .F.,
 ( 4, 2, 2, 2, 2, 2, 4 ),
 ( 1.301042606982605321E-18, 0.0007901671964043686111, 0.001580334392808735921, 0.001975417991010891116, 0.002370501589213046528, 0.002765585187415201505, 0.003160668785617356917 ),
 .UNSPECIFIED. ) ;
#2566 = CARTESIAN_POINT ( 'NONE',  ( 13.31731313304985065, 38.32335583300963577, 331.1613580124958389 ) ) ;
#2567 = CARTESIAN_POINT ( 'NONE',  ( 7.941359141078145889, 44.05614198774132007, 125.0000000000001705 ) ) ;
#2568 = CARTESIAN_POINT ( 'NONE',  ( 56.19787954467784630, 2.127072668286307255, 212.5857681456718353 ) ) ;
#2569 = VERTEX_POINT ( 'NONE', #5264 ) ;
#2570 = CARTESIAN_POINT ( 'NONE',  ( -2.341918197891939890, 35.87779294962989951, 73.55917551697196188 ) ) ;
#2571 = CARTESIAN_POINT ( 'NONE',  ( -2.613339197210340359, 43.38578146962264270, 105.1797038346670092 ) ) ;
#2572 = ORIENTED_EDGE ( 'NONE', *, *, #4877, .T. ) ;
#2573 = CARTESIAN_POINT ( 'NONE',  ( 1.234120848550538829, 40.34143998855979873, 109.2206040573750698 ) ) ;
#2574 = B_SPLINE_CURVE_WITH_KNOTS ( 'NONE', 3,
 ( #2887, #5180, #37, #5215 ),
 .UNSPECIFIED., .F., .F.,
 ( 4, 4 ),
 ( 0.000000000000000000, 0.0005940476068762842515 ),
 .UNSPECIFIED. ) ;
#2575 = CARTESIAN_POINT ( 'NONE',  ( 5.217758224390116162, 29.57032132978341821, 35.25337274188770920 ) ) ;
#2576 = CARTESIAN_POINT ( 'NONE',  ( -0.5000000000002385869, 50.00000000000000000, 183.1826763077941109 ) ) ;
#2577 = CARTESIAN_POINT ( 'NONE',  ( 27.93320105887194060, 9.482709585563030785, -10.56185500302712477 ) ) ;
#2578 = CARTESIAN_POINT ( 'NONE',  ( -13.42993013484968756, 41.72605030748574251, 299.6411483311551933 ) ) ;
#2579 = CARTESIAN_POINT ( 'NONE',  ( -6.166754817294400226, 42.28755895862596503, 146.7947961904428666 ) ) ;
#2580 = CARTESIAN_POINT ( 'NONE',  ( 59.89900058819404194, -9.567402936609459729, 443.5936951987583257 ) ) ;
#2581 = CARTESIAN_POINT ( 'NONE',  ( 17.66706870089759818, 35.44223136805187124, 94.25765464761428802 ) ) ;
#2582 = ORIENTED_EDGE ( 'NONE', *, *, #6926, .T. ) ;
#2583 = FILL_AREA_STYLE ('',( #2017 ) ) ;
#2584 = CARTESIAN_POINT ( 'NONE',  ( 43.64211161700513486, 28.07473286542069246, 120.4270207040150069 ) ) ;
#2585 = CARTESIAN_POINT ( 'NONE',  ( -0.8631161638035902417, 41.15140934542638007, 117.2461218370078626 ) ) ;
#2586 = CARTESIAN_POINT ( 'NONE',  ( 19.57372214606867900, 60.00000000000000711, 184.4493121098462041 ) ) ;
#2587 = LINE ( 'NONE', #4874, #4221 ) ;
#2588 = CARTESIAN_POINT ( 'NONE',  ( -5.453604015568540575, 43.69183816684633825, 193.3803023626517188 ) ) ;
#2589 = CARTESIAN_POINT ( 'NONE',  ( -1.423592574024759250, 42.54900955428178833, 298.0807919074272831 ) ) ;
#2590 = VERTEX_POINT ( 'NONE', #120 ) ;
#2591 = CARTESIAN_POINT ( 'NONE',  ( 28.80849000741199362, 38.57239491257719521, 187.5315588867016459 ) ) ;
#2592 = CARTESIAN_POINT ( 'NONE',  ( 37.64945769329641223, 33.68735818010821959, 150.1756373068114669 ) ) ;
#2593 = CARTESIAN_POINT ( 'NONE',  ( -2.883333089012468431, 37.06396331801435196, 58.55160058116674549 ) ) ;
#2594 = CARTESIAN_POINT ( 'NONE',  ( -34.69535009772472023, 25.46496067913149020, 69.59742302265071601 ) ) ;
#2595 = CARTESIAN_POINT ( 'NONE',  ( -2.438386666759951193, 47.31887474758120504, 182.6740102932076866 ) ) ;
#2596 = VECTOR ( 'NONE', #4045, 1000.000000000000000 ) ;
#2597 = CARTESIAN_POINT ( 'NONE',  ( -9.631319324692816153, -9.937326209155806112, 546.2879777790365097 ) ) ;
#2598 = CARTESIAN_POINT ( 'NONE',  ( -5.551620045011602222, 139.2235650228607540, 153.4838691362629106 ) ) ;
#2599 = CARTESIAN_POINT ( 'NONE',  ( 1.996956094114173741, 10.46350476607578983, 486.5475114404366082 ) ) ;
#2600 = CARTESIAN_POINT ( 'NONE',  ( 0.5000000000002385869, 46.99765288993000212, 180.6826763077941109 ) ) ;
#2601 = ADVANCED_FACE ( 'NONE', ( #3009 ), #1878, .F. ) ;
#2602 = LINE ( 'NONE', #2036, #607 ) ;
#2603 = DIRECTION ( 'NONE',  ( 1.000000000000000000, 0.000000000000000000, -2.312964634635740985E-16 ) ) ;
#2604 = CARTESIAN_POINT ( 'NONE',  ( -0.06947617659290006298, 37.64284220856812624, 83.35757504038443244 ) ) ;
#2605 = CARTESIAN_POINT ( 'NONE',  ( 5.833484303085390010, 38.83323711334092820, 331.6529499013212217 ) ) ;
#2606 = CARTESIAN_POINT ( 'NONE',  ( -7.500000000000000000, 29.65611229232975887, 44.34370561850344927 ) ) ;
#2607 = CARTESIAN_POINT ( 'NONE',  ( 28.42755645119725472, -3.288475361452404488, -32.29124967184177564 ) ) ;
#2608 = ORIENTED_EDGE ( 'NONE', *, *, #7135, .F. ) ;
#2609 = CARTESIAN_POINT ( 'NONE',  ( -1.990276074304296898E-05, 47.55026237919565091, 180.6771451126768113 ) ) ;
#2610 = CARTESIAN_POINT ( 'NONE',  ( -26.35674988608645464, 25.04923993672376170, 32.44508452609948534 ) ) ;
#2611 = VERTEX_POINT ( 'NONE', #2076 ) ;
#2612 = CARTESIAN_POINT ( 'NONE',  ( 43.36991288863799809, 30.97661304942816329, 154.3363817336527291 ) ) ;
#2613 = CARTESIAN_POINT ( 'NONE',  ( 0.1812031719468743252, 47.55862776088041244, 200.6868744269938247 ) ) ;
#2614 = CARTESIAN_POINT ( 'NONE',  ( 2.796376176599653984, 41.52722748732850278, 126.1218879009743148 ) ) ;
#2615 = CARTESIAN_POINT ( 'NONE',  ( -0.9247670608693169259, 16.13791471914375109, -18.92185757000694935 ) ) ;
#2616 = CARTESIAN_POINT ( 'NONE',  ( 0.9419369969250757091, 40.21919929812739269, 320.0004459445724478 ) ) ;
#2617 = CARTESIAN_POINT ( 'NONE',  ( 0.03399857855797771417, 40.49929929283600671, 109.1026025102052870 ) ) ;
#2618 = CARTESIAN_POINT ( 'NONE',  ( -5.090329199819443318E-14, 42.78618194654261941, 139.3176306284366603 ) ) ;
#2619 = CARTESIAN_POINT ( 'NONE',  ( 42.71394202552421149, 29.54173185819369962, 128.3515292968499750 ) ) ;
#2620 = EDGE_LOOP ( 'NONE', ( #358, #840, #4579, #4053 ) ) ;
#2621 = CARTESIAN_POINT ( 'NONE',  ( 32.75468723901042978, 40.80899212144334598, 210.7995202866401030 ) ) ;
#2622 = CARTESIAN_POINT ( 'NONE',  ( -0.006312158042402152974, 36.42111164410565749, 74.91874115929186928 ) ) ;
#2623 = CARTESIAN_POINT ( 'NONE',  ( 0.2948327824451602575, 41.29389203859712865, 117.1679785117012216 ) ) ;
#2624 = CARTESIAN_POINT ( 'NONE',  ( -1.767249541151372227E-14, 44.13878361861858224, 181.1826763077941678 ) ) ;
#2625 = ADVANCED_FACE ( 'NONE', ( #235 ), #5337, .T. ) ;
#2626 = CARTESIAN_POINT ( 'NONE',  ( -7.567274113508202227, 42.04742330035978171, 146.5466431844965598 ) ) ;
#2627 = CARTESIAN_POINT ( 'NONE',  ( 0.2400045504308360722, 44.28781230612835174, 191.7378275680284787 ) ) ;
#2628 = CARTESIAN_POINT ( 'NONE',  ( 1.713508947173772556, 44.39393462227350540, 275.9439818675760421 ) ) ;
#2629 = AXIS2_PLACEMENT_3D ( 'NONE', #6260, #6790, #6293 ) ;
#2630 = CARTESIAN_POINT ( 'NONE',  ( 26.24847858743860485, 39.12921515575430220, 172.8167176147837267 ) ) ;
#2631 = CARTESIAN_POINT ( 'NONE',  ( -0.2695448450436455090, 30.58010587200591957, 41.35141756002652613 ) ) ;
#2632 = CARTESIAN_POINT ( 'NONE',  ( -2.764266699687509821, 40.40007119318590156, 79.70911587689846556 ) ) ;
#2633 = CARTESIAN_POINT ( 'NONE',  ( -1.446648150850533998, 30.37446012965672537, 41.43997489328997119 ) ) ;
#2634 = CARTESIAN_POINT ( 'NONE',  ( -0.5505272624624207856, 47.49506067536788123, 180.6769762434213362 ) ) ;
#2635 = CARTESIAN_POINT ( 'NONE',  ( 0.5000000000002154943, 47.02905211924537809, 200.1826763077942246 ) ) ;
#2636 = CARTESIAN_POINT ( 'NONE',  ( 5.551620045011594229, 43.33533603407732215, 170.9097156677387090 ) ) ;
#2637 = CARTESIAN_POINT ( 'NONE',  ( -6.953941588068372148, 6.120562770953910992, 500.2070897956710951 ) ) ;
#2638 = CARTESIAN_POINT ( 'NONE',  ( 0.000000000000000000, 45.26229104882621357, 124.9999962631073203 ) ) ;
#2639 = CARTESIAN_POINT ( 'NONE',  ( 0.000000000000000000, 31.66640068115475515, 47.16354981049583728 ) ) ;
#2640 = CARTESIAN_POINT ( 'NONE',  ( 2.857415808226826837, -9.927841435840775830, -61.03830314543180435 ) ) ;
#2641 = CARTESIAN_POINT ( 'NONE',  ( -0.4207727504784665729, 37.59859554957643724, 83.36945276784909709 ) ) ;
#2642 = CARTESIAN_POINT ( 'NONE',  ( -1.436093927849406482, 36.00353229043267334, 354.6852225388742568 ) ) ;
#2643 = CARTESIAN_POINT ( 'NONE',  ( 45.70542344736916363, 31.24632232633141271, 125.0000000000213163 ) ) ;
#2644 = CARTESIAN_POINT ( 'NONE',  ( 75.08352271041381698, 23.83992530242385399, 133.1794009662679912 ) ) ;
#2645 = ORIENTED_EDGE ( 'NONE', *, *, #1975, .T. ) ;
#2646 = CARTESIAN_POINT ( 'NONE',  ( -0.5000000000002385869, 46.99765288992999501, 181.1826763077941109 ) ) ;
#2647 = CARTESIAN_POINT ( 'NONE',  ( 2.469858351745394476, 37.72654402396099016, 58.86823661618673498 ) ) ;
#2648 = ORIENTED_EDGE ( 'NONE', *, *, #3961, .T. ) ;
#2649 = CARTESIAN_POINT ( 'NONE',  ( -0.3213500728936268813, 40.53483728829938570, 109.1004106568092311 ) ) ;
#2650 = AXIS2_PLACEMENT_3D ( 'NONE', #6937, #5392, #2402 ) ;
#2651 = CARTESIAN_POINT ( 'NONE',  ( 0.000000000000000000, 47.37928842645280980, 213.8493121484527819 ) ) ;
#2652 = CARTESIAN_POINT ( 'NONE',  ( 2.500000000000247358, 47.36225120175033254, 198.1847771104763467 ) ) ;
#2653 = CARTESIAN_POINT ( 'NONE',  ( -2.737942552675891594, 20.88679572981984478, -7.018861411523644733 ) ) ;
#2654 = CARTESIAN_POINT ( 'NONE',  ( -13.31731313304985065, 39.58377582248513704, 320.0000000000000568 ) ) ;
#2655 = CARTESIAN_POINT ( 'NONE',  ( -32.61409990974159001, 35.54619574711463059, 146.0458956446718162 ) ) ;
#2656 = CARTESIAN_POINT ( 'NONE',  ( 2.560296908970711272, -8.941921420989110914, 555.3173611246556902 ) ) ;
#2657 = CARTESIAN_POINT ( 'NONE',  ( -0.1437046323770983236, 39.38516836332706816, 97.14578277336684664 ) ) ;
#2658 = ORIENTED_EDGE ( 'NONE', *, *, #5585, .T. ) ;
#2659 = DIRECTION ( 'NONE',  ( -5.602867245962735462E-30, -1.000000000000000000, -1.644517855226013126E-15 ) ) ;
#2660 = CARTESIAN_POINT ( 'NONE',  ( -31.35948116328605195, 34.39338232250383953, 124.9999999999999289 ) ) ;
#2661 = CARTESIAN_POINT ( 'NONE',  ( 0.5969289149122034566, 37.57638918591377575, 83.38402415869715867 ) ) ;
#2662 = CARTESIAN_POINT ( 'NONE',  ( -0.04166907232893454077, 40.50411238629580168, 108.7257617192939563 ) ) ;
#2663 = CARTESIAN_POINT ( 'NONE',  ( -7.887985808387612430, 43.30181048341977856, 206.4838691362627401 ) ) ;
#2664 = CARTESIAN_POINT ( 'NONE',  ( -1.080201751893582474, 43.87165775823631009, 168.6178182762502615 ) ) ;
#2665 = CARTESIAN_POINT ( 'NONE',  ( 0.000000000000000000, 40.21921743771114421, 320.0002838484802510 ) ) ;
#2666 = EDGE_CURVE ( 'NONE', #5347, #912, #5340, .T. ) ;
#2667 = CARTESIAN_POINT ( 'NONE',  ( 5.096560976043108759, 43.73345141252399770, 193.2348178247877684 ) ) ;
#2668 = B_SPLINE_CURVE_WITH_KNOTS ( 'NONE', 3,
 ( #6510, #1368, #3655, #5946, #805, #3094, #727, #7147, #5386, #5312, #5872, #2536, #4819, #7107, #2458, #1968 ),
 .UNSPECIFIED., .F., .F.,
 ( 4, 2, 2, 2, 2, 2, 2, 4 ),
 ( 0.01495996120086153305, 0.02702673031434420919, 0.03004342259271488083, 0.03306011487108553859, 0.03909349942782686105, 0.05116026854130949209, 0.05719365309805081454, 0.06322703765479212312 ),
 .UNSPECIFIED. ) ;
#2669 = CARTESIAN_POINT ( 'NONE',  ( 0.1442357310800599091, 30.53005841782699292, 41.33793287503479519 ) ) ;
#2670 = CARTESIAN_POINT ( 'NONE',  ( -7.182069076493386106, -7.765377059782173852, 549.2849336186909568 ) ) ;
#2671 = CARTESIAN_POINT ( 'NONE',  ( 0.000000000000000000, 45.42467758357628327, 127.2167025676835550 ) ) ;
#2672 = CARTESIAN_POINT ( 'NONE',  ( -6.682736679227825327, 31.34775051173145499, 51.84646899379738727 ) ) ;
#2673 = PLANE ( 'NONE',  #3574 ) ;
#2674 = CARTESIAN_POINT ( 'NONE',  ( -5.551620045011596893, 43.57766651869921049, 205.7838691362627515 ) ) ;
#2675 = CARTESIAN_POINT ( 'NONE',  ( 40.88363735197644644, 23.68226376541981892, 78.43505280436835392 ) ) ;
#2676 = CARTESIAN_POINT ( 'NONE',  ( -39.78304498940373435, 37.85628036541159247, 205.8236513920150514 ) ) ;
#2677 = CARTESIAN_POINT ( 'NONE',  ( -44.93164822138437131, 26.76982212331941113, 115.6476885014003670 ) ) ;
#2678 = AXIS2_PLACEMENT_3D ( 'NONE', #1610, #6194, #1051 ) ;
#2679 = CARTESIAN_POINT ( 'NONE',  ( 9.109856752674390989, 40.41758515073056657, 124.5158652008493334 ) ) ;
#2680 = FACE_OUTER_BOUND ( 'NONE', #409, .T. ) ;
#2681 = CARTESIAN_POINT ( 'NONE',  ( -6.614987667163921614, 36.79762351816037835, 85.46962711954425629 ) ) ;
#2682 = CARTESIAN_POINT ( 'NONE',  ( -0.9419369969250757091, 40.21919929812739269, 320.0004459445724478 ) ) ;
#2683 = CARTESIAN_POINT ( 'NONE',  ( 3.986532803903931388, 44.72258978201395507, 125.0000000000001990 ) ) ;
#2684 = CARTESIAN_POINT ( 'NONE',  ( -1.825295035117260989, 20.79892886237578864, -7.076416356319450429 ) ) ;
#2685 = ORIENTED_EDGE ( 'NONE', *, *, #2257, .T. ) ;
#2686 = CARTESIAN_POINT ( 'NONE',  ( -3.976311467590587512E-14, 43.74035636939279215, 160.0455565163718745 ) ) ;
#2687 = CARTESIAN_POINT ( 'NONE',  ( 0.9490617160165060184, 42.54358218907552924, 298.1207295063137508 ) ) ;
#2688 = ORIENTED_EDGE ( 'NONE', *, *, #6290, .F. ) ;
#2689 = DIRECTION ( 'NONE',  ( -0.0001000150855714512891, 0.000000000000000000, -0.9999999949984912373 ) ) ;
#2690 = AXIS2_PLACEMENT_3D ( 'NONE', #1890, #2538, #5314 ) ;
#2691 = CARTESIAN_POINT ( 'NONE',  ( 45.31861514988729311, 30.99953728872851144, 120.3248029055442885 ) ) ;
#2692 = CARTESIAN_POINT ( 'NONE',  ( 2.499999999853554922, 47.38350576989682139, 193.1710762789983846 ) ) ;
#2693 = CARTESIAN_POINT ( 'NONE',  ( 55.14185912003974011, 11.14502422987850849, 230.0543043816361433 ) ) ;
#2694 = CARTESIAN_POINT ( 'NONE',  ( 0.000000000000000000, 32.02960972858872424, 380.5868600663628740 ) ) ;
#2695 = CARTESIAN_POINT ( 'NONE',  ( -0.2957223981645030753, 41.58691883938045208, 121.0759573295708549 ) ) ;
#2696 = CARTESIAN_POINT ( 'NONE',  ( -28.52649240996227320, -9.360615050134562409, -39.65852415072266979 ) ) ;
#2697 = EDGE_CURVE ( 'NONE', #4122, #4451, #5429, .T. ) ;
#2698 = CARTESIAN_POINT ( 'NONE',  ( -0.02616276878222854874, 39.37041735241045615, 97.14691279131115209 ) ) ;
#2699 = ORIENTED_EDGE ( 'NONE', *, *, #2666, .T. ) ;
#2700 = CARTESIAN_POINT ( 'NONE',  ( -3.050045093430841625, 47.30691962833786590, 198.1845668407433152 ) ) ;
#2701 = DIRECTION ( 'NONE',  ( -0.000000000000000000, -1.000000000000000000, -3.469446951953683214E-15 ) ) ;
#2702 = CARTESIAN_POINT ( 'NONE',  ( 7.086131518807544438, 35.51158269796662381, 77.28067003666984647 ) ) ;
#2703 = CARTESIAN_POINT ( 'NONE',  ( 0.3331941495892581928, 39.64940918274894699, 100.2691208662670874 ) ) ;
#2704 = CARTESIAN_POINT ( 'NONE',  ( -48.27281281763961829, 28.74945153182754254, 164.0477519492599754 ) ) ;
#2705 = PLANE ( 'NONE',  #1949 ) ;
#2706 = CARTESIAN_POINT ( 'NONE',  ( -4.884950716523691838, 43.59338887819572506, 181.5036027545091031 ) ) ;
#2707 = CARTESIAN_POINT ( 'NONE',  ( 42.82036082025610568, 34.45865616707600765, 314.7613887647807474 ) ) ;
#2708 = CARTESIAN_POINT ( 'NONE',  ( 1.796119706074160272, 44.09135173415040754, 192.1050139568193913 ) ) ;
#2709 = CARTESIAN_POINT ( 'NONE',  ( 17.34793172577926867, 26.57519740005270492, 42.38710918664957461 ) ) ;
#2710 = CARTESIAN_POINT ( 'NONE',  ( -59.97261899444817601, -10.31809425623221443, 446.5905760905740181 ) ) ;
#2711 = DIRECTION ( 'NONE',  ( 0.000000000000000000, -1.000000000000000000, 0.000000000000000000 ) ) ;
#2712 = CARTESIAN_POINT ( 'NONE',  ( -1.500830232389108065, 26.47381961852577703, 24.91705300702749426 ) ) ;
#2713 = DIRECTION ( 'NONE',  ( -1.000000000000000000, 0.000000000000000000, 0.000000000000000000 ) ) ;
#2714 = CARTESIAN_POINT ( 'NONE',  ( 0.8057734766949165017, 47.50822812780259596, 200.1638925082336584 ) ) ;
#2715 = CARTESIAN_POINT ( 'NONE',  ( 2.486951388386927864, 46.75648160312336188, 182.9197861133173433 ) ) ;
#2716 = CARTESIAN_POINT ( 'NONE',  ( -0.000000000000000000, 37.06336176769279689, 57.36048607847832415 ) ) ;
#2717 = CARTESIAN_POINT ( 'NONE',  ( 7.567274113508202227, 42.04742330035978171, 146.5466431844965598 ) ) ;
#2718 = CARTESIAN_POINT ( 'NONE',  ( 35.32958196519214766, 35.39941203287264671, 161.6033608619196684 ) ) ;
#2719 = CARTESIAN_POINT ( 'NONE',  ( -12.51122854236293591, -10.32226976056000467, -55.36644004333045643 ) ) ;
#2720 = CARTESIAN_POINT ( 'NONE',  ( 0.3748797897214101726, 35.23600154147931818, 66.49411265120552628 ) ) ;
#2721 = CARTESIAN_POINT ( 'NONE',  ( 42.60652105880237173, 30.35201058883452419, 345.2738653162223272 ) ) ;
#2722 = CARTESIAN_POINT ( 'NONE',  ( 31.18020684419795785, 38.09745143404397538, 125.0000000000001137 ) ) ;
#2723 = CARTESIAN_POINT ( 'NONE',  ( -0.9126475175586304944, 20.71106199493173605, -7.133971301115257013 ) ) ;
#2724 = VERTEX_POINT ( 'NONE', #2487 ) ;
#2725 = CARTESIAN_POINT ( 'NONE',  ( -2.500000000000242473, 46.75643655609353999, 183.0501170239936073 ) ) ;
#2726 = CARTESIAN_POINT ( 'NONE',  ( -2.305531241410820442, 46.80903969351554395, 155.8088301420164328 ) ) ;
#2727 = ORIENTED_EDGE ( 'NONE', *, *, #6266, .T. ) ;
#2728 = CARTESIAN_POINT ( 'NONE',  ( 0.8158457085496675365, 47.47408743104953288, 181.1894230308129465 ) ) ;
#2729 = CARTESIAN_POINT ( 'NONE',  ( 2.500000000000233591, 47.31740675039159783, 183.1766820975554140 ) ) ;
#2730 = CARTESIAN_POINT ( 'NONE',  ( 150.0000000000000284, 7.321812825929968405, 218.5459688349021121 ) ) ;
#2731 = CARTESIAN_POINT ( 'NONE',  ( -149.9999999999999716, 1.632909915346569596, 401.7829050630052166 ) ) ;
#2732 = EDGE_CURVE ( 'NONE', #3449, #4087, #1936, .T. ) ;
#2733 = CARTESIAN_POINT ( 'NONE',  ( -24.40241592305513052, 37.74431761335091551, 135.5220618284961347 ) ) ;
#2734 = CARTESIAN_POINT ( 'NONE',  ( -86.59048839564125899, -5.768153520067688333, 55.25887913199452584 ) ) ;
#2735 = CARTESIAN_POINT ( 'NONE',  ( 8.757738301755983557, 38.20843300459600300, 100.4163813605542970 ) ) ;
#2736 = ORIENTED_EDGE ( 'NONE', *, *, #2224, .F. ) ;
#2737 = CARTESIAN_POINT ( 'NONE',  ( -2.500000000000237144, 46.81180828525702964, 188.1825515949667249 ) ) ;
#2738 = CARTESIAN_POINT ( 'NONE',  ( -5.667666856667974429E-14, 41.82782143490219084, 124.9999999999999858 ) ) ;
#2739 = CARTESIAN_POINT ( 'NONE',  ( -0.09497691477509809244, 36.43224161598299560, 74.91927495416450711 ) ) ;
#2740 = CARTESIAN_POINT ( 'NONE',  ( -1.590596639504716858, 39.40795771027785577, 100.4543182291812542 ) ) ;
#2741 = CARTESIAN_POINT ( 'NONE',  ( 2.553569696294410551, 139.2235650228607540, 149.4838691362629106 ) ) ;
#2742 = CARTESIAN_POINT ( 'NONE',  ( -0.5904223920471955989, 60.00000000000000711, 35.04931210984616996 ) ) ;
#2743 = CARTESIAN_POINT ( 'NONE',  ( -24.58725500134501729, 40.00256868539844390, 194.0187812362633792 ) ) ;
#2744 = CARTESIAN_POINT ( 'NONE',  ( 13.20776690004548115, 35.51755634591616229, 352.3468663762320716 ) ) ;
#2745 = CARTESIAN_POINT ( 'NONE',  ( 0.6643028722401881359, 44.20270468261815466, 191.8612601286462223 ) ) ;
#2746 = CARTESIAN_POINT ( 'NONE',  ( 1.446648150850533998, 30.37446012965672537, 41.43997489328997119 ) ) ;
#2747 = CARTESIAN_POINT ( 'NONE',  ( 1.459071100982355595, -7.213087860121786932, 550.1242434627826015 ) ) ;
#2748 = CARTESIAN_POINT ( 'NONE',  ( 38.79090872836584225, 26.05443840220501173, 64.51473638075175643 ) ) ;
#2749 = CARTESIAN_POINT ( 'NONE',  ( -0.3484846682544839314, 28.68063112271417836, 33.02608598509646498 ) ) ;
#2750 = CARTESIAN_POINT ( 'NONE',  ( 0.000000000000000000, 47.55029173357762318, 180.6771448133950742 ) ) ;
#2751 = LINE ( 'NONE', #2186, #4103 ) ;
#2752 = CARTESIAN_POINT ( 'NONE',  ( -26.37587723962693786, 42.95593527165679149, 213.0680794300427010 ) ) ;
#2753 = CARTESIAN_POINT ( 'NONE',  ( 2.446694749863485008, 43.94807859867027133, 198.7102751563899119 ) ) ;
#2754 = CARTESIAN_POINT ( 'NONE',  ( 6.981094313249259109, 40.71997049800874890, 123.3950676914487872 ) ) ;
#2755 = CARTESIAN_POINT ( 'NONE',  ( -87.16474666623552991, -18.22885969961632213, 41.61352295269925605 ) ) ;
#2756 = CARTESIAN_POINT ( 'NONE',  ( -16.31757746984458635, 32.96794922247232051, 74.78240641330671679 ) ) ;
#2757 = CARTESIAN_POINT ( 'NONE',  ( 0.000000000000000000, 13.75622029850556061, 472.5436863909573617 ) ) ;
#2758 = CARTESIAN_POINT ( 'NONE',  ( -18.80840858527027493, 41.36879572461575805, 222.7258492976478408 ) ) ;
#2759 = CARTESIAN_POINT ( 'NONE',  ( 149.9999999999998863, 13.60113310668955400, 239.5281348986660817 ) ) ;
#2760 = EDGE_LOOP ( 'NONE', ( #1804, #155, #1275, #6785, #4125, #1666 ) ) ;
#2761 = DIRECTION ( 'NONE',  ( -0.9999999999999998890, 0.000000000000000000, 1.346428274589731383E-08 ) ) ;
#2762 = CARTESIAN_POINT ( 'NONE',  ( 0.000000000000000000, 45.95997642549459528, 252.6905689360423537 ) ) ;
#2763 = ORIENTED_EDGE ( 'NONE', *, *, #1927, .F. ) ;
#2764 = CARTESIAN_POINT ( 'NONE',  ( 1.541809706805897129, 47.40166914103411955, 181.4699429996151423 ) ) ;
#2765 = EDGE_CURVE ( 'NONE', #3457, #5301, #2025, .T. ) ;
#2766 = PLANE ( 'NONE',  #1015 ) ;
#2767 = CARTESIAN_POINT ( 'NONE',  ( -0.7892887599068222348, 40.84728336498595525, 79.87203680722943488 ) ) ;
#2768 = CARTESIAN_POINT ( 'NONE',  ( -54.57948805689258620, 2.996616612384304545, 392.2234430773698364 ) ) ;
#2769 = CARTESIAN_POINT ( 'NONE',  ( -4.784954725716082713, 41.01696520721338857, 122.3462097680378236 ) ) ;
#2770 = CARTESIAN_POINT ( 'NONE',  ( 0.9538432379601403666, -14.88770259644060800, -66.09957415697023464 ) ) ;
#2771 = VERTEX_POINT ( 'NONE', #272 ) ;
#2772 = CARTESIAN_POINT ( 'NONE',  ( 30.08515321646829932, 41.75668511545642048, 211.9102970230671872 ) ) ;
#2773 = LINE ( 'NONE', #1606, #2354 ) ;
#2774 = CARTESIAN_POINT ( 'NONE',  ( -0.3544631062960627021, 39.65206145645925062, 100.2695405200518195 ) ) ;
#2775 = CARTESIAN_POINT ( 'NONE',  ( 0.1263206901546120586, 40.52495931380424565, 108.7209159149534656 ) ) ;
#2776 = CARTESIAN_POINT ( 'NONE',  ( -48.96184446544095437, 29.10081148751607927, 183.6136886649778717 ) ) ;
#2777 = CARTESIAN_POINT ( 'NONE',  ( 11.84434192548232367, 27.31295002357911272, 38.25062936285351611 ) ) ;
#2778 = CARTESIAN_POINT ( 'NONE',  ( -6.551150883733571462, 43.21733097637486054, 170.5998861802129341 ) ) ;
#2779 = CARTESIAN_POINT ( 'NONE',  ( 40.00984483757177657, 16.72124631380037485, 402.1504229787130384 ) ) ;
#2780 = CARTESIAN_POINT ( 'NONE',  ( 0.6706773975157139800, 44.05894461869655743, 180.2074761792102322 ) ) ;
#2781 = CARTESIAN_POINT ( 'NONE',  ( -0.1921536201010530798, 32.18761822555429575, 49.70876139183013720 ) ) ;
#2782 = CARTESIAN_POINT ( 'NONE',  ( -9.652764452307431853, -8.494098938562002488, 541.5631860185608275 ) ) ;
#2783 = CARTESIAN_POINT ( 'NONE',  ( -0.000000000000000000, 47.45687808639147676, 174.1920618927665316 ) ) ;
#2784 = CARTESIAN_POINT ( 'NONE',  ( 0.2764484018053600112, 28.75467740981591547, 33.04276335678986243 ) ) ;
#2785 = CARTESIAN_POINT ( 'NONE',  ( -3.651050815844936182E-14, 43.26917313500885598, 149.4838691362627685 ) ) ;
#2786 = AXIS2_PLACEMENT_3D ( 'NONE', #5773, #6931, #629 ) ;
#2787 = CARTESIAN_POINT ( 'NONE',  ( -45.38074649984927333, 35.14286078756052234, 198.5418387775404483 ) ) ;
#2788 = CARTESIAN_POINT ( 'NONE',  ( 8.848891946591072255, 41.88554062637007291, 147.5928433260501436 ) ) ;
#2789 = CARTESIAN_POINT ( 'NONE',  ( 6.354189331079282965, 41.65363406030110838, 135.0251267168248717 ) ) ;
#2790 = CARTESIAN_POINT ( 'NONE',  ( 0.000000000000000000, 1.530671358679228655, -46.61894072316960802 ) ) ;
#2791 = CARTESIAN_POINT ( 'NONE',  ( -0.9972214769660766587, 35.06449976814218417, 66.53263916219734142 ) ) ;
#2792 = CARTESIAN_POINT ( 'NONE',  ( 40.00984483757177657, 16.72124631380037485, 402.1504229787130384 ) ) ;
#2793 = CARTESIAN_POINT ( 'NONE',  ( -2.546057378257033932, 34.45886955982916078, 42.11624028194231784 ) ) ;
#2794 = ORIENTED_EDGE ( 'NONE', *, *, #1464, .F. ) ;
#2795 = CARTESIAN_POINT ( 'NONE',  ( -5.667666856667974429E-14, 41.82782143490219084, 124.9999999999999858 ) ) ;
#2796 = CARTESIAN_POINT ( 'NONE',  ( 0.000000000000000000, 47.62041242848380307, 205.0701292695992777 ) ) ;
#2797 = ORIENTED_EDGE ( 'NONE', *, *, #4044, .F. ) ;
#2798 = CARTESIAN_POINT ( 'NONE',  ( 0.5000000000002295941, 46.99765288992999501, 181.1826763077942246 ) ) ;
#2799 = DIRECTION ( 'NONE',  ( 0.000000000000000000, 0.000000000000000000, -1.000000000000000000 ) ) ;
#2800 = CARTESIAN_POINT ( 'NONE',  ( 22.01802724243391651, 40.49517762205267246, 116.2537897038075414 ) ) ;
#2801 = CARTESIAN_POINT ( 'NONE',  ( -150.0000000000001421, 9.607543969010292173, 355.1325008380466102 ) ) ;
#2802 = VECTOR ( 'NONE', #6351, 1000.000000000000000 ) ;
#2803 = CARTESIAN_POINT ( 'NONE',  ( 0.2610997395305267865, 39.39988982523007621, 97.14737499574107460 ) ) ;
#2804 = CARTESIAN_POINT ( 'NONE',  ( -3.323413742140344684, -2.163148135800812888, -51.77104861990689955 ) ) ;
#2805 = EDGE_CURVE ( 'NONE', #4290, #6248, #3047, .T. ) ;
#2806 = CARTESIAN_POINT ( 'NONE',  ( -9.053569696294225366, 139.2235650228606687, 206.4838691362629675 ) ) ;
#2807 = CARTESIAN_POINT ( 'NONE',  ( 47.32026357224366819, 27.22844246722650041, 144.5179263471425486 ) ) ;
#2808 = CARTESIAN_POINT ( 'NONE',  ( 24.71641299491538390, 33.90150024685598140, 98.65237617172482487 ) ) ;
#2809 = CARTESIAN_POINT ( 'NONE',  ( -0.9524719360756089825, -9.975947145280258610, -61.05127630084054857 ) ) ;
#2810 = CARTESIAN_POINT ( 'NONE',  ( 41.98047978228527910, 20.63423331979602438, 66.99511657196710246 ) ) ;
#2811 = CARTESIAN_POINT ( 'NONE',  ( 0.3101090814400160878, 44.15736743163551381, 180.0871449597428295 ) ) ;
#2812 = CARTESIAN_POINT ( 'NONE',  ( -1.192598390898780503, 20.17127465771984873, 444.2396516818456007 ) ) ;
#2813 = CARTESIAN_POINT ( 'NONE',  ( 7.078344485346810266, 43.32016464477486295, 182.4620579130188958 ) ) ;
#2814 = CARTESIAN_POINT ( 'NONE',  ( 6.306247186553902040, 31.39487458462848934, 51.64791515104002428 ) ) ;
#2815 = CARTESIAN_POINT ( 'NONE',  ( -2.562172481296778770, -9.718372356699223502, 557.8072730852924224 ) ) ;
#2816 = SURFACE_STYLE_USAGE ( .BOTH. , #532 ) ;
#2817 = CARTESIAN_POINT ( 'NONE',  ( -1.096975117992324833, 28.59313423127091269, 33.07448476124334746 ) ) ;
#2818 = CARTESIAN_POINT ( 'NONE',  ( 2.449429197324601404, 47.36484211268201960, 198.6974425893660339 ) ) ;
#2819 = ADVANCED_FACE ( 'NONE', ( #3160 ), #6574, .F. ) ;
#2820 = CARTESIAN_POINT ( 'NONE',  ( 3.911032522146973278E-09, 32.59934123605674472, 35.04931211369478916 ) ) ;
#2821 = FACE_OUTER_BOUND ( 'NONE', #2620, .T. ) ;
#2822 = CARTESIAN_POINT ( 'NONE',  ( 6.774892739796363195, 41.59608845160213519, 135.2328501253579986 ) ) ;
#2823 = CARTESIAN_POINT ( 'NONE',  ( -28.23808762699846042, 3.056412852116027423, -22.60677287783177647 ) ) ;
#2824 = CARTESIAN_POINT ( 'NONE',  ( -5.297391678344200550, 35.74846401239507543, 76.35881965636278323 ) ) ;
#2825 = CARTESIAN_POINT ( 'NONE',  ( -1.240397304842907111, 17.08031719385537528, 458.4040238591230150 ) ) ;
#2826 = CARTESIAN_POINT ( 'NONE',  ( -0.7020998398433726528, 45.86371172239648786, 130.5683831685448695 ) ) ;
#2827 = ORIENTED_EDGE ( 'NONE', *, *, #2368, .T. ) ;
#2828 = PLANE ( 'NONE',  #3154 ) ;
#2829 = EDGE_CURVE ( 'NONE', #5393, #1986, #2602, .T. ) ;
#2830 = CARTESIAN_POINT ( 'NONE',  ( -7.301291994692240550, 46.93704426116289596, 207.1250189900836745 ) ) ;
#2831 = ORIENTED_EDGE ( 'NONE', *, *, #1120, .T. ) ;
#2832 =( BOUNDED_SURFACE ( )  B_SPLINE_SURFACE ( 3, 2, ( 
 ( #7206, #5040, #2635 ),
 ( #7359, #425, #7323 ),
 ( #5639, #2714, #1463 ),
 ( #3753, #6050, #7284 ),
 ( #4437, #1581, #4923 ),
 ( #3871, #6166, #1024 ),
 ( #5602, #462, #2185 ),
 ( #597, #4080, #1656 ),
 ( #1159, #5147, #2364 ),
 ( #3976, #2330, #72 ),
 ( #3944, #4008, #1692 ),
 ( #534, #6302, #4043 ),
 ( #564, #1230, #1126 ),
 ( #7423, #2818, #6239 ),
 ( #4647, #6934, #2255 ),
 ( #6833, #6337, #3447 ) ),
 .UNSPECIFIED., .F., .F., .T. ) 
 B_SPLINE_SURFACE_WITH_KNOTS ( ( 4, 2, 2, 2, 2, 2, 2, 4 ),
 ( 3, 3 ),
 ( -1.029992063861229212E-17, 0.0004891289966997313440, 0.0009782579933994728794, 0.001467386990099214632, 0.001956515986798956167, 0.002445644983498697703, 0.002934773980198439672, 0.003913031973597922743 ),
 ( 0.000000000000000000, 1.000000000000000000 ),
 .UNSPECIFIED. ) 
 GEOMETRIC_REPRESENTATION_ITEM ( )  RATIONAL_B_SPLINE_SURFACE ( (
 ( 1.000000000000000000, 0.7042303724935200515, 1.000000000000000000),
 ( 1.000000000000000000, 0.7022373068922386219, 1.000000000000000000),
 ( 1.000000000000000000, 0.7002473183493157505, 1.000000000000000000),
 ( 1.000000000000000000, 0.6962616583378643531, 1.000000000000000000),
 ( 1.000000000000000000, 0.6942444338375199919, 1.000000000000000000),
 ( 1.000000000000000000, 0.6903175801483614205, 1.000000000000000000),
 ( 1.000000000000000000, 0.6884156448374374460, 1.000000000000000000),
 ( 1.000000000000000000, 0.6847466148631888849, 1.000000000000000000),
 ( 1.000000000000000000, 0.6829700886987629671, 1.000000000000000000),
 ( 1.000000000000000000, 0.6797306774643588900, 1.000000000000000000),
 ( 1.000000000000000000, 0.6782481066665999592, 1.000000000000000000),
 ( 1.000000000000000000, 0.6755979381854300136, 1.000000000000000000),
 ( 1.000000000000000000, 0.6744508384669748446, 1.000000000000000000),
 ( 1.000000000000000000, 0.6716838663666691023, 1.000000000000000000),
 ( 1.000000000000000000, 0.6706867708008176221, 1.000000000000000000),
 ( 1.000000000000000000, 0.6707867817491679485, 1.000000000000000000) ) ) 
 REPRESENTATION_ITEM ( '' )  SURFACE ( )  );
#2833 = CARTESIAN_POINT ( 'NONE',  ( 5.551690055571852689, 41.75449789290544800, 206.4838691362627969 ) ) ;
#2834 = CARTESIAN_POINT ( 'NONE',  ( 42.28334275559691946, 29.38474559163459077, 125.0000000000000284 ) ) ;
#2835 = CARTESIAN_POINT ( 'NONE',  ( -2.106299519530117959, 46.03114097764294144, 130.5598387451737779 ) ) ;
#2836 = CARTESIAN_POINT ( 'NONE',  ( 0.000000000000000000, 20.11671744806442774, 444.2109482500774220 ) ) ;
#2837 = CARTESIAN_POINT ( 'NONE',  ( -47.31063789992617075, 28.71806035979344074, 152.0629228316730917 ) ) ;
#2838 = CARTESIAN_POINT ( 'NONE',  ( -12.50569815975795684, -8.939040514739479804, -53.94021469740130925 ) ) ;
#2839 = CARTESIAN_POINT ( 'NONE',  ( 48.96184446544095437, 29.10081148751607927, 183.6136886649778717 ) ) ;
#2840 = CARTESIAN_POINT ( 'NONE',  ( 40.57009595196885243, 30.00151418627410749, 122.0025149908281321 ) ) ;
#2841 = CARTESIAN_POINT ( 'NONE',  ( 9.053569696294415436, 41.75449789290554037, 148.4838691362627685 ) ) ;
#2842 = CARTESIAN_POINT ( 'NONE',  ( 1.854775716670634234, 28.50562018373391382, 33.21035725063022426 ) ) ;
#2843 = CARTESIAN_POINT ( 'NONE',  ( -17.21006766341879768, 41.13097595131254991, 165.1222120262378041 ) ) ;
#2844 = CARTESIAN_POINT ( 'NONE',  ( -1.585105225643784310, 28.62474442760698068, 400.8281577764561803 ) ) ;
#2845 = VECTOR ( 'NONE', #3210, 1000.000000000000000 ) ;
#2846 = CARTESIAN_POINT ( 'NONE',  ( 7.305579999144778292, 43.43624881900642265, 205.6456474185094692 ) ) ;
#2847 = CARTESIAN_POINT ( 'NONE',  ( -0.2516356678344607856, 33.81187951066469566, 58.07348579194287197 ) ) ;
#2848 = CARTESIAN_POINT ( 'NONE',  ( -2.146619312884803676, 41.60873970843834257, 125.9284990591285691 ) ) ;
#2849 = CARTESIAN_POINT ( 'NONE',  ( 19.68875540220666309, 41.58857211598916592, 125.0000000000000853 ) ) ;
#2850 = CARTESIAN_POINT ( 'NONE',  ( 0.2349116533968233778, 26.67109592530851714, 24.82511776614442311 ) ) ;
#2851 = CARTESIAN_POINT ( 'NONE',  ( -0.3333482705831215531, 44.13643807969397415, 200.1826763077941962 ) ) ;
#2852 = CARTESIAN_POINT ( 'NONE',  ( 0.1793443746281056794, 47.56303646006193020, 200.1826763077434066 ) ) ;
#2853 = VERTEX_POINT ( 'NONE', #1467 ) ;
#2854 = CARTESIAN_POINT ( 'NONE',  ( 6.306826873996470795, 35.36856914874849878, 75.17708462335919251 ) ) ;
#2855 = CARTESIAN_POINT ( 'NONE',  ( 42.72506312201289091, 32.60784028935658796, 187.4158577042935292 ) ) ;
#2856 = EDGE_CURVE ( 'NONE', #3449, #6812, #2303, .T. ) ;
#2857 = CARTESIAN_POINT ( 'NONE',  ( -0.000000000000000000, -5.832248506198543403, -56.54747634531298672 ) ) ;
#2858 = CARTESIAN_POINT ( 'NONE',  ( -45.78658592270865313, 27.32184646799927918, 126.0588279378722376 ) ) ;
#2859 = CARTESIAN_POINT ( 'NONE',  ( -1.860595957264360667, 17.11377713728215255, 458.4002198587525072 ) ) ;
#2860 = VECTOR ( 'NONE', #239, 1000.000000000000000 ) ;
#2861 = CARTESIAN_POINT ( 'NONE',  ( 9.650457210473206260, 42.47422119080876257, 108.3197917343866408 ) ) ;
#2862 = ORIENTED_EDGE ( 'NONE', *, *, #6297, .F. ) ;
#2863 = CARTESIAN_POINT ( 'NONE',  ( -39.35761980687662032, 22.29418065423913831, 67.11062534926460899 ) ) ;
#2864 = CARTESIAN_POINT ( 'NONE',  ( -1.850464964290566172, 28.57020904146000362, 400.4539919784762674 ) ) ;
#2865 = ORIENTED_EDGE ( 'NONE', *, *, #6128, .F. ) ;
#2866 = PRESENTATION_LAYER_ASSIGNMENT (  '', '', ( #5412 ) ) ;
#2867 = CARTESIAN_POINT ( 'NONE',  ( 34.42439457498687005, 36.47978172740766212, 209.8953639184388180 ) ) ;
#2868 = CYLINDRICAL_SURFACE ( 'NONE', #3287, 39.39999999999999147 ) ;
#2869 = CARTESIAN_POINT ( 'NONE',  ( 77.40947463289504071, 21.01930611802427151, 121.3389839466043583 ) ) ;
#2870 = CARTESIAN_POINT ( 'NONE',  ( 0.000000000000000000, -24.70179936576349533, -76.17517795805076730 ) ) ;
#2871 = CARTESIAN_POINT ( 'NONE',  ( -6.733608421923275245, 13.22468183324905233, 471.8275841911045632 ) ) ;
#2872 = CARTESIAN_POINT ( 'NONE',  ( -4.116178246650827433, 38.84193921586849996, 98.08690983877774272 ) ) ;
#2873 = CARTESIAN_POINT ( 'NONE',  ( -3.289006796241746411, 7.681208134219242645, -36.06530541306337057 ) ) ;
#2874 = SURFACE_STYLE_USAGE ( .BOTH. , #1851 ) ;
#2875 = CARTESIAN_POINT ( 'NONE',  ( 27.82055350417213901, 34.20038469565072603, 110.7691151098672577 ) ) ;
#2876 = CARTESIAN_POINT ( 'NONE',  ( 56.52914563521074598, -13.16024702830548954, 195.5971044673015626 ) ) ;
#2877 = CARTESIAN_POINT ( 'NONE',  ( 17.56333190791366761, 24.55518497997562477, 34.44515950105838442 ) ) ;
#2878 = CARTESIAN_POINT ( 'NONE',  ( -25.39843789837220100, 39.66280548435758391, 183.4746974857638122 ) ) ;
#2879 = CARTESIAN_POINT ( 'NONE',  ( 50.11171787444065728, 9.594334424904452874, 362.2731057270540305 ) ) ;
#2880 = CARTESIAN_POINT ( 'NONE',  ( 5.293419713507163671, 43.67449185401521561, 204.8163528816302517 ) ) ;
#2881 = VECTOR ( 'NONE', #3701, 1000.000000000000227 ) ;
#2882 = CARTESIAN_POINT ( 'NONE',  ( 37.47577228491240220, 26.28744788420968348, 82.52232335026049270 ) ) ;
#2883 = FACE_OUTER_BOUND ( 'NONE', #7219, .T. ) ;
#2884 = PLANE ( 'NONE',  #2786 ) ;
#2885 = CARTESIAN_POINT ( 'NONE',  ( 1.142659292564246698, 44.02223026324088551, 181.2842299107175563 ) ) ;
#2886 = CARTESIAN_POINT ( 'NONE',  ( 0.3532070920680128734, 44.22698176428639272, 203.2478973112632730 ) ) ;
#2887 = CARTESIAN_POINT ( 'NONE',  ( 0.5904223920471955989, 32.53367023116918233, 35.04931210984616996 ) ) ;
#2888 = CARTESIAN_POINT ( 'NONE',  ( 3.911032522146973278E-09, 32.59934123605674472, 35.04931211369478916 ) ) ;
#2889 = EDGE_CURVE ( 'NONE', #5301, #4222, #3276, .T. ) ;
#2890 = ORIENTED_EDGE ( 'NONE', *, *, #4012, .F. ) ;
#2891 = CARTESIAN_POINT ( 'NONE',  ( -5.551620045011596893, 43.57766651869921049, 205.7838691362627515 ) ) ;
#2892 = CARTESIAN_POINT ( 'NONE',  ( 22.91677510850342259, 39.43780077676414209, 157.6886673356544293 ) ) ;
#2893 = CARTESIAN_POINT ( 'NONE',  ( 2.853196301606920837, -5.731608919956029169, -56.50461328002980821 ) ) ;
#2894 = CARTESIAN_POINT ( 'NONE',  ( -3.288871966330839225, 31.76583036268504401, 50.27614784603211007 ) ) ;
#2895 = CARTESIAN_POINT ( 'NONE',  ( 150.0000000000000568, 0.2544905633191389405, 409.6453932724846823 ) ) ;
#2896 = ORIENTED_EDGE ( 'NONE', *, *, #4640, .F. ) ;
#2897 = CARTESIAN_POINT ( 'NONE',  ( -34.06247215699897168, 22.27214241203596146, 53.56199743429452553 ) ) ;
#2898 = CARTESIAN_POINT ( 'NONE',  ( -47.38663189115487739, 17.64475135442224030, 308.9228235057746019 ) ) ;
#2899 = CARTESIAN_POINT ( 'NONE',  ( -2.553569696294397229, 41.75449789290553326, 153.4838691362627117 ) ) ;
#2900 = CARTESIAN_POINT ( 'NONE',  ( -27.28344554962495394, 27.31241941368316262, 45.44551593740587236 ) ) ;
#2901 = CARTESIAN_POINT ( 'NONE',  ( 0.3659214543900064509, 47.51381381333347065, 180.6770342618823975 ) ) ;
#2902 = CARTESIAN_POINT ( 'NONE',  ( -0.05858928731856884869, 38.69900739006420309, 91.81642180047261093 ) ) ;
#2903 = CARTESIAN_POINT ( 'NONE',  ( 7.500000000000000000, 24.89192133595483725, 23.34162837863042839 ) ) ;
#2904 = CARTESIAN_POINT ( 'NONE',  ( -0.6161072361437418543, 47.71231197339022856, 180.5334442090090192 ) ) ;
#2905 = CARTESIAN_POINT ( 'NONE',  ( 150.0000000000000284, -1.592874936842195055, 207.1259537470125736 ) ) ;
#2906 = CARTESIAN_POINT ( 'NONE',  ( 0.5616888515280353822, 39.43753104244981955, 97.15557068213898617 ) ) ;
#2907 = CARTESIAN_POINT ( 'NONE',  ( 1.866611727019490408, 11.87816490467868569, -28.42495731499281675 ) ) ;
#2908 = EDGE_CURVE ( 'NONE', #5217, #2094, #4073, .T. ) ;
#2909 = CARTESIAN_POINT ( 'NONE',  ( 7.858343051956328651, 37.67720179350244081, 94.59760539694532611 ) ) ;
#2910 = CARTESIAN_POINT ( 'NONE',  ( 28.62580084016314075, -19.75740349066564150, -50.39037838586354923 ) ) ;
#2911 = CARTESIAN_POINT ( 'NONE',  ( 8.026985825500849714, 27.78329465250145347, 35.95720432361637364 ) ) ;
#2912 = CARTESIAN_POINT ( 'NONE',  ( -1.931433025547872440, 43.42138257869024898, 157.0324830958215045 ) ) ;
#2913 = CARTESIAN_POINT ( 'NONE',  ( 7.162406742956792804, -5.196939195804247902, 540.7780944250159791 ) ) ;
#2914 = EDGE_CURVE ( 'NONE', #2590, #317, #4348, .T. ) ;
#2915 = CARTESIAN_POINT ( 'NONE',  ( 1.396925287235342594, 44.07279437966490576, 203.5374813642799836 ) ) ;
#2916 = VECTOR ( 'NONE', #2689, 1000.000000000000227 ) ;
#2917 = CARTESIAN_POINT ( 'NONE',  ( 5.473544165554725005, 33.10149787398405152, 59.57467739008375673 ) ) ;
#2918 = CARTESIAN_POINT ( 'NONE',  ( -4.088612771992242934, 41.36204181484618658, 126.5884097517634927 ) ) ;
#2919 = B_SPLINE_CURVE_WITH_KNOTS ( 'NONE', 3,
 ( #7169, #3310, #6571, #2636, #4396, #3233 ),
 .UNSPECIFIED., .F., .F.,
 ( 4, 2, 4 ),
 ( 1.942890293094023946E-16, 0.02615752321525064567, 0.05231504643050109704 ),
 .UNSPECIFIED. ) ;
#2920 = CARTESIAN_POINT ( 'NONE',  ( -2.500000000000238476, 50.00000000000000000, 183.1826763077941109 ) ) ;
#2921 = FACE_OUTER_BOUND ( 'NONE', #2301, .T. ) ;
#2922 = CARTESIAN_POINT ( 'NONE',  ( -0.6684197815582273439, 43.89848649313179862, 214.7651510825474475 ) ) ;
#2923 = CARTESIAN_POINT ( 'NONE',  ( -0.3272371641607572101, 26.68185737052592543, 24.83202371396525265 ) ) ;
#2924 = CARTESIAN_POINT ( 'NONE',  ( 8.078565594260567195E-09, 43.96890531627143162, 213.8493118463000826 ) ) ;
#2925 = B_SPLINE_CURVE_WITH_KNOTS ( 'NONE', 3,
 ( #2674, #3831, #4962, #2109, #4395, #5562 ),
 .UNSPECIFIED., .F., .F.,
 ( 4, 2, 4 ),
 ( 1.942890293094023946E-16, 0.02615752321525064567, 0.05231504643050109704 ),
 .UNSPECIFIED. ) ;
#2926 = VERTEX_POINT ( 'NONE', #5082 ) ;
#2927 = CARTESIAN_POINT ( 'NONE',  ( 27.27401822513728646, 32.06077492211826296, 91.00166383021358740 ) ) ;
#2928 = CARTESIAN_POINT ( 'NONE',  ( 7.780257854303182619, 42.06765247022117649, 147.5832591527791919 ) ) ;
#2929 = CARTESIAN_POINT ( 'NONE',  ( -56.08762438136983519, 3.832698960004560895, 215.3449030486479501 ) ) ;
#2930 = CARTESIAN_POINT ( 'NONE',  ( 0.3997930609305007099, 32.21310359018567482, 49.72125633840605730 ) ) ;
#2931 = CARTESIAN_POINT ( 'NONE',  ( -0.7315842355799940799, -9.573308037895744249, 557.6533037653249494 ) ) ;
#2932 = ORIENTED_EDGE ( 'NONE', *, *, #555, .F. ) ;
#2933 = CARTESIAN_POINT ( 'NONE',  ( -31.35948116328605195, 34.39338232250383953, 124.9999999999999289 ) ) ;
#2934 = CARTESIAN_POINT ( 'NONE',  ( -42.60652105880237173, 30.35201058883452419, 345.2738653162223272 ) ) ;
#2935 = CARTESIAN_POINT ( 'NONE',  ( -16.52964704332371682, 29.48863227876793758, 38.39836686568109769 ) ) ;
#2936 = CARTESIAN_POINT ( 'NONE',  ( -5.667666856667974429E-14, 41.82782143490219084, 124.9999999999999858 ) ) ;
#2937 = CARTESIAN_POINT ( 'NONE',  ( -34.45531732046710971, 32.62422802912012543, 119.4776105526323420 ) ) ;
#2938 = CARTESIAN_POINT ( 'NONE',  ( 37.67781354732362331, 21.99071670791197519, 61.10853486711258853 ) ) ;
#2939 = CARTESIAN_POINT ( 'NONE',  ( -1.536255518351238303, 46.03229346627335872, 252.4759691116221347 ) ) ;
#2940 = CARTESIAN_POINT ( 'NONE',  ( 28.52649240996227320, -9.360615050134562409, -39.65852415072266979 ) ) ;
#2941 = CARTESIAN_POINT ( 'NONE',  ( 0.1437046533570763285, 39.38516836600418003, 97.14578277370404180 ) ) ;
#2942 = CARTESIAN_POINT ( 'NONE',  ( -28.11698015143261742, 5.915450505645251766, -17.51976183688852373 ) ) ;
#2943 = UNCERTAINTY_MEASURE_WITH_UNIT (LENGTH_MEASURE( 1.000000000000000082E-05 ), #7313, 'distance_accuracy_value', 'NONE');
#2944 = CARTESIAN_POINT ( 'NONE',  ( 0.000000000000000000, 47.37928842645280980, 213.8493121484527819 ) ) ;
#2945 = CARTESIAN_POINT ( 'NONE',  ( -0.2055249936639012565, 39.63348353807302971, 100.2676724611348504 ) ) ;
#2946 = CARTESIAN_POINT ( 'NONE',  ( 2.397391548480399592, 46.76367550659691830, 182.5368219173393527 ) ) ;
#2947 = EDGE_CURVE ( 'NONE', #5271, #6100, #6403, .T. ) ;
#2948 = CARTESIAN_POINT ( 'NONE',  ( 150.0000000000000284, 1.252786731943029253, 209.9251019480679190 ) ) ;
#2949 = AXIS2_PLACEMENT_3D ( 'NONE', #2600, #4358, #4887 ) ;
#2950 = CARTESIAN_POINT ( 'NONE',  ( 1.232214472287483709, 47.77296557967702739, 180.4880816561268375 ) ) ;
#2951 = CARTESIAN_POINT ( 'NONE',  ( -41.57490055910836446, 33.34100844354831850, 196.2121936963888231 ) ) ;
#2952 = CARTESIAN_POINT ( 'NONE',  ( 35.77127347892401588, -9.639532146028656712, 488.8322980861877340 ) ) ;
#2953 = CARTESIAN_POINT ( 'NONE',  ( -0.3644525495648114899, 43.97987242326727397, 214.6131986782127399 ) ) ;
#2954 = CARTESIAN_POINT ( 'NONE',  ( 5.387325068334958722, 34.51137803817100291, 67.95477133185241314 ) ) ;
#2955 = FACE_OUTER_BOUND ( 'NONE', #1937, .T. ) ;
#2956 = CARTESIAN_POINT ( 'NONE',  ( 27.38031495906714952, 39.38349873593870853, 125.0000000000000853 ) ) ;
#2957 = CARTESIAN_POINT ( 'NONE',  ( 5.551690055571852689, 139.2235650228606687, 206.4838691362629675 ) ) ;
#2958 = CARTESIAN_POINT ( 'NONE',  ( 0.04794044445254509734, 43.95550115604548580, 214.6517179365461914 ) ) ;
#2959 = CARTESIAN_POINT ( 'NONE',  ( -2.500000000000218492, 43.94895164129999898, 188.1825561398059108 ) ) ;
#2960 = ORIENTED_EDGE ( 'NONE', *, *, #6172, .T. ) ;
#2961 = PLANE ( 'NONE',  #5880 ) ;
#2962 = CARTESIAN_POINT ( 'NONE',  ( 9.336224428602745817, 41.84308505500425213, 148.4025982152197685 ) ) ;
#2963 = CARTESIAN_POINT ( 'NONE',  ( -55.43352450434293388, 9.557879841706116153, 226.4234727364798800 ) ) ;
#2964 = CARTESIAN_POINT ( 'NONE',  ( -0.6568257637574729246, 33.69929875754117177, 58.08700417256998350 ) ) ;
#2965 = CARTESIAN_POINT ( 'NONE',  ( -0.7257656490961721385, -4.623702357734425838, 541.5260409447616894 ) ) ;
#2966 = ORIENTED_EDGE ( 'NONE', *, *, #6585, .T. ) ;
#2967 = CARTESIAN_POINT ( 'NONE',  ( 2.553569696294413216, 42.94769121779684440, 149.4838691362627117 ) ) ;
#2968 = CARTESIAN_POINT ( 'NONE',  ( -6.000466035610237725, 31.94043151699632688, 379.5629847736018405 ) ) ;
#2969 = CARTESIAN_POINT ( 'NONE',  ( -0.6317988091825558206, 47.01464365211791119, 200.1826763077942246 ) ) ;
#2970 = PLANE ( 'NONE',  #640 ) ;
#2971 = CARTESIAN_POINT ( 'NONE',  ( 0.5000000000002202682, 44.12162845365831743, 200.1826763077941393 ) ) ;
#2972 = CARTESIAN_POINT ( 'NONE',  ( -41.43595240001051394, 31.15581955151354165, 140.9253784158732117 ) ) ;
#2973 = CARTESIAN_POINT ( 'NONE',  ( 3.039527956523978780, 47.25332572012509758, 182.8487729937150732 ) ) ;
#2974 = CARTESIAN_POINT ( 'NONE',  ( -0.4892629760207006240, 44.45612882444888214, 275.6643461148192387 ) ) ;
#2975 = CARTESIAN_POINT ( 'NONE',  ( -0.000000000000000000, 47.52095042778927336, 200.4231597897796178 ) ) ;
#2976 = CARTESIAN_POINT ( 'NONE',  ( -1.913171683458406047, -24.72062763175912892, -76.21716178040844625 ) ) ;
#2977 = ORIENTED_EDGE ( 'NONE', *, *, #6128, .T. ) ;
#2978 = CARTESIAN_POINT ( 'NONE',  ( 0.3704929560581352588, 37.99439710420669059, 85.17292965522632642 ) ) ;
#2979 = CARTESIAN_POINT ( 'NONE',  ( -26.84291305568621766, 21.64135502705829950, 20.87972938593452810 ) ) ;
#2980 = ORIENTED_EDGE ( 'NONE', *, *, #4308, .F. ) ;
#2981 = EDGE_CURVE ( 'NONE', #1161, #5393, #3946, .T. ) ;
#2982 = CARTESIAN_POINT ( 'NONE',  ( 0.5000000000002202682, 47.02905211924537809, 200.1826763077941393 ) ) ;
#2983 = CARTESIAN_POINT ( 'NONE',  ( 6.707929099968671594, 38.73723694438703546, 102.4492501934710305 ) ) ;
#2984 = CARTESIAN_POINT ( 'NONE',  ( 7.500000000001194600, 27.76096687752760772, 35.65990972620964783 ) ) ;
#2985 = CARTESIAN_POINT ( 'NONE',  ( 3.302423590642567852, 4.628195515106217073, -41.47021073289514703 ) ) ;
#2986 = CARTESIAN_POINT ( 'NONE',  ( -15.55331741631335696, 45.35218854345084338, 234.3705618064915370 ) ) ;
#2987 = CARTESIAN_POINT ( 'NONE',  ( -28.80849000253812875, 38.57239491416179078, 187.5315588823773965 ) ) ;
#2988 = CARTESIAN_POINT ( 'NONE',  ( 59.30832987030501613, -6.507826170023203183, 431.3161633550269016 ) ) ;
#2989 = CARTESIAN_POINT ( 'NONE',  ( 39.68048494404546744, 33.56655971461468368, 234.3861375863230023 ) ) ;
#2990 = CARTESIAN_POINT ( 'NONE',  ( 7.207995816813303591, 34.27296146660142284, 68.90649529397244066 ) ) ;
#2991 = CARTESIAN_POINT ( 'NONE',  ( -2.087536011602297847, 43.97963974812258670, 199.4061980243783125 ) ) ;
#2992 = SURFACE_SIDE_STYLE ('',( #6406 ) ) ;
#2993 = CARTESIAN_POINT ( 'NONE',  ( 5.551620045011604887, 42.69920818264554896, 153.4838691362627117 ) ) ;
#2994 = CARTESIAN_POINT ( 'NONE',  ( -0.1107371007077354030, 44.18739271488514930, 203.3035376357894677 ) ) ;
#2995 = CARTESIAN_POINT ( 'NONE',  ( 50.87203371489453474, 19.93273469430910438, 264.0063586441475536 ) ) ;
#2996 = ORIENTED_EDGE ( 'NONE', *, *, #794, .F. ) ;
#2997 = CARTESIAN_POINT ( 'NONE',  ( -0.3613492219670598748, 43.09145850902159225, 144.8261963180102327 ) ) ;
#2998 = CARTESIAN_POINT ( 'NONE',  ( 4.170668416167298886, 40.73156583490255400, 118.1807821254550106 ) ) ;
#2999 = CARTESIAN_POINT ( 'NONE',  ( -3.147860296435570415, 24.32371408104542709, 4.633680387658797528 ) ) ;
#3000 = CARTESIAN_POINT ( 'NONE',  ( 0.3644476227329960238, 33.82592815260608887, 58.08003364692197579 ) ) ;
#3001 = CARTESIAN_POINT ( 'NONE',  ( 59.97261899444817601, -10.31809425623221443, 446.5905760905740181 ) ) ;
#3002 = CARTESIAN_POINT ( 'NONE',  ( -58.62154318630234684, -4.489909763417698763, 423.0794994535144156 ) ) ;
#3003 = B_SPLINE_CURVE_WITH_KNOTS ( 'NONE', 3,
 ( #2638, #4926, #4771, #2074, #6651, #7058, #3792 ),
 .UNSPECIFIED., .F., .F.,
 ( 4, 1, 1, 1, 4 ),
 ( 0.1995293385899545024, 0.2050949144361616239, 0.2304641454982071236, 0.2558333765602529564, 0.2559976943226778823 ),
 .UNSPECIFIED. ) ;
#3004 = VERTEX_POINT ( 'NONE', #3350 ) ;
#3005 = CARTESIAN_POINT ( 'NONE',  ( -22.61055803112038376, 24.53920527670537055, 41.76088685034437731 ) ) ;
#3006 = CARTESIAN_POINT ( 'NONE',  ( -13.31731313304985065, 40.34142002891250200, 313.2908567742186392 ) ) ;
#3007 = ORIENTED_EDGE ( 'NONE', *, *, #3623, .T. ) ;
#3008 = ADVANCED_FACE ( 'NONE', ( #2821 ), #5641, .F. ) ;
#3009 = FACE_OUTER_BOUND ( 'NONE', #765, .T. ) ;
#3010 = DIRECTION ( 'NONE',  ( 0.000000000000000000, -1.000000000000000000, 0.000000000000000000 ) ) ;
#3011 = CARTESIAN_POINT ( 'NONE',  ( -39.12505519399127252, 31.96232780398348439, 136.0896939912638857 ) ) ;
#3012 = CARTESIAN_POINT ( 'NONE',  ( 36.26812506341699560, 22.02996522404679780, 57.72392212252120913 ) ) ;
#3013 = B_SPLINE_CURVE_WITH_KNOTS ( 'NONE', 3,
 ( #2416, #4170, #5939, #3570, #5342, #798, #6426, #1322, #7100, #2451, #1962, #2382, #3015, #5980 ),
 .UNSPECIFIED., .F., .F.,
 ( 4, 2, 2, 2, 2, 2, 4 ),
 ( 0.0006083682583981219914, 0.006674759240613658932, 0.01274115022282919577, 0.01880754120504473173, 0.02487393218726026770, 0.03700671415169135697, 0.04913949611612244972 ),
 .UNSPECIFIED. ) ;
#3014 = CARTESIAN_POINT ( 'NONE',  ( 1.897151511910303734, 46.91140964979707206, 229.3722862163716343 ) ) ;
#3015 = CARTESIAN_POINT ( 'NONE',  ( 42.28334275559691946, 29.38474559163459077, 125.0000000000000284 ) ) ;
#3016 = CARTESIAN_POINT ( 'NONE',  ( 56.42444719532452524, -4.100048717234659357, 204.2233583779163268 ) ) ;
#3017 = ORIENTED_EDGE ( 'NONE', *, *, #1515, .F. ) ;
#3018 = CARTESIAN_POINT ( 'NONE',  ( -8.058231393541730014, 36.89268454627336524, 88.05529389015038078 ) ) ;
#3019 = CARTESIAN_POINT ( 'NONE',  ( 0.000000000000000000, 20.62319512748768346, -7.191526245911063597 ) ) ;
#3020 = CARTESIAN_POINT ( 'NONE',  ( -1.819173037920916114, 46.88320830483041846, 199.6915800969073871 ) ) ;
#3021 = CARTESIAN_POINT ( 'NONE',  ( 1.247428921292411008, 39.45137663157667163, 100.3851227043006418 ) ) ;
#3022 = FACE_OUTER_BOUND ( 'NONE', #5123, .T. ) ;
#3023 = CARTESIAN_POINT ( 'NONE',  ( 56.42444719532452524, -4.100048717234659357, 204.2233583779163268 ) ) ;
#3024 = CARTESIAN_POINT ( 'NONE',  ( 1.316609496952878322, 47.20928880869866617, 155.6670790133530033 ) ) ;
#3025 = CARTESIAN_POINT ( 'NONE',  ( -7.190713430606145984, 41.53825658035372470, 135.4424747703574212 ) ) ;
#3026 = CARTESIAN_POINT ( 'NONE',  ( 10.55815539007339510, 8.766027140151836150, 480.2865580578388176 ) ) ;
#3027 = VECTOR ( 'NONE', #3861, 1000.000000000000000 ) ;
#3028 = CARTESIAN_POINT ( 'NONE',  ( 4.483704604750691658, 43.54938813052708468, 215.8440389286900825 ) ) ;
#3029 = CARTESIAN_POINT ( 'NONE',  ( 0.4553038046347758216, 35.13213056299500892, 66.49097010055407964 ) ) ;
#3030 = CARTESIAN_POINT ( 'NONE',  ( -7.088458447838370091, 40.33850985737014128, 119.5628831127008880 ) ) ;
#3031 = FILL_AREA_STYLE_COLOUR ( '', #1216 ) ;
#3032 = EDGE_CURVE ( 'NONE', #5308, #1510, #5697, .T. ) ;
#3033 = CARTESIAN_POINT ( 'NONE',  ( -19.57372215414722660, 44.71058650513265320, 213.8493121098462098 ) ) ;
#3034 = CARTESIAN_POINT ( 'NONE',  ( -7.538947103607010369, 43.43362246687961914, 194.2822654648318803 ) ) ;
#3035 = CARTESIAN_POINT ( 'NONE',  ( -1.232214472287483709, 47.77296557967702739, 180.4880816561268375 ) ) ;
#3036 = VERTEX_POINT ( 'NONE', #1545 ) ;
#3037 = CARTESIAN_POINT ( 'NONE',  ( 2.681746588738031623, 43.69303232680050542, 169.0129583136690883 ) ) ;
#3038 = CARTESIAN_POINT ( 'NONE',  ( -0.2122532616130370364, 41.28378594792418710, 117.1688362561266814 ) ) ;
#3039 = CARTESIAN_POINT ( 'NONE',  ( -150.0000000000000000, 9.270087174911674666, 223.2766782676432626 ) ) ;
#3040 = CARTESIAN_POINT ( 'NONE',  ( -0.4741845909971737494, 33.72185977919397004, 58.07331598969894060 ) ) ;
#3041 = EDGE_CURVE ( 'NONE', #1168, #1161, #373, .T. ) ;
#3042 = CARTESIAN_POINT ( 'NONE',  ( 60.00892403416684573, -10.87759879526569584, 448.8723920580213189 ) ) ;
#3043 = CARTESIAN_POINT ( 'NONE',  ( 2.057388533046267121, 6.867330383723285969, 500.6602980566781298 ) ) ;
#3044 = CARTESIAN_POINT ( 'NONE',  ( 2.500000000000235811, 46.80943403607545150, 198.1826763077941393 ) ) ;
#3045 = CARTESIAN_POINT ( 'NONE',  ( 0.6201986524214535557, 17.04685725042859801, 458.4078278594934659 ) ) ;
#3046 = CARTESIAN_POINT ( 'NONE',  ( -0.5435609536137605557, 47.52713440472695083, 200.6867358902518674 ) ) ;
#3047 = LINE ( 'NONE', #2563, #1720 ) ;
#3048 = CARTESIAN_POINT ( 'NONE',  ( -2.500000000000235811, 43.94496353703594593, 198.1826763077941393 ) ) ;
#3049 = CARTESIAN_POINT ( 'NONE',  ( 0.3734641473969262382, 38.75329731695623536, 91.81872111943756920 ) ) ;
#3050 = CARTESIAN_POINT ( 'NONE',  ( 14.61713605283470763, 44.60612277303756201, 256.7277770913618156 ) ) ;
#3051 = CARTESIAN_POINT ( 'NONE',  ( -0.000000000000000000, 47.52095042778911704, 200.4231597897797599 ) ) ;
#3052 = CARTESIAN_POINT ( 'NONE',  ( -1.849534121738633852, 16.21802295602805799, -18.86953178114389829 ) ) ;
#3053 = VERTEX_POINT ( 'NONE', #3519 ) ;
#3054 = CARTESIAN_POINT ( 'NONE',  ( 0.2391271345397900094, 36.20161426612216360, 73.23561843365891377 ) ) ;
#3055 = CARTESIAN_POINT ( 'NONE',  ( -68.02388392350869140, 29.98456005054444162, 166.0820768548770161 ) ) ;
#3056 = CARTESIAN_POINT ( 'NONE',  ( -0.5000000000002202682, 47.02905211924537809, 200.1826763077941393 ) ) ;
#3057 = CARTESIAN_POINT ( 'NONE',  ( 0.3915235740209659365, 39.55886559410163272, 100.2866400619281677 ) ) ;
#3058 = CARTESIAN_POINT ( 'NONE',  ( 2.532048840793089894, 47.35085390811771333, 199.7156569387475145 ) ) ;
#3059 = CARTESIAN_POINT ( 'NONE',  ( 28.34182685986741390, -0.004202851225297739302, -27.54135597287860193 ) ) ;
#3060 = CARTESIAN_POINT ( 'NONE',  ( -14.61713605283470763, 44.60612277303756201, 256.7277770913618156 ) ) ;
#3061 = CARTESIAN_POINT ( 'NONE',  ( -47.71194077525052535, 30.10201878446011747, 198.5431885299140617 ) ) ;
#3062 = CARTESIAN_POINT ( 'NONE',  ( 0.000000000000000000, -1.100564968850144654, 529.4234485653213369 ) ) ;
#3063 = EDGE_LOOP ( 'NONE', ( #2736, #7014, #1669, #5587 ) ) ;
#3064 = CARTESIAN_POINT ( 'NONE',  ( 25.37492923275504708, 39.44561262727408746, 227.9815736181293175 ) ) ;
#3065 = CARTESIAN_POINT ( 'NONE',  ( 11.14991236500637761, 33.74146764645136898, 71.13213429663001364 ) ) ;
#3066 = CARTESIAN_POINT ( 'NONE',  ( -26.18953983761221238, 36.91106575199729889, 134.0869966931336137 ) ) ;
#3067 = DIRECTION ( 'NONE',  ( 0.000000000000000000, -1.000000000000000000, 0.000000000000000000 ) ) ;
#3068 = CARTESIAN_POINT ( 'NONE',  ( -7.305579986101098378, 43.43624882062744774, 205.6456474149352402 ) ) ;
#3069 = CARTESIAN_POINT ( 'NONE',  ( -1.625096845062358186, 47.14373364252509901, 228.9144459501762299 ) ) ;
#3070 = B_SPLINE_CURVE_WITH_KNOTS ( 'NONE', 3,
 ( #2820, #2256, #4965, #2716, #1062, #1094, #988, #6690, #7246, #4477, #6767, #6729, #1693, #1584, #535, #2111, #1657 ),
 .UNSPECIFIED., .F., .F.,
 ( 4, 2, 2, 1, 1, 1, 2, 2, 1, 1, 4 ),
 ( 0.2639686750622647349, 0.3037089417502026878, 0.3136440084221872038, 0.3235790750941717198, 0.3434492084381407517, 0.3633193417821097837, 0.3732544084540942997, 0.3757381751220904564, 0.3782219417900866132, 0.3831894751260788157, 0.4229297418140164355 ),
 .UNSPECIFIED. ) ;
#3071 = ORIENTED_EDGE ( 'NONE', *, *, #5413, .T. ) ;
#3072 = EDGE_CURVE ( 'NONE', #116, #6737, #2294, .T. ) ;
#3073 = CARTESIAN_POINT ( 'NONE',  ( 0.4754769994019773516, 43.93694795402981157, 168.5216292055692691 ) ) ;
#3074 = CARTESIAN_POINT ( 'NONE',  ( -0.4186394252335588484, 41.30902457550904927, 117.1685342701232173 ) ) ;
#3075 = CARTESIAN_POINT ( 'NONE',  ( -77.40947463289504071, 21.01930611802427151, 121.3389839466043583 ) ) ;
#3076 = CARTESIAN_POINT ( 'NONE',  ( 0.3382352574558729619, 30.58845482834778551, 41.35614189644739014 ) ) ;
#3077 = CARTESIAN_POINT ( 'NONE',  ( 7.192754217908762904, -10.02745025890519770, 556.6295491338239572 ) ) ;
#3078 = CARTESIAN_POINT ( 'NONE',  ( -35.66697731966415574, -11.64039430091011873, 495.5372216640326997 ) ) ;
#3079 = CARTESIAN_POINT ( 'NONE',  ( -11.50739618677160259, 26.91114483427308102, 36.53708100145716031 ) ) ;
#3080 = CARTESIAN_POINT ( 'NONE',  ( 1.240397304842907111, 17.08031719385537528, 458.4040238591230150 ) ) ;
#3081 = DIRECTION ( 'NONE',  ( 0.000000000000000000, 0.9756403112553634349, -0.2193763502603177096 ) ) ;
#3082 = CARTESIAN_POINT ( 'NONE',  ( 7.053569696294416325, 42.12858376085258527, 146.4838691362627685 ) ) ;
#3083 = ADVANCED_FACE ( 'NONE', ( #4082 ), #4116, .F. ) ;
#3084 = CARTESIAN_POINT ( 'NONE',  ( 29.37393574633550486, 26.91771852076695382, 47.53795166894791180 ) ) ;
#3085 = CARTESIAN_POINT ( 'NONE',  ( -5.207458288353442377, 36.98554998661915505, 84.76286798087313912 ) ) ;
#3086 = CARTESIAN_POINT ( 'NONE',  ( -1.730417408365614973, 47.76473948255436142, 204.8872388650783591 ) ) ;
#3087 = CARTESIAN_POINT ( 'NONE',  ( -0.000000000000000000, 47.33542885269875455, 200.2372026227381241 ) ) ;
#3088 = CARTESIAN_POINT ( 'NONE',  ( 3.313916258227276757, 1.354737596468937211, -46.71700391772461813 ) ) ;
#3089 = EDGE_LOOP ( 'NONE', ( #5050, #6868, #1278, #2648 ) ) ;
#3090 = CARTESIAN_POINT ( 'NONE',  ( -1.846556865358519373, 35.94018628671963000, 73.42832978079614747 ) ) ;
#3091 = CARTESIAN_POINT ( 'NONE',  ( -149.9999999999997442, 16.09349136664861390, 256.0566200932159404 ) ) ;
#3092 = VERTEX_POINT ( 'NONE', #1830 ) ;
#3093 = CARTESIAN_POINT ( 'NONE',  ( -0.2667025572980080694, 41.65558263129460670, 121.0533120216183534 ) ) ;
#3094 = CARTESIAN_POINT ( 'NONE',  ( -31.13558783430243437, 38.03022564616883017, 125.0000000000001137 ) ) ;
#3095 = CARTESIAN_POINT ( 'NONE',  ( 5.587499551228210848, 39.79093887138094487, 110.3570395522211527 ) ) ;
#3096 = CARTESIAN_POINT ( 'NONE',  ( 1.651685534176720482, 47.42955830738226553, 200.4343121068152698 ) ) ;
#3097 = CARTESIAN_POINT ( 'NONE',  ( 28.52649240996227320, -9.360615050134562409, -39.65852415072266979 ) ) ;
#3098 = CARTESIAN_POINT ( 'NONE',  ( -49.32634856228757059, 20.28886164836126582, 276.4091044601491944 ) ) ;
#3099 = CARTESIAN_POINT ( 'NONE',  ( 0.5988236243368685319, 42.52977205100356883, 132.9770262836759684 ) ) ;
#3100 = CARTESIAN_POINT ( 'NONE',  ( -0.7310486981965987896, -8.789701471681548028, 555.1481419457635411 ) ) ;
#3101 = VECTOR ( 'NONE', #7176, 1000.000000000000000 ) ;
#3102 = B_SPLINE_CURVE_WITH_KNOTS ( 'NONE', 3,
 ( #1775, #6389, #2973, #5792, #6424, #683, #6949, #4129, #1808, #1844, #1283, #720, #2380, #4094 ),
 .UNSPECIFIED., .F., .F.,
 ( 4, 2, 2, 2, 2, 2, 4 ),
 ( 0.000000000000000000, 0.0004899703074484054385, 0.0009799406148968108771, 0.001469910922345216316, 0.001959881229793621754, 0.002939821844690432631, 0.003919762459587243508 ),
 .UNSPECIFIED. ) ;
#3103 = CARTESIAN_POINT ( 'NONE',  ( 43.71639288715492455, 27.88643169703354019, 118.6818612466586984 ) ) ;
#3104 = ORIENTED_EDGE ( 'NONE', *, *, #6297, .T. ) ;
#3105 = CARTESIAN_POINT ( 'NONE',  ( 5.149900060292242010, 43.47980397167225419, 216.0890786713150362 ) ) ;
#3106 = CARTESIAN_POINT ( 'NONE',  ( -0.3383410844389071470, 36.46281093140331109, 74.92683704546583101 ) ) ;
#3107 = CARTESIAN_POINT ( 'NONE',  ( -9.940941391305642583, 39.93904448287641173, 121.0427939451396497 ) ) ;
#3108 = CARTESIAN_POINT ( 'NONE',  ( 7.500000000000000000, 29.65611229232975887, 44.34370561850344927 ) ) ;
#3109 = CARTESIAN_POINT ( 'NONE',  ( -2.532048840793089894, 47.35085390811771333, 199.7156569387475145 ) ) ;
#3110 = CARTESIAN_POINT ( 'NONE',  ( -4.604280313718622786, 43.75084556439146866, 204.5481823904658256 ) ) ;
#3111 = CARTESIAN_POINT ( 'NONE',  ( 48.09887603462018291, 19.47765558591667556, 290.8986780379959782 ) ) ;
#3112 = ORIENTED_EDGE ( 'NONE', *, *, #495, .F. ) ;
#3113 = CARTESIAN_POINT ( 'NONE',  ( 6.551150899007895489, 43.21733097433008197, 170.5998861857573274 ) ) ;
#3114 = CARTESIAN_POINT ( 'NONE',  ( -0.4567483422444820751, 41.92671849602124468, 125.5894449438166305 ) ) ;
#3115 = CARTESIAN_POINT ( 'NONE',  ( -9.038935942379033861, 44.65478929440413225, 133.3990811073386169 ) ) ;
#3116 = CARTESIAN_POINT ( 'NONE',  ( -6.397201804843846595, 29.78327756651865599, 43.33602631223186563 ) ) ;
#3117 = CARTESIAN_POINT ( 'NONE',  ( -2.487019022906116206, 47.31620504904262248, 182.9223553589222320 ) ) ;
#3118 = CARTESIAN_POINT ( 'NONE',  ( -2.463040405063526617, 2.764101418705058322, 515.2409785199594126 ) ) ;
#3119 = ADVANCED_FACE ( 'NONE', ( #5254 ), #2961, .F. ) ;
#3120 = CARTESIAN_POINT ( 'NONE',  ( -9.529757938454903154, 27.33176742078863342, 36.02147162557581339 ) ) ;
#3121 = CARTESIAN_POINT ( 'NONE',  ( -2.172075125309121724, 16.89621306203804707, 458.4249543244469578 ) ) ;
#3122 = CARTESIAN_POINT ( 'NONE',  ( -1.535318913500756555, 47.44407963124377403, 199.8991669183874365 ) ) ;
#3123 = CARTESIAN_POINT ( 'NONE',  ( -2.500000000000223821, 43.89305973373147651, 182.9178939828193506 ) ) ;
#3124 = CARTESIAN_POINT ( 'NONE',  ( -3.787723224579192749, 37.17015445662799777, 84.16826035662839445 ) ) ;
#3125 = CARTESIAN_POINT ( 'NONE',  ( 12.20178374623678863, 24.99215593519244649, 410.8332455709494866 ) ) ;
#3126 = CARTESIAN_POINT ( 'NONE',  ( -3.554181413012626578, 42.99037506571880130, 153.4838691362626548 ) ) ;
#3127 = CARTESIAN_POINT ( 'NONE',  ( -1.878238518609093521, 8.033333812045590605, -35.84821112819088995 ) ) ;
#3128 = ORIENTED_EDGE ( 'NONE', *, *, #7158, .F. ) ;
#3129 = CARTESIAN_POINT ( 'NONE',  ( -7.588307884681650073, 36.95806704971491996, 87.79637567492562766 ) ) ;
#3130 = CARTESIAN_POINT ( 'NONE',  ( 0.8666741317026296354, 31.46901978515835552, 29.51441602890792737 ) ) ;
#3131 = ORIENTED_EDGE ( 'NONE', *, *, #1685, .T. ) ;
#3132 = CARTESIAN_POINT ( 'NONE',  ( 20.08068032466772124, 36.37620340645099049, 108.2952748260049276 ) ) ;
#3133 = CARTESIAN_POINT ( 'NONE',  ( -9.053569696294232472, 43.14593247498685002, 206.4838691362629390 ) ) ;
#3134 = CARTESIAN_POINT ( 'NONE',  ( 2.500000000000234035, 46.75821274693984719, 183.1826763077941109 ) ) ;
#3135 = CARTESIAN_POINT ( 'NONE',  ( 150.0000000000002558, 12.91824135705855703, 236.2496330257888815 ) ) ;
#3136 = CARTESIAN_POINT ( 'NONE',  ( -13.31731313304985065, 40.34142002891250200, 313.2908567742186392 ) ) ;
#3137 = EDGE_CURVE ( 'NONE', #6349, #5192, #6835, .T. ) ;
#3138 = CARTESIAN_POINT ( 'NONE',  ( -1.133662758297218076, 42.91804973297809056, 144.9804639541559084 ) ) ;
#3139 = CARTESIAN_POINT ( 'NONE',  ( -2.194752706739981907, -9.508866867582225879, 557.5849067725088162 ) ) ;
#3140 = VECTOR ( 'NONE', #497, 1000.000000000000000 ) ;
#3141 = CARTESIAN_POINT ( 'NONE',  ( 5.995358365196880257, 38.59138800972274197, 98.95881793883401656 ) ) ;
#3142 = EDGE_LOOP ( 'NONE', ( #395, #2966, #1233, #7297 ) ) ;
#3143 = DIRECTION ( 'NONE',  ( 0.000000000000000000, -1.000000000000000000, 0.000000000000000000 ) ) ;
#3144 = CARTESIAN_POINT ( 'NONE',  ( -0.1058843934515982105, 37.66492562617739992, 83.35614998966504174 ) ) ;
#3145 = CARTESIAN_POINT ( 'NONE',  ( 0.4404731527627168131, 41.31168971988435601, 117.1687571484303874 ) ) ;
#3146 = CARTESIAN_POINT ( 'NONE',  ( 2.500000000000238476, 46.75821274693984719, 183.1826763077941109 ) ) ;
#3147 = CARTESIAN_POINT ( 'NONE',  ( -26.15835791003152977, 39.45158128268431597, 218.0257248311756939 ) ) ;
#3148 = CARTESIAN_POINT ( 'NONE',  ( 47.31906922256367665, 15.57846502002442612, 326.4192049172317525 ) ) ;
#3149 = ORIENTED_EDGE ( 'NONE', *, *, #2447, .T. ) ;
#3150 = CARTESIAN_POINT ( 'NONE',  ( 0.6770519227912398241, 43.91518455477496019, 168.5536922297742706 ) ) ;
#3151 = CARTESIAN_POINT ( 'NONE',  ( -0.3535177718449462603, 41.91431919949359042, 125.5896047614211426 ) ) ;
#3152 = CARTESIAN_POINT ( 'NONE',  ( -52.53891573317806518, 18.24069168520677664, 252.3546242644533777 ) ) ;
#3153 = CARTESIAN_POINT ( 'NONE',  ( -1.823365315860512981, 30.32984178587681257, 41.51803526948214795 ) ) ;
#3154 = AXIS2_PLACEMENT_3D ( 'NONE', #4054, #2374, #575 ) ;
#3155 = CARTESIAN_POINT ( 'NONE',  ( 7.500000000000000000, 26.89192133595479817, 23.34162837863043549 ) ) ;
#3156 = CARTESIAN_POINT ( 'NONE',  ( -2.554997525492479937, -7.414538782993829180, 550.3635908939758110 ) ) ;
#3157 = LINE ( 'NONE', #3790, #5432 ) ;
#3158 = CARTESIAN_POINT ( 'NONE',  ( -149.9999999999995453, 8.360301161202400522, 362.6762669712815068 ) ) ;
#3159 = CARTESIAN_POINT ( 'NONE',  ( -1.385045800803476723, 46.93163564886314987, 199.9809586904097785 ) ) ;
#3160 = FACE_OUTER_BOUND ( 'NONE', #1313, .T. ) ;
#3161 = B_SPLINE_CURVE_WITH_KNOTS ( 'NONE', 3,
 ( #6561, #3183, #4757, #779, #3705, #3033 ),
 .UNSPECIFIED., .F., .F.,
 ( 4, 2, 4 ),
 ( 0.000000000000000000, 0.009882196995311036056, 0.01976439399062207211 ),
 .UNSPECIFIED. ) ;
#3162 = CARTESIAN_POINT ( 'NONE',  ( 1.913171683458406047, -24.72062763175912892, -76.21716178040844625 ) ) ;
#3163 = CARTESIAN_POINT ( 'NONE',  ( -5.911837238062852329, 36.89171350591925602, 85.11290729786216502 ) ) ;
#3164 = CARTESIAN_POINT ( 'NONE',  ( 12.50381132325683886, 27.83116567873787162, 396.5693299386862805 ) ) ;
#3165 = CARTESIAN_POINT ( 'NONE',  ( -2.500000000000233147, 46.81180828428416874, 188.1825514996155277 ) ) ;
#3166 = CARTESIAN_POINT ( 'NONE',  ( -0.9489435702740910417, -1.972889249273659606, -51.67460940504316369 ) ) ;
#3167 = EDGE_LOOP ( 'NONE', ( #314, #678, #7086, #5431 ) ) ;
#3168 = DIRECTION ( 'NONE',  ( 0.000000000000000000, 1.000000000000000000, 1.644517855226013126E-15 ) ) ;
#3169 = CARTESIAN_POINT ( 'NONE',  ( -10.71961130750829305, 36.07779793481478237, 62.31912070581579144 ) ) ;
#3170 = EDGE_LOOP ( 'NONE', ( #3984, #705, #6188, #4261 ) ) ;
#3171 = CARTESIAN_POINT ( 'NONE',  ( 40.56588523612453656, 32.11513317946200630, 147.7525946681460312 ) ) ;
#3172 = CARTESIAN_POINT ( 'NONE',  ( -9.053569696294387015, 42.39373897954072135, 158.1443084574393652 ) ) ;
#3173 = CARTESIAN_POINT ( 'NONE',  ( 11.76711777406544357, 23.42470861069366350, 9.197752124484701142 ) ) ;
#3174 = CARTESIAN_POINT ( 'NONE',  ( 1.412905495387613675, 40.21919022833552049, 320.0005269926185747 ) ) ;
#3175 = CARTESIAN_POINT ( 'NONE',  ( -5.930039197236132154, 41.71070613973730445, 134.8227694186442989 ) ) ;
#3176 = CARTESIAN_POINT ( 'NONE',  ( 2.865643619534015141, -19.79597498845155457, -71.17153684286878956 ) ) ;
#3177 = CARTESIAN_POINT ( 'NONE',  ( 1.796133432857862200, 37.72051407543478518, 85.36542046190491817 ) ) ;
#3178 = ORIENTED_EDGE ( 'NONE', *, *, #1130, .F. ) ;
#3179 = CARTESIAN_POINT ( 'NONE',  ( -2.416530473154318357E-28, 43.13024683737754117, 146.4838691362627401 ) ) ;
#3180 = CARTESIAN_POINT ( 'NONE',  ( 7.796311696360714194, 35.41577993398179558, 77.66694087146149172 ) ) ;
#3181 = CARTESIAN_POINT ( 'NONE',  ( -6.447150557907300517, 40.42683374217151737, 119.2391595031699865 ) ) ;
#3182 = CARTESIAN_POINT ( 'NONE',  ( 2.553569696294410551, 41.75449789290554037, 149.4838691362627401 ) ) ;
#3183 = CARTESIAN_POINT ( 'NONE',  ( -3.286733481003436541, 47.13314977862513899, 213.8493118905533947 ) ) ;
#3184 = CARTESIAN_POINT ( 'NONE',  ( -29.31283903159681259, 38.41500886506167234, 221.0585265612344870 ) ) ;
#3185 = CARTESIAN_POINT ( 'NONE',  ( 1.793437411546241478, 45.87555291334074070, 252.9410945478491897 ) ) ;
#3186 = B_SPLINE_CURVE_WITH_KNOTS ( 'NONE', 3,
 ( #1276, #7015, #4656, #3044 ),
 .UNSPECIFIED., .F., .F.,
 ( 4, 4 ),
 ( 0.000000000000000000, 0.01500008745376043250 ),
 .UNSPECIFIED. ) ;
#3187 = CARTESIAN_POINT ( 'NONE',  ( -0.5100602719269522467, 44.17705915641460024, 180.0724191706672741 ) ) ;
#3188 = CARTESIAN_POINT ( 'NONE',  ( 34.69535009772472023, 25.46496067913149020, 69.59742302265071601 ) ) ;
#3189 = B_SPLINE_SURFACE_WITH_KNOTS ( 'NONE', 3, 1, ( 
 ( #4981, #1598 ),
 ( #5989, #3363 ),
 ( #16, #5654 ),
 ( #3463, #6815 ) ),
 .UNSPECIFIED., .F., .F., .F.,
 ( 4, 4 ),
 ( 2, 2 ),
 ( 0.000000000000000000, 0.4882588207351395981 ),
 ( 0.000000000000000000, 1.000000000000000000 ),
 .UNSPECIFIED. ) ;
#3190 = CARTESIAN_POINT ( 'NONE',  ( 1.578577519813644470, 40.94661473732806911, 79.90822356737034227 ) ) ;
#3191 = CARTESIAN_POINT ( 'NONE',  ( 0.2924550196617163866, 30.58288840548486220, 41.35287253701788046 ) ) ;
#3192 = CARTESIAN_POINT ( 'NONE',  ( -2.499603098590926553, 47.31614362925964201, 183.0483120767775347 ) ) ;
#3193 = LINE ( 'NONE', #5481, #207 ) ;
#3194 = CARTESIAN_POINT ( 'NONE',  ( 1.727095457449282501, 46.84234435031120114, 181.5819791452752270 ) ) ;
#3195 = CARTESIAN_POINT ( 'NONE',  ( -2.331263078060942462, 10.18293184117968941, 486.7884037760323963 ) ) ;
#3196 = CARTESIAN_POINT ( 'NONE',  ( 2.553569696294397229, 139.2235650228607540, 153.4838691362628822 ) ) ;
#3197 = CARTESIAN_POINT ( 'NONE',  ( -2.296237121957465543, 43.90875514693152581, 182.2935499576054781 ) ) ;
#3198 = PLANE ( 'NONE',  #3441 ) ;
#3199 = CARTESIAN_POINT ( 'NONE',  ( 0.01825206649630220154, 37.65389056574832694, 83.35611021321756198 ) ) ;
#3200 = CARTESIAN_POINT ( 'NONE',  ( -1.056736817095856207, 28.61635723899053474, 400.7706135039534843 ) ) ;
#3201 = CARTESIAN_POINT ( 'NONE',  ( 45.70542344736741569, 27.77482535180642031, 125.0000000000000000 ) ) ;
#3202 = CARTESIAN_POINT ( 'NONE',  ( 55.69582423788891390, 7.770729441803534421, 222.6473521244176652 ) ) ;
#3203 = ORIENTED_EDGE ( 'NONE', *, *, #5126, .F. ) ;
#3204 = CARTESIAN_POINT ( 'NONE',  ( 3.000000000000238476, 46.75821274693984719, 183.1826763077941109 ) ) ;
#3205 = CARTESIAN_POINT ( 'NONE',  ( -10.24811798180279787, 39.43337803868414682, 83.18633069079341169 ) ) ;
#3206 = VERTEX_POINT ( 'NONE', #2891 ) ;
#3207 = VECTOR ( 'NONE', #4707, 1000.000000000000000 ) ;
#3208 = CARTESIAN_POINT ( 'NONE',  ( -0.03399855804397367010, 40.49929929024160913, 109.1026025102042212 ) ) ;
#3209 = DIRECTION ( 'NONE',  ( 9.257875081218991030E-15, 1.644517855226013126E-15, -1.000000000000000000 ) ) ;
#3210 = DIRECTION ( 'NONE',  ( 0.000000000000000000, -1.000000000000000000, 0.000000000000000000 ) ) ;
#3211 = CARTESIAN_POINT ( 'NONE',  ( 55.43352450434293388, 9.557879841706116153, 226.4234727364798800 ) ) ;
#3212 = CARTESIAN_POINT ( 'NONE',  ( -5.873798239311764924, 35.98697079100605123, 353.7225482438468589 ) ) ;
#3213 = CARTESIAN_POINT ( 'NONE',  ( -1.647919747680781866, 41.41976330742514989, 121.2732413088065755 ) ) ;
#3214 = CARTESIAN_POINT ( 'NONE',  ( -12.54926442142181209, -19.83559714904187743, -65.17547834017919683 ) ) ;
#3215 = ADVANCED_FACE ( 'NONE', ( #111 ), #4580, .F. ) ;
#3216 = CARTESIAN_POINT ( 'NONE',  ( -0.4385028097866817687, 39.42212151907205708, 97.15174798799915834 ) ) ;
#3217 = EDGE_LOOP ( 'NONE', ( #214, #7125, #800, #5491 ) ) ;
#3218 = CARTESIAN_POINT ( 'NONE',  ( 47.21422484718903689, 34.16078362664388379, 194.5157351995602539 ) ) ;
#3219 = CARTESIAN_POINT ( 'NONE',  ( -42.27838953370382313, 29.38781685692329404, 124.9999999999998579 ) ) ;
#3220 = CARTESIAN_POINT ( 'NONE',  ( -0.2371762053622736843, 37.68145897317994297, 83.35854063069605502 ) ) ;
#3221 = CARTESIAN_POINT ( 'NONE',  ( -2.276932075929328558, 39.32111986768023115, 100.5927092789424933 ) ) ;
#3222 = CARTESIAN_POINT ( 'NONE',  ( -25.43317608892126458, 39.94211548572512527, 125.0000000000000568 ) ) ;
#3223 = CARTESIAN_POINT ( 'NONE',  ( -11.25495078632787838, 42.74600664875102041, 184.4749177693479396 ) ) ;
#3224 = CARTESIAN_POINT ( 'NONE',  ( 149.9999999999997442, 16.89020687609928828, 297.3968004075345561 ) ) ;
#3225 = VECTOR ( 'NONE', #5031, 1000.000000000000000 ) ;
#3226 = CARTESIAN_POINT ( 'NONE',  ( 11.25495079853820890, 42.74600664681821627, 184.4749177743267410 ) ) ;
#3227 = CARTESIAN_POINT ( 'NONE',  ( -0.3153518855607185811, 30.58567137635120758, 41.35444700680334762 ) ) ;
#3228 = CARTESIAN_POINT ( 'NONE',  ( 0.000000000000000000, -7.286313120370254026, 550.2112436993119218 ) ) ;
#3229 = LINE ( 'NONE', #5078, #2187 ) ;
#3230 = CARTESIAN_POINT ( 'NONE',  ( -7.160819457957491529, 29.68946712401220367, 43.75327392576775054 ) ) ;
#3231 = CARTESIAN_POINT ( 'NONE',  ( -2.486987331551835823, 46.75648144201452538, 182.9201427224077747 ) ) ;
#3232 = CARTESIAN_POINT ( 'NONE',  ( -7.193853010854474483, -10.41107745454391420, 557.8597997808570881 ) ) ;
#3233 = CARTESIAN_POINT ( 'NONE',  ( 5.551620045011604887, 42.69920818264554896, 153.4838691362627117 ) ) ;
#3234 = PLANE ( 'NONE',  #5822 ) ;
#3235 = CARTESIAN_POINT ( 'NONE',  ( 0.7614011009978781663, 44.09838752552106200, 200.1697763010087385 ) ) ;
#3236 = CARTESIAN_POINT ( 'NONE',  ( 49.97506628626792491, 28.55586672050979757, 182.6583007969467758 ) ) ;
#3237 = CARTESIAN_POINT ( 'NONE',  ( -2.500000000000238476, 50.00000000000000000, 183.1826763077941109 ) ) ;
#3238 = CARTESIAN_POINT ( 'NONE',  ( 0.1058843934515982105, 37.66492562617739992, 83.35614998966504174 ) ) ;
#3239 = CARTESIAN_POINT ( 'NONE',  ( 5.833484303085390010, 40.14202268965824771, 320.0000000000000568 ) ) ;
#3240 = DIRECTION ( 'NONE',  ( -1.000000000000000000, 0.000000000000000000, -3.934968648599341538E-15 ) ) ;
#3241 = CARTESIAN_POINT ( 'NONE',  ( -0.8988173065986810872, 24.74562245569138952, 4.905429404791115111 ) ) ;
#3242 = VERTEX_POINT ( 'NONE', #4 ) ;
#3243 = CARTESIAN_POINT ( 'NONE',  ( -54.30462465543457995, 23.79250896370409052, 150.7320212944474633 ) ) ;
#3244 = ADVANCED_FACE ( 'NONE', ( #635 ), #4936, .F. ) ;
#3245 = CARTESIAN_POINT ( 'NONE',  ( -44.49566077598581870, 36.56622561671095895, 287.9162384457418966 ) ) ;
#3246 = VERTEX_POINT ( 'NONE', #6556 ) ;
#3247 = CARTESIAN_POINT ( 'NONE',  ( 6.284414142095062772, 39.68377338761489170, 111.0787273679206208 ) ) ;
#3248 = VECTOR ( 'NONE', #1234, 1000.000000000000227 ) ;
#3249 = CARTESIAN_POINT ( 'NONE',  ( 0.000000000000000000, 47.57416251593267731, 200.6869432474837254 ) ) ;
#3250 = CARTESIAN_POINT ( 'NONE',  ( 6.316085397354918918, 41.06602307982687705, 127.6083353756016550 ) ) ;
#3251 = CARTESIAN_POINT ( 'NONE',  ( 0.000000000000000000, 28.21750440619399214, 17.07389157737171459 ) ) ;
#3252 = CARTESIAN_POINT ( 'NONE',  ( -48.87671600598984867, 11.59101201867309783, 351.9235384047881894 ) ) ;
#3253 = CARTESIAN_POINT ( 'NONE',  ( 0.2667025773948104583, 41.65558263380398785, 121.0533120221478356 ) ) ;
#3254 = CARTESIAN_POINT ( 'NONE',  ( -3.313916258227276757, 1.354737596468937211, -46.71700391772461813 ) ) ;
#3255 = CARTESIAN_POINT ( 'NONE',  ( -0.5000958196069276163, 39.42982627936142137, 97.15365933396481068 ) ) ;
#3256 = EDGE_LOOP ( 'NONE', ( #5062, #3333, #5614, #3881 ) ) ;
#3257 = CARTESIAN_POINT ( 'NONE',  ( 36.81058800508166939, 39.16190977216628966, 208.2712089903856452 ) ) ;
#3258 = CARTESIAN_POINT ( 'NONE',  ( -27.56744686910734288, 35.73485248018729266, 125.0000000000000568 ) ) ;
#3259 = CARTESIAN_POINT ( 'NONE',  ( -0.1934122680587151977, 37.67594785751242625, 83.35774375035238393 ) ) ;
#3260 = CARTESIAN_POINT ( 'NONE',  ( -6.250015741725272633, 39.70141614571439703, 110.6786661757893313 ) ) ;
#3261 = CARTESIAN_POINT ( 'NONE',  ( -3.980972991365653968, 44.72343064342429386, 125.0000000000001137 ) ) ;
#3262 = CARTESIAN_POINT ( 'NONE',  ( -9.053569696294418989, 41.89642500607784825, 148.4838691362627685 ) ) ;
#3263 = CARTESIAN_POINT ( 'NONE',  ( -1.839025556434949138, 43.93700450112107347, 180.4558674967188949 ) ) ;
#3264 = CARTESIAN_POINT ( 'NONE',  ( 13.89565711704575790, 43.38650797797856740, 278.5011269604131598 ) ) ;
#3265 = CARTESIAN_POINT ( 'NONE',  ( -0.1922578125931495019, 44.28339832962201683, 191.7427028473722146 ) ) ;
#3266 = CARTESIAN_POINT ( 'NONE',  ( -0.1319255727477315898, 30.56341557725284019, 41.34411419354293571 ) ) ;
#3267 = CARTESIAN_POINT ( 'NONE',  ( 0.7295355504911777977, -7.249700490246020479, 550.1677435810472616 ) ) ;
#3268 = CARTESIAN_POINT ( 'NONE',  ( -0.000000000000000000, 45.79680654822739427, 132.8083881915140978 ) ) ;
#3269 = CARTESIAN_POINT ( 'NONE',  ( -0.06998583751769482664, 28.71350601818030768, 33.02712498920135431 ) ) ;
#3270 = DIRECTION ( 'NONE',  ( -9.257875081218991030E-15, 1.644517855226013126E-15, -1.000000000000000000 ) ) ;
#3271 = CARTESIAN_POINT ( 'NONE',  ( 0.000000000000000000, 29.59506050207342653, 44.25806788755794940 ) ) ;
#3272 = CARTESIAN_POINT ( 'NONE',  ( -44.63958358593146869, 35.52307916768250351, 199.8215577890291570 ) ) ;
#3273 = CARTESIAN_POINT ( 'NONE',  ( 7.934968050281324459, 41.99329278744988159, 146.6838197827214287 ) ) ;
#3274 = CARTESIAN_POINT ( 'NONE',  ( 36.38316393110403624, 34.43313233672839146, 151.5269093184077178 ) ) ;
#3275 = CARTESIAN_POINT ( 'NONE',  ( 0.9524719360756089825, -9.975947145280258610, -61.05127630084054857 ) ) ;
#3276 = B_SPLINE_CURVE_WITH_KNOTS ( 'NONE', 3,
 ( #1095, #3874, #3384, #2717, #5675, #3273, #1623, #2153, #4967, #6091, #5606, #1063, #2788, #6208, #1659, #5566 ),
 .UNSPECIFIED., .F., .F.,
 ( 4, 2, 2, 2, 2, 2, 2, 4 ),
 ( 7.806255641895631925E-18, 0.0003924430329006855091, 0.0007848860658013632119, 0.001177329098702041077, 0.001569772131602718617, 0.001962215164503396374, 0.002354658197404074348, 0.003139544263205504022 ),
 .UNSPECIFIED. ) ;
#3277 = CARTESIAN_POINT ( 'NONE',  ( -7.086131518807544438, 35.51158269796662381, 77.28067003666984647 ) ) ;
#3278 = MANIFOLD_SOLID_BREP ( 'Przeciêcie1[2]', #3423 ) ;
#3279 = CARTESIAN_POINT ( 'NONE',  ( 13.31731313304985065, 39.58377582248513704, 320.0000000000000568 ) ) ;
#3280 = DIRECTION ( 'NONE',  ( 0.000000000000000000, -0.9999927794083126598, -0.003800148844157491459 ) ) ;
#3281 = CARTESIAN_POINT ( 'NONE',  ( 150.0000000000002558, 12.91824135705855703, 236.2496330257888815 ) ) ;
#3282 = EDGE_LOOP ( 'NONE', ( #2057, #7216, #1204, #4694 ) ) ;
#3283 = CARTESIAN_POINT ( 'NONE',  ( -2.234516423906524718, 46.78125601044784787, 182.1783905599592117 ) ) ;
#3284 = CARTESIAN_POINT ( 'NONE',  ( -1.713508947173772556, 44.39393462227350540, 275.9439818675760421 ) ) ;
#3285 = ORIENTED_EDGE ( 'NONE', *, *, #4276, .F. ) ;
#3286 = CARTESIAN_POINT ( 'NONE',  ( 2.089676346246319483, 46.79817619463809564, 181.9620028670410647 ) ) ;
#3287 = AXIS2_PLACEMENT_3D ( 'NONE', #1705, #6253, #2799 ) ;
#3288 = CARTESIAN_POINT ( 'NONE',  ( -5.551690055571852689, 139.2235650228606687, 206.4838691362629675 ) ) ;
#3289 = CARTESIAN_POINT ( 'NONE',  ( -2.358139725155972144E-14, 44.06376640360269903, 209.2946719853691491 ) ) ;
#3290 = CARTESIAN_POINT ( 'NONE',  ( 26.35674988608645464, 25.04923993672376170, 32.44508452609948534 ) ) ;
#3291 = CARTESIAN_POINT ( 'NONE',  ( -1.649437573462356754, 38.88726402745196253, 331.8909477606557630 ) ) ;
#3292 = CARTESIAN_POINT ( 'NONE',  ( -13.21674022248728519, 39.80485227516779645, 126.8501373581481175 ) ) ;
#3293 = CARTESIAN_POINT ( 'NONE',  ( -12.42468602756070162, 0.8701743984461717263, -41.28002289990918428 ) ) ;
#3294 = CARTESIAN_POINT ( 'NONE',  ( -0.1330089198103541481, 37.96443566182407636, 85.16608003369682933 ) ) ;
#3295 = VERTEX_POINT ( 'NONE', #2546 ) ;
#3296 = CARTESIAN_POINT ( 'NONE',  ( 47.95336329600104364, 33.73484249250626732, 192.1437596984836205 ) ) ;
#3297 = CARTESIAN_POINT ( 'NONE',  ( -2.339449086157818724E-28, 41.75449789290554037, 149.4838691362627401 ) ) ;
#3298 = CARTESIAN_POINT ( 'NONE',  ( 3.131899334735948059, 36.02648389319341504, 75.46630175765741910 ) ) ;
#3299 = CARTESIAN_POINT ( 'NONE',  ( -1.220378091714665159, 40.35701382394302072, 108.8434737181383838 ) ) ;
#3300 = CARTESIAN_POINT ( 'NONE',  ( 2.500000000000238476, 43.89587077626221401, 183.1826763077941109 ) ) ;
#3301 = CARTESIAN_POINT ( 'NONE',  ( -9.053569696294418989, 41.88277735818756753, 148.2187604094699509 ) ) ;
#3302 = CARTESIAN_POINT ( 'NONE',  ( 0.2121434028277216499, 44.14769347512162767, 180.0952417617945116 ) ) ;
#3303 = CARTESIAN_POINT ( 'NONE',  ( 47.69512756224418126, 13.92142524552201266, 338.3749908464645841 ) ) ;
#3304 = CARTESIAN_POINT ( 'NONE',  ( 5.255027942367948235, 43.54847062098357924, 181.6604523125924118 ) ) ;
#3305 = CARTESIAN_POINT ( 'NONE',  ( 46.31429581360275449, 22.79271407635789970, 93.27672511041531322 ) ) ;
#3306 = CARTESIAN_POINT ( 'NONE',  ( 2.195384728526888374, -9.905849853371190505, 558.8450598447288939 ) ) ;
#3307 = CARTESIAN_POINT ( 'NONE',  ( 7.887985808387612430, 43.30181048341977856, 206.4838691362627401 ) ) ;
#3308 = CARTESIAN_POINT ( 'NONE',  ( 0.3721734419350770096, 28.76603317194725662, 33.04974361181760401 ) ) ;
#3309 = CARTESIAN_POINT ( 'NONE',  ( -2.562910308763635570, -10.10991166068970415, 559.0556826788819080 ) ) ;
#3310 = CARTESIAN_POINT ( 'NONE',  ( 5.551620045011603111, 43.65333313975762763, 197.0646994815102460 ) ) ;
#3311 = CARTESIAN_POINT ( 'NONE',  ( 0.000000000000000000, 47.04784670202291608, 181.1826763077941109 ) ) ;
#3312 = CARTESIAN_POINT ( 'NONE',  ( 1.016414875806215257, 44.07566040698747400, 200.1192228718308854 ) ) ;
#3313 = CARTESIAN_POINT ( 'NONE',  ( 7.410693677177333072, 40.65969884582688820, 123.6168592351269098 ) ) ;
#3314 = CARTESIAN_POINT ( 'NONE',  ( 0.9520731639543362768, -8.547617495532426446, -59.58324036534521895 ) ) ;
#3315 = VECTOR ( 'NONE', #6129, 1000.000000000000000 ) ;
#3316 = CARTESIAN_POINT ( 'NONE',  ( -7.931333590829123814, 34.17648380430811272, 69.30549317099610107 ) ) ;
#3317 = CARTESIAN_POINT ( 'NONE',  ( -0.7032787781051501597, 2.973172933655187311, 514.9865767782636112 ) ) ;
#3318 = FACE_OUTER_BOUND ( 'NONE', #6901, .T. ) ;
#3319 = CARTESIAN_POINT ( 'NONE',  ( 80.59194385665391280, 16.18280436951648937, 103.7926928775323461 ) ) ;
#3320 = ORIENTED_EDGE ( 'NONE', *, *, #1526, .T. ) ;
#3321 = CARTESIAN_POINT ( 'NONE',  ( -27.27401821541823068, 32.06077492409086460, 91.00166381877531308 ) ) ;
#3322 = CARTESIAN_POINT ( 'NONE',  ( 1.536255518351238303, 46.03229346627335872, 252.4759691116221347 ) ) ;
#3323 = ORIENTED_EDGE ( 'NONE', *, *, #3869, .F. ) ;
#3324 = EDGE_CURVE ( 'NONE', #1986, #2771, #7117, .T. ) ;
#3325 = CARTESIAN_POINT ( 'NONE',  ( 1.501285395677814494, 46.87074937120304696, 181.4463880138726779 ) ) ;
#3326 = FACE_OUTER_BOUND ( 'NONE', #6468, .T. ) ;
#3327 = CARTESIAN_POINT ( 'NONE',  ( 2.972288463451770113, 33.79696142559792804, 41.75401259452486613 ) ) ;
#3328 = CARTESIAN_POINT ( 'NONE',  ( -41.23236433532566281, 22.69079723528891179, 379.8779995718708165 ) ) ;
#3329 = B_SPLINE_CURVE_WITH_KNOTS ( 'NONE', 3,
 ( #5100, #2243, #4532, #4950, #6821, #1678, #3964, #6258 ),
 .UNSPECIFIED., .F., .F.,
 ( 4, 2, 2, 4 ),
 ( 0.000000000000000000, 0.004941252845306114312, 0.009882505690612228624, 0.01976501138122445725 ),
 .UNSPECIFIED. ) ;
#3330 = CARTESIAN_POINT ( 'NONE',  ( 0.3774575507663759377, 40.54177057719153510, 109.1012813244358171 ) ) ;
#3331 = CARTESIAN_POINT ( 'NONE',  ( -0.000000000000000000, -8.574914396861032628, -59.59239050809556204 ) ) ;
#3332 = UNCERTAINTY_MEASURE_WITH_UNIT (LENGTH_MEASURE( 1.000000000000000082E-05 ), #5358, 'distance_accuracy_value', 'NONE');
#3333 = ORIENTED_EDGE ( 'NONE', *, *, #601, .F. ) ;
#3334 = CARTESIAN_POINT ( 'NONE',  ( 0.000000000000000000, 31.66640068115475515, 47.16354981049583728 ) ) ;
#3335 = CARTESIAN_POINT ( 'NONE',  ( -0.002917033621462079580, 47.57866038727940605, 200.1826763077941109 ) ) ;
#3336 = CARTESIAN_POINT ( 'NONE',  ( -0.1144311023431020397, 38.72075753948642074, 91.81391634276027958 ) ) ;
#3337 = CARTESIAN_POINT ( 'NONE',  ( -1.557829569616505871, 40.31445068620757155, 108.9118489662269980 ) ) ;
#3338 = CARTESIAN_POINT ( 'NONE',  ( 2.928967291241808388E-14, 37.42084218078985458, 58.72214691171559053 ) ) ;
#3339 = CARTESIAN_POINT ( 'NONE',  ( 5.706457925879000470, 28.06096167837772981, 34.65918720110167328 ) ) ;
#3340 = CARTESIAN_POINT ( 'NONE',  ( -5.796606259554852869, 43.31526656823361776, 170.2543013595090144 ) ) ;
#3341 = CARTESIAN_POINT ( 'NONE',  ( 6.363334136993229251, 22.76016894090687614, 428.8992649007137175 ) ) ;
#3342 = CARTESIAN_POINT ( 'NONE',  ( 5.806892277782324641, 43.64965208758223270, 193.5287558745417869 ) ) ;
#3343 = CARTESIAN_POINT ( 'NONE',  ( -0.2831589679295758444, 32.19880254159608768, 49.71369413128359582 ) ) ;
#3344 = CARTESIAN_POINT ( 'NONE',  ( -36.00285309233927933, -6.792297079197776810, 479.3729591887034758 ) ) ;
#3345 = CARTESIAN_POINT ( 'NONE',  ( 30.56350419274784258, 26.70344673278587067, 48.86948383710899435 ) ) ;
#3346 = CARTESIAN_POINT ( 'NONE',  ( -49.12119496345192715, 20.62017405824878580, 93.21506139228139887 ) ) ;
#3347 = CARTESIAN_POINT ( 'NONE',  ( 7.500000000000000000, 26.89192133595479817, 23.34162837863043549 ) ) ;
#3348 = DIRECTION ( 'NONE',  ( 0.000000000000000000, 0.000000000000000000, -1.000000000000000000 ) ) ;
#3349 = CARTESIAN_POINT ( 'NONE',  ( -27.31613602470065771, 42.66906898482488231, 212.8281808264320318 ) ) ;
#3350 = CARTESIAN_POINT ( 'NONE',  ( -2.500000000000235811, 46.80943403607545150, 198.1826763077941393 ) ) ;
#3351 = CARTESIAN_POINT ( 'NONE',  ( 1.601725668530200375, 42.26546899059323437, 133.2110004720003644 ) ) ;
#3352 = CARTESIAN_POINT ( 'NONE',  ( -150.0000000000000568, 3.860833271709796399, 212.5989338358691612 ) ) ;
#3353 = ADVANCED_FACE ( 'NONE', ( #1299 ), #3586, .F. ) ;
#3354 = CARTESIAN_POINT ( 'NONE',  ( -10.95611149737335843, 34.98363356473254981, 79.43500962104990037 ) ) ;
#3355 = CARTESIAN_POINT ( 'NONE',  ( -1.788897586348170865, 20.19855326254756278, 444.2540033977297185 ) ) ;
#3356 = CARTESIAN_POINT ( 'NONE',  ( -36.25572891658335095, 34.91013808559817022, 239.4779360881817922 ) ) ;
#3357 = CARTESIAN_POINT ( 'NONE',  ( 26.35674988608645464, 25.04923993672376170, 32.44508452609948534 ) ) ;
#3358 = ORIENTED_EDGE ( 'NONE', *, *, #7199, .T. ) ;
#3359 = CARTESIAN_POINT ( 'NONE',  ( -38.01706556161139616, 22.01017317847672317, 62.09268858842359862 ) ) ;
#3360 = CARTESIAN_POINT ( 'NONE',  ( 1.316609496952878322, 47.20928880869866617, 155.6670790133530033 ) ) ;
#3361 = ORIENTED_EDGE ( 'NONE', *, *, #6065, .T. ) ;
#3362 = CARTESIAN_POINT ( 'NONE',  ( 1.851029384663030131, 47.37148214598919793, 181.7019430224763141 ) ) ;
#3363 = CARTESIAN_POINT ( 'NONE',  ( 44.16468378019852992, 22.49657194017423478, 106.3776962309288763 ) ) ;
#3364 = CARTESIAN_POINT ( 'NONE',  ( 20.62407662905724592, 42.79110105320698665, 140.4219543533417607 ) ) ;
#3365 = CARTESIAN_POINT ( 'NONE',  ( -12.20178374623678863, 24.99215593519244649, 410.8332455709494866 ) ) ;
#3366 = CARTESIAN_POINT ( 'NONE',  ( -49.97506628623725078, 28.55586672055062536, 182.6583007975663406 ) ) ;
#3367 = CARTESIAN_POINT ( 'NONE',  ( 2.861529713880420545, -14.86190821214616165, -66.10491999415030762 ) ) ;
#3368 = DIRECTION ( 'NONE',  ( 0.000000000000000000, 1.000000000000000000, 1.644517855226013126E-15 ) ) ;
#3369 = CARTESIAN_POINT ( 'NONE',  ( -0.04579836439163249145, 47.07620094312138548, 200.1826763077941393 ) ) ;
#3370 = CARTESIAN_POINT ( 'NONE',  ( -0.4626182885226224339, 38.76447563927731466, 91.82196808890466855 ) ) ;
#3371 = EDGE_CURVE ( 'NONE', #2569, #4231, #7028, .T. ) ;
#3372 = CARTESIAN_POINT ( 'NONE',  ( 7.500000000001194600, 27.76096687752760772, 35.65990972620964783 ) ) ;
#3373 = CARTESIAN_POINT ( 'NONE',  ( 8.119313058762513080, 25.72995576579114285, 27.82610992234369007 ) ) ;
#3374 = CARTESIAN_POINT ( 'NONE',  ( -13.78541893958713160, 42.32988462216610515, 185.9281398728516592 ) ) ;
#3375 = CARTESIAN_POINT ( 'NONE',  ( -1.056736817095856207, 28.61635723899053474, 400.7706135039534843 ) ) ;
#3376 = CARTESIAN_POINT ( 'NONE',  ( 4.134282172267418787, 43.68155104472692329, 181.2052716722086245 ) ) ;
#3377 = CARTESIAN_POINT ( 'NONE',  ( 47.85865800652410229, 23.55087440642654073, 106.2946350579774162 ) ) ;
#3378 = EDGE_CURVE ( 'NONE', #3457, #3246, #5546, .T. ) ;
#3379 = CARTESIAN_POINT ( 'NONE',  ( 2.194752706739981907, -9.508866867582225879, 557.5849067725088162 ) ) ;
#3380 = SURFACE_STYLE_FILL_AREA ( #4575 ) ;
#3381 = CARTESIAN_POINT ( 'NONE',  ( -6.481071152635506927, 27.96903753089864963, 35.08043396815836701 ) ) ;
#3382 = CARTESIAN_POINT ( 'NONE',  ( 0.5904223920471955989, 32.53367023116918233, 35.04931210984616996 ) ) ;
#3383 = FACE_OUTER_BOUND ( 'NONE', #1438, .T. ) ;
#3384 = CARTESIAN_POINT ( 'NONE',  ( 7.313418380278605468, 42.08672886118924339, 146.4966058729045812 ) ) ;
#3385 = CARTESIAN_POINT ( 'NONE',  ( 1.647919767381943901, 41.41976330490058444, 121.2732413123605255 ) ) ;
#3386 = CARTESIAN_POINT ( 'NONE',  ( 2.799917590529235500, 11.95000122839068979, -28.37908123879857314 ) ) ;
#3387 = CARTESIAN_POINT ( 'NONE',  ( -0.6359430287452093600, 35.10958696471073637, 66.50485978776850970 ) ) ;
#3388 = CARTESIAN_POINT ( 'NONE',  ( 6.733608421923275245, 13.22468183324905233, 471.8275841911045632 ) ) ;
#3389 = CARTESIAN_POINT ( 'NONE',  ( -1.848321708431225563, 47.83361918596382623, 180.4427191032446558 ) ) ;
#3390 = ORIENTED_EDGE ( 'NONE', *, *, #4723, .T. ) ;
#3391 = CARTESIAN_POINT ( 'NONE',  ( -19.80743490541562579, 38.03957346311013055, 125.0000000000000853 ) ) ;
#3392 = CARTESIAN_POINT ( 'NONE',  ( 0.5768058027885383243, 47.66852144650732015, 205.0091658014256382 ) ) ;
#3393 = ORIENTED_EDGE ( 'NONE', *, *, #2908, .T. ) ;
#3394 = DIRECTION ( 'NONE',  ( 5.602867245962735462E-30, -1.000000000000000000, -1.644517855226013126E-15 ) ) ;
#3395 = CARTESIAN_POINT ( 'NONE',  ( -7.500000000000000000, 29.59506050207342653, 44.25806788755794940 ) ) ;
#3396 = CARTESIAN_POINT ( 'NONE',  ( -0.7461940103012556502, 43.80372440424493874, 105.2564511888949568 ) ) ;
#3397 = CARTESIAN_POINT ( 'NONE',  ( -6.611810512025710906, 16.54561046290216098, 457.6028839167674960 ) ) ;
#3398 = AXIS2_PLACEMENT_3D ( 'NONE', #5446, #1501, #305 ) ;
#3399 = CARTESIAN_POINT ( 'NONE',  ( -51.08605503504398371, 27.51155808723490637, 174.6823293376568245 ) ) ;
#3400 = CARTESIAN_POINT ( 'NONE',  ( 1.904146327908672554, -8.520320594203820264, -59.57409022259488296 ) ) ;
#3401 = CARTESIAN_POINT ( 'NONE',  ( 48.68357932310267699, 28.95694441347803760, 173.8273547720331749 ) ) ;
#3402 = CARTESIAN_POINT ( 'NONE',  ( 3.719133531756618982, 38.23272973405524056, 92.61409269140621348 ) ) ;
#3403 = CARTESIAN_POINT ( 'NONE',  ( -48.96184446544095437, 33.00089337346151552, 183.6136886649778717 ) ) ;
#3404 = CARTESIAN_POINT ( 'NONE',  ( 1.474710547544382466, 28.54943131467491213, 33.13032141118068097 ) ) ;
#3405 = CARTESIAN_POINT ( 'NONE',  ( -14.72541794596628684, 41.60994484670582949, 163.3156578666623773 ) ) ;
#3406 = CARTESIAN_POINT ( 'NONE',  ( -0.6201986524214535557, 17.04685725042859801, 458.4078278594934659 ) ) ;
#3407 = ADVANCED_FACE ( 'NONE', ( #5468 ), #2058, .F. ) ;
#3408 = CARTESIAN_POINT ( 'NONE',  ( 23.77607211015649114, 40.34233188476254384, 204.5628649903457017 ) ) ;
#3409 = CARTESIAN_POINT ( 'NONE',  ( 3.288871966330839225, 31.76583036268504401, 50.27614784603211007 ) ) ;
#3410 = DIRECTION ( 'NONE',  ( 0.000000000000000000, 0.000000000000000000, 1.000000000000000000 ) ) ;
#3411 = CARTESIAN_POINT ( 'NONE',  ( 9.911180473873667296, 43.69255752420823313, 125.0000000000000853 ) ) ;
#3412 = CARTESIAN_POINT ( 'NONE',  ( 0.003432574477968752986, 26.64424950133699355, 24.81296093122723789 ) ) ;
#3413 = CARTESIAN_POINT ( 'NONE',  ( -9.053569696294415436, 139.2235650228607540, 148.4838691362629390 ) ) ;
#3414 = CARTESIAN_POINT ( 'NONE',  ( -30.08515321646829932, 41.75668511545642048, 211.9102970230671872 ) ) ;
#3415 = CARTESIAN_POINT ( 'NONE',  ( -0.4233225766126774703, 36.22472767354866363, 73.24398924362138530 ) ) ;
#3416 = CARTESIAN_POINT ( 'NONE',  ( 43.87522568367222675, 31.87467213580730174, 178.6195217108737268 ) ) ;
#3417 = CARTESIAN_POINT ( 'NONE',  ( -3.289006796241746411, 7.681208134219242645, -36.06530541306337057 ) ) ;
#3418 = CARTESIAN_POINT ( 'NONE',  ( 0.1736245800233485181, 35.21077491079959998, 66.48511881429315906 ) ) ;
#3419 = CARTESIAN_POINT ( 'NONE',  ( 6.953941588068372148, 6.120562770953910992, 500.2070897956710951 ) ) ;
#3420 = CARTESIAN_POINT ( 'NONE',  ( 0.000000000000000000, 47.03654387356198185, 229.1256845389213481 ) ) ;
#3421 = VERTEX_POINT ( 'NONE', #6673 ) ;
#3422 = CARTESIAN_POINT ( 'NONE',  ( -7.500000000000000000, 26.89192133595479817, 23.34162837863043549 ) ) ;
#3423 = CLOSED_SHELL ( 'NONE', ( #6814, #7316, #1189, #6893, #5150, #135, #7228, #917, #4699, #3495, #1380, #2343 ) ) ;
#3424 = CARTESIAN_POINT ( 'NONE',  ( 0.5283684085479281034, 28.60797005037408525, 400.7130692314507883 ) ) ;
#3425 = ORIENTED_EDGE ( 'NONE', *, *, #2908, .F. ) ;
#3426 = LINE ( 'NONE', #1671, #1958 ) ;
#3427 = CARTESIAN_POINT ( 'NONE',  ( 9.053569696294415436, 139.2235650228607540, 148.4838691362629390 ) ) ;
#3428 = CARTESIAN_POINT ( 'NONE',  ( 8.431562461238529593, 46.07402497580898171, 158.2968993032507683 ) ) ;
#3429 = CARTESIAN_POINT ( 'NONE',  ( 3.334374282861684691, -8.670514282707921794, -59.62443636531153857 ) ) ;
#3430 = CARTESIAN_POINT ( 'NONE',  ( -38.69183588737984536, 10.25441671295230073, 424.1220012238796357 ) ) ;
#3431 = CARTESIAN_POINT ( 'NONE',  ( 0.3769098220206814620, 39.41441676158637364, 97.14983664309519895 ) ) ;
#3432 = CARTESIAN_POINT ( 'NONE',  ( -56.08762438136983519, 3.832698960004560895, 215.3449030486479501 ) ) ;
#3433 = SURFACE_STYLE_FILL_AREA ( #5728 ) ;
#3434 = CARTESIAN_POINT ( 'NONE',  ( 2.321131626438470263, 38.41291532462378910, 92.13681909548077442 ) ) ;
#3435 = B_SPLINE_CURVE_WITH_KNOTS ( 'NONE', 3,
 ( #5285, #1823, #4609, #6896 ),
 .UNSPECIFIED., .F., .F.,
 ( 4, 4 ),
 ( 1.110223024625156540E-16, 0.0007000284528092805226 ),
 .UNSPECIFIED. ) ;
#3436 = CARTESIAN_POINT ( 'NONE',  ( -1.913171683458406047, -24.72062763175912892, -76.21716178040844625 ) ) ;
#3437 = EDGE_CURVE ( 'NONE', #4853, #1306, #4564, .T. ) ;
#3438 = CARTESIAN_POINT ( 'NONE',  ( 1.120932679357826700, 26.51626266521418884, 24.85958590673380897 ) ) ;
#3439 = CARTESIAN_POINT ( 'NONE',  ( -46.58568549395823766, 30.79024886079071166, 206.4683828735273607 ) ) ;
#3440 = CARTESIAN_POINT ( 'NONE',  ( -1.649037557037112522, 25.94552207819153722, 415.5304132493203042 ) ) ;
#3441 = AXIS2_PLACEMENT_3D ( 'NONE', #3237, #2603, #3836 ) ;
#3442 = CARTESIAN_POINT ( 'NONE',  ( -0.1829550978676133255, 43.96593948784930461, 214.6346237667854950 ) ) ;
#3443 = CARTESIAN_POINT ( 'NONE',  ( 11.50945904871352354, 30.72427111782039333, 54.63403102376003062 ) ) ;
#3444 = CARTESIAN_POINT ( 'NONE',  ( -0.5000000000002202682, 44.12162845365831743, 200.1826763077941393 ) ) ;
#3445 = CARTESIAN_POINT ( 'NONE',  ( 0.000000000000000000, 47.55029173357762318, 180.6771448133950742 ) ) ;
#3446 = CARTESIAN_POINT ( 'NONE',  ( 8.078565594260567195E-09, 43.96890531627143162, 213.8493118463000826 ) ) ;
#3447 = CARTESIAN_POINT ( 'NONE',  ( 2.500000000000239364, 46.80943403607544440, 198.1826763077940825 ) ) ;
#3448 = CARTESIAN_POINT ( 'NONE',  ( -0.1969820462324067545, 32.57899066373688157, 35.04931211241085265 ) ) ;
#3449 = VERTEX_POINT ( 'NONE', #3334 ) ;
#3450 = CARTESIAN_POINT ( 'NONE',  ( -0.1175323355420973825, 36.18634870687033356, 73.23153447687120376 ) ) ;
#3451 = CARTESIAN_POINT ( 'NONE',  ( 6.166754834087322834, 42.28755895632203732, 146.7947961973044073 ) ) ;
#3452 = CARTESIAN_POINT ( 'NONE',  ( 2.817357777913640060, 8.097330774758388472, -35.80875540050892170 ) ) ;
#3453 = CARTESIAN_POINT ( 'NONE',  ( 0.2376800818209823252, 32.19321015785637030, 49.71099669899336959 ) ) ;
#3454 = EDGE_CURVE ( 'NONE', #3700, #3924, #5505, .T. ) ;
#3455 = CARTESIAN_POINT ( 'NONE',  ( 2.172075125309121724, 16.89621306203804707, 458.4249543244469578 ) ) ;
#3456 = VECTOR ( 'NONE', #4247, 1000.000000000000000 ) ;
#3457 = VERTEX_POINT ( 'NONE', #3179 ) ;
#3458 = CARTESIAN_POINT ( 'NONE',  ( -5.667666856667974429E-14, 41.82782143490219084, 124.9999999999999858 ) ) ;
#3459 = CARTESIAN_POINT ( 'NONE',  ( -149.9999999999999432, 13.01685150340217767, 333.3876767047953535 ) ) ;
#3460 = ORIENTED_EDGE ( 'NONE', *, *, #2981, .F. ) ;
#3461 = CARTESIAN_POINT ( 'NONE',  ( 47.53294449997751059, 30.12769938648014545, 193.5950966823127715 ) ) ;
#3462 = CARTESIAN_POINT ( 'NONE',  ( -5.919498785797264517, 39.74629763774094471, 110.5149823895069545 ) ) ;
#3463 = CARTESIAN_POINT ( 'NONE',  ( 39.63749387989575013, 31.29850771630850303, 69.18754356468517130 ) ) ;
#3464 = EDGE_CURVE ( 'NONE', #611, #5260, #3626, .T. ) ;
#3465 = CARTESIAN_POINT ( 'NONE',  ( 149.9999999999998863, 13.60113310668955400, 239.5281348986660817 ) ) ;
#3466 = CARTESIAN_POINT ( 'NONE',  ( 56.47713021477131434, -8.444831254075669591, 200.0310506176295462 ) ) ;
#3467 = CARTESIAN_POINT ( 'NONE',  ( 0.000000000000000000, -9.605528623052503434, 557.6875022617330160 ) ) ;
#3468 = CARTESIAN_POINT ( 'NONE',  ( -43.36991288665390698, 30.97661305026711176, 154.3363817295625893 ) ) ;
#3469 = CARTESIAN_POINT ( 'NONE',  ( -86.04165046946579309, -0.9836248390333799385, 62.57548133218611497 ) ) ;
#3470 = DIRECTION ( 'NONE',  ( 0.000000000000000000, 0.2193763502603176541, 0.9756403112553633239 ) ) ;
#3471 = CARTESIAN_POINT ( 'NONE',  ( -0.2008143757663850282, 38.73161050942397310, 91.81486466420270176 ) ) ;
#3472 = DIRECTION ( 'NONE',  ( 0.000000000000000000, -1.644517855226013126E-15, 1.000000000000000000 ) ) ;
#3473 = CARTESIAN_POINT ( 'NONE',  ( 6.868377766013762376, 27.92307545715910777, 35.29105735168671742 ) ) ;
#3474 = CARTESIAN_POINT ( 'NONE',  ( 0.3500438920104657625, 43.67992156328180187, 156.6731875623679286 ) ) ;
#3475 = CARTESIAN_POINT ( 'NONE',  ( 6.848877587165034697, 9.753616543240035242, 486.0167545655663162 ) ) ;
#3476 = CARTESIAN_POINT ( 'NONE',  ( 0.4799607876029675646, 44.15526977074235759, 203.3584684494068995 ) ) ;
#3477 = CARTESIAN_POINT ( 'NONE',  ( 2.495995803399293500, 33.47257529269259635, 58.39129480948662376 ) ) ;
#3478 = CARTESIAN_POINT ( 'NONE',  ( 0.1302223470047130238, 41.88744713759843563, 125.5936897524936597 ) ) ;
#3479 = FACE_OUTER_BOUND ( 'NONE', #1413, .T. ) ;
#3480 = CARTESIAN_POINT ( 'NONE',  ( 2.087138539388912584, 43.92803497456115025, 181.9586360085319825 ) ) ;
#3481 = CARTESIAN_POINT ( 'NONE',  ( -3.807133855311084947, 43.61696674654290717, 215.6086066480401371 ) ) ;
#3482 = CARTESIAN_POINT ( 'NONE',  ( -7.500000000001194600, 27.76096687752760772, 35.65990972620964783 ) ) ;
#3483 = CARTESIAN_POINT ( 'NONE',  ( -7.500000000000000000, 24.89192133595483725, 23.34162837863042839 ) ) ;
#3484 = EDGE_LOOP ( 'NONE', ( #5160, #916, #4115, #3814, #5785 ) ) ;
#3485 = CARTESIAN_POINT ( 'NONE',  ( -0.2391271127991251577, 36.20161426339482347, 73.23561843294270091 ) ) ;
#3486 = CARTESIAN_POINT ( 'NONE',  ( 48.83819605659230945, 29.41378870808386381, 190.6179941855599793 ) ) ;
#3487 = CARTESIAN_POINT ( 'NONE',  ( -3.268646977093212946, 11.48290530004461019, -28.67737780092130606 ) ) ;
#3488 = CARTESIAN_POINT ( 'NONE',  ( -4.728235854112623926, 33.19534129906452335, 59.21989323333660593 ) ) ;
#3489 = CARTESIAN_POINT ( 'NONE',  ( 9.652764452307431853, -8.494098938562002488, 541.5631860185608275 ) ) ;
#3490 = ORIENTED_EDGE ( 'NONE', *, *, #5009, .F. ) ;
#3491 = CARTESIAN_POINT ( 'NONE',  ( -2.007376837317794038, 41.57801410556562161, 124.9999999999999574 ) ) ;
#3492 = CARTESIAN_POINT ( 'NONE',  ( -13.31731313304985065, 39.58377582248513704, 320.0000000000000568 ) ) ;
#3493 = DIRECTION ( 'NONE',  ( -3.361026734705083861E-15, 1.734723475976817547E-15, -1.000000000000000000 ) ) ;
#3494 = CARTESIAN_POINT ( 'NONE',  ( 36.80664775674384970, 35.45198087260425979, 208.2740537659995539 ) ) ;
#3495 = ADVANCED_FACE ( 'NONE', ( #3855 ), #6189, .T. ) ;
#3496 = CARTESIAN_POINT ( 'NONE',  ( 0.1666812113359588954, 44.15107611431394474, 200.1826763077939688 ) ) ;
#3497 = CARTESIAN_POINT ( 'NONE',  ( -13.08445416719175647, 36.91951981788582771, 97.65532782538815582 ) ) ;
#3498 = FACE_OUTER_BOUND ( 'NONE', #1703, .T. ) ;
#3499 = CARTESIAN_POINT ( 'NONE',  ( 0.000000000000000000, 47.03654387356198185, 229.1256845389213481 ) ) ;
#3500 = CARTESIAN_POINT ( 'NONE',  ( -2.857415808226826837, -9.927841435840775830, -61.03830314543180435 ) ) ;
#3501 = CARTESIAN_POINT ( 'NONE',  ( -1.271299960958107267, 39.20698023961404033, 97.25808167942399507 ) ) ;
#3502 = CARTESIAN_POINT ( 'NONE',  ( -12.12700268568815254, 15.00943372669715004, -14.20656591047415240 ) ) ;
#3503 = CARTESIAN_POINT ( 'NONE',  ( 0.000000000000000000, 47.55029173357762318, 180.6771448133950742 ) ) ;
#3504 = CARTESIAN_POINT ( 'NONE',  ( 0.9045926080594910434, 39.49452996211176270, 100.3334762682122800 ) ) ;
#3505 = AXIS2_PLACEMENT_3D ( 'NONE', #5972, #828, #5408 ) ;
#3506 = CARTESIAN_POINT ( 'NONE',  ( 28.58244982384469424, -15.21890313945408657, -45.70561207615780575 ) ) ;
#3507 = CARTESIAN_POINT ( 'NONE',  ( 0.000000000000000000, 47.06380252744634163, 155.7186040356210128 ) ) ;
#3508 = CARTESIAN_POINT ( 'NONE',  ( 0.4032427997135042408, 43.68577455497241147, 156.6709920315651345 ) ) ;
#3509 = CARTESIAN_POINT ( 'NONE',  ( 55.71564899923829728, 1.205407876259681377, 399.7257200711499081 ) ) ;
#3510 = B_SPLINE_CURVE_WITH_KNOTS ( 'NONE', 3,
 ( #6041, #5472, #335, #2626, #4915, #2139, #6230, #4427, #976, #6824, #1647, #3899, #5593, #4994, #3301, #3262 ),
 .UNSPECIFIED., .F., .F.,
 ( 4, 2, 2, 2, 2, 2, 2, 4 ),
 ( 7.806255641895631925E-18, 0.0003924430329006855091, 0.0007848860658013632119, 0.001177329098702041077, 0.001569772131602718617, 0.001962215164503396374, 0.002354658197404074348, 0.003139544263205504022 ),
 .UNSPECIFIED. ) ;
#3511 = CARTESIAN_POINT ( 'NONE',  ( 34.62138223914040935, 36.07045033905767895, 227.6127024732652728 ) ) ;
#3512 = CARTESIAN_POINT ( 'NONE',  ( 7.324743362227099652, 32.86304659099766923, 60.55667462928040123 ) ) ;
#3513 = CARTESIAN_POINT ( 'NONE',  ( -0.3573968388758132497, 41.82848626451235674, 125.6227694908397581 ) ) ;
#3514 = CARTESIAN_POINT ( 'NONE',  ( 0.5505272624623879230, 47.49506067536788834, 180.6769762434212794 ) ) ;
#3515 = CARTESIAN_POINT ( 'NONE',  ( 1.016030718276942579, 44.03515552886845796, 181.2460336058415749 ) ) ;
#3516 = CARTESIAN_POINT ( 'NONE',  ( 0.1669182947555882812, 44.21119708178714802, 203.2682371720777041 ) ) ;
#3517 = CARTESIAN_POINT ( 'NONE',  ( -0.5000000000002202682, 44.12162845365831743, 200.1826763077941393 ) ) ;
#3518 = EDGE_LOOP ( 'NONE', ( #5357, #6215, #354, #2685 ) ) ;
#3519 = CARTESIAN_POINT ( 'NONE',  ( 0.5904223920471955989, 29.52443753821325956, 35.04931210984616996 ) ) ;
#3520 = CARTESIAN_POINT ( 'NONE',  ( 1.518780365365793417, 43.46953827599882203, 156.9260441971122475 ) ) ;
#3521 = CARTESIAN_POINT ( 'NONE',  ( -11.07186743597200973, 32.81523294668829749, 45.76036132870854090 ) ) ;
#3522 = CARTESIAN_POINT ( 'NONE',  ( -7.693329535967814437, 32.81494152654043006, 60.76083331035566459 ) ) ;
#3523 = B_SPLINE_CURVE_WITH_KNOTS ( 'NONE', 3,
 ( #6863, #2396, #701, #4678 ),
 .UNSPECIFIED., .F., .F.,
 ( 4, 4 ),
 ( 1.110223024625156540E-16, 0.0007000284528092805226 ),
 .UNSPECIFIED. ) ;
#3524 = FACE_OUTER_BOUND ( 'NONE', #3282, .T. ) ;
#3525 = ADVANCED_FACE ( 'NONE', ( #4498 ), #6786, .F. ) ;
#3526 = VERTEX_POINT ( 'NONE', #5588 ) ;
#3527 = CARTESIAN_POINT ( 'NONE',  ( -25.91611067184569706, 23.83524256794682472, 44.19728159148871072 ) ) ;
#3528 = CARTESIAN_POINT ( 'NONE',  ( 0.4709684984625378545, 41.02653431879563328, 312.7840159696370392 ) ) ;
#3529 = FACE_OUTER_BOUND ( 'NONE', #5344, .T. ) ;
#3530 = CARTESIAN_POINT ( 'NONE',  ( -29.37393574633550486, 26.91771852076695382, 47.53795166894791180 ) ) ;
#3531 = CARTESIAN_POINT ( 'NONE',  ( -46.51167189136872793, 31.76071163458829005, 134.7448022892977235 ) ) ;
#3532 = CARTESIAN_POINT ( 'NONE',  ( -6.707929099968671594, 38.73723694438703546, 102.4492501934710305 ) ) ;
#3533 = CARTESIAN_POINT ( 'NONE',  ( 7.500000000001194600, 27.76096687752760772, 35.65990972620964783 ) ) ;
#3534 = CARTESIAN_POINT ( 'NONE',  ( -0.5120851727837461009, 45.98408210575418309, 252.6190356612356140 ) ) ;
#3535 = LINE ( 'NONE', #835, #3820 ) ;
#3536 = CARTESIAN_POINT ( 'NONE',  ( 28.66915185648158726, -24.29590384187719465, -55.07514469556929271 ) ) ;
#3537 = EDGE_LOOP ( 'NONE', ( #3285, #687, #6181, #1101 ) ) ;
#3538 = EDGE_CURVE ( 'NONE', #1476, #3004, #7037, .T. ) ;
#3539 = CARTESIAN_POINT ( 'NONE',  ( -10.81447042986570217, 36.49930997623324203, 89.65277508682943619 ) ) ;
#3540 = CARTESIAN_POINT ( 'NONE',  ( 2.737942552675891594, 20.88679572981984478, -7.018861411523644733 ) ) ;
#3541 = ORIENTED_EDGE ( 'NONE', *, *, #946, .F. ) ;
#3542 = CARTESIAN_POINT ( 'NONE',  ( -0.4422262326644786357, 40.56407110302364316, 108.7226114354327819 ) ) ;
#3543 = CARTESIAN_POINT ( 'NONE',  ( 3.055740260237096884, 47.25506751184101262, 183.1773503352326316 ) ) ;
#3544 = CARTESIAN_POINT ( 'NONE',  ( -0.9520731639543362768, -8.547617495532426446, -59.58324036534521895 ) ) ;
#3545 = AXIS2_PLACEMENT_3D ( 'NONE', #3196, #1503, #5484 ) ;
#3546 = CARTESIAN_POINT ( 'NONE',  ( -51.70263860078125617, 19.26326618461806461, 258.1664659383015419 ) ) ;
#3547 = CARTESIAN_POINT ( 'NONE',  ( 0.2552027495648174771, 43.07930505139860600, 144.8299558187035814 ) ) ;
#3548 = CARTESIAN_POINT ( 'NONE',  ( -0.7032787781051501597, 2.973172933655187311, 514.9865767782636112 ) ) ;
#3549 = CARTESIAN_POINT ( 'NONE',  ( 0.1316750484506560293, 43.94143319164265904, 214.6770588797996879 ) ) ;
#3550 = CARTESIAN_POINT ( 'NONE',  ( -0.3825249416345795073, 36.46836399447658295, 74.92904277088793208 ) ) ;
#3551 = CARTESIAN_POINT ( 'NONE',  ( 0.3738107349655657718, 41.91675782321584620, 125.5895006114513563 ) ) ;
#3552 = CARTESIAN_POINT ( 'NONE',  ( 4.553479419457771904, 42.84888976506547920, 153.4838691362627969 ) ) ;
#3553 = CARTESIAN_POINT ( 'NONE',  ( -0.3111528129996577463, 43.92731546751750216, 214.7032244249927828 ) ) ;
#3554 = CARTESIAN_POINT ( 'NONE',  ( 2.613339197210340359, 43.38578146962264270, 105.1797038346670092 ) ) ;
#3555 = ORIENTED_EDGE ( 'NONE', *, *, #3903, .T. ) ;
#3556 = CARTESIAN_POINT ( 'NONE',  ( 3.681213057612001016, 42.60960887570784905, 145.7034733970292564 ) ) ;
#3557 = CARTESIAN_POINT ( 'NONE',  ( 29.56640336473758879, 36.12484093182626310, 137.7783059669371823 ) ) ;
#3558 = CARTESIAN_POINT ( 'NONE',  ( -27.28012801745004268, 17.82243023528065962, 9.515898732818438788 ) ) ;
#3559 = CARTESIAN_POINT ( 'NONE',  ( -1.047029601332707838, 32.03655655704301353, 49.74987416707509169 ) ) ;
#3560 = CARTESIAN_POINT ( 'NONE',  ( 35.77127347892401588, -9.639532146028656712, 488.8322980861877340 ) ) ;
#3561 = EDGE_LOOP ( 'NONE', ( #6778, #3767, #46, #968 ) ) ;
#3562 = CARTESIAN_POINT ( 'NONE',  ( -48.96184446544095437, 29.10081148751607927, 183.6136886649778717 ) ) ;
#3563 = CARTESIAN_POINT ( 'NONE',  ( 1.056736817095856207, 28.61635723899053474, 400.7706135039534843 ) ) ;
#3564 = CARTESIAN_POINT ( 'NONE',  ( -0.7086349762999107904, 47.51269798594295679, 200.6866724889203795 ) ) ;
#3565 = CARTESIAN_POINT ( 'NONE',  ( -6.472797090670905362, 31.55819799520197222, 35.47315352003277411 ) ) ;
#3566 = FACE_OUTER_BOUND ( 'NONE', #1421, .T. ) ;
#3567 = CARTESIAN_POINT ( 'NONE',  ( 0.3518963463420546334, 38.75058862163187001, 91.81801615401295180 ) ) ;
#3568 = DIRECTION ( 'NONE',  ( 0.000000000000000000, 0.000000000000000000, -1.000000000000000000 ) ) ;
#3569 = CARTESIAN_POINT ( 'NONE',  ( 52.51231461823631719, 36.78377033823687015, 237.1480678699628015 ) ) ;
#3570 = CARTESIAN_POINT ( 'NONE',  ( 7.997163870635471739, 40.58030095104113855, 124.9999999999998721 ) ) ;
#3571 = CARTESIAN_POINT ( 'NONE',  ( 56.52914563521074598, -13.16024702830548954, 195.5971044673015626 ) ) ;
#3572 = ORIENTED_EDGE ( 'NONE', *, *, #5374, .T. ) ;
#3573 = CARTESIAN_POINT ( 'NONE',  ( -3.251987518240824659, 37.53470618413748383, 85.74534144225088994 ) ) ;
#3574 = AXIS2_PLACEMENT_3D ( 'NONE', #2070, #7243, #267 ) ;
#3575 = CARTESIAN_POINT ( 'NONE',  ( 0.8834387404823768053, 28.31537238341890372, 17.13475425666132068 ) ) ;
#3576 = CARTESIAN_POINT ( 'NONE',  ( -2.500000000000235811, 46.80943403607545150, 198.1826763077941393 ) ) ;
#3577 = CARTESIAN_POINT ( 'NONE',  ( 27.28043733596132725, 35.14791647796268848, 118.5416949092565204 ) ) ;
#3578 = CARTESIAN_POINT ( 'NONE',  ( 2.794172847665929549, 47.32748690611329323, 199.2968387433116106 ) ) ;
#3579 = B_SPLINE_CURVE_WITH_KNOTS ( 'NONE', 3,
 ( #4422, #3219, #6713, #2660, #3258, #5627, #411, #6151, #1011, #450, #7232, #2738 ),
 .UNSPECIFIED., .F., .F.,
 ( 4, 2, 2, 2, 2, 4 ),
 ( 0.01471260061933281696, 0.02686911659144972792, 0.03902563256356664234, 0.05118214853568354983, 0.05726040652174199663, 0.06333866450780044344 ),
 .UNSPECIFIED. ) ;
#3580 = CARTESIAN_POINT ( 'NONE',  ( -1.904146327908672554, -8.520320594203820264, -59.57409022259488296 ) ) ;
#3581 = CARTESIAN_POINT ( 'NONE',  ( -46.58558245345534488, 37.13275647413672687, 271.3152778191255265 ) ) ;
#3582 = CARTESIAN_POINT ( 'NONE',  ( 0.04445777446284711332, 42.46402958549046502, 132.9892928531618566 ) ) ;
#3583 = CARTESIAN_POINT ( 'NONE',  ( 54.57948805689258620, 2.996616612384304545, 392.2234430773698364 ) ) ;
#3584 =( BOUNDED_SURFACE ( )  B_SPLINE_SURFACE ( 3, 2, ( 
 ( #3543, #4216, #5352 ),
 ( #4821, #209, #692 ),
 ( #2501, #1931, #1370 ),
 ( #4670, #5948, #4255 ),
 ( #3694, #656, #2946 ),
 ( #98, #7372, #5577 ),
 ( #3885, #5652, #5618 ),
 ( #1038, #4452, #3286 ),
 ( #2124, #6182, #1105 ),
 ( #4978, #3362, #7403 ),
 ( #6252, #6220, #6702 ),
 ( #546, #2764, #3325 ),
 ( #512, #5054, #6741 ),
 ( #477, #1704, #4410 ),
 ( #1635, #2728, #3925 ),
 ( #1075, #1140, #2798 ) ),
 .UNSPECIFIED., .F., .F., .T. ) 
 B_SPLINE_SURFACE_WITH_KNOTS ( ( 4, 2, 2, 2, 2, 2, 2, 4 ),
 ( 3, 3 ),
 ( 0.000000000000000000, 0.0004893763327853002101, 0.0009787526655706004202, 0.001468128998355900522, 0.001957505331141200840, 0.002446881663926501159, 0.002936257996711801044, 0.003915010662282401681 ),
 ( 0.000000000000000000, 1.000000000000000000 ),
 .UNSPECIFIED. ) 
 GEOMETRIC_REPRESENTATION_ITEM ( )  RATIONAL_B_SPLINE_SURFACE ( (
 ( 1.000000000000000000, 0.6665281237600904074, 1.000000000000000000),
 ( 1.000000000000000000, 0.6662192138514043682, 1.000000000000000000),
 ( 1.000000000000000000, 0.6662051708370149150, 1.000000000000000000),
 ( 1.000000000000000000, 0.6667520536545197274, 1.000000000000000000),
 ( 1.000000000000000000, 0.6673232268603281891, 1.000000000000000000),
 ( 1.000000000000000000, 0.6690109038427971555, 1.000000000000000000),
 ( 1.000000000000000000, 0.6701172707279591245, 1.000000000000000000),
 ( 1.000000000000000000, 0.6728239491522439719, 1.000000000000000000),
 ( 1.000000000000000000, 0.6744378745828527588, 1.000000000000000000),
 ( 1.000000000000000000, 0.6779948320059836497, 1.000000000000000000),
 ( 1.000000000000000000, 0.6799502809606556841, 1.000000000000000000),
 ( 1.000000000000000000, 0.6841858189411658131, 1.000000000000000000),
 ( 1.000000000000000000, 0.6864284838484353557, 1.000000000000000000),
 ( 1.000000000000000000, 0.6933301996807337275, 1.000000000000000000),
 ( 1.000000000000000000, 0.6982853219684614920, 1.000000000000000000),
 ( 1.000000000000000000, 0.7030646738580362820, 1.000000000000000000) ) ) 
 REPRESENTATION_ITEM ( '' )  SURFACE ( )  );
#3585 = ADVANCED_FACE ( 'NONE', ( #5626 ), #5099, .F. ) ;
#3586 = CYLINDRICAL_SURFACE ( 'NONE', #6841, 2.000000000000001776 ) ;
#3587 = CARTESIAN_POINT ( 'NONE',  ( -0.08406943609859798827, 35.19955760578859838, 66.48239991866395826 ) ) ;
#3588 = CARTESIAN_POINT ( 'NONE',  ( 0.3567431179034762367, 41.30146120036674517, 117.1680548184899209 ) ) ;
#3589 = CARTESIAN_POINT ( 'NONE',  ( -0.5000000000002202682, 47.02905211924537809, 200.1826763077941393 ) ) ;
#3590 = DIRECTION ( 'NONE',  ( 0.0001000150855714512891, 0.000000000000000000, 0.9999999949984912373 ) ) ;
#3591 = CARTESIAN_POINT ( 'NONE',  ( -23.77607210431783002, 40.34233188643929680, 204.5628649867629463 ) ) ;
#3592 = CARTESIAN_POINT ( 'NONE',  ( 150.0000000000003126, 16.71071704159100690, 262.7461542768186291 ) ) ;
#3593 = ORIENTED_EDGE ( 'NONE', *, *, #1493, .T. ) ;
#3594 = EDGE_CURVE ( 'NONE', #5053, #5393, #520, .T. ) ;
#3595 = CARTESIAN_POINT ( 'NONE',  ( -0.5389829265528348623, 44.04412914619906161, 168.4289923530612327 ) ) ;
#3596 = CARTESIAN_POINT ( 'NONE',  ( 0.8631161638035934613, 41.15140934542639428, 117.2461218370079763 ) ) ;
#3597 = CARTESIAN_POINT ( 'NONE',  ( 2.600022395107888684, 31.67003230040083039, 29.63291989188160258 ) ) ;
#3598 = CARTESIAN_POINT ( 'NONE',  ( 0.4245343256545957011, 32.21611402665117652, 49.72283512427591745 ) ) ;
#3599 = CARTESIAN_POINT ( 'NONE',  ( 0.000000000000000000, -9.605528623052503434, 557.6875022617330160 ) ) ;
#3600 = CARTESIAN_POINT ( 'NONE',  ( -36.00285309233927933, -6.792297079197776810, 479.3729591887034758 ) ) ;
#3601 = VERTEX_POINT ( 'NONE', #5306 ) ;
#3602 = CARTESIAN_POINT ( 'NONE',  ( -39.76887358507481451, 34.11019084603980644, 205.8369775581730892 ) ) ;
#3603 = CARTESIAN_POINT ( 'NONE',  ( -6.363334136993229251, 22.76016894090687614, 428.8992649007137175 ) ) ;
#3604 = ORIENTED_EDGE ( 'NONE', *, *, #4966, .T. ) ;
#3605 = CARTESIAN_POINT ( 'NONE',  ( 1.894643296418418998E-14, 36.13558662491366391, 72.93035873579380279 ) ) ;
#3606 = CARTESIAN_POINT ( 'NONE',  ( 3.634787783257653615E-14, 32.93963793554068076, 53.57149736832803200 ) ) ;
#3607 = CARTESIAN_POINT ( 'NONE',  ( -1.623363709392927845, 38.50146473434814709, 91.99678749213552464 ) ) ;
#3608 = CARTESIAN_POINT ( 'NONE',  ( 49.29743671353512013, 37.20513467868398294, 254.3835889086999487 ) ) ;
#3609 = LINE ( 'NONE', #2491, #586 ) ;
#3610 = CARTESIAN_POINT ( 'NONE',  ( 3.289006796241746411, 7.681208134219242645, -36.06530541306337057 ) ) ;
#3611 = ORIENTED_EDGE ( 'NONE', *, *, #1044, .F. ) ;
#3612 = CARTESIAN_POINT ( 'NONE',  ( -0.3704729380175336151, 36.12515531835433791, 73.23647526695764043 ) ) ;
#3613 = CARTESIAN_POINT ( 'NONE',  ( 2.367866279720466594, 41.04594610967017587, 79.94441032751126386 ) ) ;
#3614 = ORIENTED_EDGE ( 'NONE', *, *, #5746, .T. ) ;
#3615 = LINE ( 'NONE', #4783, #1523 ) ;
#3616 = CARTESIAN_POINT ( 'NONE',  ( 0.04166907232893448526, 40.50411238629580879, 108.7257617192940131 ) ) ;
#3617 = CARTESIAN_POINT ( 'NONE',  ( 32.27980753726811258, 22.57169795594906248, 51.01392483816698586 ) ) ;
#3618 = CARTESIAN_POINT ( 'NONE',  ( 86.87707805841237985, -10.34748271511437778, 49.68820832564044565 ) ) ;
#3619 = CARTESIAN_POINT ( 'NONE',  ( -48.66052223538312660, 20.01856953383997606, 283.3055368768748394 ) ) ;
#3620 = CARTESIAN_POINT ( 'NONE',  ( -5.078195454944853360, 41.82440578168911571, 134.4240681003266786 ) ) ;
#3621 = B_SPLINE_CURVE_WITH_KNOTS ( 'NONE', 3,
 ( #3514, #2253, #562, #69, #5144, #6864, #3445 ),
 .UNSPECIFIED., .F., .F.,
 ( 4, 3, 4 ),
 ( 0.000000000000000000, 0.0005532281174122166776, 0.0005532881174122136108 ),
 .UNSPECIFIED. ) ;
#3622 = CARTESIAN_POINT ( 'NONE',  ( 37.43434600815625402, 3.497723437920143397, 446.0507749091595429 ) ) ;
#3623 = EDGE_CURVE ( 'NONE', #4524, #6971, #3013, .T. ) ;
#3624 = VERTEX_POINT ( 'NONE', #1810 ) ;
#3625 = CARTESIAN_POINT ( 'NONE',  ( 14.60220073886103620, 42.13928942053362903, 220.4052546919169515 ) ) ;
#3626 = B_SPLINE_CURVE_WITH_KNOTS ( 'NONE', 3,
 ( #2700, #2133, #4949, #4421 ),
 .UNSPECIFIED., .F., .F.,
 ( 4, 4 ),
 ( 0.000000000000000000, 0.01500752029258411654 ),
 .UNSPECIFIED. ) ;
#3627 = CARTESIAN_POINT ( 'NONE',  ( 6.117003654661806955, 34.41634414706465606, 68.32809114723042399 ) ) ;
#3628 = CARTESIAN_POINT ( 'NONE',  ( -28.94814760852409563, 36.82671592772009461, 145.3675799342050539 ) ) ;
#3629 = CARTESIAN_POINT ( 'NONE',  ( 0.5000000000002202682, 50.00000000000000000, 200.1826763077941393 ) ) ;
#3630 = CARTESIAN_POINT ( 'NONE',  ( -0.5000000000002202682, 50.00000000000000000, 200.1826763077941393 ) ) ;
#3631 = CARTESIAN_POINT ( 'NONE',  ( -12.89374001871300557, 42.64563459940443835, 208.2900437492367303 ) ) ;
#3632 = CARTESIAN_POINT ( 'NONE',  ( 149.9999999999993463, 17.13590603533871715, 269.4952211729575993 ) ) ;
#3633 = AXIS2_PLACEMENT_3D ( 'NONE', #7096, #1432, #1395 ) ;
#3634 = ORIENTED_EDGE ( 'NONE', *, *, #7255, .T. ) ;
#3635 = CARTESIAN_POINT ( 'NONE',  ( -0.3327651666653925755, 44.02255291534648052, 168.4409656330451810 ) ) ;
#3636 = CARTESIAN_POINT ( 'NONE',  ( 6.768730808735106130, 40.38279513894208606, 119.3997675953548878 ) ) ;
#3637 = CARTESIAN_POINT ( 'NONE',  ( -2.972288463451770113, 33.79696142559792804, 41.75401259452486613 ) ) ;
#3638 = CARTESIAN_POINT ( 'NONE',  ( -8.550724480489249046, 31.10856498749643251, 52.90456514850369985 ) ) ;
#3639 = CARTESIAN_POINT ( 'NONE',  ( 2.560296908970711272, -8.941921420989110914, 555.3173611246556902 ) ) ;
#3640 = CARTESIAN_POINT ( 'NONE',  ( -9.706193483868752026, -6.012392168603122755, 533.3392366149785175 ) ) ;
#3641 = CARTESIAN_POINT ( 'NONE',  ( -37.57790297831402881, 35.11061382531765673, 207.6967100856482489 ) ) ;
#3642 = CARTESIAN_POINT ( 'NONE',  ( -12.20178374623678863, 24.99215593519244649, 410.8332455709494866 ) ) ;
#3643 = CARTESIAN_POINT ( 'NONE',  ( 0.000000000000000000, 24.89192133595483725, 23.34162837863042839 ) ) ;
#3644 = CARTESIAN_POINT ( 'NONE',  ( 0.000000000000000000, 31.66640068115475515, 47.16354981049583728 ) ) ;
#3645 = CARTESIAN_POINT ( 'NONE',  ( -48.27254709358949469, 32.70328214054337224, 164.0424204717273255 ) ) ;
#3646 = CARTESIAN_POINT ( 'NONE',  ( -4.417282350194496665, 38.14211975788867903, 92.87754649148389774 ) ) ;
#3647 = CARTESIAN_POINT ( 'NONE',  ( -0.5768058027885383243, 47.66852144650732015, 205.0091658014256382 ) ) ;
#3648 = CARTESIAN_POINT ( 'NONE',  ( -4.553479419457771904, 42.84888976506547920, 153.4838691362627969 ) ) ;
#3649 = CARTESIAN_POINT ( 'NONE',  ( 149.9999999999998579, 5.755319606443136671, 215.4903186742444916 ) ) ;
#3650 = ORIENTED_EDGE ( 'NONE', *, *, #7255, .F. ) ;
#3651 = CARTESIAN_POINT ( 'NONE',  ( -4.225347119764400361, 37.40891577079927544, 86.12860712940849339 ) ) ;
#3652 = CARTESIAN_POINT ( 'NONE',  ( 1.646572234496929799, 37.62464340957060926, 58.81954004802969393 ) ) ;
#3653 = ORIENTED_EDGE ( 'NONE', *, *, #3041, .F. ) ;
#3654 = CARTESIAN_POINT ( 'NONE',  ( 7.627565584612563399, 39.49811199307455212, 111.7701824651644387 ) ) ;
#3655 = CARTESIAN_POINT ( 'NONE',  ( -38.61726277074374281, 35.03965677334534945, 124.9999999999999289 ) ) ;
#3656 = CARTESIAN_POINT ( 'NONE',  ( -0.3360654570921259299, 40.55093934479859996, 108.7208363774989976 ) ) ;
#3657 = CARTESIAN_POINT ( 'NONE',  ( 21.30791983669499956, 24.81807888313138477, 40.93200047080939896 ) ) ;
#3658 = CARTESIAN_POINT ( 'NONE',  ( -0.9489435702740910417, -1.972889249273659606, -51.67460940504316369 ) ) ;
#3659 = CARTESIAN_POINT ( 'NONE',  ( -47.66603692990846497, 18.68161657458673020, 299.3736835281314370 ) ) ;
#3660 = CARTESIAN_POINT ( 'NONE',  ( -34.28846159741895150, 36.16178086094737409, 171.6186858822558747 ) ) ;
#3661 = CARTESIAN_POINT ( 'NONE',  ( 2.869757525187609293, -24.73004176475694749, -76.23815369158728572 ) ) ;
#3662 = CARTESIAN_POINT ( 'NONE',  ( 21.17292063692140403, 33.12100796679285253, 85.50236579682325555 ) ) ;
#3663 = VERTEX_POINT ( 'NONE', #7022 ) ;
#3664 = CARTESIAN_POINT ( 'NONE',  ( 10.21687780746017360, 42.87450257703592627, 218.1414662862381135 ) ) ;
#3665 = EDGE_CURVE ( 'NONE', #3663, #3956, #960, .T. ) ;
#3666 = CARTESIAN_POINT ( 'NONE',  ( 0.005627750411497902533, 35.18833272246298804, 66.48137210536617658 ) ) ;
#3667 = CARTESIAN_POINT ( 'NONE',  ( -6.630565105643109192, 41.02322254862686179, 127.7628994229859956 ) ) ;
#3668 = DIRECTION ( 'NONE',  ( 0.000000000000000000, 0.000000000000000000, -1.000000000000000000 ) ) ;
#3669 = CARTESIAN_POINT ( 'NONE',  ( -2.982839794132248645, 47.31102851157060485, 198.8450368506145765 ) ) ;
#3670 = CARTESIAN_POINT ( 'NONE',  ( 0.3358741435384737795, 44.29663374838452938, 191.7289547261079292 ) ) ;
#3671 = CARTESIAN_POINT ( 'NONE',  ( -0.9785259520414012480, 44.46994292845445074, 275.6022355444260938 ) ) ;
#3672 = ORIENTED_EDGE ( 'NONE', *, *, #5349, .F. ) ;
#3673 = CARTESIAN_POINT ( 'NONE',  ( 1.482023866369466925, 43.82746973328283246, 168.7036024059553938 ) ) ;
#3674 = CARTESIAN_POINT ( 'NONE',  ( -0.3773771301915355703, 41.30398309735596740, 117.1681606311545352 ) ) ;
#3675 = CARTESIAN_POINT ( 'NONE',  ( 0.8232861172484648993, 37.52274279518023548, 58.77084347987265289 ) ) ;
#3676 = CARTESIAN_POINT ( 'NONE',  ( -40.34866324484660538, 25.59245842095905843, 88.25612989062830138 ) ) ;
#3677 = CARTESIAN_POINT ( 'NONE',  ( -2.436188528260553987, 47.30529030850188121, 181.5224005251272672 ) ) ;
#3678 = CARTESIAN_POINT ( 'NONE',  ( 0.000000000000000000, -8.823511411159953965, 555.1857276250582345 ) ) ;
#3679 = CARTESIAN_POINT ( 'NONE',  ( 0.000000000000000000, 29.59506050207342653, 44.25806788755794940 ) ) ;
#3680 = CARTESIAN_POINT ( 'NONE',  ( 0.5496791856790375075, 25.91683902096197656, 415.4374579817630888 ) ) ;
#3681 = CARTESIAN_POINT ( 'NONE',  ( -2.716288264786597129, 47.33439996459518539, 199.4417890607775519 ) ) ;
#3682 = CARTESIAN_POINT ( 'NONE',  ( -3.976311467590587512E-14, 43.74035636939279215, 160.0455565163718745 ) ) ;
#3683 = DIRECTION ( 'NONE',  ( -1.000000000000000000, 0.000000000000000000, -9.257875081218989453E-15 ) ) ;
#3684 = CARTESIAN_POINT ( 'NONE',  ( -35.09651065812357729, 31.55861744562675497, 112.0487881847971039 ) ) ;
#3685 = CARTESIAN_POINT ( 'NONE',  ( -1.099358371358075015, 25.93118054957675866, 415.4839356155417249 ) ) ;
#3686 = CARTESIAN_POINT ( 'NONE',  ( -3.760422517109167214E-10, 47.51495000780551692, 206.5280986163917021 ) ) ;
#3687 = CARTESIAN_POINT ( 'NONE',  ( 86.78479610272228228, -8.426922040965695970, 51.82892328279097427 ) ) ;
#3688 = VERTEX_POINT ( 'NONE', #5903 ) ;
#3689 = CARTESIAN_POINT ( 'NONE',  ( -0.1263609794741772374, 36.15576198774948580, 73.23252335362357712 ) ) ;
#3690 = CARTESIAN_POINT ( 'NONE',  ( -54.82390645621840264, 12.55502082587985413, 233.5480463257898407 ) ) ;
#3691 = CARTESIAN_POINT ( 'NONE',  ( 0.5418288662218565532, 40.42783051178069798, 109.1363315207024840 ) ) ;
#3692 = CARTESIAN_POINT ( 'NONE',  ( -2.446567301860293142, 46.81350234712165559, 198.7108362777997854 ) ) ;
#3693 = CARTESIAN_POINT ( 'NONE',  ( 10.14996754436499771, 39.15691318923676079, 112.7181733506535437 ) ) ;
#3694 = CARTESIAN_POINT ( 'NONE',  ( 2.927451307351209397, 47.26052960811801285, 182.3696836113606992 ) ) ;
#3695 = CARTESIAN_POINT ( 'NONE',  ( 150.0000000000000284, 4.861445216433631700, 214.0141223977753668 ) ) ;
#3696 = CARTESIAN_POINT ( 'NONE',  ( 1.585105225643784310, 28.62474442760698068, 400.8281577764561803 ) ) ;
#3697 = CARTESIAN_POINT ( 'NONE',  ( -1.601725649362640835, 42.26546899300502247, 133.2110004687141895 ) ) ;
#3698 = CARTESIAN_POINT ( 'NONE',  ( 7.192754217908762904, -10.02745025890519770, 556.6295491338239572 ) ) ;
#3699 = CARTESIAN_POINT ( 'NONE',  ( 0.7988947226875342533, 39.26658842794507365, 97.20336178008723493 ) ) ;
#3700 = VERTEX_POINT ( 'NONE', #4777 ) ;
#3701 = DIRECTION ( 'NONE',  ( 0.0001000150855714512891, 0.000000000000000000, -0.9999999949984912373 ) ) ;
#3702 = CARTESIAN_POINT ( 'NONE',  ( 14.05268435877428779, 31.94515300181034689, 64.67511920324800201 ) ) ;
#3703 = CARTESIAN_POINT ( 'NONE',  ( -25.63737602082633416, 37.60793948469088122, 141.8386845935067981 ) ) ;
#3704 = DIRECTION ( 'NONE',  ( 0.000000000000000000, -1.000000000000000000, 0.000000000000000000 ) ) ;
#3705 = CARTESIAN_POINT ( 'NONE',  ( -16.35367008175067838, 45.42067070325158795, 213.8493120664905689 ) ) ;
#3706 = CARTESIAN_POINT ( 'NONE',  ( -4.256083199365724212, 43.78840383201012543, 204.4169445262811564 ) ) ;
#3707 = CARTESIAN_POINT ( 'NONE',  ( 6.403712080581203558, 45.57724494206407684, 254.1058661924230933 ) ) ;
#3708 = VERTEX_POINT ( 'NONE', #201 ) ;
#3709 = CARTESIAN_POINT ( 'NONE',  ( 8.753318325758684182, 42.91657165240830807, 171.6640668092399835 ) ) ;
#3710 = CARTESIAN_POINT ( 'NONE',  ( 35.06404672198695494, 34.50404414950997278, 145.9701524201912548 ) ) ;
#3711 = CARTESIAN_POINT ( 'NONE',  ( -24.45514282142428186, 34.03033067479747587, 71.95588844210854518 ) ) ;
#3712 = CARTESIAN_POINT ( 'NONE',  ( -0.05198280089185733366, 30.54117356116189086, 41.33815068775491142 ) ) ;
#3713 = CARTESIAN_POINT ( 'NONE',  ( -2.028382699017363233, 47.35456643750774219, 181.8858836827712082 ) ) ;
#3714 = CARTESIAN_POINT ( 'NONE',  ( -2.512478394710995655, -1.256705077567221052, 529.6245464009108446 ) ) ;
#3715 = CARTESIAN_POINT ( 'NONE',  ( 0.05259690026449725248, 47.05305780122721870, 181.1826763077938836 ) ) ;
#3716 = CARTESIAN_POINT ( 'NONE',  ( 0.6656520313713912840, 10.37720417455050104, 486.6216067975119017 ) ) ;
#3717 = CARTESIAN_POINT ( 'NONE',  ( -7.500000000000000000, 24.89192133595483725, 23.34162837863042839 ) ) ;
#3718 = CARTESIAN_POINT ( 'NONE',  ( -2.233709747134559276, 43.91436008389693768, 182.1769258864061385 ) ) ;
#3719 = CARTESIAN_POINT ( 'NONE',  ( -2.553569696294397229, 41.75449789290553326, 153.4838691362627117 ) ) ;
#3720 = CARTESIAN_POINT ( 'NONE',  ( -42.93139454197376637, 29.22514838833635764, 127.2484213126736989 ) ) ;
#3721 = CARTESIAN_POINT ( 'NONE',  ( -0.9419369969250757091, 38.87366631406933948, 332.0309586039868464 ) ) ;
#3722 = CARTESIAN_POINT ( 'NONE',  ( -2.499999999853554922, 47.38350576989682139, 193.1710762789983846 ) ) ;
#3723 = CARTESIAN_POINT ( 'NONE',  ( 27.93320105887194060, 9.482709585563030785, -10.56185500302712477 ) ) ;
#3724 = ORIENTED_EDGE ( 'NONE', *, *, #1615, .F. ) ;
#3725 = CARTESIAN_POINT ( 'NONE',  ( -5.970828222920705080E-05, 47.55025843961223586, 180.6771451007798532 ) ) ;
#3726 = B_SPLINE_SURFACE_WITH_KNOTS ( 'NONE', 3, 3, ( 
 ( #6336, #1863, #1194, #4042, #6773, #471, #71, #2958, #4681, #108, #3553, #36, #2922, #2432, #6969, #506, #4151, #5048, #3481, #2399, #4079, #1629, #5775, #631, #2194, #146, #6213, #1068, #4112, #6408, #5846, #2758, #2363, #5214, #1792, #3918, #4646, #3356, #703, #5646 ),
 ( #1229, #6933, #2886, #7331, #5179, #6372, #3516, #5809, #1266, #2994, #6445, #5288, #4720, #2329, #7004, #5611, #6899, #5962, #1419, #3706, #3110, #6485, #894, #4758, #6600, #780, #3068, #2063, #6043, #3631, #4916, #7084, #1983, #3147, #3184, #5473, #5437, #6001, #260, #2512 ),
 ( #4269, #818, #5362, #3670, #1382, #2627, #5326, #336, #2551, #5923, #4834, #4227, #1944, #6525, #7122, #7196, #1455, #855, #5399, #4875, #6562, #296, #2588, #7160, #221, #183, #3034, #2023, #4305, #3744, #4346, #1304, #3591, #5885, #740, #4796, #2472, #7045, #1904, #4189 ),
 ( #1341, #3937, #4954, #7236, #2811, #6156, #3302, #5033, #4505, #7352, #6232, #2100, #4387, #1573, #2216, #3263, #6678, #1087, #6792, #3862, #2706, #1649, #2178, #1016, #5552, #5594, #6718, #526, #3223, #3374, #455, #1532, #2743, #2140, #4995, #7276, #7314, #5105, #5665, #1612 ),
 ( #5071, #7383, #4428, #3901, #375, #2247, #3821, #977, #1494, #6642, #491, #4467, #3782, #2664, #6757, #417, #6079, #933, #5512, #6118, #6196, #1053, #3340, #5632, #2778, #4536, #27, #2321, #6960, #4604, #4674, #624, #2878, #2987, #4106, #1683, #3969, #6328, #6891, #1752 ),
 ( #6262, #4034, #1186, #3508, #3474, #5768, #6858, #5172, #557, #5699, #4001, #6924, #1118, #6826, #5138, #2912, #6295, #7415, #659, #1151, #5839, #6400, #5207, #2282, #4569, #5801, #2356, #64, #1717, #3405, #2843, #4638, #1785, #4070, #6364, #1222, #5280, #2951, #5242, #3439 ),
 ( #5732, #101, #2391, #590, #1819, #1258, #3547, #695, #137, #1934, #6515, #810, #287, #3138, #7151, #732, #5317, #4788, #5427, #6476, #2463, #4296, #2579, #7076, #5913, #4862, #5390, #4219, #1334, #1373, #2504, #3735, #6437, #2013, #3660, #4750, #5951, #5355, #771, #3061 ),
 ( #3099, #251, #2542, #4258, #847, #886, #212, #7112, #3582, #6032, #7035, #4182, #4713, #6590, #3697, #4824, #1447, #5877, #1973, #3620, #6997, #3175, #1296, #2425, #3025, #6552, #5464, #1856, #1410, #4143, #5992, #175, #1893, #5542, #481, #3851, #6108, #6224, #7342, #4906 ),
 ( #7265, #6783, #3890, #4945, #1079, #2053, #3253, #7304, #1006, #3773, #2695, #965, #6632, #4495, #3213, #5501, #6186, #6745, #2769, #7187, #6708, #4984, #6146, #923, #1561, #364, #5058, #2206, #3292, #2129, #445, #2733, #4416, #2655, #1639, #6070, #5623, #7226, #2091, #3366 ),
 ( #3929, #4377, #6669, #5583, #3330, #1520, #3810, #325, #2617, #5022, #405, #1042, #2168, #4456, #1601, #4335, #1483, #6953, #2241, #5235, #6885, #550, #1745, #1145, #3995, #6288, #4028, #1812, #5795, #618, #5166, #1778, #20, #6321, #517, #4596, #3468, #2275, #5761, #3399 ),
 ( #6918, #2906, #2384, #6818, #3431, #4562, #2803, #2941, #4529, #5657, #1676, #584, #4098, #3501, #6852, #5097, #5726, #2872, #652, #2315, #92, #1179, #5200, #6393, #4666, #7376, #3962, #57, #2349, #4631, #6256, #1111, #5690, #4063, #6357, #1214, #1250, #2837, #5131, #7409 ),
 ( #1709, #7103, #2533, #5983, #2978, #2494, #762, #1924, #4134, #4780, #1288, #838, #6990, #5309, #4816, #2454, #3573, #3651, #5831, #204, #7025, #242, #1965, #3129, #3018, #167, #5906, #3539, #4209, #5383, #6429, #7067, #5868, #5419, #1849, #4742, #4250, #1885, #725, #5942 ),
 ( #4173, #6544, #1402, #278, #6466, #1325, #3054, #688, #6505, #3689, #3612, #1364, #801, #5345, #3090, #2570, #4854, #7142, #2005, #4288, #6581, #5272, #128, #2419, #4704, #7179, #4325, #3801, #4449, #5492, #1474, #3321, #1593, #6098, #4935, #2161, #4406, #956, #355, #3243 ) ),
 .UNSPECIFIED., .F., .F., .F.,
 ( 4, 3, 3, 3, 4 ),
 ( 4, 3, 3, 3, 3, 3, 3, 3, 3, 3, 3, 3, 3, 4 ),
 ( 0.000000000000000000, 0.02367206519122566633, 0.04734413038245133265, 0.07101619557367699898, 0.09468826076490266530 ),
 ( -0.0009393371983873173656, -0.0001295458295892329826, 0.0006802455392088514003, 0.002299828276805020166, 0.005538993751997357481, 0.01201732470238203211, 0.02497398660315138311, 0.03145231755353605774, 0.03793064850392073584, 0.05088731040469008510, 0.1027139580077674891, 0.2063672532139222970, 0.3100205484200770911, 0.4136738436262318852 ),
 .UNSPECIFIED. ) ;
#3727 = CARTESIAN_POINT ( 'NONE',  ( -149.9999999999998863, 13.60113310668955400, 239.5281348986660817 ) ) ;
#3728 = ORIENTED_EDGE ( 'NONE', *, *, #3437, .F. ) ;
#3729 = EDGE_CURVE ( 'NONE', #4339, #1977, #90, .T. ) ;
#3730 = CARTESIAN_POINT ( 'NONE',  ( 4.006591762220551800, 39.98812016605183572, 110.0223510440412724 ) ) ;
#3731 = CARTESIAN_POINT ( 'NONE',  ( 13.10057382032200657, 45.96891595766560812, 213.8493120226899862 ) ) ;
#3732 = CARTESIAN_POINT ( 'NONE',  ( 31.80859459719265914, 36.02323524526100584, 149.1742634296335837 ) ) ;
#3733 = CARTESIAN_POINT ( 'NONE',  ( 82.00022190405498179, 13.41533595200248463, 95.17065037251704496 ) ) ;
#3734 = CARTESIAN_POINT ( 'NONE',  ( -5.882888988652245743, 42.38580333701526115, 298.7586613606674177 ) ) ;
#3735 = CARTESIAN_POINT ( 'NONE',  ( -22.91677510017565211, 39.43780077877824652, 157.6886673287619374 ) ) ;
#3736 = CARTESIAN_POINT ( 'NONE',  ( 1.913171683458406047, -24.72062763175912892, -76.21716178040844625 ) ) ;
#3737 = CARTESIAN_POINT ( 'NONE',  ( 0.1069029162800335248, 37.93417322327309904, 85.16878317682413524 ) ) ;
#3738 = ORIENTED_EDGE ( 'NONE', *, *, #3378, .F. ) ;
#3739 = CARTESIAN_POINT ( 'NONE',  ( 22.29740573682438409, 40.45871243448270604, 225.2737944434298640 ) ) ;
#3740 = CARTESIAN_POINT ( 'NONE',  ( 2.409451908836927725, 36.11776090967669006, 75.24126703010368544 ) ) ;
#3741 = CARTESIAN_POINT ( 'NONE',  ( 0.4199044443411166228, 40.56131367448951153, 108.7221768518141829 ) ) ;
#3742 = CARTESIAN_POINT ( 'NONE',  ( 2.500000000000235811, 43.94496353703594593, 198.1826763077941393 ) ) ;
#3743 = CARTESIAN_POINT ( 'NONE',  ( 0.000000000000000000, 45.26229104882621357, 124.9999962631073203 ) ) ;
#3744 = CARTESIAN_POINT ( 'NONE',  ( -13.32747075373994861, 42.58883886767497984, 197.1717665934314141 ) ) ;
#3745 = CARTESIAN_POINT ( 'NONE',  ( -0.9490617160165060184, 42.54358218907552924, 298.1207295063137508 ) ) ;
#3746 = VECTOR ( 'NONE', #5128, 1000.000000000000000 ) ;
#3747 = CARTESIAN_POINT ( 'NONE',  ( 9.041756574197682639, 42.49858565612954919, 160.0728686859479808 ) ) ;
#3748 = CARTESIAN_POINT ( 'NONE',  ( -0.3740569201260346976, 32.20998794259703146, 49.71966844854490830 ) ) ;
#3749 = CARTESIAN_POINT ( 'NONE',  ( -75.08352271041381698, 23.83992530242385399, 133.1794009662679912 ) ) ;
#3750 = CARTESIAN_POINT ( 'NONE',  ( -43.83994163202897454, 23.44064158132369258, 87.03012095797564029 ) ) ;
#3751 = VECTOR ( 'NONE', #6947, 1000.000000000000114 ) ;
#3752 = CARTESIAN_POINT ( 'NONE',  ( -0.8158457085499057904, 47.47408743104951157, 181.1894230308129750 ) ) ;
#3753 = CARTESIAN_POINT ( 'NONE',  ( 1.190469705309401105, 47.47037047482865546, 200.6071183018462705 ) ) ;
#3754 = CARTESIAN_POINT ( 'NONE',  ( -0.5505272624624344413, 47.49506067536786702, 180.6769762434211941 ) ) ;
#3755 = CARTESIAN_POINT ( 'NONE',  ( -150.0000000000002274, 7.068232020827782236, 370.3528863233865422 ) ) ;
#3756 = CARTESIAN_POINT ( 'NONE',  ( -2.532672126166794602, 47.35079807303159782, 199.7148486207436520 ) ) ;
#3757 = CARTESIAN_POINT ( 'NONE',  ( 8.180305391403130955E-14, 44.02411915413380683, 170.6185931343486288 ) ) ;
#3758 = CARTESIAN_POINT ( 'NONE',  ( -28.62580084016314075, -19.75740349066564150, -50.39037838586354923 ) ) ;
#3759 = EDGE_CURVE ( 'NONE', #3092, #753, #3609, .T. ) ;
#3760 = CARTESIAN_POINT ( 'NONE',  ( 0.4288948291019456516, 36.47416980482724824, 74.93137674831382355 ) ) ;
#3761 = CARTESIAN_POINT ( 'NONE',  ( 0.000000000000000000, 32.02960972858872424, 380.5868600663628740 ) ) ;
#3762 = CARTESIAN_POINT ( 'NONE',  ( 15.79715077046273208, 42.50785029781597757, 125.0000000000000853 ) ) ;
#3763 = CARTESIAN_POINT ( 'NONE',  ( -0.9247670608693169259, 16.13791471914375109, -18.92185757000694935 ) ) ;
#3764 = ORIENTED_EDGE ( 'NONE', *, *, #6110, .F. ) ;
#3765 = CARTESIAN_POINT ( 'NONE',  ( -1.504188923001863687, 46.87033132328357254, 181.4336751238893441 ) ) ;
#3766 = CARTESIAN_POINT ( 'NONE',  ( -79.05674022718464755, 18.70769894339281336, 112.5241708736267157 ) ) ;
#3767 = ORIENTED_EDGE ( 'NONE', *, *, #7105, .T. ) ;
#3768 = CARTESIAN_POINT ( 'NONE',  ( -0.1543019035639715819, 41.64189984501831532, 121.0546356494883184 ) ) ;
#3769 = LINE ( 'NONE', #2087, #7394 ) ;
#3770 = CARTESIAN_POINT ( 'NONE',  ( 45.70542344736916363, 31.24632232633141271, 125.0000000000213163 ) ) ;
#3771 = CARTESIAN_POINT ( 'NONE',  ( -0.9126475175586304944, 20.71106199493173605, -7.133971301115257013 ) ) ;
#3772 = CARTESIAN_POINT ( 'NONE',  ( 1.436093927849406482, 36.00353229043267334, 354.6852225388742568 ) ) ;
#3773 = CARTESIAN_POINT ( 'NONE',  ( -0.07068455447813257186, 41.61442710018305036, 121.0641805959093773 ) ) ;
#3774 = CARTESIAN_POINT ( 'NONE',  ( -3.345376087531854115, -19.80729880530915210, -71.09459982090788799 ) ) ;
#3775 = CARTESIAN_POINT ( 'NONE',  ( -0.4337389235901181195, 38.00234882789510493, 85.17559089297698449 ) ) ;
#3776 = ORIENTED_EDGE ( 'NONE', *, *, #2075, .F. ) ;
#3777 = CARTESIAN_POINT ( 'NONE',  ( 2.553569696294410551, 139.2235650228607540, 149.4838691362629106 ) ) ;
#3778 = CARTESIAN_POINT ( 'NONE',  ( -0.3464799826159060125, 37.69522403094227769, 83.36209607363502982 ) ) ;
#3779 = CARTESIAN_POINT ( 'NONE',  ( -1.247428921292411008, 39.45137663157667163, 100.3851227043006418 ) ) ;
#3780 = LINE ( 'NONE', #7194, #2269 ) ;
#3781 = CARTESIAN_POINT ( 'NONE',  ( 48.96184446544095437, 33.00089337346151552, 183.6136886649778717 ) ) ;
#3782 = CARTESIAN_POINT ( 'NONE',  ( -0.6770519049827299352, 43.91518455673633525, 168.5536922284628361 ) ) ;
#3783 = CARTESIAN_POINT ( 'NONE',  ( 43.14658061911373466, 35.50342271598734101, 304.1660564602935892 ) ) ;
#3784 = CARTESIAN_POINT ( 'NONE',  ( 1.043636851786410968, 44.16629507528632104, 191.9270206164069918 ) ) ;
#3785 = CARTESIAN_POINT ( 'NONE',  ( -0.3611186293510273426, 30.59123828034435988, 41.35783678609143266 ) ) ;
#3786 = CARTESIAN_POINT ( 'NONE',  ( 0.000000000000000000, -4.664387618694376236, 541.5776915351184471 ) ) ;
#3787 = CARTESIAN_POINT ( 'NONE',  ( -8.301024244052705114, 29.54673091851998379, 44.40821808702740725 ) ) ;
#3788 = CARTESIAN_POINT ( 'NONE',  ( -2.927451307352189058, 47.26052960811779258, 182.3696836113515758 ) ) ;
#3789 = DIRECTION ( 'NONE',  ( 0.000000000000000000, -0.000000000000000000, -1.000000000000000000 ) ) ;
#3790 = CARTESIAN_POINT ( 'NONE',  ( 0.000000000000000000, 24.89192133595483725, 23.34162837863042839 ) ) ;
#3791 = CARTESIAN_POINT ( 'NONE',  ( 0.7032787781051501597, 2.973172933655187311, 514.9865767782636112 ) ) ;
#3792 = CARTESIAN_POINT ( 'NONE',  ( 0.000000000000000000, 47.55029173357762318, 180.6771448133950742 ) ) ;
#3793 = DIRECTION ( 'NONE',  ( 5.602867245962735462E-30, 1.000000000000000000, 1.644517855226013126E-15 ) ) ;
#3794 = B_SPLINE_CURVE_WITH_KNOTS ( 'NONE', 3,
 ( #4187, #4756, #144, #1264, #778, #816, #5397, #3108 ),
 .UNSPECIFIED., .F., .F.,
 ( 4, 2, 2, 4 ),
 ( 8.685105057530805350E-18, 0.002065229718962246965, 0.004130459437924485257, 0.008260918875848961840 ),
 .UNSPECIFIED. ) ;
#3795 = CARTESIAN_POINT ( 'NONE',  ( -56.47713021477131434, -8.444831254075669591, 200.0310506176295462 ) ) ;
#3796 = CARTESIAN_POINT ( 'NONE',  ( -8.005847671653196329, 36.60737866580640087, 86.21833261343164168 ) ) ;
#3797 = CARTESIAN_POINT ( 'NONE',  ( 1.850464964290566172, 28.57020904146000362, 400.4539919784762674 ) ) ;
#3798 = LINE ( 'NONE', #1550, #223 ) ;
#3799 = CARTESIAN_POINT ( 'NONE',  ( -1.578577519813644470, 40.94661473732806911, 79.90822356737034227 ) ) ;
#3800 = ORIENTED_EDGE ( 'NONE', *, *, #706, .T. ) ;
#3801 = CARTESIAN_POINT ( 'NONE',  ( -11.08934564496033914, 34.71005399596477048, 77.91567855255523511 ) ) ;
#3802 = CARTESIAN_POINT ( 'NONE',  ( 0.4892629760207006240, 44.45612882444888214, 275.6643461148192387 ) ) ;
#3803 = ORIENTED_EDGE ( 'NONE', *, *, #5887, .F. ) ;
#3804 = VECTOR ( 'NONE', #5094, 1000.000000000000000 ) ;
#3805 = CARTESIAN_POINT ( 'NONE',  ( 1.696521803645449245, 40.28332280391502707, 109.3119693672750827 ) ) ;
#3806 = CARTESIAN_POINT ( 'NONE',  ( 40.88348003911902850, 27.65280031201981004, 78.43388540098750639 ) ) ;
#3807 = CARTESIAN_POINT ( 'NONE',  ( 2.500000000000233147, 46.81180828428416874, 188.1825514996155277 ) ) ;
#3808 = CARTESIAN_POINT ( 'NONE',  ( -1.825295035117260989, 20.79892886237578864, -7.076416356319450429 ) ) ;
#3809 = CARTESIAN_POINT ( 'NONE',  ( -150.0000000000000000, 14.77013292611521500, 320.0000541252218227 ) ) ;
#3810 = CARTESIAN_POINT ( 'NONE',  ( 0.2639011584626686502, 40.52773622951703203, 109.1003435089444622 ) ) ;
#3811 = CARTESIAN_POINT ( 'NONE',  ( 0.000000000000000000, -8.823511411159953965, 555.1857276250582345 ) ) ;
#3812 = ADVANCED_FACE ( 'NONE', ( #1285 ), #5380, .F. ) ;
#3813 = CARTESIAN_POINT ( 'NONE',  ( 50.87495651708344013, 26.31746885220012189, 150.9184855005841257 ) ) ;
#3814 = ORIENTED_EDGE ( 'NONE', *, *, #5653, .T. ) ;
#3815 = CARTESIAN_POINT ( 'NONE',  ( 48.86575397973872015, 33.15937384862188253, 187.6833371199762723 ) ) ;
#3816 = CARTESIAN_POINT ( 'NONE',  ( -2.359056185813482198, 42.85175242588670130, 146.4838691362627117 ) ) ;
#3817 = CARTESIAN_POINT ( 'NONE',  ( 1.657127608045726452, 37.44245438236642798, 83.53577092088501388 ) ) ;
#3818 = CARTESIAN_POINT ( 'NONE',  ( -38.39492685898459001, 32.88369339799223923, 143.1330085405618888 ) ) ;
#3819 = CARTESIAN_POINT ( 'NONE',  ( 0.5505272624623879230, 47.49506067536788834, 180.6769762434212794 ) ) ;
#3820 = VECTOR ( 'NONE', #1921, 1000.000000000000000 ) ;
#3821 = CARTESIAN_POINT ( 'NONE',  ( 0.2320289759921338457, 44.01198861904106252, 168.4477806760835108 ) ) ;
#3822 = CARTESIAN_POINT ( 'NONE',  ( 47.31906922256366244, 16.34140955976334197, 320.0000000000000568 ) ) ;
#3823 = VECTOR ( 'NONE', #6640, 1000.000000000000000 ) ;
#3824 = EDGE_CURVE ( 'NONE', #6875, #7402, #3535, .T. ) ;
#3825 = CARTESIAN_POINT ( 'NONE',  ( 44.40017426320812177, 31.66733610292940426, 222.2055368723954984 ) ) ;
#3826 = CARTESIAN_POINT ( 'NONE',  ( -0.2237244958075037260, 30.57454080504802718, 41.34850760604381037 ) ) ;
#3827 = CARTESIAN_POINT ( 'NONE',  ( -35.62511535099858406, -12.77791609919348659, 499.3972652287001210 ) ) ;
#3828 = CARTESIAN_POINT ( 'NONE',  ( 9.053569696294415436, 41.75449789290554037, 148.4838691362627685 ) ) ;
#3829 = CARTESIAN_POINT ( 'NONE',  ( -0.7223419014818223127, 28.63687729166040086, 33.04677019495968437 ) ) ;
#3830 = FACE_OUTER_BOUND ( 'NONE', #5298, .T. ) ;
#3831 = CARTESIAN_POINT ( 'NONE',  ( -5.551620045011603111, 43.65333313975762763, 197.0646994815102460 ) ) ;
#3832 = CARTESIAN_POINT ( 'NONE',  ( 2.397115117547874430, 46.76370231746894035, 182.5359830774282557 ) ) ;
#3833 = CARTESIAN_POINT ( 'NONE',  ( -45.14118984786694000, 35.26666170017865909, 198.9719820524244369 ) ) ;
#3834 = CARTESIAN_POINT ( 'NONE',  ( 2.500000000000218936, 43.94390998696847817, 198.4473332946467679 ) ) ;
#3835 = CARTESIAN_POINT ( 'NONE',  ( 5.505889098497465994, 41.76777821432099813, 134.6204121352911898 ) ) ;
#3836 = DIRECTION ( 'NONE',  ( -2.312964634635740985E-16, 0.000000000000000000, -1.000000000000000000 ) ) ;
#3837 = CARTESIAN_POINT ( 'NONE',  ( -0.9732313603728769413, 36.29823811336532202, 74.97290305129530452 ) ) ;
#3838 = CARTESIAN_POINT ( 'NONE',  ( 41.93462905618955716, 26.32851893096475138, 364.7381377576680279 ) ) ;
#3839 = CARTESIAN_POINT ( 'NONE',  ( -0.5439175272602720934, 47.53121151971313196, 200.1826763077941109 ) ) ;
#3840 = CARTESIAN_POINT ( 'NONE',  ( 149.9999999999999716, 10.35078035734875535, 226.4890547709782993 ) ) ;
#3841 = ORIENTED_EDGE ( 'NONE', *, *, #6031, .T. ) ;
#3842 = DIRECTION ( 'NONE',  ( 0.000000000000000000, -1.000000000000000000, 0.000000000000000000 ) ) ;
#3843 = CARTESIAN_POINT ( 'NONE',  ( -50.87203371489453474, 19.93273469430910438, 264.0063586441475536 ) ) ;
#3844 = ORIENTED_EDGE ( 'NONE', *, *, #975, .T. ) ;
#3845 = CARTESIAN_POINT ( 'NONE',  ( 26.38325814811973657, 39.39636387020868824, 213.0663811645767964 ) ) ;
#3846 = VECTOR ( 'NONE', #2173, 1000.000000000000000 ) ;
#3847 = CARTESIAN_POINT ( 'NONE',  ( 44.90158355034512994, 30.72168376952280155, 115.6527825571807853 ) ) ;
#3848 = CARTESIAN_POINT ( 'NONE',  ( 2.500000000000238476, 50.00000000000000000, 183.1826763077941109 ) ) ;
#3849 = CARTESIAN_POINT ( 'NONE',  ( -1.766877480964753611, 28.41324036064381175, 17.19561693595092322 ) ) ;
#3850 = CARTESIAN_POINT ( 'NONE',  ( -42.82036082025610568, 32.84028577497314672, 328.7149750000689892 ) ) ;
#3851 = CARTESIAN_POINT ( 'NONE',  ( -38.37153156454471059, 34.24641701061599974, 167.1245765932987126 ) ) ;
#3852 = CARTESIAN_POINT ( 'NONE',  ( -56.38420455136408549, -2.341849795747153795, 206.2968260904183353 ) ) ;
#3853 = CARTESIAN_POINT ( 'NONE',  ( 2.219166750616662576, 39.08629038032574243, 97.47366136423688943 ) ) ;
#3854 = ORIENTED_EDGE ( 'NONE', *, *, #4267, .F. ) ;
#3855 = FACE_OUTER_BOUND ( 'NONE', #2760, .T. ) ;
#3856 = LINE ( 'NONE', #5547, #3915 ) ;
#3857 = CARTESIAN_POINT ( 'NONE',  ( 5.911837238062852329, 36.89171350591925602, 85.11290729786216502 ) ) ;
#3858 = CARTESIAN_POINT ( 'NONE',  ( -30.18285187221766108, 35.30699861024214670, 130.1687849628591209 ) ) ;
#3859 = DIRECTION ( 'NONE',  ( 0.000000000000000000, -1.000000000000000000, 0.000000000000000000 ) ) ;
#3860 = EDGE_CURVE ( 'NONE', #6311, #116, #4206, .T. ) ;
#3861 = DIRECTION ( 'NONE',  ( -1.000000000000000000, 0.000000000000000000, 0.000000000000000000 ) ) ;
#3862 = CARTESIAN_POINT ( 'NONE',  ( -4.511195449593478735, 43.63776139655762876, 181.3506027390535564 ) ) ;
#3863 = CARTESIAN_POINT ( 'NONE',  ( -1.508952792909321161, 32.03446681347313785, 380.7825399960755135 ) ) ;
#3864 = CARTESIAN_POINT ( 'NONE',  ( 27.91106833018603695, 38.92864665282418457, 197.7316821344775519 ) ) ;
#3865 = CARTESIAN_POINT ( 'NONE',  ( 5.632992236857388590, 29.87674758686104326, 42.92693754096679015 ) ) ;
#3866 = CARTESIAN_POINT ( 'NONE',  ( -35.77127347892401588, -9.639532146028656712, 488.8322980861877340 ) ) ;
#3867 = CARTESIAN_POINT ( 'NONE',  ( -0.000000000000000000, 47.53683184708798137, 179.4650262489959403 ) ) ;
#3868 = CARTESIAN_POINT ( 'NONE',  ( 0.2073367916040791958, 28.74643365174441456, 33.03817081082784313 ) ) ;
#3869 = EDGE_CURVE ( 'NONE', #3246, #7178, #4664, .T. ) ;
#3870 = DIRECTION ( 'NONE',  ( -5.602867245962735462E-30, -1.000000000000000000, -1.644517855226013126E-15 ) ) ;
#3871 = CARTESIAN_POINT ( 'NONE',  ( 1.652259277590612863, 47.42950735660989636, 200.4340370809317164 ) ) ;
#3872 = DIRECTION ( 'NONE',  ( 0.000000000000000000, 0.2193763502603176541, 0.9756403112553633239 ) ) ;
#3873 = LINE ( 'NONE', #4397, #73 ) ;
#3874 = CARTESIAN_POINT ( 'NONE',  ( 7.184517956345284340, 42.10722577412337841, 146.4838691362627685 ) ) ;
#3875 = CARTESIAN_POINT ( 'NONE',  ( 0.7462909979753002965, 41.53147891346905851, 121.1254829524328613 ) ) ;
#3876 = CARTESIAN_POINT ( 'NONE',  ( 2.856219491863008830, -8.493023692875212305, -59.56494007984454697 ) ) ;
#3877 = CARTESIAN_POINT ( 'NONE',  ( -1.724587932671439505, 34.97377364643816833, 66.65820985792424835 ) ) ;
#3878 = CARTESIAN_POINT ( 'NONE',  ( 7.045124004950711338, 2.314038226187245861, 514.4354252516325232 ) ) ;
#3879 = CARTESIAN_POINT ( 'NONE',  ( -0.5000000000002385869, 44.08804002252327336, 181.1826763077941109 ) ) ;
#3880 = CARTESIAN_POINT ( 'NONE',  ( 2.972288463451770113, 33.79696142559792804, 41.75401259452486613 ) ) ;
#3881 = ORIENTED_EDGE ( 'NONE', *, *, #555, .T. ) ;
#3882 = CARTESIAN_POINT ( 'NONE',  ( -9.053569696294225366, 139.2235650228606687, 206.4838691362629675 ) ) ;
#3883 = CARTESIAN_POINT ( 'NONE',  ( -149.9999999999993463, 17.39257541835625176, 283.2293150073691663 ) ) ;
#3884 = EDGE_LOOP ( 'NONE', ( #5576, #5941, #6555, #4977, #476, #2418, #6908, #6149, #742 ) ) ;
#3885 = CARTESIAN_POINT ( 'NONE',  ( 2.724293181188077728, 47.27807595797969498, 181.9228645958931168 ) ) ;
#3886 = VECTOR ( 'NONE', #7373, 1000.000000000000000 ) ;
#3887 = CARTESIAN_POINT ( 'NONE',  ( 5.551620045011602222, 139.2235650228606687, 205.7838691362629504 ) ) ;
#3888 = CARTESIAN_POINT ( 'NONE',  ( 79.05674022718464755, 18.70769894339281336, 112.5241708736267157 ) ) ;
#3889 = CARTESIAN_POINT ( 'NONE',  ( -6.487160277154800703, 19.72214760585052673, 443.3057579004467357 ) ) ;
#3890 = CARTESIAN_POINT ( 'NONE',  ( 0.4944875798463354011, 41.68327650716131672, 121.0533427008193854 ) ) ;
#3891 = CARTESIAN_POINT ( 'NONE',  ( 1.904943872151217965, -9.951894290560517220, -61.04478972313617646 ) ) ;
#3892 = ORIENTED_EDGE ( 'NONE', *, *, #975, .F. ) ;
#3893 = CARTESIAN_POINT ( 'NONE',  ( 43.02613570727730519, 36.33246407401401967, 202.2872507467649541 ) ) ;
#3894 = CARTESIAN_POINT ( 'NONE',  ( 48.40573461191612381, 27.22844246722650041, 164.0558070632112049 ) ) ;
#3895 = CARTESIAN_POINT ( 'NONE',  ( 7.313546774439648068, 36.70278434050326410, 85.84006243919023404 ) ) ;
#3896 = CARTESIAN_POINT ( 'NONE',  ( -5.018613992240771537, 38.96534950021445809, 101.6158939443063787 ) ) ;
#3897 = B_SPLINE_CURVE_WITH_KNOTS ( 'NONE', 3,
 ( #3942, #2526, #2748, #5038, #7321, #4392, #2183, #4472, #6684, #5377, #1538, #1058, #3345, #2222, #3084, #236, #4810, #7097, #1959, #6831, #5177, #5807, #1723, #3974, #5212, #4040, #1157, #595, #4077, #1690, #6268, #2361, #5248, #4644 ),
 .UNSPECIFIED., .F., .F.,
 ( 4, 2, 2, 2, 2, 2, 2, 2, 2, 2, 2, 2, 2, 2, 2, 2, 4 ),
 ( 1.551583845779545699E-17, 0.007107875004539933143, 0.01066181250680989061, 0.01243878125794487671, 0.01421575000907986455, 0.02132362501361980897, 0.02310059376475480028, 0.02487756251588978812, 0.02843150001815977421, 0.03553937502269974291, 0.03731634377383474116, 0.03909331252496973941, 0.04264725002723972896, 0.04620118752950973240, 0.04975512503177972889, 0.05330906253404972539, 0.05686300003631972189 ),
 .UNSPECIFIED. ) ;
#3898 = CARTESIAN_POINT ( 'NONE',  ( -1.997642212752643198, 45.02218919214115544, 124.9999999999992752 ) ) ;
#3899 = CARTESIAN_POINT ( 'NONE',  ( -8.785976563113525373, 41.89025785345130259, 147.4758450684634852 ) ) ;
#3900 = CARTESIAN_POINT ( 'NONE',  ( 31.59070887856906040, 22.50860986975661859, 49.31476751631878841 ) ) ;
#3901 = CARTESIAN_POINT ( 'NONE',  ( 0.3843196259968252870, 44.02794697340078045, 168.4379723264634947 ) ) ;
#3902 = CARTESIAN_POINT ( 'NONE',  ( 12.20178374623678863, 24.99215593519244649, 410.8332455709494866 ) ) ;
#3903 = EDGE_CURVE ( 'NONE', #3688, #600, #1485, .T. ) ;
#3904 = CARTESIAN_POINT ( 'NONE',  ( 20.76020919320201230, 40.99882857922845147, 190.5625492299021744 ) ) ;
#3905 = CARTESIAN_POINT ( 'NONE',  ( 48.51103504263899424, 22.15735424484161697, 99.73637320736993672 ) ) ;
#3906 = CARTESIAN_POINT ( 'NONE',  ( -149.9999999999998579, -5.139754097654222420, 439.4216061485305431 ) ) ;
#3907 = PLANE ( 'NONE',  #1457 ) ;
#3908 = CARTESIAN_POINT ( 'NONE',  ( -6.868377766013762376, 27.92307545715910777, 35.29105735168671742 ) ) ;
#3909 = CARTESIAN_POINT ( 'NONE',  ( -0.000000000000000000, 47.49761717267276140, 180.9413346398615658 ) ) ;
#3910 = CARTESIAN_POINT ( 'NONE',  ( 0.5000000000002350342, 50.00000000000000000, 198.1826763077941393 ) ) ;
#3911 = LINE ( 'NONE', #6802, #3315 ) ;
#3912 = CARTESIAN_POINT ( 'NONE',  ( -45.31861514988560202, 30.99953728872739234, 120.3248029055247059 ) ) ;
#3913 = CARTESIAN_POINT ( 'NONE',  ( 0.06528093880876749411, 42.45093936600697049, 132.9963463131697665 ) ) ;
#3914 = CARTESIAN_POINT ( 'NONE',  ( -27.93320105887194060, 9.482709585563030785, -10.56185500302712477 ) ) ;
#3915 = VECTOR ( 'NONE', #4499, 1000.000000000000000 ) ;
#3916 = CARTESIAN_POINT ( 'NONE',  ( -25.16540310328114316, 32.66284238778568749, 90.74239323484829356 ) ) ;
#3917 = CARTESIAN_POINT ( 'NONE',  ( 11.54106037115949945, 18.89842486944788291, 438.8770723758824488 ) ) ;
#3918 = CARTESIAN_POINT ( 'NONE',  ( -31.12094556457081751, 37.31521432913692138, 233.5570194707992755 ) ) ;
#3919 = B_SPLINE_CURVE_WITH_KNOTS ( 'NONE', 3,
 ( #4745, #5987, #6586, #3731, #6027, #882 ),
 .UNSPECIFIED., .F., .F.,
 ( 4, 2, 4 ),
 ( 0.000000000000000000, 0.009882196995311036056, 0.01976439399062207211 ),
 .UNSPECIFIED. ) ;
#3920 = CARTESIAN_POINT ( 'NONE',  ( -2.600022395107888684, 31.67003230040083039, 29.63291989188160258 ) ) ;
#3921 = ORIENTED_EDGE ( 'NONE', *, *, #1070, .T. ) ;
#3922 = DIRECTION ( 'NONE',  ( 0.000000000000000000, -1.000000000000000000, 0.000000000000000000 ) ) ;
#3923 = CARTESIAN_POINT ( 'NONE',  ( -8.431562461238529593, 46.07402497580898171, 158.2968993032507683 ) ) ;
#3924 = VERTEX_POINT ( 'NONE', #6951 ) ;
#3925 = CARTESIAN_POINT ( 'NONE',  ( 0.7621554981624307779, 46.96436531364583544, 181.1826763077942246 ) ) ;
#3926 = CARTESIAN_POINT ( 'NONE',  ( 48.96184446544095437, 29.10081148751607927, 183.6136886649778717 ) ) ;
#3927 = CARTESIAN_POINT ( 'NONE',  ( -0.7020998398433726528, 45.86371172239648786, 130.5683831685448695 ) ) ;
#3928 = CARTESIAN_POINT ( 'NONE',  ( -149.9999999999995453, 8.360301161202400522, 362.6762669712815068 ) ) ;
#3929 = CARTESIAN_POINT ( 'NONE',  ( 0.6171258709203463200, 40.57133221176127336, 109.1057207058552763 ) ) ;
#3930 = CARTESIAN_POINT ( 'NONE',  ( 1.897887140548182083, -1.930630389853631890, -51.65318905880917555 ) ) ;
#3931 = EDGE_CURVE ( 'NONE', #1734, #858, #4891, .T. ) ;
#3932 = DIRECTION ( 'NONE',  ( 0.000000000000000000, -1.000000000000000000, 0.000000000000000000 ) ) ;
#3933 = PLANE ( 'NONE',  #7145 ) ;
#3934 = CARTESIAN_POINT ( 'NONE',  ( 37.15525042473253592, 31.83259511954742749, 124.2619949972990980 ) ) ;
#3935 = CARTESIAN_POINT ( 'NONE',  ( 3.340573480010778695, -14.94576865527262655, -66.08754007650293261 ) ) ;
#3936 = CARTESIAN_POINT ( 'NONE',  ( 1.500830232389108065, 26.47381961852577703, 24.91705300702749426 ) ) ;
#3937 = CARTESIAN_POINT ( 'NONE',  ( 0.4600724897958358151, 44.17213622258466899, 180.0761006410847358 ) ) ;
#3938 = CARTESIAN_POINT ( 'NONE',  ( 1.676507941506811594, 36.02744328790266337, 354.3090623948346547 ) ) ;
#3939 = CARTESIAN_POINT ( 'NONE',  ( -0.01552468088869202179, 44.12819214132301937, 180.1136684976526681 ) ) ;
#3940 = CARTESIAN_POINT ( 'NONE',  ( 0.6784141660087724679, 32.08134207213596056, 49.72251438379468169 ) ) ;
#3941 = CARTESIAN_POINT ( 'NONE',  ( 0.7257656490961721385, -4.623702357734425838, 541.5260409447616894 ) ) ;
#3942 = CARTESIAN_POINT ( 'NONE',  ( 39.63749387989575013, 26.52228091262966103, 69.18754356468517130 ) ) ;
#3943 = CARTESIAN_POINT ( 'NONE',  ( 0.3801977573894351203, 26.68786036977471099, 24.83562975671692641 ) ) ;
#3944 = CARTESIAN_POINT ( 'NONE',  ( 2.532672126167751614, 47.35079807303165467, 199.7148486207162534 ) ) ;
#3945 = CARTESIAN_POINT ( 'NONE',  ( -45.70542344819675407, 27.22844246722651462, 125.0000000100238680 ) ) ;
#3946 = LINE ( 'NONE', #7326, #6478 ) ;
#3947 = CARTESIAN_POINT ( 'NONE',  ( 27.97172343984627219, 37.62715454186508168, 151.3619273978899571 ) ) ;
#3948 = CARTESIAN_POINT ( 'NONE',  ( 0.9429501939302636915, 4.886886460646159058, -41.31700136380539590 ) ) ;
#3949 = CARTESIAN_POINT ( 'NONE',  ( -41.94400418282387477, 27.65850038481872630, 107.9540810015019900 ) ) ;
#3950 = CARTESIAN_POINT ( 'NONE',  ( -0.6656520313713912840, 10.37720417455050104, 486.6216067975119017 ) ) ;
#3951 = CARTESIAN_POINT ( 'NONE',  ( 10.71961130750829305, 36.07779793481478237, 62.31912070581579144 ) ) ;
#3952 = EDGE_CURVE ( 'NONE', #4790, #1734, #7120, .T. ) ;
#3953 = ORIENTED_EDGE ( 'NONE', *, *, #4488, .T. ) ;
#3954 = CARTESIAN_POINT ( 'NONE',  ( -27.56744686910734288, 35.73485248018729266, 125.0000000000000568 ) ) ;
#3955 = CARTESIAN_POINT ( 'NONE',  ( -6.814411576723173880, 46.50797352682411656, 230.8815100217026668 ) ) ;
#3956 = VERTEX_POINT ( 'NONE', #1846 ) ;
#3957 = DIRECTION ( 'NONE',  ( 0.000000000000000000, 1.000000000000000000, 0.000000000000000000 ) ) ;
#3958 = CARTESIAN_POINT ( 'NONE',  ( 0.000000000000000000, 29.52443753907863666, 35.04931211369478916 ) ) ;
#3959 = CARTESIAN_POINT ( 'NONE',  ( -0.8232861172484648993, 37.52274279518023548, 58.77084347987265289 ) ) ;
#3960 = CARTESIAN_POINT ( 'NONE',  ( 0.6656520313713912840, 10.37720417455050104, 486.6216067975119017 ) ) ;
#3961 = EDGE_CURVE ( 'NONE', #4231, #2163, #3798, .T. ) ;
#3962 = CARTESIAN_POINT ( 'NONE',  ( -9.650403398106345065, 38.07974976728762329, 100.9230969878305615 ) ) ;
#3963 = CARTESIAN_POINT ( 'NONE',  ( 1.892463454547965274, 1.631141071689482525, -46.56294020973754044 ) ) ;
#3964 = CARTESIAN_POINT ( 'NONE',  ( 16.35072411818069327, 41.96325836376144736, 213.8493120664509206 ) ) ;
#3965 = CARTESIAN_POINT ( 'NONE',  ( 28.35010901998991173, 33.12057288072311678, 102.9968123623681038 ) ) ;
#3966 = LINE ( 'NONE', #2841, #1896 ) ;
#3967 = DIRECTION ( 'NONE',  ( 0.9961974065886801677, 0.08712477894369635711, -6.480476354687228295E-15 ) ) ;
#3968 = CARTESIAN_POINT ( 'NONE',  ( 0.1628187810966245375, 28.70254771969159791, 33.02677865449972217 ) ) ;
#3969 = CARTESIAN_POINT ( 'NONE',  ( -37.76556995934399907, 35.10617481983373978, 200.4495679521910461 ) ) ;
#3970 = CARTESIAN_POINT ( 'NONE',  ( 39.35302601131734690, 13.53690614029605221, 413.1562519541586767 ) ) ;
#3971 = CARTESIAN_POINT ( 'NONE',  ( 0.01830734710720082273, 44.19537555612019020, 203.2907804904436091 ) ) ;
#3972 = CARTESIAN_POINT ( 'NONE',  ( -0.2967730908155060687, 33.81749921118624513, 58.07597070254061578 ) ) ;
#3973 = PLANE ( 'NONE',  #5193 ) ;
#3974 = CARTESIAN_POINT ( 'NONE',  ( 16.52964704332371682, 29.48863227876793758, 38.39836686568109769 ) ) ;
#3975 = CARTESIAN_POINT ( 'NONE',  ( 0.3272371641607572101, 26.68185737052592543, 24.83202371396525265 ) ) ;
#3976 = CARTESIAN_POINT ( 'NONE',  ( 2.428760078451330351, 47.36011922819358233, 199.8405980020749269 ) ) ;
#3977 = CARTESIAN_POINT ( 'NONE',  ( -48.41412826962033478, 33.45309315690064267, 190.1806821509475753 ) ) ;
#3978 = CARTESIAN_POINT ( 'NONE',  ( -0.3584964608201011704, 36.21662746249804599, 73.24070540745599089 ) ) ;
#3979 = CARTESIAN_POINT ( 'NONE',  ( 15.70607018859567994, 40.22376105103166566, 140.4237301046549362 ) ) ;
#3980 = CARTESIAN_POINT ( 'NONE',  ( 2.846830710822273236, -1.888371530433603951, -51.63176871257518741 ) ) ;
#3981 = CARTESIAN_POINT ( 'NONE',  ( -1.360304491981028541, 35.01924363283785624, 66.58490109245275335 ) ) ;
#3982 = CARTESIAN_POINT ( 'NONE',  ( 149.9999999999999716, 1.632909915346569596, 401.7829050630052166 ) ) ;
#3983 = CARTESIAN_POINT ( 'NONE',  ( 59.97550560955480847, 34.43158503966466810, 201.9292928342558184 ) ) ;
#3984 = ORIENTED_EDGE ( 'NONE', *, *, #6065, .F. ) ;
#3985 = CARTESIAN_POINT ( 'NONE',  ( -2.541418122066894103, 47.29517146356305091, 181.6500443414037420 ) ) ;
#3986 = CARTESIAN_POINT ( 'NONE',  ( 1.412905495387613675, 40.21919022833552049, 320.0005269926185747 ) ) ;
#3987 = ORIENTED_EDGE ( 'NONE', *, *, #2048, .F. ) ;
#3988 = AXIS2_PLACEMENT_3D ( 'NONE', #416, #3967, #7381 ) ;
#3989 = DIRECTION ( 'NONE',  ( -1.000000000000000000, 0.000000000000000000, 0.000000000000000000 ) ) ;
#3990 = ADVANCED_FACE ( 'NONE', ( #7139 ), #4360, .T. ) ;
#3991 = DIRECTION ( 'NONE',  ( 5.602867245962735462E-30, -1.000000000000000000, -1.644517855226013126E-15 ) ) ;
#3992 = CARTESIAN_POINT ( 'NONE',  ( 50.87203371489453474, 19.93273469430910438, 264.0063586441475536 ) ) ;
#3993 = CARTESIAN_POINT ( 'NONE',  ( 0.000000000000000000, -5.832248506198543403, -56.54747634531298672 ) ) ;
#3994 = CARTESIAN_POINT ( 'NONE',  ( 0.5496791856790375075, 25.91683902096197656, 415.4374579817630888 ) ) ;
#3995 = CARTESIAN_POINT ( 'NONE',  ( -7.627565566592178214, 39.49811199565645126, 111.7701824562159914 ) ) ;
#3996 = CARTESIAN_POINT ( 'NONE',  ( -28.53909880752624773, -10.68040278824253164, -41.02084576645206937 ) ) ;
#3997 = CARTESIAN_POINT ( 'NONE',  ( 0.000000000000000000, 29.52443753907863666, 35.04931211369478916 ) ) ;
#3998 = CARTESIAN_POINT ( 'NONE',  ( 10.56061870390437640, 37.30046829648910034, 96.06564985267662848 ) ) ;
#3999 = PLANE ( 'NONE',  #4174 ) ;
#4000 = CARTESIAN_POINT ( 'NONE',  ( 4.930098779428964129, 28.15138738225046211, 34.27168478385600991 ) ) ;
#4001 = CARTESIAN_POINT ( 'NONE',  ( -0.2736773000568777370, 43.61078592238612117, 156.7198276326058988 ) ) ;
#4002 = CARTESIAN_POINT ( 'NONE',  ( -1.240397304842907111, 17.08031719385537528, 458.4040238591230150 ) ) ;
#4003 = CARTESIAN_POINT ( 'NONE',  ( 26.15835791457803694, 39.45158128121793339, 218.0257248336085922 ) ) ;
#4004 = CARTESIAN_POINT ( 'NONE',  ( 8.180882659461213180, 31.15660172120593785, 52.68838191409665939 ) ) ;
#4005 = CARTESIAN_POINT ( 'NONE',  ( -2.004634084387156179, 43.98707165511328299, 199.5067177041692617 ) ) ;
#4006 = CARTESIAN_POINT ( 'NONE',  ( 43.98202472981410693, 32.25332642936205474, 124.9999999999998863 ) ) ;
#4007 = CARTESIAN_POINT ( 'NONE',  ( -47.45569761279335097, 19.46651471182855886, 79.90408692482114361 ) ) ;
#4008 = CARTESIAN_POINT ( 'NONE',  ( 2.105696642814335995, 47.39403094282046425, 199.3823170244373273 ) ) ;
#4009 = LINE ( 'NONE', #5742, #2596 ) ;
#4010 = ORIENTED_EDGE ( 'NONE', *, *, #7124, .T. ) ;
#4011 = CARTESIAN_POINT ( 'NONE',  ( -48.96184446544095437, 60.00000000000000711, 183.6136886649778717 ) ) ;
#4012 = EDGE_CURVE ( 'NONE', #6073, #1839, #2080, .T. ) ;
#4013 = CARTESIAN_POINT ( 'NONE',  ( -0.2552027304542463515, 43.07930504915109537, 144.8299558183375666 ) ) ;
#4014 = CARTESIAN_POINT ( 'NONE',  ( -150.0000000000000284, 7.321812825929968405, 218.5459688349021121 ) ) ;
#4015 = CARTESIAN_POINT ( 'NONE',  ( 0.05543569958741761949, 32.17084298555936073, 49.70342028404679269 ) ) ;
#4016 = CARTESIAN_POINT ( 'NONE',  ( 10.27266192055210858, 5.123073895678157186, 494.0455122256950062 ) ) ;
#4017 = CARTESIAN_POINT ( 'NONE',  ( 56.11130722957283723, 35.86224107201260836, 219.6474666994794234 ) ) ;
#4018 = ORIENTED_EDGE ( 'NONE', *, *, #2115, .T. ) ;
#4019 = CARTESIAN_POINT ( 'NONE',  ( -42.27838953370382313, 29.38781685692329404, 124.9999999999998579 ) ) ;
#4020 = CARTESIAN_POINT ( 'NONE',  ( -150.0000000000000000, 14.77013292611521500, 320.0000541252218227 ) ) ;
#4021 = VERTEX_POINT ( 'NONE', #2643 ) ;
#4022 = CARTESIAN_POINT ( 'NONE',  ( -24.62262735633027333, 27.83461189994946494, 43.13918858136970869 ) ) ;
#4023 = CARTESIAN_POINT ( 'NONE',  ( 0.2521930722648202394, 40.54055519318099954, 108.7202624296237730 ) ) ;
#4024 = DIRECTION ( 'NONE',  ( 0.000000000000000000, 0.5804949134221341067, 0.8142638733795261041 ) ) ;
#4025 = CARTESIAN_POINT ( 'NONE',  ( 150.0000000000003126, 16.71071704159100690, 262.7461542768186291 ) ) ;
#4026 = CARTESIAN_POINT ( 'NONE',  ( 86.91359524864041930, -11.34795942607654595, 48.66319268689352384 ) ) ;
#4027 = CARTESIAN_POINT ( 'NONE',  ( -10.55815539007339510, 8.766027140151836150, 480.2865580578388176 ) ) ;
#4028 = CARTESIAN_POINT ( 'NONE',  ( -9.380130067107378622, 39.24866746025207220, 112.7194810901590216 ) ) ;
#4029 = CARTESIAN_POINT ( 'NONE',  ( 0.000000000000000000, 24.65191137066539895, 4.845070576238386550 ) ) ;
#4030 = CARTESIAN_POINT ( 'NONE',  ( 0.7611548044256162271, 47.00047126471864800, 200.1698011189702413 ) ) ;
#4031 = CARTESIAN_POINT ( 'NONE',  ( 31.39149654379969689, 33.41458571850102288, 114.9501888088511947 ) ) ;
#4032 = PLANE ( 'NONE',  #2629 ) ;
#4033 = CARTESIAN_POINT ( 'NONE',  ( 0.5350252932265709971, 28.65874882185514849, 33.03291291181785283 ) ) ;
#4034 = CARTESIAN_POINT ( 'NONE',  ( 0.5096406144488987433, 43.69748053959004608, 156.6666009552823766 ) ) ;
#4035 = CARTESIAN_POINT ( 'NONE',  ( 36.00285309233927933, -6.792297079197776810, 479.3729591887034758 ) ) ;
#4036 = EDGE_CURVE ( 'NONE', #1631, #3053, #994, .T. ) ;
#4037 = CARTESIAN_POINT ( 'NONE',  ( 40.72285808862894640, 33.35897170989347416, 226.1757960909323231 ) ) ;
#4038 = CARTESIAN_POINT ( 'NONE',  ( 7.058488323221937755, 31.30030938973355603, 52.05289493698646908 ) ) ;
#4039 = CARTESIAN_POINT ( 'NONE',  ( 0.2926331127849368108, 41.90699969400456837, 125.5901444102397733 ) ) ;
#4040 = CARTESIAN_POINT ( 'NONE',  ( 13.27806055916713746, 30.15786559295474234, 37.12993387129967715 ) ) ;
#4041 = CARTESIAN_POINT ( 'NONE',  ( 3.554181413012626578, 42.99037506571880130, 153.4838691362626548 ) ) ;
#4042 = CARTESIAN_POINT ( 'NONE',  ( 0.2733074820944759176, 43.97287985185693060, 214.6238624068324441 ) ) ;
#4043 = CARTESIAN_POINT ( 'NONE',  ( 2.234028420607181431, 46.83678926782260987, 199.1878730405645967 ) ) ;
#4044 = EDGE_CURVE ( 'NONE', #7402, #1839, #5074, .T. ) ;
#4045 = DIRECTION ( 'NONE',  ( -1.000000000000000000, 1.465688971912424303E-09, 6.518411137131776604E-09 ) ) ;
#4046 = ORIENTED_EDGE ( 'NONE', *, *, #356, .T. ) ;
#4047 = CARTESIAN_POINT ( 'NONE',  ( 11.08934566304094815, 34.71005399337511221, 77.91567856383217361 ) ) ;
#4048 = CARTESIAN_POINT ( 'NONE',  ( 46.33786564793913243, 30.65373864610654664, 184.5938764450761198 ) ) ;
#4049 = CARTESIAN_POINT ( 'NONE',  ( 1.885900387860527383, 4.944344929474349115, -41.28297166191669731 ) ) ;
#4050 = CARTESIAN_POINT ( 'NONE',  ( 0.2516356678344607856, 33.81187951066469566, 58.07348579194287197 ) ) ;
#4051 = CARTESIAN_POINT ( 'NONE',  ( 35.66697731966415574, -11.64039430091011873, 495.5372216640326997 ) ) ;
#4052 = AXIS2_PLACEMENT_3D ( 'NONE', #1046, #3932, #6150 ) ;
#4053 = ORIENTED_EDGE ( 'NONE', *, *, #1975, .F. ) ;
#4054 = CARTESIAN_POINT ( 'NONE',  ( 0.000000000000000000, 0.000000000000000000, 125.0000000000000000 ) ) ;
#4055 = CARTESIAN_POINT ( 'NONE',  ( -1.676507941506811594, 36.02744328790266337, 354.3090623948346547 ) ) ;
#4056 = CARTESIAN_POINT ( 'NONE',  ( -2.553569696294410551, 139.2235650228607540, 149.4838691362629106 ) ) ;
#4057 = CARTESIAN_POINT ( 'NONE',  ( 39.06283781553391066, 34.43859679805530760, 206.4823209954423078 ) ) ;
#4058 = CARTESIAN_POINT ( 'NONE',  ( -1.821459649775651236E-14, 39.58932126930239548, 98.90347488831500300 ) ) ;
#4059 = CARTESIAN_POINT ( 'NONE',  ( -42.19164873146501549, 30.24775843100450956, 134.0874506435438605 ) ) ;
#4060 = CARTESIAN_POINT ( 'NONE',  ( 35.11911001274007305, 22.12525013819458053, 55.35575452229719673 ) ) ;
#4061 = CARTESIAN_POINT ( 'NONE',  ( 0.000000000000000000, 34.15347802815850997, 41.94911547631893001 ) ) ;
#4062 = CARTESIAN_POINT ( 'NONE',  ( 28.58244982384469424, -15.21890313945408657, -45.70561207615780575 ) ) ;
#4063 = CARTESIAN_POINT ( 'NONE',  ( -34.50293675528526904, 33.13301126630443605, 125.1432929493619639 ) ) ;
#4064 = CARTESIAN_POINT ( 'NONE',  ( -12.37917598823336540, 4.075400731689930112, -36.12926134960945035 ) ) ;
#4065 =( BOUNDED_SURFACE ( )  B_SPLINE_SURFACE ( 3, 2, ( 
 ( #1761, #5216, #565 ),
 ( #74, #2365, #4648 ),
 ( #6935, #2852, #2292 ),
 ( #3369, #3335, #5589 ) ),
 .UNSPECIFIED., .F., .F., .T. ) 
 B_SPLINE_SURFACE_WITH_KNOTS ( ( 4, 4 ),
 ( 3, 3 ),
 ( 0.000000000000000000, 0.0005478302407260897964 ),
 ( 0.000000000000000000, 1.000000000000000000 ),
 .UNSPECIFIED. ) 
 GEOMETRIC_REPRESENTATION_ITEM ( )  RATIONAL_B_SPLINE_SURFACE ( (
 ( 1.000000000000000000, 0.7042303724935000675, 1.000000000000000000),
 ( 1.000000000000000000, 0.7041806733210556057, 1.000000000000000000),
 ( 1.000000000000000000, 0.7041314063162754655, 1.000000000000000000),
 ( 1.000000000000000000, 0.7040826913159207168, 1.000000000000000000) ) ) 
 REPRESENTATION_ITEM ( '' )  SURFACE ( )  );
#4066 = CARTESIAN_POINT ( 'NONE',  ( 2.446567301860293142, 46.81350234712165559, 198.7108362777997854 ) ) ;
#4067 = CARTESIAN_POINT ( 'NONE',  ( 6.907314009059005500, 39.61119530707288305, 111.0120612296850737 ) ) ;
#4068 = CARTESIAN_POINT ( 'NONE',  ( -0.9538432379601403666, -14.88770259644060800, -66.09957415697023464 ) ) ;
#4069 = CARTESIAN_POINT ( 'NONE',  ( -7.301291994692240550, 46.93704426116289596, 207.1250189900836745 ) ) ;
#4070 = CARTESIAN_POINT ( 'NONE',  ( -29.74790990725673367, 38.02668242259247933, 177.2253642586018714 ) ) ;
#4071 = CARTESIAN_POINT ( 'NONE',  ( 0.000000000000000000, 13.75622029850556061, 472.5436863909573617 ) ) ;
#4072 = CARTESIAN_POINT ( 'NONE',  ( 29.31283903500842669, 38.41500886374497270, 221.0585265631900427 ) ) ;
#4073 = B_SPLINE_CURVE_WITH_KNOTS ( 'NONE', 3,
 ( #536, #947, #3235, #3312, #6730, #1585, #5526, #7247, #387, #6170, #1027, #501, #465, #2753, #3834, #7287 ),
 .UNSPECIFIED., .F., .F.,
 ( 4, 2, 2, 2, 2, 2, 2, 4 ),
 ( 6.938893903907228378E-18, 0.0003913154492130440309, 0.0007826308984260807976, 0.001173946347639117727, 0.001565261796852154656, 0.001956577246065190935, 0.002347892695278228081, 0.003130523593704224311 ),
 .UNSPECIFIED. ) ;
#4074 = ADVANCED_FACE ( 'NONE', ( #4972 ), #910, .F. ) ;
#4075 = CARTESIAN_POINT ( 'NONE',  ( -0.4122518633365742091, 33.83184575260140292, 58.08298095636710201 ) ) ;
#4076 = CARTESIAN_POINT ( 'NONE',  ( -5.667666856667974429E-14, 41.82782143490219084, 124.9999999999999858 ) ) ;
#4077 = CARTESIAN_POINT ( 'NONE',  ( 8.787197833312855977, 31.08542593157888945, 35.89342873416980950 ) ) ;
#4078 = CARTESIAN_POINT ( 'NONE',  ( -35.60810051099057461, 21.85491586015392329, 54.78033564459992988 ) ) ;
#4079 = CARTESIAN_POINT ( 'NONE',  ( -4.483704590777537469, 43.54938813191648705, 215.8440389258620655 ) ) ;
#4080 = CARTESIAN_POINT ( 'NONE',  ( 1.747350563395200673, 47.42542604696624409, 199.7518474045097321 ) ) ;
#4081 = ORIENTED_EDGE ( 'NONE', *, *, #2829, .F. ) ;
#4082 = FACE_OUTER_BOUND ( 'NONE', #1887, .T. ) ;
#4083 = CARTESIAN_POINT ( 'NONE',  ( -0.4032427806540853088, 43.68577455282466815, 156.6709920310161124 ) ) ;
#4084 = CARTESIAN_POINT ( 'NONE',  ( -11.95892245156395362, 19.47318974129438018, -2.636757449170115120 ) ) ;
#4085 = CARTESIAN_POINT ( 'NONE',  ( 0.3740569201260346976, 32.20998794259703146, 49.71966844854490830 ) ) ;
#4086 = CARTESIAN_POINT ( 'NONE',  ( -1.434789889613982350, -1.011398729720650369, 529.3086085165732584 ) ) ;
#4087 = VERTEX_POINT ( 'NONE', #2606 ) ;
#4088 = DIRECTION ( 'NONE',  ( 0.000000000000000000, 0.5804949134221341067, 0.8142638733795261041 ) ) ;
#4089 = CARTESIAN_POINT ( 'NONE',  ( 0.4709684984625378545, 40.21920836791927201, 320.0003648965263210 ) ) ;
#4090 = ORIENTED_EDGE ( 'NONE', *, *, #4571, .T. ) ;
#4091 = CARTESIAN_POINT ( 'NONE',  ( -2.963931846531302039, 32.20566942429991286, 35.10326162110068537 ) ) ;
#4092 = CARTESIAN_POINT ( 'NONE',  ( -48.96184446544095437, 29.10081148751607927, 183.6136886649778717 ) ) ;
#4093 = CARTESIAN_POINT ( 'NONE',  ( 0.2871758335750618785, 38.74245981883415624, 91.81618375707979851 ) ) ;
#4094 = CARTESIAN_POINT ( 'NONE',  ( 0.5505272624623879230, 47.49506067536788834, 180.6769762434212794 ) ) ;
#4095 = CARTESIAN_POINT ( 'NONE',  ( 47.31906922256365533, 16.80001900358779210, 316.1413866361843361 ) ) ;
#4096 = CARTESIAN_POINT ( 'NONE',  ( -3.717285360292893800E-10, 47.44095658836680229, 210.9087303205702142 ) ) ;
#4097 = CARTESIAN_POINT ( 'NONE',  ( 12.49172242615647477, -6.277043314077721980, -50.97366954480303747 ) ) ;
#4098 = CARTESIAN_POINT ( 'NONE',  ( -0.7988947018204106687, 39.26658843062301685, 97.20336177804789202 ) ) ;
#4099 = CARTESIAN_POINT ( 'NONE',  ( 0.9247670608693169259, 16.13791471914375109, -18.92185757000694935 ) ) ;
#4100 = LINE ( 'NONE', #1218, #3207 ) ;
#4101 = CARTESIAN_POINT ( 'NONE',  ( 4.335424125811539575, 39.05533073986330805, 101.3128891823676696 ) ) ;
#4102 = CARTESIAN_POINT ( 'NONE',  ( 2.982839794132248645, 47.31102851157060485, 198.8450368506145765 ) ) ;
#4103 = VECTOR ( 'NONE', #6766, 1000.000000000000000 ) ;
#4104 = CARTESIAN_POINT ( 'NONE',  ( 28.11698015143261742, 5.915450505645251766, -17.51976183688852373 ) ) ;
#4105 = CARTESIAN_POINT ( 'NONE',  ( -150.0000000000003126, 16.71071704159100690, 262.7461542768186291 ) ) ;
#4106 = CARTESIAN_POINT ( 'NONE',  ( -32.21854210670404939, 37.48198434396599765, 191.5884202789910091 ) ) ;
#4107 = CARTESIAN_POINT ( 'NONE',  ( 10.87137964986494865, 12.27380154565681281, 466.5267389959417415 ) ) ;
#4108 = CARTESIAN_POINT ( 'NONE',  ( -0.04794042840133195399, 43.95550115484522280, 214.6517179364683727 ) ) ;
#4109 = CARTESIAN_POINT ( 'NONE',  ( 25.61439321164690242, 31.42418452871539714, 82.83241029797177646 ) ) ;
#4110 = CARTESIAN_POINT ( 'NONE',  ( 0.4143926332248085154, 41.92163264408050338, 125.5894449644904256 ) ) ;
#4111 = CARTESIAN_POINT ( 'NONE',  ( -49.67579583752404204, 18.91234856694757838, 86.75870934013559577 ) ) ;
#4112 = CARTESIAN_POINT ( 'NONE',  ( -10.21687779644072869, 42.87450257858521496, 218.1414662833355464 ) ) ;
#4113 = CARTESIAN_POINT ( 'NONE',  ( -0.1887073874095602233, 26.66571888997333062, 24.82198222134409349 ) ) ;
#4114 = EDGE_CURVE ( 'NONE', #6100, #317, #6020, .T. ) ;
#4115 = ORIENTED_EDGE ( 'NONE', *, *, #1260, .T. ) ;
#4116 = PLANE ( 'NONE',  #10 ) ;
#4117 = CARTESIAN_POINT ( 'NONE',  ( -0.4564416883448337292, 43.69162754451394193, 156.6687965002139435 ) ) ;
#4118 = CARTESIAN_POINT ( 'NONE',  ( -0.3567431179035186473, 41.30146120036678070, 117.1680548184900346 ) ) ;
#4119 = CARTESIAN_POINT ( 'NONE',  ( -84.37654678365758798, 7.016731582859186744, 78.37539727634437270 ) ) ;
#4120 = CARTESIAN_POINT ( 'NONE',  ( -0.4941064483468047830, 32.10373482968243763, 49.70883449215448024 ) ) ;
#4121 = CARTESIAN_POINT ( 'NONE',  ( -1.462097396393197579, -8.755891532203142091, 555.1105562664688478 ) ) ;
#4122 = VERTEX_POINT ( 'NONE', #3879 ) ;
#4123 = CARTESIAN_POINT ( 'NONE',  ( -30.09588572903243175, 38.14671236415006206, 211.9186416243905171 ) ) ;
#4124 = CARTESIAN_POINT ( 'NONE',  ( -6.132859819528112766, 28.43009116092171595, 399.5846028973078319 ) ) ;
#4125 = ORIENTED_EDGE ( 'NONE', *, *, #2539, .T. ) ;
#4126 = CARTESIAN_POINT ( 'NONE',  ( -29.77830238385952555, 26.84376522310407864, 47.97704532594988081 ) ) ;
#4127 = DIRECTION ( 'NONE',  ( -1.000000000000000000, 0.000000000000000000, 0.000000000000000000 ) ) ;
#4128 = CARTESIAN_POINT ( 'NONE',  ( -7.043502836351649421, 38.69128130752558548, 102.6221001346316086 ) ) ;
#4129 = CARTESIAN_POINT ( 'NONE',  ( 2.541418122066894103, 47.29517146356305091, 181.6500443414037420 ) ) ;
#4130 = CARTESIAN_POINT ( 'NONE',  ( 43.14658061911373466, 35.50342271598734101, 304.1660564602935892 ) ) ;
#4131 = CARTESIAN_POINT ( 'NONE',  ( 0.000000000000000000, 47.57416251593267731, 200.6869432474837254 ) ) ;
#4132 = CARTESIAN_POINT ( 'NONE',  ( 12.56828236095124929, -24.59226084328281203, -70.07999748860358125 ) ) ;
#4133 = ORIENTED_EDGE ( 'NONE', *, *, #6160, .T. ) ;
#4134 = CARTESIAN_POINT ( 'NONE',  ( 0.01313801322155363528, 37.94931759351848655, 85.16603758982006411 ) ) ;
#4135 = CARTESIAN_POINT ( 'NONE',  ( 0.9126475175586304944, 20.71106199493173605, -7.133971301115257013 ) ) ;
#4136 = ORIENTED_EDGE ( 'NONE', *, *, #804, .T. ) ;
#4137 = EDGE_CURVE ( 'NONE', #7007, #5308, #7299, .T. ) ;
#4138 = DIRECTION ( 'NONE',  ( -0.000000000000000000, -0.2193763502603199023, -0.9756403112553628798 ) ) ;
#4139 = CARTESIAN_POINT ( 'NONE',  ( -0.04235019431929484823, 40.51454458861825714, 108.7226906083986933 ) ) ;
#4140 = CARTESIAN_POINT ( 'NONE',  ( 9.529757938454903154, 27.33176742078863342, 36.02147162557581339 ) ) ;
#4141 = CARTESIAN_POINT ( 'NONE',  ( -2.846830710822273236, -1.888371530433603951, -51.63176871257518741 ) ) ;
#4142 = CARTESIAN_POINT ( 'NONE',  ( 0.6161072361437418543, 47.71231197339022856, 180.5334442090090192 ) ) ;
#4143 = CARTESIAN_POINT ( 'NONE',  ( -15.70607017612311118, 40.22376105330707929, 140.4237300967932924 ) ) ;
#4144 = CARTESIAN_POINT ( 'NONE',  ( 2.541794483188228870, -4.806876550188804664, 541.7585835155889527 ) ) ;
#4145 = EDGE_CURVE ( 'NONE', #3206, #2771, #6176, .T. ) ;
#4146 = CARTESIAN_POINT ( 'NONE',  ( 38.72287871282657790, 33.62005862187430694, 242.5316271151324372 ) ) ;
#4147 = CARTESIAN_POINT ( 'NONE',  ( -0.3162370964004549978, 36.46003348842872072, 74.92588911153079323 ) ) ;
#4148 = CARTESIAN_POINT ( 'NONE',  ( -12.04962159881519490, 40.23681027005854105, 130.7061999804369350 ) ) ;
#4149 = FILL_AREA_STYLE ('',( #3031 ) ) ;
#4150 = CARTESIAN_POINT ( 'NONE',  ( 1.384451595007682112, 43.99766435361210881, 181.3841060242131391 ) ) ;
#4151 = CARTESIAN_POINT ( 'NONE',  ( -2.434499560237524118, 43.74798116939785331, 215.1665503136725874 ) ) ;
#4152 = CARTESIAN_POINT ( 'NONE',  ( 9.038935942379033861, 44.65478929440413225, 133.3990811073386169 ) ) ;
#4153 = VECTOR ( 'NONE', #5275, 1000.000000000000000 ) ;
#4154 = ORIENTED_EDGE ( 'NONE', *, *, #1927, .T. ) ;
#4155 = CARTESIAN_POINT ( 'NONE',  ( -0.4600724718658874557, 44.17213622079899693, 180.0761006407074944 ) ) ;
#4156 = CARTESIAN_POINT ( 'NONE',  ( 0.2009646638948269226, 41.23310327414422005, 117.1834475851085529 ) ) ;
#4157 = CARTESIAN_POINT ( 'NONE',  ( -55.14185912003974011, 11.14502422987850849, 230.0543043816361433 ) ) ;
#4158 = CARTESIAN_POINT ( 'NONE',  ( -0.2920684557963224015, 33.74438812169903201, 58.06598883235587749 ) ) ;
#4159 = CARTESIAN_POINT ( 'NONE',  ( 35.62511535099858406, -12.77791609919348659, 499.3972652287001210 ) ) ;
#4160 = CARTESIAN_POINT ( 'NONE',  ( -149.9999999999992042, -3.609269300846623008, 431.4188600312683661 ) ) ;
#4161 = ORIENTED_EDGE ( 'NONE', *, *, #7387, .F. ) ;
#4162 = CARTESIAN_POINT ( 'NONE',  ( -17.24000500210580356, 25.68941750529190671, 38.68030761453307065 ) ) ;
#4163 = CARTESIAN_POINT ( 'NONE',  ( -149.9999999999999716, 1.632909915346569596, 401.7829050630052166 ) ) ;
#4164 = CARTESIAN_POINT ( 'NONE',  ( -1.016454299009141193, 46.97240488683767978, 200.1192129562965079 ) ) ;
#4165 = CARTESIAN_POINT ( 'NONE',  ( 39.76887358507481451, 34.11019084603980644, 205.8369775581730892 ) ) ;
#4166 = B_SPLINE_CURVE_WITH_KNOTS ( 'NONE', 3,
 ( #2750, #5521, #3909, #499, #384, #2149 ),
 .UNSPECIFIED., .F., .F.,
 ( 4, 2, 4 ),
 ( 0.000000000000000000, 0.0003942599937439666665, 0.0007885199874879333330 ),
 .UNSPECIFIED. ) ;
#4167 = CARTESIAN_POINT ( 'NONE',  ( 0.000000000000000000, 31.66640068115475515, 47.16354981049583728 ) ) ;
#4168 = CARTESIAN_POINT ( 'NONE',  ( -10.35529312413468617, 38.22869074286292346, 104.3919116016650577 ) ) ;
#4169 = CARTESIAN_POINT ( 'NONE',  ( 0.000000000000000000, 41.02506332365900477, 312.7991820443241977 ) ) ;
#4170 = CARTESIAN_POINT ( 'NONE',  ( 2.011210392509118705, 41.57753704009071782, 124.9999999999999574 ) ) ;
#4171 = CARTESIAN_POINT ( 'NONE',  ( 28.23808762699846042, 3.056412852116027423, -22.60677287783177647 ) ) ;
#4172 = ORIENTED_EDGE ( 'NONE', *, *, #4276, .T. ) ;
#4173 = CARTESIAN_POINT ( 'NONE',  ( 0.6178009461430707949, 36.24902831321227126, 73.25384076665011435 ) ) ;
#4174 = AXIS2_PLACEMENT_3D ( 'NONE', #554, #7413, #3472 ) ;
#4175 = CARTESIAN_POINT ( 'NONE',  ( -11.95892245156395362, 19.47318974129438018, -2.636757449170115120 ) ) ;
#4176 = ORIENTED_EDGE ( 'NONE', *, *, #5921, .F. ) ;
#4177 = CARTESIAN_POINT ( 'NONE',  ( -2.500000000000235367, 46.80817548411965845, 198.4476223233207861 ) ) ;
#4178 = CARTESIAN_POINT ( 'NONE',  ( 7.377366059786850450, 38.64506322501930669, 102.7977582473972689 ) ) ;
#4179 = CARTESIAN_POINT ( 'NONE',  ( 2.428089338926048057, 47.36017937206705142, 199.8413554890892101 ) ) ;
#4180 = CARTESIAN_POINT ( 'NONE',  ( 28.42755645119725472, -3.288475361452404488, -32.29124967184177564 ) ) ;
#4181 = CARTESIAN_POINT ( 'NONE',  ( -50.07172804542855005, 20.26724883329845284, 270.0327580235693290 ) ) ;
#4182 = CARTESIAN_POINT ( 'NONE',  ( -0.5043082577959421275, 42.39842907594634625, 133.0327318250734834 ) ) ;
#4183 = CARTESIAN_POINT ( 'NONE',  ( -0.6857961776820891142, 6.775705951531614701, 500.7587486378974972 ) ) ;
#4184 = ORIENTED_EDGE ( 'NONE', *, *, #1107, .T. ) ;
#4185 = CARTESIAN_POINT ( 'NONE',  ( 16.31757746984458635, 32.96794922247232051, 74.78240641330671679 ) ) ;
#4186 = CARTESIAN_POINT ( 'NONE',  ( -4.826953319555278732, 40.64539091522119918, 118.4637681969538647 ) ) ;
#4187 = CARTESIAN_POINT ( 'NONE',  ( 0.000000000000000000, 31.66640068115475515, 47.16354981049583728 ) ) ;
#4188 = DIRECTION ( 'NONE',  ( 0.000000000000000000, -1.000000000000000000, 0.000000000000000000 ) ) ;
#4189 = CARTESIAN_POINT ( 'NONE',  ( -43.33048960745804834, 32.02663759053338310, 230.0518365523800242 ) ) ;
#4190 = CARTESIAN_POINT ( 'NONE',  ( 150.0000000000000853, 15.27823658166833454, 249.4146832441057597 ) ) ;
#4191 = ORIENTED_EDGE ( 'NONE', *, *, #1464, .T. ) ;
#4192 = COLOUR_RGB ( '',0.7921568627450980005, 0.8196078431372548767, 0.9333333333333333481 ) ;
#4193 = CARTESIAN_POINT ( 'NONE',  ( 41.57490056035356218, 33.34100844290586707, 196.2121936977133316 ) ) ;
#4194 = CARTESIAN_POINT ( 'NONE',  ( 7.405400997112506545, 40.29412481575973715, 119.7273176496386640 ) ) ;
#4195 = CARTESIAN_POINT ( 'NONE',  ( 1.766877480964753611, 28.41324036064381175, 17.19561693595092322 ) ) ;
#4196 = CARTESIAN_POINT ( 'NONE',  ( 0.1778509119548052075, 30.56897748683048377, 41.34607562340655562 ) ) ;
#4197 = CARTESIAN_POINT ( 'NONE',  ( 9.706193483868752026, -6.012392168603122755, 533.3392366149785175 ) ) ;
#4198 = CARTESIAN_POINT ( 'NONE',  ( -2.401812407620467660, 6.569449054318622139, 500.9803719639622841 ) ) ;
#4199 = CARTESIAN_POINT ( 'NONE',  ( -21.57190015348859902, 40.76846157905173840, 213.8493121092972160 ) ) ;
#4200 = CARTESIAN_POINT ( 'NONE',  ( 1.145115487848116009, 23.11885975406494254, 429.9532895041899678 ) ) ;
#4201 = CARTESIAN_POINT ( 'NONE',  ( -2.068239667017416128, 47.39242183869758662, 200.1764616201281228 ) ) ;
#4202 = CARTESIAN_POINT ( 'NONE',  ( 6.919920365888734574E-14, 40.86602728981571175, 111.9364618116433689 ) ) ;
#4203 = DIRECTION ( 'NONE',  ( -1.000000000000000000, 0.000000000000000000, 6.518411137131775777E-09 ) ) ;
#4204 = CARTESIAN_POINT ( 'NONE',  ( -3.719133531756618982, 38.23272973405524056, 92.61409269140621348 ) ) ;
#4205 = CARTESIAN_POINT ( 'NONE',  ( -0.5416989483541193584, 47.07227379654968757, 229.0552716760062992 ) ) ;
#4206 = LINE ( 'NONE', #6502, #6703 ) ;
#4207 = CARTESIAN_POINT ( 'NONE',  ( -0.9333058635097452038, 11.80632858096668159, -28.47083339118706391 ) ) ;
#4208 = ORIENTED_EDGE ( 'NONE', *, *, #4633, .F. ) ;
#4209 = CARTESIAN_POINT ( 'NONE',  ( -14.40596668694801075, 35.97342499037106478, 91.84070129843800601 ) ) ;
#4210 = CARTESIAN_POINT ( 'NONE',  ( -11.32133923080468918, 30.04935886603911399, 33.43650446410281063 ) ) ;
#4211 = VERTEX_POINT ( 'NONE', #2158 ) ;
#4212 = ADVANCED_FACE ( 'NONE', ( #4446 ), #4841, .T. ) ;
#4213 = CARTESIAN_POINT ( 'NONE',  ( 38.44749048124504043, 32.03966952960598036, 131.3455817080559314 ) ) ;
#4214 = CARTESIAN_POINT ( 'NONE',  ( -2.003953130958406881, 46.86250990685563522, 199.5074906829646011 ) ) ;
#4215 = CARTESIAN_POINT ( 'NONE',  ( 1.557829569616505649, 40.31445068620757866, 108.9118489662270548 ) ) ;
#4216 = CARTESIAN_POINT ( 'NONE',  ( 2.500000000000242917, 47.31740675039159072, 183.1766820975553856 ) ) ;
#4217 = CARTESIAN_POINT ( 'NONE',  ( 86.34215386717033880, -3.295932708773868125, 58.85122590806797405 ) ) ;
#4218 = CARTESIAN_POINT ( 'NONE',  ( -13.89565711704575790, 43.38650797797856740, 278.5011269604131598 ) ) ;
#4219 = CARTESIAN_POINT ( 'NONE',  ( -9.336224413481938100, 41.84308505728404270, 148.4025982082205530 ) ) ;
#4220 = CARTESIAN_POINT ( 'NONE',  ( 2.562910308763635570, -10.10991166068970415, 559.0556826788819080 ) ) ;
#4221 = VECTOR ( 'NONE', #7159, 1000.000000000000000 ) ;
#4222 = VERTEX_POINT ( 'NONE', #4612 ) ;
#4223 =( NAMED_UNIT ( * ) PLANE_ANGLE_UNIT ( ) SI_UNIT ( $, .RADIAN. ) );
#4224 = CARTESIAN_POINT ( 'NONE',  ( -0.3078495281990372145, 35.22759532878686883, 66.49047217163069945 ) ) ;
#4225 = CARTESIAN_POINT ( 'NONE',  ( -12.31065689755493864, 39.57581389950789941, 122.4619037780683470 ) ) ;
#4226 = CARTESIAN_POINT ( 'NONE',  ( -39.63749387989575013, 31.29850771630736261, 69.18754356468517130 ) ) ;
#4227 = CARTESIAN_POINT ( 'NONE',  ( -0.4746358656394770170, 44.22090948788881093, 191.8283798839754581 ) ) ;
#4228 = CARTESIAN_POINT ( 'NONE',  ( 42.82036082025610568, 33.85106947388772625, 320.0000000000000568 ) ) ;
#4229 = ADVANCED_FACE ( 'NONE', ( #3318 ), #3726, .T. ) ;
#4230 = VECTOR ( 'NONE', #4024, 1000.000000000000227 ) ;
#4231 = VERTEX_POINT ( 'NONE', #1553 ) ;
#4232 = CARTESIAN_POINT ( 'NONE',  ( 6.760960749862195307, 42.81730084787470503, 158.9338544631543755 ) ) ;
#4233 = CARTESIAN_POINT ( 'NONE',  ( 22.81267631048682532, 37.69729057216836310, 130.3956874193302724 ) ) ;
#4234 = CARTESIAN_POINT ( 'NONE',  ( 2.469858351745394476, 37.72654402396099016, 58.86823661618673498 ) ) ;
#4235 = CARTESIAN_POINT ( 'NONE',  ( -6.306247186553902040, 31.39487458462848934, 51.64791515104002428 ) ) ;
#4236 = CARTESIAN_POINT ( 'NONE',  ( -2.500000000000242917, 47.31740675039159072, 183.1766820975553856 ) ) ;
#4237 = CARTESIAN_POINT ( 'NONE',  ( 2.193146094589796480, -8.722081592724736154, 555.0729705871741544 ) ) ;
#4238 = CARTESIAN_POINT ( 'NONE',  ( -29.62807171669704687, 23.07371878693797740, 47.81387310670470470 ) ) ;
#4239 = CARTESIAN_POINT ( 'NONE',  ( -149.9999999999994884, 5.740427124744100773, 378.1347507846561484 ) ) ;
#4240 = CARTESIAN_POINT ( 'NONE',  ( -1.349217888207867366, 47.45635870799091549, 200.5592091825462830 ) ) ;
#4241 = EDGE_CURVE ( 'NONE', #4328, #1829, #5871, .T. ) ;
#4242 = CARTESIAN_POINT ( 'NONE',  ( -2.500000000000238476, 43.89587077626221401, 183.1826763077941109 ) ) ;
#4243 = B_SPLINE_CURVE_WITH_KNOTS ( 'NONE', 3,
 ( #5671, #2327, #4610, #6897, #3411, #1757, #2849, #2956, #4542, #7420, #1790, #2289, #4006, #6334 ),
 .UNSPECIFIED., .F., .F.,
 ( 4, 2, 2, 2, 2, 2, 4 ),
 ( 0.000000000000000000, 0.005997549026645702594, 0.01199509805329140345, 0.02399019610658279997, 0.03598529415987419822, 0.04198284318651988867, 0.04798039221316557912 ),
 .UNSPECIFIED. ) ;
#4244 = CARTESIAN_POINT ( 'NONE',  ( 0.000000000000000000, 45.98973882274688663, 135.9161412339282720 ) ) ;
#4245 = CARTESIAN_POINT ( 'NONE',  ( 0.3683285037706613418, 37.69797562801270630, 83.36298476285452352 ) ) ;
#4246 = CARTESIAN_POINT ( 'NONE',  ( 149.9999999999995453, 8.360301161202400522, 362.6762669712815068 ) ) ;
#4247 = DIRECTION ( 'NONE',  ( 1.000000000000000000, 0.000000000000000000, 3.934968648599341538E-15 ) ) ;
#4248 = CARTESIAN_POINT ( 'NONE',  ( 12.32604656146385480, 7.066535420415203994, -30.82130669073084661 ) ) ;
#4249 = VERTEX_POINT ( 'NONE', #877 ) ;
#4250 = CARTESIAN_POINT ( 'NONE',  ( -45.56796412697513432, 28.46840342264611579, 135.7708890616079884 ) ) ;
#4251 = CARTESIAN_POINT ( 'NONE',  ( -150.0000000000000853, 15.27823658166833454, 249.4146832441057597 ) ) ;
#4252 = CARTESIAN_POINT ( 'NONE',  ( 7.184440700221479403, 39.56027085309703750, 111.5360677769873092 ) ) ;
#4253 = DIRECTION ( 'NONE',  ( 0.000000000000000000, -1.000000000000000000, 0.000000000000000000 ) ) ;
#4254 = CARTESIAN_POINT ( 'NONE',  ( 7.234173524110878439, 39.56583296940952010, 111.1814166548156919 ) ) ;
#4255 = CARTESIAN_POINT ( 'NONE',  ( 2.435999923456193095, 46.76006511606308180, 182.6640754636173369 ) ) ;
#4256 = CARTESIAN_POINT ( 'NONE',  ( -1.878238518609093521, 8.033333812045590605, -35.84821112819088995 ) ) ;
#4257 = CARTESIAN_POINT ( 'NONE',  ( -5.833484303085390010, 40.14202268965824771, 320.0000000000000568 ) ) ;
#4258 = CARTESIAN_POINT ( 'NONE',  ( 0.4291968495181400223, 42.50968960725482049, 132.9786603834819516 ) ) ;
#4259 = CARTESIAN_POINT ( 'NONE',  ( -56.52914563521074598, -13.16024702830548954, 195.5971044673015626 ) ) ;
#4260 = CARTESIAN_POINT ( 'NONE',  ( 5.056801572043572612, 38.71689683996693532, 98.51523796485957973 ) ) ;
#4261 = ORIENTED_EDGE ( 'NONE', *, *, #6585, .F. ) ;
#4262 = CARTESIAN_POINT ( 'NONE',  ( 4.816802332521467278, 43.51459605109966589, 215.9665588000025593 ) ) ;
#4263 = VECTOR ( 'NONE', #6227, 1000.000000000000000 ) ;
#4264 = CARTESIAN_POINT ( 'NONE',  ( -0.1736245800233485181, 35.21077491079959998, 66.48511881429315906 ) ) ;
#4265 = CARTESIAN_POINT ( 'NONE',  ( -6.001605689066715321, 41.10882361102685678, 127.4537713282169733 ) ) ;
#4266 = CYLINDRICAL_SURFACE ( 'NONE', #1106, 29.40000000000000924 ) ;
#4267 = EDGE_CURVE ( 'NONE', #7230, #1510, #1543, .T. ) ;
#4268 = CARTESIAN_POINT ( 'NONE',  ( -3.049914810740810722, 47.30567359195767096, 198.5159047083346877 ) ) ;
#4269 = CARTESIAN_POINT ( 'NONE',  ( 0.4811376346791095271, 44.30998916822970557, 191.7158459885809521 ) ) ;
#4270 = CARTESIAN_POINT ( 'NONE',  ( -0.9419369969250757091, 38.87366631406933948, 332.0309586039868464 ) ) ;
#4271 = ORIENTED_EDGE ( 'NONE', *, *, #580, .F. ) ;
#4272 = CARTESIAN_POINT ( 'NONE',  ( 7.301464911130776336, 43.11893333603533307, 170.9468494470908126 ) ) ;
#4273 = CARTESIAN_POINT ( 'NONE',  ( 7.088458447838365650, 40.33850985737015549, 119.5628831127010301 ) ) ;
#4274 = CARTESIAN_POINT ( 'NONE',  ( 2.367866279720466594, 41.04594610967017587, 79.94441032751126386 ) ) ;
#4275 = CARTESIAN_POINT ( 'NONE',  ( -26.85452542309927537, 26.88515869196703889, 59.29375122025486888 ) ) ;
#4276 = EDGE_CURVE ( 'NONE', #5271, #2590, #5534, .T. ) ;
#4277 = CARTESIAN_POINT ( 'NONE',  ( -1.501285395677413259, 46.87074937120246432, 181.4463880138724221 ) ) ;
#4278 = CARTESIAN_POINT ( 'NONE',  ( -36.87704838372232530, 0.06862354129085444787, 457.0708091009332747 ) ) ;
#4279 = CARTESIAN_POINT ( 'NONE',  ( 0.5000000000002202682, 47.02905211924537809, 200.1826763077941393 ) ) ;
#4280 = CARTESIAN_POINT ( 'NONE',  ( -55.71564899923829728, 1.205407876259681377, 399.7257200711499081 ) ) ;
#4281 = CARTESIAN_POINT ( 'NONE',  ( -2.446697959596678906, 46.81348904936227484, 198.7102579001030165 ) ) ;
#4282 = DIRECTION ( 'NONE',  ( 3.361026734705083861E-15, 1.734723475976817547E-15, -1.000000000000000000 ) ) ;
#4283 = CARTESIAN_POINT ( 'NONE',  ( 0.000000000000000000, 47.55174634256897548, 180.8104526644841314 ) ) ;
#4284 = CARTESIAN_POINT ( 'NONE',  ( -13.33619872517950178, 35.84130895057450061, 89.38495254062452489 ) ) ;
#4285 = CARTESIAN_POINT ( 'NONE',  ( 50.11171787444065728, 9.594334424904452874, 362.2731057270540305 ) ) ;
#4286 = CARTESIAN_POINT ( 'NONE',  ( -2.799917590529235500, 11.95000122839068979, -28.37908123879857314 ) ) ;
#4287 = ORIENTED_EDGE ( 'NONE', *, *, #5898, .T. ) ;
#4288 = CARTESIAN_POINT ( 'NONE',  ( -5.813308157138600940, 35.43340058356444899, 74.92496087389211823 ) ) ;
#4289 = CARTESIAN_POINT ( 'NONE',  ( -51.70263860078125617, 19.26326618461806461, 258.1664659383015419 ) ) ;
#4290 = VERTEX_POINT ( 'NONE', #4975 ) ;
#4291 = CARTESIAN_POINT ( 'NONE',  ( 16.69497131588924788, 38.10349942129909095, 117.3589928706466878 ) ) ;
#4292 = CARTESIAN_POINT ( 'NONE',  ( 0.5904223920471955989, 29.52443753821325956, 35.04931210984616996 ) ) ;
#4293 = CARTESIAN_POINT ( 'NONE',  ( 6.943142928513324819, 40.98017655307026530, 127.9198216976210318 ) ) ;
#4294 = CARTESIAN_POINT ( 'NONE',  ( -2.650316221447130527, 28.51110833786872334, 17.25647961524052931 ) ) ;
#4295 = CARTESIAN_POINT ( 'NONE',  ( 0.000000000000000000, 42.53272745866301818, 298.2006047040866861 ) ) ;
#4296 = CARTESIAN_POINT ( 'NONE',  ( -5.756326969814089090, 42.34179358980572516, 146.6038447554298045 ) ) ;
#4297 = CARTESIAN_POINT ( 'NONE',  ( 35.60447105139471802, -13.62282190332221887, 502.3110443960222824 ) ) ;
#4298 = CARTESIAN_POINT ( 'NONE',  ( 20.64226231111056364, 34.90818775634772919, 96.87136056113466509 ) ) ;
#4299 = ORIENTED_EDGE ( 'NONE', *, *, #2485, .F. ) ;
#4300 = CARTESIAN_POINT ( 'NONE',  ( 23.52065688516033148, 43.77664466332672788, 213.6478451816086306 ) ) ;
#4301 = CARTESIAN_POINT ( 'NONE',  ( 0.4380382775566211695, 36.36536305628572308, 74.93021143420158126 ) ) ;
#4302 = CARTESIAN_POINT ( 'NONE',  ( 0.3980082777125288351, 41.30650383643249057, 117.1683474506387483 ) ) ;
#4303 = CARTESIAN_POINT ( 'NONE',  ( 3.911032522146973278E-09, 32.59934123605674472, 35.04931211369478916 ) ) ;
#4304 = CARTESIAN_POINT ( 'NONE',  ( 48.27254709358979312, 32.70328214054351434, 164.0424204717344878 ) ) ;
#4305 = CARTESIAN_POINT ( 'NONE',  ( -10.88459834867927611, 42.98378644963261763, 195.8361713588567738 ) ) ;
#4306 = CARTESIAN_POINT ( 'NONE',  ( 47.66603692990846497, 18.68161657458673020, 299.3736835281314370 ) ) ;
#4307 = ORIENTED_EDGE ( 'NONE', *, *, #2368, .F. ) ;
#4308 = EDGE_CURVE ( 'NONE', #7007, #2094, #6138, .T. ) ;
#4309 = CARTESIAN_POINT ( 'NONE',  ( 37.76556996132559618, 35.10617481893012837, 200.4495679541156505 ) ) ;
#4310 = CARTESIAN_POINT ( 'NONE',  ( -0.04007489433358435438, 30.55229175809755304, 41.34019133381568167 ) ) ;
#4311 = CARTESIAN_POINT ( 'NONE',  ( -71.97024598150451880, 26.91823370465814236, 148.0993287817699979 ) ) ;
#4312 = CARTESIAN_POINT ( 'NONE',  ( -26.45011951551450124, 28.45803797096728260, 67.12104757752476303 ) ) ;
#4313 = CARTESIAN_POINT ( 'NONE',  ( -3.039553211331666116, 47.25332568437483616, 182.8490286493889698 ) ) ;
#4314 = CARTESIAN_POINT ( 'NONE',  ( 1.463168471159988160, -9.541087452738985064, 557.6191052689168828 ) ) ;
#4315 = CARTESIAN_POINT ( 'NONE',  ( 42.01383092894142379, 24.61266540503410738, 87.71213481030548564 ) ) ;
#4316 = CARTESIAN_POINT ( 'NONE',  ( -2.088373853475112618, 20.02118164067743322, 444.1606853142330920 ) ) ;
#4317 = CARTESIAN_POINT ( 'NONE',  ( -2.428760078451551507, 47.36011922819367470, 199.8405980020567938 ) ) ;
#4318 = DIRECTION ( 'NONE',  ( 1.000000000000000000, 0.000000000000000000, 0.000000000000000000 ) ) ;
#4319 = CARTESIAN_POINT ( 'NONE',  ( 1.907686475920280733, -14.87480540429338483, -66.10224707556027113 ) ) ;
#4320 = CARTESIAN_POINT ( 'NONE',  ( -24.71641299491538390, 33.90150024685598140, 98.65237617172482487 ) ) ;
#4321 = CARTESIAN_POINT ( 'NONE',  ( -0.4786979759498021236, 36.01088700303149182, 354.5695205588957037 ) ) ;
#4322 = CARTESIAN_POINT ( 'NONE',  ( -0.5000000000002238210, 47.02905211924537099, 200.1826763077941393 ) ) ;
#4323 = CARTESIAN_POINT ( 'NONE',  ( -2.774301182607950889, 16.29813119291236490, -18.81720599228084723 ) ) ;
#4324 = ORIENTED_EDGE ( 'NONE', *, *, #5126, .T. ) ;
#4325 = CARTESIAN_POINT ( 'NONE',  ( -10.16761337359405459, 34.84217678102511684, 77.34149954426742113 ) ) ;
#4326 = B_SPLINE_SURFACE_WITH_KNOTS ( 'NONE', 3, 3, ( 
 ( #5251, #6900, #2923, #109, #6801, #6970, #1827, #4113, #4682, #6409, #1267, #5698, #5070, #6294, #6756, #7351, #3438, #3936, #5664, #1086, #2246, #525, #6791, #2215, #1117, #6231, #556, #1611, #3373, #5104, #7382, #5631, #4504, #2877, #5171, #4603, #3900, #6261, #6890, #2810, #1150, #4535, #1648 ),
 ( #26, #6195, #2320, #1751, #5206, #5137, #7414, #5731, #6825, #490, #1682, #1716, #3968, #589, #4033, #1052, #6857, #3404, #2842, #6327, #2281, #4568, #4000, #3339, #1185, #3473, #5767, #623, #2911, #63, #4466, #2777, #6761, #2709, #5598, #5556, #6046, #4998, #379, #980, #339, #1576, #2028 ),
 ( #6645, #937, #3785, #4957, #3227, #2067, #2631, #3826, #1497, #3266, #4310, #6082, #2669, #7239, #897, #4919, #458, #2746, #7319, #6604, #1536, #2181, #5516, #3865, #2104, #7201, #4390, #4350, #5036, #1459, #4470, #1616, #494, #420, #7279, #1020, #6681, #3188, #6121, #4432, #2143, #3305, #3905 ),
 ( #6722, #5476, #3748, #6161, #6200, #1056, #3343, #5635, #2781, #7164, #1721, #5210, #6265, #6829, #6895, #3940, #5108, #4508, #5142, #6235, #3409, #1090, #1788, #530, #2814, #1190, #4038, #67, #6797, #4004, #2287, #3443, #6299, #593, #4642, #560, #7386, #6332, #2882, #7418, #2251, #1652, #3377 ),
 ( #5805, #4075, #5669, #4540, #2359, #1688, #3972, #2847, #4573, #5737, #1755, #5175, #6862, #1122, #5703, #1155, #31, #2325, #4608, #3477, #5771, #7355, #627, #2917, #6929, #6368, #1225, #3512, #2220, #662, #5076, #6482, #3702, #5842, #6558, #4791, #4716, #5957, #776, #2547, #141, #2468, #1300 ),
 ( #1899, #1378, #5245, #5322, #5918, #1262, #4224, #2395, #216, #4264, #3587, #3666, #5997, #7118, #3029, #1415, #6965, #4830, #1979, #4754, #104, #7040, #1338, #2954, #3627, #5284, #4677, #2990, #7080, #1822, #5882, #3065, #179, #4185, #255, #4109, #2429, #5359, #736, #814, #2508, #7000, #1940 ),
 ( #6404, #6521, #1859, #3550, #700, #3106, #4147, #6440, #5395, #2059, #2739, #2622, #971, #1489, #4301, #5434, #4951, #6152, #1012, #3740, #3298, #890, #412, #7233, #5590, #4341, #4912, #2702, #7156, #3180, #292, #930, #2019, #6638, #6595, #5028, #6038, #5469, #4423, #7271, #451, #2584, #2097 ),
 ( #1451, #4383, #332, #7310, #7192, #3778, #2135, #6075, #3220, #3259, #3144, #6675, #5507, #4871, #370, #2661, #1568, #1529, #3817, #6115, #2175, #5548, #6714, #4991, #3857, #4463, #6751, #1607, #3895, #852, #1048, #1645, #5169, #5661, #7379, #2808, #3965, #2244, #1084, #6788, #2840, #522, #2279 ),
 ( #3370, #2352, #6228, #587, #5764, #6822, #4566, #1114, #7412, #3471, #3336, #5101, #553, #4533, #1749, #1679, #6259, #1713, #6888, #3434, #5628, #3402, #5695, #2211, #6921, #5135, #7348, #621, #1148, #6855, #2909, #3998, #6292, #5729, #4500, #486, #2875, #4031, #6324, #3934, #1183, #24, #2318 ),
 ( #4601, #5204, #61, #5065, #4635, #2774, #1782, #6191, #2421, #2945, #806, #6956, #1815, #208, #3057, #6511, #3504, #3021, #1291, #2459, #4669, #5313, #4101, #1369, #97, #5834, #5351, #2983, #6396, #4178, #6360, #728, #1330, #6472, #1219, #2500, #3577, #7072, #1254, #1852, #4746, #5798, #6993 ),
 ( #4820, #3542, #246, #5909, #691, #5276, #3656, #2387, #132, #4784, #4708, #4139, #3616, #655, #171, #767, #1930, #5238, #4215, #5873, #5947, #6433, #7031, #1889, #3095, #5387, #2537, #7108, #4067, #4254, #5988, #3693, #6548, #1969, #1406, #1424, #6449, #1346, #188, #2516, #7088, #784, #264 ),
 ( #4801, #2477, #3074, #2437, #3674, #4118, #4725, #823, #1308, #3038, #5890, #7050, #5330, #4156, #7009, #5927, #3596, #5366, #6412, #744, #4763, #1908, #2998, #1867, #2555, #4839, #1988, #1271, #3636, #4273, #4194, #5967, #6489, #226, #1948, #4233, #7127, #3557, #6566, #3710, #2592, #6529, #1386 ),
 ( #3114, #5293, #6006, #5403, #861, #3151, #5441, #300, #4880, #150, #5851, #1832, #708, #2010, #6705, #1558, #7301, #5497, #5539, #7261, #2614, #6143, #5019, #4902, #6666, #1517, #7148, #3250, #4332, #4293, #6587, #5461, #962, #5424, #844, #1444, #361, #322, #3732, #2126, #7184, #2165, #2050 ) ),
 .UNSPECIFIED., .F., .F., .F.,
 ( 4, 3, 3, 3, 4 ),
 ( 4, 3, 3, 3, 3, 3, 3, 3, 3, 3, 3, 3, 3, 3, 4 ),
 ( 0.5620779420278058103, 0.5788061176833412258, 0.5955342933388765303, 0.6122624689944118348, 0.6289906446499472503 ),
 ( -0.0002452725887649631533, 5.004440563363983367E-05, 0.0003453614000322428206, 0.0009359953888294487946, 0.002117263366423860742, 0.004479799321612684855, 0.009204871231990333080, 0.01865501505274562780, 0.02810515887350092251, 0.03283023078387857507, 0.03755530269425622070, 0.07535587797727739956, 0.1509570285433197712, 0.2265581791093621289, 0.3021593296754044866 ),
 .UNSPECIFIED. ) ;
#4327 = CARTESIAN_POINT ( 'NONE',  ( 0.000000000000000000, 31.36851352753711808, 29.45516409742108621 ) ) ;
#4328 = VERTEX_POINT ( 'NONE', #2121 ) ;
#4329 = CARTESIAN_POINT ( 'NONE',  ( 47.31063790107207012, 28.71806035924344869, 152.0629228347013111 ) ) ;
#4330 = EDGE_CURVE ( 'NONE', #5955, #1476, #2565, .T. ) ;
#4331 = DIRECTION ( 'NONE',  ( -0.9999999949984913483, 1.644765940198121321E-19, -0.0001000150855714513026 ) ) ;
#4332 = CARTESIAN_POINT ( 'NONE',  ( 6.630565105643116297, 41.02322254862687601, 127.7628994229861661 ) ) ;
#4333 = CARTESIAN_POINT ( 'NONE',  ( -2.696451919796043484, 24.93304462574336711, 5.026147061896571344 ) ) ;
#4334 = CARTESIAN_POINT ( 'NONE',  ( -47.38663189115487739, 17.64475135442224030, 308.9228235057746019 ) ) ;
#4335 = CARTESIAN_POINT ( 'NONE',  ( -2.158710737729380380, 40.22469318324625931, 109.4315074978631230 ) ) ;
#4336 = CARTESIAN_POINT ( 'NONE',  ( 0.000000000000000000, 29.59506050207342653, 44.25806788755794940 ) ) ;
#4337 = VECTOR ( 'NONE', #7002, 1000.000000000000000 ) ;
#4338 = CARTESIAN_POINT ( 'NONE',  ( 5.674588138646998736, 37.21734793405780550, 86.80155562331219699 ) ) ;
#4339 = VERTEX_POINT ( 'NONE', #6738 ) ;
#4340 = CARTESIAN_POINT ( 'NONE',  ( 39.07524662365876367, 38.17628334354368747, 206.4715431673734827 ) ) ;
#4341 = CARTESIAN_POINT ( 'NONE',  ( 6.372934830371394632, 35.60681123354039102, 76.90133900563806435 ) ) ;
#4342 = CARTESIAN_POINT ( 'NONE',  ( -0.2206983036827146472, 39.58024515065859106, 100.2761335640151543 ) ) ;
#4343 = B_SPLINE_CURVE_WITH_KNOTS ( 'NONE', 3,
 ( #5558, #3307, #939, #5600 ),
 .UNSPECIFIED., .F., .F.,
 ( 4, 4 ),
 ( 6.938893903907228378E-18, 0.003527626072692524161 ),
 .UNSPECIFIED. ) ;
#4344 = CARTESIAN_POINT ( 'NONE',  ( -38.61726277074374281, 35.03965677334534945, 124.9999999999999289 ) ) ;
#4345 = CARTESIAN_POINT ( 'NONE',  ( 46.51167189136998559, 31.76071163458901125, 134.7448022893155155 ) ) ;
#4346 = CARTESIAN_POINT ( 'NONE',  ( -15.57422167354815734, 42.16353873360655058, 198.5865706142812144 ) ) ;
#4347 = CARTESIAN_POINT ( 'NONE',  ( 44.49566077598581870, 36.56622561671095895, 287.9162384457418966 ) ) ;
#4348 = B_SPLINE_CURVE_WITH_KNOTS ( 'NONE', 3,
 ( #4440, #2677, #4398, #7361, #4514, #7392 ),
 .UNSPECIFIED., .F., .F.,
 ( 4, 2, 4 ),
 ( 0.05874139228913934085, 0.08693088516571897961, 0.1151203780422986045 ),
 .UNSPECIFIED. ) ;
#4349 = CARTESIAN_POINT ( 'NONE',  ( 34.05740134333742475, 36.70223462498863398, 205.4140439870738248 ) ) ;
#4350 = CARTESIAN_POINT ( 'NONE',  ( 7.541174386709790234, 29.64203608284907077, 43.97030638389944102 ) ) ;
#4351 = CARTESIAN_POINT ( 'NONE',  ( -2.458911498200082146, 45.48680964656614378, 130.5876176261108412 ) ) ;
#4352 = CARTESIAN_POINT ( 'NONE',  ( -46.31429581360275449, 22.79271407635789970, 93.27672511041531322 ) ) ;
#4353 = CARTESIAN_POINT ( 'NONE',  ( -2.500000000000243805, 46.75643913976617227, 183.0503098131503918 ) ) ;
#4354 = CARTESIAN_POINT ( 'NONE',  ( 0.7317949095089628653, -9.968616617790203804, 558.9098446958789737 ) ) ;
#4355 = ADVANCED_FACE ( 'NONE', ( #7334 ), #6061, .F. ) ;
#4356 = LINE ( 'NONE', #4438, #6385 ) ;
#4357 = CARTESIAN_POINT ( 'NONE',  ( 0.000000000000000000, 2.926735556036303532, 515.0430825616978154 ) ) ;
#4358 = DIRECTION ( 'NONE',  ( -0.9948802217534084003, 0.1010610922357802477, -0.000000000000000000 ) ) ;
#4359 = CARTESIAN_POINT ( 'NONE',  ( -1.384451595007682112, 43.99766435361210881, 181.3841060242131391 ) ) ;
#4360 =( BOUNDED_SURFACE ( )  B_SPLINE_SURFACE ( 3, 2, ( 
 ( #312, #3839, #4322 ),
 ( #5531, #4851, #6095 ),
 ( #5571, #393, #4932 ),
 ( #7214, #953, #275 ) ),
 .UNSPECIFIED., .F., .F., .F. ) 
 B_SPLINE_SURFACE_WITH_KNOTS ( ( 4, 4 ),
 ( 3, 3 ),
 ( 0.000000000000000000, 0.0005478302407260916395 ),
 ( 0.000000000000000000, 1.000000000000000000 ),
 .UNSPECIFIED. ) 
 GEOMETRIC_REPRESENTATION_ITEM ( )  RATIONAL_B_SPLINE_SURFACE ( (
 ( 1.000000000000000000, 0.7042303724935000675, 1.000000000000000000),
 ( 1.000000000000000000, 0.7041806733210966840, 1.000000000000000000),
 ( 1.000000000000000000, 0.7041314063162887882, 1.000000000000000000),
 ( 1.000000000000000000, 0.7040826913159058398, 1.000000000000000000) ) ) 
 REPRESENTATION_ITEM ( '' )  SURFACE ( )  );
#4361 = CARTESIAN_POINT ( 'NONE',  ( 0.000000000000000000, 47.04784670202291608, 181.1826763077941109 ) ) ;
#4362 = CARTESIAN_POINT ( 'NONE',  ( -1.331560701119410606, 36.25329056676510220, 75.02485206905511461 ) ) ;
#4363 = CARTESIAN_POINT ( 'NONE',  ( -1.412905495387613675, 38.87119500223062829, 332.0564048275492723 ) ) ;
#4364 = DIRECTION ( 'NONE',  ( 0.000000000000000000, -1.000000000000000000, 0.000000000000000000 ) ) ;
#4365 = CARTESIAN_POINT ( 'NONE',  ( -2.650316221447130527, 28.51110833786872334, 17.25647961524052931 ) ) ;
#4366 = ADVANCED_FACE ( 'NONE', ( #4487 ), #4896, .F. ) ;
#4367 = ORIENTED_EDGE ( 'NONE', *, *, #2048, .T. ) ;
#4368 = DIRECTION ( 'NONE',  ( 0.000000000000000000, 1.644517855226013126E-15, -1.000000000000000000 ) ) ;
#4369 = CARTESIAN_POINT ( 'NONE',  ( -17.90558932272608672, 45.27588651669087483, 188.1410139065363012 ) ) ;
#4370 = ORIENTED_EDGE ( 'NONE', *, *, #2805, .F. ) ;
#4371 = CARTESIAN_POINT ( 'NONE',  ( 44.48106091862383238, 29.82844035362461099, 145.0611688077451618 ) ) ;
#4372 = DIRECTION ( 'NONE',  ( 1.000000000000000000, 0.000000000000000000, 9.257875081218991030E-15 ) ) ;
#4373 = FACE_OUTER_BOUND ( 'NONE', #6659, .T. ) ;
#4374 = CARTESIAN_POINT ( 'NONE',  ( 150.0000000000000284, 11.30624670738853510, 229.7266311706955264 ) ) ;
#4375 = CARTESIAN_POINT ( 'NONE',  ( -6.000466035610237725, 31.94043151699632688, 379.5629847736018405 ) ) ;
#4376 = EDGE_CURVE ( 'NONE', #7141, #876, #5247, .T. ) ;
#4377 = CARTESIAN_POINT ( 'NONE',  ( 0.5572087908191954986, 40.56394180327604460, 109.1046108628156475 ) ) ;
#4378 = CARTESIAN_POINT ( 'NONE',  ( 150.0000000000002558, -4.444873476189596495, 435.7468521578524019 ) ) ;
#4379 = CARTESIAN_POINT ( 'NONE',  ( 0.5626920931531289582, 39.29639252344976086, 97.17600182884767435 ) ) ;
#4380 = ORIENTED_EDGE ( 'NONE', *, *, #2312, .T. ) ;
#4381 = CARTESIAN_POINT ( 'NONE',  ( 49.02006460023368817, 33.02452807449321881, 185.6612382559402192 ) ) ;
#4382 = DIRECTION ( 'NONE',  ( 1.000000000000000000, 0.000000000000000000, 0.000000000000000000 ) ) ;
#4383 = CARTESIAN_POINT ( 'NONE',  ( -0.4358048850321636913, 37.70645869008578188, 83.36597791229615950 ) ) ;
#4384 = CARTESIAN_POINT ( 'NONE',  ( -0.8830651072426677350, 40.39930133551352043, 108.7917496501075902 ) ) ;
#4385 = DIRECTION ( 'NONE',  ( 0.000000000000000000, 1.000000000000000000, 0.000000000000000000 ) ) ;
#4386 =( NAMED_UNIT ( * ) PLANE_ANGLE_UNIT ( ) SI_UNIT ( $, .RADIAN. ) );
#4387 = CARTESIAN_POINT ( 'NONE',  ( -0.6706773802336087886, 44.05894462048291871, 180.2074761780410483 ) ) ;
#4388 = CARTESIAN_POINT ( 'NONE',  ( 5.882888988652245743, 42.38580333701526115, 298.7586613606674177 ) ) ;
#4389 = CARTESIAN_POINT ( 'NONE',  ( 5.625105152700437650, 43.50355236565074080, 181.8173018659489344 ) ) ;
#4390 = CARTESIAN_POINT ( 'NONE',  ( 7.160819457957491529, 29.68946712401220367, 43.75327392576775054 ) ) ;
#4391 = CARTESIAN_POINT ( 'NONE',  ( 2.193146094589796480, -8.722081592724736154, 555.0729705871741544 ) ) ;
#4392 = CARTESIAN_POINT ( 'NONE',  ( 36.56747793182874062, 25.93572272982633109, 58.37547057772415826 ) ) ;
#4393 = CARTESIAN_POINT ( 'NONE',  ( -31.20357330816510810, 24.44635299852444632, 56.83341797979107213 ) ) ;
#4394 = DIRECTION ( 'NONE',  ( -0.000000000000000000, -1.000000000000000000, -3.469446951953683214E-15 ) ) ;
#4395 = CARTESIAN_POINT ( 'NONE',  ( -5.551620045011595117, 43.07869440475862888, 162.1952076397752762 ) ) ;
#4396 = CARTESIAN_POINT ( 'NONE',  ( 5.551620045011595117, 43.07869440475862888, 162.1952076397752762 ) ) ;
#4397 = CARTESIAN_POINT ( 'NONE',  ( 7.500000000000000000, 29.59506050207342653, 44.25806788755794940 ) ) ;
#4398 = CARTESIAN_POINT ( 'NONE',  ( -44.03783452401358289, 26.15642015922230712, 106.3184549054630139 ) ) ;
#4399 = CARTESIAN_POINT ( 'NONE',  ( 9.931233449515632472, 40.29503857513661558, 124.9827196340228852 ) ) ;
#4400 = CARTESIAN_POINT ( 'NONE',  ( 7.800511523327510648E-28, 139.2235650228607540, 146.4838691362629106 ) ) ;
#4401 = CARTESIAN_POINT ( 'NONE',  ( -3.077295867475049906, 37.26193976017265896, 83.89696992179253243 ) ) ;
#4402 = CARTESIAN_POINT ( 'NONE',  ( 13.20776690004548115, 35.51755634591616229, 352.3468663762320716 ) ) ;
#4403 = DIRECTION ( 'NONE',  ( -0.000000000000000000, 0.003800148844160787000, -0.9999927794083126598 ) ) ;
#4404 = CARTESIAN_POINT ( 'NONE',  ( -2.737942552675891594, 20.88679572981984478, -7.018861411523644733 ) ) ;
#4405 = ORIENTED_EDGE ( 'NONE', *, *, #2666, .F. ) ;
#4406 = CARTESIAN_POINT ( 'NONE',  ( -46.59326401906810133, 26.86152404714776765, 126.5123057711927430 ) ) ;
#4407 = CARTESIAN_POINT ( 'NONE',  ( -149.9999999999997442, 16.89020687609928828, 297.3968004075345561 ) ) ;
#4408 = EDGE_LOOP ( 'NONE', ( #3672, #3614, #6428, #850, #1700 ) ) ;
#4409 = VECTOR ( 'NONE', #1093, 1000.000000000000000 ) ;
#4410 = CARTESIAN_POINT ( 'NONE',  ( 1.025138052358809171, 46.93091788460067448, 181.2354298668582260 ) ) ;
#4411 = EDGE_CURVE ( 'NONE', #6945, #4290, #5786, .T. ) ;
#4412 = CARTESIAN_POINT ( 'NONE',  ( 5.551620045011602222, 139.2235650228607540, 153.4838691362629106 ) ) ;
#4413 = CARTESIAN_POINT ( 'NONE',  ( -19.57372215414722660, 41.22571807297381952, 213.8493121098462098 ) ) ;
#4414 = CARTESIAN_POINT ( 'NONE',  ( 27.66326358064004864, 13.52599411192533374, -1.587463340206875628 ) ) ;
#4415 = CARTESIAN_POINT ( 'NONE',  ( -5.833484303085390010, 38.83323711334092820, 331.6529499013212217 ) ) ;
#4416 = CARTESIAN_POINT ( 'NONE',  ( -28.84503589218892472, 36.65925915611413899, 140.5648819770477758 ) ) ;
#4417 = CARTESIAN_POINT ( 'NONE',  ( -12.46229530001277652, -2.572497710891440637, -46.23969499504121217 ) ) ;
#4418 = CARTESIAN_POINT ( 'NONE',  ( 7.588307904038679830, 36.95806704701735868, 87.79637568522997526 ) ) ;
#4419 = VERTEX_POINT ( 'NONE', #1667 ) ;
#4420 = EDGE_CURVE ( 'NONE', #6672, #2265, #7368, .T. ) ;
#4421 = CARTESIAN_POINT ( 'NONE',  ( -3.055740260237095995, 47.25506751184102683, 183.1773503352326884 ) ) ;
#4422 = CARTESIAN_POINT ( 'NONE',  ( -45.70542344736741569, 27.26287060384420613, 125.0000000000000000 ) ) ;
#4423 = CARTESIAN_POINT ( 'NONE',  ( 35.71285280168793719, 30.35229292823834157, 104.6429020199615394 ) ) ;
#4424 = CARTESIAN_POINT ( 'NONE',  ( -4.253565901428580709, 39.96854172183793708, 109.7482318732514273 ) ) ;
#4425 = CARTESIAN_POINT ( 'NONE',  ( 0.000000000000000000, 0.000000000000000000, 125.0000000000000000 ) ) ;
#4426 = VECTOR ( 'NONE', #6135, 1000.000000000000000 ) ;
#4427 = CARTESIAN_POINT ( 'NONE',  ( -8.266947184129856296, 41.94808042465958664, 146.8886564295634685 ) ) ;
#4428 = CARTESIAN_POINT ( 'NONE',  ( 0.4358740668711602595, 44.03334102948598172, 168.4349790194337402 ) ) ;
#4429 = CARTESIAN_POINT ( 'NONE',  ( 0.000000000000000000, 36.01456435933089750, 354.5116695689063704 ) ) ;
#4430 = B_SPLINE_CURVE_WITH_KNOTS ( 'NONE', 3,
 ( #3781, #2022, #4304, #6599, #4345, #1454 ),
 .UNSPECIFIED., .F., .F.,
 ( 4, 2, 4 ),
 ( 2.775557561562891351E-17, 0.02937699157183110490, 0.05875398314366218205 ),
 .UNSPECIFIED. ) ;
#4431 = CARTESIAN_POINT ( 'NONE',  ( 0.2790296195784054412, 44.09874025774426798, 180.1473146437170954 ) ) ;
#4432 = CARTESIAN_POINT ( 'NONE',  ( 40.93531777347040190, 24.10862360140723126, 81.11023158365782137 ) ) ;
#4433 = CARTESIAN_POINT ( 'NONE',  ( 0.000000000000000000, -1.100564968850144654, 529.4234485653213369 ) ) ;
#4434 = CARTESIAN_POINT ( 'NONE',  ( -0.000000000000000000, 47.40583691454986592, 171.3628168425531157 ) ) ;
#4435 = CARTESIAN_POINT ( 'NONE',  ( -1.883409317978090636, 26.43131599262660103, 24.99940558611116614 ) ) ;
#4436 = LINE ( 'NONE', #5561, #3746 ) ;
#4437 = CARTESIAN_POINT ( 'NONE',  ( 1.349217888208486205, 47.45635870799085865, 200.5592091825462830 ) ) ;
#4438 = CARTESIAN_POINT ( 'NONE',  ( 2.553569696294410551, 41.75449789290554037, 149.4838691362627401 ) ) ;
#4439 = CARTESIAN_POINT ( 'NONE',  ( -39.63749387989575013, 22.54875733015133932, 69.18754356468517130 ) ) ;
#4440 = CARTESIAN_POINT ( 'NONE',  ( -45.70542344736741569, 27.26287060384420613, 125.0000000000000000 ) ) ;
#4441 = CARTESIAN_POINT ( 'NONE',  ( 5.078195472879973416, 41.82440577926168146, 134.4240681074176962 ) ) ;
#4442 = CARTESIAN_POINT ( 'NONE',  ( 2.869757525187609293, -24.73004176475694749, -76.23815369158728572 ) ) ;
#4443 = CARTESIAN_POINT ( 'NONE',  ( -8.288953454626597050, 34.12814867565736421, 69.50845329606653422 ) ) ;
#4444 = B_SPLINE_CURVE_WITH_KNOTS ( 'NONE', 3,
 ( #718, #3496, #1842, #2488 ),
 .UNSPECIFIED., .F., .F.,
 ( 4, 4 ),
 ( 0.0004567359310339146202, 0.0009586611603733198508 ),
 .UNSPECIFIED. ) ;
#4445 = CARTESIAN_POINT ( 'NONE',  ( 11.20234465765202536, 15.65166486234165255, 452.7342830611293607 ) ) ;
#4446 = FACE_OUTER_BOUND ( 'NONE', #5089, .T. ) ;
#4447 = CARTESIAN_POINT ( 'NONE',  ( 55.14185912003974011, 11.14502422987850849, 230.0543043816361433 ) ) ;
#4448 = VERTEX_POINT ( 'NONE', #2266 ) ;
#4449 = CARTESIAN_POINT ( 'NONE',  ( -14.77627473042548090, 34.18156285572339215, 80.21239458570651948 ) ) ;
#4450 = CARTESIAN_POINT ( 'NONE',  ( 1.083397896708238717, 47.10800371953739329, 228.9848588130912788 ) ) ;
#4451 = VERTEX_POINT ( 'NONE', #6776 ) ;
#4452 = CARTESIAN_POINT ( 'NONE',  ( 2.109127482823583311, 47.34701773250701251, 181.9877220515672036 ) ) ;
#4453 = CYLINDRICAL_SURFACE ( 'NONE', #7030, 2.000000000000001776 ) ;
#4454 = CARTESIAN_POINT ( 'NONE',  ( -1.866611727019490408, 11.87816490467868569, -28.42495731499281675 ) ) ;
#4455 = CARTESIAN_POINT ( 'NONE',  ( 0.000000000000000000, 13.75622029850556061, 472.5436863909573617 ) ) ;
#4456 = CARTESIAN_POINT ( 'NONE',  ( -1.234120828245783619, 40.34143999115983803, 109.2206040544429726 ) ) ;
#4457 = CARTESIAN_POINT ( 'NONE',  ( 2.857415808226826837, -9.927841435840775830, -61.03830314543180435 ) ) ;
#4458 = EDGE_CURVE ( 'NONE', #2236, #473, #1102, .T. ) ;
#4459 = CARTESIAN_POINT ( 'NONE',  ( 7.387787087193698810, 38.40057120818534031, 99.67706786252588813 ) ) ;
#4460 = ORIENTED_EDGE ( 'NONE', *, *, #5188, .T. ) ;
#4461 = CARTESIAN_POINT ( 'NONE',  ( -2.500000000000235811, 46.80943403607545150, 198.1826763077941393 ) ) ;
#4462 = DIRECTION ( 'NONE',  ( 5.602867245962735462E-30, -1.000000000000000000, -1.644517855226013126E-15 ) ) ;
#4463 = CARTESIAN_POINT ( 'NONE',  ( 6.264026712917557305, 36.84479526556931006, 85.28792695635668508 ) ) ;
#4464 = CARTESIAN_POINT ( 'NONE',  ( -4.335424125811539575, 39.05533073986330805, 101.3128891823676696 ) ) ;
#4465 = CARTESIAN_POINT ( 'NONE',  ( -7.931071953985656009, 44.05797119990278077, 125.0000000000001137 ) ) ;
#4466 = CARTESIAN_POINT ( 'NONE',  ( 8.793522343014108955, 27.68906410336193957, 36.41428363593619366 ) ) ;
#4467 = CARTESIAN_POINT ( 'NONE',  ( -0.4754769815273036659, 43.93694795598634073, 168.5216292045691091 ) ) ;
#4468 = CARTESIAN_POINT ( 'NONE',  ( 6.132859819528112766, 28.43009116092171595, 399.5846028973078319 ) ) ;
#4469 = CARTESIAN_POINT ( 'NONE',  ( 0.2844891273723079705, 44.23893446423567610, 191.7996485848799750 ) ) ;
#4470 = CARTESIAN_POINT ( 'NONE',  ( 8.676798541170214207, 29.49902446055041239, 44.63104695890197604 ) ) ;
#4471 = CARTESIAN_POINT ( 'NONE',  ( -7.193853010854474483, -10.41107745454391420, 557.8597997808570881 ) ) ;
#4472 = CARTESIAN_POINT ( 'NONE',  ( 35.79609718087274217, 25.97862981525235071, 56.74960448230280718 ) ) ;
#4473 = CARTESIAN_POINT ( 'NONE',  ( 0.2534111984049330357, 28.75192949045874968, 33.04123250813585599 ) ) ;
#4474 = CARTESIAN_POINT ( 'NONE',  ( -2.562172481296778770, -9.718372356699223502, 557.8072730852924224 ) ) ;
#4475 = CARTESIAN_POINT ( 'NONE',  ( 0.003356961116010054313, 47.55059658919321208, 180.6771461304026047 ) ) ;
#4476 = EDGE_CURVE ( 'NONE', #2590, #6812, #4793, .T. ) ;
#4477 = CARTESIAN_POINT ( 'NONE',  ( -0.000000000000000000, 42.22151837927562923, 92.78814581122992422 ) ) ;
#4478 = CARTESIAN_POINT ( 'NONE',  ( 9.053569696294415436, 139.2235650228607540, 148.4838691362629390 ) ) ;
#4479 = CARTESIAN_POINT ( 'NONE',  ( 3.897005257671505518, 41.13430111891302943, 121.9577922414296580 ) ) ;
#4480 = VECTOR ( 'NONE', #1735, 1000.000000000000000 ) ;
#4481 = CARTESIAN_POINT ( 'NONE',  ( -28.49463500214571354, -6.821171986367837725, -36.82241012564603722 ) ) ;
#4482 = CARTESIAN_POINT ( 'NONE',  ( -6.014420446362329642, 35.65402882649195249, 76.72049922254629450 ) ) ;
#4483 = CARTESIAN_POINT ( 'NONE',  ( 2.463040405063526617, 2.764101418705058322, 515.2409785199594126 ) ) ;
#4484 = CARTESIAN_POINT ( 'NONE',  ( -3.055740260237091999, 47.25506751184101972, 183.1773503352326316 ) ) ;
#4485 = CARTESIAN_POINT ( 'NONE',  ( -2.696451919796043484, 24.93304462574336711, 5.026147061896571344 ) ) ;
#4486 = ORIENTED_EDGE ( 'NONE', *, *, #3324, .F. ) ;
#4487 = FACE_OUTER_BOUND ( 'NONE', #508, .T. ) ;
#4488 = EDGE_CURVE ( 'NONE', #5260, #7141, #1128, .T. ) ;
#4489 = CARTESIAN_POINT ( 'NONE',  ( -52.51231461823631719, 36.78377033823687015, 237.1480678699628015 ) ) ;
#4490 = ORIENTED_EDGE ( 'NONE', *, *, #5374, .F. ) ;
#4491 = DIRECTION ( 'NONE',  ( 0.000000000000000000, -1.000000000000000000, -3.469446951953683609E-15 ) ) ;
#4492 = DIRECTION ( 'NONE',  ( 0.9999999999999998890, 0.000000000000000000, 1.346428274589731383E-08 ) ) ;
#4493 = CARTESIAN_POINT ( 'NONE',  ( 24.45514282142428186, 34.03033067479747587, 71.95588844210854518 ) ) ;
#4494 = CARTESIAN_POINT ( 'NONE',  ( 0.6201986524214535557, 17.04685725042859801, 458.4078278594934659 ) ) ;
#4495 = CARTESIAN_POINT ( 'NONE',  ( -1.196941695533459971, 41.47589974270564284, 121.1831264294619501 ) ) ;
#4496 = CARTESIAN_POINT ( 'NONE',  ( -150.0000000000000568, 3.860833271709796399, 212.5989338358691612 ) ) ;
#4497 = EDGE_LOOP ( 'NONE', ( #241, #5319, #1946, #11, #879 ) ) ;
#4498 = FACE_OUTER_BOUND ( 'NONE', #3884, .T. ) ;
#4499 = DIRECTION ( 'NONE',  ( 1.000000000000000000, 0.000000000000000000, 0.000000000000000000 ) ) ;
#4500 = CARTESIAN_POINT ( 'NONE',  ( 20.17139360919743041, 35.76713444525766050, 102.7527929200944072 ) ) ;
#4501 = CARTESIAN_POINT ( 'NONE',  ( 0.4633583436969957448, 39.66562498118732805, 100.2724987501730141 ) ) ;
#4502 = CARTESIAN_POINT ( 'NONE',  ( -2.865643619534015141, -19.79597498845155457, -71.17153684286878956 ) ) ;
#4503 = APPLICATION_PROTOCOL_DEFINITION ( 'draft international standard', 'automotive_design', 1998, #6339 ) ;
#4504 = CARTESIAN_POINT ( 'NONE',  ( 14.87061620924546901, 24.90990790275492017, 32.24206146665642336 ) ) ;
#4505 = CARTESIAN_POINT ( 'NONE',  ( 0.01552469840573360467, 44.12819214308850491, 180.1136684975075468 ) ) ;
#4506 = CARTESIAN_POINT ( 'NONE',  ( -1.717673231772173903, 23.13963299835682719, 429.9848877918320227 ) ) ;
#4507 = CARTESIAN_POINT ( 'NONE',  ( 0.09391571320118345667, 44.25677542406685205, 191.7754805834784406 ) ) ;
#4508 = CARTESIAN_POINT ( 'NONE',  ( 1.418068654488615410, 31.99169136294853644, 49.80358805855833282 ) ) ;
#4509 = CARTESIAN_POINT ( 'NONE',  ( -2.560296908970711272, -8.941921420989110914, 555.3173611246556902 ) ) ;
#4510 = CARTESIAN_POINT ( 'NONE',  ( 5.551620045011602222, 41.75449789290553326, 153.4838691362627401 ) ) ;
#4511 = CARTESIAN_POINT ( 'NONE',  ( -4.930098779428964129, 28.15138738225046211, 34.27168478385600991 ) ) ;
#4512 = LINE ( 'NONE', #942, #1877 ) ;
#4513 = CARTESIAN_POINT ( 'NONE',  ( -43.02613570727730519, 36.33246407401401967, 202.2872507467649541 ) ) ;
#4514 = CARTESIAN_POINT ( 'NONE',  ( -40.88363735197644644, 23.68226376541981892, 78.43505280436836813 ) ) ;
#4515 = CARTESIAN_POINT ( 'NONE',  ( 7.190713447524030855, 41.53825657793629489, 135.4424747779266340 ) ) ;
#4516 = CARTESIAN_POINT ( 'NONE',  ( 0.9510654338689736864, -5.798701977451038658, -56.53318865688525818 ) ) ;
#4517 = VECTOR ( 'NONE', #4382, 1000.000000000000000 ) ;
#4518 = CARTESIAN_POINT ( 'NONE',  ( -7.796311696360714194, 35.41577993398179558, 77.66694087146149172 ) ) ;
#4519 = CARTESIAN_POINT ( 'NONE',  ( 2.088373853475112618, 20.02118164067743322, 444.1606853142330920 ) ) ;
#4520 = CARTESIAN_POINT ( 'NONE',  ( 11.32133923080468918, 30.04935886603911399, 33.43650446410281063 ) ) ;
#4521 = EDGE_LOOP ( 'NONE', ( #955, #996, #224, #2268 ) ) ;
#4522 = CARTESIAN_POINT ( 'NONE',  ( -30.66128641892810336, 22.87213186338317072, 48.98614434903524995 ) ) ;
#4523 = CARTESIAN_POINT ( 'NONE',  ( -150.0000000000003695, 17.23251453160983715, 290.2479985875627335 ) ) ;
#4524 = VERTEX_POINT ( 'NONE', #3458 ) ;
#4525 = DIRECTION ( 'NONE',  ( 0.000000000000000000, -1.000000000000000000, 0.000000000000000000 ) ) ;
#4526 = CARTESIAN_POINT ( 'NONE',  ( -0.3623906312667166674, 47.54297851277409137, 200.6868054689273322 ) ) ;
#4527 = CARTESIAN_POINT ( 'NONE',  ( 51.70263860078125617, 19.26326618461806461, 258.1664659383015419 ) ) ;
#4528 = CARTESIAN_POINT ( 'NONE',  ( -149.9999999999996589, 3.010335517173705178, 393.8851699768119943 ) ) ;
#4529 = CARTESIAN_POINT ( 'NONE',  ( 0.02616278975090275544, 39.37041735508766749, 97.14691279133194257 ) ) ;
#4530 = CARTESIAN_POINT ( 'NONE',  ( 0.9489435702740910417, -1.972889249273659606, -51.67460940504316369 ) ) ;
#4531 = UNCERTAINTY_MEASURE_WITH_UNIT (LENGTH_MEASURE( 1.000000000000000082E-05 ), #257, 'distance_accuracy_value', 'NONE');
#4532 = CARTESIAN_POINT ( 'NONE',  ( 3.289361503037148804, 43.70489446054067884, 213.8493118905888650 ) ) ;
#4533 = CARTESIAN_POINT ( 'NONE',  ( 0.2316890017400360657, 38.67724231966627002, 91.82036318694571264 ) ) ;
#4534 = CYLINDRICAL_SURFACE ( 'NONE', #5852, 2.000000000000001776 ) ;
#4535 = CARTESIAN_POINT ( 'NONE',  ( 47.45569761279335097, 19.46651471182855886, 79.90408692482114361 ) ) ;
#4536 = CARTESIAN_POINT ( 'NONE',  ( -7.301464896252368497, 43.11893333808323092, 170.9468494415184807 ) ) ;
#4537 = CARTESIAN_POINT ( 'NONE',  ( 11.54106037115949945, 18.89842486944788291, 438.8770723758824488 ) ) ;
#4538 = CARTESIAN_POINT ( 'NONE',  ( 8.208077365789968383, 43.34365526165062477, 194.5930466478863252 ) ) ;
#4539 = B_SPLINE_CURVE_WITH_KNOTS ( 'NONE', 3,
 ( #1113, #5694, #5908, #206 ),
 .UNSPECIFIED., .F., .F.,
 ( 4, 4 ),
 ( 1.734723475976807094E-18, 0.0005018659394112587368 ),
 .UNSPECIFIED. ) ;
#4540 = CARTESIAN_POINT ( 'NONE',  ( -0.3644476227329960238, 33.82592815260608887, 58.08003364692197579 ) ) ;
#4541 = CARTESIAN_POINT ( 'NONE',  ( -149.9999999999995168, -1.113709569569687474, 417.4376239672698148 ) ) ;
#4542 = CARTESIAN_POINT ( 'NONE',  ( 31.18020684419795785, 38.09745143404397538, 125.0000000000001137 ) ) ;
#4543 = CARTESIAN_POINT ( 'NONE',  ( -22.66447518041209364, 25.84274786349924469, 46.66761077597946183 ) ) ;
#4544 = CARTESIAN_POINT ( 'NONE',  ( -2.500000000000230038, 43.96486807633780103, 193.1825576054492615 ) ) ;
#4545 = CARTESIAN_POINT ( 'NONE',  ( -47.53756223969104866, 33.97800499656828777, 193.5804604051711237 ) ) ;
#4546 = EDGE_CURVE ( 'NONE', #4419, #1168, #6347, .T. ) ;
#4547 = CARTESIAN_POINT ( 'NONE',  ( 3.050045093430841625, 47.30691962833786590, 198.1845668407433152 ) ) ;
#4548 = CARTESIAN_POINT ( 'NONE',  ( 8.022354862979366175, 41.42259283060461428, 135.8617240830639901 ) ) ;
#4549 = CARTESIAN_POINT ( 'NONE',  ( -86.78479610272228228, -8.426922040965695970, 51.82892328279097427 ) ) ;
#4550 = CARTESIAN_POINT ( 'NONE',  ( -3.186502801996846657, 34.79102802621416402, 67.03563359352230577 ) ) ;
#4551 = CARTESIAN_POINT ( 'NONE',  ( 149.9999999999996589, 3.010335517173705178, 393.8851699768119943 ) ) ;
#4552 = CARTESIAN_POINT ( 'NONE',  ( 10.24811798180279787, 39.43337803868414682, 83.18633069079341169 ) ) ;
#4553 = ORIENTED_EDGE ( 'NONE', *, *, #2393, .T. ) ;
#4554 = DIRECTION ( 'NONE',  ( 5.602867245962735462E-30, -1.000000000000000000, -1.644517855226013126E-15 ) ) ;
#4555 = CARTESIAN_POINT ( 'NONE',  ( -1.661913757546996440, 42.51371960543011141, 298.3404751548967511 ) ) ;
#4556 = ORIENTED_EDGE ( 'NONE', *, *, #7369, .T. ) ;
#4557 = CARTESIAN_POINT ( 'NONE',  ( 7.053569696294418989, 139.2235650228607540, 146.4838691362629390 ) ) ;
#4558 = CARTESIAN_POINT ( 'NONE',  ( 0.5000000000002385869, 50.00000000000000000, 181.1826763077941109 ) ) ;
#4559 = CARTESIAN_POINT ( 'NONE',  ( 59.97550560955480847, 34.43158503966466810, 201.9292928342558184 ) ) ;
#4560 = FACE_OUTER_BOUND ( 'NONE', #3484, .T. ) ;
#4561 = CARTESIAN_POINT ( 'NONE',  ( -11.20234465765202536, 15.65166486234165255, 452.7342830611293607 ) ) ;
#4562 = CARTESIAN_POINT ( 'NONE',  ( 0.3197972826172520988, 39.40725055484303141, 97.14817110675960521 ) ) ;
#4563 = CARTESIAN_POINT ( 'NONE',  ( -86.34215386717033880, -3.295932708773868125, 58.85122590806797405 ) ) ;
#4564 = CIRCLE ( 'NONE', #5735, 0.5000000000000016653 ) ;
#4565 = CARTESIAN_POINT ( 'NONE',  ( 2.086918857932360538, 46.85320850212543320, 199.4070026765329544 ) ) ;
#4566 = CARTESIAN_POINT ( 'NONE',  ( -0.3303228420863904002, 38.74787902069929402, 91.81740535503524825 ) ) ;
#4567 = CARTESIAN_POINT ( 'NONE',  ( 7.499999999999992895, 29.05212541372396018, 41.44288204958431976 ) ) ;
#4568 = CARTESIAN_POINT ( 'NONE',  ( 4.157209346687038121, 28.24065042193827679, 33.94949425327926917 ) ) ;
#4569 = CARTESIAN_POINT ( 'NONE',  ( -6.760960734044238585, 42.81730085005698072, 158.9338544569404235 ) ) ;
#4570 = CARTESIAN_POINT ( 'NONE',  ( -1.860595957264360667, 17.11377713728215255, 458.4002198587525072 ) ) ;
#4571 = EDGE_CURVE ( 'NONE', #3004, #5226, #6909, .T. ) ;
#4572 = CARTESIAN_POINT ( 'NONE',  ( 0.2955966572819992422, 44.17142702821281830, 203.3290519271465939 ) ) ;
#4573 = CARTESIAN_POINT ( 'NONE',  ( -0.2064563282473008965, 33.80625896427810773, 58.07144716025365483 ) ) ;
#4574 = DIRECTION ( 'NONE',  ( 1.000000000000000000, 0.000000000000000000, -0.000000000000000000 ) ) ;
#4575 = FILL_AREA_STYLE ('',( #6237 ) ) ;
#4576 = CARTESIAN_POINT ( 'NONE',  ( 0.5000000000002385869, 44.08804002252327336, 181.1826763077941109 ) ) ;
#4577 = CARTESIAN_POINT ( 'NONE',  ( -3.000000000000238476, 46.75821274693984719, 183.1826763077941109 ) ) ;
#4578 = CARTESIAN_POINT ( 'NONE',  ( 9.053569696294250235, 43.21142189708039894, 196.8113052108402030 ) ) ;
#4579 = ORIENTED_EDGE ( 'NONE', *, *, #6326, .F. ) ;
#4580 = PLANE ( 'NONE',  #2650 ) ;
#4581 = CARTESIAN_POINT ( 'NONE',  ( -0.5808315528765277680, 43.11655279007048591, 144.8207158387409379 ) ) ;
#4582 = CARTESIAN_POINT ( 'NONE',  ( -12.49172242615647477, -6.277043314077721980, -50.97366954480303747 ) ) ;
#4583 = CARTESIAN_POINT ( 'NONE',  ( -6.372934830371394632, 35.60681123354039102, 76.90133900563806435 ) ) ;
#4584 = CARTESIAN_POINT ( 'NONE',  ( 2.401812407620467660, 6.569449054318622139, 500.9803719639622841 ) ) ;
#4585 = CARTESIAN_POINT ( 'NONE',  ( 2.764266699687509821, 40.40007119318590156, 79.70911587689846556 ) ) ;
#4586 = ORIENTED_EDGE ( 'NONE', *, *, #6326, .T. ) ;
#4587 = CARTESIAN_POINT ( 'NONE',  ( -4.002436954308248751, 41.26854202278653361, 125.0000000000000284 ) ) ;
#4588 = CARTESIAN_POINT ( 'NONE',  ( -5.833484303085390010, 40.92873967100756971, 312.9953586469236484 ) ) ;
#4589 = CARTESIAN_POINT ( 'NONE',  ( 46.10151714354715580, 30.94031307949446230, 197.2760457809581851 ) ) ;
#4590 = ADVANCED_FACE ( 'NONE', ( #5090 ), #2828, .F. ) ;
#4591 = CARTESIAN_POINT ( 'NONE',  ( 13.94578244643910203, 39.39013018197670135, 124.9999999999999574 ) ) ;
#4592 = EDGE_CURVE ( 'NONE', #317, #7038, #6241, .T. ) ;
#4593 = CARTESIAN_POINT ( 'NONE',  ( 52.53891573317806518, 18.24069168520677664, 252.3546242644533777 ) ) ;
#4594 = CARTESIAN_POINT ( 'NONE',  ( 28.53909880752624773, -10.68040278824253164, -41.02084576645206937 ) ) ;
#4595 = CARTESIAN_POINT ( 'NONE',  ( -150.0000000000002274, 7.068232020827782236, 370.3528863233865422 ) ) ;
#4596 = CARTESIAN_POINT ( 'NONE',  ( -40.56588523332281682, 32.11513318056186250, 147.7525946626507789 ) ) ;
#4597 = ADVANCED_BREP_SHAPE_REPRESENTATION ( 'HATCH FRONT', ( #5848, #3278, #5755, #789, #2678 ), #1347 ) ;
#4598 = CARTESIAN_POINT ( 'NONE',  ( -55.92567994943940590, 5.748511191116895347, 218.7264803032683460 ) ) ;
#4599 = VECTOR ( 'NONE', #5197, 1000.000000000000227 ) ;
#4600 = CARTESIAN_POINT ( 'NONE',  ( 1.384286062561050912, 46.93171998821419777, 199.9813253877951809 ) ) ;
#4601 = CARTESIAN_POINT ( 'NONE',  ( -0.4633583436969957448, 39.66562498118732805, 100.2724987501730141 ) ) ;
#4602 = CARTESIAN_POINT ( 'NONE',  ( -2.869757525187609293, -24.73004176475694749, -76.23815369158728572 ) ) ;
#4603 = CARTESIAN_POINT ( 'NONE',  ( 27.57331724614754620, 23.16230387935931745, 43.84919938803764694 ) ) ;
#4604 = CARTESIAN_POINT ( 'NONE',  ( -14.24336712543431460, 42.07093037665723756, 174.6845131522719328 ) ) ;
#4605 = CARTESIAN_POINT ( 'NONE',  ( 149.9999999999996589, 3.010335517173705178, 393.8851699768119943 ) ) ;
#4606 = B_SPLINE_CURVE_WITH_KNOTS ( 'NONE', 3,
 ( #3589, #5324, #181, #2470 ),
 .UNSPECIFIED., .F., .F.,
 ( 4, 4 ),
 ( 1.734723475976807094E-18, 0.0005018659394112587368 ),
 .UNSPECIFIED. ) ;
#4607 = CARTESIAN_POINT ( 'NONE',  ( 33.02008498078612320, 37.08222245880669021, 214.8918859038896585 ) ) ;
#4608 = CARTESIAN_POINT ( 'NONE',  ( 1.758324706550896011, 33.56347349505774957, 58.24189908571330676 ) ) ;
#4609 = CARTESIAN_POINT ( 'NONE',  ( -5.551643381932488630, 43.57563902619688179, 206.0172031441923366 ) ) ;
#4610 = CARTESIAN_POINT ( 'NONE',  ( 3.986532803903931388, 44.72258978201395507, 125.0000000000001990 ) ) ;
#4611 = CARTESIAN_POINT ( 'NONE',  ( -39.01869811985088177, 21.23123928602752741, 60.71412667880746028 ) ) ;
#4612 = CARTESIAN_POINT ( 'NONE',  ( 9.053569696294418989, 41.89642500607784825, 148.4838691362627685 ) ) ;
#4613 = CARTESIAN_POINT ( 'NONE',  ( -7.500000000000000000, 29.65611229232975887, 44.34370561850344927 ) ) ;
#4614 = CARTESIAN_POINT ( 'NONE',  ( 9.053569696294418989, 41.89642500607784825, 148.4838691362627685 ) ) ;
#4615 = ORIENTED_EDGE ( 'NONE', *, *, #6042, .F. ) ;
#4616 = CARTESIAN_POINT ( 'NONE',  ( 7.777050215137020217, 35.17193587993998705, 75.96778021922683877 ) ) ;
#4617 = CARTESIAN_POINT ( 'NONE',  ( -0.4710903879468935074, 43.10400564859612871, 144.8234560957244810 ) ) ;
#4618 = CARTESIAN_POINT ( 'NONE',  ( 0.9489435702740910417, -1.972889249273659606, -51.67460940504316369 ) ) ;
#4619 = CARTESIAN_POINT ( 'NONE',  ( -0.01980577838507891625, 33.77814688870746807, 58.06520791029176110 ) ) ;
#4620 = CARTESIAN_POINT ( 'NONE',  ( 150.0000000000005116, -2.468752498710066856, 425.1262764251987392 ) ) ;
#4621 = ORIENTED_EDGE ( 'NONE', *, *, #2981, .T. ) ;
#4622 = CARTESIAN_POINT ( 'NONE',  ( -9.960991319203733596, 40.21114396336860608, 125.0000000000001137 ) ) ;
#4623 = CARTESIAN_POINT ( 'NONE',  ( 0.000000000000000000, 36.01456435933089750, 354.5116695689063704 ) ) ;
#4624 = ORIENTED_EDGE ( 'NONE', *, *, #2732, .F. ) ;
#4625 = CARTESIAN_POINT ( 'NONE',  ( 49.02019199704897545, 29.13097799913607844, 185.6657186869456098 ) ) ;
#4626 = CARTESIAN_POINT ( 'NONE',  ( 3.211948935988305624E-14, 34.08664072837694903, 60.00676942299037364 ) ) ;
#4627 = CARTESIAN_POINT ( 'NONE',  ( -31.39149654379969689, 33.41458571850102288, 114.9501888088511947 ) ) ;
#4628 = FACE_OUTER_BOUND ( 'NONE', #4741, .T. ) ;
#4629 = CARTESIAN_POINT ( 'NONE',  ( 7.846345050770216822, 46.81194873575534388, 182.9037947448233012 ) ) ;
#4630 = FACE_OUTER_BOUND ( 'NONE', #999, .T. ) ;
#4631 = CARTESIAN_POINT ( 'NONE',  ( -17.18520970744164345, 36.90793347179302941, 105.8175865950257446 ) ) ;
#4632 = CARTESIAN_POINT ( 'NONE',  ( 2.799917590529235500, 11.95000122839068979, -28.37908123879857314 ) ) ;
#4633 = EDGE_CURVE ( 'NONE', #6737, #3449, #2443, .T. ) ;
#4634 = CARTESIAN_POINT ( 'NONE',  ( 2.296080569087397549, 46.82990631075882249, 199.0721221425667125 ) ) ;
#4635 = CARTESIAN_POINT ( 'NONE',  ( -0.3757273678593626154, 39.65471273166549082, 100.2700497678713845 ) ) ;
#4636 = CARTESIAN_POINT ( 'NONE',  ( 7.499999999999987566, 28.42113729125532373, 38.54812020524488503 ) ) ;
#4637 = CARTESIAN_POINT ( 'NONE',  ( 1.848321708431225563, 47.83361918596382623, 180.4427191032446558 ) ) ;
#4638 = CARTESIAN_POINT ( 'NONE',  ( -22.17936709832381936, 40.17303816052600496, 168.7353203453886579 ) ) ;
#4639 = CARTESIAN_POINT ( 'NONE',  ( 7.118748418129577260, -1.685585176228954429, 528.7463543470161085 ) ) ;
#4640 = EDGE_CURVE ( 'NONE', #7230, #7007, #3186, .T. ) ;
#4641 = CARTESIAN_POINT ( 'NONE',  ( 1.031434338033233811, 44.10623497860745346, 203.4573614444979057 ) ) ;
#4642 = CARTESIAN_POINT ( 'NONE',  ( 22.01079754700742797, 29.20453139447288393, 62.55499552413275666 ) ) ;
#4643 = CARTESIAN_POINT ( 'NONE',  ( -150.0000000000000284, -5.251527702307162926, 440.0305525103657374 ) ) ;
#4644 = CARTESIAN_POINT ( 'NONE',  ( 0.5904223920471955989, 32.53367023116918233, 35.04931210984616996 ) ) ;
#4645 = CARTESIAN_POINT ( 'NONE',  ( 2.233709747134559276, 43.91436008389693768, 182.1769258864061385 ) ) ;
#4646 = CARTESIAN_POINT ( 'NONE',  ( -33.68833724057708423, 36.11267620736754225, 236.5174777794905197 ) ) ;
#4647 = CARTESIAN_POINT ( 'NONE',  ( 3.049915375219184099, 47.30567904674816759, 198.5144543611937138 ) ) ;
#4648 = CARTESIAN_POINT ( 'NONE',  ( 0.3612887184559108178, 47.54307487969235524, 200.6868058921096747 ) ) ;
#4649 = ORIENTED_EDGE ( 'NONE', *, *, #3759, .T. ) ;
#4650 = CARTESIAN_POINT ( 'NONE',  ( 3.332640884330918318, 35.75300627274389598, 73.82086699696543519 ) ) ;
#4651 = CARTESIAN_POINT ( 'NONE',  ( 1.133662777050376658, 42.91804973070818363, 144.9804639564849822 ) ) ;
#4652 = CARTESIAN_POINT ( 'NONE',  ( -27.66326358064004864, 13.52599411192533374, -1.587463340206875628 ) ) ;
#4653 = CARTESIAN_POINT ( 'NONE',  ( 0.2967730908155060687, 33.81749921118624513, 58.07597070254061578 ) ) ;
#4654 = CARTESIAN_POINT ( 'NONE',  ( 59.99867422257567995, -10.69069057093173214, 448.1085652130877293 ) ) ;
#4655 = ORIENTED_EDGE ( 'NONE', *, *, #5667, .F. ) ;
#4656 = CARTESIAN_POINT ( 'NONE',  ( 2.500000000000236255, 46.82843538562781305, 193.1825531202092634 ) ) ;
#4657 = CARTESIAN_POINT ( 'NONE',  ( -5.833484303085390010, 40.14202268965824771, 320.0000000000000568 ) ) ;
#4658 = CARTESIAN_POINT ( 'NONE',  ( -0.5439175272602607691, 47.53121151971311065, 200.1826763077942530 ) ) ;
#4659 = CARTESIAN_POINT ( 'NONE',  ( -9.926387799738870754, 30.84861933187941219, 36.15367277638870291 ) ) ;
#4660 = FACE_OUTER_BOUND ( 'NONE', #3063, .T. ) ;
#4661 = CARTESIAN_POINT ( 'NONE',  ( -0.2316890017400360657, 38.67724231966627002, 91.82036318694571264 ) ) ;
#4662 = PLANE ( 'NONE',  #5564 ) ;
#4663 = CARTESIAN_POINT ( 'NONE',  ( 149.9999999999993463, 17.39257541835625176, 283.2293150073691663 ) ) ;
#4664 = LINE ( 'NONE', #4813, #3456 ) ;
#4665 = CARTESIAN_POINT ( 'NONE',  ( -9.053569696294415436, 139.2235650228607540, 148.4838691362629390 ) ) ;
#4666 = CARTESIAN_POINT ( 'NONE',  ( -7.844437473481340461, 38.33652514297088487, 99.92350568555988843 ) ) ;
#4667 = CARTESIAN_POINT ( 'NONE',  ( -85.15847978174487309, 3.904776106732709806, 71.64136231852130265 ) ) ;
#4668 = CARTESIAN_POINT ( 'NONE',  ( 1.498991399069297792, 46.91896360724838644, 199.9202106172356821 ) ) ;
#4669 = CARTESIAN_POINT ( 'NONE',  ( 2.964583211403237772, 39.23321675355403926, 100.8012967554157200 ) ) ;
#4670 = CARTESIAN_POINT ( 'NONE',  ( 2.975775260929044652, 47.25691277315785754, 182.5288109725243828 ) ) ;
#4671 = CARTESIAN_POINT ( 'NONE',  ( 56.27053592963592621, 0.7516941916051447237, 210.4962128354270590 ) ) ;
#4672 = EDGE_CURVE ( 'NONE', #1848, #5192, #320, .T. ) ;
#4673 = CARTESIAN_POINT ( 'NONE',  ( 0.5416989483541193584, 47.07227379654968757, 229.0552716760062992 ) ) ;
#4674 = CARTESIAN_POINT ( 'NONE',  ( -16.64647636962274646, 41.60885981667010469, 176.3593153663287296 ) ) ;
#4675 = CARTESIAN_POINT ( 'NONE',  ( 150.0000000000000568, 0.2544905633191389405, 409.6453932724846823 ) ) ;
#4676 = CARTESIAN_POINT ( 'NONE',  ( -0.1379502080455195234, 43.96246004351461067, 214.6403218233464543 ) ) ;
#4677 = CARTESIAN_POINT ( 'NONE',  ( 6.845672978366938999, 34.32103317199850068, 68.70869944279714048 ) ) ;
#4678 = CARTESIAN_POINT ( 'NONE',  ( 5.551620045011596893, 43.57766651869921049, 205.7838691362627515 ) ) ;
#4679 = CARTESIAN_POINT ( 'NONE',  ( -7.500000000000000000, 29.66173268173092481, 35.65990972620951993 ) ) ;
#4680 = CARTESIAN_POINT ( 'NONE',  ( -17.56333190791366761, 24.55518497997562477, 34.44515950105838442 ) ) ;
#4681 = CARTESIAN_POINT ( 'NONE',  ( -0.04193614220972458756, 43.94849205551903992, 214.6639761070318571 ) ) ;
#4682 = CARTESIAN_POINT ( 'NONE',  ( -0.1424370302719828174, 26.66034763557496845, 24.81935300404284206 ) ) ;
#4683 = ORIENTED_EDGE ( 'NONE', *, *, #2697, .F. ) ;
#4684 = CARTESIAN_POINT ( 'NONE',  ( 0.1263610012112273140, 36.15576198502617444, 73.23252335398944979 ) ) ;
#4685 = CARTESIAN_POINT ( 'NONE',  ( 12.41373572710637241, 41.39115207498784343, 150.0602558504994306 ) ) ;
#4686 = CARTESIAN_POINT ( 'NONE',  ( 0.000000000000000000, 24.65191137066539895, 4.845070576238386550 ) ) ;
#4687 = CARTESIAN_POINT ( 'NONE',  ( 0.1465809799298412597, 32.18202647888931978, 49.70698102256901763 ) ) ;
#4688 = EDGE_CURVE ( 'NONE', #2236, #6311, #1352, .T. ) ;
#4689 = CARTESIAN_POINT ( 'NONE',  ( 59.89900058819404194, -9.567402936609459729, 443.5936951987583257 ) ) ;
#4690 = VECTOR ( 'NONE', #6370, 1000.000000000000000 ) ;
#4691 = ORIENTED_EDGE ( 'NONE', *, *, #1200, .T. ) ;
#4692 = CARTESIAN_POINT ( 'NONE',  ( -47.20806718382032585, 30.31681069510990056, 194.5327254882098202 ) ) ;
#4693 = CARTESIAN_POINT ( 'NONE',  ( -42.82036082025610568, 34.45865616707600765, 314.7613887647807474 ) ) ;
#4694 = ORIENTED_EDGE ( 'NONE', *, *, #4330, .F. ) ;
#4695 = CARTESIAN_POINT ( 'NONE',  ( 48.96184446544095437, 29.10081148751607927, 183.6136886649778717 ) ) ;
#4696 = CARTESIAN_POINT ( 'NONE',  ( 0.3158245979348041077, 47.01636164188035849, 181.1826763077939972 ) ) ;
#4697 = CARTESIAN_POINT ( 'NONE',  ( 0.02796056989216474942, 38.70988992526316963, 91.81445110723605296 ) ) ;
#4698 = CARTESIAN_POINT ( 'NONE',  ( 37.10863438089150179, 21.99095052654399041, 59.64887552256923442 ) ) ;
#4699 = ADVANCED_FACE ( 'NONE', ( #4806 ), #1392, .F. ) ;
#4700 = CARTESIAN_POINT ( 'NONE',  ( 49.32634856228757059, 20.28886164836126582, 276.4091044601491944 ) ) ;
#4701 = DIRECTION ( 'NONE',  ( -0.000000000000000000, -1.000000000000000000, -3.469446951953683214E-15 ) ) ;
#4702 = CARTESIAN_POINT ( 'NONE',  ( 87.16474666623552991, -18.22885969961632213, 41.61352295269925605 ) ) ;
#4703 = ORIENTED_EDGE ( 'NONE', *, *, #6964, .F. ) ;
#4704 = CARTESIAN_POINT ( 'NONE',  ( -8.259561663846254120, 35.10601614678759574, 76.23937018207354299 ) ) ;
#4705 = CARTESIAN_POINT ( 'NONE',  ( 2.650316221447130527, 28.51110833786872334, 17.25647961524052931 ) ) ;
#4706 = ORIENTED_EDGE ( 'NONE', *, *, #3538, .T. ) ;
#4707 = DIRECTION ( 'NONE',  ( 0.000000000000000000, -1.000000000000000000, 0.000000000000000000 ) ) ;
#4708 = CARTESIAN_POINT ( 'NONE',  ( -0.1263206901546121141, 40.52495931380425276, 108.7209159149535225 ) ) ;
#4709 = CARTESIAN_POINT ( 'NONE',  ( 15.36263659850308905, 26.09058492975245258, 37.86653922575246156 ) ) ;
#4710 = VECTOR ( 'NONE', #4088, 1000.000000000000227 ) ;
#4711 = CARTESIAN_POINT ( 'NONE',  ( 56.45112250455159142, -6.087123366960760507, 202.2480236927935380 ) ) ;
#4712 = CARTESIAN_POINT ( 'NONE',  ( 0.5768058027885383243, 47.66852144650732015, 205.0091658014256382 ) ) ;
#4713 = CARTESIAN_POINT ( 'NONE',  ( -0.7238213632311271128, 42.37195358932237355, 133.0624410520771335 ) ) ;
#4714 = CARTESIAN_POINT ( 'NONE',  ( 6.953941588068372148, 6.120562770953910992, 500.2070897956710951 ) ) ;
#4715 = CARTESIAN_POINT ( 'NONE',  ( 28.70955501447409119, 42.21992606231559364, 212.3980660780622713 ) ) ;
#4716 = CARTESIAN_POINT ( 'NONE',  ( 29.85766554142129436, 29.28232979045523621, 79.77990758736650889 ) ) ;
#4717 = CARTESIAN_POINT ( 'NONE',  ( -1.170807385076407359, 41.72924881469361225, 125.7273930995743711 ) ) ;
#4718 = DIRECTION ( 'NONE',  ( 0.000000000000000000, 0.000000000000000000, -1.000000000000000000 ) ) ;
#4719 = CARTESIAN_POINT ( 'NONE',  ( -1.795406704375815954, 47.41677100784749399, 200.3577947502595009 ) ) ;
#4720 = CARTESIAN_POINT ( 'NONE',  ( -0.6637852881741397315, 44.13892484145470974, 203.3914327802421553 ) ) ;
#4721 = CARTESIAN_POINT ( 'NONE',  ( -1.316609496952878322, 47.20928880869866617, 155.6670790133530033 ) ) ;
#4722 = ORIENTED_EDGE ( 'NONE', *, *, #6207, .F. ) ;
#4723 = EDGE_CURVE ( 'NONE', #912, #4122, #859, .T. ) ;
#4724 = CARTESIAN_POINT ( 'NONE',  ( 0.4815604495965152276, 43.58748265612363326, 156.7450785887310758 ) ) ;
#4725 = CARTESIAN_POINT ( 'NONE',  ( -0.3361063394174130248, 41.29893814644358230, 117.1680293828938062 ) ) ;
#4726 = CARTESIAN_POINT ( 'NONE',  ( -26.35674988608645464, 25.04923993672376170, 32.44508452609948534 ) ) ;
#4727 = CARTESIAN_POINT ( 'NONE',  ( -6.215292568263957484, 33.00647160273831560, 59.95980398984812609 ) ) ;
#4728 = CARTESIAN_POINT ( 'NONE',  ( -0.7173949448069911750, -1.055981849285397622, 529.3660285409472408 ) ) ;
#4729 = CARTESIAN_POINT ( 'NONE',  ( 0.7032787781051501597, 2.973172933655187311, 514.9865767782636112 ) ) ;
#4730 = ORIENTED_EDGE ( 'NONE', *, *, #831, .T. ) ;
#4731 = CARTESIAN_POINT ( 'NONE',  ( -19.57372215414722660, 41.22571807297381952, 213.8493121098462098 ) ) ;
#4732 = CARTESIAN_POINT ( 'NONE',  ( -10.55815539007339510, 8.766027140151836150, 480.2865580578388176 ) ) ;
#4733 = ORIENTED_EDGE ( 'NONE', *, *, #4877, .F. ) ;
#4734 = CARTESIAN_POINT ( 'NONE',  ( 48.86498753472511680, 29.27540232921296948, 187.6876215429942079 ) ) ;
#4735 = EDGE_CURVE ( 'NONE', #3601, #4328, #5514, .T. ) ;
#4736 = CYLINDRICAL_SURFACE ( 'NONE', #6367, 29.40000000000000924 ) ;
#4737 = CARTESIAN_POINT ( 'NONE',  ( 0.3950261203019890810, 38.75600511163473527, 91.81952098808635299 ) ) ;
#4738 = CARTESIAN_POINT ( 'NONE',  ( -0.9419369969250757091, 41.02800531393226180, 312.7688498949498808 ) ) ;
#4739 = CARTESIAN_POINT ( 'NONE',  ( 0.000000000000000000, 47.07228892232936346, 200.1826763077941393 ) ) ;
#4740 = CARTESIAN_POINT ( 'NONE',  ( 0.000000000000000000, 1.530671358679228655, -46.61894072316960802 ) ) ;
#4741 = EDGE_LOOP ( 'NONE', ( #4191, #1771, #127, #6977, #5455 ) ) ;
#4742 = CARTESIAN_POINT ( 'NONE',  ( -42.71394202268776752, 29.54173185920927125, 128.3515292902845601 ) ) ;
#4743 = CARTESIAN_POINT ( 'NONE',  ( -12.32604656146385480, 7.066535420415203994, -30.82130669073084661 ) ) ;
#4744 = ORIENTED_EDGE ( 'NONE', *, *, #5692, .F. ) ;
#4745 = CARTESIAN_POINT ( 'NONE',  ( 0.000000000000000000, 47.37928842645280980, 213.8493121484527819 ) ) ;
#4746 = CARTESIAN_POINT ( 'NONE',  ( 39.12505519399127252, 31.96232780398348439, 136.0896939912638857 ) ) ;
#4747 = CARTESIAN_POINT ( 'NONE',  ( -7.500000000000000000, 29.59506050207342653, 44.25806788755794940 ) ) ;
#4748 = CARTESIAN_POINT ( 'NONE',  ( -1.902130867737947373, -5.765155448703533914, -56.51890096845753675 ) ) ;
#4749 = CARTESIAN_POINT ( 'NONE',  ( -149.9999999999993463, 17.13590603533871715, 269.4952211729575993 ) ) ;
#4750 = CARTESIAN_POINT ( 'NONE',  ( -37.27517752759704450, 35.00427862293563663, 176.7471340338487948 ) ) ;
#4751 = CARTESIAN_POINT ( 'NONE',  ( 38.04577553118386390, 6.899135327763927350, 435.0771627741435736 ) ) ;
#4752 = ORIENTED_EDGE ( 'NONE', *, *, #3454, .T. ) ;
#4753 = CARTESIAN_POINT ( 'NONE',  ( 1.025099698687762295, 43.86946209641791938, 214.8300764872780917 ) ) ;
#4754 = CARTESIAN_POINT ( 'NONE',  ( 2.453154814052261212, 34.88283367363877829, 66.80482738886723837 ) ) ;
#4755 = CARTESIAN_POINT ( 'NONE',  ( -0.03563318359440644650, 41.25339845764268887, 117.1761162394098506 ) ) ;
#4756 = CARTESIAN_POINT ( 'NONE',  ( 0.6709101789791437342, 31.55659430963823908, 47.00952372116164923 ) ) ;
#4757 = CARTESIAN_POINT ( 'NONE',  ( -6.567004834676981595, 46.82766482047355083, 213.8493119347201628 ) ) ;
#4758 = CARTESIAN_POINT ( 'NONE',  ( -5.634261748701288930, 43.63570496136208732, 204.9529721415808581 ) ) ;
#4759 = CARTESIAN_POINT ( 'NONE',  ( 20.62407662905724592, 42.79110105320698665, 140.4219543533417607 ) ) ;
#4760 = VECTOR ( 'NONE', #4138, 1000.000000000000227 ) ;
#4761 = VERTEX_POINT ( 'NONE', #5857 ) ;
#4762 = CARTESIAN_POINT ( 'NONE',  ( -0.4358740483902084351, 44.03334102751446011, 168.4349790189873488 ) ) ;
#4763 = CARTESIAN_POINT ( 'NONE',  ( 2.851651320501478626, 40.90179870327465750, 117.6994622494487004 ) ) ;
#4764 = CARTESIAN_POINT ( 'NONE',  ( -150.0000000000002558, 12.91824135705855703, 236.2496330257888815 ) ) ;
#4765 = CARTESIAN_POINT ( 'NONE',  ( -0.6784141660087724679, 32.08134207213596056, 49.72251438379468169 ) ) ;
#4766 = CARTESIAN_POINT ( 'NONE',  ( 36.00285309233927933, -6.792297079197776810, 479.3729591887034758 ) ) ;
#4767 = CARTESIAN_POINT ( 'NONE',  ( 2.177296947288516193, -4.542331835814525043, 541.4227397640479467 ) ) ;
#4768 = EDGE_CURVE ( 'NONE', #6465, #7230, #143, .T. ) ;
#4769 = CARTESIAN_POINT ( 'NONE',  ( -48.86498753472511680, 29.27540232921296948, 187.6876215429942079 ) ) ;
#4770 = CARTESIAN_POINT ( 'NONE',  ( -54.57948805689258620, 2.996616612384304545, 392.2234430773698364 ) ) ;
#4771 = CARTESIAN_POINT ( 'NONE',  ( -1.578711961815756356E-13, 46.11405057988804401, 137.1157744316595597 ) ) ;
#4772 = CARTESIAN_POINT ( 'NONE',  ( -0.6709101789791437342, 31.55659430963823908, 47.00952372116164923 ) ) ;
#4773 = VECTOR ( 'NONE', #7292, 1000.000000000000000 ) ;
#4774 = CARTESIAN_POINT ( 'NONE',  ( -0.002806258958312550251, 47.55616109005997316, 181.1826763077938267 ) ) ;
#4775 = CARTESIAN_POINT ( 'NONE',  ( -24.24961046454458824, 34.98618367280042207, 106.5880414108833207 ) ) ;
#4776 = CARTESIAN_POINT ( 'NONE',  ( 6.087201789984794331, 44.18919659100005504, 276.7467911875064033 ) ) ;
#4777 = CARTESIAN_POINT ( 'NONE',  ( -2.553569696294413216, 42.94769121779684440, 149.4838691362627117 ) ) ;
#4778 = CARTESIAN_POINT ( 'NONE',  ( -1.885900387860527383, 4.944344929474349115, -41.28297166191669731 ) ) ;
#4779 = ORIENTED_EDGE ( 'NONE', *, *, #4458, .T. ) ;
#4780 = CARTESIAN_POINT ( 'NONE',  ( -0.1069028949014573932, 37.93417322599745489, 85.16878317651602970 ) ) ;
#4781 = CARTESIAN_POINT ( 'NONE',  ( 0.7461940103012556502, 43.80372440424493874, 105.2564511888949568 ) ) ;
#4782 = CARTESIAN_POINT ( 'NONE',  ( 25.13701873186590063, 36.52853044590997911, 124.3863565523206063 ) ) ;
#4783 = CARTESIAN_POINT ( 'NONE',  ( -0.5000000000002385869, 50.00000000000000000, 181.1826763077941109 ) ) ;
#4784 = CARTESIAN_POINT ( 'NONE',  ( -0.2102356115614175125, 40.53535656672208631, 108.7204802580670560 ) ) ;
#4785 = CARTESIAN_POINT ( 'NONE',  ( -2.339449086157818724E-28, 41.75449789290554037, 146.4838691362627401 ) ) ;
#4786 = CARTESIAN_POINT ( 'NONE',  ( 3.323413742140344684, -2.163148135800812888, -51.77104861990689955 ) ) ;
#4787 = CARTESIAN_POINT ( 'NONE',  ( -1.713508947173772556, 44.39393462227350540, 275.9439818675760421 ) ) ;
#4788 = CARTESIAN_POINT ( 'NONE',  ( -3.681213039714186674, 42.60960887800472818, 145.7034733913568516 ) ) ;
#4789 = CARTESIAN_POINT ( 'NONE',  ( 59.99867422257567995, -10.69069057093173214, 448.1085652130877293 ) ) ;
#4790 = VERTEX_POINT ( 'NONE', #1994 ) ;
#4791 = CARTESIAN_POINT ( 'NONE',  ( 26.04571360792973067, 30.03091724996751921, 74.94834393479463586 ) ) ;
#4792 = CARTESIAN_POINT ( 'NONE',  ( -31.80859459719266624, 36.02323524526100584, 149.1742634296334415 ) ) ;
#4793 = B_SPLINE_CURVE_WITH_KNOTS ( 'NONE', 3,
 ( #5121, #4019, #509, #2933, #3954, #3391, #1632, #4622, #609, #4587, #3491, #2795 ),
 .UNSPECIFIED., .F., .F.,
 ( 4, 2, 2, 2, 2, 4 ),
 ( 0.01471260061933281696, 0.02686911659144972792, 0.03902563256356664234, 0.05118214853568354983, 0.05726040652174199663, 0.06333866450780044344 ),
 .UNSPECIFIED. ) ;
#4794 = CARTESIAN_POINT ( 'NONE',  ( -7.500000000000000000, 60.00000000000000711, 35.65990972620951993 ) ) ;
#4795 = DIRECTION ( 'NONE',  ( 0.000000000000000000, -1.000000000000000000, 0.000000000000000000 ) ) ;
#4796 = CARTESIAN_POINT ( 'NONE',  ( -33.02008497813421428, 37.08222245994188881, 214.8918859020413095 ) ) ;
#4797 = CARTESIAN_POINT ( 'NONE',  ( -1.492388020602511300, 43.89655471583869684, 105.2734977285461468 ) ) ;
#4798 = ORIENTED_EDGE ( 'NONE', *, *, #1872, .F. ) ;
#4799 = STYLED_ITEM ( 'NONE', ( #851 ), #3278 ) ;
#4800 = CARTESIAN_POINT ( 'NONE',  ( 5.030383542158027410, 43.41171309269379464, 169.9178722357585229 ) ) ;
#4801 = CARTESIAN_POINT ( 'NONE',  ( -0.4619106901233622775, 41.31430733684376122, 117.1689634607726873 ) ) ;
#4802 = CARTESIAN_POINT ( 'NONE',  ( -79.05674022718464755, 18.70769894339281336, 112.5241708736267157 ) ) ;
#4803 = CARTESIAN_POINT ( 'NONE',  ( 0.2237244958075037260, 30.57454080504802718, 41.34850760604381037 ) ) ;
#4804 = CARTESIAN_POINT ( 'NONE',  ( -5.667666856667974429E-14, 41.82782143490219084, 124.9999999999999858 ) ) ;
#4805 = CARTESIAN_POINT ( 'NONE',  ( -9.652764452307431853, -8.494098938562002488, 541.5631860185608275 ) ) ;
#4806 = FACE_OUTER_BOUND ( 'NONE', #4408, .T. ) ;
#4807 = CARTESIAN_POINT ( 'NONE',  ( 1.717673231772173903, 23.13963299835682719, 429.9848877918320227 ) ) ;
#4808 = CARTESIAN_POINT ( 'NONE',  ( -2.982995260510784785, 47.31101575459437214, 198.8443820549440204 ) ) ;
#4809 = CARTESIAN_POINT ( 'NONE',  ( 7.500000000000000000, 24.89192133595483725, 23.34162837863042839 ) ) ;
#4810 = CARTESIAN_POINT ( 'NONE',  ( 27.28344554962495394, 27.31241941368316262, 45.44551593740587236 ) ) ;
#4811 = CARTESIAN_POINT ( 'NONE',  ( 0.09497691477509809244, 36.43224161598299560, 74.91927495416450711 ) ) ;
#4812 = CARTESIAN_POINT ( 'NONE',  ( 5.833484303085390010, 40.92873967100756971, 312.9953586469236484 ) ) ;
#4813 = CARTESIAN_POINT ( 'NONE',  ( -2.339449086157818724E-28, 41.75449789290554037, 146.4838691362627401 ) ) ;
#4814 = CARTESIAN_POINT ( 'NONE',  ( 56.27053592963592621, 0.7516941916051447237, 210.4962128354270590 ) ) ;
#4815 = VERTEX_POINT ( 'NONE', #2150 ) ;
#4816 = CARTESIAN_POINT ( 'NONE',  ( -1.796133411670910229, 37.72051407815494883, 85.36542045749335728 ) ) ;
#4817 = CARTESIAN_POINT ( 'NONE',  ( -54.48274488411642125, 13.81017118001468269, 236.9137207598040220 ) ) ;
#4818 = CARTESIAN_POINT ( 'NONE',  ( 17.18520972106656686, 36.90793346940610320, 105.8175866051325471 ) ) ;
#4819 = CARTESIAN_POINT ( 'NONE',  ( -7.931071953985656009, 44.05797119990278077, 125.0000000000001137 ) ) ;
#4820 = CARTESIAN_POINT ( 'NONE',  ( -0.4640983988713690556, 40.56677432309734854, 108.7230294114414022 ) ) ;
#4821 = CARTESIAN_POINT ( 'NONE',  ( 3.055800619145261354, 47.25328626472176552, 183.0118112365536547 ) ) ;
#4822 = CARTESIAN_POINT ( 'NONE',  ( 28.23808762699846042, 3.056412852116027423, -22.60677287783177647 ) ) ;
#4823 = CARTESIAN_POINT ( 'NONE',  ( 1.005968528606214107, 32.03284778517833331, 380.7173133528380049 ) ) ;
#4824 = CARTESIAN_POINT ( 'NONE',  ( -2.039589985414092421, 42.21138502989872165, 133.3239359833701769 ) ) ;
#4825 = CARTESIAN_POINT ( 'NONE',  ( 1.910429079689343501, -19.79771651802625598, -71.15970442798436579 ) ) ;
#4826 = CARTESIAN_POINT ( 'NONE',  ( -0.3769097999664359766, 39.41441675878268569, 97.14983664203352021 ) ) ;
#4827 = ORIENTED_EDGE ( 'NONE', *, *, #4145, .T. ) ;
#4828 = EDGE_CURVE ( 'NONE', #6875, #3457, #1663, .T. ) ;
#4829 = CARTESIAN_POINT ( 'NONE',  ( 33.68833724252684192, 36.11267620653120503, 236.5174777797944046 ) ) ;
#4830 = CARTESIAN_POINT ( 'NONE',  ( 1.360304491981028541, 35.01924363283785624, 66.58490109245275335 ) ) ;
#4831 = CARTESIAN_POINT ( 'NONE',  ( 0.4640983988713690556, 40.56677432309734854, 108.7230294114413454 ) ) ;
#4832 = PRESENTATION_STYLE_ASSIGNMENT (( #1417 ) ) ;
#4833 = LINE ( 'NONE', #5398, #5554 ) ;
#4834 = CARTESIAN_POINT ( 'NONE',  ( -0.2844891104740839283, 44.23893446583360145, 191.7996485843401899 ) ) ;
#4835 = CARTESIAN_POINT ( 'NONE',  ( 150.0000000000000000, 14.77013292611521500, 320.0000541252218227 ) ) ;
#4836 = VECTOR ( 'NONE', #5687, 1000.000000000000000 ) ;
#4837 = ORIENTED_EDGE ( 'NONE', *, *, #5824, .F. ) ;
#4838 = CARTESIAN_POINT ( 'NONE',  ( 4.253691719929589610, 43.50658607322141336, 169.5988591019612386 ) ) ;
#4839 = CARTESIAN_POINT ( 'NONE',  ( 5.802077827835345758, 40.51468260120851284, 118.9207879961768981 ) ) ;
#4840 = CARTESIAN_POINT ( 'NONE',  ( -20.62407662905724592, 42.79110105320698665, 140.4219543533417607 ) ) ;
#4841 =( BOUNDED_SURFACE ( )  B_SPLINE_SURFACE ( 3, 2, ( 
 ( #6735, #1590, #6578 ),
 ( #1436, #3722, #874 ),
 ( #3165, #5250, #1826 ),
 ( #1759, #666, #4484 ) ),
 .UNSPECIFIED., .F., .F., .F. ) 
 B_SPLINE_SURFACE_WITH_KNOTS ( ( 4, 4 ),
 ( 3, 3 ),
 ( 3.469446951953614189E-18, 0.01500008745376049148 ),
 ( 0.000000000000000000, 1.000000000000000000 ),
 .UNSPECIFIED. ) 
 GEOMETRIC_REPRESENTATION_ITEM ( )  RATIONAL_B_SPLINE_SURFACE ( (
 ( 1.000000000000000000, 0.6707867817491685036, 1.000000000000000000),
 ( 1.000000000000000000, 0.6693205061677726109, 1.000000000000000000),
 ( 1.000000000000000000, 0.6678963780114722804, 1.000000000000000000),
 ( 1.000000000000000000, 0.6665281237600868547, 1.000000000000000000) ) ) 
 REPRESENTATION_ITEM ( '' )  SURFACE ( )  );
#4842 = CARTESIAN_POINT ( 'NONE',  ( -11.50945904871352354, 30.72427111782039333, 54.63403102376003062 ) ) ;
#4843 = CARTESIAN_POINT ( 'NONE',  ( -2.109127482823859090, 47.34701773250701251, 181.9877220515717795 ) ) ;
#4844 = CARTESIAN_POINT ( 'NONE',  ( 2.109836334315450479, 3.066047688892955314, 514.8735652113953165 ) ) ;
#4845 = CARTESIAN_POINT ( 'NONE',  ( 0.5000000000002385869, 46.99765288992999501, 181.1826763077941109 ) ) ;
#4846 = CARTESIAN_POINT ( 'NONE',  ( 0.000000000000000000, 13.75622029850556061, 472.5436863909573617 ) ) ;
#4847 = CARTESIAN_POINT ( 'NONE',  ( -2.499722917166674385, 47.36115899724207878, 198.4413997144888242 ) ) ;
#4848 = CARTESIAN_POINT ( 'NONE',  ( 4.709263557864286298, 42.51094591957342317, 146.4838691362627685 ) ) ;
#4849 = CARTESIAN_POINT ( 'NONE',  ( -10.76231062974034103, 36.22579948301373776, 87.73788494546980132 ) ) ;
#4850 = CARTESIAN_POINT ( 'NONE',  ( 1.676507941506811594, 36.02744328790266337, 354.3090623948346547 ) ) ;
#4851 = CARTESIAN_POINT ( 'NONE',  ( -0.3616357165859998557, 47.54722425424088073, 200.1826763077789053 ) ) ;
#4852 = CARTESIAN_POINT ( 'NONE',  ( 150.0000000000000284, 7.321812825929968405, 218.5459688349021121 ) ) ;
#4853 = VERTEX_POINT ( 'NONE', #4279 ) ;
#4854 = CARTESIAN_POINT ( 'NONE',  ( -3.332640862958781369, 35.75300627545043852, 73.82086698932356228 ) ) ;
#4855 = CARTESIAN_POINT ( 'NONE',  ( -9.038935942379033861, 44.65478929440413225, 133.3990811073386169 ) ) ;
#4856 = ORIENTED_EDGE ( 'NONE', *, *, #2914, .T. ) ;
#4857 = CARTESIAN_POINT ( 'NONE',  ( -0.2639011379192628959, 40.52773622692382105, 109.1003435083486721 ) ) ;
#4858 = CARTESIAN_POINT ( 'NONE',  ( -9.053569696294349711, 42.73742869798587662, 167.8080573416169727 ) ) ;
#4859 = CARTESIAN_POINT ( 'NONE',  ( 2.500000000000240696, 46.82843538539536610, 193.1825532154011285 ) ) ;
#4860 = CARTESIAN_POINT ( 'NONE',  ( 0.000000000000000000, 16.05780648225944418, -18.97418335886999685 ) ) ;
#4861 = CARTESIAN_POINT ( 'NONE',  ( 0.000000000000000000, 41.02506332365900477, 312.7991820443241977 ) ) ;
#4862 = CARTESIAN_POINT ( 'NONE',  ( -7.780257838363340284, 42.06765247251543371, 147.5832591458449770 ) ) ;
#4863 = B_SPLINE_SURFACE_WITH_KNOTS ( 'NONE', 3, 3, ( 
 ( #2326, #2360, #4110, #1263, #3551, #2430, #6267, #4039, #142, #1191, #3478, #7419, #5704, #5772, #3513, #5843, #6369, #4717, #6300, #2848, #2288, #1156, #2918, #5211, #6930, #2509, #4265, #1301, #3667, #1980, #5958, #6483, #4148, #1339, #5883, #5998, #3703, #3628, #4792, #853, #5360, #6559, #1860 ),
 ( #180, #3145, #737, #4302, #5435, #3588, #2469, #2623, #7001, #1416, #1379, #4872, #4755, #7041, #293, #6039, #2585, #815, #5470, #7081, #7119, #1900, #6522, #4186, #333, #891, #6441, #3181, #6596, #3030, #5323, #3107, #4225, #5919, #777, #7157, #3066, #217, #5396, #256, #1941, #2548, #2020 ),
 ( #4831, #1452, #3741, #1049, #7234, #5508, #6676, #5066, #4023, #1569, #2775, #6192, #2662, #931, #2212, #2137, #4384, #3299, #3337, #7349, #7311, #6715, #4424, #6752, #5629, #3462, #3260, #2176, #6076, #1174, #2098, #1530, #7193, #7272, #1608, #6789, #5549, #3858, #6316, #487, #3818, #972, #6116 ),
 ( #4501, #2060, #371, #5591, #4913, #413, #2703, #1740, #4992, #5756, #1013, #6153, #614, #4342, #6639, #1490, #452, #3779, #2740, #3221, #4952, #5030, #4464, #3896, #682, #6500, #5304, #3532, #4128, #7062, #1880, #4168, #7020, #6948, #2345, #1843, #122, #1282, #648, #1919, #3011, #2972, #6352 ),
 ( #2413, #5825, #5266, #4737, #3049, #3567, #161, #4093, #6423, #2379, #1807, #4697, #2902, #4661, #6984, #1210, #1320, #1359, #3607, #5862, #6461, #4204, #3646, #5937, #5196, #199, #2449, #6388, #719, #5901, #757, #1244, #3497, #5339, #2489, #4775, #53, #4627, #2937, #6914, #1774, #4059, #5791 ),
 ( #5231, #87, #2078, #5978, #4245, #5529, #5451, #273, #6617, #6655, #3238, #3199, #2604, #310, #2641, #1506, #6694, #6576, #5488, #1960, #4401, #3124, #2564, #3085, #3163, #4930, #2681, #1434, #4890, #7250, #3796, #4849, #4284, #5414, #7174, #4320, #951, #5378, #3684, #1469, #796, #3720, #6018 ),
 ( #391, #3760, #872, #1548, #4970, #237, #2528, #6056, #6093, #2039, #4811, #6539, #7098, #908, #350, #7212, #3837, #4362, #2116, #1397, #833, #7137, #2000, #2824, #4482, #4583, #5713, #3277, #5569, #4518, #1697, #3354, #992, #2156, #433, #3916, #5644, #6211, #2297, #1098, #6771, #7364, #2858 ),
 ( #5117, #1627, #5679, #2720, #504, #5609, #6733, #2262, #7290, #3418, #7396, #5010, #1588, #1731, #6133, #3387, #2791, #3981, #3877, #6174, #4550, #5154, #6838, #2230, #6872, #1066, #6245, #1030, #5086, #3316, #4443, #7, #469, #2756, #571, #5046, #7329, #6806, #1662, #2192, #3949, #6276, #539 ),
 ( #1133, #2371, #79, #3000, #673, #6308, #4653, #4050, #152, #2439, #6344, #4619, #5783, #4158, #3040, #2964, #1869, #5295, #1766, #43, #1310, #1237, #3488, #2405, #4727, #6452, #6414, #5815, #3522, #5854, #7011, #2479, #6940, #1273, #5186, #190, #1202, #638, #1165, #6378, #710, #5892, #1799 ),
 ( #3598, #2930, #4085, #5221, #5258, #114, #747, #3453, #6906, #4687, #4015, #6975, #1834, #5332, #4120, #4765, #3559, #7053, #5748, #605, #2894, #2336, #1498, #5443, #4235, #2672, #2069, #4960, #6531, #1910, #3638, #4842, #6607, #5929, #6008, #4312, #863, #1388, #6491, #3676, #786, #899, #6048 ),
 ( #5969, #2518, #5479, #3076, #6646, #3191, #5368, #4803, #4196, #1349, #1461, #3712, #7204, #7090, #1951, #341, #940, #2633, #3153, #382, #7129, #2030, #825, #1426, #3116, #228, #3230, #5405, #5519, #3787, #266, #2557, #302, #6568, #1990, #4275, #4921, #2594, #4882, #7166, #3750, #4352, #6085 ),
 ( #5111, #3308, #7282, #5706, #533, #2784, #4473, #3868, #2184, #2147, #5601, #3269, #461, #2749, #2223, #3829, #2817, #6832, #5079, #5672, #6764, #7389, #4511, #1619, #3381, #3908, #5638, #2107, #6203, #7358, #6164, #6800, #5001, #1059, #4543, #5039, #4393, #7322, #1023, #1655, #6269, #2254, #3346 ),
 ( #3943, #1691, #3975, #563, #6686, #498, #2850, #6238, #1092, #1125, #3412, #7242, #1539, #6124, #983, #5559, #423, #2712, #4435, #6725, #1579, #2398, #6443, #7003, #1228, #34, #5884, #5287, #739, #2328, #5145, #6865, #630, #4680, #1724, #1791, #107, #4078, #4611, #2290, #6898, #4007, #4111 ) ),
 .UNSPECIFIED., .F., .F., .F.,
 ( 4, 3, 3, 3, 4 ),
 ( 4, 3, 3, 3, 3, 3, 3, 3, 3, 3, 3, 3, 3, 3, 4 ),
 ( 0.000000000000000000, 0.01672817565553530450, 0.03345635131107060900, 0.05018452696660591350, 0.06691270262214132902 ),
 ( -0.0002452725887649631533, 5.004440563363983367E-05, 0.0003453614000322428206, 0.0009359953888294487946, 0.002117263366423860742, 0.004479799321612684855, 0.009204871231990333080, 0.01865501505274562780, 0.02810515887350092251, 0.03283023078387857507, 0.03755530269425622070, 0.07535587797727739956, 0.1509570285433197712, 0.2265581791093621289, 0.3021593296754044866 ),
 .UNSPECIFIED. ) ;
#4864 = CARTESIAN_POINT ( 'NONE',  ( -1.463589819017925731, -9.937233235580697155, 558.8774522703039338 ) ) ;
#4865 = EDGE_CURVE ( 'NONE', #6248, #5648, #4356, .T. ) ;
#4866 = B_SPLINE_SURFACE_WITH_KNOTS ( 'NONE', 3, 3, ( 
 ( #4602, #3436, #657, #1646, #5730, #6889, #588, #5662, #2876, #5170 ),
 ( #4502, #25, #5766, #2319, #1750, #622, #2910, #62, #5205, #2353 ),
 ( #6922, #1783, #4068, #6362, #3935, #1220, #3506, #523, #5799, #2948 ),
 ( #6229, #1085, #2809, #5102, #7380, #99, #2540, #5353, #4711, #173 ),
 ( #2461, #3580, #3544, #1332, #6474, #6435, #3097, #3618, #210, #6995 ),
 ( #769, #4748, #1854, #7033, #5278, #5875, #1256, #730, #3023, #2502 ),
 ( #4141, #5911, #3658, #248, #4786, #1891, #4180, #7074, #5949, #3695 ),
 ( #1932, #6398, #1408, #134, #1294, #2389, #3059, #4217, #7110, #5315 ),
 ( #6513, #1371, #808, #5388, #2985, #5990, #4822, #1971, #4671, #693 ),
 ( #5240, #4256, #6550, #845, #6958, #1817, #4104, #5837, #2423, #2730 ),
 ( #285, #4454, #1481, #1518, #2166, #6588, #2577, #921, #362, #2127 ),
 ( #5499, #7224, #2615, #4860, #4904, #2011, #4414, #7262, #7185, #7149 ),
 ( #2653, #3808, #3771, #6706, #1559, #5020, #1445, #2051, #6106, #5540 ),
 ( #4333, #963, #4943, #6630, #2089, #3173, #6068, #3733, #3211, #4374 ),
 ( #4294, #3849, #7302, #3251, #6144, #6667, #3290, #403, #2693, #1004 ),
 ( #4982, #5425, #5581, #443, #6743, #1599, #884, #3888, #6184, #3135 ),
 ( #6029, #5462, #323, #4061, #3327, #2239, #6816, #2869, #5163, #3465 ),
 ( #1776, #5621, #3959, #6916, #6254, #1674, #4493, #479, #5127, #581 ),
 ( #5722, #1176, #2767, #17, #5056, #2310, #5655, #1040, #7340, #1109 ),
 ( #1706, #6781, #3396, #7406, #515, #2203, #2800, #1637, #4593, #6882 ),
 ( #2835, #5095, #3927, #1742, #6222, #1077, #3364, #7374, #4527, #4025 ),
 ( #5688, #548, #6318, #5758, #6848, #3428, #2272, #4559, #3992, #6285 ),
 ( #1142, #616, #2904, #5198, #55, #4629, #2347, #7021, #5341, #5379 ),
 ( #3086, #1212, #3647, #6462, #5827, #1284, #7063, #3569, #4700, #4663 ),
 ( #163, #124, #4205, #3499, #3014, #5902, #200, #3608, #6501, #5793 ),
 ( #2939, #758, #3534, #7099, #650, #1845, #3050, #1881, #2381, #5864 ),
 ( #684, #5233, #2974, #89, #2490, #4776, #5268, #6950, #5305, #721 ),
 ( #6986, #1920, #1360, #5938, #1809, #2415, #797, #4130, #6425, #2450 ),
 ( #238, #4738, #1321, #4169, #2529, #4812, #1961, #6355, #4095, #6390 ),
 ( #1246, #2682, #434, #4971, #4931, #3239, #3279, #5570, #993, #6540 ),
 ( #4363, #3721, #6618, #7251, #1470, #2605, #2566, #351, #5489, #5452 ),
 ( #2642, #834, #4321, #2079, #4850, #6019, #4402, #2721, #909, #2117 ),
 ( #2001, #274, #1549, #3761, #873, #7213, #6695, #3838, #6656, #6057 ),
 ( #392, #3200, #1507, #1398, #3797, #6094, #3164, #952, #4285, #5530 ),
 ( #311, #3685, #6134, #5011, #5979, #7291, #3125, #4892, #7175, #4246 ),
 ( #5415, #7138, #6577, #1435, #2040, #606, #5087, #2792, #5610, #540 ),
 ( #3355, #1099, #1628, #6212, #4519, #2157, #3917, #1664, #470, #572 ),
 ( #2859, #2825, #1134, #1166, #3455, #6309, #4445, #6873, #2263, #1067 ),
 ( #5155, #6807, #505, #2757, #5680, #3388, #5645, #8, #5118, #4551 ),
 ( #7365, #7397, #3950, #2231, #6246, #2193, #6839, #5047, #1698, #3982 ),
 ( #6175, #2298, #1732, #6277, #4584, #3419, #4016, #5714, #5749, #2895 ),
 ( #5187, #6734, #3317, #1589, #4483, #3878, #1031, #7330, #6772, #1911 ),
 ( #639, #4086, #4728, #115, #191, #5222, #5930, #4766, #2480, #4620 ),
 ( #711, #44, #2965, #5259, #7054, #2406, #4197, #3560, #5816, #787 ),
 ( #6907, #1767, #1350, #674, #5855, #6492, #3489, #4051, #4689, #6976 ),
 ( #1835, #4121, #2372, #1274, #3639, #6453, #6415, #4159, #3001, #7012 ),
 ( #5296, #6941, #2931, #3599, #6345, #3077, #1203, #80, #4654, #1311 ),
 ( #153, #2440, #1870, #2337, #1800, #5893, #5784, #749, #3042, #6379 ) ),
 .UNSPECIFIED., .F., .F., .F.,
 ( 4, 3, 1, 1, 1, 1, 1, 1, 1, 1, 1, 1, 1, 1, 1, 1, 1, 1, 1, 1, 1, 1, 1, 1, 1, 3, 1, 1, 1, 1, 1, 1, 1, 1, 1, 1, 1, 1, 1, 1, 1, 4 ),
 ( 4, 3, 1, 1, 1, 4 ),
 ( 0.4847573055477913950, 0.4990857812012456374, 0.5032524761466716789, 0.5074191710920973319, 0.5115858660375233180, 0.5157525609829490820, 0.5199192559283750681, 0.5240859508738008321, 0.5324193407646525822, 0.5407527306555042212, 0.5490861205463560824, 0.5574195104372077214, 0.5657529003280594715, 0.5740862902189111105, 0.5824196801097627496, 0.5990864598914662498, 0.6157532396731697499, 0.6324200194548732501, 0.6490867992365765282, 0.6657535790182800284, 0.6824203587999835285, 0.6990871385816868067, 0.7157539183633904178, 0.7324206981450935849, 0.7490874779267970851, 0.7657542577085005853, 0.7934811804762516019, 0.8212081032440026185, 0.8350715646278780158, 0.8489350260117537461, 0.8627984873956292544, 0.8766619487795048737, 0.8905254101633801600, 0.9043888715472557793, 0.9182523329311313987, 0.9321157943150069070, 0.9459792556988821932, 0.9598427170827579236, 0.9737061784666334319, 0.9806379091585710750, 0.9841037745045400076, 0.9875696398505088291 ),
 ( -0.01000000000000000021, 0.000000000000000000, 0.03502224838491098391, 0.09383257832149248523, 0.1938325783214923659, 1.000000000000000000 ),
 .UNSPECIFIED. ) ;
#4867 = CARTESIAN_POINT ( 'NONE',  ( 0.3469847325100286484, 37.90388448823190259, 85.17427435087678589 ) ) ;
#4868 = ORIENTED_EDGE ( 'NONE', *, *, #2457, .T. ) ;
#4869 = CARTESIAN_POINT ( 'NONE',  ( 3.807133869624655276, 43.61696674517704508, 215.6086066506848340 ) ) ;
#4870 = VECTOR ( 'NONE', #3493, 1000.000000000000000 ) ;
#4871 = CARTESIAN_POINT ( 'NONE',  ( 0.2449326627713046545, 37.62074549420771774, 83.36050469471820179 ) ) ;
#4872 = CARTESIAN_POINT ( 'NONE',  ( 0.04703255655581458500, 41.26354604939194815, 117.1724505665605420 ) ) ;
#4873 = CYLINDRICAL_SURFACE ( 'NONE', #6450, 2.000000000000001776 ) ;
#4874 = CARTESIAN_POINT ( 'NONE',  ( -7.800511523327510648E-28, 139.2235650228607540, 149.4838691362629106 ) ) ;
#4875 = CARTESIAN_POINT ( 'NONE',  ( -4.378806316647787078, 43.81609826471986224, 192.9471836099818347 ) ) ;
#4876 = CARTESIAN_POINT ( 'NONE',  ( -0.4745308580082530092, 42.53815482386927016, 298.1606671052002184 ) ) ;
#4877 = EDGE_CURVE ( 'NONE', #1009, #6346, #2919, .T. ) ;
#4878 = EDGE_LOOP ( 'NONE', ( #2797, #7027, #4655, #542, #5905, #4895, #3178, #7254, #2831, #2553, #169 ) ) ;
#4879 = CARTESIAN_POINT ( 'NONE',  ( 4.785538338426597704, 43.07519241174679792, 158.0307349675970556 ) ) ;
#4880 = CARTESIAN_POINT ( 'NONE',  ( -0.2520356472375641088, 41.90211517788654305, 125.5908071079974206 ) ) ;
#4881 = CARTESIAN_POINT ( 'NONE',  ( 1.404199679686745306, 45.94742635001971109, 130.5641109568593379 ) ) ;
#4882 = CARTESIAN_POINT ( 'NONE',  ( -38.03069391491183637, 24.77660562149077350, 75.19034220934000246 ) ) ;
#4883 = CARTESIAN_POINT ( 'NONE',  ( -2.397391548478544632, 46.76367550659691830, 182.5368219173348905 ) ) ;
#4884 = CARTESIAN_POINT ( 'NONE',  ( -35.62511535099858406, -12.77791609919348659, 499.3972652287001210 ) ) ;
#4885 = DIRECTION ( 'NONE',  ( -5.602867245962735462E-30, -1.000000000000000000, -1.644517855226013126E-15 ) ) ;
#4886 = CARTESIAN_POINT ( 'NONE',  ( -11.54106037115949945, 18.89842486944788291, 438.8770723758824488 ) ) ;
#4887 = DIRECTION ( 'NONE',  ( -0.1010610922357800118, -0.9948802217534084003, 0.000000000000000000 ) ) ;
#4888 = CARTESIAN_POINT ( 'NONE',  ( -0.7611924604533036876, 44.06123231117148009, 181.1955549839103981 ) ) ;
#4889 = CARTESIAN_POINT ( 'NONE',  ( -0.000000000000000000, 47.49761717267276850, 180.9413346398615658 ) ) ;
#4890 = CARTESIAN_POINT ( 'NONE',  ( -7.313546774439648068, 36.70278434050326410, 85.84006243919023404 ) ) ;
#4891 = B_SPLINE_CURVE_WITH_KNOTS ( 'NONE', 3,
 ( #1399, #6987, #3686, #4096, #6391 ),
 .UNSPECIFIED., .F., .F.,
 ( 4, 1, 4 ),
 ( 0.2762526376195675870, 0.2806042649320384386, 0.2895844503862237129 ),
 .UNSPECIFIED. ) ;
#4892 = CARTESIAN_POINT ( 'NONE',  ( 40.64279130071612656, 19.78146202829371347, 391.0697883059202695 ) ) ;
#4893 = CARTESIAN_POINT ( 'NONE',  ( 36.78584314008726608, 35.79165844194601931, 125.0000000000001421 ) ) ;
#4894 = CARTESIAN_POINT ( 'NONE',  ( 0.000000000000000000, 16.05780648225944418, -18.97418335886999685 ) ) ;
#4895 = ORIENTED_EDGE ( 'NONE', *, *, #2312, .F. ) ;
#4896 = PLANE ( 'NONE',  #1477 ) ;
#4897 = CARTESIAN_POINT ( 'NONE',  ( -80.59194385665391280, 16.18280436951648937, 103.7926928775323461 ) ) ;
#4898 = ORIENTED_EDGE ( 'NONE', *, *, #5321, .F. ) ;
#4899 = CARTESIAN_POINT ( 'NONE',  ( 48.63220586041015991, 28.68009341932308942, 167.7720502630456565 ) ) ;
#4900 = B_SPLINE_CURVE_WITH_KNOTS ( 'NONE', 3,
 ( #5721, #5757, #4526, #2271 ),
 .UNSPECIFIED., .F., .F.,
 ( 4, 4 ),
 ( 0.000000000000000000, 0.0005455854989853058893 ),
 .UNSPECIFIED. ) ;
#4901 = CARTESIAN_POINT ( 'NONE',  ( 0.3623906312667166674, 47.54297851277409137, 200.6868054689273322 ) ) ;
#4902 = CARTESIAN_POINT ( 'NONE',  ( 4.731092703270090460, 41.27836886158192442, 126.8615427394348671 ) ) ;
#4903 = VECTOR ( 'NONE', #219, 1000.000000000000000 ) ;
#4904 = CARTESIAN_POINT ( 'NONE',  ( 3.238742170394931286, 15.77724942527549956, -19.15744003631981229 ) ) ;
#4905 = CARTESIAN_POINT ( 'NONE',  ( -1.649437573462356754, 40.21924920216152088, 320.0000000000000568 ) ) ;
#4906 = CARTESIAN_POINT ( 'NONE',  ( -48.83819605654281304, 29.41378870812951973, 190.6179941863007627 ) ) ;
#4907 = CARTESIAN_POINT ( 'NONE',  ( -5.667666856667974429E-14, 41.82782143490219084, 124.9999999999999858 ) ) ;
#4908 = CARTESIAN_POINT ( 'NONE',  ( 6.155880834873327601, 37.15301528140778942, 87.04221326990105467 ) ) ;
#4909 = ORIENTED_EDGE ( 'NONE', *, *, #4330, .T. ) ;
#4910 = CARTESIAN_POINT ( 'NONE',  ( 37.58219990811589639, 38.83140329782971634, 207.6933875769951783 ) ) ;
#4911 = EDGE_CURVE ( 'NONE', #5439, #6508, #7207, .T. ) ;
#4912 = CARTESIAN_POINT ( 'NONE',  ( 6.730330322765430751, 35.55932834507943596, 77.08916328117069838 ) ) ;
#4913 = CARTESIAN_POINT ( 'NONE',  ( 0.3757273678593626154, 39.65471273166549082, 100.2700497678713845 ) ) ;
#4914 = CARTESIAN_POINT ( 'NONE',  ( 0.1666867805366263056, 44.12206846483587697, 181.1826763077941109 ) ) ;
#4915 = CARTESIAN_POINT ( 'NONE',  ( -7.693508144338995436, 42.02843058305142421, 146.5845220072972381 ) ) ;
#4916 = CARTESIAN_POINT ( 'NONE',  ( -15.06567636022086099, 42.24020912773436720, 209.5765997262299152 ) ) ;
#4917 = CARTESIAN_POINT ( 'NONE',  ( 13.42993013484968756, 41.72605030748574251, 299.6411483311551933 ) ) ;
#4918 = CARTESIAN_POINT ( 'NONE',  ( -0.02967836789300525371, 43.99068837866359871, 168.4639404125276769 ) ) ;
#4919 = CARTESIAN_POINT ( 'NONE',  ( 0.7000025682600721222, 30.46338538673073870, 41.35802459501932304 ) ) ;
#4920 = CARTESIAN_POINT ( 'NONE',  ( -2.613339197210340359, 43.38578146962264270, 105.1797038346670092 ) ) ;
#4921 = CARTESIAN_POINT ( 'NONE',  ( -30.77493776041199425, 26.17505968554926454, 64.44558712145278889 ) ) ;
#4922 = PLANE ( 'NONE',  #348 ) ;
#4923 = CARTESIAN_POINT ( 'NONE',  ( 1.143171021350197769, 46.95842436748052506, 200.0809535884991419 ) ) ;
#4924 = CARTESIAN_POINT ( 'NONE',  ( 39.63749387989575013, 22.54875733015133932, 69.18754356468517130 ) ) ;
#4925 = CARTESIAN_POINT ( 'NONE',  ( 0.000000000000000000, 6.729893735435778623, 500.8079739285071810 ) ) ;
#4926 = CARTESIAN_POINT ( 'NONE',  ( -1.619568317908953029E-13, 45.39762464529094643, 126.8485113024973003 ) ) ;
#4927 = CARTESIAN_POINT ( 'NONE',  ( 3.211948935988307517E-14, 35.64388425998506449, 69.69501662924155028 ) ) ;
#4928 = EDGE_CURVE ( 'NONE', #753, #5439, #3157, .T. ) ;
#4929 = DIRECTION ( 'NONE',  ( 1.000000000000000000, 0.000000000000000000, -3.934968648599341538E-15 ) ) ;
#4930 = CARTESIAN_POINT ( 'NONE',  ( -6.264026712917557305, 36.84479526556931006, 85.28792695635668508 ) ) ;
#4931 = CARTESIAN_POINT ( 'NONE',  ( 1.649437573462356754, 40.21924920216152088, 320.0000000000000568 ) ) ;
#4932 = CARTESIAN_POINT ( 'NONE',  ( -0.1361503627587770382, 47.06067291664326291, 200.1826763077940257 ) ) ;
#4933 = CARTESIAN_POINT ( 'NONE',  ( 54.00102207192544768, 15.29528807115969968, 241.2492155879526479 ) ) ;
#4934 = ORIENTED_EDGE ( 'NONE', *, *, #6207, .T. ) ;
#4935 = CARTESIAN_POINT ( 'NONE',  ( -40.41223414838394490, 28.91638315097079825, 111.1791181589831581 ) ) ;
#4936 = B_SPLINE_SURFACE_WITH_KNOTS ( 'NONE', 3, 3, ( 
 ( #567, #1162, #1796, #3415, #3978, #6869, #3485, #3450, #5744, #4684, #602, #812, #1375, #2333, #5183, #6972, #4650, #1763, #40, #5710, #2854, #76, #5218, #4616, #6902, #5780, #253, #4047, #6375, #6341, #3662, #2927, #5151, #2367, #5954, #3103, #2544, #5466, #1449, #289 ),
 ( #7229, #2015, #6111, #3775, #5586, #888, #2131, #3294, #408, #3737, #4867, #6710, #4987, #7189, #3177, #5544, #366, #2056, #6034, #4338, #4908, #6148, #1412, #4418, #6072, #7153, #925, #328, #447, #2581, #4298, #5994, #1008, #6592, #6671, #2619, #6634, #967, #3813, #7267 ),
 ( #1486, #5430, #3255, #3216, #4826, #1564, #5503, #2657, #2698, #4947, #2093, #4379, #3699, #6554, #1522, #3853, #7115, #1976, #4260, #849, #3141, #2171, #5024, #4459, #7306, #2735, #6747, #319, #282, #4818, #3132, #6547, #5385, #1926, #4213, #1367, #4371, #4329, #7106, #6584 ),
 ( #959, #5495, #1404, #2535, #6663, #2649, #4857, #5986, #3208, #5459, #7146, #3691, #2008, #2573, #3805, #6509, #2086, #3730, #1967, #6026, #5422, #3247, #244, #4252, #3654, #6101, #842, #6626, #1514, #4291, #881, #4782, #1442, #7220, #7070, #3171, #2612, #5537, #4899, #359 ),
 ( #803, #7182, #918, #2047, #1478, #5945, #3093, #3768, #2498, #6064, #4939, #949, #3875, #6171, #3385, #1028, #1096, #4479, #6731, #6836, #537, #5527, #388, #2754, #3313, #5607, #2679, #4399, #4968, #466, #5044, #7362, #7327, #2190, #3274, #1586, #6692, #2113, #6769, #3236 ),
 ( #7288, #5083, #5007, #6131, #5115, #1064, #1624, #7393, #1546, #3913, #2154, #7248, #2228, #5676, #3351, #6209, #5642, #2260, #6243, #4441, #3835, #502, #2789, #2822, #4515, #4548, #6804, #1660, #1695, #3979, #990, #5567, #3947, #431, #2718, #5711, #2295, #3416, #4048, #3486 ),
 ( #4581, #1199, #4617, #5152, #2997, #1729, #4013, #2403, #5256, #1270, #568, #5219, #5781, #4651, #6870, #77, #6306, #3556, #1163, #603, #112, #5184, #3451, #6376, #1131, #2928, #2334, #2962, #4685, #5850, #5745, #2892, #636, #6274, #6904, #6973, #1831, #2855, #2369, #7008 ),
 ( #671, #41, #4117, #4083, #1235, #1764, #6411, #6938, #1866, #6342, #707, #4724, #5292, #1797, #3520, #149, #2436, #5813, #5, #4879, #7126, #1385, #783, #6528, #4232, #5475, #743, #3747, #5402, #6488, #263, #7087, #2630, #7049, #1345, #5329, #338, #4193, #6005, #6045 ),
 ( #3595, #6448, #4762, #5966, #3635, #1907, #299, #5926, #4918, #896, #1947, #3073, #3150, #1987, #3673, #5365, #3037, #5889, #4838, #2554, #4800, #2515, #822, #7200, #3113, #4272, #225, #3709, #6565, #187, #1423, #860, #5440, #2591, #7163, #2027, #4309, #2476, #6603, #1458 ),
 ( #3187, #4155, #1307, #6796, #529, #5075, #6120, #2103, #3939, #2218, #4431, #5555, #2780, #5035, #6721, #979, #1575, #2142, #3376, #6081, #1651, #3304, #4389, #5597, #4997, #2813, #4956, #6680, #3226, #5668, #1535, #3904, #6234, #3864, #457, #4349, #1019, #1089, #6644, #3825 ),
 ( #5107, #2180, #6159, #2066, #5515, #419, #3265, #1496, #1055, #4507, #4469, #7278, #2745, #3784, #7354, #2708, #936, #7317, #6760, #377, #1614, #2667, #6199, #3342, #7238, #5634, #493, #4538, #1754, #5174, #30, #6828, #3408, #1686, #2323, #4607, #6366, #6894, #4037, #2285 ),
 ( #1121, #6860, #2250, #1719, #6330, #5841, #626, #5244, #3971, #1188, #4572, #3476, #5804, #4641, #2915, #6264, #559, #5770, #6962, #5209, #1821, #5702, #2880, #699, #66, #592, #2846, #5140, #2358, #6928, #1224, #1787, #103, #4003, #4072, #6402, #3511, #6298, #2989, #7417 ),
 ( #661, #2953, #2394, #1154, #5734, #3442, #4676, #4108, #1261, #3549, #7385, #5881, #7079, #4753, #735, #1414, #7039, #6594, #4869, #774, #3028, #4262, #3105, #215, #2467, #1858, #6999, #5956, #3664, #5917, #3625, #1939, #3739, #3064, #5394, #178, #4829, #5320, #4146, #1337 ) ),
 .UNSPECIFIED., .F., .F., .F.,
 ( 4, 3, 3, 3, 4 ),
 ( 4, 3, 3, 3, 3, 3, 3, 3, 3, 3, 3, 3, 3, 4 ),
 ( 0.5944187157460322224, 0.6180907809368711980, 0.6417628461277102847, 0.6654349113185493714, 0.6891069765093884580 ),
 ( -0.0009393371014814794109, -0.0001295457328737930724, 0.0006802456357338932660, 0.002299828372949265943, 0.005538993847380011513, 0.01201732479624150265, 0.02497398669396448320, 0.03145231764282597348, 0.03793064859168746722, 0.05088731048941044777, 0.1027139580803023700, 0.2063672532620862143, 0.3100205484438700587, 0.4136738436256539031 ),
 .UNSPECIFIED. ) ;
#4937 = CARTESIAN_POINT ( 'NONE',  ( -77.40947463289504071, 21.01930611802427151, 121.3389839466043583 ) ) ;
#4938 = ORIENTED_EDGE ( 'NONE', *, *, #468, .T. ) ;
#4939 = CARTESIAN_POINT ( 'NONE',  ( 0.2957224181632767679, 41.58691883686582003, 121.0759573303801062 ) ) ;
#4940 = EDGE_CURVE ( 'NONE', #5955, #7141, #2434, .T. ) ;
#4941 = CARTESIAN_POINT ( 'NONE',  ( 39.63749387989575013, 26.52228091262966103, 69.18754356468517130 ) ) ;
#4942 = CARTESIAN_POINT ( 'NONE',  ( 7.500000000000000000, 29.59506050207342653, 44.25806788755794940 ) ) ;
#4943 = CARTESIAN_POINT ( 'NONE',  ( -0.8988173065986810872, 24.74562245569138952, 4.905429404791115111 ) ) ;
#4944 = CARTESIAN_POINT ( 'NONE',  ( 1.412905495387613675, 38.87119500223062829, 332.0564048275492723 ) ) ;
#4945 = CARTESIAN_POINT ( 'NONE',  ( 0.4362464296792029628, 41.67620044997900663, 121.0530343532979032 ) ) ;
#4946 = CARTESIAN_POINT ( 'NONE',  ( -1.463168471159988160, -9.541087452738985064, 557.6191052689168828 ) ) ;
#4947 = CARTESIAN_POINT ( 'NONE',  ( 0.09150639582865850719, 39.35563637558428240, 97.15064713627788251 ) ) ;
#4948 = EDGE_LOOP ( 'NONE', ( #2004, #2827, #3323, #3738 ) ) ;
#4949 = CARTESIAN_POINT ( 'NONE',  ( -3.053916214060481416, 47.30889280027515298, 188.1795687872682095 ) ) ;
#4950 = CARTESIAN_POINT ( 'NONE',  ( 6.569751387609480631, 43.37686762934460916, 213.8493119347569404 ) ) ;
#4951 = CARTESIAN_POINT ( 'NONE',  ( 0.9732313603728769413, 36.29823811336532202, 74.97290305129530452 ) ) ;
#4952 = CARTESIAN_POINT ( 'NONE',  ( -2.964583211403237772, 39.23321675355403926, 100.8012967554157200 ) ) ;
#4953 = CARTESIAN_POINT ( 'NONE',  ( 45.70542344736742280, 27.26287060384419192, 124.9999999999999574 ) ) ;
#4954 = CARTESIAN_POINT ( 'NONE',  ( 0.4100846880952829787, 44.16721329014979602, 180.0797820928285944 ) ) ;
#4955 = CARTESIAN_POINT ( 'NONE',  ( 1.649437573462356754, 40.21924920216152088, 320.0000000000000568 ) ) ;
#4956 = CARTESIAN_POINT ( 'NONE',  ( 7.787134607583355184, 43.22614015958227895, 182.7919664671222506 ) ) ;
#4957 = CARTESIAN_POINT ( 'NONE',  ( -0.3382352574558729619, 30.58845482834778551, 41.35614189644739014 ) ) ;
#4958 = CARTESIAN_POINT ( 'NONE',  ( -150.0000000000002558, -4.444873476189596495, 435.7468521578524019 ) ) ;
#4959 = CARTESIAN_POINT ( 'NONE',  ( -0.000000000000000000, 45.61722471312589988, 130.0029472031720275 ) ) ;
#4960 = CARTESIAN_POINT ( 'NONE',  ( -7.432958874468444499, 31.25254133692337177, 52.26349050658994599 ) ) ;
#4961 = CARTESIAN_POINT ( 'NONE',  ( -1.208490514060175158, 47.42816515780790354, 180.7427399223837767 ) ) ;
#4962 = CARTESIAN_POINT ( 'NONE',  ( -5.551620045011594229, 43.62261684655886995, 188.3445628332226249 ) ) ;
#4963 = CARTESIAN_POINT ( 'NONE',  ( 39.63749387989575013, 22.54875733015133932, 69.18754356468517130 ) ) ;
#4964 = AXIS2_PLACEMENT_3D ( 'NONE', #4809, #5486, #5375 ) ;
#4965 = CARTESIAN_POINT ( 'NONE',  ( -0.000000000000000000, 35.46820873601736679, 48.51046586042311759 ) ) ;
#4966 = EDGE_CURVE ( 'NONE', #3688, #1269, #1582, .T. ) ;
#4967 = CARTESIAN_POINT ( 'NONE',  ( 8.370207702390798588, 41.93496754127040305, 146.9727343978884733 ) ) ;
#4968 = CARTESIAN_POINT ( 'NONE',  ( 13.21674023688059663, 39.80485227276081872, 126.8501373667171350 ) ) ;
#4969 = CARTESIAN_POINT ( 'NONE',  ( -28.66915185648158726, -24.29590384187719465, -55.07514469556929271 ) ) ;
#4970 = CARTESIAN_POINT ( 'NONE',  ( 0.3604370810144286175, 36.46558776237690580, 74.92788799704433700 ) ) ;
#4971 = CARTESIAN_POINT ( 'NONE',  ( 0.000000000000000000, 40.21921743771114421, 320.0002838484802510 ) ) ;
#4972 = FACE_OUTER_BOUND ( 'NONE', #4948, .T. ) ;
#4973 = CARTESIAN_POINT ( 'NONE',  ( 3.147860296435570415, 24.32371408104542709, 4.633680387658797528 ) ) ;
#4974 = VERTEX_POINT ( 'NONE', #4924 ) ;
#4975 = CARTESIAN_POINT ( 'NONE',  ( 2.553569696294397229, 41.75449789290553326, 153.4838691362627117 ) ) ;
#4976 = CARTESIAN_POINT ( 'NONE',  ( -149.9999999999993463, 17.13590603533871715, 269.4952211729575993 ) ) ;
#4977 = ORIENTED_EDGE ( 'NONE', *, *, #1493, .F. ) ;
#4978 = CARTESIAN_POINT ( 'NONE',  ( 2.204993609041728586, 47.32791781927725339, 181.2921121689172992 ) ) ;
#4979 = B_SPLINE_CURVE_WITH_KNOTS ( 'NONE', 3,
 ( #6325, #6856, #1715, #2245 ),
 .UNSPECIFIED., .F., .F.,
 ( 4, 4 ),
 ( 1.666779512946624722E-16, 0.004003820430720698639 ),
 .UNSPECIFIED. ) ;
#4980 = CARTESIAN_POINT ( 'NONE',  ( 2.553569696294413216, 42.94769121779684440, 149.4838691362627117 ) ) ;
#4981 = CARTESIAN_POINT ( 'NONE',  ( 45.70542344819851621, 31.29850771630850303, 125.0000000100452127 ) ) ;
#4982 = CARTESIAN_POINT ( 'NONE',  ( -2.600022395107888684, 31.67003230040083039, 29.63291989188160258 ) ) ;
#4983 = CARTESIAN_POINT ( 'NONE',  ( 1.412905495387613675, 41.02947630906889032, 312.7536838202627791 ) ) ;
#4984 = CARTESIAN_POINT ( 'NONE',  ( -6.108377733402888587, 40.83959000322384014, 122.9615167295628737 ) ) ;
#4985 = CARTESIAN_POINT ( 'NONE',  ( -86.87707805841237985, -10.34748271511437778, 49.68820832564044565 ) ) ;
#4986 = B_SPLINE_CURVE_WITH_KNOTS ( 'NONE', 3,
 ( #1816, #2388, #5835, #6549, #6994, #3096, #1970, #6434, #7073, #4179, #3058, #5277, #3578, #4102, #6397, #133 ),
 .UNSPECIFIED., .F., .F.,
 ( 4, 2, 2, 2, 2, 2, 2, 4 ),
 ( 0.000000000000000000, 0.0004899098098162260823, 0.0009798196196324521646, 0.001469729429448678138, 0.001959639239264904329, 0.002449549049081130303, 0.002939458858897356277, 0.003919278478529809526 ),
 .UNSPECIFIED. ) ;
#4987 = CARTESIAN_POINT ( 'NONE',  ( 0.8290169752103649925, 37.84298476603922978, 85.21770387319460838 ) ) ;
#4988 = ORIENTED_EDGE ( 'NONE', *, *, #2144, .F. ) ;
#4989 = CARTESIAN_POINT ( 'NONE',  ( 34.43323539317101023, 40.15263963739123199, 209.8900017604838979 ) ) ;
#4990 = FACE_OUTER_BOUND ( 'NONE', #1104, .T. ) ;
#4991 = CARTESIAN_POINT ( 'NONE',  ( 5.207458288353442377, 36.98554998661915505, 84.76286798087313912 ) ) ;
#4992 = CARTESIAN_POINT ( 'NONE',  ( 0.2480995423714233705, 39.63879609378687974, 100.2678006272738429 ) ) ;
#4993 = CARTESIAN_POINT ( 'NONE',  ( -46.51162159878663260, 27.77657892663802031, 134.7441944229847479 ) ) ;
#4994 = CARTESIAN_POINT ( 'NONE',  ( -9.000029384791126574, 41.87836241749970156, 147.9549735051993196 ) ) ;
#4995 = CARTESIAN_POINT ( 'NONE',  ( -31.23488164949859325, 37.85472462334795551, 201.4445830253152110 ) ) ;
#4996 = CARTESIAN_POINT ( 'NONE',  ( 48.66052223538312660, 20.01856953383997606, 283.3055368768748394 ) ) ;
#4997 = CARTESIAN_POINT ( 'NONE',  ( 6.353743552025196806, 43.41211550861151380, 182.1390727808837653 ) ) ;
#4998 = CARTESIAN_POINT ( 'NONE',  ( 35.17471693010209322, 23.76099389011590546, 62.14366201845589899 ) ) ;
#4999 = CARTESIAN_POINT ( 'NONE',  ( -2.463040405063526617, 2.764101418705058322, 515.2409785199594126 ) ) ;
#5000 = CARTESIAN_POINT ( 'NONE',  ( 0.000000000000000000, 45.90250822346972370, 134.4974448235745683 ) ) ;
#5001 = CARTESIAN_POINT ( 'NONE',  ( -14.68965999846285087, 26.94142216832943504, 40.24685839198463810 ) ) ;
#5002 = CARTESIAN_POINT ( 'NONE',  ( -5.551690055571852689, 139.2235650228606687, 206.4838691362629675 ) ) ;
#5003 = CARTESIAN_POINT ( 'NONE',  ( 2.195384728526888374, -9.905849853371190505, 558.8450598447288939 ) ) ;
#5004 = CARTESIAN_POINT ( 'NONE',  ( -2.416530473154318357E-28, 43.13024683737754117, 146.4838691362627401 ) ) ;
#5005 = CARTESIAN_POINT ( 'NONE',  ( -37.58219990811589639, 38.83140329782971634, 207.6933875769951783 ) ) ;
#5006 = CARTESIAN_POINT ( 'NONE',  ( -40.88348003911853823, 27.65280031201938371, 78.43388540098395367 ) ) ;
#5007 = CARTESIAN_POINT ( 'NONE',  ( -0.4857390875489532300, 42.51638375267831549, 132.9781156912349900 ) ) ;
#5008 = CARTESIAN_POINT ( 'NONE',  ( -28.53909880752624773, -10.68040278824253164, -41.02084576645206937 ) ) ;
#5009 = EDGE_CURVE ( 'NONE', #6971, #4974, #6495, .T. ) ;
#5010 = CARTESIAN_POINT ( 'NONE',  ( -0.005627750411497902533, 35.18833272246298804, 66.48137210536617658 ) ) ;
#5011 = CARTESIAN_POINT ( 'NONE',  ( 0.000000000000000000, 25.90249749234719445, 415.3909803479844527 ) ) ;
#5012 = CARTESIAN_POINT ( 'NONE',  ( -5.551620045011602222, 139.2235650228606687, 205.7838691362629504 ) ) ;
#5013 = CARTESIAN_POINT ( 'NONE',  ( 0.000000000000000000, 20.62319512748768346, -7.191526245911063597 ) ) ;
#5014 = ORIENTED_EDGE ( 'NONE', *, *, #4476, .T. ) ;
#5015 = DIRECTION ( 'NONE',  ( 0.000000000000000000, -0.9999425524501721618, 0.01071875923019937650 ) ) ;
#5016 = CARTESIAN_POINT ( 'NONE',  ( 1.625096845062358186, 47.14373364252509901, 228.9144459501762299 ) ) ;
#5017 = ORIENTED_EDGE ( 'NONE', *, *, #1044, .T. ) ;
#5018 = CARTESIAN_POINT ( 'NONE',  ( -7.500000000000000000, 26.89192133595479817, 23.34162837863043549 ) ) ;
#5019 = CARTESIAN_POINT ( 'NONE',  ( 4.088612771992254480, 41.36204181484618658, 126.5884097517636349 ) ) ;
#5020 = CARTESIAN_POINT ( 'NONE',  ( 11.95892245156395362, 19.47318974129438018, -2.636757449170115120 ) ) ;
#5021 = CARTESIAN_POINT ( 'NONE',  ( 0.000000000000000000, 25.90249749234719445, 415.3909803479844527 ) ) ;
#5022 = CARTESIAN_POINT ( 'NONE',  ( -0.08109546467529460401, 40.48503173922232179, 109.1074138659498658 ) ) ;
#5023 = CARTESIAN_POINT ( 'NONE',  ( 2.828850581790790741, 5.001803398302538284, -41.24894196002799873 ) ) ;
#5024 = CARTESIAN_POINT ( 'NONE',  ( 6.925542700133306973, 38.46452553934563667, 99.43305805756277493 ) ) ;
#5025 = ORIENTED_EDGE ( 'NONE', *, *, #5898, .F. ) ;
#5026 = CARTESIAN_POINT ( 'NONE',  ( -2.500000000000236255, 46.82843538562781305, 193.1825531202092634 ) ) ;
#5027 = CARTESIAN_POINT ( 'NONE',  ( 0.000000000000000000, 0.000000000000000000, 0.000000000000000000 ) ) ;
#5028 = CARTESIAN_POINT ( 'NONE',  ( 25.16540310328114316, 32.66284238778568749, 90.74239323484829356 ) ) ;
#5029 = ADVANCED_FACE ( 'NONE', ( #5603 ), #763, .T. ) ;
#5030 = CARTESIAN_POINT ( 'NONE',  ( -3.650003668607388452, 39.14427374670867721, 101.0570929688916948 ) ) ;
#5031 = DIRECTION ( 'NONE',  ( 5.602867245962735462E-30, -1.000000000000000000, -1.644517855226013126E-15 ) ) ;
#5032 = DIRECTION ( 'NONE',  ( 0.000000000000000000, -1.000000000000000000, 0.000000000000000000 ) ) ;
#5033 = CARTESIAN_POINT ( 'NONE',  ( 0.1137951467289083918, 44.13796520076671470, 180.1037678999274192 ) ) ;
#5034 = CARTESIAN_POINT ( 'NONE',  ( -1.005968528606214107, 32.03284778517833331, 380.7173133528380049 ) ) ;
#5035 = CARTESIAN_POINT ( 'NONE',  ( 1.061919310678087980, 44.01897641577578923, 180.2724194472956185 ) ) ;
#5036 = CARTESIAN_POINT ( 'NONE',  ( 7.921529315462088938, 29.59460504168593786, 44.18733884203113149 ) ) ;
#5037 = CARTESIAN_POINT ( 'NONE',  ( -9.623729406347049320, -10.66680710752643968, 548.6596272280612538 ) ) ;
#5038 = CARTESIAN_POINT ( 'NONE',  ( 37.69163212714860123, 25.93631114326368348, 61.13527913692208671 ) ) ;
#5039 = CARTESIAN_POINT ( 'NONE',  ( -27.23242968622813009, 25.13171210693298363, 51.52317394112624527 ) ) ;
#5040 = CARTESIAN_POINT ( 'NONE',  ( 0.5439175272602607691, 47.53121151971311065, 200.1826763077942530 ) ) ;
#5041 = PLANE ( 'NONE',  #6036 ) ;
#5042 = CARTESIAN_POINT ( 'NONE',  ( -37.96258401447950348, 38.66608966650863266, 207.3936314200761331 ) ) ;
#5043 = CARTESIAN_POINT ( 'NONE',  ( -43.53165450598582709, 29.74745139010408934, 101.6651590913105423 ) ) ;
#5044 = CARTESIAN_POINT ( 'NONE',  ( 18.93729391776187754, 38.78081611922112160, 131.1076200364044553 ) ) ;
#5045 = CARTESIAN_POINT ( 'NONE',  ( -0.000000000000000000, -14.90059978858783118, -66.09690123838019815 ) ) ;
#5046 = CARTESIAN_POINT ( 'NONE',  ( -25.61439321164690242, 31.42418452871539714, 82.83241029797177646 ) ) ;
#5047 = CARTESIAN_POINT ( 'NONE',  ( 37.43434600815625402, 3.497723437920143397, 446.0507749091595429 ) ) ;
#5048 = CARTESIAN_POINT ( 'NONE',  ( -3.127313339537191261, 43.68385505107443834, 215.3779757023003469 ) ) ;
#5049 = CARTESIAN_POINT ( 'NONE',  ( 0.000000000000000000, 37.42084218078985458, 58.72214691171561185 ) ) ;
#5050 = ORIENTED_EDGE ( 'NONE', *, *, #841, .T. ) ;
#5051 = CARTESIAN_POINT ( 'NONE',  ( -1.727095457449282501, 46.84234435031120114, 181.5819791452752270 ) ) ;
#5052 = CARTESIAN_POINT ( 'NONE',  ( -6.403712080581203558, 45.57724494206407684, 254.1058661924230933 ) ) ;
#5053 = VERTEX_POINT ( 'NONE', #1621 ) ;
#5054 = CARTESIAN_POINT ( 'NONE',  ( 1.428715024927657895, 47.41285217024158527, 181.4060220343618539 ) ) ;
#5055 = CARTESIAN_POINT ( 'NONE',  ( 45.70542344736742280, 27.26287060384419192, 124.9999999999999574 ) ) ;
#5056 = CARTESIAN_POINT ( 'NONE',  ( 2.764266699687509821, 40.40007119318590156, 79.70911587689846556 ) ) ;
#5057 = CARTESIAN_POINT ( 'NONE',  ( 1.649037557037112522, 25.94552207819153722, 415.5304132493203042 ) ) ;
#5058 = CARTESIAN_POINT ( 'NONE',  ( -9.109856736108413955, 40.41758515321652112, 124.5158651924874675 ) ) ;
#5059 = B_SPLINE_CURVE_WITH_KNOTS ( 'NONE', 3,
 ( #6524, #1943, #6000, #2062 ),
 .UNSPECIFIED., .F., .F.,
 ( 4, 4 ),
 ( 0.000000000000000000, 0.0005025131030855397836 ),
 .UNSPECIFIED. ) ;
#5060 = CARTESIAN_POINT ( 'NONE',  ( -12.49172242615647477, -6.277043314077721980, -50.97366954480303747 ) ) ;
#5061 = ADVANCED_FACE ( 'NONE', ( #7324 ), #6205, .F. ) ;
#5062 = ORIENTED_EDGE ( 'NONE', *, *, #3072, .T. ) ;
#5063 = DIRECTION ( 'NONE',  ( 0.000000000000000000, 1.000000000000000000, 1.644517855226013126E-15 ) ) ;
#5064 = LINE ( 'NONE', #2134, #4263 ) ;
#5065 = CARTESIAN_POINT ( 'NONE',  ( -0.3969868183167233888, 39.65736301103343209, 100.2706493110730150 ) ) ;
#5066 = CARTESIAN_POINT ( 'NONE',  ( 0.2941366387762361367, 40.54574945182252321, 108.7203793603154054 ) ) ;
#5067 = CARTESIAN_POINT ( 'NONE',  ( -47.18673588998121460, 28.16017753755851771, 144.5041711447279340 ) ) ;
#5068 = VECTOR ( 'NONE', #1806, 1000.000000000000114 ) ;
#5069 = PRODUCT_CONTEXT ( 'NONE', #5960, 'mechanical' ) ;
#5070 = CARTESIAN_POINT ( 'NONE',  ( 0.1826671998709171463, 26.62284345275001485, 24.81035802691907577 ) ) ;
#5071 = CARTESIAN_POINT ( 'NONE',  ( 0.5389829450577459102, 44.04412914817300617, 168.4289923535060893 ) ) ;
#5072 = CARTESIAN_POINT ( 'NONE',  ( 0.000000000000000000, 28.59958286175763931, 400.6555249589480923 ) ) ;
#5073 = EDGE_CURVE ( 'NONE', #6346, #1977, #2751, .T. ) ;
#5074 = B_SPLINE_CURVE_WITH_KNOTS ( 'NONE', 3,
 ( #6619, #5453, #2683, #2567, #6657, #3762, #2118, #6696, #2722, #4893, #2041, #352, #5416, #6058 ),
 .UNSPECIFIED., .F., .F.,
 ( 4, 2, 2, 2, 2, 2, 4 ),
 ( 0.000000000000000000, 0.005997549026645702594, 0.01199509805329140345, 0.02399019610658279997, 0.03598529415987419822, 0.04198284318651988867, 0.04798039221316557912 ),
 .UNSPECIFIED. ) ;
#5075 = CARTESIAN_POINT ( 'NONE',  ( -0.2613175132797247446, 44.15255761054151407, 180.0909786924733567 ) ) ;
#5076 = CARTESIAN_POINT ( 'NONE',  ( 8.424650419808282109, 32.71810551444244197, 61.17808333810537391 ) ) ;
#5077 = CARTESIAN_POINT ( 'NONE',  ( -59.30832987030501613, -6.507826170023203183, 431.3161633550269016 ) ) ;
#5078 = CARTESIAN_POINT ( 'NONE',  ( 8.078565594260567195E-09, 60.00000000000000711, 213.8493118463000826 ) ) ;
#5079 = CARTESIAN_POINT ( 'NONE',  ( -1.854775716670634234, 28.50562018373391382, 33.21035725063022426 ) ) ;
#5080 = CARTESIAN_POINT ( 'NONE',  ( 0.000000000000000000, -9.999999999999710454, 558.9422371214541272 ) ) ;
#5081 = CARTESIAN_POINT ( 'NONE',  ( -39.07524662365876367, 38.17628334354368747, 206.4715431673734827 ) ) ;
#5082 = CARTESIAN_POINT ( 'NONE',  ( 8.078565594260567195E-09, 43.96890531627143162, 213.8493118463000826 ) ) ;
#5083 = CARTESIAN_POINT ( 'NONE',  ( -0.5422813458086114258, 42.52307790059287385, 132.9775709913016044 ) ) ;
#5084 = VECTOR ( 'NONE', #6249, 1000.000000000000000 ) ;
#5085 = CARTESIAN_POINT ( 'NONE',  ( -12.37917598823336540, 4.075400731689930112, -36.12926134960945035 ) ) ;
#5086 = CARTESIAN_POINT ( 'NONE',  ( -7.570318655259667295, 34.22488976120434501, 69.10429114514774085 ) ) ;
#5087 = CARTESIAN_POINT ( 'NONE',  ( 11.87753674811280824, 22.01321616650771773, 424.9228753704809378 ) ) ;
#5088 = CARTESIAN_POINT ( 'NONE',  ( -0.8232861172484648993, 37.52274279518023548, 58.77084347987265289 ) ) ;
#5089 = EDGE_LOOP ( 'NONE', ( #3131, #2435, #3892, #5685 ) ) ;
#5090 = FACE_OUTER_BOUND ( 'NONE', #280, .T. ) ;
#5091 = CARTESIAN_POINT ( 'NONE',  ( -1.897151511910303734, 46.91140964979707206, 229.3722862163716343 ) ) ;
#5092 = ORIENTED_EDGE ( 'NONE', *, *, #5073, .F. ) ;
#5093 = LINE ( 'NONE', #2237, #7114 ) ;
#5094 = DIRECTION ( 'NONE',  ( 5.602867245962735462E-30, -1.000000000000000000, -1.644517855226013126E-15 ) ) ;
#5095 = CARTESIAN_POINT ( 'NONE',  ( -1.404199679686745306, 45.94742635001971109, 130.5641109568593379 ) ) ;
#5096 = CARTESIAN_POINT ( 'NONE',  ( -2.005225952241261655, 23.00456069334608245, 429.7794286210721566 ) ) ;
#5097 = CARTESIAN_POINT ( 'NONE',  ( -2.219166730010553756, 39.08629038300450986, 97.47366135926965569 ) ) ;
#5098 = CARTESIAN_POINT ( 'NONE',  ( 0.9524719360756089825, -9.975947145280258610, -61.05127630084054857 ) ) ;
#5099 = PLANE ( 'NONE',  #1780 ) ;
#5100 = CARTESIAN_POINT ( 'NONE',  ( 8.078565594260567195E-09, 43.96890531627143162, 213.8493118463000826 ) ) ;
#5101 = CARTESIAN_POINT ( 'NONE',  ( -0.02796056989216474942, 38.70988992526316963, 91.81445110723605296 ) ) ;
#5102 = CARTESIAN_POINT ( 'NONE',  ( 0.000000000000000000, -10.00000000000000000, -61.05776287854492068 ) ) ;
#5103 = ADVANCED_FACE ( 'NONE', ( #463 ), #5041, .F. ) ;
#5104 = CARTESIAN_POINT ( 'NONE',  ( 8.509710832808218939, 25.68385220564760019, 28.06036041065066655 ) ) ;
#5105 = CARTESIAN_POINT ( 'NONE',  ( -39.34592229608816893, 34.26959692004147229, 213.6460424665039284 ) ) ;
#5106 = CARTESIAN_POINT ( 'NONE',  ( -1.788897586348170865, 20.19855326254756278, 444.2540033977297185 ) ) ;
#5107 = CARTESIAN_POINT ( 'NONE',  ( -0.4811376173010695756, 44.30998916663013887, 191.7158459882732870 ) ) ;
#5108 = CARTESIAN_POINT ( 'NONE',  ( 1.047029601332707838, 32.03655655704301353, 49.74987416707509169 ) ) ;
#5109 = CARTESIAN_POINT ( 'NONE',  ( 1.463589819017925731, -9.937233235580697155, 558.8774522703039338 ) ) ;
#5110 = PRESENTATION_STYLE_ASSIGNMENT (( #2816 ) ) ;
#5111 = CARTESIAN_POINT ( 'NONE',  ( 0.3976492120439129585, 28.76902276414463344, 33.05150896274678018 ) ) ;
#5112 = CARTESIAN_POINT ( 'NONE',  ( 2.500000000000238476, 43.89587077626221401, 183.1826763077941109 ) ) ;
#5113 = CARTESIAN_POINT ( 'NONE',  ( -41.80740602104527426, 36.92169451123008628, 203.7806271062262624 ) ) ;
#5114 = CARTESIAN_POINT ( 'NONE',  ( -7.053569696294411884, 41.75449789290554037, 148.4838691362627685 ) ) ;
#5115 = CARTESIAN_POINT ( 'NONE',  ( -0.3726545709707828613, 42.50299545690780434, 132.9792050742021559 ) ) ;
#5116 = CARTESIAN_POINT ( 'NONE',  ( 1.866611727019490408, 11.87816490467868569, -28.42495731499281675 ) ) ;
#5117 = CARTESIAN_POINT ( 'NONE',  ( 0.4459530511555159227, 35.24486768191788855, 66.49810422366486762 ) ) ;
#5118 = CARTESIAN_POINT ( 'NONE',  ( 55.71564899923829728, 1.205407876259681377, 399.7257200711499081 ) ) ;
#5119 = CARTESIAN_POINT ( 'NONE',  ( -0.5768058027885383243, 47.66852144650732015, 205.0091658014256382 ) ) ;
#5120 = ORIENTED_EDGE ( 'NONE', *, *, #6903, .F. ) ;
#5121 = CARTESIAN_POINT ( 'NONE',  ( -45.70542344736741569, 27.26287060384420613, 125.0000000000000000 ) ) ;
#5122 = CARTESIAN_POINT ( 'NONE',  ( -149.9999999999999716, 16.36900979716714133, 304.7041830578932036 ) ) ;
#5123 = EDGE_LOOP ( 'NONE', ( #5651, #5743, #1249, #2977, #3104, #2445 ) ) ;
#5124 = CARTESIAN_POINT ( 'NONE',  ( 19.57372215414722660, 41.22571807297381952, 213.8493121098462098 ) ) ;
#5125 = CARTESIAN_POINT ( 'NONE',  ( 2.500000000000235811, 43.94496353703594593, 198.1826763077941393 ) ) ;
#5126 = EDGE_CURVE ( 'NONE', #3924, #634, #2448, .T. ) ;
#5127 = CARTESIAN_POINT ( 'NONE',  ( 54.00102207192544768, 15.29528807115969968, 241.2492155879526479 ) ) ;
#5128 = DIRECTION ( 'NONE',  ( -1.000000000000000000, 0.000000000000000000, 3.934968648599341538E-15 ) ) ;
#5129 = AXIS2_PLACEMENT_3D ( 'NONE', #4400, #2077, #4929 ) ;
#5130 = CARTESIAN_POINT ( 'NONE',  ( 0.5725577439240580047, 23.09808650977305433, 429.9216912165479130 ) ) ;
#5131 = CARTESIAN_POINT ( 'NONE',  ( -49.76649165357908799, 27.59589504424954143, 159.3532708221245002 ) ) ;
#5132 = CARTESIAN_POINT ( 'NONE',  ( 2.838695181821947688, 1.681375928194609459, -46.53493995302151376 ) ) ;
#5133 =( BOUNDED_SURFACE ( )  B_SPLINE_SURFACE ( 3, 2, ( 
 ( #2376, #4658, #3046 ),
 ( #2969, #119, #3564 ),
 ( #5336, #5859, #6458 ),
 ( #4164, #1316, #1737 ),
 ( #2484, #1172, #4240 ),
 ( #3159, #1956, #271 ),
 ( #5525, #3122, #792 ),
 ( #6536, #7171, #4201 ),
 ( #5373, #2562, #1394 ),
 ( #6014, #5448, #4317 ),
 ( #234, #2523, #3756 ),
 ( #6053, #830, #3681 ),
 ( #307, #7209, #5975 ),
 ( #4281, #346, #4808 ),
 ( #5410, #4847, #7134 ),
 ( #868, #386, #7095 ) ),
 .UNSPECIFIED., .F., .F., .F. ) 
 B_SPLINE_SURFACE_WITH_KNOTS ( ( 4, 2, 2, 2, 2, 2, 2, 4 ),
 ( 3, 3 ),
 ( -1.029992063861229212E-17, 0.0004891289966997313440, 0.0009782579933994728794, 0.001467386990099214632, 0.001956515986798956167, 0.002445644983498697703, 0.002934773980198439672, 0.003913031973597922743 ),
 ( 0.000000000000000000, 1.000000000000000000 ),
 .UNSPECIFIED. ) 
 GEOMETRIC_REPRESENTATION_ITEM ( )  RATIONAL_B_SPLINE_SURFACE ( (
 ( 1.000000000000000000, 0.7042303724935200515, 1.000000000000000000),
 ( 1.000000000000000000, 0.7022373068969572918, 1.000000000000000000),
 ( 1.000000000000000000, 0.7002473183430325543, 1.000000000000000000),
 ( 1.000000000000000000, 0.6962616583441477713, 1.000000000000000000),
 ( 1.000000000000000000, 0.6942444338376202451, 1.000000000000000000),
 ( 1.000000000000000000, 0.6903175801482611673, 1.000000000000000000),
 ( 1.000000000000000000, 0.6884156448374465498, 1.000000000000000000),
 ( 1.000000000000000000, 0.6847466148631797811, 1.000000000000000000),
 ( 1.000000000000000000, 0.6829700887019910516, 1.000000000000000000),
 ( 1.000000000000000000, 0.6797306774611308056, 1.000000000000000000),
 ( 1.000000000000000000, 0.6782481066723343721, 1.000000000000000000),
 ( 1.000000000000000000, 0.6755979381796956007, 1.000000000000000000),
 ( 1.000000000000000000, 0.6744508384681332513, 1.000000000000000000),
 ( 1.000000000000000000, 0.6716838663643520668, 1.000000000000000000),
 ( 1.000000000000000000, 0.6706867708025577857, 1.000000000000000000),
 ( 1.000000000000000000, 0.6707867817491679485, 1.000000000000000000) ) ) 
 REPRESENTATION_ITEM ( '' )  SURFACE ( )  );
#5134 = DIRECTION ( 'NONE',  ( 1.000000000000000000, 0.000000000000000000, 6.518411137131775777E-09 ) ) ;
#5135 = CARTESIAN_POINT ( 'NONE',  ( 6.150444377239071336, 37.91153115683261632, 93.69848214215238613 ) ) ;
#5136 = FACE_OUTER_BOUND ( 'NONE', #5888, .T. ) ;
#5137 = CARTESIAN_POINT ( 'NONE',  ( -0.2764484018053600112, 28.75467740981591547, 33.04276335678986243 ) ) ;
#5138 = CARTESIAN_POINT ( 'NONE',  ( -1.518780347280800580, 43.46953827813820226, 156.9260441943616229 ) ) ;
#5139 = CARTESIAN_POINT ( 'NONE',  ( 51.14854028299649258, 8.032565948868031214, 369.8610693905080211 ) ) ;
#5140 = CARTESIAN_POINT ( 'NONE',  ( 7.951382207882381259, 43.35262039752487340, 205.9307113956443231 ) ) ;
#5141 = VECTOR ( 'NONE', #6463, 1000.000000000000000 ) ;
#5142 = CARTESIAN_POINT ( 'NONE',  ( 1.790845011205704385, 31.94665764046728640, 49.87996717759775578 ) ) ;
#5143 = CARTESIAN_POINT ( 'NONE',  ( -2.446694749863485008, 43.94807859867027133, 198.7102751563899119 ) ) ;
#5144 = CARTESIAN_POINT ( 'NONE',  ( 3.980552176048817012E-05, 47.55026040940671095, 180.6771451067285170 ) ) ;
#5145 = CARTESIAN_POINT ( 'NONE',  ( -8.896163579997374171, 25.63798774238146549, 28.29666815501526500 ) ) ;
#5146 = MECHANICAL_DESIGN_GEOMETRIC_PRESENTATION_REPRESENTATION (  '', ( #5412 ), #7051 ) ;
#5147 = CARTESIAN_POINT ( 'NONE',  ( 1.847289916267726761, 47.41664062570614391, 199.6667629289017327 ) ) ;
#5148 = CARTESIAN_POINT ( 'NONE',  ( -48.96184446544092594, 33.03532151007922124, 183.6136886649778717 ) ) ;
#5149 = ORIENTED_EDGE ( 'NONE', *, *, #5667, .T. ) ;
#5150 = ADVANCED_FACE ( 'NONE', ( #3566 ), #1917, .T. ) ;
#5151 = CARTESIAN_POINT ( 'NONE',  ( 32.19194215542314907, 31.00328005443008905, 97.33882254968017378 ) ) ;
#5152 = CARTESIAN_POINT ( 'NONE',  ( -0.4162198049569766911, 43.09773207880886048, 144.8248262068673569 ) ) ;
#5153 = CARTESIAN_POINT ( 'NONE',  ( -56.19787954467784630, 2.127072668286307255, 212.5857681456718353 ) ) ;
#5154 = CARTESIAN_POINT ( 'NONE',  ( -3.920045590868954211, 34.69816271699941979, 67.32311982476826984 ) ) ;
#5155 = CARTESIAN_POINT ( 'NONE',  ( -1.930653681019943724, 13.87290448054163683, 472.4794235559970730 ) ) ;
#5156 = CARTESIAN_POINT ( 'NONE',  ( 8.431562461238529593, 46.07402497580898171, 158.2968993032507683 ) ) ;
#5157 = ORIENTED_EDGE ( 'NONE', *, *, #1153, .T. ) ;
#5158 = CARTESIAN_POINT ( 'NONE',  ( -3.039527956523978780, 47.25332572012509758, 182.8487729937150732 ) ) ;
#5159 = CARTESIAN_POINT ( 'NONE',  ( -12.50381132325683886, 27.83116567873787162, 396.5693299386862805 ) ) ;
#5160 = ORIENTED_EDGE ( 'NONE', *, *, #6042, .T. ) ;
#5161 = CARTESIAN_POINT ( 'NONE',  ( 43.01432629614899383, 32.54569879386237119, 202.3039066511050805 ) ) ;
#5162 = DIRECTION ( 'NONE',  ( 1.000000000000000000, 0.000000000000000000, -0.000000000000000000 ) ) ;
#5163 = CARTESIAN_POINT ( 'NONE',  ( 54.48274488411642125, 13.81017118001468269, 236.9137207598040220 ) ) ;
#5164 = CARTESIAN_POINT ( 'NONE',  ( 0.000000000000000000, -10.00000000000000000, -61.05776287854492068 ) ) ;
#5165 = CARTESIAN_POINT ( 'NONE',  ( 1.996956094114173741, 10.46350476607578983, 486.5475114404366082 ) ) ;
#5166 = CARTESIAN_POINT ( 'NONE',  ( -19.50898710937223868, 37.57850976509783436, 119.7014474219150344 ) ) ;
#5167 = CARTESIAN_POINT ( 'NONE',  ( 1.825295035117260989, 20.79892886237578864, -7.076416356319450429 ) ) ;
#5168 = CARTESIAN_POINT ( 'NONE',  ( 2.500000000000235811, 46.80943403607545150, 198.1826763077941393 ) ) ;
#5169 = CARTESIAN_POINT ( 'NONE',  ( 13.33619872517950178, 35.84130895057450061, 89.38495254062452489 ) ) ;
#5170 = CARTESIAN_POINT ( 'NONE',  ( 150.0000000000000284, -1.592874936842195055, 207.1259537470125736 ) ) ;
#5171 = CARTESIAN_POINT ( 'NONE',  ( 22.94876330525006836, 23.84573913441703397, 38.85135556986230654 ) ) ;
#5172 = CARTESIAN_POINT ( 'NONE',  ( 0.1424479899750386580, 43.65702490470830099, 156.6843683490712920 ) ) ;
#5173 = CARTESIAN_POINT ( 'NONE',  ( -0.5029842643031070537, 32.03122875688352877, 380.6520867096004395 ) ) ;
#5174 = CARTESIAN_POINT ( 'NONE',  ( 13.32747076432192657, 42.58883886585181244, 197.1717665976711089 ) ) ;
#5175 = CARTESIAN_POINT ( 'NONE',  ( 0.01980577838507891625, 33.77814688870746807, 58.06520791029176110 ) ) ;
#5176 = CARTESIAN_POINT ( 'NONE',  ( 0.000000000000000000, 0.000000000000000000, 0.000000000000000000 ) ) ;
#5177 = CARTESIAN_POINT ( 'NONE',  ( 19.67569609570689337, 28.84277508096039355, 39.97527800039101464 ) ) ;
#5178 = CARTESIAN_POINT ( 'NONE',  ( 2.553569696294403446, 43.12255699905529127, 153.4838691362627117 ) ) ;
#5179 = CARTESIAN_POINT ( 'NONE',  ( 0.2593423798030815575, 44.21904495433672366, 203.2577933556577818 ) ) ;
#5180 = CARTESIAN_POINT ( 'NONE',  ( 0.3937983302595245982, 32.55710658510086120, 35.04931211112783274 ) ) ;
#5181 = CARTESIAN_POINT ( 'NONE',  ( 0.3333532175229963479, 47.01458106428355421, 181.1826763077941109 ) ) ;
#5182 = ORIENTED_EDGE ( 'NONE', *, *, #7135, .T. ) ;
#5183 = CARTESIAN_POINT ( 'NONE',  ( 1.846556886968441891, 35.94018628400814919, 73.42832978552689838 ) ) ;
#5184 = CARTESIAN_POINT ( 'NONE',  ( 5.756326986801527212, 42.34179358750210298, 146.6038447621846217 ) ) ;
#5185 = CARTESIAN_POINT ( 'NONE',  ( 1.892463454547965274, 1.631141071689482525, -46.56294020973754044 ) ) ;
#5186 = CARTESIAN_POINT ( 'NONE',  ( -21.67282654289841304, 30.79234970070929833, 70.52751522613876034 ) ) ;
#5187 = CARTESIAN_POINT ( 'NONE',  ( -2.109836334315450479, 3.066047688892955314, 514.8735652113953165 ) ) ;
#5188 = EDGE_CURVE ( 'NONE', #6349, #4211, #1217, .T. ) ;
#5189 = ORIENTED_EDGE ( 'NONE', *, *, #3729, .T. ) ;
#5190 = CARTESIAN_POINT ( 'NONE',  ( -32.27980753726811258, 22.57169795594906248, 51.01392483816698586 ) ) ;
#5191 = CARTESIAN_POINT ( 'NONE',  ( -5.882888988652245743, 42.38580333701526115, 298.7586613606674177 ) ) ;
#5192 = VERTEX_POINT ( 'NONE', #4092 ) ;
#5193 = AXIS2_PLACEMENT_3D ( 'NONE', #5176, #1722, #105 ) ;
#5194 = CARTESIAN_POINT ( 'NONE',  ( -36.56747793182874062, 25.93572272982633109, 58.37547057772415826 ) ) ;
#5195 = CARTESIAN_POINT ( 'NONE',  ( -48.96184446544095437, 33.00089337346151552, 183.6136886649778717 ) ) ;
#5196 = CARTESIAN_POINT ( 'NONE',  ( -5.804871885623192895, 37.95784665847773454, 93.52919943175605511 ) ) ;
#5197 = DIRECTION ( 'NONE',  ( 0.000000000000000000, 0.2193763502603176541, 0.9756403112553633239 ) ) ;
#5198 = CARTESIAN_POINT ( 'NONE',  ( 0.000000000000000000, 47.65165836710342973, 180.5788067618912009 ) ) ;
#5199 = CARTESIAN_POINT ( 'NONE',  ( -0.9524719360756089825, -9.975947145280258610, -61.05127630084054857 ) ) ;
#5200 = CARTESIAN_POINT ( 'NONE',  ( -6.925542681092709429, 38.46452554201128038, 99.43305804797617498 ) ) ;
#5201 = CARTESIAN_POINT ( 'NONE',  ( -3.238742170394931286, 15.77724942527549956, -19.15744003631981229 ) ) ;
#5202 = VECTOR ( 'NONE', #88, 1000.000000000000000 ) ;
#5203 = CARTESIAN_POINT ( 'NONE',  ( 2.233541294116894615, 46.83684341849927790, 199.1887186033474109 ) ) ;
#5204 = CARTESIAN_POINT ( 'NONE',  ( -0.4410579684922267263, 39.66284979600750660, 100.2718819382079971 ) ) ;
#5205 = CARTESIAN_POINT ( 'NONE',  ( 56.50313792499103016, -10.80253914119058045, 197.8140775424655544 ) ) ;
#5206 = CARTESIAN_POINT ( 'NONE',  ( -0.2994707678479087698, 28.75742618512817828, 33.04441742234245538 ) ) ;
#5207 = CARTESIAN_POINT ( 'NONE',  ( -5.979320320865492810, 42.92148385452552617, 158.5644656715937231 ) ) ;
#5208 = CARTESIAN_POINT ( 'NONE',  ( 6.733608421923275245, 13.22468183324905233, 471.8275841911045632 ) ) ;
#5209 = CARTESIAN_POINT ( 'NONE',  ( 4.256083213992966741, 43.78840383046203044, 204.4169445296519427 ) ) ;
#5210 = CARTESIAN_POINT ( 'NONE',  ( 0.03589428963846806597, 32.15966022493469012, 49.70167929902336112 ) ) ;
#5211 = CARTESIAN_POINT ( 'NONE',  ( -4.731092703270083355, 41.27836886158191732, 126.8615427394346398 ) ) ;
#5212 = CARTESIAN_POINT ( 'NONE',  ( 15.45689173501569513, 29.70934302986284337, 37.94314490968618969 ) ) ;
#5213 = CARTESIAN_POINT ( 'NONE',  ( 1.716388896374321238, 43.96429307860603330, 181.5897501596404027 ) ) ;
#5214 = CARTESIAN_POINT ( 'NONE',  ( -25.37492922831237863, 39.44561262868517559, 227.9815736162942699 ) ) ;
#5215 = CARTESIAN_POINT ( 'NONE',  ( 3.911032522146973278E-09, 32.59934123605674472, 35.04931211369478916 ) ) ;
#5216 = CARTESIAN_POINT ( 'NONE',  ( 0.5439175272602720934, 47.53121151971313196, 200.1826763077941109 ) ) ;
#5217 = VERTEX_POINT ( 'NONE', #2971 ) ;
#5218 = CARTESIAN_POINT ( 'NONE',  ( 7.288449410285221752, 35.23790280678740316, 75.69895128789134731 ) ) ;
#5219 = CARTESIAN_POINT ( 'NONE',  ( 0.4929343634196728385, 42.99295586483486886, 144.8889052075194854 ) ) ;
#5220 = CARTESIAN_POINT ( 'NONE',  ( 0.000000000000000000, 37.42084218078985458, 58.72214691171561185 ) ) ;
#5221 = CARTESIAN_POINT ( 'NONE',  ( 0.3513414400944345761, 32.20719149047693719, 49.71808777168470783 ) ) ;
#5222 = CARTESIAN_POINT ( 'NONE',  ( 7.118748418129577260, -1.685585176228954429, 528.7463543470161085 ) ) ;
#5223 = ORIENTED_EDGE ( 'NONE', *, *, #2136, .F. ) ;
#5224 = CARTESIAN_POINT ( 'NONE',  ( -2.723808977303468826, 47.27812003632573123, 181.9220184972216998 ) ) ;
#5225 = CARTESIAN_POINT ( 'NONE',  ( 0.5029842643031070537, 32.03122875688352877, 380.6520867096004395 ) ) ;
#5226 = VERTEX_POINT ( 'NONE', #3048 ) ;
#5227 = CARTESIAN_POINT ( 'NONE',  ( -15.45689173501569513, 29.70934302986284337, 37.94314490968618969 ) ) ;
#5228 = AXIS2_PLACEMENT_3D ( 'NONE', #4056, #5820, #84 ) ;
#5229 = EDGE_CURVE ( 'NONE', #3526, #5217, #4444, .T. ) ;
#5230 = CARTESIAN_POINT ( 'NONE',  ( -3.651050815844936182E-14, 43.26917313500885598, 149.4838691362627685 ) ) ;
#5231 = CARTESIAN_POINT ( 'NONE',  ( 0.4589552595537724766, 37.70936415402018582, 83.36697958025187916 ) ) ;
#5232 = CARTESIAN_POINT ( 'NONE',  ( 39.35761980687662032, 22.29418065423913831, 67.11062534926460899 ) ) ;
#5233 = CARTESIAN_POINT ( 'NONE',  ( -0.9785259520414012480, 44.46994292845445074, 275.6022355444260938 ) ) ;
#5234 = CARTESIAN_POINT ( 'NONE',  ( 86.87707805841237985, -10.34748271511437778, 49.68820832564044565 ) ) ;
#5235 = CARTESIAN_POINT ( 'NONE',  ( -5.378021337159193394, 39.80633645306264867, 110.6349102748388447 ) ) ;
#5236 = CARTESIAN_POINT ( 'NONE',  ( 0.9333058635097452038, 11.80632858096668159, -28.47083339118706391 ) ) ;
#5237 = DIRECTION ( 'NONE',  ( -6.518411137131775777E-09, 0.000000000000000000, 1.000000000000000000 ) ) ;
#5238 = CARTESIAN_POINT ( 'NONE',  ( 1.220378091714664937, 40.35701382394302783, 108.8434737181384406 ) ) ;
#5239 = CARTESIAN_POINT ( 'NONE',  ( 34.06247215699897168, 22.27214241203596146, 53.56199743429452553 ) ) ;
#5240 = CARTESIAN_POINT ( 'NONE',  ( -2.817357777913640060, 8.097330774758388472, -35.80875540050892170 ) ) ;
#5241 = CARTESIAN_POINT ( 'NONE',  ( -2.157746065596713780, 47.43923580062173784, 180.7376766213325539 ) ) ;
#5242 = CARTESIAN_POINT ( 'NONE',  ( -44.04045971340654830, 32.07970875452255655, 201.3196069191811546 ) ) ;
#5243 = CARTESIAN_POINT ( 'NONE',  ( 59.71558549167485808, -8.266634582424307709, 438.4425714590527150 ) ) ;
#5244 = CARTESIAN_POINT ( 'NONE',  ( -0.07424628127896769347, 44.20331050632929504, 203.2789989022938073 ) ) ;
#5245 = CARTESIAN_POINT ( 'NONE',  ( -0.3972139211846243967, 35.23880318621752394, 66.49543407117691629 ) ) ;
#5246 = CARTESIAN_POINT ( 'NONE',  ( 0.000000000000000000, 0.000000000000000000, 125.0000000000000000 ) ) ;
#5247 = B_SPLINE_CURVE_WITH_KNOTS ( 'NONE', 3,
 ( #1439, #6660, #1511, #3725, #315, #2609, #2044 ),
 .UNSPECIFIED., .F., .F.,
 ( 4, 3, 4 ),
 ( 0.000000000000000000, 0.0005532281174122166776, 0.0005532881174122136108 ),
 .UNSPECIFIED. ) ;
#5248 = CARTESIAN_POINT ( 'NONE',  ( 1.783309425347031851, 32.39148558644468778, 35.04931210984614864 ) ) ;
#5249 = CARTESIAN_POINT ( 'NONE',  ( 1.499176267799187556, 43.98606726276761947, 181.4452464684736128 ) ) ;
#5250 = CARTESIAN_POINT ( 'NONE',  ( -2.500000000149551482, 47.36886050874160503, 188.1690878552016386 ) ) ;
#5251 = CARTESIAN_POINT ( 'NONE',  ( -0.3801977573894351203, 26.68786036977471099, 24.83562975671692641 ) ) ;
#5252 = B_SPLINE_CURVE_WITH_KNOTS ( 'NONE', 3,
 ( #5810, #6271, #5776, #5741 ),
 .UNSPECIFIED., .F., .F.,
 ( 4, 4 ),
 ( 0.2200382780691528262, 0.2337477478784121820 ),
 .UNSPECIFIED. ) ;
#5253 = ORIENTED_EDGE ( 'NONE', *, *, #5413, .F. ) ;
#5254 = FACE_OUTER_BOUND ( 'NONE', #1037, .T. ) ;
#5255 = ADVANCED_FACE ( 'NONE', ( #6387 ), #1534, .T. ) ;
#5256 = CARTESIAN_POINT ( 'NONE',  ( -0.04142224307467323730, 43.05476268442956922, 144.8406362354375858 ) ) ;
#5257 = CARTESIAN_POINT ( 'NONE',  ( 0.000000000000000000, 16.05780648225944418, -18.97418335886999685 ) ) ;
#5258 = CARTESIAN_POINT ( 'NONE',  ( 0.3286259600628343991, 32.20439503835685002, 49.71650709482450736 ) ) ;
#5259 = CARTESIAN_POINT ( 'NONE',  ( 0.000000000000000000, -4.664387618694376236, 541.5776915351184471 ) ) ;
#5260 = VERTEX_POINT ( 'NONE', #7060 ) ;
#5261 = CARTESIAN_POINT ( 'NONE',  ( -45.18873216945655003, 31.43065136583035724, 199.0136428756333657 ) ) ;
#5262 = CARTESIAN_POINT ( 'NONE',  ( -41.93462905618955716, 26.32851893096475138, 364.7381377576680279 ) ) ;
#5263 = ORIENTED_EDGE ( 'NONE', *, *, #7124, .F. ) ;
#5264 = CARTESIAN_POINT ( 'NONE',  ( 19.57372215414722660, 44.71058650513265320, 213.8493121098462098 ) ) ;
#5265 = DIRECTION ( 'NONE',  ( 6.518411137131775777E-09, 0.000000000000000000, 1.000000000000000000 ) ) ;
#5266 = CARTESIAN_POINT ( 'NONE',  ( 0.4165880932070518683, 38.75871290631322807, 91.82032085673513677 ) ) ;
#5267 = CARTESIAN_POINT ( 'NONE',  ( 39.63749387989575013, 22.54875733015133932, 69.18754356468517130 ) ) ;
#5268 = CARTESIAN_POINT ( 'NONE',  ( 13.89565711704575790, 43.38650797797856740, 278.5011269604131598 ) ) ;
#5269 = CARTESIAN_POINT ( 'NONE',  ( 0.000000000000000000, 47.57523085018323172, 200.5539215374486730 ) ) ;
#5270 = CARTESIAN_POINT ( 'NONE',  ( 12.51122854236293591, -10.32226976056000467, -55.36644004333045643 ) ) ;
#5271 = VERTEX_POINT ( 'NONE', #6460 ) ;
#5272 = CARTESIAN_POINT ( 'NONE',  ( -6.797638121846689252, 35.30323598046729217, 75.43801794482219236 ) ) ;
#5273 = CARTESIAN_POINT ( 'NONE',  ( -55.43352450434293388, 9.557879841706116153, 226.4234727364798800 ) ) ;
#5274 = ORIENTED_EDGE ( 'NONE', *, *, #3759, .F. ) ;
#5275 = DIRECTION ( 'NONE',  ( 5.602867245962735462E-30, -1.000000000000000000, -1.644517855226013126E-15 ) ) ;
#5276 = CARTESIAN_POINT ( 'NONE',  ( -0.3570298662500708264, 40.55353429128663834, 108.7210648860907440 ) ) ;
#5277 = CARTESIAN_POINT ( 'NONE',  ( 2.715790876197230919, 47.33444421398496615, 199.4426466001440303 ) ) ;
#5278 = CARTESIAN_POINT ( 'NONE',  ( 3.330844985526232982, -5.949735992423210718, -56.59751504260918864 ) ) ;
#5279 = CARTESIAN_POINT ( 'NONE',  ( 1.536255518351238303, 46.03229346627335872, 252.4759691116221347 ) ) ;
#5280 = CARTESIAN_POINT ( 'NONE',  ( -38.87686202487886789, 34.55157433940179601, 191.2909425853938501 ) ) ;
#5281 = CARTESIAN_POINT ( 'NONE',  ( -0.6435512270066479079, 13.79511502585091876, 472.5222654459706177 ) ) ;
#5282 = EDGE_CURVE ( 'NONE', #7162, #1524, #1281, .T. ) ;
#5283 = CARTESIAN_POINT ( 'NONE',  ( 26.37587723962693786, 42.95593527165679149, 213.0680794300427010 ) ) ;
#5284 = CARTESIAN_POINT ( 'NONE',  ( 6.481842947825231072, 34.36882720151147197, 68.51475105491942941 ) ) ;
#5285 = CARTESIAN_POINT ( 'NONE',  ( -5.551690055571850912, 43.57135542997895783, 206.4838691362628254 ) ) ;
#5286 =( NAMED_UNIT ( * ) PLANE_ANGLE_UNIT ( ) SI_UNIT ( $, .RADIAN. ) );
#5287 = CARTESIAN_POINT ( 'NONE',  ( -7.728446419657836408, 25.77550352717533499, 27.59599817124554733 ) ) ;
#5288 = CARTESIAN_POINT ( 'NONE',  ( -0.4799607712900729739, 44.15526977215880322, 203.3584684487463505 ) ) ;
#5289 = CARTESIAN_POINT ( 'NONE',  ( 0.000000000000000000, 47.06380252744634163, 155.7186040356210128 ) ) ;
#5290 = ADVANCED_FACE ( 'NONE', ( #4660 ), #4736, .T. ) ;
#5291 = ORIENTED_EDGE ( 'NONE', *, *, #7006, .F. ) ;
#5292 = CARTESIAN_POINT ( 'NONE',  ( 0.6891996199684468083, 43.56402071999894332, 156.7764085272739010 ) ) ;
#5293 = CARTESIAN_POINT ( 'NONE',  ( -0.4357454127078404515, 41.92419634731182043, 125.5894530828582418 ) ) ;
#5294 = CARTESIAN_POINT ( 'NONE',  ( 0.000000000000000000, 28.21750440619399214, 17.07389157737171459 ) ) ;
#5295 = CARTESIAN_POINT ( 'NONE',  ( -1.389489158126697044, 33.60892259624032619, 58.16720122382663760 ) ) ;
#5296 = CARTESIAN_POINT ( 'NONE',  ( -2.194752706739981907, -9.508866867582225879, 557.5849067725088162 ) ) ;
#5297 = CARTESIAN_POINT ( 'NONE',  ( 1.434789889613982350, -1.011398729720650369, 529.3086085165732584 ) ) ;
#5298 = EDGE_LOOP ( 'NONE', ( #1239, #545, #4046, #6060 ) ) ;
#5299 = CARTESIAN_POINT ( 'NONE',  ( -29.27174757305002828, 23.14472859597227838, 47.43056633818058998 ) ) ;
#5300 = CARTESIAN_POINT ( 'NONE',  ( -47.31906922256365533, 16.80001900358779210, 316.1413866361843361 ) ) ;
#5301 = VERTEX_POINT ( 'NONE', #160 ) ;
#5302 = CARTESIAN_POINT ( 'NONE',  ( 41.79166838435203601, 33.15085118894103289, 203.7984300444847179 ) ) ;
#5303 = DIRECTION ( 'NONE',  ( 0.000000000000000000, 0.000000000000000000, -1.000000000000000000 ) ) ;
#5304 = CARTESIAN_POINT ( 'NONE',  ( -6.372355363585693766, 38.78319258124848545, 102.2764002523104665 ) ) ;
#5305 = CARTESIAN_POINT ( 'NONE',  ( 47.66603692990846497, 18.68161657458673020, 299.3736835281314370 ) ) ;
#5306 = CARTESIAN_POINT ( 'NONE',  ( 2.553569696294413216, 42.94769121779684440, 149.4838691362627117 ) ) ;
#5307 = CARTESIAN_POINT ( 'NONE',  ( -1.892463454547965274, 1.631141071689482525, -46.56294020973754044 ) ) ;
#5308 = VERTEX_POINT ( 'NONE', #7019 ) ;
#5309 = CARTESIAN_POINT ( 'NONE',  ( -1.311558396189290043, 37.78197342418982174, 85.27127629762929928 ) ) ;
#5310 = CARTESIAN_POINT ( 'NONE',  ( -149.9999999999999716, 10.35078035734875535, 226.4890547709782993 ) ) ;
#5311 = ORIENTED_EDGE ( 'NONE', *, *, #2259, .F. ) ;
#5312 = CARTESIAN_POINT ( 'NONE',  ( -19.66735881056892055, 41.59390594064514346, 125.0000000000000568 ) ) ;
#5313 = CARTESIAN_POINT ( 'NONE',  ( 3.650003668607388452, 39.14427374670867721, 101.0570929688916948 ) ) ;
#5314 = DIRECTION ( 'NONE',  ( 0.000000000000000000, 0.000000000000000000, 1.000000000000000000 ) ) ;
#5315 = CARTESIAN_POINT ( 'NONE',  ( 149.9999999999998579, 5.755319606443136671, 215.4903186742444916 ) ) ;
#5316 = CARTESIAN_POINT ( 'NONE',  ( 0.6583047484764391610, 47.13654566807250035, 155.6928415244869939 ) ) ;
#5317 = CARTESIAN_POINT ( 'NONE',  ( -2.836028519799505432, 42.71414414174022767, 145.3975839557116956 ) ) ;
#5318 = CARTESIAN_POINT ( 'NONE',  ( 56.79090820126123873, -0.6367270459114310333, 407.3366011671671458 ) ) ;
#5319 = ORIENTED_EDGE ( 'NONE', *, *, #6110, .T. ) ;
#5320 = CARTESIAN_POINT ( 'NONE',  ( 36.25572891788687713, 34.91013808500375859, 239.4779360879045100 ) ) ;
#5321 = EDGE_CURVE ( 'NONE', #6508, #4524, #7198, .T. ) ;
#5322 = CARTESIAN_POINT ( 'NONE',  ( -0.3748797897214101726, 35.23600154147931818, 66.49411265120552628 ) ) ;
#5323 = CARTESIAN_POINT ( 'NONE',  ( -7.405400997112511874, 40.29412481575972294, 119.7273176496385219 ) ) ;
#5324 = CARTESIAN_POINT ( 'NONE',  ( -0.3333474842346594302, 47.04362710558890370, 200.1826763077941393 ) ) ;
#5325 = LINE ( 'NONE', #2471, #1711 ) ;
#5326 = CARTESIAN_POINT ( 'NONE',  ( 0.1922578296633094541, 44.28339833120218572, 191.7427028475054840 ) ) ;
#5327 = CARTESIAN_POINT ( 'NONE',  ( 150.0000000000006821, 17.36217657815118542, 276.3178635875777900 ) ) ;
#5328 = ORIENTED_EDGE ( 'NONE', *, *, #601, .T. ) ;
#5329 = CARTESIAN_POINT ( 'NONE',  ( 36.17882349337266845, 35.76214023408640230, 186.3696914777743245 ) ) ;
#5330 = CARTESIAN_POINT ( 'NONE',  ( 0.03563318359438370081, 41.25339845764271729, 117.1761162394099642 ) ) ;
#5331 = CARTESIAN_POINT ( 'NONE',  ( -11.32133923080468918, 30.04935886603911399, 33.43650446410281063 ) ) ;
#5332 = CARTESIAN_POINT ( 'NONE',  ( -0.3104050236263936058, 32.12610812642812874, 49.70174304097525209 ) ) ;
#5333 = CARTESIAN_POINT ( 'NONE',  ( -7.045124004950711338, 2.314038226187245861, 514.4354252516325232 ) ) ;
#5334 = CARTESIAN_POINT ( 'NONE',  ( -23.52321643303884358, 40.25415830865583189, 213.6477227217787060 ) ) ;
#5335 = CARTESIAN_POINT ( 'NONE',  ( -10.87137964986494865, 12.27380154565681281, 466.5267389959417415 ) ) ;
#5336 = CARTESIAN_POINT ( 'NONE',  ( -0.7614238541947371264, 47.00044178258823280, 200.1697738903037873 ) ) ;
#5337 = PLANE ( 'NONE',  #3633 ) ;
#5338 = CARTESIAN_POINT ( 'NONE',  ( 0.1818476458767238346, 47.53794299400890111, 181.1826763078196336 ) ) ;
#5339 = CARTESIAN_POINT ( 'NONE',  ( -15.44676731452698171, 36.53539136034311241, 99.35448285695692050 ) ) ;
#5340 = B_SPLINE_CURVE_WITH_KNOTS ( 'NONE', 3,
 ( #6498, #3682, #3757, #7136 ),
 .UNSPECIFIED., .F., .F.,
 ( 4, 4 ),
 ( 0.1692212171228564543, 0.2009880228736241892 ),
 .UNSPECIFIED. ) ;
#5341 = CARTESIAN_POINT ( 'NONE',  ( 50.07172804542855005, 20.26724883329845284, 270.0327580235693290 ) ) ;
#5342 = CARTESIAN_POINT ( 'NONE',  ( 9.984503210860385281, 40.20665869140199788, 125.0000000000000000 ) ) ;
#5343 = CARTESIAN_POINT ( 'NONE',  ( 3.238742170394931286, 15.77724942527549956, -19.15744003631981229 ) ) ;
#5344 = EDGE_LOOP ( 'NONE', ( #3017, #4752, #4324, #3650 ) ) ;
#5345 = CARTESIAN_POINT ( 'NONE',  ( -1.352474647982671696, 36.00212648263056536, 73.33203484200959110 ) ) ;
#5346 = CARTESIAN_POINT ( 'NONE',  ( -52.53891573317806518, 18.24069168520677664, 252.3546242644533777 ) ) ;
#5347 = VERTEX_POINT ( 'NONE', #5230 ) ;
#5348 = B_SPLINE_CURVE_WITH_KNOTS ( 'NONE', 3,
 ( #3249, #5579, #5538, #2651 ),
 .UNSPECIFIED., .F., .F.,
 ( 4, 4 ),
 ( 0.5369976935866216383, 0.5558084735228120410 ),
 .UNSPECIFIED. ) ;
#5349 = EDGE_CURVE ( 'NONE', #262, #2236, #86, .T. ) ;
#5350 = CARTESIAN_POINT ( 'NONE',  ( 5.551620045011596893, 43.57766651869921049, 205.7838691362627515 ) ) ;
#5351 = CARTESIAN_POINT ( 'NONE',  ( 6.372355363585693766, 38.78319258124848545, 102.2764002523104665 ) ) ;
#5352 = CARTESIAN_POINT ( 'NONE',  ( 2.500000000000243805, 46.75821274693984009, 183.1826763077941109 ) ) ;
#5353 = CARTESIAN_POINT ( 'NONE',  ( 86.91359524864041930, -11.34795942607654595, 48.66319268689352384 ) ) ;
#5354 = CARTESIAN_POINT ( 'NONE',  ( 0.4892629760207006240, 44.45612882444888214, 275.6643461148192387 ) ) ;
#5355 = CARTESIAN_POINT ( 'NONE',  ( -42.72506312078645863, 32.60784028998979522, 187.4158577026315413 ) ) ;
#5356 = CARTESIAN_POINT ( 'NONE',  ( 149.9999999999997158, -4.914714336245090465, 438.2002728028813863 ) ) ;
#5357 = ORIENTED_EDGE ( 'NONE', *, *, #95, .F. ) ;
#5358 =( LENGTH_UNIT ( ) NAMED_UNIT ( * ) SI_UNIT ( .MILLI., .METRE. ) );
#5359 = CARTESIAN_POINT ( 'NONE',  ( 33.12278554331538771, 29.89954287735772809, 92.17177139204902403 ) ) ;
#5360 = CARTESIAN_POINT ( 'NONE',  ( -36.90097390464068638, 34.38365089878069369, 157.2004045355735116 ) ) ;
#5361 = CARTESIAN_POINT ( 'NONE',  ( -42.14204287745464939, 31.29850771630736261, 87.77355754708267455 ) ) ;
#5362 = CARTESIAN_POINT ( 'NONE',  ( 0.3842953093194057534, 44.30108555081361743, 191.7245851662234486 ) ) ;
#5363 = CARTESIAN_POINT ( 'NONE',  ( -1.083397896708238717, 47.10800371953739329, 228.9848588130912788 ) ) ;
#5364 = ORIENTED_EDGE ( 'NONE', *, *, #3824, .T. ) ;
#5365 = CARTESIAN_POINT ( 'NONE',  ( 1.881931440492321750, 43.78265726445538775, 168.8067210418599586 ) ) ;
#5366 = CARTESIAN_POINT ( 'NONE',  ( 1.194594031713569926, 41.11023420297964748, 117.2980684130853604 ) ) ;
#5367 = CARTESIAN_POINT ( 'NONE',  ( 0.9247670608693169259, 16.13791471914375109, -18.92185757000694935 ) ) ;
#5368 = CARTESIAN_POINT ( 'NONE',  ( 0.2695448450436455090, 30.58010587200591957, 41.35141756002652613 ) ) ;
#5369 = CARTESIAN_POINT ( 'NONE',  ( -2.975775260929117483, 47.25691277315787175, 182.5288109725266565 ) ) ;
#5370 = CARTESIAN_POINT ( 'NONE',  ( 1.371592355364178228, 6.821518167627450779, 500.7095233472878135 ) ) ;
#5371 = CARTESIAN_POINT ( 'NONE',  ( -23.45484308271588958, 24.35870295602298086, 42.34585083520472182 ) ) ;
#5372 = CARTESIAN_POINT ( 'NONE',  ( -6.611810512025710906, 16.54561046290216098, 457.6028839167674960 ) ) ;
#5373 = CARTESIAN_POINT ( 'NONE',  ( -1.819986413888726728, 46.88311723193771741, 199.6908687028777933 ) ) ;
#5374 = EDGE_CURVE ( 'NONE', #2771, #1269, #381, .T. ) ;
#5375 = DIRECTION ( 'NONE',  ( 0.000000000000000000, 0.2193763502603176818, 0.9756403112553633239 ) ) ;
#5376 = VECTOR ( 'NONE', #1471, 1000.000000000000000 ) ;
#5377 = CARTESIAN_POINT ( 'NONE',  ( 34.10700117952219301, 26.13475387678865403, 53.60060086407858648 ) ) ;
#5378 = CARTESIAN_POINT ( 'NONE',  ( -31.98380504506443600, 32.33964551459024506, 107.3412485530113827 ) ) ;
#5379 = CARTESIAN_POINT ( 'NONE',  ( 150.0000000000006821, 17.36217657815118542, 276.3178635875777900 ) ) ;
#5380 = PLANE ( 'NONE',  #1895 ) ;
#5381 = CARTESIAN_POINT ( 'NONE',  ( 28.34182685986741390, -0.004202851225297739302, -27.54135597287860193 ) ) ;
#5382 = EDGE_LOOP ( 'NONE', ( #3, #4161, #14, #6543 ) ) ;
#5383 = CARTESIAN_POINT ( 'NONE',  ( -17.66706868689919574, 35.44223137043923799, 94.25765463675142541 ) ) ;
#5384 = CARTESIAN_POINT ( 'NONE',  ( 0.7020998398433726528, 45.86371172239648786, 130.5683831685448695 ) ) ;
#5385 = CARTESIAN_POINT ( 'NONE',  ( 30.55838304038109143, 34.22635299986331603, 118.9410042073006366 ) ) ;
#5386 = CARTESIAN_POINT ( 'NONE',  ( -25.43317608892126458, 39.94211548572512527, 125.0000000000000568 ) ) ;
#5387 = CARTESIAN_POINT ( 'NONE',  ( 5.919498785797263629, 39.74629763774095181, 110.5149823895070114 ) ) ;
#5388 = CARTESIAN_POINT ( 'NONE',  ( 0.000000000000000000, 4.829427991817969890, -41.35103106569409448 ) ) ;
#5389 = CARTESIAN_POINT ( 'NONE',  ( -1.897151511910303734, 46.91140964979707206, 229.3722862163716343 ) ) ;
#5390 = CARTESIAN_POINT ( 'NONE',  ( -8.566846588452568412, 41.95606830229591822, 147.9881837994298337 ) ) ;
#5391 = CARTESIAN_POINT ( 'NONE',  ( -28.66915185648158726, -24.29590384187719465, -55.07514469556929271 ) ) ;
#5392 = DIRECTION ( 'NONE',  ( -1.000000000000000000, 5.602867245962735462E-30, 9.663673382530775759E-45 ) ) ;
#5393 = VERTEX_POINT ( 'NONE', #422 ) ;
#5394 = CARTESIAN_POINT ( 'NONE',  ( 28.45245272868571362, 38.43251282006546177, 230.6893527928287710 ) ) ;
#5395 = CARTESIAN_POINT ( 'NONE',  ( -0.2277891786739987545, 36.44892126824252188, 74.92250944640191790 ) ) ;
#5396 = CARTESIAN_POINT ( 'NONE',  ( -32.47863575067751185, 35.32073011891171888, 141.7646675335709858 ) ) ;
#5397 = CARTESIAN_POINT ( 'NONE',  ( 6.308850778225931322, 30.06514676572619749, 44.91746085210243677 ) ) ;
#5398 = CARTESIAN_POINT ( 'NONE',  ( -2.553569696294397229, 139.2235650228607540, 153.4838691362628822 ) ) ;
#5399 = CARTESIAN_POINT ( 'NONE',  ( -4.014872609281968430, 43.85651601794045717, 192.8116842386274357 ) ) ;
#5400 = CARTESIAN_POINT ( 'NONE',  ( 5.833484303085390010, 40.92873967100756971, 312.9953586469236484 ) ) ;
#5401 = ORIENTED_EDGE ( 'NONE', *, *, #5736, .F. ) ;
#5402 = CARTESIAN_POINT ( 'NONE',  ( 12.01588954196345682, 42.06711730705944063, 161.6260720235468398 ) ) ;
#5403 = CARTESIAN_POINT ( 'NONE',  ( -0.3941016840952059619, 41.91919523364819611, 125.5894727879710615 ) ) ;
#5404 = CARTESIAN_POINT ( 'NONE',  ( 0.7892887599068222348, 40.84728336498595525, 79.87203680722943488 ) ) ;
#5405 = CARTESIAN_POINT ( 'NONE',  ( -7.541174386709790234, 29.64203608284907077, 43.97030638389944102 ) ) ;
#5406 = CARTESIAN_POINT ( 'NONE',  ( -1.805029867453096903, 47.36785164326686726, 181.0063666560882609 ) ) ;
#5407 = CARTESIAN_POINT ( 'NONE',  ( -59.30832987030501613, -6.507826170023203183, 431.3161633550269016 ) ) ;
#5408 = DIRECTION ( 'NONE',  ( 0.000000000000000000, -0.2193763502603198745, -0.9756403112553628798 ) ) ;
#5409 = CARTESIAN_POINT ( 'NONE',  ( 1.930653681019943724, 13.87290448054163683, 472.4794235559970730 ) ) ;
#5410 = CARTESIAN_POINT ( 'NONE',  ( -2.500000000000248246, 46.80818099650653608, 198.4464620159603783 ) ) ;
#5411 = CARTESIAN_POINT ( 'NONE',  ( -7.500000000000000000, 29.65611229232975887, 44.34370561850344927 ) ) ;
#5412 = STYLED_ITEM ( 'NONE', ( #4832 ), #5848 ) ;
#5413 = EDGE_CURVE ( 'NONE', #1977, #4290, #5637, .T. ) ;
#5414 = CARTESIAN_POINT ( 'NONE',  ( -15.74465371259504209, 35.45488516345288588, 91.14680613688283017 ) ) ;
#5415 = CARTESIAN_POINT ( 'NONE',  ( -1.717673231772173903, 23.13963299835682719, 429.9848877918320227 ) ) ;
#5416 = CARTESIAN_POINT ( 'NONE',  ( 43.98202472981410693, 32.25332642936205474, 124.9999999999998863 ) ) ;
#5417 = CARTESIAN_POINT ( 'NONE',  ( 56.33277253066618329, -0.7343208053013621228, 208.3958578420063645 ) ) ;
#5418 = EDGE_LOOP ( 'NONE', ( #4154, #4722, #2980, #2896 ) ) ;
#5419 = CARTESIAN_POINT ( 'NONE',  ( -35.42837213912772398, 31.68753509628286480, 114.6770645396673700 ) ) ;
#5420 = CARTESIAN_POINT ( 'NONE',  ( -54.00102207192544768, 15.29528807115969968, 241.2492155879526479 ) ) ;
#5421 = ORIENTED_EDGE ( 'NONE', *, *, #1658, .F. ) ;
#5422 = CARTESIAN_POINT ( 'NONE',  ( 5.832867106952630998, 39.74527450272070439, 110.8532481341872398 ) ) ;
#5423 = CARTESIAN_POINT ( 'NONE',  ( -0.6316658549898256370, 47.01465818683482212, 200.1826763077941109 ) ) ;
#5424 = CARTESIAN_POINT ( 'NONE',  ( 14.22154162940553412, 39.87381858910683263, 132.1568706530478892 ) ) ;
#5425 = CARTESIAN_POINT ( 'NONE',  ( -1.733348263405259271, 31.56952604277959296, 29.57366796039476498 ) ) ;
#5426 = CARTESIAN_POINT ( 'NONE',  ( -47.69512756224418126, 13.92142524552201266, 338.3749908464645841 ) ) ;
#5427 = CARTESIAN_POINT ( 'NONE',  ( -4.514982272095052096, 42.50306902453926483, 146.0527588178141514 ) ) ;
#5428 = CARTESIAN_POINT ( 'NONE',  ( -0.7315842355799940799, -9.573308037895744249, 557.6533037653249494 ) ) ;
#5429 = B_SPLINE_CURVE_WITH_KNOTS ( 'NONE', 3,
 ( #1957, #308, #4888, #196, #1998, #4359, #1356, #7210, #5449, #2524, #6614, #3718, #3197, #793, #3123, #4242 ),
 .UNSPECIFIED., .F., .F.,
 ( 4, 2, 2, 2, 2, 2, 2, 4 ),
 ( 1.095044194210359478E-17, 0.0003915094400514163215, 0.0007830188801028213673, 0.001174528320154226684, 0.001566037760205631676, 0.001957547200257036667, 0.002349056640308441659, 0.003132075520411252510 ),
 .UNSPECIFIED. ) ;
#5430 = CARTESIAN_POINT ( 'NONE',  ( -0.5616888294305424356, 39.43753103964069595, 97.15557068107584371 ) ) ;
#5431 = ORIENTED_EDGE ( 'NONE', *, *, #6851, .T. ) ;
#5432 = VECTOR ( 'NONE', #3872, 1000.000000000000227 ) ;
#5433 = DIRECTION ( 'NONE',  ( 0.000000000000000000, 0.000000000000000000, -1.000000000000000000 ) ) ;
#5434 = CARTESIAN_POINT ( 'NONE',  ( 0.6164359718287063528, 36.34298807531225606, 74.94444197323282708 ) ) ;
#5435 = CARTESIAN_POINT ( 'NONE',  ( 0.3773771301915173071, 41.30398309735594609, 117.1681606311544073 ) ) ;
#5436 = CARTESIAN_POINT ( 'NONE',  ( -2.794172847665929549, 47.32748690611329323, 199.2968387433116106 ) ) ;
#5437 = CARTESIAN_POINT ( 'NONE',  ( -34.62138223717828822, 36.07045033992070415, 227.6127024725728063 ) ) ;
#5438 = CARTESIAN_POINT ( 'NONE',  ( 149.9999999999998010, 15.67153765998659942, 312.2062866230721170 ) ) ;
#5439 = VERTEX_POINT ( 'NONE', #6763 ) ;
#5440 = CARTESIAN_POINT ( 'NONE',  ( 25.39843790453326378, 39.66280548258339422, 183.4746974907261006 ) ) ;
#5441 = CARTESIAN_POINT ( 'NONE',  ( -0.3332228854916159388, 41.91187936433059491, 125.5897846443607477 ) ) ;
#5442 = CARTESIAN_POINT ( 'NONE',  ( 2.238582030903766729, 43.98938502743245493, 105.2905442681973369 ) ) ;
#5443 = CARTESIAN_POINT ( 'NONE',  ( -5.553268201206056354, 31.48912273042255094, 51.25080746552529831 ) ) ;
#5444 = CARTESIAN_POINT ( 'NONE',  ( -1.753970747978916611, 47.38088567795931283, 181.6186274704911909 ) ) ;
#5445 = CARTESIAN_POINT ( 'NONE',  ( -2.560296908970711272, -8.941921420989110914, 555.3173611246556902 ) ) ;
#5446 = CARTESIAN_POINT ( 'NONE',  ( -0.5000000000002385869, 46.99765288993000212, 180.6826763077941109 ) ) ;
#5447 = CARTESIAN_POINT ( 'NONE',  ( -6.244008511223442248, 25.66205074593666069, 414.3400517412663362 ) ) ;
#5448 = CARTESIAN_POINT ( 'NONE',  ( -2.025956060054279195, 47.40098771661680388, 199.4823073875775492 ) ) ;
#5449 = CARTESIAN_POINT ( 'NONE',  ( -1.819400446159731510, 43.95406717548804920, 181.6739691136664305 ) ) ;
#5450 = CARTESIAN_POINT ( 'NONE',  ( -150.0000000000000284, -1.592874936842195055, 207.1259537470125736 ) ) ;
#5451 = CARTESIAN_POINT ( 'NONE',  ( 0.3246246646018727255, 37.69247164807057970, 83.36130605143088701 ) ) ;
#5452 = CARTESIAN_POINT ( 'NONE',  ( 149.9999999999999716, 14.23858967693923105, 324.3781664693334506 ) ) ;
#5453 = CARTESIAN_POINT ( 'NONE',  ( 2.000622096116235760, 45.02183110758376472, 124.9999999952330256 ) ) ;
#5454 = CARTESIAN_POINT ( 'NONE',  ( -2.846830710822273236, -1.888371530433603951, -51.63176871257518741 ) ) ;
#5455 = ORIENTED_EDGE ( 'NONE', *, *, #3952, .F. ) ;
#5456 = CARTESIAN_POINT ( 'NONE',  ( -19.57372215414722660, 60.00000000000000711, 213.8493121098462098 ) ) ;
#5457 = CARTESIAN_POINT ( 'NONE',  ( 0.000000000000000000, 40.74795199264384848, 79.83585004708851329 ) ) ;
#5458 = ORIENTED_EDGE ( 'NONE', *, *, #22, .T. ) ;
#5459 = CARTESIAN_POINT ( 'NONE',  ( 0.08109548517296912007, 40.48503173662736998, 109.1074138662347082 ) ) ;
#5460 = CARTESIAN_POINT ( 'NONE',  ( -9.053569696294415436, 41.75449789290554037, 148.4838691362627685 ) ) ;
#5461 = CARTESIAN_POINT ( 'NONE',  ( 9.732122851387984497, 40.59163573467596819, 129.3433045268313037 ) ) ;
#5462 = CARTESIAN_POINT ( 'NONE',  ( -1.697371585504689362, 34.35707238260560814, 42.06053201340118619 ) ) ;
#5463 = CARTESIAN_POINT ( 'NONE',  ( -1.661913757546996440, 42.51371960543011141, 298.3404751548967511 ) ) ;
#5464 = CARTESIAN_POINT ( 'NONE',  ( -8.835469859655203706, 41.30568385901631245, 136.2917997535897996 ) ) ;
#5465 = CARTESIAN_POINT ( 'NONE',  ( -0.000000000000000000, -19.80119957717566237, -71.13603959821548983 ) ) ;
#5466 = CARTESIAN_POINT ( 'NONE',  ( 49.47013515494106883, 25.83661639585420744, 134.3427503065329347 ) ) ;
#5467 = ORIENTED_EDGE ( 'NONE', *, *, #7105, .F. ) ;
#5468 = FACE_OUTER_BOUND ( 'NONE', #2456, .T. ) ;
#5469 = CARTESIAN_POINT ( 'NONE',  ( 32.55329529418990830, 31.11959419597398835, 99.75650997253019625 ) ) ;
#5470 = CARTESIAN_POINT ( 'NONE',  ( -1.526035666999949303, 41.06877477500232487, 117.3657551062741362 ) ) ;
#5471 = CARTESIAN_POINT ( 'NONE',  ( 2.808016450997918579E-14, 40.74795199264384848, 79.83585004708851329 ) ) ;
#5472 = CARTESIAN_POINT ( 'NONE',  ( -7.184517956345284340, 42.10722577412337841, 146.4838691362627685 ) ) ;
#5473 = CARTESIAN_POINT ( 'NONE',  ( -32.02970282961150872, 37.28199664388485957, 224.2809213149958509 ) ) ;
#5474 = CARTESIAN_POINT ( 'NONE',  ( -0.4892629760207006240, 44.45612882444888214, 275.6643461148192387 ) ) ;
#5475 = CARTESIAN_POINT ( 'NONE',  ( 7.538160845627000839, 42.71271210983774580, 159.3047942224944222 ) ) ;
#5476 = CARTESIAN_POINT ( 'NONE',  ( -0.3997930609305007099, 32.21310359018567482, 49.72125633840605730 ) ) ;
#5477 = CARTESIAN_POINT ( 'NONE',  ( -10.71961130750829305, 36.07779793481478237, 62.31912070581579144 ) ) ;
#5478 = AXIS2_PLACEMENT_3D ( 'NONE', #4412, #3209, #4372 ) ;
#5479 = CARTESIAN_POINT ( 'NONE',  ( 0.3611186293510273426, 30.59123828034435988, 41.35783678609143266 ) ) ;
#5480 = CARTESIAN_POINT ( 'NONE',  ( -2.089676346246919003, 46.79817619463866407, 181.9620028670419458 ) ) ;
#5481 = CARTESIAN_POINT ( 'NONE',  ( 0.000000000000000000, 0.000000000000000000, 200.1826763077941393 ) ) ;
#5482 = CARTESIAN_POINT ( 'NONE',  ( 0.7629687190354013104, 46.96426205379153629, 181.1826763077940825 ) ) ;
#5483 = CARTESIAN_POINT ( 'NONE',  ( -150.0000000000000568, 0.2544905633191389405, 409.6453932724846823 ) ) ;
#5484 = DIRECTION ( 'NONE',  ( -3.361026734705083861E-15, 0.000000000000000000, 1.000000000000000000 ) ) ;
#5485 = EDGE_CURVE ( 'NONE', #3663, #2724, #6163, .T. ) ;
#5486 = DIRECTION ( 'NONE',  ( 0.000000000000000000, 0.9756403112553634349, -0.2193763502603177096 ) ) ;
#5487 = CARTESIAN_POINT ( 'NONE',  ( -12.53024648189237311, -15.07893345480093927, -60.27095919175482663 ) ) ;
#5488 = CARTESIAN_POINT ( 'NONE',  ( -1.657127608045726452, 37.44245438236642798, 83.53577092088501388 ) ) ;
#5489 = CARTESIAN_POINT ( 'NONE',  ( 47.31906922256367665, 15.57846502002442612, 326.4192049172317525 ) ) ;
#5490 = CARTESIAN_POINT ( 'NONE',  ( 54.82390645621840264, 12.55502082587985413, 233.5480463257898407 ) ) ;
#5491 = ORIENTED_EDGE ( 'NONE', *, *, #1260, .F. ) ;
#5492 = CARTESIAN_POINT ( 'NONE',  ( -18.12237182846139660, 33.65112449147941476, 82.75271676850982772 ) ) ;
#5493 = CARTESIAN_POINT ( 'NONE',  ( 1.733348263405259271, 31.56952604277959296, 29.57366796039476498 ) ) ;
#5494 = ORIENTED_EDGE ( 'NONE', *, *, #1714, .F. ) ;
#5495 = CARTESIAN_POINT ( 'NONE',  ( -0.5572087693231413397, 40.56394180057069576, 109.1046108618457566 ) ) ;
#5496 = CARTESIAN_POINT ( 'NONE',  ( -7.500000000000000000, 29.59506050207342653, 44.25806788755794940 ) ) ;
#5497 = CARTESIAN_POINT ( 'NONE',  ( 1.170807385076372276, 41.72924881469362646, 125.7273930995745417 ) ) ;
#5498 = VECTOR ( 'NONE', #2713, 1000.000000000000000 ) ;
#5499 = CARTESIAN_POINT ( 'NONE',  ( -2.774301182607950889, 16.29813119291236490, -18.81720599228084723 ) ) ;
#5500 = CARTESIAN_POINT ( 'NONE',  ( 0.9419369969250757091, 41.02800531393226180, 312.7688498949498808 ) ) ;
#5501 = CARTESIAN_POINT ( 'NONE',  ( -2.098254745448207448, 41.36309598348800165, 121.3893536364565904 ) ) ;
#5502 = CARTESIAN_POINT ( 'NONE',  ( -1.462097396393197579, -8.755891532203142091, 555.1105562664688478 ) ) ;
#5503 = CARTESIAN_POINT ( 'NONE',  ( -0.2610997185405177778, 39.39988982255304961, 97.14737499507906193 ) ) ;
#5504 = EDGE_LOOP ( 'NONE', ( #6911, #574, #6504, #4299, #927, #4798, #669, #3393, #4934, #5120, #6624, #110, #1897, #7345, #4703, #4733, #5716, #1450, #3112, #7258, #608 ) ) ;
#5505 = LINE ( 'NONE', #368, #6102 ) ;
#5506 = FACE_OUTER_BOUND ( 'NONE', #3089, .T. ) ;
#5507 = CARTESIAN_POINT ( 'NONE',  ( 0.06947617659290006298, 37.64284220856812624, 83.35757504038443244 ) ) ;
#5508 = CARTESIAN_POINT ( 'NONE',  ( 0.3570298662500708264, 40.55353429128663123, 108.7210648860906872 ) ) ;
#5509 = CARTESIAN_POINT ( 'NONE',  ( 0.3333537903800699032, 44.10515492804138660, 181.1826763077941109 ) ) ;
#5510 = EDGE_CURVE ( 'NONE', #5750, #876, #2284, .T. ) ;
#5511 = CARTESIAN_POINT ( 'NONE',  ( 7.500000000000000000, 29.59506050207342653, 44.25806788755794940 ) ) ;
#5512 = CARTESIAN_POINT ( 'NONE',  ( -4.253691703516718547, 43.50658607524745491, 169.5988590969512586 ) ) ;
#5513 = CARTESIAN_POINT ( 'NONE',  ( -0.9419369969250757091, 41.02800531393226180, 312.7688498949498808 ) ) ;
#5514 = B_SPLINE_CURVE_WITH_KNOTS ( 'NONE', 3,
 ( #2967, #117, #7285, #6012 ),
 .UNSPECIFIED., .F., .F.,
 ( 4, 4 ),
 ( 1.040834085586084103E-17, 0.002573726639899347624 ),
 .UNSPECIFIED. ) ;
#5515 = CARTESIAN_POINT ( 'NONE',  ( -0.2874529604235502855, 44.29218194435980394, 191.7333242856803395 ) ) ;
#5516 = CARTESIAN_POINT ( 'NONE',  ( 4.866381304232199057, 29.96884204976846178, 42.55048661407025890 ) ) ;
#5517 = CARTESIAN_POINT ( 'NONE',  ( -9.706193483868752026, -6.012392168603122755, 533.3392366149785175 ) ) ;
#5518 = FACE_OUTER_BOUND ( 'NONE', #3561, .T. ) ;
#5519 = CARTESIAN_POINT ( 'NONE',  ( -7.921529315462088938, 29.59460504168593786, 44.18733884203113149 ) ) ;
#5520 = CARTESIAN_POINT ( 'NONE',  ( -0.7621554981630449532, 46.96436531364575728, 181.1826763077942246 ) ) ;
#5521 = CARTESIAN_POINT ( 'NONE',  ( 0.000000000000000000, 47.55174634256897548, 180.8104526644841599 ) ) ;
#5522 = DIRECTION ( 'NONE',  ( 0.000000000000000000, 0.5804949134221341067, 0.8142638733795261041 ) ) ;
#5523 = B_SPLINE_CURVE_WITH_KNOTS ( 'NONE', 3,
 ( #6066, #2691, #3847, #2125, #6665, #6142, #3806, #4941 ),
 .UNSPECIFIED., .F., .F.,
 ( 4, 2, 2, 4 ),
 ( 0.05875398314366218205, 0.07284798131456292347, 0.08694197948546367183, 0.1151299758272651130 ),
 .UNSPECIFIED. ) ;
#5524 = AXIS2_PLACEMENT_3D ( 'NONE', #5114, #3793, #1129 ) ;
#5525 = CARTESIAN_POINT ( 'NONE',  ( -1.499792506910988310, 46.91887443383378553, 199.9197544776538962 ) ) ;
#5526 = CARTESIAN_POINT ( 'NONE',  ( 1.499740966673865472, 44.03241270162072851, 199.9197840436926867 ) ) ;
#5527 = CARTESIAN_POINT ( 'NONE',  ( 6.108377751525031485, 40.83959000069560119, 122.9615167376429099 ) ) ;
#5528 = CARTESIAN_POINT ( 'NONE',  ( -12.56828236095124929, -24.59226084328281203, -70.07999748860358125 ) ) ;
#5529 = CARTESIAN_POINT ( 'NONE',  ( 0.3464799826159060125, 37.69522403094227769, 83.36209607363502982 ) ) ;
#5530 = CARTESIAN_POINT ( 'NONE',  ( 150.0000000000001421, 9.607543969010292173, 355.1325008380466102 ) ) ;
#5531 = CARTESIAN_POINT ( 'NONE',  ( -0.3612887184558932208, 47.54307487969235524, 200.6868058921096747 ) ) ;
#5532 = CARTESIAN_POINT ( 'NONE',  ( 25.82676969938875899, 28.08943016872629528, 44.17302050310121331 ) ) ;
#5533 = EDGE_LOOP ( 'NONE', ( #2532, #3803, #4556, #6527 ) ) ;
#5534 = LINE ( 'NONE', #6699, #820 ) ;
#5535 = CARTESIAN_POINT ( 'NONE',  ( 1.848321708431225563, 47.83361918596382623, 180.4427191032446558 ) ) ;
#5536 = EDGE_LOOP ( 'NONE', ( #5925, #4827, #3572, #5753 ) ) ;
#5537 = CARTESIAN_POINT ( 'NONE',  ( 46.17394054115145963, 29.83809291939431674, 160.9201687991593985 ) ) ;
#5538 = CARTESIAN_POINT ( 'NONE',  ( 0.000000000000000000, 47.47187660769792927, 209.4376641302813482 ) ) ;
#5539 = CARTESIAN_POINT ( 'NONE',  ( 1.496078027679176303, 41.68907911260853894, 125.7944284194259268 ) ) ;
#5540 = CARTESIAN_POINT ( 'NONE',  ( 149.9999999999999716, 10.35078035734875535, 226.4890547709782993 ) ) ;
#5541 = CARTESIAN_POINT ( 'NONE',  ( -149.9999999999995737, 11.19476107030966361, 345.2779431210030907 ) ) ;
#5542 = CARTESIAN_POINT ( 'NONE',  ( -31.65065269731352871, 36.51328328899615627, 156.4826441236056951 ) ) ;
#5543 = CARTESIAN_POINT ( 'NONE',  ( -12.53024648189237311, -15.07893345480093927, -60.27095919175482663 ) ) ;
#5544 = CARTESIAN_POINT ( 'NONE',  ( 2.281418134954573240, 37.65857811076310213, 85.49206079106933487 ) ) ;
#5545 = EDGE_LOOP ( 'NONE', ( #5625, #4553, #1964, #2545, #2085 ) ) ;
#5546 = LINE ( 'NONE', #6113, #3846 ) ;
#5547 = CARTESIAN_POINT ( 'NONE',  ( -7.500000000000000000, 24.89192133595483725, 23.34162837863042839 ) ) ;
#5548 = CARTESIAN_POINT ( 'NONE',  ( 3.787723224579192749, 37.17015445662799777, 84.16826035662839445 ) ) ;
#5549 = CARTESIAN_POINT ( 'NONE',  ( -26.74032116775051193, 36.09544826027465803, 126.3142747086457831 ) ) ;
#5550 = CARTESIAN_POINT ( 'NONE',  ( 0.000000000000000000, 45.26229104882621357, 124.9999962631073203 ) ) ;
#5551 = DIRECTION ( 'NONE',  ( 0.000000000000000000, 0.000000000000000000, 1.000000000000000000 ) ) ;
#5552 = CARTESIAN_POINT ( 'NONE',  ( -6.353743537271359543, 43.41211551050851369, 182.1390727760029051 ) ) ;
#5553 = CARTESIAN_POINT ( 'NONE',  ( -1.436093927849406482, 36.00353229043267334, 354.6852225388742568 ) ) ;
#5554 = VECTOR ( 'NONE', #5922, 1000.000000000000000 ) ;
#5555 = CARTESIAN_POINT ( 'NONE',  ( 0.4750564409345270356, 44.07892872015693797, 180.1750045451675533 ) ) ;
#5556 = CARTESIAN_POINT ( 'NONE',  ( 27.23242968622813009, 25.13171210693298363, 51.52317394112624527 ) ) ;
#5557 = CARTESIAN_POINT ( 'NONE',  ( -2.554997525492479937, -7.414538782993829180, 550.3635908939758110 ) ) ;
#5558 = CARTESIAN_POINT ( 'NONE',  ( 9.053569696294232472, 43.14593247498685002, 206.4838691362629390 ) ) ;
#5559 = CARTESIAN_POINT ( 'NONE',  ( -0.7445346004526385286, 26.55884090297383437, 24.83102338424257027 ) ) ;
#5560 = B_SPLINE_CURVE_WITH_KNOTS ( 'NONE', 3,
 ( #4614, #1, #1794, #5777, #4578, #1196 ),
 .UNSPECIFIED., .F., .F.,
 ( 4, 2, 4 ),
 ( 0.000000000000000000, 0.02900672882675189856, 0.05801345765350379713 ),
 .UNSPECIFIED. ) ;
#5561 = CARTESIAN_POINT ( 'NONE',  ( 2.339449086157818724E-28, 41.75449789290554037, 146.4838691362627401 ) ) ;
#5562 = CARTESIAN_POINT ( 'NONE',  ( -5.551620045011604887, 42.69920818264554896, 153.4838691362627117 ) ) ;
#5563 = CARTESIAN_POINT ( 'NONE',  ( -0.5000000000002424727, 46.99765288992998080, 181.1826763077939972 ) ) ;
#5564 = AXIS2_PLACEMENT_3D ( 'NONE', #1211, #3568, #649 ) ;
#5565 = CARTESIAN_POINT ( 'NONE',  ( -47.95336329600104364, 33.73484249250626732, 192.1437596984836205 ) ) ;
#5566 = CARTESIAN_POINT ( 'NONE',  ( 9.053569696294418989, 41.89642500607784825, 148.4838691362627685 ) ) ;
#5567 = CARTESIAN_POINT ( 'NONE',  ( 23.65418311059426415, 38.70256339497878884, 146.6420143197738639 ) ) ;
#5568 = CARTESIAN_POINT ( 'NONE',  ( -0.000000000000000000, -10.00000000000000000, -61.05776287854492068 ) ) ;
#5569 = CARTESIAN_POINT ( 'NONE',  ( -7.441932714849658126, 35.46383705085380456, 77.47217679216898034 ) ) ;
#5570 = CARTESIAN_POINT ( 'NONE',  ( 42.82036082025610568, 33.85106947388772625, 320.0000000000000568 ) ) ;
#5571 = CARTESIAN_POINT ( 'NONE',  ( -0.1789940760121473962, 47.55881636619673714, 200.6868754940630026 ) ) ;
#5572 = CARTESIAN_POINT ( 'NONE',  ( -0.8834387404823768053, 28.31537238341890372, 17.13475425666132068 ) ) ;
#5573 = ORIENTED_EDGE ( 'NONE', *, *, #2732, .T. ) ;
#5574 = CARTESIAN_POINT ( 'NONE',  ( -2.435829816636079226, 46.76007944683320261, 182.6633979670292263 ) ) ;
#5575 = CARTESIAN_POINT ( 'NONE',  ( -47.66603692990846497, 18.68161657458673020, 299.3736835281314370 ) ) ;
#5576 = ORIENTED_EDGE ( 'NONE', *, *, #3824, .F. ) ;
#5577 = CARTESIAN_POINT ( 'NONE',  ( 2.296727387630285833, 46.77426639546485632, 182.2944233728404981 ) ) ;
#5578 = EDGE_CURVE ( 'NONE', #4761, #3708, #4343, .T. ) ;
#5579 = CARTESIAN_POINT ( 'NONE',  ( 0.000000000000000000, 47.53685345893472203, 205.0502079315929223 ) ) ;
#5580 = DIRECTION ( 'NONE',  ( 0.000000000000000000, -1.000000000000000000, 0.000000000000000000 ) ) ;
#5581 = CARTESIAN_POINT ( 'NONE',  ( -0.8666741317026296354, 31.46901978515835552, 29.51441602890792737 ) ) ;
#5582 = CARTESIAN_POINT ( 'NONE',  ( -37.43434600815625402, 3.497723437920143397, 446.0507749091595429 ) ) ;
#5583 = CARTESIAN_POINT ( 'NONE',  ( 0.4373746307672851663, 40.54916098592827467, 109.1023911711795904 ) ) ;
#5584 = CARTESIAN_POINT ( 'NONE',  ( -56.33277253066618329, -0.7343208053013621228, 208.3958578420063645 ) ) ;
#5585 = EDGE_CURVE ( 'NONE', #858, #2926, #3229, .T. ) ;
#5586 = CARTESIAN_POINT ( 'NONE',  ( -0.3704929334119429485, 37.99439710133220416, 85.17292965409249916 ) ) ;
#5587 = ORIENTED_EDGE ( 'NONE', *, *, #4672, .F. ) ;
#5588 = CARTESIAN_POINT ( 'NONE',  ( 7.570441669380034710E-14, 44.16555015067614676, 200.1826763077939120 ) ) ;
#5589 = CARTESIAN_POINT ( 'NONE',  ( -0.003283031250328214377, 47.57437183182042162, 200.6869438715834519 ) ) ;
#5590 = CARTESIAN_POINT ( 'NONE',  ( 6.014420446362329642, 35.65402882649195249, 76.72049922254629450 ) ) ;
#5591 = CARTESIAN_POINT ( 'NONE',  ( 0.3969868183167233888, 39.65736301103343209, 100.2706493110730150 ) ) ;
#5592 = CARTESIAN_POINT ( 'NONE',  ( -39.63749387989575013, 26.52228091262966103, 69.18754356468517130 ) ) ;
#5593 = CARTESIAN_POINT ( 'NONE',  ( -8.848891946591072255, 41.88554062637007291, 147.5928433260501436 ) ) ;
#5594 = CARTESIAN_POINT ( 'NONE',  ( -7.078344470973788383, 43.32016464667927380, 182.4620579081166909 ) ) ;
#5595 = CARTESIAN_POINT ( 'NONE',  ( 40.64279130071612656, 19.78146202829371347, 391.0697883059202695 ) ) ;
#5596 = B_SPLINE_CURVE_WITH_KNOTS ( 'NONE', 3,
 ( #6867, #6338, #3448, #2888 ),
 .UNSPECIFIED., .F., .F.,
 ( 4, 4 ),
 ( 0.000000000000000000, 0.0005940476068762842515 ),
 .UNSPECIFIED. ) ;
#5597 = CARTESIAN_POINT ( 'NONE',  ( 5.991443085364389631, 43.45809094052984278, 181.9775802148161858 ) ) ;
#5598 = CARTESIAN_POINT ( 'NONE',  ( 22.66447518041209364, 25.84274786349924469, 46.66761077597946183 ) ) ;
#5599 = CARTESIAN_POINT ( 'NONE',  ( 0.7317949095089628653, -9.968616617790203804, 558.9098446958789737 ) ) ;
#5600 = CARTESIAN_POINT ( 'NONE',  ( 5.551690055571850912, 43.57135542997895783, 206.4838691362628254 ) ) ;
#5601 = CARTESIAN_POINT ( 'NONE',  ( 0.02262840190447622940, 28.72447294725411737, 33.02935121014299824 ) ) ;
#5602 = CARTESIAN_POINT ( 'NONE',  ( 1.796036740425316580, 47.41671490458571725, 200.3574387676362107 ) ) ;
#5603 = FACE_OUTER_BOUND ( 'NONE', #6635, .T. ) ;
#5604 = B_SPLINE_CURVE_WITH_KNOTS ( 'NONE', 3,
 ( #2776, #453, #2704, #5067, #4993, #2138 ),
 .UNSPECIFIED., .F., .F.,
 ( 4, 2, 4 ),
 ( 2.775557561562891043E-17, 0.02937069614456968430, 0.05874139228913934085 ),
 .UNSPECIFIED. ) ;
#5605 = CARTESIAN_POINT ( 'NONE',  ( -47.32026357224366819, 33.03532151007922124, 144.5179263471426054 ) ) ;
#5606 = CARTESIAN_POINT ( 'NONE',  ( 8.638828147790434286, 41.90406905748793776, 147.2573693541899047 ) ) ;
#5607 = CARTESIAN_POINT ( 'NONE',  ( 8.269892405033479221, 40.53915554146316680, 124.0604423224831834 ) ) ;
#5608 = CARTESIAN_POINT ( 'NONE',  ( -0.000000000000000000, -8.574914396861032628, -59.59239050809556204 ) ) ;
#5609 = CARTESIAN_POINT ( 'NONE',  ( 0.3302021862619082260, 35.23039783186435159, 66.49157801729664641 ) ) ;
#5610 = CARTESIAN_POINT ( 'NONE',  ( 52.26163914926329568, 6.411420321105841147, 377.3440233945722184 ) ) ;
#5611 = CARTESIAN_POINT ( 'NONE',  ( -1.759900027852658866, 44.03863473903188464, 203.6289569102379744 ) ) ;
#5612 = CARTESIAN_POINT ( 'NONE',  ( 0.000000000000000000, 31.36851352753711808, 29.45516409742108621 ) ) ;
#5613 = ADVANCED_FACE ( 'NONE', ( #5518 ), #3907, .F. ) ;
#5614 = ORIENTED_EDGE ( 'NONE', *, *, #831, .F. ) ;
#5615 = CARTESIAN_POINT ( 'NONE',  ( -2.397115117547874430, 46.76370231746894035, 182.5359830774282557 ) ) ;
#5616 = CARTESIAN_POINT ( 'NONE',  ( -2.020103609511816778, 47.45192383060642527, 205.2836370420775722 ) ) ;
#5617 = VERTEX_POINT ( 'NONE', #3828 ) ;
#5618 = CARTESIAN_POINT ( 'NONE',  ( 2.235142255130258881, 46.78118479292761833, 182.1794834603133779 ) ) ;
#5619 = CARTESIAN_POINT ( 'NONE',  ( -5.551690055571852689, 41.75449789290544800, 206.4838691362627969 ) ) ;
#5620 =( BOUNDED_SURFACE ( )  B_SPLINE_SURFACE ( 3, 2, ( 
 ( #985, #4236, #826 ),
 ( #4353, #3192, #303 ),
 ( #3231, #3117, #4313 ),
 ( #1991, #2595, #5369 ),
 ( #4883, #1389, #3788 ),
 ( #6086, #6049, #6647 ),
 ( #6687, #2108, #229 ),
 ( #5480, #4843, #7167 ),
 ( #2031, #3713, #3677 ),
 ( #6608, #2519, #1427 ),
 ( #1952, #5444, #342 ),
 ( #4277, #1462, #5406 ),
 ( #5970, #6010, #864 ),
 ( #6532, #941, #4961 ),
 ( #5520, #3752, #383 ),
 ( #900, #1499, #2634 ) ),
 .UNSPECIFIED., .F., .F., .T. ) 
 B_SPLINE_SURFACE_WITH_KNOTS ( ( 4, 2, 2, 2, 2, 2, 2, 4 ),
 ( 3, 3 ),
 ( 0.000000000000000000, 0.0004893763327853002101, 0.0009787526655706004202, 0.001468128998355900522, 0.001957505331141200840, 0.002446881663926501159, 0.002936257996711801044, 0.003915010662282401681 ),
 ( 0.000000000000000000, 1.000000000000000000 ),
 .UNSPECIFIED. ) 
 GEOMETRIC_REPRESENTATION_ITEM ( )  RATIONAL_B_SPLINE_SURFACE ( (
 ( 1.000000000000000000, 0.6665281237600904074, 1.000000000000000000),
 ( 1.000000000000000000, 0.6662192138512886830, 1.000000000000000000),
 ( 1.000000000000000000, 0.6662051708371689029, 1.000000000000000000),
 ( 1.000000000000000000, 0.6667520536543657395, 1.000000000000000000),
 ( 1.000000000000000000, 0.6673232268605377993, 1.000000000000000000),
 ( 1.000000000000000000, 0.6690109038425875454, 1.000000000000000000),
 ( 1.000000000000000000, 0.6701172707276864537, 1.000000000000000000),
 ( 1.000000000000000000, 0.6728239491525166427, 1.000000000000000000),
 ( 1.000000000000000000, 0.6744378745830613697, 1.000000000000000000),
 ( 1.000000000000000000, 0.6779948320057750388, 1.000000000000000000),
 ( 1.000000000000000000, 0.6799502809582308460, 1.000000000000000000),
 ( 1.000000000000000000, 0.6841858189435906512, 1.000000000000000000),
 ( 1.000000000000000000, 0.6864284838495945396, 1.000000000000000000),
 ( 1.000000000000000000, 0.6933301996784154708, 1.000000000000000000),
 ( 1.000000000000000000, 0.6982853219702024328, 1.000000000000000000),
 ( 1.000000000000000000, 0.7030646738580362820, 1.000000000000000000) ) ) 
 REPRESENTATION_ITEM ( '' )  SURFACE ( )  );
#5621 = CARTESIAN_POINT ( 'NONE',  ( -1.646572234496929799, 37.62464340957060926, 58.81954004802969393 ) ) ;
#5622 = CARTESIAN_POINT ( 'NONE',  ( 1.860595957264360667, 17.11377713728215255, 458.4002198587525072 ) ) ;
#5623 = CARTESIAN_POINT ( 'NONE',  ( -42.25876485666677240, 32.12478574610200610, 163.6115946559091014 ) ) ;
#5624 = CARTESIAN_POINT ( 'NONE',  ( -0.000000000000000000, -5.832248506198543403, -56.54747634531298672 ) ) ;
#5625 = ORIENTED_EDGE ( 'NONE', *, *, #5282, .T. ) ;
#5626 = FACE_OUTER_BOUND ( 'NONE', #1555, .T. ) ;
#5627 = CARTESIAN_POINT ( 'NONE',  ( -19.80743490541562579, 38.03957346311013055, 125.0000000000000853 ) ) ;
#5628 = CARTESIAN_POINT ( 'NONE',  ( 3.020984713318741299, 38.32333971022180208, 92.35063889132854342 ) ) ;
#5629 = CARTESIAN_POINT ( 'NONE',  ( -5.587499551228211736, 39.79093887138093777, 110.3570395522210958 ) ) ;
#5630 = CARTESIAN_POINT ( 'NONE',  ( -30.19014203700274024, 38.36920489510013255, 125.0000000000000568 ) ) ;
#5631 = CARTESIAN_POINT ( 'NONE',  ( 11.98778555751061958, 25.27107203625240572, 30.18713010993207391 ) ) ;
#5632 = CARTESIAN_POINT ( 'NONE',  ( -6.175993877474172500, 43.26652979552067535, 170.4264045495601465 ) ) ;
#5633 = CARTESIAN_POINT ( 'NONE',  ( 149.9999999999995453, 8.360301161202400522, 362.6762669712815068 ) ) ;
#5634 = CARTESIAN_POINT ( 'NONE',  ( 6.855224059562843308, 43.52139595351439283, 193.9772663789469789 ) ) ;
#5635 = CARTESIAN_POINT ( 'NONE',  ( -0.2376800818209823252, 32.19321015785637030, 49.71099669899336959 ) ) ;
#5636 = CARTESIAN_POINT ( 'NONE',  ( -59.71558549167485808, -8.266634582424307709, 438.4425714590527150 ) ) ;
#5637 = LINE ( 'NONE', #4510, #857 ) ;
#5638 = CARTESIAN_POINT ( 'NONE',  ( -7.255257615646525160, 27.87674317300934135, 35.51011594104343061 ) ) ;
#5639 = CARTESIAN_POINT ( 'NONE',  ( 0.8709997188274930524, 47.49846719642967230, 200.6704739227241134 ) ) ;
#5640 = CARTESIAN_POINT ( 'NONE',  ( -28.70955501447409119, 42.21992606231559364, 212.3980660780622713 ) ) ;
#5641 = PLANE ( 'NONE',  #1319 ) ;
#5642 = CARTESIAN_POINT ( 'NONE',  ( 2.915318676290671984, 42.10321710126400063, 133.5498070179578178 ) ) ;
#5643 = CARTESIAN_POINT ( 'NONE',  ( -150.0000000000000284, 4.861445216433631700, 214.0141223977753668 ) ) ;
#5644 = CARTESIAN_POINT ( 'NONE',  ( -28.85934919873552573, 31.89121829187983792, 95.24945160368925201 ) ) ;
#5645 = CARTESIAN_POINT ( 'NONE',  ( 10.87137964986494865, 12.27380154565681281, 466.5267389959417415 ) ) ;
#5646 = CARTESIAN_POINT ( 'NONE',  ( -41.36673862610336272, 32.27882137530549755, 245.6074235787841644 ) ) ;
#5647 = CARTESIAN_POINT ( 'NONE',  ( -1.766877480964753611, 28.41324036064381175, 17.19561693595092322 ) ) ;
#5648 = VERTEX_POINT ( 'NONE', #460 ) ;
#5649 = CARTESIAN_POINT ( 'NONE',  ( -37.67781354732362331, 21.99071670791197519, 61.10853486711258853 ) ) ;
#5650 = CARTESIAN_POINT ( 'NONE',  ( 0.6161072361437418543, 47.71231197339022856, 180.5334442090090192 ) ) ;
#5651 = ORIENTED_EDGE ( 'NONE', *, *, #2115, .F. ) ;
#5652 = CARTESIAN_POINT ( 'NONE',  ( 2.247803760084772229, 47.33442592146752759, 182.2017882522016521 ) ) ;
#5653 = EDGE_CURVE ( 'NONE', #3624, #1631, #3897, .T. ) ;
#5654 = CARTESIAN_POINT ( 'NONE',  ( 42.14204287745560151, 22.49657194017423478, 87.77355754708976576 ) ) ;
#5655 = CARTESIAN_POINT ( 'NONE',  ( 23.38038312808035002, 37.38833027712956891, 92.04395209074077400 ) ) ;
#5656 = CARTESIAN_POINT ( 'NONE',  ( -2.253861092064105787, 13.62000221831030800, 472.6187073565538412 ) ) ;
#5657 = CARTESIAN_POINT ( 'NONE',  ( -0.09150637487245663615, 39.35563637826158612, 97.15064713599036850 ) ) ;
#5658 = CARTESIAN_POINT ( 'NONE',  ( -86.78479610272228228, -8.426922040965695970, 51.82892328279097427 ) ) ;
#5659 = CARTESIAN_POINT ( 'NONE',  ( 9.053569696294225366, 139.2235650228606687, 206.4838691362629675 ) ) ;
#5660 = CARTESIAN_POINT ( 'NONE',  ( -45.70542344736741569, 27.77482535180642031, 125.0000000000000000 ) ) ;
#5661 = CARTESIAN_POINT ( 'NONE',  ( 15.74465371259504209, 35.45488516345288588, 91.14680613688283017 ) ) ;
#5662 = CARTESIAN_POINT ( 'NONE',  ( 87.29032237503307101, -21.66930983638621200, 38.08868808560211505 ) ) ;
#5663 = STYLED_ITEM ( 'NONE', ( #5110 ), #5755 ) ;
#5664 = CARTESIAN_POINT ( 'NONE',  ( 1.883409317978090636, 26.43131599262660103, 24.99940558611116614 ) ) ;
#5665 = CARTESIAN_POINT ( 'NONE',  ( -41.81289467756361233, 32.98724054611135159, 217.9091261456453310 ) ) ;
#5666 = CARTESIAN_POINT ( 'NONE',  ( 0.000000000000000000, 23.07731326548116613, 429.8900929289059150 ) ) ;
#5667 = EDGE_CURVE ( 'NONE', #6022, #3242, #3621, .T. ) ;
#5668 = CARTESIAN_POINT ( 'NONE',  ( 13.78541895053697353, 42.32988462023822507, 185.9281398778046537 ) ) ;
#5669 = CARTESIAN_POINT ( 'NONE',  ( -0.3869952109010419972, 33.82873760484968528, 58.08150011099834131 ) ) ;
#5670 = CARTESIAN_POINT ( 'NONE',  ( 0.000000000000000000, -9.605528623052503434, 557.6875022617330160 ) ) ;
#5671 = CARTESIAN_POINT ( 'NONE',  ( 0.000000000000000000, 45.26229104882621357, 124.9999962631073203 ) ) ;
#5672 = CARTESIAN_POINT ( 'NONE',  ( -2.614906054923137990, 28.41799792185191720, 33.37042892952929662 ) ) ;
#5673 = CARTESIAN_POINT ( 'NONE',  ( 19.57372215414722660, 41.22571807297381952, 213.8493121098462098 ) ) ;
#5674 = CARTESIAN_POINT ( 'NONE',  ( -48.08040592940250946, 33.65896795766030181, 191.6592162228845382 ) ) ;
#5675 = CARTESIAN_POINT ( 'NONE',  ( 7.693508144338995436, 42.02843058305142421, 146.5845220072972381 ) ) ;
#5676 = CARTESIAN_POINT ( 'NONE',  ( 1.162847593388442791, 42.31900261366679672, 133.1218595086104131 ) ) ;
#5677 = VECTOR ( 'NONE', #6534, 1000.000000000000000 ) ;
#5678 = CARTESIAN_POINT ( 'NONE',  ( 1.902130867737947373, -5.765155448703533914, -56.51890096845753675 ) ) ;
#5679 = CARTESIAN_POINT ( 'NONE',  ( 0.3972139211846243967, 35.23880318621752394, 66.49543407117691629 ) ) ;
#5680 = CARTESIAN_POINT ( 'NONE',  ( 2.253861092064105787, 13.62000221831030800, 472.6187073565538412 ) ) ;
#5681 = CARTESIAN_POINT ( 'NONE',  ( 0.000000000000000000, 47.65165836710342973, 180.5788067618912009 ) ) ;
#5682 = ORIENTED_EDGE ( 'NONE', *, *, #2447, .F. ) ;
#5683 = CARTESIAN_POINT ( 'NONE',  ( -2.088424923240177922, 47.33932835694818664, 181.1762203426194731 ) ) ;
#5684 = CARTESIAN_POINT ( 'NONE',  ( -6.087201789984794331, 44.18919659100005504, 276.7467911875064033 ) ) ;
#5685 = ORIENTED_EDGE ( 'NONE', *, *, #3538, .F. ) ;
#5686 = CARTESIAN_POINT ( 'NONE',  ( 0.5000000000002385869, 44.08804002252327336, 181.1826763077941109 ) ) ;
#5687 = DIRECTION ( 'NONE',  ( 0.000000000000000000, -1.000000000000000000, 0.000000000000000000 ) ) ;
#5688 = CARTESIAN_POINT ( 'NONE',  ( -1.974914245429317816, 47.28203194932483200, 155.6413165022189844 ) ) ;
#5689 = CARTESIAN_POINT ( 'NONE',  ( 1.930653681019943724, 13.87290448054163683, 472.4794235559970730 ) ) ;
#5690 = CARTESIAN_POINT ( 'NONE',  ( -30.55838303323978167, 34.22635300168284544, 118.9410041980130899 ) ) ;
#5691 = CARTESIAN_POINT ( 'NONE',  ( -3.335770872489703276, -10.08423850523609744, -61.08048033209797012 ) ) ;
#5692 = EDGE_CURVE ( 'NONE', #1476, #4451, #1124, .T. ) ;
#5693 = B_SPLINE_CURVE_WITH_KNOTS ( 'NONE', 3,
 ( #3446, #6301, #5808, #1825, #1303, #1862, #665, #1758 ),
 .UNSPECIFIED., .F., .F.,
 ( 4, 2, 2, 4 ),
 ( 0.000000000000000000, 0.004941252845306114312, 0.009882505690612228624, 0.01976501138122445725 ),
 .UNSPECIFIED. ) ;
#5694 = CARTESIAN_POINT ( 'NONE',  ( 0.3333474842346594302, 47.04362710558890370, 200.1826763077941393 ) ) ;
#5695 = CARTESIAN_POINT ( 'NONE',  ( 4.417282350194496665, 38.14211975788867903, 92.87754649148389774 ) ) ;
#5696 = CARTESIAN_POINT ( 'NONE',  ( 5.551620045011604887, 42.69920818264554896, 153.4838691362627117 ) ) ;
#5697 = B_SPLINE_CURVE_WITH_KNOTS ( 'NONE', 3,
 ( #4547, #430, #1504, #6691 ),
 .UNSPECIFIED., .F., .F.,
 ( 4, 4 ),
 ( 0.000000000000000000, 0.01500752029258411654 ),
 .UNSPECIFIED. ) ;
#5698 = CARTESIAN_POINT ( 'NONE',  ( 0.08949490766358340899, 26.63353823054391611, 24.81069365994644471 ) ) ;
#5699 = CARTESIAN_POINT ( 'NONE',  ( -0.06563460014736506587, 43.63392583270957203, 156.7012622892261504 ) ) ;
#5700 = CARTESIAN_POINT ( 'NONE',  ( 42.60652105880237173, 30.35201058883452419, 345.2738653162223272 ) ) ;
#5701 = ADVANCED_FACE ( 'NONE', ( #5705 ), #33, .F. ) ;
#5702 = CARTESIAN_POINT ( 'NONE',  ( 4.948850020838836627, 43.71266870842455177, 204.6822676377781249 ) ) ;
#5703 = CARTESIAN_POINT ( 'NONE',  ( 0.4741845909971737494, 33.72185977919397004, 58.07331598969894060 ) ) ;
#5704 = CARTESIAN_POINT ( 'NONE',  ( -0.03227321408492662969, 41.86783190812480626, 125.6010734984934487 ) ) ;
#5705 = FACE_OUTER_BOUND ( 'NONE', #6662, .T. ) ;
#5706 = CARTESIAN_POINT ( 'NONE',  ( 0.3224781011790405771, 28.76017587249639362, 33.04619565803385939 ) ) ;
#5707 = CARTESIAN_POINT ( 'NONE',  ( -7.499999999999987566, 28.42113729125532373, 38.54812020524488503 ) ) ;
#5708 = ADVANCED_FACE ( 'NONE', ( #3479 ), #2884, .F. ) ;
#5709 = CARTESIAN_POINT ( 'NONE',  ( -36.41909282310150786, 39.32723256798198719, 208.5495839079696054 ) ) ;
#5710 = CARTESIAN_POINT ( 'NONE',  ( 5.813308177796880472, 35.43340058086232602, 74.92496088420979561 ) ) ;
#5711 = CARTESIAN_POINT ( 'NONE',  ( 38.37153156730952475, 34.24641700946198597, 167.1245765977259339 ) ) ;
#5712 = CARTESIAN_POINT ( 'NONE',  ( -28.11698015143261742, 5.915450505645251766, -17.51976183688852373 ) ) ;
#5713 = CARTESIAN_POINT ( 'NONE',  ( -6.730330322765430751, 35.55932834507943596, 77.08916328117069838 ) ) ;
#5714 = CARTESIAN_POINT ( 'NONE',  ( 36.87704838372232530, 0.06862354129085444787, 457.0708091009332747 ) ) ;
#5715 = CARTESIAN_POINT ( 'NONE',  ( 15.55331741631335696, 45.35218854345084338, 234.3705618064915370 ) ) ;
#5716 = ORIENTED_EDGE ( 'NONE', *, *, #6820, .F. ) ;
#5717 = CARTESIAN_POINT ( 'NONE',  ( -0.8801411039782774948, 47.46157693013934420, 180.6768726514589503 ) ) ;
#5718 = CARTESIAN_POINT ( 'NONE',  ( -149.9999999999998010, 15.67153765998659942, 312.2062866230721170 ) ) ;
#5719 = ORIENTED_EDGE ( 'NONE', *, *, #871, .T. ) ;
#5720 = CARTESIAN_POINT ( 'NONE',  ( -12.17198402597117557, 30.38568192301601201, 36.77194924868653914 ) ) ;
#5721 = CARTESIAN_POINT ( 'NONE',  ( 0.000000000000000000, 47.57416251593267731, 200.6869432474837254 ) ) ;
#5722 = CARTESIAN_POINT ( 'NONE',  ( -2.367866279720466594, 41.04594610967017587, 79.94441032751126386 ) ) ;
#5723 = CARTESIAN_POINT ( 'NONE',  ( -1.907686475920280733, -14.87480540429338483, -66.10224707556027113 ) ) ;
#5724 = AXIS2_PLACEMENT_3D ( 'NONE', #1253, #5237, #5134 ) ;
#5725 = CARTESIAN_POINT ( 'NONE',  ( -40.64279130071612656, 19.78146202829371347, 391.0697883059202695 ) ) ;
#5726 = CARTESIAN_POINT ( 'NONE',  ( -3.167252551635298730, 38.96510653779717614, 97.71958924166291638 ) ) ;
#5727 = CARTESIAN_POINT ( 'NONE',  ( -27.28012801745004268, 17.82243023528065962, 9.515898732818438788 ) ) ;
#5728 = FILL_AREA_STYLE ('',( #6291 ) ) ;
#5729 = CARTESIAN_POINT ( 'NONE',  ( 15.44676731452698171, 36.53539136034311241, 99.35448285695692050 ) ) ;
#5730 = CARTESIAN_POINT ( 'NONE',  ( 3.350178695052929978, -24.66882895534568121, -76.10165956531285758 ) ) ;
#5731 = CARTESIAN_POINT ( 'NONE',  ( -0.2073367916040791958, 28.74643365174441456, 33.03817081082784313 ) ) ;
#5732 = CARTESIAN_POINT ( 'NONE',  ( 0.5808315725734722879, 43.11655279237955085, 144.8207158393959162 ) ) ;
#5733 = CARTESIAN_POINT ( 'NONE',  ( 0.000000000000000000, 25.90249749234719445, 415.3909803479844527 ) ) ;
#5734 = CARTESIAN_POINT ( 'NONE',  ( -0.2277349227545520660, 43.96938356730510122, 214.6291942628700724 ) ) ;
#5735 = AXIS2_PLACEMENT_3D ( 'NONE', #1566, #410, #6712 ) ;
#5736 = EDGE_CURVE ( 'NONE', #7294, #4021, #4243, .T. ) ;
#5737 = CARTESIAN_POINT ( 'NONE',  ( -0.1612363871119508463, 33.80063738052579225, 58.06984785159504980 ) ) ;
#5738 = CARTESIAN_POINT ( 'NONE',  ( -60.00892403416684573, -10.87759879526569584, 448.8723920580213189 ) ) ;
#5739 = DIRECTION ( 'NONE',  ( 1.000000000000000000, 0.000000000000000000, -0.000000000000000000 ) ) ;
#5740 = CARTESIAN_POINT ( 'NONE',  ( 2.553569696294403446, 43.12255699905529127, 153.4838691362627117 ) ) ;
#5741 = CARTESIAN_POINT ( 'NONE',  ( 8.078565594260567195E-09, 43.96890531627143162, 213.8493118463000826 ) ) ;
#5742 = CARTESIAN_POINT ( 'NONE',  ( -4.075666328965372993E-08, 29.52443753907863666, 35.04931211369478916 ) ) ;
#5743 = ORIENTED_EDGE ( 'NONE', *, *, #6518, .F. ) ;
#5744 = CARTESIAN_POINT ( 'NONE',  ( 0.004305021942291252859, 36.17106531972251560, 73.23054739697110449 ) ) ;
#5745 = CARTESIAN_POINT ( 'NONE',  ( 17.78275441825523018, 40.42383555745855972, 153.8093517711211859 ) ) ;
#5746 = EDGE_CURVE ( 'NONE', #262, #7154, #2306, .T. ) ;
#5747 = CARTESIAN_POINT ( 'NONE',  ( 0.000000000000000000, 11.73449225725467926, -28.51670946738130752 ) ) ;
#5748 = CARTESIAN_POINT ( 'NONE',  ( -1.790845011205704385, 31.94665764046728640, 49.87996717759775578 ) ) ;
#5749 = CARTESIAN_POINT ( 'NONE',  ( 57.77097111345211289, -2.535394609008782663, 415.1043187994338837 ) ) ;
#5750 = VERTEX_POINT ( 'NONE', #6967 ) ;
#5751 = CARTESIAN_POINT ( 'NONE',  ( -35.11911001274007305, 22.12525013819458053, 55.35575452229719673 ) ) ;
#5752 = CARTESIAN_POINT ( 'NONE',  ( 1.005968528606214107, 32.03284778517833331, 380.7173133528380049 ) ) ;
#5753 = ORIENTED_EDGE ( 'NONE', *, *, #4966, .F. ) ;
#5754 = CARTESIAN_POINT ( 'NONE',  ( -36.31815316573284491, 25.94628013088943064, 57.82858886444859081 ) ) ;
#5755 = MANIFOLD_SOLID_BREP ( 'Przeciêcie1[3]', #186 ) ;
#5756 = CARTESIAN_POINT ( 'NONE',  ( 0.2055249936639012565, 39.63348353807302971, 100.2676724611348504 ) ) ;
#5757 = CARTESIAN_POINT ( 'NONE',  ( -0.1812031719468743252, 47.55862776088041244, 200.6868744269938247 ) ) ;
#5758 = CARTESIAN_POINT ( 'NONE',  ( 0.000000000000000000, 47.06380252744634163, 155.7186040356210128 ) ) ;
#5759 = CARTESIAN_POINT ( 'NONE',  ( 150.0000000000000284, 1.252786731943029253, 209.9251019480679190 ) ) ;
#5760 = CARTESIAN_POINT ( 'NONE',  ( -59.97261899444817601, -10.31809425623221443, 446.5905760905740181 ) ) ;
#5761 = CARTESIAN_POINT ( 'NONE',  ( -48.63220585982008259, 28.68009341963024283, 167.7720502619385172 ) ) ;
#5762 = CARTESIAN_POINT ( 'NONE',  ( -150.0000000000000000, 6.573444530005628117, 217.0034385749200965 ) ) ;
#5763 =( GEOMETRIC_REPRESENTATION_CONTEXT ( 3 ) GLOBAL_UNCERTAINTY_ASSIGNED_CONTEXT ( ( #3332 ) ) GLOBAL_UNIT_ASSIGNED_CONTEXT ( ( #5358, #4223, #1377 ) ) REPRESENTATION_CONTEXT ( 'NONE', 'WORKASPACE' ) );
#5764 = CARTESIAN_POINT ( 'NONE',  ( -0.3734641473969262382, 38.75329731695623536, 91.81872111943756920 ) ) ;
#5765 = B_SPLINE_CURVE_WITH_KNOTS ( 'NONE', 3,
 ( #6335, #1265, #5845, #702, #2431, #1193, #4719, #182, #817, #258, #3109, #6641, #5436, #3669, #4268, #7195 ),
 .UNSPECIFIED., .F., .F.,
 ( 4, 2, 2, 2, 2, 2, 2, 4 ),
 ( 0.000000000000000000, 0.0004899098098162260823, 0.0009798196196324521646, 0.001469729429448678138, 0.001959639239264904329, 0.002449549049081130303, 0.002939458858897356277, 0.003919278478529809526 ),
 .UNSPECIFIED. ) ;
#5766 = CARTESIAN_POINT ( 'NONE',  ( -0.9552145398446717506, -19.79945804760096095, -71.14787201309992781 ) ) ;
#5767 = CARTESIAN_POINT ( 'NONE',  ( 7.255257615646525160, 27.87674317300934135, 35.51011594104343061 ) ) ;
#5768 = CARTESIAN_POINT ( 'NONE',  ( 0.2985838426939609880, 43.67425644565298626, 156.6755722969688236 ) ) ;
#5769 = CARTESIAN_POINT ( 'NONE',  ( 9.824827521419905452, -2.593892997156575397, 521.6966707247395334 ) ) ;
#5770 = CARTESIAN_POINT ( 'NONE',  ( 3.201740493726660919, 43.89911902314092629, 204.0402818001438732 ) ) ;
#5771 = CARTESIAN_POINT ( 'NONE',  ( 3.239460924897441974, 33.38088366958714914, 58.62820125250100745 ) ) ;
#5772 = CARTESIAN_POINT ( 'NONE',  ( -0.1947908625270988736, 41.84819748226907166, 125.6096119946133740 ) ) ;
#5773 = CARTESIAN_POINT ( 'NONE',  ( 5.551620045011602222, 139.2235650228606687, 205.7838691362629504 ) ) ;
#5774 = CARTESIAN_POINT ( 'NONE',  ( 2.296237121957465543, 43.90875514693152581, 182.2935499576054781 ) ) ;
#5775 = CARTESIAN_POINT ( 'NONE',  ( -5.149900046667700515, 43.47980397308285916, 216.0890786684076659 ) ) ;
#5776 = CARTESIAN_POINT ( 'NONE',  ( -2.358139725155972144E-14, 44.06376640360269903, 209.2946719853691491 ) ) ;
#5777 = CARTESIAN_POINT ( 'NONE',  ( 9.053569696294287539, 43.14622465194023704, 187.1415566986381691 ) ) ;
#5778 = ADVANCED_FACE ( 'NONE', ( #6560 ), #1824, .F. ) ;
#5779 = ORIENTED_EDGE ( 'NONE', *, *, #4928, .F. ) ;
#5780 = CARTESIAN_POINT ( 'NONE',  ( 9.224584620096480947, 34.97417667245151307, 76.78255014092323449 ) ) ;
#5781 = CARTESIAN_POINT ( 'NONE',  ( 0.7065105012965741116, 42.96798715345930475, 144.9194247905079749 ) ) ;
#5782 = CARTESIAN_POINT ( 'NONE',  ( -12.24542331509240611, 10.79387684120225543, -23.56345594219629547 ) ) ;
#5783 = CARTESIAN_POINT ( 'NONE',  ( -0.1105600041888267354, 33.76689396637132035, 58.06546821764646893 ) ) ;
#5784 = CARTESIAN_POINT ( 'NONE',  ( 9.620743624274640027, -11.03377133881076233, 549.8478901275921089 ) ) ;
#5785 = ORIENTED_EDGE ( 'NONE', *, *, #1714, .T. ) ;
#5786 = LINE ( 'NONE', #6843, #6636 ) ;
#5787 = CARTESIAN_POINT ( 'NONE',  ( -1.649437573462356754, 38.88726402745196253, 331.8909477606557630 ) ) ;
#5788 = FACE_OUTER_BOUND ( 'NONE', #6410, .T. ) ;
#5789 = CARTESIAN_POINT ( 'NONE',  ( -18.63701020942274766, 29.05574496796220529, 39.42036167919190603 ) ) ;
#5790 = CARTESIAN_POINT ( 'NONE',  ( 3.211948935988307517E-14, 35.64388425998506449, 69.69501662924155028 ) ) ;
#5791 = CARTESIAN_POINT ( 'NONE',  ( -44.30768781606363405, 29.45130712966405540, 139.2957993656747249 ) ) ;
#5792 = CARTESIAN_POINT ( 'NONE',  ( 2.975650076108931508, 47.25692120190991830, 182.5283116016892393 ) ) ;
#5793 = CARTESIAN_POINT ( 'NONE',  ( 150.0000000000003695, 17.23251453160983715, 290.2479985875627335 ) ) ;
#5794 = DIRECTION ( 'NONE',  ( 1.000000000000000000, -1.924153440041987070E-31, -3.289992799266357711E-15 ) ) ;
#5795 = CARTESIAN_POINT ( 'NONE',  ( -13.61532641301823787, 38.61922439204874280, 115.1868176335877081 ) ) ;
#5796 = CARTESIAN_POINT ( 'NONE',  ( -85.69083615468348114, 1.184676353268040661, 66.40827568370886524 ) ) ;
#5797 = CARTESIAN_POINT ( 'NONE',  ( -1.767249541151372227E-14, 44.13878361861858224, 181.1826763077941678 ) ) ;
#5798 = CARTESIAN_POINT ( 'NONE',  ( 41.43595240001051394, 31.15581955151354165, 140.9253784158732117 ) ) ;
#5799 = CARTESIAN_POINT ( 'NONE',  ( 56.47713021477131434, -8.444831254075669591, 200.0310506176295462 ) ) ;
#5800 = CARTESIAN_POINT ( 'NONE',  ( -19.23958081385339014, 44.36215661290071921, 164.4211870057072531 ) ) ;
#5801 = CARTESIAN_POINT ( 'NONE',  ( -7.538160830220896003, 42.71271211201873541, 159.3047942162452273 ) ) ;
#5802 = CARTESIAN_POINT ( 'NONE',  ( -2.109836334315450479, 3.066047688892955314, 514.8735652113953165 ) ) ;
#5803 = ADVANCED_FACE ( 'NONE', ( #1901 ), #4266, .T. ) ;
#5804 = CARTESIAN_POINT ( 'NONE',  ( 0.6637853044130563873, 44.13892484003071814, 203.3914327811038731 ) ) ;
#5805 = CARTESIAN_POINT ( 'NONE',  ( -0.4366162558363374524, 33.83485546499171903, 58.08445056590270639 ) ) ;
#5806 = CARTESIAN_POINT ( 'NONE',  ( -1.016414875806215257, 44.07566040698747400, 200.1192228718308854 ) ) ;
#5807 = CARTESIAN_POINT ( 'NONE',  ( 18.63701020942274766, 29.05574496796220529, 39.42036167919190603 ) ) ;
#5808 = CARTESIAN_POINT ( 'NONE',  ( -3.289361503037148804, 43.70489446054067884, 213.8493118905888650 ) ) ;
#5809 = CARTESIAN_POINT ( 'NONE',  ( 0.07424629780826572101, 44.20331050772203696, 203.2789989023002306 ) ) ;
#5810 = CARTESIAN_POINT ( 'NONE',  ( 7.570441669380034710E-14, 44.16555015067614676, 200.1826763077939120 ) ) ;
#5811 = ORIENTED_EDGE ( 'NONE', *, *, #1995, .F. ) ;
#5812 = CARTESIAN_POINT ( 'NONE',  ( 7.500000000000000000, 26.89192133595479817, 23.34162837863043549 ) ) ;
#5813 = CARTESIAN_POINT ( 'NONE',  ( 3.575444188595120920, 43.22637100135617771, 157.5360909486942091 ) ) ;
#5814 = CARTESIAN_POINT ( 'NONE',  ( 2.774301182607950889, 16.29813119291236490, -18.81720599228084723 ) ) ;
#5815 = CARTESIAN_POINT ( 'NONE',  ( -7.324743362227099652, 32.86304659099766923, 60.55667462928040123 ) ) ;
#5816 = CARTESIAN_POINT ( 'NONE',  ( 59.71558549167485808, -8.266634582424307709, 438.4425714590527150 ) ) ;
#5817 = ORIENTED_EDGE ( 'NONE', *, *, #5510, .F. ) ;
#5818 = CARTESIAN_POINT ( 'NONE',  ( -0.3333537903800950497, 44.10515492804138660, 181.1826763077941109 ) ) ;
#5819 = CARTESIAN_POINT ( 'NONE',  ( -5.873798239311764924, 35.98697079100605123, 353.7225482438468589 ) ) ;
#5820 = DIRECTION ( 'NONE',  ( 0.000000000000000000, 1.644517855226013126E-15, -1.000000000000000000 ) ) ;
#5821 = CARTESIAN_POINT ( 'NONE',  ( -0.5904223920471955989, 32.53367023116918233, 35.04931210984616996 ) ) ;
#5822 = AXIS2_PLACEMENT_3D ( 'NONE', #1915, #5934, #6497 ) ;
#5823 = CARTESIAN_POINT ( 'NONE',  ( -48.68353359373908518, 32.88791194066386936, 173.8257465115914897 ) ) ;
#5824 = EDGE_CURVE ( 'NONE', #634, #2265, #1981, .T. ) ;
#5825 = CARTESIAN_POINT ( 'NONE',  ( 0.4398897043199747614, 38.76162848899137714, 91.82115244098325491 ) ) ;
#5826 = CARTESIAN_POINT ( 'NONE',  ( -7.500000000000000000, 26.89192133595479817, 23.34162837863043549 ) ) ;
#5827 = CARTESIAN_POINT ( 'NONE',  ( 2.020103609511816778, 47.45192383060642527, 205.2836370420775722 ) ) ;
#5828 = CARTESIAN_POINT ( 'NONE',  ( 0.000000000000000000, 47.20530116162233725, 200.1826763077941109 ) ) ;
#5829 = CARTESIAN_POINT ( 'NONE',  ( 3.335770872489703276, -10.08423850523609744, -61.08048033209797012 ) ) ;
#5830 = ORIENTED_EDGE ( 'NONE', *, *, #1422, .F. ) ;
#5831 = CARTESIAN_POINT ( 'NONE',  ( -5.191507785583535650, 37.28120388144564146, 86.57723945223851558 ) ) ;
#5832 = CARTESIAN_POINT ( 'NONE',  ( 1.797634613197362174, 24.83933354071738009, 4.965788233343842784 ) ) ;
#5833 = EDGE_LOOP ( 'NONE', ( #5982, #3425, #5025, #2996 ) ) ;
#5834 = CARTESIAN_POINT ( 'NONE',  ( 6.034971581518167483, 38.82891439728678051, 102.1067322658296632 ) ) ;
#5835 = CARTESIAN_POINT ( 'NONE',  ( 0.8708506405998605038, 47.49848026063610718, 200.6704876369128101 ) ) ;
#5836 = EDGE_CURVE ( 'NONE', #6508, #2853, #3794, .T. ) ;
#5837 = CARTESIAN_POINT ( 'NONE',  ( 85.69083615468348114, 1.184676353268040661, 66.40827568370886524 ) ) ;
#5838 = CARTESIAN_POINT ( 'NONE',  ( -52.51231461823631719, 36.78377033823687015, 237.1480678699628015 ) ) ;
#5839 = CARTESIAN_POINT ( 'NONE',  ( -5.185909163918601017, 43.02427822522277978, 158.2053745128369542 ) ) ;
#5840 = CARTESIAN_POINT ( 'NONE',  ( -0.7173949448069911750, -1.055981849285397622, 529.3660285409472408 ) ) ;
#5841 = CARTESIAN_POINT ( 'NONE',  ( -0.2132542766468464024, 44.21514036743307230, 203.2628563067817424 ) ) ;
#5842 = CARTESIAN_POINT ( 'NONE',  ( 16.59273175348232954, 31.56088523477666641, 66.62591787754492145 ) ) ;
#5843 = CARTESIAN_POINT ( 'NONE',  ( -0.5200451464681385971, 41.80869934912669095, 125.6402421130457299 ) ) ;
#5844 =( NAMED_UNIT ( * ) SI_UNIT ( $, .STERADIAN. ) SOLID_ANGLE_UNIT ( ) );
#5845 = CARTESIAN_POINT ( 'NONE',  ( -0.8708506405998605038, 47.49848026063610718, 200.6704876369128101 ) ) ;
#5846 = CARTESIAN_POINT ( 'NONE',  ( -14.60220072994044571, 42.13928942213149753, 220.4052546891547024 ) ) ;
#5847 = CARTESIAN_POINT ( 'NONE',  ( 63.98600082019655133, 32.47793740598321932, 184.0516963749373076 ) ) ;
#5848 = MANIFOLD_SOLID_BREP ( 'Przeciêcie1[1]', #6664 ) ;
#5849 = ORIENTED_EDGE ( 'NONE', *, *, #1232, .F. ) ;
#5850 = CARTESIAN_POINT ( 'NONE',  ( 15.21574407313113397, 40.91685294780575788, 151.8696939888545501 ) ) ;
#5851 = CARTESIAN_POINT ( 'NONE',  ( -0.1302223470047316756, 41.88744713759846405, 125.5936897524938303 ) ) ;
#5852 = AXIS2_PLACEMENT_3D ( 'NONE', #1680, #2213, #2280 ) ;
#5853 = CARTESIAN_POINT ( 'NONE',  ( 1.825295035117260989, 20.79892886237578864, -7.076416356319450429 ) ) ;
#5854 = CARTESIAN_POINT ( 'NONE',  ( -8.060741074869721245, 32.76647252389188480, 60.96854574116585468 ) ) ;
#5855 = CARTESIAN_POINT ( 'NONE',  ( 2.554997525492479937, -7.414538782993829180, 550.3635908939758110 ) ) ;
#5856 = ORIENTED_EDGE ( 'NONE', *, *, #2697, .T. ) ;
#5857 = CARTESIAN_POINT ( 'NONE',  ( 9.053569696294232472, 43.14593247498685002, 206.4838691362629390 ) ) ;
#5858 = CARTESIAN_POINT ( 'NONE',  ( -48.87671600598984867, 11.59101201867309783, 351.9235384047881894 ) ) ;
#5859 = CARTESIAN_POINT ( 'NONE',  ( -0.8057734766919242286, 47.50822812781228066, 200.1638925082023945 ) ) ;
#5860 = CARTESIAN_POINT ( 'NONE',  ( 37.57790297831402881, 35.11061382531765673, 207.6967100856482489 ) ) ;
#5861 = CARTESIAN_POINT ( 'NONE',  ( 7.500000000000000000, 29.67242030229065364, 35.70744116447578875 ) ) ;
#5862 = CARTESIAN_POINT ( 'NONE',  ( -2.321131626438470263, 38.41291532462378910, 92.13681909548077442 ) ) ;
#5863 = CARTESIAN_POINT ( 'NONE',  ( 36.48885394587297526, 22.01541508627093791, 58.20314193676838244 ) ) ;
#5864 = CARTESIAN_POINT ( 'NONE',  ( 149.9999999999997442, 16.89020687609928828, 297.3968004075345561 ) ) ;
#5865 = CARTESIAN_POINT ( 'NONE',  ( 0.000000000000000000, 47.20530116162235856, 200.1826763077941109 ) ) ;
#5866 = CARTESIAN_POINT ( 'NONE',  ( 0.000000000000000000, -19.80119957717566237, -71.13603959821548983 ) ) ;
#5867 = ORIENTED_EDGE ( 'NONE', *, *, #4911, .T. ) ;
#5868 = CARTESIAN_POINT ( 'NONE',  ( -31.39847338383803432, 32.76199325126920314, 108.1137742267668784 ) ) ;
#5869 = CARTESIAN_POINT ( 'NONE',  ( -3.094001100202671495, 27.87474874546403569, 16.86073679022653593 ) ) ;
#5870 = ADVANCED_FACE ( 'NONE', ( #6523 ), #4873, .T. ) ;
#5871 = B_SPLINE_CURVE_WITH_KNOTS ( 'NONE', 3,
 ( #396, #2686, #913, #6023 ),
 .UNSPECIFIED., .F., .F.,
 ( 4, 4 ),
 ( 0.1692212171228564543, 0.2009880228736241892 ),
 .UNSPECIFIED. ) ;
#5872 = CARTESIAN_POINT ( 'NONE',  ( -15.77881546509948762, 42.51187612560376294, 125.0000000000000568 ) ) ;
#5873 = CARTESIAN_POINT ( 'NONE',  ( 2.232732525420186853, 40.22932441073667320, 109.0485994624042831 ) ) ;
#5874 = CARTESIAN_POINT ( 'NONE',  ( 11.50739618677160259, 26.91114483427308102, 36.53708100145716031 ) ) ;
#5875 = CARTESIAN_POINT ( 'NONE',  ( 12.49172242615647477, -6.277043314077721980, -50.97366954480303747 ) ) ;
#5876 = CARTESIAN_POINT ( 'NONE',  ( -149.9999999999997442, 16.89020687609928828, 297.3968004075345561 ) ) ;
#5877 = CARTESIAN_POINT ( 'NONE',  ( -3.786981908165536925, 41.99284675248551224, 133.8708558391498968 ) ) ;
#5878 = CARTESIAN_POINT ( 'NONE',  ( -1.996956094114173741, 10.46350476607578983, 486.5475114404366082 ) ) ;
#5879 = B_SPLINE_CURVE_WITH_KNOTS ( 'NONE', 3,
 ( #6373, #1760, #2851, #3517 ),
 .UNSPECIFIED., .F., .F.,
 ( 4, 4 ),
 ( 0.0004567359310337636450, 0.0009586611603733198508 ),
 .UNSPECIFIED. ) ;
#5880 = AXIS2_PLACEMENT_3D ( 'NONE', #5812, #6519, #6273 ) ;
#5881 = CARTESIAN_POINT ( 'NONE',  ( 0.4900798466239483786, 43.91299868963600517, 214.7326883811601022 ) ) ;
#5882 = CARTESIAN_POINT ( 'NONE',  ( 8.288953454626597050, 34.12814867565736421, 69.50845329606653422 ) ) ;
#5883 = CARTESIAN_POINT ( 'NONE',  ( -18.56538169058622145, 39.14783522720338027, 135.0582119982692859 ) ) ;
#5884 = CARTESIAN_POINT ( 'NONE',  ( -7.337579780553157960, 25.82105128855952714, 27.36588642014740813 ) ) ;
#5885 = CARTESIAN_POINT ( 'NONE',  ( -27.01364664830548179, 39.28489839458460864, 207.9318053792011654 ) ) ;
#5886 = CARTESIAN_POINT ( 'NONE',  ( 19.23958081385339014, 44.36215661290071921, 164.4211870057072531 ) ) ;
#5887 = EDGE_CURVE ( 'NONE', #782, #3663, #4606, .T. ) ;
#5888 = EDGE_LOOP ( 'NONE', ( #3128, #2160, #6936, #1604 ) ) ;
#5889 = CARTESIAN_POINT ( 'NONE',  ( 3.473905962238059253, 43.60090916693501839, 169.2885335591965656 ) ) ;
#5890 = CARTESIAN_POINT ( 'NONE',  ( -0.1296634632436960699, 41.27367523783025405, 117.1700104708175303 ) ) ;
#5891 = CARTESIAN_POINT ( 'NONE',  ( 0.8666741317026296354, 31.46901978515835552, 29.51441602890792737 ) ) ;
#5892 = CARTESIAN_POINT ( 'NONE',  ( -45.03468118507839790, 25.64546148899671962, 106.8020885483503690 ) ) ;
#5893 = CARTESIAN_POINT ( 'NONE',  ( 7.193853010854474483, -10.41107745454391420, 557.8597997808570881 ) ) ;
#5894 = CARTESIAN_POINT ( 'NONE',  ( -2.541794483188228870, -4.806876550188804664, 541.7585835155889527 ) ) ;
#5895 = CARTESIAN_POINT ( 'NONE',  ( -41.79166838435203601, 33.15085118894103289, 203.7984300444847179 ) ) ;
#5896 = CARTESIAN_POINT ( 'NONE',  ( 1.099358371358075015, 25.93118054957675866, 415.4839356155417249 ) ) ;
#5897 = ORIENTED_EDGE ( 'NONE', *, *, #4137, .T. ) ;
#5898 = EDGE_CURVE ( 'NONE', #4853, #5217, #1302, .T. ) ;
#5899 = CARTESIAN_POINT ( 'NONE',  ( 1.894643296418418998E-14, 37.06781384275589630, 79.41212074609923377 ) ) ;
#5900 = CARTESIAN_POINT ( 'NONE',  ( 1.894643296418418998E-14, 37.06781384275589630, 79.41212074609923377 ) ) ;
#5901 = CARTESIAN_POINT ( 'NONE',  ( -7.520558595462822460, 37.72429348062910748, 94.41409983997890265 ) ) ;
#5902 = CARTESIAN_POINT ( 'NONE',  ( 6.814411576723173880, 46.50797352682411656, 230.8815100217026668 ) ) ;
#5903 = CARTESIAN_POINT ( 'NONE',  ( -5.551620045011604887, 42.69920818264554896, 153.4838691362627117 ) ) ;
#5904 = CARTESIAN_POINT ( 'NONE',  ( 28.49463500214571354, -6.821171986367837725, -36.82241012564603722 ) ) ;
#5905 = ORIENTED_EDGE ( 'NONE', *, *, #3032, .F. ) ;
#5906 = CARTESIAN_POINT ( 'NONE',  ( -9.916596365595125917, 36.63078122269877923, 89.10579353392729729 ) ) ;
#5907 = CARTESIAN_POINT ( 'NONE',  ( -53.35623814217884586, 16.83228722618856921, 246.4189050667629601 ) ) ;
#5908 = CARTESIAN_POINT ( 'NONE',  ( 0.1666804454503839905, 47.05803689291714420, 200.1826763077941393 ) ) ;
#5909 = CARTESIAN_POINT ( 'NONE',  ( -0.3989475163314578077, 40.55872091043213601, 108.7217776340597339 ) ) ;
#5910 = CARTESIAN_POINT ( 'NONE',  ( 30.66128641892810336, 22.87213186338317072, 48.98614434903524995 ) ) ;
#5911 = CARTESIAN_POINT ( 'NONE',  ( -1.897887140548182083, -1.930630389853631890, -51.65318905880917555 ) ) ;
#5912 = CARTESIAN_POINT ( 'NONE',  ( -7.846345050770216822, 46.81194873575534388, 182.9037947448233012 ) ) ;
#5913 = CARTESIAN_POINT ( 'NONE',  ( -6.975837082325192284, 42.17777871520534916, 147.1881646136489223 ) ) ;
#5914 = CARTESIAN_POINT ( 'NONE',  ( -2.152184834420973747, -0.9668156101559031157, 529.2511884921991623 ) ) ;
#5915 = CIRCLE ( 'NONE', #1357, 2.000000000000001776 ) ;
#5916 = ORIENTED_EDGE ( 'NONE', *, *, #5485, .F. ) ;
#5917 = CARTESIAN_POINT ( 'NONE',  ( 12.49909681217786783, 42.52453626930358155, 219.2449573877592570 ) ) ;
#5918 = CARTESIAN_POINT ( 'NONE',  ( -0.3525456582581959486, 35.23319989674110531, 66.49279123123413626 ) ) ;
#5919 = CARTESIAN_POINT ( 'NONE',  ( -14.53078863699234802, 39.20565491666927471, 123.9742503370565601 ) ) ;
#5920 = CARTESIAN_POINT ( 'NONE',  ( 7.053569696294411884, 139.2235650228607540, 148.4838691362629390 ) ) ;
#5921 = EDGE_CURVE ( 'NONE', #262, #7038, #2510, .T. ) ;
#5922 = DIRECTION ( 'NONE',  ( -5.602867245962735462E-30, -1.000000000000000000, -1.644517855226013126E-15 ) ) ;
#5923 = CARTESIAN_POINT ( 'NONE',  ( -0.09391569623374394771, 44.25677542565775724, 191.7754805832036311 ) ) ;
#5924 = CARTESIAN_POINT ( 'NONE',  ( 2.458911498200082146, 45.48680964656614378, 130.5876176261108412 ) ) ;
#5925 = ORIENTED_EDGE ( 'NONE', *, *, #1526, .F. ) ;
#5926 = CARTESIAN_POINT ( 'NONE',  ( -0.1308258872669409711, 44.00136001824270693, 168.4550823933644494 ) ) ;
#5927 = CARTESIAN_POINT ( 'NONE',  ( 0.5319956879372107483, 41.19229276040293541, 117.2124947716960719 ) ) ;
#5928 = CARTESIAN_POINT ( 'NONE',  ( -83.26671075213897666, 10.37568051067605523, 86.68462678675325606 ) ) ;
#5929 = CARTESIAN_POINT ( 'NONE',  ( -16.85023640479075269, 29.96293028805225944, 58.52711377744114429 ) ) ;
#5930 = CARTESIAN_POINT ( 'NONE',  ( 9.824827521419905452, -2.593892997156575397, 521.6966707247395334 ) ) ;
#5931 = CARTESIAN_POINT ( 'NONE',  ( 0.7310486981965987896, -8.789701471681548028, 555.1481419457635411 ) ) ;
#5932 = CARTESIAN_POINT ( 'NONE',  ( -48.32415448321622620, 29.64237880311033635, 190.6781851572344237 ) ) ;
#5933 = CARTESIAN_POINT ( 'NONE',  ( 1.649037557037112522, 25.94552207819153722, 415.5304132493203042 ) ) ;
#5934 = DIRECTION ( 'NONE',  ( -1.000000000000000000, 0.000000000000000000, -2.312964634635740985E-16 ) ) ;
#5935 = CARTESIAN_POINT ( 'NONE',  ( -5.101045724339333454, 30.45324175051655757, 45.46184413307150862 ) ) ;
#5936 = CARTESIAN_POINT ( 'NONE',  ( -0.003356961116010054313, 47.55059658919321208, 180.6771461304026047 ) ) ;
#5937 = CARTESIAN_POINT ( 'NONE',  ( -5.113726902391436013, 38.05047766176798518, 93.19063401096340726 ) ) ;
#5938 = CARTESIAN_POINT ( 'NONE',  ( 0.000000000000000000, 42.53272745866301818, 298.2006047040866861 ) ) ;
#5939 = CARTESIAN_POINT ( 'NONE',  ( 4.010810314286156419, 41.26725349391794850, 124.9999999999998863 ) ) ;
#5940 = CARTESIAN_POINT ( 'NONE',  ( 150.0000000000000568, 3.860833271709796399, 212.5989338358691612 ) ) ;
#5941 = ORIENTED_EDGE ( 'NONE', *, *, #4828, .T. ) ;
#5942 = CARTESIAN_POINT ( 'NONE',  ( -53.28208160321224796, 25.23706465496544027, 158.7138491896803600 ) ) ;
#5943 = CARTESIAN_POINT ( 'NONE',  ( -150.0000000000002558, 12.91824135705855703, 236.2496330257888815 ) ) ;
#5944 = ORIENTED_EDGE ( 'NONE', *, *, #4420, .T. ) ;
#5945 = CARTESIAN_POINT ( 'NONE',  ( -0.3229028841650262716, 41.66242402443275239, 121.0526502076833708 ) ) ;
#5946 = CARTESIAN_POINT ( 'NONE',  ( -33.95867703260037018, 36.95423288392198913, 124.9999999999999147 ) ) ;
#5947 = CARTESIAN_POINT ( 'NONE',  ( 2.908181709487733357, 40.14309379688627644, 109.2519546195029534 ) ) ;
#5948 = CARTESIAN_POINT ( 'NONE',  ( 2.438386666760239851, 47.31887474758064371, 182.6740102932077150 ) ) ;
#5949 = CARTESIAN_POINT ( 'NONE',  ( 56.38420455136408549, -2.341849795747153795, 206.2968260904183353 ) ) ;
#5950 = CARTESIAN_POINT ( 'NONE',  ( -149.9999999999999716, 16.36900979716714133, 304.7041830578932036 ) ) ;
#5951 = CARTESIAN_POINT ( 'NONE',  ( -40.00012032419174801, 33.80605945646271238, 182.0814958682401539 ) ) ;
#5952 = B_SPLINE_CURVE_WITH_KNOTS ( 'NONE', 3,
 ( #6077, #1531, #1050, #3338, #5471, #6597, #7235, #6677 ),
 .UNSPECIFIED., .F., .F.,
 ( 4, 1, 1, 1, 1, 4 ),
 ( 0.1070436256210489795, 0.1142279441868947060, 0.1272287596092742390, 0.1532303904540336381, 0.1792320212987930650, 0.1995293385899545024 ),
 .UNSPECIFIED. ) ;
#5953 = CARTESIAN_POINT ( 'NONE',  ( -0.000000000000000000, -24.70179936576349533, -76.17517795805076730 ) ) ;
#5954 = CARTESIAN_POINT ( 'NONE',  ( 40.41223415239629446, 28.91638314977499746, 111.1791181675562257 ) ) ;
#5955 = VERTEX_POINT ( 'NONE', #1942 ) ;
#5956 = CARTESIAN_POINT ( 'NONE',  ( 7.719314563241653993, 43.18390679670194032, 217.1043652230852672 ) ) ;
#5957 = CARTESIAN_POINT ( 'NONE',  ( 33.66961747491285450, 28.53374233094294965, 84.61147123993839614 ) ) ;
#5958 = CARTESIAN_POINT ( 'NONE',  ( -7.253029586610510115, 40.93700535102644267, 128.0779864564220247 ) ) ;
#5959 = CARTESIAN_POINT ( 'NONE',  ( -2.339449086157818724E-28, 41.75449789290554037, 146.4838691362627401 ) ) ;
#5960 = APPLICATION_CONTEXT ( 'automotive_design' ) ;
#5961 = CARTESIAN_POINT ( 'NONE',  ( -45.70542344819675407, 22.49657194017424189, 125.0000000100238680 ) ) ;
#5962 = CARTESIAN_POINT ( 'NONE',  ( -3.201740478584650607, 43.89911902465825477, 204.0402817971678644 ) ) ;
#5963 = CARTESIAN_POINT ( 'NONE',  ( 150.0000000000003695, 17.23251453160983715, 290.2479985875627335 ) ) ;
#5964 = ORIENTED_EDGE ( 'NONE', *, *, #259, .F. ) ;
#5965 = EDGE_CURVE ( 'NONE', #4524, #7294, #3780, .T. ) ;
#5966 = CARTESIAN_POINT ( 'NONE',  ( -0.3843196075278005330, 44.02794697143046676, 168.4379723260162507 ) ) ;
#5967 = CARTESIAN_POINT ( 'NONE',  ( 9.940941391305635477, 39.93904448287642595, 121.0427939451397918 ) ) ;
#5968 = CARTESIAN_POINT ( 'NONE',  ( 1.733348263405259271, 31.56952604277959296, 29.57366796039476498 ) ) ;
#5969 = CARTESIAN_POINT ( 'NONE',  ( 0.4124523954728538944, 30.59737258831063045, 41.36121968264906457 ) ) ;
#5970 = CARTESIAN_POINT ( 'NONE',  ( -1.385297492264745189, 46.88536817934281942, 181.3845848142560726 ) ) ;
#5971 = CARTESIAN_POINT ( 'NONE',  ( -149.9999999999995168, -1.113709569569687474, 417.4376239672698148 ) ) ;
#5972 = CARTESIAN_POINT ( 'NONE',  ( -7.500000000000000000, 29.52443753907863666, 35.04931211369478916 ) ) ;
#5973 = CARTESIAN_POINT ( 'NONE',  ( 0.000000000000000000, 17.01339730700182074, 458.4116318598639168 ) ) ;
#5974 = B_SPLINE_CURVE_WITH_KNOTS ( 'NONE', 3,
 ( #870, #4283, #4889, #7211, #6615, #4361 ),
 .UNSPECIFIED., .F., .F.,
 ( 4, 2, 4 ),
 ( 0.000000000000000000, 0.0003942599937439207505, 0.0007885199874878415010 ),
 .UNSPECIFIED. ) ;
#5975 = CARTESIAN_POINT ( 'NONE',  ( -2.794576627399967705, 47.32745128127660195, 199.2960125186496896 ) ) ;
#5976 = CARTESIAN_POINT ( 'NONE',  ( -3.237736701185796040, 30.97051158691810357, 46.18742179246510915 ) ) ;
#5977 = CARTESIAN_POINT ( 'NONE',  ( -0.000000000000000000, 47.46973984259678758, 174.9372647632317808 ) ) ;
#5978 = CARTESIAN_POINT ( 'NONE',  ( 0.3901700935477488974, 37.70072644747384771, 83.36397289057035209 ) ) ;
#5979 = CARTESIAN_POINT ( 'NONE',  ( 1.925100097286686074, 25.85227023461058238, 415.2282052245307113 ) ) ;
#5980 = CARTESIAN_POINT ( 'NONE',  ( 45.70542344736742280, 27.26287060384419192, 124.9999999999999574 ) ) ;
#5981 = CARTESIAN_POINT ( 'NONE',  ( 150.0000000000000000, 6.573444530005628117, 217.0034385749200965 ) ) ;
#5982 = ORIENTED_EDGE ( 'NONE', *, *, #4308, .T. ) ;
#5983 = CARTESIAN_POINT ( 'NONE',  ( 0.4337389462511542781, 38.00234883077146009, 85.17559089411142281 ) ) ;
#5984 = CARTESIAN_POINT ( 'NONE',  ( -2.972288463451770113, 33.79696142559792804, 41.75401259452486613 ) ) ;
#5985 = ORIENTED_EDGE ( 'NONE', *, *, #4044, .T. ) ;
#5986 = CARTESIAN_POINT ( 'NONE',  ( -0.1490032679705349528, 40.51353410417269174, 109.1002092114275399 ) ) ;
#5987 = CARTESIAN_POINT ( 'NONE',  ( 3.286733481003436541, 47.13314977862513899, 213.8493118905533947 ) ) ;
#5988 = CARTESIAN_POINT ( 'NONE',  ( 7.558150637472447642, 39.52039743827921114, 111.3521673987976754 ) ) ;
#5989 = CARTESIAN_POINT ( 'NONE',  ( 44.16468378019852992, 31.29850771630850303, 106.3776962309288763 ) ) ;
#5990 = CARTESIAN_POINT ( 'NONE',  ( 12.37917598823336540, 4.075400731689930112, -36.12926134960945035 ) ) ;
#5991 = CARTESIAN_POINT ( 'NONE',  ( -6.132859819528112766, 28.43009116092171595, 399.5846028973078319 ) ) ;
#5992 = CARTESIAN_POINT ( 'NONE',  ( -18.35544115142457144, 39.71669516788154652, 142.4964915019072578 ) ) ;
#5993 = CARTESIAN_POINT ( 'NONE',  ( 35.66697731966415574, -11.64039430091011873, 495.5372216640326997 ) ) ;
#5994 = CARTESIAN_POINT ( 'NONE',  ( 26.59264953153649103, 33.84010053293944509, 102.0987723881754334 ) ) ;
#5995 = ORIENTED_EDGE ( 'NONE', *, *, #2259, .T. ) ;
#5996 = CARTESIAN_POINT ( 'NONE',  ( -0.5000000000002350342, 50.00000000000000000, 198.1826763077941393 ) ) ;
#5997 = CARTESIAN_POINT ( 'NONE',  ( 0.09545718150270782187, 35.17709920999371320, 66.48198174205855082 ) ) ;
#5998 = CARTESIAN_POINT ( 'NONE',  ( -22.32660443312857268, 38.38916304166167492, 138.3097892528085424 ) ) ;
#5999 =( NAMED_UNIT ( * ) PLANE_ANGLE_UNIT ( ) SI_UNIT ( $, .RADIAN. ) );
#6000 = CARTESIAN_POINT ( 'NONE',  ( -0.3333532175229963479, 47.01458106428355421, 181.1826763077941109 ) ) ;
#6001 = CARTESIAN_POINT ( 'NONE',  ( -37.21306164474506772, 34.85890403595655584, 230.9444836301497617 ) ) ;
#6002 = CARTESIAN_POINT ( 'NONE',  ( 46.58558245345534488, 37.13275647413672687, 271.3152778191255265 ) ) ;
#6003 = PRODUCT ( 'HATCH FRONT', 'HATCH FRONT', '', ( #5069 ) ) ;
#6004 = ORIENTED_EDGE ( 'NONE', *, *, #2497, .T. ) ;
#6005 = CARTESIAN_POINT ( 'NONE',  ( 44.04045971409257731, 32.07970875417138501, 201.3196069193620588 ) ) ;
#6006 = CARTESIAN_POINT ( 'NONE',  ( -0.4143926332248274447, 41.92163264408052470, 125.5894449644905961 ) ) ;
#6007 = CARTESIAN_POINT ( 'NONE',  ( 0.7461940103012556502, 43.80372440424493874, 105.2564511888949568 ) ) ;
#6008 = CARTESIAN_POINT ( 'NONE',  ( -22.01079754700742797, 29.20453139447288393, 62.55499552413275666 ) ) ;
#6009 = B_SPLINE_CURVE_WITH_KNOTS ( 'NONE', 3,
 ( #5168, #2351, #4066, #4634, #5203, #4565, #23, #2386, #2317, #4668, #4600, #1748, #2278, #4030, #6955, #2982 ),
 .UNSPECIFIED., .F., .F.,
 ( 4, 2, 2, 2, 2, 2, 2, 4 ),
 ( 0.000000000000000000, 0.0007900828281776075494, 0.001185124242266412083, 0.001580165656355216617, 0.001975207070444020933, 0.002370248484532825467, 0.002765289898621630001, 0.003160331312710434534 ),
 .UNSPECIFIED. ) ;
#6010 = CARTESIAN_POINT ( 'NONE',  ( -1.428715024928061794, 47.41285217024047682, 181.4060220343571928 ) ) ;
#6011 = CARTESIAN_POINT ( 'NONE',  ( -9.824827521419905452, -2.593892997156575397, 521.6966707247395334 ) ) ;
#6012 = CARTESIAN_POINT ( 'NONE',  ( -3.651050815844936182E-14, 43.26917313500885598, 149.4838691362627685 ) ) ;
#6013 = CARTESIAN_POINT ( 'NONE',  ( -52.26163914926329568, 6.411420321105841147, 377.3440233945722184 ) ) ;
#6014 = CARTESIAN_POINT ( 'NONE',  ( -2.004668674207969570, 46.86242971542391444, 199.5066780503520079 ) ) ;
#6015 = CARTESIAN_POINT ( 'NONE',  ( -2.607986108098389710, 31.13206323744494242, 46.41403131076972954 ) ) ;
#6016 = FACE_OUTER_BOUND ( 'NONE', #6980, .T. ) ;
#6017 = AXIS2_PLACEMENT_3D ( 'NONE', #664, #5739, #1227 ) ;
#6018 = CARTESIAN_POINT ( 'NONE',  ( -45.06197777766568180, 28.44841756666906107, 132.6696131203556774 ) ) ;
#6019 = CARTESIAN_POINT ( 'NONE',  ( 5.873798239311764924, 35.98697079100605123, 353.7225482438468589 ) ) ;
#6020 = LINE ( 'NONE', #2002, #3101 ) ;
#6021 = CARTESIAN_POINT ( 'NONE',  ( 150.0000000000000853, 8.243839277673602695, 220.6305941379857245 ) ) ;
#6022 = VERTEX_POINT ( 'NONE', #3819 ) ;
#6023 = CARTESIAN_POINT ( 'NONE',  ( -1.767249541151372227E-14, 44.13878361861858224, 181.1826763077941678 ) ) ;
#6024 = CARTESIAN_POINT ( 'NONE',  ( -9.650457210473206260, 42.47422119080876257, 108.3197917343866408 ) ) ;
#6025 = ORIENTED_EDGE ( 'NONE', *, *, #7006, .T. ) ;
#6026 = CARTESIAN_POINT ( 'NONE',  ( 5.378021356219176319, 39.80633645046044222, 110.6349102832048601 ) ) ;
#6027 = CARTESIAN_POINT ( 'NONE',  ( 16.35367008175067838, 45.42067070325158795, 213.8493120664905689 ) ) ;
#6028 = CARTESIAN_POINT ( 'NONE',  ( 2.968003447179068388E-14, 44.12962499966837271, 204.7391363899565704 ) ) ;
#6029 = CARTESIAN_POINT ( 'NONE',  ( -2.546057378257033932, 34.45886955982916078, 42.11624028194231784 ) ) ;
#6030 = CARTESIAN_POINT ( 'NONE',  ( -150.0000000000000000, 15.08964599839784171, 317.3683508197350989 ) ) ;
#6031 = EDGE_CURVE ( 'NONE', #6487, #5750, #2061, .T. ) ;
#6032 = CARTESIAN_POINT ( 'NONE',  ( -0.06528091926501458642, 42.45093936840171978, 132.9963463128727597 ) ) ;
#6033 = CARTESIAN_POINT ( 'NONE',  ( 59.97261899444817601, -10.31809425623221443, 446.5905760905740181 ) ) ;
#6034 = CARTESIAN_POINT ( 'NONE',  ( 5.191507805900846151, 37.28120387873295982, 86.57723946149162941 ) ) ;
#6035 = ORIENTED_EDGE ( 'NONE', *, *, #327, .T. ) ;
#6036 = AXIS2_PLACEMENT_3D ( 'NONE', #198, #5265, #4203 ) ;
#6037 = SURFACE_SIDE_STYLE ('',( #6439 ) ) ;
#6038 = CARTESIAN_POINT ( 'NONE',  ( 28.85934919873552573, 31.89121829187983792, 95.24945160368925201 ) ) ;
#6039 = CARTESIAN_POINT ( 'NONE',  ( -0.5319956879372068625, 41.19229276040292120, 117.2124947716959582 ) ) ;
#6040 = CARTESIAN_POINT ( 'NONE',  ( -5.551690055571850912, 43.57135542997895783, 206.4838691362628254 ) ) ;
#6041 = CARTESIAN_POINT ( 'NONE',  ( -7.053569696294416325, 42.12858376085258527, 146.4838691362627685 ) ) ;
#6042 = EDGE_CURVE ( 'NONE', #675, #7294, #5952, .T. ) ;
#6043 = CARTESIAN_POINT ( 'NONE',  ( -10.53459103144298581, 43.01810671328215108, 207.0709673005991931 ) ) ;
#6044 = CARTESIAN_POINT ( 'NONE',  ( 150.0000000000000000, 15.08964599839784171, 317.3683508197350989 ) ) ;
#6045 = CARTESIAN_POINT ( 'NONE',  ( 46.58568549404246539, 30.79024886074538259, 206.4683828725464423 ) ) ;
#6046 = CARTESIAN_POINT ( 'NONE',  ( 31.20357330816510810, 24.44635299852444632, 56.83341797979107213 ) ) ;
#6047 = CARTESIAN_POINT ( 'NONE',  ( -53.35623814217884586, 16.83228722618856921, 246.4189050667629601 ) ) ;
#6048 = CARTESIAN_POINT ( 'NONE',  ( -47.85865800652410229, 23.55087440642654073, 106.2946350579774162 ) ) ;
#6049 = CARTESIAN_POINT ( 'NONE',  ( -2.306220131076118118, 47.32933372692436791, 182.3142124016755474 ) ) ;
#6050 = CARTESIAN_POINT ( 'NONE',  ( 1.059261791604531711, 47.48595991178142839, 200.1077983834678093 ) ) ;
#6051 = CARTESIAN_POINT ( 'NONE',  ( -0.3659214543900064509, 47.51381381333347065, 180.6770342618823975 ) ) ;
#6052 = CARTESIAN_POINT ( 'NONE',  ( -51.14854028299649258, 8.032565948868031214, 369.8610693905080211 ) ) ;
#6053 = CARTESIAN_POINT ( 'NONE',  ( -2.234028420618630939, 46.83678926782090457, 199.1878730405475153 ) ) ;
#6054 = CARTESIAN_POINT ( 'NONE',  ( 3.211948935988305624E-14, 34.08664072837694903, 60.00676942299037364 ) ) ;
#6055 = CARTESIAN_POINT ( 'NONE',  ( 0.9538432379601403666, -14.88770259644060800, -66.09957415697023464 ) ) ;
#6056 = CARTESIAN_POINT ( 'NONE',  ( 0.2720291203235506439, 36.45447860247954708, 74.92399324366073188 ) ) ;
#6057 = CARTESIAN_POINT ( 'NONE',  ( 149.9999999999995737, 11.19476107030966361, 345.2779431210030907 ) ) ;
#6058 = CARTESIAN_POINT ( 'NONE',  ( 45.70542344736916363, 31.24632232633141271, 125.0000000000213163 ) ) ;
#6059 = CARTESIAN_POINT ( 'NONE',  ( 12.12700268568815254, 15.00943372669715004, -14.20656591047415240 ) ) ;
#6060 = ORIENTED_EDGE ( 'NONE', *, *, #5836, .F. ) ;
#6061 = PLANE ( 'NONE',  #281 ) ;
#6062 = CARTESIAN_POINT ( 'NONE',  ( -2.764266699687509821, 40.40007119318590156, 79.70911587689846556 ) ) ;
#6063 = EDGE_LOOP ( 'NONE', ( #7181, #2932, #6845, #1795 ) ) ;
#6064 = CARTESIAN_POINT ( 'NONE',  ( 0.07068457451727969132, 41.61442709767045756, 121.0641805961916049 ) ) ;
#6065 = EDGE_CURVE ( 'NONE', #5053, #4815, #748, .T. ) ;
#6066 = CARTESIAN_POINT ( 'NONE',  ( 45.70542344736916363, 31.24632232633141271, 125.0000000000213163 ) ) ;
#6067 = CARTESIAN_POINT ( 'NONE',  ( 3.053916176196498355, 47.30889391987572168, 188.1796728374455938 ) ) ;
#6068 = CARTESIAN_POINT ( 'NONE',  ( 26.84291305568621766, 21.64135502705829950, 20.87972938593452810 ) ) ;
#6069 = CARTESIAN_POINT ( 'NONE',  ( 0.9573959518996042473, 36.00720964673208613, 354.6273715488849803 ) ) ;
#6070 = CARTESIAN_POINT ( 'NONE',  ( -39.48028653328971416, 33.29144601205272380, 157.4457745505424668 ) ) ;
#6071 = CARTESIAN_POINT ( 'NONE',  ( -87.29032237503307101, -21.66930983638621200, 38.08868808560211505 ) ) ;
#6072 = CARTESIAN_POINT ( 'NONE',  ( 8.058231412643980462, 36.89268454358864346, 88.05529390049447613 ) ) ;
#6073 = VERTEX_POINT ( 'NONE', #4953 ) ;
#6074 = CARTESIAN_POINT ( 'NONE',  ( 37.96258401447950348, 38.66608966650863266, 207.3936314200761331 ) ) ;
#6075 = CARTESIAN_POINT ( 'NONE',  ( -0.2809140285738060960, 37.68696688232719083, 83.35972600702260138 ) ) ;
#6076 = CARTESIAN_POINT ( 'NONE',  ( -6.907314009059007276, 39.61119530707287595, 111.0120612296850169 ) ) ;
#6077 = CARTESIAN_POINT ( 'NONE',  ( 3.911032522146973278E-09, 32.59934123605674472, 35.04931211369478916 ) ) ;
#6078 = CARTESIAN_POINT ( 'NONE',  ( 2.500000000000235811, 46.80943403607545150, 198.1826763077941393 ) ) ;
#6079 = CARTESIAN_POINT ( 'NONE',  ( -2.681746571645725830, 43.69303232880439225, 169.0129583097506440 ) ) ;
#6080 = CARTESIAN_POINT ( 'NONE',  ( 1.661913757546996440, 42.51371960543011141, 298.3404751548967511 ) ) ;
#6081 = CARTESIAN_POINT ( 'NONE',  ( 4.511195465286270689, 43.63776139468406257, 181.3506027436551165 ) ) ;
#6082 = CARTESIAN_POINT ( 'NONE',  ( 0.05198280089185733366, 30.54117356116189086, 41.33815068775491142 ) ) ;
#6083 = CARTESIAN_POINT ( 'NONE',  ( -7.162406742956792804, -5.196939195804247902, 540.7780944250159791 ) ) ;
#6084 = AXIS2_PLACEMENT_3D ( 'NONE', #4577, #6866, #2400 ) ;
#6085 = CARTESIAN_POINT ( 'NONE',  ( -48.51103504263899424, 22.15735424484161697, 99.73637320736993672 ) ) ;
#6086 = CARTESIAN_POINT ( 'NONE',  ( -2.296727387632140349, 46.77426639546485632, 182.2944233728449603 ) ) ;
#6087 = CARTESIAN_POINT ( 'NONE',  ( -150.0000000000000284, -5.251527702307162926, 440.0305525103657374 ) ) ;
#6088 = CARTESIAN_POINT ( 'NONE',  ( 45.70542344736742280, 27.26287060384419192, 124.9999999999999574 ) ) ;
#6089 = CARTESIAN_POINT ( 'NONE',  ( -36.87704838372232530, 0.06862354129085444787, 457.0708091009332747 ) ) ;
#6090 = CARTESIAN_POINT ( 'NONE',  ( 4.075666328965372993E-08, 29.52443753907863666, 35.04931211369478916 ) ) ;
#6091 = CARTESIAN_POINT ( 'NONE',  ( 8.555580906948446085, 41.91304360702352483, 147.1568325279928615 ) ) ;
#6092 = CARTESIAN_POINT ( 'NONE',  ( -56.52914563521074598, -13.16024702830548954, 195.5971044673015626 ) ) ;
#6093 = CARTESIAN_POINT ( 'NONE',  ( 0.2277891786739987545, 36.44892126824252188, 74.92250944640191790 ) ) ;
#6094 = CARTESIAN_POINT ( 'NONE',  ( 6.132859819528112766, 28.43009116092171595, 399.5846028973078319 ) ) ;
#6095 = CARTESIAN_POINT ( 'NONE',  ( -0.3180835960145953489, 47.04496204468466658, 200.1826763077941393 ) ) ;
#6096 = CARTESIAN_POINT ( 'NONE',  ( -0.7892887599068222348, 40.84728336498595525, 79.87203680722943488 ) ) ;
#6097 = EDGE_LOOP ( 'NONE', ( #2046, #4586, #713, #4868, #5189, #3071, #958, #6583, #3593, #1344 ) ) ;
#6098 = CARTESIAN_POINT ( 'NONE',  ( -36.30208814818123386, 29.95983160355508446, 104.2589703489594086 ) ) ;
#6099 = CARTESIAN_POINT ( 'NONE',  ( 0.000000000000000000, 47.65165836710342973, 180.5788067618912009 ) ) ;
#6100 = VERTEX_POINT ( 'NONE', #5592 ) ;
#6101 = CARTESIAN_POINT ( 'NONE',  ( 8.513815353394733165, 39.37379427302958135, 112.2384118415187118 ) ) ;
#6102 = VECTOR ( 'NONE', #2659, 1000.000000000000000 ) ;
#6103 = FACE_OUTER_BOUND ( 'NONE', #3142, .T. ) ;
#6104 = FACE_OUTER_BOUND ( 'NONE', #3217, .T. ) ;
#6105 = VECTOR ( 'NONE', #7082, 1000.000000000000000 ) ;
#6106 = CARTESIAN_POINT ( 'NONE',  ( 55.69582423788891390, 7.770729441803534421, 222.6473521244176652 ) ) ;
#6107 = CARTESIAN_POINT ( 'NONE',  ( 0.000000000000000000, 38.87860893774676185, 331.9800661568619944 ) ) ;
#6108 = CARTESIAN_POINT ( 'NONE',  ( -41.12337862350463524, 33.06054457352363585, 172.8720491510864861 ) ) ;
#6109 = CARTESIAN_POINT ( 'NONE',  ( 9.623729406347049320, -10.66680710752643968, 548.6596272280612538 ) ) ;
#6110 = EDGE_CURVE ( 'NONE', #5271, #6251, #6481, .T. ) ;
#6111 = CARTESIAN_POINT ( 'NONE',  ( -0.4969849137682933460, 38.01030055445800571, 85.17825213186145561 ) ) ;
#6112 = ORIENTED_EDGE ( 'NONE', *, *, #2856, .F. ) ;
#6113 = CARTESIAN_POINT ( 'NONE',  ( -7.800511523327510648E-28, 139.2235650228607540, 146.4838691362629106 ) ) ;
#6114 = CARTESIAN_POINT ( 'NONE',  ( -2.553569696294403446, 43.12255699905529127, 153.4838691362627117 ) ) ;
#6115 = CARTESIAN_POINT ( 'NONE',  ( 2.365749003621594238, 37.35268814571459473, 83.67770667134013252 ) ) ;
#6116 = CARTESIAN_POINT ( 'NONE',  ( -42.76620611592002774, 31.23493190828624222, 152.5446602574879762 ) ) ;
#6117 = CARTESIAN_POINT ( 'NONE',  ( -31.13558783430243437, 38.03022564616883017, 125.0000000000001137 ) ) ;
#6118 = CARTESIAN_POINT ( 'NONE',  ( -4.643584582539170391, 43.45942452839540238, 169.7540218681253066 ) ) ;
#6119 = CARTESIAN_POINT ( 'NONE',  ( 13.31731313304985065, 38.32335583300963577, 331.1613580124958389 ) ) ;
#6120 = CARTESIAN_POINT ( 'NONE',  ( -0.2121433852463098235, 44.14769347336246597, 180.0952417616206560 ) ) ;
#6121 = CARTESIAN_POINT ( 'NONE',  ( 38.03069391491183637, 24.77660562149077350, 75.19034220934000246 ) ) ;
#6122 = CARTESIAN_POINT ( 'NONE',  ( 2.177296947288516193, -4.542331835814525043, 541.4227397640479467 ) ) ;
#6123 = DIRECTION ( 'NONE',  ( -1.000000000000000000, 0.000000000000000000, -0.000000000000000000 ) ) ;
#6124 = CARTESIAN_POINT ( 'NONE',  ( -0.3690117842855846209, 26.60145389716221587, 24.80968676086434144 ) ) ;
#6125 = CARTESIAN_POINT ( 'NONE',  ( 0.000000000000000000, 31.66640068115475515, 47.16354981049583728 ) ) ;
#6126 = FACE_OUTER_BOUND ( 'NONE', #6420, .T. ) ;
#6127 = CARTESIAN_POINT ( 'NONE',  ( -0.1812764382339168145, 47.53232335037510836, 180.6770904820961050 ) ) ;
#6128 = EDGE_CURVE ( 'NONE', #7162, #2233, #414, .T. ) ;
#6129 = DIRECTION ( 'NONE',  ( 0.000000000000000000, -1.000000000000000000, 0.000000000000000000 ) ) ;
#6130 = CARTESIAN_POINT ( 'NONE',  ( -44.90158355034349569, 30.72168376952171442, 115.6527825571629933 ) ) ;
#6131 = CARTESIAN_POINT ( 'NONE',  ( -0.4291968292598680179, 42.50968960479305991, 132.9786603827185729 ) ) ;
#6132 = FACE_OUTER_BOUND ( 'NONE', #4497, .T. ) ;
#6133 = CARTESIAN_POINT ( 'NONE',  ( -0.4553038046347758216, 35.13213056299500892, 66.49097010055407964 ) ) ;
#6134 = CARTESIAN_POINT ( 'NONE',  ( -0.5496791856790375075, 25.91683902096197656, 415.4374579817630888 ) ) ;
#6135 = DIRECTION ( 'NONE',  ( -0.000000000000000000, 1.000000000000000000, -0.000000000000000000 ) ) ;
#6136 = CARTESIAN_POINT ( 'NONE',  ( -0.8666741317026296354, 31.46901978515835552, 29.51441602890792737 ) ) ;
#6137 = VERTEX_POINT ( 'NONE', #4303 ) ;
#6138 = LINE ( 'NONE', #7256, #6331 ) ;
#6139 = CARTESIAN_POINT ( 'NONE',  ( 0.000000000000000000, 42.53272745866301818, 298.2006047040866861 ) ) ;
#6140 = ORIENTED_EDGE ( 'NONE', *, *, #641, .F. ) ;
#6141 = CARTESIAN_POINT ( 'NONE',  ( 27.32543601019498780, 39.09619872959208919, 212.8257279871183698 ) ) ;
#6142 = CARTESIAN_POINT ( 'NONE',  ( 42.01362261207746229, 28.58467339238560712, 87.71035818268491369 ) ) ;
#6143 = CARTESIAN_POINT ( 'NONE',  ( 3.442494474295954010, 41.44463465108734823, 126.3551488263689748 ) ) ;
#6144 = CARTESIAN_POINT ( 'NONE',  ( 3.094001100202671495, 27.87474874546403569, 16.86073679022653593 ) ) ;
#6145 = CARTESIAN_POINT ( 'NONE',  ( 0.5283684085479281034, 28.60797005037408525, 400.7130692314507883 ) ) ;
#6146 = CARTESIAN_POINT ( 'NONE',  ( -6.546379636416542525, 40.78001900819888448, 123.1753551375334439 ) ) ;
#6147 = CARTESIAN_POINT ( 'NONE',  ( 0.000000000000000000, 1.530671358679228655, -46.61894072316960802 ) ) ;
#6148 = CARTESIAN_POINT ( 'NONE',  ( 6.634212610787748154, 37.08822066179057231, 87.29113504544562829 ) ) ;
#6149 = ORIENTED_EDGE ( 'NONE', *, *, #1355, .F. ) ;
#6150 = DIRECTION ( 'NONE',  ( 0.000000000000000000, 0.000000000000000000, -1.000000000000000000 ) ) ;
#6151 = CARTESIAN_POINT ( 'NONE',  ( -9.960991319203733596, 40.21114396336860608, 125.0000000000001137 ) ) ;
#6152 = CARTESIAN_POINT ( 'NONE',  ( 1.331560701119410606, 36.25329056676510220, 75.02485206905511461 ) ) ;
#6153 = CARTESIAN_POINT ( 'NONE',  ( 0.03515538210572977107, 39.61221725694070983, 100.2685708578173518 ) ) ;
#6154 = LINE ( 'NONE', #2741, #3225 ) ;
#6155 = B_SPLINE_CURVE_WITH_KNOTS ( 'NONE', 3,
 ( #5124, #441, #1556, #3845, #6141, #1000, #7298, #2164, #2867, #1173, #3494, #5860, #1805, #4057, #4165, #5302, #5161, #15, #4589, #2307, #3461, #2342, #717, #4734, #4625, #4695 ),
 .UNSPECIFIED., .F., .F.,
 ( 4, 2, 2, 2, 2, 2, 2, 2, 2, 2, 2, 2, 4 ),
 ( 2.525795506525165395E-17, 0.006076592413540753308, 0.009114888620311114784, 0.01215318482708147539, 0.01822977724062219140, 0.01974892534400737171, 0.02126807344739255548, 0.02430636965416291609, 0.03038296206770369629, 0.03645955448124447301, 0.03949785068801486138, 0.04253614689478525668, 0.04861273930832603341 ),
 .UNSPECIFIED. ) ;
#6156 = CARTESIAN_POINT ( 'NONE',  ( 0.2613175308771282790, 44.15255761229907705, 180.0909786927280436 ) ) ;
#6157 = CARTESIAN_POINT ( 'NONE',  ( -0.5496791856790375075, 25.91683902096197656, 415.4374579817630888 ) ) ;
#6158 = VECTOR ( 'NONE', #4188, 1000.000000000000000 ) ;
#6159 = CARTESIAN_POINT ( 'NONE',  ( -0.3842952919632030007, 44.30108554921603314, 191.7245851659136235 ) ) ;
#6160 = EDGE_CURVE ( 'NONE', #5192, #2442, #5604, .T. ) ;
#6161 = CARTESIAN_POINT ( 'NONE',  ( -0.3513414400944345761, 32.20719149047693719, 49.71808777168470783 ) ) ;
#6162 = CARTESIAN_POINT ( 'NONE',  ( -35.61029944830622895, -13.34155306713987343, 501.3379992237896090 ) ) ;
#6163 = LINE ( 'NONE', #7241, #1814 ) ;
#6164 = CARTESIAN_POINT ( 'NONE',  ( -8.793522343014108955, 27.68906410336193957, 36.41428363593619366 ) ) ;
#6165 = PLANE ( 'NONE',  #1003 ) ;
#6166 = CARTESIAN_POINT ( 'NONE',  ( 1.422886864348266167, 47.45397710411020142, 199.9622944478971931 ) ) ;
#6167 = CARTESIAN_POINT ( 'NONE',  ( -0.5511099221551799543, 47.50079657819158285, 181.1826763077939972 ) ) ;
#6168 = VECTOR ( 'NONE', #3989, 1000.000000000000000 ) ;
#6169 = DIRECTION ( 'NONE',  ( 0.000000000000000000, 0.5804949134221341067, 0.8142638733795261041 ) ) ;
#6170 = CARTESIAN_POINT ( 'NONE',  ( 2.004634084387156179, 43.98707165511328299, 199.5067177041692617 ) ) ;
#6171 = CARTESIAN_POINT ( 'NONE',  ( 1.196941715344732593, 41.47589974018389825, 121.1831264321838404 ) ) ;
#6172 = EDGE_CURVE ( 'NONE', #367, #912, #6193, .T. ) ;
#6173 = CARTESIAN_POINT ( 'NONE',  ( -56.50313792499103016, -10.80253914119058045, 197.8140775424655544 ) ) ;
#6174 = CARTESIAN_POINT ( 'NONE',  ( -2.453154814052261212, 34.88283367363877829, 66.80482738886723837 ) ) ;
#6175 = CARTESIAN_POINT ( 'NONE',  ( -2.057388533046267121, 6.867330383723285969, 500.6602980566781298 ) ) ;
#6176 = LINE ( 'NONE', #5012, #4773 ) ;
#6177 = CARTESIAN_POINT ( 'NONE',  ( 11.07186743597200973, 32.81523294668829749, 45.76036132870854090 ) ) ;
#6178 = ORIENTED_EDGE ( 'NONE', *, *, #1583, .T. ) ;
#6179 = CARTESIAN_POINT ( 'NONE',  ( -1.024363690470241561, 46.93101636536776766, 181.2352566677329833 ) ) ;
#6180 = CARTESIAN_POINT ( 'NONE',  ( -59.97550560955480847, 34.43158503966466810, 201.9292928342558184 ) ) ;
#6181 = ORIENTED_EDGE ( 'NONE', *, *, #4114, .T. ) ;
#6182 = CARTESIAN_POINT ( 'NONE',  ( 2.028382699017692747, 47.35456643750772798, 181.8858836827712082 ) ) ;
#6183 = CARTESIAN_POINT ( 'NONE',  ( 9.053569696294225366, 139.2235650228606687, 206.4838691362629675 ) ) ;
#6184 = CARTESIAN_POINT ( 'NONE',  ( 54.82390645621840264, 12.55502082587985413, 233.5480463257898407 ) ) ;
#6185 = CARTESIAN_POINT ( 'NONE',  ( -11.54106037115949945, 18.89842486944788291, 438.8770723758824488 ) ) ;
#6186 = CARTESIAN_POINT ( 'NONE',  ( -2.998924740983057724, 41.24976133561369096, 121.6215782917565917 ) ) ;
#6187 = CARTESIAN_POINT ( 'NONE',  ( -56.45112250455159142, -6.087123366960760507, 202.2480236927935380 ) ) ;
#6188 = ORIENTED_EDGE ( 'NONE', *, *, #2829, .T. ) ;
#6189 = CYLINDRICAL_SURFACE ( 'NONE', #4052, 39.39999999999999147 ) ;
#6190 = CARTESIAN_POINT ( 'NONE',  ( 45.70542344819675407, 33.03532151007922124, 125.0000000100238111 ) ) ;
#6191 = CARTESIAN_POINT ( 'NONE',  ( -0.2906562361756490076, 39.64410463532833973, 100.2682815586976091 ) ) ;
#6192 = CARTESIAN_POINT ( 'NONE',  ( 0.04235019431929479966, 40.51454458861825003, 108.7226906083986364 ) ) ;
#6193 = LINE ( 'NONE', #1453, #697 ) ;
#6194 = DIRECTION ( 'NONE',  ( 0.000000000000000000, 0.000000000000000000, 1.000000000000000000 ) ) ;
#6195 = CARTESIAN_POINT ( 'NONE',  ( -0.3721734419350770096, 28.76603317194725662, 33.04974361181760401 ) ) ;
#6196 = CARTESIAN_POINT ( 'NONE',  ( -5.030383526105359770, 43.41171309472854745, 169.9178722303963127 ) ) ;
#6197 = CARTESIAN_POINT ( 'NONE',  ( 52.26163914926329568, 6.411420321105841147, 377.3440233945722184 ) ) ;
#6198 = CIRCLE ( 'NONE', #2949, 0.5000000000000012212 ) ;
#6199 = CARTESIAN_POINT ( 'NONE',  ( 5.453604030173327288, 43.69183816510896889, 193.3803023668622529 ) ) ;
#6200 = CARTESIAN_POINT ( 'NONE',  ( -0.3286259600628343991, 32.20439503835685002, 49.71650709482450736 ) ) ;
#6201 = CARTESIAN_POINT ( 'NONE',  ( 2.188606651473533393, -7.176475229997554273, 550.0807433445178276 ) ) ;
#6202 = CARTESIAN_POINT ( 'NONE',  ( 0.000000000000000000, 47.55029173357762318, 180.6771448133950742 ) ) ;
#6203 = CARTESIAN_POINT ( 'NONE',  ( -8.026985825500849714, 27.78329465250145347, 35.95720432361637364 ) ) ;
#6204 = DIRECTION ( 'NONE',  ( 0.000000000000000000, -1.000000000000000000, 0.000000000000000000 ) ) ;
#6205 = CYLINDRICAL_SURFACE ( 'NONE', #880, 2.000000000000001776 ) ;
#6206 = CARTESIAN_POINT ( 'NONE',  ( -34.43323539317101023, 40.15263963739123199, 209.8900017604838979 ) ) ;
#6207 = EDGE_CURVE ( 'NONE', #2094, #1596, #1739, .T. ) ;
#6208 = CARTESIAN_POINT ( 'NONE',  ( 9.000029384791126574, 41.87836241749970156, 147.9549735051993196 ) ) ;
#6209 = CARTESIAN_POINT ( 'NONE',  ( 2.039590004450357430, 42.21138502748349453, 133.3239359873195156 ) ) ;
#6210 = CARTESIAN_POINT ( 'NONE',  ( -86.04165046946579309, -0.9836248390333799385, 62.57548133218611497 ) ) ;
#6211 = CARTESIAN_POINT ( 'NONE',  ( -32.55329529418990830, 31.11959419597398835, 99.75650997253019625 ) ) ;
#6212 = CARTESIAN_POINT ( 'NONE',  ( 0.000000000000000000, 20.11671744806442774, 444.2109482500774220 ) ) ;
#6213 = CARTESIAN_POINT ( 'NONE',  ( -7.094923739575094146, 43.26125785308672533, 216.8450899543862249 ) ) ;
#6214 = CARTESIAN_POINT ( 'NONE',  ( 55.43352450434293388, 9.557879841706116153, 226.4234727364798800 ) ) ;
#6215 = ORIENTED_EDGE ( 'NONE', *, *, #4768, .T. ) ;
#6216 = CARTESIAN_POINT ( 'NONE',  ( -7.800511523327510648E-28, 139.2235650228607540, 146.4838691362629106 ) ) ;
#6217 = CARTESIAN_POINT ( 'NONE',  ( -48.09887603462018291, 19.47765558591667556, 290.8986780379959782 ) ) ;
#6218 = ORIENTED_EDGE ( 'NONE', *, *, #1515, .T. ) ;
#6219 = EDGE_CURVE ( 'NONE', #3601, #6248, #6154, .T. ) ;
#6220 = CARTESIAN_POINT ( 'NONE',  ( 1.753970747980006850, 47.38088567795708173, 181.6186274704886614 ) ) ;
#6221 = CARTESIAN_POINT ( 'NONE',  ( 27.60961008554777152, 35.72027582162997561, 125.0000000000000568 ) ) ;
#6222 = CARTESIAN_POINT ( 'NONE',  ( 2.458911498200082146, 45.48680964656614378, 130.5876176261108412 ) ) ;
#6223 = CARTESIAN_POINT ( 'NONE',  ( 1.145115487848116009, 23.11885975406494254, 429.9532895041899678 ) ) ;
#6224 = CARTESIAN_POINT ( 'NONE',  ( -43.87522568246455279, 31.87467213643126840, 178.6195217088742311 ) ) ;
#6225 = CARTESIAN_POINT ( 'NONE',  ( -56.47713021477131434, -8.444831254075669591, 200.0310506176295462 ) ) ;
#6226 = DIRECTION ( 'NONE',  ( 0.000000000000000000, 0.000000000000000000, 1.000000000000000000 ) ) ;
#6227 = DIRECTION ( 'NONE',  ( 0.000000000000000000, -1.000000000000000000, 0.000000000000000000 ) ) ;
#6228 = CARTESIAN_POINT ( 'NONE',  ( -0.4165880932070518683, 38.75871290631322807, 91.82032085673513677 ) ) ;
#6229 = CARTESIAN_POINT ( 'NONE',  ( -2.857415808226826837, -9.927841435840775830, -61.03830314543180435 ) ) ;
#6230 = CARTESIAN_POINT ( 'NONE',  ( -8.049643389346899269, 41.97721293669365394, 146.7446665300062705 ) ) ;
#6231 = CARTESIAN_POINT ( 'NONE',  ( 6.945865938887182622, 25.86615858115158062, 27.14041521166426207 ) ) ;
#6232 = CARTESIAN_POINT ( 'NONE',  ( -0.2790296021598765996, 44.09874025951896925, 180.1473146431119403 ) ) ;
#6233 = CARTESIAN_POINT ( 'NONE',  ( 6.000466035610237725, 31.94043151699632688, 379.5629847736018405 ) ) ;
#6234 = CARTESIAN_POINT ( 'NONE',  ( 24.58725500734487568, 40.00256868367296903, 194.0187812405359011 ) ) ;
#6235 = CARTESIAN_POINT ( 'NONE',  ( 2.536397724639881890, 31.85659019550479698, 50.03272541567658749 ) ) ;
#6236 = CARTESIAN_POINT ( 'NONE',  ( -36.39338372330776394, -3.366029079672264057, 468.1666420047091037 ) ) ;
#6237 = FILL_AREA_STYLE_COLOUR ( '', #7338 ) ;
#6238 = CARTESIAN_POINT ( 'NONE',  ( 0.1887073874095602233, 26.66571888997333062, 24.82198222134409349 ) ) ;
#6239 = CARTESIAN_POINT ( 'NONE',  ( 2.446697959593917560, 46.81348904936341171, 198.7102579001096672 ) ) ;
#6240 = CARTESIAN_POINT ( 'NONE',  ( -30.53517985576168670, 41.59995577379944365, 211.7337106163640783 ) ) ;
#6241 = B_SPLINE_CURVE_WITH_KNOTS ( 'NONE', 3,
 ( #2339, #2863, #6810, #3359, #5649, #2302, #6312, #47, #1169, #5751, #2897, #5190, #2234, #4522, #1240, #4238, #5299, #7056, #3527, #5371, #3005, #232, #1837, #751, #6456, #4162, #6494, #3079, #3120, #156 ),
 .UNSPECIFIED., .F., .F.,
 ( 4, 2, 2, 2, 2, 2, 2, 2, 2, 2, 2, 2, 2, 2, 4 ),
 ( 1.551583845779545699E-17, 0.006239260157182170870, 0.009358890235773249799, 0.01091870527506878276, 0.01247852031436431225, 0.01871778047154648225, 0.02183741055013757593, 0.02339722558943313491, 0.02495704062872869042, 0.03119630078591090552, 0.03431593086450200614, 0.03587574590379755124, 0.03743556094309310328, 0.04367482110027532533, 0.04991408125745755431 ),
 .UNSPECIFIED. ) ;
#6242 = CARTESIAN_POINT ( 'NONE',  ( -39.63749387989575013, 26.52228091262966103, 69.18754356468517130 ) ) ;
#6243 = CARTESIAN_POINT ( 'NONE',  ( 4.647790957462943240, 41.88055276952763251, 134.2396640200665558 ) ) ;
#6244 = CARTESIAN_POINT ( 'NONE',  ( -150.0000000000000000, 6.573444530005628117, 217.0034385749200965 ) ) ;
#6245 = CARTESIAN_POINT ( 'NONE',  ( -6.845672978366938999, 34.32103317199850068, 68.70869944279714048 ) ) ;
#6246 = CARTESIAN_POINT ( 'NONE',  ( 2.331263078060942462, 10.18293184117968941, 486.7884037760323963 ) ) ;
#6247 = CARTESIAN_POINT ( 'NONE',  ( 2.020103609511816778, 47.45192383060642527, 205.2836370420775722 ) ) ;
#6248 = VERTEX_POINT ( 'NONE', #3182 ) ;
#6249 = DIRECTION ( 'NONE',  ( 5.602867245962735462E-30, -1.000000000000000000, -1.644517855226013126E-15 ) ) ;
#6250 = CARTESIAN_POINT ( 'NONE',  ( 1.467788928062101705, 44.48375703246001933, 275.5401249740329490 ) ) ;
#6251 = VERTEX_POINT ( 'NONE', #932 ) ;
#6252 = CARTESIAN_POINT ( 'NONE',  ( 2.078863672984859967, 47.34043825903718528, 181.1887930047702469 ) ) ;
#6253 = DIRECTION ( 'NONE',  ( 0.000000000000000000, -1.000000000000000000, 0.000000000000000000 ) ) ;
#6254 = CARTESIAN_POINT ( 'NONE',  ( 2.883333089012468431, 37.06396331801435196, 58.55160058116674549 ) ) ;
#6255 = CARTESIAN_POINT ( 'NONE',  ( 1.788897586348170865, 20.19855326254756278, 444.2540033977297185 ) ) ;
#6256 = CARTESIAN_POINT ( 'NONE',  ( -20.08068031249281660, 36.37620340872994973, 108.2952748159617187 ) ) ;
#6257 = CARTESIAN_POINT ( 'NONE',  ( -150.0000000000000284, 3.089374213535638791, 211.7316696794227653 ) ) ;
#6258 = CARTESIAN_POINT ( 'NONE',  ( 19.57372215414722660, 41.22571807297381952, 213.8493121098462098 ) ) ;
#6259 = CARTESIAN_POINT ( 'NONE',  ( 0.9261201088763146849, 38.58975858871001208, 91.87520288631696985 ) ) ;
#6260 = CARTESIAN_POINT ( 'NONE',  ( -0.5000000000002202682, 50.00000000000000000, 200.1826763077941393 ) ) ;
#6261 = CARTESIAN_POINT ( 'NONE',  ( 35.60810051099057461, 21.85491586015392329, 54.78033564459992988 ) ) ;
#6262 = CARTESIAN_POINT ( 'NONE',  ( 0.5628395208100761549, 43.70333353375553997, 156.6644053951158924 ) ) ;
#6263 = CARTESIAN_POINT ( 'NONE',  ( 53.41671992373075284, 4.732634878479694329, 384.7797939231693363 ) ) ;
#6264 = CARTESIAN_POINT ( 'NONE',  ( 1.759900043635410416, 44.03863473756507574, 203.6289569121648526 ) ) ;
#6265 = CARTESIAN_POINT ( 'NONE',  ( 0.1273978676344432459, 32.14847619209916729, 49.70170054634065337 ) ) ;
#6266 = EDGE_CURVE ( 'NONE', #1829, #2453, #131, .T. ) ;
#6267 = CARTESIAN_POINT ( 'NONE',  ( 0.3332228854915971206, 41.91187936433057359, 125.5897846443605772 ) ) ;
#6268 = CARTESIAN_POINT ( 'NONE',  ( 5.308301880232661141, 31.78933218281591166, 35.31509627091065084 ) ) ;
#6269 = CARTESIAN_POINT ( 'NONE',  ( -44.41805046119890221, 21.83017058586101555, 80.11486197992462621 ) ) ;
#6270 = AXIS2_PLACEMENT_3D ( 'NONE', #2957, #6407, #3590 ) ;
#6271 = CARTESIAN_POINT ( 'NONE',  ( 2.968003447179068388E-14, 44.12962499966837271, 204.7391363899565704 ) ) ;
#6272 = CARTESIAN_POINT ( 'NONE',  ( -23.52065688516033148, 43.77664466332672788, 213.6478451816086306 ) ) ;
#6273 = DIRECTION ( 'NONE',  ( -0.000000000000000000, -1.000000000000000000, -3.469446951953683609E-15 ) ) ;
#6274 = CARTESIAN_POINT ( 'NONE',  ( 30.69928130738054506, 37.26998285417621304, 166.8540041967414140 ) ) ;
#6275 = CARTESIAN_POINT ( 'NONE',  ( 2.838695181821947688, 1.681375928194609459, -46.53493995302151376 ) ) ;
#6276 = CARTESIAN_POINT ( 'NONE',  ( -44.35282869203649625, 26.92431734250502373, 113.6056200953563433 ) ) ;
#6277 = CARTESIAN_POINT ( 'NONE',  ( 0.000000000000000000, 6.729893735435778623, 500.8079739285071810 ) ) ;
#6278 = CARTESIAN_POINT ( 'NONE',  ( -2.238582030903766729, 43.98938502743245493, 105.2905442681973369 ) ) ;
#6279 = ORIENTED_EDGE ( 'NONE', *, *, #6290, .T. ) ;
#6280 = CARTESIAN_POINT ( 'NONE',  ( -0.5505272624623879230, 47.49506067536788834, 180.6769762434212794 ) ) ;
#6281 = CARTESIAN_POINT ( 'NONE',  ( 0.000000000000000000, 40.21921743771114421, 320.0002838484802510 ) ) ;
#6282 = ORIENTED_EDGE ( 'NONE', *, *, #3464, .T. ) ;
#6283 = CARTESIAN_POINT ( 'NONE',  ( 5.551690055571852689, 41.75449789290544800, 206.4838691362627969 ) ) ;
#6284 = DIRECTION ( 'NONE',  ( 5.602867245962735462E-30, -1.000000000000000000, -1.644517855226013126E-15 ) ) ;
#6285 = CARTESIAN_POINT ( 'NONE',  ( 149.9999999999993463, 17.13590603533871715, 269.4952211729575993 ) ) ;
#6286 = CARTESIAN_POINT ( 'NONE',  ( -0.9538432379601403666, -14.88770259644060800, -66.09957415697023464 ) ) ;
#6287 = CARTESIAN_POINT ( 'NONE',  ( -11.87753674811280824, 22.01321616650771773, 424.9228753704809378 ) ) ;
#6288 = CARTESIAN_POINT ( 'NONE',  ( -8.513815335851496968, 39.37379427559339007, 112.2384118325052071 ) ) ;
#6289 = CARTESIAN_POINT ( 'NONE',  ( -3.334374282861684691, -8.670514282707921794, -59.62443636531153857 ) ) ;
#6290 = EDGE_CURVE ( 'NONE', #600, #3700, #4979, .T. ) ;
#6291 = FILL_AREA_STYLE_COLOUR ( '', #6794 ) ;
#6292 = CARTESIAN_POINT ( 'NONE',  ( 13.08445416719175647, 36.91951981788582771, 97.65532782538815582 ) ) ;
#6293 = DIRECTION ( 'NONE',  ( -1.000000000000000000, 0.000000000000000000, -0.000000000000000000 ) ) ;
#6294 = CARTESIAN_POINT ( 'NONE',  ( 0.3690117842855846209, 26.60145389716221587, 24.80968676086434144 ) ) ;
#6295 = CARTESIAN_POINT ( 'NONE',  ( -2.756738382082016159, 43.32507117979434241, 157.2453608987413247 ) ) ;
#6296 = CARTESIAN_POINT ( 'NONE',  ( 0.000000000000000000, 17.01339730700182074, 458.4116318598639168 ) ) ;
#6297 = EDGE_CURVE ( 'NONE', #2233, #2853, #2201, .T. ) ;
#6298 = CARTESIAN_POINT ( 'NONE',  ( 37.21306164604410327, 34.85890403534128978, 230.9444836301773307 ) ) ;
#6299 = CARTESIAN_POINT ( 'NONE',  ( 14.26995583368241860, 30.34212973484194364, 56.51317290409534166 ) ) ;
#6300 = CARTESIAN_POINT ( 'NONE',  ( -1.496078027679206279, 41.68907911260852472, 125.7944284194257563 ) ) ;
#6301 = CARTESIAN_POINT ( 'NONE',  ( -1.645711151664540850, 43.84425217043022371, 213.8493118684583294 ) ) ;
#6302 = CARTESIAN_POINT ( 'NONE',  ( 2.246275328292946849, 47.38187986206283853, 199.1664279169686722 ) ) ;
#6303 = CARTESIAN_POINT ( 'NONE',  ( -48.40573461191612381, 33.03532151007922124, 164.0558070632112333 ) ) ;
#6304 = ORIENTED_EDGE ( 'NONE', *, *, #5229, .F. ) ;
#6305 = DIRECTION ( 'NONE',  ( -1.000000000000000000, 7.559876884824074321E-32, 3.361026734705083861E-15 ) ) ;
#6306 = CARTESIAN_POINT ( 'NONE',  ( 2.836028538013770195, 42.71414413944997079, 145.3975839605338649 ) ) ;
#6307 = CARTESIAN_POINT ( 'NONE',  ( 1.878238518609093521, 8.033333812045590605, -35.84821112819088995 ) ) ;
#6308 = CARTESIAN_POINT ( 'NONE',  ( 0.3193418023060286548, 33.82030906144701277, 58.07721315783948768 ) ) ;
#6309 = CARTESIAN_POINT ( 'NONE',  ( 6.611810512025710906, 16.54561046290216098, 457.6028839167674960 ) ) ;
#6310 = CARTESIAN_POINT ( 'NONE',  ( 0.000000000000000000, 47.62041242848380307, 205.0701292695992777 ) ) ;
#6311 = VERTEX_POINT ( 'NONE', #334 ) ;
#6312 = CARTESIAN_POINT ( 'NONE',  ( -36.90884633477389087, 21.99593094274473160, 59.16508770578523979 ) ) ;
#6313 = CARTESIAN_POINT ( 'NONE',  ( 0.4709684984625378545, 38.87613762590805067, 332.0055123804244204 ) ) ;
#6314 = PLANE ( 'NONE',  #5228 ) ;
#6315 = CARTESIAN_POINT ( 'NONE',  ( -37.69163212714860123, 25.93631114326368348, 61.13527913692208671 ) ) ;
#6316 = CARTESIAN_POINT ( 'NONE',  ( -33.14643898949509548, 34.50509726575796776, 134.3356179366701610 ) ) ;
#6317 = LINE ( 'NONE', #4558, #4836 ) ;
#6318 = CARTESIAN_POINT ( 'NONE',  ( -0.6583047484764391610, 47.13654566807250035, 155.6928415244869939 ) ) ;
#6319 = CARTESIAN_POINT ( 'NONE',  ( 56.45112250455159142, -6.087123366960760507, 202.2480236927935380 ) ) ;
#6320 = CARTESIAN_POINT ( 'NONE',  ( -38.04577553118386390, 6.899135327763927350, 435.0771627741435736 ) ) ;
#6321 = CARTESIAN_POINT ( 'NONE',  ( -33.55851833251342953, 34.33960350670952977, 135.5945942970168971 ) ) ;
#6322 = CARTESIAN_POINT ( 'NONE',  ( -3.147860296435570415, 24.32371408104542709, 4.633680387658797528 ) ) ;
#6323 =( NAMED_UNIT ( * ) SI_UNIT ( $, .STERADIAN. ) SOLID_ANGLE_UNIT ( ) );
#6324 = CARTESIAN_POINT ( 'NONE',  ( 34.45531732046710971, 32.62422802912012543, 119.4776105526323420 ) ) ;
#6325 = CARTESIAN_POINT ( 'NONE',  ( -2.553569696294403446, 43.12255699905529127, 153.4838691362627117 ) ) ;
#6326 = EDGE_CURVE ( 'NONE', #5617, #2611, #3966, .T. ) ;
#6327 = CARTESIAN_POINT ( 'NONE',  ( 2.614906054923137990, 28.41799792185191720, 33.37042892952929662 ) ) ;
#6328 = CARTESIAN_POINT ( 'NONE',  ( -40.43642221550022953, 33.89010284733274858, 204.9629338369813638 ) ) ;
#6329 = CARTESIAN_POINT ( 'NONE',  ( -2.177296947288516193, -4.542331835814525043, 541.4227397640479467 ) ) ;
#6330 = CARTESIAN_POINT ( 'NONE',  ( -0.2593423630035031069, 44.21904495293738790, 203.2577933553798744 ) ) ;
#6331 = VECTOR ( 'NONE', #7295, 1000.000000000000000 ) ;
#6332 = CARTESIAN_POINT ( 'NONE',  ( 34.18248378631879092, 26.99935150503722525, 77.10444713129457739 ) ) ;
#6333 = CARTESIAN_POINT ( 'NONE',  ( -1.716965473639881168, 44.01291059321755483, 199.7751650275448867 ) ) ;
#6334 = CARTESIAN_POINT ( 'NONE',  ( 45.70542344736916363, 31.24632232633141271, 125.0000000000213163 ) ) ;
#6335 = CARTESIAN_POINT ( 'NONE',  ( -0.5435609536137723241, 47.52713440472693662, 200.6867358902516685 ) ) ;
#6336 = CARTESIAN_POINT ( 'NONE',  ( 0.4100251044490447194, 43.98336871966336048, 214.6078667909068827 ) ) ;
#6337 = CARTESIAN_POINT ( 'NONE',  ( 2.500000000000247358, 47.36225120175034675, 198.1847771104762046 ) ) ;
#6338 = CARTESIAN_POINT ( 'NONE',  ( -0.3937983302595245982, 32.55710658510086120, 35.04931211112783274 ) ) ;
#6339 = APPLICATION_CONTEXT ( 'automotive_design' ) ;
#6340 = ORIENTED_EDGE ( 'NONE', *, *, #7369, .F. ) ;
#6341 = CARTESIAN_POINT ( 'NONE',  ( 18.12237184281346103, 33.65112448913014731, 82.75271678012809673 ) ) ;
#6342 = CARTESIAN_POINT ( 'NONE',  ( 0.06563461867222009083, 43.63392583059806640, 156.7012622895431093 ) ) ;
#6343 = CARTESIAN_POINT ( 'NONE',  ( -56.27053592963592621, 0.7516941916051447237, 210.4962128354270590 ) ) ;
#6344 = CARTESIAN_POINT ( 'NONE',  ( 0.07079650484125080134, 33.78939421302116131, 58.06664923427784686 ) ) ;
#6345 = CARTESIAN_POINT ( 'NONE',  ( 2.562172481296778770, -9.718372356699223502, 557.8072730852924224 ) ) ;
#6346 = VERTEX_POINT ( 'NONE', #5696 ) ;
#6347 = LINE ( 'NONE', #543, #4480 ) ;
#6348 = CARTESIAN_POINT ( 'NONE',  ( 1.412905495387613675, 41.02947630906889032, 312.7536838202627791 ) ) ;
#6349 = VERTEX_POINT ( 'NONE', #3403 ) ;
#6350 = CARTESIAN_POINT ( 'NONE',  ( -19.67569609570689337, 28.84277508096039355, 39.97527800039101464 ) ) ;
#6351 = DIRECTION ( 'NONE',  ( 1.000000000000000000, 0.000000000000000000, 0.000000000000000000 ) ) ;
#6352 = CARTESIAN_POINT ( 'NONE',  ( -43.53694696599183089, 30.34311951897515058, 145.9202298115813505 ) ) ;
#6353 = LINE ( 'NONE', #1245, #5202 ) ;
#6354 = ADVANCED_FACE ( 'NONE', ( #1184 ), #4534, .T. ) ;
#6355 = CARTESIAN_POINT ( 'NONE',  ( 42.82036082025610568, 34.45865616707600765, 314.7613887647807474 ) ) ;
#6356 = CARTESIAN_POINT ( 'NONE',  ( 87.29032237503307101, -21.66930983638621200, 38.08868808560211505 ) ) ;
#6357 = CARTESIAN_POINT ( 'NONE',  ( -38.44749047733075997, 32.03966953092602665, 131.3455817007108521 ) ) ;
#6358 = CARTESIAN_POINT ( 'NONE',  ( -150.0000000000000853, 8.243839277673602695, 220.6305941379857245 ) ) ;
#6359 = CARTESIAN_POINT ( 'NONE',  ( -7.500000000000000000, 24.89192133595483725, 23.34162837863042839 ) ) ;
#6360 = CARTESIAN_POINT ( 'NONE',  ( 7.708246844714388146, 38.59879961589081887, 102.9748863978714724 ) ) ;
#6361 = B_SPLINE_CURVE_WITH_KNOTS ( 'NONE', 3,
 ( #6787, #3816, #7347, #6674 ),
 .UNSPECIFIED., .F., .F.,
 ( 4, 4 ),
 ( 5.960918957619227835E-18, 0.007124336767682747443 ),
 .UNSPECIFIED. ) ;
#6362 = CARTESIAN_POINT ( 'NONE',  ( 0.000000000000000000, -14.90059978858783118, -66.09690123838019815 ) ) ;
#6363 = CARTESIAN_POINT ( 'NONE',  ( -2.020103609511816778, 47.45192383060642527, 205.2836370420775722 ) ) ;
#6364 = CARTESIAN_POINT ( 'NONE',  ( -33.24734123340117264, 36.92414968761952565, 181.6340109080885554 ) ) ;
#6365 = CARTESIAN_POINT ( 'NONE',  ( 150.0000000000005116, -2.468752498710066856, 425.1262764251987392 ) ) ;
#6366 = CARTESIAN_POINT ( 'NONE',  ( 35.63775367937569882, 35.86565672546367978, 218.6105185001298423 ) ) ;
#6367 = AXIS2_PLACEMENT_3D ( 'NONE', #2344, #3010, #5303 ) ;
#6368 = CARTESIAN_POINT ( 'NONE',  ( 6.586166769618573724, 32.95895846711544408, 60.15236728973030722 ) ) ;
#6369 = CARTESIAN_POINT ( 'NONE',  ( -0.8453417616527892919, 41.76912551835535936, 125.6751873574576734 ) ) ;
#6370 = DIRECTION ( 'NONE',  ( 0.000000000000000000, -1.000000000000000000, 0.000000000000000000 ) ) ;
#6371 = CARTESIAN_POINT ( 'NONE',  ( 0.6316849295833358857, 44.07451571175072047, 181.1826763077941109 ) ) ;
#6372 = CARTESIAN_POINT ( 'NONE',  ( 0.2132542932292495474, 44.21514036881970355, 203.2628563069664551 ) ) ;
#6373 = CARTESIAN_POINT ( 'NONE',  ( 7.570441669380034710E-14, 44.16555015067614676, 200.1826763077939120 ) ) ;
#6374 = ORIENTED_EDGE ( 'NONE', *, *, #5349, .T. ) ;
#6375 = CARTESIAN_POINT ( 'NONE',  ( 14.77627474652509676, 34.18156285325156318, 80.21239459723999232 ) ) ;
#6376 = CARTESIAN_POINT ( 'NONE',  ( 6.573626720888077202, 42.23284183424765814, 146.9906173544211754 ) ) ;
#6377 = CARTESIAN_POINT ( 'NONE',  ( -11.76711777406544357, 23.42470861069366350, 9.197752124484701142 ) ) ;
#6378 = CARTESIAN_POINT ( 'NONE',  ( -39.76200871622281596, 27.07629324051087139, 95.40202819759872455 ) ) ;
#6379 = CARTESIAN_POINT ( 'NONE',  ( 150.0000000000000284, -5.251527702307162926, 440.0305525103657374 ) ) ;
#6380 = ORIENTED_EDGE ( 'NONE', *, *, #2457, .F. ) ;
#6381 = CARTESIAN_POINT ( 'NONE',  ( -39.06283781553391066, 34.43859679805530760, 206.4823209954423078 ) ) ;
#6382 = CARTESIAN_POINT ( 'NONE',  ( 0.9419369969250757091, 38.87366631406933948, 332.0309586039868464 ) ) ;
#6383 = ORIENTED_EDGE ( 'NONE', *, *, #680, .T. ) ;
#6384 = CARTESIAN_POINT ( 'NONE',  ( -20.19136065348509135, 28.73718265741604583, 40.26583490555766076 ) ) ;
#6385 = VECTOR ( 'NONE', #6728, 1000.000000000000000 ) ;
#6386 = ADVANCED_FACE ( 'NONE', ( #5136 ), #4032, .T. ) ;
#6387 = FACE_OUTER_BOUND ( 'NONE', #6748, .T. ) ;
#6388 = CARTESIAN_POINT ( 'NONE',  ( -6.837193324545203232, 37.81816816238043799, 94.05313668420490103 ) ) ;
#6389 = CARTESIAN_POINT ( 'NONE',  ( 3.055800674719401311, 47.25328475711844334, 183.0116711753406378 ) ) ;
#6390 = CARTESIAN_POINT ( 'NONE',  ( 150.0000000000000000, 15.08964599839784171, 317.3683508197350989 ) ) ;
#6391 = CARTESIAN_POINT ( 'NONE',  ( 0.000000000000000000, 47.37928842645280980, 213.8493121484527819 ) ) ;
#6392 = CARTESIAN_POINT ( 'NONE',  ( -0.9520731639543362768, -8.547617495532426446, -59.58324036534521895 ) ) ;
#6393 = CARTESIAN_POINT ( 'NONE',  ( -7.387787068380515798, 38.40057121084501546, 99.67706785291994720 ) ) ;
#6394 = CARTESIAN_POINT ( 'NONE',  ( -3.196296804781076695, 20.31546560184472128, -7.393096603152921276 ) ) ;
#6395 = CARTESIAN_POINT ( 'NONE',  ( 5.551690055571852689, 139.2235650228606687, 206.4838691362629675 ) ) ;
#6396 = CARTESIAN_POINT ( 'NONE',  ( 7.043502836351649421, 38.69128130752558548, 102.6221001346316086 ) ) ;
#6397 = CARTESIAN_POINT ( 'NONE',  ( 3.049914810740810722, 47.30567359195767096, 198.5159047083346877 ) ) ;
#6398 = CARTESIAN_POINT ( 'NONE',  ( -1.892463454547965274, 1.631141071689482525, -46.56294020973754044 ) ) ;
#6399 = CARTESIAN_POINT ( 'NONE',  ( 0.000000000000000000, 47.65165836710342973, 180.5788067618912009 ) ) ;
#6400 = CARTESIAN_POINT ( 'NONE',  ( -5.582614742392046914, 42.97288103987415298, 158.3849200922153386 ) ) ;
#6401 = CARTESIAN_POINT ( 'NONE',  ( -1.287102454013295816, 13.83400975319627690, 472.5008445009838169 ) ) ;
#6402 = CARTESIAN_POINT ( 'NONE',  ( 32.02970283223670833, 37.28199664277407521, 224.2809213163531865 ) ) ;
#6403 = B_SPLINE_CURVE_WITH_KNOTS ( 'NONE', 3,
 ( #6768, #3912, #6130, #6803, #5043, #2258, #5006, #6242 ),
 .UNSPECIFIED., .F., .F.,
 ( 4, 2, 2, 4 ),
 ( 0.05875398314368362324, 0.07284798131457900783, 0.08694197948547438548, 0.1151299758272651130 ),
 .UNSPECIFIED. ) ;
#6404 = CARTESIAN_POINT ( 'NONE',  ( -0.4524541553546442274, 36.47711591796903718, 74.93254190195837339 ) ) ;
#6405 = PLANE ( 'NONE',  #402 ) ;
#6406 = SURFACE_STYLE_FILL_AREA ( #4149 ) ;
#6407 = DIRECTION ( 'NONE',  ( 0.9999999949984913483, 1.644765940198121321E-19, -0.0001000150855714513026 ) ) ;
#6408 = CARTESIAN_POINT ( 'NONE',  ( -12.49909680227552933, 42.52453627088937083, 219.2449573849081332 ) ) ;
#6409 = CARTESIAN_POINT ( 'NONE',  ( -0.09610221167397813014, 26.65498159082897800, 24.81722231310430615 ) ) ;
#6410 = EDGE_LOOP ( 'NONE', ( #3844, #5291, #6340, #2132 ) ) ;
#6411 = CARTESIAN_POINT ( 'NONE',  ( -0.2465385398447071663, 43.66851259656677087, 156.6785043140490359 ) ) ;
#6412 = CARTESIAN_POINT ( 'NONE',  ( 1.526035666999958407, 41.06877477500232487, 117.3657551062742499 ) ) ;
#6413 = CARTESIAN_POINT ( 'NONE',  ( -26.84291305568621766, 21.64135502705829950, 20.87972938593452810 ) ) ;
#6414 = CARTESIAN_POINT ( 'NONE',  ( -6.956157188486384868, 32.91115165545490839, 60.35251594820514498 ) ) ;
#6415 = CARTESIAN_POINT ( 'NONE',  ( 9.631319324692816153, -9.937326209155806112, 546.2879777790365097 ) ) ;
#6416 = ADVANCED_FACE ( 'NONE', ( #1116 ), #3999, .F. ) ;
#6417 = ORIENTED_EDGE ( 'NONE', *, *, #6903, .T. ) ;
#6418 = CARTESIAN_POINT ( 'NONE',  ( -34.42439457498687005, 36.47978172740766212, 209.8953639184388180 ) ) ;
#6419 = CARTESIAN_POINT ( 'NONE',  ( 0.000000000000000000, 28.59958286175763931, 400.6555249589480923 ) ) ;
#6420 = EDGE_LOOP ( 'NONE', ( #1074, #716, #6942, #4380 ) ) ;
#6421 = CARTESIAN_POINT ( 'NONE',  ( -18.11335206021362154, 29.16325184933048931, 39.15555459219287116 ) ) ;
#6422 = CARTESIAN_POINT ( 'NONE',  ( 0.1316252521324946523, 47.03482588083306837, 181.1826763077938836 ) ) ;
#6423 = CARTESIAN_POINT ( 'NONE',  ( 0.2440060124780265016, 38.73703699439275994, 91.81533882492391285 ) ) ;
#6424 = CARTESIAN_POINT ( 'NONE',  ( 2.927245011995496249, 47.26054559814752309, 182.3690559407982050 ) ) ;
#6425 = CARTESIAN_POINT ( 'NONE',  ( 47.38663189115487739, 17.64475135442224030, 308.9228235057746019 ) ) ;
#6426 = CARTESIAN_POINT ( 'NONE',  ( 15.91962683854966620, 38.94675040236886332, 124.9999999999998863 ) ) ;
#6427 = CARTESIAN_POINT ( 'NONE',  ( 3.345376087531854115, -19.80729880530915210, -71.09459982090788799 ) ) ;
#6428 = ORIENTED_EDGE ( 'NONE', *, *, #52, .T. ) ;
#6429 = CARTESIAN_POINT ( 'NONE',  ( -20.64226229861055728, 34.90818775861740875, 96.87136055033285231 ) ) ;
#6430 = CARTESIAN_POINT ( 'NONE',  ( -11.76711777406544357, 23.42470861069366350, 9.197752124484701142 ) ) ;
#6431 = CARTESIAN_POINT ( 'NONE',  ( 2.553569696294388791, 43.06719344360456603, 152.1504111449232823 ) ) ;
#6432 =( GEOMETRIC_REPRESENTATION_CONTEXT ( 3 ) GLOBAL_UNCERTAINTY_ASSIGNED_CONTEXT ( ( #1081 ) ) GLOBAL_UNIT_ASSIGNED_CONTEXT ( ( #1147, #6887, #6323 ) ) REPRESENTATION_CONTEXT ( 'NONE', 'WORKASPACE' ) );
#6433 = CARTESIAN_POINT ( 'NONE',  ( 3.580873805458157033, 40.05581775936210676, 109.5000932463772187 ) ) ;
#6434 = CARTESIAN_POINT ( 'NONE',  ( 2.067532866243305456, 47.39248504237593806, 200.1769941400557684 ) ) ;
#6435 = CARTESIAN_POINT ( 'NONE',  ( 12.50569815975795684, -8.939040514739479804, -53.94021469740130925 ) ) ;
#6436 = CARTESIAN_POINT ( 'NONE',  ( -1.793437411546241478, 45.87555291334074070, 252.9410945478491897 ) ) ;
#6437 = CARTESIAN_POINT ( 'NONE',  ( -27.11010100715131088, 38.37818485064126151, 162.0893224999516633 ) ) ;
#6438 = CARTESIAN_POINT ( 'NONE',  ( -1.406557556210300319, 3.019610311274071535, 514.9300709948294070 ) ) ;
#6439 = SURFACE_STYLE_FILL_AREA ( #2583 ) ;
#6440 = CARTESIAN_POINT ( 'NONE',  ( -0.2720291203235506439, 36.45447860247954708, 74.92399324366073188 ) ) ;
#6441 = CARTESIAN_POINT ( 'NONE',  ( -6.125570307079482468, 40.47087234540094869, 119.0785514109851988 ) ) ;
#6442 = DIRECTION ( 'NONE',  ( 5.602867245962735462E-30, -1.000000000000000000, -1.644517855226013126E-15 ) ) ;
#6443 = CARTESIAN_POINT ( 'NONE',  ( -4.985144220500884238, 26.08798072593040729, 26.09136595409931658 ) ) ;
#6444 = ADVANCED_FACE ( 'NONE', ( #1149 ), #4866, .T. ) ;
#6445 = CARTESIAN_POINT ( 'NONE',  ( -0.2955966408961434033, 44.17142702962151191, 203.3290519266993215 ) ) ;
#6446 = CARTESIAN_POINT ( 'NONE',  ( 2.305531241410820442, 46.80903969351554395, 155.8088301420164328 ) ) ;
#6447 = ORIENTED_EDGE ( 'NONE', *, *, #4376, .T. ) ;
#6448 = CARTESIAN_POINT ( 'NONE',  ( -0.4874284880655120333, 44.03873508576957363, 168.4319856946725622 ) ) ;
#6449 = CARTESIAN_POINT ( 'NONE',  ( 26.74032116775050838, 36.09544826027466513, 126.3142747086458400 ) ) ;
#6450 = AXIS2_PLACEMENT_3D ( 'NONE', #5920, #6442, #4718 ) ;
#6451 = CARTESIAN_POINT ( 'NONE',  ( -82.00022190405498179, 13.41533595200248463, 95.17065037251704496 ) ) ;
#6452 = CARTESIAN_POINT ( 'NONE',  ( -6.586166769618573724, 32.95895846711544408, 60.15236728973030722 ) ) ;
#6453 = CARTESIAN_POINT ( 'NONE',  ( 7.189961064043363770, -9.266056063442162483, 554.1745012121198215 ) ) ;
#6454 = CARTESIAN_POINT ( 'NONE',  ( -7.118748418129577260, -1.685585176228954429, 528.7463543470161085 ) ) ;
#6455 = EDGE_LOOP ( 'NONE', ( #1207, #330, #3728, #6711 ) ) ;
#6456 = CARTESIAN_POINT ( 'NONE',  ( -19.52151193667884144, 25.20080434525362278, 39.89152367680509315 ) ) ;
#6457 = CARTESIAN_POINT ( 'NONE',  ( 2.057388533046267121, 6.867330383723285969, 500.6602980566781298 ) ) ;
#6458 = CARTESIAN_POINT ( 'NONE',  ( -0.8709997188274722912, 47.49846719642986415, 200.6704739227014898 ) ) ;
#6459 = DIRECTION ( 'NONE',  ( 1.000000000000000000, 0.000000000000000000, -9.257875081218989453E-15 ) ) ;
#6460 = CARTESIAN_POINT ( 'NONE',  ( -45.70542344736741569, 31.24632232633028650, 125.0000000000000000 ) ) ;
#6461 = CARTESIAN_POINT ( 'NONE',  ( -3.020984713318741299, 38.32333971022180208, 92.35063889132854342 ) ) ;
#6462 = CARTESIAN_POINT ( 'NONE',  ( 0.000000000000000000, 47.62041242848380307, 205.0701292695992777 ) ) ;
#6463 = DIRECTION ( 'NONE',  ( 0.000000000000000000, 1.724772863303898662E-15, -1.000000000000000000 ) ) ;
#6464 = CARTESIAN_POINT ( 'NONE',  ( -0.9462317272739826368, 1.580906215184355590, -46.59094046645357423 ) ) ;
#6465 = VERTEX_POINT ( 'NONE', #1238 ) ;
#6466 = CARTESIAN_POINT ( 'NONE',  ( 0.3584964840318542456, 36.21662746539636402, 73.24070540861787038 ) ) ;
#6467 = CARTESIAN_POINT ( 'NONE',  ( -22.01802724243391651, 40.49517762205267246, 116.2537897038075414 ) ) ;
#6468 = EDGE_LOOP ( 'NONE', ( #2658, #889, #5964, #645 ) ) ;
#6469 = ADVANCED_FACE ( 'NONE', ( #3524 ), #5620, .T. ) ;
#6470 = ADVANCED_FACE ( 'NONE', ( #3830 ), #2673, .F. ) ;
#6471 = CARTESIAN_POINT ( 'NONE',  ( -2.086918857932360538, 46.85320850212543320, 199.4070026765329544 ) ) ;
#6472 = CARTESIAN_POINT ( 'NONE',  ( 15.14332030539151397, 37.47299459952260747, 107.5613780496082512 ) ) ;
#6473 = CARTESIAN_POINT ( 'NONE',  ( 29.62807171669704687, 23.07371878693797740, 47.81387310670470470 ) ) ;
#6474 = CARTESIAN_POINT ( 'NONE',  ( 3.334374282861684691, -8.670514282707921794, -59.62443636531153857 ) ) ;
#6475 = CARTESIAN_POINT ( 'NONE',  ( -16.66315168157811755, 45.58974530259764180, 211.4847522036016585 ) ) ;
#6476 = CARTESIAN_POINT ( 'NONE',  ( -4.931866888285485473, 42.44979909780653315, 146.2274015310428013 ) ) ;
#6477 = CARTESIAN_POINT ( 'NONE',  ( -2.057388533046267121, 6.867330383723285969, 500.6602980566781298 ) ) ;
#6478 = VECTOR ( 'NONE', #2189, 1000.000000000000000 ) ;
#6479 = ORIENTED_EDGE ( 'NONE', *, *, #6160, .F. ) ;
#6480 = ADVANCED_FACE ( 'NONE', ( #6569 ), #4922, .T. ) ;
#6481 = B_SPLINE_CURVE_WITH_KNOTS ( 'NONE', 3,
 ( #1570, #2177, #4344, #488, #6753, #6117, #5630, #7312, #3222, #2021, #2099, #973, #4465, #3261, #3898, #5550 ),
 .UNSPECIFIED., .F., .F.,
 ( 4, 2, 2, 2, 2, 2, 2, 4 ),
 ( 0.01495996120086153305, 0.02702673031434420919, 0.03004342259271488083, 0.03306011487108553859, 0.03909349942782686105, 0.05116026854130949209, 0.05719365309805081454, 0.06322703765479212312 ),
 .UNSPECIFIED. ) ;
#6482 = CARTESIAN_POINT ( 'NONE',  ( 11.33592517931677079, 32.33116943884691352, 62.85438411362144251 ) ) ;
#6483 = CARTESIAN_POINT ( 'NONE',  ( -9.732122851387988050, 40.59163573467596109, 129.3433045268311616 ) ) ;
#6484 = CARTESIAN_POINT ( 'NONE',  ( -0.5505272624623879230, 47.49506067536788834, 180.6769762434212794 ) ) ;
#6485 = CARTESIAN_POINT ( 'NONE',  ( -4.948850006565795212, 43.71266870999082244, 204.6822676342689249 ) ) ;
#6486 = CARTESIAN_POINT ( 'NONE',  ( 51.70263860078125617, 19.26326618461806461, 258.1664659383015419 ) ) ;
#6487 = VERTEX_POINT ( 'NONE', #4804 ) ;
#6488 = CARTESIAN_POINT ( 'NONE',  ( 14.72541795766658801, 41.60994484457985010, 163.3156578730541639 ) ) ;
#6489 = CARTESIAN_POINT ( 'NONE',  ( 12.31065689755493153, 39.57581389950792072, 122.4619037780684181 ) ) ;
#6490 = CARTESIAN_POINT ( 'NONE',  ( 2.546057378257033932, 34.45886955982916078, 42.11624028194231784 ) ) ;
#6491 = CARTESIAN_POINT ( 'NONE',  ( -37.47577228491240220, 26.28744788420968348, 82.52232335026049270 ) ) ;
#6492 = CARTESIAN_POINT ( 'NONE',  ( 7.182069076493386106, -7.765377059782173852, 549.2849336186909568 ) ) ;
#6493 = CARTESIAN_POINT ( 'NONE',  ( -59.71558549167485808, -8.266634582424307709, 438.4425714590527150 ) ) ;
#6494 = CARTESIAN_POINT ( 'NONE',  ( -15.36263659850308905, 26.09058492975245258, 37.86653922575246156 ) ) ;
#6495 = B_SPLINE_CURVE_WITH_KNOTS ( 'NONE', 3,
 ( #6088, #6689, #385, #4315, #2675, #4963 ),
 .UNSPECIFIED., .F., .F.,
 ( 4, 2, 4 ),
 ( 0.05874139228913936861, 0.08693088516571897961, 0.1151203780422986045 ),
 .UNSPECIFIED. ) ;
#6496 = CARTESIAN_POINT ( 'NONE',  ( 0.6435512270066479079, 13.79511502585091876, 472.5222654459706177 ) ) ;
#6497 = DIRECTION ( 'NONE',  ( 2.312964634635740985E-16, 0.000000000000000000, -1.000000000000000000 ) ) ;
#6498 = CARTESIAN_POINT ( 'NONE',  ( -3.651050815844936182E-14, 43.26917313500885598, 149.4838691362627685 ) ) ;
#6499 = CARTESIAN_POINT ( 'NONE',  ( 0.5511099221551799543, 47.50079657819158285, 181.1826763077939972 ) ) ;
#6500 = CARTESIAN_POINT ( 'NONE',  ( -6.034971581518167483, 38.82891439728678051, 102.1067322658296632 ) ) ;
#6501 = CARTESIAN_POINT ( 'NONE',  ( 48.66052223538312660, 20.01856953383997606, 283.3055368768748394 ) ) ;
#6502 = CARTESIAN_POINT ( 'NONE',  ( 0.000000000000000000, 26.89192133595479817, 23.34162837863043549 ) ) ;
#6503 = CARTESIAN_POINT ( 'NONE',  ( 56.08762438136983519, 3.832698960004560895, 215.3449030486479501 ) ) ;
#6504 = ORIENTED_EDGE ( 'NONE', *, *, #841, .F. ) ;
#6505 = CARTESIAN_POINT ( 'NONE',  ( -0.004305000202499035568, 36.17106532244706329, 73.23054739695655257 ) ) ;
#6506 = PRODUCT_DEFINITION_FORMATION_WITH_SPECIFIED_SOURCE ( 'ANY', '', #6003, .NOT_KNOWN. ) ;
#6507 = CARTESIAN_POINT ( 'NONE',  ( 0.000000000000000000, 45.77999709477325752, 130.5726553802304295 ) ) ;
#6508 = VERTEX_POINT ( 'NONE', #6125 ) ;
#6509 = CARTESIAN_POINT ( 'NONE',  ( 2.158710757821170834, 40.22469318064348442, 109.4315075024867951 ) ) ;
#6510 = CARTESIAN_POINT ( 'NONE',  ( -45.70542344736741569, 31.24632232633028650, 125.0000000000000000 ) ) ;
#6511 = CARTESIAN_POINT ( 'NONE',  ( 0.5625465853671409722, 39.53742038343834508, 100.3022521306895385 ) ) ;
#6512 = CARTESIAN_POINT ( 'NONE',  ( 30.32252746484245876, 22.93748511564115233, 48.59136135709569970 ) ) ;
#6513 = CARTESIAN_POINT ( 'NONE',  ( -2.828850581790790741, 5.001803398302538284, -41.24894196002799873 ) ) ;
#6514 = CARTESIAN_POINT ( 'NONE',  ( -149.9999999999993463, 17.39257541835625176, 283.2293150073691663 ) ) ;
#6515 = CARTESIAN_POINT ( 'NONE',  ( -0.2792178033888078614, 43.01777242830517167, 144.8651404324502323 ) ) ;
#6516 = CARTESIAN_POINT ( 'NONE',  ( -2.416530473154318357E-28, 43.13024683737754117, 146.4838691362627401 ) ) ;
#6517 = VECTOR ( 'NONE', #3991, 1000.000000000000000 ) ;
#6518 = EDGE_CURVE ( 'NONE', #1524, #3092, #7205, .T. ) ;
#6519 = DIRECTION ( 'NONE',  ( 0.000000000000000000, -3.469446951953683609E-15, 1.000000000000000000 ) ) ;
#6520 = ORIENTED_EDGE ( 'NONE', *, *, #1625, .F. ) ;
#6521 = CARTESIAN_POINT ( 'NONE',  ( -0.4288948291019456516, 36.47416980482724824, 74.93137674831382355 ) ) ;
#6522 = CARTESIAN_POINT ( 'NONE',  ( -4.170668416167337078, 40.73156583490254690, 118.1807821254549395 ) ) ;
#6523 = FACE_OUTER_BOUND ( 'NONE', #6809, .T. ) ;
#6524 = CARTESIAN_POINT ( 'NONE',  ( 0.000000000000000000, 47.04784670202291608, 181.1826763077941109 ) ) ;
#6525 = CARTESIAN_POINT ( 'NONE',  ( -1.043636835174508892, 44.16629507691088463, 191.9270206149068940 ) ) ;
#6526 = CARTESIAN_POINT ( 'NONE',  ( 47.38663189115487739, 17.64475135442224030, 308.9228235057746019 ) ) ;
#6527 = ORIENTED_EDGE ( 'NONE', *, *, #1938, .F. ) ;
#6528 = CARTESIAN_POINT ( 'NONE',  ( 6.372360701979792097, 42.86959521689318109, 158.7483845834843521 ) ) ;
#6529 = CARTESIAN_POINT ( 'NONE',  ( 39.90848351209334055, 32.85777721455178835, 154.5999966387240079 ) ) ;
#6530 = CARTESIAN_POINT ( 'NONE',  ( 1.646572234496929799, 37.62464340957060926, 58.81954004802969393 ) ) ;
#6531 = CARTESIAN_POINT ( 'NONE',  ( -7.807429425714950355, 31.20477328411319107, 52.47408607619342291 ) ) ;
#6532 = CARTESIAN_POINT ( 'NONE',  ( -1.025138052358266050, 46.93091788460293401, 181.2354298668579986 ) ) ;
#6533 = CARTESIAN_POINT ( 'NONE',  ( -10.27266192055210858, 5.123073895678157186, 494.0455122256950062 ) ) ;
#6534 = DIRECTION ( 'NONE',  ( 1.000000000000000000, 0.000000000000000000, 0.000000000000000000 ) ) ;
#6535 = CARTESIAN_POINT ( 'NONE',  ( 1.860595957264360667, 17.11377713728215255, 458.4002198587525072 ) ) ;
#6536 = CARTESIAN_POINT ( 'NONE',  ( -1.717014792460599626, 46.89464331830668442, 199.7751274436255926 ) ) ;
#6537 = CARTESIAN_POINT ( 'NONE',  ( -1.324514036182995236, 31.42503066264134404, 46.82497856439529471 ) ) ;
#6538 = CARTESIAN_POINT ( 'NONE',  ( -0.000000000000000000, 47.24133462897061264, 163.9526250973970605 ) ) ;
#6539 = CARTESIAN_POINT ( 'NONE',  ( 0.006312158042402152974, 36.42111164410565749, 74.91874115929186928 ) ) ;
#6540 = CARTESIAN_POINT ( 'NONE',  ( 150.0000000000000000, 14.77013292611521500, 320.0000541252218227 ) ) ;
#6541 = CARTESIAN_POINT ( 'NONE',  ( -2.553569696294403446, 43.12255699905529127, 153.4838691362627117 ) ) ;
#6542 = CARTESIAN_POINT ( 'NONE',  ( 0.000000000000000000, -2.015148108693687767, -51.69602975127715183 ) ) ;
#6543 = ORIENTED_EDGE ( 'NONE', *, *, #7061, .T. ) ;
#6544 = CARTESIAN_POINT ( 'NONE',  ( 0.5529748310820015167, 36.24092809975564933, 73.25055692157170029 ) ) ;
#6545 = CARTESIAN_POINT ( 'NONE',  ( 2.238582030903766729, 43.98938502743245493, 105.2905442681973369 ) ) ;
#6546 = VECTOR ( 'NONE', #4462, 1000.000000000000000 ) ;
#6547 = CARTESIAN_POINT ( 'NONE',  ( 25.87162153187001934, 35.31274328054077927, 113.2506512677496886 ) ) ;
#6548 = CARTESIAN_POINT ( 'NONE',  ( 12.57171926815046348, 38.78659436510925218, 114.1938720407094650 ) ) ;
#6549 = CARTESIAN_POINT ( 'NONE',  ( 1.190148762107971603, 47.47039874796148240, 200.6071977765389249 ) ) ;
#6550 = CARTESIAN_POINT ( 'NONE',  ( -0.9391192593045467607, 7.969336849332791850, -35.88766685587286531 ) ) ;
#6551 = CARTESIAN_POINT ( 'NONE',  ( -47.31906922256367665, 15.57846502002442612, 326.4192049172317525 ) ) ;
#6552 = CARTESIAN_POINT ( 'NONE',  ( -8.022354846505784565, 41.42259283301213202, 135.8617240754447266 ) ) ;
#6553 = CARTESIAN_POINT ( 'NONE',  ( -28.62580084016314075, -19.75740349066564150, -50.39037838586354923 ) ) ;
#6554 = CARTESIAN_POINT ( 'NONE',  ( 1.271299981756344843, 39.20698023693569212, 97.25808168256635611 ) ) ;
#6555 = ORIENTED_EDGE ( 'NONE', *, *, #3378, .T. ) ;
#6556 = CARTESIAN_POINT ( 'NONE',  ( -2.339449086157818724E-28, 41.75449789290554037, 146.4838691362627401 ) ) ;
#6557 = EDGE_CURVE ( 'NONE', #2611, #2407, #7091, .T. ) ;
#6558 = CARTESIAN_POINT ( 'NONE',  ( 21.67282654289841304, 30.79234970070929833, 70.52751522613876034 ) ) ;
#6559 = CARTESIAN_POINT ( 'NONE',  ( -39.13335346731456355, 33.54721624443582328, 161.4196265137073283 ) ) ;
#6560 = FACE_OUTER_BOUND ( 'NONE', #1384, .T. ) ;
#6561 = CARTESIAN_POINT ( 'NONE',  ( 0.000000000000000000, 47.37928842645280980, 213.8493121484527819 ) ) ;
#6562 = CARTESIAN_POINT ( 'NONE',  ( -4.739517906942023906, 43.77506466166290977, 193.0893332786218934 ) ) ;
#6563 = CARTESIAN_POINT ( 'NONE',  ( 13.31731313304985065, 39.58377582248513704, 320.0000000000000568 ) ) ;
#6564 = ORIENTED_EDGE ( 'NONE', *, *, #613, .T. ) ;
#6565 = CARTESIAN_POINT ( 'NONE',  ( 11.62530323660584131, 42.50822684581758892, 173.1136641855203209 ) ) ;
#6566 = CARTESIAN_POINT ( 'NONE',  ( 32.47863575067750475, 35.32073011891171888, 141.7646675335710711 ) ) ;
#6567 = CARTESIAN_POINT ( 'NONE',  ( -150.0000000000000853, 15.27823658166833454, 249.4146832441057597 ) ) ;
#6568 = CARTESIAN_POINT ( 'NONE',  ( -17.10774105609917939, 28.36497534132784182, 50.42830967733732450 ) ) ;
#6569 = FACE_OUTER_BOUND ( 'NONE', #6621, .T. ) ;
#6570 = CARTESIAN_POINT ( 'NONE',  ( 0.000000000000000000, 6.729893735435778623, 500.8079739285071810 ) ) ;
#6571 = CARTESIAN_POINT ( 'NONE',  ( 5.551620045011594229, 43.62261684655886995, 188.3445628332226249 ) ) ;
#6572 = CARTESIAN_POINT ( 'NONE',  ( 1.192598390898780503, 20.17127465771984873, 444.2396516818456007 ) ) ;
#6573 = DIRECTION ( 'NONE',  ( 1.000000000000000000, 1.465688971912424303E-09, 6.518411137131776604E-09 ) ) ;
#6574 = PLANE ( 'NONE',  #2286 ) ;
#6575 = CARTESIAN_POINT ( 'NONE',  ( -86.91359524864041930, -11.34795942607654595, 48.66319268689352384 ) ) ;
#6576 = CARTESIAN_POINT ( 'NONE',  ( -1.302816910257792671, 37.48733750069234105, 83.46480304565746167 ) ) ;
#6577 = CARTESIAN_POINT ( 'NONE',  ( -0.5725577439240580047, 23.09808650977305433, 429.9216912165479130 ) ) ;
#6578 = CARTESIAN_POINT ( 'NONE',  ( -3.050045093430840737, 47.30691962833786590, 198.1845668407433152 ) ) ;
#6579 = CARTESIAN_POINT ( 'NONE',  ( -1.866611727019490408, 11.87816490467868569, -28.42495731499281675 ) ) ;
#6580 = ORIENTED_EDGE ( 'NONE', *, *, #4940, .F. ) ;
#6581 = CARTESIAN_POINT ( 'NONE',  ( -6.306826853512430553, 35.36856915144940672, 75.17708461273758758 ) ) ;
#6582 = CARTESIAN_POINT ( 'NONE',  ( -150.0000000000003126, 16.71071704159100690, 262.7461542768186291 ) ) ;
#6583 = ORIENTED_EDGE ( 'NONE', *, *, #4865, .T. ) ;
#6584 = CARTESIAN_POINT ( 'NONE',  ( 52.19704378384421517, 26.46724945389920691, 166.7063578773727670 ) ) ;
#6585 = EDGE_CURVE ( 'NONE', #4815, #1986, #424, .T. ) ;
#6586 = CARTESIAN_POINT ( 'NONE',  ( 6.567004834676981595, 46.82766482047355083, 213.8493119347201628 ) ) ;
#6587 = CARTESIAN_POINT ( 'NONE',  ( 7.253029586610508339, 40.93700535102644977, 128.0779864564221953 ) ) ;
#6588 = CARTESIAN_POINT ( 'NONE',  ( 12.24542331509240611, 10.79387684120225543, -23.56345594219629547 ) ) ;
#6589 = CARTESIAN_POINT ( 'NONE',  ( -5.833484303085390010, 40.92873967100756971, 312.9953586469236484 ) ) ;
#6590 = CARTESIAN_POINT ( 'NONE',  ( -1.162847574101497194, 42.31900261607440683, 133.1218595060843768 ) ) ;
#6591 = FACE_OUTER_BOUND ( 'NONE', #290, .T. ) ;
#6592 = CARTESIAN_POINT ( 'NONE',  ( 35.42837214475858332, 31.68753509475865471, 114.6770645486585778 ) ) ;
#6593 = ORIENTED_EDGE ( 'NONE', *, *, #1355, .T. ) ;
#6594 = CARTESIAN_POINT ( 'NONE',  ( 3.127313354188355987, 43.68385504973289812, 215.3779757047261114 ) ) ;
#6595 = CARTESIAN_POINT ( 'NONE',  ( 20.93688929358440021, 33.43849983253495850, 86.61413548214184743 ) ) ;
#6596 = CARTESIAN_POINT ( 'NONE',  ( -6.768730808735117677, 40.38279513894207895, 119.3997675953547883 ) ) ;
#6597 = CARTESIAN_POINT ( 'NONE',  ( 2.665911887944395818E-14, 43.49422113496239461, 103.3817027010875620 ) ) ;
#6598 = B_SPLINE_CURVE_WITH_KNOTS ( 'NONE', 3,
 ( #3576, #4177, #3692, #1329, #766, #6471, #4214, #3020, #2499, #245, #7029, #843, #1290, #1888, #5423, #3056 ),
 .UNSPECIFIED., .F., .F.,
 ( 4, 2, 2, 2, 2, 2, 2, 4 ),
 ( 0.000000000000000000, 0.0007900828281776075494, 0.001185124242266412083, 0.001580165656355216617, 0.001975207070444020933, 0.002370248484532825467, 0.002765289898621630001, 0.003160331312710434534 ),
 .UNSPECIFIED. ) ;
#6599 = CARTESIAN_POINT ( 'NONE',  ( 47.18662631310469635, 32.14045952894966263, 144.5027494012269926 ) ) ;
#6600 = CARTESIAN_POINT ( 'NONE',  ( -5.971436107576097996, 43.59630448238119982, 205.0904854876739023 ) ) ;
#6601 = CARTESIAN_POINT ( 'NONE',  ( 0.000000000000000000, 42.53272745866301818, 298.2006047040866861 ) ) ;
#6602 = B_SPLINE_SURFACE_WITH_KNOTS ( 'NONE', 3, 3, ( 
 ( #6917, #2976, #582, #2870, #1248, #4132, #3536, #6356, #3571, #2905 ),
 ( #18, #1777, #2311, #5866, #6427, #7407, #1286, #4702, #6849, #723 ),
 ( #2348, #5723, #6286, #686, #1177, #6883, #4062, #1213, #3466, #5759 ),
 ( #3500, #2273, #5199, #5164, #5829, #5270, #4594, #4026, #6319, #126 ),
 ( #651, #2417, #6392, #56, #3429, #6988, #2940, #5234, #91, #2383 ),
 ( #1847, #6952, #1707, #3993, #1811, #4097, #5904, #3687, #3016, #5940 ),
 ( #5454, #799, #3166, #6542, #1362, #1472, #2607, #165, #2452, #1400 ),
 ( #240, #5307, #6464, #4740, #3088, #2531, #5381, #6620, #5417, #3649 ),
 ( #7023, #4778, #1883, #2003, #7140, #7065, #4171, #1963, #4814, #5981 ),
 ( #2042, #3127, #7101, #1323, #3610, #4248, #836, #276, #2568, #4852 ),
 ( #4286, #6579, #4207, #1437, #2492, #1922, #3723, #760, #6503, #6021 ),
 ( #4323, #3052, #3763, #4894, #5343, #6059, #875, #313, #202, #7177 ),
 ( #4404, #2684, #2723, #5013, #6697, #1551, #7332, #7293, #3202, #3840 ),
 ( #4485, #6774, #3241, #1509, #4973, #1069, #7366, #2159, #6214, #2195 ),
 ( #4365, #5647, #5572, #394, #6736, #1630, #3357, #3319, #4447, #436 ),
 ( #3920, #6808, #6136, #5612, #2081, #4520, #5532, #7253, #5490, #3281 ),
 ( #2793, #995, #2119, #1591, #3880, #6177, #1033, #911, #472, #2759 ),
 ( #507, #1665, #5088, #5049, #2232, #3951, #353, #2644, #4933, #7215 ),
 ( #6658, #3799, #6096, #954, #4585, #4552, #2433, #147, #9, #4190 ),
 ( #6278, #4797, #7046, #1864, #3554, #2861, #1167, #1135, #6874, #2264 ),
 ( #1733, #1305, #2826, #1905, #5924, #4152, #4759, #5847, #6486, #3592 ),
 ( #704, #4721, #1100, #5289, #6446, #5156, #5886, #3983, #2995, #3632 ),
 ( #3389, #3035, #2473, #5681, #1945, #541, #2299, #4017, #741, #5327 ),
 ( #1342, #7085, #5119, #6310, #6247, #7005, #184, #6840, #7398, #781 ),
 ( #3069, #5363, #222, #3420, #1699, #2513, #5715, #573, #4996, #5963 ),
 ( #1495, #819, #895, #6643, #3185, #3707, #1383, #6002, #3111, #3224 ),
 ( #856, #3671, #5474, #1456, #2628, #1984, #3264, #4347, #4306, #261 ),
 ( #2589, #3745, #4876, #6601, #6080, #4388, #4917, #3783, #6526, #5438 ),
 ( #934, #5513, #6679, #2101, #7277, #5400, #7161, #2707, #2024, #6044 ),
 ( #2552, #337, #376, #2665, #4955, #1533, #6563, #4228, #3822, #4835 ),
 ( #7123, #4270, #7197, #7237, #1420, #2064, #6119, #978, #3148, #297 ),
 ( #5553, #418, #1684, #4429, #3938, #1613, #2744, #5700, #3303, #6859 ),
 ( #3863, #5034, #5173, #2141, #6827, #6233, #7416, #7315, #2179, #558 ),
 ( #2844, #3375, #591, #5072, #2248, #4468, #1650, #6758, #2879, #1152 ),
 ( #3440, #1718, #6157, #5733, #1088, #6793, #3902, #5595, #5139, #5633 ),
 ( #4506, #492, #456, #5666, #527, #3341, #2283, #2779, #6197, #6719 ),
 ( #5106, #2812, #1054, #7384, #7353, #2217, #4537, #3970, #6263, #1119 ),
 ( #4570, #4002, #3406, #6296, #1574, #1017, #2426, #6961, #3583, #1820 ),
 ( #2322, #6401, #5281, #4071, #138, #5208, #4107, #4751, #3509, #4605 ),
 ( #5878, #733, #28, #6925, #1259, #3475, #3026, #3622, #5318, #696 ),
 ( #6477, #1335, #4183, #6892, #7036, #4714, #1786, #2392, #176, #4675 ),
 ( #5802, #6438, #3548, #1753, #660, #65, #2464, #1894, #2357, #625 ),
 ( #5914, #772, #5840, #3062, #1297, #4639, #5769, #4035, #2988, #6365 ),
 ( #6329, #1187, #6998, #1857, #4144, #2913, #1223, #2952, #5243, #102 ),
 ( #1521, #252, #7113, #213, #288, #2055, #7227, #5993, #2580, #4378 ),
 ( #1974, #5502, #3100, #3811, #2656, #365, #2505, #811, #6033, #5356 ),
 ( #3139, #4946, #5428, #2092, #1448, #3698, #6109, #6670, #4789, #7077 ),
 ( #924, #4864, #1935, #1374, #4220, #7152, #2014, #4297, #966, #326 ) ),
 .UNSPECIFIED., .F., .F., .F.,
 ( 4, 3, 1, 1, 1, 1, 1, 1, 1, 1, 1, 1, 1, 1, 1, 1, 1, 1, 1, 1, 1, 1, 1, 1, 1, 3, 1, 1, 1, 1, 1, 1, 1, 1, 1, 1, 1, 1, 1, 1, 1, 4 ),
 ( 4, 3, 1, 1, 1, 4 ),
 ( 0.4847573055477913950, 0.4990857812012456374, 0.5032524761466716789, 0.5074191710920973319, 0.5115858660375233180, 0.5157525609829490820, 0.5199192559283750681, 0.5240859508738008321, 0.5324193407646525822, 0.5407527306555042212, 0.5490861205463560824, 0.5574195104372077214, 0.5657529003280594715, 0.5740862902189111105, 0.5824196801097627496, 0.5990864598914662498, 0.6157532396731697499, 0.6324200194548732501, 0.6490867992365765282, 0.6657535790182800284, 0.6824203587999835285, 0.6990871385816868067, 0.7157539183633904178, 0.7324206981450935849, 0.7490874779267970851, 0.7657542577085005853, 0.7934811804762516019, 0.8212081032440026185, 0.8350715646278780158, 0.8489350260117537461, 0.8627984873956292544, 0.8766619487795048737, 0.8905254101633801600, 0.9043888715472557793, 0.9182523329311313987, 0.9321157943150069070, 0.9459792556988821932, 0.9598427170827579236, 0.9737061784666334319, 0.9806379091585710750, 0.9841037745045400076, 0.9875696398505088291 ),
 ( -0.01000000000000000021, 0.000000000000000000, 0.03502224838491098391, 0.09383257832149248523, 0.1938325783214923659, 1.000000000000000000 ),
 .UNSPECIFIED. ) ;
#6603 = CARTESIAN_POINT ( 'NONE',  ( 42.90293126794890810, 32.61550938164347713, 209.6424561998247214 ) ) ;
#6604 = CARTESIAN_POINT ( 'NONE',  ( 2.576799645880470724, 30.24060509831698695, 41.67415602186650148 ) ) ;
#6605 = B_SPLINE_SURFACE_WITH_KNOTS ( 'NONE', 3, 1, ( 
 ( #1026, #3945 ),
 ( #5605, #464 ),
 ( #6303, #1726 ),
 ( #5148, #1160 ) ),
 .UNSPECIFIED., .F., .F., .F.,
 ( 4, 4 ),
 ( 2, 2 ),
 ( 0.4882588207349531917, 1.000000000000000000 ),
 ( 0.000000000000000000, 1.000000000000000000 ),
 .UNSPECIFIED. ) ;
#6606 = CARTESIAN_POINT ( 'NONE',  ( 1.492388020602511300, 43.89655471583869684, 105.2734977285461468 ) ) ;
#6607 = CARTESIAN_POINT ( 'NONE',  ( -14.26995583368241860, 30.34212973484194364, 56.51317290409534166 ) ) ;
#6608 = CARTESIAN_POINT ( 'NONE',  ( -1.820552208106357206, 46.83091093547704276, 181.6749824548061838 ) ) ;
#6609 = CARTESIAN_POINT ( 'NONE',  ( 0.7315842355799940799, -9.573308037895744249, 557.6533037653249494 ) ) ;
#6610 = CARTESIAN_POINT ( 'NONE',  ( 2.500000000000242473, 46.75643655609353999, 183.0501170239936073 ) ) ;
#6611 = CARTESIAN_POINT ( 'NONE',  ( 0.5962991954493902513, 20.14399605289213824, 444.2252999659614829 ) ) ;
#6612 = DIRECTION ( 'NONE',  ( 0.000000000000000000, 0.2193763502603176818, 0.9756403112553633239 ) ) ;
#6613 = ADVANCED_FACE ( 'NONE', ( #7283 ), #6165, .F. ) ;
#6614 = CARTESIAN_POINT ( 'NONE',  ( -2.087138539388912584, 43.92803497456115025, 181.9586360085319825 ) ) ;
#6615 = CARTESIAN_POINT ( 'NONE',  ( 0.000000000000000000, 47.18114425557122615, 181.1826763077940257 ) ) ;
#6616 = PRESENTATION_LAYER_ASSIGNMENT (  '', '', ( #5663 ) ) ;
#6617 = CARTESIAN_POINT ( 'NONE',  ( 0.2371762053622736843, 37.68145897317994297, 83.35854063069605502 ) ) ;
#6618 = CARTESIAN_POINT ( 'NONE',  ( -0.4709684984625378545, 38.87613762590805067, 332.0055123804244204 ) ) ;
#6619 = CARTESIAN_POINT ( 'NONE',  ( 0.000000000000000000, 45.26229104882621357, 124.9999962631073203 ) ) ;
#6620 = CARTESIAN_POINT ( 'NONE',  ( 86.34215386717033880, -3.295932708773868125, 58.85122590806797405 ) ) ;
#6621 = EDGE_LOOP ( 'NONE', ( #4287, #6304, #2794, #3541 ) ) ;
#6622 = DIRECTION ( 'NONE',  ( -0.000000000000000000, -0.01071875923018642679, -0.9999425524501721618 ) ) ;
#6623 = CARTESIAN_POINT ( 'NONE',  ( 2.600022395107888684, 31.67003230040083039, 29.63291989188160258 ) ) ;
#6624 = ORIENTED_EDGE ( 'NONE', *, *, #6266, .F. ) ;
#6625 = EDGE_CURVE ( 'NONE', #2265, #1168, #4436, .T. ) ;
#6626 = CARTESIAN_POINT ( 'NONE',  ( 10.22716935291942697, 39.12277884408586459, 113.2129484079616759 ) ) ;
#6627 = CARTESIAN_POINT ( 'NONE',  ( 2.553569696294362590, 43.00891994307646371, 150.8170706893447459 ) ) ;
#6628 = CARTESIAN_POINT ( 'NONE',  ( -1.767249541151372227E-14, 44.13878361861858224, 181.1826763077941678 ) ) ;
#6629 = VECTOR ( 'NONE', #5032, 1000.000000000000000 ) ;
#6630 = CARTESIAN_POINT ( 'NONE',  ( 0.000000000000000000, 24.65191137066539895, 4.845070576238386550 ) ) ;
#6631 = CARTESIAN_POINT ( 'NONE',  ( 0.4709684984625378545, 38.87613762590805067, 332.0055123804244204 ) ) ;
#6632 = CARTESIAN_POINT ( 'NONE',  ( -0.7462909780684789940, 41.53147891598732144, 121.1254829506534776 ) ) ;
#6633 = CARTESIAN_POINT ( 'NONE',  ( 6.919920365888732050E-14, 42.35451585453289169, 132.1538100950092485 ) ) ;
#6634 = CARTESIAN_POINT ( 'NONE',  ( 45.56796412895600668, 28.46840342188245288, 135.7708890665767854 ) ) ;
#6635 = EDGE_LOOP ( 'NONE', ( #5830, #75, #6580, #5467 ) ) ;
#6636 = VECTOR ( 'NONE', #4554, 1000.000000000000000 ) ;
#6637 = CARTESIAN_POINT ( 'NONE',  ( 45.14118984786694000, 35.26666170017865909, 198.9719820524244369 ) ) ;
#6638 = CARTESIAN_POINT ( 'NONE',  ( 16.03111559121981600, 34.21141719296260675, 82.96460627509478059 ) ) ;
#6639 = CARTESIAN_POINT ( 'NONE',  ( -0.3915235740209659365, 39.55886559410163272, 100.2866400619281677 ) ) ;
#6640 = DIRECTION ( 'NONE',  ( 0.000000000000000000, -1.000000000000000000, 0.000000000000000000 ) ) ;
#6641 = CARTESIAN_POINT ( 'NONE',  ( -2.715790876197230919, 47.33444421398496615, 199.4426466001440303 ) ) ;
#6642 = CARTESIAN_POINT ( 'NONE',  ( -0.07140444066519566202, 43.97997427147289073, 168.4742871755477154 ) ) ;
#6643 = CARTESIAN_POINT ( 'NONE',  ( 0.000000000000000000, 45.95997642549459528, 252.6905689360423537 ) ) ;
#6644 = CARTESIAN_POINT ( 'NONE',  ( 41.81289467828892725, 32.98724054576847209, 217.9091261453785364 ) ) ;
#6645 = CARTESIAN_POINT ( 'NONE',  ( -0.4124523954728538944, 30.59737258831063045, 41.36121968264906457 ) ) ;
#6646 = CARTESIAN_POINT ( 'NONE',  ( 0.3153518855607185811, 30.58567137635120758, 41.35444700680334762 ) ) ;
#6647 = CARTESIAN_POINT ( 'NONE',  ( -2.801415417745901859, 47.27114232925181625, 182.0665822854028875 ) ) ;
#6648 = CARTESIAN_POINT ( 'NONE',  ( -7.192754217908762904, -10.02745025890519770, 556.6295491338239572 ) ) ;
#6649 = CARTESIAN_POINT ( 'NONE',  ( 2.234516423906524718, 46.78125601044784787, 182.1783905599592117 ) ) ;
#6650 = CARTESIAN_POINT ( 'NONE',  ( 0.6857961776820891142, 6.775705951531614701, 500.7587486378974972 ) ) ;
#6651 = CARTESIAN_POINT ( 'NONE',  ( -1.440150607944834838E-13, 47.45697561098578632, 172.3457461067198437 ) ) ;
#6652 = CARTESIAN_POINT ( 'NONE',  ( 3.634787783257653615E-14, 32.93963793554068076, 53.57149736832803200 ) ) ;
#6653 = CARTESIAN_POINT ( 'NONE',  ( -0.000000000000000000, -24.70179936576349533, -76.17517795805076730 ) ) ;
#6654 = ADVANCED_FACE ( 'NONE', ( #4630 ), #617, .F. ) ;
#6655 = CARTESIAN_POINT ( 'NONE',  ( 0.1934122680587151977, 37.67594785751242625, 83.35774375035238393 ) ) ;
#6656 = CARTESIAN_POINT ( 'NONE',  ( 48.87671600598984867, 11.59101201867309783, 351.9235384047881894 ) ) ;
#6657 = CARTESIAN_POINT ( 'NONE',  ( 9.911180473873667296, 43.69255752420823313, 125.0000000000000853 ) ) ;
#6658 = CARTESIAN_POINT ( 'NONE',  ( -2.367866279720466594, 41.04594610967017587, 79.94441032751126386 ) ) ;
#6659 = EDGE_LOOP ( 'NONE', ( #1071, #4909, #2373, #4683 ) ) ;
#6660 = CARTESIAN_POINT ( 'NONE',  ( -0.3670621004895635586, 47.51369794106510369, 180.6770339033667199 ) ) ;
#6661 = CARTESIAN_POINT ( 'NONE',  ( -19.23958081385339014, 44.36215661290071921, 164.4211870057072531 ) ) ;
#6662 = EDGE_LOOP ( 'NONE', ( #7336, #7399, #4615, #3358, #4136, #7190, #2016, #5867 ) ) ;
#6663 = CARTESIAN_POINT ( 'NONE',  ( -0.3774575293123410002, 40.54177057449137322, 109.1012813234666936 ) ) ;
#6664 = CLOSED_SHELL ( 'NONE', ( #4590, #1985, #3525, #6444, #2214, #6480, #5061, #3244, #519, #5778, #5255, #734, #5803, #2170, #231, #3407, #162, #1252, #5708, #6927, #3585, #3008, #5870, #4074, #2314, #1903, #1563, #6416 ) ) ;
#6665 = CARTESIAN_POINT ( 'NONE',  ( 43.53165450598714159, 29.74745139010504857, 101.6651590913229768 ) ) ;
#6666 = CARTESIAN_POINT ( 'NONE',  ( 5.367151317818954048, 41.19371837082927357, 127.1551035415326396 ) ) ;
#6667 = CARTESIAN_POINT ( 'NONE',  ( 11.55383968865741373, 26.93463575382700270, 21.23557846822262718 ) ) ;
#6668 = CARTESIAN_POINT ( 'NONE',  ( -12.86356880811151981, 31.41958604971774349, 377.2397787413708556 ) ) ;
#6669 = CARTESIAN_POINT ( 'NONE',  ( 0.4972917107681943949, 40.55655139466502135, 109.1035010179233637 ) ) ;
#6670 = CARTESIAN_POINT ( 'NONE',  ( 35.61029944830622895, -13.34155306713987343, 501.3379992237896090 ) ) ;
#6671 = CARTESIAN_POINT ( 'NONE',  ( 39.45827089838190460, 30.61307694002729107, 121.2403548605308004 ) ) ;
#6672 = VERTEX_POINT ( 'NONE', #1743 ) ;
#6673 = CARTESIAN_POINT ( 'NONE',  ( -0.5000000000002202682, 44.12162845365831743, 200.1826763077941393 ) ) ;
#6674 = CARTESIAN_POINT ( 'NONE',  ( -7.053569696294416325, 42.12858376085258527, 146.4838691362627685 ) ) ;
#6675 = CARTESIAN_POINT ( 'NONE',  ( -0.01825206649630220154, 37.65389056574832694, 83.35611021321756198 ) ) ;
#6676 = CARTESIAN_POINT ( 'NONE',  ( 0.3360654570921259299, 40.55093934479859286, 108.7208363774989408 ) ) ;
#6677 = CARTESIAN_POINT ( 'NONE',  ( 0.000000000000000000, 45.26229104882621357, 124.9999962631073203 ) ) ;
#6678 = CARTESIAN_POINT ( 'NONE',  ( -2.614000729075911966, 43.85437763297736780, 180.6546231964739206 ) ) ;
#6679 = CARTESIAN_POINT ( 'NONE',  ( -0.4709684984625378545, 41.02653431879563328, 312.7840159696370392 ) ) ;
#6680 = CARTESIAN_POINT ( 'NONE',  ( 8.480697845774326282, 43.13011345702946642, 183.1285567285631544 ) ) ;
#6681 = CARTESIAN_POINT ( 'NONE',  ( 30.77493776041199425, 26.17505968554926454, 64.44558712145278889 ) ) ;
#6682 = ADVANCED_FACE ( 'NONE', ( #4560 ), #6602, .T. ) ;
#6683 = CARTESIAN_POINT ( 'NONE',  ( -7.189961064043363770, -9.266056063442162483, 554.1745012121198215 ) ) ;
#6684 = CARTESIAN_POINT ( 'NONE',  ( 35.52379586817757229, 26.00036215432320219, 56.21819088907813722 ) ) ;
#6685 = VECTOR ( 'NONE', #3470, 1000.000000000000227 ) ;
#6686 = CARTESIAN_POINT ( 'NONE',  ( 0.2810993966013320966, 26.67647440620210375, 24.82837989273564361 ) ) ;
#6687 = CARTESIAN_POINT ( 'NONE',  ( -2.235142255129658473, 46.78118479292704990, 182.1794834603124968 ) ) ;
#6688 = CARTESIAN_POINT ( 'NONE',  ( -9.623729406347049320, -10.66680710752643968, 548.6596272280612538 ) ) ;
#6689 = CARTESIAN_POINT ( 'NONE',  ( 44.93164822138435710, 26.76982212331940758, 115.6476885014003102 ) ) ;
#6690 = CARTESIAN_POINT ( 'NONE',  ( -0.000000000000000000, 40.27835808116918059, 77.45045605792620336 ) ) ;
#6691 = CARTESIAN_POINT ( 'NONE',  ( 3.055740260237095995, 47.25506751184102683, 183.1773503352326884 ) ) ;
#6692 = CARTESIAN_POINT ( 'NONE',  ( 42.25876485865216381, 32.12478574523171915, 163.6115946595603248 ) ) ;
#6693 = CARTESIAN_POINT ( 'NONE',  ( -12.54926442142181209, -19.83559714904187743, -65.17547834017919683 ) ) ;
#6694 = CARTESIAN_POINT ( 'NONE',  ( -0.9492412437796773350, 37.53197645858845277, 83.41316694039326762 ) ) ;
#6695 = CARTESIAN_POINT ( 'NONE',  ( 12.86356880811151981, 31.41958604971774349, 377.2397787413708556 ) ) ;
#6696 = CARTESIAN_POINT ( 'NONE',  ( 27.38031495906714952, 39.38349873593870853, 125.0000000000000853 ) ) ;
#6697 = CARTESIAN_POINT ( 'NONE',  ( 3.196296804781076695, 20.31546560184472128, -7.393096603152921276 ) ) ;
#6698 = ORIENTED_EDGE ( 'NONE', *, *, #2393, .F. ) ;
#6699 = CARTESIAN_POINT ( 'NONE',  ( -45.70542344736741569, 27.77482535180642031, 125.0000000000000000 ) ) ;
#6700 = CARTESIAN_POINT ( 'NONE',  ( -49.32634856228757059, 20.28886164836126582, 276.4091044601491944 ) ) ;
#6701 = ORIENTED_EDGE ( 'NONE', *, *, #4420, .F. ) ;
#6702 = CARTESIAN_POINT ( 'NONE',  ( 1.719867413431567460, 46.84340157075158118, 181.5923326415212671 ) ) ;
#6703 = VECTOR ( 'NONE', #4701, 1000.000000000000000 ) ;
#6704 = CARTESIAN_POINT ( 'NONE',  ( -5.551620045011602222, 41.75449789290553326, 153.4838691362627401 ) ) ;
#6705 = CARTESIAN_POINT ( 'NONE',  ( 0.3573968388757902126, 41.82848626451237806, 125.6227694908399428 ) ) ;
#6706 = CARTESIAN_POINT ( 'NONE',  ( 0.000000000000000000, 20.62319512748768346, -7.191526245911063597 ) ) ;
#6707 = CARTESIAN_POINT ( 'NONE',  ( 0.4709684984625378545, 40.21920836791927201, 320.0003648965263210 ) ) ;
#6708 = CARTESIAN_POINT ( 'NONE',  ( -5.670375830389234650, 40.89916099824879581, 122.7476783215923035 ) ) ;
#6709 = CARTESIAN_POINT ( 'NONE',  ( 1.902130867737947373, -5.765155448703533914, -56.51890096845753675 ) ) ;
#6710 = CARTESIAN_POINT ( 'NONE',  ( 0.5877462540903933830, 37.87349043832438866, 85.19091765929357507 ) ) ;
#6711 = ORIENTED_EDGE ( 'NONE', *, *, #946, .T. ) ;
#6712 = DIRECTION ( 'NONE',  ( 0.08712477894369598241, 0.9961974065886802787, 0.000000000000000000 ) ) ;
#6713 = CARTESIAN_POINT ( 'NONE',  ( -38.71508799764006881, 31.22021736410716741, 124.9999999999999005 ) ) ;
#6714 = CARTESIAN_POINT ( 'NONE',  ( 4.498150581683334259, 37.07836915308332948, 84.43955079146424225 ) ) ;
#6715 = CARTESIAN_POINT ( 'NONE',  ( -3.580873805458157477, 40.05581775936210676, 109.5000932463771619 ) ) ;
#6716 = CARTESIAN_POINT ( 'NONE',  ( -6.720617539416207542, 43.44300031471332346, 206.4838691362627969 ) ) ;
#6717 = FACE_OUTER_BOUND ( 'NONE', #1327, .T. ) ;
#6718 = CARTESIAN_POINT ( 'NONE',  ( -7.787134593579876807, 43.22614016149262284, 182.7919664622034759 ) ) ;
#6719 = CARTESIAN_POINT ( 'NONE',  ( 150.0000000000002274, 7.068232020827782236, 370.3528863233865422 ) ) ;
#6720 = EDGE_CURVE ( 'NONE', #6487, #6672, #2102, .T. ) ;
#6721 = CARTESIAN_POINT ( 'NONE',  ( 1.451537987113822092, 43.97831793338452400, 180.3564896490414355 ) ) ;
#6722 = CARTESIAN_POINT ( 'NONE',  ( -0.4245343256545957011, 32.21611402665117652, 49.72283512427591745 ) ) ;
#6723 = CARTESIAN_POINT ( 'NONE',  ( 2.152184834420973747, -0.9668156101559031157, 529.2511884921991623 ) ) ;
#6724 = CARTESIAN_POINT ( 'NONE',  ( 0.000000000000000000, 47.48479649331127206, 175.8388171059635852 ) ) ;
#6725 = CARTESIAN_POINT ( 'NONE',  ( -2.648567489156055554, 26.34630874082825613, 25.16411074427850281 ) ) ;
#6726 = CARTESIAN_POINT ( 'NONE',  ( 9.053569696294225366, 41.75449789290544800, 206.4838691362627969 ) ) ;
#6727 = CARTESIAN_POINT ( 'NONE',  ( -35.60447105139471802, -13.62282190332221887, 502.3110443960222824 ) ) ;
#6728 = DIRECTION ( 'NONE',  ( -1.000000000000000000, 0.000000000000000000, 0.000000000000000000 ) ) ;
#6729 = CARTESIAN_POINT ( 'NONE',  ( 0.000000000000000000, 42.55546216656478009, 95.71920458495463890 ) ) ;
#6730 = CARTESIAN_POINT ( 'NONE',  ( 1.143125009450731921, 44.06434548977031795, 200.0809688898185641 ) ) ;
#6731 = CARTESIAN_POINT ( 'NONE',  ( 4.784954744395697013, 41.01696520468155427, 122.3462097754411531 ) ) ;
#6732 = CARTESIAN_POINT ( 'NONE',  ( -28.58244982384469424, -15.21890313945408657, -45.70561207615780575 ) ) ;
#6733 = CARTESIAN_POINT ( 'NONE',  ( 0.3078495281990372145, 35.22759532878686883, 66.49047217163069945 ) ) ;
#6734 = CARTESIAN_POINT ( 'NONE',  ( -1.406557556210300319, 3.019610311274071535, 514.9300709948294070 ) ) ;
#6735 = CARTESIAN_POINT ( 'NONE',  ( -2.500000000000239364, 46.80943403607544440, 198.1826763077941678 ) ) ;
#6736 = CARTESIAN_POINT ( 'NONE',  ( 3.094001100202671495, 27.87474874546403569, 16.86073679022653593 ) ) ;
#6737 = VERTEX_POINT ( 'NONE', #4336 ) ;
#6738 = CARTESIAN_POINT ( 'NONE',  ( 5.551620045011602222, 41.75449789290544800, 205.7838691362627799 ) ) ;
#6739 = CARTESIAN_POINT ( 'NONE',  ( 0.000000000000000000, 44.44231472044331355, 275.7264566852123266 ) ) ;
#6740 = ORIENTED_EDGE ( 'NONE', *, *, #3454, .F. ) ;
#6741 = CARTESIAN_POINT ( 'NONE',  ( 1.385297492264473629, 46.88536817934395629, 181.3845848142559589 ) ) ;
#6742 = LINE ( 'NONE', #3848, #2845 ) ;
#6743 = CARTESIAN_POINT ( 'NONE',  ( 3.035287670926654968, 31.01651801567224354, 29.24765051123930704 ) ) ;
#6744 = CARTESIAN_POINT ( 'NONE',  ( -50.11171787444065728, 9.594334424904452874, 362.2731057270540305 ) ) ;
#6745 = CARTESIAN_POINT ( 'NONE',  ( -3.897005238643131086, 41.13430112144591533, 121.9577922346680765 ) ) ;
#6746 = CARTESIAN_POINT ( 'NONE',  ( -3.340573480010778695, -14.94576865527262655, -66.08754007650293261 ) ) ;
#6747 = CARTESIAN_POINT ( 'NONE',  ( 9.650403415700109733, 38.07974976468356232, 100.9230969976078285 ) ) ;
#6748 = EDGE_LOOP ( 'NONE', ( #6593, #4938, #2332, #5149 ) ) ;
#6749 = CARTESIAN_POINT ( 'NONE',  ( 0.000000000000000000, 0.000000000000000000, 0.000000000000000000 ) ) ;
#6750 = CARTESIAN_POINT ( 'NONE',  ( 48.96184446544092594, 27.22844246722650041, 183.6136886649778717 ) ) ;
#6751 = CARTESIAN_POINT ( 'NONE',  ( 6.614987667163921614, 36.79762351816037835, 85.46962711954425629 ) ) ;
#6752 = CARTESIAN_POINT ( 'NONE',  ( -4.923501082090107062, 39.88022133866092389, 110.0411538776493643 ) ) ;
#6753 = CARTESIAN_POINT ( 'NONE',  ( -33.01933606118252840, 37.32296393988028171, 125.0000000000001137 ) ) ;
#6754 = ADVANCED_FACE ( 'NONE', ( #6591 ), #2054, .F. ) ;
#6755 = APPLICATION_PROTOCOL_DEFINITION ( 'draft international standard', 'automotive_design', 1998, #5960 ) ;
#6756 = CARTESIAN_POINT ( 'NONE',  ( 0.5563355610000443319, 26.58013002185365892, 24.81674212299694915 ) ) ;
#6757 = CARTESIAN_POINT ( 'NONE',  ( -1.482023848833561974, 43.82746973526273138, 168.7036024034725017 ) ) ;
#6758 = CARTESIAN_POINT ( 'NONE',  ( 41.23236433532566281, 22.69079723528891179, 379.8779995718708165 ) ) ;
#6759 = VECTOR ( 'NONE', #3922, 1000.000000000000000 ) ;
#6760 = CARTESIAN_POINT ( 'NONE',  ( 4.014872624605247964, 43.85651601623243323, 192.8116842424560105 ) ) ;
#6761 = CARTESIAN_POINT ( 'NONE',  ( 14.68965999846285087, 26.94142216832943504, 40.24685839198463810 ) ) ;
#6762 = CARTESIAN_POINT ( 'NONE',  ( -9.620743624274640027, -11.03377133881076233, 549.8478901275921089 ) ) ;
#6763 = CARTESIAN_POINT ( 'NONE',  ( 0.000000000000000000, 29.59506050207342653, 44.25806788755794940 ) ) ;
#6764 = CARTESIAN_POINT ( 'NONE',  ( -3.384319913945112113, 28.32991346162609503, 33.62730372270252843 ) ) ;
#6765 = CARTESIAN_POINT ( 'NONE',  ( -59.99867422257567995, -10.69069057093173214, 448.1085652130877293 ) ) ;
#6766 = DIRECTION ( 'NONE',  ( 5.602867245962735462E-30, -1.000000000000000000, -1.644517855226013126E-15 ) ) ;
#6767 = CARTESIAN_POINT ( 'NONE',  ( -0.000000000000000000, 42.50018570760502712, 95.23021764029930125 ) ) ;
#6768 = CARTESIAN_POINT ( 'NONE',  ( -45.70542344736741569, 31.24632232633028650, 125.0000000000000000 ) ) ;
#6769 = CARTESIAN_POINT ( 'NONE',  ( 47.49792006667583877, 29.76429179468356168, 176.1908297026257628 ) ) ;
#6770 = CARTESIAN_POINT ( 'NONE',  ( 0.000000000000000000, 4.829427991817969890, -41.35103106569409448 ) ) ;
#6771 = CARTESIAN_POINT ( 'NONE',  ( -41.25705006739636360, 28.83000728554641867, 114.9782979961650682 ) ) ;
#6772 = CARTESIAN_POINT ( 'NONE',  ( 58.62154318630234684, -4.489909763417698763, 423.0794994535144156 ) ) ;
#6773 = CARTESIAN_POINT ( 'NONE',  ( 0.2277349390662650186, 43.96938356850834140, 214.6291942631763447 ) ) ;
#6774 = CARTESIAN_POINT ( 'NONE',  ( -1.797634613197362174, 24.83933354071738009, 4.965788233343842784 ) ) ;
#6775 = ORIENTED_EDGE ( 'NONE', *, *, #2075, .T. ) ;
#6776 = CARTESIAN_POINT ( 'NONE',  ( -2.500000000000238476, 43.89587077626221401, 183.1826763077941109 ) ) ;
#6777 = CARTESIAN_POINT ( 'NONE',  ( 0.5416989483541193584, 47.07227379654968757, 229.0552716760062992 ) ) ;
#6778 = ORIENTED_EDGE ( 'NONE', *, *, #6172, .F. ) ;
#6779 = CARTESIAN_POINT ( 'NONE',  ( 7.500000000000000000, 26.89192133595479817, 23.34162837863043549 ) ) ;
#6780 = LINE ( 'NONE', #3395, #4230 ) ;
#6781 = CARTESIAN_POINT ( 'NONE',  ( -1.492388020602511300, 43.89655471583869684, 105.2734977285461468 ) ) ;
#6782 = CARTESIAN_POINT ( 'NONE',  ( -150.0000000000003126, 4.384157842436207098, 385.9904724453040785 ) ) ;
#6783 = CARTESIAN_POINT ( 'NONE',  ( 0.5527287301103557260, 41.69035256410226253, 121.0536510434923088 ) ) ;
#6784 = CARTESIAN_POINT ( 'NONE',  ( 0.9520731639543362768, -8.547617495532426446, -59.58324036534521895 ) ) ;
#6785 = ORIENTED_EDGE ( 'NONE', *, *, #4114, .F. ) ;
#6786 = PLANE ( 'NONE',  #2506 ) ;
#6787 = CARTESIAN_POINT ( 'NONE',  ( -2.416530473154318357E-28, 43.13024683737754117, 146.4838691362627401 ) ) ;
#6788 = CARTESIAN_POINT ( 'NONE',  ( 37.83330330504621486, 30.78006581595042945, 117.0256515878126322 ) ) ;
#6789 = CARTESIAN_POINT ( 'NONE',  ( -23.29779046328336278, 36.88389791030716935, 122.4597644544324453 ) ) ;
#6790 = DIRECTION ( 'NONE',  ( 0.000000000000000000, 0.000000000000000000, -1.000000000000000000 ) ) ;
#6791 = CARTESIAN_POINT ( 'NONE',  ( 4.985144220500884238, 26.08798072593040729, 26.09136595409931658 ) ) ;
#6792 = CARTESIAN_POINT ( 'NONE',  ( -4.134282156399343933, 43.68155104659395960, 181.2052716677893613 ) ) ;
#6793 = CARTESIAN_POINT ( 'NONE',  ( 6.244008511223442248, 25.66205074593666069, 414.3400517412663362 ) ) ;
#6794 = COLOUR_RGB ( '',0.7921568627450980005, 0.8196078431372548767, 0.9333333333333333481 ) ;
#6795 = ADVANCED_FACE ( 'NONE', ( #2955 ), #6405, .T. ) ;
#6796 = CARTESIAN_POINT ( 'NONE',  ( -0.3600968668605886158, 44.16229035910919265, 180.0834635259066090 ) ) ;
#6797 = CARTESIAN_POINT ( 'NONE',  ( 7.807429425714950355, 31.20477328411319107, 52.47408607619342291 ) ) ;
#6798 = CARTESIAN_POINT ( 'NONE',  ( -149.9999999999997158, -4.914714336245090465, 438.2002728028813863 ) ) ;
#6799 = CARTESIAN_POINT ( 'NONE',  ( 0.000000000000000000, 47.47223354155563868, 175.0848666352206635 ) ) ;
#6800 = CARTESIAN_POINT ( 'NONE',  ( -11.84434192548232367, 27.31295002357911272, 38.25062936285351611 ) ) ;
#6801 = CARTESIAN_POINT ( 'NONE',  ( -0.2810993966013320966, 26.67647440620210375, 24.82837989273564361 ) ) ;
#6802 = CARTESIAN_POINT ( 'NONE',  ( 19.57372215414722660, 60.00000000000000711, 213.8493121098462098 ) ) ;
#6803 = CARTESIAN_POINT ( 'NONE',  ( -44.00814258974673976, 30.09566107857466477, 106.3234588740034354 ) ) ;
#6804 = CARTESIAN_POINT ( 'NONE',  ( 8.835469875697441466, 41.30568385661963049, 136.2917997612514114 ) ) ;
#6805 = CARTESIAN_POINT ( 'NONE',  ( -149.9999999999998579, 5.755319606443136671, 215.4903186742444916 ) ) ;
#6806 = CARTESIAN_POINT ( 'NONE',  ( -33.12278554331538771, 29.89954287735772809, 92.17177139204902403 ) ) ;
#6807 = CARTESIAN_POINT ( 'NONE',  ( -1.287102454013295816, 13.83400975319627690, 472.5008445009838169 ) ) ;
#6808 = CARTESIAN_POINT ( 'NONE',  ( -1.733348263405259271, 31.56952604277959296, 29.57366796039476498 ) ) ;
#6809 = EDGE_LOOP ( 'NONE', ( #440, #2645, #4988, #4307 ) ) ;
#6810 = CARTESIAN_POINT ( 'NONE',  ( -38.91600566460900978, 22.13074468578859211, 65.07761418544775722 ) ) ;
#6811 = CARTESIAN_POINT ( 'NONE',  ( 1.024170345567492202, 46.00818778601377090, 252.5475023864288744 ) ) ;
#6812 = VERTEX_POINT ( 'NONE', #4076 ) ;
#6813 = CARTESIAN_POINT ( 'NONE',  ( -45.70542344736741569, 27.26287060384420613, 125.0000000000000000 ) ) ;
#6814 = ADVANCED_FACE ( 'NONE', ( #2883 ), #3973, .T. ) ;
#6815 = CARTESIAN_POINT ( 'NONE',  ( 39.63749387989575013, 22.49657194017423478, 69.18754356468517130 ) ) ;
#6816 = CARTESIAN_POINT ( 'NONE',  ( 25.25810368633090164, 30.80518904790463353, 56.02471470947404697 ) ) ;
#6817 = CARTESIAN_POINT ( 'NONE',  ( 1.331304062742782568, 10.42035447031314632, 486.5845591189742549 ) ) ;
#6818 = CARTESIAN_POINT ( 'NONE',  ( 0.4385028318553673699, 39.42212152187754270, 97.15174798906127762 ) ) ;
#6819 = CARTESIAN_POINT ( 'NONE',  ( -28.42755645119725472, -3.288475361452404488, -32.29124967184177564 ) ) ;
#6820 = EDGE_CURVE ( 'NONE', #3708, #1009, #3523, .T. ) ;
#6821 = CARTESIAN_POINT ( 'NONE',  ( 8.206398091503711356, 43.18753613435680450, 213.8493119567934571 ) ) ;
#6822 = CARTESIAN_POINT ( 'NONE',  ( -0.3518963463420546334, 38.75058862163187001, 91.81801615401295180 ) ) ;
#6823 = CARTESIAN_POINT ( 'NONE',  ( 7.500000000000000000, 29.65611229232975887, 44.34370561850344927 ) ) ;
#6824 = CARTESIAN_POINT ( 'NONE',  ( -8.555580906948446085, 41.91304360702352483, 147.1568325279928615 ) ) ;
#6825 = CARTESIAN_POINT ( 'NONE',  ( -0.1612030355592447839, 28.74094123583061489, 33.03560198134628934 ) ) ;
#6826 = CARTESIAN_POINT ( 'NONE',  ( -1.104477942492939180, 43.51709684988176718, 156.8390684022274115 ) ) ;
#6827 = CARTESIAN_POINT ( 'NONE',  ( 1.761563983812512779, 32.02393952748043660, 380.3584216962848927 ) ) ;
#6828 = CARTESIAN_POINT ( 'NONE',  ( 20.06772352055381603, 41.31293846368237865, 201.4161786599516972 ) ) ;
#6829 = CARTESIAN_POINT ( 'NONE',  ( 0.3104050236263936058, 32.12610812642812874, 49.70174304097525209 ) ) ;
#6830 = CARTESIAN_POINT ( 'NONE',  ( 1.451531298192344277, -4.583017096774475441, 541.4743903544048180 ) ) ;
#6831 = CARTESIAN_POINT ( 'NONE',  ( 20.19136065348509135, 28.73718265741604583, 40.26583490555766076 ) ) ;
#6832 = CARTESIAN_POINT ( 'NONE',  ( -1.474710547544382466, 28.54943131467491213, 33.13032141118068097 ) ) ;
#6833 = CARTESIAN_POINT ( 'NONE',  ( 3.050045093430841625, 47.30691962833786590, 198.1845668407431731 ) ) ;
#6834 = CARTESIAN_POINT ( 'NONE',  ( -21.57136166103004271, 44.27006808659630366, 213.8493121092973865 ) ) ;
#6835 = LINE ( 'NONE', #4011, #1918 ) ;
#6836 = CARTESIAN_POINT ( 'NONE',  ( 5.228929487757792316, 40.95829724756580958, 122.5404185424469006 ) ) ;
#6837 = CARTESIAN_POINT ( 'NONE',  ( -12.32604656146385480, 7.066535420415203994, -30.82130669073084661 ) ) ;
#6838 = CARTESIAN_POINT ( 'NONE',  ( -4.653588379741061765, 34.60529740778468266, 67.61060605601421969 ) ) ;
#6839 = CARTESIAN_POINT ( 'NONE',  ( 10.55815539007339510, 8.766027140151836150, 480.2865580578388176 ) ) ;
#6840 = CARTESIAN_POINT ( 'NONE',  ( 52.51231461823631719, 36.78377033823687015, 237.1480678699628015 ) ) ;
#6841 = AXIS2_PLACEMENT_3D ( 'NONE', #5996, #3143, #5433 ) ;
#6842 = ORIENTED_EDGE ( 'NONE', *, *, #6926, .F. ) ;
#6843 = CARTESIAN_POINT ( 'NONE',  ( 2.553569696294397229, 139.2235650228607540, 153.4838691362628822 ) ) ;
#6844 = CARTESIAN_POINT ( 'NONE',  ( -47.31906922256366244, 16.34140955976334197, 320.0000000000000568 ) ) ;
#6845 = ORIENTED_EDGE ( 'NONE', *, *, #4458, .F. ) ;
#6846 = LINE ( 'NONE', #6779, #6168 ) ;
#6847 = CARTESIAN_POINT ( 'NONE',  ( 9.984503210860385281, 40.20665869140199788, 125.0000000000000000 ) ) ;
#6848 = CARTESIAN_POINT ( 'NONE',  ( 2.305531241410820442, 46.80903969351554395, 155.8088301420164328 ) ) ;
#6849 = CARTESIAN_POINT ( 'NONE',  ( 56.50313792499103016, -10.80253914119058045, 197.8140775424655544 ) ) ;
#6850 = CARTESIAN_POINT ( 'NONE',  ( -12.50381132325683886, 27.83116567873787162, 396.5693299386862805 ) ) ;
#6851 = EDGE_CURVE ( 'NONE', #3421, #5226, #1115, .T. ) ;
#6852 = CARTESIAN_POINT ( 'NONE',  ( -1.745123819198181048, 39.14688230560818738, 97.35069741807302535 ) ) ;
#6853 = CARTESIAN_POINT ( 'NONE',  ( -28.49463500214571354, -6.821171986367837725, -36.82241012564603722 ) ) ;
#6854 = PLANE ( 'NONE',  #5724 ) ;
#6855 = CARTESIAN_POINT ( 'NONE',  ( 7.520558595462822460, 37.72429348062910748, 94.41409983997890265 ) ) ;
#6856 = CARTESIAN_POINT ( 'NONE',  ( -2.553569696294388791, 43.06719344360456603, 152.1504111449232823 ) ) ;
#6857 = CARTESIAN_POINT ( 'NONE',  ( 1.096975117992324833, 28.59313423127091269, 33.07448476124334746 ) ) ;
#6858 = CARTESIAN_POINT ( 'NONE',  ( 0.2465385584543202113, 43.66851259867142687, 156.6785043143363225 ) ) ;
#6859 = CARTESIAN_POINT ( 'NONE',  ( 149.9999999999999432, 13.01685150340217767, 333.3876767047953535 ) ) ;
#6860 = CARTESIAN_POINT ( 'NONE',  ( -0.4001394289700144213, 44.23095017312434152, 203.2429492701838853 ) ) ;
#6861 = B_SPLINE_CURVE_WITH_KNOTS ( 'NONE', 3,
 ( #2238, #6881, #1673, #1076, #6847, #4591, #579, #1039, #1108, #6221, #7339, #6915, #2834, #5055 ),
 .UNSPECIFIED., .F., .F.,
 ( 4, 2, 2, 2, 2, 2, 4 ),
 ( 0.0006083682583981219914, 0.006674759240613658932, 0.01274115022282919577, 0.01880754120504473173, 0.02487393218726026770, 0.03700671415169135697, 0.04913949611612244972 ),
 .UNSPECIFIED. ) ;
#6862 = CARTESIAN_POINT ( 'NONE',  ( 0.1105600041888267354, 33.76689396637132035, 58.06546821764646893 ) ) ;
#6863 = CARTESIAN_POINT ( 'NONE',  ( 5.551690055571850912, 43.57135542997895783, 206.4838691362628254 ) ) ;
#6864 = CARTESIAN_POINT ( 'NONE',  ( 1.990276074304296898E-05, 47.55026237919565091, 180.6771451126768113 ) ) ;
#6865 = CARTESIAN_POINT ( 'NONE',  ( -11.98778555751061958, 25.27107203625240572, 30.18713010993207391 ) ) ;
#6866 = DIRECTION ( 'NONE',  ( -0.000000000000000000, 0.01071875923018642679, 0.9999425524501721618 ) ) ;
#6867 = CARTESIAN_POINT ( 'NONE',  ( -0.5904223920471955989, 32.53367023116918233, 35.04931210984616996 ) ) ;
#6868 = ORIENTED_EDGE ( 'NONE', *, *, #4012, .T. ) ;
#6869 = CARTESIAN_POINT ( 'NONE',  ( -0.2999245014276390453, 36.20924704165707197, 73.23766041097843527 ) ) ;
#6870 = CARTESIAN_POINT ( 'NONE',  ( 1.560253016947996896, 42.86750363329602465, 145.0685223345562918 ) ) ;
#6871 = CARTESIAN_POINT ( 'NONE',  ( -28.34182685986741390, -0.004202851225297739302, -27.54135597287860193 ) ) ;
#6872 = CARTESIAN_POINT ( 'NONE',  ( -6.117003654661806955, 34.41634414706465606, 68.32809114723042399 ) ) ;
#6873 = CARTESIAN_POINT ( 'NONE',  ( 38.69183588737984536, 10.25441671295230073, 424.1220012238796357 ) ) ;
#6874 = CARTESIAN_POINT ( 'NONE',  ( 52.53891573317806518, 18.24069168520677664, 252.3546242644533777 ) ) ;
#6875 = VERTEX_POINT ( 'NONE', #6966 ) ;
#6876 = CARTESIAN_POINT ( 'NONE',  ( -2.435407896956661045, 47.30536585195945065, 181.5215136705856764 ) ) ;
#6877 = CARTESIAN_POINT ( 'NONE',  ( -150.0000000000000000, 15.08964599839784171, 317.3683508197350989 ) ) ;
#6878 = ORIENTED_EDGE ( 'NONE', *, *, #871, .F. ) ;
#6879 = CARTESIAN_POINT ( 'NONE',  ( 0.000000000000000000, 0.000000000000000000, 125.0000000000000000 ) ) ;
#6880 = EDGE_CURVE ( 'NONE', #4815, #3206, #3435, .T. ) ;
#6881 = CARTESIAN_POINT ( 'NONE',  ( 2.011210392509118705, 41.57753704009071782, 124.9999999999999574 ) ) ;
#6882 = CARTESIAN_POINT ( 'NONE',  ( 149.9999999999997442, 16.09349136664861390, 256.0566200932159404 ) ) ;
#6883 = CARTESIAN_POINT ( 'NONE',  ( 12.53024648189237311, -15.07893345480093927, -60.27095919175482663 ) ) ;
#6884 = CARTESIAN_POINT ( 'NONE',  ( 0.000000000000000000, 23.07731326548116613, 429.8900929289059150 ) ) ;
#6885 = CARTESIAN_POINT ( 'NONE',  ( -5.832867088076993944, 39.74527450532124817, 110.8532481255768687 ) ) ;
#6886 = CARTESIAN_POINT ( 'NONE',  ( 2.696451919796043484, 24.93304462574336711, 5.026147061896571344 ) ) ;
#6887 =( NAMED_UNIT ( * ) PLANE_ANGLE_UNIT ( ) SI_UNIT ( $, .RADIAN. ) );
#6888 = CARTESIAN_POINT ( 'NONE',  ( 1.623363709392927845, 38.50146473434814709, 91.99678749213552464 ) ) ;
#6889 = CARTESIAN_POINT ( 'NONE',  ( 12.56828236095124929, -24.59226084328281203, -70.07999748860358125 ) ) ;
#6890 = CARTESIAN_POINT ( 'NONE',  ( 39.01869811985088177, 21.23123928602752741, 60.71412667880746028 ) ) ;
#6891 = CARTESIAN_POINT ( 'NONE',  ( -42.90293126724146333, 32.61550938199344074, 209.6424561998700256 ) ) ;
#6892 = CARTESIAN_POINT ( 'NONE',  ( 0.000000000000000000, 6.729893735435778623, 500.8079739285071810 ) ) ;
#6893 = ADVANCED_FACE ( 'NONE', ( #1226 ), #4863, .T. ) ;
#6894 = CARTESIAN_POINT ( 'NONE',  ( 38.25542237796526734, 34.64909099212066224, 222.3291510963699977 ) ) ;
#6895 = CARTESIAN_POINT ( 'NONE',  ( 0.4941064483468047830, 32.10373482968243763, 49.70883449215448024 ) ) ;
#6896 = CARTESIAN_POINT ( 'NONE',  ( -5.551620045011596893, 43.57766651869921049, 205.7838691362627515 ) ) ;
#6897 = CARTESIAN_POINT ( 'NONE',  ( 7.941359141078145889, 44.05614198774132007, 125.0000000000001705 ) ) ;
#6898 = CARTESIAN_POINT ( 'NONE',  ( -44.94226144471967643, 20.03722735356452134, 73.27610646512674464 ) ) ;
#6899 = CARTESIAN_POINT ( 'NONE',  ( -2.485849540965119786, 43.97031545485911153, 203.8119080053910182 ) ) ;
#6900 = CARTESIAN_POINT ( 'NONE',  ( -0.3543899859699736754, 26.68492009176898705, 24.83382742081201755 ) ) ;
#6901 = EDGE_LOOP ( 'NONE', ( #4133, #6383, #254, #7048, #577, #5017, #3361, #2208, #3320, #3555, #6279, #6218, #2699, #3390, #5856, #5421, #1865, #49, #2196, #2582, #437 ) ) ;
#6902 = CARTESIAN_POINT ( 'NONE',  ( 8.259561683456839276, 35.10601614411049809, 76.23937019312563734 ) ) ;
#6903 = EDGE_CURVE ( 'NONE', #2453, #1596, #406, .T. ) ;
#6904 = CARTESIAN_POINT ( 'NONE',  ( 34.28846160111865515, 36.16178085954273769, 171.6186858871459719 ) ) ;
#6905 = CARTESIAN_POINT ( 'NONE',  ( -56.33277253066618329, -0.7343208053013621228, 208.3958578420063645 ) ) ;
#6906 = CARTESIAN_POINT ( 'NONE',  ( 0.1921536201010530798, 32.18761822555429575, 49.70876139183013720 ) ) ;
#6907 = CARTESIAN_POINT ( 'NONE',  ( -2.188606651473533393, -7.176475229997554273, 550.0807433445178276 ) ) ;
#6908 = ORIENTED_EDGE ( 'NONE', *, *, #613, .F. ) ;
#6909 = LINE ( 'NONE', #1205, #6759 ) ;
#6910 = CARTESIAN_POINT ( 'NONE',  ( -5.833484303085390010, 38.83323711334092820, 331.6529499013212217 ) ) ;
#6911 = ORIENTED_EDGE ( 'NONE', *, *, #4828, .F. ) ;
#6912 = DIRECTION ( 'NONE',  ( 0.000000000000000000, 0.000000000000000000, 1.000000000000000000 ) ) ;
#6913 = CARTESIAN_POINT ( 'NONE',  ( 1.894643296418418998E-14, 36.13558662491366391, 72.93035873579380279 ) ) ;
#6914 = CARTESIAN_POINT ( 'NONE',  ( -37.15525042473253592, 31.83259511954742749, 124.2619949972990980 ) ) ;
#6915 = CARTESIAN_POINT ( 'NONE',  ( 38.72719965496440864, 31.21385079524786477, 125.0000000000000853 ) ) ;
#6916 = CARTESIAN_POINT ( 'NONE',  ( 0.000000000000000000, 37.42084218078985458, 58.72214691171561185 ) ) ;
#6917 = CARTESIAN_POINT ( 'NONE',  ( -2.869757525187609293, -24.73004176475694749, -76.23815369158728572 ) ) ;
#6918 = CARTESIAN_POINT ( 'NONE',  ( 0.6232818613695348953, 39.44523580272075236, 97.15748203039674991 ) ) ;
#6919 = CARTESIAN_POINT ( 'NONE',  ( -3.268646977093212946, 11.48290530004461019, -28.67737780092130606 ) ) ;
#6920 = CARTESIAN_POINT ( 'NONE',  ( 46.51162159878661839, 27.77657892663800610, 134.7441944229847195 ) ) ;
#6921 = CARTESIAN_POINT ( 'NONE',  ( 5.804871885623192895, 37.95784665847773454, 93.52919943175605511 ) ) ;
#6922 = CARTESIAN_POINT ( 'NONE',  ( -2.861529713880420545, -14.86190821214616165, -66.10491999415030762 ) ) ;
#6923 = CARTESIAN_POINT ( 'NONE',  ( -48.09887603462018291, 19.47765558591667556, 290.8986780379959782 ) ) ;
#6924 = CARTESIAN_POINT ( 'NONE',  ( -0.4815604311896541367, 43.58748265824377910, 156.7450785876505961 ) ) ;
#6925 = CARTESIAN_POINT ( 'NONE',  ( 0.000000000000000000, 10.33405387878785753, 486.6586544760494917 ) ) ;
#6926 = EDGE_CURVE ( 'NONE', #511, #1848, #5693, .T. ) ;
#6927 = ADVANCED_FACE ( 'NONE', ( #2921 ), #6932, .F. ) ;
#6928 = CARTESIAN_POINT ( 'NONE',  ( 12.89374002894183491, 42.64563459769752995, 208.2900437527758868 ) ) ;
#6929 = CARTESIAN_POINT ( 'NONE',  ( 6.215292568263957484, 33.00647160273831560, 59.95980398984812609 ) ) ;
#6930 = CARTESIAN_POINT ( 'NONE',  ( -5.367151317818945166, 41.19371837082925936, 127.1551035415324264 ) ) ;
#6931 = DIRECTION ( 'NONE',  ( 1.000000000000000000, 5.602867245962735462E-30, 9.663673382530775759E-45 ) ) ;
#6932 = PLANE ( 'NONE',  #6270 ) ;
#6933 = CARTESIAN_POINT ( 'NONE',  ( 0.4001394458020600120, 44.23095017452624234, 203.2429492704578138 ) ) ;
#6934 = CARTESIAN_POINT ( 'NONE',  ( 2.499722917166390612, 47.36115899724551781, 198.4413997144861241 ) ) ;
#6935 = CARTESIAN_POINT ( 'NONE',  ( 0.1361503627589528420, 47.06067291664576402, 200.1826763077941393 ) ) ;
#6936 = ORIENTED_EDGE ( 'NONE', *, *, #5485, .T. ) ;
#6937 = CARTESIAN_POINT ( 'NONE',  ( -5.551620045011602222, 139.2235650228606687, 205.7838691362629504 ) ) ;
#6938 = CARTESIAN_POINT ( 'NONE',  ( -0.1424479713930725810, 43.65702490260130730, 156.6843683489907164 ) ) ;
#6939 = CARTESIAN_POINT ( 'NONE',  ( -3.196296804781076695, 20.31546560184472128, -7.393096603152921276 ) ) ;
#6940 = CARTESIAN_POINT ( 'NONE',  ( -14.05268435877428779, 31.94515300181034689, 64.67511920324800201 ) ) ;
#6941 = CARTESIAN_POINT ( 'NONE',  ( -1.463168471159988160, -9.541087452738985064, 557.6191052689168828 ) ) ;
#6942 = ORIENTED_EDGE ( 'NONE', *, *, #3437, .T. ) ;
#6943 = CARTESIAN_POINT ( 'NONE',  ( -0.1666867805366766819, 44.12206846483586986, 181.1826763077940541 ) ) ;
#6944 = CARTESIAN_POINT ( 'NONE',  ( 0.000000000000000000, 41.02506332365900477, 312.7991820443241977 ) ) ;
#6945 = VERTEX_POINT ( 'NONE', #5178 ) ;
#6946 = CARTESIAN_POINT ( 'NONE',  ( -5.308301880232661141, 31.78933218281591166, 35.31509627091065084 ) ) ;
#6947 = DIRECTION ( 'NONE',  ( -0.000000000000000000, -0.2193763502602847637, -0.9756403112553707624 ) ) ;
#6948 = CARTESIAN_POINT ( 'NONE',  ( -15.14332030539151397, 37.47299459952260747, 107.5613780496082512 ) ) ;
#6949 = CARTESIAN_POINT ( 'NONE',  ( 2.723808977303468826, 47.27812003632573123, 181.9220184972216998 ) ) ;
#6950 = CARTESIAN_POINT ( 'NONE',  ( 44.49566077598581870, 36.56622561671095895, 287.9162384457418966 ) ) ;
#6951 = CARTESIAN_POINT ( 'NONE',  ( -2.553569696294410551, 41.75449789290554037, 149.4838691362627401 ) ) ;
#6952 = CARTESIAN_POINT ( 'NONE',  ( -1.902130867737947373, -5.765155448703533914, -56.51890096845753675 ) ) ;
#6953 = CARTESIAN_POINT ( 'NONE',  ( -4.006591742646978815, 39.98812016865721120, 110.0223510367229096 ) ) ;
#6954 = CARTESIAN_POINT ( 'NONE',  ( 0.000000000000000000, 16.05780648225944418, -18.97418335886999685 ) ) ;
#6955 = CARTESIAN_POINT ( 'NONE',  ( 0.6316658549898256370, 47.01465818683482212, 200.1826763077941109 ) ) ;
#6956 = CARTESIAN_POINT ( 'NONE',  ( -0.03515538210572977107, 39.61221725694070983, 100.2685708578173518 ) ) ;
#6957 = CARTESIAN_POINT ( 'NONE',  ( 29.27174757305002828, 23.14472859597227838, 47.43056633818058998 ) ) ;
#6958 = CARTESIAN_POINT ( 'NONE',  ( 3.289006796241746411, 7.681208134219242645, -36.06530541306337057 ) ) ;
#6959 = CARTESIAN_POINT ( 'NONE',  ( 0.000000000000000000, 47.62041242848380307, 205.0701292695992777 ) ) ;
#6960 = CARTESIAN_POINT ( 'NONE',  ( -11.62530322397648064, 42.50822684786942318, 173.1136641798390770 ) ) ;
#6961 = CARTESIAN_POINT ( 'NONE',  ( 38.69183588737984536, 10.25441671295230073, 424.1220012238796357 ) ) ;
#6962 = CARTESIAN_POINT ( 'NONE',  ( 3.904635640570864652, 43.82530889468833379, 204.2913902864825673 ) ) ;
#6963 = MECHANICAL_DESIGN_GEOMETRIC_PRESENTATION_REPRESENTATION (  '', ( #5663 ), #513 ) ;
#6964 = EDGE_CURVE ( 'NONE', #6346, #6945, #928, .T. ) ;
#6965 = CARTESIAN_POINT ( 'NONE',  ( 0.9972214769660766587, 35.06449976814218417, 66.53263916219734142 ) ) ;
#6966 = CARTESIAN_POINT ( 'NONE',  ( -5.667666856667974429E-14, 41.82782143490219084, 124.9999999999999858 ) ) ;
#6967 = CARTESIAN_POINT ( 'NONE',  ( 0.000000000000000000, 45.26229104882621357, 124.9999962631073203 ) ) ;
#6968 = CARTESIAN_POINT ( 'NONE',  ( 2.500000000000223821, 43.89305973373147651, 182.9178939828193506 ) ) ;
#6969 = CARTESIAN_POINT ( 'NONE',  ( -1.379431675908156629, 43.83965596928097597, 214.9069968962728012 ) ) ;
#6970 = CARTESIAN_POINT ( 'NONE',  ( -0.2580137863904549689, 26.67378444297611040, 24.82668553854458793 ) ) ;
#6971 = VERTEX_POINT ( 'NONE', #596 ) ;
#6972 = CARTESIAN_POINT ( 'NONE',  ( 2.341918219422600700, 35.87779294692006005, 73.55917552267307258 ) ) ;
#6973 = CARTESIAN_POINT ( 'NONE',  ( 37.27517753034109660, 35.00427862177419769, 176.7471340377501008 ) ) ;
#6974 = CARTESIAN_POINT ( 'NONE',  ( 0.8988173065986810872, 24.74562245569138952, 4.905429404791115111 ) ) ;
#6975 = CARTESIAN_POINT ( 'NONE',  ( -0.03589428963846806597, 32.15966022493469012, 49.70167929902336112 ) ) ;
#6976 = CARTESIAN_POINT ( 'NONE',  ( 150.0000000000002558, -4.444873476189596495, 435.7468521578524019 ) ) ;
#6977 = ORIENTED_EDGE ( 'NONE', *, *, #3931, .F. ) ;
#6978 = CARTESIAN_POINT ( 'NONE',  ( -48.09062477031222471, 29.79076595439116559, 191.6707908227342614 ) ) ;
#6979 = CARTESIAN_POINT ( 'NONE',  ( -13.20776690004548115, 35.51755634591616229, 352.3468663762320716 ) ) ;
#6980 = EDGE_LOOP ( 'NONE', ( #4744, #4706, #4090, #1376 ) ) ;
#6981 = CARTESIAN_POINT ( 'NONE',  ( -5.551620045011602222, 41.75449789290553326, 153.4838691362627401 ) ) ;
#6982 = AXIS2_PLACEMENT_3D ( 'NONE', #1318, #4127, #1358 ) ;
#6983 = CARTESIAN_POINT ( 'NONE',  ( 0.1812764382339168145, 47.53232335037510836, 180.6770904820961050 ) ) ;
#6984 = CARTESIAN_POINT ( 'NONE',  ( -0.4051059618144931540, 38.65541753410260384, 91.83004829096317678 ) ) ;
#6985 = CARTESIAN_POINT ( 'NONE',  ( 36.90884633477389087, 21.99593094274473160, 59.16508770578523979 ) ) ;
#6986 = CARTESIAN_POINT ( 'NONE',  ( -1.423592574024759250, 42.54900955428178833, 298.0807919074272831 ) ) ;
#6987 = CARTESIAN_POINT ( 'NONE',  ( -3.804908405348209303E-10, 47.56176726071331728, 202.1260373096420437 ) ) ;
#6988 = CARTESIAN_POINT ( 'NONE',  ( 12.50569815975795684, -8.939040514739479804, -53.94021469740130925 ) ) ;
#6989 = ORIENTED_EDGE ( 'NONE', *, *, #3623, .F. ) ;
#6990 = CARTESIAN_POINT ( 'NONE',  ( -0.8290169538960380224, 37.84298476876134742, 85.21770387100934840 ) ) ;
#6991 = CARTESIAN_POINT ( 'NONE',  ( 0.9429501939302636915, 4.886886460646159058, -41.31700136380539590 ) ) ;
#6992 = CARTESIAN_POINT ( 'NONE',  ( -3.000000000000235811, 46.80943403607544440, 198.1826763077941393 ) ) ;
#6993 = CARTESIAN_POINT ( 'NONE',  ( 43.53694696599183089, 30.34311951897515058, 145.9202298115813505 ) ) ;
#6994 = CARTESIAN_POINT ( 'NONE',  ( 1.348794208269641581, 47.45639613475488261, 200.5593460197238187 ) ) ;
#6995 = CARTESIAN_POINT ( 'NONE',  ( 150.0000000000000284, 3.089374213535638791, 211.7316696794227653 ) ) ;
#6996 = CARTESIAN_POINT ( 'NONE',  ( 0.5120851727837461009, 45.98408210575418309, 252.6190356612356140 ) ) ;
#6997 = CARTESIAN_POINT ( 'NONE',  ( -5.505889080748954889, 41.76777821674819791, 134.6204121279965875 ) ) ;
#6998 = CARTESIAN_POINT ( 'NONE',  ( -0.7257656490961721385, -4.623702357734425838, 541.5260409447616894 ) ) ;
#6999 = CARTESIAN_POINT ( 'NONE',  ( 7.094923752187024313, 43.26125785161844561, 216.8450899572970343 ) ) ;
#7000 = CARTESIAN_POINT ( 'NONE',  ( 44.35282869203649625, 26.92431734250502373, 113.6056200953563433 ) ) ;
#7001 = CARTESIAN_POINT ( 'NONE',  ( 0.2535481607976903806, 41.28884130297112875, 117.1682491487811291 ) ) ;
#7002 = DIRECTION ( 'NONE',  ( 0.000000000000000000, -0.000000000000000000, -1.000000000000000000 ) ) ;
#7003 = CARTESIAN_POINT ( 'NONE',  ( -5.770021949464096522, 26.00025000205167558, 26.49010204558586423 ) ) ;
#7004 = CARTESIAN_POINT ( 'NONE',  ( -1.396925271296428184, 44.07279438111826408, 203.5374813626614525 ) ) ;
#7005 = CARTESIAN_POINT ( 'NONE',  ( 7.301291994692240550, 46.93704426116289596, 207.1250189900836745 ) ) ;
#7006 = EDGE_CURVE ( 'NONE', #3295, #611, #5765, .T. ) ;
#7007 = VERTEX_POINT ( 'NONE', #6078 ) ;
#7008 = CARTESIAN_POINT ( 'NONE',  ( 47.71194077531738742, 30.10201878441462497, 198.5431885290531966 ) ) ;
#7009 = CARTESIAN_POINT ( 'NONE',  ( 0.3664354500040193918, 41.21273446789119532, 117.1956812390401126 ) ) ;
#7010 = CARTESIAN_POINT ( 'NONE',  ( -55.69582423788891390, 7.770729441803534421, 222.6473521244176652 ) ) ;
#7011 = CARTESIAN_POINT ( 'NONE',  ( -8.424650419808282109, 32.71810551444244197, 61.17808333810537391 ) ) ;
#7012 = CARTESIAN_POINT ( 'NONE',  ( 149.9999999999997158, -4.914714336245090465, 438.2002728028813863 ) ) ;
#7013 = CARTESIAN_POINT ( 'NONE',  ( 2.152184834420973747, -0.9668156101559031157, 529.2511884921991623 ) ) ;
#7014 = ORIENTED_EDGE ( 'NONE', *, *, #250, .T. ) ;
#7015 = CARTESIAN_POINT ( 'NONE',  ( 2.500000000000237144, 46.81180828525702964, 188.1825515949667249 ) ) ;
#7016 = CARTESIAN_POINT ( 'NONE',  ( -37.43434600815625402, 3.497723437920143397, 446.0507749091595429 ) ) ;
#7017 = CARTESIAN_POINT ( 'NONE',  ( 0.5435609536137723241, 47.52713440472693662, 200.6867358902516685 ) ) ;
#7018 = CARTESIAN_POINT ( 'NONE',  ( -34.10700117952219301, 26.13475387678865403, 53.60060086407858648 ) ) ;
#7019 = CARTESIAN_POINT ( 'NONE',  ( 3.050045093430841625, 47.30691962833786590, 198.1845668407433152 ) ) ;
#7020 = CARTESIAN_POINT ( 'NONE',  ( -12.82808671767111086, 37.85305709149753284, 105.9245999330487820 ) ) ;
#7021 = CARTESIAN_POINT ( 'NONE',  ( 56.11130722957283723, 35.86224107201260836, 219.6474666994794234 ) ) ;
#7022 = CARTESIAN_POINT ( 'NONE',  ( 0.000000000000000000, 47.07228892232936346, 200.1826763077941393 ) ) ;
#7023 = CARTESIAN_POINT ( 'NONE',  ( -2.828850581790790741, 5.001803398302538284, -41.24894196002799873 ) ) ;
#7024 = ORIENTED_EDGE ( 'NONE', *, *, #1200, .F. ) ;
#7025 = CARTESIAN_POINT ( 'NONE',  ( -6.155880814898734954, 37.15301528411678333, 87.04221325995762015 ) ) ;
#7026 = CARTESIAN_POINT ( 'NONE',  ( -3.302423590642567852, 4.628195515106217073, -41.47021073289514703 ) ) ;
#7027 = ORIENTED_EDGE ( 'NONE', *, *, #197, .T. ) ;
#7028 = B_SPLINE_CURVE_WITH_KNOTS ( 'NONE', 3,
 ( #291, #7155, #4300, #5283, #2427, #4715, #1898, #2772, #331, #2621, #4989, #969, #3257, #4910, #6074, #4340, #929, #1605, #3893, #1643, #1527, #6637, #2095, #7308, #7231, #3218, #7346, #3296, #7269, #2209, #1488, #3815, #4381, #7191 ),
 .UNSPECIFIED., .F., .F.,
 ( 4, 2, 2, 2, 2, 2, 2, 2, 2, 2, 2, 2, 2, 2, 2, 2, 4 ),
 ( 6.938893903907228378E-18, 0.006050191186199957265, 0.009075286779299931994, 0.01058783457584991199, 0.01210038237239989198, 0.01815057355859977031, 0.01966312135514973122, 0.02117566915169969560, 0.02420076474479969722, 0.03025095593099970739, 0.03176350372754974116, 0.03327605152409977840, 0.03630114711719983900, 0.03932624271029990654, 0.04083879050684990214, 0.04235133830339989774, 0.04840152948959988016 ),
 .UNSPECIFIED. ) ;
#7029 = CARTESIAN_POINT ( 'NONE',  ( -1.384286062561050912, 46.93171998821419777, 199.9813253877951809 ) ) ;
#7030 = AXIS2_PLACEMENT_3D ( 'NONE', #2576, #5580, #442 ) ;
#7031 = CARTESIAN_POINT ( 'NONE',  ( 4.253565901428580709, 39.96854172183793708, 109.7482318732514841 ) ) ;
#7032 = CARTESIAN_POINT ( 'NONE',  ( 23.45484308271588958, 24.35870295602298086, 42.34585083520472182 ) ) ;
#7033 = CARTESIAN_POINT ( 'NONE',  ( 0.000000000000000000, -5.832248506198543403, -56.54747634531298672 ) ) ;
#7034 = CARTESIAN_POINT ( 'NONE',  ( -2.305531241410820442, 46.80903969351554395, 155.8088301420164328 ) ) ;
#7035 = CARTESIAN_POINT ( 'NONE',  ( -0.2847583067207379859, 42.42475893422422217, 133.0104532322945943 ) ) ;
#7036 = CARTESIAN_POINT ( 'NONE',  ( 2.401812407620467660, 6.569449054318622139, 500.9803719639622841 ) ) ;
#7037 = B_SPLINE_CURVE_WITH_KNOTS ( 'NONE', 3,
 ( #449, #2737, #5026, #4461 ),
 .UNSPECIFIED., .F., .F.,
 ( 4, 4 ),
 ( 0.000000000000000000, 0.01500008745376043250 ),
 .UNSPECIFIED. ) ;
#7038 = VERTEX_POINT ( 'NONE', #2511 ) ;
#7039 = CARTESIAN_POINT ( 'NONE',  ( 2.434499575215041567, 43.74798116808376847, 215.1665503157365436 ) ) ;
#7040 = CARTESIAN_POINT ( 'NONE',  ( 3.920045590868954211, 34.69816271699941979, 67.32311982476826984 ) ) ;
#7041 = CARTESIAN_POINT ( 'NONE',  ( -0.2009646638948485164, 41.23310327414419163, 117.1834475851084392 ) ) ;
#7042 = DIRECTION ( 'NONE',  ( 0.000000000000000000, 0.000000000000000000, -1.000000000000000000 ) ) ;
#7043 = B_SPLINE_CURVE_WITH_KNOTS ( 'NONE', 3,
 ( #986, #7244, #1541, #2785 ),
 .UNSPECIFIED., .F., .F.,
 ( 4, 4 ),
 ( 1.040834085586084103E-17, 0.002573726639899274766 ),
 .UNSPECIFIED. ) ;
#7044 = CARTESIAN_POINT ( 'NONE',  ( -0.5904223920471955989, 29.52443753821325956, 35.04931210984616996 ) ) ;
#7045 = CARTESIAN_POINT ( 'NONE',  ( -38.25542237667610124, 34.64909099275019599, 222.3291510960264930 ) ) ;
#7046 = CARTESIAN_POINT ( 'NONE',  ( -0.7461940103012556502, 43.80372440424493874, 105.2564511888949568 ) ) ;
#7047 = AXIS2_PLACEMENT_3D ( 'NONE', #1508, #435, #3240 ) ;
#7048 = ORIENTED_EDGE ( 'NONE', *, *, #641, .T. ) ;
#7049 = CARTESIAN_POINT ( 'NONE',  ( 29.74790991224188019, 38.02668242098356899, 177.2253642635780011 ) ) ;
#7050 = CARTESIAN_POINT ( 'NONE',  ( -0.04703255655583789274, 41.26354604939197657, 117.1724505665606557 ) ) ;
#7051 =( GEOMETRIC_REPRESENTATION_CONTEXT ( 3 ) GLOBAL_UNCERTAINTY_ASSIGNED_CONTEXT ( ( #4531 ) ) GLOBAL_UNIT_ASSIGNED_CONTEXT ( ( #257, #5999, #5844 ) ) REPRESENTATION_CONTEXT ( 'NONE', 'WORKASPACE' ) );
#7052 = CARTESIAN_POINT ( 'NONE',  ( -150.0000000000000284, 11.30624670738853510, 229.7266311706955264 ) ) ;
#7053 = CARTESIAN_POINT ( 'NONE',  ( -1.418068654488615410, 31.99169136294853644, 49.80358805855833282 ) ) ;
#7054 = CARTESIAN_POINT ( 'NONE',  ( 2.541794483188228870, -4.806876550188804664, 541.7585835155889527 ) ) ;
#7055 = CARTESIAN_POINT ( 'NONE',  ( 1.459071100982355595, -7.213087860121786932, 550.1242434627826015 ) ) ;
#7056 = CARTESIAN_POINT ( 'NONE',  ( -27.46196269911229848, 23.50986019308620101, 45.55957488496180474 ) ) ;
#7057 = CARTESIAN_POINT ( 'NONE',  ( -53.41671992373075284, 4.732634878479694329, 384.7797939231693363 ) ) ;
#7058 = CARTESIAN_POINT ( 'NONE',  ( -1.408910285550657925E-13, 47.54967213855248787, 180.6238749016166594 ) ) ;
#7059 = CARTESIAN_POINT ( 'NONE',  ( -2.416530473154318357E-28, 43.13024683737754117, 146.4838691362627401 ) ) ;
#7060 = CARTESIAN_POINT ( 'NONE',  ( -3.055740260237095995, 47.25506751184102683, 183.1773503352326884 ) ) ;
#7061 = EDGE_CURVE ( 'NONE', #6137, #7078, #5325, .T. ) ;
#7062 = CARTESIAN_POINT ( 'NONE',  ( -7.377366059786850450, 38.64506322501930669, 102.7977582473972689 ) ) ;
#7063 = CARTESIAN_POINT ( 'NONE',  ( 16.66315168157811755, 45.58974530259764180, 211.4847522036016585 ) ) ;
#7064 = DIRECTION ( 'NONE',  ( 0.000000000000000000, -0.9756403112553629908, 0.2193763502603199023 ) ) ;
#7065 = CARTESIAN_POINT ( 'NONE',  ( 12.37917598823336540, 4.075400731689930112, -36.12926134960945035 ) ) ;
#7066 = ORIENTED_EDGE ( 'NONE', *, *, #389, .T. ) ;
#7067 = CARTESIAN_POINT ( 'NONE',  ( -26.59264952203329102, 33.84010053497372894, 102.0987723774957345 ) ) ;
#7068 = CARTESIAN_POINT ( 'NONE',  ( -149.9999999999998295, 12.15754626088404500, 232.9814987402332633 ) ) ;
#7069 = VERTEX_POINT ( 'NONE', #1492 ) ;
#7070 = CARTESIAN_POINT ( 'NONE',  ( 37.41532720617453833, 33.23640093316718236, 141.4362455132317962 ) ) ;
#7071 = CARTESIAN_POINT ( 'NONE',  ( -9.053569696294418989, 41.89642500607784825, 148.4838691362627685 ) ) ;
#7072 = CARTESIAN_POINT ( 'NONE',  ( 30.78717420800867544, 34.36079216437158834, 122.5594868858551507 ) ) ;
#7073 = CARTESIAN_POINT ( 'NONE',  ( 2.196569401654306475, 47.38092914681135426, 200.0716613672675237 ) ) ;
#7074 = CARTESIAN_POINT ( 'NONE',  ( 86.59048839564125899, -5.768153520067688333, 55.25887913199452584 ) ) ;
#7075 = CARTESIAN_POINT ( 'NONE',  ( -49.29743671353512013, 37.20513467868398294, 254.3835889086999487 ) ) ;
#7076 = CARTESIAN_POINT ( 'NONE',  ( -6.573626704306117396, 42.23284183655031399, 146.9906173475508808 ) ) ;
#7077 = CARTESIAN_POINT ( 'NONE',  ( 149.9999999999998579, -5.139754097654222420, 439.4216061485305431 ) ) ;
#7078 = VERTEX_POINT ( 'NONE', #7083 ) ;
#7079 = CARTESIAN_POINT ( 'NONE',  ( 0.6684197973118863878, 43.89848649189664087, 214.7651510831994415 ) ) ;
#7080 = CARTESIAN_POINT ( 'NONE',  ( 7.570318655259667295, 34.22488976120434501, 69.10429114514774085 ) ) ;
#7081 = CARTESIAN_POINT ( 'NONE',  ( -2.188918937572728485, 40.98585591904765835, 117.5011284926519153 ) ) ;
#7082 = DIRECTION ( 'NONE',  ( 0.000000000000000000, -1.000000000000000000, 0.000000000000000000 ) ) ;
#7083 = CARTESIAN_POINT ( 'NONE',  ( 0.000000000000000000, 29.52443753907863666, 35.04931211369478916 ) ) ;
#7084 = CARTESIAN_POINT ( 'NONE',  ( -19.40954904323657004, 41.42935818439421780, 212.1497116802162282 ) ) ;
#7085 = CARTESIAN_POINT ( 'NONE',  ( -1.153611605577076649, 47.71663046453083723, 204.9482023332519987 ) ) ;
#7086 = ORIENTED_EDGE ( 'NONE', *, *, #7158, .T. ) ;
#7087 = CARTESIAN_POINT ( 'NONE',  ( 22.17936710641257747, 40.17303815854949534, 168.7353203515349946 ) ) ;
#7088 = CARTESIAN_POINT ( 'NONE',  ( 38.39492685898459001, 32.88369339799224633, 143.1330085405619457 ) ) ;
#7089 = CARTESIAN_POINT ( 'NONE',  ( 1.697371585504689362, 34.35707238260560814, 42.06053201340118619 ) ) ;
#7090 = CARTESIAN_POINT ( 'NONE',  ( -0.3287415914564650321, 30.50782813115720415, 41.33749724959457694 ) ) ;
#7091 = LINE ( 'NONE', #6726, #5498 ) ;
#7092 = CARTESIAN_POINT ( 'NONE',  ( -150.0000000000002558, -4.444873476189596495, 435.7468521578524019 ) ) ;
#7093 = CARTESIAN_POINT ( 'NONE',  ( -37.95522119066521327, 34.94134585135851268, 207.3994813991157855 ) ) ;
#7094 = CARTESIAN_POINT ( 'NONE',  ( 0.5725577439240580047, 23.09808650977305433, 429.9216912165479130 ) ) ;
#7095 = CARTESIAN_POINT ( 'NONE',  ( -3.050045093430841625, 47.30691962833786590, 198.1845668407431731 ) ) ;
#7096 = CARTESIAN_POINT ( 'NONE',  ( 0.000000000000000000, 0.000000000000000000, 0.000000000000000000 ) ) ;
#7097 = CARTESIAN_POINT ( 'NONE',  ( 24.62262735633027333, 27.83461189994946494, 43.13918858136970869 ) ) ;
#7098 = CARTESIAN_POINT ( 'NONE',  ( -0.08246667904780394243, 36.40997070928091972, 74.91977839122149874 ) ) ;
#7099 = CARTESIAN_POINT ( 'NONE',  ( 0.000000000000000000, 45.95997642549459528, 252.6905689360423537 ) ) ;
#7100 = CARTESIAN_POINT ( 'NONE',  ( 21.80928627314471058, 37.44602950493040794, 125.0000000000000568 ) ) ;
#7101 = CARTESIAN_POINT ( 'NONE',  ( -0.9391192593045467607, 7.969336849332791850, -35.88766685587286531 ) ) ;
#7102 = ORIENTED_EDGE ( 'NONE', *, *, #4411, .T. ) ;
#7103 = CARTESIAN_POINT ( 'NONE',  ( 0.5602309264332363536, 38.01825228439570736, 85.18091337542276165 ) ) ;
#7104 = CARTESIAN_POINT ( 'NONE',  ( -75.08352271041381698, 23.83992530242385399, 133.1794009662679912 ) ) ;
#7105 = EDGE_CURVE ( 'NONE', #367, #5955, #5059, .T. ) ;
#7106 = CARTESIAN_POINT ( 'NONE',  ( 49.76649165414447396, 27.59589504396262782, 159.3532708234655786 ) ) ;
#7107 = CARTESIAN_POINT ( 'NONE',  ( -3.980972991365653968, 44.72343064342429386, 125.0000000000001137 ) ) ;
#7108 = CARTESIAN_POINT ( 'NONE',  ( 6.578664875392139955, 39.65630572639364004, 110.8453637027372309 ) ) ;
#7109 = CARTESIAN_POINT ( 'NONE',  ( 17.24000500210580356, 25.68941750529190671, 38.68030761453307065 ) ) ;
#7110 = CARTESIAN_POINT ( 'NONE',  ( 56.33277253066618329, -0.7343208053013621228, 208.3958578420063645 ) ) ;
#7111 = CARTESIAN_POINT ( 'NONE',  ( -42.82036082025610568, 34.45865616707600765, 314.7613887647807474 ) ) ;
#7112 = CARTESIAN_POINT ( 'NONE',  ( 0.1541783140415528830, 42.47708244939779121, 132.9842823122720006 ) ) ;
#7113 = CARTESIAN_POINT ( 'NONE',  ( -0.7295355504911777977, -7.249700490246020479, 550.1677435810472616 ) ) ;
#7114 = VECTOR ( 'NONE', #4525, 1000.000000000000000 ) ;
#7115 = CARTESIAN_POINT ( 'NONE',  ( 3.167252572032077218, 38.96510653511826661, 97.71958924833130311 ) ) ;
#7116 = ORIENTED_EDGE ( 'NONE', *, *, #2037, .F. ) ;
#7117 = LINE ( 'NONE', #1978, #2881 ) ;
#7118 = CARTESIAN_POINT ( 'NONE',  ( 0.2751160436851276536, 35.15463218505516352, 66.48320101544329930 ) ) ;
#7119 = CARTESIAN_POINT ( 'NONE',  ( -2.851651320501481734, 40.90179870327463618, 117.6994622494486009 ) ) ;
#7120 = B_SPLINE_CURVE_WITH_KNOTS ( 'NONE', 3,
 ( #1247, #5828, #685, #2975, #5269, #125 ),
 .UNSPECIFIED., .F., .F.,
 ( 4, 2, 4 ),
 ( 0.000000000000000000, 0.0003933811956394046264, 0.0007867623912788092528 ),
 .UNSPECIFIED. ) ;
#7121 = CARTESIAN_POINT ( 'NONE',  ( 7.500000000000000000, 29.66173268173092481, 35.65990972620951993 ) ) ;
#7122 = CARTESIAN_POINT ( 'NONE',  ( -1.421052091395373473, 44.12916613512313546, 192.0093768902103193 ) ) ;
#7123 = CARTESIAN_POINT ( 'NONE',  ( -1.412905495387613675, 38.87119500223062829, 332.0564048275492723 ) ) ;
#7124 = EDGE_CURVE ( 'NONE', #600, #1324, #4833, .T. ) ;
#7125 = ORIENTED_EDGE ( 'NONE', *, *, #5009, .T. ) ;
#7126 = CARTESIAN_POINT ( 'NONE',  ( 5.185909180533998963, 43.02427822304334626, 158.2053745188385392 ) ) ;
#7127 = CARTESIAN_POINT ( 'NONE',  ( 26.18953983761220528, 36.91106575199731310, 134.0869966931337274 ) ) ;
#7128 = CARTESIAN_POINT ( 'NONE',  ( -68.02388392350869140, 29.98456005054444162, 166.0820768548770161 ) ) ;
#7129 = CARTESIAN_POINT ( 'NONE',  ( -3.338283007764236920, 30.15077705578292466, 41.92409443956316295 ) ) ;
#7130 = DIRECTION ( 'NONE',  ( 1.000000000000000000, 0.000000000000000000, 0.000000000000000000 ) ) ;
#7131 = CARTESIAN_POINT ( 'NONE',  ( -10.02488928357590936, 1.340599469649716324, 507.8357256156867834 ) ) ;
#7132 = CARTESIAN_POINT ( 'NONE',  ( 2.088808652155208279, 46.79827945039248505, 181.9608644749235111 ) ) ;
#7133 = CARTESIAN_POINT ( 'NONE',  ( -6.733608421923275245, 13.22468183324905233, 471.8275841911045632 ) ) ;
#7134 = CARTESIAN_POINT ( 'NONE',  ( -3.049915375219181435, 47.30567904674814628, 198.5144543612005350 ) ) ;
#7135 = EDGE_CURVE ( 'NONE', #4249, #3036, #3161, .T. ) ;
#7136 = CARTESIAN_POINT ( 'NONE',  ( -1.767249541151372227E-14, 44.13878361861858224, 181.1826763077941678 ) ) ;
#7137 = CARTESIAN_POINT ( 'NONE',  ( -3.853884407724073480, 35.93415858681370878, 75.74569009069833214 ) ) ;
#7138 = CARTESIAN_POINT ( 'NONE',  ( -1.145115487848116009, 23.11885975406494254, 429.9532895041899678 ) ) ;
#7139 = FACE_OUTER_BOUND ( 'NONE', #5533, .T. ) ;
#7140 = CARTESIAN_POINT ( 'NONE',  ( 3.302423590642567852, 4.628195515106217073, -41.47021073289514703 ) ) ;
#7141 = VERTEX_POINT ( 'NONE', #6484 ) ;
#7142 = CARTESIAN_POINT ( 'NONE',  ( -4.328415359163827247, 35.62638616720672502, 74.22076367225287186 ) ) ;
#7143 = CARTESIAN_POINT ( 'NONE',  ( -20.62407662905724592, 42.79110105320698665, 140.4219543533417607 ) ) ;
#7144 = ORIENTED_EDGE ( 'NONE', *, *, #3594, .F. ) ;
#7145 = AXIS2_PLACEMENT_3D ( 'NONE', #5027, #369, #970 ) ;
#7146 = CARTESIAN_POINT ( 'NONE',  ( 0.3112835716068547698, 40.45649662939888458, 109.1170365782956964 ) ) ;
#7147 = CARTESIAN_POINT ( 'NONE',  ( -27.34388844249145478, 39.34546483230055713, 125.0000000000000853 ) ) ;
#7148 = CARTESIAN_POINT ( 'NONE',  ( 6.001605689066720650, 41.10882361102687099, 127.4537713282171438 ) ) ;
#7149 = CARTESIAN_POINT ( 'NONE',  ( 150.0000000000000000, 9.270087174911674666, 223.2766782676432626 ) ) ;
#7150 = CARTESIAN_POINT ( 'NONE',  ( -1.676507941506811594, 36.02744328790266337, 354.3090623948346547 ) ) ;
#7151 = CARTESIAN_POINT ( 'NONE',  ( -1.560252998321720597, 42.86750363557160881, 145.0685223315379062 ) ) ;
#7152 = CARTESIAN_POINT ( 'NONE',  ( 7.193853010854474483, -10.41107745454391420, 557.8597997808570881 ) ) ;
#7153 = CARTESIAN_POINT ( 'NONE',  ( 8.998078429854579952, 36.76191953673121304, 88.57313033102349209 ) ) ;
#7154 = VERTEX_POINT ( 'NONE', #7044 ) ;
#7155 = CARTESIAN_POINT ( 'NONE',  ( 21.57136166103004271, 44.27006808659630366, 213.8493121092973865 ) ) ;
#7156 = CARTESIAN_POINT ( 'NONE',  ( 7.441932714849658126, 35.46383705085380456, 77.47217679216898034 ) ) ;
#7157 = CARTESIAN_POINT ( 'NONE',  ( -22.81267631048682532, 37.69729057216834889, 130.3956874193301303 ) ) ;
#7158 = EDGE_CURVE ( 'NONE', #782, #3421, #2550, .T. ) ;
#7159 = DIRECTION ( 'NONE',  ( 5.602867245962735462E-30, -1.000000000000000000, -1.644517855226013126E-15 ) ) ;
#7160 = CARTESIAN_POINT ( 'NONE',  ( -5.806892263366116858, 43.64965208932558483, 193.5287558703318496 ) ) ;
#7161 = CARTESIAN_POINT ( 'NONE',  ( 13.31731313304985065, 40.34142002891250200, 313.2908567742186392 ) ) ;
#7162 = VERTEX_POINT ( 'NONE', #7121 ) ;
#7163 = CARTESIAN_POINT ( 'NONE',  ( 32.21854211029072701, 37.48198434257100331, 191.5884202826771912 ) ) ;
#7164 = CARTESIAN_POINT ( 'NONE',  ( -0.1465809799298412597, 32.18202647888931978, 49.70698102256901763 ) ) ;
#7165 = CARTESIAN_POINT ( 'NONE',  ( -63.98600082019655133, 32.47793740598321932, 184.0516963749373076 ) ) ;
#7166 = CARTESIAN_POINT ( 'NONE',  ( -40.93531777347040190, 24.10862360140723126, 81.11023158365782137 ) ) ;
#7167 = CARTESIAN_POINT ( 'NONE',  ( -2.542105011981954377, 47.29510606585264298, 181.6509453270407448 ) ) ;
#7168 = CARTESIAN_POINT ( 'NONE',  ( -149.9999999999997158, -4.914714336245090465, 438.2002728028813863 ) ) ;
#7169 = CARTESIAN_POINT ( 'NONE',  ( 5.551620045011596893, 43.57766651869921049, 205.7838691362627515 ) ) ;
#7170 = CARTESIAN_POINT ( 'NONE',  ( 1.331304062742782568, 10.42035447031314632, 486.5845591189742549 ) ) ;
#7171 = CARTESIAN_POINT ( 'NONE',  ( -1.747350563394686418, 47.42542604696623698, 199.7518474045074868 ) ) ;
#7172 = CARTESIAN_POINT ( 'NONE',  ( -7.053569696294411884, 41.75449789290554037, 148.4838691362627685 ) ) ;
#7173 = CARTESIAN_POINT ( 'NONE',  ( -3.345376087531854115, -19.80729880530915210, -71.09459982090788799 ) ) ;
#7174 = CARTESIAN_POINT ( 'NONE',  ( -20.56156368742612628, 34.68203758920966351, 94.67051332939948338 ) ) ;
#7175 = CARTESIAN_POINT ( 'NONE',  ( 51.14854028299649258, 8.032565948868031214, 369.8610693905080211 ) ) ;
#7176 = DIRECTION ( 'NONE',  ( 0.000000000000000000, -1.000000000000000000, 0.000000000000000000 ) ) ;
#7177 = CARTESIAN_POINT ( 'NONE',  ( 150.0000000000000000, 9.270087174911674666, 223.2766782676432626 ) ) ;
#7178 = VERTEX_POINT ( 'NONE', #1418 ) ;
#7179 = CARTESIAN_POINT ( 'NONE',  ( -9.224584601010789697, 34.97417667509977690, 76.78255012978523553 ) ) ;
#7180 = CARTESIAN_POINT ( 'NONE',  ( 2.546057378257033932, 34.45886955982916078, 42.11624028194231784 ) ) ;
#7181 = ORIENTED_EDGE ( 'NONE', *, *, #3860, .T. ) ;
#7182 = CARTESIAN_POINT ( 'NONE',  ( -0.5527287092157402437, 41.69035256150069557, 121.0536510426157122 ) ) ;
#7183 = CARTESIAN_POINT ( 'NONE',  ( 0.5435609536137723241, 47.52713440472693662, 200.6867358902516685 ) ) ;
#7184 = CARTESIAN_POINT ( 'NONE',  ( 36.90097390464067928, 34.38365089878069369, 157.2004045355736537 ) ) ;
#7185 = CARTESIAN_POINT ( 'NONE',  ( 55.92567994943940590, 5.748511191116895347, 218.7264803032683460 ) ) ;
#7186 = CARTESIAN_POINT ( 'NONE',  ( -42.82036082025610568, 33.85106947388772625, 320.0000000000000568 ) ) ;
#7187 = CARTESIAN_POINT ( 'NONE',  ( -5.228929469252557638, 40.95829725009712519, 122.5404185347226900 ) ) ;
#7188 = CARTESIAN_POINT ( 'NONE',  ( 0.9552145398446717506, -19.79945804760096095, -71.14787201309992781 ) ) ;
#7189 = CARTESIAN_POINT ( 'NONE',  ( 1.311558417450308101, 37.78197342146891202, 85.27127630099666078 ) ) ;
#7190 = ORIENTED_EDGE ( 'NONE', *, *, #580, .T. ) ;
#7191 = CARTESIAN_POINT ( 'NONE',  ( 48.96184446544095437, 33.00089337346151552, 183.6136886649778717 ) ) ;
#7192 = CARTESIAN_POINT ( 'NONE',  ( -0.3683285037706613418, 37.69797562801270630, 83.36298476285452352 ) ) ;
#7193 = CARTESIAN_POINT ( 'NONE',  ( -12.57171926815046525, 38.78659436510924508, 114.1938720407094081 ) ) ;
#7194 = CARTESIAN_POINT ( 'NONE',  ( 0.000000000000000000, 0.000000000000000000, 125.0000000000000000 ) ) ;
#7195 = CARTESIAN_POINT ( 'NONE',  ( -3.050045093430841625, 47.30691962833786590, 198.1845668407433152 ) ) ;
#7196 = CARTESIAN_POINT ( 'NONE',  ( -1.796119689765614869, 44.09135173579886668, 192.1050139545392597 ) ) ;
#7197 = CARTESIAN_POINT ( 'NONE',  ( -0.4709684984625378545, 38.87613762590805067, 332.0055123804244204 ) ) ;
#7198 = B_SPLINE_CURVE_WITH_KNOTS ( 'NONE', 3,
 ( #4167, #3606, #4626, #5790, #6913, #5900, #1773, #4058, #647, #2936 ),
 .UNSPECIFIED., .F., .F.,
 ( 4, 2, 2, 2, 4 ),
 ( 0.06592392417496213686, 0.08560689510163808913, 0.09544838056497606527, 0.1052898660283140553, 0.1446558078816659598 ),
 .UNSPECIFIED. ) ;
#7199 = EDGE_CURVE ( 'NONE', #675, #2007, #1982, .T. ) ;
#7200 = CARTESIAN_POINT ( 'NONE',  ( 6.175993892946454622, 43.26652979347744576, 170.4264045550905848 ) ) ;
#7201 = CARTESIAN_POINT ( 'NONE',  ( 6.779306588837076930, 29.73654255634746235, 43.54057069786440337 ) ) ;
#7202 = B_SPLINE_SURFACE_WITH_KNOTS ( 'NONE', 3, 3, ( 
 ( #4442, #3162, #950, #6653, #390, #5528, #4969, #7249, #6092, #5450 ),
 ( #2114, #1505, #1468, #309, #7173, #6693, #3758, #2755, #6173, #2038 ),
 ( #2155, #4319, #6055, #5045, #907, #5487, #6732, #1547, #3795, #349 ),
 ( #2640, #991, #3275, #5568, #432, #2719, #5008, #6575, #7289, #1587 ),
 ( #3876, #1029, #3314, #5608, #467, #1999, #503, #1730, #2191, #1696 ),
 ( #2893, #5678, #4516, #2857, #604, #4582, #4481, #4549, #2229, #3352 ),
 ( #3980, #1065, #4618, #2296, #1097, #1765, #1661, #6, #538, #5643 ),
 ( #6275, #5185, #42, #2790, #2335, #7363, #6871, #1132, #6905, #6805 ),
 ( #7395, #4049, #3948, #6770, #2261, #5085, #2823, #6210, #6343, #6244 ),
 ( #3452, #6307, #1201, #1626, #3417, #6837, #5712, #570, #5153, #4014 ),
 ( #3386, #5116, #1164, #5747, #3487, #5782, #3914, #637, #2929, #7328 ),
 ( #5814, #1236, #5367, #5257, #1798, #824, #4652, #4119, #2517, #3039 ),
 ( #113, #5853, #1833, #672, #6939, #4084, #3558, #5928, #7010, #2370 ),
 ( #189, #2404, #6974, #4686, #2999, #6377, #6413, #6451, #2963, #7052 ),
 ( #1272, #4195, #709, #5294, #151, #2438, #4726, #1868, #4157, #1309 ),
 ( #3597, #5968, #5891, #746, #1387, #5331, #1909, #4802, #2478, #4764 ),
 ( #6490, #7089, #78, #1348, #3637, #3521, #785, #3075, #227, #1950 ),
 ( #4234, #6530, #3675, #5220, #2593, #5477, #3711, #3749, #1425, #1989 ),
 ( #4274, #3190, #5404, #340, #2632, #2068, #2029, #4311, #6047, #6567 ),
 ( #5442, #6606, #6007, #898, #4920, #265, #1460, #7128, #3152, #7203 ),
 ( #862, #4881, #2556, #301, #4351, #3115, #4840, #7165, #3546, #4105 ),
 ( #1257, #3024, #5316, #3507, #7034, #694, #5800, #658, #1818, #4749 ),
 ( #4637, #2950, #4142, #6399, #5241, #5912, #174, #1892, #4181, #100 ),
 ( #1333, #2462, #4712, #6959, #6363, #4069, #6475, #5838, #3098, #6514 ),
 ( #2390, #2503, #4673, #1221, #5389, #1784, #2986, #7075, #3619, #136 ),
 ( #5279, #2424, #6996, #1855, #6436, #1295, #3060, #3581, #6923, #5876 ),
 ( #731, #770, #5354, #211, #4787, #1933, #4218, #1372, #3659, #5950 ),
 ( #809, #2355, #1446, #4295, #5463, #3734, #2578, #846, #4334, #2012 ),
 ( #4983, #5500, #324, #4861, #885, #6589, #3136, #7111, #1972, #6030 ),
 ( #3174, #2616, #6707, #1519, #4905, #4257, #2654, #7186, #2052, #3809 ),
 ( #4944, #1560, #6631, #6107, #3291, #4415, #1482, #3850, #6551, #7263 ),
 ( #3772, #6069, #922, #2541, #7150, #3212, #363, #1409, #5426, #964 ),
 ( #404, #4823, #7225, #2694, #2090, #4375, #6668, #286, #3252, #5541 ),
 ( #3696, #2128, #6145, #1005, #249, #5991, #6850, #3328, #6744, #2801 ),
 ( #5057, #1708, #3994, #5021, #549, #1041, #3365, #5725, #1675, #3928 ),
 ( #7303, #6223, #5130, #6884, #5096, #7408, #6287, #2204, #583, #4595 ),
 ( #6255, #1110, #1600, #2836, #1078, #3889, #6185, #7341, #2274, #2167 ),
 ( #5622, #7375, #4494, #480, #1144, #3397, #4561, #3430, #2768, #6782 ),
 ( #5689, #516, #1638, #4455, #5656, #2871, #2240, #6320, #2313, #4528 ),
 ( #5165, #6817, #3960, #1178, #19, #1744, #4027, #5582, #444, #2731 ),
 ( #3043, #5370, #1912, #6570, #4198, #750, #6533, #4278, #827, #712 ),
 ( #4844, #1312, #4729, #788, #3118, #5333, #7131, #1993, #3002, #5971 ),
 ( #7013, #5297, #230, #1428, #3714, #6454, #6011, #3600, #5407, #2520 ),
 ( #4767, #192, #268, #2441, #5894, #154, #3640, #1871, #6493, #4160 ),
 ( #2481, #7055, #865, #2559, #3156, #1351, #4805, #3078, #1953, #7092 ),
 ( #4237, #1391, #5931, #3678, #5445, #304, #2597, #4884, #5760, #7168 ),
 ( #2032, #4314, #6609, #3467, #4474, #6648, #6688, #1500, #6765, #901 ),
 ( #5003, #2225, #4354, #5080, #3309, #3232, #1620, #6727, #1060, #6087 ) ),
 .UNSPECIFIED., .F., .F., .F.,
 ( 4, 3, 1, 1, 1, 1, 1, 1, 1, 1, 1, 1, 1, 1, 1, 1, 1, 1, 1, 1, 1, 1, 1, 1, 1, 3, 1, 1, 1, 1, 1, 1, 1, 1, 1, 1, 1, 1, 1, 1, 1, 4 ),
 ( 4, 3, 1, 1, 1, 4 ),
 ( 0.4847573055477913950, 0.4990857812012456374, 0.5032524761466716789, 0.5074191710920973319, 0.5115858660375233180, 0.5157525609829490820, 0.5199192559283750681, 0.5240859508738008321, 0.5324193407646525822, 0.5407527306555042212, 0.5490861205463560824, 0.5574195104372077214, 0.5657529003280594715, 0.5740862902189111105, 0.5824196801097627496, 0.5990864598914662498, 0.6157532396731697499, 0.6324200194548732501, 0.6490867992365765282, 0.6657535790182800284, 0.6824203587999835285, 0.6990871385816868067, 0.7157539183633904178, 0.7324206981450935849, 0.7490874779267970851, 0.7657542577085005853, 0.7934811804762516019, 0.8212081032440026185, 0.8350715646278780158, 0.8489350260117537461, 0.8627984873956292544, 0.8766619487795048737, 0.8905254101633801600, 0.9043888715472557793, 0.9182523329311313987, 0.9321157943150069070, 0.9459792556988821932, 0.9598427170827579236, 0.9737061784666334319, 0.9806379091585710750, 0.9841037745045400076, 0.9875696398505088291 ),
 ( -0.01000000000000000021, 0.000000000000000000, 0.03502224838491098391, 0.09383257832149248523, 0.1938325783214923659, 1.000000000000000000 ),
 .UNSPECIFIED. ) ;
#7203 = CARTESIAN_POINT ( 'NONE',  ( -149.9999999999997442, 16.09349136664861390, 256.0566200932159404 ) ) ;
#7204 = CARTESIAN_POINT ( 'NONE',  ( -0.1442357310800599091, 30.53005841782699292, 41.33793287503479519 ) ) ;
#7205 = LINE ( 'NONE', #3155, #1298 ) ;
#7206 = CARTESIAN_POINT ( 'NONE',  ( 0.5435609536137605557, 47.52713440472695083, 200.6867358902518674 ) ) ;
#7207 = LINE ( 'NONE', #3271, #1231 ) ;
#7208 = CARTESIAN_POINT ( 'NONE',  ( -57.77097111345211289, -2.535394609008782663, 415.1043187994338837 ) ) ;
#7209 = CARTESIAN_POINT ( 'NONE',  ( -2.305880909968461623, 47.37679427264642840, 199.0518132416911499 ) ) ;
#7210 = CARTESIAN_POINT ( 'NONE',  ( -1.716388896374321238, 43.96429307860603330, 181.5897501596404027 ) ) ;
#7211 = CARTESIAN_POINT ( 'NONE',  ( -0.000000000000000000, 47.31194271764591974, 181.1278307396571279 ) ) ;
#7212 = CARTESIAN_POINT ( 'NONE',  ( -0.6164359718287063528, 36.34298807531225606, 74.94444197323282708 ) ) ;
#7213 = CARTESIAN_POINT ( 'NONE',  ( 6.000466035610237725, 31.94043151699632688, 379.5629847736018405 ) ) ;
#7214 = CARTESIAN_POINT ( 'NONE',  ( 0.003283031250334225194, 47.57437183182040030, 200.6869438715833667 ) ) ;
#7215 = CARTESIAN_POINT ( 'NONE',  ( 150.0000000000000568, 14.41729715668834189, 243.9122022442739706 ) ) ;
#7216 = ORIENTED_EDGE ( 'NONE', *, *, #4488, .F. ) ;
#7217 = CARTESIAN_POINT ( 'NONE',  ( -2.004143321893835150, 46.80845448035263701, 181.8580814511870472 ) ) ;
#7218 = CARTESIAN_POINT ( 'NONE',  ( -23.38038312808035002, 37.38833027712956891, 92.04395209074077400 ) ) ;
#7219 = EDGE_LOOP ( 'NONE', ( #6112, #4208, #1197, #203, #5849, #813, #6035, #5682 ) ) ;
#7220 = CARTESIAN_POINT ( 'NONE',  ( 33.55851833793496297, 34.33960350511396342, 135.5945943046601485 ) ) ;
#7221 = PLANE ( 'NONE',  #2486 ) ;
#7222 = CARTESIAN_POINT ( 'NONE',  ( 7.570441669380034710E-14, 44.16555015067614676, 200.1826763077939120 ) ) ;
#7223 = AXIS2_PLACEMENT_3D ( 'NONE', #4665, #5794, #1143 ) ;
#7224 = CARTESIAN_POINT ( 'NONE',  ( -1.849534121738633852, 16.21802295602805799, -18.86953178114389829 ) ) ;
#7225 = CARTESIAN_POINT ( 'NONE',  ( 0.5029842643031070537, 32.03122875688352877, 380.6520867096004395 ) ) ;
#7226 = CARTESIAN_POINT ( 'NONE',  ( -45.03724318004382354, 30.95812548015129195, 169.7774147612757645 ) ) ;
#7227 = CARTESIAN_POINT ( 'NONE',  ( 9.652764452307431853, -8.494098938562002488, 541.5631860185608275 ) ) ;
#7228 = ADVANCED_FACE ( 'NONE', ( #854 ), #2525, .F. ) ;
#7229 = CARTESIAN_POINT ( 'NONE',  ( -0.6234768935128732759, 38.02620400906832288, 85.18357462025552707 ) ) ;
#7230 = VERTEX_POINT ( 'NONE', #3146 ) ;
#7231 = CARTESIAN_POINT ( 'NONE',  ( 46.47846442100943420, 34.56423909696766827, 196.3432225900367882 ) ) ;
#7232 = CARTESIAN_POINT ( 'NONE',  ( -2.007376837317794038, 41.57801410556562161, 124.9999999999999574 ) ) ;
#7233 = CARTESIAN_POINT ( 'NONE',  ( 5.297391678344200550, 35.74846401239507543, 76.35881965636278323 ) ) ;
#7234 = CARTESIAN_POINT ( 'NONE',  ( 0.3779905883217988816, 40.55612814637474628, 108.7213784163051855 ) ) ;
#7235 = CARTESIAN_POINT ( 'NONE',  ( 2.573033837548159112E-14, 44.78050895294799716, 118.4225529447903398 ) ) ;
#7236 = CARTESIAN_POINT ( 'NONE',  ( 0.3600968847676495055, 44.16229036089265492, 180.0834635262856978 ) ) ;
#7237 = CARTESIAN_POINT ( 'NONE',  ( 0.000000000000000000, 38.87860893774676185, 331.9800661568619944 ) ) ;
#7238 = CARTESIAN_POINT ( 'NONE',  ( 6.156336205042498122, 43.60690004289295274, 193.6782593760101747 ) ) ;
#7239 = CARTESIAN_POINT ( 'NONE',  ( 0.3287415914564650321, 30.50782813115720415, 41.33749724959457694 ) ) ;
#7240 = CARTESIAN_POINT ( 'NONE',  ( -2.512478394710995655, -1.256705077567221052, 529.6245464009108446 ) ) ;
#7241 = CARTESIAN_POINT ( 'NONE',  ( 0.000000000000000000, 0.000000000000000000, 200.1826763077941393 ) ) ;
#7242 = CARTESIAN_POINT ( 'NONE',  ( -0.08949490766358340899, 26.63353823054391611, 24.81069365994644471 ) ) ;
#7243 = DIRECTION ( 'NONE',  ( 0.000000000000000000, 0.8142638733795262151, -0.5804949134221342177 ) ) ;
#7244 = CARTESIAN_POINT ( 'NONE',  ( -1.703293155461465203, 43.06210676923354441, 149.4838691362627117 ) ) ;
#7245 = CARTESIAN_POINT ( 'NONE',  ( 2.435829816636079226, 46.76007944683320261, 182.6633979670292263 ) ) ;
#7246 = CARTESIAN_POINT ( 'NONE',  ( -0.000000000000000000, 41.53188773952880553, 86.96520428486437027 ) ) ;
#7247 = CARTESIAN_POINT ( 'NONE',  ( 1.716965473639881168, 44.01291059321755483, 199.7751650275448867 ) ) ;
#7248 = CARTESIAN_POINT ( 'NONE',  ( 0.5043082772428305605, 42.39842907354611157, 133.0327318263078951 ) ) ;
#7249 = CARTESIAN_POINT ( 'NONE',  ( -87.29032237503307101, -21.66930983638621200, 38.08868808560211505 ) ) ;
#7250 = CARTESIAN_POINT ( 'NONE',  ( -7.661289801892302798, 36.65507606365547844, 86.02838857192688238 ) ) ;
#7251 = CARTESIAN_POINT ( 'NONE',  ( 0.000000000000000000, 38.87860893774676185, 331.9800661568619944 ) ) ;
#7252 = CARTESIAN_POINT ( 'NONE',  ( 3.000000000000235811, 46.80943403607544440, 198.1826763077941393 ) ) ;
#7253 = CARTESIAN_POINT ( 'NONE',  ( 79.05674022718464755, 18.70769894339281336, 112.5241708736267157 ) ) ;
#7254 = ORIENTED_EDGE ( 'NONE', *, *, #3931, .T. ) ;
#7255 = EDGE_CURVE ( 'NONE', #5347, #634, #2587, .T. ) ;
#7256 = CARTESIAN_POINT ( 'NONE',  ( 2.500000000000235811, 50.00000000000000000, 198.1826763077941393 ) ) ;
#7257 = CARTESIAN_POINT ( 'NONE',  ( -2.157746065596713780, 47.43923580062173784, 180.7376766213325539 ) ) ;
#7258 = ORIENTED_EDGE ( 'NONE', *, *, #2889, .F. ) ;
#7259 = CARTESIAN_POINT ( 'NONE',  ( 0.000000000000000000, 26.89192133595479817, 23.34162837863043549 ) ) ;
#7260 = FACE_OUTER_BOUND ( 'NONE', #2120, .T. ) ;
#7261 = CARTESIAN_POINT ( 'NONE',  ( 2.146619312884784136, 41.60873970843834968, 125.9284990591287254 ) ) ;
#7262 = CARTESIAN_POINT ( 'NONE',  ( 84.37654678365758798, 7.016731582859186744, 78.37539727634437270 ) ) ;
#7263 = CARTESIAN_POINT ( 'NONE',  ( -149.9999999999999716, 14.23858967693923105, 324.3781664693334506 ) ) ;
#7264 = EDGE_CURVE ( 'NONE', #4231, #1839, #4430, .T. ) ;
#7265 = CARTESIAN_POINT ( 'NONE',  ( 0.6109698804711577447, 41.69742862080178725, 121.0539593813138168 ) ) ;
#7266 = CARTESIAN_POINT ( 'NONE',  ( 2.853196301606920837, -5.731608919956029169, -56.50461328002980821 ) ) ;
#7267 = CARTESIAN_POINT ( 'NONE',  ( 53.28208160318748554, 25.23706465496143991, 158.7138491894289984 ) ) ;
#7268 = ORIENTED_EDGE ( 'NONE', *, *, #7344, .T. ) ;
#7269 = CARTESIAN_POINT ( 'NONE',  ( 48.08040592940250946, 33.65896795766030181, 191.6592162228845382 ) ) ;
#7270 = CARTESIAN_POINT ( 'NONE',  ( -3.050045093430841625, 47.30691962833786590, 198.1845668407433152 ) ) ;
#7271 = CARTESIAN_POINT ( 'NONE',  ( 38.48495143454214684, 29.59115010689238190, 109.8106000080633038 ) ) ;
#7272 = CARTESIAN_POINT ( 'NONE',  ( -14.83987329625604801, 38.41059783870210254, 115.7682732422595819 ) ) ;
#7273 = CARTESIAN_POINT ( 'NONE',  ( 2.500000000000230038, 43.96486807633780103, 193.1825576054492615 ) ) ;
#7274 = CARTESIAN_POINT ( 'NONE',  ( 0.000000000000000000, 45.26229104882621357, 124.9999962631073203 ) ) ;
#7275 = PRODUCT_RELATED_PRODUCT_CATEGORY ( 'part', '', ( #6003 ) ) ;
#7276 = CARTESIAN_POINT ( 'NONE',  ( -34.05740134066099500, 36.70223462613830634, 205.4140439847210189 ) ) ;
#7277 = CARTESIAN_POINT ( 'NONE',  ( 1.649437573462356754, 41.01991156795418902, 312.8522970477960143 ) ) ;
#7278 = CARTESIAN_POINT ( 'NONE',  ( 0.4746358824670766086, 44.22090948628406437, 191.8283798847658375 ) ) ;
#7279 = CARTESIAN_POINT ( 'NONE',  ( 22.34876855111644289, 27.61671308823646243, 54.58247582212668902 ) ) ;
#7280 = CARTESIAN_POINT ( 'NONE',  ( 1.463168471159988160, -9.541087452738985064, 557.6191052689168828 ) ) ;
#7281 = CARTESIAN_POINT ( 'NONE',  ( -5.551620045011602222, 41.75449789290544800, 205.7838691362627799 ) ) ;
#7282 = CARTESIAN_POINT ( 'NONE',  ( 0.3454854345101723845, 28.76292555986460897, 33.04797389372526339 ) ) ;
#7283 = FACE_OUTER_BOUND ( 'NONE', #130, .T. ) ;
#7284 = CARTESIAN_POINT ( 'NONE',  ( 1.016454299012541584, 46.97240488683709714, 200.1192129562957973 ) ) ;
#7285 = CARTESIAN_POINT ( 'NONE',  ( 0.8521422396619534601, 43.16957705470584727, 149.4838691362626264 ) ) ;
#7286 = CARTESIAN_POINT ( 'NONE',  ( -44.37730644459668383, 35.65580000826354024, 200.2411673123577316 ) ) ;
#7287 = CARTESIAN_POINT ( 'NONE',  ( 2.500000000000235811, 43.94496353703594593, 198.1826763077941393 ) ) ;
#7288 = CARTESIAN_POINT ( 'NONE',  ( -0.5988236040390615411, 42.52977204853716842, 132.9770262829131013 ) ) ;
#7289 = CARTESIAN_POINT ( 'NONE',  ( -56.45112250455159142, -6.087123366960760507, 202.2480236927935380 ) ) ;
#7290 = CARTESIAN_POINT ( 'NONE',  ( 0.2184021519857237970, 35.21638356330510078, 66.48647826210776657 ) ) ;
#7291 = CARTESIAN_POINT ( 'NONE',  ( 6.244008511223442248, 25.66205074593666069, 414.3400517412663362 ) ) ;
#7292 = DIRECTION ( 'NONE',  ( -5.602867245962735462E-30, -1.000000000000000000, -1.644517855226013126E-15 ) ) ;
#7293 = CARTESIAN_POINT ( 'NONE',  ( 83.26671075213897666, 10.37568051067605523, 86.68462678675325606 ) ) ;
#7294 = VERTEX_POINT ( 'NONE', #3743 ) ;
#7295 = DIRECTION ( 'NONE',  ( 0.000000000000000000, -1.000000000000000000, 0.000000000000000000 ) ) ;
#7296 = CARTESIAN_POINT ( 'NONE',  ( 0.6583047484764391610, 47.13654566807250035, 155.6928415244869939 ) ) ;
#7297 = ORIENTED_EDGE ( 'NONE', *, *, #4145, .F. ) ;
#7298 = CARTESIAN_POINT ( 'NONE',  ( 30.09588572903243175, 38.14671236415006206, 211.9186416243905171 ) ) ;
#7299 = CIRCLE ( 'NONE', #2151, 0.4999999999999971134 ) ;
#7300 = EDGE_CURVE ( 'NONE', #4419, #1642, #3510, .T. ) ;
#7301 = CARTESIAN_POINT ( 'NONE',  ( 0.8453417616527700851, 41.76912551835537357, 125.6751873574578582 ) ) ;
#7302 = CARTESIAN_POINT ( 'NONE',  ( -0.8834387404823768053, 28.31537238341890372, 17.13475425666132068 ) ) ;
#7303 = CARTESIAN_POINT ( 'NONE',  ( 1.717673231772173903, 23.13963299835682719, 429.9848877918320227 ) ) ;
#7304 = CARTESIAN_POINT ( 'NONE',  ( 0.1543019236424886254, 41.64189984752878360, 121.0546356497401348 ) ) ;
#7305 = CARTESIAN_POINT ( 'NONE',  ( -87.03917095743797461, -14.78840956284643582, 45.13835781979638995 ) ) ;
#7306 = CARTESIAN_POINT ( 'NONE',  ( 7.844437492047793725, 38.33652514032223024, 99.92350569520202441 ) ) ;
#7307 = ORIENTED_EDGE ( 'NONE', *, *, #6625, .T. ) ;
#7308 = CARTESIAN_POINT ( 'NONE',  ( 46.06603215287495345, 34.78493136155405807, 197.2354282523057520 ) ) ;
#7309 = LINE ( 'NONE', #5660, #668 ) ;
#7310 = CARTESIAN_POINT ( 'NONE',  ( -0.3901700935477488974, 37.70072644747384771, 83.36397289057035209 ) ) ;
#7311 = CARTESIAN_POINT ( 'NONE',  ( -2.908181709487733801, 40.14309379688627644, 109.2519546195028965 ) ) ;
#7312 = CARTESIAN_POINT ( 'NONE',  ( -27.34388844249145478, 39.34546483230055713, 125.0000000000000853 ) ) ;
#7313 =( LENGTH_UNIT ( ) NAMED_UNIT ( * ) SI_UNIT ( .MILLI., .METRE. ) );
#7314 = CARTESIAN_POINT ( 'NONE',  ( -36.70166181837458197, 35.48591577308989287, 209.5300432256124736 ) ) ;
#7315 = CARTESIAN_POINT ( 'NONE',  ( 41.93462905618955716, 26.32851893096475138, 364.7381377576680279 ) ) ;
#7316 = ADVANCED_FACE ( 'NONE', ( #6717 ), #2705, .T. ) ;
#7317 = CARTESIAN_POINT ( 'NONE',  ( 3.287005210221371598, 43.93735152269027111, 192.5406854994348009 ) ) ;
#7318 = B_SPLINE_CURVE_WITH_KNOTS ( 'NONE', 3,
 ( #667, #4544, #2959, #2291 ),
 .UNSPECIFIED., .F., .F.,
 ( 4, 4 ),
 ( 0.000000000000000000, 0.01500008033642356159 ),
 .UNSPECIFIED. ) ;
#7319 = CARTESIAN_POINT ( 'NONE',  ( 1.823365315860512981, 30.32984178587681257, 41.51803526948214795 ) ) ;
#7320 = CARTESIAN_POINT ( 'NONE',  ( 0.000000000000000000, -9.999999999999710454, 558.9422371214541272 ) ) ;
#7321 = CARTESIAN_POINT ( 'NONE',  ( 37.27367729707319199, 25.92190704364217169, 60.02272425193354621 ) ) ;
#7322 = CARTESIAN_POINT ( 'NONE',  ( -35.17471693010209322, 23.76099389011590546, 62.14366201845589899 ) ) ;
#7323 = CARTESIAN_POINT ( 'NONE',  ( 0.6317988091851325372, 47.01464365211762697, 200.1826763077942246 ) ) ;
#7324 = FACE_OUTER_BOUND ( 'NONE', #5833, .T. ) ;
#7325 = CARTESIAN_POINT ( 'NONE',  ( -46.06603215287495345, 34.78493136155405807, 197.2354282523057520 ) ) ;
#7326 = CARTESIAN_POINT ( 'NONE',  ( -9.053569696294415436, 41.75449789290554037, 148.4838691362627685 ) ) ;
#7327 = CARTESIAN_POINT ( 'NONE',  ( 28.84503589900965892, 36.65925915425816584, 140.5648819848763935 ) ) ;
#7328 = CARTESIAN_POINT ( 'NONE',  ( -150.0000000000000853, 8.243839277673602695, 220.6305941379857245 ) ) ;
#7329 = CARTESIAN_POINT ( 'NONE',  ( -29.36858937748114329, 30.66186370303656261, 87.50209084501040024 ) ) ;
#7330 = CARTESIAN_POINT ( 'NONE',  ( 36.39338372330776394, -3.366029079672264057, 468.1666420047091037 ) ) ;
#7331 = CARTESIAN_POINT ( 'NONE',  ( 0.3062747359355472154, 44.22301335931155819, 203.2528453334605274 ) ) ;
#7332 = CARTESIAN_POINT ( 'NONE',  ( 27.28012801745004268, 17.82243023528065962, 9.515898732818438788 ) ) ;
#7333 = EDGE_LOOP ( 'NONE', ( #6989, #4898, #1287, #2862, #5311, #3490 ) ) ;
#7334 = FACE_OUTER_BOUND ( 'NONE', #3170, .T. ) ;
#7335 = CARTESIAN_POINT ( 'NONE',  ( -15.55331741631335696, 45.35218854345084338, 234.3705618064915370 ) ) ;
#7336 = ORIENTED_EDGE ( 'NONE', *, *, #5321, .T. ) ;
#7337 = FACE_OUTER_BOUND ( 'NONE', #6063, .T. ) ;
#7338 = COLOUR_RGB ( '',0.7921568627450980005, 0.8196078431372548767, 0.9333333333333333481 ) ;
#7339 = CARTESIAN_POINT ( 'NONE',  ( 31.39017731313624537, 34.38127521758902816, 125.0000000000000853 ) ) ;
#7340 = CARTESIAN_POINT ( 'NONE',  ( 53.35623814217884586, 16.83228722618856921, 246.4189050667629601 ) ) ;
#7341 = CARTESIAN_POINT ( 'NONE',  ( -39.35302601131734690, 13.53690614029605221, 413.1562519541586767 ) ) ;
#7342 = CARTESIAN_POINT ( 'NONE',  ( -46.33786564729949475, 30.65373864644634949, 184.5938764444355797 ) ) ;
#7343 = CARTESIAN_POINT ( 'NONE',  ( -56.42444719532452524, -4.100048717234659357, 204.2233583779163268 ) ) ;
#7344 = EDGE_CURVE ( 'NONE', #1768, #5439, #1681, .T. ) ;
#7345 = ORIENTED_EDGE ( 'NONE', *, *, #1153, .F. ) ;
#7346 = CARTESIAN_POINT ( 'NONE',  ( 47.53756223969104866, 33.97800499656828777, 193.5804604051711237 ) ) ;
#7347 = CARTESIAN_POINT ( 'NONE',  ( -4.709263557864286298, 42.51094591957342317, 146.4838691362627685 ) ) ;
#7348 = CARTESIAN_POINT ( 'NONE',  ( 6.494694985446114011, 37.86496901678258098, 93.87413432883160169 ) ) ;
#7349 = CARTESIAN_POINT ( 'NONE',  ( -2.232732525420186853, 40.22932441073666610, 109.0485994624042263 ) ) ;
#7350 = DIRECTION ( 'NONE',  ( -3.289992799266357317E-15, -1.674905425081054541E-15, 1.000000000000000000 ) ) ;
#7351 = CARTESIAN_POINT ( 'NONE',  ( 0.7445346004526385286, 26.55884090297383437, 24.83102338424257027 ) ) ;
#7352 = CARTESIAN_POINT ( 'NONE',  ( -0.08266006844946979792, 44.11837484856532399, 180.1248838793756590 ) ) ;
#7353 = CARTESIAN_POINT ( 'NONE',  ( 2.088373853475112618, 20.02118164067743322, 444.1606853142330920 ) ) ;
#7354 = CARTESIAN_POINT ( 'NONE',  ( 1.421052107858177260, 44.12916613348622263, 192.0093768921275057 ) ) ;
#7355 = CARTESIAN_POINT ( 'NONE',  ( 3.983848389505033172, 33.28811248432583625, 58.92404724291880314 ) ) ;
#7356 = CARTESIAN_POINT ( 'NONE',  ( -35.66697731966415574, -11.64039430091011873, 495.5372216640326997 ) ) ;
#7357 = DIRECTION ( 'NONE',  ( 0.000000000000000000, 0.000000000000000000, -1.000000000000000000 ) ) ;
#7358 = CARTESIAN_POINT ( 'NONE',  ( -8.412169895205583003, 27.73607836333479426, 36.18474042007153457 ) ) ;
#7359 = CARTESIAN_POINT ( 'NONE',  ( 0.7086349762998919166, 47.51269798594295679, 200.6866724889203795 ) ) ;
#7360 = CARTESIAN_POINT ( 'NONE',  ( -46.47846442100943420, 34.56423909696766827, 196.3432225900367882 ) ) ;
#7361 = CARTESIAN_POINT ( 'NONE',  ( -42.01383092894142379, 24.61266540503410738, 87.71213481030548564 ) ) ;
#7362 = CARTESIAN_POINT ( 'NONE',  ( 24.40241593186178193, 37.74431761127918605, 135.5220618368915950 ) ) ;
#7363 = CARTESIAN_POINT ( 'NONE',  ( -12.42468602756070162, 0.8701743984461717263, -41.28002289990918428 ) ) ;
#7364 = CARTESIAN_POINT ( 'NONE',  ( -43.64211161700513486, 28.07473286542069246, 120.4270207040150069 ) ) ;
#7365 = CARTESIAN_POINT ( 'NONE',  ( -1.996956094114173741, 10.46350476607578983, 486.5475114404366082 ) ) ;
#7366 = CARTESIAN_POINT ( 'NONE',  ( 26.84291305568621766, 21.64135502705829950, 20.87972938593452810 ) ) ;
#7367 = ORIENTED_EDGE ( 'NONE', *, *, #4546, .F. ) ;
#7368 = LINE ( 'NONE', #6216, #5084 ) ;
#7369 = EDGE_CURVE ( 'NONE', #782, #3295, #745, .T. ) ;
#7370 = CARTESIAN_POINT ( 'NONE',  ( -49.29743671353512013, 37.20513467868398294, 254.3835889086999487 ) ) ;
#7371 = EDGE_LOOP ( 'NONE', ( #3921, #298, #1034, #1045 ) ) ;
#7372 = CARTESIAN_POINT ( 'NONE',  ( 2.306220131077626245, 47.32933372692494345, 182.3142124016619050 ) ) ;
#7373 = DIRECTION ( 'NONE',  ( 5.602867245962735462E-30, -1.000000000000000000, -1.644517855226013126E-15 ) ) ;
#7374 = CARTESIAN_POINT ( 'NONE',  ( 63.98600082019655133, 32.47793740598321932, 184.0516963749373076 ) ) ;
#7375 = CARTESIAN_POINT ( 'NONE',  ( 1.240397304842907111, 17.08031719385537528, 458.4040238591230150 ) ) ;
#7376 = CARTESIAN_POINT ( 'NONE',  ( -8.757738283682989788, 38.20843300722264502, 100.4163813508397283 ) ) ;
#7377 = CARTESIAN_POINT ( 'NONE',  ( -0.000000000000000000, -10.00000000000000000, -61.05776287854492068 ) ) ;
#7378 = CARTESIAN_POINT ( 'NONE',  ( 48.40573461191612381, 33.03532151007922124, 164.0558070632112049 ) ) ;
#7379 = CARTESIAN_POINT ( 'NONE',  ( 20.56156368742612628, 34.68203758920966351, 94.67051332939948338 ) ) ;
#7380 = CARTESIAN_POINT ( 'NONE',  ( 3.335770872489703276, -10.08423850523609744, -61.08048033209797012 ) ) ;
#7381 = DIRECTION ( 'NONE',  ( -0.08712477894369598241, 0.9961974065886802787, 0.000000000000000000 ) ) ;
#7382 = CARTESIAN_POINT ( 'NONE',  ( 8.896163579997374171, 25.63798774238146549, 28.29666815501526500 ) ) ;
#7383 = CARTESIAN_POINT ( 'NONE',  ( 0.4874285065585132748, 44.03873508774231738, 168.4319856951182430 ) ) ;
#7384 = CARTESIAN_POINT ( 'NONE',  ( 0.000000000000000000, 20.11671744806442774, 444.2109482500774220 ) ) ;
#7385 = CARTESIAN_POINT ( 'NONE',  ( 0.3111528289034284911, 43.92731546629945427, 214.7032244252964972 ) ) ;
#7387 = EDGE_CURVE ( 'NONE', #4448, #7154, #374, .T. ) ;
#7386 = CARTESIAN_POINT ( 'NONE',  ( 30.31630165091664253, 27.72869473800225393, 72.11274735440967731 ) ) ;
#7388 = CARTESIAN_POINT ( 'NONE',  ( -2.562910308763635570, -10.10991166068970415, 559.0556826788819080 ) ) ;
#7389 = CARTESIAN_POINT ( 'NONE',  ( -4.157209346687038121, 28.24065042193827679, 33.94949425327926917 ) ) ;
#7390 = CARTESIAN_POINT ( 'NONE',  ( -9.053569696294418989, 41.89642500607784825, 148.4838691362627685 ) ) ;
#7391 = CARTESIAN_POINT ( 'NONE',  ( -48.86575397973872015, 33.15937384862188253, 187.6833371199762723 ) ) ;
#7392 = CARTESIAN_POINT ( 'NONE',  ( -39.63749387989575013, 22.54875733015133932, 69.18754356468517130 ) ) ;
#7393 = CARTESIAN_POINT ( 'NONE',  ( -0.1541782944517879894, 42.47708244700592672, 132.9842823120810067 ) ) ;
#7394 = VECTOR ( 'NONE', #1557, 1000.000000000000227 ) ;
#7395 = CARTESIAN_POINT ( 'NONE',  ( 2.828850581790790741, 5.001803398302538284, -41.24894196002799873 ) ) ;
#7396 = CARTESIAN_POINT ( 'NONE',  ( 0.08406943609859798827, 35.19955760578859838, 66.48239991866395826 ) ) ;
#7397 = CARTESIAN_POINT ( 'NONE',  ( -1.331304062742782568, 10.42035447031314632, 486.5845591189742549 ) ) ;
#7398 = CARTESIAN_POINT ( 'NONE',  ( 49.32634856228757059, 20.28886164836126582, 276.4091044601491944 ) ) ;
#7399 = ORIENTED_EDGE ( 'NONE', *, *, #5965, .T. ) ;
#7400 = CARTESIAN_POINT ( 'NONE',  ( -2.975650076108931508, 47.25692120190991830, 182.5283116016892393 ) ) ;
#7401 = CARTESIAN_POINT ( 'NONE',  ( -7.846345050770216822, 46.81194873575534388, 182.9037947448233012 ) ) ;
#7402 = VERTEX_POINT ( 'NONE', #7274 ) ;
#7403 = CARTESIAN_POINT ( 'NONE',  ( 1.820552208106339442, 46.83091093547704276, 181.6749824548061554 ) ) ;
#7404 = B_SPLINE_CURVE_WITH_KNOTS ( 'NONE', 3,
 ( #2839, #3401, #1712, #60, #6920, #1781 ),
 .UNSPECIFIED., .F., .F.,
 ( 4, 2, 4 ),
 ( 2.775557561562891043E-17, 0.02937069614456969818, 0.05874139228913936861 ),
 .UNSPECIFIED. ) ;
#7405 = CARTESIAN_POINT ( 'NONE',  ( 5.551620045011602222, 41.75449789290553326, 153.4838691362627401 ) ) ;
#7406 = CARTESIAN_POINT ( 'NONE',  ( 0.000000000000000000, 43.71089409265118064, 105.2394046492437667 ) ) ;
#7407 = CARTESIAN_POINT ( 'NONE',  ( 12.54926442142181209, -19.83559714904187743, -65.17547834017919683 ) ) ;
#7408 = CARTESIAN_POINT ( 'NONE',  ( -6.363334136993229251, 22.76016894090687614, 428.8992649007137175 ) ) ;
#7409 = CARTESIAN_POINT ( 'NONE',  ( -52.19704378385072374, 26.46724945391918382, 166.7063578777472799 ) ) ;
#7410 = CARTESIAN_POINT ( 'NONE',  ( -28.34182685986741390, -0.004202851225297739302, -27.54135597287860193 ) ) ;
#7411 = CARTESIAN_POINT ( 'NONE',  ( -0.5000000000002202682, 47.02905211924537809, 200.1826763077941393 ) ) ;
#7412 = CARTESIAN_POINT ( 'NONE',  ( -0.2440060124780265016, 38.73703699439275994, 91.81533882492391285 ) ) ;
#7413 = DIRECTION ( 'NONE',  ( -5.602867245962735462E-30, 1.000000000000000000, 1.644517855226013126E-15 ) ) ;
#7414 = CARTESIAN_POINT ( 'NONE',  ( -0.2534111984049330357, 28.75192949045874968, 33.04123250813585599 ) ) ;
#7415 = CARTESIAN_POINT ( 'NONE',  ( -3.575444171262836424, 43.22637100352395123, 157.5360909435638348 ) ) ;
#7416 = CARTESIAN_POINT ( 'NONE',  ( 12.86356880811151981, 31.41958604971774349, 377.2397787413708556 ) ) ;
#7417 = CARTESIAN_POINT ( 'NONE',  ( 42.30712958394587986, 32.22739020058806858, 237.8534248216820970 ) ) ;
#7418 = CARTESIAN_POINT ( 'NONE',  ( 40.34866324484660538, 25.59245842095905843, 88.25612989062830138 ) ) ;
#7419 = CARTESIAN_POINT ( 'NONE',  ( 0.04898561013615947146, 41.87764912105267712, 125.5968042504334790 ) ) ;
#7420 = CARTESIAN_POINT ( 'NONE',  ( 36.78584314008726608, 35.79165844194601931, 125.0000000000001421 ) ) ;
#7421 = CARTESIAN_POINT ( 'NONE',  ( 2.004187395704750241, 43.93599791023272871, 181.8581253599094509 ) ) ;
#7422 =( BOUNDED_SURFACE ( )  B_SPLINE_SURFACE ( 3, 2, ( 
 ( #401, #2652, #1002 ),
 ( #1480, #2692, #4859 ),
 ( #6067, #920, #3807 ),
 ( #2088, #2729, #3134 ) ),
 .UNSPECIFIED., .F., .F., .F. ) 
 B_SPLINE_SURFACE_WITH_KNOTS ( ( 4, 4 ),
 ( 3, 3 ),
 ( 3.469446951953614189E-18, 0.01500008745376049148 ),
 ( 0.000000000000000000, 1.000000000000000000 ),
 .UNSPECIFIED. ) 
 GEOMETRIC_REPRESENTATION_ITEM ( )  RATIONAL_B_SPLINE_SURFACE ( (
 ( 1.000000000000000000, 0.6707867817491685036, 1.000000000000000000),
 ( 1.000000000000000000, 0.6693205061677726109, 1.000000000000000000),
 ( 1.000000000000000000, 0.6678963780114722804, 1.000000000000000000),
 ( 1.000000000000000000, 0.6665281237600868547, 1.000000000000000000) ) ) 
 REPRESENTATION_ITEM ( '' )  SURFACE ( )  );
#7423 = CARTESIAN_POINT ( 'NONE',  ( 2.982995260511860369, 47.31101575459422293, 198.8443820549530585 ) ) ;
ENDSEC;
END-ISO-10303-21;
