ISO-10303-21;
HEADER;
FILE_DESCRIPTION (( 'STEP AP214' ),
    '1' );
FILE_NAME ('RUDDER R.STEP',
    '2024-01-23T14:17:58',
    ( '' ),
    ( '' ),
    'SwSTEP 2.0',
    'SolidWorks 2023',
    '' );
FILE_SCHEMA (( 'AUTOMOTIVE_DESIGN' ));
ENDSEC;

DATA;
#1 = CARTESIAN_POINT ( 'NONE',  ( 139.6317860957772155, 82.78258562552122157, 858.8324735322738661 ) ) ;
#2 = CARTESIAN_POINT ( 'NONE',  ( 105.7364360984014695, 53.79330345521977108, 876.4310438312139695 ) ) ;
#3 = CARTESIAN_POINT ( 'NONE',  ( 3.380398359956734655, -24.82771113804330199, 785.8764603994653726 ) ) ;
#4 = CARTESIAN_POINT ( 'NONE',  ( 28.70155961905217978, -0.1469804209899712999, 873.9275205733745224 ) ) ;
#5 = CARTESIAN_POINT ( 'NONE',  ( 146.7104692533926595, 82.78773449180665978, 885.4436032277643562 ) ) ;
#6 = CARTESIAN_POINT ( 'NONE',  ( 205.3989225733545538, 121.6138579310055690, 898.8866251306857293 ) ) ;
#7 = ADVANCED_FACE ( 'NONE', ( #1786 ), #1374, .F. ) ;
#8 = CARTESIAN_POINT ( 'NONE',  ( 211.1455687921132380, 131.7490417003218397, 865.2803076157014175 ) ) ;
#9 = CARTESIAN_POINT ( 'NONE',  ( 44.82583825056373428, 11.14336096341695992, 877.4681179858077940 ) ) ;
#10 = CARTESIAN_POINT ( 'NONE',  ( 72.41958872080320475, 27.67282904818645406, 786.9630249103830693 ) ) ;
#11 = VERTEX_POINT ( 'NONE', #1832 ) ;
#12 = CARTESIAN_POINT ( 'NONE',  ( 23.64215804750232763, -4.055641881809739502, 898.3508884458437933 ) ) ;
#13 = CARTESIAN_POINT ( 'NONE',  ( 141.0829054546756822, 80.71017240556572858, 818.0037412710202034 ) ) ;
#14 = CARTESIAN_POINT ( 'NONE',  ( 25.17243345737075799, -6.241454019373871454, 860.8439622018717046 ) ) ;
#15 = CARTESIAN_POINT ( 'NONE',  ( 179.8114920029530026, 105.9973295585234609, 892.7152861548847795 ) ) ;
#16 = ORIENTED_EDGE ( 'NONE', *, *, #1804, .F. ) ;
#17 = FACE_OUTER_BOUND ( 'NONE', #1460, .T. ) ;
#18 = VERTEX_POINT ( 'NONE', #1840 ) ;
#19 = CARTESIAN_POINT ( 'NONE',  ( 68.49588141539814501, 33.27646381544003162, 850.2165654198287257 ) ) ;
#20 = LINE ( 'NONE', #1612, #1465 ) ;
#21 = CARTESIAN_POINT ( 'NONE',  ( 213.1667062286732346, 128.8625582989466238, 849.5985206030031804 ) ) ;
#22 = EDGE_LOOP ( 'NONE', ( #1320, #1336, #1639, #1025, #1186, #1627, #761, #327, #489, #764, #1482, #1475, #1792, #782, #343, #494, #1029 ) ) ;
#23 = CARTESIAN_POINT ( 'NONE',  ( 103.6794552555807485, 52.35310701650221432, 890.3912985411895988 ) ) ;
#24 = CARTESIAN_POINT ( 'NONE',  ( 69.69760219206555973, 31.56022868358195055, 786.1555536891546581 ) ) ;
#25 = CARTESIAN_POINT ( 'NONE',  ( 98.30393202112466611, 45.18425907287829091, 877.8262141948480348 ) ) ;
#26 = CARTESIAN_POINT ( 'NONE',  ( 203.7691437649015711, 123.9414256687620792, 898.3246278629891322 ) ) ;
#27 = CARTESIAN_POINT ( 'NONE',  ( 144.3755318791203308, 81.13164088704840538, 884.9287113644603551 ) ) ;
#28 = VERTEX_POINT ( 'NONE', #1524 ) ;
#29 = CARTESIAN_POINT ( 'NONE',  ( 214.6553182362663108, 126.7366000274902404, 860.8322380219073011 ) ) ;
#30 = ORIENTED_EDGE ( 'NONE', *, *, #1547, .F. ) ;
#31 = CARTESIAN_POINT ( 'NONE',  ( 68.85726314690127481, 32.76035721592074879, 862.2838302976778095 ) ) ;
#32 = CARTESIAN_POINT ( 'NONE',  ( 213.5528611344567764, 128.3110719399587651, 923.5905908678754486 ) ) ;
#33 = CARTESIAN_POINT ( 'NONE',  ( 71.82613253791342345, 28.52037231286880115, 784.1337244893342131 ) ) ;
#34 = VERTEX_POINT ( 'NONE', #372 ) ;
#35 = CARTESIAN_POINT ( 'NONE',  ( 73.68132358159940054, 25.87088492170297371, 842.1676176908057414 ) ) ;
#36 = CARTESIAN_POINT ( 'NONE',  ( 178.6573508921092923, 104.8531944539943623, 906.8550765090045616 ) ) ;
#37 = CARTESIAN_POINT ( 'NONE',  ( 69.90733859570856623, 31.26069405677795032, 785.0390244078099613 ) ) ;
#38 = CARTESIAN_POINT ( 'NONE',  ( 180.9721356477615188, 103.5248290007583449, 895.3729575824734184 ) ) ;
#39 = B_SPLINE_CURVE_WITH_KNOTS ( 'NONE', 3,
 ( #1515, #796, #373, #106 ),
 .UNSPECIFIED., .F., .F.,
 ( 4, 4 ),
 ( 2.512431069105526136E-06, 0.0001715173949783027141 ),
 .UNSPECIFIED. ) ;
#40 = ORIENTED_EDGE ( 'NONE', *, *, #683, .F. ) ;
#41 = CARTESIAN_POINT ( 'NONE',  ( 24.77727039574591572, -5.677061693430096589, 859.5843206207570120 ) ) ;
#42 = CARTESIAN_POINT ( 'NONE',  ( 211.4866998855748932, 131.2610892422273139, 899.9887976087579773 ) ) ;
#43 = ORIENTED_EDGE ( 'NONE', *, *, #670, .T. ) ;
#44 = CARTESIAN_POINT ( 'NONE',  ( 143.4963988068394940, 77.26334668538775929, 822.0533338693744554 ) ) ;
#45 = ORIENTED_EDGE ( 'NONE', *, *, #596, .F. ) ;
#46 = CARTESIAN_POINT ( 'NONE',  ( 69.76996189972638263, 31.45688831131765539, 886.3986710218790677 ) ) ;
#47 = CARTESIAN_POINT ( 'NONE',  ( 178.5426358013051242, 105.0170250004136676, 906.8550751784657677 ) ) ;
#48 = ORIENTED_EDGE ( 'NONE', *, *, #1224, .F. ) ;
#49 = CARTESIAN_POINT ( 'NONE',  ( 70.71123809614151412, 30.11260658761354847, 782.9757322507874733 ) ) ;
#50 = CARTESIAN_POINT ( 'NONE',  ( 143.7632885323727692, 76.88218865584690320, 882.2666725341541678 ) ) ;
#51 = CARTESIAN_POINT ( 'NONE',  ( -2.237035931483670304, -16.80518355171761513, 758.9183168595864117 ) ) ;
#52 = CARTESIAN_POINT ( 'NONE',  ( 20.48668630056182494, -10.04330170236344166, 857.2682697985338791 ) ) ;
#53 = CARTESIAN_POINT ( 'NONE',  ( 203.6862657133004575, 124.0598672195100534, 898.3970227155616612 ) ) ;
#54 = CARTESIAN_POINT ( 'NONE',  ( 128.1166788186388885, 73.18054114149009592, 884.8064782864746576 ) ) ;
#55 = ORIENTED_EDGE ( 'NONE', *, *, #1466, .T. ) ;
#56 = CARTESIAN_POINT ( 'NONE',  ( 73.91793423491800752, 25.53296988879214524, 818.0053656269453768 ) ) ;
#57 = VERTEX_POINT ( 'NONE', #1401 ) ;
#58 = CARTESIAN_POINT ( 'NONE',  ( -3.035216232013874915, -15.66526394649468301, 823.5053166903571764 ) ) ;
#59 = DIRECTION ( 'NONE',  ( -0.5735754540206775554, 0.8191527320962284087, -6.652693941985979172E-06 ) ) ;
#60 = ORIENTED_EDGE ( 'NONE', *, *, #860, .F. ) ;
#61 = CARTESIAN_POINT ( 'NONE',  ( 211.8505079137361804, 130.7422842988999605, 853.5447280509519032 ) ) ;
#62 = CARTESIAN_POINT ( 'NONE',  ( 144.2871969055263719, 76.13396995701242531, 862.1821477921481574 ) ) ;
#63 = CARTESIAN_POINT ( 'NONE',  ( -1.834431867618462109, -17.38016174303299266, 755.4607392153026240 ) ) ;
#64 = CARTESIAN_POINT ( 'NONE',  ( 179.8979370486672735, 105.8738831764335515, 892.7152882152442999 ) ) ;
#65 = CARTESIAN_POINT ( 'NONE',  ( 25.26257641517659280, -6.370140718255126622, 862.0559514763199331 ) ) ;
#66 = ADVANCED_FACE ( 'NONE', ( #945 ), #237, .F. ) ;
#67 = CARTESIAN_POINT ( 'NONE',  ( 25.25925653749384381, -6.365398716648948962, 862.1433884970182362 ) ) ;
#68 = CARTESIAN_POINT ( 'NONE',  ( 72.80827433586907205, 27.11772846178072527, 789.9065715302255057 ) ) ;
#69 = EDGE_CURVE ( 'NONE', #618, #313, #816, .T. ) ;
#70 = CARTESIAN_POINT ( 'NONE',  ( 105.6237260161139773, 53.95850965000967392, 876.4175247661976300 ) ) ;
#71 = ORIENTED_EDGE ( 'NONE', *, *, #1589, .F. ) ;
#72 = CARTESIAN_POINT ( 'NONE',  ( 68.90658782965617490, 32.68991426856143079, 792.8900435579063242 ) ) ;
#73 = CARTESIAN_POINT ( 'NONE',  ( 214.3070242498400262, 127.2340153899654780, 904.9188924148318165 ) ) ;
#74 = AXIS2_PLACEMENT_3D ( 'NONE', #1022, #1740, #1310 ) ;
#75 = CARTESIAN_POINT ( 'NONE',  ( 177.9714809423605288, 107.8101980967520603, 895.3729555317381710 ) ) ;
#76 = CARTESIAN_POINT ( 'NONE',  ( 214.7641152361041463, 126.5812218090324990, 888.8948703405189917 ) ) ;
#77 = CARTESIAN_POINT ( 'NONE',  ( 15.67396471204755493, -13.13371329365790352, 860.0333601620757236 ) ) ;
#78 = CARTESIAN_POINT ( 'NONE',  ( 106.3533837149609980, 54.22529482289047564, 876.5662964539947097 ) ) ;
#79 = CARTESIAN_POINT ( 'NONE',  ( 46.76915825711243713, 12.74827359670201687, 863.5002366454342564 ) ) ;
#80 = CARTESIAN_POINT ( 'NONE',  ( 23.79895935763808268, -4.279602465890051555, 895.3367447751580812 ) ) ;
#81 = EDGE_CURVE ( 'NONE', #454, #298, #227, .T. ) ;
#82 = CARTESIAN_POINT ( 'NONE',  ( 2.691914781972478465, -23.84445468847033567, 764.7453133240696843 ) ) ;
#83 = CARTESIAN_POINT ( 'NONE',  ( 180.4866923886000336, 106.6223058400038184, 892.8826651518231756 ) ) ;
#84 = EDGE_CURVE ( 'NONE', #313, #597, #1392, .T. ) ;
#85 = CARTESIAN_POINT ( 'NONE',  ( 140.7997180499674243, 81.11460593313388756, 819.6044445099389577 ) ) ;
#86 = PRESENTATION_STYLE_ASSIGNMENT (( #526 ) ) ;
#87 = CARTESIAN_POINT ( 'NONE',  ( 72.54706930949180332, 27.49076789955229927, 878.3634469268342855 ) ) ;
#88 = CARTESIAN_POINT ( 'NONE',  ( 205.1797298572155910, 121.9270429082433793, 916.7240060278007832 ) ) ;
#89 = PLANE ( 'NONE',  #1555 ) ;
#90 = DIRECTION ( 'NONE',  ( 0.1450182577416667951, 0.1015346249225058256, -0.9842054789846567120 ) ) ;
#91 = MECHANICAL_DESIGN_GEOMETRIC_PRESENTATION_REPRESENTATION (  '', ( #510 ), #1815 ) ;
#92 = CARTESIAN_POINT ( 'NONE',  ( 72.28874990492393238, 27.85968624228850388, 786.1555536891547717 ) ) ;
#93 = CARTESIAN_POINT ( 'NONE',  ( 203.0859838579374639, 124.9171346527595858, 905.3417879221797193 ) ) ;
#94 = CARTESIAN_POINT ( 'NONE',  ( -1.986508815702578534, -17.16297335275523750, 756.6067952899247757 ) ) ;
#95 = CARTESIAN_POINT ( 'NONE',  ( 70.79043628536420840, 29.99949985153735454, 907.8068778279207436 ) ) ;
#96 = CARTESIAN_POINT ( 'NONE',  ( 72.80190375009739512, 27.12682660115215683, 871.6649680325501777 ) ) ;
#97 = CARTESIAN_POINT ( 'NONE',  ( 119.8037338870922497, 63.64344840090917188, 893.9318959536228704 ) ) ;
#98 = CARTESIAN_POINT ( 'NONE',  ( 46.65168465830463163, 12.91002526082650803, 863.5194269901223834 ) ) ;
#99 = CARTESIAN_POINT ( 'NONE',  ( 198.0165343596317200, 118.6205389495511611, 896.6999788224783288 ) ) ;
#100 = CARTESIAN_POINT ( 'NONE',  ( 213.7648643624955866, 128.0082999524122442, 851.2833256139225568 ) ) ;
#101 = CARTESIAN_POINT ( 'NONE',  ( 203.0129582954956504, 125.0213799190274813, 899.7845793286584239 ) ) ;
#102 = CARTESIAN_POINT ( 'NONE',  ( -3.313960411768210435, -15.26717600178746537, 781.1729475034453571 ) ) ;
#103 = CARTESIAN_POINT ( 'NONE',  ( 180.7161229231090545, 106.2946449942489267, 892.8826654178442368 ) ) ;
#104 = CARTESIAN_POINT ( 'NONE',  ( 73.82339907387431310, 25.66798009060373431, 834.1156043882301674 ) ) ;
#105 = CARTESIAN_POINT ( 'NONE',  ( 204.7633547771104645, 122.5217637824858201, 925.8232640257374442 ) ) ;
#106 = CARTESIAN_POINT ( 'NONE',  ( 196.7439104673574093, 117.7238264190011705, 896.4199549088185677 ) ) ;
#107 = DIRECTION ( 'NONE',  ( 0.1450182577416667951, 0.1015346249225058256, -0.9842054789846567120 ) ) ;
#108 = CARTESIAN_POINT ( 'NONE',  ( 142.0664382377057677, 79.30554202191579805, 816.1794239721259601 ) ) ;
#109 = CARTESIAN_POINT ( 'NONE',  ( 30.75748020655424497, 1.292473679295401245, 859.9744615717863780 ) ) ;
#110 = CARTESIAN_POINT ( 'NONE',  ( 140.0690198236961237, 82.15815114851409362, 827.0286419538867904 ) ) ;
#111 = B_SPLINE_CURVE_WITH_KNOTS ( 'NONE', 3,
 ( #667, #99, #1258, #797, #1526, #1376 ),
 .UNSPECIFIED., .F., .F.,
 ( 4, 2, 4 ),
 ( 0.8900098928056168202, 0.9451219276052695850, 1.000000000000000000 ),
 .UNSPECIFIED. ) ;
#112 = CARTESIAN_POINT ( 'NONE',  ( 143.8705621144864608, 76.72898610337512082, 878.9209195031685340 ) ) ;
#113 = DIRECTION ( 'NONE',  ( 0.1450182577416667951, 0.1015346249225058256, -0.9842054789846567120 ) ) ;
#114 = CARTESIAN_POINT ( 'NONE',  ( 205.7069459137516105, 121.1739602597463943, 899.7693216664993088 ) ) ;
#115 = PRODUCT ( 'RUDDER R', 'RUDDER R', '', ( #1031 ) ) ;
#116 = CARTESIAN_POINT ( 'NONE',  ( 212.9156236022692212, 129.2211414513737111, 849.5127573054593313 ) ) ;
#117 = CARTESIAN_POINT ( 'NONE',  ( 211.2544342561774329, 131.5935657048158873, 891.5668978728027696 ) ) ;
#118 = CARTESIAN_POINT ( 'NONE',  ( 139.5603308340247395, 82.88463431516468916, 852.1316916243847572 ) ) ;
#119 = CARTESIAN_POINT ( 'NONE',  ( 204.5557326268115617, 122.8182381791776692, 898.1142911937947702 ) ) ;
#120 = CARTESIAN_POINT ( 'NONE',  ( 144.2845760731451321, 76.13771289355329941, 835.9385562427357854 ) ) ;
#121 = CARTESIAN_POINT ( 'NONE',  ( 21.56318116931089790, -1.086857584137659982, 860.7125331197099740 ) ) ;
#122 = CARTESIAN_POINT ( 'NONE',  ( -1.815050690280523460, -17.40784093281670764, 861.0829855602926273 ) ) ;
#123 = CARTESIAN_POINT ( 'NONE',  ( -3.380400606400128627, -15.17228957025634273, 785.8764603994696927 ) ) ;
#124 = CARTESIAN_POINT ( 'NONE',  ( 193.3607006353815905, 112.2743474993527428, 898.0628475915075342 ) ) ;
#125 = CARTESIAN_POINT ( 'NONE',  ( 143.8076598242194564, 76.81881988383969428, 825.6424232743783023 ) ) ;
#126 = LINE ( 'NONE', #1294, #1283 ) ;
#127 = CARTESIAN_POINT ( 'NONE',  ( 70.12952788261158332, 30.94337486956753480, 894.4300681264769537 ) ) ;
#128 = EDGE_CURVE ( 'NONE', #916, #1615, #1099, .T. ) ;
#129 = CARTESIAN_POINT ( 'NONE',  ( -3.416302434431519153, -15.12101644611492013, 790.5809672639302335 ) ) ;
#130 = LINE ( 'NONE', #1571, #495 ) ;
#131 = CARTESIAN_POINT ( 'NONE',  ( 143.4012041031230638, 77.39929881175235948, 821.2320837972768004 ) ) ;
#132 = PLANE ( 'NONE',  #559 ) ;
#133 = CARTESIAN_POINT ( 'NONE',  ( -3.305880049554548172, -15.27871595497671997, 809.3987352442394467 ) ) ;
#134 = CARTESIAN_POINT ( 'NONE',  ( 139.8151822634453367, 82.52066875422234205, 832.0353679491403227 ) ) ;
#135 = CARTESIAN_POINT ( 'NONE',  ( 44.82583825056373428, 11.14336096341695992, 877.4681179858077940 ) ) ;
#136 = CARTESIAN_POINT ( 'NONE',  ( 2.120149864898696723, -23.02788976182630876, 757.7598091910765561 ) ) ;
#137 = CARTESIAN_POINT ( 'NONE',  ( 71.85682420903164314, 28.47654006393797488, 894.4300682275214740 ) ) ;
#138 = CARTESIAN_POINT ( 'NONE',  ( 21.70302193350757847, -1.285970476016050634, 860.1640139393512072 ) ) ;
#139 = CARTESIAN_POINT ( 'NONE',  ( 69.76996189972638263, 31.45688831131765539, 886.3986710218790677 ) ) ;
#140 = CARTESIAN_POINT ( 'NONE',  ( -2.830495201585913723, -15.95763587803845951, 767.0853760387554985 ) ) ;
#141 = CARTESIAN_POINT ( 'NONE',  ( 79.14516507139919099, 35.41801456703898765, 870.6074862823586500 ) ) ;
#142 = CARTESIAN_POINT ( 'NONE',  ( 3.313958165324612626, -24.73282470651186316, 781.1729475034481993 ) ) ;
#143 = CARTESIAN_POINT ( 'NONE',  ( 121.0937143714303517, 65.03489520245898348, 879.8484394306638023 ) ) ;
#144 = CARTESIAN_POINT ( 'NONE',  ( 70.93174252725096096, 29.79769362384654130, 910.4808309078065349 ) ) ;
#145 = AXIS2_PLACEMENT_3D ( 'NONE', #382, #1534, #1393 ) ;
#146 = CARTESIAN_POINT ( 'NONE',  ( 205.1003127720909163, 122.0405046452864610, 898.4545154303411891 ) ) ;
#147 = CARTESIAN_POINT ( 'NONE',  ( 139.6855095348730060, 82.70586060306142429, 862.1821477919394283 ) ) ;
#148 = CARTESIAN_POINT ( 'NONE',  ( 58.90309839798067060, 21.24436755753323069, 866.1648010530011561 ) ) ;
#149 = CARTESIAN_POINT ( 'NONE',  ( 72.28874990492393238, 27.85968624228850388, 786.1555536891547717 ) ) ;
#150 = CARTESIAN_POINT ( 'NONE',  ( 142.3884575895157525, 78.84565072649537854, 915.6895921129035969 ) ) ;
#151 = SHAPE_DEFINITION_REPRESENTATION ( #689, #1242 ) ;
#152 = CARTESIAN_POINT ( 'NONE',  ( 25.17825695563180233, -6.249818102894967531, 860.8778968891398335 ) ) ;
#153 = CARTESIAN_POINT ( 'NONE',  ( 55.80670837510275817, 18.78234868297078464, 865.4462873358037314 ) ) ;
#154 = VERTEX_POINT ( 'NONE', #962 ) ;
#155 = CARTESIAN_POINT ( 'NONE',  ( 56.96991936807407342, 16.01942746773244153, 869.0348918008949113 ) ) ;
#156 = CARTESIAN_POINT ( 'NONE',  ( 139.8245507601136524, 82.50728915437902344, 868.8797041453209431 ) ) ;
#157 = DIRECTION ( 'NONE',  ( -0.5735764342520096593, 0.8191520457587530002, 0.000000000000000000 ) ) ;
#158 = CARTESIAN_POINT ( 'NONE',  ( 142.5503020655689568, 78.61451286061834764, 816.8965474350101204 ) ) ;
#159 = ORIENTED_EDGE ( 'NONE', *, *, #992, .T. ) ;
#160 = VECTOR ( 'NONE', #1161, 999.9999999999998863 ) ;
#161 = CARTESIAN_POINT ( 'NONE',  ( 120.5553847312051090, 64.65795273370710561, 879.7303945842521671 ) ) ;
#162 = CARTESIAN_POINT ( 'NONE',  ( 69.80981571834897181, 31.39997115969082842, 785.5131440271472911 ) ) ;
#163 = CARTESIAN_POINT ( 'NONE',  ( 30.71539853324346225, 1.754655089319701489, 859.9925496411237873 ) ) ;
#164 = VERTEX_POINT ( 'NONE', #1676 ) ;
#165 = FACE_OUTER_BOUND ( 'NONE', #209, .T. ) ;
#166 = CARTESIAN_POINT ( 'NONE',  ( 192.2459275712466820, 114.6698402911944896, 895.4421357445272633 ) ) ;
#167 = EDGE_LOOP ( 'NONE', ( #1183, #48, #1042, #926, #177 ) ) ;
#168 = CARTESIAN_POINT ( 'NONE',  ( 214.9008080156882556, 126.3860042883330692, 870.1803307469400579 ) ) ;
#169 = ORIENTED_EDGE ( 'NONE', *, *, #931, .F. ) ;
#170 = CARTESIAN_POINT ( 'NONE',  ( -2.335676437525038285, -16.66431030963078541, 846.9976463001044067 ) ) ;
#171 = LINE ( 'NONE', #1290, #838 ) ;
#172 = CARTESIAN_POINT ( 'NONE',  ( 142.2209101187736451, 79.08493331287063199, 816.2871264268954974 ) ) ;
#173 = ORIENTED_EDGE ( 'NONE', *, *, #128, .T. ) ;
#174 = CARTESIAN_POINT ( 'NONE',  ( 213.1141242735618562, 128.9376531133298727, 932.4711199944234750 ) ) ;
#175 = CARTESIAN_POINT ( 'NONE',  ( -1.666191297638244695, -17.62043417770340170, 754.3216053108262713 ) ) ;
#176 = CARTESIAN_POINT ( 'NONE',  ( 147.9168874188750920, 80.18962812063031720, 888.2964176599743951 ) ) ;
#177 = ORIENTED_EDGE ( 'NONE', *, *, #800, .F. ) ;
#178 = CARTESIAN_POINT ( 'NONE',  ( 24.83214025459434637, -5.755267692682258129, 859.7014676993406965 ) ) ;
#179 = CARTESIAN_POINT ( 'NONE',  ( 80.62547690411342671, 36.19974048276871770, 870.9000701377743781 ) ) ;
#180 = ORIENTED_EDGE ( 'NONE', *, *, #1208, .T. ) ;
#181 = CARTESIAN_POINT ( 'NONE',  ( 73.07976426732892605, 26.73000065731577379, 792.8900435579065515 ) ) ;
#182 = ORIENTED_EDGE ( 'NONE', *, *, #1134, .T. ) ;
#183 = CARTESIAN_POINT ( 'NONE',  ( 212.1674576172883917, 130.2896332115365681, 918.2587535554342821 ) ) ;
#184 = LINE ( 'NONE', #47, #1083 ) ;
#185 = ORIENTED_EDGE ( 'NONE', *, *, #273, .F. ) ;
#186 = CARTESIAN_POINT ( 'NONE',  ( 69.07798701901171512, 32.44513085792551266, 790.8983764812751360 ) ) ;
#187 = CARTESIAN_POINT ( 'NONE',  ( 72.21639019992929320, 27.96302661074496498, 886.3986709713020673 ) ) ;
#188 = B_SPLINE_CURVE_WITH_KNOTS ( 'NONE', 3,
 ( #222, #1528, #1650, #232, #810, #669, #385, #367, #928, #958, #1827, #524, #1222, #101, #820, #1836, #1538, #1690, #241, #355, #678, #940, #1509, #790, #1805, #1367, #505, #1823, #1593, #1646, #924, #53, #591, #1337, #26, #1774, #733, #787, #1021 ),
 .UNSPECIFIED., .F., .F.,
 ( 4, 2, 2, 2, 2, 1, 1, 2, 2, 2, 2, 2, 1, 1, 2, 2, 2, 2, 1, 2, 2, 4 ),
 ( 0.000000000000000000, 0.1249999999991908139, 0.1874999999987867760, 0.2187499999985847432, 0.2343749999984837407, 0.2421874999984561239, 0.2460937499984192645, 0.2480468749984250099, 0.2499999999984306998, 0.3749999999979667376, 0.4374999999977294829, 0.4687499999976136866, 0.4843749999975162090, 0.4921874999974304998, 0.4960937499974283349, 0.4999999999974260589, 0.6249999999982256416, 0.6874999999985986765, 0.7187499999988058441, 0.7343749999988807842, 0.7499999999989557242, 1.000000000000000000 ),
 .UNSPECIFIED. ) ;
#189 = CARTESIAN_POINT ( 'NONE',  ( -2.120152111351205626, -16.97211094646019802, 757.7598091910767835 ) ) ;
#190 = CARTESIAN_POINT ( 'NONE',  ( 213.9992005225434752, 126.8553171263143469, 902.5921949618973485 ) ) ;
#191 = ORIENTED_EDGE ( 'NONE', *, *, #261, .F. ) ;
#192 = CARTESIAN_POINT ( 'NONE',  ( 25.22369559909731507, -6.315526205665796589, 861.1970717016690742 ) ) ;
#193 = CARTESIAN_POINT ( 'NONE',  ( 211.1908893350308176, 130.8659898160394164, 902.5921944505846568 ) ) ;
#194 = EDGE_CURVE ( 'NONE', #615, #1645, #725, .T. ) ;
#195 = ORIENTED_EDGE ( 'NONE', *, *, #1277, .F. ) ;
#196 = CARTESIAN_POINT ( 'NONE',  ( 73.88720157853391868, 25.57686067074882885, 813.9777505152901540 ) ) ;
#197 = EDGE_LOOP ( 'NONE', ( #330, #1037, #1332, #45 ) ) ;
#198 = CARTESIAN_POINT ( 'NONE',  ( -0.5646298618815992487, -19.19362694648356182, 889.2276786102903543 ) ) ;
#199 = CARTESIAN_POINT ( 'NONE',  ( 80.79562648664708036, 36.57368478314493387, 870.9696461707553681 ) ) ;
#200 = ORIENTED_EDGE ( 'NONE', *, *, #1208, .F. ) ;
#201 = CARTESIAN_POINT ( 'NONE',  ( -0.7918901761959444840, -18.86906558158364433, 750.5201798300382734 ) ) ;
#202 = EDGE_CURVE ( 'NONE', #1168, #154, #422, .T. ) ;
#203 = CARTESIAN_POINT ( 'NONE',  ( 144.2227194088517592, 76.22605336536773279, 865.5312440156623097 ) ) ;
#204 = CARTESIAN_POINT ( 'NONE',  ( 69.56676337616458738, 31.74708587771524293, 786.9630249103826145 ) ) ;
#205 = CARTESIAN_POINT ( 'NONE',  ( 96.98164501290776229, 48.08252093390400717, 874.5359538378941124 ) ) ;
#206 = CARTESIAN_POINT ( 'NONE',  ( 24.35131042198146645, -5.068536780158803268, 858.9230352268917841 ) ) ;
#207 = EDGE_CURVE ( 'NONE', #887, #1198, #954, .T. ) ;
#208 = CARTESIAN_POINT ( 'NONE',  ( -124.1322826808328159, -86.91129626742993253, 842.4571818465730075 ) ) ;
#209 = EDGE_LOOP ( 'NONE', ( #1497, #750, #587, #743, #1778 ) ) ;
#210 = CARTESIAN_POINT ( 'NONE',  ( 214.1845232778098875, 127.4089649089947756, 854.2000962085235187 ) ) ;
#211 = CARTESIAN_POINT ( 'NONE',  ( 252.4811284387117780, 72.71574458346093195, 929.5127573054592176 ) ) ;
#212 = VERTEX_POINT ( 'NONE', #1107 ) ;
#213 = CARTESIAN_POINT ( 'NONE',  ( 140.9084225657159095, 80.95935979564417551, 818.9327634362032313 ) ) ;
#214 = CARTESIAN_POINT ( 'NONE',  ( 73.49047068156744444, 26.14345111046461412, 850.2165654201679672 ) ) ;
#215 = CARTESIAN_POINT ( 'NONE',  ( 70.49676120809843383, 30.41891132776463280, 783.3151454787863486 ) ) ;
#216 = CARTESIAN_POINT ( 'NONE',  ( 130.1720410758748869, 71.16529490235613764, 881.8077221430738746 ) ) ;
#217 = CARTESIAN_POINT ( 'NONE',  ( 121.7482380551909955, 65.24900798509050048, 879.9565587262914050 ) ) ;
#218 = CARTESIAN_POINT ( 'NONE',  ( 44.59640806895547627, 11.47102205625542659, 877.4681153247302063 ) ) ;
#219 = CARTESIAN_POINT ( 'NONE',  ( 23.95031131297070814, -4.495780556492559477, 892.3217846188680369 ) ) ;
#220 = ADVANCED_FACE ( 'NONE', ( #1686 ), #1257, .T. ) ;
#221 = CARTESIAN_POINT ( 'NONE',  ( 144.2176455449521200, 76.23329959398256506, 833.7075920478932858 ) ) ;
#222 = CARTESIAN_POINT ( 'NONE',  ( 202.9328228344526508, 125.1358343832222602, 900.7854044990465354 ) ) ;
#223 = CARTESIAN_POINT ( 'NONE',  ( 212.4264963753015820, 129.9196875256103567, 850.3677477735931234 ) ) ;
#224 = VECTOR ( 'NONE', #1253, 1000.000000000000114 ) ;
#225 = CARTESIAN_POINT ( 'NONE',  ( 119.6890187962881527, 63.80727894732836347, 893.9318946230840766 ) ) ;
#226 = CARTESIAN_POINT ( 'NONE',  ( 214.3974881145583709, 127.1048196018856373, 902.2495147726269806 ) ) ;
#227 = LINE ( 'NONE', #520, #1377 ) ;
#228 = FACE_OUTER_BOUND ( 'NONE', #480, .T. ) ;
#229 = CARTESIAN_POINT ( 'NONE',  ( 22.73536641251880042, -2.760892450316725366, 858.5855489371123213 ) ) ;
#230 = B_SPLINE_CURVE_WITH_KNOTS ( 'NONE', 3,
 ( #1375, #78, #1812, #1667, #946, #1525, #246 ),
 .UNSPECIFIED., .F., .F.,
 ( 4, 3, 4 ),
 ( 0.002703580071977285375, 0.004999186217986928069, 0.02270358076266657671 ),
 .UNSPECIFIED. ) ;
#231 = CARTESIAN_POINT ( 'NONE',  ( 0.7918879325717523843, -21.13093513074208474, 750.5201798300382734 ) ) ;
#232 = CARTESIAN_POINT ( 'NONE',  ( 202.9357282390162993, 125.1301408593246123, 900.3845053545680912 ) ) ;
#233 = CARTESIAN_POINT ( 'NONE',  ( 141.5733431137043965, 80.00975484039260266, 816.5699116640084867 ) ) ;
#234 = AXIS2_PLACEMENT_3D ( 'NONE', #1784, #486, #1188 ) ;
#235 = CARTESIAN_POINT ( 'NONE',  ( 144.7380046256353410, 84.72953432291528486, 888.2964160846224786 ) ) ;
#236 = CARTESIAN_POINT ( 'NONE',  ( 143.4911057275593009, 77.27090598601111537, 890.0711930883752530 ) ) ;
#237 = PLANE ( 'NONE',  #1449 ) ;
#238 = CARTESIAN_POINT ( 'NONE',  ( 46.11425760876317526, 12.53371479093442886, 863.4013417763759435 ) ) ;
#239 = DIRECTION ( 'NONE',  ( 0.5735764342521865178, -0.8191520457586289883, 0.000000000000000000 ) ) ;
#240 = CARTESIAN_POINT ( 'NONE',  ( 1.513215935007566904, -22.16109827962809931, 753.3783439421064259 ) ) ;
#241 = CARTESIAN_POINT ( 'NONE',  ( 203.2082436436359671, 124.7428184770770372, 899.1303559556140499 ) ) ;
#242 = CARTESIAN_POINT ( 'NONE',  ( 68.23069194241452351, 33.65519363269061159, 806.5968048697694712 ) ) ;
#243 = CARTESIAN_POINT ( 'NONE',  ( 73.75881752341005893, 25.76021210317161803, 838.1419576932848940 ) ) ;
#244 = B_SPLINE_CURVE_WITH_KNOTS ( 'NONE', 3,
 ( #67, #1378, #646, #365, #1517, #219, #80, #1233 ),
 .UNSPECIFIED., .F., .F.,
 ( 4, 2, 2, 4 ),
 ( 0.004504513510827630983, 0.02266373140492180388, 0.03174334035196871989, 0.04082294929901564284 ),
 .UNSPECIFIED. ) ;
#245 = DIRECTION ( 'NONE',  ( -0.5735754540206916552, 0.8191527320962185277, -6.652693951283332979E-06 ) ) ;
#246 = CARTESIAN_POINT ( 'NONE',  ( 121.8614745349454154, 65.08417681760104756, 879.9664846220769050 ) ) ;
#247 = CARTESIAN_POINT ( 'NONE',  ( 205.6199368161076961, 121.2985902892765040, 899.4218026365533660 ) ) ;
#248 = CARTESIAN_POINT ( 'NONE',  ( 72.56368898588125660, 27.46703254184405196, 787.9383018531508469 ) ) ;
#249 = CARTESIAN_POINT ( 'NONE',  ( 185.3229380846008780, 110.0086815169399728, 893.9449156192025612 ) ) ;
#250 = CARTESIAN_POINT ( 'NONE',  ( -3.380400606400128627, -15.17228957025634273, 785.8764603994696927 ) ) ;
#251 = CARTESIAN_POINT ( 'NONE',  ( 169.6638768727799516, 102.0414731230472825, 893.5957700200219733 ) ) ;
#252 = CARTESIAN_POINT ( 'NONE',  ( 1.008805746319053176, -21.44072587407243091, 879.8498069073446004 ) ) ;
#253 = CARTESIAN_POINT ( 'NONE',  ( -124.1322826808319917, -86.91129626742316816, 842.4571818465756223 ) ) ;
#254 = VECTOR ( 'NONE', #1464, 1000.000000000000000 ) ;
#255 = CARTESIAN_POINT ( 'NONE',  ( 22.35991548429799280, -2.224408201299546306, 858.9153971227083275 ) ) ;
#256 = CARTESIAN_POINT ( 'NONE',  ( 1.666189051271304900, -22.37956653070529711, 754.3216053108267261 ) ) ;
#257 = CARTESIAN_POINT ( 'NONE',  ( 212.4061996458683552, 129.9486742592935116, 923.5905908014404986 ) ) ;
#258 = CARTESIAN_POINT ( 'NONE',  ( 68.38341097379978351, 33.43708825242635641, 801.9051208345005080 ) ) ;
#259 = FACE_OUTER_BOUND ( 'NONE', #1468, .T. ) ;
#260 = CARTESIAN_POINT ( 'NONE',  ( 3.139927754347020095, -24.48428352196177826, 818.8039913659490594 ) ) ;
#261 = EDGE_CURVE ( 'NONE', #1039, #929, #882, .T. ) ;
#262 = CARTESIAN_POINT ( 'NONE',  ( 46.88111595633480277, 12.58236494965155039, 863.5194220743019287 ) ) ;
#263 = ADVANCED_FACE ( 'NONE', ( #1156 ), #1004, .F. ) ;
#264 = COLOUR_RGB ( '',0.7921568627450980005, 0.8196078431372548767, 0.9333333333333333481 ) ;
#265 = CARTESIAN_POINT ( 'NONE',  ( -2.335676437525038285, -16.66431030963078541, 846.9976463001044067 ) ) ;
#266 = CARTESIAN_POINT ( 'NONE',  ( 139.6881303672639092, 82.70211766650622565, 835.9385562427354444 ) ) ;
#267 = CARTESIAN_POINT ( 'NONE',  ( 68.31111623048253989, 33.54033584599265794, 803.9151570363179644 ) ) ;
#268 = CARTESIAN_POINT ( 'NONE',  ( 205.3922708735023832, 121.6233597196136742, 898.8742445983880316 ) ) ;
#269 = CARTESIAN_POINT ( 'NONE',  ( 73.07976426732892605, 26.73000065731577379, 792.8900435579065515 ) ) ;
#270 = CARTESIAN_POINT ( 'NONE',  ( 37.36624933350580591, 5.919983635923590448, 861.4281982880432906 ) ) ;
#271 = EDGE_CURVE ( 'NONE', #1168, #1055, #1532, .T. ) ;
#272 = CARTESIAN_POINT ( 'NONE',  ( 211.7787530790305084, 130.8447608230609092, 908.4774181482811173 ) ) ;
#273 = EDGE_CURVE ( 'NONE', #1193, #894, #1154, .T. ) ;
#274 = CARTESIAN_POINT ( 'NONE',  ( 68.15603386191165214, 33.76181642154826079, 809.9509860136054158 ) ) ;
#275 = CARTESIAN_POINT ( 'NONE',  ( 180.7161229231090545, 106.2946449942489267, 892.8826654178442368 ) ) ;
#276 = CARTESIAN_POINT ( 'NONE',  ( 143.4963988068394940, 77.26334668538775929, 822.0533338693744554 ) ) ;
#277 = DIRECTION ( 'NONE',  ( 0.8191527321143555751, 0.5735754540333701801, 0.000000000000000000 ) ) ;
#278 = CARTESIAN_POINT ( 'NONE',  ( 70.79043628536420840, 29.99949985153735454, 907.8068778279207436 ) ) ;
#279 = CARTESIAN_POINT ( 'NONE',  ( 140.1650466161867996, 82.02101067622359665, 825.6424232743783023 ) ) ;
#280 = CARTESIAN_POINT ( 'NONE',  ( 121.6320437018892164, 65.41183745432779517, 879.9664863822265488 ) ) ;
#281 = CARTESIAN_POINT ( 'NONE',  ( 2.341270088022658236, -23.34368216773117766, 760.0804356895570209 ) ) ;
#282 = CARTESIAN_POINT ( 'NONE',  ( 0.5646276282310646044, -20.80637378008660576, 889.2276783682007135 ) ) ;
#283 = CARTESIAN_POINT ( 'NONE',  ( 30.75748020655424497, 1.292473679295401245, 859.9744615717863780 ) ) ;
#284 = CARTESIAN_POINT ( 'NONE',  ( -1.008807999016799961, -18.55927482529546424, 879.8498067889952381 ) ) ;
#285 = CARTESIAN_POINT ( 'NONE',  ( 139.5473877927548187, 82.90311889375479382, 848.7807608943045352 ) ) ;
#286 = CARTESIAN_POINT ( 'NONE',  ( 46.76915825711243713, 12.74827359670201687, 863.5002366454342564 ) ) ;
#287 = CARTESIAN_POINT ( 'NONE',  ( 72.99754751146149090, 26.84741835332865989, 791.8933060759012506 ) ) ;
#288 = CARTESIAN_POINT ( 'NONE',  ( 30.75748020655424497, 1.292473679295401245, 859.9744615717863780 ) ) ;
#289 = CARTESIAN_POINT ( 'NONE',  ( 180.6415349551291456, 106.4022047168718643, 892.8793578183405089 ) ) ;
#290 = DIRECTION ( 'NONE',  ( -0.5735754540206789986, 0.8191527320962274095, -6.652693942275101163E-06 ) ) ;
#291 = CARTESIAN_POINT ( 'NONE',  ( 204.9114016257578044, 122.3101090955342727, 898.2918378459603446 ) ) ;
#292 = CARTESIAN_POINT ( 'NONE',  ( 68.22753457357133300, 33.65970282271058522, 838.1419576932338487 ) ) ;
#293 = LINE ( 'NONE', #1141, #160 ) ;
#294 = CARTESIAN_POINT ( 'NONE',  ( 0.9729166022818910298, -21.38947086455180724, 751.0167128472044169 ) ) ;
#295 = CARTESIAN_POINT ( 'NONE',  ( 194.7816295236207509, 116.1435358384013199, 910.3956739214379468 ) ) ;
#296 = CARTESIAN_POINT ( 'NONE',  ( 24.56612478800436250, -5.375262590724466882, 859.2001730309807499 ) ) ;
#297 = CARTESIAN_POINT ( 'NONE',  ( 130.1888328341084957, 71.14130523283151319, 881.8077214617396749 ) ) ;
#298 = VERTEX_POINT ( 'NONE', #295 ) ;
#299 = B_SPLINE_CURVE_WITH_KNOTS ( 'NONE', 3,
 ( #1231, #1813, #1688, #391, #1544, #229, #807, #1841, #970, #1553, #255, #1386, #1716, #1874, #573, #1444, #1847, #428, #553, #560, #1265, #1438, #1567, #1144, #138, #991, #1723, #699, #407, #1129, #856, #434, #1859, #121, #1150, #1137, #978, #1280, #567, #1426, #421, #1732, #716 ),
 .UNSPECIFIED., .F., .F.,
 ( 4, 2, 2, 2, 2, 2, 2, 2, 1, 2, 2, 2, 2, 2, 2, 1, 1, 2, 2, 2, 2, 2, 4 ),
 ( 0.03041645641301195246, 0.1516143993615842178, 0.2122133708358708293, 0.2425128565730141350, 0.2728123423101574407, 0.3940102852587045734, 0.4546092567329609868, 0.4849087424701077342, 0.4924836139043942684, 0.4962710496215573253, 0.5000584853387204376, 0.5152082282074273989, 0.6364061711574514613, 0.6970051426324873622, 0.7273046283700289605, 0.7424543712387995376, 0.7462418069559807465, 0.7481355248145482584, 0.7500292426731156592, 0.7576041141072927809, 0.8182030855804846015, 0.8788020570536764220, 1.000000000000000000 ),
 .UNSPECIFIED. ) ;
#300 = CLOSED_SHELL ( 'NONE', ( #220, #1000, #534, #7, #1822, #263, #602, #401, #1327, #411, #1602, #1742, #1204, #542, #1268, #1411, #1807, #726, #66, #449, #948, #1454, #1347, #873 ) ) ;
#301 = CARTESIAN_POINT ( 'NONE',  ( 203.0083172229410309, 119.0896485133677487, 900.1739189784094606 ) ) ;
#302 = CARTESIAN_POINT ( 'NONE',  ( 68.30502851538956577, 33.54903000416828007, 842.1676176909033984 ) ) ;
#303 = LINE ( 'NONE', #135, #889 ) ;
#304 = CARTESIAN_POINT ( 'NONE',  ( 143.0642838748402994, 77.88047076420509995, 818.9327634362033450 ) ) ;
#305 = ORIENTED_EDGE ( 'NONE', *, *, #1877, .F. ) ;
#306 = CARTESIAN_POINT ( 'NONE',  ( 120.0170547967883010, 64.28101005897680409, 879.6123517372539027 ) ) ;
#307 = CARTESIAN_POINT ( 'NONE',  ( 0.3293178989743646978, -20.47031665928132327, 749.6643380746800176 ) ) ;
#308 = CARTESIAN_POINT ( 'NONE',  ( 131.9257105741170903, 68.66883335846016223, 881.8085723785414984 ) ) ;
#309 = CARTESIAN_POINT ( 'NONE',  ( 25.26732216244867502, -6.378272395398743022, 861.9019836310155824 ) ) ;
#310 = LINE ( 'NONE', #464, #1299 ) ;
#311 = ORIENTED_EDGE ( 'NONE', *, *, #1605, .T. ) ;
#312 = CARTESIAN_POINT ( 'NONE',  ( 73.90928618706263364, 25.54532058109925785, 826.0611735747423836 ) ) ;
#313 = VERTEX_POINT ( 'NONE', #4 ) ;
#314 = CARTESIAN_POINT ( 'NONE',  ( 140.3227988768840362, 81.79571709955018832, 885.6118103777613442 ) ) ;
#315 = CARTESIAN_POINT ( 'NONE',  ( 105.6616760922997287, 53.90357106196650250, 876.4198853315782571 ) ) ;
#316 = CARTESIAN_POINT ( 'NONE',  ( 213.6230396702303267, 128.2108466039772736, 850.6627944633125935 ) ) ;
#317 = VERTEX_POINT ( 'NONE', #1318 ) ;
#318 = VECTOR ( 'NONE', #1558, 1000.000000000000114 ) ;
#319 = CARTESIAN_POINT ( 'NONE',  ( 195.8792666348435603, 116.5456005537725162, 926.6554436997327002 ) ) ;
#320 = CARTESIAN_POINT ( 'NONE',  ( 211.7745375060554522, 130.8507812852042775, 854.2000962085226092 ) ) ;
#321 = CARTESIAN_POINT ( 'NONE',  ( 208.8158277185661689, 126.2462390597412991, 899.0779043250138329 ) ) ;
#322 = CARTESIAN_POINT ( 'NONE',  ( 25.04240282526157912, -6.055087549189610563, 860.2636596974864460 ) ) ;
#323 = EDGE_CURVE ( 'NONE', #340, #34, #870, .T. ) ;
#324 = FACE_OUTER_BOUND ( 'NONE', #1359, .T. ) ;
#325 = ORIENTED_EDGE ( 'NONE', *, *, #1138, .T. ) ;
#326 = CARTESIAN_POINT ( 'NONE',  ( 143.8076598242194564, 76.81881988383969428, 825.6424232743783023 ) ) ;
#327 = ORIENTED_EDGE ( 'NONE', *, *, #539, .T. ) ;
#328 = CARTESIAN_POINT ( 'NONE',  ( 140.6936162622007771, 81.26613498984470141, 895.6439082354279435 ) ) ;
#329 = CARTESIAN_POINT ( 'NONE',  ( 0.2368115560892972427, -20.33820391007931505, 895.4747572093665440 ) ) ;
#330 = ORIENTED_EDGE ( 'NONE', *, *, #1734, .F. ) ;
#331 = CARTESIAN_POINT ( 'NONE',  ( -1.382374633032362743, -18.02576638154049249, 752.6280532337594877 ) ) ;
#332 = CARTESIAN_POINT ( 'NONE',  ( 2.786637475871504233, -23.97973271495561676, 832.9050382050373855 ) ) ;
#333 =( LENGTH_UNIT ( ) NAMED_UNIT ( * ) SI_UNIT ( .MILLI., .METRE. ) );
#334 = EDGE_CURVE ( 'NONE', #1615, #1479, #578, .T. ) ;
#335 = CARTESIAN_POINT ( 'NONE',  ( -1.268228263258545763, -18.18878429200982083, 752.0743075445996055 ) ) ;
#336 = EDGE_LOOP ( 'NONE', ( #635, #875, #1170, #1492, #200, #40 ) ) ;
#337 = EDGE_LOOP ( 'NONE', ( #1790, #619, #1195, #880 ) ) ;
#338 = CARTESIAN_POINT ( 'NONE',  ( 24.93888711282733439, -5.907291703092824697, 859.9612555398350651 ) ) ;
#339 = CARTESIAN_POINT ( 'NONE',  ( 207.3337580050068141, 128.3805165954032645, 899.0797087291748539 ) ) ;
#340 = VERTEX_POINT ( 'NONE', #1476 ) ;
#341 = CARTESIAN_POINT ( 'NONE',  ( 143.6538249349003138, 77.03851887438848678, 823.7061764622453666 ) ) ;
#342 = EDGE_CURVE ( 'NONE', #929, #597, #457, .T. ) ;
#343 = ORIENTED_EDGE ( 'NONE', *, *, #800, .T. ) ;
#344 = CARTESIAN_POINT ( 'NONE',  ( 212.6586882202616380, 129.5880832050495428, 928.9205491098506400 ) ) ;
#345 = CARTESIAN_POINT ( 'NONE',  ( 71.05460956973166731, 29.62222130203342729, 910.4808309078067623 ) ) ;
#346 = ORIENTED_EDGE ( 'NONE', *, *, #1561, .T. ) ;
#347 = CARTESIAN_POINT ( 'NONE',  ( -1.132305844307756937, -18.38290162370596192, 751.5356442139884621 ) ) ;
#348 = CARTESIAN_POINT ( 'NONE',  ( 73.37886175955526369, 26.30284516997083699, 854.2397849122787648 ) ) ;
#349 = CARTESIAN_POINT ( 'NONE',  ( 211.8505079137361804, 130.7422842988999605, 853.5447280509519032 ) ) ;
#350 = CARTESIAN_POINT ( 'NONE',  ( 148.4328860954290690, 80.33086979112752601, 885.4439334970235222 ) ) ;
#351 = CARTESIAN_POINT ( 'NONE',  ( 25.21415264618808649, -6.301639066600333017, 861.1163583452813555 ) ) ;
#352 = CARTESIAN_POINT ( 'NONE',  ( 174.8768162402235475, 102.3579226956121460, 891.6127278826872953 ) ) ;
#353 = ORIENTED_EDGE ( 'NONE', *, *, #202, .T. ) ;
#354 = CARTESIAN_POINT ( 'NONE',  ( 214.8630383745648089, 126.4399449260198480, 867.5070630339204172 ) ) ;
#355 = CARTESIAN_POINT ( 'NONE',  ( 203.2487474709091089, 124.6848097791853576, 899.0385796383170600 ) ) ;
#356 = ORIENTED_EDGE ( 'NONE', *, *, #1138, .F. ) ;
#357 = CARTESIAN_POINT ( 'NONE',  ( 140.3188815055108591, 81.80131168566914823, 823.7061764622447981 ) ) ;
#358 = CARTESIAN_POINT ( 'NONE',  ( 214.6374178164629996, 126.7621644763525808, 894.2383636223880785 ) ) ;
#359 = CARTESIAN_POINT ( 'NONE',  ( 141.5733431137043965, 80.00975484039260266, 816.5699116640084867 ) ) ;
#360 = EDGE_CURVE ( 'NONE', #1198, #1174, #1569, .T. ) ;
#361 = B_SPLINE_CURVE_WITH_KNOTS ( 'NONE', 3,
 ( #1110, #685, #1696, #818 ),
 .UNSPECIFIED., .F., .F.,
 ( 4, 4 ),
 ( 4.769382456574914123E-05, 0.0002479669114605847048 ),
 .UNSPECIFIED. ) ;
#362 = CARTESIAN_POINT ( 'NONE',  ( 32.87002608086388022, -1.297901781842811131, 859.9951102014224489 ) ) ;
#363 = CARTESIAN_POINT ( 'NONE',  ( -124.1322826808284390, -86.91129626742790037, 842.4571818465757360 ) ) ;
#364 = CARTESIAN_POINT ( 'NONE',  ( 194.6669144328167249, 116.3073663848205399, 910.3956725908991530 ) ) ;
#365 = CARTESIAN_POINT ( 'NONE',  ( 24.37716950297632579, -5.105472480457435402, 883.2728012430577564 ) ) ;
#366 = CARTESIAN_POINT ( 'NONE',  ( 144.3466783048180275, 76.04902171517592535, 838.7290245237629733 ) ) ;
#367 = CARTESIAN_POINT ( 'NONE',  ( 202.9829692850839535, 125.0639215089114060, 899.9506237434361537 ) ) ;
#368 = CARTESIAN_POINT ( 'NONE',  ( 69.17807776111769158, 32.30218646409462480, 789.9065715302255057 ) ) ;
#369 = CARTESIAN_POINT ( 'NONE',  ( 214.8155762876426706, 126.5077278108531829, 886.2223378910115343 ) ) ;
#370 = CARTESIAN_POINT ( 'NONE',  ( 141.9352443652389582, 79.49290628937565373, 922.3635608615222736 ) ) ;
#371 = CARTESIAN_POINT ( 'NONE',  ( 143.0039966840764123, 77.96656979552670919, 902.3287122475113620 ) ) ;
#372 = CARTESIAN_POINT ( 'NONE',  ( 105.7364360984014695, 53.79330345521977108, 876.4310438312139695 ) ) ;
#373 = CARTESIAN_POINT ( 'NONE',  ( 196.7763192047189875, 117.6775426629704953, 896.4199553709300972 ) ) ;
#374 = CARTESIAN_POINT ( 'NONE',  ( 46.80679019952207653, 12.69312572830948049, 863.5047133162481714 ) ) ;
#375 = CARTESIAN_POINT ( 'NONE',  ( 28.41722957819858308, 3.909445505875018156, 863.6642676069398021 ) ) ;
#376 = CARTESIAN_POINT ( 'NONE',  ( 142.5503020655689568, 78.61451286061834764, 816.8965474350101204 ) ) ;
#377 = CARTESIAN_POINT ( 'NONE',  ( 105.5461664850993628, 54.06712325641753836, 876.4243899334111347 ) ) ;
#378 = CARTESIAN_POINT ( 'NONE',  ( 212.2584723136428124, 130.1596507543535211, 850.9684581342304455 ) ) ;
#379 = DIRECTION ( 'NONE',  ( -0.8062139315756344793, -0.5645170692202621243, -0.1770298706216668627 ) ) ;
#380 = CARTESIAN_POINT ( 'NONE',  ( 3.035213985588999908, -24.33473676183156087, 823.5053166900200949 ) ) ;
#381 = DIRECTION ( 'NONE',  ( -0.1450182577416694318, -0.1015346249224977487, 0.9842054789846572671 ) ) ;
#382 = CARTESIAN_POINT ( 'NONE',  ( 163.5230177500507978, 181.4189551485367531, 898.0960530993701241 ) ) ;
#383 = CARTESIAN_POINT ( 'NONE',  ( 205.6995783815486050, 121.1844900732256605, 899.7339656605674918 ) ) ;
#384 = CARTESIAN_POINT ( 'NONE',  ( 214.1085528700461396, 127.5174618954132768, 853.5447280509517896 ) ) ;
#385 = CARTESIAN_POINT ( 'NONE',  ( 202.9680606643309488, 125.0848993399628597, 900.0491716743354118 ) ) ;
#386 = CARTESIAN_POINT ( 'NONE',  ( 68.06841786206584288, 33.88694503708681793, 818.0053656269456042 ) ) ;
#387 = SURFACE_SIDE_STYLE ('',( #814 ) ) ;
#388 = CARTESIAN_POINT ( 'NONE',  ( 73.90928618706263364, 25.54532058109925785, 826.0611735747423836 ) ) ;
#389 = DIRECTION ( 'NONE',  ( 0.1450182577416664342, 0.1015346249225055619, -0.9842054789846569340 ) ) ;
#390 = CARTESIAN_POINT ( 'NONE',  ( 181.3323947373621934, 106.7261631621313853, 893.0180255712111830 ) ) ;
#391 = CARTESIAN_POINT ( 'NONE',  ( 22.89540840993484139, -2.989287438035170386, 858.4889435705412097 ) ) ;
#392 = CARTESIAN_POINT ( 'NONE',  ( 213.3091357636506871, 128.6591478424687978, 849.8246778492293743 ) ) ;
#393 = FACE_OUTER_BOUND ( 'NONE', #1317, .T. ) ;
#394 = CARTESIAN_POINT ( 'NONE',  ( 139.5892396138134757, 82.84334829893188612, 855.4823067221212796 ) ) ;
#395 = CARTESIAN_POINT ( 'NONE',  ( 201.5336476329366633, 124.1649208182763857, 900.4795230729978357 ) ) ;
#396 = CARTESIAN_POINT ( 'NONE',  ( 73.68132358159940054, 25.87088492170297371, 842.1676176908057414 ) ) ;
#397 = CARTESIAN_POINT ( 'NONE',  ( 30.56744845287991552, 1.566242173572049090, 859.9668880432336664 ) ) ;
#398 = CARTESIAN_POINT ( 'NONE',  ( 205.6828279151461629, 121.2084683920427750, 899.6590597224804924 ) ) ;
#399 = CARTESIAN_POINT ( 'NONE',  ( 213.6230396702303267, 128.2108466039772736, 850.6627944633125935 ) ) ;
#400 = CARTESIAN_POINT ( 'NONE',  ( 141.9352443652389582, 79.49290628937565373, 922.3635608615222736 ) ) ;
#401 = ADVANCED_FACE ( 'NONE', ( #997 ), #1549, .F. ) ;
#402 = CARTESIAN_POINT ( 'NONE',  ( -2.830495201585913723, -15.95763587803845951, 767.0853760387554985 ) ) ;
#403 = CARTESIAN_POINT ( 'NONE',  ( 163.5230177519544554, 181.4192007423340556, 928.0965392178153479 ) ) ;
#404 = CARTESIAN_POINT ( 'NONE',  ( 142.7048426717442169, 78.39380600194836290, 909.0103295476983476 ) ) ;
#405 = EDGE_CURVE ( 'NONE', #164, #1049, #592, .T. ) ;
#406 = VECTOR ( 'NONE', #113, 1000.000000000000000 ) ;
#407 = CARTESIAN_POINT ( 'NONE',  ( 21.58561144987213964, -1.118846787871887516, 860.6059867890947999 ) ) ;
#408 = CARTESIAN_POINT ( 'NONE',  ( -3.365611187768692059, -15.19341104899574013, 804.6950097304380733 ) ) ;
#409 = CARTESIAN_POINT ( 'NONE',  ( 211.0378584550605865, 131.9028680034903118, 872.8541623529763456 ) ) ;
#410 = CARTESIAN_POINT ( 'NONE',  ( 204.8187278678024086, 122.4425392235953609, 898.2296667273985804 ) ) ;
#411 = ADVANCED_FACE ( 'NONE', ( #1302 ), #865, .T. ) ;
#412 = CARTESIAN_POINT ( 'NONE',  ( 2.691914781972478465, -23.84445468847033567, 764.7453133240696843 ) ) ;
#413 = PLANE ( 'NONE',  #1860 ) ;
#414 = EDGE_CURVE ( 'NONE', #313, #1067, #310, .T. ) ;
#415 = VECTOR ( 'NONE', #676, 1000.000000000000000 ) ;
#416 = CARTESIAN_POINT ( 'NONE',  ( 211.6520365340886372, 131.0257308041407214, 904.9188924165897561 ) ) ;
#417 = CARTESIAN_POINT ( 'NONE',  ( 211.5941804628782279, 131.1083578369182021, 856.1807038834538162 ) ) ;
#418 = CARTESIAN_POINT ( 'NONE',  ( 186.1379332706876824, 110.9460230157984739, 925.1489065443369100 ) ) ;
#419 = CARTESIAN_POINT ( 'NONE',  ( 48.70663203103116246, 10.18761817096681632, 867.2569653388417237 ) ) ;
#420 = CARTESIAN_POINT ( 'NONE',  ( 214.7121072307449481, 126.6554969382213187, 862.1656150637801375 ) ) ;
#421 = CARTESIAN_POINT ( 'NONE',  ( 21.44232434164150547, -0.9157584547863573121, 861.9265133929841340 ) ) ;
#422 = B_SPLINE_CURVE_WITH_KNOTS ( 'NONE', 3,
 ( #805, #105, #528, #1384, #88, #1408, #1542, #665 ),
 .UNSPECIFIED., .F., .F.,
 ( 4, 2, 2, 4 ),
 ( 0.003352850157423277640, 0.01019916188514351923, 0.01704547361286376170, 0.03073809706830424315 ),
 .UNSPECIFIED. ) ;
#423 = CARTESIAN_POINT ( 'NONE',  ( 211.3957504569710011, 131.3917452543321644, 896.9092783278564411 ) ) ;
#424 = CARTESIAN_POINT ( 'NONE',  ( 68.07706590992249573, 33.87459434477793252, 826.0611735747472721 ) ) ;
#425 = CARTESIAN_POINT ( 'NONE',  ( 79.04399738728190528, 35.34717619178737635, 870.5852870102206680 ) ) ;
#426 = CARTESIAN_POINT ( 'NONE',  ( 73.60294112318314319, 25.98282667345392838, 801.9051208345006216 ) ) ;
#427 = CARTESIAN_POINT ( 'NONE',  ( 30.64512903152547452, 1.458266500646494990, 859.9574371839524929 ) ) ;
#428 = CARTESIAN_POINT ( 'NONE',  ( 21.99457621369136362, -1.702963281062330969, 859.4644291732040529 ) ) ;
#429 = CARTESIAN_POINT ( 'NONE',  ( 211.5615726691644625, 131.1549265925143288, 902.2495147704918281 ) ) ;
#430 = CARTESIAN_POINT ( 'NONE',  ( -3.365611187768692059, -15.19341104899574013, 804.6950097304380733 ) ) ;
#431 = CARTESIAN_POINT ( 'NONE',  ( 55.75581684639082169, 19.04061819399702671, 865.4737906569681627 ) ) ;
#432 = CARTESIAN_POINT ( 'NONE',  ( 143.2929483506198096, 77.55390404890836464, 820.4158644910000930 ) ) ;
#433 = CARTESIAN_POINT ( 'NONE',  ( 196.6434302909186158, 117.8667406996548550, 896.4218272159772596 ) ) ;
#434 = CARTESIAN_POINT ( 'NONE',  ( 21.56526041932408333, -1.089826149485541684, 860.7022481913547836 ) ) ;
#435 = CARTESIAN_POINT ( 'NONE',  ( 208.8457447535346034, 126.2035020177282263, 899.0779035393613867 ) ) ;
#436 = CARTESIAN_POINT ( 'NONE',  ( -3.313960411768210435, -15.26717600178746537, 781.1729475034453571 ) ) ;
#437 = DIRECTION ( 'NONE',  ( -0.5735754540207801400, 0.8191527320961566883, -6.652693951281140011E-06 ) ) ;
#438 = CARTESIAN_POINT ( 'NONE',  ( 73.67523586650025891, 25.87957907988750250, 803.9151570363198971 ) ) ;
#439 = CARTESIAN_POINT ( 'NONE',  ( 213.3003725701581459, 128.6716629797863902, 928.9205489852549817 ) ) ;
#440 = APPLICATION_PROTOCOL_DEFINITION ( 'draft international standard', 'automotive_design', 1998, #1251 ) ;
#441 = CARTESIAN_POINT ( 'NONE',  ( 190.7253282149650033, 116.8592269568827788, 895.4439482579838341 ) ) ;
#442 = CARTESIAN_POINT ( 'NONE',  ( 103.4500250739724976, 52.68076810934067566, 890.3912958801120112 ) ) ;
#443 = CARTESIAN_POINT ( 'NONE',  ( 211.0582527681465876, 131.8737419059061722, 870.1803307469309630 ) ) ;
#444 = CARTESIAN_POINT ( 'NONE',  ( 56.81639088127919024, 19.78323742536171181, 865.7066531390993305 ) ) ;
#445 = CARTESIAN_POINT ( 'NONE',  ( 142.8898009853464259, 78.12965815504740874, 818.0037412710198623 ) ) ;
#446 = ORIENTED_EDGE ( 'NONE', *, *, #860, .T. ) ;
#447 = CARTESIAN_POINT ( 'NONE',  ( 191.4947136296781309, 113.4754037247291478, 925.9349002998286551 ) ) ;
#448 = CARTESIAN_POINT ( 'NONE',  ( 70.02380314178945753, 31.09436544743634556, 784.5780276304296876 ) ) ;
#449 = ADVANCED_FACE ( 'NONE', ( #749 ), #1733, .T. ) ;
#450 = CARTESIAN_POINT ( 'NONE',  ( 23.06889028389306517, -3.236929093909063582, 898.3508885673736586 ) ) ;
#451 = CARTESIAN_POINT ( 'NONE',  ( 35.09464971040430470, 4.310689856582762047, 860.9015035398871305 ) ) ;
#452 = ORIENTED_EDGE ( 'NONE', *, *, #1339, .F. ) ;
#453 = CARTESIAN_POINT ( 'NONE',  ( 204.3614929621531644, 123.0954376414765932, 898.0965286604748599 ) ) ;
#454 = VERTEX_POINT ( 'NONE', #1481 ) ;
#455 = CARTESIAN_POINT ( 'NONE',  ( 211.1949455477660820, 131.6785243851572318, 888.8948703411604129 ) ) ;
#456 = CARTESIAN_POINT ( 'NONE',  ( 196.7084908388900999, 117.7744107462130643, 896.4199544697637521 ) ) ;
#457 = B_SPLINE_CURVE_WITH_KNOTS ( 'NONE', 3,
 ( #427, #1143, #1873, #288 ),
 .UNSPECIFIED., .F., .F.,
 ( 4, 4 ),
 ( 0.0001999833916547477902, 0.0004011724202753209879 ),
 .UNSPECIFIED. ) ;
#458 = CARTESIAN_POINT ( 'NONE',  ( 213.7648643624955866, 128.0082999524122442, 851.2833256139225568 ) ) ;
#459 = ORIENTED_EDGE ( 'NONE', *, *, #1089, .F. ) ;
#460 = CARTESIAN_POINT ( 'NONE',  ( 196.6760460160924140, 117.8207479745685191, 896.4199542070646203 ) ) ;
#461 = CARTESIAN_POINT ( 'NONE',  ( 142.0664382377057677, 79.30554202191579805, 816.1794239721259601 ) ) ;
#462 = CARTESIAN_POINT ( 'NONE',  ( 210.3443964183688308, 124.0808791167503529, 899.0797447611095095 ) ) ;
#463 = CARTESIAN_POINT ( 'NONE',  ( 22.33376334692474074, -2.187180441234559236, 883.2728122538126172 ) ) ;
#464 = CARTESIAN_POINT ( 'NONE',  ( 28.70155961905217978, -0.1469804209899712999, 873.9275205733745224 ) ) ;
#465 = VERTEX_POINT ( 'NONE', #1467 ) ;
#466 = AXIS2_PLACEMENT_3D ( 'NONE', #364, #1403, #239 ) ;
#467 = CARTESIAN_POINT ( 'NONE',  ( 144.4253186476545068, 75.93671166630407754, 848.7807608943214746 ) ) ;
#468 = EDGE_LOOP ( 'NONE', ( #594, #627, #325, #16 ) ) ;
#469 = CARTESIAN_POINT ( 'NONE',  ( 139.9087621913920998, 82.38702276665378577, 872.2274645212294217 ) ) ;
#470 = CARTESIAN_POINT ( 'NONE',  ( 142.1550200344043162, 79.17903410552678167, 920.1389990660711646 ) ) ;
#471 = ORIENTED_EDGE ( 'NONE', *, *, #194, .T. ) ;
#472 = CARTESIAN_POINT ( 'NONE',  ( 211.7080329200024948, 130.9457596772117540, 854.8584957246526983 ) ) ;
#473 = CARTESIAN_POINT ( 'NONE',  ( 73.87453788396152277, 25.59494630091023026, 830.0886582262880893 ) ) ;
#474 = CARTESIAN_POINT ( 'NONE',  ( 141.7517963280143363, 79.75489723807901044, 816.2871264268947016 ) ) ;
#475 = CARTESIAN_POINT ( 'NONE',  ( 197.4894342576210420, 115.1907129635625751, 898.9634958268070477 ) ) ;
#476 = CARTESIAN_POINT ( 'NONE',  ( 24.77077192534487793, -5.667786811798246838, 859.5710809961084351 ) ) ;
#477 = CARTESIAN_POINT ( 'NONE',  ( 134.9422602180964361, 74.48756492766692361, 882.8533313496235451 ) ) ;
#478 = ORIENTED_EDGE ( 'NONE', *, *, #1420, .T. ) ;
#479 = CARTESIAN_POINT ( 'NONE',  ( 144.1575241769640741, 76.31916180583762355, 832.0353679491403227 ) ) ;
#480 = EDGE_LOOP ( 'NONE', ( #898, #356, #182, #346, #1325 ) ) ;
#481 = CARTESIAN_POINT ( 'NONE',  ( 141.2678637642399622, 80.44602456443053029, 909.0103294639587830 ) ) ;
#482 = CARTESIAN_POINT ( 'NONE',  ( 121.7482380551909955, 65.24900798509050048, 879.9565587262914050 ) ) ;
#483 = ORIENTED_EDGE ( 'NONE', *, *, #683, .T. ) ;
#484 = CARTESIAN_POINT ( 'NONE',  ( -0.1124426242617900668, -19.83941724856423861, 749.5127573054589902 ) ) ;
#485 = CARTESIAN_POINT ( 'NONE',  ( 73.12908895018721012, 26.65955770980822237, 862.2838302956814687 ) ) ;
#486 = DIRECTION ( 'NONE',  ( 0.000000000000000000, 0.000000000000000000, 1.000000000000000000 ) ) ;
#487 = CARTESIAN_POINT ( 'NONE',  ( 140.9084225657159095, 80.95935979564417551, 818.9327634362032313 ) ) ;
#488 = CARTESIAN_POINT ( 'NONE',  ( 19.80201206237088485, -10.21885961762396455, 860.9420185110927832 ) ) ;
#489 = ORIENTED_EDGE ( 'NONE', *, *, #1747, .T. ) ;
#490 = CARTESIAN_POINT ( 'NONE',  ( 24.76505735853455903, -5.659628940189830537, 859.5595007298044266 ) ) ;
#491 = CARTESIAN_POINT ( 'NONE',  ( 20.11473213411219518, -1.855646477361025060, 861.8522246252213108 ) ) ;
#492 = ORIENTED_EDGE ( 'NONE', *, *, #1466, .F. ) ;
#493 = CARTESIAN_POINT ( 'NONE',  ( 214.3101023583391509, 127.2296193954482959, 855.5190468485894826 ) ) ;
#494 = ORIENTED_EDGE ( 'NONE', *, *, #1089, .T. ) ;
#495 = VECTOR ( 'NONE', #707, 1000.000000000000000 ) ;
#496 = CARTESIAN_POINT ( 'NONE',  ( 121.7863692956324684, 65.19421570588166048, 879.9576276961890926 ) ) ;
#497 = CARTESIAN_POINT ( 'NONE',  ( -2.237035931483670304, -16.80518355171761513, 758.9183168595864117 ) ) ;
#498 = CARTESIAN_POINT ( 'NONE',  ( 214.5633103269228172, 126.8680009398237587, 896.9092783267617506 ) ) ;
#499 = CARTESIAN_POINT ( 'NONE',  ( 211.7080329200024948, 130.9457596772117540, 854.8584957246526983 ) ) ;
#500 = CARTESIAN_POINT ( 'NONE',  ( 80.38604730306352053, 36.54168908061693344, 870.9000680640496057 ) ) ;
#501 = CARTESIAN_POINT ( 'NONE',  ( 35.36508401584829642, 5.007062433030181836, 861.0385977929330465 ) ) ;
#502 = CARTESIAN_POINT ( 'NONE',  ( 205.7072296767412354, 121.1735548572912506, 899.7707022591995383 ) ) ;
#503 = CARTESIAN_POINT ( 'NONE',  ( 94.87508803519827438, 50.08114772694847261, 877.8262153511863062 ) ) ;
#504 = CARTESIAN_POINT ( 'NONE',  ( 3.132826188048401850, -24.47414143420756716, 774.1227220247466221 ) ) ;
#505 = CARTESIAN_POINT ( 'NONE',  ( 203.3135285896165385, 124.5921137910331709, 898.9064965474906330 ) ) ;
#506 = CARTESIAN_POINT ( 'NONE',  ( -0.9729188504046579755, -18.61052984134929744, 751.0167128472036211 ) ) ;
#507 = CARTESIAN_POINT ( 'NONE',  ( 214.8584416154035353, 126.4465097784531196, 883.5493426761004230 ) ) ;
#508 = LINE ( 'NONE', #690, #318 ) ;
#509 = CARTESIAN_POINT ( 'NONE',  ( 214.9212023287768147, 126.3568781907473664, 872.8541623529612252 ) ) ;
#510 = STYLED_ITEM ( 'NONE', ( #86 ), #1430 ) ;
#511 = CARTESIAN_POINT ( 'NONE',  ( 48.70663203103116246, 10.18761817096681632, 867.2569653388417237 ) ) ;
#512 = CARTESIAN_POINT ( 'NONE',  ( 133.7681752262737973, 73.66564410747578506, 882.5955425163276686 ) ) ;
#513 = DIRECTION ( 'NONE',  ( -0.8062139315755763036, -0.5645170692203458351, -0.1770298706216643647 ) ) ;
#514 = CARTESIAN_POINT ( 'NONE',  ( 169.6638768727799516, 102.0414731230472825, 893.5957700200219733 ) ) ;
#515 = CARTESIAN_POINT ( 'NONE',  ( 213.9263880598670085, 127.7776202059699671, 852.2458641094955283 ) ) ;
#516 = DIRECTION ( 'NONE',  ( 0.8118293669827755243, 0.5684490425013410952, 0.1334120121415401095 ) ) ;
#517 = CARTESIAN_POINT ( 'NONE',  ( -1.513218181584780275, -17.83890242848028862, 753.3783439421060848 ) ) ;
#518 = FACE_OUTER_BOUND ( 'NONE', #1622, .T. ) ;
#519 = CARTESIAN_POINT ( 'NONE',  ( 72.99279087707101610, 26.85421153125191651, 866.3047283433328403 ) ) ;
#520 = CARTESIAN_POINT ( 'NONE',  ( 178.6573508921092923, 104.8531944539943623, 906.8550765090045616 ) ) ;
#521 = CARTESIAN_POINT ( 'NONE',  ( 129.4550580263376105, 71.25669748230509981, 915.8339587513970628 ) ) ;
#522 = CARTESIAN_POINT ( 'NONE',  ( 119.8037338870922497, 63.64344840090917188, 893.9318959536228704 ) ) ;
#523 = CARTESIAN_POINT ( 'NONE',  ( 213.1667062286732346, 128.8625582989466238, 849.5985206030031804 ) ) ;
#524 = CARTESIAN_POINT ( 'NONE',  ( 203.0084769825184594, 125.0277707188983385, 899.8071596997424422 ) ) ;
#525 = CARTESIAN_POINT ( 'NONE',  ( 211.4494882497518233, 131.3149997326862319, 858.1703062687957981 ) ) ;
#526 = SURFACE_STYLE_USAGE ( .BOTH. , #387 ) ;
#527 = CARTESIAN_POINT ( 'NONE',  ( 73.87453788396152277, 25.59494630091023026, 830.0886582262880893 ) ) ;
#528 = CARTESIAN_POINT ( 'NONE',  ( 204.8710675553254248, 122.3679150781374005, 923.5488745840867750 ) ) ;
#529 = CARTESIAN_POINT ( 'NONE',  ( 204.0748655608094850, 123.5050487846449982, 928.0965306210260906 ) ) ;
#530 = CARTESIAN_POINT ( 'NONE',  ( 194.5521993420125284, 116.4711969312398452, 910.3956712603603592 ) ) ;
#531 = CARTESIAN_POINT ( 'NONE',  ( 1.132303598751723595, -21.61709908586081852, 751.5356442139875526 ) ) ;
#532 = CARTESIAN_POINT ( 'NONE',  ( 196.0721802246151526, 117.5353818681305569, 896.3071933242040359 ) ) ;
#533 = CARTESIAN_POINT ( 'NONE',  ( 139.5787016432977055, 82.85839808051868260, 842.0790406311105016 ) ) ;
#534 = ADVANCED_FACE ( 'NONE', ( #324 ), #565, .F. ) ;
#535 = CARTESIAN_POINT ( 'NONE',  ( 73.59168483293107954, 25.99890232194059436, 846.1925104178903894 ) ) ;
#536 = DIRECTION ( 'NONE',  ( 0.9893182699774497602, -1.381674511121135629E-14, 0.1457716045354026380 ) ) ;
#537 = CARTESIAN_POINT ( 'NONE',  ( 205.7039001143723738, 121.1783119828149751, 899.7545408683298547 ) ) ;
#538 = B_SPLINE_CURVE_WITH_KNOTS ( 'NONE', 3,
 ( #1287, #1866, #1749, #1176, #758, #1617 ),
 .UNSPECIFIED., .F., .F.,
 ( 4, 2, 4 ),
 ( 0.000000000000000000, 0.02104698422492106563, 0.04218355103482102075 ),
 .UNSPECIFIED. ) ;
#539 = EDGE_CURVE ( 'NONE', #1049, #1340, #1864, .T. ) ;
#540 = CARTESIAN_POINT ( 'NONE',  ( 1.834429621142680711, -22.61983896522026427, 755.4607392153016008 ) ) ;
#541 = CARTESIAN_POINT ( 'NONE',  ( 204.0748655608094850, 123.5050487846449982, 928.0965306210260906 ) ) ;
#542 = ADVANCED_FACE ( 'NONE', ( #925 ), #1802, .F. ) ;
#543 = CARTESIAN_POINT ( 'NONE',  ( 139.5531381585632289, 82.89490652028857198, 845.4297639899609749 ) ) ;
#544 = CARTESIAN_POINT ( 'NONE',  ( 22.38965017828066095, -0.2759712399328164700, 862.3485129135929128 ) ) ;
#545 = CARTESIAN_POINT ( 'NONE',  ( 2.335674190686541696, -23.33569039810485179, 846.9976463075832953 ) ) ;
#546 = CARTESIAN_POINT ( 'NONE',  ( 180.6666091837291788, 106.3663950933744360, 892.8793581274982216 ) ) ;
#547 = CARTESIAN_POINT ( 'NONE',  ( 68.85726314690127481, 32.76035721592074879, 862.2838302976778095 ) ) ;
#548 = CARTESIAN_POINT ( 'NONE',  ( 140.1650466161867996, 82.02101067622359665, 825.6424232743783023 ) ) ;
#549 = EDGE_CURVE ( 'NONE', #609, #1055, #244, .T. ) ;
#550 = CARTESIAN_POINT ( 'NONE',  ( 98.30393202112466611, 45.18425907287829091, 877.8262141948480348 ) ) ;
#551 = CARTESIAN_POINT ( 'NONE',  ( 73.18246587806260095, 26.58332755665713520, 794.2207006091374524 ) ) ;
#552 = VECTOR ( 'NONE', #1533, 1000.000000000000114 ) ;
#553 = CARTESIAN_POINT ( 'NONE',  ( 21.98854419045729713, -1.694349914094080978, 859.4757914471377944 ) ) ;
#554 = CARTESIAN_POINT ( 'NONE',  ( -2.112704018193282796, -16.98274792585791459, 853.2587429934861802 ) ) ;
#555 = CARTESIAN_POINT ( 'NONE',  ( 211.3037425475698399, 131.5231461667480346, 860.8322380219074148 ) ) ;
#556 = CARTESIAN_POINT ( 'NONE',  ( 87.83656950216997927, 42.11481674878621817, 908.9945594748311350 ) ) ;
#557 = DIRECTION ( 'NONE',  ( 0.5735754540206754459, -0.8191527320962298520, 6.652693941537843686E-06 ) ) ;
#558 = CARTESIAN_POINT ( 'NONE',  ( 144.2176455449521200, 76.23329959398256506, 833.7075920478932858 ) ) ;
#559 = AXIS2_PLACEMENT_3D ( 'NONE', #1708, #985, #845 ) ;
#560 = CARTESIAN_POINT ( 'NONE',  ( 21.98481127812906877, -1.689019056394935214, 859.4828793420520014 ) ) ;
#561 = CARTESIAN_POINT ( 'NONE',  ( 211.3216429673860546, 131.4975817178675754, 894.2383636226301178 ) ) ;
#562 = CARTESIAN_POINT ( 'NONE',  ( -3.226746482434871499, -15.39173040112501489, 777.2550534968034981 ) ) ;
#563 = CARTESIAN_POINT ( 'NONE',  ( 77.73963391226175190, 34.43385189606173924, 870.2990680001488499 ) ) ;
#564 = CARTESIAN_POINT ( 'NONE',  ( 3.048358069402237192, -24.35350845892977745, 771.7748737198609206 ) ) ;
#565 =( BOUNDED_SURFACE ( )  B_SPLINE_SURFACE ( 2, 3, ( 
 ( #1775, #435, #1006, #1445, #166, #15, #1158, #5, #297, #724, #179, #153, #1151, #451, #1180, #1606, #900, #1192 ),
 ( #42, #339, #1338, #1052, #441, #1764, #1012, #621, #1594, #874, #1453, #593, #1036, #1167, #1752, #1621, #1633, #1494 ),
 ( #193, #776, #1353, #1093, #658, #1080, #514, #634, #54, #503, #1647, #788, #1669, #1365, #375, #491, #1220, #1658 ) ),
 .UNSPECIFIED., .F., .F., .T. ) 
 B_SPLINE_SURFACE_WITH_KNOTS ( ( 3, 3 ),
 ( 4, 2, 2, 2, 2, 2, 2, 2, 4 ),
 ( 0.000000000000000000, 1.000000000000000000 ),
 ( 0.000000000000000000, 0.01540343205230466916, 0.03080686410460933833, 0.06161372820921867666, 0.1232274564184373533, 0.1848411846276560300, 0.2156480487322653683, 0.2310514807845700513, 0.2464549128368747066 ),
 .UNSPECIFIED. ) 
 GEOMETRIC_REPRESENTATION_ITEM ( )  RATIONAL_B_SPLINE_SURFACE ( (
 ( 1.000000000000000000, 1.000000000000000000, 1.000000000000000000, 1.000000000000000000, 1.000000000000000000, 1.000000000000000000, 1.000000000000000000, 1.000000000000000000, 1.000000000000000000, 1.000000000000000000, 1.000000000000000000, 1.000000000000000000, 1.000000000000000000, 1.000000000000000000, 1.000000000000000000, 1.000000000000000000, 1.000000000000000000, 1.000000000000000000),
 ( 0.6862519015050485560, 0.6861426007319110232, 0.6860400549208454102, 0.6858400810163995942, 0.6857429543038717767, 0.6854601660540639019, 0.6852832518757209224, 0.6847849275661775925, 0.6844956243396969064, 0.6839934140675052454, 0.6837776184227294385, 0.6835040114160593205, 0.6834212132125296879, 0.6833094449997303421, 0.6832742609155106894, 0.6832080125876855980, 0.6831769938811464993, 0.6831460226608949693),
 ( 1.000000000000000000, 1.000000000000000000, 1.000000000000000000, 1.000000000000000000, 1.000000000000000000, 1.000000000000000000, 1.000000000000000000, 1.000000000000000000, 1.000000000000000000, 1.000000000000000000, 1.000000000000000000, 1.000000000000000000, 1.000000000000000000, 1.000000000000000000, 1.000000000000000000, 1.000000000000000000, 1.000000000000000000, 1.000000000000000000) ) ) 
 REPRESENTATION_ITEM ( '' )  SURFACE ( )  );
#566 = CARTESIAN_POINT ( 'NONE',  ( 71.19591579524680469, 29.42041509772373686, 907.8068781377187406 ) ) ;
#567 = CARTESIAN_POINT ( 'NONE',  ( 21.46000068053462684, -0.9414468400985728236, 861.4585798461408785 ) ) ;
#568 = CARTESIAN_POINT ( 'NONE',  ( 140.2094179080328331, 81.95764190421752460, 882.2666725340848188 ) ) ;
#569 = CARTESIAN_POINT ( 'NONE',  ( -3.406199014179731588, -15.13544562560880635, 799.9906555251097870 ) ) ;
#570 = CARTESIAN_POINT ( 'NONE',  ( 56.79488700423753045, 19.76818025169060178, 865.7019317359781780 ) ) ;
#571 = CARTESIAN_POINT ( 'NONE',  ( 73.75566015456824687, 25.76472129318943161, 806.5968048697683344 ) ) ;
#572 = CARTESIAN_POINT ( 'NONE',  ( 143.0039966840764123, 77.96656979552670919, 902.3287122475113620 ) ) ;
#573 = CARTESIAN_POINT ( 'NONE',  ( 22.04347137908190035, -1.772761203829599008, 859.3751446567066523 ) ) ;
#574 = CARTESIAN_POINT ( 'NONE',  ( 174.7902489029960407, 102.4815507337002600, 891.6127265435915206 ) ) ;
#575 = CARTESIAN_POINT ( 'NONE',  ( 68.16295302311132787, 33.75193483527225879, 834.1156043882567701 ) ) ;
#576 = CARTESIAN_POINT ( 'NONE',  ( 23.35499485677313913, -3.645833136815891606, 858.3550850663345955 ) ) ;
#577 = CARTESIAN_POINT ( 'NONE',  ( 214.8630383745648089, 126.4399449260198480, 867.5070630339204172 ) ) ;
#578 = LINE ( 'NONE', #1591, #871 ) ;
#579 = CARTESIAN_POINT ( 'NONE',  ( 153.8124709847546967, 87.77042757474953305, 887.0040860980950583 ) ) ;
#580 = EDGE_CURVE ( 'NONE', #1479, #340, #801, .T. ) ;
#581 = CARTESIAN_POINT ( 'NONE',  ( 27.12523633046069804, -5.047848011715728056, 862.5534838858876583 ) ) ;
#582 = AXIS2_PLACEMENT_3D ( 'NONE', #1588, #1153, #157 ) ;
#583 = CARTESIAN_POINT ( 'NONE',  ( 68.46892751307264291, 33.31495797732024045, 799.8966508143795409 ) ) ;
#584 = DIRECTION ( 'NONE',  ( 0.5735756964283538206, -0.8191525623879314377, -1.215951841202079814E-07 ) ) ;
#585 = EDGE_CURVE ( 'NONE', #57, #640, #1829, .T. ) ;
#586 = CARTESIAN_POINT ( 'NONE',  ( 71.67109499907034831, 28.74178886493812612, 783.7083636325243106 ) ) ;
#587 = ORIENTED_EDGE ( 'NONE', *, *, #323, .T. ) ;
#588 = CARTESIAN_POINT ( 'NONE',  ( 204.6483490106338650, 122.6860279643139364, 928.0965304994505232 ) ) ;
#589 = APPLICATION_PROTOCOL_DEFINITION ( 'draft international standard', 'automotive_design', 1998, #1044 ) ;
#590 = CARTESIAN_POINT ( 'NONE',  ( 140.3930099695070908, 81.69544526756864400, 822.8784361029638603 ) ) ;
#591 = CARTESIAN_POINT ( 'NONE',  ( 203.7172836577085206, 124.0155294850685408, 898.3681654322506347 ) ) ;
#592 = B_SPLINE_CURVE_WITH_KNOTS ( 'NONE', 3,
 ( #1324, #574, #735, #579, #27, #477 ),
 .UNSPECIFIED., .F., .F.,
 ( 4, 2, 4 ),
 ( 0.1312661569874837564, 0.2268721979615356266, 0.3835205830634744739 ),
 .UNSPECIFIED. ) ;
#593 = CARTESIAN_POINT ( 'NONE',  ( 53.72263029807090362, 21.78092574697519979, 865.4485531498150976 ) ) ;
#594 = ORIENTED_EDGE ( 'NONE', *, *, #84, .F. ) ;
#595 = CARTESIAN_POINT ( 'NONE',  ( 205.7901816535329829, 121.0550952359962480, 900.7854036288667885 ) ) ;
#596 = EDGE_CURVE ( 'NONE', #1174, #1746, #1609, .T. ) ;
#597 = VERTEX_POINT ( 'NONE', #109 ) ;
#598 = CARTESIAN_POINT ( 'NONE',  ( 211.6520365340886372, 131.0257308041407214, 904.9188924165897561 ) ) ;
#599 = CARTESIAN_POINT ( 'NONE',  ( 57.37760206017760822, 20.17620188040407569, 865.8298720913229545 ) ) ;
#600 = CARTESIAN_POINT ( 'NONE',  ( 143.1729883903350924, 77.72522462707821944, 819.6044445099391851 ) ) ;
#601 = ORIENTED_EDGE ( 'NONE', *, *, #207, .F. ) ;
#602 = ADVANCED_FACE ( 'NONE', ( #393 ), #1244, .F. ) ;
#603 = DIRECTION ( 'NONE',  ( -0.8062139315755754154, -0.5645170692203471674, -0.1770298706216641704 ) ) ;
#604 = CARTESIAN_POINT ( 'NONE',  ( 211.9368530685699170, 130.6189706381354654, 852.8934271288488844 ) ) ;
#605 = CARTESIAN_POINT ( 'NONE',  ( 49.38027499333613690, 10.36242252791988250, 863.6307475389854744 ) ) ;
#606 = ORIENTED_EDGE ( 'NONE', *, *, #334, .T. ) ;
#607 = CARTESIAN_POINT ( 'NONE',  ( 22.91206442483833783, -3.012982800564672381, 895.3367187874900992 ) ) ;
#608 = CARTESIAN_POINT ( 'NONE',  ( 178.6573508921092923, 104.8531944539943623, 906.8550765090045616 ) ) ;
#609 = VERTEX_POINT ( 'NONE', #966 ) ;
#610 = CARTESIAN_POINT ( 'NONE',  ( 2.341270088022658236, -23.34368216773117766, 760.0804356895570209 ) ) ;
#611 = ORIENTED_EDGE ( 'NONE', *, *, #207, .T. ) ;
#612 = CARTESIAN_POINT ( 'NONE',  ( 139.7499870315778026, 82.61377719466274527, 865.5312440160320193 ) ) ;
#613 = FACE_OUTER_BOUND ( 'NONE', #337, .T. ) ;
#614 = CARTESIAN_POINT ( 'NONE',  ( 1.132303598751723595, -21.61709908586081852, 751.5356442139875526 ) ) ;
#615 = VERTEX_POINT ( 'NONE', #1671 ) ;
#616 = CARTESIAN_POINT ( 'NONE',  ( 214.1803077050211641, 127.4149853708700704, 908.4774181442001009 ) ) ;
#617 = CARTESIAN_POINT ( 'NONE',  ( 70.71123809614151412, 30.11260658761354847, 782.9757322507874733 ) ) ;
#618 = VERTEX_POINT ( 'NONE', #1388 ) ;
#619 = ORIENTED_EDGE ( 'NONE', *, *, #1409, .T. ) ;
#620 = DIRECTION ( 'NONE',  ( -0.5735764342521678660, 0.8191520457586420889, 0.000000000000000000 ) ) ;
#621 = CARTESIAN_POINT ( 'NONE',  ( 145.0472146348310787, 85.16611297653740564, 885.4438932883593907 ) ) ;
#622 = ORIENTED_EDGE ( 'NONE', *, *, #580, .F. ) ;
#623 = CARTESIAN_POINT ( 'NONE',  ( 3.313958165324612626, -24.73282470651186316, 781.1729475034481993 ) ) ;
#624 = VERTEX_POINT ( 'NONE', #1095 ) ;
#625 = CARTESIAN_POINT ( 'NONE',  ( 69.18444834754798478, 32.29308832378170280, 871.6649680450846063 ) ) ;
#626 = CARTESIAN_POINT ( 'NONE',  ( 204.3614929621531644, 123.0954376414765932, 898.0965286604748599 ) ) ;
#627 = ORIENTED_EDGE ( 'NONE', *, *, #414, .T. ) ;
#628 = CARTESIAN_POINT ( 'NONE',  ( 212.5295516507627838, 129.7725093393763984, 850.0847312374967260 ) ) ;
#629 = CARTESIAN_POINT ( 'NONE',  ( 73.59168483293107954, 25.99890232194059436, 846.1925104178903894 ) ) ;
#630 = DIRECTION ( 'NONE',  ( 0.1450182577416667951, 0.1015346249225058256, -0.9842054789846567120 ) ) ;
#631 = CARTESIAN_POINT ( 'NONE',  ( 0.1124403647914970078, -20.16058344113090683, 749.5127573054589902 ) ) ;
#632 = CARTESIAN_POINT ( 'NONE',  ( 14.20134219099946904, -9.901695882924695269, 856.3567612012710697 ) ) ;
#633 = CARTESIAN_POINT ( 'NONE',  ( 24.26876962742459298, -4.950752905325118469, 858.8346168150882249 ) ) ;
#634 = CARTESIAN_POINT ( 'NONE',  ( 144.7380046256353410, 84.72953432291528486, 888.2964160846224786 ) ) ;
#635 = ORIENTED_EDGE ( 'NONE', *, *, #734, .F. ) ;
#636 = CARTESIAN_POINT ( 'NONE',  ( 144.0023192014289179, 76.54081748228487925, 828.6953401556093013 ) ) ;
#637 = ORIENTED_EDGE ( 'NONE', *, *, #202, .F. ) ;
#638 = CARTESIAN_POINT ( 'NONE',  ( 140.0016203972289475, 82.25440750507826237, 875.5745316206252937 ) ) ;
#639 = FACE_OUTER_BOUND ( 'NONE', #1759, .T. ) ;
#640 = VERTEX_POINT ( 'NONE', #1681 ) ;
#641 = CARTESIAN_POINT ( 'NONE',  ( 140.4763076335865719, 81.57648387464945472, 822.0533338693742280 ) ) ;
#642 = CARTESIAN_POINT ( 'NONE',  ( 73.75881752341005893, 25.76021210317161803, 838.1419576932848940 ) ) ;
#643 = CARTESIAN_POINT ( 'NONE',  ( -1.986508815702578534, -17.16297335275523750, 756.6067952899247757 ) ) ;
#644 = CARTESIAN_POINT ( 'NONE',  ( 212.9428415495018214, 129.1623782939208525, 899.9868420193305383 ) ) ;
#645 = DIRECTION ( 'NONE',  ( 0.8062139315755639801, 0.5645170692203628215, 0.1770298706216669182 ) ) ;
#646 = CARTESIAN_POINT ( 'NONE',  ( 24.78147331589003599, -5.682953379190317733, 874.2207175257187828 ) ) ;
#647 = CARTESIAN_POINT ( 'NONE',  ( 144.0863714100884465, 76.42077848802479423, 830.3644444181435347 ) ) ;
#648 = CARTESIAN_POINT ( 'NONE',  ( 190.1591461376986842, 113.3950308381742360, 895.0074216169906549 ) ) ;
#649 = ORIENTED_EDGE ( 'NONE', *, *, #1875, .T. ) ;
#650 = AXIS2_PLACEMENT_3D ( 'NONE', #831, #389, #536 ) ;
#651 = CARTESIAN_POINT ( 'NONE',  ( -2.437208486954864917, -16.51930751561694777, 761.2447133951325213 ) ) ;
#652 = CARTESIAN_POINT ( 'NONE',  ( 214.3974881145583709, 127.1048196018856373, 902.2495147726269806 ) ) ;
#653 = DIRECTION ( 'NONE',  ( -0.5735764342520096593, 0.8191520457587530002, 0.000000000000000000 ) ) ;
#654 = CARTESIAN_POINT ( 'NONE',  ( 144.4253186476545068, 75.93671166630407754, 848.7807608943214746 ) ) ;
#655 = CARTESIAN_POINT ( 'NONE',  ( 32.18679696368687360, -1.474048619060261966, 863.6642654366244187 ) ) ;
#656 = FACE_OUTER_BOUND ( 'NONE', #791, .T. ) ;
#657 = DIRECTION ( 'NONE',  ( 0.1450182577416667951, 0.1015346249225058256, -0.9842054789846567120 ) ) ;
#658 = CARTESIAN_POINT ( 'NONE',  ( 190.4304775045908684, 116.4591294743786705, 898.0628458812200279 ) ) ;
#659 = CARTESIAN_POINT ( 'NONE',  ( 143.7223222941450160, 76.94069450731608129, 824.5353737206806954 ) ) ;
#660 = DIRECTION ( 'NONE',  ( 0.1092847224784518206, 0.07652198649056501933, -0.9910606616228623267 ) ) ;
#661 = CARTESIAN_POINT ( 'NONE',  ( 69.42266311111099242, 31.95288238402316239, 787.9383018531514153 ) ) ;
#662 = CARTESIAN_POINT ( 'NONE',  ( -0.07175931073705600627, -19.89751904168257113, 898.5981009540909099 ) ) ;
#663 = CARTESIAN_POINT ( 'NONE',  ( 1.428783715782174557, -22.04051657403678632, 870.4686296950930000 ) ) ;
#664 = AXIS2_PLACEMENT_3D ( 'NONE', #225, #379, #943 ) ;
#665 = CARTESIAN_POINT ( 'NONE',  ( 205.7901816535329829, 121.0550952359962480, 900.7854036288667885 ) ) ;
#666 = DIRECTION ( 'NONE',  ( 0.5735764342520702774, -0.8191520457587104787, 0.000000000000000000 ) ) ;
#667 = CARTESIAN_POINT ( 'NONE',  ( 196.7439104673574093, 117.7238264190011705, 896.4199549088185677 ) ) ;
#668 = CARTESIAN_POINT ( 'NONE',  ( 1.268226016419748747, -21.81121641572498149, 752.0743075446004013 ) ) ;
#669 = CARTESIAN_POINT ( 'NONE',  ( 202.9602610934337008, 125.0958018108507019, 900.1110874890297282 ) ) ;
#670 = EDGE_CURVE ( 'NONE', #894, #624, #1396, .T. ) ;
#671 = CARTESIAN_POINT ( 'NONE',  ( 212.3360211139838611, 130.0488995897209747, 850.6627944633123661 ) ) ;
#672 = CARTESIAN_POINT ( 'NONE',  ( 180.6415349551291456, 106.4022047168718643, 892.8793578183405089 ) ) ;
#673 = CARTESIAN_POINT ( 'NONE',  ( 214.4831252832702546, 126.9825170500865283, 899.5796527267224292 ) ) ;
#674 = CARTESIAN_POINT ( 'NONE',  ( 46.73034500143693748, 12.80229942314006131, 863.5047176627272165 ) ) ;
#675 = CARTESIAN_POINT ( 'NONE',  ( 192.0817561653024086, 114.2529470328437071, 895.3794942916738364 ) ) ;
#676 = DIRECTION ( 'NONE',  ( 0.1450182577416667951, 0.1015346249225058256, -0.9842054789846567120 ) ) ;
#677 = CARTESIAN_POINT ( 'NONE',  ( 143.1729883903350924, 77.72522462707821944, 819.6044445099391851 ) ) ;
#678 = CARTESIAN_POINT ( 'NONE',  ( 203.2622576274121400, 124.6654579463691022, 899.0094109777662652 ) ) ;
#679 = CARTESIAN_POINT ( 'NONE',  ( 68.68855139764046669, 33.00130256434195530, 795.8869776389778963 ) ) ;
#680 =( NAMED_UNIT ( * ) PLANE_ANGLE_UNIT ( ) SI_UNIT ( $, .RADIAN. ) );
#681 = CARTESIAN_POINT ( 'NONE',  ( 143.6499075634554856, 77.04411346060865640, 885.6118103790822715 ) ) ;
#682 = CARTESIAN_POINT ( 'NONE',  ( 28.70155961905217978, -0.1469804209899712999, 873.9275205733745224 ) ) ;
#683 = EDGE_CURVE ( 'NONE', #1746, #164, #1292, .T. ) ;
#684 = CARTESIAN_POINT ( 'NONE',  ( 134.9422602180964361, 74.48756492766692361, 882.8533313496235451 ) ) ;
#685 = CARTESIAN_POINT ( 'NONE',  ( 121.7097796333144828, 65.30359727090485933, 879.9576270876008266 ) ) ;
#686 = CARTESIAN_POINT ( 'NONE',  ( 143.4012041031230638, 77.39929881175235948, 821.2320837972768004 ) ) ;
#687 = CARTESIAN_POINT ( 'NONE',  ( 180.4866923886000336, 106.6223058400038184, 892.8826651518231756 ) ) ;
#688 = CARTESIAN_POINT ( 'NONE',  ( 211.0582527681465876, 131.8737419059061722, 870.1803307469309630 ) ) ;
#689 = PRODUCT_DEFINITION_SHAPE ( 'NONE', 'NONE',  #1084 ) ;
#690 = CARTESIAN_POINT ( 'NONE',  ( 103.6794552555807485, 52.35310701650221432, 890.3912985411895988 ) ) ;
#691 = CARTESIAN_POINT ( 'NONE',  ( 214.9154650257131323, 126.3650719086825092, 878.2022096739694916 ) ) ;
#692 = CARTESIAN_POINT ( 'NONE',  ( 46.69111834225769542, 12.85631623206991314, 863.5111101910033540 ) ) ;
#693 = CARTESIAN_POINT ( 'NONE',  ( 23.06889028389306517, -3.236929093909063582, 898.3508885673736586 ) ) ;
#694 = CARTESIAN_POINT ( 'NONE',  ( -2.916999360595794677, -15.83409513577371897, 828.2056663184281433 ) ) ;
#695 = CARTESIAN_POINT ( 'NONE',  ( -3.416302434431519153, -15.12101644611492013, 790.5809672639302335 ) ) ;
#696 = B_SPLINE_CURVE_WITH_KNOTS ( 'NONE', 3,
 ( #1390, #544, #1830, #1097, #1820, #1262, #960, #1809, #952, #1530, #235, #251, #75, #1227, #1664, #1522, #395, #803 ),
 .UNSPECIFIED., .F., .F.,
 ( 4, 2, 2, 2, 2, 2, 2, 2, 4 ),
 ( 0.000000000000000000, 0.01551870286517533469, 0.08418589325015089775, 0.2215202740201018816, 0.4961890355600038771, 0.7708577970999058726, 0.9081921778698568426, 0.9768593682548323276, 1.000000000000000000 ),
 .UNSPECIFIED. ) ;
#697 = CARTESIAN_POINT ( 'NONE',  ( 204.8538345331586470, 122.3923631769893774, 898.2512776511448465 ) ) ;
#698 = CARTESIAN_POINT ( 'NONE',  ( 3.132826188048401850, -24.47414143420756716, 774.1227220247466221 ) ) ;
#699 = CARTESIAN_POINT ( 'NONE',  ( 21.60704794791774574, -1.149372233694146317, 860.5120614849082585 ) ) ;
#700 = CARTESIAN_POINT ( 'NONE',  ( 212.6586882202616380, 129.5880832050495428, 928.9205491098506400 ) ) ;
#701 = CARTESIAN_POINT ( 'NONE',  ( 139.5531381585632289, 82.89490652028857198, 845.4297639899609749 ) ) ;
#702 = CARTESIAN_POINT ( 'NONE',  ( 204.8884472352808359, 122.3429041850341292, 898.2752977319669299 ) ) ;
#703 = CARTESIAN_POINT ( 'NONE',  ( 3.226744235991368281, -24.60827030717443265, 777.2550534968008833 ) ) ;
#704 = FACE_OUTER_BOUND ( 'NONE', #1311, .T. ) ;
#705 = CARTESIAN_POINT ( 'NONE',  ( 140.6936162622007771, 81.26613498984470141, 895.6439082354279435 ) ) ;
#706 = CARTESIAN_POINT ( 'NONE',  ( 211.0332689534633346, 131.9094224910468256, 875.5282126939006275 ) ) ;
#707 = DIRECTION ( 'NONE',  ( 0.1450182577416667951, 0.1015346249225058256, -0.9842054789846567120 ) ) ;
#708 = CARTESIAN_POINT ( 'NONE',  ( 144.3466783048180275, 76.04902171517592535, 838.7290245237629733 ) ) ;
#709 = DIRECTION ( 'NONE',  ( -0.5735754540203471530, 0.8191527320964597791, -6.652693951284165613E-06 ) ) ;
#710 = B_SPLINE_CURVE_WITH_KNOTS ( 'NONE', 3,
 ( #286, #1871, #1744, #431, #1863, #868, #570, #444, #1015, #1147, #599, #148, #1728, #1597, #729, #563, #1720, #1002, #425, #995, #1583, #141, #719, #781, #199, #918, #1499, #1793, #1185, #1210 ),
 .UNSPECIFIED., .F., .F.,
 ( 4, 1, 1, 1, 2, 2, 1, 1, 1, 1, 2, 1, 1, 1, 1, 2, 2, 1, 1, 1, 2, 4 ),
 ( 0.2127366669964350643, 0.2784679431212940814, 0.2949007621525088774, 0.2990089669103124792, 0.2995224925050379294, 0.3000360180997633242, 0.3010630692892143356, 0.3031171716681163031, 0.3113335811837241729, 0.3441992192461554856, 0.4756617714958810139, 0.4920945905270966980, 0.4962027952849006329, 0.4982568976638027114, 0.4992839488532539449, 0.4997974744479791176, 0.5000542372453417039, 0.5003110000427042348, 0.5085274095583159903, 0.5413930476207642339, 0.6071243237456607211, 0.7385868759954532514 ),
 .UNSPECIFIED. ) ;
#711 = CARTESIAN_POINT ( 'NONE',  ( 211.1434844961746933, 131.7520183834122918, 886.2223378906450080 ) ) ;
#712 = CARTESIAN_POINT ( 'NONE',  ( -3.424374528662141870, -15.10948830082923067, 795.2858572951124643 ) ) ;
#713 = CARTESIAN_POINT ( 'NONE',  ( 44.59640806895547627, 11.47102205625542659, 877.4681153247302063 ) ) ;
#714 = CARTESIAN_POINT ( 'NONE',  ( 214.3101023583391509, 127.2296193954482959, 855.5190468485894826 ) ) ;
#715 = CARTESIAN_POINT ( 'NONE',  ( 1.008805746319053176, -21.44072587407243091, 879.8498069073446004 ) ) ;
#716 = CARTESIAN_POINT ( 'NONE',  ( 21.45151336433583822, -0.9273674390988327909, 862.1433919560419099 ) ) ;
#717 = CARTESIAN_POINT ( 'NONE',  ( 212.9387462032269980, 129.1881189549047804, 934.2462908152377850 ) ) ;
#718 = CARTESIAN_POINT ( 'NONE',  ( 139.5892396138134757, 82.84334829893188612, 855.4823067221212796 ) ) ;
#719 = CARTESIAN_POINT ( 'NONE',  ( 79.16193935603634202, 35.42976004926941869, 870.6111670693636597 ) ) ;
#720 = CARTESIAN_POINT ( 'NONE',  ( 73.88720157853391868, 25.57686067074882885, 813.9777505152901540 ) ) ;
#721 = CARTESIAN_POINT ( 'NONE',  ( 0.2368115560892972427, -20.33820391007931505, 895.4747572093665440 ) ) ;
#722 = EDGE_CURVE ( 'NONE', #57, #1322, #188, .T. ) ;
#723 = VECTOR ( 'NONE', #1666, 1000.000000000000000 ) ;
#724 = CARTESIAN_POINT ( 'NONE',  ( 97.14633888011258023, 47.84730567082107200, 874.5359549801049752 ) ) ;
#725 = B_SPLINE_CURVE_WITH_KNOTS ( 'NONE', 3,
 ( #1264, #674, #692, #1248 ),
 .UNSPECIFIED., .F., .F.,
 ( 4, 4 ),
 ( 0.0002023293805368020276, 0.0004034336297828782707 ),
 .UNSPECIFIED. ) ;
#726 = ADVANCED_FACE ( 'NONE', ( #165 ), #748, .T. ) ;
#727 = CARTESIAN_POINT ( 'NONE',  ( 26.19223296877050444, -5.706627306373349029, 862.3485099546553556 ) ) ;
#728 = CARTESIAN_POINT ( 'NONE',  ( 139.6881303672639092, 82.70211766650622565, 835.9385562427354444 ) ) ;
#729 = CARTESIAN_POINT ( 'NONE',  ( 76.94158285950339859, 33.87505218357205194, 870.1239468194714846 ) ) ;
#730 = CARTESIAN_POINT ( 'NONE',  ( 72.17653637867665850, 28.01994376612841720, 785.5131440271468364 ) ) ;
#731 = CARTESIAN_POINT ( 'NONE',  ( -17.48306543655645839, 54.67800746205173112, 975.3667856778782834 ) ) ;
#732 = VECTOR ( 'NONE', #657, 1000.000000000000000 ) ;
#733 = CARTESIAN_POINT ( 'NONE',  ( 203.9721407624773803, 123.6515102709737448, 898.1674825009133656 ) ) ;
#734 = EDGE_CURVE ( 'NONE', #1058, #1746, #1763, .T. ) ;
#735 = CARTESIAN_POINT ( 'NONE',  ( 169.0224537801987310, 98.44159873651781822, 890.3460900158779623 ) ) ;
#736 = EDGE_LOOP ( 'NONE', ( #637, #1342, #1634, #1211 ) ) ;
#737 = DIRECTION ( 'NONE',  ( 0.8191527321143570184, 0.5735754540333681817, 0.000000000000000000 ) ) ;
#738 = VECTOR ( 'NONE', #1838, 1000.000000000000227 ) ;
#739 = EDGE_CURVE ( 'NONE', #1794, #465, #1724, .T. ) ;
#740 = CARTESIAN_POINT ( 'NONE',  ( 68.72835315119658617, 32.94445976933553766, 858.2621862780267747 ) ) ;
#741 = CARTESIAN_POINT ( 'NONE',  ( 196.6106314403069462, 117.9124094673956904, 896.4255672140948263 ) ) ;
#742 = CARTESIAN_POINT ( 'NONE',  ( 213.7005884698097589, 128.1000954404335914, 850.9684581342297633 ) ) ;
#743 = ORIENTED_EDGE ( 'NONE', *, *, #1128, .F. ) ;
#744 = CARTESIAN_POINT ( 'NONE',  ( 121.6320437018892164, 65.41183745432779517, 879.9664863822265488 ) ) ;
#745 = CARTESIAN_POINT ( 'NONE',  ( 71.08943930124863186, 29.57247929039244028, 782.8460906387924751 ) ) ;
#746 = CARTESIAN_POINT ( 'NONE',  ( 81.76564243395456799, 33.51678189785712192, 874.3358956828537885 ) ) ;
#747 = ORIENTED_EDGE ( 'NONE', *, *, #1073, .F. ) ;
#748 = PLANE ( 'NONE',  #974 ) ;
#749 = FACE_OUTER_BOUND ( 'NONE', #468, .T. ) ;
#750 = ORIENTED_EDGE ( 'NONE', *, *, #580, .T. ) ;
#751 = CARTESIAN_POINT ( 'NONE',  ( 3.226744235991368281, -24.60827030717443265, 777.2550534968008833 ) ) ;
#752 = EDGE_LOOP ( 'NONE', ( #914, #611, #1351 ) ) ;
#753 = CARTESIAN_POINT ( 'NONE',  ( -2.112704018193282796, -16.98274792585791459, 853.2587429934861802 ) ) ;
#754 = CARTESIAN_POINT ( 'NONE',  ( 119.5743037054840272, 63.97110949374764033, 893.9318932925452827 ) ) ;
#755 = CARTESIAN_POINT ( 'NONE',  ( 142.9707003705861723, 78.01412185927036091, 818.3982348205346398 ) ) ;
#756 = EDGE_LOOP ( 'NONE', ( #622, #1755, #1053, #1070 ) ) ;
#757 = CARTESIAN_POINT ( 'NONE',  ( 142.1550200344043162, 79.17903410552678167, 920.1389990660711646 ) ) ;
#758 = CARTESIAN_POINT ( 'NONE',  ( 197.9863583554424906, 118.6636312636615003, 896.6999781014870905 ) ) ;
#759 = CARTESIAN_POINT ( 'NONE',  ( 140.4763076335865719, 81.57648387464945472, 822.0533338693742280 ) ) ;
#760 = CARTESIAN_POINT ( 'NONE',  ( 172.7099393010574317, 97.69125481780019982, 893.5957720645952804 ) ) ;
#761 = ORIENTED_EDGE ( 'NONE', *, *, #812, .T. ) ;
#762 = CARTESIAN_POINT ( 'NONE',  ( 24.79250940884931609, -5.698799433442352402, 859.6158257428330671 ) ) ;
#763 = DIRECTION ( 'NONE',  ( -0.8191527321143545759, -0.5735754540333717344, 0.000000000000000000 ) ) ;
#764 = ORIENTED_EDGE ( 'NONE', *, *, #808, .T. ) ;
#765 = CARTESIAN_POINT ( 'NONE',  ( 214.7600552234040379, 126.5870201080776525, 863.5000270594664471 ) ) ;
#766 = ORIENTED_EDGE ( 'NONE', *, *, #1677, .T. ) ;
#767 = CARTESIAN_POINT ( 'NONE',  ( 140.9687097585074014, 80.87326076142709042, 902.3287122886567886 ) ) ;
#768 = CARTESIAN_POINT ( 'NONE',  ( 213.0203145806088401, 129.0716272393338500, 934.2462908152381260 ) ) ;
#769 = ORIENTED_EDGE ( 'NONE', *, *, #739, .F. ) ;
#770 = CARTESIAN_POINT ( 'NONE',  ( 70.16021955816410127, 30.89954261430393956, 784.1337244893334173 ) ) ;
#771 = CARTESIAN_POINT ( 'NONE',  ( 72.80190375009739512, 27.12682660115215683, 871.6649680325501777 ) ) ;
#772 = CARTESIAN_POINT ( 'NONE',  ( -1.382374633032362743, -18.02576638154049249, 752.6280532337594877 ) ) ;
#773 = CARTESIAN_POINT ( 'NONE',  ( 181.4551790271565324, 103.6641216280009274, 892.7167728758861358 ) ) ;
#774 = EDGE_LOOP ( 'NONE', ( #1223, #1455, #1770, #1648 ) ) ;
#775 = CARTESIAN_POINT ( 'NONE',  ( 24.15797476029993618, -4.792624447058169146, 858.7287649181671441 ) ) ;
#776 = CARTESIAN_POINT ( 'NONE',  ( 207.0389804602240815, 127.9851120253779300, 901.6839861749057263 ) ) ;
#777 = ORIENTED_EDGE ( 'NONE', *, *, #808, .F. ) ;
#778 = CARTESIAN_POINT ( 'NONE',  ( 144.4123756063878545, 75.95519624489087107, 852.1316916243558808 ) ) ;
#779 = ORIENTED_EDGE ( 'NONE', *, *, #1134, .F. ) ;
#780 = CARTESIAN_POINT ( 'NONE',  ( 211.5615726691644625, 131.1549265925143288, 902.2495147704918281 ) ) ;
#781 = CARTESIAN_POINT ( 'NONE',  ( 79.43875449150665702, 35.62358814860878198, 870.6719087004714765 ) ) ;
#782 = ORIENTED_EDGE ( 'NONE', *, *, #1470, .T. ) ;
#783 = CARTESIAN_POINT ( 'NONE',  ( 141.0020060697303279, 80.82570870092214932, 818.3982348205352082 ) ) ;
#784 = CARTESIAN_POINT ( 'NONE',  ( 2.112701772635512842, -23.01725278370680883, 853.2587429767253298 ) ) ;
#785 = CARTESIAN_POINT ( 'NONE',  ( -0.1124426242617900668, -19.83941724856423861, 749.5127573054589902 ) ) ;
#786 = CARTESIAN_POINT ( 'NONE',  ( 18.32932927184291572, -6.986860459837148873, 857.2657077931564800 ) ) ;
#787 = CARTESIAN_POINT ( 'NONE',  ( 204.1718628441323347, 123.3662764489359205, 898.0965283428173507 ) ) ;
#788 = CARTESIAN_POINT ( 'NONE',  ( 53.33204659386211688, 21.21484119718107664, 869.0348943972969664 ) ) ;
#789 = CARTESIAN_POINT ( 'NONE',  ( 73.41640607828556142, 26.24922632601209216, 797.8903580971823430 ) ) ;
#790 = CARTESIAN_POINT ( 'NONE',  ( 203.3041267366852480, 124.6055478847151647, 898.9245674227516929 ) ) ;
#791 = EDGE_LOOP ( 'NONE', ( #1487, #1765, #779, #1624 ) ) ;
#792 = CARTESIAN_POINT ( 'NONE',  ( -2.341272334468420091, -16.65631854056497474, 760.0804356895570209 ) ) ;
#793 = CARTESIAN_POINT ( 'NONE',  ( 214.7046265276152326, 126.6661804894848586, 891.5668978736307508 ) ) ;
#794 = CARTESIAN_POINT ( 'NONE',  ( 212.7923545598870874, 129.3971878885445221, 849.5985206030020436 ) ) ;
#795 = CARTESIAN_POINT ( 'NONE',  ( 196.4319441667887816, 117.5018061766723605, 896.3510835675589306 ) ) ;
#796 = CARTESIAN_POINT ( 'NONE',  ( 196.8083740597529356, 117.6311763091694047, 896.4218280913595436 ) ) ;
#797 = CARTESIAN_POINT ( 'NONE',  ( 201.8274137270364008, 121.3091181390420559, 897.5388595069831581 ) ) ;
#798 = DIRECTION ( 'NONE',  ( 0.9893182699774489830, 0.000000000000000000, 0.1457716045354083556 ) ) ;
#799 = CARTESIAN_POINT ( 'NONE',  ( 214.5095725340866011, 126.9447464615491583, 858.1703062687961392 ) ) ;
#800 = EDGE_CURVE ( 'NONE', #609, #28, #1536, .T. ) ;
#801 = LINE ( 'NONE', #1235, #224 ) ;
#802 = CARTESIAN_POINT ( 'NONE',  ( -1.268228263258545763, -18.18878429200982083, 752.0743075445996055 ) ) ;
#803 = CARTESIAN_POINT ( 'NONE',  ( 202.9328228344526508, 125.1358343832222602, 900.7854044990465354 ) ) ;
#804 = CARTESIAN_POINT ( 'NONE',  ( 2.494889368001623531, -23.56307323623047623, 842.3009880572086558 ) ) ;
#805 = CARTESIAN_POINT ( 'NONE',  ( 204.6483490106338650, 122.6860279643139364, 928.0965304994505232 ) ) ;
#806 = CARTESIAN_POINT ( 'NONE',  ( 119.8037338870922497, 63.64344840090917188, 893.9318959536228704 ) ) ;
#807 = CARTESIAN_POINT ( 'NONE',  ( 22.70386733947524149, -2.715933499171576226, 858.6074482177041318 ) ) ;
#808 = EDGE_CURVE ( 'NONE', #1345, #212, #1730, .T. ) ;
#809 = CARTESIAN_POINT ( 'NONE',  ( 72.41958872080320475, 27.67282904818645406, 786.9630249103830693 ) ) ;
#810 = CARTESIAN_POINT ( 'NONE',  ( 202.9417097321438916, 125.1217383862013861, 900.2848109497226687 ) ) ;
#811 = VECTOR ( 'NONE', #630, 1000.000000000000000 ) ;
#812 = EDGE_CURVE ( 'NONE', #317, #1049, #1867, .T. ) ;
#813 = CARTESIAN_POINT ( 'NONE',  ( -0.3293201357312611210, -19.52968406285191705, 749.6643380746803587 ) ) ;
#814 = SURFACE_STYLE_FILL_AREA ( #1105 ) ;
#815 = CARTESIAN_POINT ( 'NONE',  ( 214.8923957692273063, 126.3980182213482237, 880.8759552180511037 ) ) ;
#816 = LINE ( 'NONE', #1239, #723 ) ;
#817 = CARTESIAN_POINT ( 'NONE',  ( 45.57683160614247697, 12.15740505404460770, 863.2832494617700831 ) ) ;
#818 = CARTESIAN_POINT ( 'NONE',  ( 121.6320437018892164, 65.41183745432779517, 879.9664863822265488 ) ) ;
#819 = CARTESIAN_POINT ( 'NONE',  ( 1.382372386767174444, -21.97423432701351231, 752.6280532337591467 ) ) ;
#820 = CARTESIAN_POINT ( 'NONE',  ( 203.0141910212419987, 125.0196201028266643, 899.7784665928865024 ) ) ;
#821 = CARTESIAN_POINT ( 'NONE',  ( 68.15603386191165214, 33.76181642154826079, 809.9509860136054158 ) ) ;
#822 = CARTESIAN_POINT ( 'NONE',  ( 214.9257918303713382, 126.3503237031928279, 875.5282126939305272 ) ) ;
#823 = DIRECTION ( 'NONE',  ( 0.8062139315755730840, 0.5645170692203487217, 0.1770298706216701656 ) ) ;
#824 = CARTESIAN_POINT ( 'NONE',  ( 196.8400620795779901, 117.5847486949901111, 896.4255667691201097 ) ) ;
#825 = CARTESIAN_POINT ( 'NONE',  ( 46.84413308952378685, 12.63778997589855457, 863.5111055629660086 ) ) ;
#826 = CARTESIAN_POINT ( 'NONE',  ( 71.48959088528209804, 29.00100360326058890, 783.3151454787862349 ) ) ;
#827 = CARTESIAN_POINT ( 'NONE',  ( 203.6436768308134617, 124.1207768199271300, 918.9992832008902042 ) ) ;
#828 = CARTESIAN_POINT ( 'NONE',  ( 68.31111623048253989, 33.54033584599265794, 803.9151570363179644 ) ) ;
#829 =( LENGTH_UNIT ( ) NAMED_UNIT ( * ) SI_UNIT ( .MILLI., .METRE. ) );
#830 = CARTESIAN_POINT ( 'NONE',  ( 144.1481556802731916, 76.33254140571276025, 868.8797041457605701 ) ) ;
#831 = CARTESIAN_POINT ( 'NONE',  ( 163.5230177500507978, 181.4189551485367531, 898.0960530993701241 ) ) ;
#832 = CARTESIAN_POINT ( 'NONE',  ( 103.4500250739724976, 52.68076810934067566, 890.3912958801120112 ) ) ;
#833 = CARTESIAN_POINT ( 'NONE',  ( 1.986506569276873302, -22.83702735556954622, 756.6067952899269358 ) ) ;
#834 = CARTESIAN_POINT ( 'NONE',  ( 211.4759355005111559, 131.2772291442296364, 899.5796527256956097 ) ) ;
#835 = CARTESIAN_POINT ( 'NONE',  ( -3.424374528662141870, -15.10948830082923067, 795.2858572951124643 ) ) ;
#836 = CARTESIAN_POINT ( 'NONE',  ( 204.4583028889744867, 122.9571968864062796, 898.0968967680034893 ) ) ;
#837 = CARTESIAN_POINT ( 'NONE',  ( 144.0863714100884465, 76.42077848802479423, 830.3644444181435347 ) ) ;
#838 = VECTOR ( 'NONE', #584, 1000.000000000000227 ) ;
#839 = CARTESIAN_POINT ( 'NONE',  ( 119.5743037054840272, 63.97110949374764033, 893.9318932925452827 ) ) ;
#840 = CARTESIAN_POINT ( 'NONE',  ( 211.9479497384414515, 130.6031229511754077, 912.9243695729957153 ) ) ;
#841 = CARTESIAN_POINT ( 'NONE',  ( -3.132828434491830016, -15.52585927409197986, 774.1227220247444620 ) ) ;
#842 = CARTESIAN_POINT ( 'NONE',  ( 140.0690198236961237, 82.15815114851409362, 827.0286419538867904 ) ) ;
#843 = CARTESIAN_POINT ( 'NONE',  ( 205.3766203777018973, 121.6457205995830293, 898.8456948844249155 ) ) ;
#844 = CARTESIAN_POINT ( 'NONE',  ( 72.90836507797011734, 26.97478406795550043, 790.8983764812747950 ) ) ;
#845 = DIRECTION ( 'NONE',  ( -0.5735756964288256654, 0.8191525623876100282, -8.429131688403387195E-16 ) ) ;
#846 = CARTESIAN_POINT ( 'NONE',  ( 139.7499870315778026, 82.61377719466274527, 865.5312440160320193 ) ) ;
#847 = CARTESIAN_POINT ( 'NONE',  ( 211.0378584550605865, 131.9028680034903118, 872.8541623529763456 ) ) ;
#848 = CARTESIAN_POINT ( 'NONE',  ( 187.3233660157876272, 110.9210863933357700, 894.3339928038029711 ) ) ;
#849 = CARTESIAN_POINT ( 'NONE',  ( 214.1085528700461396, 127.5174618954132768, 853.5447280509517896 ) ) ;
#850 = CARTESIAN_POINT ( 'NONE',  ( 32.60893961809091479, 2.588879514886998301, 860.3817488143540686 ) ) ;
#851 = CARTESIAN_POINT ( 'NONE',  ( 139.8245507601136524, 82.50728915437902344, 868.8797041453209431 ) ) ;
#852 = CARTESIAN_POINT ( 'NONE',  ( -3.132828434491830016, -15.52585927409197986, 774.1227220247444620 ) ) ;
#853 = CARTESIAN_POINT ( 'NONE',  ( 30.52804899913349601, 1.620134053910575744, 859.9744658726625630 ) ) ;
#854 = CARTESIAN_POINT ( 'NONE',  ( 72.80827433586907205, 27.11772846178072527, 789.9065715302255057 ) ) ;
#855 = CARTESIAN_POINT ( 'NONE',  ( 213.5528611344567764, 128.3110719399587651, 923.5905908678754486 ) ) ;
#856 = CARTESIAN_POINT ( 'NONE',  ( 21.56773523041498208, -1.093358796647814213, 860.6900792444564559 ) ) ;
#857 = CARTESIAN_POINT ( 'NONE',  ( -0.2368138216560076170, -19.66179677090985578, 895.4747568475032722 ) ) ;
#858 = CARTESIAN_POINT ( 'NONE',  ( -2.437208486954864917, -16.51930751561694777, 761.2447133951325213 ) ) ;
#859 = DIRECTION ( 'NONE',  ( 0.1450182577416667951, 0.1015346249225058256, -0.9842054789846567120 ) ) ;
#860 = EDGE_CURVE ( 'NONE', #618, #1039, #130, .T. ) ;
#861 = CARTESIAN_POINT ( 'NONE',  ( 143.5796964708947883, 77.14438529250031706, 822.8784361029636329 ) ) ;
#862 = CARTESIAN_POINT ( 'NONE',  ( 30.60663144588975726, 1.512062046176290808, 859.9612151694160502 ) ) ;
#863 = CARTESIAN_POINT ( 'NONE',  ( 180.6914677697675131, 106.3305473776154173, 892.8804613823015188 ) ) ;
#864 = EDGE_CURVE ( 'NONE', #1645, #1039, #1108, .T. ) ;
#865 = PLANE ( 'NONE',  #1598 ) ;
#866 = CARTESIAN_POINT ( 'NONE',  ( 205.0171103981176657, 122.1591377854396825, 898.3734082372405965 ) ) ;
#867 = CARTESIAN_POINT ( 'NONE',  ( 211.5262070134552062, 131.2054339832219227, 857.0641459396190385 ) ) ;
#868 = CARTESIAN_POINT ( 'NONE',  ( 56.75489806639550494, 19.74017971420039785, 865.6931517324450169 ) ) ;
#869 = CARTESIAN_POINT ( 'NONE',  ( 1.666189051271304900, -22.37956653070529711, 754.3216053108267261 ) ) ;
#870 = LINE ( 'NONE', #23, #1797 ) ;
#871 = VECTOR ( 'NONE', #603, 1000.000000000000114 ) ;
#872 = CARTESIAN_POINT ( 'NONE',  ( 24.13790035218687535, -4.763961134649309592, 858.7111541146523450 ) ) ;
#873 = ADVANCED_FACE ( 'NONE', ( #656 ), #1656, .F. ) ;
#874 = CARTESIAN_POINT ( 'NONE',  ( 95.23074197600939783, 50.59287414500387570, 874.5369443375375340 ) ) ;
#875 = ORIENTED_EDGE ( 'NONE', *, *, #1274, .T. ) ;
#876 = CARTESIAN_POINT ( 'NONE',  ( 205.5162185786022633, 121.4467617804533006, 899.1251852638592936 ) ) ;
#877 = CARTESIAN_POINT ( 'NONE',  ( 211.2544342561774329, 131.5935657048158873, 891.5668978728027696 ) ) ;
#878 = LINE ( 'NONE', #754, #1415 ) ;
#879 = CARTESIAN_POINT ( 'NONE',  ( 213.5325644091765014, 128.3400586677099966, 850.3677477735939192 ) ) ;
#880 = ORIENTED_EDGE ( 'NONE', *, *, #936, .F. ) ;
#881 = CARTESIAN_POINT ( 'NONE',  ( 83.52432089739652099, 37.87338997427620768, 908.1915558594250797 ) ) ;
#882 = B_SPLINE_CURVE_WITH_KNOTS ( 'NONE', 3,
 ( #1694, #397, #862, #1461 ),
 .UNSPECIFIED., .F., .F.,
 ( 4, 4 ),
 ( 2.509565367397044491E-06, 0.0002037420340517231672 ),
 .UNSPECIFIED. ) ;
#883 = CARTESIAN_POINT ( 'NONE',  ( -1.132305844307756937, -18.38290162370596192, 751.5356442139884621 ) ) ;
#884 = CARTESIAN_POINT ( 'NONE',  ( 34.84768266654737801, 4.663401563449644627, 860.9015012237476867 ) ) ;
#885 = CARTESIAN_POINT ( 'NONE',  ( 25.16188968007476845, -6.226359131975473638, 860.7863120252594626 ) ) ;
#886 = DIRECTION ( 'NONE',  ( 0.8062139315755765256, 0.5645170692203456131, 0.1770298706216641149 ) ) ;
#887 = VERTEX_POINT ( 'NONE', #1249 ) ;
#888 = CARTESIAN_POINT ( 'NONE',  ( 3.416300187988623449, -24.87898426218545467, 790.5809672639373957 ) ) ;
#889 = VECTOR ( 'NONE', #437, 999.9999999999998863 ) ;
#890 = ORIENTED_EDGE ( 'NONE', *, *, #1869, .T. ) ;
#891 = CARTESIAN_POINT ( 'NONE',  ( 68.39466726404988606, 33.42101260394216666, 846.1925104178390029 ) ) ;
#892 = FACE_OUTER_BOUND ( 'NONE', #336, .T. ) ;
#893 = CARTESIAN_POINT ( 'NONE',  ( 213.4295091320675795, 128.4872368562985514, 850.0847312374961575 ) ) ;
#894 = VERTEX_POINT ( 'NONE', #1856 ) ;
#895 = CARTESIAN_POINT ( 'NONE',  ( 125.1430665411572534, 67.01490350832200704, 915.0309551364042591 ) ) ;
#896 = CARTESIAN_POINT ( 'NONE',  ( 212.6499250193103876, 129.6005983530205583, 849.8246778492305111 ) ) ;
#897 = CARTESIAN_POINT ( 'NONE',  ( 55.53053479579101293, 19.17677244740745479, 865.4462847526807536 ) ) ;
#898 = ORIENTED_EDGE ( 'NONE', *, *, #1592, .F. ) ;
#899 = CARTESIAN_POINT ( 'NONE',  ( 24.84991738684283291, -5.780577836848390660, 859.7417777355649378 ) ) ;
#900 = CARTESIAN_POINT ( 'NONE',  ( 18.49737531369630972, -7.226860431348418601, 857.2657092533409013 ) ) ;
#901 = ORIENTED_EDGE ( 'NONE', *, *, #864, .F. ) ;
#902 = CARTESIAN_POINT ( 'NONE',  ( 214.3648803209611060, 127.1513883573163781, 856.1807038834546120 ) ) ;
#903 = ORIENTED_EDGE ( 'NONE', *, *, #1224, .T. ) ;
#904 = CARTESIAN_POINT ( 'NONE',  ( 69.43928278596011694, 31.92914702851398800, 878.3634468978601717 ) ) ;
#905 = CARTESIAN_POINT ( 'NONE',  ( 121.8614745349454154, 65.08417681760104756, 879.9664846220769050 ) ) ;
#906 = ORIENTED_EDGE ( 'NONE', *, *, #539, .F. ) ;
#907 = CARTESIAN_POINT ( 'NONE',  ( 70.89691278458185764, 29.84743565141506494, 782.8460906387924751 ) ) ;
#908 = CARTESIAN_POINT ( 'NONE',  ( 214.7641152361041463, 126.5812218090324990, 888.8948703405189917 ) ) ;
#909 = CARTESIAN_POINT ( 'NONE',  ( 140.5715023372565895, 81.44053174834823494, 821.2320837972761183 ) ) ;
#910 = CARTESIAN_POINT ( 'NONE',  ( 173.2014531120597098, 97.83181320822752980, 890.8989388562448539 ) ) ;
#911 = ORIENTED_EDGE ( 'NONE', *, *, #722, .F. ) ;
#912 = CARTESIAN_POINT ( 'NONE',  ( 22.47255831748601906, -2.385375886260309830, 886.2895901423311216 ) ) ;
#913 = CARTESIAN_POINT ( 'NONE',  ( -0.07175931073705600627, -19.89751904168257113, 898.5981009540909099 ) ) ;
#914 = ORIENTED_EDGE ( 'NONE', *, *, #1683, .F. ) ;
#915 = CARTESIAN_POINT ( 'NONE',  ( 214.8134919917219747, 126.5107044939171601, 865.2803076157032365 ) ) ;
#916 = VERTEX_POINT ( 'NONE', #806 ) ;
#917 = CARTESIAN_POINT ( 'NONE',  ( 141.5842488595472162, 79.99417982120517934, 915.6895922766638023 ) ) ;
#918 = CARTESIAN_POINT ( 'NONE',  ( 84.38113270435634661, 39.08434073391887154, 871.7563948426051184 ) ) ;
#919 = ORIENTED_EDGE ( 'NONE', *, *, #261, .T. ) ;
#920 = CARTESIAN_POINT ( 'NONE',  ( 141.4224043751098918, 80.22531769905639010, 816.8965474350105751 ) ) ;
#921 = CARTESIAN_POINT ( 'NONE',  ( 143.4911057275593009, 77.27090598601111537, 890.0711930883752530 ) ) ;
#922 = CARTESIAN_POINT ( 'NONE',  ( 213.0434371741628752, 129.0386047534391594, 849.5127573054593313 ) ) ;
#923 = CARTESIAN_POINT ( 'NONE',  ( 23.92976098232040627, -7.304066732768634829, 861.8522228876004192 ) ) ;
#924 = CARTESIAN_POINT ( 'NONE',  ( 203.6244885494022014, 124.1481679127224282, 898.4580235363013117 ) ) ;
#925 = FACE_OUTER_BOUND ( 'NONE', #774, .T. ) ;
#926 = ORIENTED_EDGE ( 'NONE', *, *, #1737, .F. ) ;
#927 = CARTESIAN_POINT ( 'NONE',  ( 214.2510278638194734, 127.3139865170451230, 854.8584957246524709 ) ) ;
#928 = CARTESIAN_POINT ( 'NONE',  ( 202.9884744939750760, 125.0561560631369389, 899.9168319255963979 ) ) ;
#929 = VERTEX_POINT ( 'NONE', #935 ) ;
#930 = CARTESIAN_POINT ( 'NONE',  ( 68.98880458552122263, 32.57249657255208319, 791.8933060759007958 ) ) ;
#931 = EDGE_CURVE ( 'NONE', #212, #887, #39, .T. ) ;
#932 = CARTESIAN_POINT ( 'NONE',  ( 214.0111110445343741, 127.6566232442916942, 912.9243695892682808 ) ) ;
#933 = CARTESIAN_POINT ( 'NONE',  ( -0.5798206975075357317, -19.17193218486334416, 750.0603792935643241 ) ) ;
#934 = CARTESIAN_POINT ( 'NONE',  ( 197.9642872472589090, 115.3310482816423104, 896.3529232596029033 ) ) ;
#935 = CARTESIAN_POINT ( 'NONE',  ( 30.64512903152547452, 1.458266500646494990, 859.9574371839524929 ) ) ;
#936 = EDGE_CURVE ( 'NONE', #34, #18, #230, .T. ) ;
#937 = LINE ( 'NONE', #522, #1613 ) ;
#938 = CARTESIAN_POINT ( 'NONE',  ( 144.4120191926768655, 81.07953476257057446, 884.9287121273464436 ) ) ;
#939 = CARTESIAN_POINT ( 'NONE',  ( 144.4195682818474040, 75.94492403976975936, 845.4297639899532442 ) ) ;
#940 = CARTESIAN_POINT ( 'NONE',  ( 203.2824159584414474, 124.6366018026897393, 898.9677242285522425 ) ) ;
#941 = CARTESIAN_POINT ( 'NONE',  ( 211.5262070134552062, 131.2054339832219227, 857.0641459396190385 ) ) ;
#942 = CARTESIAN_POINT ( 'NONE',  ( 73.82339907387431310, 25.66798009060373431, 834.1156043882301674 ) ) ;
#943 = DIRECTION ( 'NONE',  ( 0.5735764342520655035, -0.8191520457587138093, 0.000000000000000000 ) ) ;
#944 = CARTESIAN_POINT ( 'NONE',  ( 143.2790901770131029, 77.57369557192200205, 895.6439082580511695 ) ) ;
#945 = FACE_OUTER_BOUND ( 'NONE', #756, .T. ) ;
#946 = CARTESIAN_POINT ( 'NONE',  ( 112.3453590916733020, 58.42092111051863412, 877.8799277354090691 ) ) ;
#947 = CARTESIAN_POINT ( 'NONE',  ( 205.7901816535329829, 121.0550952359962480, 900.7854036288667885 ) ) ;
#948 = ADVANCED_FACE ( 'NONE', ( #228 ), #89, .T. ) ;
#949 = CARTESIAN_POINT ( 'NONE',  ( 213.8398178447566522, 127.9012552861216676, 851.7099731832519183 ) ) ;
#950 = CARTESIAN_POINT ( 'NONE',  ( 180.5120062224357298, 106.5868454321937264, 892.8804601001662604 ) ) ;
#951 = CARTESIAN_POINT ( 'NONE',  ( 70.31525709945697145, 30.67812605873637111, 783.7083636325245379 ) ) ;
#952 = CARTESIAN_POINT ( 'NONE',  ( 94.87508803519827438, 50.08114772694847261, 877.8262153511863062 ) ) ;
#953 = CARTESIAN_POINT ( 'NONE',  ( 144.2871969055263719, 76.13396995701242531, 862.1821477921481574 ) ) ;
#954 = LINE ( 'NONE', #969, #552 ) ;
#955 = CARTESIAN_POINT ( 'NONE',  ( 44.65807855131004089, 11.88037398675674794, 901.8987788697638734 ) ) ;
#956 = CARTESIAN_POINT ( 'NONE',  ( 205.7952855938258949, 121.0466336988442322, 900.6354663943940295 ) ) ;
#957 = CARTESIAN_POINT ( 'NONE',  ( 143.0642838748402994, 77.88047076420509995, 818.9327634362033450 ) ) ;
#958 = CARTESIAN_POINT ( 'NONE',  ( 202.9976387398610314, 125.0431761973097906, 899.8648068528365229 ) ) ;
#959 = CARTESIAN_POINT ( 'NONE',  ( -2.948480004175945357, -15.78913611739364242, 769.4288572106157744 ) ) ;
#960 = CARTESIAN_POINT ( 'NONE',  ( 53.33204659386211688, 21.21484119718107664, 869.0348943972969664 ) ) ;
#961 = CARTESIAN_POINT ( 'NONE',  ( 73.25799894570263859, 26.47545515666369909, 858.2621862796146388 ) ) ;
#962 = CARTESIAN_POINT ( 'NONE',  ( 205.7901816535329829, 121.0550952359962480, 900.7854036288667885 ) ) ;
#963 = CARTESIAN_POINT ( 'NONE',  ( 182.5649363261028952, 107.5891980697531380, 893.2887597172226606 ) ) ;
#964 = CARTESIAN_POINT ( 'NONE',  ( 205.7673080685751188, 121.0877562792101969, 900.0666090589195392 ) ) ;
#965 = CARTESIAN_POINT ( 'NONE',  ( 142.3993633244664352, 78.83007572286469156, 816.5699116640078046 ) ) ;
#966 = CARTESIAN_POINT ( 'NONE',  ( 25.25925653749384381, -6.365398716648948962, 862.1433884970182362 ) ) ;
#967 = CARTESIAN_POINT ( 'NONE',  ( -2.691917028415198754, -16.15554601983017591, 764.7453133240687748 ) ) ;
#968 = CARTESIAN_POINT ( 'NONE',  ( 3.365608941328646964, -24.80658965930875937, 804.6950097304066958 ) ) ;
#969 = CARTESIAN_POINT ( 'NONE',  ( 155.8877204795585953, 176.0726624724212854, 896.4194811188889389 ) ) ;
#970 = CARTESIAN_POINT ( 'NONE',  ( 22.61404312161348074, -2.587657802987597400, 858.6761086929932389 ) ) ;
#971 = B_SPLINE_SURFACE_WITH_KNOTS ( 'NONE', 3, 3, ( 
 ( #768, #1197, #345, #1057 ),
 ( #1769, #470, #1780, #329 ),
 ( #1071, #1652, #1638, #1330 ),
 ( #32, #404, #1550, #252 ),
 ( #1115, #371, #1846, #663 ),
 ( #1391, #944, #87, #1238 ),
 ( #1088, #236, #96, #1821 ),
 ( #1523, #681, #519, #545 ),
 ( #226, #1256, #1839, #804 ),
 ( #673, #112, #961, #1400 ),
 ( #1122, #1098, #1701, #1831 ),
 ( #977, #1106, #1675, #1559 ),
 ( #1383, #830, #535, #380 ),
 ( #76, #1247, #396, #260 ),
 ( #1685, #953, #243, #1665 ),
 ( #1531, #1407, #104, #1372 ),
 ( #815, #1693, #527, #968 ),
 ( #691, #1263, #388, #1541 ),
 ( #822, #654, #1228, #1810 ),
 ( #509, #1715, #1135, #990 ),
 ( #1738, #1155, #720, #3 ),
 ( #577, #708, #1865, #142 ),
 ( #1590, #120, #571, #703 ),
 ( #1417, #558, #438, #698 ),
 ( #420, #1009, #426, #564 ),
 ( #1566, #837, #1271, #1300 ),
 ( #1858, #1584, #1431, #1573 ),
 ( #1436, #996, #1851, #412 ),
 ( #1142, #125, #551, #1279 ),
 ( #1127, #983, #269, #1721 ),
 ( #714, #1707, #287, #281 ),
 ( #1729, #861, #844, #1003 ),
 ( #1425, #276, #854, #136 ),
 ( #849, #131, #1578, #1286 ),
 ( #1291, #432, #1872, #1148 ),
 ( #1442, #600, #10, #869 ),
 ( #1016, #304, #149, #1028 ),
 ( #458, #755, #730, #1173 ),
 ( #742, #445, #1331, #1459 ),
 ( #316, #1758, #1599, #614 ),
 ( #879, #1614, #33, #294 ),
 ( #893, #158, #586, #1450 ),
 ( #1162, #1316, #1474, #1306 ),
 ( #21, #172, #1745, #307 ),
 ( #922, #461, #745, #631 ),
 ( #1189, #1462, #1165, #785 ),
 ( #794, #474, #617, #1201 ),
 ( #896, #359, #215, #933 ),
 ( #1772, #1046, #1214, #1798 ),
 ( #1750, #1643, #1761, #1630 ),
 ( #1618, #1513, #448, #883 ),
 ( #1335, #13, #37, #335 ),
 ( #1362, #1075, #162, #772 ),
 ( #1477, #487, #24, #1603 ),
 ( #1319, #1350, #204, #175 ),
 ( #604, #1177, #1032, #63 ),
 ( #349, #909, #1490, #643 ),
 ( #320, #759, #1503, #189 ),
 ( #499, #590, #1655, #51 ),
 ( #1019, #1785, #1061, #1275 ),
 ( #417, #1862, #1131, #858 ),
 ( #867, #279, #994, #1434 ),
 ( #987, #842, #1001, #1140 ),
 ( #1855, #1297, #1576, #140 ),
 ( #555, #1440, #583, #1289 ),
 ( #1304, #134, #1711, #1735 ),
 ( #1284, #1743, #267, #852 ),
 ( #8, #728, #1870, #562 ),
 ( #1570, #1160, #274, #436 ),
 ( #443, #1564, #1423, #123 ),
 ( #847, #701, #1428, #129 ),
 ( #706, #285, #1007, #712 ),
 ( #1719, #1587, #424, #569 ),
 ( #1146, #718, #1727, #430 ),
 ( #1582, #1, #575, #1152 ),
 ( #1447, #147, #292, #1596 ),
 ( #455, #612, #302, #1611 ),
 ( #877, #156, #891, #58 ),
 ( #1768, #469, #19, #1357 ),
 ( #1457, #638, #1184, #1329 ),
 ( #1014, #1040, #740, #1314 ),
 ( #780, #1472, #31, #1026 ),
 ( #598, #314, #1171, #170 ),
 ( #1343, #1756, #625, #753 ),
 ( #1625, #328, #904, #1485 ),
 ( #183, #767, #46, #1196 ),
 ( #1779, #481, #1056, #1637 ),
 ( #344, #917, #1498, #198 ),
 ( #1246, #1087, #95, #1255 ),
 ( #1114, #370, #1845, #662 ) ),
 .UNSPECIFIED., .F., .F., .F.,
 ( 4, 1, 1, 1, 1, 1, 1, 1, 1, 1, 1, 1, 1, 1, 1, 1, 1, 1, 1, 1, 1, 1, 1, 1, 1, 1, 1, 1, 1, 1, 1, 1, 1, 1, 1, 1, 1, 1, 1, 1, 1, 1, 1, 2, 1, 1, 1, 1, 1, 1, 1, 1, 1, 1, 1, 1, 1, 1, 1, 1, 1, 1, 1, 1, 1, 1, 1, 1, 1, 1, 1, 1, 1, 1, 1, 1, 1, 1, 1, 1, 1, 1, 1, 1, 1, 1, 4 ),
 ( 4, 4 ),
 ( 0.0008302671343174417018, 0.03205428596913206807, 0.06327830480394658341, 0.09450232363876109876, 0.1257263424735757251, 0.1569503613083903515, 0.1725623707257974981, 0.1881743801432048668, 0.2037863895606123465, 0.2193983989780194932, 0.2350104083954268619, 0.2506224178128341196, 0.2662344272302413772, 0.2818464366476487459, 0.2974584460650561146, 0.3130704554824633723, 0.3286824648998706300, 0.3442944743172778876, 0.3599064837346850343, 0.3755184931520924030, 0.3911305025694997717, 0.4067425119869070294, 0.4145485166956107692, 0.4223545214043141760, 0.4301605261130178048, 0.4379665308217214337, 0.4457725355304250625, 0.4535785402391286913, 0.4574815425934807278, 0.4613845449478324312, 0.4652875473021841346, 0.4691905496565361711, 0.4730935520108879855, 0.4769965543652397999, 0.4808995567195916143, 0.4848025590739434287, 0.4867540602511195580, 0.4887055614282952432, 0.4906570626054710393, 0.4926085637826470576, 0.4945600649598229648, 0.4965115661369988720, 0.4984630673141748902, 0.5004145684913506864, 0.5023660740831813465, 0.5043175796750120066, 0.5062690852668426666, 0.5082205908586733267, 0.5101720964505039868, 0.5121236020423346469, 0.5140751076341653070, 0.5160266132259959670, 0.5199296244096572872, 0.5238326355933186074, 0.5277356467769799275, 0.5316386579606412477, 0.5355416691443025679, 0.5394446803279638880, 0.5433476915116252082, 0.5472507026952865283, 0.5550567250626091687, 0.5628627474299318090, 0.5706687697972544493, 0.5784747921645770896, 0.5862808145318997299, 0.5940868368992223703, 0.6096988816338676509, 0.6253109263685129315, 0.6409229711031582122, 0.6565350158378037149, 0.6721470605724489955, 0.6877591053070942761, 0.7033711500417395568, 0.7189831947763848374, 0.7345952395110301181, 0.7502072842456753987, 0.7658193289803206794, 0.7814313737149659600, 0.7970434184496112406, 0.8126554631842565213, 0.8282675079189018019, 0.8438795526535473046, 0.8751036421228376438, 0.9063277315921284272, 0.9375518210614189885, 0.9687759105307095497, 1.000000000000000000 ),
 ( 0.000000000000000000, 1.000000000000000000 ),
 .UNSPECIFIED. ) ;
#972 = CARTESIAN_POINT ( 'NONE',  ( 71.67109499907034831, 28.74178886493812612, 783.7083636325243106 ) ) ;
#973 = CARTESIAN_POINT ( 'NONE',  ( 140.1021443258538568, 82.11084445678254440, 878.9209195018611354 ) ) ;
#974 = AXIS2_PLACEMENT_3D ( 'NONE', #1751, #645, #620 ) ;
#975 = CARTESIAN_POINT ( 'NONE',  ( 211.0332689534633346, 131.9094224910468256, 875.5282126939006275 ) ) ;
#976 = PLANE ( 'NONE',  #664 ) ;
#977 = CARTESIAN_POINT ( 'NONE',  ( 214.6374178164629996, 126.7621644763525808, 894.2383636223880785 ) ) ;
#978 = CARTESIAN_POINT ( 'NONE',  ( 21.51246083529296271, -1.014671378226372545, 860.9811188060481300 ) ) ;
#979 = CARTESIAN_POINT ( 'NONE',  ( 211.1006191684430462, 131.8132364157702057, 883.5493426762913032 ) ) ;
#980 = PRODUCT_DEFINITION_FORMATION_WITH_SPECIFIED_SOURCE ( 'ANY', '', #115, .NOT_KNOWN. ) ;
#981 = CARTESIAN_POINT ( 'NONE',  ( 68.07706590992249573, 33.87459434477793252, 826.0611735747472721 ) ) ;
#982 = CARTESIAN_POINT ( 'NONE',  ( 204.9238018591268542, 122.2923958539263651, 898.3011331196209994 ) ) ;
#983 = CARTESIAN_POINT ( 'NONE',  ( 143.7223222941450160, 76.94069450731608129, 824.5353737206806954 ) ) ;
#984 = VECTOR ( 'NONE', #1456, 1000.000000000000000 ) ;
#985 = DIRECTION ( 'NONE',  ( -0.8191525623785798071, -0.5735756964225027232, 4.695530337501538813E-06 ) ) ;
#986 = CARTESIAN_POINT ( 'NONE',  ( 212.1674576172883917, 130.2896332115365681, 918.2587535554342821 ) ) ;
#987 = CARTESIAN_POINT ( 'NONE',  ( 211.4494882497518233, 131.3149997326862319, 858.1703062687957981 ) ) ;
#988 = CARTESIAN_POINT ( 'NONE',  ( 30.52804899913349601, 1.620134053910575744, 859.9744658726625630 ) ) ;
#989 = CARTESIAN_POINT ( 'NONE',  ( 32.18679696368687360, -1.474048619060261966, 863.6642654366244187 ) ) ;
#990 = CARTESIAN_POINT ( 'NONE',  ( 3.416300187988623449, -24.87898426218545467, 790.5809672639373957 ) ) ;
#991 = CARTESIAN_POINT ( 'NONE',  ( 21.66918176037642496, -1.237780600516203755, 860.2743683816198654 ) ) ;
#992 = EDGE_CURVE ( 'NONE', #1794, #640, #1216, .T. ) ;
#993 = CARTESIAN_POINT ( 'NONE',  ( 212.8449364994046960, 129.3220930964317859, 932.4711197887561411 ) ) ;
#994 = CARTESIAN_POINT ( 'NONE',  ( 68.80388621891849255, 32.83658736922527766, 794.2207006091376797 ) ) ;
#995 = CARTESIAN_POINT ( 'NONE',  ( 79.10432739921681389, 35.38941972001486391, 870.5985252552633256 ) ) ;
#996 = CARTESIAN_POINT ( 'NONE',  ( 143.9036866167152198, 76.68167941154264611, 827.0286419538872451 ) ) ;
#997 = FACE_OUTER_BOUND ( 'NONE', #736, .T. ) ;
#998 = CARTESIAN_POINT ( 'NONE',  ( 180.4866923886000336, 106.6223058400038184, 892.8826651518231756 ) ) ;
#999 = CARTESIAN_POINT ( 'NONE',  ( 140.9687097585074014, 80.87326076142709042, 902.3287122886567886 ) ) ;
#1000 = ADVANCED_FACE ( 'NONE', ( #1678 ), #1109, .T. ) ;
#1001 = CARTESIAN_POINT ( 'NONE',  ( 68.68855139764046669, 33.00130256434195530, 795.8869776389778963 ) ) ;
#1002 = CARTESIAN_POINT ( 'NONE',  ( 78.90328200168539752, 35.24864623729819613, 870.5544097259775072 ) ) ;
#1003 = CARTESIAN_POINT ( 'NONE',  ( 2.237033685045459297, -23.19481715658931620, 758.9183168595859570 ) ) ;
#1004 = PLANE ( 'NONE',  #1703 ) ;
#1005 = CARTESIAN_POINT ( 'NONE',  ( 194.5521993420125284, 116.4711969312398452, 910.3956712603603592 ) ) ;
#1006 = CARTESIAN_POINT ( 'NONE',  ( 204.6930897556756861, 123.3239853453038108, 898.1689658660951636 ) ) ;
#1007 = CARTESIAN_POINT ( 'NONE',  ( 68.06150663204634554, 33.89681529646277625, 822.0333090947085566 ) ) ;
#1008 = CARTESIAN_POINT ( 'NONE',  ( 204.6483490106338650, 122.6860279643139364, 928.0965304994505232 ) ) ;
#1009 = CARTESIAN_POINT ( 'NONE',  ( 144.1575241769640741, 76.31916180583762355, 832.0353679491403227 ) ) ;
#1010 = DIRECTION ( 'NONE',  ( 0.8191525623785798071, 0.5735756964225027232, -4.695530337384500036E-06 ) ) ;
#1011 = CARTESIAN_POINT ( 'NONE',  ( 25.10689640424210012, -6.147818941015034788, 860.4987987961030740 ) ) ;
#1012 = CARTESIAN_POINT ( 'NONE',  ( 169.9640703690470787, 102.4552769121649476, 890.8989002953433101 ) ) ;
#1013 = CARTESIAN_POINT ( 'NONE',  ( 205.4060970615651058, 121.6036105011843063, 898.9001102847722677 ) ) ;
#1014 = CARTESIAN_POINT ( 'NONE',  ( 211.4759355005111559, 131.2772291442296364, 899.5796527256956097 ) ) ;
#1015 = CARTESIAN_POINT ( 'NONE',  ( 56.87065429443776310, 19.82123307885305863, 865.7185672322696064 ) ) ;
#1016 = CARTESIAN_POINT ( 'NONE',  ( 213.8398178447566522, 127.9012552861216676, 851.7099731832519183 ) ) ;
#1017 = ORIENTED_EDGE ( 'NONE', *, *, #992, .F. ) ;
#1018 = CARTESIAN_POINT ( 'NONE',  ( 147.2603947275425185, 82.50157626185868764, 918.6656035242692724 ) ) ;
#1019 = CARTESIAN_POINT ( 'NONE',  ( 211.6489584255005241, 131.0301267987861991, 855.5190468485886868 ) ) ;
#1020 = AXIS2_PLACEMENT_3D ( 'NONE', #208, #1506, #798 ) ;
#1021 = CARTESIAN_POINT ( 'NONE',  ( 204.3614929621531644, 123.0954376414765932, 898.0965286604748599 ) ) ;
#1022 = CARTESIAN_POINT ( 'NONE',  ( 28.70155961905217978, -0.1469804209899712999, 873.9275205733745224 ) ) ;
#1023 = ORIENTED_EDGE ( 'NONE', *, *, #1605, .F. ) ;
#1024 = CARTESIAN_POINT ( 'NONE',  ( 73.92484546493770381, 25.52309962941527743, 822.0333090947123083 ) ) ;
#1025 = ORIENTED_EDGE ( 'NONE', *, *, #1128, .T. ) ;
#1026 = CARTESIAN_POINT ( 'NONE',  ( -2.494891614230323018, -16.43692747237601637, 842.3009880612708002 ) ) ;
#1027 = LINE ( 'NONE', #9, #1309 ) ;
#1028 = CARTESIAN_POINT ( 'NONE',  ( 1.513215935007566904, -22.16109827962809931, 753.3783439421064259 ) ) ;
#1029 = ORIENTED_EDGE ( 'NONE', *, *, #342, .T. ) ;
#1030 = CARTESIAN_POINT ( 'NONE',  ( 196.6106314403069462, 117.9124094673956904, 896.4255672140948263 ) ) ;
#1031 = PRODUCT_CONTEXT ( 'NONE', #1251, 'mechanical' ) ;
#1032 = CARTESIAN_POINT ( 'NONE',  ( 69.42266311111099242, 31.95288238402316239, 787.9383018531514153 ) ) ;
#1033 = ORIENTED_EDGE ( 'NONE', *, *, #864, .T. ) ;
#1034 = AXIS2_PLACEMENT_3D ( 'NONE', #1005, #1586, #277 ) ;
#1035 = CARTESIAN_POINT ( 'NONE',  ( 21.68088112886896113, -1.254889740397386433, 868.1831747078817898 ) ) ;
#1036 = CARTESIAN_POINT ( 'NONE',  ( 45.42039517187061648, 16.01772599866122349, 863.6307010466545080 ) ) ;
#1037 = ORIENTED_EDGE ( 'NONE', *, *, #1069, .T. ) ;
#1038 = CARTESIAN_POINT ( 'NONE',  ( 73.60294112318314319, 25.98282667345392838, 801.9051208345006216 ) ) ;
#1039 = VERTEX_POINT ( 'NONE', #853 ) ;
#1040 = CARTESIAN_POINT ( 'NONE',  ( 140.1021443258538568, 82.11084445678254440, 878.9209195018611354 ) ) ;
#1041 = DIRECTION ( 'NONE',  ( 0.5735754540207100849, -0.8191527320962055381, 6.652693951278718344E-06 ) ) ;
#1042 = ORIENTED_EDGE ( 'NONE', *, *, #739, .T. ) ;
#1043 = CARTESIAN_POINT ( 'NONE',  ( -0.5798206975075357317, -19.17193218486334416, 750.0603792935643241 ) ) ;
#1044 = APPLICATION_CONTEXT ( 'automotive_design' ) ;
#1045 = CARTESIAN_POINT ( 'NONE',  ( 72.99279087707101610, 26.85421153125191651, 866.3047283433328403 ) ) ;
#1046 = CARTESIAN_POINT ( 'NONE',  ( 141.4224043751098918, 80.22531769905639010, 816.8965474350105751 ) ) ;
#1047 = B_SPLINE_CURVE_WITH_KNOTS ( 'NONE', 3,
 ( #1668, #825, #374, #79 ),
 .UNSPECIFIED., .F., .F.,
 ( 4, 4 ),
 ( 2.524103212872112648E-06, 0.0002036280780976519307 ),
 .UNSPECIFIED. ) ;
#1048 = CARTESIAN_POINT ( 'NONE',  ( 205.7450791321648182, 121.0230938076922058, 900.7741563808267529 ) ) ;
#1049 = VERTEX_POINT ( 'NONE', #1315 ) ;
#1050 = PRODUCT_DEFINITION_CONTEXT ( 'detailed design', #1044, 'design' ) ;
#1051 = CARTESIAN_POINT ( 'NONE',  ( 24.76644730258960436, -5.661613286066156547, 859.5623126078921814 ) ) ;
#1052 = CARTESIAN_POINT ( 'NONE',  ( 194.8773600736593323, 119.7396380250194170, 896.3528863849361414 ) ) ;
#1053 = ORIENTED_EDGE ( 'NONE', *, *, #128, .F. ) ;
#1054 = CARTESIAN_POINT ( 'NONE',  ( 73.51742458391058221, 26.10495694855931959, 799.8966508143796545 ) ) ;
#1055 = VERTEX_POINT ( 'NONE', #1577 ) ;
#1056 = CARTESIAN_POINT ( 'NONE',  ( 70.12952788261158332, 30.94337486956753480, 894.4300681264769537 ) ) ;
#1057 = CARTESIAN_POINT ( 'NONE',  ( 0.07175706429312142531, -20.10248166661677516, 898.5981009540910236 ) ) ;
#1058 = VERTEX_POINT ( 'NONE', #1448 ) ;
#1059 = CARTESIAN_POINT ( 'NONE',  ( 212.1192429393662735, 130.3584909077064253, 851.7099731832518046 ) ) ;
#1060 = CARTESIAN_POINT ( 'NONE',  ( 144.0639442490152078, 76.45280779340858146, 872.2274645212780797 ) ) ;
#1061 = CARTESIAN_POINT ( 'NONE',  ( 68.98880458552122263, 32.57249657255208319, 791.8933060759007958 ) ) ;
#1062 = CARTESIAN_POINT ( 'NONE',  ( 131.3795553763772546, 68.52067905098861900, 884.8064789404173780 ) ) ;
#1063 = ORIENTED_EDGE ( 'NONE', *, *, #342, .F. ) ;
#1064 = CARTESIAN_POINT ( 'NONE',  ( 24.17878443477159323, -4.822333662616690830, 858.7473584303891130 ) ) ;
#1065 = AXIS2_PLACEMENT_3D ( 'NONE', #211, #660, #516 ) ;
#1066 = CARTESIAN_POINT ( 'NONE',  ( 153.8780622403118628, 87.67675982187130046, 887.0040875301625647 ) ) ;
#1067 = VERTEX_POINT ( 'NONE', #1435 ) ;
#1068 = CARTESIAN_POINT ( 'NONE',  ( 214.4328537703762834, 127.0543122110222924, 857.0641459396190385 ) ) ;
#1069 = EDGE_CURVE ( 'NONE', #1368, #1058, #293, .T. ) ;
#1070 = ORIENTED_EDGE ( 'NONE', *, *, #1409, .F. ) ;
#1071 = CARTESIAN_POINT ( 'NONE',  ( 213.3003725701581459, 128.6716629797863902, 928.9205489852549817 ) ) ;
#1072 = CARTESIAN_POINT ( 'NONE',  ( 211.6489584255005241, 131.0301267987861991, 855.5190468485886868 ) ) ;
#1073 = EDGE_CURVE ( 'NONE', #1615, #1193, #878, .T. ) ;
#1074 = CARTESIAN_POINT ( 'NONE',  ( 3.035213985588999908, -24.33473676183156087, 823.5053166900200949 ) ) ;
#1075 = CARTESIAN_POINT ( 'NONE',  ( 141.0020060697303279, 80.82570870092214932, 818.3982348205352082 ) ) ;
#1076 = CARTESIAN_POINT ( 'NONE',  ( 146.7668362392671497, 82.70724301018717028, 885.4436048226453977 ) ) ;
#1077 = ORIENTED_EDGE ( 'NONE', *, *, #722, .T. ) ;
#1078 = DIRECTION ( 'NONE',  ( 0.9893182699774497602, 0.000000000000000000, 0.1457716045354027490 ) ) ;
#1079 = CARTESIAN_POINT ( 'NONE',  ( 44.59640806895547627, 11.47102205625542659, 877.4681153247302063 ) ) ;
#1080 = CARTESIAN_POINT ( 'NONE',  ( 177.9714809423605288, 107.8101980967520603, 895.3729555317381710 ) ) ;
#1081 = CARTESIAN_POINT ( 'NONE',  ( 214.7121072307449481, 126.6554969382213187, 862.1656150637801375 ) ) ;
#1082 = CARTESIAN_POINT ( 'NONE',  ( 105.5850748585622796, 54.01296903667715554, 876.4198850929335549 ) ) ;
#1083 = VECTOR ( 'NONE', #1041, 1000.000000000000227 ) ;
#1084 = PRODUCT_DEFINITION ( 'UNKNOWN', '', #980, #1050 ) ;
#1085 = CARTESIAN_POINT ( 'NONE',  ( 141.9062681934255465, 79.53428855139436848, 816.1794239721259601 ) ) ;
#1086 = CARTESIAN_POINT ( 'NONE',  ( 144.3409203446389029, 76.05724493452841273, 858.8324735321651815 ) ) ;
#1087 = CARTESIAN_POINT ( 'NONE',  ( 141.8176863923843882, 79.66079647398453289, 920.1389988083384424 ) ) ;
#1088 = CARTESIAN_POINT ( 'NONE',  ( 214.1803077050211641, 127.4149853708700704, 908.4774181442001009 ) ) ;
#1089 = EDGE_CURVE ( 'NONE', #28, #929, #1321, .T. ) ;
#1090 = CARTESIAN_POINT ( 'NONE',  ( 82.39794651355359179, 33.68262743239858281, 870.9015599962701799 ) ) ;
#1091 = CARTESIAN_POINT ( 'NONE',  ( 23.61522581789173358, -4.017505835994040986, 858.3775851005569848 ) ) ;
#1092 = CARTESIAN_POINT ( 'NONE',  ( 205.7826761542613667, 121.0641428294054691, 900.3009486126483125 ) ) ;
#1093 = CARTESIAN_POINT ( 'NONE',  ( 194.5830746149174502, 119.3414142024858080, 898.9634942859954663 ) ) ;
#1094 = CARTESIAN_POINT ( 'NONE',  ( 71.82613253791342345, 28.52037231286880115, 784.1337244893342131 ) ) ;
#1095 = CARTESIAN_POINT ( 'NONE',  ( 105.6237260161139773, 53.95850965000967392, 876.4175247661976300 ) ) ;
#1096 = CARTESIAN_POINT ( 'NONE',  ( -2.120152111351205626, -16.97211094646019802, 757.7598091910767835 ) ) ;
#1097 = CARTESIAN_POINT ( 'NONE',  ( 28.41722957819858308, 3.909445505875018156, 863.6642676069398021 ) ) ;
#1098 = CARTESIAN_POINT ( 'NONE',  ( 143.9710860432390689, 76.58542305489729074, 875.5745316195202577 ) ) ;
#1099 = LINE ( 'NONE', #97, #1853 ) ;
#1100 = CARTESIAN_POINT ( 'NONE',  ( 168.2011435877667225, 98.38679357361705513, 922.2012824669412794 ) ) ;
#1101 = CARTESIAN_POINT ( 'NONE',  ( 205.6907356473526534, 121.1971414875235098, 899.6932358690512501 ) ) ;
#1102 = CARTESIAN_POINT ( 'NONE',  ( 214.0222077153583484, 127.6407755559726951, 852.8934271288495665 ) ) ;
#1103 = CARTESIAN_POINT ( 'NONE',  ( 195.5337278867671955, 117.1583534831871418, 896.1888270409197048 ) ) ;
#1104 = CARTESIAN_POINT ( 'NONE',  ( -3.048360315845753732, -15.64649224936962746, 771.7748737198608069 ) ) ;
#1105 = FILL_AREA_STYLE ('',( #1382 ) ) ;
#1106 = CARTESIAN_POINT ( 'NONE',  ( 144.0639442490152078, 76.45280779340858146, 872.2274645212780797 ) ) ;
#1107 = CARTESIAN_POINT ( 'NONE',  ( 196.8400620795779901, 117.5847486949901111, 896.4255667691201097 ) ) ;
#1108 = B_SPLINE_CURVE_WITH_KNOTS ( 'NONE', 3,
 ( #98, #238, #817, #1230, #1285, #501, #988 ),
 .UNSPECIFIED., .F., .F.,
 ( 4, 3, 4 ),
 ( 0.002999327805467955771, 0.004999186222522653163, 0.02299932841394138061 ),
 .UNSPECIFIED. ) ;
#1109 = PLANE ( 'NONE',  #145 ) ;
#1110 = CARTESIAN_POINT ( 'NONE',  ( 121.7482380551909955, 65.24900798509050048, 879.9565587262914050 ) ) ;
#1111 = CARTESIAN_POINT ( 'NONE',  ( 142.6793484735449340, 78.43021549028938466, 817.2507361314638956 ) ) ;
#1112 = CARTESIAN_POINT ( 'NONE',  ( 202.9328228344526508, 125.1358343832222602, 900.7854044990465354 ) ) ;
#1113 = CARTESIAN_POINT ( 'NONE',  ( 68.06150663204634554, 33.89681529646277625, 822.0333090947085566 ) ) ;
#1114 = CARTESIAN_POINT ( 'NONE',  ( 212.9387462032269980, 129.1881189549047804, 934.2462908152377850 ) ) ;
#1115 = CARTESIAN_POINT ( 'NONE',  ( 213.7916031682235598, 127.9701129803084712, 918.2587535237203156 ) ) ;
#1116 = CARTESIAN_POINT ( 'NONE',  ( 3.365608941328646964, -24.80658965930875937, 804.6950097304066958 ) ) ;
#1117 = CARTESIAN_POINT ( 'NONE',  ( 205.7057305229135693, 121.1756965865404396, 899.7634034295722358 ) ) ;
#1118 = CARTESIAN_POINT ( 'NONE',  ( 72.07901350088307879, 28.15922086966121896, 785.0390244078101887 ) ) ;
#1119 = CARTESIAN_POINT ( 'NONE',  ( 140.4816007132893105, 81.56892457342134151, 890.0711930966829186 ) ) ;
#1120 = CARTESIAN_POINT ( 'NONE',  ( 211.3037425475698399, 131.5231461667480346, 860.8322380219074148 ) ) ;
#1121 = CARTESIAN_POINT ( 'NONE',  ( 28.47212943744394664, 0.1806806718485085839, 873.9275179122969348 ) ) ;
#1122 = CARTESIAN_POINT ( 'NONE',  ( 214.5633103269228172, 126.8680009398237587, 896.9092783267617506 ) ) ;
#1123 = CARTESIAN_POINT ( 'NONE',  ( 31.37463202504713067, 1.724608034546935231, 860.1102329190183582 ) ) ;
#1124 = CARTESIAN_POINT ( 'NONE',  ( 68.16295302311132787, 33.75193483527225879, 834.1156043882567701 ) ) ;
#1125 = CARTESIAN_POINT ( 'NONE',  ( 68.46892751307264291, 33.31495797732024045, 799.8966508143795409 ) ) ;
#1126 = CARTESIAN_POINT ( 'NONE',  ( 81.76564243395456799, 33.51678189785712192, 874.3358956828537885 ) ) ;
#1127 = CARTESIAN_POINT ( 'NONE',  ( 214.3648803209611060, 127.1513883573163781, 856.1807038834546120 ) ) ;
#1128 = EDGE_CURVE ( 'NONE', #624, #34, #1421, .T. ) ;
#1129 = CARTESIAN_POINT ( 'NONE',  ( 21.57692300373829397, -1.106467446178592606, 860.6456790465199447 ) ) ;
#1130 = CARTESIAN_POINT ( 'NONE',  ( -2.786639722255166873, -16.02026799342952401, 832.9050382061626578 ) ) ;
#1131 = CARTESIAN_POINT ( 'NONE',  ( 68.90658782965617490, 32.68991426856143079, 792.8900435579063242 ) ) ;
#1132 = CARTESIAN_POINT ( 'NONE',  ( 108.6457891081076070, 56.68579232723895700, 912.4142591130420215 ) ) ;
#1133 = CARTESIAN_POINT ( 'NONE',  ( 197.4894342576210420, 115.1907129635625751, 898.9634958268070477 ) ) ;
#1134 = EDGE_CURVE ( 'NONE', #1067, #1163, #303, .T. ) ;
#1135 = CARTESIAN_POINT ( 'NONE',  ( 73.91793423491800752, 25.53296988879214524, 818.0053656269453768 ) ) ;
#1136 = AXIS2_PLACEMENT_3D ( 'NONE', #1626, #59, #1344 ) ;
#1137 = CARTESIAN_POINT ( 'NONE',  ( 21.55246141850219388, -1.071562919179660067, 860.7669905408050681 ) ) ;
#1138 = EDGE_CURVE ( 'NONE', #1067, #11, #1027, .T. ) ;
#1139 = CARTESIAN_POINT ( 'NONE',  ( 70.50980949883279436, 30.40027643736080876, 902.4586354434771920 ) ) ;
#1140 = CARTESIAN_POINT ( 'NONE',  ( -2.691917028415198754, -16.15554601983017591, 764.7453133240687748 ) ) ;
#1141 = CARTESIAN_POINT ( 'NONE',  ( 194.5521993420125284, 116.4711969312398452, 910.3956712603603592 ) ) ;
#1142 = CARTESIAN_POINT ( 'NONE',  ( 214.4328537703762834, 127.0543122110222924, 857.0641459396190385 ) ) ;
#1143 = CARTESIAN_POINT ( 'NONE',  ( 30.68281863494392070, 1.403255871691319934, 859.9612138674343669 ) ) ;
#1144 = CARTESIAN_POINT ( 'NONE',  ( 21.80830827468215460, -1.436261582228511857, 859.8566122534620035 ) ) ;
#1145 = CARTESIAN_POINT ( 'NONE',  ( -3.139930000798680787, -15.51571718632619401, 818.8039913657747775 ) ) ;
#1146 = CARTESIAN_POINT ( 'NONE',  ( 211.0666650146045242, 131.8617279728956930, 880.8759552179628827 ) ) ;
#1147 = CARTESIAN_POINT ( 'NONE',  ( 56.97921234895178344, 19.89724626056468182, 865.7424022264240193 ) ) ;
#1148 = CARTESIAN_POINT ( 'NONE',  ( 1.834429621142680711, -22.61983896522026427, 755.4607392153016008 ) ) ;
#1149 = CARTESIAN_POINT ( 'NONE',  ( 49.69064848392090994, 14.18325994709098481, 902.6315336292919937 ) ) ;
#1150 = CARTESIAN_POINT ( 'NONE',  ( 21.55710786954894687, -1.078183892314425352, 860.7429301252213918 ) ) ;
#1151 = CARTESIAN_POINT ( 'NONE',  ( 47.52753840294970189, 12.98554553060543704, 863.6283671179852490 ) ) ;
#1152 = CARTESIAN_POINT ( 'NONE',  ( -3.305880049554548172, -15.27871595497671997, 809.3987352442394467 ) ) ;
#1153 = DIRECTION ( 'NONE',  ( 0.8062139315756730040, 0.5645170692202071683, 0.1770298706216668905 ) ) ;
#1154 = B_SPLINE_CURVE_WITH_KNOTS ( 'NONE', 3,
 ( #744, #143, #161, #306, #1731, #1760, #1722 ),
 .UNSPECIFIED., .F., .F.,
 ( 4, 3, 4 ),
 ( 0.002996095831431909266, 0.004999186220893114645, 0.02299609652316310718 ),
 .UNSPECIFIED. ) ;
#1155 = CARTESIAN_POINT ( 'NONE',  ( 144.3940047971110516, 75.98143247954095614, 842.0790406311150491 ) ) ;
#1156 = FACE_OUTER_BOUND ( 'NONE', #167, .T. ) ;
#1157 = PRESENTATION_LAYER_ASSIGNMENT (  '', '', ( #510 ) ) ;
#1158 = CARTESIAN_POINT ( 'NONE',  ( 171.5314248933101453, 100.2018676696269353, 890.8973721180597067 ) ) ;
#1159 = CARTESIAN_POINT ( 'NONE',  ( 205.3167495860785721, 121.7312994842926059, 898.7445748569050465 ) ) ;
#1160 = CARTESIAN_POINT ( 'NONE',  ( 139.6260281355915538, 82.79080884488398340, 838.7290245237653608 ) ) ;
#1161 = DIRECTION ( 'NONE',  ( -0.8062139315755741942, -0.5645170692203472784, -0.1770298706216697771 ) ) ;
#1162 = CARTESIAN_POINT ( 'NONE',  ( 213.3091357636506871, 128.6591478424687978, 849.8246778492293743 ) ) ;
#1163 = VERTEX_POINT ( 'NONE', #713 ) ;
#1164 = CARTESIAN_POINT ( 'NONE',  ( 200.2638122367783069, 119.6158079554253675, 927.3759870996128711 ) ) ;
#1165 = CARTESIAN_POINT ( 'NONE',  ( 70.89691278458185764, 29.84743565141506494, 782.8460906387924751 ) ) ;
#1166 = CARTESIAN_POINT ( 'NONE',  ( 178.4279207105010414, 105.1808555468328876, 906.8550738479269739 ) ) ;
#1167 = CARTESIAN_POINT ( 'NONE',  ( 32.96755973266269280, 7.372986170259313354, 860.9040052791160633 ) ) ;
#1168 = VERTEX_POINT ( 'NONE', #1008 ) ;
#1169 = CARTESIAN_POINT ( 'NONE',  ( 131.3795553763772546, 68.52067905098861900, 884.8064789404173780 ) ) ;
#1170 = ORIENTED_EDGE ( 'NONE', *, *, #1877, .T. ) ;
#1171 = CARTESIAN_POINT ( 'NONE',  ( 68.99356121967950628, 32.56570339495970501, 866.3047283389330460 ) ) ;
#1172 = DIRECTION ( 'NONE',  ( 0.1450182577416667951, 0.1015346249225058256, -0.9842054789846567120 ) ) ;
#1173 = CARTESIAN_POINT ( 'NONE',  ( 1.382372386767174444, -21.97423432701351231, 752.6280532337591467 ) ) ;
#1174 = VERTEX_POINT ( 'NONE', #741 ) ;
#1175 = CARTESIAN_POINT ( 'NONE',  ( 196.7084908388900999, 117.7744107462130643, 896.4199544697637521 ) ) ;
#1176 = CARTESIAN_POINT ( 'NONE',  ( 199.2646017863833379, 119.5523099886265044, 896.9800012289999813 ) ) ;
#1177 = CARTESIAN_POINT ( 'NONE',  ( 140.6797580898404476, 81.28592651107931033, 820.4158644910000930 ) ) ;
#1178 = CARTESIAN_POINT ( 'NONE',  ( 192.3002587640579009, 114.5922576527414236, 895.4421374624888585 ) ) ;
#1179 = CARTESIAN_POINT ( 'NONE',  ( 25.15826886827025888, -6.221184367400521609, 860.7671416410947813 ) ) ;
#1180 = CARTESIAN_POINT ( 'NONE',  ( 30.94799784071290816, 1.422462831017185181, 859.9925518052774578 ) ) ;
#1181 = ORIENTED_EDGE ( 'NONE', *, *, #405, .T. ) ;
#1182 = CARTESIAN_POINT ( 'NONE',  ( 2.437206240512830746, -23.48069319268453370, 761.2447133951326350 ) ) ;
#1183 = ORIENTED_EDGE ( 'NONE', *, *, #549, .T. ) ;
#1184 = CARTESIAN_POINT ( 'NONE',  ( 68.60749033748687964, 33.11706975582436741, 854.2397849133939189 ) ) ;
#1185 = CARTESIAN_POINT ( 'NONE',  ( 100.1922700108757169, 50.15540209648149528, 875.2256101538523581 ) ) ;
#1186 = ORIENTED_EDGE ( 'NONE', *, *, #936, .T. ) ;
#1187 = CARTESIAN_POINT ( 'NONE',  ( 214.8923957692273063, 126.3980182213482237, 880.8759552180511037 ) ) ;
#1188 = DIRECTION ( 'NONE',  ( 1.000000000000000000, 0.000000000000000000, 0.000000000000000000 ) ) ;
#1189 = CARTESIAN_POINT ( 'NONE',  ( 212.9156236022692212, 129.2211414513737111, 849.5127573054593313 ) ) ;
#1190 = CARTESIAN_POINT ( 'NONE',  ( 56.96991936807407342, 16.01942746773244153, 869.0348918008949113 ) ) ;
#1191 = CARTESIAN_POINT ( 'NONE',  ( 24.80568479736880505, -5.717576768767827389, 859.6438918202602508 ) ) ;
#1192 = CARTESIAN_POINT ( 'NONE',  ( 14.34647133976052125, -10.10896691160225735, 856.3567624105177174 ) ) ;
#1193 = VERTEX_POINT ( 'NONE', #280 ) ;
#1194 = CARTESIAN_POINT ( 'NONE',  ( 3.424372282220890629, -24.89051240747350846, 795.2858572951031420 ) ) ;
#1195 = ORIENTED_EDGE ( 'NONE', *, *, #1589, .T. ) ;
#1196 = CARTESIAN_POINT ( 'NONE',  ( -1.428785959054618804, -17.95948413879179384, 870.4686297551014604 ) ) ;
#1197 = CARTESIAN_POINT ( 'NONE',  ( 142.0374620751701968, 79.34692427068361553, 922.3635608615225010 ) ) ;
#1198 = VERTEX_POINT ( 'NONE', #456 ) ;
#1199 = CARTESIAN_POINT ( 'NONE',  ( 70.02380314178945753, 31.09436544743634556, 784.5780276304296876 ) ) ;
#1200 = CARTESIAN_POINT ( 'NONE',  ( 1.815048441970488646, -22.59215977281740706, 861.0829855956174015 ) ) ;
#1201 = CARTESIAN_POINT ( 'NONE',  ( -0.3293201357312611210, -19.52968406285191705, 749.6643380746803587 ) ) ;
#1202 = CARTESIAN_POINT ( 'NONE',  ( 22.45639539710347776, -4.070721775242087226, 858.1746531361103507 ) ) ;
#1203 = CARTESIAN_POINT ( 'NONE',  ( 25.25450241736627888, -6.360324262785758798, 861.5585209784201197 ) ) ;
#1204 = ADVANCED_FACE ( 'NONE', ( #892 ), #1458, .T. ) ;
#1205 = CARTESIAN_POINT ( 'NONE',  ( 134.9422602180964361, 74.48756492766692361, 882.8533313496235451 ) ) ;
#1206 = ORIENTED_EDGE ( 'NONE', *, *, #585, .T. ) ;
#1207 = CARTESIAN_POINT ( 'NONE',  ( 72.99754751146149090, 26.84741835332865989, 791.8933060759012506 ) ) ;
#1208 = EDGE_CURVE ( 'NONE', #164, #1340, #20, .T. ) ;
#1209 = ORIENTED_EDGE ( 'NONE', *, *, #273, .T. ) ;
#1210 = CARTESIAN_POINT ( 'NONE',  ( 105.6237260161139773, 53.95850965000967392, 876.4175247661976300 ) ) ;
#1211 = ORIENTED_EDGE ( 'NONE', *, *, #1470, .F. ) ;
#1212 = CARTESIAN_POINT ( 'NONE',  ( 140.3930099695070908, 81.69544526756864400, 822.8784361029638603 ) ) ;
#1213 = CARTESIAN_POINT ( 'NONE',  ( 3.230438141293732190, -24.61354575066917505, 814.1017675944217444 ) ) ;
#1214 = CARTESIAN_POINT ( 'NONE',  ( 70.31525709945697145, 30.67812605873637111, 783.7083636325245379 ) ) ;
#1215 = CARTESIAN_POINT ( 'NONE',  ( 57.63544315651945737, 16.19284131957626727, 865.4485991215017293 ) ) ;
#1216 = B_SPLINE_CURVE_WITH_KNOTS ( 'NONE', 3,
 ( #1240, #955, #1824, #556, #1132, #521, #1713, #1100, #418, #529 ),
 .UNSPECIFIED., .F., .F.,
 ( 4, 3, 3, 4 ),
 ( 0.02876900812952227701, 0.1085494622065026199, 0.1854473273256506127, 0.2517297563981434338 ),
 .UNSPECIFIED. ) ;
#1217 = CARTESIAN_POINT ( 'NONE',  ( 24.66860121827746966, -5.521876616603313082, 859.3658029533947911 ) ) ;
#1218 = PLANE ( 'NONE',  #466 ) ;
#1219 = AXIS2_PLACEMENT_3D ( 'NONE', #363, #1543, #1078 ) ;
#1220 = CARTESIAN_POINT ( 'NONE',  ( 15.96394959221296084, -4.737543704179474346, 860.9420199753126326 ) ) ;
#1221 = CARTESIAN_POINT ( 'NONE',  ( 2.120149864898696723, -23.02788976182630876, 757.7598091910765561 ) ) ;
#1222 = CARTESIAN_POINT ( 'NONE',  ( 203.0111533079407593, 125.0239548797254798, 899.7936270426142755 ) ) ;
#1223 = ORIENTED_EDGE ( 'NONE', *, *, #1274, .F. ) ;
#1224 = EDGE_CURVE ( 'NONE', #1794, #1055, #171, .T. ) ;
#1225 = CARTESIAN_POINT ( 'NONE',  ( 211.5941804628782279, 131.1083578369182021, 856.1807038834538162 ) ) ;
#1226 = CARTESIAN_POINT ( 'NONE',  ( 2.494889368001623531, -23.56307323623047623, 842.3009880572086558 ) ) ;
#1227 = CARTESIAN_POINT ( 'NONE',  ( 190.4304775045908684, 116.4591294743786705, 898.0628458812200279 ) ) ;
#1228 = CARTESIAN_POINT ( 'NONE',  ( 73.92484546493770381, 25.52309962941527743, 822.0333090947123083 ) ) ;
#1229 = ORIENTED_EDGE ( 'NONE', *, *, #585, .F. ) ;
#1230 = CARTESIAN_POINT ( 'NONE',  ( 45.03940666056612940, 11.78109605724510445, 863.1651499789819582 ) ) ;
#1231 = CARTESIAN_POINT ( 'NONE',  ( 23.35499485677313913, -3.645833136815891606, 858.3550850663345955 ) ) ;
#1232 =( GEOMETRIC_REPRESENTATION_CONTEXT ( 3 ) GLOBAL_UNCERTAINTY_ASSIGNED_CONTEXT ( ( #1717 ) ) GLOBAL_UNIT_ASSIGNED_CONTEXT ( ( #333, #1349, #1642 ) ) REPRESENTATION_CONTEXT ( 'NONE', 'WORKASPACE' ) );
#1233 = CARTESIAN_POINT ( 'NONE',  ( 23.64215804750232763, -4.055641881809739502, 898.3508884458437933 ) ) ;
#1234 = CARTESIAN_POINT ( 'NONE',  ( 73.18246587806260095, 26.58332755665713520, 794.2207006091374524 ) ) ;
#1235 = CARTESIAN_POINT ( 'NONE',  ( 103.5647401647765946, 52.51693756292148407, 890.3912972106508050 ) ) ;
#1236 = AXIS2_PLACEMENT_3D ( 'NONE', #1121, #1700, #653 ) ;
#1237 = CARTESIAN_POINT ( 'NONE',  ( 141.0829054546756822, 80.71017240556572858, 818.0037412710202034 ) ) ;
#1238 = CARTESIAN_POINT ( 'NONE',  ( 1.815048441970488646, -22.59215977281740706, 861.0829855956174015 ) ) ;
#1239 = CARTESIAN_POINT ( 'NONE',  ( 28.58684452824802236, 0.01685012542928946214, 873.9275192428357286 ) ) ;
#1240 = CARTESIAN_POINT ( 'NONE',  ( 23.06889028389306517, -3.236929093909063582, 898.3508885673736586 ) ) ;
#1241 = LINE ( 'NONE', #1079, #1712 ) ;
#1242 = ADVANCED_BREP_SHAPE_REPRESENTATION ( 'RUDDER R', ( #1430, #234 ), #1232 ) ;
#1243 = CARTESIAN_POINT ( 'NONE',  ( 213.7005884698097589, 128.1000954404335914, 850.9684581342297633 ) ) ;
#1244 = PLANE ( 'NONE',  #1065 ) ;
#1245 = CARTESIAN_POINT ( 'NONE',  ( 69.56676337616458738, 31.74708587771524293, 786.9630249103826145 ) ) ;
#1246 = CARTESIAN_POINT ( 'NONE',  ( 212.8449364994046960, 129.3220930964317859, 932.4711197887561411 ) ) ;
#1247 = CARTESIAN_POINT ( 'NONE',  ( 144.2227194088517592, 76.22605336536773279, 865.5312440156623097 ) ) ;
#1248 = CARTESIAN_POINT ( 'NONE',  ( 46.65168465830463163, 12.91002526082650803, 863.5194269901223834 ) ) ;
#1249 = CARTESIAN_POINT ( 'NONE',  ( 196.7439104673574093, 117.7238264190011705, 896.4199549088185677 ) ) ;
#1250 = CARTESIAN_POINT ( 'NONE',  ( 205.6666117683415393, 121.2317035506296321, 899.5917199505068993 ) ) ;
#1251 = APPLICATION_CONTEXT ( 'automotive_design' ) ;
#1252 = CARTESIAN_POINT ( 'NONE',  ( 72.17653637867665850, 28.01994376612841720, 785.5131440271468364 ) ) ;
#1253 = DIRECTION ( 'NONE',  ( 0.5735754540206822183, -0.8191527320962250780, 6.652693951280004140E-06 ) ) ;
#1254 = CARTESIAN_POINT ( 'NONE',  ( 68.56994601869688211, 33.17068859986884632, 797.8903580971821157 ) ) ;
#1255 = CARTESIAN_POINT ( 'NONE',  ( -0.2368138216560076170, -19.66179677090985578, 895.4747568475032722 ) ) ;
#1256 = CARTESIAN_POINT ( 'NONE',  ( 143.7632885323727692, 76.88218865584690320, 882.2666725341541678 ) ) ;
#1257 = PLANE ( 'NONE',  #650 ) ;
#1258 = CARTESIAN_POINT ( 'NONE',  ( 199.2888058782086773, 119.5177500435164148, 896.9800022492780727 ) ) ;
#1259 = CARTESIAN_POINT ( 'NONE',  ( 0.1124403647914970078, -20.16058344113090683, 749.5127573054589902 ) ) ;
#1260 = CARTESIAN_POINT ( 'NONE',  ( 180.5371990261107555, 106.5512124237484102, 892.8793566264829451 ) ) ;
#1261 = CARTESIAN_POINT ( 'NONE',  ( 211.2469535530908047, 131.6042492560183348, 862.1656150637801375 ) ) ;
#1262 = CARTESIAN_POINT ( 'NONE',  ( 45.02572784230969916, 15.44448740436721224, 867.2569679561943303 ) ) ;
#1263 = CARTESIAN_POINT ( 'NONE',  ( 144.4123756063878545, 75.95519624489087107, 852.1316916243558808 ) ) ;
#1264 = CARTESIAN_POINT ( 'NONE',  ( 46.76915825711243713, 12.74827359670201687, 863.5002366454342564 ) ) ;
#1265 = CARTESIAN_POINT ( 'NONE',  ( 21.97362365756648828, -1.673041168352445318, 859.5042347649794010 ) ) ;
#1266 = EDGE_CURVE ( 'NONE', #615, #624, #710, .T. ) ;
#1267 = CARTESIAN_POINT ( 'NONE',  ( 139.6317860957772155, 82.78258562552122157, 858.8324735322738661 ) ) ;
#1268 = ADVANCED_FACE ( 'NONE', ( #613 ), #1358, .T. ) ;
#1269 = CARTESIAN_POINT ( 'NONE',  ( 68.80388621891849255, 32.83658736922527766, 794.2207006091376797 ) ) ;
#1270 = CARTESIAN_POINT ( 'NONE',  ( 36.31619407702104496, 1.441205441366649298, 864.5655110355498891 ) ) ;
#1271 = CARTESIAN_POINT ( 'NONE',  ( 73.51742458391058221, 26.10495694855931959, 799.8966508143796545 ) ) ;
#1272 = DIRECTION ( 'NONE',  ( 0.8191527321143559082, 0.5735754540333696250, 0.000000000000000000 ) ) ;
#1273 = CARTESIAN_POINT ( 'NONE',  ( 68.11181421302238448, 33.82496862496806500, 830.0886582262796765 ) ) ;
#1274 = EDGE_CURVE ( 'NONE', #1058, #454, #184, .T. ) ;
#1275 = CARTESIAN_POINT ( 'NONE',  ( -2.341272334468420091, -16.65631854056497474, 760.0804356895570209 ) ) ;
#1276 = CARTESIAN_POINT ( 'NONE',  ( 23.35499485677313913, -3.645833136815891606, 858.3550850663345955 ) ) ;
#1277 = EDGE_CURVE ( 'NONE', #18, #317, #1726, .T. ) ;
#1278 = CARTESIAN_POINT ( 'NONE',  ( 205.4033444807162994, 121.6075418272077258, 898.8949108606782374 ) ) ;
#1279 = CARTESIAN_POINT ( 'NONE',  ( 2.557271931905735318, -23.65216477052542743, 762.7989779438967162 ) ) ;
#1280 = CARTESIAN_POINT ( 'NONE',  ( 21.48978965401776620, -0.9831046095759822245, 861.1538978294196340 ) ) ;
#1281 = UNCERTAINTY_MEASURE_WITH_UNIT (LENGTH_MEASURE( 1.000000000000000082E-05 ), #829, 'distance_accuracy_value', 'NONE');
#1282 = CARTESIAN_POINT ( 'NONE',  ( 141.5842488595472162, 79.99417982120517934, 915.6895922766638023 ) ) ;
#1283 = VECTOR ( 'NONE', #709, 1000.000000000000000 ) ;
#1284 = CARTESIAN_POINT ( 'NONE',  ( 211.1990055604312602, 131.6727260861619300, 863.5000270594651965 ) ) ;
#1285 = CARTESIAN_POINT ( 'NONE',  ( 40.20220153814705810, 8.394048578496573043, 862.1021709941023801 ) ) ;
#1286 = CARTESIAN_POINT ( 'NONE',  ( 1.986506569276873302, -22.83702735556954622, 756.6067952899269358 ) ) ;
#1287 = CARTESIAN_POINT ( 'NONE',  ( 204.3614929621531644, 123.0954376414765932, 898.0965286604748599 ) ) ;
#1288 = CARTESIAN_POINT ( 'NONE',  ( 69.18444834754798478, 32.29308832378170280, 871.6649680450846063 ) ) ;
#1289 = CARTESIAN_POINT ( 'NONE',  ( -2.948480004175945357, -15.78913611739364242, 769.4288572106157744 ) ) ;
#1290 = CARTESIAN_POINT ( 'NONE',  ( -17.48336703845821916, 54.67780771078778201, 898.3508971642498864 ) ) ;
#1291 = CARTESIAN_POINT ( 'NONE',  ( 214.0222077153583484, 127.6407755559726951, 852.8934271288495665 ) ) ;
#1292 = B_SPLINE_CURVE_WITH_KNOTS ( 'NONE', 3,
 ( #687, #950, #1260, #1843 ),
 .UNSPECIFIED., .F., .F.,
 ( 4, 4 ),
 ( 2.499716140920444942E-06, 0.0001333730613968258814 ),
 .UNSPECIFIED. ) ;
#1293 = CARTESIAN_POINT ( 'NONE',  ( 213.7916031682235598, 127.9701129803084712, 918.2587535237203156 ) ) ;
#1294 = CARTESIAN_POINT ( 'NONE',  ( 194.7816295236207509, 116.1435358384013199, 910.3956739214379468 ) ) ;
#1295 = B_SPLINE_CURVE_WITH_KNOTS ( 'NONE', 3,
 ( #289, #546, #863, #1702 ),
 .UNSPECIFIED., .F., .F.,
 ( 4, 4 ),
 ( 0.000000000000000000, 0.0001308259731616469377 ),
 .UNSPECIFIED. ) ;
#1296 = CARTESIAN_POINT ( 'NONE',  ( -2.494891614230323018, -16.43692747237601637, 842.3009880612708002 ) ) ;
#1297 = CARTESIAN_POINT ( 'NONE',  ( 139.9703872389796686, 82.29901307777615216, 828.6953401556087329 ) ) ;
#1298 = CARTESIAN_POINT ( 'NONE',  ( 25.75859905219464352, -1.963663280104319453, 858.8833721198496960 ) ) ;
#1299 = VECTOR ( 'NONE', #886, 1000.000000000000000 ) ;
#1300 = CARTESIAN_POINT ( 'NONE',  ( 2.948477757732713478, -24.21086459090615861, 769.4288572106158881 ) ) ;
#1301 = DIRECTION ( 'NONE',  ( 0.5735756964288256654, -0.8191525623876100282, 8.429131688403387195E-16 ) ) ;
#1302 = FACE_OUTER_BOUND ( 'NONE', #1356, .T. ) ;
#1303 = CARTESIAN_POINT ( 'NONE',  ( 172.7099393010574317, 97.69125481780019982, 893.5957720645952804 ) ) ;
#1304 = CARTESIAN_POINT ( 'NONE',  ( 211.2469535530908047, 131.6042492560183348, 862.1656150637801375 ) ) ;
#1305 = CARTESIAN_POINT ( 'NONE',  ( 30.64512903152547452, 1.458266500646494990, 859.9574371839524929 ) ) ;
#1306 = CARTESIAN_POINT ( 'NONE',  ( 0.5798184460978244026, -20.82806851634351020, 750.0603792935647789 ) ) ;
#1307 = CARTESIAN_POINT ( 'NONE',  ( 104.3337306350930049, 52.44409401994920472, 911.6112554979066545 ) ) ;
#1308 = CARTESIAN_POINT ( 'NONE',  ( 25.25925653749384381, -6.365398716648948962, 862.1433884970182362 ) ) ;
#1309 = VECTOR ( 'NONE', #859, 1000.000000000000000 ) ;
#1310 = DIRECTION ( 'NONE',  ( -0.8191527321143571294, -0.5735754540333679596, 0.000000000000000000 ) ) ;
#1311 = EDGE_LOOP ( 'NONE', ( #747, #606, #1600, #185 ) ) ;
#1312 = CARTESIAN_POINT ( 'NONE',  ( 205.2204428067464903, 121.8689481238256747, 898.6030876047020683 ) ) ;
#1313 = ORIENTED_EDGE ( 'NONE', *, *, #1734, .T. ) ;
#1314 = CARTESIAN_POINT ( 'NONE',  ( -2.645438023460677801, -16.22192491811148685, 837.6034530541924141 ) ) ;
#1315 = CARTESIAN_POINT ( 'NONE',  ( 134.9422602180964361, 74.48756492766692361, 882.8533313496235451 ) ) ;
#1316 = CARTESIAN_POINT ( 'NONE',  ( 142.3993633244664352, 78.83007572286469156, 816.5699116640078046 ) ) ;
#1317 = EDGE_LOOP ( 'NONE', ( #1471, #1017, #903, #1651 ) ) ;
#1318 = CARTESIAN_POINT ( 'NONE',  ( 121.7482380551909955, 65.24900798509050048, 879.9565587262914050 ) ) ;
#1319 = CARTESIAN_POINT ( 'NONE',  ( 212.0326727237702755, 130.4821259885525251, 852.2458641094951872 ) ) ;
#1320 = ORIENTED_EDGE ( 'NONE', *, *, #1804, .T. ) ;
#1321 = B_SPLINE_CURVE_WITH_KNOTS ( 'NONE', 3,
 ( #576, #1298, #1736, #1305 ),
 .UNSPECIFIED., .F., .F.,
 ( 4, 4 ),
 ( 0.000000000000000000, 0.06779467982768967727 ),
 .UNSPECIFIED. ) ;
#1322 = VERTEX_POINT ( 'NONE', #626 ) ;
#1323 = CARTESIAN_POINT ( 'NONE',  ( 25.19603420757607282, -6.275425057825676944, 860.9886514874787053 ) ) ;
#1324 = CARTESIAN_POINT ( 'NONE',  ( 180.5622218701339818, 106.5154760077193714, 892.8793569167281703 ) ) ;
#1325 = ORIENTED_EDGE ( 'NONE', *, *, #194, .F. ) ;
#1326 = CARTESIAN_POINT ( 'NONE',  ( 73.67523586650025891, 25.87957907988750250, 803.9151570363198971 ) ) ;
#1327 = ADVANCED_FACE ( 'NONE', ( #639 ), #971, .F. ) ;
#1328 = ORIENTED_EDGE ( 'NONE', *, *, #812, .F. ) ;
#1329 = CARTESIAN_POINT ( 'NONE',  ( -2.786639722255166873, -16.02026799342952401, 832.9050382061626578 ) ) ;
#1330 = CARTESIAN_POINT ( 'NONE',  ( 0.5646276282310646044, -20.80637378008660576, 889.2276783682007135 ) ) ;
#1331 = CARTESIAN_POINT ( 'NONE',  ( 72.07901350088307879, 28.15922086966121896, 785.0390244078101887 ) ) ;
#1332 = ORIENTED_EDGE ( 'NONE', *, *, #734, .T. ) ;
#1333 = CARTESIAN_POINT ( 'NONE',  ( 213.0203145806088401, 129.0716272393338500, 934.2462908152381260 ) ) ;
#1334 = LINE ( 'NONE', #36, #811 ) ;
#1335 = CARTESIAN_POINT ( 'NONE',  ( 212.2584723136428124, 130.1596507543535211, 850.9684581342304455 ) ) ;
#1336 = ORIENTED_EDGE ( 'NONE', *, *, #1592, .T. ) ;
#1337 = CARTESIAN_POINT ( 'NONE',  ( 203.7483936512598746, 123.9710727803650911, 898.3417249014029267 ) ) ;
#1338 = CARTESIAN_POINT ( 'NONE',  ( 203.1816205665882933, 125.5003144991206909, 898.1707765995952286 ) ) ;
#1339 = EDGE_CURVE ( 'NONE', #1168, #640, #1540, .T. ) ;
#1340 = VERTEX_POINT ( 'NONE', #672 ) ;
#1341 = CARTESIAN_POINT ( 'NONE',  ( 143.5796964708947883, 77.14438529250031706, 822.8784361029636329 ) ) ;
#1342 = ORIENTED_EDGE ( 'NONE', *, *, #271, .T. ) ;
#1343 = CARTESIAN_POINT ( 'NONE',  ( 211.7787530790305084, 130.8447608230609092, 908.4774181482811173 ) ) ;
#1344 = DIRECTION ( 'NONE',  ( -0.8191527321143555751, -0.5735754540333702911, 0.000000000000000000 ) ) ;
#1345 = VERTEX_POINT ( 'NONE', #103 ) ;
#1346 = CARTESIAN_POINT ( 'NONE',  ( 212.0326727237702755, 130.4821259885525251, 852.2458641094951872 ) ) ;
#1347 = ADVANCED_FACE ( 'NONE', ( #259 ), #1371, .T. ) ;
#1348 = CARTESIAN_POINT ( 'NONE',  ( 2.645435776918813708, -23.77807579004773686, 837.6034530560607436 ) ) ;
#1349 =( NAMED_UNIT ( * ) PLANE_ANGLE_UNIT ( ) SI_UNIT ( $, .RADIAN. ) );
#1350 = CARTESIAN_POINT ( 'NONE',  ( 140.7997180499674243, 81.11460593313388756, 819.6044445099389577 ) ) ;
#1351 = ORIENTED_EDGE ( 'NONE', *, *, #1875, .F. ) ;
#1352 = CARTESIAN_POINT ( 'NONE',  ( 24.14410064569572256, -4.772814795297073864, 858.7165452402059600 ) ) ;
#1353 = CARTESIAN_POINT ( 'NONE',  ( 202.8873165384405013, 125.1043908915900573, 900.7741553000801105 ) ) ;
#1354 = ORIENTED_EDGE ( 'NONE', *, *, #405, .F. ) ;
#1355 = CARTESIAN_POINT ( 'NONE',  ( 144.2845760731451321, 76.13771289355329941, 835.9385562427357854 ) ) ;
#1356 = EDGE_LOOP ( 'NONE', ( #305, #1787, #55, #777 ) ) ;
#1357 = CARTESIAN_POINT ( 'NONE',  ( -2.916999360595794677, -15.83409513577371897, 828.2056663184281433 ) ) ;
#1358 = PLANE ( 'NONE',  #1136 ) ;
#1359 = EDGE_LOOP ( 'NONE', ( #1507, #471, #1033, #919, #459, #1610, #478, #1077, #649, #1781, #1484, #483, #1181, #1328, #311, #1209, #43 ) ) ;
#1360 = CARTESIAN_POINT ( 'NONE',  ( 211.7745375060554522, 130.8507812852042775, 854.2000962085226092 ) ) ;
#1361 = CARTESIAN_POINT ( 'NONE',  ( 3.139927754347020095, -24.48428352196177826, 818.8039913659490594 ) ) ;
#1362 = CARTESIAN_POINT ( 'NONE',  ( 212.1941964211116556, 130.2514462421534915, 851.2833256139230116 ) ) ;
#1363 = CARTESIAN_POINT ( 'NONE',  ( 36.99775583835251069, 1.617259938582502610, 860.9040525379836026 ) ) ;
#1364 = CARTESIAN_POINT ( 'NONE',  ( 21.92939312955279973, -1.609752914591099815, 874.2208034912523544 ) ) ;
#1365 = CARTESIAN_POINT ( 'NONE',  ( 32.56900921350235478, 6.792733816932341462, 864.5655133600191675 ) ) ;
#1366 = CARTESIAN_POINT ( 'NONE',  ( 73.29780069934383846, 26.41861236153615522, 795.8869776389785784 ) ) ;
#1367 = CARTESIAN_POINT ( 'NONE',  ( 203.3124208481913513, 124.5936963300757441, 898.9086146587133044 ) ) ;
#1368 = VERTEX_POINT ( 'NONE', #1674 ) ;
#1369 = CARTESIAN_POINT ( 'NONE',  ( 212.6499250193103876, 129.6005983530205583, 849.8246778492305111 ) ) ;
#1370 = CARTESIAN_POINT ( 'NONE',  ( 144.1481556802731916, 76.33254140571276025, 868.8797041457605701 ) ) ;
#1371 = PLANE ( 'NONE',  #1236 ) ;
#1372 = CARTESIAN_POINT ( 'NONE',  ( 3.305877803109704693, -24.72128475332095121, 809.3987352442949259 ) ) ;
#1373 = CARTESIAN_POINT ( 'NONE',  ( 24.61447186201858273, -7.128195355930171395, 858.1772146483533561 ) ) ;
#1374 =( BOUNDED_SURFACE ( )  B_SPLINE_SURFACE ( 2, 3, ( 
 ( #632, #786, #1202, #163, #884, #1619, #897, #500, #205, #216, #1076, #1644, #64, #1178, #795, #1631, #321, #644 ),
 ( #1478, #52, #1373, #362, #1363, #605, #1215, #1090, #1463, #308, #350, #910, #773, #1762, #934, #1504, #462, #1514 ),
 ( #77, #488, #923, #655, #1811, #511, #1190, #746, #25, #1062, #176, #760, #38, #1773, #475, #1048, #1491, #190 ) ),
 .UNSPECIFIED., .F., .F., .T. ) 
 B_SPLINE_SURFACE_WITH_KNOTS ( ( 3, 3 ),
 ( 4, 2, 2, 2, 2, 2, 2, 2, 4 ),
 ( 0.000000000000000000, 1.000000000000000000 ),
 ( 0.01771978217983180212, 0.03312321444235610812, 0.04852664670488041065, 0.07933351122992901572, 0.1409472402800262258, 0.2025609693301234637, 0.2333678338551720688, 0.2487712661176963713, 0.2641746983802206739 ),
 .UNSPECIFIED. ) 
 GEOMETRIC_REPRESENTATION_ITEM ( )  RATIONAL_B_SPLINE_SURFACE ( (
 ( 1.000000000000000000, 1.000000000000000000, 1.000000000000000000, 1.000000000000000000, 1.000000000000000000, 1.000000000000000000, 1.000000000000000000, 1.000000000000000000, 1.000000000000000000, 1.000000000000000000, 1.000000000000000000, 1.000000000000000000, 1.000000000000000000, 1.000000000000000000, 1.000000000000000000, 1.000000000000000000, 1.000000000000000000, 1.000000000000000000),
 ( 0.6831509596315332722, 0.6831819307375375239, 0.6832129492816777505, 0.6832791973626172188, 0.6833143812829349795, 0.6834261487938102508, 0.6835089465140736786, 0.6837825518918178025, 0.6839983460300104179, 0.6845005523697723637, 0.6847898538407478641, 0.6852881745212789921, 0.6854650878033085037, 0.6857478742007616646, 0.6858450003911856774, 0.6860449733228038971, 0.6861475185515029107, 0.6862568187976273437),
 ( 1.000000000000000000, 1.000000000000000000, 1.000000000000000000, 1.000000000000000000, 1.000000000000000000, 1.000000000000000000, 1.000000000000000000, 1.000000000000000000, 1.000000000000000000, 1.000000000000000000, 1.000000000000000000, 1.000000000000000000, 1.000000000000000000, 1.000000000000000000, 1.000000000000000000, 1.000000000000000000, 1.000000000000000000, 1.000000000000000000) ) ) 
 REPRESENTATION_ITEM ( '' )  SURFACE ( )  );
#1375 = CARTESIAN_POINT ( 'NONE',  ( 105.7364360984014695, 53.79330345521977108, 876.4310438312139695 ) ) ;
#1376 = CARTESIAN_POINT ( 'NONE',  ( 204.3614929621531644, 123.0954376414765932, 898.0965286604748599 ) ) ;
#1377 = VECTOR ( 'NONE', #823, 999.9999999999998863 ) ;
#1378 = CARTESIAN_POINT ( 'NONE',  ( 25.02993288774659675, -6.037840529036153647, 868.1832332818046325 ) ) ;
#1379 = CARTESIAN_POINT ( 'NONE',  ( 143.9036866167152198, 76.68167941154264611, 827.0286419538872451 ) ) ;
#1380 = CARTESIAN_POINT ( 'NONE',  ( 203.8521124151662320, 123.8231366282430344, 923.5488832309810050 ) ) ;
#1381 = CARTESIAN_POINT ( 'NONE',  ( 69.80981571834897181, 31.39997115969082842, 785.5131440271472911 ) ) ;
#1382 = FILL_AREA_STYLE_COLOUR ( '', #264 ) ;
#1383 = CARTESIAN_POINT ( 'NONE',  ( 214.7046265276152326, 126.6661804894848586, 891.5668978736307508 ) ) ;
#1384 = CARTESIAN_POINT ( 'NONE',  ( 205.0794670876486521, 122.0702518845211557, 918.9992976147874515 ) ) ;
#1385 = CARTESIAN_POINT ( 'NONE',  ( 181.9486658895542348, 107.1576808664713809, 893.1533902166586358 ) ) ;
#1386 = CARTESIAN_POINT ( 'NONE',  ( 22.19789812143277175, -1.993095344178413386, 859.1299064191324533 ) ) ;
#1387 = CARTESIAN_POINT ( 'NONE',  ( 142.9707003705861723, 78.01412185927036091, 818.3982348205346398 ) ) ;
#1388 = CARTESIAN_POINT ( 'NONE',  ( 28.47212943744394664, 0.1806806718485085839, 873.9275179122969348 ) ) ;
#1389 = CARTESIAN_POINT ( 'NONE',  ( 69.69760219206555973, 31.56022868358195055, 786.1555536891546581 ) ) ;
#1390 = CARTESIAN_POINT ( 'NONE',  ( 21.45151336433583822, -0.9273674390988327909, 862.1433919560419099 ) ) ;
#1391 = CARTESIAN_POINT ( 'NONE',  ( 214.0111110445343741, 127.6566232442916942, 912.9243695892682808 ) ) ;
#1392 = LINE ( 'NONE', #682, #406 ) ;
#1393 = DIRECTION ( 'NONE',  ( 0.9893182699774497602, -1.381674511121135629E-14, 0.1457716045354026380 ) ) ;
#1394 = CARTESIAN_POINT ( 'NONE',  ( 46.65168465830463163, 12.91002526082650803, 863.5194269901223834 ) ) ;
#1395 = CARTESIAN_POINT ( 'NONE',  ( 0.3293178989743646978, -20.47031665928132327, 749.6643380746800176 ) ) ;
#1396 = B_SPLINE_CURVE_WITH_KNOTS ( 'NONE', 3,
 ( #1519, #377, #1082, #70 ),
 .UNSPECIFIED., .F., .F.,
 ( 4, 4 ),
 ( 2.506839379165375656E-06, 0.0002029792747068141496 ),
 .UNSPECIFIED. ) ;
#1397 = CARTESIAN_POINT ( 'NONE',  ( 194.9952745188008123, 116.7813243770055038, 896.0704677416945287 ) ) ;
#1398 = CARTESIAN_POINT ( 'NONE',  ( -2.557274178349872695, -16.34783593777305555, 762.7989779438968299 ) ) ;
#1399 = B_SPLINE_CURVE_WITH_KNOTS ( 'NONE', 3,
 ( #283, #1123, #1560, #850, #270, #1432, #262 ),
 .UNSPECIFIED., .F., .F.,
 ( 4, 3, 4 ),
 ( 0.002702568502115208597, 0.004999186219559687352, 0.02270256910894230193 ),
 .UNSPECIFIED. ) ;
#1400 = CARTESIAN_POINT ( 'NONE',  ( 2.645435776918813708, -23.77807579004773686, 837.6034530560607436 ) ) ;
#1401 = CARTESIAN_POINT ( 'NONE',  ( 202.9328228344526508, 125.1358343832222602, 900.7854044990465354 ) ) ;
#1402 = DIRECTION ( 'NONE',  ( -0.8062139315756312596, -0.5645170692202667873, -0.1770298706216669182 ) ) ;
#1403 = DIRECTION ( 'NONE',  ( -0.8062139315755511015, -0.5645170692203812512, -0.1770298706216668627 ) ) ;
#1404 = CARTESIAN_POINT ( 'NONE',  ( 213.0434371741628752, 129.0386047534391594, 849.5127573054593313 ) ) ;
#1405 = CARTESIAN_POINT ( 'NONE',  ( 203.2582695869028555, 124.6711219428282504, 909.8961010606781201 ) ) ;
#1406 = CARTESIAN_POINT ( 'NONE',  ( 139.8151822634453367, 82.52066875422234205, 832.0353679491403227 ) ) ;
#1407 = CARTESIAN_POINT ( 'NONE',  ( 144.3409203446389029, 76.05724493452841273, 858.8324735321651815 ) ) ;
#1408 = CARTESIAN_POINT ( 'NONE',  ( 205.4648040944123295, 121.5198580260116898, 909.8961231914169048 ) ) ;
#1409 = EDGE_CURVE ( 'NONE', #340, #916, #508, .T. ) ;
#1410 = LINE ( 'NONE', #530, #732 ) ;
#1411 = ADVANCED_FACE ( 'NONE', ( #518 ), #976, .T. ) ;
#1412 = CARTESIAN_POINT ( 'NONE',  ( 71.08943930124863186, 29.57247929039244028, 782.8460906387924751 ) ) ;
#1413 = CARTESIAN_POINT ( 'NONE',  ( 139.6855095348730060, 82.70586060306142429, 862.1821477919394283 ) ) ;
#1414 = CARTESIAN_POINT ( 'NONE',  ( 211.0435957581268838, 131.8946742855514174, 878.2022096740220150 ) ) ;
#1415 = VECTOR ( 'NONE', #1172, 1000.000000000000000 ) ;
#1416 = CARTESIAN_POINT ( 'NONE',  ( 194.7816295236207509, 116.1435358384013199, 910.3956739214379468 ) ) ;
#1417 = CARTESIAN_POINT ( 'NONE',  ( 214.7600552234040379, 126.5870201080776525, 863.5000270594664471 ) ) ;
#1418 = DIRECTION ( 'NONE',  ( 0.5735754540206770002, -0.8191527320962288528, 6.652693941841421141E-06 ) ) ;
#1419 = CARTESIAN_POINT ( 'NONE',  ( 141.2678637642399622, 80.44602456443053029, 909.0103294639587830 ) ) ;
#1420 = EDGE_CURVE ( 'NONE', #465, #57, #696, .T. ) ;
#1421 = B_SPLINE_CURVE_WITH_KNOTS ( 'NONE', 3,
 ( #1757, #315, #1441, #2 ),
 .UNSPECIFIED., .F., .F.,
 ( 4, 4 ),
 ( 0.0001100653403600807472, 0.0003104825472867080312 ),
 .UNSPECIFIED. ) ;
#1422 = CARTESIAN_POINT ( 'NONE',  ( 211.0960224092713986, 131.8198012682197202, 867.5070630339253057 ) ) ;
#1423 = CARTESIAN_POINT ( 'NONE',  ( 68.09915051844878064, 33.84305425513117171, 813.9777505152900403 ) ) ;
#1424 = CARTESIAN_POINT ( 'NONE',  ( 204.3992781257766183, 120.0723746677959411, 900.4795229361724296 ) ) ;
#1425 = CARTESIAN_POINT ( 'NONE',  ( 214.1845232778098875, 127.4089649089947756, 854.2000962085235187 ) ) ;
#1426 = CARTESIAN_POINT ( 'NONE',  ( 21.45283722279118876, -0.9313432601355517981, 861.5906514970154149 ) ) ;
#1427 = CARTESIAN_POINT ( 'NONE',  ( 68.99356121967950628, 32.56570339495970501, 866.3047283389330460 ) ) ;
#1428 = CARTESIAN_POINT ( 'NONE',  ( 68.06841786206584288, 33.88694503708681793, 818.0053656269456042 ) ) ;
#1429 = CARTESIAN_POINT ( 'NONE',  ( 129.3703062547801608, 70.58599414932508864, 881.6297507725889773 ) ) ;
#1430 = MANIFOLD_SOLID_BREP ( 'Zapas-WSZYSTKIE CZʌCIDO DRUKU-1', #300 ) ;
#1431 = CARTESIAN_POINT ( 'NONE',  ( 73.41640607828556142, 26.24922632601209216, 797.8903580971823430 ) ) ;
#1432 = CARTESIAN_POINT ( 'NONE',  ( 42.12364076799889290, 9.251144972633687402, 862.4740942828231027 ) ) ;
#1433 = CARTESIAN_POINT ( 'NONE',  ( 68.60749033748687964, 33.11706975582436741, 854.2397849133939189 ) ) ;
#1434 = CARTESIAN_POINT ( 'NONE',  ( -2.557274178349872695, -16.34783593777305555, 762.7989779438968299 ) ) ;
#1435 = CARTESIAN_POINT ( 'NONE',  ( 44.82583825056373428, 11.14336096341695992, 877.4681179858077940 ) ) ;
#1436 = CARTESIAN_POINT ( 'NONE',  ( 214.5095725340866011, 126.9447464615491583, 858.1703062687961392 ) ) ;
#1437 = CARTESIAN_POINT ( 'NONE',  ( 142.7048426717442169, 78.39380600194836290, 909.0103295476983476 ) ) ;
#1438 = CARTESIAN_POINT ( 'NONE',  ( 21.96462488240942079, -1.660178530407747211, 859.5217599843830385 ) ) ;
#1439 = CARTESIAN_POINT ( 'NONE',  ( -1.428785959054618804, -17.95948413879179384, 870.4686297551014604 ) ) ;
#1440 = CARTESIAN_POINT ( 'NONE',  ( 139.8863350303212201, 82.41905207203411976, 830.3644444181435347 ) ) ;
#1441 = CARTESIAN_POINT ( 'NONE',  ( 105.6992465550562059, 53.84850247944303447, 876.4243892286878008 ) ) ;
#1442 = CARTESIAN_POINT ( 'NONE',  ( 213.9263880598670085, 127.7776202059699671, 852.2458641094955283 ) ) ;
#1443 = CARTESIAN_POINT ( 'NONE',  ( 169.3776440512953911, 97.98836164603049781, 922.3002519123760976 ) ) ;
#1444 = CARTESIAN_POINT ( 'NONE',  ( 22.01280175699181640, -1.728983634512087475, 859.4306639412467348 ) ) ;
#1445 = CARTESIAN_POINT ( 'NONE',  ( 196.3931283631793576, 117.5572303994450465, 896.3510820205831351 ) ) ;
#1446 = CARTESIAN_POINT ( 'NONE',  ( 147.9168874188750920, 80.18962812063031720, 888.2964176599743951 ) ) ;
#1447 = CARTESIAN_POINT ( 'NONE',  ( 211.1434844961746933, 131.7520183834122918, 886.2223378906450080 ) ) ;
#1448 = CARTESIAN_POINT ( 'NONE',  ( 178.4279207105010414, 105.1808555468328876, 906.8550738479269739 ) ) ;
#1449 = AXIS2_PLACEMENT_3D ( 'NONE', #253, #381, #1552 ) ;
#1450 = CARTESIAN_POINT ( 'NONE',  ( 0.7918879325717523843, -21.13093513074208474, 750.5201798300382734 ) ) ;
#1451 = CARTESIAN_POINT ( 'NONE',  ( 142.0374620751701968, 79.34692427068361553, 922.3635608615225010 ) ) ;
#1452 = CARTESIAN_POINT ( 'NONE',  ( 25.18935901916586673, -6.265788419796764153, 860.9449796029042545 ) ) ;
#1453 = CARTESIAN_POINT ( 'NONE',  ( 78.62692760500840450, 39.06820768531196819, 870.9015155702378479 ) ) ;
#1454 = ADVANCED_FACE ( 'NONE', ( #17 ), #1684, .T. ) ;
#1455 = ORIENTED_EDGE ( 'NONE', *, *, #1069, .F. ) ;
#1456 = DIRECTION ( 'NONE',  ( 0.1450182577416667951, 0.1015346249225058256, -0.9842054789846567120 ) ) ;
#1457 = CARTESIAN_POINT ( 'NONE',  ( 211.3957504569710011, 131.3917452543321644, 896.9092783278564411 ) ) ;
#1458 = PLANE ( 'NONE',  #582 ) ;
#1459 = CARTESIAN_POINT ( 'NONE',  ( 1.268226016419748747, -21.81121641572498149, 752.0743075446004013 ) ) ;
#1460 = EDGE_LOOP ( 'NONE', ( #1607, #766, #446, #901 ) ) ;
#1461 = CARTESIAN_POINT ( 'NONE',  ( 30.64512903152547452, 1.458266500646494990, 859.9574371839524929 ) ) ;
#1462 = CARTESIAN_POINT ( 'NONE',  ( 141.9062681934255465, 79.53428855139436848, 816.1794239721259601 ) ) ;
#1463 = CARTESIAN_POINT ( 'NONE',  ( 98.90643006497718659, 45.34344146536687958, 874.5369877385601285 ) ) ;
#1464 = DIRECTION ( 'NONE',  ( 0.1450182577416667951, 0.1015346249225058256, -0.9842054789846567120 ) ) ;
#1465 = VECTOR ( 'NONE', #1473, 1000.000000000000114 ) ;
#1466 = EDGE_CURVE ( 'NONE', #298, #212, #1754, .T. ) ;
#1467 = CARTESIAN_POINT ( 'NONE',  ( 21.45151336433583822, -0.9273674390988327909, 862.1433919560419099 ) ) ;
#1468 = EDGE_LOOP ( 'NONE', ( #60, #1753, #1500, #1063, #191 ) ) ;
#1469 = CARTESIAN_POINT ( 'NONE',  ( 214.9154650257131323, 126.3650719086825092, 878.2022096739694916 ) ) ;
#1470 = EDGE_CURVE ( 'NONE', #154, #609, #1672, .T. ) ;
#1471 = ORIENTED_EDGE ( 'NONE', *, *, #1339, .T. ) ;
#1472 = CARTESIAN_POINT ( 'NONE',  ( 140.2094179080328331, 81.95764190421752460, 882.2666725340848188 ) ) ;
#1473 = DIRECTION ( 'NONE',  ( 0.5735754540205392216, -0.8191527320963252201, 6.652693911598016586E-06 ) ) ;
#1474 = CARTESIAN_POINT ( 'NONE',  ( 71.48959088528209804, 29.00100360326058890, 783.3151454787862349 ) ) ;
#1475 = ORIENTED_EDGE ( 'NONE', *, *, #1683, .T. ) ;
#1476 = CARTESIAN_POINT ( 'NONE',  ( 103.6794552555807485, 52.35310701650221432, 890.3912985411895988 ) ) ;
#1477 = CARTESIAN_POINT ( 'NONE',  ( 212.1192429393662735, 130.3584909077064253, 851.7099731832518046 ) ) ;
#1478 = CARTESIAN_POINT ( 'NONE',  ( 16.35906191073029348, -12.95826782656712872, 856.3593631666720967 ) ) ;
#1479 = VERTEX_POINT ( 'NONE', #442 ) ;
#1480 = CARTESIAN_POINT ( 'NONE',  ( 21.45151336433583822, -0.9273674390988327909, 862.1433919560419099 ) ) ;
#1481 = CARTESIAN_POINT ( 'NONE',  ( 178.6573508921092923, 104.8531944539943623, 906.8550765090045616 ) ) ;
#1482 = ORIENTED_EDGE ( 'NONE', *, *, #931, .T. ) ;
#1483 = CARTESIAN_POINT ( 'NONE',  ( 2.557271931905735318, -23.65216477052542743, 762.7989779438967162 ) ) ;
#1484 = ORIENTED_EDGE ( 'NONE', *, *, #596, .T. ) ;
#1485 = CARTESIAN_POINT ( 'NONE',  ( -1.815050690280523460, -17.40784093281670764, 861.0829855602926273 ) ) ;
#1486 = CARTESIAN_POINT ( 'NONE',  ( 121.8241149910462156, 65.13927206275828041, 879.9609351543408593 ) ) ;
#1487 = ORIENTED_EDGE ( 'NONE', *, *, #69, .F. ) ;
#1488 = CARTESIAN_POINT ( 'NONE',  ( -1.666191297638244695, -17.62043417770340170, 754.3216053108262713 ) ) ;
#1489 = CARTESIAN_POINT ( 'NONE',  ( 1.428783715782174557, -22.04051657403678632, 870.4686296950930000 ) ) ;
#1490 = CARTESIAN_POINT ( 'NONE',  ( 69.29249676077699860, 32.13877919779650227, 788.9194395436004470 ) ) ;
#1491 = CARTESIAN_POINT ( 'NONE',  ( 209.8720243278325484, 123.9391171618192828, 901.6839869586034411 ) ) ;
#1492 = ORIENTED_EDGE ( 'NONE', *, *, #1747, .F. ) ;
#1493 = CARTESIAN_POINT ( 'NONE',  ( 24.22730819558455906, -4.891591589588638378, 858.7926038916433527 ) ) ;
#1494 = CARTESIAN_POINT ( 'NONE',  ( 12.21219527195141730, -7.035917653235064684, 856.3593146285015791 ) ) ;
#1495 = ORIENTED_EDGE ( 'NONE', *, *, #360, .F. ) ;
#1496 = CARTESIAN_POINT ( 'NONE',  ( 3.406196767737367015, -24.86455508269236248, 799.9906555251288864 ) ) ;
#1497 = ORIENTED_EDGE ( 'NONE', *, *, #1551, .F. ) ;
#1498 = CARTESIAN_POINT ( 'NONE',  ( 70.50980949883279436, 30.40027643736080876, 902.4586354434771920 ) ) ;
#1499 = CARTESIAN_POINT ( 'NONE',  ( 87.86710341101199617, 41.52531657849781510, 872.5212742501971661 ) ) ;
#1500 = ORIENTED_EDGE ( 'NONE', *, *, #84, .T. ) ;
#1501 = CARTESIAN_POINT ( 'NONE',  ( 141.1799121278866949, 80.57163251857865305, 817.6204110468711406 ) ) ;
#1502 = CARTESIAN_POINT ( 'NONE',  ( 143.8705621144864608, 76.72898610337512082, 878.9209195031685340 ) ) ;
#1503 = CARTESIAN_POINT ( 'NONE',  ( 69.17807776111769158, 32.30218646409462480, 789.9065715302255057 ) ) ;
#1504 = CARTESIAN_POINT ( 'NONE',  ( 206.2177770059840043, 121.1642332859511839, 898.1708129128164728 ) ) ;
#1505 = CARTESIAN_POINT ( 'NONE',  ( 24.40582936569227357, -5.146346515192492532, 858.9878498800501347 ) ) ;
#1506 = DIRECTION ( 'NONE',  ( -0.1450182577416707086, -0.1015346249225060338, 0.9842054789846561569 ) ) ;
#1507 = ORIENTED_EDGE ( 'NONE', *, *, #1266, .F. ) ;
#1508 = CARTESIAN_POINT ( 'NONE',  ( 2.237033685045459297, -23.19481715658931620, 758.9183168595859570 ) ) ;
#1509 = CARTESIAN_POINT ( 'NONE',  ( 203.2924686447675242, 124.6222163786267885, 898.9473970911218430 ) ) ;
#1510 = EDGE_LOOP ( 'NONE', ( #911, #1206, #452, #353, #30 ) ) ;
#1511 = CARTESIAN_POINT ( 'NONE',  ( 140.2503841462672085, 81.89913605273982000, 824.5353737206801270 ) ) ;
#1512 = CARTESIAN_POINT ( 'NONE',  ( 2.335674190686541696, -23.33569039810485179, 846.9976463075832953 ) ) ;
#1513 = CARTESIAN_POINT ( 'NONE',  ( 141.1799121278866949, 80.57163251857865305, 817.6204110468711406 ) ) ;
#1514 = CARTESIAN_POINT ( 'NONE',  ( 214.4716391828866904, 126.9981541377351419, 899.9888333527749182 ) ) ;
#1515 = CARTESIAN_POINT ( 'NONE',  ( 196.8400620795779901, 117.5847486949901111, 896.4255667691201097 ) ) ;
#1516 = LINE ( 'NONE', #218, #1709 ) ;
#1517 = CARTESIAN_POINT ( 'NONE',  ( 24.23839335846432874, -4.907254527886780515, 886.2896734886867307 ) ) ;
#1518 = CARTESIAN_POINT ( 'NONE',  ( 73.75566015456824687, 25.76472129318943161, 806.5968048697683344 ) ) ;
#1519 = CARTESIAN_POINT ( 'NONE',  ( 105.5070051067462060, 54.12096398090336891, 876.4310466677382010 ) ) ;
#1520 = CARTESIAN_POINT ( 'NONE',  ( -1.834431867618462109, -17.38016174303299266, 755.4607392153026240 ) ) ;
#1521 = CARTESIAN_POINT ( 'NONE',  ( 3.305877803109704693, -24.72128475332095121, 809.3987352442949259 ) ) ;
#1522 = CARTESIAN_POINT ( 'NONE',  ( 200.1344475571202395, 123.1939552475407851, 900.1739183865529412 ) ) ;
#1523 = CARTESIAN_POINT ( 'NONE',  ( 214.3070242498400262, 127.2340153899654780, 904.9188924148318165 ) ) ;
#1524 = CARTESIAN_POINT ( 'NONE',  ( 23.35499485677313913, -3.645833136815891606, 858.3550850663345955 ) ) ;
#1525 = CARTESIAN_POINT ( 'NONE',  ( 117.1034292581583287, 61.75255767732777201, 878.9231216041582684 ) ) ;
#1526 = CARTESIAN_POINT ( 'NONE',  ( 203.0937623520650277, 122.2032577104459676, 897.8176933513030917 ) ) ;
#1527 = CARTESIAN_POINT ( 'NONE',  ( 71.96254895591127365, 28.32554947741855145, 784.5780276304291192 ) ) ;
#1528 = CARTESIAN_POINT ( 'NONE',  ( 202.9312527963251114, 125.1380762520316381, 900.7387023004372395 ) ) ;
#1529 = CARTESIAN_POINT ( 'NONE',  ( 212.1941964211116556, 130.2514462421534915, 851.2833256139230116 ) ) ;
#1530 = CARTESIAN_POINT ( 'NONE',  ( 128.1166788186388885, 73.18054114149009592, 884.8064782864746576 ) ) ;
#1531 = CARTESIAN_POINT ( 'NONE',  ( 214.8584416154035353, 126.4465097784531196, 883.5493426761004230 ) ) ;
#1532 = B_SPLINE_CURVE_WITH_KNOTS ( 'NONE', 3,
 ( #588, #1164, #319, #447, #1443, #1018, #895, #1307, #881, #1601, #1149, #1748, #12 ),
 .UNSPECIFIED., .F., .F.,
 ( 4, 3, 3, 3, 4 ),
 ( 0.01061543697587506024, 0.02681810242761361457, 0.1085494622134423048, 0.1854473273389775911, 0.2335761852481706424 ),
 .UNSPECIFIED. ) ;
#1533 = DIRECTION ( 'NONE',  ( -0.5735754540207105290, 0.8191527320962052050, -6.652693949245364085E-06 ) ) ;
#1534 = DIRECTION ( 'NONE',  ( 0.1450182577416664342, 0.1015346249225055619, -0.9842054789846569340 ) ) ;
#1535 = FACE_OUTER_BOUND ( 'NONE', #1636, .T. ) ;
#1536 = B_SPLINE_CURVE_WITH_KNOTS ( 'NONE', 3,
 ( #1308, #65, #309, #1203, #1632, #192, #351, #1323, #1452, #152, #14, #1800, #885, #1620, #1179, #1011, #322, #338, #1788, #899, #178, #1191, #762, #41, #476, #1051, #490, #1217, #296, #1505, #206, #633, #1493, #1064, #775, #1352, #872, #1687, #1091, #1276 ),
 .UNSPECIFIED., .F., .F.,
 ( 4, 2, 2, 2, 2, 1, 1, 2, 2, 2, 2, 2, 1, 1, 2, 2, 2, 2, 1, 1, 2, 2, 4 ),
 ( 0.000000000000000000, 0.1250000000015428492, 0.1875000000023142321, 0.2187500000026999236, 0.2343750000028737013, 0.2421875000029426739, 0.2460937500029772573, 0.2480468750030115632, 0.2500000000030458969, 0.3750000000037264636, 0.4375000000040917825, 0.4687500000042474357, 0.4843750000043254844, 0.4921875000043927084, 0.4960937500043979820, 0.5000000000044032555, 0.6250000000035200731, 0.6875000000030959679, 0.7187500000028679281, 0.7343750000027539082, 0.7421875000026827429, 0.7500000000026114666, 1.000000000000000000 ),
 .UNSPECIFIED. ) ;
#1537 = CARTESIAN_POINT ( 'NONE',  ( 142.2209101187736451, 79.08493331287063199, 816.2871264268954974 ) ) ;
#1538 = CARTESIAN_POINT ( 'NONE',  ( 203.1027059651173943, 124.8936612978997118, 899.4156001577219968 ) ) ;
#1539 = CARTESIAN_POINT ( 'NONE',  ( 139.6260281355915538, 82.79080884488398340, 838.7290245237653608 ) ) ;
#1540 = LINE ( 'NONE', #403, #738 ) ;
#1541 = CARTESIAN_POINT ( 'NONE',  ( 3.406196767737367015, -24.86455508269236248, 799.9906555251288864 ) ) ;
#1542 = CARTESIAN_POINT ( 'NONE',  ( 205.6370563305528947, 121.2738185815156839, 905.3417677635645759 ) ) ;
#1543 = DIRECTION ( 'NONE',  ( -0.1450182577416651575, -0.1015346249225033970, 0.9842054789846572671 ) ) ;
#1544 = CARTESIAN_POINT ( 'NONE',  ( 22.83071277912008412, -2.896968484632701291, 858.5241440316384569 ) ) ;
#1545 = CARTESIAN_POINT ( 'NONE',  ( 72.69385533619994533, 27.28113572809140663, 788.9194395436019249 ) ) ;
#1546 = CARTESIAN_POINT ( 'NONE',  ( 196.6106314403069462, 117.9124094673956904, 896.4255672140948263 ) ) ;
#1547 = EDGE_CURVE ( 'NONE', #1322, #154, #1695, .T. ) ;
#1548 = CARTESIAN_POINT ( 'NONE',  ( 139.9703872389796686, 82.29901307777615216, 828.6953401556087329 ) ) ;
#1549 = B_SPLINE_SURFACE_WITH_KNOTS ( 'NONE', 3, 3, ( 
 ( #1333, #1451, #1739, #1616 ),
 ( #174, #757, #566, #721 ),
 ( #439, #150, #1579, #282 ),
 ( #855, #1437, #137, #715 ),
 ( #1293, #572, #187, #1489 ),
 ( #932, #1629, #1808, #1200 ),
 ( #616, #921, #771, #784 ),
 ( #73, #1654, #1045, #1512 ),
 ( #652, #50, #485, #1226 ),
 ( #1641, #1502, #1796, #1348 ),
 ( #498, #1783, #348, #332 ),
 ( #358, #1060, #214, #1663 ),
 ( #793, #1370, #629, #1074 ),
 ( #908, #203, #35, #1361 ),
 ( #369, #62, #642, #1213 ),
 ( #507, #1086, #942, #1521 ),
 ( #1187, #1771, #473, #1116 ),
 ( #1469, #778, #312, #1496 ),
 ( #1777, #467, #1024, #1194 ),
 ( #1791, #939, #56, #888 ),
 ( #168, #1816, #196, #1635 ),
 ( #354, #366, #1803, #623 ),
 ( #915, #1355, #1518, #751 ),
 ( #765, #221, #1326, #504 ),
 ( #1081, #479, #1038, #1623 ),
 ( #29, #647, #1054, #1608 ),
 ( #1649, #636, #789, #1660 ),
 ( #799, #1379, #1366, #82 ),
 ( #1068, #326, #1234, #1483 ),
 ( #902, #659, #181, #1182 ),
 ( #493, #341, #1207, #610 ),
 ( #927, #1341, #1766, #1508 ),
 ( #210, #44, #68, #1221 ),
 ( #384, #686, #1545, #833 ),
 ( #1102, #1680, #248, #540 ),
 ( #515, #677, #809, #256 ),
 ( #949, #957, #92, #240 ),
 ( #100, #1387, #1252, #819 ),
 ( #1243, #1697, #1118, #668 ),
 ( #399, #1835, #1527, #531 ),
 ( #1826, #1111, #1094, #1842 ),
 ( #1689, #376, #972, #231 ),
 ( #392, #965, #826, #1670 ),
 ( #523, #1537, #1554, #1395 ),
 ( #1404, #108, #1412, #1259 ),
 ( #116, #1085, #907, #484 ),
 ( #1640, #1653, #49, #813 ),
 ( #1369, #233, #1628, #1043 ),
 ( #628, #920, #951, #201 ),
 ( #223, #1673, #770, #506 ),
 ( #671, #1501, #1199, #347 ),
 ( #378, #1237, #1806, #802 ),
 ( #1529, #783, #1381, #331 ),
 ( #1059, #213, #1389, #517 ),
 ( #1346, #85, #1245, #1488 ),
 ( #1795, #1782, #661, #1520 ),
 ( #61, #1819, #1662, #94 ),
 ( #1360, #641, #368, #1096 ),
 ( #472, #1212, #186, #497 ),
 ( #1072, #357, #930, #792 ),
 ( #1225, #1511, #72, #651 ),
 ( #941, #548, #1269, #1398 ),
 ( #525, #110, #679, #967 ),
 ( #1828, #1548, #1254, #402 ),
 ( #1120, #1682, #1125, #959 ),
 ( #1261, #1406, #258, #1104 ),
 ( #1563, #1705, #828, #841 ),
 ( #1699, #266, #242, #1844 ),
 ( #1422, #1539, #821, #102 ),
 ( #688, #533, #1837, #250 ),
 ( #409, #543, #386, #695 ),
 ( #975, #1557, #1113, #835 ),
 ( #1414, #118, #981, #1691 ),
 ( #1849, #394, #1273, #408 ),
 ( #979, #1267, #1124, #133 ),
 ( #711, #1413, #1861, #1868 ),
 ( #1704, #846, #1581, #1145 ),
 ( #117, #851, #1876, #1698 ),
 ( #561, #1710, #1568, #694 ),
 ( #423, #1848, #1433, #1130 ),
 ( #834, #973, #1725, #1854 ),
 ( #429, #568, #547, #1296 ),
 ( #416, #1562, #1427, #265 ),
 ( #272, #1119, #1288, #554 ),
 ( #840, #705, #1556, #122 ),
 ( #986, #999, #139, #1439 ),
 ( #257, #1419, #127, #284 ),
 ( #700, #1282, #1139, #1718 ),
 ( #993, #1575, #278, #857 ),
 ( #717, #400, #144, #913 ) ),
 .UNSPECIFIED., .F., .F., .F.,
 ( 4, 1, 1, 1, 1, 1, 1, 1, 1, 1, 1, 1, 1, 1, 1, 1, 1, 1, 1, 1, 1, 1, 1, 1, 1, 1, 1, 1, 1, 1, 1, 1, 1, 1, 1, 1, 1, 1, 1, 1, 1, 1, 1, 2, 1, 1, 1, 1, 1, 1, 1, 1, 1, 1, 1, 1, 1, 1, 1, 1, 1, 1, 1, 1, 1, 1, 1, 1, 1, 1, 1, 1, 1, 1, 1, 1, 1, 1, 1, 1, 1, 1, 1, 1, 1, 1, 4 ),
 ( 4, 4 ),
 ( 0.0008302671343174417018, 0.03205428596913206807, 0.06327830480394658341, 0.09450232363876109876, 0.1257263424735757251, 0.1569503613083903515, 0.1725623707257974981, 0.1881743801432048668, 0.2037863895606123465, 0.2193983989780194932, 0.2350104083954268619, 0.2506224178128341196, 0.2662344272302413772, 0.2818464366476487459, 0.2974584460650561146, 0.3130704554824633723, 0.3286824648998706300, 0.3442944743172778876, 0.3599064837346850343, 0.3755184931520924030, 0.3911305025694997717, 0.4067425119869070294, 0.4145485166956107692, 0.4223545214043141760, 0.4301605261130178048, 0.4379665308217214337, 0.4457725355304250625, 0.4535785402391286913, 0.4574815425934807278, 0.4613845449478324312, 0.4652875473021841346, 0.4691905496565361711, 0.4730935520108879855, 0.4769965543652397999, 0.4808995567195916143, 0.4848025590739434287, 0.4867540602511195580, 0.4887055614282952432, 0.4906570626054710393, 0.4926085637826470576, 0.4945600649598229648, 0.4965115661369988720, 0.4984630673141748902, 0.5004145684913506864, 0.5023660740831813465, 0.5043175796750120066, 0.5062690852668426666, 0.5082205908586733267, 0.5101720964505039868, 0.5121236020423346469, 0.5140751076341653070, 0.5160266132259959670, 0.5199296244096572872, 0.5238326355933186074, 0.5277356467769799275, 0.5316386579606412477, 0.5355416691443025679, 0.5394446803279638880, 0.5433476915116252082, 0.5472507026952865283, 0.5550567250626091687, 0.5628627474299318090, 0.5706687697972544493, 0.5784747921645770896, 0.5862808145318997299, 0.5940868368992223703, 0.6096988816338676509, 0.6253109263685129315, 0.6409229711031582122, 0.6565350158378037149, 0.6721470605724489955, 0.6877591053070942761, 0.7033711500417395568, 0.7189831947763848374, 0.7345952395110301181, 0.7502072842456753987, 0.7658193289803206794, 0.7814313737149659600, 0.7970434184496112406, 0.8126554631842565213, 0.8282675079189018019, 0.8438795526535473046, 0.8751036421228376438, 0.9063277315921284272, 0.9375518210614189885, 0.9687759105307095497, 1.000000000000000000 ),
 ( 0.000000000000000000, 1.000000000000000000 ),
 .UNSPECIFIED. ) ;
#1550 = CARTESIAN_POINT ( 'NONE',  ( 71.85682420903164314, 28.47654006393797488, 894.4300682275214740 ) ) ;
#1551 = EDGE_CURVE ( 'NONE', #1479, #894, #1825, .T. ) ;
#1552 = DIRECTION ( 'NONE',  ( 0.9893182699774492050, 0.000000000000000000, 0.1457716045354069401 ) ) ;
#1553 = CARTESIAN_POINT ( 'NONE',  ( 22.47258043624279011, -2.385509307739764218, 858.7962955924183461 ) ) ;
#1554 = CARTESIAN_POINT ( 'NONE',  ( 71.27511400887398452, 29.30730832679465792, 782.9757322507877007 ) ) ;
#1555 = AXIS2_PLACEMENT_3D ( 'NONE', #1833, #1402, #666 ) ;
#1556 = CARTESIAN_POINT ( 'NONE',  ( 69.43928278596011694, 31.92914702851398800, 878.3634468978601717 ) ) ;
#1557 = CARTESIAN_POINT ( 'NONE',  ( 139.5473877927548187, 82.90311889375479382, 848.7807608943045352 ) ) ;
#1558 = DIRECTION ( 'NONE',  ( 0.8062139315755748603, 0.5645170692203478335, 0.1770298706216643925 ) ) ;
#1559 = CARTESIAN_POINT ( 'NONE',  ( 2.916997114119681545, -24.16590557247937099, 828.2056663190578547 ) ) ;
#1560 = CARTESIAN_POINT ( 'NONE',  ( 31.99178515031534431, 2.156743304738221845, 860.2459954145078882 ) ) ;
#1561 = EDGE_CURVE ( 'NONE', #1163, #1645, #1241, .T. ) ;
#1562 = CARTESIAN_POINT ( 'NONE',  ( 140.3227988768840362, 81.79571709955018832, 885.6118103777613442 ) ) ;
#1563 = CARTESIAN_POINT ( 'NONE',  ( 211.1990055604312602, 131.6727260861619300, 863.5000270594651965 ) ) ;
#1564 = CARTESIAN_POINT ( 'NONE',  ( 139.5787016432977055, 82.85839808051868260, 842.0790406311105016 ) ) ;
#1565 = CARTESIAN_POINT ( 'NONE',  ( 205.2596993902108977, 121.8128491209970008, 898.6570652087722237 ) ) ;
#1566 = CARTESIAN_POINT ( 'NONE',  ( 214.6553182362663108, 126.7366000274902404, 860.8322380219073011 ) ) ;
#1567 = CARTESIAN_POINT ( 'NONE',  ( 21.88329589743173997, -1.543861153222492621, 859.6835437473750972 ) ) ;
#1568 = CARTESIAN_POINT ( 'NONE',  ( 68.49588141539814501, 33.27646381544003162, 850.2165654198287257 ) ) ;
#1569 = B_SPLINE_CURVE_WITH_KNOTS ( 'NONE', 3,
 ( #1175, #460, #433, #1030 ),
 .UNSPECIFIED., .F., .F.,
 ( 4, 4 ),
 ( 0.000000000000000000, 0.0001690517366879941950 ),
 .UNSPECIFIED. ) ;
#1570 = CARTESIAN_POINT ( 'NONE',  ( 211.0960224092713986, 131.8198012682197202, 867.5070630339253057 ) ) ;
#1571 = CARTESIAN_POINT ( 'NONE',  ( 28.47212943744394664, 0.1806806718485085839, 873.9275179122969348 ) ) ;
#1572 = CARTESIAN_POINT ( 'NONE',  ( 180.9721356477615188, 103.5248290007583449, 895.3729575824734184 ) ) ;
#1573 = CARTESIAN_POINT ( 'NONE',  ( 2.830492955142232869, -24.04236483026069138, 767.0853760387553848 ) ) ;
#1574 = FACE_OUTER_BOUND ( 'NONE', #197, .T. ) ;
#1575 = CARTESIAN_POINT ( 'NONE',  ( 141.8176863923843882, 79.66079647398453289, 920.1389988083384424 ) ) ;
#1576 = CARTESIAN_POINT ( 'NONE',  ( 68.56994601869688211, 33.17068859986884632, 797.8903580971821157 ) ) ;
#1577 = CARTESIAN_POINT ( 'NONE',  ( 23.64215804750232763, -4.055641881809739502, 898.3508884458437933 ) ) ;
#1578 = CARTESIAN_POINT ( 'NONE',  ( 72.69385533619994533, 27.28113572809140663, 788.9194395436019249 ) ) ;
#1579 = CARTESIAN_POINT ( 'NONE',  ( 71.47654260887340172, 29.01963847320438106, 902.4586352405519847 ) ) ;
#1580 = PLANE ( 'NONE',  #1034 ) ;
#1581 = CARTESIAN_POINT ( 'NONE',  ( 68.30502851538956577, 33.54903000416828007, 842.1676176909033984 ) ) ;
#1582 = CARTESIAN_POINT ( 'NONE',  ( 211.1006191684430462, 131.8132364157702057, 883.5493426762913032 ) ) ;
#1583 = CARTESIAN_POINT ( 'NONE',  ( 79.13449630819062008, 35.41054421828710730, 870.6051452316684163 ) ) ;
#1584 = CARTESIAN_POINT ( 'NONE',  ( 144.0023192014289179, 76.54081748228487925, 828.6953401556093013 ) ) ;
#1585 = DIRECTION ( 'NONE',  ( 0.1450182577416667951, 0.1015346249225058256, -0.9842054789846567120 ) ) ;
#1586 = DIRECTION ( 'NONE',  ( 0.5735754540206774443, -0.8191527320962284087, 6.652693941985980019E-06 ) ) ;
#1587 = CARTESIAN_POINT ( 'NONE',  ( 139.5603308340247395, 82.88463431516468916, 852.1316916243847572 ) ) ;
#1588 = CARTESIAN_POINT ( 'NONE',  ( 178.4279207105010414, 105.1808555468328876, 906.8550738479269739 ) ) ;
#1589 = EDGE_CURVE ( 'NONE', #916, #18, #937, .T. ) ;
#1590 = CARTESIAN_POINT ( 'NONE',  ( 214.8134919917219747, 126.5107044939171601, 865.2803076157032365 ) ) ;
#1591 = CARTESIAN_POINT ( 'NONE',  ( 119.5743037054840272, 63.97110949374764033, 893.9318932925452827 ) ) ;
#1592 = EDGE_CURVE ( 'NONE', #11, #615, #1047, .T. ) ;
#1593 = CARTESIAN_POINT ( 'NONE',  ( 203.4633684360744041, 124.3783181273464891, 898.6516333688169880 ) ) ;
#1594 = CARTESIAN_POINT ( 'NONE',  ( 128.4426989499154672, 73.64309374805418429, 881.8085311234625578 ) ) ;
#1595 = CARTESIAN_POINT ( 'NONE',  ( 205.4605600122179681, 121.5258300439661667, 899.0035416439656046 ) ) ;
#1596 = CARTESIAN_POINT ( 'NONE',  ( -3.230440387730351581, -15.38645495764025561, 814.1017675945282690 ) ) ;
#1597 = CARTESIAN_POINT ( 'NONE',  ( 71.21959831894500326, 29.86848978902909479, 868.8683171623753196 ) ) ;
#1598 = AXIS2_PLACEMENT_3D ( 'NONE', #608, #290, #763 ) ;
#1599 = CARTESIAN_POINT ( 'NONE',  ( 71.96254895591127365, 28.32554947741855145, 784.5780276304291192 ) ) ;
#1600 = ORIENTED_EDGE ( 'NONE', *, *, #1551, .T. ) ;
#1601 = CARTESIAN_POINT ( 'NONE',  ( 62.71487220676086594, 23.30274156074928982, 904.7718562210652635 ) ) ;
#1602 = ADVANCED_FACE ( 'NONE', ( #1535 ), #1218, .T. ) ;
#1603 = CARTESIAN_POINT ( 'NONE',  ( -1.513218181584780275, -17.83890242848028862, 753.3783439421060848 ) ) ;
#1604 = CARTESIAN_POINT ( 'NONE',  ( 22.76068535180316488, -2.796815345911951134, 892.3216768305368305 ) ) ;
#1605 = EDGE_CURVE ( 'NONE', #317, #1193, #361, .T. ) ;
#1606 = CARTESIAN_POINT ( 'NONE',  ( 22.64918897609527804, -4.346065128409354550, 858.1746548683095170 ) ) ;
#1607 = ORIENTED_EDGE ( 'NONE', *, *, #1561, .F. ) ;
#1608 = CARTESIAN_POINT ( 'NONE',  ( 2.948477757732713478, -24.21086459090615861, 769.4288572106158881 ) ) ;
#1609 = B_SPLINE_CURVE_WITH_KNOTS ( 'NONE', 3,
 ( #1546, #532, #1103, #1397, #648, #249, #83 ),
 .UNSPECIFIED., .F., .F.,
 ( 4, 3, 4 ),
 ( 0.002995482876852690116, 0.004999186223064465417, 0.02299548307596022828 ),
 .UNSPECIFIED. ) ;
#1610 = ORIENTED_EDGE ( 'NONE', *, *, #1737, .T. ) ;
#1611 = CARTESIAN_POINT ( 'NONE',  ( -3.139930000798680787, -15.51571718632619401, 818.8039913657747775 ) ) ;
#1612 = CARTESIAN_POINT ( 'NONE',  ( 139.7634418480561465, 164.7823210880273166, 892.8788837064581685 ) ) ;
#1613 = VECTOR ( 'NONE', #90, 1000.000000000000000 ) ;
#1614 = CARTESIAN_POINT ( 'NONE',  ( 142.6793484735449340, 78.43021549028938466, 817.2507361314638956 ) ) ;
#1615 = VERTEX_POINT ( 'NONE', #1834 ) ;
#1616 = CARTESIAN_POINT ( 'NONE',  ( 0.07175706429312142531, -20.10248166661677516, 898.5981009540910236 ) ) ;
#1617 = CARTESIAN_POINT ( 'NONE',  ( 196.7084908388900999, 117.7744107462130643, 896.4199544697637521 ) ) ;
#1618 = CARTESIAN_POINT ( 'NONE',  ( 212.3360211139838611, 130.0488995897209747, 850.6627944633123661 ) ) ;
#1619 = CARTESIAN_POINT ( 'NONE',  ( 47.25167890930794812, 13.37952045949831614, 863.6283645102823812 ) ) ;
#1620 = CARTESIAN_POINT ( 'NONE',  ( 25.15970319677765232, -6.223233534638662690, 860.7746857185409226 ) ) ;
#1621 = CARTESIAN_POINT ( 'NONE',  ( 20.51418765254876320, -1.272372250757060064, 858.1771666229973334 ) ) ;
#1622 = EDGE_LOOP ( 'NONE', ( #195, #71, #173, #1767, #1023 ) ) ;
#1623 = CARTESIAN_POINT ( 'NONE',  ( 3.048358069402237192, -24.35350845892977745, 771.7748737198609206 ) ) ;
#1624 = ORIENTED_EDGE ( 'NONE', *, *, #414, .F. ) ;
#1625 = CARTESIAN_POINT ( 'NONE',  ( 211.9479497384414515, 130.6031229511754077, 912.9243695729957153 ) ) ;
#1626 = CARTESIAN_POINT ( 'NONE',  ( 103.6794552555807485, 52.35310701650221432, 890.3912985411895988 ) ) ;
#1627 = ORIENTED_EDGE ( 'NONE', *, *, #1277, .T. ) ;
#1628 = CARTESIAN_POINT ( 'NONE',  ( 70.49676120809843383, 30.41891132776463280, 783.3151454787863486 ) ) ;
#1629 = CARTESIAN_POINT ( 'NONE',  ( 143.2790901770131029, 77.57369557192200205, 895.6439082580511695 ) ) ;
#1630 = CARTESIAN_POINT ( 'NONE',  ( -0.9729188504046579755, -18.61052984134929744, 751.0167128472036211 ) ) ;
#1631 = CARTESIAN_POINT ( 'NONE',  ( 204.6896753677100946, 123.3288724648302974, 898.1689669464130930 ) ) ;
#1632 = CARTESIAN_POINT ( 'NONE',  ( 25.24665375737623663, -6.348936247374393993, 861.4252057556390128 ) ) ;
#1633 = CARTESIAN_POINT ( 'NONE',  ( 16.36309801669817077, -4.154196698602192761, 857.2682215154247842 ) ) ;
#1634 = ORIENTED_EDGE ( 'NONE', *, *, #549, .F. ) ;
#1635 = CARTESIAN_POINT ( 'NONE',  ( 3.380398359956734655, -24.82771113804330199, 785.8764603994653726 ) ) ;
#1636 = EDGE_LOOP ( 'NONE', ( #601, #169, #492, #890, #1313, #1495 ) ) ;
#1637 = CARTESIAN_POINT ( 'NONE',  ( -1.008807999016799961, -18.55927482529546424, 879.8498067889952381 ) ) ;
#1638 = CARTESIAN_POINT ( 'NONE',  ( 71.47654260887340172, 29.01963847320438106, 902.4586352405519847 ) ) ;
#1639 = ORIENTED_EDGE ( 'NONE', *, *, #1266, .T. ) ;
#1640 = CARTESIAN_POINT ( 'NONE',  ( 212.7923545598870874, 129.3971878885445221, 849.5985206030020436 ) ) ;
#1641 = CARTESIAN_POINT ( 'NONE',  ( 214.4831252832702546, 126.9825170500865283, 899.5796527267224292 ) ) ;
#1642 =( NAMED_UNIT ( * ) SI_UNIT ( $, .STERADIAN. ) SOLID_ANGLE_UNIT ( ) );
#1643 = CARTESIAN_POINT ( 'NONE',  ( 141.2933579667328559, 80.40961506995716945, 817.2507361314632135 ) ) ;
#1644 = CARTESIAN_POINT ( 'NONE',  ( 171.6200347090597802, 100.0753294135179345, 890.8973741773114625 ) ) ;
#1645 = VERTEX_POINT ( 'NONE', #1394 ) ;
#1646 = CARTESIAN_POINT ( 'NONE',  ( 203.5836451794105812, 124.2065375140526839, 898.5030817974492265 ) ) ;
#1647 = CARTESIAN_POINT ( 'NONE',  ( 78.25481785643088983, 38.53075132380586609, 874.3358977729246817 ) ) ;
#1648 = ORIENTED_EDGE ( 'NONE', *, *, #81, .F. ) ;
#1649 = CARTESIAN_POINT ( 'NONE',  ( 214.5882323245722603, 126.8324086385576521, 859.5003222140361459 ) ) ;
#1650 = CARTESIAN_POINT ( 'NONE',  ( 202.9266193226029884, 125.1435231495831033, 900.6353380625154159 ) ) ;
#1651 = ORIENTED_EDGE ( 'NONE', *, *, #271, .F. ) ;
#1652 = CARTESIAN_POINT ( 'NONE',  ( 142.3884575895157525, 78.84565072649537854, 915.6895921129035969 ) ) ;
#1653 = CARTESIAN_POINT ( 'NONE',  ( 141.7517963280143363, 79.75489723807901044, 816.2871264268947016 ) ) ;
#1654 = CARTESIAN_POINT ( 'NONE',  ( 143.6499075634554856, 77.04411346060865640, 885.6118103790822715 ) ) ;
#1655 = CARTESIAN_POINT ( 'NONE',  ( 69.07798701901171512, 32.44513085792551266, 790.8983764812751360 ) ) ;
#1656 = PLANE ( 'NONE',  #1219 ) ;
#1657 = CARTESIAN_POINT ( 'NONE',  ( 205.5946590224500596, 121.3347649474442562, 899.3432412567473193 ) ) ;
#1658 = CARTESIAN_POINT ( 'NONE',  ( 11.81300785261052511, -7.619700576190725272, 860.0333613749236292 ) ) ;
#1659 = AXIS2_PLACEMENT_3D ( 'NONE', #1714, #557, #737 ) ;
#1660 = CARTESIAN_POINT ( 'NONE',  ( 2.830492955142232869, -24.04236483026069138, 767.0853760387553848 ) ) ;
#1661 = CARTESIAN_POINT ( 'NONE',  ( 203.9598430119535521, 123.6692997145366775, 925.8232781289933655 ) ) ;
#1662 = CARTESIAN_POINT ( 'NONE',  ( 69.29249676077699860, 32.13877919779650227, 788.9194395436004470 ) ) ;
#1663 = CARTESIAN_POINT ( 'NONE',  ( 2.916997114119681545, -24.16590557247937099, 828.2056663190578547 ) ) ;
#1664 = CARTESIAN_POINT ( 'NONE',  ( 194.5830746149174502, 119.3414142024858080, 898.9634942859954663 ) ) ;
#1665 = CARTESIAN_POINT ( 'NONE',  ( 3.230438141293732190, -24.61354575066917505, 814.1017675944217444 ) ) ;
#1666 = DIRECTION ( 'NONE',  ( 0.5735754540207149699, -0.8191527320962022074, 6.652693951280382764E-06 ) ) ;
#1667 = CARTESIAN_POINT ( 'NONE',  ( 107.5872785402114005, 55.08927727266236474, 876.8368044721145225 ) ) ;
#1668 = CARTESIAN_POINT ( 'NONE',  ( 46.88111595633480277, 12.58236494965155039, 863.5194220743019287 ) ) ;
#1669 = CARTESIAN_POINT ( 'NONE',  ( 45.02572784230969916, 15.44448740436721224, 867.2569679561943303 ) ) ;
#1670 = CARTESIAN_POINT ( 'NONE',  ( 0.5798184460978244026, -20.82806851634351020, 750.0603792935647789 ) ) ;
#1671 = CARTESIAN_POINT ( 'NONE',  ( 46.76915825711243713, 12.74827359670201687, 863.5002366454342564 ) ) ;
#1672 = B_SPLINE_CURVE_WITH_KNOTS ( 'NONE', 3,
 ( #595, #1424, #301, #1133, #124, #1572, #1303, #1446, #1169, #550, #1126, #155, #419, #1270, #989, #581, #727, #1741 ),
 .UNSPECIFIED., .F., .F.,
 ( 4, 2, 2, 2, 2, 2, 2, 2, 4 ),
 ( 0.000000000000000000, 0.02314058325350841147, 0.09180777410495358226, 0.2291421558078439169, 0.5038109192136247527, 0.7784796826194053665, 0.9158140643222957289, 0.9844812551737408546, 1.000000000000000000 ),
 .UNSPECIFIED. ) ;
#1673 = CARTESIAN_POINT ( 'NONE',  ( 141.2933579667328559, 80.40961506995716945, 817.2507361314632135 ) ) ;
#1674 = CARTESIAN_POINT ( 'NONE',  ( 194.5521993420125284, 116.4711969312398452, 910.3956712603603592 ) ) ;
#1675 = CARTESIAN_POINT ( 'NONE',  ( 73.49047068156744444, 26.14345111046461412, 850.2165654201679672 ) ) ;
#1676 = CARTESIAN_POINT ( 'NONE',  ( 180.5622218701339818, 106.5154760077193714, 892.8793569167281703 ) ) ;
#1677 = EDGE_CURVE ( 'NONE', #1163, #618, #1516, .T. ) ;
#1678 = FACE_OUTER_BOUND ( 'NONE', #1776, .T. ) ;
#1679 = CARTESIAN_POINT ( 'NONE',  ( 205.6552664704181836, 121.2479686381252009, 899.5481785994195434 ) ) ;
#1680 = CARTESIAN_POINT ( 'NONE',  ( 143.2929483506198096, 77.55390404890836464, 820.4158644910000930 ) ) ;
#1681 = CARTESIAN_POINT ( 'NONE',  ( 204.0748655608094850, 123.5050487846449982, 928.0965306210260906 ) ) ;
#1682 = CARTESIAN_POINT ( 'NONE',  ( 139.8863350303212201, 82.41905207203411976, 830.3644444181435347 ) ) ;
#1683 = EDGE_CURVE ( 'NONE', #887, #1322, #111, .T. ) ;
#1684 = PLANE ( 'NONE',  #1659 ) ;
#1685 = CARTESIAN_POINT ( 'NONE',  ( 214.8155762876426706, 126.5077278108531829, 886.2223378910115343 ) ) ;
#1686 = FACE_OUTER_BOUND ( 'NONE', #752, .T. ) ;
#1687 = CARTESIAN_POINT ( 'NONE',  ( 23.88464867618729315, -4.402281336629055630, 858.4945033341335829 ) ) ;
#1688 = CARTESIAN_POINT ( 'NONE',  ( 23.09122418774663288, -3.268838911412089043, 858.4011474377300601 ) ) ;
#1689 = CARTESIAN_POINT ( 'NONE',  ( 213.4295091320675795, 128.4872368562985514, 850.0847312374961575 ) ) ;
#1690 = CARTESIAN_POINT ( 'NONE',  ( 203.1812667446123157, 124.7814365497569042, 899.1972536514824696 ) ) ;
#1691 = CARTESIAN_POINT ( 'NONE',  ( -3.406199014179731588, -15.13544562560880635, 799.9906555251097870 ) ) ;
#1692 =( NAMED_UNIT ( * ) SI_UNIT ( $, .STERADIAN. ) SOLID_ANGLE_UNIT ( ) );
#1693 = CARTESIAN_POINT ( 'NONE',  ( 144.3834668265944288, 75.99648226112921634, 855.4823067221695965 ) ) ;
#1694 = CARTESIAN_POINT ( 'NONE',  ( 30.52804899913349601, 1.620134053910575744, 859.9744658726625630 ) ) ;
#1695 = B_SPLINE_CURVE_WITH_KNOTS ( 'NONE', 3,
 ( #453, #836, #119, #1850, #1706, #410, #697, #702, #291, #982, #866, #146, #1312, #1565, #1159, #1857, #843, #268, #6, #1278, #1013, #1595, #876, #1657, #247, #1679, #1250, #398, #1101, #383, #537, #1117, #114, #502, #964, #1092, #956, #1801, #947 ),
 .UNSPECIFIED., .F., .F.,
 ( 4, 2, 2, 1, 2, 2, 2, 2, 1, 1, 1, 2, 2, 2, 2, 2, 1, 1, 1, 2, 2, 2, 4 ),
 ( 0.000000000000000000, 0.1249999999999500955, 0.1874999999999278355, 0.2187499999999082678, 0.2343749999998895051, 0.2499999999998707423, 0.3749999999999382161, 0.4374999999999719669, 0.4687500000000148215, 0.4843750000000293654, 0.4921875000000062728, 0.4960937499999974465, 0.4999999999999885647, 0.6250000000009093837, 0.6875000000013355983, 0.7187500000015193402, 0.7343750000016107116, 0.7421875000016269208, 0.7460937500016362467, 0.7480468750016083801, 0.7500000000015805135, 0.8750000000007901457, 1.000000000000000000 ),
 .UNSPECIFIED. ) ;
#1696 = CARTESIAN_POINT ( 'NONE',  ( 121.6710490104409814, 65.35787294607575859, 879.9609351319436428 ) ) ;
#1697 = CARTESIAN_POINT ( 'NONE',  ( 142.8898009853464259, 78.12965815504740874, 818.0037412710198623 ) ) ;
#1698 = CARTESIAN_POINT ( 'NONE',  ( -3.035216232013874915, -15.66526394649468301, 823.5053166903571764 ) ) ;
#1699 = CARTESIAN_POINT ( 'NONE',  ( 211.1455687921132380, 131.7490417003218397, 865.2803076157014175 ) ) ;
#1700 = DIRECTION ( 'NONE',  ( 0.8062139315756730040, 0.5645170692202071683, 0.1770298706216668905 ) ) ;
#1701 = CARTESIAN_POINT ( 'NONE',  ( 73.37886175955526369, 26.30284516997083699, 854.2397849122787648 ) ) ;
#1702 = CARTESIAN_POINT ( 'NONE',  ( 180.7161229231090545, 106.2946449942489267, 892.8826654178442368 ) ) ;
#1703 = AXIS2_PLACEMENT_3D ( 'NONE', #731, #1010, #1301 ) ;
#1704 = CARTESIAN_POINT ( 'NONE',  ( 211.1949455477660820, 131.6785243851572318, 888.8948703411604129 ) ) ;
#1705 = CARTESIAN_POINT ( 'NONE',  ( 139.7550608954569213, 82.60653096607728685, 833.7075920478915805 ) ) ;
#1706 = CARTESIAN_POINT ( 'NONE',  ( 204.7479961519723304, 122.5436247975792270, 898.1897344609975562 ) ) ;
#1707 = CARTESIAN_POINT ( 'NONE',  ( 143.6538249349003138, 77.03851887438848678, 823.7061764622453666 ) ) ;
#1708 = CARTESIAN_POINT ( 'NONE',  ( 163.5230177500507693, 181.4192007410732401, 928.0960530983649051 ) ) ;
#1709 = VECTOR ( 'NONE', #513, 1000.000000000000341 ) ;
#1710 = CARTESIAN_POINT ( 'NONE',  ( 139.9087621913920998, 82.38702276665378577, 872.2274645212294217 ) ) ;
#1711 = CARTESIAN_POINT ( 'NONE',  ( 68.38341097379978351, 33.43708825242635641, 801.9051208345005080 ) ) ;
#1712 = VECTOR ( 'NONE', #107, 1000.000000000000000 ) ;
#1713 = CARTESIAN_POINT ( 'NONE',  ( 150.2644248337787189, 85.82746283588296876, 919.2536583896588809 ) ) ;
#1714 = CARTESIAN_POINT ( 'NONE',  ( 44.59640806895547627, 11.47102205625542659, 877.4681153247302063 ) ) ;
#1715 = CARTESIAN_POINT ( 'NONE',  ( 144.4195682818474040, 75.94492403976975936, 845.4297639899532442 ) ) ;
#1716 = CARTESIAN_POINT ( 'NONE',  ( 22.14507626626658165, -1.917730058667920678, 859.2073419726040129 ) ) ;
#1717 = UNCERTAINTY_MEASURE_WITH_UNIT (LENGTH_MEASURE( 1.000000000000000082E-05 ), #333, 'distance_accuracy_value', 'NONE');
#1718 = CARTESIAN_POINT ( 'NONE',  ( -0.5646298618815992487, -19.19362694648356182, 889.2276786102903543 ) ) ;
#1719 = CARTESIAN_POINT ( 'NONE',  ( 211.0435957581268838, 131.8946742855514174, 878.2022096740220150 ) ) ;
#1720 = CARTESIAN_POINT ( 'NONE',  ( 78.62206980079257335, 35.05173943908399536, 870.4927029728808066 ) ) ;
#1721 = CARTESIAN_POINT ( 'NONE',  ( 2.437206240512830746, -23.48069319268453370, 761.2447133951326350 ) ) ;
#1722 = CARTESIAN_POINT ( 'NONE',  ( 105.5070051067462060, 54.12096398090336891, 876.4310466677382010 ) ) ;
#1723 = CARTESIAN_POINT ( 'NONE',  ( 21.62211767215401181, -1.170809624377336711, 860.4512284600326666 ) ) ;
#1724 = B_SPLINE_CURVE_WITH_KNOTS ( 'NONE', 3,
 ( #450, #607, #1604, #912, #463, #1364, #1035, #1480 ),
 .UNSPECIFIED., .F., .F.,
 ( 4, 2, 2, 4 ),
 ( 0.001939794163485222649, 0.01101942881881187025, 0.02009906347413852046, 0.03825833278479215394 ),
 .UNSPECIFIED. ) ;
#1725 = CARTESIAN_POINT ( 'NONE',  ( 68.72835315119658617, 32.94445976933553766, 858.2621862780267747 ) ) ;
#1726 = B_SPLINE_CURVE_WITH_KNOTS ( 'NONE', 3,
 ( #905, #1486, #496, #482 ),
 .UNSPECIFIED., .F., .F.,
 ( 4, 4 ),
 ( 2.514915424675446406E-06, 0.0002027346927515193305 ),
 .UNSPECIFIED. ) ;
#1727 = CARTESIAN_POINT ( 'NONE',  ( 68.11181421302238448, 33.82496862496806500, 830.0886582262796765 ) ) ;
#1728 = CARTESIAN_POINT ( 'NONE',  ( 65.07503510584611206, 25.56602872352272726, 867.5197686516729618 ) ) ;
#1729 = CARTESIAN_POINT ( 'NONE',  ( 214.2510278638194734, 127.3139865170451230, 854.8584957246524709 ) ) ;
#1730 = B_SPLINE_CURVE_WITH_KNOTS ( 'NONE', 3,
 ( #275, #390, #1385, #963, #848, #675, #824 ),
 .UNSPECIFIED., .F., .F.,
 ( 4, 3, 4 ),
 ( 0.002705958963148297289, 0.004999186218375087191, 0.02270595915537060652 ),
 .UNSPECIFIED. ) ;
#1731 = CARTESIAN_POINT ( 'NONE',  ( 115.1803906147348897, 60.89434136939247821, 878.5517872515686122 ) ) ;
#1732 = CARTESIAN_POINT ( 'NONE',  ( 21.44874240504621454, -0.9234106888266651048, 862.0704269399014947 ) ) ;
#1733 = PLANE ( 'NONE',  #74 ) ;
#1734 = EDGE_CURVE ( 'NONE', #1368, #1174, #1410, .T. ) ;
#1735 = CARTESIAN_POINT ( 'NONE',  ( -3.048360315845753732, -15.64649224936962746, 771.7748737198608069 ) ) ;
#1736 = CARTESIAN_POINT ( 'NONE',  ( 28.18831818563175418, -0.2618222530170720153, 859.4174913211617195 ) ) ;
#1737 = EDGE_CURVE ( 'NONE', #28, #465, #299, .T. ) ;
#1738 = CARTESIAN_POINT ( 'NONE',  ( 214.9008080156882556, 126.3860042883330692, 870.1803307469400579 ) ) ;
#1739 = CARTESIAN_POINT ( 'NONE',  ( 71.05460956973166731, 29.62222130203342729, 910.4808309078067623 ) ) ;
#1740 = DIRECTION ( 'NONE',  ( -0.5735754540206752239, 0.8191527320962299630, -6.652693941494475599E-06 ) ) ;
#1741 = CARTESIAN_POINT ( 'NONE',  ( 25.25925653749384381, -6.365398716648948962, 862.1433884970182362 ) ) ;
#1742 = ADVANCED_FACE ( 'NONE', ( #1574 ), #1580, .T. ) ;
#1743 = CARTESIAN_POINT ( 'NONE',  ( 139.7550608954569213, 82.60653096607728685, 833.7075920478915805 ) ) ;
#1744 = CARTESIAN_POINT ( 'NONE',  ( 52.40962195747264474, 16.69763193056888539, 864.7390573062509702 ) ) ;
#1745 = CARTESIAN_POINT ( 'NONE',  ( 71.27511400887398452, 29.30730832679465792, 782.9757322507877007 ) ) ;
#1746 = VERTEX_POINT ( 'NONE', #998 ) ;
#1747 = EDGE_CURVE ( 'NONE', #1340, #1345, #1295, .T. ) ;
#1748 = CARTESIAN_POINT ( 'NONE',  ( 36.66640887394472514, 5.063801023030316095, 900.4912110375504426 ) ) ;
#1749 = CARTESIAN_POINT ( 'NONE',  ( 201.8161976669209423, 121.3251409053131766, 897.5388598443784076 ) ) ;
#1750 = CARTESIAN_POINT ( 'NONE',  ( 212.4264963753015820, 129.9196875256103567, 850.3677477735931234 ) ) ;
#1751 = CARTESIAN_POINT ( 'NONE',  ( 103.4500250739724976, 52.68076810934067566, 890.3912958801120112 ) ) ;
#1752 = CARTESIAN_POINT ( 'NONE',  ( 28.81643714791772837, 4.491233100137931977, 859.9950626822017057 ) ) ;
#1753 = ORIENTED_EDGE ( 'NONE', *, *, #69, .T. ) ;
#1754 = LINE ( 'NONE', #1416, #984 ) ;
#1755 = ORIENTED_EDGE ( 'NONE', *, *, #334, .F. ) ;
#1756 = CARTESIAN_POINT ( 'NONE',  ( 140.4816007132893105, 81.56892457342134151, 890.0711930966829186 ) ) ;
#1757 = CARTESIAN_POINT ( 'NONE',  ( 105.6237260161139773, 53.95850965000967392, 876.4175247661976300 ) ) ;
#1758 = CARTESIAN_POINT ( 'NONE',  ( 142.7927943130708002, 78.26819804069791076, 817.6204110468709132 ) ) ;
#1759 = EDGE_LOOP ( 'NONE', ( #769, #159, #1229, #1799 ) ) ;
#1760 = CARTESIAN_POINT ( 'NONE',  ( 110.3437019593290813, 57.50765554477690245, 877.4913890929329909 ) ) ;
#1761 = CARTESIAN_POINT ( 'NONE',  ( 70.16021955816410127, 30.89954261430393956, 784.1337244893334173 ) ) ;
#1762 = CARTESIAN_POINT ( 'NONE',  ( 193.8375075914414936, 112.4145731523022107, 895.4439854164867256 ) ) ;
#1763 = LINE ( 'NONE', #1166, #254 ) ;
#1764 = CARTESIAN_POINT ( 'NONE',  ( 178.2675878963507898, 108.2164750996082319, 892.7167348607324584 ) ) ;
#1765 = ORIENTED_EDGE ( 'NONE', *, *, #1677, .F. ) ;
#1766 = CARTESIAN_POINT ( 'NONE',  ( 72.90836507797011734, 26.97478406795550043, 790.8983764812747950 ) ) ;
#1767 = ORIENTED_EDGE ( 'NONE', *, *, #1073, .T. ) ;
#1768 = CARTESIAN_POINT ( 'NONE',  ( 211.3216429673860546, 131.4975817178675754, 894.2383636226301178 ) ) ;
#1769 = CARTESIAN_POINT ( 'NONE',  ( 213.1141242735618562, 128.9376531133298727, 932.4711199944234750 ) ) ;
#1770 = ORIENTED_EDGE ( 'NONE', *, *, #1869, .F. ) ;
#1771 = CARTESIAN_POINT ( 'NONE',  ( 144.3834668265944288, 75.99648226112921634, 855.4823067221695965 ) ) ;
#1772 = CARTESIAN_POINT ( 'NONE',  ( 212.5295516507627838, 129.7725093393763984, 850.0847312374967260 ) ) ;
#1773 = CARTESIAN_POINT ( 'NONE',  ( 193.3607006353815905, 112.2743474993527428, 898.0628475915075342 ) ) ;
#1774 = CARTESIAN_POINT ( 'NONE',  ( 203.7785141273282932, 123.9280395206720442, 898.3171247574538256 ) ) ;
#1775 = CARTESIAN_POINT ( 'NONE',  ( 212.9975410296455038, 129.0842480065233246, 899.9868415050920021 ) ) ;
#1776 = EDGE_LOOP ( 'NONE', ( #1354, #180, #906 ) ) ;
#1777 = CARTESIAN_POINT ( 'NONE',  ( 214.9257918303713382, 126.3503237031928279, 875.5282126939305272 ) ) ;
#1778 = ORIENTED_EDGE ( 'NONE', *, *, #670, .F. ) ;
#1779 = CARTESIAN_POINT ( 'NONE',  ( 212.4061996458683552, 129.9486742592935116, 923.5905908014404986 ) ) ;
#1780 = CARTESIAN_POINT ( 'NONE',  ( 71.19591579524680469, 29.42041509772373686, 907.8068781377187406 ) ) ;
#1781 = ORIENTED_EDGE ( 'NONE', *, *, #360, .T. ) ;
#1782 = CARTESIAN_POINT ( 'NONE',  ( 140.6797580898404476, 81.28592651107931033, 820.4158644910000930 ) ) ;
#1783 = CARTESIAN_POINT ( 'NONE',  ( 143.9710860432390689, 76.58542305489729074, 875.5745316195202577 ) ) ;
#1784 = CARTESIAN_POINT ( 'NONE',  ( 0.000000000000000000, 0.000000000000000000, 0.000000000000000000 ) ) ;
#1785 = CARTESIAN_POINT ( 'NONE',  ( 140.3188815055108591, 81.80131168566914823, 823.7061764622447981 ) ) ;
#1786 = FACE_OUTER_BOUND ( 'NONE', #22, .T. ) ;
#1787 = ORIENTED_EDGE ( 'NONE', *, *, #81, .T. ) ;
#1788 = CARTESIAN_POINT ( 'NONE',  ( 24.90327476395796680, -5.856556977372735062, 859.8686747937467771 ) ) ;
#1789 = CARTESIAN_POINT ( 'NONE',  ( 180.6415349551291456, 106.4022047168718643, 892.8793578183405089 ) ) ;
#1790 = ORIENTED_EDGE ( 'NONE', *, *, #323, .F. ) ;
#1791 = CARTESIAN_POINT ( 'NONE',  ( 214.9212023287768147, 126.3568781907473664, 872.8541623529612252 ) ) ;
#1792 = ORIENTED_EDGE ( 'NONE', *, *, #1547, .T. ) ;
#1793 = CARTESIAN_POINT ( 'NONE',  ( 95.07412310694992641, 46.57178180694057801, 874.1026127156525263 ) ) ;
#1794 = VERTEX_POINT ( 'NONE', #693 ) ;
#1795 = CARTESIAN_POINT ( 'NONE',  ( 211.9368530685699170, 130.6189706381354654, 852.8934271288488844 ) ) ;
#1796 = CARTESIAN_POINT ( 'NONE',  ( 73.25799894570263859, 26.47545515666369909, 858.2621862796146388 ) ) ;
#1797 = VECTOR ( 'NONE', #1585, 1000.000000000000000 ) ;
#1798 = CARTESIAN_POINT ( 'NONE',  ( -0.7918901761959444840, -18.86906558158364433, 750.5201798300382734 ) ) ;
#1799 = ORIENTED_EDGE ( 'NONE', *, *, #1420, .F. ) ;
#1800 = CARTESIAN_POINT ( 'NONE',  ( 25.16513140608018517, -6.230995483048205053, 860.8037052095775152 ) ) ;
#1801 = CARTESIAN_POINT ( 'NONE',  ( 205.7917481192846196, 121.0528577052133841, 900.7387970381641935 ) ) ;
#1802 = PLANE ( 'NONE',  #1020 ) ;
#1803 = CARTESIAN_POINT ( 'NONE',  ( 73.83031823507133140, 25.65809850433203110, 809.9509860136056432 ) ) ;
#1804 = EDGE_CURVE ( 'NONE', #597, #11, #1399, .T. ) ;
#1805 = CARTESIAN_POINT ( 'NONE',  ( 203.3091056772972820, 124.5984328664097802, 898.9149708912813139 ) ) ;
#1806 = CARTESIAN_POINT ( 'NONE',  ( 69.90733859570856623, 31.26069405677795032, 785.0390244078099613 ) ) ;
#1807 = ADVANCED_FACE ( 'NONE', ( #704 ), #413, .T. ) ;
#1808 = CARTESIAN_POINT ( 'NONE',  ( 72.54706930949180332, 27.49076789955229927, 878.3634469268342855 ) ) ;
#1809 = CARTESIAN_POINT ( 'NONE',  ( 78.25481785643088983, 38.53075132380586609, 874.3358977729246817 ) ) ;
#1810 = CARTESIAN_POINT ( 'NONE',  ( 3.424372282220890629, -24.89051240747350846, 795.2858572951031420 ) ) ;
#1811 = CARTESIAN_POINT ( 'NONE',  ( 36.31619407702104496, 1.441205441366649298, 864.5655110355498891 ) ) ;
#1812 = CARTESIAN_POINT ( 'NONE',  ( 106.9703312093053995, 54.65728610499216700, 876.7015499075616844 ) ) ;
#1813 = CARTESIAN_POINT ( 'NONE',  ( 23.22401521382895595, -3.458640819943248790, 858.3665419342326004 ) ) ;
#1814 = CARTESIAN_POINT ( 'NONE',  ( 169.1078027914832376, 98.31971389132640127, 890.3460916749588705 ) ) ;
#1815 =( GEOMETRIC_REPRESENTATION_CONTEXT ( 3 ) GLOBAL_UNCERTAINTY_ASSIGNED_CONTEXT ( ( #1281 ) ) GLOBAL_UNIT_ASSIGNED_CONTEXT ( ( #829, #680, #1692 ) ) REPRESENTATION_CONTEXT ( 'NONE', 'WORKASPACE' ) );
#1816 = CARTESIAN_POINT ( 'NONE',  ( 144.3940047971110516, 75.98143247954095614, 842.0790406311150491 ) ) ;
#1817 = CARTESIAN_POINT ( 'NONE',  ( 203.5433963009128036, 124.2639739076086585, 916.7239848852161685 ) ) ;
#1818 = PRODUCT_RELATED_PRODUCT_CATEGORY ( 'part', '', ( #115 ) ) ;
#1819 = CARTESIAN_POINT ( 'NONE',  ( 140.5715023372565895, 81.44053174834823494, 821.2320837972761183 ) ) ;
#1820 = CARTESIAN_POINT ( 'NONE',  ( 32.56900921350235478, 6.792733816932341462, 864.5655133600191675 ) ) ;
#1821 = CARTESIAN_POINT ( 'NONE',  ( 2.112701772635512842, -23.01725278370680883, 853.2587429767253298 ) ) ;
#1822 = ADVANCED_FACE ( 'NONE', ( #1852 ), #132, .F. ) ;
#1823 = CARTESIAN_POINT ( 'NONE',  ( 203.3861654377875823, 124.4883762934995133, 898.7686866319991168 ) ) ;
#1824 = CARTESIAN_POINT ( 'NONE',  ( 66.24729668444645370, 26.99763441611274573, 905.4466691722586802 ) ) ;
#1825 = LINE ( 'NONE', #832, #415 ) ;
#1826 = CARTESIAN_POINT ( 'NONE',  ( 213.5325644091765014, 128.3400586677099966, 850.3677477735939192 ) ) ;
#1827 = CARTESIAN_POINT ( 'NONE',  ( 203.0024475004480848, 125.0363531711723084, 899.8384603806181303 ) ) ;
#1828 = CARTESIAN_POINT ( 'NONE',  ( 211.3708284592624693, 131.4273375556834651, 859.5003222140355774 ) ) ;
#1829 = B_SPLINE_CURVE_WITH_KNOTS ( 'NONE', 3,
 ( #1112, #93, #1405, #1817, #827, #1380, #1661, #541 ),
 .UNSPECIFIED., .F., .F.,
 ( 4, 2, 2, 4 ),
 ( 0.003158056536197439979, 0.01685070479758840611, 0.02369702892828388571, 0.03054335305897936878 ),
 .UNSPECIFIED. ) ;
#1830 = CARTESIAN_POINT ( 'NONE',  ( 23.32780361203557007, 0.3754475691820720051, 862.5534863432213797 ) ) ;
#1831 = CARTESIAN_POINT ( 'NONE',  ( 2.786637475871504233, -23.97973271495561676, 832.9050382050373855 ) ) ;
#1832 = CARTESIAN_POINT ( 'NONE',  ( 46.88111595633480277, 12.58236494965155039, 863.5194220743019287 ) ) ;
#1833 = CARTESIAN_POINT ( 'NONE',  ( 44.71112315975958040, 11.30719150983619414, 877.4681166552690001 ) ) ;
#1834 = CARTESIAN_POINT ( 'NONE',  ( 119.5743037054840272, 63.97110949374764033, 893.9318932925452827 ) ) ;
#1835 = CARTESIAN_POINT ( 'NONE',  ( 142.7927943130708002, 78.26819804069791076, 817.6204110468709132 ) ) ;
#1836 = CARTESIAN_POINT ( 'NONE',  ( 203.0534218736529795, 124.9635909490618531, 899.5851734417865373 ) ) ;
#1837 = CARTESIAN_POINT ( 'NONE',  ( 68.09915051844878064, 33.84305425513117171, 813.9777505152900403 ) ) ;
#1838 = DIRECTION ( 'NONE',  ( -0.5735756964283537096, 0.8191525623879315487, 1.215951841340857957E-07 ) ) ;
#1839 = CARTESIAN_POINT ( 'NONE',  ( 73.12908895018721012, 26.65955770980822237, 862.2838302956814687 ) ) ;
#1840 = CARTESIAN_POINT ( 'NONE',  ( 121.8614745349454154, 65.08417681760104756, 879.9664846220769050 ) ) ;
#1841 = CARTESIAN_POINT ( 'NONE',  ( 22.64157386912352976, -2.626987687677885486, 858.6540232875387346 ) ) ;
#1842 = CARTESIAN_POINT ( 'NONE',  ( 0.9729166022818910298, -21.38947086455180724, 751.0167128472044169 ) ) ;
#1843 = CARTESIAN_POINT ( 'NONE',  ( 180.5622218701339818, 106.5154760077193714, 892.8793569167281703 ) ) ;
#1844 = CARTESIAN_POINT ( 'NONE',  ( -3.226746482434871499, -15.39173040112501489, 777.2550534968034981 ) ) ;
#1845 = CARTESIAN_POINT ( 'NONE',  ( 70.93174252725096096, 29.79769362384654130, 910.4808309078065349 ) ) ;
#1846 = CARTESIAN_POINT ( 'NONE',  ( 72.21639019992929320, 27.96302661074496498, 886.3986709713020673 ) ) ;
#1847 = CARTESIAN_POINT ( 'NONE',  ( 22.00365042298012241, -1.715919721901233874, 859.4474498805572011 ) ) ;
#1848 = CARTESIAN_POINT ( 'NONE',  ( 140.0016203972289475, 82.25440750507826237, 875.5745316206252937 ) ) ;
#1849 = CARTESIAN_POINT ( 'NONE',  ( 211.0666650146045242, 131.8617279728956930, 880.8759552179628827 ) ) ;
#1850 = CARTESIAN_POINT ( 'NONE',  ( 204.7001489064064401, 122.6119923787818493, 898.1675087585218762 ) ) ;
#1851 = CARTESIAN_POINT ( 'NONE',  ( 73.29780069934383846, 26.41861236153615522, 795.8869776389785784 ) ) ;
#1852 = FACE_OUTER_BOUND ( 'NONE', #1510, .T. ) ;
#1853 = VECTOR ( 'NONE', #245, 1000.000000000000000 ) ;
#1854 = CARTESIAN_POINT ( 'NONE',  ( -2.645438023460677801, -16.22192491811148685, 837.6034530541924141 ) ) ;
#1855 = CARTESIAN_POINT ( 'NONE',  ( 211.3708284592624693, 131.4273375556834651, 859.5003222140355774 ) ) ;
#1856 = CARTESIAN_POINT ( 'NONE',  ( 105.5070051067462060, 54.12096398090336891, 876.4310466677382010 ) ) ;
#1857 = CARTESIAN_POINT ( 'NONE',  ( 205.3448162029920354, 121.6911753528470541, 898.7899615221142540 ) ) ;
#1858 = CARTESIAN_POINT ( 'NONE',  ( 214.5882323245722603, 126.8324086385576521, 859.5003222140361459 ) ) ;
#1859 = CARTESIAN_POINT ( 'NONE',  ( 21.56361750098617236, -1.087480575221888346, 860.7103740458920811 ) ) ;
#1860 = AXIS2_PLACEMENT_3D ( 'NONE', #839, #1418, #1272 ) ;
#1861 = CARTESIAN_POINT ( 'NONE',  ( 68.22753457357133300, 33.65970282271058522, 838.1419576932338487 ) ) ;
#1862 = CARTESIAN_POINT ( 'NONE',  ( 140.2503841462672085, 81.89913605273982000, 824.5353737206801270 ) ) ;
#1863 = CARTESIAN_POINT ( 'NONE',  ( 56.57496164083641332, 19.61418700268595217, 865.6536447025056304 ) ) ;
#1864 = B_SPLINE_CURVE_WITH_KNOTS ( 'NONE', 3,
 ( #1205, #938, #1066, #1814, #352, #1789 ),
 .UNSPECIFIED., .F., .F.,
 ( 4, 2, 4 ),
 ( 0.000000000000000000, 0.4084486046315184971, 0.6577338912381374136 ),
 .UNSPECIFIED. ) ;
#1865 = CARTESIAN_POINT ( 'NONE',  ( 73.83031823507133140, 25.65809850433203110, 809.9509860136056432 ) ) ;
#1866 = CARTESIAN_POINT ( 'NONE',  ( 203.0895379467597195, 122.2093106072372137, 897.8176953455079001 ) ) ;
#1867 = B_SPLINE_CURVE_WITH_KNOTS ( 'NONE', 3,
 ( #217, #1429, #512, #684 ),
 .UNSPECIFIED., .F., .F.,
 ( 4, 4 ),
 ( 0.8789394115087411086, 1.000000000000000000 ),
 .UNSPECIFIED. ) ;
#1868 = CARTESIAN_POINT ( 'NONE',  ( -3.230440387730351581, -15.38645495764025561, 814.1017675945282690 ) ) ;
#1869 = EDGE_CURVE ( 'NONE', #298, #1368, #126, .T. ) ;
#1870 = CARTESIAN_POINT ( 'NONE',  ( 68.23069194241452351, 33.65519363269061159, 806.5968048697694712 ) ) ;
#1871 = CARTESIAN_POINT ( 'NONE',  ( 49.26202139038689864, 14.49380987320081893, 864.0478022041679651 ) ) ;
#1872 = CARTESIAN_POINT ( 'NONE',  ( 72.56368898588125660, 27.46703254184405196, 787.9383018531508469 ) ) ;
#1873 = CARTESIAN_POINT ( 'NONE',  ( 30.72032179828286047, 1.347917157896565188, 859.9668856546883262 ) ) ;
#1874 = CARTESIAN_POINT ( 'NONE',  ( 22.06853556753634038, -1.808523335755556793, 859.3321186707919423 ) ) ;
#1875 = EDGE_CURVE ( 'NONE', #1322, #1198, #538, .T. ) ;
#1876 = CARTESIAN_POINT ( 'NONE',  ( 68.39466726404988606, 33.42101260394216666, 846.1925104178390029 ) ) ;
#1877 = EDGE_CURVE ( 'NONE', #454, #1345, #1334, .T. ) ;
ENDSEC;
END-ISO-10303-21;
