ISO-10303-21;
HEADER;
FILE_DESCRIPTION (( 'STEP AP214' ),
    '1' );
FILE_NAME ('BOOM L.STEP',
    '2024-04-11T12:14:43',
    ( '' ),
    ( '' ),
    'SwSTEP 2.0',
    'SolidWorks 2023',
    '' );
FILE_SCHEMA (( 'AUTOMOTIVE_DESIGN' ));
ENDSEC;

DATA;
#1 = DIRECTION ( 'NONE',  ( 0.000000000000000000, 0.000000000000000000, -1.000000000000000000 ) ) ;
#2 = FACE_OUTER_BOUND ( 'NONE', #5268, .T. ) ;
#3 = CARTESIAN_POINT ( 'NONE',  ( 579.9999999970528961, 6.286797556005607746, 343.1633722646573688 ) ) ;
#4 = CARTESIAN_POINT ( 'NONE',  ( 295.2370945552995067, 9.488823410129004543, 235.1780178057541093 ) ) ;
#5 = CARTESIAN_POINT ( 'NONE',  ( 288.5094646187130252, -3.672528487842086076, 231.4428340620079041 ) ) ;
#6 = ORIENTED_EDGE ( 'NONE', *, *, #3564, .T. ) ;
#7 = EDGE_CURVE ( 'NONE', #227, #4501, #4828, .T. ) ;
#8 = CARTESIAN_POINT ( 'NONE',  ( 579.9999999970532372, -4.599044283111842546, 259.9049248138404096 ) ) ;
#9 = CARTESIAN_POINT ( 'NONE',  ( 286.0535190122352560, 0.8756398400925993197, 220.2699646464129444 ) ) ;
#10 = ORIENTED_EDGE ( 'NONE', *, *, #5701, .F. ) ;
#11 = CARTESIAN_POINT ( 'NONE',  ( 324.8370945548289228, -4.271710648264870791, 226.8152266487582267 ) ) ;
#12 = EDGE_LOOP ( 'NONE', ( #952, #2619, #4986, #694 ) ) ;
#13 = CARTESIAN_POINT ( 'NONE',  ( 305.0370945548290251, -15.19372269697804434, 139.4050437939080496 ) ) ;
#14 = CARTESIAN_POINT ( 'NONE',  ( 295.3539403630276183, -4.665628376348602835, 228.3390911519539941 ) ) ;
#15 = CARTESIAN_POINT ( 'NONE',  ( 321.3037983206446597, -5.193722696978038122, 239.4367897378313046 ) ) ;
#16 = CIRCLE ( 'NONE', #4895, 3.000000000000002665 ) ;
#17 = CARTESIAN_POINT ( 'NONE',  ( 301.2430463722899958, -11.11535464404269646, 264.4069360666574653 ) ) ;
#18 = VERTEX_POINT ( 'NONE', #456 ) ;
#19 = CARTESIAN_POINT ( 'NONE',  ( 286.0981220159671921, -4.560151145891982338, 240.5283668695542474 ) ) ;
#20 = DIRECTION ( 'NONE',  ( 0.000000000000000000, 0.000000000000000000, -1.000000000000000000 ) ) ;
#21 = DIRECTION ( 'NONE',  ( 1.000000000000000000, -0.000000000000000000, -0.000000000000000000 ) ) ;
#22 = DIRECTION ( 'NONE',  ( 0.000000000000000000, 0.000000000000000000, -1.000000000000000000 ) ) ;
#23 = CARTESIAN_POINT ( 'NONE',  ( 319.9380818950209004, -4.196647499877959930, 263.4070986003466714 ) ) ;
#24 = CARTESIAN_POINT ( 'NONE',  ( 291.3603438129921415, 0.5918339162598621472, 220.4075337182883345 ) ) ;
#25 = CARTESIAN_POINT ( 'NONE',  ( 193.3333333323508896, -5.464983162938358063, 438.0432744059715446 ) ) ;
#26 = CARTESIAN_POINT ( 'NONE',  ( 295.6347620001342307, -1.209911839296871960, 221.6412146930956624 ) ) ;
#27 = EDGE_LOOP ( 'NONE', ( #4379, #2610, #3772, #3702 ) ) ;
#28 = CARTESIAN_POINT ( 'NONE',  ( 324.1953609266319631, -0.001733190475779800661, 222.3163229701432613 ) ) ;
#29 = CARTESIAN_POINT ( 'NONE',  ( 579.9999999970531235, -5.161150396137134777, 288.2912157075066375 ) ) ;
#30 = CARTESIAN_POINT ( 'NONE',  ( 325.9188472902525859, -3.661265658069241091, 234.1024902276532202 ) ) ;
#31 = CARTESIAN_POINT ( 'NONE',  ( 300.0370945548290820, -5.394504212672690535, 263.9119233447462989 ) ) ;
#32 = CARTESIAN_POINT ( 'NONE',  ( 386.6666666647022339, -5.592650226285882376, 400.6320236277662730 ) ) ;
#33 = CARTESIAN_POINT ( 'NONE',  ( 301.0370945551201771, -14.22727042243006856, 181.3189924690897215 ) ) ;
#34 = DIRECTION ( 'NONE',  ( 0.000000000000000000, 1.000000000000000000, 0.000000000000000000 ) ) ;
#35 = CARTESIAN_POINT ( 'NONE',  ( 386.6666666647018360, -5.420512167452217867, 412.1310864783856118 ) ) ;
#36 = CARTESIAN_POINT ( 'NONE',  ( 323.8370945548288091, 11.80627730302190947, 246.8063163277639660 ) ) ;
#37 = ORIENTED_EDGE ( 'NONE', *, *, #5094, .T. ) ;
#38 = CARTESIAN_POINT ( 'NONE',  ( 323.8370945548290365, -4.193722696978042563, 0.000000000000000000 ) ) ;
#39 = EDGE_CURVE ( 'NONE', #459, #1475, #1351, .T. ) ;
#40 = CARTESIAN_POINT ( 'NONE',  ( 300.3991937174060354, 3.002581612592438276, 223.4485715118681242 ) ) ;
#41 = ORIENTED_EDGE ( 'NONE', *, *, #2650, .F. ) ;
#42 = CARTESIAN_POINT ( 'NONE',  ( 324.5444144939751823, -4.948862034586913872, 237.1170717852030805 ) ) ;
#43 = CARTESIAN_POINT ( 'NONE',  ( 300.0687475223228944, -5.193722696978043452, 237.3112269400699006 ) ) ;
#44 = CARTESIAN_POINT ( 'NONE',  ( 295.8028876193170618, -5.153072296019843179, 236.4976017193720281 ) ) ;
#45 = AXIS2_PLACEMENT_3D ( 'NONE', #1679, #1114, #3145 ) ;
#46 = CARTESIAN_POINT ( 'NONE',  ( 295.2370945548290706, -1.676043032619535023, 218.8557627027835224 ) ) ;
#47 = CARTESIAN_POINT ( 'NONE',  ( 294.1859515589994771, 1.819402024292558151, 220.3028156859463422 ) ) ;
#48 = ORIENTED_EDGE ( 'NONE', *, *, #742, .F. ) ;
#49 = AXIS2_PLACEMENT_3D ( 'NONE', #5156, #2668, #3763 ) ;
#50 = FACE_OUTER_BOUND ( 'NONE', #4376, .T. ) ;
#51 = CARTESIAN_POINT ( 'NONE',  ( 302.7657240629002899, -13.49341217053070707, 118.6965501351431129 ) ) ;
#52 = CARTESIAN_POINT ( 'NONE',  ( 333.3025254605709051, -0.06905762897702921732, 222.9279411546270069 ) ) ;
#53 = CARTESIAN_POINT ( 'NONE',  ( 301.0370945548290251, -5.193722696978044340, 139.4050437939080780 ) ) ;
#54 = DIRECTION ( 'NONE',  ( -0.1999674932621497980, -1.184895513843333836E-16, 0.9798025319616459061 ) ) ;
#55 = DIRECTION ( 'NONE',  ( -1.000000000000000000, 0.000000000000000000, 0.000000000000000000 ) ) ;
#56 = B_SPLINE_CURVE_WITH_KNOTS ( 'NONE', 3,
 ( #5461, #108, #4064, #1149, #167, #1630, #1543, #1516, #2557, #4451, #79, #3488, #3099, #2976, #6000, #5516, #4034, #5036, #3458, #3005, #610, #668 ),
 .UNSPECIFIED., .F., .F.,
 ( 4, 2, 2, 2, 2, 2, 2, 2, 2, 2, 4 ),
 ( 0.006401933096791959273, 0.007047818352194696982, 0.007693703607597434692, 0.008339588863000173269, 0.008985474118402909244, 0.01027724462920832915, 0.01156901514001374559, 0.01415255616162451602, 0.01673609718323528298, 0.02190317922645690016, 0.02707026126967851040 ),
 .UNSPECIFIED. ) ;
#57 = CARTESIAN_POINT ( 'NONE',  ( 0.000000000000000000, 3.638467315049533468, 401.2609511280016932 ) ) ;
#58 = CARTESIAN_POINT ( 'NONE',  ( 286.0971910113426020, -4.252078236755894913, 236.5179868286956264 ) ) ;
#59 = ORIENTED_EDGE ( 'NONE', *, *, #1850, .T. ) ;
#60 = CARTESIAN_POINT ( 'NONE',  ( 333.3982930147952288, -0.4870458526064994631, 223.1181282505099261 ) ) ;
#61 = CARTESIAN_POINT ( 'NONE',  ( 193.3333333323509748, -6.706862923142622002, 250.7127431795906887 ) ) ;
#62 = CARTESIAN_POINT ( 'NONE',  ( 328.2481396243666723, 0.2720811064831474835, 222.6894025831925887 ) ) ;
#63 = CYLINDRICAL_SURFACE ( 'NONE', #1891, 1.500000000000001332 ) ;
#64 = CARTESIAN_POINT ( 'NONE',  ( 0.000000000000000000, -7.314032143735950342, 439.3289523860927375 ) ) ;
#65 = FACE_OUTER_BOUND ( 'NONE', #3380, .T. ) ;
#66 = CARTESIAN_POINT ( 'NONE',  ( 317.8370945548289797, 3.306277303021957881, 135.7050419661089222 ) ) ;
#67 = CARTESIAN_POINT ( 'NONE',  ( 386.6666666647018928, -5.634577376048333974, 393.4924128655397340 ) ) ;
#68 = CARTESIAN_POINT ( 'NONE',  ( 323.8277746161107302, 11.80627730302191303, 246.9061939011665459 ) ) ;
#69 = CARTESIAN_POINT ( 'NONE',  ( 290.8435085936662858, 3.030957364019709832, 222.8294413703390262 ) ) ;
#70 = ORIENTED_EDGE ( 'NONE', *, *, #2388, .F. ) ;
#71 = CARTESIAN_POINT ( 'NONE',  ( 301.0370945548291388, -9.998799994516554435, 253.9916179234061246 ) ) ;
#72 = CARTESIAN_POINT ( 'NONE',  ( 300.0643384208188422, -5.193722696978037234, 237.3559536620974768 ) ) ;
#73 = CARTESIAN_POINT ( 'NONE',  ( 294.4568526749145576, -4.167689811001317857, 228.5562407626626964 ) ) ;
#74 = CARTESIAN_POINT ( 'NONE',  ( 295.2370945548288432, -3.410652483779574862, 221.6675456517869520 ) ) ;
#75 = EDGE_CURVE ( 'NONE', #4787, #1475, #1010, .T. ) ;
#76 = CARTESIAN_POINT ( 'NONE',  ( 297.0616626178996285, 3.443088007130913120, 248.3429071604394096 ) ) ;
#77 = ORIENTED_EDGE ( 'NONE', *, *, #1128, .T. ) ;
#78 = CARTESIAN_POINT ( 'NONE',  ( 299.2370945548290138, -0.6962878623788025800, 110.5050442647847575 ) ) ;
#79 = CARTESIAN_POINT ( 'NONE',  ( 325.7911095201391163, 2.775028172124851089, 223.3651601102164932 ) ) ;
#80 = CARTESIAN_POINT ( 'NONE',  ( 309.0086674300828236, 3.306277303021957881, 136.7050419661089222 ) ) ;
#81 = CARTESIAN_POINT ( 'NONE',  ( 327.9228572387930853, 12.20641922157358294, 249.2872881605998998 ) ) ;
#82 = CARTESIAN_POINT ( 'NONE',  ( 287.2532944282539233, -3.637605041335526312, 225.2878400021830316 ) ) ;
#83 = CARTESIAN_POINT ( 'NONE',  ( 293.9539097903083302, 7.821871288544104850, 233.1155117497609979 ) ) ;
#84 = CARTESIAN_POINT ( 'NONE',  ( 386.6666666647018928, -3.305401079264717268, 412.3030266280131855 ) ) ;
#85 = CARTESIAN_POINT ( 'NONE',  ( 295.6408434190181538, -2.203481427301172246, 224.3825286163221904 ) ) ;
#86 = ORIENTED_EDGE ( 'NONE', *, *, #1068, .F. ) ;
#87 = CARTESIAN_POINT ( 'NONE',  ( 328.7903135493993432, -0.01622604333458643050, 222.6236740381870618 ) ) ;
#88 = CARTESIAN_POINT ( 'NONE',  ( 0.000000000000000000, -8.046388690722883652, 318.6767041878472924 ) ) ;
#89 = CARTESIAN_POINT ( 'NONE',  ( 325.7727100253826507, 7.570153872624041824, 234.8185349197061669 ) ) ;
#90 = CARTESIAN_POINT ( 'NONE',  ( 324.8370945548205668, -2.337075237204848221, 223.8103772502765594 ) ) ;
#91 = CARTESIAN_POINT ( 'NONE',  ( 193.3333333323509748, -6.543366302362839448, 407.5854026889500688 ) ) ;
#92 = CARTESIAN_POINT ( 'NONE',  ( 305.0370945548290251, -14.19372269697804789, 149.8222181849016863 ) ) ;
#93 = DIRECTION ( 'NONE',  ( -0.000000000000000000, -1.000000000000000000, 0.000000000000000000 ) ) ;
#94 = CARTESIAN_POINT ( 'NONE',  ( 386.6666666647022339, -5.260036546780130884, 416.2510710529381299 ) ) ;
#95 = CARTESIAN_POINT ( 'NONE',  ( 295.5433862283380790, 11.58092633908847979, 243.2618230109466424 ) ) ;
#96 = AXIS2_PLACEMENT_3D ( 'NONE', #2412, #4700, #391 ) ;
#97 = CARTESIAN_POINT ( 'NONE',  ( 295.6104115696045938, 1.143350135669048750, 221.1375280860585235 ) ) ;
#98 = ORIENTED_EDGE ( 'NONE', *, *, #138, .T. ) ;
#99 = CARTESIAN_POINT ( 'NONE',  ( 301.0370945548290820, -10.14832639473889664, 238.3673795191402291 ) ) ;
#100 = CARTESIAN_POINT ( 'NONE',  ( 313.0378892098794381, -5.193722696978038122, 238.5988434407161094 ) ) ;
#101 = DIRECTION ( 'NONE',  ( 1.000000000000000000, -0.000000000000000000, -0.000000000000000000 ) ) ;
#102 = CARTESIAN_POINT ( 'NONE',  ( 295.2370945548290706, 8.015892905685893410, 228.0820795103635135 ) ) ;
#103 = EDGE_CURVE ( 'NONE', #3767, #6293, #3450, .T. ) ;
#104 = EDGE_CURVE ( 'NONE', #6287, #2250, #4455, .T. ) ;
#105 = CARTESIAN_POINT ( 'NONE',  ( 294.1977077899500728, 4.045409777739344293, 222.8049133480804187 ) ) ;
#106 = ORIENTED_EDGE ( 'NONE', *, *, #3019, .T. ) ;
#107 = CARTESIAN_POINT ( 'NONE',  ( 300.4332987487738933, -5.109157862453737486, 253.1825539469606952 ) ) ;
#108 = CARTESIAN_POINT ( 'NONE',  ( 325.7703371927797775, 0.2189391140834540672, 221.4243539268077825 ) ) ;
#109 = VECTOR ( 'NONE', #5106, 1000.000000000000000 ) ;
#110 = CARTESIAN_POINT ( 'NONE',  ( 332.9265380230890514, -1.416905551603711899, 224.7702078011744788 ) ) ;
#111 = CARTESIAN_POINT ( 'NONE',  ( 320.0370945545382142, -15.22838629043243408, 223.2545978721549318 ) ) ;
#112 = AXIS2_PLACEMENT_3D ( 'NONE', #4380, #2356, #1476 ) ;
#113 = CARTESIAN_POINT ( 'NONE',  ( 295.2370945549141652, -1.787023859911935464, 220.5082198695977524 ) ) ;
#114 = CARTESIAN_POINT ( 'NONE',  ( 294.3221084797710887, 8.396071713910741252, 234.9196150183236398 ) ) ;
#115 = CARTESIAN_POINT ( 'NONE',  ( 579.9999999970528961, -5.167355906338058524, 296.6145897423936049 ) ) ;
#116 = CARTESIAN_POINT ( 'NONE',  ( 286.0944589401672715, -3.580812516969337889, 230.5523585385865886 ) ) ;
#117 = ORIENTED_EDGE ( 'NONE', *, *, #5912, .F. ) ;
#118 = CARTESIAN_POINT ( 'NONE',  ( 328.8340252237233585, -1.797059325907119920, 225.5162047175408873 ) ) ;
#119 = CARTESIAN_POINT ( 'NONE',  ( 193.3333333323509464, -6.939266470113822471, 260.1927417165398992 ) ) ;
#120 = CARTESIAN_POINT ( 'NONE',  ( 324.1709829122071369, 11.79682662376906421, 246.8916574285567833 ) ) ;
#121 = CARTESIAN_POINT ( 'NONE',  ( 324.8370945548503528, -2.169917949775964416, 223.3856979540034615 ) ) ;
#122 = CARTESIAN_POINT ( 'NONE',  ( 193.3333333323509180, -6.294774974397376432, 429.2302680798250663 ) ) ;
#123 = CARTESIAN_POINT ( 'NONE',  ( 325.7810962011750462, -1.014347275154022343, 221.7450734444871898 ) ) ;
#124 = DIRECTION ( 'NONE',  ( 0.000000000000000000, 0.000000000000000000, -1.000000000000000000 ) ) ;
#125 = CARTESIAN_POINT ( 'NONE',  ( 0.000000000000000000, -7.169037781342534998, 446.3294496812645775 ) ) ;
#126 = CARTESIAN_POINT ( 'NONE',  ( 294.7027754318808093, 11.14508360374182239, 241.2885778805946586 ) ) ;
#127 = CARTESIAN_POINT ( 'NONE',  ( 317.8370945548289797, 9.903712101858411998, 139.4050437939080496 ) ) ;
#128 = CARTESIAN_POINT ( 'NONE',  ( 295.5962861943839357, 0.05019543933376351130, 220.4021569598059216 ) ) ;
#129 = VERTEX_POINT ( 'NONE', #2024 ) ;
#130 = CARTESIAN_POINT ( 'NONE',  ( 324.0424356264484231, -5.174958761455619616, 239.5344316709855264 ) ) ;
#131 = DIRECTION ( 'NONE',  ( 0.000000000000000000, 1.000000000000000000, 5.551115123125781913E-15 ) ) ;
#132 = CARTESIAN_POINT ( 'NONE',  ( 294.2373958150286057, -3.516805302390706434, 225.2938014314891291 ) ) ;
#133 = VECTOR ( 'NONE', #566, 1000.000000000000000 ) ;
#134 = CARTESIAN_POINT ( 'NONE',  ( 295.2879725230569647, 11.60961667337218550, 243.3693359929890789 ) ) ;
#135 = ORIENTED_EDGE ( 'NONE', *, *, #2990, .T. ) ;
#136 = ADVANCED_FACE ( 'NONE', ( #3009 ), #1520, .T. ) ;
#137 = CARTESIAN_POINT ( 'NONE',  ( 298.2370945548290138, 7.303712137621197087, 104.0050425958546754 ) ) ;
#138 = EDGE_CURVE ( 'NONE', #4753, #2888, #4951, .T. ) ;
#139 = CARTESIAN_POINT ( 'NONE',  ( 323.9324401318586411, 11.80257936272511188, 246.7874211168991962 ) ) ;
#140 = CARTESIAN_POINT ( 'NONE',  ( 324.8370945548290365, -5.264913683517623788, 264.4069360666574653 ) ) ;
#141 = CARTESIAN_POINT ( 'NONE',  ( 333.5044377421774584, -3.054881667386427130E-11, 221.9386095311470797 ) ) ;
#142 = B_SPLINE_CURVE_WITH_KNOTS ( 'NONE', 3,
 ( #1652, #1173, #3692, #1262, #3121, #3206, #4207, #1769, #369, #2281, #2314, #6171, #1802, #2349, #951, #2792, #4272, #4742, #3755, #5832, #1437, #1873, #2898, #918, #3237, #880, #3378, #2384, #4343, #4306, #5687, #402, #3271, #3306, #6205, #4775, #5323, #2865, #5217, #4808, #846, #1327, #3898, #6239, #5724, #4842, #2420, #6276, #1837, #3864, #5253, #5, #5180, #3791, #1366, #435, #335, #1909, #3828, #812 ),
 .UNSPECIFIED., .F., .F.,
 ( 4, 2, 2, 2, 2, 2, 2, 2, 2, 2, 2, 2, 2, 2, 2, 2, 2, 2, 2, 2, 2, 2, 2, 2, 2, 2, 2, 2, 2, 4 ),
 ( 0.000000000000000000, 0.01185816003051797483, 0.02371632006103594967, 0.02964540007629499693, 0.03557448009155404073, 0.03853902009918356436, 0.04150356010681308105, 0.04298583011062780818, 0.04446810011444253530, 0.04595037011825726242, 0.04743264012207198260, 0.04780320762302568000, 0.04817377512397938433, 0.04835905887445622608, 0.04854434262493306784, 0.04872962637540990960, 0.04891491012588675136, 0.04928547762684046263, 0.04965604512779416696, 0.05039718012970156175, 0.05113831513160896347, 0.05187945013351634438, 0.05336172013733124497, 0.05484399014114613863, 0.05632626014496103922, 0.05929080015259082653, 0.06521988016785040809, 0.07114896018310998271, 0.08300712021362911808, 0.09486528024414818405 ),
 .UNSPECIFIED. ) ;
#143 = CARTESIAN_POINT ( 'NONE',  ( 295.2370945548418604, 0.2557575942549670800, 219.3942687707959749 ) ) ;
#144 = DIRECTION ( 'NONE',  ( 0.000000000000000000, 0.000000000000000000, -1.000000000000000000 ) ) ;
#145 = CARTESIAN_POINT ( 'NONE',  ( 286.0877103158936734, -2.486696092696546678, 224.7005027913343724 ) ) ;
#146 = ORIENTED_EDGE ( 'NONE', *, *, #2352, .F. ) ;
#147 = CARTESIAN_POINT ( 'NONE',  ( 319.6409186170370731, -1.276382717822479806, 223.4826953707395205 ) ) ;
#148 = CARTESIAN_POINT ( 'NONE',  ( 579.9999999970530098, -1.884472597434357466, 240.4758978681773272 ) ) ;
#149 = ADVANCED_FACE ( 'NONE', ( #1577 ), #2561, .F. ) ;
#150 = CARTESIAN_POINT ( 'NONE',  ( 326.7865042847707855, 5.558470668632494061, 229.8511366389532213 ) ) ;
#151 = CARTESIAN_POINT ( 'NONE',  ( 324.1829935624117525, -5.132658187591202292, 238.3593666961795350 ) ) ;
#152 = CARTESIAN_POINT ( 'NONE',  ( 386.6666666647022339, -5.113126307511020485, 421.1293184417577891 ) ) ;
#153 = DIRECTION ( 'NONE',  ( -1.000000000000000000, -0.000000000000000000, -0.000000000000000000 ) ) ;
#154 = CARTESIAN_POINT ( 'NONE',  ( 579.9999999970530098, 8.877391888367052175, 326.7879745516336243 ) ) ;
#155 = CARTESIAN_POINT ( 'NONE',  ( 0.000000000000000000, -5.420589551295606157, 451.9053200484384547 ) ) ;
#156 = CARTESIAN_POINT ( 'NONE',  ( 296.0335502135657748, 11.78583323310517095, 244.0311818602724827 ) ) ;
#157 = DIRECTION ( 'NONE',  ( 0.000000000000000000, 0.000000000000000000, -1.000000000000000000 ) ) ;
#158 = CARTESIAN_POINT ( 'NONE',  ( 300.3724474699945972, -0.01919103972810893774, 220.7125954515047113 ) ) ;
#159 = VERTEX_POINT ( 'NONE', #3462 ) ;
#160 = CARTESIAN_POINT ( 'NONE',  ( 323.9047440155152344, -5.197201743997344359, 239.7857127497792078 ) ) ;
#161 = DIRECTION ( 'NONE',  ( 1.000000000000000000, -0.000000000000000000, -0.000000000000000000 ) ) ;
#162 = DIRECTION ( 'NONE',  ( 1.000000000000000000, -0.000000000000000000, 0.000000000000000000 ) ) ;
#163 = CARTESIAN_POINT ( 'NONE',  ( 294.2146634343281448, 9.846406979727651887, 236.3213951211293136 ) ) ;
#164 = ORIENTED_EDGE ( 'NONE', *, *, #3941, .F. ) ;
#165 = AXIS2_PLACEMENT_3D ( 'NONE', #5948, #2648, #5102 ) ;
#166 = CARTESIAN_POINT ( 'NONE',  ( 290.8689726582313142, 13.50379332811472466, 260.8440466601731487 ) ) ;
#167 = CARTESIAN_POINT ( 'NONE',  ( 325.7813821175801081, 1.007230535945777383, 221.7952083350403143 ) ) ;
#168 = CARTESIAN_POINT ( 'NONE',  ( 326.2890187682043006, 12.49413429588677538, 257.2927846749794298 ) ) ;
#169 = CARTESIAN_POINT ( 'NONE',  ( 300.0370945548289683, -10.11046830492333015, 243.5755890805149875 ) ) ;
#170 = CARTESIAN_POINT ( 'NONE',  ( 294.1737278012899424, 0.4548524439170029132, 219.3798376577947806 ) ) ;
#171 = CARTESIAN_POINT ( 'NONE',  ( 300.0370945548290251, -5.193722696977875586, 109.4050437939080922 ) ) ;
#172 = CARTESIAN_POINT ( 'NONE',  ( 286.0897072882065686, -2.709706223259669589, 225.6504186587313825 ) ) ;
#173 = EDGE_CURVE ( 'NONE', #2585, #5468, #2531, .T. ) ;
#174 = ORIENTED_EDGE ( 'NONE', *, *, #1637, .T. ) ;
#175 = CARTESIAN_POINT ( 'NONE',  ( 328.8312243495096254, -1.216621417648292347, 223.9752402043218922 ) ) ;
#176 = CARTESIAN_POINT ( 'NONE',  ( 193.3333333323510317, -3.705220741270887075, 218.2751697116970888 ) ) ;
#177 = CARTESIAN_POINT ( 'NONE',  ( 319.6464705586529362, 9.818840935415394711, 242.2033111933838825 ) ) ;
#178 = AXIS2_PLACEMENT_3D ( 'NONE', #6258, #5913, #420 ) ;
#179 = EDGE_CURVE ( 'NONE', #2482, #3851, #4486, .T. ) ;
#180 = CARTESIAN_POINT ( 'NONE',  ( 300.0370945548290251, -5.193722696978042563, 139.4050437939080780 ) ) ;
#181 = CARTESIAN_POINT ( 'NONE',  ( 579.9999999970532372, 4.936953304096522999, 351.2031543540123835 ) ) ;
#182 = CARTESIAN_POINT ( 'NONE',  ( 386.6666666647020634, -6.133868915404450561, 305.0780289475609379 ) ) ;
#183 = CARTESIAN_POINT ( 'NONE',  ( 290.8173610214881251, 0.01249924079643656601, 220.0732516646844772 ) ) ;
#184 = VERTEX_POINT ( 'NONE', #1994 ) ;
#185 = CARTESIAN_POINT ( 'NONE',  ( 324.8370945548290365, 0.000000000000000000, 139.4050437939080496 ) ) ;
#186 = CARTESIAN_POINT ( 'NONE',  ( 193.3333333323509464, 11.04918357943839347, 232.1668332515077964 ) ) ;
#187 = CARTESIAN_POINT ( 'NONE',  ( 320.0370945548290251, -15.19372269697788091, 123.8863961561231974 ) ) ;
#188 = CARTESIAN_POINT ( 'NONE',  ( 294.2183336811351069, -3.384670951218738288, 224.7708713528589612 ) ) ;
#189 = FACE_OUTER_BOUND ( 'NONE', #4209, .T. ) ;
#190 = ORIENTED_EDGE ( 'NONE', *, *, #3477, .T. ) ;
#191 = CARTESIAN_POINT ( 'NONE',  ( 290.8682757216643608, 13.03597064725162724, 256.8656091272480353 ) ) ;
#192 = CARTESIAN_POINT ( 'NONE',  ( 300.0370945548290251, -5.403532392532980566, 264.4069360666574653 ) ) ;
#193 = CARTESIAN_POINT ( 'NONE',  ( 319.0370945548290251, -14.14430185500363812, 238.9883580423709191 ) ) ;
#194 = CARTESIAN_POINT ( 'NONE',  ( 333.3179033967957139, 1.719017015270588145, 222.8525922036364193 ) ) ;
#195 = LINE ( 'NONE', #6032, #4146 ) ;
#196 = CARTESIAN_POINT ( 'NONE',  ( 295.2370945548163945, 0.4320280555558163038, 219.4435064330714340 ) ) ;
#197 = LINE ( 'NONE', #4068, #5613 ) ;
#198 = ORIENTED_EDGE ( 'NONE', *, *, #1553, .F. ) ;
#199 = CARTESIAN_POINT ( 'NONE',  ( 333.4207133388763964, -0.9516309954053131515, 223.6975247231660546 ) ) ;
#200 = CARTESIAN_POINT ( 'NONE',  ( 294.1953173844367484, -1.581473089623932626, 220.1273938528138672 ) ) ;
#201 = CARTESIAN_POINT ( 'NONE',  ( 324.2470529524586595, 13.04797069287829281, 261.2819475098502835 ) ) ;
#202 = EDGE_CURVE ( 'NONE', #4012, #3178, #5951, .T. ) ;
#203 = CARTESIAN_POINT ( 'NONE',  ( 300.0370945548290820, -5.193722696978042563, 237.3081067009638900 ) ) ;
#204 = CARTESIAN_POINT ( 'NONE',  ( 0.000000000000000000, 5.680038312985622895, 389.5123884482915173 ) ) ;
#205 = CARTESIAN_POINT ( 'NONE',  ( 386.6666666647018928, -0.3885889226291279752, 225.5030240003190727 ) ) ;
#206 = CARTESIAN_POINT ( 'NONE',  ( 322.5648211156173488, -5.197231160522318483, 239.6492753205441772 ) ) ;
#207 = CARTESIAN_POINT ( 'NONE',  ( 290.8170616838715432, -0.003214467750097480155, 220.0716549490915952 ) ) ;
#208 = ORIENTED_EDGE ( 'NONE', *, *, #2921, .T. ) ;
#209 = CARTESIAN_POINT ( 'NONE',  ( 313.2370945548290138, -1.696287862378802691, 104.0050425958546754 ) ) ;
#210 = CARTESIAN_POINT ( 'NONE',  ( 0.000000000000000000, 18.32930396932231787, 256.2623385660224926 ) ) ;
#211 = CARTESIAN_POINT ( 'NONE',  ( 301.0370945548290251, -5.193722696978042563, 139.4050437939080780 ) ) ;
#212 = CARTESIAN_POINT ( 'NONE',  ( 320.0370945548292525, -5.197287464721163985, 239.3930203268536445 ) ) ;
#213 = CARTESIAN_POINT ( 'NONE',  ( 325.5832744370790124, -6.190841905605588558, 260.7507971312717245 ) ) ;
#214 = CARTESIAN_POINT ( 'NONE',  ( 294.1732942721905602, 0.4218647549420346254, 219.3596179339247954 ) ) ;
#215 = EDGE_CURVE ( 'NONE', #492, #1848, #2205, .T. ) ;
#216 = ORIENTED_EDGE ( 'NONE', *, *, #5833, .T. ) ;
#217 = CARTESIAN_POINT ( 'NONE',  ( 386.6666666647018928, -6.161060105321074509, 294.7877091421007663 ) ) ;
#218 = CARTESIAN_POINT ( 'NONE',  ( 295.6430331141355623, 10.99805729874082694, 245.2633946426860803 ) ) ;
#219 = CARTESIAN_POINT ( 'NONE',  ( 325.8155251262272145, 10.04452605478518734, 239.5775891989282229 ) ) ;
#220 = CARTESIAN_POINT ( 'NONE',  ( 315.0370945554107607, -13.91323188745134054, 259.9837902363536841 ) ) ;
#221 = CARTESIAN_POINT ( 'NONE',  ( 305.0370945548290251, -15.19372269697804434, 191.3903337921021262 ) ) ;
#222 = DIRECTION ( 'NONE',  ( 0.000000000000000000, 1.000000000000000000, 5.551115123125779547E-15 ) ) ;
#223 = CARTESIAN_POINT ( 'NONE',  ( 294.2104493599500756, -2.151136536242798325, 221.1995045710905288 ) ) ;
#224 = EDGE_CURVE ( 'NONE', #5375, #1884, #2056, .T. ) ;
#225 = CARTESIAN_POINT ( 'NONE',  ( 300.0370945548290251, -4.196647499877961707, 264.4069360666574653 ) ) ;
#226 = CARTESIAN_POINT ( 'NONE',  ( 305.1037640132254296, 14.61839346448865840, 264.4069360666574653 ) ) ;
#227 = VERTEX_POINT ( 'NONE', #5494 ) ;
#228 = APPLICATION_CONTEXT ( 'automotive_design' ) ;
#229 = CARTESIAN_POINT ( 'NONE',  ( 324.2397175448784310, -1.959985868734862802, 225.6581607115330712 ) ) ;
#230 = CARTESIAN_POINT ( 'NONE',  ( 0.000000000000000000, -1.924238009432647001, 200.1133443086088732 ) ) ;
#231 = CARTESIAN_POINT ( 'NONE',  ( 324.2409272075603894, 9.327535365675217349, 240.5814085558197633 ) ) ;
#232 = VECTOR ( 'NONE', #819, 1000.000000000000000 ) ;
#233 = LINE ( 'NONE', #4195, #289 ) ;
#234 = CARTESIAN_POINT ( 'NONE',  ( 193.3333333323510317, 16.73177006838016467, 291.1673851077070481 ) ) ;
#235 = CARTESIAN_POINT ( 'NONE',  ( 193.3333333323510317, -3.705220741270887075, 218.2751697116970888 ) ) ;
#236 = CARTESIAN_POINT ( 'NONE',  ( 324.8370945548290365, 5.918550688106626545, 226.1079928426261461 ) ) ;
#237 = CARTESIAN_POINT ( 'NONE',  ( 290.8227979769098965, 0.2099483963791018148, 220.1383304191676586 ) ) ;
#238 = CARTESIAN_POINT ( 'NONE',  ( 295.7465884737524107, -5.066977193877682417, 234.2817508078234710 ) ) ;
#239 = CARTESIAN_POINT ( 'NONE',  ( 0.000000000000000000, 19.01102325474809618, 266.6625469626757194 ) ) ;
#240 = CARTESIAN_POINT ( 'NONE',  ( 320.8491768785103773, 14.04308800713091010, 258.9429071604394608 ) ) ;
#241 = CARTESIAN_POINT ( 'NONE',  ( 326.3291518561816815, -6.092887405412809265, 257.0961402075480464 ) ) ;
#242 = CARTESIAN_POINT ( 'NONE',  ( 300.0370945548290251, -5.193722696978044340, 139.4050437939080780 ) ) ;
#243 = EDGE_LOOP ( 'NONE', ( #3542, #174, #41, #1581 ) ) ;
#244 = ADVANCED_FACE ( 'NONE', ( #5098 ), #3104, .F. ) ;
#245 = CARTESIAN_POINT ( 'NONE',  ( 0.000000000000000000, -7.396703398402827645, 431.1210683550273188 ) ) ;
#246 = FACE_OUTER_BOUND ( 'NONE', #5328, .T. ) ;
#247 = CARTESIAN_POINT ( 'NONE',  ( 324.8370945548289797, 10.80627730302190592, 238.5925586775148304 ) ) ;
#248 = CARTESIAN_POINT ( 'NONE',  ( 315.0370945548290251, -13.80569598223011418, 265.2386499262298116 ) ) ;
#249 = CARTESIAN_POINT ( 'NONE',  ( 305.0370945548290251, -15.43572985819433718, 233.4683084990403756 ) ) ;
#250 = EDGE_CURVE ( 'NONE', #370, #4472, #549, .T. ) ;
#251 = CARTESIAN_POINT ( 'NONE',  ( 295.2370945548290706, 11.80627730302192191, 203.3969054146694759 ) ) ;
#252 = CARTESIAN_POINT ( 'NONE',  ( 295.2370945548967711, 4.014025286112385515, 222.8257751634617136 ) ) ;
#253 = CARTESIAN_POINT ( 'NONE',  ( 292.3347516479409478, 12.99522081722369293, 250.1860100431368892 ) ) ;
#254 = CARTESIAN_POINT ( 'NONE',  ( 323.8370945548290365, 11.80627730302191480, 246.8063163277639944 ) ) ;
#255 = ORIENTED_EDGE ( 'NONE', *, *, #1387, .F. ) ;
#256 = CARTESIAN_POINT ( 'NONE',  ( 193.3333333323510885, -6.367875266799881473, 242.1323187556666028 ) ) ;
#257 = CARTESIAN_POINT ( 'NONE',  ( 328.8426108333922571, -2.762300027340902187, 229.0668070931291993 ) ) ;
#258 = CARTESIAN_POINT ( 'NONE',  ( 0.000000000000000000, -5.179038273367098100, 210.9887546019604088 ) ) ;
#259 = CARTESIAN_POINT ( 'NONE',  ( 315.0370945548290251, -14.19372269697804612, 191.4045437425366174 ) ) ;
#260 = EDGE_CURVE ( 'NONE', #1913, #813, #4625, .T. ) ;
#261 = DIRECTION ( 'NONE',  ( 0.000000000000000000, 1.000000000000000000, 0.000000000000000000 ) ) ;
#262 = CARTESIAN_POINT ( 'NONE',  ( 193.3333333323509464, 8.704752596376119200, 357.4126630265610629 ) ) ;
#263 = CARTESIAN_POINT ( 'NONE',  ( 0.000000000000000000, -4.219827966912870210, 206.0754173260052085 ) ) ;
#264 = AXIS2_PLACEMENT_3D ( 'NONE', #4654, #699, #1238 ) ;
#265 = CARTESIAN_POINT ( 'NONE',  ( 324.8370945547276278, 7.161174838166731504, 230.8658949816340282 ) ) ;
#266 = CARTESIAN_POINT ( 'NONE',  ( 300.3958271114613581, -0.7389158874025012480, 221.1184144074687765 ) ) ;
#267 = FACE_OUTER_BOUND ( 'NONE', #2579, .T. ) ;
#268 = FACE_OUTER_BOUND ( 'NONE', #568, .T. ) ;
#269 = FACE_BOUND ( 'NONE', #1099, .T. ) ;
#270 = B_SPLINE_CURVE_WITH_KNOTS ( 'NONE', 3,
 ( #3532, #2537, #1496, #3926, #3439, #4522, #30, #3017, #5949, #1071, #4432, #2987, #4870, #2924, #4990, #5859, #495, #4462, #4492, #1584, #4957, #5380, #1008, #4900, #2568, #5471, #524, #1526, #1040, #5410, #2473, #62, #1554, #1102, #2000, #5347, #623, #590, #4928, #2063, #1971, #2956, #3957, #557, #4016, #3047, #150, #5891, #2089, #89, #4044, #2031, #2506, #5921, #3985, #3501, #5439, #1615 ),
 .UNSPECIFIED., .F., .F.,
 ( 4, 2, 2, 2, 2, 2, 2, 2, 2, 2, 2, 2, 2, 2, 2, 2, 2, 2, 2, 2, 2, 2, 2, 2, 2, 2, 2, 2, 4 ),
 ( 0.001515782267181668523, 0.01256758452896557243, 0.02361938679074947547, 0.03467118905253337852, 0.03743413961797931178, 0.03881561490070231657, 0.04019709018342532830, 0.04157856546614833310, 0.04226930310750987713, 0.04261467192819069771, 0.04296004074887151830, 0.04330540956955233889, 0.04347809397989275959, 0.04356443618506296300, 0.04365077839023316641, 0.04382346280057355936, 0.04399614721091394537, 0.04434151603159468269, 0.04503225367295615733, 0.04572299131431763197, 0.04848594187976348890, 0.04986741716248643819, 0.05124889244520938747, 0.05401184301065536236, 0.05677479357610133726, 0.06230069470699328704, 0.06782659583788525071, 0.07887839809966906701, 0.08993020036145289720 ),
 .UNSPECIFIED. ) ;
#271 = LINE ( 'NONE', #1707, #757 ) ;
#272 = ORIENTED_EDGE ( 'NONE', *, *, #1939, .T. ) ;
#273 = VERTEX_POINT ( 'NONE', #4596 ) ;
#274 = CARTESIAN_POINT ( 'NONE',  ( 0.000000000000000000, -7.630794817724408041, 387.2858327702766701 ) ) ;
#275 = CARTESIAN_POINT ( 'NONE',  ( 317.8370945548289797, 3.306277303021957881, 136.7050419661089222 ) ) ;
#276 = LINE ( 'NONE', #2730, #3249 ) ;
#277 = CARTESIAN_POINT ( 'NONE',  ( 319.0370945548290251, -10.20390391023573962, 160.3643972061785234 ) ) ;
#278 = DIRECTION ( 'NONE',  ( -1.000000000000000000, 0.000000000000000000, -0.000000000000000000 ) ) ;
#279 = DIRECTION ( 'NONE',  ( -0.9958673628465227745, -0.000000000000000000, -0.09081957727886892651 ) ) ;
#280 = CARTESIAN_POINT ( 'NONE',  ( 285.9494952983546909, 0.6357853326132753002, 218.8994732341403164 ) ) ;
#281 = VERTEX_POINT ( 'NONE', #646 ) ;
#282 = CARTESIAN_POINT ( 'NONE',  ( 316.7034043110169250, -13.83240063210761051, 120.0004736879850071 ) ) ;
#283 = CIRCLE ( 'NONE', #600, 1.000000000000000888 ) ;
#284 = ORIENTED_EDGE ( 'NONE', *, *, #3724, .T. ) ;
#285 = CARTESIAN_POINT ( 'NONE',  ( 0.000000000000000000, -8.148468503287105591, 291.1339479415150890 ) ) ;
#286 = CARTESIAN_POINT ( 'NONE',  ( 319.6583937265514237, -4.247389251896733775, 239.8997397018480910 ) ) ;
#287 = CARTESIAN_POINT ( 'NONE',  ( 324.2463504406438233, 12.58603533257115181, 257.4751581079181051 ) ) ;
#288 = CARTESIAN_POINT ( 'NONE',  ( 579.9999999970528961, 11.62353847066273715, 274.5007389497849886 ) ) ;
#289 = VECTOR ( 'NONE', #6129, 1000.000000000000000 ) ;
#290 = VECTOR ( 'NONE', #2518, 1000.000000000000000 ) ;
#291 = CARTESIAN_POINT ( 'NONE',  ( 319.6113129950223311, 0.4830125994595745875, 222.2374400192688597 ) ) ;
#292 = CARTESIAN_POINT ( 'NONE',  ( 320.0370945548290251, -10.19372269697788802, 111.8776466569873094 ) ) ;
#293 = CARTESIAN_POINT ( 'NONE',  ( 386.6666666647020634, 2.751046507723803547, 378.0547777424289393 ) ) ;
#294 = CARTESIAN_POINT ( 'NONE',  ( 386.6666666647018928, -6.161060105321074509, 294.7877091421007663 ) ) ;
#295 = CARTESIAN_POINT ( 'NONE',  ( 324.8370945548634268, 4.308486352631897276, 225.3217057343898375 ) ) ;
#296 = CARTESIAN_POINT ( 'NONE',  ( 295.6328159770771435, -1.120016935040275996, 221.4368689351137789 ) ) ;
#297 = PLANE ( 'NONE',  #1422 ) ;
#298 = CARTESIAN_POINT ( 'NONE',  ( 0.000000000000000000, 2.156697113733638815, 200.5962828315869046 ) ) ;
#299 = CARTESIAN_POINT ( 'NONE',  ( 324.8370945548290365, 10.11931849610006573, 236.2356613997731074 ) ) ;
#300 = CARTESIAN_POINT ( 'NONE',  ( 317.2553493667680300, -14.31535157653248014, 264.4069360666574653 ) ) ;
#301 = CARTESIAN_POINT ( 'NONE',  ( 300.0370945548289683, -5.197754948488007010, 237.3982535195826244 ) ) ;
#302 = DIRECTION ( 'NONE',  ( 1.000000000000000000, 0.000000000000000000, 0.000000000000000000 ) ) ;
#303 = EDGE_LOOP ( 'NONE', ( #3420, #4365, #5451, #403 ) ) ;
#304 = ORIENTED_EDGE ( 'NONE', *, *, #5833, .F. ) ;
#305 = CARTESIAN_POINT ( 'NONE',  ( 193.3333333323509748, -6.543366302362839448, 407.5854026889500688 ) ) ;
#306 = CARTESIAN_POINT ( 'NONE',  ( 286.0774017070395416, 6.293699246926890645, 228.5582362960134901 ) ) ;
#307 = CARTESIAN_POINT ( 'NONE',  ( 324.6462950489388959, 11.46553602229097812, 245.3500011922301098 ) ) ;
#308 = CARTESIAN_POINT ( 'NONE',  ( 300.0370945548290251, -10.19372269766446060, 111.8776466577838988 ) ) ;
#309 = CARTESIAN_POINT ( 'NONE',  ( 320.0370945548290251, -10.24079402796345128, 191.8034132219372339 ) ) ;
#310 = DIRECTION ( 'NONE',  ( 1.000000000000000000, 0.000000000000000000, 0.000000000000000000 ) ) ;
#311 = CARTESIAN_POINT ( 'NONE',  ( 285.9384902727588837, 0.5148361872462471345, 218.8455507101983244 ) ) ;
#312 = ORIENTED_EDGE ( 'NONE', *, *, #3336, .F. ) ;
#313 = CARTESIAN_POINT ( 'NONE',  ( 316.8132417074552336, -13.77969767195606288, 119.7851706427143483 ) ) ;
#314 = CARTESIAN_POINT ( 'NONE',  ( 299.2370945548290138, 8.303712137621197087, 110.5050442647847433 ) ) ;
#315 = VERTEX_POINT ( 'NONE', #5521 ) ;
#316 = CARTESIAN_POINT ( 'NONE',  ( 386.6666666647018928, -0.3885889226291279752, 225.5030240003190727 ) ) ;
#317 = CARTESIAN_POINT ( 'NONE',  ( 328.8407526904928204, -2.556019749329932811, 228.1613463014888907 ) ) ;
#318 = CARTESIAN_POINT ( 'NONE',  ( 315.0370945548290251, -14.19372269697787914, 109.4050437939080354 ) ) ;
#319 = CARTESIAN_POINT ( 'NONE',  ( 333.4148257809701477, 3.380986756709960073, 226.2964100770685718 ) ) ;
#320 = CARTESIAN_POINT ( 'NONE',  ( 579.9999999970528961, 11.66426790245968981, 302.8719718620156414 ) ) ;
#321 = VECTOR ( 'NONE', #1964, 1000.000000000000000 ) ;
#322 = CIRCLE ( 'NONE', #2475, 1.000000000000000888 ) ;
#323 = ADVANCED_FACE ( 'NONE', ( #3075 ), #6088, .F. ) ;
#324 = CARTESIAN_POINT ( 'NONE',  ( 319.6131028426771650, 0.6516224971286418421, 222.3619881169231292 ) ) ;
#325 = CARTESIAN_POINT ( 'NONE',  ( 579.9999999970527824, -4.352006386214562816, 404.0986377003519578 ) ) ;
#326 = CARTESIAN_POINT ( 'NONE',  ( 314.6194085506743932, 11.82683569825955772, 246.1488102310119359 ) ) ;
#327 = CARTESIAN_POINT ( 'NONE',  ( 324.8370945548290365, -1.422515743814806166, 220.8083646007180505 ) ) ;
#328 = CIRCLE ( 'NONE', #4021, 4.000000000000000000 ) ;
#329 = CARTESIAN_POINT ( 'NONE',  ( 286.0713770837122638, -0.9505869356598160014, 220.4343116458530858 ) ) ;
#330 = CARTESIAN_POINT ( 'NONE',  ( 193.3333333323509464, 16.09404880310246000, 262.3418053606099534 ) ) ;
#331 = CARTESIAN_POINT ( 'NONE',  ( 579.9999999970531235, 2.307336104060937920, 366.4516910496425908 ) ) ;
#332 = CARTESIAN_POINT ( 'NONE',  ( 324.8370945548291502, 5.115362174637988701, 224.7961224288836206 ) ) ;
#333 = CARTESIAN_POINT ( 'NONE',  ( 319.0370945548289683, -5.197309893215977361, 239.2918670257492124 ) ) ;
#334 = CARTESIAN_POINT ( 'NONE',  ( 302.8209069833075660, -14.31652428502753516, 264.4069360666575221 ) ) ;
#335 = CARTESIAN_POINT ( 'NONE',  ( 292.0663668507105513, -5.007817451032632761, 248.8709757864352810 ) ) ;
#336 = EDGE_LOOP ( 'NONE', ( #5565, #4538, #4354, #4627 ) ) ;
#337 = CARTESIAN_POINT ( 'NONE',  ( 0.000000000000000000, -4.219827966912870210, 206.0754173260052085 ) ) ;
#338 = CARTESIAN_POINT ( 'NONE',  ( 286.0763164823167131, 5.898495384286754017, 227.6519035996883247 ) ) ;
#339 = DIRECTION ( 'NONE',  ( 0.000000000000000000, 0.000000000000000000, 1.000000000000000000 ) ) ;
#340 = ORIENTED_EDGE ( 'NONE', *, *, #873, .F. ) ;
#341 = CARTESIAN_POINT ( 'NONE',  ( 300.9764033014801043, -13.13365800747945933, 117.4797469828224905 ) ) ;
#342 = CARTESIAN_POINT ( 'NONE',  ( 319.0370945548290251, -10.19372269697804434, 139.4050437939080496 ) ) ;
#343 = EDGE_CURVE ( 'NONE', #5998, #1750, #4812, .T. ) ;
#344 = CARTESIAN_POINT ( 'NONE',  ( 298.2370945548290138, -0.6962878623788025800, 104.0050425958546754 ) ) ;
#345 = CARTESIAN_POINT ( 'NONE',  ( 318.0510154166034908, -12.46496737412900835, 264.4069360666574653 ) ) ;
#346 = VERTEX_POINT ( 'NONE', #171 ) ;
#347 = CARTESIAN_POINT ( 'NONE',  ( 315.3012303116771591, -13.82245167504189709, 264.4069360666575221 ) ) ;
#348 = CARTESIAN_POINT ( 'NONE',  ( 296.2370945548290706, -4.193722696978042563, 105.0050425958546754 ) ) ;
#349 = EDGE_LOOP ( 'NONE', ( #5705, #2115, #106, #2390, #1264, #1623, #2838, #1807 ) ) ;
#350 = CARTESIAN_POINT ( 'NONE',  ( 386.6666666647022339, -5.483459774955862009, 251.0186217847534920 ) ) ;
#351 = CARTESIAN_POINT ( 'NONE',  ( 333.4360326621504669, -2.543106473272219947, 228.4472508964300062 ) ) ;
#352 = CARTESIAN_POINT ( 'NONE',  ( 291.5155863207068592, -1.135217740007055554, 221.1681923615809069 ) ) ;
#353 = CARTESIAN_POINT ( 'NONE',  ( 328.8214155700768515, 3.875154398767446384, 226.7992578343990999 ) ) ;
#354 = CARTESIAN_POINT ( 'NONE',  ( 386.6666666647018928, 9.514594926166108024, 242.4372132912697566 ) ) ;
#355 = EDGE_CURVE ( 'NONE', #5975, #4508, #5040, .T. ) ;
#356 = CARTESIAN_POINT ( 'NONE',  ( 324.2076215004730102, 0.5612232278171549460, 222.6034679717884046 ) ) ;
#357 = CARTESIAN_POINT ( 'NONE',  ( 193.3333333323509464, -6.422087301610666543, 423.0834801110592025 ) ) ;
#358 = CARTESIAN_POINT ( 'NONE',  ( 323.8186403706086480, 11.82620159882161559, 247.0040814842528789 ) ) ;
#359 = CARTESIAN_POINT ( 'NONE',  ( 325.7825816463454203, -1.092031008125716962, 221.7921321383088298 ) ) ;
#360 = CARTESIAN_POINT ( 'NONE',  ( 290.8325700868458057, -0.5983645177219324429, 220.3257857743948591 ) ) ;
#361 = STYLED_ITEM ( 'NONE', ( #1767 ), #2034 ) ;
#362 = CARTESIAN_POINT ( 'NONE',  ( 579.9999999970531235, 12.05585114077850406, 281.0960369820363098 ) ) ;
#363 = CARTESIAN_POINT ( 'NONE',  ( 0.000000000000000000, 9.913730116561376704, 364.5373084075129100 ) ) ;
#364 = CARTESIAN_POINT ( 'NONE',  ( 323.8647648698615740, -5.197202607621787429, 239.7816417107289340 ) ) ;
#365 = CARTESIAN_POINT ( 'NONE',  ( 313.2370945548290138, -0.6962878623788023580, 104.0050425958546754 ) ) ;
#366 = CARTESIAN_POINT ( 'NONE',  ( 579.9999999970528961, -2.452747206727057261E-11, 238.5133111311282619 ) ) ;
#367 = CARTESIAN_POINT ( 'NONE',  ( 0.000000000000000000, 17.29567669399768093, 313.2912272862357668 ) ) ;
#368 = CARTESIAN_POINT ( 'NONE',  ( 295.2370945548290706, 3.339595327525366031, 220.3490389801490323 ) ) ;
#369 = CARTESIAN_POINT ( 'NONE',  ( 288.6387730597244285, 7.605934040724718237, 232.0764207307216225 ) ) ;
#370 = VERTEX_POINT ( 'NONE', #4571 ) ;
#371 = CARTESIAN_POINT ( 'NONE',  ( 579.9999999970531235, -2.676006289986922582, 242.6746744830808211 ) ) ;
#372 = CARTESIAN_POINT ( 'NONE',  ( 286.0736413145571078, 5.047052761103633323, 225.8795039161357749 ) ) ;
#373 = CARTESIAN_POINT ( 'NONE',  ( 325.8176731862958491, -3.230569250580412444, 226.5234451799513806 ) ) ;
#374 = ORIENTED_EDGE ( 'NONE', *, *, #3954, .F. ) ;
#375 = CARTESIAN_POINT ( 'NONE',  ( 300.0370945548289683, -14.98933450409879420, 254.7461751129543757 ) ) ;
#376 = CARTESIAN_POINT ( 'NONE',  ( 296.1342268220306551, -5.189701578429314566, 236.9258995427419165 ) ) ;
#377 = DIRECTION ( 'NONE',  ( -1.000000000000000000, 0.000000000000000000, 0.000000000000000000 ) ) ;
#378 = LINE ( 'NONE', #5734, #6269 ) ;
#379 = ORIENTED_EDGE ( 'NONE', *, *, #2523, .F. ) ;
#380 = LINE ( 'NONE', #2397, #4484 ) ;
#381 = CARTESIAN_POINT ( 'NONE',  ( 296.2370945548290706, 10.80627730302193790, 105.0050425958546754 ) ) ;
#382 = CARTESIAN_POINT ( 'NONE',  ( 320.8491768785103773, 3.443088007130912676, 258.9429071604394608 ) ) ;
#383 = ORIENTED_EDGE ( 'NONE', *, *, #6248, .F. ) ;
#384 = DIRECTION ( 'NONE',  ( 2.914777728209241587E-15, 0.2800424936667629816, -0.9599876049933671052 ) ) ;
#385 = CARTESIAN_POINT ( 'NONE',  ( 324.2554285942686079, -4.833391354477314827, 249.7165715102034369 ) ) ;
#386 = CARTESIAN_POINT ( 'NONE',  ( 300.0370945548287409, -5.375160996725126594, 262.9219554743616527 ) ) ;
#387 = CARTESIAN_POINT ( 'NONE',  ( 333.4227249641685944, 5.583163912327363754, 230.3786483227017072 ) ) ;
#388 = CARTESIAN_POINT ( 'NONE',  ( 193.3333333323509464, 11.04918357943839347, 232.1668332515077964 ) ) ;
#389 = CARTESIAN_POINT ( 'NONE',  ( 328.7909682471798760, 0.01195606686974250502, 222.6269015941072098 ) ) ;
#390 = CARTESIAN_POINT ( 'NONE',  ( 579.9999999970531235, 1.086029542440168250, 373.4542763322207293 ) ) ;
#391 = DIRECTION ( 'NONE',  ( 0.000000000000000000, 1.000000000000000000, -2.102695133789802685E-15 ) ) ;
#392 = CARTESIAN_POINT ( 'NONE',  ( 325.7890233537505651, -1.330516609993011024, 222.0077754712714011 ) ) ;
#393 = EDGE_CURVE ( 'NONE', #184, #273, #197, .T. ) ;
#394 = CARTESIAN_POINT ( 'NONE',  ( 386.6666666647019497, 0.5029398384553279699, 225.5266254785185254 ) ) ;
#395 = CARTESIAN_POINT ( 'NONE',  ( 386.6666666647020634, 2.751046507723803547, 378.0547777424289393 ) ) ;
#396 = AXIS2_PLACEMENT_3D ( 'NONE', #5704, #2262, #3357 ) ;
#397 = DIRECTION ( 'NONE',  ( 0.1999674932621497980, 0.000000000000000000, -0.9798025319616459061 ) ) ;
#398 = FACE_OUTER_BOUND ( 'NONE', #1376, .T. ) ;
#399 = CARTESIAN_POINT ( 'NONE',  ( 386.6666666647020634, 3.173329659270263559, 227.8570020030838919 ) ) ;
#400 = CARTESIAN_POINT ( 'NONE',  ( 579.9999999970532372, -1.969755189242207161, 390.8208460070080719 ) ) ;
#401 = CARTESIAN_POINT ( 'NONE',  ( 295.2370945548292980, 1.110878300753648018, 219.8086984590130157 ) ) ;
#402 = CARTESIAN_POINT ( 'NONE',  ( 286.1352062278970720, -0.2764306637000024103, 219.8094213262523056 ) ) ;
#403 = ORIENTED_EDGE ( 'NONE', *, *, #561, .F. ) ;
#404 = CARTESIAN_POINT ( 'NONE',  ( 320.0370945548291388, -9.925243224946985521, 259.1994567662729878 ) ) ;
#405 = CARTESIAN_POINT ( 'NONE',  ( 286.0802034458509979, 7.382313110915388776, 231.3297273998688297 ) ) ;
#406 = CARTESIAN_POINT ( 'NONE',  ( 305.0370945548289683, -15.19372269697804256, 149.8224474446573424 ) ) ;
#407 = ORIENTED_EDGE ( 'NONE', *, *, #1067, .T. ) ;
#408 = CARTESIAN_POINT ( 'NONE',  ( 315.0370945545382142, -14.24079401667350453, 191.7997482284816044 ) ) ;
#409 = CARTESIAN_POINT ( 'NONE',  ( 295.1324463298309979, -4.392929277152074263, 230.0760238595360647 ) ) ;
#410 = CARTESIAN_POINT ( 'NONE',  ( 301.0370945548290251, -10.19372269697804434, 139.4050437939080496 ) ) ;
#411 = EDGE_CURVE ( 'NONE', #5608, #5357, #1084, .T. ) ;
#412 = CARTESIAN_POINT ( 'NONE',  ( 301.0629930584361205, -10.34704999656692159, 264.4069360666574653 ) ) ;
#413 = ORIENTED_EDGE ( 'NONE', *, *, #5549, .F. ) ;
#414 = DIRECTION ( 'NONE',  ( 0.000000000000000000, -0.000000000000000000, -1.000000000000000000 ) ) ;
#415 = CARTESIAN_POINT ( 'NONE',  ( 305.0370945548289683, -14.19372269697795375, 121.6513886218941138 ) ) ;
#416 = CARTESIAN_POINT ( 'NONE',  ( 324.8370945548289797, -3.189535047310545046, 223.3112807965657112 ) ) ;
#417 = ORIENTED_EDGE ( 'NONE', *, *, #3849, .T. ) ;
#418 = CARTESIAN_POINT ( 'NONE',  ( 305.0370945548289683, -14.19372269697788091, 109.4050437939080354 ) ) ;
#419 = EDGE_CURVE ( 'NONE', #2974, #315, #5326, .T. ) ;
#420 = DIRECTION ( 'NONE',  ( 0.000000000000000000, -0.000000000000000000, -1.000000000000000000 ) ) ;
#421 = EDGE_LOOP ( 'NONE', ( #5324, #383, #3814, #4679 ) ) ;
#422 = CARTESIAN_POINT ( 'NONE',  ( 319.6262047789788880, 2.908339840521428687, 224.6451332096766293 ) ) ;
#423 = CARTESIAN_POINT ( 'NONE',  ( 579.9999999970531235, 2.307336104060937920, 366.4516910496425908 ) ) ;
#424 = ORIENTED_EDGE ( 'NONE', *, *, #138, .F. ) ;
#425 = CARTESIAN_POINT ( 'NONE',  ( 328.8006271378689576, 0.3998358954128758969, 222.8039280245689042 ) ) ;
#426 = CARTESIAN_POINT ( 'NONE',  ( 193.3333333323509180, -6.011416850334453166, 437.9956807640800776 ) ) ;
#427 = CARTESIAN_POINT ( 'NONE',  ( 0.000000000000000000, -3.869566342698527173E-11, 199.5133111311278071 ) ) ;
#428 = CARTESIAN_POINT ( 'NONE',  ( 325.7849023732007367, 1.525538882266828766, 222.1939493773064669 ) ) ;
#429 = CARTESIAN_POINT ( 'NONE',  ( 193.3333333323509464, 5.584419357608983780, 218.1071289435755602 ) ) ;
#430 = CARTESIAN_POINT ( 'NONE',  ( 386.6666666647022339, -0.05509682441517349538, 394.0997390200583936 ) ) ;
#431 = CARTESIAN_POINT ( 'NONE',  ( 333.4834146076560160, -0.5868279438740116039, 222.0416188758046871 ) ) ;
#432 = CARTESIAN_POINT ( 'NONE',  ( 300.1984961312086284, -11.12438366104312060, 264.4069360666574653 ) ) ;
#433 = CARTESIAN_POINT ( 'NONE',  ( 579.9999999970532372, -3.437469927314833029, 398.5678462214043520 ) ) ;
#434 = CARTESIAN_POINT ( 'NONE',  ( 295.2370945549290013, 6.592640279391300595, 227.4111932212505565 ) ) ;
#435 = CARTESIAN_POINT ( 'NONE',  ( 291.2742156745449620, -4.831112776566912181, 244.9895862893634728 ) ) ;
#436 = VERTEX_POINT ( 'NONE', #4216 ) ;
#437 = CARTESIAN_POINT ( 'NONE',  ( 193.3333333323509748, -2.609256555373887121, 215.2307251790193448 ) ) ;
#438 = CARTESIAN_POINT ( 'NONE',  ( 286.0749788984369388, 5.472774072695193226, 226.7657037579120640 ) ) ;
#439 = VECTOR ( 'NONE', #4839, 1000.000000000000000 ) ;
#440 = CARTESIAN_POINT ( 'NONE',  ( 305.0370945548289683, -15.11062001583672121, 243.5767100870114348 ) ) ;
#441 = EDGE_LOOP ( 'NONE', ( #4646, #5160 ) ) ;
#442 = CARTESIAN_POINT ( 'NONE',  ( 298.7915629121695815, -5.193722696978043452, 237.1853237587308456 ) ) ;
#443 = CARTESIAN_POINT ( 'NONE',  ( 295.0556362021933410, -3.840275793588625142, 226.8290718284051763 ) ) ;
#444 = CARTESIAN_POINT ( 'NONE',  ( 319.7275473307013272, -11.94030310243625337, 114.5618672345036515 ) ) ;
#445 = EDGE_CURVE ( 'NONE', #370, #4478, #2038, .T. ) ;
#446 = CARTESIAN_POINT ( 'NONE',  ( 303.7483576060610062, -13.61817642028107933, 264.4069360666574653 ) ) ;
#447 = EDGE_LOOP ( 'NONE', ( #1342, #3348 ) ) ;
#448 = DIRECTION ( 'NONE',  ( 0.000000000000000000, -1.000000000000000000, 0.000000000000000000 ) ) ;
#449 = AXIS2_PLACEMENT_3D ( 'NONE', #2661, #4615, #4563 ) ;
#450 = EDGE_CURVE ( 'NONE', #1407, #1879, #789, .T. ) ;
#451 = DIRECTION ( 'NONE',  ( 0.000000000000000000, 0.000000000000000000, 1.000000000000000000 ) ) ;
#452 = DIRECTION ( 'NONE',  ( 0.000000000000000000, -1.000000000000000000, -5.551115123125781913E-15 ) ) ;
#453 = ORIENTED_EDGE ( 'NONE', *, *, #1003, .F. ) ;
#454 = CARTESIAN_POINT ( 'NONE',  ( 300.0370945548290251, -10.19372269697804612, 149.8222185597548730 ) ) ;
#455 = CARTESIAN_POINT ( 'NONE',  ( 295.2370945548290706, -3.214186923314711120, 224.2597896746962647 ) ) ;
#456 = CARTESIAN_POINT ( 'NONE',  ( 299.2370945548290138, -1.696287862378802691, 110.5050442647847575 ) ) ;
#457 = CARTESIAN_POINT ( 'NONE',  ( 324.2242658376549684, 3.411963399702698130, 225.7064426152608121 ) ) ;
#458 = CARTESIAN_POINT ( 'NONE',  ( 193.3333333323510885, 6.835746929844915165, 368.5446127025542182 ) ) ;
#459 = VERTEX_POINT ( 'NONE', #3731 ) ;
#460 = EDGE_CURVE ( 'NONE', #5487, #3456, #6218, .T. ) ;
#461 = CARTESIAN_POINT ( 'NONE',  ( 328.7912812424201547, -0.1097465273544241393, 222.6294506161376319 ) ) ;
#462 = CARTESIAN_POINT ( 'NONE',  ( 386.6666666647018928, -5.975492132353124930, 266.5706856483420211 ) ) ;
#463 = CARTESIAN_POINT ( 'NONE',  ( 317.8370945548289797, 9.903712101858411998, 0.000000000000000000 ) ) ;
#464 = CARTESIAN_POINT ( 'NONE',  ( 324.8370945548721807, 2.101802189033718626, 222.6290915529195331 ) ) ;
#465 = CIRCLE ( 'NONE', #1272, 1.000000000000003109 ) ;
#466 = CARTESIAN_POINT ( 'NONE',  ( 386.6666666647018928, 7.495775076190865249, 350.2880176456091590 ) ) ;
#467 = CARTESIAN_POINT ( 'NONE',  ( 333.4263257328202599, -1.113077588978747423, 222.3213434610279080 ) ) ;
#468 = CARTESIAN_POINT ( 'NONE',  ( 305.0370945548290251, -10.19372269697804434, 139.4050437939080496 ) ) ;
#469 = CARTESIAN_POINT ( 'NONE',  ( 0.000000000000000000, 12.00859590623730000, 351.6479129724376662 ) ) ;
#470 = CARTESIAN_POINT ( 'NONE',  ( 295.2370945548289001, 5.537857326582572348, 223.2553661752120888 ) ) ;
#471 = DIRECTION ( 'NONE',  ( 0.000000000000000000, -1.000000000000000000, -0.000000000000000000 ) ) ;
#472 = EDGE_LOOP ( 'NONE', ( #660, #5929, #608, #3366 ) ) ;
#473 = CARTESIAN_POINT ( 'NONE',  ( 193.3333333323509748, -0.4512635983332914380, 212.5013648110064537 ) ) ;
#474 = CARTESIAN_POINT ( 'NONE',  ( 286.0656660317964679, 3.045145239733353826, 222.5198762995744630 ) ) ;
#475 = ORIENTED_EDGE ( 'NONE', *, *, #4973, .T. ) ;
#476 = CARTESIAN_POINT ( 'NONE',  ( 325.0096696160383090, -4.050769084858496072, 230.3246143218610200 ) ) ;
#477 = ORIENTED_EDGE ( 'NONE', *, *, #2911, .T. ) ;
#478 = CARTESIAN_POINT ( 'NONE',  ( 300.0370945548290251, -10.22837990333757752, 223.2424148270866624 ) ) ;
#479 = CARTESIAN_POINT ( 'NONE',  ( 295.9511441752533756, -5.153288529300438015, 236.0121271758047499 ) ) ;
#480 = CARTESIAN_POINT ( 'NONE',  ( 305.0370945548289683, -14.19372269697795375, 121.6513886218941138 ) ) ;
#481 = CARTESIAN_POINT ( 'NONE',  ( 300.0370945548290251, -6.403714034285492573, 264.4069360666574653 ) ) ;
#482 = ORIENTED_EDGE ( 'NONE', *, *, #2608, .F. ) ;
#483 = CARTESIAN_POINT ( 'NONE',  ( 290.8782738054666765, -5.462142697582444306, 264.8377669678376947 ) ) ;
#484 = VECTOR ( 'NONE', #54, 1000.000000000000114 ) ;
#485 = CARTESIAN_POINT ( 'NONE',  ( 319.7340254802987829, -4.196647499877959930, 264.4069360666574653 ) ) ;
#486 = CARTESIAN_POINT ( 'NONE',  ( 332.4409386361040220, -2.237803606823721925, 227.1495520692105572 ) ) ;
#487 = DIRECTION ( 'NONE',  ( 0.000000000000000000, -5.551115123125782702E-15, 1.000000000000000000 ) ) ;
#488 = CARTESIAN_POINT ( 'NONE',  ( 285.9397460006306915, -0.6171167660013602285, 218.8517035369817165 ) ) ;
#489 = DIRECTION ( 'NONE',  ( 0.000000000000000000, -1.000000000000000000, -1.576542137387263775E-16 ) ) ;
#490 = CARTESIAN_POINT ( 'NONE',  ( 0.000000000000000000, 5.680038312985622895, 389.5123884482915173 ) ) ;
#491 = CARTESIAN_POINT ( 'NONE',  ( 290.8492196455821386, -0.9439022165840561529, 220.7512437261140121 ) ) ;
#492 = VERTEX_POINT ( 'NONE', #1721 ) ;
#493 = CARTESIAN_POINT ( 'NONE',  ( 333.3865612140777444, -0.1086410763211876351, 222.9383643904328096 ) ) ;
#494 = CARTESIAN_POINT ( 'NONE',  ( 579.9999999970532372, -4.599044283111842546, 259.9049248138404096 ) ) ;
#495 = CARTESIAN_POINT ( 'NONE',  ( 328.0650863757059028, -1.080218924392476465, 223.5863285464863282 ) ) ;
#496 = LINE ( 'NONE', #5922, #3013 ) ;
#497 = CARTESIAN_POINT ( 'NONE',  ( 0.000000000000000000, -6.590772124736852255, 458.2508859490670829 ) ) ;
#498 = CARTESIAN_POINT ( 'NONE',  ( 305.0370945552654121, -13.91323220640473401, 259.9837751405459585 ) ) ;
#499 = CARTESIAN_POINT ( 'NONE',  ( 193.3333333323509464, 5.584419357608983780, 218.1071289435755602 ) ) ;
#500 = CARTESIAN_POINT ( 'NONE',  ( 386.6666666647020634, 14.40794366876468935, 293.2433517987929577 ) ) ;
#501 = CARTESIAN_POINT ( 'NONE',  ( 295.1396030713233358, 10.01527912940141363, 236.9740540653678522 ) ) ;
#502 = ORIENTED_EDGE ( 'NONE', *, *, #919, .F. ) ;
#503 = CARTESIAN_POINT ( 'NONE',  ( 295.6158641778412175, 2.134619363639798539, 222.0913654310747063 ) ) ;
#504 = VERTEX_POINT ( 'NONE', #2675 ) ;
#505 = DIRECTION ( 'NONE',  ( 0.000000000000000000, 0.000000000000000000, 1.000000000000000000 ) ) ;
#506 = CARTESIAN_POINT ( 'NONE',  ( 315.0370945548290251, -15.19372269697804434, 139.4050437939080211 ) ) ;
#507 = CARTESIAN_POINT ( 'NONE',  ( 295.0679269849563298, -4.133242745601324764, 228.4447359957530352 ) ) ;
#508 = EDGE_CURVE ( 'NONE', #184, #5608, #2331, .T. ) ;
#509 = CARTESIAN_POINT ( 'NONE',  ( 295.2370945548290706, -3.078958561522316284, 220.8158558207425415 ) ) ;
#510 = CARTESIAN_POINT ( 'NONE',  ( 297.0616626178995716, 14.04308800713091010, 248.3429071604394096 ) ) ;
#511 = ORIENTED_EDGE ( 'NONE', *, *, #4470, .T. ) ;
#512 = CARTESIAN_POINT ( 'NONE',  ( 290.8759645778370668, -4.539713662531509542, 240.7698144967847895 ) ) ;
#513 = CARTESIAN_POINT ( 'NONE',  ( 301.8257984083547285, -12.61667340156250816, 116.0501168032615169 ) ) ;
#514 = CARTESIAN_POINT ( 'NONE',  ( 333.2556930795919357, 0.4834744595213373297, 223.1574108784922146 ) ) ;
#515 = DIRECTION ( 'NONE',  ( 0.000000000000000000, 0.000000000000000000, -1.000000000000000000 ) ) ;
#516 = CARTESIAN_POINT ( 'NONE',  ( 287.8445167582547128, -4.189288042154838188, 228.1847165216466919 ) ) ;
#517 = DIRECTION ( 'NONE',  ( -0.000000000000000000, -5.551115123125782702E-15, 1.000000000000000000 ) ) ;
#518 = CARTESIAN_POINT ( 'NONE',  ( 193.3333333323509180, -6.025824523911690989, 441.7841423508043022 ) ) ;
#520 = CARTESIAN_POINT ( 'NONE',  ( 295.6385850383667844, -1.902506595112702037, 223.4732930609453661 ) ) ;
#519 =( BOUNDED_SURFACE ( )  B_SPLINE_SURFACE ( 3, 2, ( 
 ( #2827, #1402, #4708 ),
 ( #4238, #3343, #5288 ),
 ( #3025, #2576, #1593 ),
 ( #36, #68, #4408 ) ),
 .UNSPECIFIED., .F., .F., .F. ) 
 B_SPLINE_SURFACE_WITH_KNOTS ( ( 4, 4 ),
 ( 3, 3 ),
 ( 0.000000000000000000, 0.02771713018642719614 ),
 ( 0.000000000000000000, 1.000000000000000000 ),
 .UNSPECIFIED. ) 
 GEOMETRIC_REPRESENTATION_ITEM ( )  RATIONAL_B_SPLINE_SURFACE ( (
 ( 1.000000000000000000, 0.9945294742363162133, 1.000000000000000000),
 ( 1.000000000000000000, 0.9946880405489412214, 1.000000000000000000),
 ( 1.000000000000000000, 0.9948471365944107081, 1.000000000000000000),
 ( 1.000000000000000000, 0.9950064583208189095, 1.000000000000000000) ) ) 
 REPRESENTATION_ITEM ( '' )  SURFACE ( )  );
#521 = ORIENTED_EDGE ( 'NONE', *, *, #3477, .F. ) ;
#522 = CARTESIAN_POINT ( 'NONE',  ( 319.5996814503804444, -0.04126491089208486618, 222.0055429002233893 ) ) ;
#523 = CARTESIAN_POINT ( 'NONE',  ( 386.6666666647018360, -5.887203071725788384, 347.4091257492923432 ) ) ;
#524 = CARTESIAN_POINT ( 'NONE',  ( 328.2689065805669202, -0.05474668144295196520, 222.5876484633893142 ) ) ;
#525 = CARTESIAN_POINT ( 'NONE',  ( 325.8128517582735526, -2.583555934122493181, 224.5284364290624524 ) ) ;
#526 = EDGE_CURVE ( 'NONE', #3252, #1848, #5099, .T. ) ;
#527 = CARTESIAN_POINT ( 'NONE',  ( 386.6666666647020634, -5.825792322916422350, 357.6445870762517529 ) ) ;
#528 = EDGE_CURVE ( 'NONE', #6150, #1884, #6151, .T. ) ;
#529 = CARTESIAN_POINT ( 'NONE',  ( 305.0370945548289114, -14.20378027070782601, 160.2393858759823786 ) ) ;
#530 = CARTESIAN_POINT ( 'NONE',  ( 320.0370945548290251, -4.196647499877961707, 264.4069360666574653 ) ) ;
#531 = CARTESIAN_POINT ( 'NONE',  ( 193.3333333323511170, -5.787028705682168983, 439.6978874405062356 ) ) ;
#532 = CARTESIAN_POINT ( 'NONE',  ( 296.0312201106701764, 11.82092283613740236, 244.4167807191178099 ) ) ;
#533 = ORIENTED_EDGE ( 'NONE', *, *, #5046, .T. ) ;
#534 = CARTESIAN_POINT ( 'NONE',  ( 324.8370945548290365, -4.193722696978042563, 0.000000000000000000 ) ) ;
#535 = CARTESIAN_POINT ( 'NONE',  ( 290.8258546920682761, 0.3474122774245764211, 220.2088620362628149 ) ) ;
#536 = VERTEX_POINT ( 'NONE', #254 ) ;
#537 = CARTESIAN_POINT ( 'NONE',  ( 323.8898798176570608, -5.193884015816419897, 239.7443187392140942 ) ) ;
#538 = DIRECTION ( 'NONE',  ( -1.000000000000000000, 1.734723475976805517E-15, 0.000000000000000000 ) ) ;
#539 = CARTESIAN_POINT ( 'NONE',  ( 294.2169388987332468, -3.233930109502308525, 224.2540302971124504 ) ) ;
#540 = CARTESIAN_POINT ( 'NONE',  ( 295.2370945548290706, 10.80627730302191836, 236.0418494052043457 ) ) ;
#541 = FACE_OUTER_BOUND ( 'NONE', #1332, .T. ) ;
#542 = ORIENTED_EDGE ( 'NONE', *, *, #2442, .F. ) ;
#543 = VECTOR ( 'NONE', #6117, 1000.000000000000000 ) ;
#544 = CARTESIAN_POINT ( 'NONE',  ( 320.0100267608269746, -5.193722696978047004, 239.3479556543850322 ) ) ;
#545 = FACE_OUTER_BOUND ( 'NONE', #1653, .T. ) ;
#546 = CARTESIAN_POINT ( 'NONE',  ( 332.2605452042215006, -2.470994357650358797, 228.0334454381992373 ) ) ;
#547 = EDGE_CURVE ( 'NONE', #6287, #227, #5848, .T. ) ;
#548 = CARTESIAN_POINT ( 'NONE',  ( 315.0370945549744874, -15.10506128300335327, 244.2436695660034900 ) ) ;
#549 = B_SPLINE_CURVE_WITH_KNOTS ( 'NONE', 3,
 ( #2591, #729, #1634, #3644, #701, #2140, #2704, #6062 ),
 .UNSPECIFIED., .F., .F.,
 ( 4, 1, 1, 1, 1, 4 ),
 ( 0.000000000000000000, 0.0009079412399365512044, 0.009683273266033201598, 0.01762973516603542554, 0.02466601182933076883, 0.02693267311017190010 ),
 .UNSPECIFIED. ) ;
#550 = CARTESIAN_POINT ( 'NONE',  ( 286.9599370224192967, -3.273608270178800517, 223.8504447319939743 ) ) ;
#551 = CARTESIAN_POINT ( 'NONE',  ( 291.2982537870449846, 0.004124884991355632670, 220.1033044476212410 ) ) ;
#552 = CARTESIAN_POINT ( 'NONE',  ( 386.6666666647018360, -1.274544155731860640, 401.0421190094137955 ) ) ;
#553 = CARTESIAN_POINT ( 'NONE',  ( 295.6421194293257599, -2.332383147057222939, 224.8418260706995397 ) ) ;
#554 = ORIENTED_EDGE ( 'NONE', *, *, #4891, .T. ) ;
#555 = CARTESIAN_POINT ( 'NONE',  ( 324.2124772710083107, -0.5972223080238979742, 222.5856254815853958 ) ) ;
#556 = CARTESIAN_POINT ( 'NONE',  ( 579.9999999970527824, -4.937668687604563011, 340.7488106811252351 ) ) ;
#557 = CARTESIAN_POINT ( 'NONE',  ( 327.2746909156717834, 4.323991105185958084, 227.4591153697802497 ) ) ;
#558 = DIRECTION ( 'NONE',  ( 0.000000000000000000, 0.000000000000000000, -1.000000000000000000 ) ) ;
#559 = APPLICATION_CONTEXT ( 'automotive_design' ) ;
#560 = CARTESIAN_POINT ( 'NONE',  ( 579.9999999970531235, -4.839072846083484869, 357.5893618452735723 ) ) ;
#561 = EDGE_CURVE ( 'NONE', #536, #899, #5073, .T. ) ;
#562 = CARTESIAN_POINT ( 'NONE',  ( 305.0370945545381574, -14.24079400432165521, 191.7997369702047479 ) ) ;
#563 = PLANE ( 'NONE',  #3187 ) ;
#564 = CARTESIAN_POINT ( 'NONE',  ( 579.9999999970526687, -3.946952243843884212, 401.3968860776002430 ) ) ;
#565 = CARTESIAN_POINT ( 'NONE',  ( 295.2370945548290706, 9.824381967129024673, 236.3278095270817687 ) ) ;
#566 = DIRECTION ( 'NONE',  ( 0.000000000000000000, 0.000000000000000000, -1.000000000000000000 ) ) ;
#567 = CARTESIAN_POINT ( 'NONE',  ( 300.3917850185875977, 1.817056764213698994, 222.0804862039653926 ) ) ;
#568 = EDGE_LOOP ( 'NONE', ( #1889, #6221, #3096, #2695 ) ) ;
#569 = CARTESIAN_POINT ( 'NONE',  ( 324.1302053748787557, -5.151120053246174280, 238.7596712920099264 ) ) ;
#570 = CARTESIAN_POINT ( 'NONE',  ( 305.0370945546835628, -15.14428005535091870, 238.9951196201312484 ) ) ;
#571 = CARTESIAN_POINT ( 'NONE',  ( 296.1573515919810120, -5.197849918188592433, 237.0178845963471588 ) ) ;
#572 = B_SPLINE_CURVE_WITH_KNOTS ( 'NONE', 3,
 ( #2598, #4075, #3653, #2715 ),
 .UNSPECIFIED., .F., .F.,
 ( 4, 4 ),
 ( 0.000000000000000000, 0.2543446432955719372 ),
 .UNSPECIFIED. ) ;
#573 = CARTESIAN_POINT ( 'NONE',  ( 295.2370945548286727, -2.687849632628318552, 219.9930337005643537 ) ) ;
#574 = CARTESIAN_POINT ( 'NONE',  ( 299.2250122311477867, 14.04308800713091010, 258.9429071604394608 ) ) ;
#575 = EDGE_LOOP ( 'NONE', ( #2724, #5639, #5765, #70 ) ) ;
#576 = CARTESIAN_POINT ( 'NONE',  ( 286.1002898191279087, -5.415727270479020028, 260.6518916257612659 ) ) ;
#577 = CARTESIAN_POINT ( 'NONE',  ( 323.8370945548290365, 11.80627730302191658, 246.8063163277640228 ) ) ;
#578 = PRESENTATION_LAYER_ASSIGNMENT (  '', '', ( #361 ) ) ;
#579 = DIRECTION ( 'NONE',  ( -1.000000000000000000, 0.000000000000000000, 0.000000000000000000 ) ) ;
#580 = CARTESIAN_POINT ( 'NONE',  ( 320.0370945549745443, -15.14427979591726370, 238.9951580341976580 ) ) ;
#581 = CIRCLE ( 'NONE', #1397, 3.000000000000002665 ) ;
#582 = CARTESIAN_POINT ( 'NONE',  ( 295.2370945548290706, -0.1145523220448846219, 218.2920733653208742 ) ) ;
#583 = CARTESIAN_POINT ( 'NONE',  ( 319.0370945548290251, -5.193722696977875586, 109.4050437939080922 ) ) ;
#584 = ADVANCED_FACE ( 'NONE', ( #930, #3355 ), #3283, .T. ) ;
#585 = CARTESIAN_POINT ( 'NONE',  ( 0.000000000000000000, -7.509225448604162523, 411.1396134388328392 ) ) ;
#586 = CARTESIAN_POINT ( 'NONE',  ( 295.6472074974894895, -2.894046887973929838, 227.1930308988633271 ) ) ;
#587 = ORIENTED_EDGE ( 'NONE', *, *, #4609, .T. ) ;
#588 = CARTESIAN_POINT ( 'NONE',  ( 333.4079551771129104, -0.6820386489716869782, 223.2974962979853899 ) ) ;
#589 = CARTESIAN_POINT ( 'NONE',  ( 579.9999999970528961, -4.260065142064195953, 254.4223368971198056 ) ) ;
#590 = CARTESIAN_POINT ( 'NONE',  ( 328.0778385865601194, 1.355207934339905496, 223.5238451484140114 ) ) ;
#591 = CARTESIAN_POINT ( 'NONE',  ( 325.8103528119784755, -2.092131544706538726, 223.2614445523377924 ) ) ;
#592 = CARTESIAN_POINT ( 'NONE',  ( 386.6666666647018360, -5.887203071725788384, 347.4091257492923432 ) ) ;
#593 = CARTESIAN_POINT ( 'NONE',  ( 301.0370945548290251, -10.24085873962729387, 212.7627575255445151 ) ) ;
#594 = EDGE_CURVE ( 'NONE', #4322, #4748, #4318, .T. ) ;
#595 = CARTESIAN_POINT ( 'NONE',  ( 295.2370945548290706, -5.193722696978042563, 105.0050425958546754 ) ) ;
#596 = CARTESIAN_POINT ( 'NONE',  ( 193.3333333323509180, -6.836737455847012868, 354.0694408174593946 ) ) ;
#597 = CARTESIAN_POINT ( 'NONE',  ( 295.0469215024897380, 10.58665338192164285, 239.0680965766540567 ) ) ;
#598 = EDGE_CURVE ( 'NONE', #5775, #3933, #893, .T. ) ;
#599 = DIRECTION ( 'NONE',  ( -1.000000000000000000, 0.000000000000000000, 0.000000000000000000 ) ) ;
#600 = AXIS2_PLACEMENT_3D ( 'NONE', #835, #2303, #3781 ) ;
#601 = CARTESIAN_POINT ( 'NONE',  ( 286.0388221415502699, -0.03144451449768635720, 219.7483657200821767 ) ) ;
#602 = ORIENTED_EDGE ( 'NONE', *, *, #5977, .T. ) ;
#603 = DIRECTION ( 'NONE',  ( 0.000000000000000000, 1.000000000000000000, 6.938893903907223644E-15 ) ) ;
#604 = DIRECTION ( 'NONE',  ( -0.000000000000000000, -5.551115123125782702E-15, 1.000000000000000000 ) ) ;
#605 = CARTESIAN_POINT ( 'NONE',  ( 295.2705008459781197, -4.959521297834547759, 234.5154694312093682 ) ) ;
#606 = SURFACE_STYLE_USAGE ( .BOTH. , #3033 ) ;
#607 = CARTESIAN_POINT ( 'NONE',  ( 294.7041723801297621, 11.14668177737048538, 241.2954116650786318 ) ) ;
#608 = ORIENTED_EDGE ( 'NONE', *, *, #1722, .T. ) ;
#609 = CARTESIAN_POINT ( 'NONE',  ( 321.2843309895313837, -5.193722696933054550, 239.4771165058505744 ) ) ;
#610 = CARTESIAN_POINT ( 'NONE',  ( 325.8142323851074025, 9.379007367087648817, 237.2084304708091338 ) ) ;
#611 = AXIS2_PLACEMENT_3D ( 'NONE', #4452, #3459, #3429 ) ;
#612 = CARTESIAN_POINT ( 'NONE',  ( 333.0115837219776722, 1.871675673528427897, 224.3535001166178802 ) ) ;
#613 = DIRECTION ( 'NONE',  ( 0.000000000000000000, 0.000000000000000000, -1.000000000000000000 ) ) ;
#614 = EDGE_CURVE ( 'NONE', #2401, #5998, #2877, .T. ) ;
#615 = AXIS2_PLACEMENT_3D ( 'NONE', #5232, #895, #4321 ) ;
#616 = CARTESIAN_POINT ( 'NONE',  ( 294.1707601977728359, 0.1828969624633986213, 219.3084948660126088 ) ) ;
#617 = DIRECTION ( 'NONE',  ( -0.000000000000000000, -5.551115123125782702E-15, 1.000000000000000000 ) ) ;
#618 = CARTESIAN_POINT ( 'NONE',  ( 193.3333333323510317, -6.700220827177433947, 377.3870091286089519 ) ) ;
#619 = CARTESIAN_POINT ( 'NONE',  ( 286.0851582952785179, -2.226897213423167265, 223.7747992401044428 ) ) ;
#620 = ORIENTED_EDGE ( 'NONE', *, *, #6227, .T. ) ;
#621 = CARTESIAN_POINT ( 'NONE',  ( 333.4302774881935534, -1.938784360428572828, 226.2468008217907425 ) ) ;
#622 = CARTESIAN_POINT ( 'NONE',  ( 579.9999999970531235, -3.830333945579374788, 249.6992205581955488 ) ) ;
#623 = CARTESIAN_POINT ( 'NONE',  ( 328.1386843186782585, 1.010943874662192599, 223.2257126799025855 ) ) ;
#624 = CARTESIAN_POINT ( 'NONE',  ( 324.0026990861433660, -5.180059156751250171, 239.4034265830885317 ) ) ;
#625 = CARTESIAN_POINT ( 'NONE',  ( 579.9999999970528961, -4.797582901793369992, 365.4155641104702568 ) ) ;
#626 = CARTESIAN_POINT ( 'NONE',  ( 301.0370945549744306, -14.10509581674567592, 244.2350194178643790 ) ) ;
#627 = CARTESIAN_POINT ( 'NONE',  ( 193.3333333323510317, 10.54414989762780763, 346.0951269367138252 ) ) ;
#628 = CARTESIAN_POINT ( 'NONE',  ( 386.6666666647020634, -5.825792322916422350, 357.6445870762517529 ) ) ;
#629 = CARTESIAN_POINT ( 'NONE',  ( 294.9504582479155488, 11.38466731783971042, 242.3366753346276994 ) ) ;
#630 = FACE_OUTER_BOUND ( 'NONE', #5689, .T. ) ;
#631 = CARTESIAN_POINT ( 'NONE',  ( 286.0449554150400218, 0.2122680636598474613, 219.8176501683504682 ) ) ;
#632 = ORIENTED_EDGE ( 'NONE', *, *, #707, .T. ) ;
#633 = CARTESIAN_POINT ( 'NONE',  ( 324.0571365632832226, -5.169536422630530481, 239.1680205016371019 ) ) ;
#634 = LINE ( 'NONE', #211, #4425 ) ;
#635 = LINE ( 'NONE', #3064, #2168 ) ;
#636 = CARTESIAN_POINT ( 'NONE',  ( 295.2370945548289001, -3.518429798019639954, 221.9524962757332958 ) ) ;
#637 = DIRECTION ( 'NONE',  ( 0.000000000000000000, 0.000000000000000000, -1.000000000000000000 ) ) ;
#638 = ORIENTED_EDGE ( 'NONE', *, *, #5703, .F. ) ;
#639 = VECTOR ( 'NONE', #4355, 1000.000000000000000 ) ;
#640 = LINE ( 'NONE', #3098, #996 ) ;
#641 = CYLINDRICAL_SURFACE ( 'NONE', #1124, 3.000000000000002665 ) ;
#642 = AXIS2_PLACEMENT_3D ( 'NONE', #3452, #5453, #4350 ) ;
#643 = CARTESIAN_POINT ( 'NONE',  ( 326.6512559320199784, 12.24028996200768304, 255.5178917436969357 ) ) ;
#644 = CARTESIAN_POINT ( 'NONE',  ( 332.7980754567509507, 3.997658306138307527, 225.3996498455128688 ) ) ;
#645 = CARTESIAN_POINT ( 'NONE',  ( 295.2370945548161103, -1.142835272649465717, 219.7755000198344817 ) ) ;
#646 = CARTESIAN_POINT ( 'NONE',  ( 317.8370945548289797, 9.903712101858411998, 134.9050437939080496 ) ) ;
#647 = AXIS2_PLACEMENT_3D ( 'NONE', #1890, #3807, #1453 ) ;
#648 = EDGE_CURVE ( 'NONE', #4070, #5959, #3652, .T. ) ;
#649 = CARTESIAN_POINT ( 'NONE',  ( 300.4145774215410825, -1.564995915038924768, 222.8709538733336046 ) ) ;
#650 = ORIENTED_EDGE ( 'NONE', *, *, #1248, .T. ) ;
#651 = CARTESIAN_POINT ( 'NONE',  ( 333.4275332607430187, -1.471004694459327800, 224.9409997416196916 ) ) ;
#652 = DIRECTION ( 'NONE',  ( -0.1999674932621482437, 0.000000000000000000, 0.9798025319616461282 ) ) ;
#653 = CARTESIAN_POINT ( 'NONE',  ( 319.6447060760938257, 8.863939151364197855, 238.4936169207959438 ) ) ;
#654 = CARTESIAN_POINT ( 'NONE',  ( 579.9999999970531235, -2.676006289986922582, 242.6746744830808211 ) ) ;
#655 = CARTESIAN_POINT ( 'NONE',  ( 310.0370945548287409, -14.82264814109834816, 264.4069360666574653 ) ) ;
#656 = CARTESIAN_POINT ( 'NONE',  ( 579.9999999970528961, 11.62353847066273715, 274.5007389497849886 ) ) ;
#657 = CARTESIAN_POINT ( 'NONE',  ( 193.3333333323509464, -6.642773502515775697, 388.2232343896972111 ) ) ;
#658 = CARTESIAN_POINT ( 'NONE',  ( 324.8370945547605970, 4.781480295903365985, 226.0728090352264985 ) ) ;
#659 = CARTESIAN_POINT ( 'NONE',  ( 295.5958338831294441, -0.1272352742196588282, 220.3996863311613481 ) ) ;
#660 = ORIENTED_EDGE ( 'NONE', *, *, #2350, .T. ) ;
#661 = CARTESIAN_POINT ( 'NONE',  ( 193.3333333323510317, 9.316921043030340854, 226.5755206670815198 ) ) ;
#662 = CARTESIAN_POINT ( 'NONE',  ( 300.0370945548290251, -10.19372269697804434, 139.4050437939080496 ) ) ;
#663 = FACE_OUTER_BOUND ( 'NONE', #1550, .T. ) ;
#664 = CARTESIAN_POINT ( 'NONE',  ( 320.0370945548290251, -5.291804277597578654, 264.4069360666575790 ) ) ;
#665 = CARTESIAN_POINT ( 'NONE',  ( 299.2370945548290138, -0.6962878623788025800, 104.0050425958546754 ) ) ;
#666 = EDGE_LOOP ( 'NONE', ( #1167, #86, #5419, #2329 ) ) ;
#667 = CARTESIAN_POINT ( 'NONE',  ( 295.6468152201011321, 13.45028139678444390, 261.0115359289902699 ) ) ;
#668 = CARTESIAN_POINT ( 'NONE',  ( 325.8151351791096317, 9.843776188911174785, 238.8629461608673523 ) ) ;
#669 = DIRECTION ( 'NONE',  ( 0.000000000000000000, 0.000000000000000000, -1.000000000000000000 ) ) ;
#670 = CARTESIAN_POINT ( 'NONE',  ( 300.0370945548290820, -10.24118874527050416, 212.3252355335996242 ) ) ;
#671 = CARTESIAN_POINT ( 'NONE',  ( 295.2370945548290706, 0.7904947800758951315, 218.4382241126903352 ) ) ;
#672 = DIRECTION ( 'NONE',  ( 0.000000000000000000, 0.000000000000000000, -1.000000000000000000 ) ) ;
#673 = EDGE_CURVE ( 'NONE', #4311, #536, #1720, .T. ) ;
#674 = AXIS2_PLACEMENT_3D ( 'NONE', #3787, #6272, #1 ) ;
#675 = VERTEX_POINT ( 'NONE', #2839 ) ;
#676 = CARTESIAN_POINT ( 'NONE',  ( 324.2361985886946627, -1.268375816713553039, 223.7840447289351005 ) ) ;
#677 = CARTESIAN_POINT ( 'NONE',  ( 296.2370945548290706, -4.193722696978042563, 203.3969054146694759 ) ) ;
#678 = CARTESIAN_POINT ( 'NONE',  ( 328.8391249588506184, 10.96002618193810640, 248.2493078086926630 ) ) ;
#679 = AXIS2_PLACEMENT_3D ( 'NONE', #1091, #4887, #1571 ) ;
#680 = ADVANCED_FACE ( 'NONE', ( #3840 ), #857, .T. ) ;
#681 = LINE ( 'NONE', #2651, #109 ) ;
#682 = CARTESIAN_POINT ( 'NONE',  ( 386.6666666647018928, 4.294679108437772008, 369.1716850739566667 ) ) ;
#683 = CARTESIAN_POINT ( 'NONE',  ( 579.9999999970530098, -3.284290047907533872, 245.7904700933225968 ) ) ;
#684 = CARTESIAN_POINT ( 'NONE',  ( 324.8370945547942483, 3.636222231903775359, 224.3511012874272410 ) ) ;
#685 = CARTESIAN_POINT ( 'NONE',  ( 295.5997376898941980, -0.2889714199204251877, 220.4465666446239425 ) ) ;
#686 = ORIENTED_EDGE ( 'NONE', *, *, #2352, .T. ) ;
#687 = DIRECTION ( 'NONE',  ( 0.000000000000000000, 1.000000000000000000, 0.000000000000000000 ) ) ;
#688 = CARTESIAN_POINT ( 'NONE',  ( 386.6666666647018928, 4.808815755796423730, 230.3302200179761314 ) ) ;
#689 = FACE_OUTER_BOUND ( 'NONE', #1141, .T. ) ;
#690 = EDGE_CURVE ( 'NONE', #3403, #5300, #380, .T. ) ;
#691 = CARTESIAN_POINT ( 'NONE',  ( 296.2370945548290706, -5.193722696978042563, 236.9345085788743290 ) ) ;
#692 = DIRECTION ( 'NONE',  ( 0.000000000000000000, -1.000000000000000000, 0.000000000000000000 ) ) ;
#693 = PLANE ( 'NONE',  #3528 ) ;
#694 = ORIENTED_EDGE ( 'NONE', *, *, #1660, .T. ) ;
#695 = DIRECTION ( 'NONE',  ( 0.000000000000000000, 0.000000000000000000, -1.000000000000000000 ) ) ;
#696 = CARTESIAN_POINT ( 'NONE',  ( 324.5255602404334923, 11.53372649313911324, 244.3563017900438297 ) ) ;
#697 = CARTESIAN_POINT ( 'NONE',  ( 319.0370945548290251, -10.14439009127639935, 238.9611580736096528 ) ) ;
#698 = CARTESIAN_POINT ( 'NONE',  ( 300.0370945548290251, -5.193722696977875586, 109.4050437939080922 ) ) ;
#699 = DIRECTION ( 'NONE',  ( 1.000000000000000000, 0.000000000000000000, -0.000000000000000000 ) ) ;
#700 = CARTESIAN_POINT ( 'NONE',  ( 295.2370945548628924, -0.5211279088174688434, 219.4368295323975246 ) ) ;
#701 = CARTESIAN_POINT ( 'NONE',  ( 301.0370945548292525, -5.875177637719643187, 247.0827752708401306 ) ) ;
#702 = CARTESIAN_POINT ( 'NONE',  ( 316.3307635590269342, -13.61638243413944416, 264.4069360666574653 ) ) ;
#703 = VERTEX_POINT ( 'NONE', #4249 ) ;
#704 = CARTESIAN_POINT ( 'NONE',  ( 328.8218001633506447, -0.8700482844418281347, 223.2360431550694386 ) ) ;
#705 = DIRECTION ( 'NONE',  ( -0.9798025319616462392, 3.152571792354809599E-17, -0.1999674932621482715 ) ) ;
#706 = CARTESIAN_POINT ( 'NONE',  ( 328.8416304123012992, 12.53656022640208434, 257.6528734942008896 ) ) ;
#707 = EDGE_CURVE ( 'NONE', #436, #5598, #1849, .T. ) ;
#708 = CARTESIAN_POINT ( 'NONE',  ( 301.0370945548290251, -10.19372269697804434, 139.4050437939080496 ) ) ;
#709 = CARTESIAN_POINT ( 'NONE',  ( 579.9999999970530098, 10.12718433015163200, 262.5747236603409078 ) ) ;
#710 = CARTESIAN_POINT ( 'NONE',  ( 0.000000000000000000, -6.717750288785817148, 224.6004539023777511 ) ) ;
#711 = CARTESIAN_POINT ( 'NONE',  ( 324.8370945548290933, 6.784000452989824126, 227.7246548692111219 ) ) ;
#712 = EDGE_CURVE ( 'NONE', #4787, #3880, #5736, .T. ) ;
#713 = CARTESIAN_POINT ( 'NONE',  ( 300.3726975624637134, -0.08023539810594998434, 220.7141547548713163 ) ) ;
#714 = DIRECTION ( 'NONE',  ( 1.000000000000000000, -0.000000000000000000, 0.000000000000000000 ) ) ;
#715 =( BOUNDED_CURVE ( )  B_SPLINE_CURVE ( 3, ( #5539, #2633, #3603, #4587 ),
 .UNSPECIFIED., .F., .T. ) 
 B_SPLINE_CURVE_WITH_KNOTS ( ( 4, 4 ),
 ( 0.000000000000000000, 3.141592653589793116 ),
 .UNSPECIFIED. ) 
 CURVE ( )  GEOMETRIC_REPRESENTATION_ITEM ( )  RATIONAL_B_SPLINE_CURVE ( ( 1.000000000000000000, 0.3333333333333333703, 0.3333333333333333703, 1.000000000000000000 ) ) 
 REPRESENTATION_ITEM ( '' )  );
#716 = CARTESIAN_POINT ( 'NONE',  ( 193.3333333323509464, 16.09404880310246000, 262.3418053606099534 ) ) ;
#717 = PLANE ( 'NONE',  #45 ) ;
#718 = CARTESIAN_POINT ( 'NONE',  ( 315.0370945548290251, -10.19372269697804612, 139.4050437939080496 ) ) ;
#719 = DIRECTION ( 'NONE',  ( 0.000000000000000000, 0.9633351435101752402, 0.2683009528090243845 ) ) ;
#720 = EDGE_LOOP ( 'NONE', ( #2866, #4923, #2997 ) ) ;
#721 = CARTESIAN_POINT ( 'NONE',  ( 193.3333333323509464, -6.642773502515775697, 388.2232343896972111 ) ) ;
#722 = LINE ( 'NONE', #2637, #2930 ) ;
#723 = CARTESIAN_POINT ( 'NONE',  ( 324.0922714266986304, 11.77815006248165197, 246.7922435964746626 ) ) ;
#724 = FACE_OUTER_BOUND ( 'NONE', #12, .T. ) ;
#725 = CARTESIAN_POINT ( 'NONE',  ( 325.8151351791096317, 9.843776188911174785, 238.8629461608673523 ) ) ;
#726 = CARTESIAN_POINT ( 'NONE',  ( 306.9959927122573617, -5.197586280864144648, 238.0831374675717882 ) ) ;
#727 = CARTESIAN_POINT ( 'NONE',  ( 295.2370945548289001, 1.431403765919934123, 220.0523342928003387 ) ) ;
#728 = PRODUCT_DEFINITION_FORMATION_WITH_SPECIFIED_SOURCE ( 'ANY', '', #2398, .NOT_KNOWN. ) ;
#729 = CARTESIAN_POINT ( 'NONE',  ( 301.0370945548290251, -6.392614624337308094, 264.1042439552863357 ) ) ;
#730 = CARTESIAN_POINT ( 'NONE',  ( 310.0370945548287978, 14.54705926040939978, 264.4069360666574653 ) ) ;
#731 = EDGE_LOOP ( 'NONE', ( #2870, #1708 ) ) ;
#732 = CARTESIAN_POINT ( 'NONE',  ( 328.8290547886159061, -1.087931764415851044, 223.6693396712110484 ) ) ;
#733 = DIRECTION ( 'NONE',  ( 1.000000000000000000, 0.000000000000000000, 0.000000000000000000 ) ) ;
#734 = CARTESIAN_POINT ( 'NONE',  ( 324.2387851840637154, 8.266608291438597433, 236.9223120549734460 ) ) ;
#735 = AXIS2_PLACEMENT_3D ( 'NONE', #418, #2330, #3460 ) ;
#736 = DIRECTION ( 'NONE',  ( 0.000000000000000000, 0.000000000000000000, -1.000000000000000000 ) ) ;
#737 = CARTESIAN_POINT ( 'NONE',  ( 579.9999999970531235, 12.05585114077850406, 281.0960369820363098 ) ) ;
#738 = CARTESIAN_POINT ( 'NONE',  ( 0.000000000000000000, -7.903040807874519125, 253.8147977847377490 ) ) ;
#739 = CARTESIAN_POINT ( 'NONE',  ( 320.0370945548292525, -5.197287464721163985, 239.3930203268536445 ) ) ;
#740 = AXIS2_PLACEMENT_3D ( 'NONE', #2875, #3066, #2554 ) ;
#741 = CARTESIAN_POINT ( 'NONE',  ( 300.4137649578292439, -1.338013689380740390, 222.2927282643992442 ) ) ;
#742 = EDGE_CURVE ( 'NONE', #5514, #4472, #1587, .T. ) ;
#743 = CARTESIAN_POINT ( 'NONE',  ( 319.0370945548290251, -8.870042502850822075, 110.3418598203746228 ) ) ;
#744 = CARTESIAN_POINT ( 'NONE',  ( 193.3333333323510317, 16.69263255009156666, 271.4737103024625640 ) ) ;
#745 = CARTESIAN_POINT ( 'NONE',  ( 325.4884111266454170, -4.333416335073280834, 232.1243274406845103 ) ) ;
#746 = CARTESIAN_POINT ( 'NONE',  ( 323.2370945830732580, -5.273882255076607350, 264.4069360666574653 ) ) ;
#747 = DIRECTION ( 'NONE',  ( -0.000000000000000000, -2.102695133789802685E-15, -1.000000000000000000 ) ) ;
#748 = EDGE_LOOP ( 'NONE', ( #37, #4656, #5072, #3888, #4032 ) ) ;
#749 = VERTEX_POINT ( 'NONE', #6252 ) ;
#750 = CARTESIAN_POINT ( 'NONE',  ( 193.3333333323509464, -6.422087301610666543, 423.0834801110592025 ) ) ;
#751 =( BOUNDED_SURFACE ( )  B_SPLINE_SURFACE ( 3, 2, ( 
 ( #248, #4652, #1151 ),
 ( #220, #3100, #2588 ),
 ( #4035, #5037, #4148 ),
 ( #4122, #3552, #5490 ),
 ( #5066, #193, #697 ),
 ( #6084, #2163, #2135 ),
 ( #3835, #925, #3212 ),
 ( #408, #1775, #2764 ),
 ( #1808, #5155, #888 ),
 ( #4782, #1301, #277 ),
 ( #2321, #2287, #1372 ),
 ( #4214, #3797, #5731 ) ),
 .UNSPECIFIED., .F., .F., .F. ) 
 B_SPLINE_SURFACE_WITH_KNOTS ( ( 4, 2, 2, 2, 2, 4 ),
 ( 3, 3 ),
 ( 0.06883149427014688404, 0.08512027435515540086, 0.1014090544401639316, 0.1339866146101809929, 0.1665641747801980543, 0.1991417349502151157 ),
 ( 0.000000000000000000, 1.000000000000000000 ),
 .UNSPECIFIED. ) 
 GEOMETRIC_REPRESENTATION_ITEM ( )  RATIONAL_B_SPLINE_SURFACE ( (
 ( 1.000000000000000000, 0.7071067811865475727, 1.000000000000000000),
 ( 1.000000000000000000, 0.7071067811865475727, 1.000000000000000000),
 ( 1.000000000000000000, 0.7071067811865425767, 1.000000000000000000),
 ( 1.000000000000000000, 0.7071067811865425767, 1.000000000000000000),
 ( 1.000000000000000000, 0.7071067811865475727, 1.000000000000000000),
 ( 1.000000000000000000, 0.7071067811865475727, 1.000000000000000000),
 ( 1.000000000000000000, 0.7071067811865475727, 1.000000000000000000),
 ( 1.000000000000000000, 0.7071067811865475727, 1.000000000000000000),
 ( 1.000000000000000000, 0.7071067811865475727, 1.000000000000000000),
 ( 1.000000000000000000, 0.7071067811865475727, 1.000000000000000000),
 ( 1.000000000000000000, 0.7071067811865475727, 1.000000000000000000),
 ( 1.000000000000000000, 0.7071067811865475727, 1.000000000000000000) ) ) 
 REPRESENTATION_ITEM ( '' )  SURFACE ( )  );
#752 = CARTESIAN_POINT ( 'NONE',  ( 286.0879465591340249, 11.46441792505560819, 246.7807291635762397 ) ) ;
#753 = CARTESIAN_POINT ( 'NONE',  ( 325.0161431999540582, 10.59711443819158383, 241.6302995967347726 ) ) ;
#754 = DIRECTION ( 'NONE',  ( -0.000000000000000000, -1.000000000000000000, -1.576542137387265747E-16 ) ) ;
#755 = CARTESIAN_POINT ( 'NONE',  ( 300.0370945548290251, -10.19372269697787914, 109.4050437939080638 ) ) ;
#756 = CARTESIAN_POINT ( 'NONE',  ( 317.8370945548289797, 3.303712024074804798, 108.7050436270565399 ) ) ;
#757 = VECTOR ( 'NONE', #2215, 1000.000000000000000 ) ;
#758 = CARTESIAN_POINT ( 'NONE',  ( 288.6752407854498301, 8.702386789609619200, 232.2551056230400661 ) ) ;
#759 = ORIENTED_EDGE ( 'NONE', *, *, #3170, .F. ) ;
#760 = CARTESIAN_POINT ( 'NONE',  ( 318.8781383137470584, -11.34312606357481634, 113.4661702433432708 ) ) ;
#761 = VERTEX_POINT ( 'NONE', #5265 ) ;
#762 = CARTESIAN_POINT ( 'NONE',  ( 579.9999999970528961, -2.452747206727057261E-11, 238.5133111311282619 ) ) ;
#763 = CARTESIAN_POINT ( 'NONE',  ( 324.2445436473856262, -2.465403048585418588, 227.4210003917714573 ) ) ;
#764 = CARTESIAN_POINT ( 'NONE',  ( 319.6517729808010699, 13.09913761012035494, 261.1181760391539228 ) ) ;
#765 = CARTESIAN_POINT ( 'NONE',  ( 579.9999999970528961, 4.033212153983865456, 242.5533110923767026 ) ) ;
#766 = CARTESIAN_POINT ( 'NONE',  ( 319.6138641565389662, 0.7378267029758512896, 222.4277501218400630 ) ) ;
#767 = CARTESIAN_POINT ( 'NONE',  ( 315.0370945548290820, -14.22938819735172622, 222.7424292950959170 ) ) ;
#768 = CARTESIAN_POINT ( 'NONE',  ( 386.6666666647018928, -5.530142459485384521, 406.8380078360256675 ) ) ;
#769 = CARTESIAN_POINT ( 'NONE',  ( 193.3333333323509464, -5.898521906545276750, 234.5410815672917408 ) ) ;
#770 = AXIS2_PLACEMENT_3D ( 'NONE', #4095, #5634, #1715 ) ;
#771 = CARTESIAN_POINT ( 'NONE',  ( 325.8013137745243739, 4.751601909371863997, 226.0901553841624150 ) ) ;
#772 = CARTESIAN_POINT ( 'NONE',  ( 286.0748841371153617, -1.043916084761767449, 220.6068443984127327 ) ) ;
#773 = CARTESIAN_POINT ( 'NONE',  ( 296.0997876137891467, -5.184540350271515941, 236.7064885291587188 ) ) ;
#774 = CARTESIAN_POINT ( 'NONE',  ( 386.6666666647018928, -2.925017541545449351E-11, 225.5133111311280913 ) ) ;
#775 = CARTESIAN_POINT ( 'NONE',  ( 305.0370945548290251, -10.19372269697787736, 109.4050437939080638 ) ) ;
#776 = EDGE_CURVE ( 'NONE', #749, #780, #4285, .T. ) ;
#777 = CARTESIAN_POINT ( 'NONE',  ( 319.7750269099905722, -11.42787298722618949, 264.4069360666574084 ) ) ;
#778 = EDGE_CURVE ( 'NONE', #5166, #6122, #6184, .T. ) ;
#779 = PLANE ( 'NONE',  #1076 ) ;
#780 = VERTEX_POINT ( 'NONE', #4671 ) ;
#781 = ORIENTED_EDGE ( 'NONE', *, *, #5529, .F. ) ;
#782 = CARTESIAN_POINT ( 'NONE',  ( 193.3333333323510885, -6.494676812344354566, 415.8765459913967675 ) ) ;
#783 = CARTESIAN_POINT ( 'NONE',  ( 286.0816575525531675, 8.037139919317494829, 233.2113500389446585 ) ) ;
#784 = CARTESIAN_POINT ( 'NONE',  ( 324.2810863239914738, 11.71850682581327163, 246.5179883221138368 ) ) ;
#785 = CARTESIAN_POINT ( 'NONE',  ( 305.0370945548290251, -15.19372269697788269, 132.3162152659552930 ) ) ;
#786 = B_SPLINE_CURVE_WITH_KNOTS ( 'NONE', 3,
 ( #3137, #3110, #5048, #2092 ),
 .UNSPECIFIED., .F., .F.,
 ( 4, 4 ),
 ( 0.004831945605473106364, 0.02292126224692839220 ),
 .UNSPECIFIED. ) ;
#787 = DIRECTION ( 'NONE',  ( 0.000000000000000000, 0.000000000000000000, -1.000000000000000000 ) ) ;
#788 = DIRECTION ( 'NONE',  ( 1.000000000000000000, -0.000000000000000000, 0.000000000000000000 ) ) ;
#789 = LINE ( 'NONE', #2734, #3689 ) ;
#790 = ORIENTED_EDGE ( 'NONE', *, *, #885, .T. ) ;
#791 = CARTESIAN_POINT ( 'NONE',  ( 317.1255947120363885, -13.61334665425021662, 119.1328838496707192 ) ) ;
#792 = ADVANCED_FACE ( 'NONE', ( #6048 ), #4639, .T. ) ;
#793 = ADVANCED_FACE ( 'NONE', ( #2656, #3116 ), #4200, .F. ) ;
#794 = ORIENTED_EDGE ( 'NONE', *, *, #2027, .T. ) ;
#795 = CARTESIAN_POINT ( 'NONE',  ( 386.6666666647020634, -6.133868915404450561, 305.0780289475609379 ) ) ;
#796 = CARTESIAN_POINT ( 'NONE',  ( 333.4463325619312286, -4.930561140230488526, 253.9416543638438100 ) ) ;
#797 = CARTESIAN_POINT ( 'NONE',  ( 323.8370945548290365, -6.193722696978041675, 239.6950307219689478 ) ) ;
#798 = CARTESIAN_POINT ( 'NONE',  ( 324.2280053591834985, 4.372957845380159192, 227.3081645223400074 ) ) ;
#799 = CARTESIAN_POINT ( 'NONE',  ( 0.000000000000000000, 10.61092084068729768, 215.5285796454811589 ) ) ;
#800 = CIRCLE ( 'NONE', #2739, 1.000000000000000888 ) ;
#801 = CARTESIAN_POINT ( 'NONE',  ( 324.2053471662113679, 0.4032695337804299007, 222.4961690812082225 ) ) ;
#802 = CARTESIAN_POINT ( 'NONE',  ( 0.000000000000000000, -6.862733592760254631, 460.6268946760304743 ) ) ;
#803 = CARTESIAN_POINT ( 'NONE',  ( 324.8888722405316116, 11.51936070198206252, 245.6231855311251024 ) ) ;
#804 = CARTESIAN_POINT ( 'NONE',  ( 325.7698779061227015, -0.05782158336818344485, 221.4152510318401141 ) ) ;
#805 = B_SPLINE_CURVE_WITH_KNOTS ( 'NONE', 3,
 ( #5445, #4465, #1943, #980, #3473, #2477, #1590, #4496, #4903, #5475, #2003, #123, #4526, #1106, #3960, #2067 ),
 .UNSPECIFIED., .F., .F.,
 ( 4, 2, 2, 2, 2, 2, 2, 4 ),
 ( 0.000000000000000000, 0.003200966548396015198, 0.004001208185495058571, 0.004401329004044542310, 0.004801449822594026050, 0.005201570641143510657, 0.005601691459692994396, 0.006401933096791959273 ),
 .UNSPECIFIED. ) ;
#806 = CARTESIAN_POINT ( 'NONE',  ( 286.0771308533373940, -1.135051392987290964, 220.8063888050946559 ) ) ;
#807 = CARTESIAN_POINT ( 'NONE',  ( 296.0312578629940390, -5.172897400727096695, 236.4418930339589906 ) ) ;
#808 = CARTESIAN_POINT ( 'NONE',  ( 386.6666666647018360, -1.274544155731860640, 401.0421190094137955 ) ) ;
#809 = CARTESIAN_POINT ( 'NONE',  ( 325.8191626120860747, -3.384431452566304177, 227.0759955791315576 ) ) ;
#810 = CARTESIAN_POINT ( 'NONE',  ( 305.0370945548290820, -14.14840966628319308, 238.3673760760400455 ) ) ;
#811 = CARTESIAN_POINT ( 'NONE',  ( 323.8722689325375086, -5.193185852770985100, 239.6893078912248143 ) ) ;
#812 = CARTESIAN_POINT ( 'NONE',  ( 295.2370945548290706, -5.430273930133979299, 264.4069360666574653 ) ) ;
#813 = VERTEX_POINT ( 'NONE', #4610 ) ;
#814 = CARTESIAN_POINT ( 'NONE',  ( 386.6666666647018928, -2.925017541545449351E-11, 225.5133111311280913 ) ) ;
#815 = CARTESIAN_POINT ( 'NONE',  ( 295.6350542963498356, 6.977094961255420280, 230.9563288181183509 ) ) ;
#816 = CARTESIAN_POINT ( 'NONE',  ( 296.2370945548290138, 3.303712137621199307, 114.2115227970842426 ) ) ;
#817 = ORIENTED_EDGE ( 'NONE', *, *, #4097, .T. ) ;
#818 = FACE_OUTER_BOUND ( 'NONE', #243, .T. ) ;
#819 = DIRECTION ( 'NONE',  ( 1.000000000000000000, 0.000000000000000000, 0.000000000000000000 ) ) ;
#820 = CARTESIAN_POINT ( 'NONE',  ( 330.9263011833304517, -3.061179501191816733E-11, 221.7652520728788943 ) ) ;
#821 = ADVANCED_FACE ( 'NONE', ( #2630, #5143 ), #297, .T. ) ;
#822 = CARTESIAN_POINT ( 'NONE',  ( 318.6324115890072903, -11.59468137249123743, 264.4069360666574653 ) ) ;
#823 = ORIENTED_EDGE ( 'NONE', *, *, #5991, .F. ) ;
#824 = CARTESIAN_POINT ( 'NONE',  ( 324.1947542037039511, 11.74207365216536836, 246.2430508315267161 ) ) ;
#825 = CARTESIAN_POINT ( 'NONE',  ( 324.8370945548290365, 0.08069849810915692701, 220.4179339424191255 ) ) ;
#826 = ORIENTED_EDGE ( 'NONE', *, *, #39, .F. ) ;
#827 = CARTESIAN_POINT ( 'NONE',  ( 193.3333333323509748, -6.706862923142622002, 250.7127431795906887 ) ) ;
#828 = CARTESIAN_POINT ( 'NONE',  ( 333.4442336415241357, -4.190270467411386868, 240.6218333603679014 ) ) ;
#829 = CARTESIAN_POINT ( 'NONE',  ( 293.4071700203636510, -3.475519332989752019, 230.4365912803545484 ) ) ;
#830 = CARTESIAN_POINT ( 'NONE',  ( 328.8320766832060826, 7.343276990972054996, 234.4777810289542401 ) ) ;
#831 = CARTESIAN_POINT ( 'NONE',  ( 579.9999999970531235, 12.05585114077850406, 281.0960369820363098 ) ) ;
#832 = VECTOR ( 'NONE', #5840, 1000.000000000000000 ) ;
#833 = CARTESIAN_POINT ( 'NONE',  ( 328.7979090044825625, 0.2549409059281773637, 222.7167036681232730 ) ) ;
#834 = CARTESIAN_POINT ( 'NONE',  ( 193.3333333323509180, -6.294774974397376432, 429.2302680798250663 ) ) ;
#835 = CARTESIAN_POINT ( 'NONE',  ( 296.2370945548290706, -4.193722696978042563, 105.0050425958546754 ) ) ;
#836 = CARTESIAN_POINT ( 'NONE',  ( 324.8370945548724080, 1.118251293315553729, 221.8118432772336348 ) ) ;
#837 = VECTOR ( 'NONE', #93, 1000.000000000000000 ) ;
#838 = CARTESIAN_POINT ( 'NONE',  ( 290.8569194382644127, -1.217810848884767427, 221.3268422420728427 ) ) ;
#839 = CARTESIAN_POINT ( 'NONE',  ( 386.6666666647020634, 14.37424184543503181, 276.2848736422494653 ) ) ;
#840 = CARTESIAN_POINT ( 'NONE',  ( 193.3333333323510885, -4.759549676635348447, 434.1261621060937728 ) ) ;
#841 = CARTESIAN_POINT ( 'NONE',  ( 320.0370945548290251, -4.196647499877952825, 262.9219554743630738 ) ) ;
#842 = CARTESIAN_POINT ( 'NONE',  ( 332.9365488624346199, -2.468449978793720412, 224.7211566000105449 ) ) ;
#843 = DIRECTION ( 'NONE',  ( 0.000000000000000000, 1.000000000000000000, -2.102695133789802291E-15 ) ) ;
#844 = CARTESIAN_POINT ( 'NONE',  ( 386.6666666647018928, -3.305401079264717268, 412.3030266280131855 ) ) ;
#845 = CARTESIAN_POINT ( 'NONE',  ( 294.2045236537734354, 5.837209733126357492, 225.8235065558641850 ) ) ;
#846 = CARTESIAN_POINT ( 'NONE',  ( 286.4799147005825830, -1.409910759916046752, 221.4984270182100659 ) ) ;
#847 = ORIENTED_EDGE ( 'NONE', *, *, #3617, .T. ) ;
#848 = CARTESIAN_POINT ( 'NONE',  ( 193.3333333323510317, -5.303512489585234135, 228.0014150919552662 ) ) ;
#849 = CARTESIAN_POINT ( 'NONE',  ( 300.4119131254343529, 6.580952034023311192, 230.3271279098122477 ) ) ;
#850 = DIRECTION ( 'NONE',  ( 0.000000000000000000, 0.000000000000000000, -1.000000000000000000 ) ) ;
#851 = EDGE_LOOP ( 'NONE', ( #3115, #6111, #6177, #4714 ) ) ;
#852 = CARTESIAN_POINT ( 'NONE',  ( 300.0370945548289683, -10.10523262052134719, 244.2005668588859635 ) ) ;
#853 = CARTESIAN_POINT ( 'NONE',  ( 296.0621930300489453, -5.180817139275488259, 236.8218493724431823 ) ) ;
#854 = CARTESIAN_POINT ( 'NONE',  ( 318.8903226896956653, -13.39552632817723676, 118.3286686117077267 ) ) ;
#855 = CARTESIAN_POINT ( 'NONE',  ( 303.2641444243348587, -13.41755244066467156, 264.4069360666574653 ) ) ;
#856 = ORIENTED_EDGE ( 'NONE', *, *, #5942, .F. ) ;
#857 = PLANE ( 'NONE',  #1932 ) ;
#858 = CARTESIAN_POINT ( 'NONE',  ( 304.9109456056085037, -14.19372269697795375, 121.6513886218940996 ) ) ;
#859 = CARTESIAN_POINT ( 'NONE',  ( 324.8370945548290365, -4.193722696978042563, 226.2551948320733288 ) ) ;
#860 = ORIENTED_EDGE ( 'NONE', *, *, #3307, .T. ) ;
#861 = CARTESIAN_POINT ( 'NONE',  ( 0.000000000000000000, -7.903040807874519125, 253.8147977847377490 ) ) ;
#862 = CARTESIAN_POINT ( 'NONE',  ( 328.8502022257521276, -4.626424936272463206, 246.0998297222570557 ) ) ;
#863 = EDGE_CURVE ( 'NONE', #4695, #3106, #3658, .T. ) ;
#864 = CARTESIAN_POINT ( 'NONE',  ( 291.3874954084910200, -0.7706427015277356185, 220.5405713514681452 ) ) ;
#865 = CARTESIAN_POINT ( 'NONE',  ( 328.8232853308410881, 4.353833719328569885, 227.5970893226335363 ) ) ;
#866 = CARTESIAN_POINT ( 'NONE',  ( 0.000000000000000000, 17.29567669399768093, 313.2912272862357668 ) ) ;
#867 = CARTESIAN_POINT ( 'NONE',  ( 319.6154476342567250, 1.098542277692924563, 222.7236095305757431 ) ) ;
#868 = CARTESIAN_POINT ( 'NONE',  ( 386.6666666647022339, -5.260036546780130884, 416.2510710529381299 ) ) ;
#869 = CARTESIAN_POINT ( 'NONE',  ( 300.0370945548290820, -5.193722696978042563, 237.3081067009638900 ) ) ;
#870 = CARTESIAN_POINT ( 'NONE',  ( 324.8370945548290933, 2.038803002780651408, 221.3237070683045999 ) ) ;
#871 = VECTOR ( 'NONE', #2755, 1000.000000000000000 ) ;
#872 = CARTESIAN_POINT ( 'NONE',  ( 0.000000000000000000, 0.6651760188416218078, 199.5309203637108340 ) ) ;
#873 = EDGE_CURVE ( 'NONE', #4886, #3880, #5003, .T. ) ;
#874 = CARTESIAN_POINT ( 'NONE',  ( 0.000000000000000000, 18.39353072245676657, 301.0012924865722539 ) ) ;
#875 = LINE ( 'NONE', #4737, #1974 ) ;
#876 = CARTESIAN_POINT ( 'NONE',  ( 333.2399678773537630, -1.848250877135315440, 223.2344613666352870 ) ) ;
#877 = CARTESIAN_POINT ( 'NONE',  ( 579.9999999970531235, 2.661510109830854454, 240.4789931181246629 ) ) ;
#878 = CARTESIAN_POINT ( 'NONE',  ( 386.6666666647022339, 5.886350116970718638, 359.8738835282833293 ) ) ;
#879 = CARTESIAN_POINT ( 'NONE',  ( 295.2370945548124155, 4.956097707216803983, 224.3015874334610658 ) ) ;
#880 = CARTESIAN_POINT ( 'NONE',  ( 286.1430475692140476, 0.2631865142268330904, 219.8478424013551091 ) ) ;
#881 = ORIENTED_EDGE ( 'NONE', *, *, #3564, .F. ) ;
#882 = B_SPLINE_CURVE_WITH_KNOTS ( 'NONE', 3,
 ( #6079, #2248, #5597, #1230 ),
 .UNSPECIFIED., .F., .F.,
 ( 4, 4 ),
 ( 0.000000000000000000, 9.023695451044364761E-05 ),
 .UNSPECIFIED. ) ;
#883 = CARTESIAN_POINT ( 'NONE',  ( 0.000000000000000000, -7.903040807874519125, 253.8147977847377490 ) ) ;
#884 = CARTESIAN_POINT ( 'NONE',  ( 286.0809304992020543, 7.709726515116436474, 232.2705387194067157 ) ) ;
#885 = EDGE_CURVE ( 'NONE', #3674, #4967, #3201, .T. ) ;
#886 = CARTESIAN_POINT ( 'NONE',  ( 305.0370945548289683, -15.20378126719172940, 160.2398430130679401 ) ) ;
#887 = ORIENTED_EDGE ( 'NONE', *, *, #250, .F. ) ;
#888 = CARTESIAN_POINT ( 'NONE',  ( 319.0370945548290251, -10.22727323220764539, 181.3237420159142346 ) ) ;
#889 = CARTESIAN_POINT ( 'NONE',  ( 295.4367905659905773, -4.795479934482578699, 229.9897824722138751 ) ) ;
#890 = CARTESIAN_POINT ( 'NONE',  ( 312.2370945548290138, 8.303712137621197087, 128.5328006421047178 ) ) ;
#891 = CARTESIAN_POINT ( 'NONE',  ( 303.0344835581384473, -13.29478281264684547, 264.4069360666574653 ) ) ;
#892 = ORIENTED_EDGE ( 'NONE', *, *, #2197, .F. ) ;
#893 = LINE ( 'NONE', #1815, #4518 ) ;
#894 = CARTESIAN_POINT ( 'NONE',  ( 298.2370945548290138, 2.836641791091506178E-13, 134.9050437939080496 ) ) ;
#895 = DIRECTION ( 'NONE',  ( -0.000000000000000000, -0.000000000000000000, 1.000000000000000000 ) ) ;
#896 = VERTEX_POINT ( 'NONE', #5111 ) ;
#897 = DIRECTION ( 'NONE',  ( -1.000000000000000000, 0.000000000000000000, 0.000000000000000000 ) ) ;
#898 = CARTESIAN_POINT ( 'NONE',  ( 319.6570126289793734, -3.881039856751838713, 236.0755514233996450 ) ) ;
#899 = VERTEX_POINT ( 'NONE', #3143 ) ;
#900 = CARTESIAN_POINT ( 'NONE',  ( 324.2160740100102885, 2.045884414104579108, 223.9426420404450369 ) ) ;
#901 = CARTESIAN_POINT ( 'NONE',  ( 386.6666666647020634, 14.40794366876468935, 293.2433517987929577 ) ) ;
#902 = VECTOR ( 'NONE', #2363, 1000.000000000000000 ) ;
#903 = ORIENTED_EDGE ( 'NONE', *, *, #1356, .T. ) ;
#904 = CARTESIAN_POINT ( 'NONE',  ( 324.2115677216908125, 1.261763895704761218, 223.1776720141907049 ) ) ;
#905 = CARTESIAN_POINT ( 'NONE',  ( 193.3333333323510885, -5.937811506948676765, 439.6798056192790227 ) ) ;
#906 = CARTESIAN_POINT ( 'NONE',  ( 324.9464610171739309, 11.48134510176884504, 245.4507624946568285 ) ) ;
#907 = CARTESIAN_POINT ( 'NONE',  ( 324.8370945548290365, 0.5434547936002976920, 220.4887971586959452 ) ) ;
#908 = AXIS2_PLACEMENT_3D ( 'NONE', #2206, #4105, #736 ) ;
#909 = CARTESIAN_POINT ( 'NONE',  ( 193.3333333323510317, 9.316921043030340854, 226.5755206670815198 ) ) ;
#910 = CARTESIAN_POINT ( 'NONE',  ( 386.6666666647017792, -4.705967703391121582, 419.7200802417859222 ) ) ;
#911 = CIRCLE ( 'NONE', #4080, 1.500000000000001332 ) ;
#912 = CARTESIAN_POINT ( 'NONE',  ( 324.8370945548290933, 1.272240210170172858, 220.7790752677103399 ) ) ;
#913 = EDGE_CURVE ( 'NONE', #4753, #6287, #6133, .T. ) ;
#914 = CARTESIAN_POINT ( 'NONE',  ( 296.1574067615474064, 11.80350838209626296, 244.2201552017034771 ) ) ;
#915 = CARTESIAN_POINT ( 'NONE',  ( 301.2720601762515003, -13.12849031621536611, 264.4069360666573516 ) ) ;
#916 = CARTESIAN_POINT ( 'NONE',  ( 0.000000000000000000, 18.39353072245676657, 301.0012924865722539 ) ) ;
#917 = CARTESIAN_POINT ( 'NONE',  ( 294.1960303936745618, 3.712097980553032528, 222.3334225322719249 ) ) ;
#918 = CARTESIAN_POINT ( 'NONE',  ( 286.1765410018666103, 0.5284646208112865340, 220.0119538255748353 ) ) ;
#919 = EDGE_CURVE ( 'NONE', #5975, #3077, #4138, .T. ) ;
#920 = ORIENTED_EDGE ( 'NONE', *, *, #5701, .T. ) ;
#921 = CARTESIAN_POINT ( 'NONE',  ( 300.0370945548290251, -4.196647499877961707, 262.9219554743625622 ) ) ;
#922 = CARTESIAN_POINT ( 'NONE',  ( 295.6358885695905769, 7.321107883585534104, 231.8822687282388983 ) ) ;
#923 = CARTESIAN_POINT ( 'NONE',  ( 325.5930707725154321, -4.145875030967972386, 230.9495227837666675 ) ) ;
#924 = ORIENTED_EDGE ( 'NONE', *, *, #690, .F. ) ;
#925 = CARTESIAN_POINT ( 'NONE',  ( 319.0370945551199497, -14.24085873858416562, 212.7664135348521199 ) ) ;
#926 = CARTESIAN_POINT ( 'NONE',  ( 295.3732896415493769, -5.013526608589424782, 235.0355406962047198 ) ) ;
#927 = CARTESIAN_POINT ( 'NONE',  ( 319.0977847878996840, -13.13365943769988675, 117.4797512716994703 ) ) ;
#928 = PLANE ( 'NONE',  #740 ) ;
#929 = ORIENTED_EDGE ( 'NONE', *, *, #1926, .F. ) ;
#930 = FACE_OUTER_BOUND ( 'NONE', #5725, .T. ) ;
#931 = CARTESIAN_POINT ( 'NONE',  ( 319.0370945548290251, -5.193722696978042563, 203.3969054146694759 ) ) ;
#932 = DIRECTION ( 'NONE',  ( 0.000000000000000000, 0.000000000000000000, -1.000000000000000000 ) ) ;
#933 = ADVANCED_FACE ( 'NONE', ( #267 ), #1433, .F. ) ;
#934 = ORIENTED_EDGE ( 'NONE', *, *, #3170, .T. ) ;
#935 = CARTESIAN_POINT ( 'NONE',  ( 314.8370945548289797, 3.306277303021957881, 135.7050419661089222 ) ) ;
#936 = CARTESIAN_POINT ( 'NONE',  ( 286.2481468878605710, -2.030699518665733283, 220.3628089933619094 ) ) ;
#937 = VERTEX_POINT ( 'NONE', #6195 ) ;
#938 = CARTESIAN_POINT ( 'NONE',  ( 324.2352213299521964, 6.724490483319153000, 232.4310175166973238 ) ) ;
#939 = CARTESIAN_POINT ( 'NONE',  ( 0.000000000000000000, -6.762496706386333045, 458.2302927968000859 ) ) ;
#940 = VERTEX_POINT ( 'NONE', #2749 ) ;
#941 = CARTESIAN_POINT ( 'NONE',  ( 333.4126147889261915, -0.7731573203902886160, 223.4155036000915402 ) ) ;
#942 = CARTESIAN_POINT ( 'NONE',  ( 0.000000000000000000, -8.138682956222996978, 278.0087147673945651 ) ) ;
#943 = CARTESIAN_POINT ( 'NONE',  ( 296.2370945548290138, 3.303712137621199307, 117.2115227970842426 ) ) ;
#944 = VECTOR ( 'NONE', #4626, 1000.000000000000114 ) ;
#945 = CARTESIAN_POINT ( 'NONE',  ( 325.7785503856705418, 0.7759821033805127666, 221.6477218447738835 ) ) ;
#946 = CARTESIAN_POINT ( 'NONE',  ( 193.3333333323510885, 13.87615993987009766, 323.4795464500552384 ) ) ;
#947 = PLANE ( 'NONE',  #674 ) ;
#948 = CARTESIAN_POINT ( 'NONE',  ( 300.2945343167740475, -11.43877749027628710, 264.4069360666574653 ) ) ;
#949 = CARTESIAN_POINT ( 'NONE',  ( 0.000000000000000000, 19.26363725660237236, 277.6261930907284068 ) ) ;
#950 = CARTESIAN_POINT ( 'NONE',  ( 295.2370945548287864, 9.824381967129125925, 236.3278095270816266 ) ) ;
#951 = CARTESIAN_POINT ( 'NONE',  ( 287.0093271558799302, 4.008069746191941007, 224.0924469546025932 ) ) ;
#952 = ORIENTED_EDGE ( 'NONE', *, *, #4644, .F. ) ;
#953 = CARTESIAN_POINT ( 'NONE',  ( 0.000000000000000000, -2.971648534343652059, 202.6081388344403251 ) ) ;
#954 = CARTESIAN_POINT ( 'NONE',  ( 290.8309706043390861, 0.7741979182374341129, 220.5111322066584307 ) ) ;
#955 = ORIENTED_EDGE ( 'NONE', *, *, #3395, .F. ) ;
#956 = CARTESIAN_POINT ( 'NONE',  ( 324.9514350334542883, -3.515278652741053556, 227.5588946984346990 ) ) ;
#957 = ORIENTED_EDGE ( 'NONE', *, *, #1888, .F. ) ;
#958 = CARTESIAN_POINT ( 'NONE',  ( 305.0370945551198929, -15.24085875368573539, 212.7673078890074123 ) ) ;
#959 = CARTESIAN_POINT ( 'NONE',  ( 295.8099727952129001, -5.100925216054280398, 234.9321410756378725 ) ) ;
#960 = B_SPLINE_CURVE_WITH_KNOTS ( 'NONE', 3,
 ( #2722, #3823, #299, #6200, #3750, #2245, #1229, #3786, #5719, #3719, #3301, #332, #5682, #1291, #1322, #3174, #3266, #5211, #5248, #2860, #5283, #912, #3338, #5754, #1396, #825, #5162, #6220, #3734, #5267, #2328, #2771, #3218, #1308, #4219, #6292, #2806, #1816, #5774, #4823, #416, #2842, #1852, #5638, #4690, #859 ),
 .UNSPECIFIED., .F., .F.,
 ( 4, 2, 2, 2, 2, 2, 2, 2, 2, 2, 2, 2, 2, 2, 2, 2, 2, 2, 2, 2, 2, 2, 4 ),
 ( 0.000000000000000000, 0.003654417027765692605, 0.007308834055531385210, 0.01096325108329707781, 0.01279045959717996055, 0.01461766811106284501, 0.01553127236800425082, 0.01644487662494565836, 0.01827208513882853588, 0.01918568939576997465, 0.02009929365271141688, 0.02101289790965285564, 0.02146970003812356462, 0.02192650216659427012, 0.02238330429506498256, 0.02284010642353568807, 0.02375371068047706785, 0.02421051280894773519, 0.02466731493741839559, 0.02558091919435971986, 0.02649452345130104761, 0.02740812770824237188, 0.02923533622212502042 ),
 .UNSPECIFIED. ) ;
#961 = CARTESIAN_POINT ( 'NONE',  ( 315.0370945548290251, -14.82264814109834994, 264.4069360666574653 ) ) ;
#962 = CARTESIAN_POINT ( 'NONE',  ( 302.0250670209159125, -12.46712504505476637, 264.4069360666574653 ) ) ;
#963 = ORIENTED_EDGE ( 'NONE', *, *, #4580, .F. ) ;
#964 = CARTESIAN_POINT ( 'NONE',  ( 301.0370945548290251, -5.193722696978039899, 237.4367386333644561 ) ) ;
#965 = CARTESIAN_POINT ( 'NONE',  ( 290.8767893339526722, -4.824377339820006938, 244.7673964498509918 ) ) ;
#966 = CARTESIAN_POINT ( 'NONE',  ( 320.0370945548290251, -5.194913007343641809, 239.3648302850005223 ) ) ;
#967 = CARTESIAN_POINT ( 'NONE',  ( 325.5823535767876251, -5.190648221946078777, 260.7553091708554120 ) ) ;
#968 = CARTESIAN_POINT ( 'NONE',  ( 317.8370945548289797, 3.306277303021957881, 136.7050419661089222 ) ) ;
#969 = CARTESIAN_POINT ( 'NONE',  ( 285.9166921102853394, -3.171128381955501248E-11, 218.7387438765724994 ) ) ;
#970 = CARTESIAN_POINT ( 'NONE',  ( 320.0370945548290251, -5.291804277597578654, 264.4069360666575790 ) ) ;
#971 = CARTESIAN_POINT ( 'NONE',  ( 386.6666666647022339, -5.260036546780130884, 416.2510710529381299 ) ) ;
#972 = CARTESIAN_POINT ( 'NONE',  ( 286.0573146875942712, -0.6543012258644138601, 220.0535885225490915 ) ) ;
#973 = ORIENTED_EDGE ( 'NONE', *, *, #2152, .T. ) ;
#974 = CARTESIAN_POINT ( 'NONE',  ( 324.1948899680033378, -0.02674437962903039936, 222.3141798765001340 ) ) ;
#975 = CARTESIAN_POINT ( 'NONE',  ( 0.000000000000000000, -7.638359414888849841, 243.0181500959986352 ) ) ;
#976 = FACE_OUTER_BOUND ( 'NONE', #2983, .T. ) ;
#977 = CARTESIAN_POINT ( 'NONE',  ( 324.8370945548290365, -4.193722696978054110, 226.2551948320733857 ) ) ;
#978 = EDGE_CURVE ( 'NONE', #4886, #1475, #3891, .T. ) ;
#979 = CARTESIAN_POINT ( 'NONE',  ( 193.3333333323510317, -6.765421898788464894, 365.9557577967350426 ) ) ;
#980 = CARTESIAN_POINT ( 'NONE',  ( 325.8106167516346545, -2.088172217887218185, 223.2496368466132708 ) ) ;
#981 = PLANE ( 'NONE',  #3604 ) ;
#982 = CARTESIAN_POINT ( 'NONE',  ( 579.9999999970531235, 1.086029542440168250, 373.4542763322207293 ) ) ;
#983 = CARTESIAN_POINT ( 'NONE',  ( 672.0146080650777094, -3.296287826616013827, 110.5050442647847575 ) ) ;
#984 = CARTESIAN_POINT ( 'NONE',  ( 294.2472739645753563, 10.24948333167923309, 237.7400656077364829 ) ) ;
#985 = ORIENTED_EDGE ( 'NONE', *, *, #4187, .T. ) ;
#986 = CARTESIAN_POINT ( 'NONE',  ( 300.3401636293593810, 13.68269622090644511, 264.4069360666574653 ) ) ;
#987 = CARTESIAN_POINT ( 'NONE',  ( 300.3874491757213718, 0.9515964607221159000, 221.3021004467406385 ) ) ;
#988 = EDGE_LOOP ( 'NONE', ( #5918, #1857, #1448, #3676 ) ) ;
#989 = PLANE ( 'NONE',  #112 ) ;
#990 = CARTESIAN_POINT ( 'NONE',  ( 297.5143449942109442, -5.193722696978045228, 237.0597535923870112 ) ) ;
#991 = CARTESIAN_POINT ( 'NONE',  ( 295.6560349858609698, -5.117511285842716084, 236.1081015379338623 ) ) ;
#992 = CARTESIAN_POINT ( 'NONE',  ( 295.2370945548291274, 10.10681901331098054, 233.7261398030415762 ) ) ;
#993 = DIRECTION ( 'NONE',  ( 1.000000000000000000, -0.000000000000000000, 0.000000000000000000 ) ) ;
#994 = ORIENTED_EDGE ( 'NONE', *, *, #4319, .T. ) ;
#995 = CARTESIAN_POINT ( 'NONE',  ( 290.8776136250342006, -5.154585904448867772, 252.7886445799660748 ) ) ;
#996 = VECTOR ( 'NONE', #695, 1000.000000000000000 ) ;
#997 = CARTESIAN_POINT ( 'NONE',  ( 304.4591526603981606, -14.15292128605107003, 121.4473675234209082 ) ) ;
#998 = CARTESIAN_POINT ( 'NONE',  ( 333.1826878592433445, -0.8607070287171508793, 223.5151225174040235 ) ) ;
#999 = CARTESIAN_POINT ( 'NONE',  ( -672.0146080650777094, 3.303712137621199307, 118.7115227970842426 ) ) ;
#1000 = CARTESIAN_POINT ( 'NONE',  ( 292.0323776758307304, -6.002050650524794584, 248.7044353199665920 ) ) ;
#1001 = CARTESIAN_POINT ( 'NONE',  ( 291.7109842916156026, 2.440845579612447303, 222.1256051065878125 ) ) ;
#1002 = CARTESIAN_POINT ( 'NONE',  ( 386.6666666647018928, 7.495775076190865249, 350.2880176456091590 ) ) ;
#1003 = EDGE_CURVE ( 'NONE', #761, #3902, #4407, .T. ) ;
#1004 = CARTESIAN_POINT ( 'NONE',  ( 295.6395988907379433, -2.059873287444767165, 223.9290987545874145 ) ) ;
#1005 = ORIENTED_EDGE ( 'NONE', *, *, #4074, .T. ) ;
#1006 = CARTESIAN_POINT ( 'NONE',  ( 324.2077330714799928, -0.4949730201329389234, 222.5029280341187814 ) ) ;
#1007 = CARTESIAN_POINT ( 'NONE',  ( 579.9999999970531235, -4.839072846083484869, 357.5893618452735723 ) ) ;
#1008 = CARTESIAN_POINT ( 'NONE',  ( 328.2466692199378713, -0.3862410891853534922, 222.6966072841102573 ) ) ;
#1009 = CARTESIAN_POINT ( 'NONE',  ( 324.8370945548290365, -2.829840549923115400, 222.4511443971042297 ) ) ;
#1010 = CIRCLE ( 'NONE', #3756, 1.000000000000000888 ) ;
#1011 = CARTESIAN_POINT ( 'NONE',  ( 579.9999999970533509, -4.179541867572799774, 402.5918904233845410 ) ) ;
#1012 = CARTESIAN_POINT ( 'NONE',  ( 301.0370945548290251, -14.22838507458439317, 223.2521335185208500 ) ) ;
#1013 = DIRECTION ( 'NONE',  ( 1.000000000000000000, -0.000000000000000000, 0.000000000000000000 ) ) ;
#1014 = CARTESIAN_POINT ( 'NONE',  ( 0.000000000000000000, -6.956796621827982641, 451.7784412453585219 ) ) ;
#1015 = CARTESIAN_POINT ( 'NONE',  ( 295.6035855781975101, 11.58278804822951003, 242.1137037158192697 ) ) ;
#1016 = EDGE_LOOP ( 'NONE', ( #4797, #6141, #3829, #2736, #781 ) ) ;
#1017 = ADVANCED_FACE ( 'NONE', ( #1461 ), #5786, .T. ) ;
#1018 = CARTESIAN_POINT ( 'NONE',  ( 315.0370945548290251, -10.19372269697804434, 139.4050437939080496 ) ) ;
#1019 = CARTESIAN_POINT ( 'NONE',  ( 300.3851218360801454, 0.5851049517766176988, 221.0122006244379236 ) ) ;
#1020 = ORIENTED_EDGE ( 'NONE', *, *, #614, .F. ) ;
#1021 = CARTESIAN_POINT ( 'NONE',  ( 295.2370945548290706, 3.303712137621199307, 118.7115227970842426 ) ) ;
#1022 = CARTESIAN_POINT ( 'NONE',  ( 300.0370945548290251, -10.22727322168834263, 181.3237330216490761 ) ) ;
#1023 = CARTESIAN_POINT ( 'NONE',  ( 298.2370945548290138, -3.296287826616013827, 110.5050442647847575 ) ) ;
#1024 = CARTESIAN_POINT ( 'NONE',  ( 295.2370945548288432, -2.144430749751097487, 219.2508728990797522 ) ) ;
#1025 = CARTESIAN_POINT ( 'NONE',  ( 294.2036800516727908, 5.582806903344137872, 225.3279390919649643 ) ) ;
#1026 = ORIENTED_EDGE ( 'NONE', *, *, #2516, .T. ) ;
#1027 = CARTESIAN_POINT ( 'NONE',  ( 290.8779446267227513, -5.296426959132227275, 256.8019095853527460 ) ) ;
#1028 = CARTESIAN_POINT ( 'NONE',  ( 315.0370945548290820, -14.99921657603781533, 253.9912971954705370 ) ) ;
#1029 = CARTESIAN_POINT ( 'NONE',  ( 332.5304265982929337, -2.107213530446987448, 226.7110781427607833 ) ) ;
#1030 = PLANE ( 'NONE',  #1864 ) ;
#1031 = EDGE_CURVE ( 'NONE', #761, #4012, #5204, .T. ) ;
#1032 = CARTESIAN_POINT ( 'NONE',  ( 285.9160045115255002, -0.1255189166383410548, 218.7353747739515768 ) ) ;
#1033 = CARTESIAN_POINT ( 'NONE',  ( 291.5363564782021513, 1.594238786209862146, 221.2699621671168018 ) ) ;
#1034 = CARTESIAN_POINT ( 'NONE',  ( 579.9999999970528961, 6.286797556005607746, 343.1633722646573688 ) ) ;
#1035 = EDGE_CURVE ( 'NONE', #2469, #4886, #5224, .T. ) ;
#1036 = CARTESIAN_POINT ( 'NONE',  ( 290.8709571219117151, -3.242844937220533019, 228.8643466916598754 ) ) ;
#1037 = ORIENTED_EDGE ( 'NONE', *, *, #1926, .T. ) ;
#1038 = CARTESIAN_POINT ( 'NONE',  ( 324.2099529793993042, -0.5489432564801308700, 222.5428907106599468 ) ) ;
#1039 = CARTESIAN_POINT ( 'NONE',  ( 193.3333333323510317, -7.065133105652460443, 317.1447508523514784 ) ) ;
#1040 = CARTESIAN_POINT ( 'NONE',  ( 328.2674663203645764, 0.03148854105810141440, 222.5947054633534208 ) ) ;
#1041 = CARTESIAN_POINT ( 'NONE',  ( 324.8058130838627449, -4.464155332259489128, 228.5019534826032555 ) ) ;
#1042 = CARTESIAN_POINT ( 'NONE',  ( 0.000000000000000000, -6.956796621827982641, 451.7784412453585219 ) ) ;
#1043 = CARTESIAN_POINT ( 'NONE',  ( 305.0370945551198929, -14.24085875087059705, 212.7663978163147931 ) ) ;
#1044 = FACE_BOUND ( 'NONE', #4185, .T. ) ;
#1045 = CARTESIAN_POINT ( 'NONE',  ( 579.9999999970532372, -4.761979561952836448, 372.7162503368264197 ) ) ;
#1046 = CARTESIAN_POINT ( 'NONE',  ( 296.1549220364487383, 11.80581371901430998, 244.3566658708378441 ) ) ;
#1047 = DIRECTION ( 'NONE',  ( 0.000000000000000000, 0.000000000000000000, -1.000000000000000000 ) ) ;
#1048 = CARTESIAN_POINT ( 'NONE',  ( 300.3858887820794621, 0.6745002720893249482, 221.0805121866934542 ) ) ;
#1049 = ORIENTED_EDGE ( 'NONE', *, *, #5026, .T. ) ;
#1050 = CARTESIAN_POINT ( 'NONE',  ( 301.0370945548290820, -10.22698110815169414, 181.0737207009941017 ) ) ;
#1051 = CARTESIAN_POINT ( 'NONE',  ( 305.0370945548290251, -15.20390118887569386, 160.3591685903359974 ) ) ;
#1052 = DIRECTION ( 'NONE',  ( 0.000000000000000000, 1.000000000000000000, -0.000000000000000000 ) ) ;
#1053 = CARTESIAN_POINT ( 'NONE',  ( 320.0370945548290251, -9.821662852354300810, 264.4069360666575221 ) ) ;
#1054 = CARTESIAN_POINT ( 'NONE',  ( 294.1936316029375007, 3.286457290832609957, 221.7983513309839907 ) ) ;
#1055 = VERTEX_POINT ( 'NONE', #1426 ) ;
#1056 = CIRCLE ( 'NONE', #6244, 3.000000000000002665 ) ;
#1057 = CARTESIAN_POINT ( 'NONE',  ( 320.0057748528787442, -5.197288165566476437, 239.3898498881676176 ) ) ;
#1058 = CARTESIAN_POINT ( 'NONE',  ( 315.0370945548290820, -14.92583409825075869, 259.1997478315487911 ) ) ;
#1059 = CARTESIAN_POINT ( 'NONE',  ( 333.0999166683924386, -1.073463677202771693, 223.9206855469052755 ) ) ;
#1060 = CARTESIAN_POINT ( 'NONE',  ( 315.0370945545382142, -15.22838629037986280, 223.2545978721547044 ) ) ;
#1061 = CARTESIAN_POINT ( 'NONE',  ( 295.2370945548204304, -0.8839305545679952969, 219.6053517992170612 ) ) ;
#1062 = CARTESIAN_POINT ( 'NONE',  ( 299.5761377362367739, 13.34842827923663044, 260.6633550858009016 ) ) ;
#1063 = CIRCLE ( 'NONE', #5442, 1.000000000000000000 ) ;
#1064 = CARTESIAN_POINT ( 'NONE',  ( 386.6666666647018360, -5.188915455063127347, 422.9413900255781300 ) ) ;
#1065 = CARTESIAN_POINT ( 'NONE',  ( 290.8702849318489712, -3.082266530135529425, 227.8811500245369928 ) ) ;
#1066 = ORIENTED_EDGE ( 'NONE', *, *, #1335, .T. ) ;
#1067 = EDGE_CURVE ( 'NONE', #4810, #3870, #2836, .T. ) ;
#1068 = EDGE_CURVE ( 'NONE', #3647, #2028, #2565, .T. ) ;
#1069 = CARTESIAN_POINT ( 'NONE',  ( 319.6196562807454029, -0.6498725525554623905, 222.3284398743730605 ) ) ;
#1070 = CARTESIAN_POINT ( 'NONE',  ( 193.3333333323509464, -7.154764304304089606, 292.9608285418079276 ) ) ;
#1071 = CARTESIAN_POINT ( 'NONE',  ( 327.2788688731214961, -2.414318021745028187, 227.4386441760823345 ) ) ;
#1072 = CARTESIAN_POINT ( 'NONE',  ( 324.8370945548291502, -3.413378223335842954, 223.8922625778107545 ) ) ;
#1073 = B_SPLINE_CURVE_WITH_KNOTS ( 'NONE', 3,
 ( #6174, #404, #5325, #5690, #6241, #2422, #3830, #5762, #1404, #5290, #4811, #6278 ),
 .UNSPECIFIED., .F., .F.,
 ( 4, 2, 2, 2, 2, 4 ),
 ( 0.05683901861460118055, 0.07244253015503401838, 0.08804604169546693948, 0.1192530647763327956, 0.1504600878571986100, 0.1816671109380644800 ),
 .UNSPECIFIED. ) ;
#1074 = CARTESIAN_POINT ( 'NONE',  ( 193.3333333323510885, -6.494676812344354566, 415.8765459913967675 ) ) ;
#1075 = LINE ( 'NONE', #4019, #2812 ) ;
#1076 = AXIS2_PLACEMENT_3D ( 'NONE', #242, #4142, #2723 ) ;
#1077 = CARTESIAN_POINT ( 'NONE',  ( 317.8370945548289797, 0.000000000000000000, 0.000000000000000000 ) ) ;
#1078 = CARTESIAN_POINT ( 'NONE',  ( 386.6666666647022339, -5.677728190836611510, 385.5240380374953020 ) ) ;
#1079 = CARTESIAN_POINT ( 'NONE',  ( 295.4607142405947116, 11.50702754478095180, 242.9221505962897254 ) ) ;
#1080 =( LENGTH_UNIT ( ) NAMED_UNIT ( * ) SI_UNIT ( .MILLI., .METRE. ) );
#1081 = EDGE_CURVE ( 'NONE', #129, #1952, #2854, .T. ) ;
#1082 = CARTESIAN_POINT ( 'NONE',  ( 295.6080462202095873, 0.6792617402187278719, 220.7613688555812246 ) ) ;
#1083 = ORIENTED_EDGE ( 'NONE', *, *, #5716, .F. ) ;
#1084 = B_SPLINE_CURVE_WITH_KNOTS ( 'NONE', 3,
 ( #5972, #6004, #1154, #253, #2644, #4098, #5578, #6034, #1663, #2195, #758, #3615, #1718, #5552, #3129, #2083, #1182, #4038, #2167, #4127, #1691, #1610, #3159, #6182, #3701, #6119, #1813, #280, #311, #5664, #4687, #2258 ),
 .UNSPECIFIED., .F., .F.,
 ( 4, 2, 2, 2, 2, 2, 2, 2, 2, 2, 2, 2, 2, 2, 2, 4 ),
 ( 0.000000000000000000, 0.01252532134130471958, 0.01878798201195698223, 0.02505064268260924487, 0.03131330335326151099, 0.03444463368858761976, 0.03757596402391373547, 0.04070729435923985118, 0.04227295952690289516, 0.04383862469456593913, 0.04540428986222899005, 0.04696995502989203403, 0.04853562019755507800, 0.04931845278138659999, 0.04970986907330235405, 0.05010128536521810116 ),
 .UNSPECIFIED. ) ;
#1085 = CARTESIAN_POINT ( 'NONE',  ( 315.0370945548290251, -10.19372269697804434, 139.4050437939080496 ) ) ;
#1086 = CARTESIAN_POINT ( 'NONE',  ( 305.0370945545381574, -15.24079400149698138, 191.7988207213690828 ) ) ;
#1087 = CARTESIAN_POINT ( 'NONE',  ( 294.2169388987331899, -3.233930109502320072, 224.2540302971125072 ) ) ;
#1088 = CARTESIAN_POINT ( 'NONE',  ( 320.0370945548289683, -10.15183068828628876, 264.4069360666574084 ) ) ;
#1089 = CARTESIAN_POINT ( 'NONE',  ( 294.2146634343281448, 9.846406979727651887, 236.3213951211293136 ) ) ;
#1090 = ORIENTED_EDGE ( 'NONE', *, *, #5240, .T. ) ;
#1091 = CARTESIAN_POINT ( 'NONE',  ( 312.2370945548290138, -0.6962878623788025800, 128.5328006421047178 ) ) ;
#1092 = CARTESIAN_POINT ( 'NONE',  ( 330.7917383395773641, -3.746942815272667815, 235.2303185972498625 ) ) ;
#1093 = CARTESIAN_POINT ( 'NONE',  ( 326.3885046812228552, 13.47124271264177509, 256.8053226986331765 ) ) ;
#1094 = VECTOR ( 'NONE', #4818, 1000.000000000000000 ) ;
#1095 = CARTESIAN_POINT ( 'NONE',  ( 294.1773622214025750, -0.8235225993532049316, 219.5014132527410027 ) ) ;
#1096 = CARTESIAN_POINT ( 'NONE',  ( 292.7034081807810253, 5.364952385660064493, 226.9882926540523158 ) ) ;
#1097 = CARTESIAN_POINT ( 'NONE',  ( 0.000000000000000000, -7.705051474660509214, 374.2669285172183891 ) ) ;
#1098 = CARTESIAN_POINT ( 'NONE',  ( 295.6520532970055228, -4.006084244094909153, 235.0523922635711358 ) ) ;
#1099 = EDGE_LOOP ( 'NONE', ( #2441, #1274 ) ) ;
#1100 = CARTESIAN_POINT ( 'NONE',  ( 333.4283329025683429, -1.635286159485201951, 225.3775515869220953 ) ) ;
#1101 = CARTESIAN_POINT ( 'NONE',  ( 294.2124755489367658, -2.568290312455058011, 222.2669913239542723 ) ) ;
#1102 = CARTESIAN_POINT ( 'NONE',  ( 328.2240796457214742, 0.4683174113944386097, 222.8072918841543810 ) ) ;
#1103 = CARTESIAN_POINT ( 'NONE',  ( 324.8370945548290933, -2.691784206605303265, 222.1735976694045860 ) ) ;
#1104 = B_SPLINE_CURVE_WITH_KNOTS ( 'NONE', 3,
 ( #2624, #6100, #5559, #1731, #4133, #1252, #767, #4552, #3196, #5137, #3593, #4576 ),
 .UNSPECIFIED., .F., .F.,
 ( 4, 2, 2, 2, 2, 4 ),
 ( 0.000000000000000000, 0.03125152312479959060, 0.06250304624959918121, 0.09375456937439877181, 0.1093803309367985255, 0.1250060924991981959 ),
 .UNSPECIFIED. ) ;
#1105 = CARTESIAN_POINT ( 'NONE',  ( 579.9999999970532372, -4.690623640227411073, 385.3875012641357216 ) ) ;
#1106 = CARTESIAN_POINT ( 'NONE',  ( 325.7732047326380211, -0.5387749752720256691, 221.4899062054343517 ) ) ;
#1107 = CARTESIAN_POINT ( 'NONE',  ( 295.2370945548290706, 10.80627730302193612, 105.0050425958546754 ) ) ;
#1108 = CARTESIAN_POINT ( 'NONE',  ( 386.6666666647018928, -5.720178202154572844, 376.8193992500837339 ) ) ;
#1109 = CARTESIAN_POINT ( 'NONE',  ( 294.4542601970197779, 10.80560454268074366, 239.8735895834589655 ) ) ;
#1110 = VECTOR ( 'NONE', #1317, 1000.000000000000000 ) ;
#1111 = CARTESIAN_POINT ( 'NONE',  ( 290.8212451516709507, 0.1461959756289474277, 220.1087807258458895 ) ) ;
#1112 = ORIENTED_EDGE ( 'NONE', *, *, #5789, .F. ) ;
#1113 = CARTESIAN_POINT ( 'NONE',  ( 323.8286282028669802, -5.197203401353557517, 239.7779621052477808 ) ) ;
#1114 = DIRECTION ( 'NONE',  ( 0.000000000000000000, -1.000000000000000000, -5.551115123125782702E-15 ) ) ;
#1115 = CARTESIAN_POINT ( 'NONE',  ( 294.2183749650056939, -3.389133045709137537, 224.7861704155817222 ) ) ;
#1116 = CARTESIAN_POINT ( 'NONE',  ( 295.2370945548289001, -3.189448270781077177, 221.0997888377297329 ) ) ;
#1117 = EDGE_CURVE ( 'NONE', #2460, #4748, #3048, .T. ) ;
#1118 = PLANE ( 'NONE',  #2678 ) ;
#1119 = ORIENTED_EDGE ( 'NONE', *, *, #3496, .F. ) ;
#1120 = CARTESIAN_POINT ( 'NONE',  ( 320.0370945548291957, -5.788260942831083611, 247.9560843616341970 ) ) ;
#1121 = CARTESIAN_POINT ( 'NONE',  ( 319.0370945548290251, -5.194920509643987216, 239.2635895128611310 ) ) ;
#1122 = AXIS2_PLACEMENT_3D ( 'NONE', #3313, #5259, #3728 ) ;
#1123 = DIRECTION ( 'NONE',  ( -0.000000000000000000, -5.551115123125782702E-15, 1.000000000000000000 ) ) ;
#1124 = AXIS2_PLACEMENT_3D ( 'NONE', #2019, #2587, #3975 ) ;
#1125 = CARTESIAN_POINT ( 'NONE',  ( 295.2370945548375403, -0.3334736848441182122, 219.3869606984355585 ) ) ;
#1126 = B_SPLINE_CURVE_WITH_KNOTS ( 'NONE', 3,
 ( #4268, #5792, #1362, #5249, #1293, #5755, #5212, #1432, #4236, #1833, #3374, #2894, #4302, #6235, #5284, #914, #4838, #2416 ),
 .UNSPECIFIED., .F., .F.,
 ( 4, 2, 2, 2, 2, 2, 2, 2, 4 ),
 ( 0.000000000000000000, 0.002106349528817778611, 0.004212699057635557222, 0.006319048586453335399, 0.007372223350862172446, 0.007898810733066549336, 0.008162104424168739950, 0.008293751269719869951, 0.008425398115271001687 ),
 .UNSPECIFIED. ) ;
#1127 = CARTESIAN_POINT ( 'NONE',  ( 305.0370945548289683, -14.19372269697788091, 109.4050437939080354 ) ) ;
#1128 = EDGE_CURVE ( 'NONE', #4787, #459, #283, .T. ) ;
#1129 = CARTESIAN_POINT ( 'NONE',  ( 286.0828999146270348, -1.923604462772515067, 222.8585625086414836 ) ) ;
#1130 = VERTEX_POINT ( 'NONE', #4297 ) ;
#1131 = CARTESIAN_POINT ( 'NONE',  ( 324.2346923450279519, -1.138168851069105703, 223.4652183749560947 ) ) ;
#1132 = CARTESIAN_POINT ( 'NONE',  ( 193.3333333323509464, -5.898521906545276750, 234.5410815672917408 ) ) ;
#1133 = CARTESIAN_POINT ( 'NONE',  ( 319.6472938814030726, 10.27263354554915153, 244.0649343480714606 ) ) ;
#1134 = CARTESIAN_POINT ( 'NONE',  ( 324.4724094796058012, -4.973938429851763487, 235.2646507165754315 ) ) ;
#1135 = CARTESIAN_POINT ( 'NONE',  ( 579.9999999970528961, -4.260065142064195953, 254.4223368971198056 ) ) ;
#1136 = DIRECTION ( 'NONE',  ( 0.000000000000000000, 1.576542137387265747E-16, -1.000000000000000000 ) ) ;
#1137 = CARTESIAN_POINT ( 'NONE',  ( 193.3333333323510885, 12.62964796733158579, 238.6057420120377230 ) ) ;
#1138 = CARTESIAN_POINT ( 'NONE',  ( 193.3333333323510885, -6.593476819720387461, 398.3318257381640706 ) ) ;
#1139 = CARTESIAN_POINT ( 'NONE',  ( 324.8370945548116993, 4.146412186772641562, 225.0749929941608229 ) ) ;
#1140 = CARTESIAN_POINT ( 'NONE',  ( 286.0401487593898082, -0.1297163706703226282, 219.7573494408561032 ) ) ;
#1141 = EDGE_LOOP ( 'NONE', ( #312, #3486, #4099 ) ) ;
#1142 = CARTESIAN_POINT ( 'NONE',  ( 0.000000000000000000, 6.360022959421542055, 205.8840378691750175 ) ) ;
#1143 = CARTESIAN_POINT ( 'NONE',  ( 291.4189160805193524, -3.157687613863249996E-11, 219.1087210056074071 ) ) ;
#1144 = CARTESIAN_POINT ( 'NONE',  ( 299.2370945548290138, 8.303712137621197087, 104.0050425958546754 ) ) ;
#1145 = CARTESIAN_POINT ( 'NONE',  ( 294.2083608774679533, 7.069370070948059137, 228.3619730708838063 ) ) ;
#1146 = ORIENTED_EDGE ( 'NONE', *, *, #5239, .T. ) ;
#1147 = AXIS2_PLACEMENT_3D ( 'NONE', #1339, #2804, #5230 ) ;
#1148 = DIRECTION ( 'NONE',  ( 0.000000000000000000, 1.000000000000000000, 5.551115123125778758E-15 ) ) ;
#1149 = CARTESIAN_POINT ( 'NONE',  ( 325.7790224537966424, 0.8239896621089508599, 221.6744201479651508 ) ) ;
#1150 = VECTOR ( 'NONE', #2833, 1000.000000000000000 ) ;
#1151 = CARTESIAN_POINT ( 'NONE',  ( 319.0370945548290251, -9.806533276961731715, 265.1568107131930674 ) ) ;
#1152 = CARTESIAN_POINT ( 'NONE',  ( 320.0370945548289683, -14.80548665854720447, 265.2591097294892393 ) ) ;
#1153 = CARTESIAN_POINT ( 'NONE',  ( 294.2114729589348485, -2.314476573581812691, 221.6077158613508118 ) ) ;
#1154 = CARTESIAN_POINT ( 'NONE',  ( 293.5732658045149037, 13.92353646698506786, 256.2544929084525620 ) ) ;
#1155 = AXIS2_PLACEMENT_3D ( 'NONE', #2464, #384, #3430 ) ;
#1156 = CARTESIAN_POINT ( 'NONE',  ( 300.4312373235189284, -4.357561882173707879, 239.2687343378677838 ) ) ;
#1157 = EDGE_CURVE ( 'NONE', #5289, #4886, #4058, .T. ) ;
#1158 = ORIENTED_EDGE ( 'NONE', *, *, #3146, .T. ) ;
#1159 = CARTESIAN_POINT ( 'NONE',  ( 328.8349975165359638, -1.949385114581734468, 225.9524807666619211 ) ) ;
#1160 = CYLINDRICAL_SURFACE ( 'NONE', #4621, 1.000000000000000888 ) ;
#1161 = CARTESIAN_POINT ( 'NONE',  ( 324.2381847522199223, 7.985780623042304960, 236.0134105875985711 ) ) ;
#1162 = CARTESIAN_POINT ( 'NONE',  ( 323.0125264917585355, 3.443088007130913120, 248.3429071604394096 ) ) ;
#1163 = CARTESIAN_POINT ( 'NONE',  ( 193.3333333323510317, 16.69263255009156666, 271.4737103024625640 ) ) ;
#1164 = CARTESIAN_POINT ( 'NONE',  ( 579.9999999970531235, -5.113217040306552441, 280.3723710342515005 ) ) ;
#1165 = CARTESIAN_POINT ( 'NONE',  ( 325.7968325858412300, 3.779161192542281000, 224.6126177516347013 ) ) ;
#1166 = CARTESIAN_POINT ( 'NONE',  ( 300.3769302754105865, 0.1424046127797987393, 220.7505328774043107 ) ) ;
#1167 = ORIENTED_EDGE ( 'NONE', *, *, #1777, .T. ) ;
#1168 = CARTESIAN_POINT ( 'NONE',  ( 296.1831743723295745, -5.192333696770573326, 236.8933372705379554 ) ) ;
#1169 = CARTESIAN_POINT ( 'NONE',  ( 579.9999999970532372, 10.96949398281568300, 268.3083701022954415 ) ) ;
#1170 = DIRECTION ( 'NONE',  ( -0.000000000000000000, -5.551115123125782702E-15, 1.000000000000000000 ) ) ;
#1171 = FACE_OUTER_BOUND ( 'NONE', #1725, .T. ) ;
#1172 = CARTESIAN_POINT ( 'NONE',  ( 319.5312408522149781, -12.03793585112502029, 264.4069360666575221 ) ) ;
#1173 = CARTESIAN_POINT ( 'NONE',  ( 294.4477806083272640, 13.41406657941228353, 260.5394484531519765 ) ) ;
#1174 = ORIENTED_EDGE ( 'NONE', *, *, #7, .T. ) ;
#1175 = CARTESIAN_POINT ( 'NONE',  ( 295.6474140717575096, 13.80243002841228339, 264.9856323925886272 ) ) ;
#1176 = CARTESIAN_POINT ( 'NONE',  ( 325.8151351791095180, 9.843776188911162350, 238.8629461608671818 ) ) ;
#1177 = B_SPLINE_CURVE_WITH_KNOTS ( 'NONE', 3,
 ( #308, #4312, #6246, #3243, #1880, #6212, #2254, #4279, #5187, #341, #5631, #5766, #2731, #1843, #1408, #3349, #2871, #5294, #2798, #2222, #1269, #785 ),
 .UNSPECIFIED., .F., .F.,
 ( 4, 2, 2, 2, 2, 2, 2, 2, 2, 2, 4 ),
 ( 1.035686444645945625E-12, 0.001378809428921073726, 0.002757618856806460725, 0.004136428284691848374, 0.005515237712577235156, 0.008272856568348049486, 0.01103047542411886295, 0.01378809427988967815, 0.01654571313566048987, 0.01930333199143130160, 0.02206095084720211680 ),
 .UNSPECIFIED. ) ;
#1178 = CARTESIAN_POINT ( 'NONE',  ( 309.0086674300828236, 3.303712024074804798, 107.7050437324981260 ) ) ;
#1179 = CARTESIAN_POINT ( 'NONE',  ( 300.0370945548290820, -10.22939342841168653, 222.7423979513591803 ) ) ;
#1180 = CARTESIAN_POINT ( 'NONE',  ( 317.8370945548289797, 3.303712024074804798, 107.7050437324981260 ) ) ;
#1181 = CARTESIAN_POINT ( 'NONE',  ( 294.1902982227126131, -1.415398730640769820, 219.9402860133010904 ) ) ;
#1182 = CARTESIAN_POINT ( 'NONE',  ( 287.1301065367808860, 5.495911635305848364, 224.6842428574514372 ) ) ;
#1183 = CARTESIAN_POINT ( 'NONE',  ( 318.4988075371477407, -12.25667363890800132, 115.1799221709109275 ) ) ;
#1184 = VECTOR ( 'NONE', #2940, 1000.000000000000000 ) ;
#1185 = ORIENTED_EDGE ( 'NONE', *, *, #4470, .F. ) ;
#1186 = CARTESIAN_POINT ( 'NONE',  ( 324.2353183614399654, -1.181315807744515389, 223.5693460111042725 ) ) ;
#1187 = EDGE_CURVE ( 'NONE', #4616, #3647, #5988, .T. ) ;
#1188 = LINE ( 'NONE', #4014, #5221 ) ;
#1189 = CARTESIAN_POINT ( 'NONE',  ( 333.4293451273789515, 8.199401870338229870, 237.4287216143032140 ) ) ;
#1190 = CARTESIAN_POINT ( 'NONE',  ( 323.8370945548290365, -4.193722696978042563, 105.0050425958546754 ) ) ;
#1191 = CARTESIAN_POINT ( 'NONE',  ( 0.000000000000000000, 18.32930396932231787, 256.2623385660224926 ) ) ;
#1192 = CARTESIAN_POINT ( 'NONE',  ( 193.3333333323509748, -6.706862923142622002, 250.7127431795906887 ) ) ;
#1193 = FACE_OUTER_BOUND ( 'NONE', #748, .T. ) ;
#1194 = B_SPLINE_CURVE_WITH_KNOTS ( 'NONE', 3,
 ( #4281, #4476, #5004, #636, #74, #1116, #509, #2553, #573, #1567, #1024, #3484, #46, #3065, #3940, #4506, #5933, #1538, #3575, #4030, #3515, #5455, #3454, #1511, #5393, #2103, #4913, #5963, #1600, #3547, #2015, #4941, #2522, #5485, #5423, #1626, #2583, #4536, #102, #4059, #5996, #992, #2047, #540 ),
 .UNSPECIFIED., .F., .F.,
 ( 4, 2, 2, 2, 2, 2, 2, 2, 2, 2, 2, 2, 2, 2, 2, 2, 2, 2, 2, 2, 2, 4 ),
 ( 8.673617379884035472E-19, 0.001826803831374420586, 0.002740205747061591739, 0.003653607662748762242, 0.004567009578435933179, 0.005480411494123104549, 0.005937112451966689367, 0.006393813409810275052, 0.007307215325497444687, 0.007763916283341032974, 0.008220617241184620394, 0.008677318199028210416, 0.009134019156871800438, 0.01004742107255897701, 0.01096082298824615706, 0.01278762681962056919, 0.01461443065099498478, 0.01644123448236939691, 0.01826803831374381251, 0.02192164597649256391, 0.02557525363924131531, 0.02922886130199006671 ),
 .UNSPECIFIED. ) ;
#1195 = CARTESIAN_POINT ( 'NONE',  ( 290.8196363724541698, 0.09280921383013804316, 220.0907680092671512 ) ) ;
#1196 = ORIENTED_EDGE ( 'NONE', *, *, #4193, .T. ) ;
#1197 = DIRECTION ( 'NONE',  ( 0.000000000000000000, 1.576542137387265747E-16, -1.000000000000000000 ) ) ;
#1198 = CARTESIAN_POINT ( 'NONE',  ( 579.9999999970530098, 0.4218217482621807735, 238.5244780359223853 ) ) ;
#1199 = CARTESIAN_POINT ( 'NONE',  ( 299.2370945548290138, 7.303712137621197087, 128.5328006421047178 ) ) ;
#1200 = FACE_OUTER_BOUND ( 'NONE', #421, .T. ) ;
#1201 = EDGE_CURVE ( 'NONE', #1848, #3865, #270, .T. ) ;
#1202 = DIRECTION ( 'NONE',  ( 0.000000000000000000, 0.000000000000000000, 1.000000000000000000 ) ) ;
#1203 = ORIENTED_EDGE ( 'NONE', *, *, #2757, .F. ) ;
#1204 = CARTESIAN_POINT ( 'NONE',  ( 579.9999999970531235, -4.886162747044378918, 349.3334163557685201 ) ) ;
#1205 =( BOUNDED_SURFACE ( )  B_SPLINE_SURFACE ( 3, 2, ( 
 ( #43, #72, #1916 ),
 ( #442, #4414, #5361 ),
 ( #990, #2013, #2937 ),
 ( #2457, #2391, #5931 ) ),
 .UNSPECIFIED., .F., .F., .T. ) 
 B_SPLINE_SURFACE_WITH_KNOTS ( ( 4, 4 ),
 ( 3, 3 ),
 ( 0.02388758671457498484, 0.02773770867433939316 ),
 ( 0.000000000000000000, 1.000000000000000000 ),
 .UNSPECIFIED. ) 
 GEOMETRIC_REPRESENTATION_ITEM ( )  RATIONAL_B_SPLINE_SURFACE ( (
 ( 1.000000000000000000, 0.9989915675379545945, 1.000000000000000000),
 ( 1.000000000000000000, 0.9989837979804834234, 1.000000000000000000),
 ( 1.000000000000000000, 0.9989759744504930206, 1.000000000000000000),
 ( 1.000000000000000000, 0.9989680989227610608, 1.000000000000000000) ) ) 
 REPRESENTATION_ITEM ( '' )  SURFACE ( )  );
#1206 = CARTESIAN_POINT ( 'NONE',  ( 301.0370945548290251, -10.19372269697787736, 109.4050437939080638 ) ) ;
#1207 = CARTESIAN_POINT ( 'NONE',  ( 324.6028345073848413, 11.45188527192932071, 243.6437238889386379 ) ) ;
#1208 = DIRECTION ( 'NONE',  ( 0.000000000000000000, -1.000000000000000000, 0.000000000000000000 ) ) ;
#1209 = CARTESIAN_POINT ( 'NONE',  ( 320.8491768785103773, 3.443088007130912676, 258.9429071604394608 ) ) ;
#1210 = CARTESIAN_POINT ( 'NONE',  ( 300.9202413476299398, -5.197733513027703367, 237.4851244387350846 ) ) ;
#1211 = CARTESIAN_POINT ( 'NONE',  ( 294.2146634343280880, 9.846406979727669651, 236.3213951211293704 ) ) ;
#1212 = DIRECTION ( 'NONE',  ( 1.000000000000000000, -0.000000000000000000, 0.000000000000000000 ) ) ;
#1213 = UNCERTAINTY_MEASURE_WITH_UNIT (LENGTH_MEASURE( 1.000000000000000082E-05 ), #1651, 'distance_accuracy_value', 'NONE');
#1214 = CARTESIAN_POINT ( 'NONE',  ( 324.8370945548290365, 10.90428457174746590, 239.2903136487861673 ) ) ;
#1215 = VECTOR ( 'NONE', #3320, 1000.000000000000000 ) ;
#1216 = ORIENTED_EDGE ( 'NONE', *, *, #173, .F. ) ;
#1217 = CARTESIAN_POINT ( 'NONE',  ( 319.6372877048349892, -1.059007407161054681, 222.9705055726828959 ) ) ;
#1218 = CARTESIAN_POINT ( 'NONE',  ( 579.9999999970527824, -0.3259142469249645679, 238.5046831896317201 ) ) ;
#1219 = ADVANCED_FACE ( 'NONE', ( #976 ), #3367, .F. ) ;
#1220 = CARTESIAN_POINT ( 'NONE',  ( 305.0370945548290251, -14.19372269697804612, 139.4050437939080496 ) ) ;
#1221 = ADVANCED_FACE ( 'NONE', ( #6010 ), #5406, .T. ) ;
#1222 = CARTESIAN_POINT ( 'NONE',  ( 295.2370945548290706, 10.80627730302193790, 105.0050425958546754 ) ) ;
#1223 = CARTESIAN_POINT ( 'NONE',  ( 579.9999999970531235, 12.08411726914921047, 295.3193184898788672 ) ) ;
#1224 = CARTESIAN_POINT ( 'NONE',  ( 579.9999999970531235, -5.102621935511616691, 314.0808441813599075 ) ) ;
#1225 = CARTESIAN_POINT ( 'NONE',  ( 300.0370945548290251, -5.193722696978042563, 139.4050437939080780 ) ) ;
#1226 = CARTESIAN_POINT ( 'NONE',  ( 295.6021933640186035, 0.2709571639924351349, 220.4883645383446265 ) ) ;
#1227 = CARTESIAN_POINT ( 'NONE',  ( 313.2370945548290138, 3.303712137621160227, 110.5050442647847433 ) ) ;
#1228 = CARTESIAN_POINT ( 'NONE',  ( 0.000000000000000000, 17.29793299244946070, 246.4975142672712138 ) ) ;
#1229 = CARTESIAN_POINT ( 'NONE',  ( 324.8370945548289228, 7.578957415664274500, 229.3717116754765755 ) ) ;
#1230 = CARTESIAN_POINT ( 'NONE',  ( 300.0370945548289683, -5.197754948488007010, 237.3982535195826244 ) ) ;
#1231 = ORIENTED_EDGE ( 'NONE', *, *, #1637, .F. ) ;
#1232 = ORIENTED_EDGE ( 'NONE', *, *, #5061, .T. ) ;
#1233 = CARTESIAN_POINT ( 'NONE',  ( 386.6666666647020634, -6.153661249499089436, 284.8637153941359657 ) ) ;
#1234 = CARTESIAN_POINT ( 'NONE',  ( 296.2370945548290706, -5.193722696978042563, 105.0050425958546754 ) ) ;
#1235 = CARTESIAN_POINT ( 'NONE',  ( 324.1422087415729720, 11.76074949379434464, 246.4150041209130393 ) ) ;
#1236 = CARTESIAN_POINT ( 'NONE',  ( 331.4299991370406815, 6.382546505848393892, 232.1029625695054506 ) ) ;
#1237 = FACE_OUTER_BOUND ( 'NONE', #5554, .T. ) ;
#1238 = DIRECTION ( 'NONE',  ( -0.000000000000000000, 0.000000000000000000, -1.000000000000000000 ) ) ;
#1239 = VECTOR ( 'NONE', #3186, 1000.000000000000000 ) ;
#1240 = DIRECTION ( 'NONE',  ( -0.000000000000000000, -5.551115123125782702E-15, 1.000000000000000000 ) ) ;
#1241 = ORIENTED_EDGE ( 'NONE', *, *, #3606, .F. ) ;
#1242 = CARTESIAN_POINT ( 'NONE',  ( 316.8116984766934365, -13.41661427413687235, 264.4069360666574653 ) ) ;
#1243 = ORIENTED_EDGE ( 'NONE', *, *, #5619, .T. ) ;
#1244 = CARTESIAN_POINT ( 'NONE',  ( 193.3333333323510317, -7.065133105652460443, 317.1447508523514784 ) ) ;
#1245 = CARTESIAN_POINT ( 'NONE',  ( 328.8475725722944958, -3.845638750952548701, 236.5849022272706463 ) ) ;
#1246 = CARTESIAN_POINT ( 'NONE',  ( 324.2417505303105258, 9.779665348841433570, 242.4362112653511474 ) ) ;
#1247 = CARTESIAN_POINT ( 'NONE',  ( 386.6666666647020634, 9.079703889018317042, 340.5423409009899274 ) ) ;
#1248 = EDGE_CURVE ( 'NONE', #3252, #3571, #4919, .T. ) ;
#1249 = AXIS2_PLACEMENT_3D ( 'NONE', #4405, #2417, #4904 ) ;
#1250 = EDGE_CURVE ( 'NONE', #5357, #4012, #3703, .T. ) ;
#1251 = CARTESIAN_POINT ( 'NONE',  ( 333.3997040715117350, 0.7230299579053502956, 223.3477899072668151 ) ) ;
#1252 = CARTESIAN_POINT ( 'NONE',  ( 315.0370945548290251, -14.24118861135660019, 212.3252489699790146 ) ) ;
#1253 = CARTESIAN_POINT ( 'NONE',  ( 386.6666666647022339, -4.098509801975090738, 416.3470041637490908 ) ) ;
#1254 = CARTESIAN_POINT ( 'NONE',  ( 193.3333333323510317, -7.065133105652460443, 317.1447508523514784 ) ) ;
#1255 = CARTESIAN_POINT ( 'NONE',  ( 324.8370945549305020, 8.031980947304989016, 233.0976123866648777 ) ) ;
#1256 = AXIS2_PLACEMENT_3D ( 'NONE', #5759, #471, #5796 ) ;
#1257 = CARTESIAN_POINT ( 'NONE',  ( 290.8401419877217222, -0.7501171901598542302, 220.4815378966114281 ) ) ;
#1258 = CARTESIAN_POINT ( 'NONE',  ( 296.1354559390396730, -5.188616056245429320, 236.8024162690666401 ) ) ;
#1259 = CARTESIAN_POINT ( 'NONE',  ( 386.6666666647020634, 1.630679500242952162, 226.3321464418616529 ) ) ;
#1260 = CARTESIAN_POINT ( 'NONE',  ( 319.9380818950209004, -30.00000000000000000, 263.4070986003466714 ) ) ;
#1261 = DIRECTION ( 'NONE',  ( -0.000000000000000000, -2.102695133789802685E-15, -1.000000000000000000 ) ) ;
#1262 = CARTESIAN_POINT ( 'NONE',  ( 292.0976991122768709, 11.81587440156813074, 249.0244978850226119 ) ) ;
#1263 = ADVANCED_FACE ( 'NONE', ( #4892 ), #3978, .F. ) ;
#1264 = ORIENTED_EDGE ( 'NONE', *, *, #3379, .F. ) ;
#1265 = ORIENTED_EDGE ( 'NONE', *, *, #2335, .F. ) ;
#1266 = CARTESIAN_POINT ( 'NONE',  ( 193.3333333323509180, -6.294774974397376432, 429.2302680798250663 ) ) ;
#1267 = CARTESIAN_POINT ( 'NONE',  ( 290.8619553027814959, 9.180527954530193213, 237.2779230401435484 ) ) ;
#1268 = CARTESIAN_POINT ( 'NONE',  ( 324.6893483708047370, 11.63027808373447769, 246.1302517846550870 ) ) ;
#1269 = CARTESIAN_POINT ( 'NONE',  ( 304.7672428545171783, -15.19372269697793598, 131.4375114548764429 ) ) ;
#1270 = CARTESIAN_POINT ( 'NONE',  ( 315.0370945548290251, -14.19372269697804612, 139.4050437939080211 ) ) ;
#1271 = DIRECTION ( 'NONE',  ( 0.000000000000000000, 0.000000000000000000, -1.000000000000000000 ) ) ;
#1272 = AXIS2_PLACEMENT_3D ( 'NONE', #1681, #5569, #719 ) ;
#1273 = CARTESIAN_POINT ( 'NONE',  ( 307.0370946478981296, -6.364676413237694952, 264.4069360705271379 ) ) ;
#1274 = ORIENTED_EDGE ( 'NONE', *, *, #3073, .T. ) ;
#1275 = CARTESIAN_POINT ( 'NONE',  ( 316.0504610450351493, -14.06412045918493270, 121.0209031258587800 ) ) ;
#1276 = DIRECTION ( 'NONE',  ( -1.000000000000000000, 0.000000000000000000, -0.000000000000000000 ) ) ;
#1277 = ORIENTED_EDGE ( 'NONE', *, *, #4466, .T. ) ;
#1278 = CARTESIAN_POINT ( 'NONE',  ( 386.6666666647018928, -5.975492132353124930, 266.5706856483420211 ) ) ;
#1279 = CARTESIAN_POINT ( 'NONE',  ( 319.6550872458611252, -3.429109001057122796, 232.2749413934696747 ) ) ;
#1280 = CARTESIAN_POINT ( 'NONE',  ( 292.3513193876750051, -2.512205624485689626, 225.2631248013526317 ) ) ;
#1281 = CARTESIAN_POINT ( 'NONE',  ( 324.2294866699114095, 4.813002728018806131, 228.1340526715007684 ) ) ;
#1282 = CARTESIAN_POINT ( 'NONE',  ( 386.6666666647020634, 14.37424184543503181, 276.2848736422494653 ) ) ;
#1283 = CARTESIAN_POINT ( 'NONE',  ( 324.2011042107653225, 0.1974541394373280356, 222.3803444022429119 ) ) ;
#1284 = CARTESIAN_POINT ( 'NONE',  ( 0.000000000000000000, -3.106131725712700575, 439.6889779992027911 ) ) ;
#1285 = CARTESIAN_POINT ( 'NONE',  ( 579.9999999970528961, -4.260065142064195953, 254.4223368971198056 ) ) ;
#1286 = CARTESIAN_POINT ( 'NONE',  ( 324.8370945548116424, -0.6451629223335548780, 221.4832514995860038 ) ) ;
#1287 = AXIS2_PLACEMENT_3D ( 'NONE', #4946, #4479, #1450 ) ;
#1288 = CARTESIAN_POINT ( 'NONE',  ( 295.6129998113339070, -0.6443665999344918571, 220.6918285812126044 ) ) ;
#1289 = CARTESIAN_POINT ( 'NONE',  ( 295.4019871448207368, -4.752924753728695606, 229.3958391145588109 ) ) ;
#1290 = CARTESIAN_POINT ( 'NONE',  ( 386.6666666647022339, 11.94894084339834173, 321.0677719607929816 ) ) ;
#1291 = CARTESIAN_POINT ( 'NONE',  ( 324.8370945548289797, 4.589578843474890313, 224.0279159525310035 ) ) ;
#1292 = ADVANCED_FACE ( 'NONE', ( #1519 ), #2735, .F. ) ;
#1293 = CARTESIAN_POINT ( 'NONE',  ( 295.3489623743025163, 11.27691506642397634, 239.5193781315339265 ) ) ;
#1294 = CARTESIAN_POINT ( 'NONE',  ( 301.9905085980653325, -13.80050749267350518, 264.4069360666574653 ) ) ;
#1295 = CYLINDRICAL_SURFACE ( 'NONE', #449, 1.000000000000000888 ) ;
#1296 = EDGE_CURVE ( 'NONE', #940, #4777, #5352, .T. ) ;
#1297 = ORIENTED_EDGE ( 'NONE', *, *, #5443, .T. ) ;
#1298 = CARTESIAN_POINT ( 'NONE',  ( 579.9999999970526687, -5.051091561309488220, 323.0149168784112135 ) ) ;
#1299 = CARTESIAN_POINT ( 'NONE',  ( 295.6330868307791775, 6.240644277524022066, 229.1315258144290112 ) ) ;
#1300 = CARTESIAN_POINT ( 'NONE',  ( 325.5892046008303282, 10.78421298679936413, 242.4397695126661745 ) ) ;
#1301 = CARTESIAN_POINT ( 'NONE',  ( 319.0370945530838185, -14.20390173616497442, 160.3602178967351222 ) ) ;
#1302 = LINE ( 'NONE', #698, #232 ) ;
#1303 = ADVANCED_FACE ( 'NONE', ( #5831 ), #1470, .F. ) ;
#1304 = CARTESIAN_POINT ( 'NONE',  ( 296.2370945548290706, 12.80627730302191836, 244.2608682785287044 ) ) ;
#1305 = CARTESIAN_POINT ( 'NONE',  ( 319.0370945548290251, -10.08579713825624857, 264.4069360666573516 ) ) ;
#1306 = ORIENTED_EDGE ( 'NONE', *, *, #3056, .F. ) ;
#1307 = CARTESIAN_POINT ( 'NONE',  ( 324.1084847627301997, 11.76921871501500938, 246.4917527499945322 ) ) ;
#1308 = CARTESIAN_POINT ( 'NONE',  ( 324.8370945548291502, -2.035980293375452277, 221.2989705379575867 ) ) ;
#1309 = ORIENTED_EDGE ( 'NONE', *, *, #3136, .T. ) ;
#1310 = CARTESIAN_POINT ( 'NONE',  ( 0.000000000000000000, -2.971648534343652059, 202.6081388344403251 ) ) ;
#1311 = CARTESIAN_POINT ( 'NONE',  ( 333.4420173318638945, -3.625703009153244505, 234.9539611060176014 ) ) ;
#1312 = CARTESIAN_POINT ( 'NONE',  ( 292.0691931698826238, -2.126660938393900580, 223.8807602079066044 ) ) ;
#1313 = CARTESIAN_POINT ( 'NONE',  ( 328.8274449925110048, 5.606999003078117383, 230.0991299591054258 ) ) ;
#1314 = CARTESIAN_POINT ( 'NONE',  ( 386.6666666647018928, 12.07468432340812825, 254.2018341394958725 ) ) ;
#1315 = CARTESIAN_POINT ( 'NONE',  ( 319.6142633395585904, 0.8296437739805452294, 222.5016998057811293 ) ) ;
#1316 = CARTESIAN_POINT ( 'NONE',  ( 0.000000000000000000, -6.846324879718627798, 456.3122647871372806 ) ) ;
#1317 = DIRECTION ( 'NONE',  ( 0.000000000000000000, 0.000000000000000000, -1.000000000000000000 ) ) ;
#1318 = CARTESIAN_POINT ( 'NONE',  ( 325.7699445354808176, 0.02935887889669710690, 221.4166053173907756 ) ) ;
#1319 = CARTESIAN_POINT ( 'NONE',  ( 290.8560967733183134, -1.172905182096939170, 221.2209708675119941 ) ) ;
#1320 = CARTESIAN_POINT ( 'NONE',  ( 193.3333333323510885, 7.477695866475672304, 221.8680221566752095 ) ) ;
#1321 = CARTESIAN_POINT ( 'NONE',  ( 579.9999999970532372, -3.437469927314833029, 398.5678462214043520 ) ) ;
#1322 = CARTESIAN_POINT ( 'NONE',  ( 324.8370945548288660, 4.403979484641530995, 223.7750849486491518 ) ) ;
#1323 = CARTESIAN_POINT ( 'NONE',  ( 332.4506501775516085, -3.276309007408564344, 227.1019673705952187 ) ) ;
#1324 = CARTESIAN_POINT ( 'NONE',  ( 579.9999999970531235, 1.367670693497608836, 239.2000782469990270 ) ) ;
#1325 = CARTESIAN_POINT ( 'NONE',  ( 193.3333333323509180, -1.480112654933182004, 416.3527847794970853 ) ) ;
#1326 = CARTESIAN_POINT ( 'NONE',  ( 295.2370945548290706, 2.676120344010453511, 219.7245129361618865 ) ) ;
#1327 = CARTESIAN_POINT ( 'NONE',  ( 286.5731649159810104, -1.583867395260849076, 221.9553352669605033 ) ) ;
#1328 = ORIENTED_EDGE ( 'NONE', *, *, #460, .F. ) ;
#1329 = CARTESIAN_POINT ( 'NONE',  ( 579.9999999970530098, -4.843869939650165435, 266.1019293467749094 ) ) ;
#1330 = CARTESIAN_POINT ( 'NONE',  ( 286.0783854398248991, 6.664704790122558897, 229.4775261291965762 ) ) ;
#1331 = CARTESIAN_POINT ( 'NONE',  ( 324.7854864616385839, -4.515440301146360191, 229.0796733243069525 ) ) ;
#1332 = EDGE_LOOP ( 'NONE', ( #955, #1265 ) ) ;
#1333 = CARTESIAN_POINT ( 'NONE',  ( 300.0370945548290251, -14.91310561477848218, 260.0001921485319940 ) ) ;
#1334 = DIRECTION ( 'NONE',  ( 0.000000000000000000, -1.000000000000000000, -5.551115123125782702E-15 ) ) ;
#1335 = EDGE_CURVE ( 'NONE', #4274, #4695, #722, .T. ) ;
#1336 = FACE_OUTER_BOUND ( 'NONE', #1443, .T. ) ;
#1337 = CARTESIAN_POINT ( 'NONE',  ( 300.0370945548290820, -6.397998333294129480, 264.0931831852877281 ) ) ;
#1338 = ORIENTED_EDGE ( 'NONE', *, *, #3741, .T. ) ;
#1339 = CARTESIAN_POINT ( 'NONE',  ( 296.2370945548290138, 3.303712137621199307, 117.2115227970842426 ) ) ;
#1340 = CARTESIAN_POINT ( 'NONE',  ( 320.0370945548292525, -5.197287464721163985, 239.3930203268536445 ) ) ;
#1341 = CARTESIAN_POINT ( 'NONE',  ( 313.2370945548290138, -0.6962878623788025800, 110.5050442647847433 ) ) ;
#1342 = ORIENTED_EDGE ( 'NONE', *, *, #1542, .F. ) ;
#1343 = CARTESIAN_POINT ( 'NONE',  ( 579.9999999970531235, -3.830333945579374788, 249.6992205581955488 ) ) ;
#1344 = B_SPLINE_CURVE_WITH_KNOTS ( 'NONE', 3,
 ( #3279, #1478, #6285, #3837, #2394, #1918, #6249, #4751, #2801, #3764, #5227, #3315 ),
 .UNSPECIFIED., .F., .F.,
 ( 4, 2, 2, 2, 2, 4 ),
 ( 0.05683901861460149973, 0.07244253015503447635, 0.08804604169546736969, 0.1192530647763331425, 0.1504600878571989153, 0.1816671109380647020 ),
 .UNSPECIFIED. ) ;
#1345 = AXIS2_PLACEMENT_3D ( 'NONE', #4710, #2386, #2900 ) ;
#1346 = CARTESIAN_POINT ( 'NONE',  ( 333.4428525439521422, -3.827938198052903473, 236.8395776292061612 ) ) ;
#1347 = DIRECTION ( 'NONE',  ( 0.000000000000000000, 0.000000000000000000, 1.000000000000000000 ) ) ;
#1348 = CARTESIAN_POINT ( 'NONE',  ( 319.6327253875259089, 4.392081971431715637, 227.0192397220466205 ) ) ;
#1349 = EDGE_CURVE ( 'NONE', #5468, #1407, #3737, .T. ) ;
#1350 = CARTESIAN_POINT ( 'NONE',  ( 579.9999999970532372, 9.121458547516446913, 257.3579398412701380 ) ) ;
#1351 = CIRCLE ( 'NONE', #4273, 1.000000000000000888 ) ;
#1352 = CARTESIAN_POINT ( 'NONE',  ( 328.7914694084795997, 0.02828477758793685598, 222.6297146264421940 ) ) ;
#1353 = CARTESIAN_POINT ( 'NONE',  ( 579.9999999970530098, -4.725788449733828500, 379.3994230421292855 ) ) ;
#1354 = CARTESIAN_POINT ( 'NONE',  ( 325.7855875740996794, 10.23778143087937309, 240.2957213965649430 ) ) ;
#1355 = CARTESIAN_POINT ( 'NONE',  ( 324.8370945547943052, -1.123479107360486617, 221.7509712275046070 ) ) ;
#1356 = EDGE_CURVE ( 'NONE', #3435, #1915, #2665, .T. ) ;
#1357 = CIRCLE ( 'NONE', #1249, 1.000000000000000888 ) ;
#1358 = CARTESIAN_POINT ( 'NONE',  ( 286.0803997649620101, -1.409222759756698640, 221.4705341981446907 ) ) ;
#1359 = CARTESIAN_POINT ( 'NONE',  ( 0.000000000000000000, 18.32930396932231787, 256.2623385660224926 ) ) ;
#1360 = CARTESIAN_POINT ( 'NONE',  ( 0.000000000000000000, 15.80337903634185182, 325.8913209393173815 ) ) ;
#1361 = CARTESIAN_POINT ( 'NONE',  ( 324.7931584022979337, -4.953915895674355419, 237.1908722397670601 ) ) ;
#1362 = CARTESIAN_POINT ( 'NONE',  ( 295.2520984603694956, 11.00399777769100851, 237.4325495562947026 ) ) ;
#1363 = CARTESIAN_POINT ( 'NONE',  ( 193.3333333323510317, 1.893688306988295489, 213.4642146367242788 ) ) ;
#1364 = CARTESIAN_POINT ( 'NONE',  ( 579.9999999970531235, 7.615257880408826452, 334.9895548652660864 ) ) ;
#1365 = CARTESIAN_POINT ( 'NONE',  ( 294.1858346873538608, 1.796056691298938635, 220.2808831694152900 ) ) ;
#1366 = CARTESIAN_POINT ( 'NONE',  ( 290.0869692634948933, -4.434743714885317267, 239.1723055872240877 ) ) ;
#1367 = ORIENTED_EDGE ( 'NONE', *, *, #5942, .T. ) ;
#1368 = CARTESIAN_POINT ( 'NONE',  ( 193.3333333323509464, -1.689577546666605867, 213.0401703756483016 ) ) ;
#1369 = CARTESIAN_POINT ( 'NONE',  ( 290.8562280016947739, 6.636787204756143588, 229.7607267227351429 ) ) ;
#1370 = CARTESIAN_POINT ( 'NONE',  ( 325.4283715651560556, -4.404086594145588229, 232.6436660458565484 ) ) ;
#1371 = ORIENTED_EDGE ( 'NONE', *, *, #411, .F. ) ;
#1372 = CARTESIAN_POINT ( 'NONE',  ( 319.0370945548290251, -10.19372269695986333, 149.8847239112255920 ) ) ;
#1373 = CARTESIAN_POINT ( 'NONE',  ( 295.6015602017595256, -5.005865978669345573, 234.9827192246947902 ) ) ;
#1374 = DIRECTION ( 'NONE',  ( -1.000000000000000000, 0.000000000000000000, 0.000000000000000000 ) ) ;
#1375 = CARTESIAN_POINT ( 'NONE',  ( 300.0370945548290820, -6.192755099511394690, 254.9595122645903018 ) ) ;
#1376 = EDGE_LOOP ( 'NONE', ( #533, #3188, #1066, #2351, #3480, #4564, #1380, #3693 ) ) ;
#1377 = CARTESIAN_POINT ( 'NONE',  ( 301.0370945548291957, -5.197730681956426402, 237.4966267988837387 ) ) ;
#1378 = CARTESIAN_POINT ( 'NONE',  ( 304.5622826282692017, -14.16706134487825608, 121.5175863890478638 ) ) ;
#1379 = LINE ( 'NONE', #2293, #3059 ) ;
#1380 = ORIENTED_EDGE ( 'NONE', *, *, #6052, .T. ) ;
#1381 = CARTESIAN_POINT ( 'NONE',  ( 319.0370945548289683, -5.197309893215977361, 239.2918670257492124 ) ) ;
#1382 = VECTOR ( 'NONE', #5478, 1000.000000000000000 ) ;
#1383 = CARTESIAN_POINT ( 'NONE',  ( 324.2561166429633772, -5.114796796368122678, 257.4001667470168400 ) ) ;
#1384 = ORIENTED_EDGE ( 'NONE', *, *, #6064, .T. ) ;
#1385 = CARTESIAN_POINT ( 'NONE',  ( 328.8313511969631691, 7.029015326562396915, 233.5852280952302067 ) ) ;
#1386 = CARTESIAN_POINT ( 'NONE',  ( 193.3333333323509464, 5.584419357608983780, 218.1071289435755602 ) ) ;
#1387 = EDGE_CURVE ( 'NONE', #5636, #4954, #5660, .T. ) ;
#1388 = EDGE_LOOP ( 'NONE', ( #4866, #3943, #4881, #860 ) ) ;
#1389 = EDGE_CURVE ( 'NONE', #5888, #1957, #640, .T. ) ;
#1390 = CARTESIAN_POINT ( 'NONE',  ( 333.3959071095265472, 0.3964022570453841210, 223.1116869679295860 ) ) ;
#1391 = CARTESIAN_POINT ( 'NONE',  ( 0.000000000000000000, 3.638467315049533468, 401.2609511280016932 ) ) ;
#1392 = CARTESIAN_POINT ( 'NONE',  ( 325.3477211036944254, 11.12427912085077253, 243.8727941957058931 ) ) ;
#1393 = CARTESIAN_POINT ( 'NONE',  ( 324.8370945548292070, 3.414444077879908335, 222.5749202252300449 ) ) ;
#1394 = CARTESIAN_POINT ( 'NONE',  ( 386.6666666647020634, 8.022921245373382249, 237.6224616886818808 ) ) ;
#1395 = CARTESIAN_POINT ( 'NONE',  ( 193.3333333323509464, 4.987358710711697896, 379.3420367611240636 ) ) ;
#1396 = CARTESIAN_POINT ( 'NONE',  ( 324.8370945548289797, 0.3909294337930139251, 220.4548424569893541 ) ) ;
#1397 = AXIS2_PLACEMENT_3D ( 'NONE', #3800, #2360, #2289 ) ;
#1398 = CARTESIAN_POINT ( 'NONE',  ( 332.2697514816997568, -3.496215101214374954, 227.9883364365500711 ) ) ;
#1399 = LINE ( 'NONE', #4739, #2915 ) ;
#1400 = CARTESIAN_POINT ( 'NONE',  ( 386.6666666647018928, 4.294679108437772008, 369.1716850739566667 ) ) ;
#1401 = CARTESIAN_POINT ( 'NONE',  ( 294.1977551470382082, 4.047911525950670608, 222.8028317420554458 ) ) ;
#1402 = CARTESIAN_POINT ( 'NONE',  ( 296.2275556925030173, 11.80627730302191836, 244.3654651281704275 ) ) ;
#1403 = ORIENTED_EDGE ( 'NONE', *, *, #1479, .F. ) ;
#1404 = CARTESIAN_POINT ( 'NONE',  ( 320.0370945548290820, -10.22698111905149432, 181.0737300269718162 ) ) ;
#1405 = CARTESIAN_POINT ( 'NONE',  ( 290.8637090145613229, 10.16070850445514573, 241.1434950163128690 ) ) ;
#1406 = CARTESIAN_POINT ( 'NONE',  ( 305.0370945548290251, -15.14842207028674892, 238.3686282184856680 ) ) ;
#1407 = VERTEX_POINT ( 'NONE', #3609 ) ;
#1408 = CARTESIAN_POINT ( 'NONE',  ( 302.5353251232344860, -14.53111926201033732, 123.5219182704520478 ) ) ;
#1409 = CARTESIAN_POINT ( 'NONE',  ( 294.4104227484385206, -4.059584961753714971, 227.9613265311923840 ) ) ;
#1410 = CARTESIAN_POINT ( 'NONE',  ( 322.5704652382569293, -5.193722696978042563, 239.5657222602594345 ) ) ;
#1411 = CARTESIAN_POINT ( 'NONE',  ( 320.0370945548290251, -9.821662852354300810, 264.4069360666575221 ) ) ;
#1412 = ORIENTED_EDGE ( 'NONE', *, *, #260, .T. ) ;
#1413 = CARTESIAN_POINT ( 'NONE',  ( 324.8370945548290365, 10.80627730302191658, 238.5925586775150009 ) ) ;
#1414 = CARTESIAN_POINT ( 'NONE',  ( 303.6054540101492876, -13.93093217206467038, 120.4181294181034048 ) ) ;
#1415 = DIRECTION ( 'NONE',  ( 0.000000000000000000, 0.000000000000000000, -1.000000000000000000 ) ) ;
#1416 = EDGE_LOOP ( 'NONE', ( #1196, #340, #5089, #5148 ) ) ;
#1417 = DIRECTION ( 'NONE',  ( -0.000000000000000000, -0.000000000000000000, 1.000000000000000000 ) ) ;
#1418 = CARTESIAN_POINT ( 'NONE',  ( 286.0736848077983723, -1.526484763679570422, 219.5079781156645709 ) ) ;
#1419 = ORIENTED_EDGE ( 'NONE', *, *, #3711, .F. ) ;
#1420 = CARTESIAN_POINT ( 'NONE',  ( 324.2141889582290446, 1.749188676511673979, 223.6307402283371175 ) ) ;
#1421 = CARTESIAN_POINT ( 'NONE',  ( 386.6666666647018360, -5.176508820950278533, 419.6790967410228177 ) ) ;
#1422 = AXIS2_PLACEMENT_3D ( 'NONE', #3687, #714, #5621 ) ;
#1423 = EDGE_LOOP ( 'NONE', ( #3272, #892, #2676, #5730 ) ) ;
#1424 = CARTESIAN_POINT ( 'NONE',  ( 328.7925092981409421, -0.1585446570050615678, 222.6427790656729542 ) ) ;
#1425 = CARTESIAN_POINT ( 'NONE',  ( 0.000000000000000000, -7.452155228677345811, 421.6783925123604604 ) ) ;
#1426 = CARTESIAN_POINT ( 'NONE',  ( 300.0370945548290251, -10.19372269766446060, 111.8776466577838988 ) ) ;
#1427 = CARTESIAN_POINT ( 'NONE',  ( 325.7905115931583850, 2.685689554239461430, 223.2597837438816271 ) ) ;
#1428 = CIRCLE ( 'NONE', #4987, 1.000000000000000888 ) ;
#1429 = CARTESIAN_POINT ( 'NONE',  ( 193.3333333323510885, 15.18845332257153480, 253.7677995456126325 ) ) ;
#1430 = CARTESIAN_POINT ( 'NONE',  ( 579.9999999970530098, 8.877391888367052175, 326.7879745516336243 ) ) ;
#1431 = VECTOR ( 'NONE', #897, 1000.000000000000000 ) ;
#1432 = CARTESIAN_POINT ( 'NONE',  ( 295.6821236900135546, 11.64053577043124044, 242.6373599653298925 ) ) ;
#1433 = B_SPLINE_SURFACE_WITH_KNOTS ( 'NONE', 3, 3, ( 
 ( #2687, #2126, #1703, #2211 ),
 ( #4168, #394, #1865, #872 ),
 ( #6165, #2377, #1830, #3784 ),
 ( #5752, #4299, #4734, #5280 ),
 ( #3335, #5788, #429, #5680 ),
 ( #3299, #2307, #1320, #2858 ),
 ( #4802, #1394, #909, #4336 ),
 ( #5717, #2342, #5246, #2785 ),
 ( #1796, #2820, #6232, #6270 ),
 ( #3264, #4264, #1901, #6198 ),
 ( #3858, #5208, #1429, #3821 ),
 ( #3372, #4703, #330, #1359 ),
 ( #362, #839, #4767, #2276 ),
 ( #4233, #3748, #1870, #949 ),
 ( #4304, #500, #1801, #3826 ),
 ( #4806, #3414, #3304, #916 ),
 ( #2896, #4740, #5251, #367 ),
 ( #3862, #3341, #2790, #5214 ),
 ( #2347, #6237, #5830, #3376 ),
 ( #1364, #4840, #2312, #469 ),
 ( #3, #4270, #4341, #5757 ),
 ( #3754, #878, #2825, #2418 ),
 ( #5685, #1400, #6274, #5286 ),
 ( #1907, #6203, #5351, #1835 ),
 ( #982, #4373, #5321, #5794 ),
 ( #2451, #1945, #4773, #2929 ),
 ( #6170, #3789, #1325, #3896 ),
 ( #400, #1435, #1469, #4875 ),
 ( #3269, #844, #5722, #2863 ),
 ( #433, #2381, #3444, #155 ),
 ( #564, #5505, #5896, #3054 ),
 ( #2575, #1592, #531, #2962 ),
 ( #3567, #5385, #2069, #4996 ),
 ( #3475, #2037, #3931, #1978 ),
 ( #4905, #5865, #3508, #3537 ),
 ( #4022, #94, #5477, #1014 ),
 ( #5024, #35, #3991, #125 ),
 ( #1620, #1531, #5447, #4528 ),
 ( #2480, #5416, #4438, #4963 ),
 ( #1560, #67, #2005, #2095 ),
 ( #1045, #1078, #1138, #3086 ),
 ( #3962, #1108, #657, #4050 ),
 ( #2543, #5926, #2994, #4933 ),
 ( #2511, #628, #5987, #4406 ),
 ( #4468, #3024, #596, #4498 ),
 ( #5956, #1501, #6072, #2684 ),
 ( #1733, #5050, #5562, #4668 ),
 ( #1224, #4197, #1254, #5589 ),
 ( #4578, #182, #5139, #5647 ),
 ( #2208, #294, #2239, #6044 ),
 ( #2121, #4165, #2177, #3168 ),
 ( #1164, #3229, #1699, #5081 ),
 ( #3655, #4606, #4077, #738 ),
 ( #1643, #4135, #1192, #6131 ),
 ( #3139, #1760, #2653, #3714 ),
 ( #1285, #5108, #769, #710 ),
 ( #3684, #3198, #5617, #1673 ),
 ( #683, #2626, #2149, #5172 ),
 ( #2600, #4636, #235, #263 ),
 ( #4107, #6102, #2717, #3626 ),
 ( #4554, #6016, #3595, #5532 ),
 ( #3112, #205, #6230, #4334 ),
 ( #4800, #5677, #5314, #427 ) ),
 .UNSPECIFIED., .T., .F., .F.,
 ( 4, 1, 1, 1, 1, 1, 1, 1, 1, 1, 1, 1, 1, 1, 1, 1, 1, 1, 1, 1, 1, 1, 1, 1, 1, 1, 1, 1, 1, 1, 1, 1, 1, 1, 1, 1, 1, 1, 1, 1, 1, 1, 1, 1, 1, 1, 1, 1, 1, 1, 1, 1, 1, 1, 1, 1, 1, 1, 1, 1, 4 ),
 ( 4, 4 ),
 ( 0.000000000000000000, 0.003860322318652631424, 0.009394797800600040993, 0.01667682966515771081, 0.02574601821153910119, 0.03660292795654351838, 0.04920899649386034636, 0.06349082326102040152, 0.07934674930367069390, 0.09664596362268917940, 0.1152362930771427818, 0.1349489434337972638, 0.1556634120433916246, 0.1773331524001592330, 0.1998829210885900709, 0.2232120323077090296, 0.2472101962221454619, 0.2717419340733749911, 0.2965571596970338897, 0.3213261058738797749, 0.3457060309687295385, 0.3693717206835468447, 0.3919905574059651121, 0.4132492025566901761, 0.4328580350888563411, 0.4505322894011315471, 0.4660166644726876362, 0.4791302729403160710, 0.4897712402210446792, 0.4977451439687686774, 0.5027415987227935590, 0.5044506879271154487, 0.5061687141980233395, 0.5111726415984217953, 0.5191493344995530279, 0.5297856188872963612, 0.5429192827985859227, 0.5584900536828429907, 0.5763877949385057819, 0.5963681263741105187, 0.6181950463317675837, 0.6415931759684508906, 0.6662720753110366045, 0.6919362323365962908, 0.7182704540732928189, 0.7449493915174514314, 0.7716573823196638537, 0.7980689496398100102, 0.8238682316128342897, 0.8487443405748122949, 0.8724112732714405238, 0.8945985341559141713, 0.9150565674164555796, 0.9335822461452389920, 0.9499859994824328968, 0.9641230260458010237, 0.9759079492932850597, 0.9852880743758861692, 0.9922841994269310240, 0.9970173798615488137, 1.000000000000000000 ),
 ( 0.000000000000000000, 1.000000000000000000 ),
 .UNSPECIFIED. ) ;
#1434 = CARTESIAN_POINT ( 'NONE',  ( 302.5338308992165821, -14.16306229763207192, 264.4069360666574653 ) ) ;
#1435 = CARTESIAN_POINT ( 'NONE',  ( 386.6666666647022339, -2.348547368065704966, 407.1102233377395692 ) ) ;
#1436 = CARTESIAN_POINT ( 'NONE',  ( 294.2140054093216008, 9.511537043695174276, 235.1715063706060391 ) ) ;
#1437 = CARTESIAN_POINT ( 'NONE',  ( 286.3031525678320008, 1.297447811221751346, 220.6323263215493284 ) ) ;
#1438 = EDGE_LOOP ( 'NONE', ( #6282, #2797, #5053, #1026 ) ) ;
#1439 = CARTESIAN_POINT ( 'NONE',  ( 386.6666666647018928, -5.775366431396394162, 258.4073362631827990 ) ) ;
#1440 = CARTESIAN_POINT ( 'NONE',  ( 300.3882541314744685, 1.136701853546709051, 221.4551435826883221 ) ) ;
#1441 = EDGE_LOOP ( 'NONE', ( #4188, #6, #903, #1947 ) ) ;
#1442 = CARTESIAN_POINT ( 'NONE',  ( 324.9082411292113193, -3.385442387992418922, 227.0187842947073023 ) ) ;
#1443 = EDGE_LOOP ( 'NONE', ( #3142, #4428, #5800, #1770 ) ) ;
#1444 = CARTESIAN_POINT ( 'NONE',  ( 300.0370945548290251, -10.19372269697804434, 139.4050437939080496 ) ) ;
#1445 = CARTESIAN_POINT ( 'NONE',  ( 295.3305021752324819, -4.619209979302694613, 227.7896466502245971 ) ) ;
#1446 = FILL_AREA_STYLE_COLOUR ( '', #4650 ) ;
#1447 = CARTESIAN_POINT ( 'NONE',  ( 304.7729597030526634, -13.82245167504187577, 264.4069360666573516 ) ) ;
#1448 = ORIENTED_EDGE ( 'NONE', *, *, #343, .T. ) ;
#1449 = CARTESIAN_POINT ( 'NONE',  ( 295.2370945548290706, 11.80627730302193790, 105.0050425958546754 ) ) ;
#1450 = DIRECTION ( 'NONE',  ( 0.000000000000000000, 0.000000000000000000, -1.000000000000000000 ) ) ;
#1451 = CARTESIAN_POINT ( 'NONE',  ( 303.7316886167508301, -13.97767113951744200, 120.6242854003480716 ) ) ;
#1452 = CARTESIAN_POINT ( 'NONE',  ( 332.5747356096158569, 3.530125789481600052, 226.4939724483566863 ) ) ;
#1453 = DIRECTION ( 'NONE',  ( 0.000000000000000000, 0.000000000000000000, 1.000000000000000000 ) ) ;
#1454 = CARTESIAN_POINT ( 'NONE',  ( 295.2370945548119039, -2.862332683206525896, 223.1433171286957986 ) ) ;
#1455 = CARTESIAN_POINT ( 'NONE',  ( 291.8656241589737874, 3.008921263134071378, 222.8833109272092941 ) ) ;
#1456 = CARTESIAN_POINT ( 'NONE',  ( 328.8077214388612219, 1.416571773480116647, 223.6330239786730658 ) ) ;
#1457 = CARTESIAN_POINT ( 'NONE',  ( 579.9999999970532372, -4.288441108073364205, 402.5788312642366691 ) ) ;
#1458 = ORIENTED_EDGE ( 'NONE', *, *, #3540, .F. ) ;
#1459 = CARTESIAN_POINT ( 'NONE',  ( 319.6080132839837802, -0.3902678397760409590, 222.1148653281265410 ) ) ;
#1460 = CARTESIAN_POINT ( 'NONE',  ( 193.3333333323508896, -6.993783717568672564, 329.5149428003301182 ) ) ;
#1461 = FACE_OUTER_BOUND ( 'NONE', #3390, .T. ) ;
#1462 = AXIS2_PLACEMENT_3D ( 'NONE', #4392, #2466, #489 ) ;
#1463 = CARTESIAN_POINT ( 'NONE',  ( 324.8370945548290365, -2.345109838073745845, 221.6526517571118688 ) ) ;
#1464 = VECTOR ( 'NONE', #161, 1000.000000000000000 ) ;
#1465 = CARTESIAN_POINT ( 'NONE',  ( 0.000000000000000000, -7.452155228677345811, 421.6783925123604604 ) ) ;
#1466 = CARTESIAN_POINT ( 'NONE',  ( 301.0370945548290251, -10.22837990331939828, 223.2424148267956809 ) ) ;
#1467 = CARTESIAN_POINT ( 'NONE',  ( 0.000000000000000000, 0.6651760188416218078, 199.5309203637108340 ) ) ;
#1468 = AXIS2_PLACEMENT_3D ( 'NONE', #3213, #5575, #3641 ) ;
#1469 = CARTESIAN_POINT ( 'NONE',  ( 193.3333333323510885, -2.727339546889202992, 423.3996006684712370 ) ) ;
#1470 = CYLINDRICAL_SURFACE ( 'NONE', #5376, 1.000000000000000888 ) ;
#1471 = CARTESIAN_POINT ( 'NONE',  ( 295.0826274527837541, 10.21227850464028997, 237.6724636803988631 ) ) ;
#1472 = ORIENTED_EDGE ( 'NONE', *, *, #5912, .T. ) ;
#1473 = CARTESIAN_POINT ( 'NONE',  ( 324.8370945548290365, 9.903712101858411998, 0.000000000000000000 ) ) ;
#1474 = CARTESIAN_POINT ( 'NONE',  ( 295.6096066138514971, 0.9575005716035100978, 220.9838698962298338 ) ) ;
#1475 = VERTEX_POINT ( 'NONE', #1234 ) ;
#1476 = DIRECTION ( 'NONE',  ( 0.000000000000000000, -1.000000000000000000, 2.102695133789802685E-15 ) ) ;
#1477 = CARTESIAN_POINT ( 'NONE',  ( 296.0335748373922797, -5.175692727170747354, 236.7633704644940167 ) ) ;
#1478 = CARTESIAN_POINT ( 'NONE',  ( 319.0370945548290820, -9.925243224946985521, 259.1994567662727036 ) ) ;
#1479 = EDGE_CURVE ( 'NONE', #3242, #4909, #2494, .T. ) ;
#1480 = DIRECTION ( 'NONE',  ( -0.000000000000000000, 0.000000000000000000, 1.000000000000000000 ) ) ;
#1481 = ORIENTED_EDGE ( 'NONE', *, *, #2523, .T. ) ;
#1482 = FACE_OUTER_BOUND ( 'NONE', #6183, .T. ) ;
#1483 = DIRECTION ( 'NONE',  ( -1.000000000000000000, 0.000000000000000000, 0.000000000000000000 ) ) ;
#1484 = DIRECTION ( 'NONE',  ( -1.000000000000000000, 0.000000000000000000, 0.000000000000000000 ) ) ;
#1485 = DIRECTION ( 'NONE',  ( 0.000000000000000000, -1.209320730648730674E-16, 1.000000000000000000 ) ) ;
#1486 = CARTESIAN_POINT ( 'NONE',  ( 287.3515308418195673, -3.741795323628476222, 225.7691796698070732 ) ) ;
#1487 = CARTESIAN_POINT ( 'NONE',  ( 320.0370945548290251, -14.49089815268829184, 277.4013611691079859 ) ) ;
#1488 = UNCERTAINTY_MEASURE_WITH_UNIT (LENGTH_MEASURE( 1.000000000000000082E-05 ), #5904, 'distance_accuracy_value', 'NONE');
#1489 = CARTESIAN_POINT ( 'NONE',  ( 579.9999999970533509, -4.179541867572799774, 402.5918904233845410 ) ) ;
#1490 = CARTESIAN_POINT ( 'NONE',  ( 286.0598070567230593, -0.7050095337014755659, 220.1083440818659369 ) ) ;
#1491 = ORIENTED_EDGE ( 'NONE', *, *, #1479, .T. ) ;
#1492 = B_SPLINE_SURFACE_WITH_KNOTS ( 'NONE', 3, 1, ( 
 ( #4622, #2641 ),
 ( #249, #1776 ),
 ( #221, #2192 ),
 ( #4123, #6059 ) ),
 .UNSPECIFIED., .F., .F., .F.,
 ( 4, 4 ),
 ( 2, 2 ),
 ( 0.5644308814860923285, 1.000000000000000000 ),
 ( 0.000000000000000000, 1.000000000000000000 ),
 .UNSPECIFIED. ) ;
#1493 = ADVANCED_FACE ( 'NONE', ( #246 ), #6264, .T. ) ;
#1494 = CARTESIAN_POINT ( 'NONE',  ( 324.2032932556414266, -0.3870325474385482578, 222.4230026810364507 ) ) ;
#1495 = CARTESIAN_POINT ( 'NONE',  ( 386.6666666647020634, -6.096510108436826059, 275.4220436995686896 ) ) ;
#1496 = CARTESIAN_POINT ( 'NONE',  ( 321.5100328610924407, -5.079133729361794636, 255.7048390403028861 ) ) ;
#1497 = CARTESIAN_POINT ( 'NONE',  ( 324.8370945548290933, -3.296287826616013827, 139.4050437939080496 ) ) ;
#1498 = CARTESIAN_POINT ( 'NONE',  ( 579.9999999970531235, -4.886162747044378918, 349.3334163557685201 ) ) ;
#1499 = CARTESIAN_POINT ( 'NONE',  ( 301.0370945545384416, -14.20390173224283537, 160.3602134176305185 ) ) ;
#1500 = CARTESIAN_POINT ( 'NONE',  ( 386.6666666647022339, 6.439140651349280375, 233.5687738193448126 ) ) ;
#1501 = CARTESIAN_POINT ( 'NONE',  ( 386.6666666647022339, -5.954441073316516508, 336.9066955511404444 ) ) ;
#1502 = CARTESIAN_POINT ( 'NONE',  ( 294.8609308992850515, 11.30640721514250302, 241.9888317996189926 ) ) ;
#1503 = ORIENTED_EDGE ( 'NONE', *, *, #1296, .F. ) ;
#1504 = COLOUR_RGB ( '',0.7921568627450980005, 0.8196078431372548767, 0.9333333333333333481 ) ;
#1505 = CARTESIAN_POINT ( 'NONE',  ( 290.8334261634340123, 1.327074083413894989, 220.9754897699950789 ) ) ;
#1506 = EDGE_LOOP ( 'NONE', ( #5740, #1636, #1412, #1367 ) ) ;
#1507 = ADVANCED_FACE ( 'NONE', ( #50 ), #5460, .F. ) ;
#1508 = CARTESIAN_POINT ( 'NONE',  ( 324.2692463134830518, -5.098460376313558307, 237.6370811740523834 ) ) ;
#1509 = FACE_OUTER_BOUND ( 'NONE', #3330, .T. ) ;
#1510 = CARTESIAN_POINT ( 'NONE',  ( 296.2370945548290138, 3.303712137621199751, 120.2115227970842426 ) ) ;
#1511 = CARTESIAN_POINT ( 'NONE',  ( 295.2370945548289569, 1.212585333755717976, 218.6260092545971077 ) ) ;
#1512 = CARTESIAN_POINT ( 'NONE',  ( 295.8130813315709702, 11.78795801795779497, 244.2417795585917588 ) ) ;
#1513 = EDGE_LOOP ( 'NONE', ( #1853, #2153, #2259, #2876 ) ) ;
#1514 = CARTESIAN_POINT ( 'NONE',  ( 322.5586071621120254, -5.193722697048039016, 239.6066516205086998 ) ) ;
#1515 = VECTOR ( 'NONE', #2495, 1000.000000000000000 ) ;
#1516 = CARTESIAN_POINT ( 'NONE',  ( 325.7862913043734920, 1.850712272503281630, 222.4688714566847523 ) ) ;
#1517 = CARTESIAN_POINT ( 'NONE',  ( 333.0775926617957339, 1.544276653697314039, 224.0300689163241259 ) ) ;
#1518 = PLANE ( 'NONE',  #735 ) ;
#1519 = FACE_OUTER_BOUND ( 'NONE', #1016, .T. ) ;
#1520 = CYLINDRICAL_SURFACE ( 'NONE', #1462, 1.000000000000000888 ) ;
#1521 = CARTESIAN_POINT ( 'NONE',  ( 193.3333333323509464, 8.704752596376119200, 357.4126630265610629 ) ) ;
#1522 = CARTESIAN_POINT ( 'NONE',  ( 290.8630008571483927, -2.215189320362171532, 224.0786639282133308 ) ) ;
#1523 = ORIENTED_EDGE ( 'NONE', *, *, #411, .T. ) ;
#1524 = CARTESIAN_POINT ( 'NONE',  ( 333.3854499113185170, -0.02669710486330187718, 222.9321767445431135 ) ) ;
#1525 = CARTESIAN_POINT ( 'NONE',  ( 0.000000000000000000, -7.252290758643901825, 233.2460157265796568 ) ) ;
#1526 = CARTESIAN_POINT ( 'NONE',  ( 328.2685668126622431, 0.003261191698561420604, 222.5893132612408465 ) ) ;
#1527 = CARTESIAN_POINT ( 'NONE',  ( 324.8370945548290365, -4.193722696978042563, 226.2551948320733288 ) ) ;
#1528 = CARTESIAN_POINT ( 'NONE',  ( 193.3333333323509180, -6.011416850334453166, 437.9956807640800776 ) ) ;
#1529 = CARTESIAN_POINT ( 'NONE',  ( 305.0370945548290251, -14.22838507457284507, 223.2521335185207647 ) ) ;
#1530 = CARTESIAN_POINT ( 'NONE',  ( 386.6666666647020634, 3.173329659270263559, 227.8570020030838919 ) ) ;
#1531 = CARTESIAN_POINT ( 'NONE',  ( 386.6666666647018928, -5.530142459485384521, 406.8380078360256675 ) ) ;
#1532 = CARTESIAN_POINT ( 'NONE',  ( 296.0665404808705716, 11.79239198184083470, 244.0988233404310392 ) ) ;
#1533 = CARTESIAN_POINT ( 'NONE',  ( 300.3840777132008384, 0.4995797386733021872, 220.9511118949030504 ) ) ;
#1534 = ORIENTED_EDGE ( 'NONE', *, *, #5529, .T. ) ;
#1535 = CARTESIAN_POINT ( 'NONE',  ( 301.0370945548290251, -14.49089815268829184, 277.4013611691079859 ) ) ;
#1536 = CARTESIAN_POINT ( 'NONE',  ( 300.0370945548290251, -10.14439035027231562, 238.9611197212940965 ) ) ;
#1537 = FACE_BOUND ( 'NONE', #731, .T. ) ;
#1538 = CARTESIAN_POINT ( 'NONE',  ( 295.2370945548291274, -0.1145523223375550792, 218.2920733625432206 ) ) ;
#1539 = CARTESIAN_POINT ( 'NONE',  ( 294.1808543992454474, 0.9871812251286586903, 219.6498764563661723 ) ) ;
#1540 = ORIENTED_EDGE ( 'NONE', *, *, #712, .T. ) ;
#1541 = CARTESIAN_POINT ( 'NONE',  ( 286.0994400614758888, -5.034934280221295744, 248.5635822888886253 ) ) ;
#1542 = EDGE_CURVE ( 'NONE', #4307, #4288, #3445, .T. ) ;
#1543 = CARTESIAN_POINT ( 'NONE',  ( 325.7848787657586627, 1.522530854023480318, 222.1901892424401694 ) ) ;
#1544 = CARTESIAN_POINT ( 'NONE',  ( 333.2232947956875933, -0.7340270086272741024, 223.3161562829707520 ) ) ;
#1545 = CARTESIAN_POINT ( 'NONE',  ( 332.0302030712088026, 6.167506409866865269, 229.1620779047133851 ) ) ;
#1546 = CARTESIAN_POINT ( 'NONE',  ( 295.2370945548290706, -4.193722696978050557, 223.9740446929218365 ) ) ;
#1547 = CARTESIAN_POINT ( 'NONE',  ( 292.1916045495504477, 4.022608149161831292, 224.4805525930743499 ) ) ;
#1548 = CARTESIAN_POINT ( 'NONE',  ( 0.000000000000000000, -6.223998622485594545, 456.3664685701571671 ) ) ;
#1549 = CARTESIAN_POINT ( 'NONE',  ( 295.6501440639070779, -3.547190985811740749, 231.1091215132246077 ) ) ;
#1550 = EDGE_LOOP ( 'NONE', ( #3247, #4722, #1874, #2263 ) ) ;
#1551 = CARTESIAN_POINT ( 'NONE',  ( 333.4054961957182286, -0.6349685464633397780, 223.2485967188529230 ) ) ;
#1552 = CARTESIAN_POINT ( 'NONE',  ( 193.3333333323510317, -6.700220827177433947, 377.3870091286089519 ) ) ;
#1553 = EDGE_CURVE ( 'NONE', #5387, #3242, #4976, .T. ) ;
#1554 = CARTESIAN_POINT ( 'NONE',  ( 328.2423952154832136, 0.3218793912524377521, 222.7175490897930104 ) ) ;
#1555 = CARTESIAN_POINT ( 'NONE',  ( 324.8370945548547297, -2.605799838451329897, 224.5203662564254614 ) ) ;
#1556 = CARTESIAN_POINT ( 'NONE',  ( 579.9999999970527824, -4.341600791566104789, 401.3625127179655578 ) ) ;
#1557 = EDGE_CURVE ( 'NONE', #2899, #2920, #3036, .T. ) ;
#1558 = CARTESIAN_POINT ( 'NONE',  ( 301.0370945546836197, -13.98942170961673348, 254.7327516677651431 ) ) ;
#1559 = CARTESIAN_POINT ( 'NONE',  ( 0.000000000000000000, 10.61092084068729768, 215.5285796454811589 ) ) ;
#1560 = CARTESIAN_POINT ( 'NONE',  ( 579.9999999970530098, -4.725788449733828500, 379.3994230421292855 ) ) ;
#1561 = CARTESIAN_POINT ( 'NONE',  ( 294.2146634343281448, 9.846406979727694520, 236.3213951211294841 ) ) ;
#1562 = CARTESIAN_POINT ( 'NONE',  ( 295.6088131662089040, 0.7690467553197458672, 220.8299779778037077 ) ) ;
#1563 = ORIENTED_EDGE ( 'NONE', *, *, #1387, .T. ) ;
#1564 = FACE_OUTER_BOUND ( 'NONE', #2793, .T. ) ;
#1565 = CARTESIAN_POINT ( 'NONE',  ( 300.3401636293593810, 13.68269622090644511, 264.4069360666574653 ) ) ;
#1566 = CARTESIAN_POINT ( 'NONE',  ( 295.2370945548291274, -4.272445543850328598, 224.5137696170208983 ) ) ;
#1567 = CARTESIAN_POINT ( 'NONE',  ( 295.2370945548287295, -2.344446008244133850, 219.4846493830461043 ) ) ;
#1568 = CARTESIAN_POINT ( 'NONE',  ( 301.0370945548290251, -5.193722696978042563, 237.4067498896198458 ) ) ;
#1569 = ORIENTED_EDGE ( 'NONE', *, *, #5239, .F. ) ;
#1570 = AXIS2_PLACEMENT_3D ( 'NONE', #3939, #1334, #5841 ) ;
#1571 = DIRECTION ( 'NONE',  ( 1.000000000000000000, 0.000000000000000000, 0.000000000000000000 ) ) ;
#1572 = CARTESIAN_POINT ( 'NONE',  ( 323.8999768866827367, 11.80672738555373691, 246.9151448545405572 ) ) ;
#1573 = B_SPLINE_CURVE_WITH_KNOTS ( 'NONE', 3,
 ( #6050, #1143, #4559, #4140 ),
 .UNSPECIFIED., .F., .F.,
 ( 4, 4 ),
 ( 0.4928102964359811211, 0.5070401860142444983 ),
 .UNSPECIFIED. ) ;
#1574 = CARTESIAN_POINT ( 'NONE',  ( 333.3030462462140235, -0.03910791923491725719, 222.9253894044234698 ) ) ;
#1575 = CARTESIAN_POINT ( 'NONE',  ( 320.0370945548289683, -9.806533276961726386, 265.1568107131932379 ) ) ;
#1576 = CARTESIAN_POINT ( 'NONE',  ( 295.2370945547437486, -1.522724415356112804, 220.1318532522773239 ) ) ;
#1577 = FACE_OUTER_BOUND ( 'NONE', #2368, .T. ) ;
#1578 = AXIS2_PLACEMENT_3D ( 'NONE', #5365, #993, #6181 ) ;
#1579 = CARTESIAN_POINT ( 'NONE',  ( 579.9999999970532372, -4.994062015816076006, 331.9402949731788794 ) ) ;
#1580 = CARTESIAN_POINT ( 'NONE',  ( 295.6512304589285804, -3.798689418140484442, 233.0742729126830852 ) ) ;
#1581 = ORIENTED_EDGE ( 'NONE', *, *, #1928, .T. ) ;
#1582 = CARTESIAN_POINT ( 'NONE',  ( 324.2363535344413208, -1.312432335409051909, 223.8957273386540692 ) ) ;
#1583 = CARTESIAN_POINT ( 'NONE',  ( 294.2097401859113006, -2.089040108879235191, 221.0478054651749460 ) ) ;
#1584 = CARTESIAN_POINT ( 'NONE',  ( 328.1847372991414318, -0.7329877157266370125, 223.0000618697333152 ) ) ;
#1585 = CARTESIAN_POINT ( 'NONE',  ( 325.8123390598209426, -2.477891008276003948, 224.2448314641089269 ) ) ;
#1586 = ADVANCED_FACE ( 'NONE', ( #1482 ), #3409, .F. ) ;
#1587 = B_SPLINE_CURVE_WITH_KNOTS ( 'NONE', 3,
 ( #5810, #964, #2909, #1377 ),
 .UNSPECIFIED., .F., .F.,
 ( 4, 4 ),
 ( 0.000000000000000000, 8.996623123380133834E-05 ),
 .UNSPECIFIED. ) ;
#1588 = EDGE_CURVE ( 'NONE', #18, #5888, #5154, .T. ) ;
#1589 = CARTESIAN_POINT ( 'NONE',  ( 386.6666666647018360, -5.188915455063127347, 422.9413900255781300 ) ) ;
#1590 = CARTESIAN_POINT ( 'NONE',  ( 325.8016514400531491, -1.736216468943406088, 222.5334414088158610 ) ) ;
#1591 = DIRECTION ( 'NONE',  ( 0.000000000000000000, 0.000000000000000000, -1.000000000000000000 ) ) ;
#1592 = CARTESIAN_POINT ( 'NONE',  ( 386.6666666647022339, -4.983285286627484822, 421.1448889319453883 ) ) ;
#1593 = CARTESIAN_POINT ( 'NONE',  ( 314.6194143711764468, 11.82683569801774581, 246.1488107729454669 ) ) ;
#1594 = PRODUCT_CONTEXT ( 'NONE', #228, 'mechanical' ) ;
#1595 = CARTESIAN_POINT ( 'NONE',  ( 300.3753214961938625, 0.08988258876935970032, 220.7328325607880117 ) ) ;
#1596 = ORIENTED_EDGE ( 'NONE', *, *, #2696, .F. ) ;
#1597 = CARTESIAN_POINT ( 'NONE',  ( 323.8750727921037083, -5.193722696978048781, 239.7027851898760105 ) ) ;
#1598 = DIRECTION ( 'NONE',  ( 0.000000000000000000, 1.000000000000000000, 0.000000000000000000 ) ) ;
#1599 = CARTESIAN_POINT ( 'NONE',  ( 294.8268843505054519, -4.645750641521630975, 231.8122957564870603 ) ) ;
#1600 = CARTESIAN_POINT ( 'NONE',  ( 295.2370945548291274, 2.676120343942405277, 219.7245129362323723 ) ) ;
#1601 = EDGE_CURVE ( 'NONE', #5959, #4070, #5983, .T. ) ;
#1602 = DIRECTION ( 'NONE',  ( -1.109593423972685531E-13, 0.2796160699111128189, 0.9601118963159783748 ) ) ;
#1603 = ORIENTED_EDGE ( 'NONE', *, *, #1349, .F. ) ;
#1604 = CARTESIAN_POINT ( 'NONE',  ( 295.6451991578287561, 12.38304671265216328, 253.1078139091796402 ) ) ;
#1605 = LINE ( 'NONE', #4977, #1724 ) ;
#1606 = CARTESIAN_POINT ( 'NONE',  ( 329.5160723098480844, 9.444495749341164981, 241.4808385466474761 ) ) ;
#1607 = CARTESIAN_POINT ( 'NONE',  ( 329.8179928142322410, 10.08578892022518758, 240.0014857287415850 ) ) ;
#1608 = VECTOR ( 'NONE', #3907, 1000.000000000000000 ) ;
#1609 = CARTESIAN_POINT ( 'NONE',  ( 295.2370945548289569, -1.419025415935693424, 218.6889315272503893 ) ) ;
#1610 = CARTESIAN_POINT ( 'NONE',  ( 286.4230390388917158, 3.250159453533006282, 221.2197471366824288 ) ) ;
#1611 = CARTESIAN_POINT ( 'NONE',  ( 290.8733878970590467, -3.816440623939088006, 232.8032427541662344 ) ) ;
#1612 = VERTEX_POINT ( 'NONE', #2050 ) ;
#1613 = CARTESIAN_POINT ( 'NONE',  ( 328.8387180848654907, -2.340135985756127024, 227.2623217790822423 ) ) ;
#1614 = FACE_OUTER_BOUND ( 'NONE', #6089, .T. ) ;
#1615 = CARTESIAN_POINT ( 'NONE',  ( 319.7340254802989534, 13.40196387557087476, 264.4069360666572948 ) ) ;
#1616 = CARTESIAN_POINT ( 'NONE',  ( 324.0778574709156032, -5.164602264016900257, 239.0581838360905067 ) ) ;
#1617 = CARTESIAN_POINT ( 'NONE',  ( 0.000000000000000000, -5.179038273367098100, 210.9887546019604088 ) ) ;
#1618 = DIRECTION ( 'NONE',  ( 1.000000000000000000, 0.000000000000000000, -0.000000000000000000 ) ) ;
#1619 = CARTESIAN_POINT ( 'NONE',  ( 386.6666666647022339, 10.87555325742401635, 247.9818409266538879 ) ) ;
#1620 = CARTESIAN_POINT ( 'NONE',  ( 579.9999999970528961, -4.638197617360101610, 390.5925355609921894 ) ) ;
#1621 = CARTESIAN_POINT ( 'NONE',  ( 296.2275556925029605, 11.80627730302191836, 244.3654651281704560 ) ) ;
#1622 = CARTESIAN_POINT ( 'NONE',  ( 295.5945072652898489, -0.03125427028170727622, 220.3909167555061401 ) ) ;
#1623 = ORIENTED_EDGE ( 'NONE', *, *, #598, .F. ) ;
#1624 = CARTESIAN_POINT ( 'NONE',  ( 325.2340901974453118, -4.636571106525379626, 234.3404681632628410 ) ) ;
#1625 = CARTESIAN_POINT ( 'NONE',  ( 294.2946621972832304, -3.764862708494289389, 226.3953827301479294 ) ) ;
#1626 = CARTESIAN_POINT ( 'NONE',  ( 295.2370945548289569, 6.443565034139782099, 224.8304593634315438 ) ) ;
#1627 = DIRECTION ( 'NONE',  ( 1.000000000000000000, -0.000000000000000000, 0.000000000000000000 ) ) ;
#1628 = VERTEX_POINT ( 'NONE', #137 ) ;
#1629 = DIRECTION ( 'NONE',  ( 0.000000000000000000, 0.000000000000000000, -1.000000000000000000 ) ) ;
#1630 = CARTESIAN_POINT ( 'NONE',  ( 325.7843870367365753, 1.355898198284332334, 222.0533895887472227 ) ) ;
#1631 = CARTESIAN_POINT ( 'NONE',  ( 300.0370945548290251, -10.14832639473889664, 238.3673795191402291 ) ) ;
#1632 = CIRCLE ( 'NONE', #396, 0.9999998945584148702 ) ;
#1633 = CARTESIAN_POINT ( 'NONE',  ( 294.1841704334545966, -1.177757942517615231, 219.7319104601844231 ) ) ;
#1634 = CARTESIAN_POINT ( 'NONE',  ( 301.0370945548290251, -6.332005811229423742, 260.8760379614128055 ) ) ;
#1635 = CARTESIAN_POINT ( 'NONE',  ( 300.4316497015767027, -4.498838695810563060, 241.2527097512457317 ) ) ;
#1636 = ORIENTED_EDGE ( 'NONE', *, *, #2022, .T. ) ;
#1637 = EDGE_CURVE ( 'NONE', #3385, #4847, #4509, .T. ) ;
#1638 = CARTESIAN_POINT ( 'NONE',  ( 328.8314785603522523, -1.260368915604625162, 224.0853940871306236 ) ) ;
#1639 = CARTESIAN_POINT ( 'NONE',  ( 579.9999999970528961, -1.220256621134524266, 238.8938225097272152 ) ) ;
#1640 = CARTESIAN_POINT ( 'NONE',  ( 324.2449617228752459, 11.69894162785702640, 251.7999952025100754 ) ) ;
#1641 = CARTESIAN_POINT ( 'NONE',  ( 300.3401636293593810, -30.00000000000000000, 264.4069360666574653 ) ) ;
#1642 = CARTESIAN_POINT ( 'NONE',  ( 579.9999999970526687, 12.21604645281511381, 288.0486393700726353 ) ) ;
#1643 = CARTESIAN_POINT ( 'NONE',  ( 579.9999999970530098, -4.843869939650165435, 266.1019293467749094 ) ) ;
#1644 = CARTESIAN_POINT ( 'NONE',  ( 323.8286282028672645, -5.197203401353555741, 239.7779621052477523 ) ) ;
#1645 = CARTESIAN_POINT ( 'NONE',  ( 295.5949042457413043, -0.003570253506069805214, 220.3929010482179365 ) ) ;
#1646 = ORIENTED_EDGE ( 'NONE', *, *, #103, .T. ) ;
#1647 = CARTESIAN_POINT ( 'NONE',  ( 296.2370945548290706, -5.193722696978042563, 236.9345085788743290 ) ) ;
#1648 = CARTESIAN_POINT ( 'NONE',  ( 579.9999999970532372, 5.400585436222888447, 245.2695254820144157 ) ) ;
#1649 = CARTESIAN_POINT ( 'NONE',  ( 323.1360718900296547, 13.35251330468730657, 264.4069360666573516 ) ) ;
#1650 = DIRECTION ( 'NONE',  ( 1.000000000000000000, -0.000000000000000000, -0.000000000000000000 ) ) ;
#1651 =( LENGTH_UNIT ( ) NAMED_UNIT ( * ) SI_UNIT ( .MILLI., .METRE. ) );
#1652 = CARTESIAN_POINT ( 'NONE',  ( 295.2370945548290706, 13.75623014262336419, 264.4069360666574653 ) ) ;
#1653 = EDGE_LOOP ( 'NONE', ( #4396, #3869, #5935, #1037 ) ) ;
#1654 = CLOSED_SHELL ( 'NONE', ( #5585, #933, #5077, #5580, #2959, #1303, #244, #4642, #4003, #5543, #2874, #4483, #1219, #4089, #3623, #2242, #2814, #5674, #5976, #5397, #5441, #2618, #4515, #4944, #1017, #3987, #4853, #2141, #2597, #5633, #1942, #680, #4984, #1263, #5915, #2108, #3325, #4935, #3529, #2315, #3021, #584, #3820, #6095, #4124, #1221, #1586, #1717, #4015, #5887, #2943, #3852, #4725, #5777, #1292, #5824, #3812, #4878, #5867, #1493, #3250, #2233, #5105, #821, #1794, #793, #5157, #1670, #136, #6243, #792, #4403, #2800, #149, #6012, #1846, #6105, #2815, #3072, #4001, #1507, #323 ) ) ;
#1655 =( BOUNDED_SURFACE ( )  B_SPLINE_SURFACE ( 3, 2, ( 
 ( #4351, #1917, #5362 ),
 ( #2458, #3278, #2872 ),
 ( #4750, #376, #5226 ),
 ( #1844, #853, #2322 ),
 ( #2834, #1477, #3350 ),
 ( #6213, #3872, #2799 ),
 ( #3798, #5732, #44 ),
 ( #479, #4313, #991 ),
 ( #5295, #2938, #6284 ),
 ( #959, #1373, #926 ),
 ( #2428, #4383, #2392 ),
 ( #5767, #4783, #3314 ),
 ( #5260, #2905, #5804 ),
 ( #889, #409, #2359 ),
 ( #4817, #3836, #4884 ),
 ( #14, #507, #6247 ),
 ( #1445, #1881, #1409 ),
 ( #4415, #443, #4852 ),
 ( #3906, #3387, #1985 ),
 ( #1954, #2102, #132 ),
 ( #1566, #2582, #188 ),
 ( #5903, #3574, #1087 ) ),
 .UNSPECIFIED., .F., .F., .F. ) 
 B_SPLINE_SURFACE_WITH_KNOTS ( ( 4, 2, 2, 2, 2, 2, 2, 2, 2, 2, 4 ),
 ( 3, 3 ),
 ( -1.101278356702151129E-16, 0.0002120087077343567089, 0.0004240174154688235186, 0.0008480348309377571921, 0.001696069661875624539, 0.003392139323751359233, 0.006784278647502828621, 0.008480348309378563099, 0.01017641797125429758, 0.01187248763313003205, 0.01356855729500576653 ),
 ( 0.000000000000000000, 1.000000000000000000 ),
 .UNSPECIFIED. ) 
 GEOMETRIC_REPRESENTATION_ITEM ( )  RATIONAL_B_SPLINE_SURFACE ( (
 ( 1.000000000000000000, 0.9989680989227608388, 1.000000000000000000),
 ( 1.000000000000000000, 0.9988762370807819924, 1.000000000000000000),
 ( 1.000000000000000000, 0.9983510514934591518, 1.000000000000000000),
 ( 1.000000000000000000, 0.9971466901175002340, 1.000000000000000000),
 ( 1.000000000000000000, 0.9964658215552432141, 1.000000000000000000),
 ( 1.000000000000000000, 0.9943277617309240757, 1.000000000000000000),
 ( 1.000000000000000000, 0.9927822304979564416, 1.000000000000000000),
 ( 1.000000000000000000, 0.9880537958356250261, 1.000000000000000000),
 ( 1.000000000000000000, 0.9847132409593970515, 1.000000000000000000),
 ( 1.000000000000000000, 0.9742489841376894555, 1.000000000000000000),
 ( 1.000000000000000000, 0.9667089816354118570, 1.000000000000000000),
 ( 1.000000000000000000, 0.9422964447522349518, 1.000000000000000000),
 ( 1.000000000000000000, 0.9235974154725759000, 1.000000000000000000),
 ( 1.000000000000000000, 0.8904181694151824811, 1.000000000000000000),
 ( 1.000000000000000000, 0.8784978842264579146, 1.000000000000000000),
 ( 1.000000000000000000, 0.8526525078128832646, 1.000000000000000000),
 ( 1.000000000000000000, 0.8388460024216006783, 1.000000000000000000),
 ( 1.000000000000000000, 0.8078564819743001557, 1.000000000000000000),
 ( 1.000000000000000000, 0.7906409590275222943, 1.000000000000000000),
 ( 1.000000000000000000, 0.7504255942494888476, 1.000000000000000000),
 ( 1.000000000000000000, 0.7274269858758197760, 1.000000000000000000),
 ( 1.000000000000000000, 0.6999444063295633400, 1.000000000000000000) ) ) 
 REPRESENTATION_ITEM ( '' )  SURFACE ( )  );
#1656 = CARTESIAN_POINT ( 'NONE',  ( 300.4202112675969261, 10.54046387325336198, 243.5501073572312691 ) ) ;
#1657 = DIRECTION ( 'NONE',  ( 0.000000000000000000, 1.576542137387265747E-16, -1.000000000000000000 ) ) ;
#1658 = CARTESIAN_POINT ( 'NONE',  ( 320.0370945548290251, -6.292000280473049934, 264.4069360666574653 ) ) ;
#1659 = CARTESIAN_POINT ( 'NONE',  ( 320.0370945546835628, -14.91310529561588893, 260.0002072560231454 ) ) ;
#1660 = EDGE_CURVE ( 'NONE', #1879, #703, #5264, .T. ) ;
#1661 = FACE_OUTER_BOUND ( 'NONE', #4326, .T. ) ;
#1662 = CARTESIAN_POINT ( 'NONE',  ( 295.2370945548544228, 0.8102990589153803436, 219.6163304375631355 ) ) ;
#1663 = CARTESIAN_POINT ( 'NONE',  ( 289.4736730466408972, 9.937799324899042830, 236.1672712373238880 ) ) ;
#1664 = AXIS2_PLACEMENT_3D ( 'NONE', #5526, #3590, #5499 ) ;
#1665 = CARTESIAN_POINT ( 'NONE',  ( 324.5549531237970768, 11.51357076371164467, 244.1740134075841979 ) ) ;
#1666 = ORIENTED_EDGE ( 'NONE', *, *, #4686, .T. ) ;
#1667 = CARTESIAN_POINT ( 'NONE',  ( 319.6400383897823758, -1.188985331741194917, 223.2671649637809423 ) ) ;
#1668 = CARTESIAN_POINT ( 'NONE',  ( 0.000000000000000000, -0.5139382740374544012, 199.4997056216937779 ) ) ;
#1669 = CARTESIAN_POINT ( 'NONE',  ( 333.4344049305082081, 10.91635420828471936, 248.4616352956972207 ) ) ;
#1670 = ADVANCED_FACE ( 'NONE', ( #4623 ), #4685, .T. ) ;
#1671 = CARTESIAN_POINT ( 'NONE',  ( 320.0370945548290251, -7.225095369987553973, 109.4050437939080922 ) ) ;
#1672 = CARTESIAN_POINT ( 'NONE',  ( 579.9999999970528961, 10.96806314987765596, 310.6656409606852094 ) ) ;
#1673 = CARTESIAN_POINT ( 'NONE',  ( 0.000000000000000000, -6.040101761588164031, 217.1525123588351676 ) ) ;
#1674 = CARTESIAN_POINT ( 'NONE',  ( 325.7958989336424338, 3.604490553277998277, 224.3746992198438477 ) ) ;
#1675 = CARTESIAN_POINT ( 'NONE',  ( 295.5946231770578834, -0.04784106685118720559, 220.3915799266243880 ) ) ;
#1676 = VERTEX_POINT ( 'NONE', #3245 ) ;
#1677 = DIRECTION ( 'NONE',  ( -0.000000000000000000, 0.000000000000000000, 1.000000000000000000 ) ) ;
#1678 = CARTESIAN_POINT ( 'NONE',  ( 0.000000000000000000, -3.869566342698527173E-11, 199.5133111311278071 ) ) ;
#1679 = CARTESIAN_POINT ( 'NONE',  ( 300.0370945548290251, -5.193722696977875586, 109.4050437939080922 ) ) ;
#1680 = CARTESIAN_POINT ( 'NONE',  ( 318.0921765524212219, -13.79414814108199216, 264.4069360666574653 ) ) ;
#1681 = CARTESIAN_POINT ( 'NONE',  ( 325.8370945548290365, -4.193722696978029241, 226.2551948320733288 ) ) ;
#1682 = ORIENTED_EDGE ( 'NONE', *, *, #1003, .T. ) ;
#1683 = CARTESIAN_POINT ( 'NONE',  ( 0.000000000000000000, -7.169037781342534998, 446.3294496812645775 ) ) ;
#1684 = CARTESIAN_POINT ( 'NONE',  ( 300.4225821568460333, 12.03405667482825159, 251.3420635672287062 ) ) ;
#1685 = CARTESIAN_POINT ( 'NONE',  ( 324.4021580713923072, 11.63197898186925627, 245.2354162105312980 ) ) ;
#1686 = LINE ( 'NONE', #3640, #2228 ) ;
#1687 = CARTESIAN_POINT ( 'NONE',  ( 324.8370945548290933, -3.296287826616013827, 106.0050442647847433 ) ) ;
#1688 = EDGE_CURVE ( 'NONE', #1750, #5998, #3329, .T. ) ;
#1689 = DIRECTION ( 'NONE',  ( 0.000000000000000000, 5.551115123125782702E-15, -1.000000000000000000 ) ) ;
#1690 = CARTESIAN_POINT ( 'NONE',  ( 295.2370945548290706, -2.071757821527530297, 221.0831617845842061 ) ) ;
#1691 = CARTESIAN_POINT ( 'NONE',  ( 286.5910869491438007, 3.880536642309619477, 222.0431498071357623 ) ) ;
#1692 = CARTESIAN_POINT ( 'NONE',  ( 324.7306549161125986, 11.26613325838899549, 242.0828570309966494 ) ) ;
#1693 = ORIENTED_EDGE ( 'NONE', *, *, #2856, .T. ) ;
#1694 = CARTESIAN_POINT ( 'NONE',  ( 333.4265043211672150, -1.208780070876674495, 224.2770067613913056 ) ) ;
#1695 = CARTESIAN_POINT ( 'NONE',  ( 0.000000000000000000, -6.040101761588164031, 217.1525123588351676 ) ) ;
#1696 = CARTESIAN_POINT ( 'NONE',  ( 315.0370945548290251, -13.82245167504209071, 264.4069360666474040 ) ) ;
#1697 = LINE ( 'NONE', #655, #5296 ) ;
#1698 = CARTESIAN_POINT ( 'NONE',  ( 386.6666666647018928, 13.85879363688259858, 268.4212721551975278 ) ) ;
#1699 = CARTESIAN_POINT ( 'NONE',  ( 193.3333333323510317, -7.079803176567100564, 270.4717163648858218 ) ) ;
#1700 = LINE ( 'NONE', #1225, #4945 ) ;
#1701 = EDGE_CURVE ( 'NONE', #675, #1612, #4125, .T. ) ;
#1702 = CARTESIAN_POINT ( 'NONE',  ( 300.3749777139208277, -0.1794523459929874831, 220.7363505664076229 ) ) ;
#1703 = CARTESIAN_POINT ( 'NONE',  ( 193.3333333323509748, -3.397287876363841441E-11, 212.5133111311279777 ) ) ;
#1704 = DIRECTION ( 'NONE',  ( -0.000000000000000000, 0.000000000000000000, 1.000000000000000000 ) ) ;
#1705 = CARTESIAN_POINT ( 'NONE',  ( 321.4350488634685803, 13.37725068720455468, 264.4069360666576358 ) ) ;
#1706 = CARTESIAN_POINT ( 'NONE',  ( 330.7947921088949101, -4.751574469539673551, 235.2153557107294830 ) ) ;
#1707 = CARTESIAN_POINT ( 'NONE',  ( 299.2370945548290138, -1.696287862378802691, 128.5328006421047178 ) ) ;
#1708 = ORIENTED_EDGE ( 'NONE', *, *, #343, .F. ) ;
#1709 = AXIS2_PLACEMENT_3D ( 'NONE', #943, #3818, #3407 ) ;
#1710 = CARTESIAN_POINT ( 'NONE',  ( 193.3333333323510317, -7.123187505558254529, 304.9108520061777199 ) ) ;
#1711 = DIRECTION ( 'NONE',  ( 0.000000000000000000, 0.000000000000000000, -1.000000000000000000 ) ) ;
#1712 = CARTESIAN_POINT ( 'NONE',  ( 324.8220151917205953, 11.00490260544406595, 240.0370233203587702 ) ) ;
#1713 = CARTESIAN_POINT ( 'NONE',  ( 330.5715754717451773, 7.937629830738844205, 236.3090746081730344 ) ) ;
#1714 = LINE ( 'NONE', #5603, #543 ) ;
#1715 = DIRECTION ( 'NONE',  ( 0.000000000000000000, -0.000000000000000000, -1.000000000000000000 ) ) ;
#1716 = CARTESIAN_POINT ( 'NONE',  ( 294.1840274788584111, 1.355633040910808607, 219.9206559468265993 ) ) ;
#1717 = ADVANCED_FACE ( 'NONE', ( #3214 ), #5359, .F. ) ;
#1718 = CARTESIAN_POINT ( 'NONE',  ( 288.0846555110340432, 7.647495964682016201, 229.3613505542932103 ) ) ;
#1719 = ORIENTED_EDGE ( 'NONE', *, *, #6300, .F. ) ;
#1720 = B_SPLINE_CURVE_WITH_KNOTS ( 'NONE', 3,
 ( #4821, #6217, #4788, #3391 ),
 .UNSPECIFIED., .F., .F.,
 ( 4, 4 ),
 ( 0.000000000000000000, 0.02771713018642719614 ),
 .UNSPECIFIED. ) ;
#1721 = CARTESIAN_POINT ( 'NONE',  ( 320.0370945548290251, -5.291804277597578654, 264.4069360666575790 ) ) ;
#1722 = EDGE_CURVE ( 'NONE', #4748, #4311, #2733, .T. ) ;
#1723 = VECTOR ( 'NONE', #579, 1000.000000000000000 ) ;
#1724 = VECTOR ( 'NONE', #5968, 1000.000000000000000 ) ;
#1725 = EDGE_LOOP ( 'NONE', ( #3936, #4831, #1740, #2525 ) ) ;
#1726 = CARTESIAN_POINT ( 'NONE',  ( 579.9999999970530098, -4.843869939650165435, 266.1019293467749094 ) ) ;
#1727 = CARTESIAN_POINT ( 'NONE',  ( 319.6588099118465038, -4.387448948658880354, 241.8199743731180718 ) ) ;
#1728 = CARTESIAN_POINT ( 'NONE',  ( 328.8370305019681723, 9.740489762267470653, 242.6691113373184976 ) ) ;
#1729 = CARTESIAN_POINT ( 'NONE',  ( 0.000000000000000000, 15.80337903634185182, 325.8913209393173815 ) ) ;
#1730 = EDGE_CURVE ( 'NONE', #5598, #3517, #5771, .T. ) ;
#1731 = CARTESIAN_POINT ( 'NONE',  ( 315.0370945548289683, -14.22698392724923089, 181.0737284751227207 ) ) ;
#1732 = CARTESIAN_POINT ( 'NONE',  ( 386.6666666647022339, 11.94894084339834173, 321.0677719607929816 ) ) ;
#1733 = CARTESIAN_POINT ( 'NONE',  ( 579.9999999970526687, -5.051091561309488220, 323.0149168784112135 ) ) ;
#1734 = PLANE ( 'NONE',  #4832 ) ;
#1735 = CARTESIAN_POINT ( 'NONE',  ( 300.3859360542615491, -0.5334571423493226217, 220.9218279705777377 ) ) ;
#1736 = CARTESIAN_POINT ( 'NONE',  ( 319.0370945548290251, -10.19372269697789157, 111.8776466569873094 ) ) ;
#1737 = DIRECTION ( 'NONE',  ( -1.000000000000000000, 0.000000000000000000, -0.000000000000000000 ) ) ;
#1738 = CARTESIAN_POINT ( 'NONE',  ( 325.8020094533912356, -3.517622713628167030, 227.6320827966246725 ) ) ;
#1739 = LINE ( 'NONE', #4676, #4029 ) ;
#1740 = ORIENTED_EDGE ( 'NONE', *, *, #3971, .F. ) ;
#1741 = ORIENTED_EDGE ( 'NONE', *, *, #2054, .T. ) ;
#1742 = CARTESIAN_POINT ( 'NONE',  ( 193.3333333323509180, -6.836737455847012868, 354.0694408174593946 ) ) ;
#1743 = CARTESIAN_POINT ( 'NONE',  ( 300.4193941383010156, 10.07852600449165692, 241.6248294572274915 ) ) ;
#1744 = CARTESIAN_POINT ( 'NONE',  ( 325.7857302004167082, 10.23693592415164488, 240.2925647974334993 ) ) ;
#1745 = FACE_OUTER_BOUND ( 'NONE', #5870, .T. ) ;
#1746 = CARTESIAN_POINT ( 'NONE',  ( 320.0370945548293093, -10.20390391027209986, 160.3643972067602590 ) ) ;
#1747 = CARTESIAN_POINT ( 'NONE',  ( 323.8370945548290365, -5.193722696978042563, 239.6950307219689478 ) ) ;
#1748 = VECTOR ( 'NONE', #3555, 1000.000000000000000 ) ;
#1749 = CARTESIAN_POINT ( 'NONE',  ( 304.0370946468150350, -6.381416404023367406, 264.4069360666574653 ) ) ;
#1750 = VERTEX_POINT ( 'NONE', #1180 ) ;
#1751 = CARTESIAN_POINT ( 'NONE',  ( 324.8370945548289797, 14.33246036806402657, 264.4069360666574653 ) ) ;
#1752 = ORIENTED_EDGE ( 'NONE', *, *, #2484, .T. ) ;
#1753 = CARTESIAN_POINT ( 'NONE',  ( 193.3333333323509464, -6.939266470113822471, 260.1927417165398992 ) ) ;
#1754 = CARTESIAN_POINT ( 'NONE',  ( 319.6492636757280366, -2.477926486846393939, 227.1333848778743345 ) ) ;
#1755 = CARTESIAN_POINT ( 'NONE',  ( 328.8167647222941241, 2.881338460892664877, 225.2409907907867535 ) ) ;
#1756 = CARTESIAN_POINT ( 'NONE',  ( 0.000000000000000000, 4.196968758149082213, 202.6130197730023212 ) ) ;
#1757 = CARTESIAN_POINT ( 'NONE',  ( 324.2026290328250866, 0.2575971900301016193, 222.4084748154382680 ) ) ;
#1758 = CARTESIAN_POINT ( 'NONE',  ( 320.0370945548290251, -4.196647499877946608, 139.4050437939080496 ) ) ;
#1759 = CARTESIAN_POINT ( 'NONE',  ( 193.3333333323508896, -5.464983162938358063, 438.0432744059715446 ) ) ;
#1760 = CARTESIAN_POINT ( 'NONE',  ( 386.6666666647022339, -5.483459774955862009, 251.0186217847534920 ) ) ;
#1761 = CARTESIAN_POINT ( 'NONE',  ( 325.7706157993371221, -0.2402837683731154916, 221.4310902886194583 ) ) ;
#1762 = EDGE_CURVE ( 'NONE', #2807, #2132, #5663, .T. ) ;
#1763 = CARTESIAN_POINT ( 'NONE',  ( 286.0801190859414191, -1.316669414875504485, 221.2354598086883755 ) ) ;
#1764 = CARTESIAN_POINT ( 'NONE',  ( 296.2198873309897635, -5.193722696978042563, 236.9311339564557102 ) ) ;
#1765 = CARTESIAN_POINT ( 'NONE',  ( 386.6666666647020634, 3.173329659270263559, 227.8570020030838919 ) ) ;
#1766 = PLANE ( 'NONE',  #2261 ) ;
#1767 = PRESENTATION_STYLE_ASSIGNMENT (( #4141 ) ) ;
#1768 = DIRECTION ( 'NONE',  ( -0.000000000000000000, -1.000000000000000000, 2.102695133789802685E-15 ) ) ;
#1769 = CARTESIAN_POINT ( 'NONE',  ( 289.0153394387268690, 8.212021497867034725, 233.9215240801665914 ) ) ;
#1770 = ORIENTED_EDGE ( 'NONE', *, *, #5333, .F. ) ;
#1771 = ORIENTED_EDGE ( 'NONE', *, *, #6207, .F. ) ;
#1772 = CARTESIAN_POINT ( 'NONE',  ( 193.3333333323510317, -6.765421898788464894, 365.9557577967350426 ) ) ;
#1773 = CARTESIAN_POINT ( 'NONE',  ( 295.6306640221764610, 5.425896754419945900, 227.3524816713296559 ) ) ;
#1774 = CARTESIAN_POINT ( 'NONE',  ( 324.0489043064655448, 11.78411399009665139, 246.6268363823656955 ) ) ;
#1775 = CARTESIAN_POINT ( 'NONE',  ( 319.0370945545382142, -14.24079401669137823, 191.7997482284816329 ) ) ;
#1776 = CARTESIAN_POINT ( 'NONE',  ( 315.0370945548290251, -15.43572985819433718, 233.4683084990403756 ) ) ;
#1777 = EDGE_CURVE ( 'NONE', #4311, #2028, #3544, .T. ) ;
#1778 = CARTESIAN_POINT ( 'NONE',  ( 307.0046938761930164, -5.193722696978039899, 237.9957347016095355 ) ) ;
#1779 = CARTESIAN_POINT ( 'NONE',  ( 319.0370945548290251, -6.297597955918412538, 264.4069360666574653 ) ) ;
#1780 = ORIENTED_EDGE ( 'NONE', *, *, #3540, .T. ) ;
#1781 = CARTESIAN_POINT ( 'NONE',  ( 323.8813369663646426, 11.80627730302191480, 246.8145731676171692 ) ) ;
#1782 = CARTESIAN_POINT ( 'NONE',  ( 300.0370945548290251, -5.193722696978042563, 203.3969054146694759 ) ) ;
#1783 = ORIENTED_EDGE ( 'NONE', *, *, #4598, .T. ) ;
#1784 = CARTESIAN_POINT ( 'NONE',  ( 579.9999999970531235, -5.102621935511616691, 314.0808441813599075 ) ) ;
#1785 = CARTESIAN_POINT ( 'NONE',  ( 328.8456471891763044, -3.397018906912477654, 232.8121393394275174 ) ) ;
#1786 = ORIENTED_EDGE ( 'NONE', *, *, #2702, .F. ) ;
#1787 = CARTESIAN_POINT ( 'NONE',  ( 328.8195458093125580, 3.396475078206322884, 226.0014263461646919 ) ) ;
#1788 = CARTESIAN_POINT ( 'NONE',  ( 386.6666666647018928, 13.85879363688259858, 268.4212721551975278 ) ) ;
#1789 = CARTESIAN_POINT ( 'NONE',  ( 324.1967913578669709, 0.04845123362150306756, 222.3255300681599067 ) ) ;
#1790 = CARTESIAN_POINT ( 'NONE',  ( 0.000000000000000000, -4.371643211507932669, 446.5568535484148924 ) ) ;
#1791 = CARTESIAN_POINT ( 'NONE',  ( 300.0370945548290251, -5.403532392532980566, 264.4069360666574653 ) ) ;
#1792 = CARTESIAN_POINT ( 'NONE',  ( 325.7709917763626208, 0.2065181306510389114, 221.4377525702447258 ) ) ;
#1793 = AXIS2_PLACEMENT_3D ( 'NONE', #4835, #4230, #1936 ) ;
#1794 = ADVANCED_FACE ( 'NONE', ( #6086 ), #5096, .T. ) ;
#1795 = CARTESIAN_POINT ( 'NONE',  ( 286.0795979811679786, -1.271189636674081802, 221.1239647998691851 ) ) ;
#1796 = CARTESIAN_POINT ( 'NONE',  ( 579.9999999970532372, 9.121458547516446913, 257.3579398412701380 ) ) ;
#1797 = CARTESIAN_POINT ( 'NONE',  ( 193.3333333323509748, -3.838522145386324969, 429.4299400882140958 ) ) ;
#1798 = CARTESIAN_POINT ( 'NONE',  ( 324.1064062767808878, -5.178229004111635447, 239.5796652792727741 ) ) ;
#1799 = CARTESIAN_POINT ( 'NONE',  ( 332.9802067057201498, -2.385973426713483558, 224.5072415046466006 ) ) ;
#1800 = CARTESIAN_POINT ( 'NONE',  ( 579.9999999970530098, 0.4218217482621807735, 238.5244780359223853 ) ) ;
#1801 = CARTESIAN_POINT ( 'NONE',  ( 193.3333333323510317, 16.73177006838016467, 291.1673851077070481 ) ) ;
#1802 = CARTESIAN_POINT ( 'NONE',  ( 287.3565955234010403, 4.957686278980966144, 225.7939956424245338 ) ) ;
#1803 = EDGE_LOOP ( 'NONE', ( #2218, #3426, #2952, #1049, #5229, #3312, #5900, #2763 ) ) ;
#1804 = CARTESIAN_POINT ( 'NONE',  ( 386.6666666647018928, -5.079293524304736351, 244.4817092322057874 ) ) ;
#1805 = CARTESIAN_POINT ( 'NONE',  ( 290.8572117344800745, 7.006402647286818386, 230.6765723902490208 ) ) ;
#1806 = CARTESIAN_POINT ( 'NONE',  ( 296.2370945548290706, 10.80627730302193612, 105.0050425958546754 ) ) ;
#1807 = ORIENTED_EDGE ( 'NONE', *, *, #4150, .F. ) ;
#1808 = CARTESIAN_POINT ( 'NONE',  ( 315.0370945559924962, -14.22727043292756122, 181.3190014636957699 ) ) ;
#1809 = DIRECTION ( 'NONE',  ( -0.000000000000000000, -5.551115123125782702E-15, 1.000000000000000000 ) ) ;
#1810 = CARTESIAN_POINT ( 'NONE',  ( 312.2370945548290138, -0.6962878623788025800, 104.0050425958546754 ) ) ;
#1811 = EDGE_CURVE ( 'NONE', #5354, #2503, #4100, .T. ) ;
#1812 = CARTESIAN_POINT ( 'NONE',  ( 300.0370945548289683, -5.197754948488007010, 237.3982535195826244 ) ) ;
#1813 = CARTESIAN_POINT ( 'NONE',  ( 285.9877853168819115, 0.9842342891470954314, 219.0870870132093557 ) ) ;
#1814 = ORIENTED_EDGE ( 'NONE', *, *, #4973, .F. ) ;
#1815 = CARTESIAN_POINT ( 'NONE',  ( 672.0146080650777094, -3.296287826616013827, 134.9050437939080496 ) ) ;
#1816 = CARTESIAN_POINT ( 'NONE',  ( 324.8370945548290365, -2.691784200347604905, 222.1735976725663875 ) ) ;
#1817 = ORIENTED_EDGE ( 'NONE', *, *, #4151, .F. ) ;
#1818 = CARTESIAN_POINT ( 'NONE',  ( 0.000000000000000000, -7.252290758643901825, 233.2460157265796568 ) ) ;
#1819 = B_SPLINE_CURVE_WITH_KNOTS ( 'NONE', 3,
 ( #739, #4555, #206, #1644 ),
 .UNSPECIFIED., .F., .F.,
 ( 4, 4 ),
 ( 0.02392636582140307555, 0.02773739136388270882 ),
 .UNSPECIFIED. ) ;
#1820 = EDGE_CURVE ( 'NONE', #2049, #3161, #195, .T. ) ;
#1821 = CARTESIAN_POINT ( 'NONE',  ( 324.2540898835041503, -4.367898651121462805, 242.0536706316667335 ) ) ;
#1822 = CARTESIAN_POINT ( 'NONE',  ( 291.3354682420730910, -0.5102328181401406537, 220.2856481709303011 ) ) ;
#1823 = CARTESIAN_POINT ( 'NONE',  ( 324.2342359829680163, 6.367560776467891870, 231.5563550996356526 ) ) ;
#1824 = CARTESIAN_POINT ( 'NONE',  ( 193.3333333323509748, 14.02218431666462450, 245.8289446186508940 ) ) ;
#1825 = CARTESIAN_POINT ( 'NONE',  ( 328.8060075775719042, 1.085843630534333748, 223.3346445623786281 ) ) ;
#1826 = CARTESIAN_POINT ( 'NONE',  ( 386.6666666647022339, -5.113126307511020485, 421.1293184417577891 ) ) ;
#1827 = CARTESIAN_POINT ( 'NONE',  ( 295.2370945548290706, -5.430273930133979299, 264.4069360666574653 ) ) ;
#1828 = CARTESIAN_POINT ( 'NONE',  ( 324.8370945548291502, -0.07882486520624298887, 220.4156012683696133 ) ) ;
#1829 = CARTESIAN_POINT ( 'NONE',  ( 295.6360848887017596, -1.392014342927151649, 222.0957603235056013 ) ) ;
#1830 = CARTESIAN_POINT ( 'NONE',  ( 193.3333333323510317, 1.893688306988295489, 213.4642146367242788 ) ) ;
#1831 = CARTESIAN_POINT ( 'NONE',  ( 0.000000000000000000, 3.638467315049533468, 401.2609511280016932 ) ) ;
#1832 = CARTESIAN_POINT ( 'NONE',  ( 300.0370945548290251, -6.403714034285492573, 264.4069360666574653 ) ) ;
#1833 = CARTESIAN_POINT ( 'NONE',  ( 295.8551702618096897, 11.73145140372899675, 243.4933063428622120 ) ) ;
#1834 = PLANE ( 'NONE',  #5459 ) ;
#1835 = CARTESIAN_POINT ( 'NONE',  ( 0.000000000000000000, 3.638467315049533468, 401.2609511280016932 ) ) ;
#1836 = CARTESIAN_POINT ( 'NONE',  ( 295.2370945547621091, 7.069797482498777264, 228.4878063586643009 ) ) ;
#1837 = CARTESIAN_POINT ( 'NONE',  ( 287.4338777011081447, -2.803472569545626403, 226.1726635556822487 ) ) ;
#1838 = ORIENTED_EDGE ( 'NONE', *, *, #5977, .F. ) ;
#1839 = CARTESIAN_POINT ( 'NONE',  ( 579.9999999970527824, -0.3259142469249645679, 238.5046831896317201 ) ) ;
#1840 = CARTESIAN_POINT ( 'NONE',  ( 295.6415515764311408, 10.11961725447339866, 241.3841622367701802 ) ) ;
#1841 = CARTESIAN_POINT ( 'NONE',  ( 324.7450671769000223, -4.616256888852627860, 230.2194983435974507 ) ) ;
#1842 = VERTEX_POINT ( 'NONE', #3613 ) ;
#1843 = CARTESIAN_POINT ( 'NONE',  ( 302.2995387243748269, -14.38744967913086192, 122.6446208049570714 ) ) ;
#1844 = CARTESIAN_POINT ( 'NONE',  ( 296.1232851075384929, -5.187519309856260641, 236.7760179501192113 ) ) ;
#1845 = CARTESIAN_POINT ( 'NONE',  ( 300.3401636293593810, -4.196647499877960819, 264.4069360666574653 ) ) ;
#1846 = ADVANCED_FACE ( 'NONE', ( #1661 ), #4182, .F. ) ;
#1847 = FACE_OUTER_BOUND ( 'NONE', #3219, .T. ) ;
#1848 = VERTEX_POINT ( 'NONE', #3185 ) ;
#1849 = LINE ( 'NONE', #6289, #5282 ) ;
#1850 = EDGE_CURVE ( 'NONE', #315, #2282, #2638, .T. ) ;
#1851 = CARTESIAN_POINT ( 'NONE',  ( 301.2812583039423089, -11.59098496584259230, 113.8974174794809642 ) ) ;
#1852 = CARTESIAN_POINT ( 'NONE',  ( 324.8370945548290365, -3.522049652054619173, 224.1838555707782064 ) ) ;
#1853 = ORIENTED_EDGE ( 'NONE', *, *, #1081, .T. ) ;
#1854 = FACE_OUTER_BOUND ( 'NONE', #4572, .T. ) ;
#1855 = VECTOR ( 'NONE', #157, 1000.000000000000000 ) ;
#1856 = CARTESIAN_POINT ( 'NONE',  ( 333.4389190760636552, -2.916456471730575206, 230.2788246952763984 ) ) ;
#1857 = ORIENTED_EDGE ( 'NONE', *, *, #614, .T. ) ;
#1858 = CARTESIAN_POINT ( 'NONE',  ( 333.4047489015442238, 1.731272724547306741, 224.2369997528434169 ) ) ;
#1859 = CARTESIAN_POINT ( 'NONE',  ( 193.3333333323510317, 16.69263255009156666, 271.4737103024625640 ) ) ;
#1860 = CARTESIAN_POINT ( 'NONE',  ( 324.2107276059143146, 1.092192954113611725, 223.0291270464771571 ) ) ;
#1861 = CARTESIAN_POINT ( 'NONE',  ( 386.6666666647022339, -0.05509682441517349538, 394.0997390200583936 ) ) ;
#1862 = CARTESIAN_POINT ( 'NONE',  ( 325.8155260997489790, 10.04502666743709760, 239.5793713140142529 ) ) ;
#1863 = CARTESIAN_POINT ( 'NONE',  ( 325.7820824652762894, 1.088032230053295635, 221.8542796980941603 ) ) ;
#1864 = AXIS2_PLACEMENT_3D ( 'NONE', #4323, #6222, #487 ) ;
#1865 = CARTESIAN_POINT ( 'NONE',  ( 193.3333333323509748, 0.5840579286484742783, 212.5287729211146939 ) ) ;
#1866 = CARTESIAN_POINT ( 'NONE',  ( 579.9999999970528961, 11.66426790245968981, 302.8719718620156414 ) ) ;
#1867 = CARTESIAN_POINT ( 'NONE',  ( 323.9641354302632976, -5.192876456222478510, 239.7398582452418623 ) ) ;
#1868 = CARTESIAN_POINT ( 'NONE',  ( 319.0370945548289114, -6.295635630469234911, 264.3033365428814250 ) ) ;
#1869 = CARTESIAN_POINT ( 'NONE',  ( 323.8546915776328774, -5.193722696978044340, 239.6986236341489018 ) ) ;
#1870 = CARTESIAN_POINT ( 'NONE',  ( 193.3333333323508896, 16.91444032200661951, 281.1003418505097784 ) ) ;
#1871 = CARTESIAN_POINT ( 'NONE',  ( 295.2370945548624945, 8.364787568453770916, 231.7882082925095233 ) ) ;
#1872 = VECTOR ( 'NONE', #4316, 1000.000000000000000 ) ;
#1873 = CARTESIAN_POINT ( 'NONE',  ( 286.2228471332356889, 0.8228358288311504731, 220.2388450268441034 ) ) ;
#1874 = ORIENTED_EDGE ( 'NONE', *, *, #2436, .T. ) ;
#1875 = CARTESIAN_POINT ( 'NONE',  ( 193.3333333323509464, -6.939266470113822471, 260.1927417165398992 ) ) ;
#1876 = CARTESIAN_POINT ( 'NONE',  ( 295.6386023350376604, 8.565364667985221558, 235.6383601395689027 ) ) ;
#1877 = B_SPLINE_CURVE_WITH_KNOTS ( 'NONE', 3,
 ( #2310, #1868, #5319, #3339, #3824, #3860, #2345, #333 ),
 .UNSPECIFIED., .F., .F.,
 ( 4, 1, 1, 1, 1, 4 ),
 ( 0.000000000000000000, 0.0003107590234454095921, 0.008963173943697054155, 0.01679832881901335839, 0.02373604752908197932, 0.02513482729877147479 ),
 .UNSPECIFIED. ) ;
#1878 = CARTESIAN_POINT ( 'NONE',  ( 325.8028758486474885, -3.511069978350160881, 227.6043909364618401 ) ) ;
#1879 = VERTEX_POINT ( 'NONE', #6118 ) ;
#1880 = CARTESIAN_POINT ( 'NONE',  ( 300.2084151729205246, -11.51082015924603041, 113.7564678980531880 ) ) ;
#1881 = CARTESIAN_POINT ( 'NONE',  ( 295.0572749034197955, -4.040154981972839288, 227.9013306440301960 ) ) ;
#1882 = CARTESIAN_POINT ( 'NONE',  ( 316.0770400998459309, -15.09118373337738639, 128.7964508076797188 ) ) ;
#1883 = CARTESIAN_POINT ( 'NONE',  ( 300.0370945548290251, -4.196647499877961707, 264.4069360666574653 ) ) ;
#1884 = VERTEX_POINT ( 'NONE', #1845 ) ;
#1885 = DIRECTION ( 'NONE',  ( -1.000000000000000000, 0.000000000000000000, 0.000000000000000000 ) ) ;
#1886 = EDGE_CURVE ( 'NONE', #4810, #3149, #5261, .T. ) ;
#1887 = DIRECTION ( 'NONE',  ( 0.000000000000000000, 1.000000000000000000, -2.783699333445810042E-14 ) ) ;
#1888 = EDGE_CURVE ( 'NONE', #5166, #2132, #6073, .T. ) ;
#1889 = ORIENTED_EDGE ( 'NONE', *, *, #445, .F. ) ;
#1890 = CARTESIAN_POINT ( 'NONE',  ( 300.0370945548290251, -14.49089815268829184, 277.4013611691079859 ) ) ;
#1891 = AXIS2_PLACEMENT_3D ( 'NONE', #5381, #2001, #5440 ) ;
#1892 = CARTESIAN_POINT ( 'NONE',  ( 285.9613313270742765, -0.8450038169603971694, 218.9574675147043479 ) ) ;
#1893 = VERTEX_POINT ( 'NONE', #961 ) ;
#1894 = CARTESIAN_POINT ( 'NONE',  ( 319.6407912536479330, 7.087291573729080696, 233.0521912145287615 ) ) ;
#1895 = CARTESIAN_POINT ( 'NONE',  ( 386.6666666647022339, -2.348547368065704966, 407.1102233377395692 ) ) ;
#1896 = ORIENTED_EDGE ( 'NONE', *, *, #2172, .F. ) ;
#1897 = CARTESIAN_POINT ( 'NONE',  ( 319.5997536060841071, -0.01584588292366293644, 222.0056965137556233 ) ) ;
#1898 = CARTESIAN_POINT ( 'NONE',  ( 193.3333333323509180, -6.025824523911690989, 441.7841423508043022 ) ) ;
#1899 = CARTESIAN_POINT ( 'NONE',  ( 324.4264524526391824, 11.73648923183321635, 246.6191284076750776 ) ) ;
#1900 = CARTESIAN_POINT ( 'NONE',  ( 324.8370945548290365, 2.159293409482899051, 221.4220967358725147 ) ) ;
#1901 = CARTESIAN_POINT ( 'NONE',  ( 193.3333333323509748, 14.02218431666462450, 245.8289446186508940 ) ) ;
#1902 = CARTESIAN_POINT ( 'NONE',  ( 386.6666666647018928, 13.07726766458433332, 311.5408364025354331 ) ) ;
#1903 = VECTOR ( 'NONE', #4594, 1000.000000000000000 ) ;
#1904 = B_SPLINE_CURVE_WITH_KNOTS ( 'NONE', 3,
 ( #2925, #31, #1937, #3892 ),
 .UNSPECIFIED., .F., .F.,
 ( 4, 4 ),
 ( 0.000000000000000000, 0.001484764683794352700 ),
 .UNSPECIFIED. ) ;
#1905 = CARTESIAN_POINT ( 'NONE',  ( 332.8051876686698165, -2.709075601421624846, 225.3648013652304201 ) ) ;
#1906 = DIRECTION ( 'NONE',  ( -0.000000000000000000, -5.551115123125782702E-15, 1.000000000000000000 ) ) ;
#1907 = CARTESIAN_POINT ( 'NONE',  ( 579.9999999970531235, 2.307336104060937920, 366.4516910496425908 ) ) ;
#1908 = CARTESIAN_POINT ( 'NONE',  ( 295.2370945548290706, 9.330886589067041825, 231.4428746340418002 ) ) ;
#1909 = CARTESIAN_POINT ( 'NONE',  ( 293.6513184510375822, -5.274264177315139079, 256.6369359717797920 ) ) ;
#1910 = ORIENTED_EDGE ( 'NONE', *, *, #6227, .F. ) ;
#1911 = CARTESIAN_POINT ( 'NONE',  ( 386.6666666647018928, -1.454917083900565400, 225.9669964426877300 ) ) ;
#1912 = CARTESIAN_POINT ( 'NONE',  ( 300.3891112871737050, 1.312358291048667525, 221.6094745621426227 ) ) ;
#1913 = VERTEX_POINT ( 'NONE', #480 ) ;
#1914 = FACE_OUTER_BOUND ( 'NONE', #2759, .T. ) ;
#1915 = VERTEX_POINT ( 'NONE', #410 ) ;
#1916 = CARTESIAN_POINT ( 'NONE',  ( 300.0599470954713865, -5.197754392954164970, 237.4005000595797981 ) ) ;
#1917 = CARTESIAN_POINT ( 'NONE',  ( 296.2326576844782835, -5.193722696978047004, 236.9797558461542337 ) ) ;
#1918 = CARTESIAN_POINT ( 'NONE',  ( 319.0370945548290820, -10.22939335530591620, 222.7424324670551243 ) ) ;
#1919 = PLANE ( 'NONE',  #1578 ) ;
#1920 = ORIENTED_EDGE ( 'NONE', *, *, #419, .T. ) ;
#1921 = CARTESIAN_POINT ( 'NONE',  ( 295.2370945548290706, 3.303712137621199307, 117.2115227970842426 ) ) ;
#1922 = CARTESIAN_POINT ( 'NONE',  ( 302.4221390981670652, -13.22836970991917127, 117.8119922687067032 ) ) ;
#1923 = DIRECTION ( 'NONE',  ( -0.000000000000000000, -5.551115123125782702E-15, 1.000000000000000000 ) ) ;
#1924 = VERTEX_POINT ( 'NONE', #4854 ) ;
#1925 = CARTESIAN_POINT ( 'NONE',  ( 298.2370945548290138, 7.303712137621197087, 110.5050442647847433 ) ) ;
#1926 = EDGE_CURVE ( 'NONE', #4284, #3149, #581, .T. ) ;
#1927 = CARTESIAN_POINT ( 'NONE',  ( 295.2370945548288432, -2.452776004774192220, 222.0334077469103704 ) ) ;
#1928 = EDGE_CURVE ( 'NONE', #896, #2629, #5733, .T. ) ;
#1929 = CARTESIAN_POINT ( 'NONE',  ( 291.4373399157149152, 1.060788820405715427, 220.7847999187511050 ) ) ;
#1930 = CARTESIAN_POINT ( 'NONE',  ( 333.4021276650061054, 1.247720724206119236, 223.7875299312381969 ) ) ;
#1931 = CARTESIAN_POINT ( 'NONE',  ( 386.6666666647018928, 4.294679108437772008, 369.1716850739566667 ) ) ;
#1932 = AXIS2_PLACEMENT_3D ( 'NONE', #4754, #448, #414 ) ;
#1933 = ORIENTED_EDGE ( 'NONE', *, *, #179, .F. ) ;
#1934 = CARTESIAN_POINT ( 'NONE',  ( 333.4030372143235468, -0.5878984439549926888, 223.1996971397204277 ) ) ;
#1935 = CARTESIAN_POINT ( 'NONE',  ( 386.6666666647020634, -6.083877520582038123, 315.6127975168557214 ) ) ;
#1936 = DIRECTION ( 'NONE',  ( -0.09759024167799282279, 0.000000000000000000, 0.9952266800730529273 ) ) ;
#1937 = CARTESIAN_POINT ( 'NONE',  ( 300.0370945548290251, -5.385056442082745143, 263.4169293951579789 ) ) ;
#1938 = VECTOR ( 'NONE', #1618, 1000.000000000000000 ) ;
#1939 = EDGE_CURVE ( 'NONE', #5487, #4409, #1344, .T. ) ;
#1940 = CARTESIAN_POINT ( 'NONE',  ( 0.000000000000000000, 19.05559646799564533, 289.0914184166211953 ) ) ;
#1941 = AXIS2_PLACEMENT_3D ( 'NONE', #4585, #1737, #1704 ) ;
#1942 = ADVANCED_FACE ( 'NONE', ( #1336 ), #4717, .F. ) ;
#1943 = CARTESIAN_POINT ( 'NONE',  ( 325.8135459737604265, -2.582126698063575532, 224.4890256381251277 ) ) ;
#1944 = CARTESIAN_POINT ( 'NONE',  ( 386.6666666647019497, 0.5029398384553279699, 225.5266254785185254 ) ) ;
#1945 = CARTESIAN_POINT ( 'NONE',  ( 386.6666666647022339, -0.05509682441517349538, 394.0997390200583936 ) ) ;
#1946 = CARTESIAN_POINT ( 'NONE',  ( 295.2370945548290706, 3.750162394759062767, 220.7940368274809941 ) ) ;
#1947 = ORIENTED_EDGE ( 'NONE', *, *, #3323, .T. ) ;
#1948 = CARTESIAN_POINT ( 'NONE',  ( 0.000000000000000000, -5.179038273367098100, 210.9887546019604088 ) ) ;
#1949 = CARTESIAN_POINT ( 'NONE',  ( 286.0601790541014680, 2.155915540188501733, 221.4638305986006799 ) ) ;
#1950 = ORIENTED_EDGE ( 'NONE', *, *, #1777, .F. ) ;
#1951 = DIRECTION ( 'NONE',  ( -1.000000000000000000, 0.000000000000000000, 0.000000000000000000 ) ) ;
#1952 = VERTEX_POINT ( 'NONE', #5696 ) ;
#1953 = CARTESIAN_POINT ( 'NONE',  ( 319.0370945548290251, -5.193722696978042563, 139.4050437939080780 ) ) ;
#1954 = CARTESIAN_POINT ( 'NONE',  ( 295.2459952320511434, -4.340963120686260446, 225.0563935893655980 ) ) ;
#1955 = CARTESIAN_POINT ( 'NONE',  ( 315.5672589436834414, -15.17223021032390839, 130.5569559173485743 ) ) ;
#1956 = CARTESIAN_POINT ( 'NONE',  ( 300.0370945548290820, -6.337201412475275575, 260.8516376362186975 ) ) ;
#1957 = VERTEX_POINT ( 'NONE', #344 ) ;
#1958 = CARTESIAN_POINT ( 'NONE',  ( 295.6554561869040185, -5.131871883451302629, 252.9855992634633708 ) ) ;
#1959 = FACE_OUTER_BOUND ( 'NONE', #5876, .T. ) ;
#1960 = B_SPLINE_CURVE_WITH_KNOTS ( 'NONE', 3,
 ( #481, #1337, #1956, #1375, #3316, #2941, #4752, #1812 ),
 .UNSPECIFIED., .F., .F.,
 ( 4, 1, 1, 1, 1, 4 ),
 ( 0.000000000000000000, 0.0009411173470467515748, 0.009723276470960317067, 0.01767592061825852545, 0.02471767141619678892, 0.02703119300685996595 ),
 .UNSPECIFIED. ) ;
#1961 = CARTESIAN_POINT ( 'NONE',  ( 333.2820784042078230, -0.3725646575001411165, 223.0281278263152558 ) ) ;
#1962 = CARTESIAN_POINT ( 'NONE',  ( 296.2370945548290706, 11.80627730302191480, 244.2608682785287044 ) ) ;
#1963 = CARTESIAN_POINT ( 'NONE',  ( 286.2018961220245501, -1.925369342215025315, 220.1361890726332433 ) ) ;
#1964 = DIRECTION ( 'NONE',  ( -0.000000000000000000, -5.551115123125782702E-15, 1.000000000000000000 ) ) ;
#1965 = CARTESIAN_POINT ( 'NONE',  ( 579.9999999970532372, -3.437469927314833029, 398.5678462214043520 ) ) ;
#1966 = CARTESIAN_POINT ( 'NONE',  ( 295.6352831049076713, -1.255032959105458090, 221.7518307274025346 ) ) ;
#1967 = EDGE_LOOP ( 'NONE', ( #5856, #5508, #4239, #2942 ) ) ;
#1968 = B_SPLINE_CURVE_WITH_KNOTS ( 'NONE', 3,
 ( #3720, #5653, #3235, #5178, #810, #4706, #2279, #6168, #3051, #529, #92, #3535 ),
 .UNSPECIFIED., .F., .F.,
 ( 4, 2, 2, 2, 2, 4 ),
 ( 0.05925099992559633433, 0.07481528638144373244, 0.09037957283729104729, 0.1215081457489856076, 0.1526367186606801540, 0.1837652915723747005 ),
 .UNSPECIFIED. ) ;
#1969 = CARTESIAN_POINT ( 'NONE',  ( 324.1972293264832956, -0.1600805292384687994, 222.3339821253496496 ) ) ;
#1970 = CARTESIAN_POINT ( 'NONE',  ( 0.000000000000000000, -7.965129795698265625, 332.7649557612896274 ) ) ;
#1971 = CARTESIAN_POINT ( 'NONE',  ( 327.7384540973658886, 2.887242317886504761, 225.1867643379110291 ) ) ;
#1972 = CARTESIAN_POINT ( 'NONE',  ( 325.8145967550310047, -2.886924272738212061, 225.3802184122668848 ) ) ;
#1973 = EDGE_CURVE ( 'NONE', #749, #2585, #3411, .T. ) ;
#1974 = VECTOR ( 'NONE', #4170, 1000.000000000000000 ) ;
#1975 = CARTESIAN_POINT ( 'NONE',  ( 193.3333333323510317, -6.700220827177433947, 377.3870091286089519 ) ) ;
#1976 = DIRECTION ( 'NONE',  ( 0.000000000000000000, 1.576542137387265747E-16, -1.000000000000000000 ) ) ;
#1977 = CARTESIAN_POINT ( 'NONE',  ( 193.3333333323509748, -3.397287876363841441E-11, 212.5133111311279777 ) ) ;
#1978 = CARTESIAN_POINT ( 'NONE',  ( 0.000000000000000000, -6.762496706386333045, 458.2302927968000859 ) ) ;
#1979 = LINE ( 'NONE', #5353, #1382 ) ;
#1980 = ORIENTED_EDGE ( 'NONE', *, *, #2622, .T. ) ;
#1981 = CARTESIAN_POINT ( 'NONE',  ( 300.3900025309783359, 1.480591115437011274, 221.7664784427502127 ) ) ;
#1982 = ORIENTED_EDGE ( 'NONE', *, *, #4319, .F. ) ;
#1983 = CARTESIAN_POINT ( 'NONE',  ( 324.2146267973682825, -5.161074358369621251, 239.3882166534805549 ) ) ;
#1984 = CARTESIAN_POINT ( 'NONE',  ( 300.0370945548289683, -15.10506161580743267, 244.2436325578272260 ) ) ;
#1985 = CARTESIAN_POINT ( 'NONE',  ( 294.2919452594470044, -3.755438609186152465, 226.3506785334173514 ) ) ;
#1986 = MANIFOLD_SOLID_BREP ( 'Zaokr¹glenie1', #1654 ) ;
#1987 = CARTESIAN_POINT ( 'NONE',  ( 294.2099900309254394, 7.704924453496980519, 229.9238261321864343 ) ) ;
#1988 = ORIENTED_EDGE ( 'NONE', *, *, #2066, .T. ) ;
#1989 = DIRECTION ( 'NONE',  ( 1.000000000000000000, 0.000000000000000000, 0.000000000000000000 ) ) ;
#1990 = CARTESIAN_POINT ( 'NONE',  ( 315.0370945548290251, -15.24044894439805731, 191.4902630577541345 ) ) ;
#1991 = CARTESIAN_POINT ( 'NONE',  ( 333.1993164359105322, 0.8507458072040181563, 223.4336456670649227 ) ) ;
#1992 = CARTESIAN_POINT ( 'NONE',  ( 298.2370945548290138, 7.303712137621197087, 110.5050442647847433 ) ) ;
#1993 = CARTESIAN_POINT ( 'NONE',  ( 291.2314501211727702, -5.822025552172282126, 244.7800432441861460 ) ) ;
#1994 = CARTESIAN_POINT ( 'NONE',  ( 324.8370945548289797, 14.33246036806402657, 264.4069360666574653 ) ) ;
#1995 = CARTESIAN_POINT ( 'NONE',  ( 579.9999999970526687, -3.946952243843884212, 401.3968860776002430 ) ) ;
#1996 = CARTESIAN_POINT ( 'NONE',  ( 290.8666423073048009, -2.590024808052262095, 225.4706958610404115 ) ) ;
#1997 = ORIENTED_EDGE ( 'NONE', *, *, #2057, .F. ) ;
#1998 = CARTESIAN_POINT ( 'NONE',  ( 324.1996854379250408, -0.2585376309400370110, 222.3608726923641257 ) ) ;
#1999 = CARTESIAN_POINT ( 'NONE',  ( 193.3333333323510317, -7.123187505558254529, 304.9108520061777199 ) ) ;
#2000 = CARTESIAN_POINT ( 'NONE',  ( 328.2104394196359181, 0.5619369805462782752, 222.8741263872876459 ) ) ;
#2001 = DIRECTION ( 'NONE',  ( 1.000000000000000000, -0.000000000000000000, -0.000000000000000000 ) ) ;
#2002 = CARTESIAN_POINT ( 'NONE',  ( 193.3333333323509180, -6.836737455847012868, 354.0694408174593946 ) ) ;
#2003 = CARTESIAN_POINT ( 'NONE',  ( 325.7860776746747433, -1.228045688816039815, 221.9097829644834121 ) ) ;
#2004 = DIRECTION ( 'NONE',  ( -0.000000000000000000, 0.000000000000000000, -1.000000000000000000 ) ) ;
#2005 = CARTESIAN_POINT ( 'NONE',  ( 193.3333333323509748, -6.543366302362839448, 407.5854026889500688 ) ) ;
#2006 = CARTESIAN_POINT ( 'NONE',  ( 295.8110642716998200, 11.78754565483836103, 244.2396611037773368 ) ) ;
#2007 = EDGE_CURVE ( 'NONE', #3880, #3636, #1194, .T. ) ;
#2008 = AXIS2_PLACEMENT_3D ( 'NONE', #5624, #1261, #692 ) ;
#2009 = CARTESIAN_POINT ( 'NONE',  ( 0.000000000000000000, 0.000000000000000000, 0.000000000000000000 ) ) ;
#2010 = CARTESIAN_POINT ( 'NONE',  ( 286.0555836015641376, 1.334431979596517825, 220.6584973739213353 ) ) ;
#2011 = EDGE_LOOP ( 'NONE', ( #2932, #4174, #5274, #5581 ) ) ;
#2012 = CARTESIAN_POINT ( 'NONE',  ( 301.0370945548289114, -9.925243559237397761, 259.1994399598992231 ) ) ;
#2013 = CARTESIAN_POINT ( 'NONE',  ( 297.5099073311732809, -5.193722697014196754, 237.1048261880149539 ) ) ;
#2014 = CARTESIAN_POINT ( 'NONE',  ( 319.0370945548290251, -5.193722696978044340, 139.4050437939080780 ) ) ;
#2015 = CARTESIAN_POINT ( 'NONE',  ( 295.2370945548291843, 3.750162395702532514, 220.7940368266376083 ) ) ;
#2016 = CARTESIAN_POINT ( 'NONE',  ( 320.0370945548290251, -10.19372269697804434, 139.4050437939080496 ) ) ;
#2017 = ORIENTED_EDGE ( 'NONE', *, *, #6261, .F. ) ;
#2018 = CARTESIAN_POINT ( 'NONE',  ( 286.1004312435968018, -5.485993659123456823, 264.6853513182834376 ) ) ;
#2019 = CARTESIAN_POINT ( 'NONE',  ( 296.2370945548290138, 3.303712137621199307, 117.2115227970842426 ) ) ;
#2020 = CARTESIAN_POINT ( 'NONE',  ( 330.0489035234615471, -4.092680235274574585, 238.8700673473394716 ) ) ;
#2021 = CARTESIAN_POINT ( 'NONE',  ( 320.0370945548290820, -10.14439009126730973, 238.9611580733188134 ) ) ;
#2022 = EDGE_CURVE ( 'NONE', #227, #1913, #2490, .T. ) ;
#2023 = CARTESIAN_POINT ( 'NONE',  ( 287.6468653076285591, -4.028904932045326071, 227.2162621563386153 ) ) ;
#2024 = CARTESIAN_POINT ( 'NONE',  ( 317.8370945548289797, 9.903712101858411998, 106.0050442647847433 ) ) ;
#2025 = CARTESIAN_POINT ( 'NONE',  ( 386.6666666647022339, 5.886350116970718638, 359.8738835282833293 ) ) ;
#2026 = CARTESIAN_POINT ( 'NONE',  ( 300.4232349738161361, -2.669045467710657427, 226.5405130741291657 ) ) ;
#2027 = EDGE_CURVE ( 'NONE', #5387, #1893, #5141, .T. ) ;
#2028 = VERTEX_POINT ( 'NONE', #5059 ) ;
#2029 = CARTESIAN_POINT ( 'NONE',  ( 319.6004083038646399, 0.01318309748542401127, 222.0090197345233491 ) ) ;
#2030 = CARTESIAN_POINT ( 'NONE',  ( 579.9999999970531235, -5.113217040306552441, 280.3723710342515005 ) ) ;
#2031 = CARTESIAN_POINT ( 'NONE',  ( 324.7271574919777208, 9.146723070495303531, 239.9415426787016941 ) ) ;
#2032 = CARTESIAN_POINT ( 'NONE',  ( 324.8370945548290365, -4.026556174279037670, 225.6549830697477432 ) ) ;
#2033 = CARTESIAN_POINT ( 'NONE',  ( 579.9999999970526687, -5.051091561309488220, 323.0149168784112135 ) ) ;
#2034 = MANIFOLD_SOLID_BREP ( 'Wytnij-wyci¹gniêcie3', #4104 ) ;
#2035 = CARTESIAN_POINT ( 'NONE',  ( 305.0370945551200634, -14.22727042242613571, 181.3189924690897215 ) ) ;
#2036 = CARTESIAN_POINT ( 'NONE',  ( 579.9999999970531235, 6.728921447716421866, 248.6694027102821849 ) ) ;
#2037 = CARTESIAN_POINT ( 'NONE',  ( 386.6666666647022339, -5.113126307511020485, 421.1293184417577891 ) ) ;
#2038 = B_SPLINE_CURVE_WITH_KNOTS ( 'NONE', 3,
 ( #5159, #1749, #1273, #2767, #3215, #5190, #1779 ),
 .UNSPECIFIED., .F., .F.,
 ( 4, 3, 4 ),
 ( -0.009000140115446534500, 0.000000000000000000, 0.009000140680241758978 ),
 .UNSPECIFIED. ) ;
#2039 = CARTESIAN_POINT ( 'NONE',  ( 295.7222714687450207, 11.68539214144823823, 243.7561891360187474 ) ) ;
#2040 = LINE ( 'NONE', #3993, #3910 ) ;
#2041 = AXIS2_PLACEMENT_3D ( 'NONE', #1806, #2903, #4713 ) ;
#2042 = CARTESIAN_POINT ( 'NONE',  ( 286.0547264458649579, 1.156646699913738141, 220.5022970927989263 ) ) ;
#2043 = VERTEX_POINT ( 'NONE', #6025 ) ;
#2044 = CARTESIAN_POINT ( 'NONE',  ( 301.0370945548289683, -10.11046830492333015, 243.5755890805149875 ) ) ;
#2045 = CARTESIAN_POINT ( 'NONE',  ( 300.0370945548290251, -10.19372269697804434, 149.8847216862846210 ) ) ;
#2046 = FACE_OUTER_BOUND ( 'NONE', #851, .T. ) ;
#2047 = CARTESIAN_POINT ( 'NONE',  ( 295.2370945548290138, 10.46769477641980117, 234.8792656102930323 ) ) ;
#2048 = CARTESIAN_POINT ( 'NONE',  ( 294.2474469757662519, 10.25044929181233577, 237.7435707083811280 ) ) ;
#2049 = VERTEX_POINT ( 'NONE', #3094 ) ;
#2050 = CARTESIAN_POINT ( 'NONE',  ( 315.0370945548290251, -14.19372269697804612, 139.4050437939080496 ) ) ;
#2051 = CARTESIAN_POINT ( 'NONE',  ( 323.8186403706086480, 11.82620159882163868, 247.0040814842529642 ) ) ;
#2052 = CARTESIAN_POINT ( 'NONE',  ( 333.3007196675415003, 0.04696503768931322570, 222.9367891956449341 ) ) ;
#2053 = CARTESIAN_POINT ( 'NONE',  ( 320.0370945548290251, -15.24085874142446784, 212.7673236097864731 ) ) ;
#2054 = EDGE_CURVE ( 'NONE', #492, #3802, #4551, .T. ) ;
#2055 = CARTESIAN_POINT ( 'NONE',  ( 295.2370945548291843, -2.344446002083788727, 219.4846493860308669 ) ) ;
#2056 = LINE ( 'NONE', #225, #1748 ) ;
#2057 = EDGE_CURVE ( 'NONE', #5118, #2920, #4245, .T. ) ;
#2058 = CARTESIAN_POINT ( 'NONE',  ( 0.000000000000000000, -7.786271839968238240, 360.7297558856265027 ) ) ;
#2059 = CARTESIAN_POINT ( 'NONE',  ( 300.4290730207984552, -3.780938212341882210, 233.3453030711999361 ) ) ;
#2060 = ORIENTED_EDGE ( 'NONE', *, *, #2442, .T. ) ;
#2061 = CARTESIAN_POINT ( 'NONE',  ( 319.6416933457702498, -1.497485268056915508, 224.0431867954852123 ) ) ;
#2062 = CARTESIAN_POINT ( 'NONE',  ( 386.6666666647020634, -5.825792322916422350, 357.6445870762517529 ) ) ;
#2063 = CARTESIAN_POINT ( 'NONE',  ( 327.8834552735839907, 2.336571828626127445, 224.4762862633074292 ) ) ;
#2064 = CARTESIAN_POINT ( 'NONE',  ( 324.8370945548290365, -1.952811801889811072, 222.8684285633933655 ) ) ;
#2065 = CARTESIAN_POINT ( 'NONE',  ( 193.3333333323510885, -5.937811506948676765, 439.6798056192790227 ) ) ;
#2066 = EDGE_CURVE ( 'NONE', #2629, #3674, #3953, .T. ) ;
#2067 = CARTESIAN_POINT ( 'NONE',  ( 325.7700280656361542, -3.073771315702699149E-11, 221.4185371563424667 ) ) ;
#2068 = CARTESIAN_POINT ( 'NONE',  ( 386.6666666647020634, 1.630679500242952162, 226.3321464418616529 ) ) ;
#2069 = CARTESIAN_POINT ( 'NONE',  ( 193.3333333323509180, -6.025824523911690989, 441.7841423508043022 ) ) ;
#2070 = CARTESIAN_POINT ( 'NONE',  ( 295.8770669645064686, 11.80056019678434609, 244.3068206780598643 ) ) ;
#2071 = CARTESIAN_POINT ( 'NONE',  ( 300.3735323862837276, 0.02881773912552911682, 220.7185211486119840 ) ) ;
#2072 = ORIENTED_EDGE ( 'NONE', *, *, #6091, .F. ) ;
#2073 = CARTESIAN_POINT ( 'NONE',  ( 324.4658549653059936, -4.979546072496417786, 235.3610303845536578 ) ) ;
#2074 = CARTESIAN_POINT ( 'NONE',  ( 309.0086674300828236, 3.306277303021957881, 137.7050419661089222 ) ) ;
#2075 = CARTESIAN_POINT ( 'NONE',  ( 295.8601290457693835, -5.165174639376310495, 236.6327362755381785 ) ) ;
#2076 = CARTESIAN_POINT ( 'NONE',  ( 314.8370945548289797, 0.000000000000000000, 0.000000000000000000 ) ) ;
#2077 = ORIENTED_EDGE ( 'NONE', *, *, #3463, .F. ) ;
#2078 = CARTESIAN_POINT ( 'NONE',  ( 299.2370945548290138, 8.303712137621197087, 104.0050425958546754 ) ) ;
#2079 = CARTESIAN_POINT ( 'NONE',  ( 323.9703791503428647, 11.79979372846007379, 246.8874384785910649 ) ) ;
#2080 = CARTESIAN_POINT ( 'NONE',  ( 305.0370945548290251, -10.19372269697787736, 109.4050437939080638 ) ) ;
#2081 = DIRECTION ( 'NONE',  ( 1.000000000000000000, 0.000000000000000000, 0.000000000000000000 ) ) ;
#2082 = CARTESIAN_POINT ( 'NONE',  ( 295.2370945548291843, -2.687849638788710305, 219.9930336975799037 ) ) ;
#2083 = CARTESIAN_POINT ( 'NONE',  ( 287.2229331693481527, 5.736629072078524239, 225.1390756312139558 ) ) ;
#2084 = VECTOR ( 'NONE', #2459, 1000.000000000000000 ) ;
#2085 = CARTESIAN_POINT ( 'NONE',  ( 300.4259700555885502, -3.052242359401094784, 228.4599378769929388 ) ) ;
#2086 = VERTEX_POINT ( 'NONE', #2660 ) ;
#2087 = CARTESIAN_POINT ( 'NONE',  ( 324.2301533955612172, -0.9651308943415355390, 223.0890856415521455 ) ) ;
#2088 = CARTESIAN_POINT ( 'NONE',  ( 386.6666666647018928, -2.925017541545449351E-11, 225.5133111311280913 ) ) ;
#2089 = CARTESIAN_POINT ( 'NONE',  ( 326.2839828171693739, 6.617690354089599047, 232.3133958706360431 ) ) ;
#2090 = CARTESIAN_POINT ( 'NONE',  ( 324.2810073294854760, -5.092569382689525526, 237.5171395372873917 ) ) ;
#2091 = CARTESIAN_POINT ( 'NONE',  ( 579.9999999970531235, -5.144550325250647482, 305.2452058889440423 ) ) ;
#2092 = CARTESIAN_POINT ( 'NONE',  ( 319.0370945548289683, -5.197309893215977361, 239.2918670257492124 ) ) ;
#2093 = CIRCLE ( 'NONE', #4633, 1.000000000000000888 ) ;
#2094 = CARTESIAN_POINT ( 'NONE',  ( 0.000000000000000000, 19.26363725660237236, 277.6261930907284068 ) ) ;
#2095 = CARTESIAN_POINT ( 'NONE',  ( 0.000000000000000000, -7.452155228677345811, 421.6783925123604604 ) ) ;
#2096 = CARTESIAN_POINT ( 'NONE',  ( 295.7711401039884436, 11.69563952130512519, 243.1494080391514672 ) ) ;
#2097 = APPLICATION_PROTOCOL_DEFINITION ( 'draft international standard', 'automotive_design', 1998, #228 ) ;
#2098 = CARTESIAN_POINT ( 'NONE',  ( 295.5946049081247224, -0.01905960801237007937, 220.3913268425016838 ) ) ;
#2099 = ORIENTED_EDGE ( 'NONE', *, *, #561, .T. ) ;
#2100 = CARTESIAN_POINT ( 'NONE',  ( 301.0370945548291388, -10.24118874527050416, 212.3252355335996242 ) ) ;
#2101 = LINE ( 'NONE', #2074, #1464 ) ;
#2102 = CARTESIAN_POINT ( 'NONE',  ( 295.1177700079817896, -3.490892466083722390, 225.2520718143755971 ) ) ;
#2103 = CARTESIAN_POINT ( 'NONE',  ( 295.2370945548291274, 1.732382941434275292, 218.9447838089191976 ) ) ;
#2104 = LINE ( 'NONE', #5934, #2084 ) ;
#2105 = ORIENTED_EDGE ( 'NONE', *, *, #1248, .F. ) ;
#2106 = CARTESIAN_POINT ( 'NONE',  ( 300.4246577819709501, 13.39676946545417024, 261.1790251978074480 ) ) ;
#2107 = CARTESIAN_POINT ( 'NONE',  ( 400.0000000000000568, 3.443088007130913120, 253.6429071604394210 ) ) ;
#2108 = ADVANCED_FACE ( 'NONE', ( #1200 ), #3205, .T. ) ;
#2109 = CARTESIAN_POINT ( 'NONE',  ( 329.8694536062345151, 8.979922928689273220, 239.7493376746868137 ) ) ;
#2110 = CARTESIAN_POINT ( 'NONE',  ( 333.4399084514825518, 0.9314815468368456974, 222.2547907332867112 ) ) ;
#2111 = CARTESIAN_POINT ( 'NONE',  ( 295.2370945548289001, 1.212585336525898505, 218.6260092501218821 ) ) ;
#2112 = CARTESIAN_POINT ( 'NONE',  ( 324.8370945548290365, -3.296287826616013827, 0.000000000000000000 ) ) ;
#2113 = VECTOR ( 'NONE', #1271, 1000.000000000000000 ) ;
#2114 = CARTESIAN_POINT ( 'NONE',  ( 300.4250500593593074, -2.879685477822389927, 227.4861031282155466 ) ) ;
#2115 = ORIENTED_EDGE ( 'NONE', *, *, #5333, .T. ) ;
#2116 = CARTESIAN_POINT ( 'NONE',  ( 333.4293051953809481, -1.787035259956887279, 225.8121762043564331 ) ) ;
#2117 = CARTESIAN_POINT ( 'NONE',  ( 386.6666666647018928, -1.454917083900565400, 225.9669964426877300 ) ) ;
#2118 = CARTESIAN_POINT ( 'NONE',  ( 315.0370945548290251, -14.43557005479212307, 233.4896450098064236 ) ) ;
#2119 = DIRECTION ( 'NONE',  ( -0.000000000000000000, 1.000000000000000000, 0.000000000000000000 ) ) ;
#2120 = CARTESIAN_POINT ( 'NONE',  ( 193.3333333323509464, 16.15044311579107017, 301.6248522783866974 ) ) ;
#2121 = CARTESIAN_POINT ( 'NONE',  ( 579.9999999970531235, -5.161150396137134777, 288.2912157075066375 ) ) ;
#2122 = CARTESIAN_POINT ( 'NONE',  ( 325.8076401003789329, 6.665350761242748945, 229.7784172247409913 ) ) ;
#2123 = CARTESIAN_POINT ( 'NONE',  ( 300.3724657389277581, -0.04751789815112673204, 220.7128464337692151 ) ) ;
#2124 = EDGE_CURVE ( 'NONE', #159, #5354, #3492, .T. ) ;
#2125 = ORIENTED_EDGE ( 'NONE', *, *, #450, .T. ) ;
#2126 = CARTESIAN_POINT ( 'NONE',  ( 386.6666666647018928, -2.925017541545449351E-11, 225.5133111311280913 ) ) ;
#2127 = CARTESIAN_POINT ( 'NONE',  ( 0.000000000000000000, 12.58377223271067891, 221.8964532117458361 ) ) ;
#2128 = CARTESIAN_POINT ( 'NONE',  ( 300.0370945548290251, -5.193722696978042563, 139.4050437939080780 ) ) ;
#2129 = CARTESIAN_POINT ( 'NONE',  ( 300.0370945548290251, -14.49089815268829184, 264.4069360666574653 ) ) ;
#2130 = CARTESIAN_POINT ( 'NONE',  ( 319.0154536394460365, -12.86845595590461322, 264.4069360666575221 ) ) ;
#2131 = CYLINDRICAL_SURFACE ( 'NONE', #5966, 3.000000000000002665 ) ;
#2132 = VERTEX_POINT ( 'NONE', #365 ) ;
#2133 = CARTESIAN_POINT ( 'NONE',  ( 295.6442302516117593, 11.74769753224576441, 249.1736089253967350 ) ) ;
#2134 = LINE ( 'NONE', #6029, #5298 ) ;
#2135 = CARTESIAN_POINT ( 'NONE',  ( 319.0370945548290251, -10.22837982633361342, 223.2424494762369420 ) ) ;
#2136 = CARTESIAN_POINT ( 'NONE',  ( 333.0358169889496480, 3.107128736799821489, 224.2347617359474157 ) ) ;
#2137 = VECTOR ( 'NONE', #1887, 1000.000000000000000 ) ;
#2138 = CARTESIAN_POINT ( 'NONE',  ( 313.0750772224403704, -5.193722697279884670, 238.6459081145680159 ) ) ;
#2139 = CARTESIAN_POINT ( 'NONE',  ( 295.2370945548203167, 0.004480255564832802753, 219.3629304755060616 ) ) ;
#2140 = CARTESIAN_POINT ( 'NONE',  ( 301.0370945548290820, -5.520269478340745550, 241.3425542644895927 ) ) ;
#2141 = ADVANCED_FACE ( 'NONE', ( #3752, #398 ), #947, .T. ) ;
#2142 = ORIENTED_EDGE ( 'NONE', *, *, #2493, .F. ) ;
#2143 = CARTESIAN_POINT ( 'NONE',  ( 324.2421523452314318, -2.226244934496162564, 226.5335552092183207 ) ) ;
#2144 = CARTESIAN_POINT ( 'NONE',  ( 294.2117878192227067, -2.286437185093158853, 221.5328562506539356 ) ) ;
#2145 = CARTESIAN_POINT ( 'NONE',  ( 319.6429047805623327, 8.018347677301065346, 235.7568524525648570 ) ) ;
#2146 = EDGE_CURVE ( 'NONE', #4478, #4412, #1877, .T. ) ;
#2147 = CARTESIAN_POINT ( 'NONE',  ( 319.0370945548290251, -10.19372269697804434, 139.4050437939080496 ) ) ;
#2148 = CARTESIAN_POINT ( 'NONE',  ( 0.000000000000000000, 7.785143742719109916, 377.2153418768251640 ) ) ;
#2149 = CARTESIAN_POINT ( 'NONE',  ( 193.3333333323509748, -4.547455531547243801, 222.5893264324144809 ) ) ;
#2150 = DIRECTION ( 'NONE',  ( -1.000000000000000000, 0.000000000000000000, 0.000000000000000000 ) ) ;
#2151 = CARTESIAN_POINT ( 'NONE',  ( 290.8166647034200878, -0.03134939238969327441, 220.0696412377941726 ) ) ;
#2152 = EDGE_CURVE ( 'NONE', #3636, #4311, #1126, .T. ) ;
#2153 = ORIENTED_EDGE ( 'NONE', *, *, #6069, .T. ) ;
#2154 = CARTESIAN_POINT ( 'NONE',  ( 296.0055072644454981, -5.166838998901841506, 236.3080907978839207 ) ) ;
#2155 = CARTESIAN_POINT ( 'NONE',  ( 579.9999999970531235, 12.05585114077850406, 281.0960369820363098 ) ) ;
#2156 = CARTESIAN_POINT ( 'NONE',  ( 300.0370945548290251, -5.193722696977855158, 109.4050437939080922 ) ) ;
#2157 = CARTESIAN_POINT ( 'NONE',  ( 328.5646283649096517, -5.630227396006699969, 246.1427321927721721 ) ) ;
#2158 = DIRECTION ( 'NONE',  ( -1.000000000000000000, 0.000000000000000000, 0.000000000000000000 ) ) ;
#2159 = VERTEX_POINT ( 'NONE', #4371 ) ;
#2160 = CARTESIAN_POINT ( 'NONE',  ( 579.9999999970531235, -5.161150396137134777, 288.2912157075066375 ) ) ;
#2161 = CARTESIAN_POINT ( 'NONE',  ( 286.0873479903959264, 11.08680123834281694, 244.8110352022339953 ) ) ;
#2162 = CARTESIAN_POINT ( 'NONE',  ( 324.1730847571037089, 11.79646685333589495, 246.8900779531037699 ) ) ;
#2163 = CARTESIAN_POINT ( 'NONE',  ( 319.0370945548290251, -14.22838499758358566, 223.2521681923896040 ) ) ;
#2164 = CARTESIAN_POINT ( 'NONE',  ( 315.0370945548290251, -15.24079401384990362, 191.7988319797542545 ) ) ;
#2165 = DIRECTION ( 'NONE',  ( 0.000000000000000000, 0.000000000000000000, -1.000000000000000000 ) ) ;
#2166 = CARTESIAN_POINT ( 'NONE',  ( 294.1788735702461395, -0.9152277519069980105, 219.5520918351031412 ) ) ;
#2167 = CARTESIAN_POINT ( 'NONE',  ( 286.8562970384181199, 4.730328228372159494, 223.3426286010817421 ) ) ;
#2168 = VECTOR ( 'NONE', #2489, 1000.000000000000000 ) ;
#2169 = CARTESIAN_POINT ( 'NONE',  ( 324.0761583716576979, 11.77827074142287245, 246.5744683285929000 ) ) ;
#2170 = ORIENTED_EDGE ( 'NONE', *, *, #3280, .F. ) ;
#2171 = CARTESIAN_POINT ( 'NONE',  ( 328.8316335060989104, -1.304261442948736915, 224.1966610216194624 ) ) ;
#2172 = EDGE_CURVE ( 'NONE', #3571, #3865, #5683, .T. ) ;
#2173 = CARTESIAN_POINT ( 'NONE',  ( 294.1696616678435703, -0.2660112999306030179, 219.2866428047580030 ) ) ;
#2174 = CARTESIAN_POINT ( 'NONE',  ( 324.2399860477514153, 8.828263628231173499, 238.7401149897231676 ) ) ;
#2175 = LINE ( 'NONE', #5985, #1938 ) ;
#2176 = CARTESIAN_POINT ( 'NONE',  ( 0.000000000000000000, 17.29567669399768093, 313.2912272862357668 ) ) ;
#2177 = CARTESIAN_POINT ( 'NONE',  ( 193.3333333323510317, -7.146172102861043207, 281.4362150807652938 ) ) ;
#2178 = CARTESIAN_POINT ( 'NONE',  ( 324.8370945548290365, 4.944903035663139157, 224.5379831102953858 ) ) ;
#2179 = CARTESIAN_POINT ( 'NONE',  ( 286.0406010706442999, 0.05224093998763213592, 219.7598876407431590 ) ) ;
#2180 = CARTESIAN_POINT ( 'NONE',  ( 319.0370945548290251, -7.225095369988315142, 109.4050437939080922 ) ) ;
#2181 = CARTESIAN_POINT ( 'NONE',  ( 579.9999999970526687, 12.21604645281511381, 288.0486393700726353 ) ) ;
#2182 = EDGE_CURVE ( 'NONE', #504, #675, #1968, .T. ) ;
#2183 = AXIS2_PLACEMENT_3D ( 'NONE', #3502, #4871, #558 ) ;
#2184 = CARTESIAN_POINT ( 'NONE',  ( 330.0520505528348849, -5.095069075109702972, 238.8546475043550856 ) ) ;
#2185 = EDGE_CURVE ( 'NONE', #4757, #2503, #805, .T. ) ;
#2186 = DIRECTION ( 'NONE',  ( 0.000000000000000000, 1.000000000000000000, 5.551115123125782702E-15 ) ) ;
#2187 = ORIENTED_EDGE ( 'NONE', *, *, #4315, .F. ) ;
#2188 = CARTESIAN_POINT ( 'NONE',  ( 193.3333333323510885, -6.914820130816956123, 341.8730961291019526 ) ) ;
#2189 = CARTESIAN_POINT ( 'NONE',  ( 300.4230417196986309, 12.33351016513388032, 253.3047436832350172 ) ) ;
#2190 = CARTESIAN_POINT ( 'NONE',  ( 324.4287292381346788, 11.73577736181197650, 246.6158630181771514 ) ) ;
#2191 = CARTESIAN_POINT ( 'NONE',  ( 331.5988948856596039, 6.035124986586438922, 231.2754056529538218 ) ) ;
#2192 = CARTESIAN_POINT ( 'NONE',  ( 315.0370945548290251, -15.19372269697804434, 191.3903337921021262 ) ) ;
#2193 = CARTESIAN_POINT ( 'NONE',  ( 319.1493906602320294, -5.193722696978037234, 239.2607805967781474 ) ) ;
#2194 = CARTESIAN_POINT ( 'NONE',  ( 295.2370945548292411, 5.849378089229078093, 223.7763166839761197 ) ) ;
#2195 = CARTESIAN_POINT ( 'NONE',  ( 288.8739727332883263, 9.024886539799105378, 233.2288542183601407 ) ) ;
#2196 = CARTESIAN_POINT ( 'NONE',  ( 317.0443757937889018, -13.29220410580907163, 264.4069360666574653 ) ) ;
#2197 = EDGE_CURVE ( 'NONE', #2707, #5496, #1075, .T. ) ;
#2198 = ORIENTED_EDGE ( 'NONE', *, *, #4262, .T. ) ;
#2199 = CARTESIAN_POINT ( 'NONE',  ( 579.9999999970528961, -1.220256621134524266, 238.8938225097272152 ) ) ;
#2200 = AXIS2_PLACEMENT_3D ( 'NONE', #3127, #5126, #2224 ) ;
#2201 = CARTESIAN_POINT ( 'NONE',  ( 328.8515892751048568, -5.187803051734007909, 261.4097543347414785 ) ) ;
#2202 = PLANE ( 'NONE',  #3204 ) ;
#2203 = CARTESIAN_POINT ( 'NONE',  ( 333.4331337963758983, 10.15011890492464808, 244.7431732285047588 ) ) ;
#2204 = CARTESIAN_POINT ( 'NONE',  ( 386.6666666647022339, 11.94894084339834173, 321.0677719607929816 ) ) ;
#2205 = B_SPLINE_CURVE_WITH_KNOTS ( 'NONE', 3,
 ( #970, #5070, #3673, #3585 ),
 .UNSPECIFIED., .F., .F.,
 ( 4, 4 ),
 ( 0.000000000000000000, 0.001484850523391113234 ),
 .UNSPECIFIED. ) ;
#2206 = CARTESIAN_POINT ( 'NONE',  ( 314.8370945548289797, 3.303712024074804798, 108.7050436270565399 ) ) ;
#2207 = CARTESIAN_POINT ( 'NONE',  ( 0.000000000000000000, 14.38374267723915345, 229.2296430974215298 ) ) ;
#2208 = CARTESIAN_POINT ( 'NONE',  ( 579.9999999970528961, -5.167355906338058524, 296.6145897423936049 ) ) ;
#2209 = CARTESIAN_POINT ( 'NONE',  ( 325.8112001491076626, 8.008033534535048403, 233.1056587111316389 ) ) ;
#2210 = CARTESIAN_POINT ( 'NONE',  ( 290.8447898835082697, -0.8473926902624677737, 220.6123801097122907 ) ) ;
#2211 = CARTESIAN_POINT ( 'NONE',  ( 0.000000000000000000, -3.869566342698527173E-11, 199.5133111311278071 ) ) ;
#2212 = CARTESIAN_POINT ( 'NONE',  ( 386.6666666647022339, 10.87555325742401635, 247.9818409266538879 ) ) ;
#2213 = CARTESIAN_POINT ( 'NONE',  ( 323.9011204209682546, -5.196142258022922178, 239.7726040059956745 ) ) ;
#2214 = CARTESIAN_POINT ( 'NONE',  ( 321.6370945828946901, -5.282845757373532791, 264.4069360666574653 ) ) ;
#2215 = DIRECTION ( 'NONE',  ( -0.000000000000000000, -0.000000000000000000, 1.000000000000000000 ) ) ;
#2216 = ORIENTED_EDGE ( 'NONE', *, *, #5117, .F. ) ;
#2217 = VECTOR ( 'NONE', #2752, 1000.000000000000000 ) ;
#2218 = ORIENTED_EDGE ( 'NONE', *, *, #1762, .F. ) ;
#2219 = CARTESIAN_POINT ( 'NONE',  ( 579.9999999970531235, -5.102621935511616691, 314.0808441813599075 ) ) ;
#2220 = CARTESIAN_POINT ( 'NONE',  ( 300.4239608454038262, 12.93241714574513779, 257.2301039152476392 ) ) ;
#2221 = CARTESIAN_POINT ( 'NONE',  ( 295.2370945548290706, -4.193722696978042563, 223.9740446929218081 ) ) ;
#2222 = CARTESIAN_POINT ( 'NONE',  ( 304.5069260422084767, -15.17222976018658898, 130.5569418706322438 ) ) ;
#2223 = FACE_OUTER_BOUND ( 'NONE', #2357, .T. ) ;
#2224 = DIRECTION ( 'NONE',  ( 0.000000000000000000, 0.000000000000000000, -1.000000000000000000 ) ) ;
#2225 = CARTESIAN_POINT ( 'NONE',  ( 318.2197818416405539, -12.25909752732040126, 264.4069360666574653 ) ) ;
#2226 = ORIENTED_EDGE ( 'NONE', *, *, #528, .F. ) ;
#2227 = CARTESIAN_POINT ( 'NONE',  ( 315.2854903617960076, -14.18758660706440189, 121.6202763758222716 ) ) ;
#2228 = VECTOR ( 'NONE', #3581, 1000.000000000000000 ) ;
#2229 = VECTOR ( 'NONE', #4756, 1000.000000000000000 ) ;
#2230 = ORIENTED_EDGE ( 'NONE', *, *, #2840, .T. ) ;
#2231 = CARTESIAN_POINT ( 'NONE',  ( 0.000000000000000000, -8.138682956222996978, 278.0087147673945651 ) ) ;
#2232 = CARTESIAN_POINT ( 'NONE',  ( 333.4446498268193295, -4.328798056046628595, 242.5210631487641137 ) ) ;
#2233 = ADVANCED_FACE ( 'NONE', ( #2927, #3894 ), #4873, .F. ) ;
#2234 = CARTESIAN_POINT ( 'NONE',  ( 333.4350074558273036, 11.28052322231719984, 250.3249081709429902 ) ) ;
#2235 = CARTESIAN_POINT ( 'NONE',  ( 579.9999999970532372, 10.02172174692658935, 318.6559974715308385 ) ) ;
#2236 = CARTESIAN_POINT ( 'NONE',  ( 333.4004980194306995, 0.9023419920753668055, 223.4939656876237279 ) ) ;
#2237 = LINE ( 'NONE', #1758, #2738 ) ;
#2238 = CARTESIAN_POINT ( 'NONE',  ( 386.6666666647020634, 1.294877575380734891, 386.4039895251283951 ) ) ;
#2239 = CARTESIAN_POINT ( 'NONE',  ( 193.3333333323509464, -7.154764304304089606, 292.9608285418079276 ) ) ;
#2240 = CARTESIAN_POINT ( 'NONE',  ( 324.8370945549307294, 9.186468804868200166, 236.5262265395063253 ) ) ;
#2241 = CARTESIAN_POINT ( 'NONE',  ( 300.4117818970580061, -1.157477452090712955, 221.8505905856647473 ) ) ;
#2242 = ADVANCED_FACE ( 'NONE', ( #65 ), #3583, .F. ) ;
#2243 = CARTESIAN_POINT ( 'NONE',  ( 295.2692641978474057, -4.467388251934228727, 226.1380479560361039 ) ) ;
#2244 = CARTESIAN_POINT ( 'NONE',  ( 193.3333333323509464, 5.584419357608983780, 218.1071289435755602 ) ) ;
#2245 = CARTESIAN_POINT ( 'NONE',  ( 324.8370945548289797, 8.058646278063939405, 230.4914301126004261 ) ) ;
#2246 = CARTESIAN_POINT ( 'NONE',  ( 315.6938370375873433, -14.79025540098928815, 264.4069360666574653 ) ) ;
#2247 = CARTESIAN_POINT ( 'NONE',  ( 305.0370945548290251, -14.82264814109834994, 264.4069360666573516 ) ) ;
#2248 = CARTESIAN_POINT ( 'NONE',  ( 300.0370945548290820, -5.193722696978043452, 237.3381856858007097 ) ) ;
#2249 = ORIENTED_EDGE ( 'NONE', *, *, #5738, .T. ) ;
#2250 = VERTEX_POINT ( 'NONE', #2147 ) ;
#2251 = CARTESIAN_POINT ( 'NONE',  ( 386.6666666647022339, -5.677728190836611510, 385.5240380374953020 ) ) ;
#2252 = CARTESIAN_POINT ( 'NONE',  ( 286.0823194464911126, 8.344885597226639362, 234.1596034544881491 ) ) ;
#2253 = CARTESIAN_POINT ( 'NONE',  ( 324.7232489512273901, 11.28113535055260819, 242.2046611320557474 ) ) ;
#2254 = CARTESIAN_POINT ( 'NONE',  ( 300.4264513583191274, -12.13857018666197973, 114.9750257917310989 ) ) ;
#2255 = CARTESIAN_POINT ( 'NONE',  ( 323.0125264917585355, 3.443088007130913120, 248.3429071604394096 ) ) ;
#2256 = CARTESIAN_POINT ( 'NONE',  ( 319.1536637971486812, -5.193722696978045228, 239.2186220541878185 ) ) ;
#2257 = VECTOR ( 'NONE', #1240, 1000.000000000000000 ) ;
#2258 = CARTESIAN_POINT ( 'NONE',  ( 285.9166921102853394, -3.171128381955501248E-11, 218.7387438765724994 ) ) ;
#2259 = ORIENTED_EDGE ( 'NONE', *, *, #3019, .F. ) ;
#2260 = CARTESIAN_POINT ( 'NONE',  ( 316.1253230560889733, -14.04356341641861583, 120.9252099580488675 ) ) ;
#2261 = AXIS2_PLACEMENT_3D ( 'NONE', #1260, #4705, #397 ) ;
#2262 = DIRECTION ( 'NONE',  ( -1.000000000000000000, 0.000000000000000000, -0.000000000000000000 ) ) ;
#2263 = ORIENTED_EDGE ( 'NONE', *, *, #103, .F. ) ;
#2264 = CARTESIAN_POINT ( 'NONE',  ( 386.6666666647018928, -2.925017541545449351E-11, 225.5133111311280913 ) ) ;
#2265 =( BOUNDED_CURVE ( )  B_SPLINE_CURVE ( 3, ( #4031, #574, #510, #76 ),
 .UNSPECIFIED., .F., .F. ) 
 B_SPLINE_CURVE_WITH_KNOTS ( ( 4, 4 ),
 ( 3.141592653589793116, 6.283185307179586232 ),
 .UNSPECIFIED. ) 
 CURVE ( )  GEOMETRIC_REPRESENTATION_ITEM ( )  RATIONAL_B_SPLINE_CURVE ( ( 1.000000000000000000, 0.3333333333333333703, 0.3333333333333333703, 1.000000000000000000 ) ) 
 REPRESENTATION_ITEM ( '' )  );
#2266 = CIRCLE ( 'NONE', #1468, 1.500000000000001332 ) ;
#2267 = CARTESIAN_POINT ( 'NONE',  ( 324.2473308617346675, -2.775992978992090965, 228.7843243361000987 ) ) ;
#2268 = VERTEX_POINT ( 'NONE', #180 ) ;
#2269 = CARTESIAN_POINT ( 'NONE',  ( 324.2375221977913498, 7.689009577443797205, 235.1104406304069698 ) ) ;
#2270 = CARTESIAN_POINT ( 'NONE',  ( 386.6666666647018928, 13.90735550912538265, 302.2484120702011978 ) ) ;
#2271 = CARTESIAN_POINT ( 'NONE',  ( 328.7948593603630343, 0.1354557063100480796, 222.6608160760221722 ) ) ;
#2272 = CARTESIAN_POINT ( 'NONE',  ( 386.6666666647018360, -5.188915455063127347, 422.9413900255781300 ) ) ;
#2273 = CARTESIAN_POINT ( 'NONE',  ( 324.6873248394217057, 11.63124865285516840, 246.1347114750125229 ) ) ;
#2274 = CARTESIAN_POINT ( 'NONE',  ( 324.8370945548288091, 1.665882783193526118, 221.0393416523815233 ) ) ;
#2275 = CARTESIAN_POINT ( 'NONE',  ( 295.6080934923917312, -0.5376999898391466859, 220.6020990391167231 ) ) ;
#2276 = CARTESIAN_POINT ( 'NONE',  ( 0.000000000000000000, 19.01102325474809618, 266.6625469626757194 ) ) ;
#2277 = CARTESIAN_POINT ( 'NONE',  ( 386.6666666647022339, -2.348547368065704966, 407.1102233377395692 ) ) ;
#2278 = CARTESIAN_POINT ( 'NONE',  ( 325.8176731862959059, -3.230569250580424434, 226.5234451799513806 ) ) ;
#2279 = CARTESIAN_POINT ( 'NONE',  ( 305.0370945548289683, -14.24118862315143907, 212.3252329111526535 ) ) ;
#2280 = CARTESIAN_POINT ( 'NONE',  ( 300.0370945548291388, -10.15182956114873569, 264.4069360666575221 ) ) ;
#2281 = CARTESIAN_POINT ( 'NONE',  ( 288.0826054621468302, 6.562502087021909070, 229.3513057062155838 ) ) ;
#2282 = VERTEX_POINT ( 'NONE', #3084 ) ;
#2283 = CARTESIAN_POINT ( 'NONE',  ( 0.000000000000000000, -1.924238009432647001, 200.1133443086088732 ) ) ;
#2284 = CARTESIAN_POINT ( 'NONE',  ( 300.4056411312409409, 4.528815838687815010, 225.9120795071465864 ) ) ;
#2285 = CARTESIAN_POINT ( 'NONE',  ( 295.2370945548290706, -6.430452326606911129, 264.4069360666574653 ) ) ;
#2286 = ORIENTED_EDGE ( 'NONE', *, *, #1811, .F. ) ;
#2287 = CARTESIAN_POINT ( 'NONE',  ( 319.0370945548290251, -14.19372269695986333, 149.8822342211150271 ) ) ;
#2288 = CARTESIAN_POINT ( 'NONE',  ( 309.0086674300828236, 3.303712024074804798, 108.7050436270565399 ) ) ;
#2289 = DIRECTION ( 'NONE',  ( 0.000000000000000000, 0.000000000000000000, -1.000000000000000000 ) ) ;
#2290 = CARTESIAN_POINT ( 'NONE',  ( 317.6823296584159380, -12.83402601992508529, 264.4069360666574653 ) ) ;
#2291 = ORIENTED_EDGE ( 'NONE', *, *, #4809, .F. ) ;
#2292 = CARTESIAN_POINT ( 'NONE',  ( 315.1623954631486981, -14.19372269697795552, 121.6513886218940854 ) ) ;
#2293 = CARTESIAN_POINT ( 'NONE',  ( 320.0370945548290251, -5.193722696978042563, 139.4050437939080780 ) ) ;
#2294 = ORIENTED_EDGE ( 'NONE', *, *, #4776, .T. ) ;
#2295 = CARTESIAN_POINT ( 'NONE',  ( 0.000000000000000000, -8.112506095712058496, 304.7436750647945587 ) ) ;
#2296 = CARTESIAN_POINT ( 'NONE',  ( 319.6520508900770778, -2.789685930643280187, 228.5018415790710549 ) ) ;
#2297 = CARTESIAN_POINT ( 'NONE',  ( 291.4496938760743774, -0.9696160326997719237, 220.8453319654491054 ) ) ;
#2298 = CARTESIAN_POINT ( 'NONE',  ( 324.2367967115484362, 7.373581513794765563, 234.2145751426432128 ) ) ;
#2299 = MECHANICAL_DESIGN_GEOMETRIC_PRESENTATION_REPRESENTATION (  '', ( #361 ), #3634 ) ;
#2300 = CARTESIAN_POINT ( 'NONE',  ( 0.000000000000000000, 19.05559646799564533, 289.0914184166211953 ) ) ;
#2301 = CARTESIAN_POINT ( 'NONE',  ( 319.6027152282994734, 0.08858458612316891245, 222.0262148289931474 ) ) ;
#2302 = CARTESIAN_POINT ( 'NONE',  ( 579.9999999970532372, -4.690623640227411073, 385.3875012641357216 ) ) ;
#2303 = DIRECTION ( 'NONE',  ( -0.000000000000000000, -1.000000000000000000, -0.000000000000000000 ) ) ;
#2304 = CARTESIAN_POINT ( 'NONE',  ( 325.7845418420631631, 1.411715249179814391, 222.1010933255268185 ) ) ;
#2305 = VECTOR ( 'NONE', #1989, 1000.000000000000000 ) ;
#2306 = CARTESIAN_POINT ( 'NONE',  ( 300.3933347423325131, -0.6891575871860176061, 221.0646815090065616 ) ) ;
#2307 = CARTESIAN_POINT ( 'NONE',  ( 386.6666666647022339, 6.439140651349280375, 233.5687738193448126 ) ) ;
#2308 = CARTESIAN_POINT ( 'NONE',  ( 193.3333333323509464, 15.18647217929100890, 312.4160318443855999 ) ) ;
#2309 = CARTESIAN_POINT ( 'NONE',  ( 324.4856887270196921, -5.088070183729350049, 238.5823818527889841 ) ) ;
#2310 = CARTESIAN_POINT ( 'NONE',  ( 319.0370945548290251, -6.297597955918412538, 264.4069360666574653 ) ) ;
#2311 = CARTESIAN_POINT ( 'NONE',  ( 323.8370945548290365, -5.193722696978042563, 239.6950307219689478 ) ) ;
#2312 = CARTESIAN_POINT ( 'NONE',  ( 193.3333333323510317, 10.54414989762780763, 346.0951269367138252 ) ) ;
#2313 = CARTESIAN_POINT ( 'NONE',  ( 295.2370945547447718, 2.964146773229449305, 221.4856517184582003 ) ) ;
#2314 = CARTESIAN_POINT ( 'NONE',  ( 287.8985705538607931, 6.190974389294932045, 228.4495697982119111 ) ) ;
#2315 = ADVANCED_FACE ( 'NONE', ( #3624 ), #5022, .T. ) ;
#2316 = ORIENTED_EDGE ( 'NONE', *, *, #6191, .T. ) ;
#2317 = CARTESIAN_POINT ( 'NONE',  ( 579.9999999970528961, -1.220256621134524266, 238.8938225097272152 ) ) ;
#2318 = CARTESIAN_POINT ( 'NONE',  ( 290.8595001144230423, 8.004095120687486187, 233.4806035807964975 ) ) ;
#2319 = DIRECTION ( 'NONE',  ( 0.000000000000000000, 1.000000000000000000, -0.000000000000000000 ) ) ;
#2320 = ORIENTED_EDGE ( 'NONE', *, *, #2856, .F. ) ;
#2321 = CARTESIAN_POINT ( 'NONE',  ( 315.0370945548290251, -14.19372269697804434, 149.8822342212241949 ) ) ;
#2322 = CARTESIAN_POINT ( 'NONE',  ( 296.0005725094841864, -5.185523412172145186, 236.8672214015857662 ) ) ;
#2323 = CARTESIAN_POINT ( 'NONE',  ( 320.0370945548290251, -10.19372269697788802, 111.8776466569873094 ) ) ;
#2324 = CARTESIAN_POINT ( 'NONE',  ( 301.4427139621342349, -11.59633207965969959, 264.4069360666574653 ) ) ;
#2325 = EDGE_LOOP ( 'NONE', ( #77, #4599, #6020 ) ) ;
#2326 = CARTESIAN_POINT ( 'NONE',  ( 295.2370945548290706, -4.193722696978042563, 264.4069360666574653 ) ) ;
#2327 = DIRECTION ( 'NONE',  ( 1.000000000000000000, 0.000000000000000000, 0.000000000000000000 ) ) ;
#2328 = CARTESIAN_POINT ( 'NONE',  ( 324.8370945548288660, -0.9963404852350750129, 220.6105944575089950 ) ) ;
#2329 = ORIENTED_EDGE ( 'NONE', *, *, #673, .F. ) ;
#2330 = DIRECTION ( 'NONE',  ( 1.734723475976796248E-16, -1.000000000000000000, -5.551115123125782702E-15 ) ) ;
#2331 = B_SPLINE_CURVE_WITH_KNOTS ( 'NONE', 3,
 ( #1751, #4186, #5607, #730, #226, #4657, #3704 ),
 .UNSPECIFIED., .F., .F.,
 ( 4, 3, 4 ),
 ( 5.551115123125782702E-17, 0.01480155575217016913, 0.02960309449628825695 ),
 .UNSPECIFIED. ) ;
#2332 = CARTESIAN_POINT ( 'NONE',  ( 324.2557726186159925, -4.974094075422718753, 253.5583691286101384 ) ) ;
#2333 = CARTESIAN_POINT ( 'NONE',  ( 292.6364720169073053, -2.834025072680889767, 226.6603182329425010 ) ) ;
#2334 = CARTESIAN_POINT ( 'NONE',  ( 319.6225976185614286, 2.340130694755456542, 223.9755486973739096 ) ) ;
#2335 = EDGE_CURVE ( 'NONE', #2401, #5656, #3363, .T. ) ;
#2336 = CARTESIAN_POINT ( 'NONE',  ( 579.9999999970531235, 6.728921447716421866, 248.6694027102821849 ) ) ;
#2337 = VECTOR ( 'NONE', #4789, 1000.000000000000000 ) ;
#2338 = CARTESIAN_POINT ( 'NONE',  ( 328.8029014721305998, 0.5570281643529360061, 222.9107098315706992 ) ) ;
#2339 = CARTESIAN_POINT ( 'NONE',  ( 0.000000000000000000, -6.223998622485594545, 456.3664685701571671 ) ) ;
#2340 = CARTESIAN_POINT ( 'NONE',  ( 296.2370945548290706, 10.80627730302193790, 105.0050425958546754 ) ) ;
#2341 = CARTESIAN_POINT ( 'NONE',  ( 324.8370945548290365, -2.143893697935757459, 221.4117939385905345 ) ) ;
#2342 = CARTESIAN_POINT ( 'NONE',  ( 386.6666666647018928, 9.514594926166108024, 242.4372132912697566 ) ) ;
#2343 = CARTESIAN_POINT ( 'NONE',  ( 579.9999999970532372, -1.969755189242207161, 390.8208460070080719 ) ) ;
#2344 = CARTESIAN_POINT ( 'NONE',  ( 325.7166749553447289, -3.862940835946854001, 229.3103237408469681 ) ) ;
#2345 = CARTESIAN_POINT ( 'NONE',  ( 319.0370945548289683, -5.236594698191788133, 239.7567888541360901 ) ) ;
#2346 = CARTESIAN_POINT ( 'NONE',  ( 301.0650969521141178, -12.87696282754373200, 264.4069360666574653 ) ) ;
#2347 = CARTESIAN_POINT ( 'NONE',  ( 579.9999999970530098, 8.877391888367052175, 326.7879745516336243 ) ) ;
#2348 = CARTESIAN_POINT ( 'NONE',  ( 295.2370945547610290, 4.653953808343930909, 223.7987841782717737 ) ) ;
#2349 = CARTESIAN_POINT ( 'NONE',  ( 287.0953718032163806, 4.252480292409074103, 224.5140492957953597 ) ) ;
#2350 = EDGE_CURVE ( 'NONE', #536, #4322, #2682, .T. ) ;
#2351 = ORIENTED_EDGE ( 'NONE', *, *, #863, .T. ) ;
#2352 = EDGE_CURVE ( 'NONE', #1893, #937, #1697, .T. ) ;
#2353 = CARTESIAN_POINT ( 'NONE',  ( 579.9999999970530098, -1.884472597434357466, 240.4758978681773272 ) ) ;
#2354 = CARTESIAN_POINT ( 'NONE',  ( 300.4151852381626782, 7.938005523427468013, 234.0191106645001184 ) ) ;
#2355 = ADVANCED_BREP_SHAPE_REPRESENTATION ( 'BOOM L', ( #1986, #2034, #4603 ), #3592 ) ;
#2356 = DIRECTION ( 'NONE',  ( 0.000000000000000000, 2.102695133789802685E-15, 1.000000000000000000 ) ) ;
#2357 = EDGE_LOOP ( 'NONE', ( #1020, #4975, #4329, #5770 ) ) ;
#2358 = CARTESIAN_POINT ( 'NONE',  ( 301.0370945548290251, -7.225095369987552196, 109.4050437939080780 ) ) ;
#2359 = CARTESIAN_POINT ( 'NONE',  ( 294.6244179276857267, -4.408260253855642574, 230.1374686575142334 ) ) ;
#2360 = DIRECTION ( 'NONE',  ( 1.000000000000000000, 0.000000000000000000, 0.000000000000000000 ) ) ;
#2361 = CARTESIAN_POINT ( 'NONE',  ( 296.2282391183237564, -5.197848171647330595, 237.0248164469791163 ) ) ;
#2362 = EDGE_LOOP ( 'NONE', ( #2072, #620, #5194, #4000 ) ) ;
#2363 = DIRECTION ( 'NONE',  ( -0.000000000000000000, -0.000000000000000000, 1.000000000000000000 ) ) ;
#2364 = CARTESIAN_POINT ( 'NONE',  ( 315.0370945548290251, -10.19372269697787914, 109.4050437939080638 ) ) ;
#2365 = CARTESIAN_POINT ( 'NONE',  ( 298.2370945548290138, -3.296287826616013827, 0.000000000000000000 ) ) ;
#2366 = ORIENTED_EDGE ( 'NONE', *, *, #1973, .F. ) ;
#2367 = CARTESIAN_POINT ( 'NONE',  ( 295.2370945548290706, -5.193722696978042563, 105.0050425958546754 ) ) ;
#2368 = EDGE_LOOP ( 'NONE', ( #3223, #1481, #3287, #4907 ) ) ;
#2369 = CARTESIAN_POINT ( 'NONE',  ( 324.2360712253055226, 7.058153450145734809, 233.3187096548794557 ) ) ;
#2370 = CARTESIAN_POINT ( 'NONE',  ( 193.3333333323510317, 1.503725608321301310, 399.3537027180361179 ) ) ;
#2371 = EDGE_LOOP ( 'NONE', ( #1328, #272, #6120, #2060 ) ) ;
#2372 = CARTESIAN_POINT ( 'NONE',  ( 319.6073490611674970, 0.2602534741321496647, 222.1002459627534336 ) ) ;
#2373 = CARTESIAN_POINT ( 'NONE',  ( 0.000000000000000000, -0.07286972220746454343, 422.4816273383034968 ) ) ;
#2374 = CARTESIAN_POINT ( 'NONE',  ( 325.8151351791096317, 9.843776188911174785, 238.8629461608673523 ) ) ;
#2375 = CARTESIAN_POINT ( 'NONE',  ( 324.8370945548291502, -0.05918198670165340097, 221.3522931467073818 ) ) ;
#2376 = AXIS2_PLACEMENT_3D ( 'NONE', #2606, #5422, #5057 ) ;
#2377 = CARTESIAN_POINT ( 'NONE',  ( 386.6666666647020634, 1.630679500242952162, 226.3321464418616529 ) ) ;
#2378 = CARTESIAN_POINT ( 'NONE',  ( 579.9999999970527824, -1.068975656530539498, 385.7314532393304489 ) ) ;
#2379 = CARTESIAN_POINT ( 'NONE',  ( 333.1108744469491967, -2.133176760426533036, 223.8669945244324992 ) ) ;
#2380 = LINE ( 'NONE', #6139, #3815 ) ;
#2381 = CARTESIAN_POINT ( 'NONE',  ( 386.6666666647022339, -4.098509801975090738, 416.3470041637490908 ) ) ;
#2382 = CARTESIAN_POINT ( 'NONE',  ( 294.2132594893012651, 9.155050294239853059, 234.0324595223807478 ) ) ;
#2383 = CIRCLE ( 'NONE', #5952, 1.000000000000000888 ) ;
#2384 = CARTESIAN_POINT ( 'NONE',  ( 286.1280159508977476, 0.09209927609935240900, 219.7741903419843368 ) ) ;
#2385 = EDGE_LOOP ( 'NONE', ( #1920, #1838, #1243, #759 ) ) ;
#2386 = DIRECTION ( 'NONE',  ( 0.000000000000000000, -1.000000000000000000, 0.000000000000000000 ) ) ;
#2387 = CARTESIAN_POINT ( 'NONE',  ( 290.8360998948479050, 1.835858322134199305, 221.4503129998585962 ) ) ;
#2388 = EDGE_CURVE ( 'NONE', #4508, #2159, #5615, .T. ) ;
#2389 = CYLINDRICAL_SURFACE ( 'NONE', #5911, 1.000000000000000888 ) ;
#2390 = ORIENTED_EDGE ( 'NONE', *, *, #1296, .T. ) ;
#2391 = CARTESIAN_POINT ( 'NONE',  ( 296.2326576844782267, -5.193722696978018583, 236.9797558461542906 ) ) ;
#2392 = CARTESIAN_POINT ( 'NONE',  ( 295.2658959963167149, -4.957065555135171664, 234.4921728548683006 ) ) ;
#2393 = EDGE_CURVE ( 'NONE', #2585, #3629, #3633, .T. ) ;
#2394 = CARTESIAN_POINT ( 'NONE',  ( 319.0370945548290820, -10.14832614133113609, 238.3674181486861983 ) ) ;
#2395 = CARTESIAN_POINT ( 'NONE',  ( 301.5670478609864631, -11.82901146113221635, 264.4069360666574653 ) ) ;
#2396 = ORIENTED_EDGE ( 'NONE', *, *, #460, .T. ) ;
#2397 = CARTESIAN_POINT ( 'NONE',  ( 400.0000000000000568, 3.443088007130912676, 258.9429071604394608 ) ) ;
#2398 = PRODUCT ( 'BOOM L', 'BOOM L', '', ( #1594 ) ) ;
#2399 = CARTESIAN_POINT ( 'NONE',  ( 313.2370945548290138, -1.696287862378802691, 110.5050442647847575 ) ) ;
#2400 = FACE_OUTER_BOUND ( 'NONE', #720, .T. ) ;
#2401 = VERTEX_POINT ( 'NONE', #6070 ) ;
#2402 = CARTESIAN_POINT ( 'NONE',  ( 300.0370945548290251, -10.20377812011299312, 160.2393866268154738 ) ) ;
#2403 = AXIS2_PLACEMENT_3D ( 'NONE', #3607, #5655, #2186 ) ;
#2404 = CARTESIAN_POINT ( 'NONE',  ( 324.2564556063977648, -5.281049046980411887, 265.0935165813702383 ) ) ;
#2405 = CARTESIAN_POINT ( 'NONE',  ( 296.2370945548290706, -4.193722696978042563, 105.0050425958546754 ) ) ;
#2406 = CARTESIAN_POINT ( 'NONE',  ( 333.4120446939517706, 2.867837771078295184, 225.5389195813417302 ) ) ;
#2407 = EDGE_CURVE ( 'NONE', #346, #1055, #572, .T. ) ;
#2408 = CARTESIAN_POINT ( 'NONE',  ( 193.3333333323510317, 3.194756911386668286, 389.6578644352153447 ) ) ;
#2409 = ORIENTED_EDGE ( 'NONE', *, *, #2671, .T. ) ;
#2410 = CARTESIAN_POINT ( 'NONE',  ( 333.3938531989566059, -0.3805619627635912772, 223.0392773868562699 ) ) ;
#2411 = CARTESIAN_POINT ( 'NONE',  ( 0.000000000000000000, -7.509225448604162523, 411.1396134388328392 ) ) ;
#2412 = CARTESIAN_POINT ( 'NONE',  ( 672.0146080650777094, 2.836641791091506178E-13, 134.9050437939080496 ) ) ;
#2413 = CARTESIAN_POINT ( 'NONE',  ( 324.8370945547428050, -3.090442348032417019, 225.9436691812486515 ) ) ;
#2414 = CARTESIAN_POINT ( 'NONE',  ( 193.3333333323510885, 6.835746929844915165, 368.5446127025542182 ) ) ;
#2415 = AXIS2_PLACEMENT_3D ( 'NONE', #1304, #279, #3157 ) ;
#2416 = CARTESIAN_POINT ( 'NONE',  ( 296.2370945548290706, 11.80627730302191480, 244.2608682785287044 ) ) ;
#2417 = DIRECTION ( 'NONE',  ( -0.000000000000000000, -0.000000000000000000, 1.000000000000000000 ) ) ;
#2418 = CARTESIAN_POINT ( 'NONE',  ( 0.000000000000000000, 7.785143742719109916, 377.2153418768251640 ) ) ;
#2419 = CARTESIAN_POINT ( 'NONE',  ( 294.2016472376398610, 4.987912013357913565, 224.2832349706539503 ) ) ;
#2420 = CARTESIAN_POINT ( 'NONE',  ( 287.1428149827581819, -2.477968217846835852, 224.7465118159832116 ) ) ;
#2421 = ORIENTED_EDGE ( 'NONE', *, *, #419, .F. ) ;
#2422 = CARTESIAN_POINT ( 'NONE',  ( 320.0370945548289683, -10.22939335530591087, 222.7424324670551528 ) ) ;
#2423 = CARTESIAN_POINT ( 'NONE',  ( 300.3870466978448235, 0.8590437643098193243, 221.2255788787667825 ) ) ;
#2424 = ORIENTED_EDGE ( 'NONE', *, *, #2350, .F. ) ;
#2425 = CARTESIAN_POINT ( 'NONE',  ( 325.6399659530098347, -4.052506197132555776, 230.3842578400947048 ) ) ;
#2426 = EDGE_LOOP ( 'NONE', ( #2881, #3089 ) ) ;
#2427 = CARTESIAN_POINT ( 'NONE',  ( 300.0370945546835628, -15.14428005533440569, 238.9951196201311916 ) ) ;
#2428 = CARTESIAN_POINT ( 'NONE',  ( 295.7563886308722658, -5.072477154328866256, 234.3846651549994533 ) ) ;
#2429 = CARTESIAN_POINT ( 'NONE',  ( 316.3265498210602118, -15.03150019246681346, 127.9162539118025848 ) ) ;
#2430 = CARTESIAN_POINT ( 'NONE',  ( 294.2129157323997219, -2.659330484276641204, 222.5126752894805406 ) ) ;
#2431 = ORIENTED_EDGE ( 'NONE', *, *, #202, .T. ) ;
#2432 = CARTESIAN_POINT ( 'NONE',  ( 295.6559749428675445, -5.368542717632464267, 260.9864208890107875 ) ) ;
#2433 = CYLINDRICAL_SURFACE ( 'NONE', #4493, 5.000000000000002665 ) ;
#2434 = DIRECTION ( 'NONE',  ( 0.000000000000000000, 0.000000000000000000, -1.000000000000000000 ) ) ;
#2435 = CARTESIAN_POINT ( 'NONE',  ( 0.000000000000000000, -3.869566342698527173E-11, 199.5133111311278071 ) ) ;
#2436 = EDGE_CURVE ( 'NONE', #1884, #6293, #4163, .T. ) ;
#2437 = CARTESIAN_POINT ( 'NONE',  ( 328.8517355780552975, -5.258162224761121273, 265.2430598220746560 ) ) ;
#2438 = CARTESIAN_POINT ( 'NONE',  ( 291.4055619095913698, 0.8775409806729740358, 220.6290937569502830 ) ) ;
#2439 = CARTESIAN_POINT ( 'NONE',  ( 193.3333333323509180, -1.480112654933182004, 416.3527847794970853 ) ) ;
#2440 = CARTESIAN_POINT ( 'NONE',  ( 300.4106585389470183, -1.112499706066766514, 221.7521090001233404 ) ) ;
#2441 = ORIENTED_EDGE ( 'NONE', *, *, #4582, .T. ) ;
#2442 = EDGE_CURVE ( 'NONE', #1612, #3456, #1104, .T. ) ;
#2443 = CARTESIAN_POINT ( 'NONE',  ( 319.5996099963457482, -0.02676801701192199276, 222.0051814424786585 ) ) ;
#2444 = CARTESIAN_POINT ( 'NONE',  ( 0.000000000000000000, -7.565368802876977661, 399.6270695293106314 ) ) ;
#2445 = CARTESIAN_POINT ( 'NONE',  ( 305.0370945548290251, -13.82245167504209071, 264.4069360666474040 ) ) ;
#2446 = CARTESIAN_POINT ( 'NONE',  ( 325.7912733638214036, -1.405753207966009777, 222.0863521610288558 ) ) ;
#2447 = CARTESIAN_POINT ( 'NONE',  ( 579.9999999970532372, -4.288441108073364205, 402.5788312642366691 ) ) ;
#2448 = AXIS2_PLACEMENT_3D ( 'NONE', #381, #2327, #2879 ) ;
#2449 = CARTESIAN_POINT ( 'NONE',  ( 301.0370945548290251, -14.14430211433198714, 238.9883196404945238 ) ) ;
#2450 = CARTESIAN_POINT ( 'NONE',  ( 193.3333333323510885, 7.477695866475672304, 221.8680221566752095 ) ) ;
#2451 = CARTESIAN_POINT ( 'NONE',  ( 579.9999999970532372, -0.04621037551902798524, 379.9087948609357568 ) ) ;
#2452 = CARTESIAN_POINT ( 'NONE',  ( 295.7910176695730797, 11.71942816516325081, 243.9197606024848142 ) ) ;
#2453 = ORIENTED_EDGE ( 'NONE', *, *, #5703, .T. ) ;
#2454 = CARTESIAN_POINT ( 'NONE',  ( 286.0492810788949214, 0.4310356101118419936, 219.9402716648401395 ) ) ;
#2455 = ORIENTED_EDGE ( 'NONE', *, *, #3919, .F. ) ;
#2456 = CARTESIAN_POINT ( 'NONE',  ( 324.3219181667400903, -5.070170398303115000, 237.0686014898072074 ) ) ;
#2457 = CARTESIAN_POINT ( 'NONE',  ( 296.2370945548289001, -5.193722696978045228, 236.9345085788743290 ) ) ;
#2458 = CARTESIAN_POINT ( 'NONE',  ( 296.2006131101180699, -5.193722696978038122, 236.9273532849078663 ) ) ;
#2459 = DIRECTION ( 'NONE',  ( 0.000000000000000000, -1.000000000000000000, 0.000000000000000000 ) ) ;
#2460 = VERTEX_POINT ( 'NONE', #1222 ) ;
#2461 = CARTESIAN_POINT ( 'NONE',  ( 286.1001020648528765, -5.319665570671570087, 256.6197975040489041 ) ) ;
#2462 = CARTESIAN_POINT ( 'NONE',  ( 400.0000000000000568, 3.443088007130913120, 248.3429071604394096 ) ) ;
#2463 = CARTESIAN_POINT ( 'NONE',  ( 312.2370945548290138, 8.303712137621197087, 110.5050442647847433 ) ) ;
#2464 = CARTESIAN_POINT ( 'NONE',  ( 294.2370945548291843, -4.193722696978039899, 223.9740446929218081 ) ) ;
#2465 = CARTESIAN_POINT ( 'NONE',  ( 293.6343398288582307, -6.272751166338445650, 256.5537439652741227 ) ) ;
#2466 = DIRECTION ( 'NONE',  ( 0.000000000000000000, -1.576542137387265747E-16, 1.000000000000000000 ) ) ;
#2467 = CARTESIAN_POINT ( 'NONE',  ( 579.9999999970527824, -4.341600791566104789, 401.3625127179655578 ) ) ;
#2468 = CARTESIAN_POINT ( 'NONE',  ( 290.8607424764969096, -1.913055528942608552, 223.1659277847934391 ) ) ;
#2469 = VERTEX_POINT ( 'NONE', #203 ) ;
#2470 = EDGE_CURVE ( 'NONE', #4472, #4412, #786, .T. ) ;
#2471 = CARTESIAN_POINT ( 'NONE',  ( 324.1960012707624514, -0.1108519783876878856, 222.3205368418424541 ) ) ;
#2472 = CARTESIAN_POINT ( 'NONE',  ( 579.9999999970528961, -5.167355906338058524, 296.6145897423936049 ) ) ;
#2473 = CARTESIAN_POINT ( 'NONE',  ( 328.2583674109390017, 0.1690395479324061645, 222.6392883820475390 ) ) ;
#2474 = CARTESIAN_POINT ( 'NONE',  ( 324.8370945547770248, -2.907912043330925567, 225.3735817483637334 ) ) ;
#2475 = AXIS2_PLACEMENT_3D ( 'NONE', #4235, #2822, #5623 ) ;
#2476 = CARTESIAN_POINT ( 'NONE',  ( 386.6666666647022339, -5.677728190836611510, 385.5240380374953020 ) ) ;
#2477 = CARTESIAN_POINT ( 'NONE',  ( 325.8036692018319513, -1.802494901989788678, 222.6490510226151400 ) ) ;
#2478 = CARTESIAN_POINT ( 'NONE',  ( 579.9999999970531235, 1.367670693497608836, 239.2000782469990270 ) ) ;
#2479 = AXIS2_PLACEMENT_3D ( 'NONE', #4535, #162, #5995 ) ;
#2480 = CARTESIAN_POINT ( 'NONE',  ( 579.9999999970532372, -4.690623640227411073, 385.3875012641357216 ) ) ;
#2481 = CARTESIAN_POINT ( 'NONE',  ( 296.1885450235482722, 11.80627730302192191, 244.2520131044626623 ) ) ;
#2482 = VERTEX_POINT ( 'NONE', #4048 ) ;
#2483 = LINE ( 'NONE', #534, #1855 ) ;
#2484 = EDGE_CURVE ( 'NONE', #3571, #5063, #2175, .T. ) ;
#2485 = CARTESIAN_POINT ( 'NONE',  ( 286.0564748453687685, 1.504707686762495999, 220.8174070485492848 ) ) ;
#2486 = ORIENTED_EDGE ( 'NONE', *, *, #1557, .F. ) ;
#2487 = CARTESIAN_POINT ( 'NONE',  ( 301.0370945548290251, -10.20377812011299312, 160.2393866268154738 ) ) ;
#2488 = CARTESIAN_POINT ( 'NONE',  ( 300.0370945551198929, -15.22838636742109486, 223.2545631917067226 ) ) ;
#2489 = DIRECTION ( 'NONE',  ( -1.000000000000000000, 0.000000000000000000, 0.000000000000000000 ) ) ;
#2490 = LINE ( 'NONE', #3970, #1184 ) ;
#2491 = CARTESIAN_POINT ( 'NONE',  ( 296.2182249896129633, 11.82809955277238778, 244.4677794392362102 ) ) ;
#2492 = VERTEX_POINT ( 'NONE', #1162 ) ;
#2493 = EDGE_CURVE ( 'NONE', #3517, #315, #681, .T. ) ;
#2494 = B_SPLINE_CURVE_WITH_KNOTS ( 'NONE', 3,
 ( #2586, #6028, #5121, #5544, #1120, #3638, #3180, #3152 ),
 .UNSPECIFIED., .F., .F.,
 ( 4, 1, 1, 1, 1, 4 ),
 ( 1.112389315513592667E-16, 0.0002775816649954862460, 0.008923166345252329934, 0.01675213612788779491, 0.02368437818383812080, 0.02503353116879700885 ),
 .UNSPECIFIED. ) ;
#2495 = DIRECTION ( 'NONE',  ( 0.000000000000000000, 1.000000000000000000, -0.000000000000000000 ) ) ;
#2496 = CARTESIAN_POINT ( 'NONE',  ( 319.0370945548292525, -5.193722696978044340, 239.2351860694214452 ) ) ;
#2497 = CARTESIAN_POINT ( 'NONE',  ( 332.4186415268230235, 4.003299650140890620, 227.2588036469159931 ) ) ;
#2498 = CARTESIAN_POINT ( 'NONE',  ( 320.0370945548290251, -10.10523228837226739, 244.2006037942835803 ) ) ;
#2499 = CARTESIAN_POINT ( 'NONE',  ( 324.2563093034473241, -5.210432249134499649, 261.2461753523535322 ) ) ;
#2500 = CARTESIAN_POINT ( 'NONE',  ( 298.8157218600821352, 12.91399144997613568, 256.9374624987314633 ) ) ;
#2501 = CARTESIAN_POINT ( 'NONE',  ( 0.000000000000000000, -1.685681154134503368, 431.6634505495804319 ) ) ;
#2502 = CARTESIAN_POINT ( 'NONE',  ( 286.0839137669981938, -2.082178120409524436, 223.3178635741709002 ) ) ;
#2503 = VERTEX_POINT ( 'NONE', #4604 ) ;
#2504 = CARTESIAN_POINT ( 'NONE',  ( 319.6171972993507211, -0.6018842400583601648, 222.2785896525178941 ) ) ;
#2505 = CARTESIAN_POINT ( 'NONE',  ( 386.6666666647018928, -5.720178202154572844, 376.8193992500837339 ) ) ;
#2506 = CARTESIAN_POINT ( 'NONE',  ( 324.3761214301209748, 9.599777880521161322, 241.6615523493041167 ) ) ;
#2507 = CARTESIAN_POINT ( 'NONE',  ( 324.8370945548288660, -3.522049652442226009, 224.1838555706610236 ) ) ;
#2508 = CARTESIAN_POINT ( 'NONE',  ( 193.3333333323510885, -6.914820130816956123, 341.8730961291019526 ) ) ;
#2509 = CARTESIAN_POINT ( 'NONE',  ( 305.0370945549744874, -14.10509581673448842, 244.2350194177915341 ) ) ;
#2510 = CARTESIAN_POINT ( 'NONE',  ( 0.000000000000000000, 6.360022959421542055, 205.8840378691750175 ) ) ;
#2511 = CARTESIAN_POINT ( 'NONE',  ( 579.9999999970531235, -4.886162747044378918, 349.3334163557685201 ) ) ;
#2512 = CARTESIAN_POINT ( 'NONE',  ( 295.2656328229670066, 11.27553684659330102, 241.8911559818201056 ) ) ;
#2513 = CARTESIAN_POINT ( 'NONE',  ( 319.0370945548290251, -10.19372269697789157, 111.8776466569873094 ) ) ;
#2514 = CARTESIAN_POINT ( 'NONE',  ( 290.8398506085363238, 2.440497422616012102, 222.1282124666714992 ) ) ;
#2515 = EDGE_LOOP ( 'NONE', ( #4688, #1741, #5028, #1158, #3732 ) ) ;
#2516 = EDGE_CURVE ( 'NONE', #2043, #5166, #233, .T. ) ;
#2517 =( BOUNDED_SURFACE ( )  B_SPLINE_SURFACE ( 3, 2, ( 
 ( #5109, #2627, #6103 ),
 ( #3627, #3685, #4607 ),
 ( #3169, #2240, #5563 ),
 ( #2685, #5082, #3140 ),
 ( #4108, #1255, #2209 ),
 ( #6045, #265, #2654 ),
 ( #3568, #3596, #2122 ),
 ( #711, #5051, #4166 ),
 ( #5506, #3199, #4669 ),
 ( #236, #4078, #5533 ),
 ( #5140, #658, #771 ),
 ( #2718, #295, #5989 ),
 ( #2178, #1139, #3087 ),
 ( #5025, #2601, #1165 ),
 ( #4579, #684, #1674 ),
 ( #4136, #3819, #6268 ),
 ( #1393, #5173, #1427 ),
 ( #5750, #464, #3261 ),
 ( #6132, #2783, #2819 ),
 ( #1900, #4298, #428 ),
 ( #870, #4701, #2304 ),
 ( #6163, #3334, #5787 ),
 ( #2274, #836, #1863 ),
 ( #4801, #4261, #945 ),
 ( #5678, #4231, #5279 ),
 ( #907, #3297, #4198 ),
 ( #3856, #2855, #1792 ),
 ( #6196, #3230, #1318 ),
 ( #1828, #2375, #804 ),
 ( #5648, #4335, #1761 ),
 ( #2892, #3371, #5315 ),
 ( #5714, #3782, #4836 ),
 ( #3715, #1286, #2750 ),
 ( #327, #3746, #5205 ),
 ( #4732, #1355, #359 ),
 ( #5244, #4766, #392 ),
 ( #2341, #6231, #2446 ),
 ( #1463, #4494, #2957 ),
 ( #2539, #3049, #5892 ),
 ( #1103, #5348, #3408 ),
 ( #1009, #2064, #4958 ),
 ( #3018, #4463, #591 ),
 ( #3533, #121, #4929 ),
 ( #4901, #3986, #5472 ),
 ( #4992, #90, #4017 ),
 ( #1072, #5950, #1585 ),
 ( #2507, #1555, #525 ),
 ( #3927, #2474, #1972 ),
 ( #2032, #2413, #4369 ),
 ( #977, #6304, #3958 ) ),
 .UNSPECIFIED., .F., .F., .T. ) 
 B_SPLINE_SURFACE_WITH_KNOTS ( ( 4, 2, 2, 2, 2, 2, 2, 2, 2, 2, 2, 2, 2, 2, 2, 2, 2, 2, 2, 2, 2, 2, 2, 2, 4 ),
 ( 3, 3 ),
 ( -9.020562075079396891E-17, 0.003654417027765487474, 0.007308834055531065153, 0.01096325108329664240, 0.01279045959717943146, 0.01461766811106222051, 0.01553127236800361591, 0.01644487662494500957, 0.01827208513882779689, 0.01918568939576919055, 0.01964249152423988565, 0.02009929365271058421, 0.02101289790965198134, 0.02146970003812267991, 0.02192650216659337500, 0.02238330429506407010, 0.02284010642353476866, 0.02375371068047616580, 0.02421051280894686436, 0.02466731493741755946, 0.02558091919435895312, 0.02603772132282965168, 0.02649452345130034678, 0.02740812770824174044, 0.02923533622212453123 ),
 ( 0.000000000000000000, 1.000000000000000000 ),
 .UNSPECIFIED. ) 
 GEOMETRIC_REPRESENTATION_ITEM ( )  RATIONAL_B_SPLINE_SURFACE ( (
 ( 1.000000000000000000, 0.7148284324645186594, 1.000000000000000000),
 ( 1.000000000000000000, 0.7150518113359950467, 1.000000000000000000),
 ( 1.000000000000000000, 0.7153080800941968853, 1.000000000000000000),
 ( 1.000000000000000000, 0.7158869503712406157, 1.000000000000000000),
 ( 1.000000000000000000, 0.7162034349292446533, 1.000000000000000000),
 ( 1.000000000000000000, 0.7169966414534841848, 1.000000000000000000),
 ( 1.000000000000000000, 0.7174451569639477277, 1.000000000000000000),
 ( 1.000000000000000000, 0.7183017382234535564, 1.000000000000000000),
 ( 1.000000000000000000, 0.7186180879662431575, 1.000000000000000000),
 ( 1.000000000000000000, 0.7193033319185553331, 1.000000000000000000),
 ( 1.000000000000000000, 0.7196461711748201040, 1.000000000000000000),
 ( 1.000000000000000000, 0.7203522734743430522, 1.000000000000000000),
 ( 1.000000000000000000, 0.7206156370195132554, 1.000000000000000000),
 ( 1.000000000000000000, 0.7212011302102908639, 1.000000000000000000),
 ( 1.000000000000000000, 0.7215247277404125414, 1.000000000000000000),
 ( 1.000000000000000000, 0.7225733351666354665, 1.000000000000000000),
 ( 1.000000000000000000, 0.7233892600193814193, 1.000000000000000000),
 ( 1.000000000000000000, 0.7244922601749056446, 1.000000000000000000),
 ( 1.000000000000000000, 0.7248424406339666337, 1.000000000000000000),
 ( 1.000000000000000000, 0.7253248352749566141, 1.000000000000000000),
 ( 1.000000000000000000, 0.7254491153854539798, 1.000000000000000000),
 ( 1.000000000000000000, 0.7259499956440821355, 1.000000000000000000),
 ( 1.000000000000000000, 0.7262962266240949871, 1.000000000000000000),
 ( 1.000000000000000000, 0.7275113338213453629, 1.000000000000000000),
 ( 1.000000000000000000, 0.7285726063245314688, 1.000000000000000000),
 ( 1.000000000000000000, 0.7297810140681790791, 1.000000000000000000),
 ( 1.000000000000000000, 0.7301037058946409086, 1.000000000000000000),
 ( 1.000000000000000000, 0.7304622110754106501, 1.000000000000000000),
 ( 1.000000000000000000, 0.7304850034757298660, 1.000000000000000000),
 ( 1.000000000000000000, 0.7302324244337538017, 1.000000000000000000),
 ( 1.000000000000000000, 0.7299735866543032303, 1.000000000000000000),
 ( 1.000000000000000000, 0.7292806029208217522, 1.000000000000000000),
 ( 1.000000000000000000, 0.7288454172203060466, 1.000000000000000000),
 ( 1.000000000000000000, 0.7273748489790450300, 1.000000000000000000),
 ( 1.000000000000000000, 0.7261257806446625995, 1.000000000000000000),
 ( 1.000000000000000000, 0.7239034115886746612, 1.000000000000000000),
 ( 1.000000000000000000, 0.7231259875571601770, 1.000000000000000000),
 ( 1.000000000000000000, 0.7215788857630575093, 1.000000000000000000),
 ( 1.000000000000000000, 0.7208114425305243156, 1.000000000000000000),
 ( 1.000000000000000000, 0.7187071598846569431, 1.000000000000000000),
 ( 1.000000000000000000, 0.7175479012221015473, 1.000000000000000000),
 ( 1.000000000000000000, 0.7164991232402007082, 1.000000000000000000),
 ( 1.000000000000000000, 0.7162626164262539952, 1.000000000000000000),
 ( 1.000000000000000000, 0.7160867086365887424, 1.000000000000000000),
 ( 1.000000000000000000, 0.7160367393934090607, 1.000000000000000000),
 ( 1.000000000000000000, 0.7158056798083691774, 1.000000000000000000),
 ( 1.000000000000000000, 0.7156266062693599217, 1.000000000000000000),
 ( 1.000000000000000000, 0.7150168285704120441, 1.000000000000000000),
 ( 1.000000000000000000, 0.7145086592385453406, 1.000000000000000000),
 ( 1.000000000000000000, 0.7139402525887976747, 1.000000000000000000) ) ) 
 REPRESENTATION_ITEM ( '' )  SURFACE ( )  );
#2518 = DIRECTION ( 'NONE',  ( 0.000000000000000000, -1.000000000000000000, 0.000000000000000000 ) ) ;
#2519 = VECTOR ( 'NONE', #310, 1000.000000000000000 ) ;
#2520 = CARTESIAN_POINT ( 'NONE',  ( 300.0370945551198929, -15.24085875368335685, 212.7673078891528178 ) ) ;
#2521 = LINE ( 'NONE', #2129, #5114 ) ;
#2522 = CARTESIAN_POINT ( 'NONE',  ( 295.2370945548289569, 4.869097023468145657, 222.2328615175538289 ) ) ;
#2523 = EDGE_CURVE ( 'NONE', #3252, #5063, #2237, .T. ) ;
#2524 = CARTESIAN_POINT ( 'NONE',  ( 294.2370945548290706, 10.80627730302190237, 236.0418494052042320 ) ) ;
#2525 = ORIENTED_EDGE ( 'NONE', *, *, #594, .F. ) ;
#2526 = CARTESIAN_POINT ( 'NONE',  ( 286.0997710631643827, -5.177299925446432916, 252.5916898964687505 ) ) ;
#2527 = CARTESIAN_POINT ( 'NONE',  ( 323.8277746161109576, 11.80627730302192191, 246.9061939011666311 ) ) ;
#2528 = CARTESIAN_POINT ( 'NONE',  ( 332.1696180232850111, -2.574864664120358970, 228.4789712616837392 ) ) ;
#2529 = CARTESIAN_POINT ( 'NONE',  ( 315.0370945548290251, -15.24085874141611008, 212.7673236097864731 ) ) ;
#2530 = CARTESIAN_POINT ( 'NONE',  ( 295.2370945548289001, 0.04016301306221695816, 218.2915933490093892 ) ) ;
#2531 = LINE ( 'NONE', #3917, #321 ) ;
#2532 = CARTESIAN_POINT ( 'NONE',  ( 386.6666666647020634, -6.083877520582038123, 315.6127975168557214 ) ) ;
#2533 = CARTESIAN_POINT ( 'NONE',  ( 300.4186859808880286, -2.191773534240176513, 224.6863933044310784 ) ) ;
#2534 = ORIENTED_EDGE ( 'NONE', *, *, #3649, .F. ) ;
#2535 = CARTESIAN_POINT ( 'NONE',  ( 319.6221152621400847, -0.6978608650525645052, 222.3782900962282270 ) ) ;
#2536 = CARTESIAN_POINT ( 'NONE',  ( 193.3333333323510317, -7.079803176567100564, 270.4717163648858218 ) ) ;
#2537 = CARTESIAN_POINT ( 'NONE',  ( 320.7736459281948100, -5.182839077073920997, 259.3129943938852762 ) ) ;
#2538 = VECTOR ( 'NONE', #1885, 1000.000000000000000 ) ;
#2539 = CARTESIAN_POINT ( 'NONE',  ( 324.8370945548290933, -2.438161636286892531, 221.7806528257541174 ) ) ;
#2540 = CARTESIAN_POINT ( 'NONE',  ( 0.000000000000000000, -7.786271839968238240, 360.7297558856265027 ) ) ;
#2541 = CARTESIAN_POINT ( 'NONE',  ( 301.0370945551198929, -14.24085875088850273, 212.7663978161693592 ) ) ;
#2542 = CARTESIAN_POINT ( 'NONE',  ( 386.6666666647018928, -2.925017541545449351E-11, 225.5133111311280913 ) ) ;
#2543 = CARTESIAN_POINT ( 'NONE',  ( 579.9999999970531235, -4.839072846083484869, 357.5893618452735723 ) ) ;
#2544 = CARTESIAN_POINT ( 'NONE',  ( 295.1756826384146279, 11.11311969135080702, 241.1952346862594823 ) ) ;
#2545 = VECTOR ( 'NONE', #1484, 1000.000000000000000 ) ;
#2546 = AXIS2_PLACEMENT_3D ( 'NONE', #2107, #3519, #5937 ) ;
#2547 = CARTESIAN_POINT ( 'NONE',  ( 286.0389380533182475, -0.04848740425130274728, 219.7490469123347623 ) ) ;
#2548 = ORIENTED_EDGE ( 'NONE', *, *, #179, .T. ) ;
#2549 = CARTESIAN_POINT ( 'NONE',  ( 324.1614359664450831, -5.146337795611745314, 239.2113536407998140 ) ) ;
#2550 = SPHERICAL_SURFACE ( 'NONE', #3401, 1.000000000000000000 ) ;
#2551 = CARTESIAN_POINT ( 'NONE',  ( 295.3776110868743672, -5.015488512299084434, 235.0549853610493756 ) ) ;
#2552 = B_SPLINE_CURVE_WITH_KNOTS ( 'NONE', 3,
 ( #4969, #5930, #2487, #1050, #4444, #2100, #2998, #99, #2044, #71, #2012, #4882 ),
 .UNSPECIFIED., .F., .F.,
 ( 4, 2, 2, 2, 2, 4 ),
 ( 0.000000000000000000, 0.03125151736276183395, 0.06250303472552366790, 0.09375455208828549492, 0.1093803107696664223, 0.1250060694510472525 ),
 .UNSPECIFIED. ) ;
#2553 = CARTESIAN_POINT ( 'NONE',  ( 295.2370945548289569, -2.828630430583579436, 220.2622493180288359 ) ) ;
#2554 = DIRECTION ( 'NONE',  ( 0.000000000000000000, 0.000000000000000000, -1.000000000000000000 ) ) ;
#2555 = ORIENTED_EDGE ( 'NONE', *, *, #3165, .F. ) ;
#2556 = CARTESIAN_POINT ( 'NONE',  ( 320.0142938830654202, -5.193722696978041675, 239.3059115135390016 ) ) ;
#2557 = CARTESIAN_POINT ( 'NONE',  ( 325.7870443695887843, 2.010924447807267867, 222.6120919241494107 ) ) ;
#2558 = FACE_OUTER_BOUND ( 'NONE', #5149, .T. ) ;
#2559 = CARTESIAN_POINT ( 'NONE',  ( 332.6330314816912050, 4.531210314466172839, 226.2083338071435890 ) ) ;
#2560 = CARTESIAN_POINT ( 'NONE',  ( 295.2370945548289001, 0.9352640065634298949, 218.4946647766862213 ) ) ;
#2561 = PLANE ( 'NONE',  #4011 ) ;
#2562 = CARTESIAN_POINT ( 'NONE',  ( 0.000000000000000000, -8.046388690722883652, 318.6767041878472924 ) ) ;
#2563 = CARTESIAN_POINT ( 'NONE',  ( 290.8655528777635482, -2.473990479754912819, 225.0008131582056592 ) ) ;
#2564 = ORIENTED_EDGE ( 'NONE', *, *, #2470, .F. ) ;
#2565 = B_SPLINE_CURVE_WITH_KNOTS ( 'NONE', 3,
 ( #358, #326, #2891, #5822 ),
 .UNSPECIFIED., .F., .F.,
 ( 4, 4 ),
 ( 0.000000000000000000, 0.02771671325216732221 ),
 .UNSPECIFIED. ) ;
#2566 = CARTESIAN_POINT ( 'NONE',  ( 333.4258783047552015, -1.165976759751149006, 224.1737081057509897 ) ) ;
#2567 = CARTESIAN_POINT ( 'NONE',  ( 386.6666666647020634, -4.566923217582304240, 238.8503178250753649 ) ) ;
#2568 = CARTESIAN_POINT ( 'NONE',  ( 328.2647972681293140, -0.1704557888540286503, 222.6077833096375400 ) ) ;
#2569 = CARTESIAN_POINT ( 'NONE',  ( 323.9481666290876092, -5.187609634407555070, 239.5713522142272325 ) ) ;
#2570 = VECTOR ( 'NONE', #3964, 1000.000000000000000 ) ;
#2571 = CARTESIAN_POINT ( 'NONE',  ( 193.3333333323509464, -6.642773502515775697, 388.2232343896972111 ) ) ;
#2572 = AXIS2_PLACEMENT_3D ( 'NONE', #4544, #2616, #5012 ) ;
#2573 = CARTESIAN_POINT ( 'NONE',  ( 301.0370945548290251, -10.24079401560310210, 191.8034019655474651 ) ) ;
#2574 = CARTESIAN_POINT ( 'NONE',  ( 0.000000000000000000, 12.58377223271067891, 221.8964532117458361 ) ) ;
#2575 = CARTESIAN_POINT ( 'NONE',  ( 579.9999999970533509, -4.179541867572799774, 402.5918904233845410 ) ) ;
#2576 = CARTESIAN_POINT ( 'NONE',  ( 314.6271420500833074, 11.80627730304595957, 246.0492690513150080 ) ) ;
#2577 = DIRECTION ( 'NONE',  ( -0.000000000000000000, 1.000000000000000000, 0.000000000000000000 ) ) ;
#2578 = CARTESIAN_POINT ( 'NONE',  ( 286.0434025898010759, 0.1480916570535767141, 219.7879046500666789 ) ) ;
#2579 = EDGE_LOOP ( 'NONE', ( #1185, #4443, #417, #6211, #3216, #1297, #1534, #1309, #1371, #5606 ) ) ;
#2580 = DIRECTION ( 'NONE',  ( -1.000000000000000000, -0.000000000000000000, -0.000000000000000000 ) ) ;
#2581 = FACE_OUTER_BOUND ( 'NONE', #2935, .T. ) ;
#2582 = CARTESIAN_POINT ( 'NONE',  ( 295.1629460783635182, -3.355893092829067115, 224.7353271913596302 ) ) ;
#2583 = CARTESIAN_POINT ( 'NONE',  ( 295.2370945548289001, 6.725012724254550989, 225.3641684839114703 ) ) ;
#2584 = CARTESIAN_POINT ( 'NONE',  ( 295.6324058962316030, 11.74509564754507451, 244.0248560221505159 ) ) ;
#2585 = VERTEX_POINT ( 'NONE', #292 ) ;
#2586 = CARTESIAN_POINT ( 'NONE',  ( 320.0370945548290251, -6.292000280473049934, 264.4069360666574653 ) ) ;
#2587 = DIRECTION ( 'NONE',  ( 1.000000000000000000, -0.000000000000000000, -0.000000000000000000 ) ) ;
#2588 = CARTESIAN_POINT ( 'NONE',  ( 319.0370945548290251, -9.913738254671827121, 259.9181221588201538 ) ) ;
#2589 = CARTESIAN_POINT ( 'NONE',  ( 331.3050623970386823, 7.702184391954881804, 232.7151287380745828 ) ) ;
#2590 = CARTESIAN_POINT ( 'NONE',  ( 295.2370945548248073, -0.07648640244194802873, 219.3630606593165737 ) ) ;
#2591 = CARTESIAN_POINT ( 'NONE',  ( 301.0370945548290251, -6.398140079576219108, 264.4069360666574653 ) ) ;
#2592 = CARTESIAN_POINT ( 'NONE',  ( 300.4154137478654434, -1.735194451603203181, 223.3266003293990138 ) ) ;
#2593 = EDGE_LOOP ( 'NONE', ( #2226, #5945, #4381 ) ) ;
#2594 = CARTESIAN_POINT ( 'NONE',  ( 324.2377729592532205, -1.654180914979803019, 224.7823057499175547 ) ) ;
#2595 = CARTESIAN_POINT ( 'NONE',  ( 320.0370945548290251, -10.19372269697804434, 139.4050437939082201 ) ) ;
#2596 = CARTESIAN_POINT ( 'NONE',  ( 324.2476581484187932, 13.40169643635486629, 265.0990895333058575 ) ) ;
#2597 = ADVANCED_FACE ( 'NONE', ( #5339, #5880 ), #4859, .T. ) ;
#2598 = CARTESIAN_POINT ( 'NONE',  ( 300.0370945548290251, -5.193722696977875586, 109.4050437939080922 ) ) ;
#2599 = CARTESIAN_POINT ( 'NONE',  ( 0.000000000000000000, 15.80337903634185182, 325.8913209393173815 ) ) ;
#2600 = CARTESIAN_POINT ( 'NONE',  ( 579.9999999970531235, -2.676006289986922582, 242.6746744830808211 ) ) ;
#2601 = CARTESIAN_POINT ( 'NONE',  ( 324.8370945548462601, 3.810603412887284325, 224.5900962656047000 ) ) ;
#2602 = CARTESIAN_POINT ( 'NONE',  ( 300.3775802517640159, -0.2863675859902942711, 220.7673421465947854 ) ) ;
#2603 = ORIENTED_EDGE ( 'NONE', *, *, #6173, .F. ) ;
#2604 = CARTESIAN_POINT ( 'NONE',  ( 579.9999999970528961, 7.980006272893821695, 252.7075933310317168 ) ) ;
#2605 = CARTESIAN_POINT ( 'NONE',  ( 300.0370945548290251, -15.19372269697788091, 123.8863961561231974 ) ) ;
#2606 = CARTESIAN_POINT ( 'NONE',  ( 300.1361072146373203, -30.00000000000000000, 263.4070986003466714 ) ) ;
#2607 = DIRECTION ( 'NONE',  ( 0.000000000000000000, 1.000000000000000000, 5.551115123125782702E-15 ) ) ;
#2608 = EDGE_CURVE ( 'NONE', #3077, #6172, #3913, .T. ) ;
#2609 = FACE_OUTER_BOUND ( 'NONE', #4557, .T. ) ;
#2610 = ORIENTED_EDGE ( 'NONE', *, *, #1928, .F. ) ;
#2611 = CARTESIAN_POINT ( 'NONE',  ( 295.6461182835340082, 12.98419389649837896, 257.0478565212478088 ) ) ;
#2612 = CARTESIAN_POINT ( 'NONE',  ( 301.0370945548290251, -5.193722696978042563, 139.4050437939080780 ) ) ;
#2613 = DIRECTION ( 'NONE',  ( 0.000000000000000000, -1.209320730648730674E-16, 1.000000000000000000 ) ) ;
#2614 = CARTESIAN_POINT ( 'NONE',  ( 319.0370945548290251, -6.297597955918412538, 264.4069360666574653 ) ) ;
#2615 = CARTESIAN_POINT ( 'NONE',  ( 295.2370945548288432, -1.799786583724951594, 218.9492729899275787 ) ) ;
#2616 = DIRECTION ( 'NONE',  ( 0.000000000000000000, 0.000000000000000000, -1.000000000000000000 ) ) ;
#2617 = VECTOR ( 'NONE', #4649, 1000.000000000000000 ) ;
#2618 = ADVANCED_FACE ( 'NONE', ( #2558 ), #3394, .F. ) ;
#2619 = ORIENTED_EDGE ( 'NONE', *, *, #2857, .T. ) ;
#2620 = CARTESIAN_POINT ( 'NONE',  ( 328.8361465489124384, -2.089125384489219694, 226.3867668029666618 ) ) ;
#2621 = CARTESIAN_POINT ( 'NONE',  ( 294.2003579067137480, -1.732324997306799119, 220.3492376195262921 ) ) ;
#2622 = EDGE_CURVE ( 'NONE', #2282, #4220, #4389, .T. ) ;
#2623 = CARTESIAN_POINT ( 'NONE',  ( 328.8340651557213050, 8.233005080888412763, 237.1755168346383300 ) ) ;
#2624 = CARTESIAN_POINT ( 'NONE',  ( 315.0370945548290251, -14.19372269697804612, 139.4050437939080496 ) ) ;
#2625 = CARTESIAN_POINT ( 'NONE',  ( 193.3333333323509464, 4.987358710711697896, 379.3420367611240636 ) ) ;
#2626 = CARTESIAN_POINT ( 'NONE',  ( 386.6666666647018928, -3.915872789727388614, 234.1898982628685246 ) ) ;
#2627 = CARTESIAN_POINT ( 'NONE',  ( 324.8370945548288660, 9.864457953859215422, 238.8571362035658296 ) ) ;
#2628 = CARTESIAN_POINT ( 'NONE',  ( 286.0417938105842950, 0.09427252636054928026, 219.7697357335067068 ) ) ;
#2629 = VERTEX_POINT ( 'NONE', #2463 ) ;
#2630 = FACE_OUTER_BOUND ( 'NONE', #1388, .T. ) ;
#2631 = CARTESIAN_POINT ( 'NONE',  ( 579.9999999970528961, 11.62353847066273715, 274.5007389497849886 ) ) ;
#2632 = LINE ( 'NONE', #662, #2770 ) ;
#2633 = CARTESIAN_POINT ( 'NONE',  ( 297.0616626178995716, -7.156911992869086525, 248.3429071604394096 ) ) ;
#2634 = CARTESIAN_POINT ( 'NONE',  ( 319.7192343510252499, -11.58393778004065133, 264.4069360666574653 ) ) ;
#2635 = DIRECTION ( 'NONE',  ( -1.000000000000000000, 0.000000000000000000, 0.000000000000000000 ) ) ;
#2636 = ORIENTED_EDGE ( 'NONE', *, *, #6152, .T. ) ;
#2637 = CARTESIAN_POINT ( 'NONE',  ( 298.2370945548290138, 2.323584188347896251E-13, 110.5050442647847575 ) ) ;
#2638 = B_SPLINE_CURVE_WITH_KNOTS ( 'NONE', 3,
 ( #1747, #1410, #15, #6214 ),
 .UNSPECIFIED., .F., .F.,
 ( 4, 4 ),
 ( 0.000000000000000000, 0.003819629994372859827 ),
 .UNSPECIFIED. ) ;
#2639 = CARTESIAN_POINT ( 'NONE',  ( 325.3489671857389567, 11.12280771567310644, 243.8664628919923416 ) ) ;
#2640 = CARTESIAN_POINT ( 'NONE',  ( 328.4507276715016246, 10.71141263257843690, 246.7008238404324629 ) ) ;
#2641 = CARTESIAN_POINT ( 'NONE',  ( 315.0370945548290251, -14.82264814013373133, 264.4069361153361228 ) ) ;
#2642 = CARTESIAN_POINT ( 'NONE',  ( 313.0796004891169559, -5.193722696978045228, 238.6029626277346836 ) ) ;
#2643 = CARTESIAN_POINT ( 'NONE',  ( 294.1711107525464968, -0.3492752724186196644, 219.3176807096000971 ) ) ;
#2644 = CARTESIAN_POINT ( 'NONE',  ( 291.9230261346248767, 12.65004196537117309, 248.1686336494071270 ) ) ;
#2645 = CARTESIAN_POINT ( 'NONE',  ( 320.0370945548290251, -30.00000000000000000, 262.9219554743630738 ) ) ;
#2646 = VERTEX_POINT ( 'NONE', #4511 ) ;
#2647 = CARTESIAN_POINT ( 'NONE',  ( 328.8322532890854291, -1.479831552325189925, 224.6417287595748462 ) ) ;
#2648 = DIRECTION ( 'NONE',  ( 0.000000000000000000, 5.551115123125782702E-15, -1.000000000000000000 ) ) ;
#2649 = CARTESIAN_POINT ( 'NONE',  ( 319.6510704689862337, 12.63551043874022461, 257.2974427216354343 ) ) ;
#2650 = EDGE_CURVE ( 'NONE', #896, #4847, #4948, .T. ) ;
#2651 = CARTESIAN_POINT ( 'NONE',  ( 323.8370945548290365, -5.193722696978042563, 203.3969054146694759 ) ) ;
#2652 = CARTESIAN_POINT ( 'NONE',  ( 386.6666666647017792, 14.56524338741086666, 284.5744906102912068 ) ) ;
#2653 = CARTESIAN_POINT ( 'NONE',  ( 193.3333333323510885, -6.367875266799881473, 242.1323187556666028 ) ) ;
#2654 = CARTESIAN_POINT ( 'NONE',  ( 325.8089265016069476, 7.135637297132436885, 230.8757864796839954 ) ) ;
#2655 = CARTESIAN_POINT ( 'NONE',  ( 295.6034551797440031, -0.4256142165678118983, 220.5158485532161023 ) ) ;
#2656 = FACE_OUTER_BOUND ( 'NONE', #5797, .T. ) ;
#2657 = CARTESIAN_POINT ( 'NONE',  ( 386.6666666647020634, 14.37424184543503181, 276.2848736422494653 ) ) ;
#2658 = CARTESIAN_POINT ( 'NONE',  ( 298.2370945548290138, 9.903712101858411998, 134.9050437939080211 ) ) ;
#2659 = VECTOR ( 'NONE', #3236, 1000.000000000000000 ) ;
#2660 = CARTESIAN_POINT ( 'NONE',  ( 295.2370945548290706, 13.75623014262336419, 264.4069360666574653 ) ) ;
#2661 = CARTESIAN_POINT ( 'NONE',  ( 323.8370945548290365, 0.000000000000000000, 105.0050425958546754 ) ) ;
#2662 = EDGE_CURVE ( 'NONE', #3802, #273, #3769, .T. ) ;
#2663 = ORIENTED_EDGE ( 'NONE', *, *, #3056, .T. ) ;
#2664 = CARTESIAN_POINT ( 'NONE',  ( 579.9999999970532372, -4.761979561952836448, 372.7162503368264197 ) ) ;
#2665 = LINE ( 'NONE', #1206, #2617 ) ;
#2666 = CARTESIAN_POINT ( 'NONE',  ( 324.7650420991415672, 11.19154867068571768, 241.4814282324416013 ) ) ;
#2667 = CARTESIAN_POINT ( 'NONE',  ( 300.0370945548290251, -4.196647499877946608, 139.4050437939080496 ) ) ;
#2668 = DIRECTION ( 'NONE',  ( -0.000000000000000000, -2.102695133789802685E-15, -1.000000000000000000 ) ) ;
#2669 = CARTESIAN_POINT ( 'NONE',  ( 300.9290294573754068, -5.193722696978039899, 237.3960833550655707 ) ) ;
#2670 = CARTESIAN_POINT ( 'NONE',  ( 295.2370945548289569, 1.760759992989373801, 220.3217155462888570 ) ) ;
#2671 = EDGE_CURVE ( 'NONE', #5598, #2707, #1428, .T. ) ;
#2672 = DIRECTION ( 'NONE',  ( 1.000000000000000000, -0.000000000000000000, -0.000000000000000000 ) ) ;
#2673 = AXIS2_PLACEMENT_3D ( 'NONE', #4912, #3032, #4475 ) ;
#2674 = UNCERTAINTY_MEASURE_WITH_UNIT (LENGTH_MEASURE( 1.000000000000000082E-05 ), #1080, 'distance_accuracy_value', 'NONE');
#2675 = CARTESIAN_POINT ( 'NONE',  ( 305.0370945548290251, -13.82245167504188998, 264.4069360666575221 ) ) ;
#2676 = ORIENTED_EDGE ( 'NONE', *, *, #2671, .F. ) ;
#2677 = CARTESIAN_POINT ( 'NONE',  ( 0.000000000000000000, -7.965129795698265625, 332.7649557612896274 ) ) ;
#2678 = AXIS2_PLACEMENT_3D ( 'NONE', #2076, #1627, #637 ) ;
#2679 = CARTESIAN_POINT ( 'NONE',  ( 324.2369733174278394, -1.488658410191053161, 224.3424577775300293 ) ) ;
#2680 = CARTESIAN_POINT ( 'NONE',  ( 294.1800607181302780, -1.000464901138157003, 219.5886011866832632 ) ) ;
#2681 = CARTESIAN_POINT ( 'NONE',  ( 333.4287446955351015, 7.920646514524785964, 236.5265268576659139 ) ) ;
#2682 = LINE ( 'NONE', #5079, #5497 ) ;
#2683 = CARTESIAN_POINT ( 'NONE',  ( 386.6666666647018928, 9.514594926166108024, 242.4372132912697566 ) ) ;
#2684 = CARTESIAN_POINT ( 'NONE',  ( 0.000000000000000000, -7.875199188317395738, 346.8394967070635175 ) ) ;
#2685 = CARTESIAN_POINT ( 'NONE',  ( 324.8370945548288091, 9.355334733369739197, 233.9119754071846273 ) ) ;
#2686 = CARTESIAN_POINT ( 'NONE',  ( 286.0669473216383949, -0.8535467972685742977, 220.2946862178895913 ) ) ;
#2687 = CARTESIAN_POINT ( 'NONE',  ( 579.9999999970528961, -2.452747206727057261E-11, 238.5133111311282619 ) ) ;
#2688 = CARTESIAN_POINT ( 'NONE',  ( 0.000000000000000000, 8.516251081602066009, 210.1672704940056065 ) ) ;
#2689 = CARTESIAN_POINT ( 'NONE',  ( 320.0370945548290251, -6.292000280473049934, 264.4069360666574653 ) ) ;
#2690 = CIRCLE ( 'NONE', #165, 5.000000000000000000 ) ;
#2691 = SURFACE_STYLE_FILL_AREA ( #3605 ) ;
#2692 = B_SPLINE_CURVE_WITH_KNOTS ( 'NONE', 3,
 ( #6078, #1649, #1705, #4085 ),
 .UNSPECIFIED., .F., .F.,
 ( 4, 4 ),
 ( 0.07458049493114647654, 0.07968410350417325094 ),
 .UNSPECIFIED. ) ;
#2693 = CARTESIAN_POINT ( 'NONE',  ( 320.0370945548290251, -14.49089815268829184, 277.4013611691079859 ) ) ;
#2694 = ORIENTED_EDGE ( 'NONE', *, *, #2990, .F. ) ;
#2695 = ORIENTED_EDGE ( 'NONE', *, *, #2146, .F. ) ;
#2696 = EDGE_CURVE ( 'NONE', #5608, #2086, #5009, .T. ) ;
#2697 = CARTESIAN_POINT ( 'NONE',  ( 0.000000000000000000, -7.452155228677345811, 421.6783925123604604 ) ) ;
#2698 = CARTESIAN_POINT ( 'NONE',  ( 290.8651905522658012, 11.04242926854182194, 245.0372149224600662 ) ) ;
#2699 = CARTESIAN_POINT ( 'NONE',  ( 324.8370945548289797, 9.864457953859245620, 238.8571362035657444 ) ) ;
#2700 = CARTESIAN_POINT ( 'NONE',  ( 332.3392732161386220, 4.229843710712346549, 227.6476932134025617 ) ) ;
#2701 = DIRECTION ( 'NONE',  ( 0.000000000000000000, 0.000000000000000000, -1.000000000000000000 ) ) ;
#2702 = EDGE_CURVE ( 'NONE', #5496, #899, #1686, .T. ) ;
#2703 = DIRECTION ( 'NONE',  ( 0.000000000000000000, -1.000000000000000000, 0.000000000000000000 ) ) ;
#2704 = CARTESIAN_POINT ( 'NONE',  ( 301.0370945548290820, -5.265027310295860907, 238.2496570668137963 ) ) ;
#2705 = ORIENTED_EDGE ( 'NONE', *, *, #2007, .T. ) ;
#2706 = CARTESIAN_POINT ( 'NONE',  ( 315.5095146163572508, -14.16731914033699091, 121.5188720610995432 ) ) ;
#2707 = VERTEX_POINT ( 'NONE', #5123 ) ;
#2708 = CARTESIAN_POINT ( 'NONE',  ( 0.000000000000000000, -8.046388690722883652, 318.6767041878472924 ) ) ;
#2709 = PRESENTATION_LAYER_ASSIGNMENT (  '', '', ( #5473 ) ) ;
#2710 = CARTESIAN_POINT ( 'NONE',  ( 328.8467373602063049, -3.642655220012656070, 234.6923085353826366 ) ) ;
#2711 = CARTESIAN_POINT ( 'NONE',  ( 305.0370945548290251, -14.43557005479212307, 233.4896450098064236 ) ) ;
#2712 = EDGE_CURVE ( 'NONE', #5656, #1750, #4093, .T. ) ;
#2713 = CARTESIAN_POINT ( 'NONE',  ( 193.3333333323510317, 9.316921043030340854, 226.5755206670815198 ) ) ;
#2714 = CARTESIAN_POINT ( 'NONE',  ( 324.2065929666799207, 0.4791942662515336626, 222.5449522144038781 ) ) ;
#2715 = CARTESIAN_POINT ( 'NONE',  ( 300.0370945548290251, -10.19372269766446060, 111.8776466577838988 ) ) ;
#2716 = CARTESIAN_POINT ( 'NONE',  ( 0.000000000000000000, -7.314032143735950342, 439.3289523860927375 ) ) ;
#2717 = CARTESIAN_POINT ( 'NONE',  ( 193.3333333323509748, -2.609256555373887121, 215.2307251790193448 ) ) ;
#2718 = CARTESIAN_POINT ( 'NONE',  ( 324.8370945548290933, 5.115362174065120726, 224.7961224291629492 ) ) ;
#2719 = CARTESIAN_POINT ( 'NONE',  ( 300.4131256667775460, -1.246954620321148788, 222.0657636911692236 ) ) ;
#2720 = CARTESIAN_POINT ( 'NONE',  ( 295.8986567180710949, -5.135394894204678984, 235.6355616798098538 ) ) ;
#2721 = CARTESIAN_POINT ( 'NONE',  ( 0.000000000000000000, 0.6651760188416218078, 199.5309203637108340 ) ) ;
#2722 = CARTESIAN_POINT ( 'NONE',  ( 324.8370945548290365, 10.80627730302191658, 238.5925586775150009 ) ) ;
#2723 = DIRECTION ( 'NONE',  ( 0.000000000000000000, 1.000000000000000000, 5.551115123125782702E-15 ) ) ;
#2724 = ORIENTED_EDGE ( 'NONE', *, *, #355, .F. ) ;
#2725 = VECTOR ( 'NONE', #5175, 1000.000000000000000 ) ;
#2726 = ORIENTED_EDGE ( 'NONE', *, *, #3184, .T. ) ;
#2727 = CARTESIAN_POINT ( 'NONE',  ( 579.9999999970530098, -4.725788449733828500, 379.3994230421292855 ) ) ;
#2728 = CARTESIAN_POINT ( 'NONE',  ( 300.4144581848115649, 7.614255396674032283, 233.0888250284620256 ) ) ;
#2729 = B_SPLINE_CURVE_WITH_KNOTS ( 'NONE', 3,
 ( #1527, #5411, #1041, #2988, #5502, #4523, #1134, #4045, #2090, #151, #5981, #1616, #3562, #624, #3081, #2569, #2862, #3375, #3825, #811, #1869, #2311 ),
 .UNSPECIFIED., .F., .F.,
 ( 4, 2, 2, 2, 2, 2, 2, 2, 2, 2, 4 ),
 ( 0.000000000000000000, 0.003394323098953346690, 0.006788646197906693380, 0.01018296929686004007, 0.01188013084633671342, 0.01272871162107505096, 0.01315300200844421799, 0.01336514720212880238, 0.01347121979897116309, 0.01352425609739237901, 0.01357729239581359493 ),
 .UNSPECIFIED. ) ;
#2730 = CARTESIAN_POINT ( 'NONE',  ( 320.0370945548290251, -14.49089815268829184, 264.4069360666574653 ) ) ;
#2731 = CARTESIAN_POINT ( 'NONE',  ( 301.8398363062834164, -14.04847270415075400, 120.9050377251001152 ) ) ;
#2732 = CARTESIAN_POINT ( 'NONE',  ( 320.0370945548293093, -15.22726973309380760, 181.3178163251322417 ) ) ;
#2733 = LINE ( 'NONE', #3730, #1903 ) ;
#2734 = CARTESIAN_POINT ( 'NONE',  ( 315.0370945548290251, -15.19372269697804789, 139.4050437939080211 ) ) ;
#2735 =( BOUNDED_SURFACE ( )  B_SPLINE_SURFACE ( 3, 2, ( 
 ( #1546, #455, #3360 ),
 ( #3461, #2884, #4325 ),
 ( #4360, #1454, #2845 ),
 ( #4793, #3845, #5778 ),
 ( #3882, #1927, #5815 ),
 ( #2916, #5011, #1153 ),
 ( #3040, #5520, #4007 ),
 ( #5940, #4485, #223 ),
 ( #6061, #1690, #4126 ),
 ( #6033, #4037, #4595 ),
 ( #2082, #113, #3522 ),
 ( #2055, #1576, #6003 ),
 ( #5069, #4513, #1181 ),
 ( #2615, #645, #1633 ),
 ( #5464, #3643, #4543 ),
 ( #1609, #1061, #2166 ),
 ( #3584, #3008, #1095 ),
 ( #5971, #700, #3614 ),
 ( #4950, #1125, #2643 ),
 ( #582, #2590, #5551 ),
 ( #2530, #2139, #3128 ),
 ( #4981, #4067, #616 ),
 ( #3074, #143, #4570 ),
 ( #671, #196, #170 ),
 ( #2560, #3554, #5493 ),
 ( #2111, #3103, #4096 ),
 ( #5039, #1662, #6087 ),
 ( #3305, #5287, #6275 ),
 ( #2791, #401, #3863 ),
 ( #4153, #4741, #1716 ),
 ( #3342, #727, #2826 ),
 ( #2897, #2670, #1365 ),
 ( #1326, #4841, #5216 ),
 ( #368, #3672, #3270 ),
 ( #1946, #2313, #6204 ),
 ( #5686, #5252, #917 ),
 ( #5795, #252, #1401 ),
 ( #470, #2348, #5723 ),
 ( #2194, #879, #2419 ),
 ( #3158, #2864, #4374 ),
 ( #4774, #4305, #845 ),
 ( #5097, #434, #4271 ),
 ( #6238, #1836, #3377 ),
 ( #5322, #4624, #3790 ),
 ( #1908, #1871, #3827 ),
 ( #5758, #4807, #2382 ),
 ( #4342, #4, #1436 ),
 ( #5577, #950, #1211 ) ),
 .UNSPECIFIED., .F., .F., .F. ) 
 B_SPLINE_SURFACE_WITH_KNOTS ( ( 4, 2, 2, 2, 2, 2, 2, 2, 2, 2, 2, 2, 2, 2, 2, 2, 2, 2, 2, 2, 2, 2, 2, 4 ),
 ( 3, 3 ),
 ( 2.775557561562891351E-17, 0.001826803831374395649, 0.002740205747061579596, 0.003196906704905171787, 0.003653607662748763543, 0.004567009578435947056, 0.005480411494123131437, 0.005937112451966724061, 0.006393813409810315818, 0.007307215325497499331, 0.007763916283341091087, 0.008220617241184682844, 0.008677318199028274601, 0.009134019156871866357, 0.009590720114715458114, 0.01004742107255904987, 0.01096082298824623512, 0.01278762681962060388, 0.01461443065099497091, 0.01644123448236933793, 0.01826803831374370496, 0.02192164597649244248, 0.02557525363924118000, 0.02922886130198991406 ),
 ( 0.000000000000000000, 1.000000000000000000 ),
 .UNSPECIFIED. ) 
 GEOMETRIC_REPRESENTATION_ITEM ( )  RATIONAL_B_SPLINE_SURFACE ( (
 ( 1.000000000000000000, 0.6999444063295592322, 1.000000000000000000),
 ( 1.000000000000000000, 0.6994029016160046019, 1.000000000000000000),
 ( 1.000000000000000000, 0.6989340439839502039, 1.000000000000000000),
 ( 1.000000000000000000, 0.6983686005874021330, 1.000000000000000000),
 ( 1.000000000000000000, 0.6982028884137950753, 1.000000000000000000),
 ( 1.000000000000000000, 0.6979894032999331976, 1.000000000000000000),
 ( 1.000000000000000000, 0.6979684053710665248, 1.000000000000000000),
 ( 1.000000000000000000, 0.6976227006026892719, 1.000000000000000000),
 ( 1.000000000000000000, 0.6973220400890635107, 1.000000000000000000),
 ( 1.000000000000000000, 0.6961144196203009615, 1.000000000000000000),
 ( 1.000000000000000000, 0.6948940606404832021, 1.000000000000000000),
 ( 1.000000000000000000, 0.6920025623010446214, 1.000000000000000000),
 ( 1.000000000000000000, 0.6903651438801783335, 1.000000000000000000),
 ( 1.000000000000000000, 0.6881413290830820095, 1.000000000000000000),
 ( 1.000000000000000000, 0.6874458228938268300, 1.000000000000000000),
 ( 1.000000000000000000, 0.6862141699023250885, 1.000000000000000000),
 ( 1.000000000000000000, 0.6856632397736539541, 1.000000000000000000),
 ( 1.000000000000000000, 0.6841780822488739977, 1.000000000000000000),
 ( 1.000000000000000000, 0.6833799701311688013, 1.000000000000000000),
 ( 1.000000000000000000, 0.6829432644332226188, 1.000000000000000000),
 ( 1.000000000000000000, 0.6829364475132595480, 1.000000000000000000),
 ( 1.000000000000000000, 0.6832516712936955727, 1.000000000000000000),
 ( 1.000000000000000000, 0.6835575784112555286, 1.000000000000000000),
 ( 1.000000000000000000, 0.6843367409291447601, 1.000000000000000000),
 ( 1.000000000000000000, 0.6848128564591483558, 1.000000000000000000),
 ( 1.000000000000000000, 0.6857678435999728928, 1.000000000000000000),
 ( 1.000000000000000000, 0.6862462692808565246, 1.000000000000000000),
 ( 1.000000000000000000, 0.6871059463601744133, 1.000000000000000000),
 ( 1.000000000000000000, 0.6874883347778391052, 1.000000000000000000),
 ( 1.000000000000000000, 0.6880890584106196251, 1.000000000000000000),
 ( 1.000000000000000000, 0.6882692823573883789, 1.000000000000000000),
 ( 1.000000000000000000, 0.6887453571443529210, 1.000000000000000000),
 ( 1.000000000000000000, 0.6890904270220008510, 1.000000000000000000),
 ( 1.000000000000000000, 0.6901804606104020579, 1.000000000000000000),
 ( 1.000000000000000000, 0.6909913480102494177, 1.000000000000000000),
 ( 1.000000000000000000, 0.6924365975226813852, 1.000000000000000000),
 ( 1.000000000000000000, 0.6930588428228966480, 1.000000000000000000),
 ( 1.000000000000000000, 0.6940856147211670324, 1.000000000000000000),
 ( 1.000000000000000000, 0.6944612776072291993, 1.000000000000000000),
 ( 1.000000000000000000, 0.6951674966645926546, 1.000000000000000000),
 ( 1.000000000000000000, 0.6954959662941533338, 1.000000000000000000),
 ( 1.000000000000000000, 0.6963941463084950545, 1.000000000000000000),
 ( 1.000000000000000000, 0.6968630827541896222, 1.000000000000000000),
 ( 1.000000000000000000, 0.6976938734086352012, 1.000000000000000000),
 ( 1.000000000000000000, 0.6980315762180434591, 1.000000000000000000),
 ( 1.000000000000000000, 0.6986290550107644437, 1.000000000000000000),
 ( 1.000000000000000000, 0.6988959392621991729, 1.000000000000000000),
 ( 1.000000000000000000, 0.6991312035302258421, 1.000000000000000000) ) ) 
 REPRESENTATION_ITEM ( '' )  SURFACE ( )  );
#2736 = ORIENTED_EDGE ( 'NONE', *, *, #5168, .F. ) ;
#2737 = CARTESIAN_POINT ( 'NONE',  ( 315.0370945548290820, -14.19372269697795019, 121.6513886218940712 ) ) ;
#2738 = VECTOR ( 'NONE', #4666, 1000.000000000000000 ) ;
#2739 = AXIS2_PLACEMENT_3D ( 'NONE', #968, #4792, #22 ) ;
#2740 = DIRECTION ( 'NONE',  ( 0.000000000000000000, 1.000000000000000000, 0.000000000000000000 ) ) ;
#2741 = EDGE_LOOP ( 'NONE', ( #5128, #6251, #1174, #817 ) ) ;
#2742 = CARTESIAN_POINT ( 'NONE',  ( 193.3333333323509748, -4.547455531547243801, 222.5893264324144809 ) ) ;
#2743 = CARTESIAN_POINT ( 'NONE',  ( 324.2522926006369630, -3.863339303852193485, 236.3302268253351315 ) ) ;
#2744 = CARTESIAN_POINT ( 'NONE',  ( 292.8286497542605389, -3.004858673854000184, 227.6019524484526926 ) ) ;
#2745 = CARTESIAN_POINT ( 'NONE',  ( 328.8295159546256627, 6.340985593009630605, 231.8294137482485553 ) ) ;
#2746 = CARTESIAN_POINT ( 'NONE',  ( 386.6666666647022339, 10.87555325742401635, 247.9818409266538879 ) ) ;
#2747 = CARTESIAN_POINT ( 'NONE',  ( 324.2095433112161800, 0.8243511275321946385, 222.8080890346192291 ) ) ;
#2748 = CARTESIAN_POINT ( 'NONE',  ( 193.3333333323510317, 3.194756911386668286, 389.6578644352153447 ) ) ;
#2749 = CARTESIAN_POINT ( 'NONE',  ( 317.8370945548290933, -3.296287826616013827, 110.5050442647847575 ) ) ;
#2750 = CARTESIAN_POINT ( 'NONE',  ( 325.7746637509919196, -0.6231051796289019951, 221.5376713142807432 ) ) ;
#2751 = CARTESIAN_POINT ( 'NONE',  ( 295.6226324453780308, -0.8412385832563761268, 220.9300740015349902 ) ) ;
#2752 = DIRECTION ( 'NONE',  ( 0.000000000000000000, 1.000000000000000000, 0.000000000000000000 ) ) ;
#2753 = CARTESIAN_POINT ( 'NONE',  ( 0.000000000000000000, -1.685681154134503368, 431.6634505495804319 ) ) ;
#2754 = CARTESIAN_POINT ( 'NONE',  ( 325.0796922723047260, -4.775479298718645182, 235.5067366105080282 ) ) ;
#2755 = DIRECTION ( 'NONE',  ( 0.000000000000000000, 1.000000000000000000, 0.000000000000000000 ) ) ;
#2756 = CARTESIAN_POINT ( 'NONE',  ( 303.4309099402047991, -14.56043116332961063, 264.4069360666574084 ) ) ;
#2757 = EDGE_CURVE ( 'NONE', #3242, #159, #3857, .T. ) ;
#2758 = CARTESIAN_POINT ( 'NONE',  ( 317.8370945548290933, -3.296287826616013827, 134.9050437939080496 ) ) ;
#2759 = EDGE_LOOP ( 'NONE', ( #638, #5330, #5311, #2768, #3208, #1090 ) ) ;
#2760 = CARTESIAN_POINT ( 'NONE',  ( 193.3333333323509748, -3.397287876363841441E-11, 212.5133111311279777 ) ) ;
#2761 = CARTESIAN_POINT ( 'NONE',  ( 290.8514838764269257, 5.025219845388050999, 226.1762350962844437 ) ) ;
#2762 = CARTESIAN_POINT ( 'NONE',  ( 324.2726035807883704, 11.70760986088775368, 245.9256407209620932 ) ) ;
#2763 = ORIENTED_EDGE ( 'NONE', *, *, #1888, .T. ) ;
#2764 = CARTESIAN_POINT ( 'NONE',  ( 319.0370945548290820, -10.24079402797254268, 191.8034132222279879 ) ) ;
#2765 = DIRECTION ( 'NONE',  ( 1.000000000000000000, -0.000000000000000000, -0.000000000000000000 ) ) ;
#2766 = CARTESIAN_POINT ( 'NONE',  ( 296.2370945548290138, 3.303712137621199751, 120.2115227970842426 ) ) ;
#2767 = CARTESIAN_POINT ( 'NONE',  ( 310.0370945548287978, -6.347919574153186417, 264.4069360705271379 ) ) ;
#2768 = ORIENTED_EDGE ( 'NONE', *, *, #4434, .T. ) ;
#2769 = CARTESIAN_POINT ( 'NONE',  ( 323.9243587333998562, 11.80296751921679466, 246.7897862469699248 ) ) ;
#2770 = VECTOR ( 'NONE', #131, 1000.000000000000000 ) ;
#2771 = CARTESIAN_POINT ( 'NONE',  ( 324.8370945548288091, -1.422515742128029226, 220.8083646039621044 ) ) ;
#2772 = EDGE_LOOP ( 'NONE', ( #4583, #2663, #1563, #3761 ) ) ;
#2773 = CARTESIAN_POINT ( 'NONE',  ( 193.3333333323510317, -7.123187505558254529, 304.9108520061777199 ) ) ;
#2774 = CIRCLE ( 'NONE', #49, 1.000000000000000000 ) ;
#2775 = CARTESIAN_POINT ( 'NONE',  ( 328.8493698551617399, -4.348348353584046144, 242.2873668902154520 ) ) ;
#2776 = CARTESIAN_POINT ( 'NONE',  ( 291.6987477079442215, -1.490658463256284039, 222.0656481832492659 ) ) ;
#2777 = CARTESIAN_POINT ( 'NONE',  ( 324.2308258453823555, 5.221918410923835907, 228.9768321335049279 ) ) ;
#2778 = CARTESIAN_POINT ( 'NONE',  ( 579.9999999970531235, 7.615257880408826452, 334.9895548652660864 ) ) ;
#2779 = ADVANCED_FACE ( 'NONE', ( #724 ), #4593, .T. ) ;
#2780 = CARTESIAN_POINT ( 'NONE',  ( 319.6058242391077329, 0.1997099727557265503, 222.0719289324133001 ) ) ;
#2781 = CARTESIAN_POINT ( 'NONE',  ( 579.9999999970530098, -2.772280013143109123, 395.1761131678124457 ) ) ;
#2782 = CARTESIAN_POINT ( 'NONE',  ( 298.7704603858190922, -5.193722696978042563, 237.1832490785016887 ) ) ;
#2783 = CARTESIAN_POINT ( 'NONE',  ( 324.8370945548289797, 1.888669051233940799, 222.4360284875106402 ) ) ;
#2784 = CARTESIAN_POINT ( 'NONE',  ( 290.8425750024712784, -0.7991379271016766372, 220.5429483015114442 ) ) ;
#2785 = CARTESIAN_POINT ( 'NONE',  ( 0.000000000000000000, 12.58377223271067891, 221.8964532117458361 ) ) ;
#2786 = CARTESIAN_POINT ( 'NONE',  ( 0.000000000000000000, 12.00859590623730000, 351.6479129724376662 ) ) ;
#2787 = CARTESIAN_POINT ( 'NONE',  ( 324.0670681703452942, -5.183636643960307211, 239.6399273932372012 ) ) ;
#2788 = CARTESIAN_POINT ( 'NONE',  ( 333.5022052977728322, -0.2405087048064090682, 221.9495480824299136 ) ) ;
#2789 = CARTESIAN_POINT ( 'NONE',  ( 0.000000000000000000, 0.6651760188416218078, 199.5309203637108340 ) ) ;
#2790 = CARTESIAN_POINT ( 'NONE',  ( 193.3333333323510885, 13.87615993987009766, 323.4795464500552384 ) ) ;
#2791 = CARTESIAN_POINT ( 'NONE',  ( 295.2370945548292980, 1.728304995248164611, 218.9513475553735020 ) ) ;
#2792 = CARTESIAN_POINT ( 'NONE',  ( 286.8401305287177934, 3.493010882433315700, 223.2634157906445012 ) ) ;
#2793 = EDGE_LOOP ( 'NONE', ( #5458, #4547, #887, #521, #5481, #2198 ) ) ;
#2794 = CARTESIAN_POINT ( 'NONE',  ( 386.6666666647020634, -3.190613515628904828, 230.4749220973889692 ) ) ;
#2795 = CARTESIAN_POINT ( 'NONE',  ( 300.4085065840463358, 5.402458095282320905, 227.6458706280384945 ) ) ;
#2796 = CARTESIAN_POINT ( 'NONE',  ( 324.7214517372636919, -4.663400561891543283, 230.7904344111842931 ) ) ;
#2797 = ORIENTED_EDGE ( 'NONE', *, *, #5548, .T. ) ;
#2798 = CARTESIAN_POINT ( 'NONE',  ( 303.9971453686169980, -15.09118294901566770, 128.7964380384667322 ) ) ;
#2799 = CARTESIAN_POINT ( 'NONE',  ( 295.8573923629676869, -5.164675867501508755, 236.6270993501504734 ) ) ;
#2800 = ADVANCED_FACE ( 'NONE', ( #4065 ), #6001, .T. ) ;
#2801 = CARTESIAN_POINT ( 'NONE',  ( 319.0370945548290820, -10.22698111905149432, 181.0737300269718162 ) ) ;
#2802 = CARTESIAN_POINT ( 'NONE',  ( 301.8594964499375806, -12.26590302213994477, 264.4069360666574653 ) ) ;
#2803 = ORIENTED_EDGE ( 'NONE', *, *, #2182, .F. ) ;
#2804 = DIRECTION ( 'NONE',  ( 1.000000000000000000, 0.000000000000000000, 0.000000000000000000 ) ) ;
#2805 = CARTESIAN_POINT ( 'NONE',  ( 302.2647113546698847, -13.08503202940449661, 117.3699857699736526 ) ) ;
#2806 = CARTESIAN_POINT ( 'NONE',  ( 324.8370945548289228, -2.438161639415771909, 221.7806528241733020 ) ) ;
#2807 = VERTEX_POINT ( 'NONE', #3125 ) ;
#2808 = CARTESIAN_POINT ( 'NONE',  ( 579.9999999970530098, -3.284290047907533872, 245.7904700933225968 ) ) ;
#2809 = CARTESIAN_POINT ( 'NONE',  ( 319.6530791610910001, -2.959414384052473146, 229.4418011271546334 ) ) ;
#2810 = ORIENTED_EDGE ( 'NONE', *, *, #4226, .F. ) ;
#2811 = CARTESIAN_POINT ( 'NONE',  ( 328.8305013016097860, 6.696588892887959332, 232.7008260515652296 ) ) ;
#2812 = VECTOR ( 'NONE', #4436, 1000.000000000000000 ) ;
#2813 = CARTESIAN_POINT ( 'NONE',  ( 579.9999999970532372, 5.400585436222888447, 245.2695254820144157 ) ) ;
#2814 = ADVANCED_FACE ( 'NONE', ( #6030 ), #751, .F. ) ;
#2815 = ADVANCED_FACE ( 'NONE', ( #818 ), #6146, .T. ) ;
#2816 = CARTESIAN_POINT ( 'NONE',  ( 319.6009094651643636, 0.02993147754577306710, 222.0119085888789527 ) ) ;
#2817 = CARTESIAN_POINT ( 'NONE',  ( 193.3333333323510885, -0.06398327331131900553, 408.2906831791809736 ) ) ;
#2818 = CARTESIAN_POINT ( 'NONE',  ( 296.2370945548290706, -5.193722696978042563, 236.9345085788743290 ) ) ;
#2819 = CARTESIAN_POINT ( 'NONE',  ( 325.7863016342033120, 1.856677555208053443, 222.4722030597359321 ) ) ;
#2820 = CARTESIAN_POINT ( 'NONE',  ( 386.6666666647022339, 10.87555325742401635, 247.9818409266538879 ) ) ;
#2821 = CARTESIAN_POINT ( 'NONE',  ( 386.6666666647018928, 4.294679108437772008, 369.1716850739566667 ) ) ;
#2822 = DIRECTION ( 'NONE',  ( 0.000000000000000000, 0.000000000000000000, -1.000000000000000000 ) ) ;
#2823 = CARTESIAN_POINT ( 'NONE',  ( 333.1971096228803617, -1.949259211707968564, 223.4444586295074373 ) ) ;
#2824 = CARTESIAN_POINT ( 'NONE',  ( 300.0694676804594110, -10.47839674518490582, 264.4069360666575221 ) ) ;
#2825 = CARTESIAN_POINT ( 'NONE',  ( 193.3333333323510885, 6.835746929844915165, 368.5446127025542182 ) ) ;
#2826 = CARTESIAN_POINT ( 'NONE',  ( 294.1845237145297460, 1.466200210943239046, 220.0092078012417574 ) ) ;
#2827 = CARTESIAN_POINT ( 'NONE',  ( 296.2370945548290706, 11.80627730302191658, 244.2608682785287044 ) ) ;
#2828 = EDGE_LOOP ( 'NONE', ( #48, #5163, #4677, #2564 ) ) ;
#2829 = CARTESIAN_POINT ( 'NONE',  ( 299.2370945548290138, -1.696287862378802691, 104.0050425958546754 ) ) ;
#2830 = CARTESIAN_POINT ( 'NONE',  ( 286.0850493233956513, 9.734663377505844650, 238.9558841971962124 ) ) ;
#2831 = CARTESIAN_POINT ( 'NONE',  ( 305.0370945548290251, -15.24118744176481499, 212.3267399878976391 ) ) ;
#2832 = ORIENTED_EDGE ( 'NONE', *, *, #4968, .T. ) ;
#2833 = DIRECTION ( 'NONE',  ( 0.000000000000000000, 1.000000000000000000, -0.000000000000000000 ) ) ;
#2834 = CARTESIAN_POINT ( 'NONE',  ( 296.1041157108348330, -5.184998923939070359, 236.7173118745274678 ) ) ;
#2835 = DIRECTION ( 'NONE',  ( -0.000000000000000000, 0.000000000000000000, -1.000000000000000000 ) ) ;
#2836 = CIRCLE ( 'NONE', #1709, 3.000000000000002665 ) ;
#2837 = CARTESIAN_POINT ( 'NONE',  ( 301.0370945548290251, -9.821662852354307915, 264.4069360666574084 ) ) ;
#2838 = ORIENTED_EDGE ( 'NONE', *, *, #6091, .T. ) ;
#2839 = CARTESIAN_POINT ( 'NONE',  ( 305.0370945548289683, -14.19372269697804612, 139.4050437939080496 ) ) ;
#2840 = EDGE_CURVE ( 'NONE', #3435, #2482, #2939, .T. ) ;
#2841 = SPHERICAL_SURFACE ( 'NONE', #2448, 1.000000000000000000 ) ;
#2842 = CARTESIAN_POINT ( 'NONE',  ( 324.8370945548289797, -3.413378223738563921, 223.8922625776682196 ) ) ;
#2843 = ORIENTED_EDGE ( 'NONE', *, *, #2840, .F. ) ;
#2844 = CARTESIAN_POINT ( 'NONE',  ( 320.0370945548290251, -5.193722696978042563, 139.4050437939080780 ) ) ;
#2845 = CARTESIAN_POINT ( 'NONE',  ( 294.2141118663185466, -2.884692336257194345, 223.1359934083249641 ) ) ;
#2846 = CARTESIAN_POINT ( 'NONE',  ( 298.4740833916545171, -5.205366962634916383, 255.2634992414026271 ) ) ;
#2847 = CARTESIAN_POINT ( 'NONE',  ( 328.8113539816678212, 2.035742706336680197, 224.2445276396676093 ) ) ;
#2848 = VECTOR ( 'NONE', #5587, 1000.000000000000000 ) ;
#2849 = CARTESIAN_POINT ( 'NONE',  ( 193.3333333323509464, 15.18647217929100890, 312.4160318443855999 ) ) ;
#2850 = AXIS2_PLACEMENT_3D ( 'NONE', #4357, #1923, #5193 ) ;
#2851 = ORIENTED_EDGE ( 'NONE', *, *, #2608, .T. ) ;
#2852 = CARTESIAN_POINT ( 'NONE',  ( 324.2099380761155771, 0.9136317363926593771, 222.8817683719051956 ) ) ;
#2853 = CARTESIAN_POINT ( 'NONE',  ( 579.9999999970527824, -1.068975656530539498, 385.7314532393304489 ) ) ;
#2854 = LINE ( 'NONE', #463, #4664 ) ;
#2855 = CARTESIAN_POINT ( 'NONE',  ( 324.8370945548073223, 0.2180058128429598896, 221.3768143144999101 ) ) ;
#2856 = EDGE_CURVE ( 'NONE', #5487, #4478, #4180, .T. ) ;
#2857 = EDGE_CURVE ( 'NONE', #1055, #780, #1177, .T. ) ;
#2858 = CARTESIAN_POINT ( 'NONE',  ( 0.000000000000000000, 8.516251081602066009, 210.1672704940056065 ) ) ;
#2859 = CARTESIAN_POINT ( 'NONE',  ( 579.9999999970532372, 4.936953304096522999, 351.2031543540123835 ) ) ;
#2860 = CARTESIAN_POINT ( 'NONE',  ( 324.8370945548287523, 2.040333869825326829, 221.3221698082983835 ) ) ;
#2861 = CARTESIAN_POINT ( 'NONE',  ( 319.7340254802987829, -30.00000000000000000, 264.4069360666574653 ) ) ;
#2862 = CARTESIAN_POINT ( 'NONE',  ( 323.9347535916904803, -5.189104019596079809, 239.6042685670491608 ) ) ;
#2863 = CARTESIAN_POINT ( 'NONE',  ( 0.000000000000000000, -4.371643211507932669, 446.5568535484148924 ) ) ;
#2864 = CARTESIAN_POINT ( 'NONE',  ( 295.2370945548460099, 5.533150854390576079, 225.3211908157275332 ) ) ;
#2865 = CARTESIAN_POINT ( 'NONE',  ( 286.2952140879593799, -1.035608502672929365, 220.5934292860741550 ) ) ;
#2866 = ORIENTED_EDGE ( 'NONE', *, *, #1117, .T. ) ;
#2867 = CARTESIAN_POINT ( 'NONE',  ( 193.3333333323510317, -3.705220741270887075, 218.2751697116970888 ) ) ;
#2868 = CARTESIAN_POINT ( 'NONE',  ( 300.4137311314603949, 7.290505269920607212, 232.1585393924239895 ) ) ;
#2869 = CARTESIAN_POINT ( 'NONE',  ( 325.4872611214866538, -4.321666545389540204, 232.0785758965622279 ) ) ;
#2870 = ORIENTED_EDGE ( 'NONE', *, *, #1688, .F. ) ;
#2871 = CARTESIAN_POINT ( 'NONE',  ( 303.2557493216903026, -14.87278190310817116, 126.1570710182158308 ) ) ;
#2872 = CARTESIAN_POINT ( 'NONE',  ( 296.1555471599713769, -5.197849901886301360, 237.0177074770278693 ) ) ;
#2873 = CARTESIAN_POINT ( 'NONE',  ( 319.3849623103901649, -12.66943558062424025, 116.2208715103277399 ) ) ;
#2874 = ADVANCED_FACE ( 'NONE', ( #1745 ), #2968, .T. ) ;
#2875 = CARTESIAN_POINT ( 'NONE',  ( 314.8370945548289797, 0.000000000000000000, 0.000000000000000000 ) ) ;
#2876 = ORIENTED_EDGE ( 'NONE', *, *, #4060, .F. ) ;
#2877 = LINE ( 'NONE', #5301, #639 ) ;
#2878 = VECTOR ( 'NONE', #4052, 1000.000000000000000 ) ;
#2879 = DIRECTION ( 'NONE',  ( 0.000000000000000000, 0.000000000000000000, 1.000000000000000000 ) ) ;
#2880 = CARTESIAN_POINT ( 'NONE',  ( 301.0370945548290251, -14.49089815268829184, 264.4069360666574653 ) ) ;
#2881 = ORIENTED_EDGE ( 'NONE', *, *, #1601, .T. ) ;
#2882 = DIRECTION ( 'NONE',  ( 1.000000000000000000, 0.000000000000000000, 0.000000000000000000 ) ) ;
#2883 = AXIS2_PLACEMENT_3D ( 'NONE', #4154, #1212, #144 ) ;
#2884 = CARTESIAN_POINT ( 'NONE',  ( 295.2370945547951919, -3.049060518858630608, 223.6992583192092923 ) ) ;
#2885 = EDGE_LOOP ( 'NONE', ( #3995, #1780, #1403, #198, #2636, #5182 ) ) ;
#2886 = CARTESIAN_POINT ( 'NONE',  ( 319.6389560113104267, 6.394135959926160240, 231.2832964510228635 ) ) ;
#2887 = CARTESIAN_POINT ( 'NONE',  ( 0.000000000000000000, -6.846324879718627798, 456.3122647871372806 ) ) ;
#2888 = VERTEX_POINT ( 'NONE', #1953 ) ;
#2889 = CARTESIAN_POINT ( 'NONE',  ( 333.4005129227145403, -0.5402877975279500866, 223.1575536823367258 ) ) ;
#2890 = CARTESIAN_POINT ( 'NONE',  ( 0.000000000000000000, -8.063096244697373294, 265.5213890302030109 ) ) ;
#2891 = CARTESIAN_POINT ( 'NONE',  ( 305.4192174704946297, 11.82746875265893571, 245.3038952506966268 ) ) ;
#2892 = CARTESIAN_POINT ( 'NONE',  ( 324.8370945548289228, -0.5449411456677667465, 220.4712378651010454 ) ) ;
#2893 = CARTESIAN_POINT ( 'NONE',  ( 0.000000000000000000, 17.29567669399768093, 313.2912272862357668 ) ) ;
#2894 = CARTESIAN_POINT ( 'NONE',  ( 295.9844813999728217, 11.77430492616271174, 243.9143285322188888 ) ) ;
#2895 = LINE ( 'NONE', #3721, #3832 ) ;
#2896 = CARTESIAN_POINT ( 'NONE',  ( 579.9999999970528961, 10.96806314987765596, 310.6656409606852094 ) ) ;
#2897 = CARTESIAN_POINT ( 'NONE',  ( 295.2370945548289569, 2.447186402942795880, 219.5233534009819323 ) ) ;
#2898 = CARTESIAN_POINT ( 'NONE',  ( 286.2069780907825702, 0.7269308689609494945, 220.1610897491137564 ) ) ;
#2899 = VERTEX_POINT ( 'NONE', #3905 ) ;
#2900 = DIRECTION ( 'NONE',  ( 0.000000000000000000, -0.000000000000000000, -1.000000000000000000 ) ) ;
#2901 = CARTESIAN_POINT ( 'NONE',  ( 295.6049662026345004, 0.4239030381000150616, 220.5802478492769012 ) ) ;
#2902 = ORIENTED_EDGE ( 'NONE', *, *, #3741, .F. ) ;
#2903 = DIRECTION ( 'NONE',  ( -1.000000000000000000, 0.000000000000000000, 0.000000000000000000 ) ) ;
#2904 = CARTESIAN_POINT ( 'NONE',  ( 307.0378617464087938, -5.193722696978041675, 237.9990987242102278 ) ) ;
#2905 = CARTESIAN_POINT ( 'NONE',  ( 295.2333140918795493, -4.625060427250312856, 231.6916399781031259 ) ) ;
#2906 = CARTESIAN_POINT ( 'NONE',  ( 319.6477372818443996, -12.13857130969176445, 114.9750281826150342 ) ) ;
#2907 = CARTESIAN_POINT ( 'NONE',  ( 305.0370945548290251, -13.82245167504188998, 264.4069360666575221 ) ) ;
#2908 = ORIENTED_EDGE ( 'NONE', *, *, #1939, .F. ) ;
#2909 = CARTESIAN_POINT ( 'NONE',  ( 301.0370945548290251, -5.195061293564497973, 237.4667570965585810 ) ) ;
#2910 = CARTESIAN_POINT ( 'NONE',  ( 300.4324744576921944, -4.781392323084275198, 245.2206605780016844 ) ) ;
#2911 = EDGE_CURVE ( 'NONE', #2967, #5514, #5825, .T. ) ;
#2912 = CARTESIAN_POINT ( 'NONE',  ( 304.1744213353520081, -14.10433340639720790, 121.2102124778231627 ) ) ;
#2913 = CARTESIAN_POINT ( 'NONE',  ( 326.3274824663315030, -5.092711552023678756, 257.1043198990339533 ) ) ;
#2914 = DIRECTION ( 'NONE',  ( -1.000000000000000000, 0.000000000000000000, 0.000000000000000000 ) ) ;
#2915 = VECTOR ( 'NONE', #843, 1000.000000000000000 ) ;
#2916 = CARTESIAN_POINT ( 'NONE',  ( 295.2370945548289001, -3.244749324213406894, 221.2417280411510774 ) ) ;
#2917 = CARTESIAN_POINT ( 'NONE',  ( 291.3089833561097066, 0.1793111412469082233, 220.1558772871602514 ) ) ;
#2918 = CARTESIAN_POINT ( 'NONE',  ( 193.3333333323510885, -6.108416584304056762, 434.0147561491482975 ) ) ;
#2919 = CARTESIAN_POINT ( 'NONE',  ( 290.8302509305219701, -0.5419428373289514322, 220.2823701076557370 ) ) ;
#2920 = VERTEX_POINT ( 'NONE', #506 ) ;
#2921 = EDGE_CURVE ( 'NONE', #2268, #3851, #3997, .T. ) ;
#2922 = CARTESIAN_POINT ( 'NONE',  ( 324.1950335777416967, -0.01603596312913375607, 222.3146852759712715 ) ) ;
#2923 = CARTESIAN_POINT ( 'NONE',  ( 579.9999999970532372, -4.761979561952836448, 372.7162503368264197 ) ) ;
#2924 = CARTESIAN_POINT ( 'NONE',  ( 327.8071145228774981, -1.586348616596556349, 224.8503413640350743 ) ) ;
#2925 = CARTESIAN_POINT ( 'NONE',  ( 300.0370945548290251, -5.403532392532980566, 264.4069360666574653 ) ) ;
#2926 = CARTESIAN_POINT ( 'NONE',  ( 386.6666666647022339, -4.983285286627484822, 421.1448889319453883 ) ) ;
#2927 = FACE_OUTER_BOUND ( 'NONE', #3806, .T. ) ;
#2928 = CARTESIAN_POINT ( 'NONE',  ( 579.9999999970530098, 0.4218217482621807735, 238.5244780359223853 ) ) ;
#2929 = CARTESIAN_POINT ( 'NONE',  ( 0.000000000000000000, -0.07286972220746454343, 422.4816273383034968 ) ) ;
#2930 = VECTOR ( 'NONE', #5035, 1000.000000000000000 ) ;
#2931 = CARTESIAN_POINT ( 'NONE',  ( 323.8370945548290365, 10.80627730302193612, 105.0050425958546754 ) ) ;
#2932 = ORIENTED_EDGE ( 'NONE', *, *, #712, .F. ) ;
#2933 =( NAMED_UNIT ( * ) SI_UNIT ( $, .STERADIAN. ) SOLID_ANGLE_UNIT ( ) );
#2934 = CARTESIAN_POINT ( 'NONE',  ( 295.6241161311016867, 3.553277513759489192, 223.9388401305365051 ) ) ;
#2935 = EDGE_LOOP ( 'NONE', ( #5642, #2810, #3498, #1231 ) ) ;
#2936 = LINE ( 'NONE', #4413, #290 ) ;
#2937 = CARTESIAN_POINT ( 'NONE',  ( 297.5055079332380501, -5.197816702037793668, 237.1497162297428929 ) ) ;
#2938 = CARTESIAN_POINT ( 'NONE',  ( 295.7514687928660919, -5.085949552399554818, 235.7931338172161304 ) ) ;
#2939 = B_SPLINE_CURVE_WITH_KNOTS ( 'NONE', 3,
 ( #4683, #5661, #2358, #4715 ),
 .UNSPECIFIED., .F., .F.,
 ( 4, 4 ),
 ( 0.7456553567484979217, 1.000000000000000000 ),
 .UNSPECIFIED. ) ;
#2940 = DIRECTION ( 'NONE',  ( -1.000000000000000000, 0.000000000000000000, 0.000000000000000000 ) ) ;
#2941 = CARTESIAN_POINT ( 'NONE',  ( 300.0370945548290820, -5.523639827292885940, 241.2771138875919519 ) ) ;
#2942 = ORIENTED_EDGE ( 'NONE', *, *, #4046, .F. ) ;
#2943 = ADVANCED_FACE ( 'NONE', ( #1509 ), #1205, .F. ) ;
#2944 = CARTESIAN_POINT ( 'NONE',  ( 303.2608793011925741, -13.77963550013942928, 119.7849645874305509 ) ) ;
#2945 = CARTESIAN_POINT ( 'NONE',  ( 333.2694057460744830, -0.4705678279670724162, 223.0902214312443732 ) ) ;
#2946 = DIRECTION ( 'NONE',  ( 1.000000000000000000, -0.000000000000000000, -0.000000000000000000 ) ) ;
#2947 = CARTESIAN_POINT ( 'NONE',  ( 295.2370945548290706, -6.430452326606911129, 264.4069360666574653 ) ) ;
#2948 = CARTESIAN_POINT ( 'NONE',  ( 292.3597611170401933, 4.491620327993604000, 225.3044876632423836 ) ) ;
#2949 = CARTESIAN_POINT ( 'NONE',  ( 579.9999999970532372, -1.969755189242207161, 390.8208460070080719 ) ) ;
#2950 = B_SPLINE_CURVE_WITH_KNOTS ( 'NONE', 3,
 ( #539, #1115, #3998, #1625, #3514, #73, #5454, #1599, #4971, #605, #2551, #5932, #3000, #5392, #2075, #3969, #5484, #4028, #571, #3453 ),
 .UNSPECIFIED., .F., .F.,
 ( 4, 2, 2, 2, 2, 2, 2, 2, 2, 4 ),
 ( 5.711595155822944572E-17, 0.001652912852629320533, 0.003305825705258584254, 0.006611651410517111263, 0.009917477115775638272, 0.01157038996840490178, 0.01239684639471955348, 0.01281007460787694958, 0.01301668871445564590, 0.01322330282103434222 ),
 .UNSPECIFIED. ) ;
#2951 = CARTESIAN_POINT ( 'NONE',  ( 290.8597286241257507, -1.755085353958071970, 222.7083744052077066 ) ) ;
#2952 = ORIENTED_EDGE ( 'NONE', *, *, #2650, .T. ) ;
#2953 = CARTESIAN_POINT ( 'NONE',  ( 328.7903843017650161, -0.06891977133450181980, 222.6242309064841720 ) ) ;
#2954 = CARTESIAN_POINT ( 'NONE',  ( 0.000000000000000000, -7.786271839968238240, 360.7297558856265027 ) ) ;
#2955 = EDGE_CURVE ( 'NONE', #6293, #2086, #3014, .T. ) ;
#2956 = CARTESIAN_POINT ( 'NONE',  ( 327.5104236157129662, 3.633378072697835748, 226.3040701541866895 ) ) ;
#2957 = CARTESIAN_POINT ( 'NONE',  ( 325.7957435748414241, -1.549838598102989184, 222.2591280693699787 ) ) ;
#2958 = CARTESIAN_POINT ( 'NONE',  ( 193.3333333323511170, -5.787028705682168983, 439.6978874405062356 ) ) ;
#2959 = ADVANCED_FACE ( 'NONE', ( #6283 ), #5902, .F. ) ;
#2960 = CARTESIAN_POINT ( 'NONE',  ( 301.0370945545381574, -14.24079400430374598, 191.7997369703501249 ) ) ;
#2961 = DIRECTION ( 'NONE',  ( -1.000000000000000000, 0.000000000000000000, 0.000000000000000000 ) ) ;
#2962 = CARTESIAN_POINT ( 'NONE',  ( 0.000000000000000000, -6.590772124736852255, 458.2508859490670829 ) ) ;
#2963 = CARTESIAN_POINT ( 'NONE',  ( 295.9431663377985728, 11.76411167248237710, 243.8115521536581980 ) ) ;
#2964 = ORIENTED_EDGE ( 'NONE', *, *, #1081, .F. ) ;
#2965 = DIRECTION ( 'NONE',  ( 0.000000000000000000, 1.000000000000000000, 6.938893903907228378E-15 ) ) ;
#2966 = CARTESIAN_POINT ( 'NONE',  ( 300.3828087645043752, 0.4203367520940718971, 220.9002359414953105 ) ) ;
#2967 = VERTEX_POINT ( 'NONE', #5391 ) ;
#2968 =( BOUNDED_SURFACE ( )  B_SPLINE_SURFACE ( 3, 2, ( 
 ( #6178, #3698, #3762 ),
 ( #5694, #1333, #4749 ),
 ( #3277, #375, #5225 ),
 ( #852, #1984, #4851 ),
 ( #1536, #2427, #570 ),
 ( #478, #2488, #4382 ),
 ( #3871, #2520, #958 ),
 ( #5421, #4939, #1086 ),
 ( #1022, #4816, #5803 ),
 ( #3422, #4474, #1051 ),
 ( #2045, #4883, #2999 ),
 ( #1444, #5872, #13 ) ),
 .UNSPECIFIED., .F., .F., .F. ) 
 B_SPLINE_SURFACE_WITH_KNOTS ( ( 4, 2, 2, 2, 2, 4 ),
 ( 3, 3 ),
 ( 0.06882148034297666528, 0.08510900558853234932, 0.1013965308340880334, 0.1339715813251994014, 0.1665466318163107695, 0.1991216823074221376 ),
 ( 0.000000000000000000, 1.000000000000000000 ),
 .UNSPECIFIED. ) 
 GEOMETRIC_REPRESENTATION_ITEM ( )  RATIONAL_B_SPLINE_SURFACE ( (
 ( 1.000000000000000000, 0.7071067811865475727, 1.000000000000000000),
 ( 1.000000000000000000, 0.7071067811865475727, 1.000000000000000000),
 ( 1.000000000000000000, 0.7071067811865475727, 1.000000000000000000),
 ( 1.000000000000000000, 0.7071067811865475727, 1.000000000000000000),
 ( 1.000000000000000000, 0.7071067811865475727, 1.000000000000000000),
 ( 1.000000000000000000, 0.7071067811865475727, 1.000000000000000000),
 ( 1.000000000000000000, 0.7071067811865475727, 1.000000000000000000),
 ( 1.000000000000000000, 0.7071067811865475727, 1.000000000000000000),
 ( 1.000000000000000000, 0.7071067811865475727, 1.000000000000000000),
 ( 1.000000000000000000, 0.7071067811865475727, 1.000000000000000000),
 ( 1.000000000000000000, 0.7071067811865475727, 1.000000000000000000),
 ( 1.000000000000000000, 0.7071067811865475727, 1.000000000000000000) ) ) 
 REPRESENTATION_ITEM ( '' )  SURFACE ( )  );
#2969 = CARTESIAN_POINT ( 'NONE',  ( 324.2685539055541426, -5.149087727412814175, 239.2539708432883572 ) ) ;
#2970 = CARTESIAN_POINT ( 'NONE',  ( 296.2370945548290706, 10.80627730302193612, 105.0050425958546754 ) ) ;
#2971 = PLANE ( 'NONE',  #2479 ) ;
#2972 = SURFACE_STYLE_FILL_AREA ( #3388 ) ;
#2973 = CARTESIAN_POINT ( 'NONE',  ( 295.5373520704031876, 11.71178303075095251, 243.8615684366080245 ) ) ;
#2974 = VERTEX_POINT ( 'NONE', #3482 ) ;
#2975 = CARTESIAN_POINT ( 'NONE',  ( 295.6551251852155247, -4.990555419309719909, 248.9871768602702389 ) ) ;
#2976 = CARTESIAN_POINT ( 'NONE',  ( 325.7997586539157169, 4.350833377463481533, 225.4201941177233266 ) ) ;
#2977 = CARTESIAN_POINT ( 'NONE',  ( 333.2996111692911541, -0.1556765329197018211, 222.9422206253958336 ) ) ;
#2978 = LINE ( 'NONE', #4422, #1431 ) ;
#2979 = CARTESIAN_POINT ( 'NONE',  ( 286.4825135393713254, -2.487518431353443304, 221.5111608320104892 ) ) ;
#2980 = CARTESIAN_POINT ( 'NONE',  ( 292.1087241969250385, 3.779330092321938839, 224.0744546917229911 ) ) ;
#2981 = CARTESIAN_POINT ( 'NONE',  ( 193.3333333323509464, 4.987358710711697896, 379.3420367611240636 ) ) ;
#2982 = CARTESIAN_POINT ( 'NONE',  ( 290.8588922978013898, -1.583584210378856660, 222.2492425720677716 ) ) ;
#2983 = EDGE_LOOP ( 'NONE', ( #1771, #542, #5837, #2803 ) ) ;
#2984 = AXIS2_PLACEMENT_3D ( 'NONE', #1018, #4441, #2965 ) ;
#2985 = CARTESIAN_POINT ( 'NONE',  ( 319.5998243584498368, -0.07025869865240685908, 222.0062658157129079 ) ) ;
#2986 = CARTESIAN_POINT ( 'NONE',  ( 386.6666666647020634, -6.133868915404450561, 305.0780289475609379 ) ) ;
#2987 = CARTESIAN_POINT ( 'NONE',  ( 327.5450908437523481, -2.038764193074475983, 226.1342073567143700 ) ) ;
#2988 = CARTESIAN_POINT ( 'NONE',  ( 324.7262302065803965, -4.663815444745353034, 230.7551265062206767 ) ) ;
#2989 = EDGE_CURVE ( 'NONE', #2460, #5293, #4206, .T. ) ;
#2990 = EDGE_CURVE ( 'NONE', #3851, #1915, #634, .T. ) ;
#2991 = CARTESIAN_POINT ( 'NONE',  ( 579.9999999970527824, -4.352006386214562816, 404.0986377003519578 ) ) ;
#2992 = CARTESIAN_POINT ( 'NONE',  ( 301.0370945548290251, -9.989770531670282949, 254.6790578863543146 ) ) ;
#2993 = CARTESIAN_POINT ( 'NONE',  ( 0.000000000000000000, 4.196968758149082213, 202.6130197730023212 ) ) ;
#2994 = CARTESIAN_POINT ( 'NONE',  ( 193.3333333323510317, -6.700220827177433947, 377.3870091286089519 ) ) ;
#2995 = CARTESIAN_POINT ( 'NONE',  ( 295.3559946338392024, 11.29072542230388443, 239.6295575957180120 ) ) ;
#2996 = CARTESIAN_POINT ( 'NONE',  ( 295.6213511555361606, 3.016769488306083158, 223.1390064411035326 ) ) ;
#2997 = ORIENTED_EDGE ( 'NONE', *, *, #2989, .F. ) ;
#2998 = CARTESIAN_POINT ( 'NONE',  ( 301.0370945548290251, -10.22939342841168653, 222.7423979513591803 ) ) ;
#2999 = CARTESIAN_POINT ( 'NONE',  ( 305.0370945548290251, -15.19372269697804434, 149.8816095745176540 ) ) ;
#3000 = CARTESIAN_POINT ( 'NONE',  ( 295.6594296760144402, -5.118491811403197644, 236.1186406300818135 ) ) ;
#3001 = PRESENTATION_STYLE_ASSIGNMENT (( #606 ) ) ;
#3002 = CARTESIAN_POINT ( 'NONE',  ( 295.8789374374148338, 11.80086928903400256, 244.3084450364388545 ) ) ;
#3003 = VERTEX_POINT ( 'NONE', #3118 ) ;
#3004 = DIRECTION ( 'NONE',  ( 0.000000000000000000, -1.000000000000000000, 0.000000000000000000 ) ) ;
#3005 = CARTESIAN_POINT ( 'NONE',  ( 325.8131369245006681, 8.869241584765376274, 235.5683206008602610 ) ) ;
#3006 = CARTESIAN_POINT ( 'NONE',  ( 332.8005184994766523, 2.756834679934085486, 225.3876794026712389 ) ) ;
#3007 = CARTESIAN_POINT ( 'NONE',  ( 320.0370945548290820, -10.22837982635179088, 223.2424494768186491 ) ) ;
#3008 = CARTESIAN_POINT ( 'NONE',  ( 295.2370945548122450, -0.7940233375677626659, 219.5576427538952657 ) ) ;
#3009 = FACE_OUTER_BOUND ( 'NONE', #5965, .T. ) ;
#3010 = CARTESIAN_POINT ( 'NONE',  ( 0.000000000000000000, 12.00859590623730000, 351.6479129724376662 ) ) ;
#3011 = CARTESIAN_POINT ( 'NONE',  ( 300.4199619911956347, -2.320176394055908808, 225.1439135981896413 ) ) ;
#3012 = ORIENTED_EDGE ( 'NONE', *, *, #2185, .T. ) ;
#3013 = VECTOR ( 'NONE', #5860, 1000.000000000000000 ) ;
#3014 = B_SPLINE_CURVE_WITH_KNOTS ( 'NONE', 3,
 ( #1565, #3938, #3968, #3513 ),
 .UNSPECIFIED., .F., .F.,
 ( 4, 4 ),
 ( 0.09907999654081349472, 0.1041835952757768496 ),
 .UNSPECIFIED. ) ;
#3015 = CARTESIAN_POINT ( 'NONE',  ( 328.8126752054553208, -0.6873127209986487074, 222.9910942307330401 ) ) ;
#3016 = CARTESIAN_POINT ( 'NONE',  ( 193.3333333323510317, -7.146172102861043207, 281.4362150807652938 ) ) ;
#3017 = CARTESIAN_POINT ( 'NONE',  ( 326.8283231124789268, -2.895223748541428499, 229.6462323687466949 ) ) ;
#3018 = CARTESIAN_POINT ( 'NONE',  ( 324.8370945548290365, -3.015545599848898028, 222.8782030184949292 ) ) ;
#3019 = EDGE_CURVE ( 'NONE', #3792, #940, #4534, .T. ) ;
#3020 = CARTESIAN_POINT ( 'NONE',  ( 386.6666666647018928, -5.634577376048333974, 393.4924128655397340 ) ) ;
#3021 = ADVANCED_FACE ( 'NONE', ( #689 ), #2550, .T. ) ;
#3022 = CARTESIAN_POINT ( 'NONE',  ( 305.0370945546835628, -13.98942170962791565, 254.7327516678381016 ) ) ;
#3023 = LINE ( 'NONE', #595, #837 ) ;
#3024 = CARTESIAN_POINT ( 'NONE',  ( 386.6666666647018360, -5.887203071725788384, 347.4091257492923432 ) ) ;
#3025 = CARTESIAN_POINT ( 'NONE',  ( 314.6380092416109164, 11.80627730302190947, 245.9479163048175394 ) ) ;
#3026 =( NAMED_UNIT ( * ) PLANE_ANGLE_UNIT ( ) SI_UNIT ( $, .RADIAN. ) );
#3027 = CARTESIAN_POINT ( 'NONE',  ( 290.8462735692318688, 3.569556008341649544, 223.6324035029169295 ) ) ;
#3028 = ORIENTED_EDGE ( 'NONE', *, *, #2436, .F. ) ;
#3029 = DIRECTION ( 'NONE',  ( -0.000000000000000000, -5.551115123125782702E-15, 1.000000000000000000 ) ) ;
#3030 = AXIS2_PLACEMENT_3D ( 'NONE', #4384, #2835, #377 ) ;
#3031 = CARTESIAN_POINT ( 'NONE',  ( 317.8370945548289797, -3.296287826616013827, 0.000000000000000000 ) ) ;
#3032 = DIRECTION ( 'NONE',  ( 1.000000000000000000, -0.000000000000000000, 0.000000000000000000 ) ) ;
#3033 = SURFACE_SIDE_STYLE ('',( #2972 ) ) ;
#3034 = CARTESIAN_POINT ( 'NONE',  ( 294.1951229102043044, 3.547503778301579924, 222.1266096155386265 ) ) ;
#3035 = EDGE_LOOP ( 'NONE', ( #929, #5819 ) ) ;
#3036 = LINE ( 'NONE', #5847, #2305 ) ;
#3037 = FACE_OUTER_BOUND ( 'NONE', #5258, .T. ) ;
#3038 = CARTESIAN_POINT ( 'NONE',  ( 333.3020316746524259, 0.01865955866829934612, 222.9303606113356579 ) ) ;
#3039 = CARTESIAN_POINT ( 'NONE',  ( 328.6845836195683432, 11.44505529867507398, 245.5549743511394354 ) ) ;
#3040 = CARTESIAN_POINT ( 'NONE',  ( 295.2370945548289001, -3.189029962907053317, 221.0999920791565501 ) ) ;
#3041 = CARTESIAN_POINT ( 'NONE',  ( 300.3401636293593810, 13.68269622090644511, 264.4069360666574653 ) ) ;
#3042 = CARTESIAN_POINT ( 'NONE',  ( 0.000000000000000000, -8.138682956222996978, 278.0087147673945651 ) ) ;
#3043 = CARTESIAN_POINT ( 'NONE',  ( 300.4164276002366023, -1.891957661282795300, 223.7806583370973499 ) ) ;
#3044 = ORIENTED_EDGE ( 'NONE', *, *, #4746, .T. ) ;
#3045 = CARTESIAN_POINT ( 'NONE',  ( 319.6434652804082361, -1.817107457807565885, 224.9242617439097671 ) ) ;
#3046 = CARTESIAN_POINT ( 'NONE',  ( 0.000000000000000000, -6.717750288785817148, 224.6004539023777511 ) ) ;
#3047 = CARTESIAN_POINT ( 'NONE',  ( 326.9513600114953533, 5.173053030755832005, 229.0433750582188281 ) ) ;
#3048 = CIRCLE ( 'NONE', #3352, 1.000000000000000888 ) ;
#3049 = CARTESIAN_POINT ( 'NONE',  ( 324.8370945548334703, -1.649505233292494433, 222.3319761055087724 ) ) ;
#3050 = CARTESIAN_POINT ( 'NONE',  ( 193.3333333323510885, -6.593476819720387461, 398.3318257381640706 ) ) ;
#3051 = CARTESIAN_POINT ( 'NONE',  ( 305.0370945548288546, -14.22698391641012705, 181.0737192007222234 ) ) ;
#3052 = EDGE_CURVE ( 'NONE', #703, #2268, #2632, .T. ) ;
#3053 = CARTESIAN_POINT ( 'NONE',  ( 193.3333333323508896, 16.91444032200661951, 281.1003418505097784 ) ) ;
#3054 = CARTESIAN_POINT ( 'NONE',  ( 0.000000000000000000, -6.223998622485594545, 456.3664685701571671 ) ) ;
#3055 = CARTESIAN_POINT ( 'NONE',  ( 295.4458849848302862, 11.42007220288949476, 240.7014099735897048 ) ) ;
#3056 = EDGE_CURVE ( 'NONE', #4288, #5636, #2101, .T. ) ;
#3057 = VECTOR ( 'NONE', #3669, 1000.000000000000000 ) ;
#3058 = SHAPE_DEFINITION_REPRESENTATION ( #4339, #2355 ) ;
#3059 = VECTOR ( 'NONE', #452, 1000.000000000000000 ) ;
#3060 = CARTESIAN_POINT ( 'NONE',  ( 295.5990877135407118, 0.1443002942044260273, 220.4296568016251001 ) ) ;
#3061 = ORIENTED_EDGE ( 'NONE', *, *, #2182, .T. ) ;
#3062 = CARTESIAN_POINT ( 'NONE',  ( 325.0845438844610840, -4.771752860507477934, 235.4737353842844527 ) ) ;
#3063 = FACE_OUTER_BOUND ( 'NONE', #2741, .T. ) ;
#3064 = CARTESIAN_POINT ( 'NONE',  ( 672.0146080650777094, 9.903712101858411998, 106.0050442647847433 ) ) ;
#3065 = CARTESIAN_POINT ( 'NONE',  ( 295.2370945548290706, -1.419025415660139178, 218.6889315278611434 ) ) ;
#3066 = DIRECTION ( 'NONE',  ( 1.000000000000000000, -0.000000000000000000, 0.000000000000000000 ) ) ;
#3067 = ORIENTED_EDGE ( 'NONE', *, *, #1335, .F. ) ;
#3068 = CARTESIAN_POINT ( 'NONE',  ( 295.6436316828736608, 11.37287741549329567, 247.2185017840413934 ) ) ;
#3069 = CARTESIAN_POINT ( 'NONE',  ( 319.0370945548289683, -5.197309893215977361, 239.2918670257492124 ) ) ;
#3070 = CARTESIAN_POINT ( 'NONE',  ( 325.2006105620682774, 13.15091323705345516, 262.6257770468038757 ) ) ;
#3071 = CARTESIAN_POINT ( 'NONE',  ( 315.0370945546836197, -14.98933414976551326, 254.7462004642771376 ) ) ;
#3072 = ADVANCED_FACE ( 'NONE', ( #2581 ), #5594, .F. ) ;
#3073 = EDGE_CURVE ( 'NONE', #3403, #2492, #6015, .T. ) ;
#3074 = CARTESIAN_POINT ( 'NONE',  ( 295.2370945548290706, 0.4969032652975159947, 218.3522526650743885 ) ) ;
#3075 = FACE_OUTER_BOUND ( 'NONE', #27, .T. ) ;
#3076 = CARTESIAN_POINT ( 'NONE',  ( 300.4174414526078181, -2.048720870962387863, 224.2347163447956575 ) ) ;
#3077 = VERTEX_POINT ( 'NONE', #4970 ) ;
#3078 = CARTESIAN_POINT ( 'NONE',  ( 333.4252522883431311, -1.123173448625617743, 224.0704094501106454 ) ) ;
#3079 = CARTESIAN_POINT ( 'NONE',  ( 579.9999999970530098, -3.284290047907533872, 245.7904700933225968 ) ) ;
#3080 = CARTESIAN_POINT ( 'NONE',  ( 328.8362071792180359, 9.290022406068791483, 240.8211290729432790 ) ) ;
#3081 = CARTESIAN_POINT ( 'NONE',  ( 323.9844159562944697, -5.183111096410950580, 239.4717866019518624 ) ) ;
#3082 = CARTESIAN_POINT ( 'NONE',  ( 386.6666666647018928, -1.454917083900565400, 225.9669964426877300 ) ) ;
#3083 = VECTOR ( 'NONE', #4982, 1000.000000000000000 ) ;
#3084 = CARTESIAN_POINT ( 'NONE',  ( 320.0370945548294230, -5.193722696978042563, 239.3082256277351689 ) ) ;
#3085 = CARTESIAN_POINT ( 'NONE',  ( 193.3333333323509464, 11.04918357943839347, 232.1668332515077964 ) ) ;
#3086 = CARTESIAN_POINT ( 'NONE',  ( 0.000000000000000000, -7.509225448604162523, 411.1396134388328392 ) ) ;
#3087 = CARTESIAN_POINT ( 'NONE',  ( 325.7985209335517993, 4.115532424010933887, 225.0955944935325022 ) ) ;
#3088 = CARTESIAN_POINT ( 'NONE',  ( 286.0414500283113739, -0.1845372763737906929, 219.7732381741315066 ) ) ;
#3089 = ORIENTED_EDGE ( 'NONE', *, *, #648, .T. ) ;
#3090 = CARTESIAN_POINT ( 'NONE',  ( 386.6666666647022339, 6.439140651349280375, 233.5687738193448126 ) ) ;
#3091 = CARTESIAN_POINT ( 'NONE',  ( 323.0125264917585355, 14.04308800713091188, 248.3429071604394096 ) ) ;
#3092 = LINE ( 'NONE', #2014, #5020 ) ;
#3093 = AXIS2_PLACEMENT_3D ( 'NONE', #1107, #3536, #124 ) ;
#3094 = CARTESIAN_POINT ( 'NONE',  ( 300.0370945548290251, -10.19372269697804434, 139.4050437939082201 ) ) ;
#3095 = CARTESIAN_POINT ( 'NONE',  ( 294.1888738182856287, 2.440595347519308955, 220.8700722737250146 ) ) ;
#3096 = ORIENTED_EDGE ( 'NONE', *, *, #2470, .T. ) ;
#3097 = ADVANCED_FACE ( 'NONE', ( #3632 ), #717, .F. ) ;
#3098 = CARTESIAN_POINT ( 'NONE',  ( 298.2370945548290138, -0.6962878623788025800, 0.000000000000000000 ) ) ;
#3099 = CARTESIAN_POINT ( 'NONE',  ( 325.7958940789992539, 3.599666411796364596, 224.3636576631095068 ) ) ;
#3100 = CARTESIAN_POINT ( 'NONE',  ( 319.0370945554107607, -13.91323188744801165, 259.9837902363538547 ) ) ;
#3101 = CARTESIAN_POINT ( 'NONE',  ( 332.2921606980416414, 5.499313337383246569, 227.8785355556536842 ) ) ;
#3102 = ADVANCED_FACE ( 'NONE', ( #3660 ), #4397, .F. ) ;
#3103 = CARTESIAN_POINT ( 'NONE',  ( 295.2370945548415762, 0.7135239707947473864, 219.5639842794377046 ) ) ;
#3104 = CYLINDRICAL_SURFACE ( 'NONE', #3915, 1.500000000000001332 ) ;
#3105 = CARTESIAN_POINT ( 'NONE',  ( 286.0977096379093609, -4.417291794744038214, 238.5221681114435626 ) ) ;
#3106 = VERTEX_POINT ( 'NONE', #2658 ) ;
#3107 = CARTESIAN_POINT ( 'NONE',  ( 319.6444375732207845, -1.970586622888024886, 225.3638406564042498 ) ) ;
#3108 = CARTESIAN_POINT ( 'NONE',  ( 193.3333333323510317, -5.303512489585234135, 228.0014150919552662 ) ) ;
#3109 = CARTESIAN_POINT ( 'NONE',  ( 324.2438449871929151, 11.00369815559149345, 248.0369803216880200 ) ) ;
#3110 = CARTESIAN_POINT ( 'NONE',  ( 307.0378597079995302, -5.197585328917043945, 238.0873562636572558 ) ) ;
#3111 = CARTESIAN_POINT ( 'NONE',  ( 579.9999999970528961, 3.601999506163845677, 359.0013333867893266 ) ) ;
#3112 = CARTESIAN_POINT ( 'NONE',  ( 579.9999999970527824, -0.3259142469249645679, 238.5046831896317201 ) ) ;
#3113 = FACE_OUTER_BOUND ( 'NONE', #5100, .T. ) ;
#3114 = CARTESIAN_POINT ( 'NONE',  ( 300.3736764449993188, -0.1259947259943341169, 220.7208547763140132 ) ) ;
#3115 = ORIENTED_EDGE ( 'NONE', *, *, #4609, .F. ) ;
#3116 = FACE_BOUND ( 'NONE', #2426, .T. ) ;
#3117 = CARTESIAN_POINT ( 'NONE',  ( 193.3333333323510885, 15.18845332257153480, 253.7677995456126325 ) ) ;
#3118 = CARTESIAN_POINT ( 'NONE',  ( 300.0370945548289683, -5.197754948488007010, 237.3982535195826244 ) ) ;
#3119 = CARTESIAN_POINT ( 'NONE',  ( 319.9096018901576599, -10.95553880035916983, 264.4069360666574653 ) ) ;
#3120 =( GEOMETRIC_REPRESENTATION_CONTEXT ( 3 ) GLOBAL_UNCERTAINTY_ASSIGNED_CONTEXT ( ( #1488 ) ) GLOBAL_UNIT_ASSIGNED_CONTEXT ( ( #5904, #4972, #5874 ) ) REPRESENTATION_CONTEXT ( 'NONE', 'WORKASPACE' ) );
#3121 = CARTESIAN_POINT ( 'NONE',  ( 291.3195464597966975, 11.11644288220244192, 245.2116984809044595 ) ) ;
#3122 = VERTEX_POINT ( 'NONE', #3545 ) ;
#3123 = CARTESIAN_POINT ( 'NONE',  ( 286.0904331597944861, 13.08774739800486664, 256.6833617332481481 ) ) ;
#3124 = LINE ( 'NONE', #4348, #4785 ) ;
#3125 = CARTESIAN_POINT ( 'NONE',  ( 313.2370945548290138, 7.303712137621197087, 104.0050425958546754 ) ) ;
#3126 = CARTESIAN_POINT ( 'NONE',  ( 320.0370945548293093, -10.22727323217128870, 181.3237420153325843 ) ) ;
#3127 = CARTESIAN_POINT ( 'NONE',  ( 323.8370945548290365, -4.193722696978042563, 105.0050425958546754 ) ) ;
#3128 = CARTESIAN_POINT ( 'NONE',  ( 294.1698988878542309, 0.006926108785036962784, 219.2909461458946225 ) ) ;
#3129 = CARTESIAN_POINT ( 'NONE',  ( 287.5045019608094208, 6.430057062784301003, 226.5187089420817017 ) ) ;
#3130 = CARTESIAN_POINT ( 'NONE',  ( 324.2374038223109665, 11.72364487174364278, 246.0729669690775268 ) ) ;
#3131 = ADVANCED_FACE ( 'NONE', ( #3063 ), #5001, .F. ) ;
#3132 = EDGE_LOOP ( 'NONE', ( #2409, #2726, #5535 ) ) ;
#3133 = CARTESIAN_POINT ( 'NONE',  ( 319.6410735627837312, -1.320603227869365792, 223.5947936556886475 ) ) ;
#3134 = DIRECTION ( 'NONE',  ( 1.000000000000000000, 0.000000000000000000, 0.000000000000000000 ) ) ;
#3135 = CARTESIAN_POINT ( 'NONE',  ( 328.8429381200763828, 13.34923406654079159, 265.2488818000537663 ) ) ;
#3136 = EDGE_CURVE ( 'NONE', #6299, #5357, #1573, .T. ) ;
#3137 = CARTESIAN_POINT ( 'NONE',  ( 301.0370945548291957, -5.197730681956426402, 237.4966267988837387 ) ) ;
#3138 = CARTESIAN_POINT ( 'NONE',  ( 386.6666666647018928, 7.495775076190865249, 350.2880176456091590 ) ) ;
#3139 = CARTESIAN_POINT ( 'NONE',  ( 579.9999999970532372, -4.599044283111842546, 259.9049248138404096 ) ) ;
#3140 = CARTESIAN_POINT ( 'NONE',  ( 325.8121064708519157, 8.410718575072332115, 234.2396018429087974 ) ) ;
#3141 = CARTESIAN_POINT ( 'NONE',  ( 290.8167806151881223, -0.04816423555124105943, 220.0703134194795894 ) ) ;
#3142 = ORIENTED_EDGE ( 'NONE', *, *, #2388, .T. ) ;
#3143 = CARTESIAN_POINT ( 'NONE',  ( 324.8370945548290365, 10.80627730302191658, 238.5925586775150009 ) ) ;
#3144 = CARTESIAN_POINT ( 'NONE',  ( 386.6666666647022339, 13.07897365269360890, 261.0380848239540228 ) ) ;
#3145 = DIRECTION ( 'NONE',  ( 0.000000000000000000, 5.551115123125782702E-15, -1.000000000000000000 ) ) ;
#3146 = EDGE_CURVE ( 'NONE', #273, #3865, #2692, .T. ) ;
#3147 = DIRECTION ( 'NONE',  ( 0.000000000000000000, 0.000000000000000000, -1.000000000000000000 ) ) ;
#3148 = DIRECTION ( 'NONE',  ( 1.000000000000000000, -0.000000000000000000, -0.000000000000000000 ) ) ;
#3149 = VERTEX_POINT ( 'NONE', #4027 ) ;
#3150 = AXIS2_PLACEMENT_3D ( 'NONE', #3771, #1276, #1415 ) ;
#3151 = CARTESIAN_POINT ( 'NONE',  ( 0.000000000000000000, -7.875199188317395738, 346.8394967070635175 ) ) ;
#3152 = CARTESIAN_POINT ( 'NONE',  ( 320.0370945548292525, -5.197287464721163985, 239.3930203268536445 ) ) ;
#3153 = CARTESIAN_POINT ( 'NONE',  ( 324.8922649088082721, 11.11107064769947961, 243.7749010611046856 ) ) ;
#3154 = B_SPLINE_CURVE_WITH_KNOTS ( 'NONE', 3,
 ( #5737, #5368, #966, #1340 ),
 .UNSPECIFIED., .F., .F.,
 ( 4, 4 ),
 ( 0.000000000000000000, 8.486959742838851549E-05 ),
 .UNSPECIFIED. ) ;
#3155 = CARTESIAN_POINT ( 'NONE',  ( 330.9185790644133363, 7.362948262995014481, 234.6088232665718181 ) ) ;
#3156 = CARTESIAN_POINT ( 'NONE',  ( 320.8491768785103773, -7.156911992869086525, 258.9429071604394608 ) ) ;
#3157 = DIRECTION ( 'NONE',  ( -0.09081957727885646425, 0.000000000000000000, 0.9958673628465238847 ) ) ;
#3158 = CARTESIAN_POINT ( 'NONE',  ( 295.2370945548292411, 6.443565034397718883, 224.8304593633327784 ) ) ;
#3159 = CARTESIAN_POINT ( 'NONE',  ( 286.3427372037820078, 2.914212954554198376, 220.8262834787737461 ) ) ;
#3160 = CARTESIAN_POINT ( 'NONE',  ( 315.0370945548290251, -13.82245167504208894, 264.4069360666474040 ) ) ;
#3161 = VERTEX_POINT ( 'NONE', #2128 ) ;
#3162 = CARTESIAN_POINT ( 'NONE',  ( 324.2337748169583165, -1.095251226626297703, 223.3663324899313807 ) ) ;
#3163 = CARTESIAN_POINT ( 'NONE',  ( 193.3333333323509748, -3.397287876363841441E-11, 212.5133111311279777 ) ) ;
#3164 = CARTESIAN_POINT ( 'NONE',  ( 328.8402416945329492, 11.65271882228713451, 251.9985165643805374 ) ) ;
#3165 = EDGE_CURVE ( 'NONE', #780, #1879, #6023, .T. ) ;
#3166 = DIRECTION ( 'NONE',  ( 0.000000000000000000, 0.000000000000000000, -1.000000000000000000 ) ) ;
#3167 = CARTESIAN_POINT ( 'NONE',  ( 386.6666666647022339, 13.07897365269360890, 261.0380848239540228 ) ) ;
#3168 = CARTESIAN_POINT ( 'NONE',  ( 0.000000000000000000, -8.138682956222996978, 278.0087147673945651 ) ) ;
#3169 = CARTESIAN_POINT ( 'NONE',  ( 324.8370945548288091, 10.11931849625011282, 236.2356613998024670 ) ) ;
#3170 = EDGE_CURVE ( 'NONE', #2974, #4757, #5060, .T. ) ;
#3171 = CARTESIAN_POINT ( 'NONE',  ( 300.3784831006495324, 0.2053090618176943438, 220.7796909208020679 ) ) ;
#3172 = CARTESIAN_POINT ( 'NONE',  ( 296.0814038057822017, -5.181674290783711001, 236.6407321839840847 ) ) ;
#3173 = CARTESIAN_POINT ( 'NONE',  ( 193.3333333323508896, 16.91444032200661951, 281.1003418505097784 ) ) ;
#3174 = CARTESIAN_POINT ( 'NONE',  ( 324.8370945548288660, 3.827242144652824418, 223.0379312850990914 ) ) ;
#3175 = CARTESIAN_POINT ( 'NONE',  ( 315.0370945548290251, -14.82264814109834994, 264.4069360666574653 ) ) ;
#3176 = CARTESIAN_POINT ( 'NONE',  ( 312.2370945548290138, -0.6962878623788025800, 110.5050442647847575 ) ) ;
#3177 = ORIENTED_EDGE ( 'NONE', *, *, #3606, .T. ) ;
#3178 = VERTEX_POINT ( 'NONE', #1832 ) ;
#3179 = CARTESIAN_POINT ( 'NONE',  ( 193.3333333323510317, -7.146172102861043207, 281.4362150807652938 ) ) ;
#3180 = CARTESIAN_POINT ( 'NONE',  ( 320.0370945548290251, -5.235059512760730449, 239.8414577783702839 ) ) ;
#3181 = CARTESIAN_POINT ( 'NONE',  ( 324.0093223764463914, 11.81884689932078381, 246.9853898418017764 ) ) ;
#3182 = CARTESIAN_POINT ( 'NONE',  ( 325.5637097612597586, 12.94948042161938417, 260.8466603067915344 ) ) ;
#3183 = PLANE ( 'NONE',  #1570 ) ;
#3184 = EDGE_CURVE ( 'NONE', #2707, #3517, #322, .T. ) ;
#3185 = CARTESIAN_POINT ( 'NONE',  ( 320.0370945548290251, -5.262236313912985075, 262.9219554743627327 ) ) ;
#3186 = DIRECTION ( 'NONE',  ( 0.000000000000000000, 0.000000000000000000, -1.000000000000000000 ) ) ;
#3187 = AXIS2_PLACEMENT_3D ( 'NONE', #1077, #1013, #1591 ) ;
#3188 = ORIENTED_EDGE ( 'NONE', *, *, #4226, .T. ) ;
#3189 = CARTESIAN_POINT ( 'NONE',  ( 317.3096818721800219, -13.49249773958727872, 118.6934585730352012 ) ) ;
#3190 = EDGE_LOOP ( 'NONE', ( #4815, #5042, #826, #1982 ) ) ;
#3191 = CARTESIAN_POINT ( 'NONE',  ( 386.6666666647018928, -2.246864576404122182, 227.8533115235983360 ) ) ;
#3192 = CARTESIAN_POINT ( 'NONE',  ( 333.4395884376537538, -3.071295601100433981, 231.2127959009864071 ) ) ;
#3193 = CARTESIAN_POINT ( 'NONE',  ( 333.4376128957738388, 12.94563685839416323, 261.6094904512429480 ) ) ;
#3194 = CARTESIAN_POINT ( 'NONE',  ( 0.000000000000000000, 6.360022959421542055, 205.8840378691750175 ) ) ;
#3195 = CARTESIAN_POINT ( 'NONE',  ( 333.3971529099950999, 0.4715575998353671028, 223.1599766046739433 ) ) ;
#3196 = CARTESIAN_POINT ( 'NONE',  ( 315.0370945548290251, -14.11059730853220984, 243.5756229202862642 ) ) ;
#3197 = CARTESIAN_POINT ( 'NONE',  ( 193.3333333323509180, -1.480112654933182004, 416.3527847794970853 ) ) ;
#3198 = CARTESIAN_POINT ( 'NONE',  ( 386.6666666647020634, -4.566923217582304240, 238.8503178250753649 ) ) ;
#3199 = CARTESIAN_POINT ( 'NONE',  ( 324.8370945548289797, 5.648679937330824963, 227.6303339418406040 ) ) ;
#3200 = CARTESIAN_POINT ( 'NONE',  ( 295.6305692608549975, -1.029668170933176308, 221.2390453521646236 ) ) ;
#3201 = LINE ( 'NONE', #1227, #2725 ) ;
#3202 = CARTESIAN_POINT ( 'NONE',  ( 193.3333333323510317, 3.685149208709673108, 215.2350108880431208 ) ) ;
#3203 = CARTESIAN_POINT ( 'NONE',  ( 672.0146080650777094, 9.903712101858411998, 110.5050442647847291 ) ) ;
#3204 = AXIS2_PLACEMENT_3D ( 'NONE', #6250, #3908, #3389 ) ;
#3205 = CYLINDRICAL_SURFACE ( 'NONE', #3436, 1.000000000000000888 ) ;
#3206 = CARTESIAN_POINT ( 'NONE',  ( 290.1608556178827030, 9.793993718943490023, 239.5343346146699446 ) ) ;
#3207 = EDGE_LOOP ( 'NONE', ( #2105, #4781, #4278, #1896 ) ) ;
#3208 = ORIENTED_EDGE ( 'NONE', *, *, #4770, .T. ) ;
#3209 = CARTESIAN_POINT ( 'NONE',  ( 386.6666666647018928, -5.530142459485384521, 406.8380078360256675 ) ) ;
#3210 = CARTESIAN_POINT ( 'NONE',  ( 286.0841127409116211, 9.217968227005762571, 237.0228566796893404 ) ) ;
#3211 = CARTESIAN_POINT ( 'NONE',  ( 324.1434611677442490, 11.76414848147975434, 246.7282509123717205 ) ) ;
#3212 = CARTESIAN_POINT ( 'NONE',  ( 319.0370945548290820, -10.24085872734111646, 212.7627732362788322 ) ) ;
#3213 = CARTESIAN_POINT ( 'NONE',  ( 296.2370945548289569, 3.303712137621199307, 117.2115227970842426 ) ) ;
#3214 = FACE_OUTER_BOUND ( 'NONE', #2828, .T. ) ;
#3215 = CARTESIAN_POINT ( 'NONE',  ( 313.0370946500148079, -6.331162734017157234, 264.4069360705271379 ) ) ;
#3216 = ORIENTED_EDGE ( 'NONE', *, *, #1068, .T. ) ;
#3217 = CARTESIAN_POINT ( 'NONE',  ( 315.5624885769951220, -13.79653747179105672, 264.4069360666574653 ) ) ;
#3218 = CARTESIAN_POINT ( 'NONE',  ( 324.8370945548290365, -1.688401276953235941, 220.9853186685365642 ) ) ;
#3219 = EDGE_LOOP ( 'NONE', ( #424, #5218, #4914, #1783 ) ) ;
#3220 = CARTESIAN_POINT ( 'NONE',  ( 386.6666666647020634, -6.096510108436826059, 275.4220436995686896 ) ) ;
#3221 = AXIS2_PLACEMENT_3D ( 'NONE', #275, #4618, #1711 ) ;
#3222 = CARTESIAN_POINT ( 'NONE',  ( 333.4454821974097172, -4.605853233317108497, 246.3195227255564816 ) ) ;
#3223 = ORIENTED_EDGE ( 'NONE', *, *, #526, .F. ) ;
#3224 = CARTESIAN_POINT ( 'NONE',  ( 319.6379706643262466, 6.035879846101971147, 230.4053839202161953 ) ) ;
#3225 = CARTESIAN_POINT ( 'NONE',  ( 193.3333333323509464, 16.15044311579107017, 301.6248522783866974 ) ) ;
#3226 = ADVANCED_FACE ( 'NONE', ( #4673 ), #4769, .F. ) ;
#3227 = CARTESIAN_POINT ( 'NONE',  ( 324.1995793887055015, 0.1373110888445700783, 222.3522139890475557 ) ) ;
#3228 = CARTESIAN_POINT ( 'NONE',  ( 0.000000000000000000, -5.420589551295606157, 451.9053200484384547 ) ) ;
#3229 = CARTESIAN_POINT ( 'NONE',  ( 386.6666666647020634, -6.096510108436826059, 275.4220436995686896 ) ) ;
#3230 = CARTESIAN_POINT ( 'NONE',  ( 324.8370945548507507, 0.03264278397077666205, 221.3537705203250709 ) ) ;
#3231 = CARTESIAN_POINT ( 'NONE',  ( 290.8549734152072688, -1.127534164013781037, 221.1216288701042174 ) ) ;
#3232 = CARTESIAN_POINT ( 'NONE',  ( 295.7987567594434495, -5.095391573369375315, 234.8240145898301705 ) ) ;
#3233 = CARTESIAN_POINT ( 'NONE',  ( 193.3333333323509464, 8.704752596376119200, 357.4126630265610629 ) ) ;
#3234 = CARTESIAN_POINT ( 'NONE',  ( 323.8286282028672645, -5.197203401353555741, 239.7779621052477523 ) ) ;
#3235 = CARTESIAN_POINT ( 'NONE',  ( 305.0370945548289114, -13.99912963866073845, 253.9916151123178167 ) ) ;
#3236 = DIRECTION ( 'NONE',  ( -0.000000000000000000, 0.000000000000000000, 1.000000000000000000 ) ) ;
#3237 = CARTESIAN_POINT ( 'NONE',  ( 286.1619146982096709, 0.4260890228068986429, 219.9402877306392554 ) ) ;
#3238 = ORIENTED_EDGE ( 'NONE', *, *, #4282, .T. ) ;
#3239 = CARTESIAN_POINT ( 'NONE',  ( 386.6666666647018928, -2.246864576404122182, 227.8533115235983360 ) ) ;
#3240 = CARTESIAN_POINT ( 'NONE',  ( 290.8601620083609305, 8.310694379088578998, 234.4253244817713266 ) ) ;
#3241 = CARTESIAN_POINT ( 'NONE',  ( 324.8370945548289797, 10.90772300564746722, 239.3147933066880455 ) ) ;
#3242 = VERTEX_POINT ( 'NONE', #2689 ) ;
#3243 = CARTESIAN_POINT ( 'NONE',  ( 300.1496327644190956, -11.27936921074398668, 113.3632114487819535 ) ) ;
#3244 = CARTESIAN_POINT ( 'NONE',  ( 320.0370945548290251, -10.19372269697804434, 149.8847239107888925 ) ) ;
#3245 = CARTESIAN_POINT ( 'NONE',  ( 301.0370945548290251, -10.19372269697804434, 139.4050437939082201 ) ) ;
#3246 = CARTESIAN_POINT ( 'NONE',  ( 318.8329379840067759, -11.11041672233813316, 264.4069360666574653 ) ) ;
#3247 = ORIENTED_EDGE ( 'NONE', *, *, #3263, .T. ) ;
#3248 = CARTESIAN_POINT ( 'NONE',  ( 323.8370945548290365, 11.80627730302191480, 246.8063163277639944 ) ) ;
#3249 = VECTOR ( 'NONE', #5185, 1000.000000000000000 ) ;
#3250 = ADVANCED_FACE ( 'NONE', ( #3690, #269 ), #1766, .T. ) ;
#3251 = DIRECTION ( 'NONE',  ( -1.000000000000000000, 0.000000000000000000, 0.000000000000000000 ) ) ;
#3252 = VERTEX_POINT ( 'NONE', #841 ) ;
#3253 = CARTESIAN_POINT ( 'NONE',  ( 386.6666666647018928, -5.775366431396394162, 258.4073362631827990 ) ) ;
#3254 = CARTESIAN_POINT ( 'NONE',  ( 324.2531278127250971, -4.067071176832322443, 238.2297976859226480 ) ) ;
#3255 = CARTESIAN_POINT ( 'NONE',  ( 291.9760876423094373, -1.978425804825702849, 223.4245609018730363 ) ) ;
#3256 = CARTESIAN_POINT ( 'NONE',  ( 319.6368850491957119, 5.654669184579621088, 229.5400932319127776 ) ) ;
#3257 = CARTESIAN_POINT ( 'NONE',  ( 579.9999999970528961, 10.96806314987765596, 310.6656409606852094 ) ) ;
#3258 = CARTESIAN_POINT ( 'NONE',  ( 333.3989427576499907, 0.6379315293970280187, 223.2828707993098760 ) ) ;
#3259 = CARTESIAN_POINT ( 'NONE',  ( 579.9999999970532372, -4.411656509256205005, 398.4873859567278487 ) ) ;
#3260 = CARTESIAN_POINT ( 'NONE',  ( 296.8370945803659993, -5.421364669225888555, 264.4069360666572948 ) ) ;
#3261 = CARTESIAN_POINT ( 'NONE',  ( 325.7873167551194342, 2.069575035717690081, 222.6638080882935355 ) ) ;
#3262 = CARTESIAN_POINT ( 'NONE',  ( 295.6358042096811118, -1.300154078914044442, 221.8624467617094069 ) ) ;
#3263 = EDGE_CURVE ( 'NONE', #3767, #6150, #875, .T. ) ;
#3264 = CARTESIAN_POINT ( 'NONE',  ( 579.9999999970530098, 10.12718433015163200, 262.5747236603409078 ) ) ;
#3265 = CARTESIAN_POINT ( 'NONE',  ( 386.6666666647022339, -4.098509801975090738, 416.3470041637490908 ) ) ;
#3266 = CARTESIAN_POINT ( 'NONE',  ( 324.8370945548290933, 3.414444078006247718, 222.5749202250717644 ) ) ;
#3267 = CARTESIAN_POINT ( 'NONE',  ( 333.3220482194549845, -1.601542903973647292, 222.8322833640848728 ) ) ;
#3268 = FACE_OUTER_BOUND ( 'NONE', #3417, .T. ) ;
#3269 = CARTESIAN_POINT ( 'NONE',  ( 579.9999999970530098, -2.772280013143109123, 395.1761131678124457 ) ) ;
#3270 = CARTESIAN_POINT ( 'NONE',  ( 294.1897916350142168, 2.621791260924736022, 221.0451693912436042 ) ) ;
#3271 = CARTESIAN_POINT ( 'NONE',  ( 286.1405134574828253, -0.3331538122049917949, 219.8354257377759495 ) ) ;
#3272 = ORIENTED_EDGE ( 'NONE', *, *, #5760, .T. ) ;
#3273 = CARTESIAN_POINT ( 'NONE',  ( 386.6666666647020634, -4.566923217582304240, 238.8503178250753649 ) ) ;
#3274 = CARTESIAN_POINT ( 'NONE',  ( 295.6380045702307484, 8.276503160950518634, 234.6910455090544474 ) ) ;
#3275 = CARTESIAN_POINT ( 'NONE',  ( 324.8370945548289228, -4.193722696978039011, 226.2551948320733572 ) ) ;
#3276 = ORIENTED_EDGE ( 'NONE', *, *, #5991, .T. ) ;
#3277 = CARTESIAN_POINT ( 'NONE',  ( 300.0370945548289683, -9.989770531665735476, 254.6790578861362633 ) ) ;
#3278 = CARTESIAN_POINT ( 'NONE',  ( 296.1781113673924324, -5.193561185162272054, 236.9726359958554553 ) ) ;
#3279 = CARTESIAN_POINT ( 'NONE',  ( 319.0370945548289683, -9.821662852354297257, 264.4069360666574084 ) ) ;
#3280 = EDGE_CURVE ( 'NONE', #1952, #4695, #4301, .T. ) ;
#3281 = CARTESIAN_POINT ( 'NONE',  ( 285.9166921102853394, -3.171128381955501248E-11, 218.7387438765724994 ) ) ;
#3282 = ORIENTED_EDGE ( 'NONE', *, *, #5104, .T. ) ;
#3283 = PLANE ( 'NONE',  #1147 ) ;
#3284 = CIRCLE ( 'NONE', #2850, 4.000000000000003553 ) ;
#3285 = CARTESIAN_POINT ( 'NONE',  ( 304.0177876145473874, -14.06455772839691321, 121.0210210778411692 ) ) ;
#3286 = CARTESIAN_POINT ( 'NONE',  ( 323.8370945548290365, -5.193722696978042563, 105.0050425958546754 ) ) ;
#3287 = ORIENTED_EDGE ( 'NONE', *, *, #3866, .F. ) ;
#3288 = CARTESIAN_POINT ( 'NONE',  ( 0.000000000000000000, -6.040101761588164031, 217.1525123588351676 ) ) ;
#3289 = VECTOR ( 'NONE', #5370, 1000.000000000000000 ) ;
#3290 = CARTESIAN_POINT ( 'NONE',  ( 324.2536736982090133, -4.228349657068285694, 240.1404375880213422 ) ) ;
#3291 = CARTESIAN_POINT ( 'NONE',  ( 293.7955591016855124, -3.726560737371416021, 232.3396236135476443 ) ) ;
#3292 = CARTESIAN_POINT ( 'NONE',  ( 324.2214847506364777, 2.894839150707060327, 224.9430620002316061 ) ) ;
#3293 = CARTESIAN_POINT ( 'NONE',  ( 193.3333333323509464, 16.09404880310246000, 262.3418053606099534 ) ) ;
#3294 = CARTESIAN_POINT ( 'NONE',  ( 324.1961894368219532, 0.02910812756683047592, 222.3208116076605450 ) ) ;
#3295 = CARTESIAN_POINT ( 'NONE',  ( 579.9999999970532372, -0.04621037551902798524, 379.9087948609357568 ) ) ;
#3296 = CARTESIAN_POINT ( 'NONE',  ( 325.6719483269480406, 10.60798025991486071, 241.7283537741845407 ) ) ;
#3297 = CARTESIAN_POINT ( 'NONE',  ( 324.8370945548290365, 0.3120172070233654948, 221.3982722503743616 ) ) ;
#3298 = CARTESIAN_POINT ( 'NONE',  ( 286.0782542114484386, -1.180619047100055496, 220.9061610084355891 ) ) ;
#3299 = CARTESIAN_POINT ( 'NONE',  ( 579.9999999970532372, 5.400585436222888447, 245.2695254820144157 ) ) ;
#3300 = CARTESIAN_POINT ( 'NONE',  ( 0.000000000000000000, 5.680038312985622895, 389.5123884482915173 ) ) ;
#3301 = CARTESIAN_POINT ( 'NONE',  ( 324.8370945548291502, 5.610000697480638010, 225.5777577881514446 ) ) ;
#3302 = CARTESIAN_POINT ( 'NONE',  ( 333.3600457780451620, -1.459070118467580501, 222.6461025828611469 ) ) ;
#3303 = CARTESIAN_POINT ( 'NONE',  ( 0.000000000000000000, 2.156697113733638815, 200.5962828315869046 ) ) ;
#3304 = CARTESIAN_POINT ( 'NONE',  ( 193.3333333323509464, 16.15044311579107017, 301.6248522783866974 ) ) ;
#3305 = CARTESIAN_POINT ( 'NONE',  ( 295.2370945548290706, 1.603448252328652401, 218.8634569173810860 ) ) ;
#3306 = CARTESIAN_POINT ( 'NONE',  ( 286.1591160238980933, -0.4974688051725759119, 219.9265747609361767 ) ) ;
#3307 = EDGE_CURVE ( 'NONE', #899, #3317, #960, .T. ) ;
#3308 = ORIENTED_EDGE ( 'NONE', *, *, #224, .F. ) ;
#3309 = CARTESIAN_POINT ( 'NONE',  ( 193.3333333323509748, -4.547455531547243801, 222.5893264324144809 ) ) ;
#3310 = CARTESIAN_POINT ( 'NONE',  ( 286.0702722264966837, 4.087475519435895599, 224.1690007239854197 ) ) ;
#3311 = CARTESIAN_POINT ( 'NONE',  ( 324.5409140817224625, -4.911359651535171622, 234.2175287060775588 ) ) ;
#3312 = ORIENTED_EDGE ( 'NONE', *, *, #5549, .T. ) ;
#3313 = CARTESIAN_POINT ( 'NONE',  ( 313.2370945548290138, 8.303712137621197087, 128.5328006421047178 ) ) ;
#3314 = CARTESIAN_POINT ( 'NONE',  ( 294.9732888188978563, -4.776456196433843893, 232.8625185836016556 ) ) ;
#3315 = CARTESIAN_POINT ( 'NONE',  ( 319.0370945548290251, -10.19372269697804434, 139.4050437939082201 ) ) ;
#3316 = CARTESIAN_POINT ( 'NONE',  ( 300.0370945548292525, -5.879752200608514556, 247.0368116344825467 ) ) ;
#3317 = VERTEX_POINT ( 'NONE', #6255 ) ;
#3318 = DIRECTION ( 'NONE',  ( -1.000000000000000000, -0.000000000000000000, -0.000000000000000000 ) ) ;
#3319 = LINE ( 'NONE', #4822, #2337 ) ;
#3320 = DIRECTION ( 'NONE',  ( -0.000000000000000000, -0.000000000000000000, 1.000000000000000000 ) ) ;
#3321 = ORIENTED_EDGE ( 'NONE', *, *, #5358, .T. ) ;
#3322 = LINE ( 'NONE', #3396, #4712 ) ;
#3323 = EDGE_CURVE ( 'NONE', #1915, #813, #3284, .T. ) ;
#3324 = CARTESIAN_POINT ( 'NONE',  ( 319.6608366713057876, -5.137077083503242214, 257.2225534277301904 ) ) ;
#3325 = ADVANCED_FACE ( 'NONE', ( #4721 ), #4287, .T. ) ;
#3326 = ORIENTED_EDGE ( 'NONE', *, *, #2054, .F. ) ;
#3327 = CARTESIAN_POINT ( 'NONE',  ( 333.4213857886976484, 5.177308729347859462, 229.5421758659699947 ) ) ;
#3328 = CARTESIAN_POINT ( 'NONE',  ( 193.3333333323510885, 15.18845332257153480, 253.7677995456126325 ) ) ;
#3329 = CIRCLE ( 'NONE', #3850, 0.9999998945584148702 ) ;
#3330 = EDGE_LOOP ( 'NONE', ( #3909, #2453, #5006, #6280 ) ) ;
#3331 = CARTESIAN_POINT ( 'NONE',  ( 328.8044240998541454, 0.7279622062621958767, 223.0411099787912406 ) ) ;
#3332 = CARTESIAN_POINT ( 'NONE',  ( 0.000000000000000000, -1.685681154134503368, 431.6634505495804319 ) ) ;
#3333 = CARTESIAN_POINT ( 'NONE',  ( 325.1932200127620831, 11.28655658129795114, 244.5793179243831901 ) ) ;
#3334 = CARTESIAN_POINT ( 'NONE',  ( 324.8370945548203963, 1.224820878763543286, 221.8909659436959032 ) ) ;
#3335 = CARTESIAN_POINT ( 'NONE',  ( 579.9999999970528961, 4.033212153983865456, 242.5533110923767026 ) ) ;
#3336 = EDGE_CURVE ( 'NONE', #4322, #436, #4394, .T. ) ;
#3337 = CARTESIAN_POINT ( 'NONE',  ( 579.9999999970531235, 1.086029542440168250, 373.4542763322207293 ) ) ;
#3338 = CARTESIAN_POINT ( 'NONE',  ( 324.8370945548288091, 0.9940866311782933229, 220.6322189254219097 ) ) ;
#3339 = CARTESIAN_POINT ( 'NONE',  ( 319.0370945548289114, -6.101211478770353303, 255.7157050331539949 ) ) ;
#3340 = CARTESIAN_POINT ( 'NONE',  ( 300.5441188113803150, -12.03999923945123562, 264.4069360666575221 ) ) ;
#3341 = CARTESIAN_POINT ( 'NONE',  ( 386.6666666647022339, 11.94894084339834173, 321.0677719607929816 ) ) ;
#3342 = CARTESIAN_POINT ( 'NONE',  ( 295.2370945548289569, 2.092774568846980987, 219.2315490794100867 ) ) ;
#3343 = CARTESIAN_POINT ( 'NONE',  ( 305.4270273808165825, 11.80627730306197698, 245.2028834759135805 ) ) ;
#3344 = ORIENTED_EDGE ( 'NONE', *, *, #393, .F. ) ;
#3345 = CARTESIAN_POINT ( 'NONE',  ( 386.6666666647018928, -5.975492132353124930, 266.5706856483420211 ) ) ;
#3346 = CARTESIAN_POINT ( 'NONE',  ( 290.8587730610719291, 7.677902808968969595, 232.5433008224251807 ) ) ;
#3347 = CARTESIAN_POINT ( 'NONE',  ( 325.0020140979293615, -3.747927962220630516, 228.6490141382991226 ) ) ;
#3348 = ORIENTED_EDGE ( 'NONE', *, *, #4686, .F. ) ;
#3349 = CARTESIAN_POINT ( 'NONE',  ( 303.0134159366969584, -14.77374279537605872, 125.2780846115160784 ) ) ;
#3350 = CARTESIAN_POINT ( 'NONE',  ( 295.9622150106099525, -5.180514941940026930, 236.8088659810338186 ) ) ;
#3351 = CARTESIAN_POINT ( 'NONE',  ( 316.8184367877244085, -14.87278305444003834, 126.1570818587976248 ) ) ;
#3352 = AXIS2_PLACEMENT_3D ( 'NONE', #2340, #6303, #4260 ) ;
#3353 = CARTESIAN_POINT ( 'NONE',  ( 294.2146634343281448, 9.846406979727651887, 236.3213951211293136 ) ) ;
#3354 = ORIENTED_EDGE ( 'NONE', *, *, #1850, .F. ) ;
#3355 = FACE_BOUND ( 'NONE', #441, .T. ) ;
#3356 = CARTESIAN_POINT ( 'NONE',  ( 313.2370945548290138, 7.303712137621196199, 110.5050442647847291 ) ) ;
#3357 = DIRECTION ( 'NONE',  ( 0.000000000000000000, 0.000000000000000000, -1.000000000000000000 ) ) ;
#3358 = ORIENTED_EDGE ( 'NONE', *, *, #776, .T. ) ;
#3359 = CARTESIAN_POINT ( 'NONE',  ( 323.8370945548290365, 11.80627730302193790, 105.0050425958546754 ) ) ;
#3360 = CARTESIAN_POINT ( 'NONE',  ( 294.2169388987331331, -3.233930109502321404, 224.2540302971124788 ) ) ;
#3361 = ORIENTED_EDGE ( 'NONE', *, *, #3494, .T. ) ;
#3362 = CARTESIAN_POINT ( 'NONE',  ( 319.6189089865714550, 1.758146652493856266, 223.3276104660839962 ) ) ;
#3363 = CIRCLE ( 'NONE', #908, 0.9999998945584148702 ) ;
#3364 = CARTESIAN_POINT ( 'NONE',  ( 193.3333333323509180, -6.011416850334453166, 437.9956807640800776 ) ) ;
#3365 = AXIS2_PLACEMENT_3D ( 'NONE', #1085, #3029, #603 ) ;
#3366 = ORIENTED_EDGE ( 'NONE', *, *, #673, .T. ) ;
#3367 = B_SPLINE_SURFACE_WITH_KNOTS ( 'NONE', 3, 1, ( 
 ( #2445, #1696 ),
 ( #2711, #2118 ),
 ( #4662, #259 ),
 ( #1220, #3591 ) ),
 .UNSPECIFIED., .F., .F., .F.,
 ( 4, 4 ),
 ( 2, 2 ),
 ( 0.000000000000000000, 1.000000000000000000 ),
 ( 0.000000000000000000, 1.000000000000000000 ),
 .UNSPECIFIED. ) ;
#3368 = CARTESIAN_POINT ( 'NONE',  ( 324.2198221725698772, -0.7389797712872265834, 222.7406077189569658 ) ) ;
#3369 = CARTESIAN_POINT ( 'NONE',  ( 579.9999999970531235, -5.144550325250647482, 305.2452058889440423 ) ) ;
#3370 = CARTESIAN_POINT ( 'NONE',  ( 298.4370945805248994, -5.412450849531238894, 264.4069360666574653 ) ) ;
#3371 = CARTESIAN_POINT ( 'NONE',  ( 324.8370945548376199, -0.3471115882092160598, 221.3880043640064059 ) ) ;
#3372 = CARTESIAN_POINT ( 'NONE',  ( 579.9999999970528961, 11.62353847066273715, 274.5007389497849886 ) ) ;
#3373 = CARTESIAN_POINT ( 'NONE',  ( 386.6666666647020634, 9.079703889018317042, 340.5423409009899274 ) ) ;
#3374 = CARTESIAN_POINT ( 'NONE',  ( 295.8985529072974714, 11.74912039366155803, 243.6642213897330009 ) ) ;
#3375 = CARTESIAN_POINT ( 'NONE',  ( 323.9079535209310166, -5.191249299704676190, 239.6501367732550136 ) ) ;
#3376 = CARTESIAN_POINT ( 'NONE',  ( 0.000000000000000000, 13.99887089352030856, 338.7147378488038498 ) ) ;
#3377 = CARTESIAN_POINT ( 'NONE',  ( 294.2083305218748137, 7.097276023530810996, 228.4767940283499570 ) ) ;
#3378 = CARTESIAN_POINT ( 'NONE',  ( 286.1372881476501107, 0.2074417539082180351, 219.8196223354879351 ) ) ;
#3379 = EDGE_CURVE ( 'NONE', #3933, #4777, #6185, .T. ) ;
#3380 = EDGE_LOOP ( 'NONE', ( #1569, #3061, #475, #1005 ) ) ;
#3381 = CARTESIAN_POINT ( 'NONE',  ( 579.9999999970528961, -2.452747206727057261E-11, 238.5133111311282619 ) ) ;
#3382 = CARTESIAN_POINT ( 'NONE',  ( 286.0531280424692682, 0.7793490811551229136, 220.1922864355131537 ) ) ;
#3383 = ORIENTED_EDGE ( 'NONE', *, *, #1722, .F. ) ;
#3384 = CARTESIAN_POINT ( 'NONE',  ( 325.7197862612522954, -3.853872109630369636, 229.2614009853111270 ) ) ;
#3385 = VERTEX_POINT ( 'NONE', #314 ) ;
#3386 = CARTESIAN_POINT ( 'NONE',  ( 300.0370945548290251, -5.193722696978042563, 139.4050437939080780 ) ) ;
#3387 = CARTESIAN_POINT ( 'NONE',  ( 295.0653260120400887, -3.731314876166448968, 226.2954016659620038 ) ) ;
#3388 = FILL_AREA_STYLE ('',( #1446 ) ) ;
#3389 = DIRECTION ( 'NONE',  ( -0.000000000000000000, 0.000000000000000000, 1.000000000000000000 ) ) ;
#3390 = EDGE_LOOP ( 'NONE', ( #3843, #2534, #2187, #1910 ) ) ;
#3391 = CARTESIAN_POINT ( 'NONE',  ( 323.8370945548290365, 11.80627730302191480, 246.8063163277639944 ) ) ;
#3392 = CARTESIAN_POINT ( 'NONE',  ( 321.2800969263227557, -5.197259647769306490, 239.5188441907289416 ) ) ;
#3393 = CARTESIAN_POINT ( 'NONE',  ( 301.0753408889271441, -10.81030927036302458, 112.6506855997755707 ) ) ;
#3394 = CYLINDRICAL_SURFACE ( 'NONE', #3662, 1.000000000000000888 ) ;
#3395 = EDGE_CURVE ( 'NONE', #5656, #2401, #1632, .T. ) ;
#3396 = CARTESIAN_POINT ( 'NONE',  ( 300.0370945548290251, -4.196647499877946608, 139.4050437939080496 ) ) ;
#3397 = VECTOR ( 'NONE', #3318, 1000.000000000000000 ) ;
#3398 = CARTESIAN_POINT ( 'NONE',  ( 286.3412779751687935, -2.222462009858670484, 220.8191335372179367 ) ) ;
#3399 = CARTESIAN_POINT ( 'NONE',  ( 297.3033753844210310, 11.80967271450309930, 249.5272535598546995 ) ) ;
#3400 = CARTESIAN_POINT ( 'NONE',  ( 324.2124414672035755, 1.424238822640391700, 223.3286947522394996 ) ) ;
#3401 = AXIS2_PLACEMENT_3D ( 'NONE', #3602, #5483, #1598 ) ;
#3402 = CARTESIAN_POINT ( 'NONE',  ( 0.000000000000000000, -4.371643211507932669, 446.5568535484148924 ) ) ;
#3403 = VERTEX_POINT ( 'NONE', #382 ) ;
#3404 = B_SPLINE_CURVE_WITH_KNOTS ( 'NONE', 3,
 ( #141, #3521, #4568, #2110, #4949, #194, #4066, #5910, #2136, #5970, #644, #2559, #6002, #3977, #3101, #1545, #5038, #5939, #2589, #3553, #4094, #4542, #1607, #5430, #3039, #81, #3582, #1093, #4512, #5463 ),
 .UNSPECIFIED., .F., .F.,
 ( 4, 2, 2, 2, 2, 2, 2, 2, 2, 2, 2, 2, 2, 2, 4 ),
 ( 0.04474383114034347075, 0.04547417798126442839, 0.04620452482218538603, 0.04766521850402732907, 0.04912591218586926517, 0.05058660586771120127, 0.05204729954955314430, 0.05350799323139508040, 0.05642938059507895954, 0.05935076795876283173, 0.06227215532244670393, 0.06811493004981448995, 0.07395770477718227598, 0.07980047950455004813, 0.09148602895928562018 ),
 .UNSPECIFIED. ) ;
#3405 = CARTESIAN_POINT ( 'NONE',  ( 319.6044054662674512, -0.2609343455737363482, 222.0523094199846241 ) ) ;
#3406 = CARTESIAN_POINT ( 'NONE',  ( 193.3333333323509748, -6.543366302362839448, 407.5854026889500688 ) ) ;
#3407 = DIRECTION ( 'NONE',  ( 0.000000000000000000, 0.000000000000000000, -1.000000000000000000 ) ) ;
#3408 = CARTESIAN_POINT ( 'NONE',  ( 325.8040185273861198, -1.812209470993688898, 222.6538760043557659 ) ) ;
#3409 =( BOUNDED_SURFACE ( )  B_SPLINE_SURFACE ( 3, 2, ( 
 ( #3944, #3427, #5877 ),
 ( #4033, #1514, #5396 ),
 ( #5427, #609, #3392 ),
 ( #2556, #544, #1057 ) ),
 .UNSPECIFIED., .F., .F., .T. ) 
 B_SPLINE_SURFACE_WITH_KNOTS ( ( 4, 4 ),
 ( 3, 3 ),
 ( -5.551115123125782702E-17, 0.003842547774339102797 ),
 ( 0.000000000000000000, 1.000000000000000000 ),
 .UNSPECIFIED. ) 
 GEOMETRIC_REPRESENTATION_ITEM ( )  RATIONAL_B_SPLINE_SURFACE ( (
 ( 1.000000000000000000, 0.9991294449730941940, 1.000000000000000000),
 ( 1.000000000000000000, 0.9991224417577873051, 1.000000000000000000),
 ( 1.000000000000000000, 0.9991153710438616109, 1.000000000000000000),
 ( 1.000000000000000000, 0.9991082352306893677, 1.000000000000000000) ) ) 
 REPRESENTATION_ITEM ( '' )  SURFACE ( )  );
#3410 = CARTESIAN_POINT ( 'NONE',  ( 0.000000000000000000, -7.630794817724408041, 387.2858327702766701 ) ) ;
#3411 = B_SPLINE_CURVE_WITH_KNOTS ( 'NONE', 3,
 ( #5332, #4784, #1955, #1882, #2429, #3351, #5768, #5363, #3873, #5297, #4246, #854, #927, #2873, #5843, #2906, #444, #3424, #4352, #6180, #5806, #2323 ),
 .UNSPECIFIED., .F., .F.,
 ( 4, 2, 2, 2, 2, 2, 2, 2, 2, 2, 4 ),
 ( -4.601918886689933453E-05, 0.002710643129014262808, 0.005467305446895424741, 0.008223967764776586239, 0.01098063008265770871, 0.01373729240053882944, 0.01649395471841995364, 0.01787228587736051921, 0.01925061703630108131, 0.02062894819524164342, 0.02200727935418220899 ),
 .UNSPECIFIED. ) ;
#3412 = CARTESIAN_POINT ( 'NONE',  ( 301.0370945554108175, -13.91323220624545343, 259.9837751405972313 ) ) ;
#3413 = FACE_OUTER_BOUND ( 'NONE', #2362, .T. ) ;
#3414 = CARTESIAN_POINT ( 'NONE',  ( 386.6666666647018928, 13.90735550912538265, 302.2484120702011978 ) ) ;
#3415 = CARTESIAN_POINT ( 'NONE',  ( 309.0086674300828236, 3.306277303021957881, 136.7050419661089222 ) ) ;
#3416 = FACE_OUTER_BOUND ( 'NONE', #4090, .T. ) ;
#3417 = EDGE_LOOP ( 'NONE', ( #4647, #5845, #2294, #4349, #3664, #4489, #4824 ) ) ;
#3418 = CYLINDRICAL_SURFACE ( 'NONE', #5206, 1.000000000000000888 ) ;
#3419 = CARTESIAN_POINT ( 'NONE',  ( 295.6139424567177230, 1.826457543173952924, 221.7653996019120086 ) ) ;
#3420 = ORIENTED_EDGE ( 'NONE', *, *, #5519, .T. ) ;
#3421 = DIRECTION ( 'NONE',  ( -1.000000000000000000, 0.000000000000000000, 0.000000000000000000 ) ) ;
#3422 = CARTESIAN_POINT ( 'NONE',  ( 300.0370945548290251, -10.20390390573182948, 160.3643927265176217 ) ) ;
#3423 = FACE_OUTER_BOUND ( 'NONE', #1416, .T. ) ;
#3424 = CARTESIAN_POINT ( 'NONE',  ( 319.8657737169679081, -11.51082098660765851, 113.7564693300725196 ) ) ;
#3425 = CARTESIAN_POINT ( 'NONE',  ( 304.5132377287089298, -13.79654078231063430, 264.4069360666575221 ) ) ;
#3426 = ORIENTED_EDGE ( 'NONE', *, *, #3527, .T. ) ;
#3427 = CARTESIAN_POINT ( 'NONE',  ( 323.8328539987871295, -5.193722696978047892, 239.7365687043268565 ) ) ;
#3428 = CARTESIAN_POINT ( 'NONE',  ( 320.0370945548290251, -5.193722696977875586, 109.4050437939080922 ) ) ;
#3429 = DIRECTION ( 'NONE',  ( -1.000000000000000000, 0.000000000000000000, -0.000000000000000000 ) ) ;
#3430 = DIRECTION ( 'NONE',  ( 0.000000000000000000, 0.9599876049933694366, 0.2800424936667552100 ) ) ;
#3431 = CARTESIAN_POINT ( 'NONE',  ( 333.4470155497128872, -5.235275402541829770, 265.3926030627790738 ) ) ;
#3432 = DIRECTION ( 'NONE',  ( 0.000000000000000000, 0.000000000000000000, 1.000000000000000000 ) ) ;
#3433 = CARTESIAN_POINT ( 'NONE',  ( 193.3333333323511170, -5.787028705682168983, 439.6978874405062356 ) ) ;
#3434 = CARTESIAN_POINT ( 'NONE',  ( 300.4307186969522832, -4.194179486696055115, 237.2867740073409948 ) ) ;
#3435 = VERTEX_POINT ( 'NONE', #5304 ) ;
#3436 = AXIS2_PLACEMENT_3D ( 'NONE', #4562, #5540, #3147 ) ;
#3437 = CARTESIAN_POINT ( 'NONE',  ( 328.8030130431376392, -0.4910094363697160014, 222.8105281423143254 ) ) ;
#3438 = CARTESIAN_POINT ( 'NONE',  ( 386.6666666647020634, -5.769646836630459852, 367.4881854869412336 ) ) ;
#3439 = CARTESIAN_POINT ( 'NONE',  ( 323.7182226599502997, -4.589847222501703072, 244.8851306933236742 ) ) ;
#3440 = FACE_OUTER_BOUND ( 'NONE', #1967, .T. ) ;
#3441 = CARTESIAN_POINT ( 'NONE',  ( 193.3333333323509180, -6.025824523911690989, 441.7841423508043022 ) ) ;
#3442 = CARTESIAN_POINT ( 'NONE',  ( 305.0370945545383279, -14.20390173224699026, 160.3602134176305185 ) ) ;
#3443 = CARTESIAN_POINT ( 'NONE',  ( 0.000000000000000000, 8.516251081602066009, 210.1672704940056065 ) ) ;
#3444 = CARTESIAN_POINT ( 'NONE',  ( 193.3333333323510885, -4.759549676635348447, 434.1261621060937728 ) ) ;
#3445 = CIRCLE ( 'NONE', #4253, 1.000000000000000888 ) ;
#3446 = CARTESIAN_POINT ( 'NONE',  ( 295.7104459770157519, 11.65888731726221295, 242.8065012121391817 ) ) ;
#3447 = ORIENTED_EDGE ( 'NONE', *, *, #5409, .F. ) ;
#3448 = CARTESIAN_POINT ( 'NONE',  ( 286.0539214901118044, 0.9693087933663122602, 220.3474087952082527 ) ) ;
#3449 = VERTEX_POINT ( 'NONE', #6153 ) ;
#3450 = B_SPLINE_CURVE_WITH_KNOTS ( 'NONE', 3,
 ( #386, #4361, #2846, #4794, #5780, #6296, #3708, #3291, #829, #2744, #2333, #1280, #5671, #1312, #3255, #5197, #2776, #4726, #352, #2297, #4255, #864, #6189, #1822, #5236, #4292, #6224, #3949, #3979, #551, #5465, #5372, #2917, #4008, #3883, #4862, #24, #2438, #1929, #5402, #1033, #1001, #1455, #2980, #1547, #2948, #4920, #1096, #5941, #5432, #5914, #83, #114, #3493, #5884, #4893, #3399, #2500, #1062, #3041 ),
 .UNSPECIFIED., .F., .F.,
 ( 4, 2, 2, 2, 2, 2, 2, 2, 2, 2, 2, 2, 2, 2, 2, 2, 2, 2, 2, 2, 2, 2, 2, 2, 2, 2, 2, 2, 2, 4 ),
 ( 0.001515717636612454351, 0.01324260965602198567, 0.02496950167543159765, 0.03083294768513640538, 0.03669639369484122005, 0.03962811669969367595, 0.04109397820211994901, 0.04255983970454621512, 0.04402570120697248818, 0.04475863195818560736, 0.04512509733379221899, 0.04549156270939883062, 0.04585802808500544225, 0.04604126077280874807, 0.04613287711671040792, 0.04622449346061206776, 0.04640772614841538052, 0.04659095883621870715, 0.04695742421182536736, 0.04769035496303866001, 0.04842328571425195960, 0.05135500871910502613, 0.05282087022153154898, 0.05428673172395807878, 0.05721845472881112449, 0.06015017773366417714, 0.06601362374337026162, 0.07187706975307635304, 0.08360396177248852201, 0.09533085379190070485 ),
 .UNSPECIFIED. ) ;
#3451 = CARTESIAN_POINT ( 'NONE',  ( 323.8328539987867885, -5.193722696978053222, 239.7365687043268565 ) ) ;
#3452 = CARTESIAN_POINT ( 'NONE',  ( 309.0086674300828236, 3.303712024074804798, 108.7050436270565399 ) ) ;
#3453 = CARTESIAN_POINT ( 'NONE',  ( 296.2282391183237564, -5.197848171647330595, 237.0248164469791163 ) ) ;
#3454 = CARTESIAN_POINT ( 'NONE',  ( 295.2370945548289001, 0.9352640093336830329, 218.4946647722110242 ) ) ;
#3455 = CARTESIAN_POINT ( 'NONE',  ( 294.4551368133015785, 10.80721118054347407, 239.8800417442823800 ) ) ;
#3456 = VERTEX_POINT ( 'NONE', #3805 ) ;
#3457 = CARTESIAN_POINT ( 'NONE',  ( 300.4329677470853994, -4.968365988853932436, 249.1989741459610457 ) ) ;
#3458 = CARTESIAN_POINT ( 'NONE',  ( 325.8105433014425785, 7.726830675269635407, 232.3274407158098143 ) ) ;
#3459 = DIRECTION ( 'NONE',  ( 0.000000000000000000, 0.000000000000000000, -1.000000000000000000 ) ) ;
#3460 = DIRECTION ( 'NONE',  ( 0.000000000000000000, 5.551115123125782702E-15, -1.000000000000000000 ) ) ;
#3461 = CARTESIAN_POINT ( 'NONE',  ( 295.2370945548290706, -4.023002028297563371, 223.3888130643202317 ) ) ;
#3462 = CARTESIAN_POINT ( 'NONE',  ( 324.8370945548290933, -6.265113345688932966, 264.4069360666574653 ) ) ;
#3463 = EDGE_CURVE ( 'NONE', #2469, #3161, #5739, .T. ) ;
#3464 = VECTOR ( 'NONE', #517, 1000.000000000000000 ) ;
#3465 = CARTESIAN_POINT ( 'NONE',  ( 0.000000000000000000, 1.712573641261867508, 412.3034159109438406 ) ) ;
#3466 = CARTESIAN_POINT ( 'NONE',  ( 286.0887997454349261, -2.603174480750997333, 225.1721847680175870 ) ) ;
#3467 = ORIENTED_EDGE ( 'NONE', *, *, #445, .T. ) ;
#3468 = CARTESIAN_POINT ( 'NONE',  ( 328.7949654095826872, -0.2561409163063427252, 222.6694359647436272 ) ) ;
#3469 = CARTESIAN_POINT ( 'NONE',  ( 579.9999999970531235, -4.886162747044378918, 349.3334163557685201 ) ) ;
#3470 = CARTESIAN_POINT ( 'NONE',  ( 323.9139267051955926, 11.82619503077200562, 247.0129404481745610 ) ) ;
#3471 = CARTESIAN_POINT ( 'NONE',  ( 295.2370945548290706, 3.303712137621199307, 115.7115227970842426 ) ) ;
#3472 = CARTESIAN_POINT ( 'NONE',  ( 386.6666666647022339, -5.954441073316516508, 336.9066955511404444 ) ) ;
#3473 = CARTESIAN_POINT ( 'NONE',  ( 325.8086694257777367, -1.986061831826908541, 223.0034073220680568 ) ) ;
#3474 = CARTESIAN_POINT ( 'NONE',  ( 193.3333333323510317, 3.685149208709673108, 215.2350108880431208 ) ) ;
#3475 = CARTESIAN_POINT ( 'NONE',  ( 579.9999999970532372, -4.288441108073364205, 402.5788312642366691 ) ) ;
#3476 = CARTESIAN_POINT ( 'NONE',  ( 296.1435993417929922, 11.80265549279994097, 244.2095543855351991 ) ) ;
#3477 = EDGE_CURVE ( 'NONE', #5186, #370, #5667, .T. ) ;
#3478 = DIRECTION ( 'NONE',  ( 1.000000000000000000, 0.000000000000000000, 0.000000000000000000 ) ) ;
#3479 = CARTESIAN_POINT ( 'NONE',  ( 286.0684310073619940, 3.585834502923813449, 223.3259668752973823 ) ) ;
#3480 = ORIENTED_EDGE ( 'NONE', *, *, #3649, .T. ) ;
#3481 = DIRECTION ( 'NONE',  ( 0.000000000000000000, 0.000000000000000000, -1.000000000000000000 ) ) ;
#3482 = CARTESIAN_POINT ( 'NONE',  ( 323.8286282028672645, -5.197203401353555741, 239.7779621052477523 ) ) ;
#3483 = PLANE ( 'NONE',  #2376 ) ;
#3484 = CARTESIAN_POINT ( 'NONE',  ( 295.2370945548288432, -1.799786584791544852, 218.9492729888864915 ) ) ;
#3485 = CARTESIAN_POINT ( 'NONE',  ( 294.1785443198111238, 0.8093547971215776515, 219.5363264401609342 ) ) ;
#3486 = ORIENTED_EDGE ( 'NONE', *, *, #5779, .T. ) ;
#3487 = CARTESIAN_POINT ( 'NONE',  ( 300.4339589292062556, -5.414440774500418385, 265.1425982669460950 ) ) ;
#3488 = CARTESIAN_POINT ( 'NONE',  ( 325.7943950115579241, 3.334590323001374035, 224.0193498316913576 ) ) ;
#3489 = CARTESIAN_POINT ( 'NONE',  ( 313.2370945548290138, 8.303712137621197087, 104.0050425958546754 ) ) ;
#3490 = CARTESIAN_POINT ( 'NONE',  ( 301.0370945548291957, -5.197730681956426402, 237.4966267988837387 ) ) ;
#3491 = CARTESIAN_POINT ( 'NONE',  ( 286.1149024556006566, -1.674119752063700117, 219.7099367191318606 ) ) ;
#3492 = B_SPLINE_CURVE_WITH_KNOTS ( 'NONE', 3,
 ( #4588, #213, #241, #4643, #2157, #2184, #1706, #5596, #5115, #1398, #1323, #5720, #1905, #842, #1799, #6201, #2379, #2823, #876, #3267, #3302, #467, #4804, #431, #4738, #2788, #4338, #4771 ),
 .UNSPECIFIED., .F., .F.,
 ( 4, 2, 2, 2, 2, 2, 2, 2, 2, 2, 2, 2, 2, 4 ),
 ( 0.000000000000000000, 0.01118595778508573585, 0.02237191557017147170, 0.03355787335525720755, 0.03635436280152871957, 0.03915085224780022466, 0.04054909697093598414, 0.04124821933250390205, 0.04194734169407181995, 0.04264646405563973092, 0.04334558641720764188, 0.04404470877877555979, 0.04439426995955951527, 0.04474383114034347075 ),
 .UNSPECIFIED. ) ;
#3493 = CARTESIAN_POINT ( 'NONE',  ( 295.0609707976437903, 9.428565553979451508, 238.5398992855956237 ) ) ;
#3494 = EDGE_CURVE ( 'NONE', #4791, #5468, #1379, .T. ) ;
#3495 = CARTESIAN_POINT ( 'NONE',  ( 579.9999999970527824, -4.352006386214562816, 404.0986377003519578 ) ) ;
#3496 = EDGE_CURVE ( 'NONE', #2132, #4967, #4250, .T. ) ;
#3497 = CARTESIAN_POINT ( 'NONE',  ( 290.8675498500763865, -2.696152638076665831, 225.9471167971973387 ) ) ;
#3498 = ORIENTED_EDGE ( 'NONE', *, *, #5026, .F. ) ;
#3499 = CARTESIAN_POINT ( 'NONE',  ( 324.2149362524029925, -0.6449045505247501531, 222.6351588225329863 ) ) ;
#3500 = CARTESIAN_POINT ( 'NONE',  ( 0.000000000000000000, -7.875199188317395738, 346.8394967070635175 ) ) ;
#3501 = CARTESIAN_POINT ( 'NONE',  ( 321.1766261152711195, 12.61074989711481109, 257.3384684287568689 ) ) ;
#3502 = CARTESIAN_POINT ( 'NONE',  ( 295.2370945548290706, -4.193722696978042563, 105.0050425958546754 ) ) ;
#3503 = CARTESIAN_POINT ( 'NONE',  ( 386.6666666647018928, -5.530142459485384521, 406.8380078360256675 ) ) ;
#3504 = B_SPLINE_CURVE_WITH_KNOTS ( 'NONE', 3,
 ( #2247, #5793, #5320, #6236, #3788, #2756, #4707, #334, #1434, #1294, #5756, #915, #2346, #4805, #3340, #948, #432, #2824, #2280, #5213 ),
 .UNSPECIFIED., .F., .F.,
 ( 4, 2, 2, 2, 2, 2, 2, 2, 2, 4 ),
 ( 5.618469141565345737E-17, 0.0009764457529085655103, 0.001464668629362820239, 0.001952891505817074859, 0.002929337258725433612, 0.003905783011633791931, 0.004882228764542149817, 0.005858674517450509003, 0.006835120270358866455, 0.007811566023267225642 ),
 .UNSPECIFIED. ) ;
#3505 = CARTESIAN_POINT ( 'NONE',  ( 305.0370945548290251, -14.19372269697804434, 149.8822319968273860 ) ) ;
#3506 = CARTESIAN_POINT ( 'NONE',  ( 579.9999999970528961, 7.980006272893821695, 252.7075933310317168 ) ) ;
#3507 = AXIS2_PLACEMENT_3D ( 'NONE', #4181, #278, #2701 ) ;
#3508 = CARTESIAN_POINT ( 'NONE',  ( 193.3333333323509180, -6.011416850334453166, 437.9956807640800776 ) ) ;
#3509 = CARTESIAN_POINT ( 'NONE',  ( 295.5352077530912425, 11.71101293293048506, 243.8578100416365828 ) ) ;
#3510 = CARTESIAN_POINT ( 'NONE',  ( 290.8294367123404527, 0.5938484984588504600, 220.3733188422796445 ) ) ;
#3511 = ORIENTED_EDGE ( 'NONE', *, *, #450, .F. ) ;
#3512 = DIRECTION ( 'NONE',  ( -1.000000000000000000, 0.000000000000000000, 0.000000000000000000 ) ) ;
#3513 = CARTESIAN_POINT ( 'NONE',  ( 295.2370945548290706, 13.75623014262336419, 264.4069360666574653 ) ) ;
#3514 = CARTESIAN_POINT ( 'NONE',  ( 294.3312357326257143, -3.871621670788232272, 226.9346745637813854 ) ) ;
#3515 = CARTESIAN_POINT ( 'NONE',  ( 295.2370945548292411, 0.4969032660217369002, 218.3522526621368911 ) ) ;
#3516 = CARTESIAN_POINT ( 'NONE',  ( 294.2049807001556019, 5.972125749565110553, 226.0765824471016003 ) ) ;
#3517 = VERTEX_POINT ( 'NONE', #3286 ) ;
#3518 = DIRECTION ( 'NONE',  ( -1.000000000000000000, 0.000000000000000000, -0.000000000000000000 ) ) ;
#3519 = DIRECTION ( 'NONE',  ( -1.000000000000000000, 0.000000000000000000, 0.000000000000000000 ) ) ;
#3520 = CARTESIAN_POINT ( 'NONE',  ( 333.2922882108999261, 0.1871476594044005903, 222.9781017231496207 ) ) ;
#3521 = CARTESIAN_POINT ( 'NONE',  ( 333.5031120713549626, 0.2487312889004691663, 221.9451050650328057 ) ) ;
#3522 = CARTESIAN_POINT ( 'NONE',  ( 294.2028458854602491, -1.818300081062138807, 220.4912182536065757 ) ) ;
#3523 = CARTESIAN_POINT ( 'NONE',  ( 295.2370945548290706, -6.430452326606911129, 264.4069360666574653 ) ) ;
#3524 = CARTESIAN_POINT ( 'NONE',  ( 386.6666666647022339, -5.954441073316516508, 336.9066955511404444 ) ) ;
#3525 = CARTESIAN_POINT ( 'NONE',  ( 300.4212380015032977, -2.448579253871644656, 225.6014338919482327 ) ) ;
#3526 = EDGE_LOOP ( 'NONE', ( #5130, #3238, #5802, #3952 ) ) ;
#3527 = EDGE_CURVE ( 'NONE', #2807, #896, #5501, .T. ) ;
#3528 = AXIS2_PLACEMENT_3D ( 'NONE', #2693, #2635, #1202 ) ;
#3529 = ADVANCED_FACE ( 'NONE', ( #2400 ), #2841, .T. ) ;
#3530 = CARTESIAN_POINT ( 'NONE',  ( 324.2325676764926357, -1.051877782531373429, 223.2739168738049500 ) ) ;
#3531 = CARTESIAN_POINT ( 'NONE',  ( 294.2116990221747415, -2.381401549339061230, 221.7772777895369245 ) ) ;
#3532 = CARTESIAN_POINT ( 'NONE',  ( 320.0370945548290251, -5.262236313912985075, 262.9219554743627327 ) ) ;
#3533 = CARTESIAN_POINT ( 'NONE',  ( 324.8370945548288660, -3.073899156124583865, 223.0223380541730762 ) ) ;
#3534 = CARTESIAN_POINT ( 'NONE',  ( 579.9999999970527824, -4.546249360507058412, 395.0319048769461006 ) ) ;
#3535 = CARTESIAN_POINT ( 'NONE',  ( 305.0370945548289683, -14.19372269697804612, 139.4050437939080496 ) ) ;
#3536 = DIRECTION ( 'NONE',  ( 1.000000000000000000, 0.000000000000000000, 0.000000000000000000 ) ) ;
#3537 = CARTESIAN_POINT ( 'NONE',  ( 0.000000000000000000, -6.846324879718627798, 456.3122647871372806 ) ) ;
#3538 = CARTESIAN_POINT ( 'NONE',  ( 295.2370945548290706, 10.80627730302193079, 236.0418494052044025 ) ) ;
#3539 = APPLICATION_PROTOCOL_DEFINITION ( 'draft international standard', 'automotive_design', 1998, #559 ) ;
#3540 = EDGE_CURVE ( 'NONE', #2282, #4909, #3154, .T. ) ;
#3541 = CARTESIAN_POINT ( 'NONE',  ( 290.8167623462549614, -0.01892817629663152978, 220.0700582334987132 ) ) ;
#3542 = ORIENTED_EDGE ( 'NONE', *, *, #4658, .T. ) ;
#3543 = CARTESIAN_POINT ( 'NONE',  ( 324.1085998502692860, -5.177923967365534175, 239.5762702390183279 ) ) ;
#3544 = CIRCLE ( 'NONE', #2415, 0.9999999999999903411 ) ;
#3545 = CARTESIAN_POINT ( 'NONE',  ( 296.2370945548289569, 3.303712137621199307, 115.7115227970842426 ) ) ;
#3546 = CARTESIAN_POINT ( 'NONE',  ( 295.2370945548290706, -4.193722696978042563, 105.0050425958546754 ) ) ;
#3547 = CARTESIAN_POINT ( 'NONE',  ( 295.2370945548291274, 3.339595327661772473, 220.3490389800081743 ) ) ;
#3548 = DIRECTION ( 'NONE',  ( -0.9956745109474535171, -0.000000000000000000, -0.09291000080480743550 ) ) ;
#3549 = ORIENTED_EDGE ( 'NONE', *, *, #5882, .T. ) ;
#3550 = DIRECTION ( 'NONE',  ( 1.000000000000000000, -0.000000000000000000, -0.000000000000000000 ) ) ;
#3551 = CARTESIAN_POINT ( 'NONE',  ( 315.0370945548290251, -15.20378055301146603, 160.2391309246474691 ) ) ;
#3552 = CARTESIAN_POINT ( 'NONE',  ( 319.0370945548291957, -14.10509548408564484, 244.2350564111943356 ) ) ;
#3553 = CARTESIAN_POINT ( 'NONE',  ( 330.9363356834214187, 8.370032297103092489, 234.5218192241660233 ) ) ;
#3554 = CARTESIAN_POINT ( 'NONE',  ( 295.2370945548161103, 0.5244272691753973925, 219.4775142055786716 ) ) ;
#3555 = DIRECTION ( 'NONE',  ( 1.000000000000000000, 0.000000000000000000, -0.000000000000000000 ) ) ;
#3556 = CARTESIAN_POINT ( 'NONE',  ( 290.8742107351357618, -4.024609638670851197, 234.7887459878718346 ) ) ;
#3557 = ORIENTED_EDGE ( 'NONE', *, *, #1762, .T. ) ;
#3558 = CARTESIAN_POINT ( 'NONE',  ( 319.6468723735737854, -2.237859183869646884, 226.2425661274122035 ) ) ;
#3559 = CARTESIAN_POINT ( 'NONE',  ( 386.6666666647018928, -3.915872789727388614, 234.1898982628685246 ) ) ;
#3560 = CARTESIAN_POINT ( 'NONE',  ( 328.8385224335314660, 10.59451064187505764, 246.3791456364581052 ) ) ;
#3561 = B_SPLINE_CURVE_WITH_KNOTS ( 'NONE', 3,
 ( #1089, #5964, #5486, #1987, #1145, #3516, #1025, #4942, #3942, #3577, #105, #3034, #1054, #4974, #3095, #4416, #47, #3972, #5905, #1539, #3485, #214, #5062, #4645 ),
 .UNSPECIFIED., .F., .F.,
 ( 4, 2, 2, 2, 2, 2, 2, 2, 2, 2, 2, 4 ),
 ( 1.734723475976807094E-18, 0.005065130641701422187, 0.01013026128340284264, 0.01266282660425355373, 0.01392910926467887285, 0.01519539192510419023, 0.01646167458552950935, 0.01772795724595482847, 0.01836109857616750884, 0.01899423990638019616, 0.01962738123659288347, 0.02026052256680557079 ),
 .UNSPECIFIED. ) ;
#3562 = CARTESIAN_POINT ( 'NONE',  ( 324.0524511950154078, -5.170840606036237297, 239.1973387109689781 ) ) ;
#3563 = CARTESIAN_POINT ( 'NONE',  ( 579.9999999970530098, -1.884472597434357466, 240.4758978681773272 ) ) ;
#3564 = EDGE_CURVE ( 'NONE', #1913, #3435, #5377, .T. ) ;
#3565 = CARTESIAN_POINT ( 'NONE',  ( 320.0370945548290251, -5.193722696977875586, 109.4050437939080922 ) ) ;
#3566 = CARTESIAN_POINT ( 'NONE',  ( 0.000000000000000000, 19.05559646799564533, 289.0914184166211953 ) ) ;
#3567 = CARTESIAN_POINT ( 'NONE',  ( 579.9999999970527824, -4.352006386214562816, 404.0986377003519578 ) ) ;
#3568 = CARTESIAN_POINT ( 'NONE',  ( 324.8370945548290933, 7.578957416234336719, 229.3717116751945468 ) ) ;
#3569 = AXIS2_PLACEMENT_3D ( 'NONE', #1535, #3512, #505 ) ;
#3570 = CARTESIAN_POINT ( 'NONE',  ( 295.5948550005938387, -0.08101465999014706432, 220.3929062688608553 ) ) ;
#3571 = VERTEX_POINT ( 'NONE', #485 ) ;
#3572 = CARTESIAN_POINT ( 'NONE',  ( 323.9687113873625322, -5.192948541443204391, 239.7411017558669926 ) ) ;
#3573 = DIRECTION ( 'NONE',  ( 0.000000000000000000, -1.000000000000000000, -6.938893903907222067E-15 ) ) ;
#3574 = CARTESIAN_POINT ( 'NONE',  ( 295.2370945548290706, -3.214186923314716449, 224.2597896746962647 ) ) ;
#3575 = CARTESIAN_POINT ( 'NONE',  ( 295.2370945548289569, 0.04016301398002638384, 218.2915933451553201 ) ) ;
#3576 = ADVANCED_FACE ( 'NONE', ( #3804 ), #2433, .T. ) ;
#3577 = CARTESIAN_POINT ( 'NONE',  ( 294.1988364435181893, 4.282794338428661085, 223.1557020903231319 ) ) ;
#3578 = ORIENTED_EDGE ( 'NONE', *, *, #5316, .F. ) ;
#3579 = CARTESIAN_POINT ( 'NONE',  ( 290.8695715098876917, 13.85725293143142878, 264.8329374484848131 ) ) ;
#3580 = CARTESIAN_POINT ( 'NONE',  ( 315.0370945548290820, -15.14843693141821213, 238.3664073527870073 ) ) ;
#3581 = DIRECTION ( 'NONE',  ( -0.000000000000000000, -1.576542137387265747E-16, 1.000000000000000000 ) ) ;
#3582 = CARTESIAN_POINT ( 'NONE',  ( 327.5403170540076303, 12.54742115990808671, 251.1616620176458241 ) ) ;
#3583 =( BOUNDED_SURFACE ( )  B_SPLINE_SURFACE ( 3, 2, ( 
 ( #5954, #5894, #4931 ),
 ( #5828, #3412, #498 ),
 ( #2992, #1558, #3022 ),
 ( #4994, #626, #2509 ),
 ( #5383, #2449, #3929 ),
 ( #1466, #1012, #1529 ),
 ( #593, #2541, #1043 ),
 ( #2573, #2960, #562 ),
 ( #4404, #33, #2035 ),
 ( #5862, #1499, #3442 ),
 ( #3989, #5924, #3505 ),
 ( #708, #5530, #3682 ) ),
 .UNSPECIFIED., .F., .F., .T. ) 
 B_SPLINE_SURFACE_WITH_KNOTS ( ( 4, 2, 2, 2, 2, 4 ),
 ( 3, 3 ),
 ( 0.06882148034297673467, 0.08510900558853240483, 0.1013965308340880889, 0.1339715813251994292, 0.1665466318163107973, 0.1991216823074221376 ),
 ( 0.000000000000000000, 1.000000000000000000 ),
 .UNSPECIFIED. ) 
 GEOMETRIC_REPRESENTATION_ITEM ( )  RATIONAL_B_SPLINE_SURFACE ( (
 ( 1.000000000000000000, 0.7071067811865475727, 1.000000000000000000),
 ( 1.000000000000000000, 0.7071067811865475727, 1.000000000000000000),
 ( 1.000000000000000000, 0.7071067811865474617, 1.000000000000000000),
 ( 1.000000000000000000, 0.7071067811865474617, 1.000000000000000000),
 ( 1.000000000000000000, 0.7071067811865475727, 1.000000000000000000),
 ( 1.000000000000000000, 0.7071067811865475727, 1.000000000000000000),
 ( 1.000000000000000000, 0.7071067811865475727, 1.000000000000000000),
 ( 1.000000000000000000, 0.7071067811865475727, 1.000000000000000000),
 ( 1.000000000000000000, 0.7071067811865573427, 1.000000000000000000),
 ( 1.000000000000000000, 0.7071067811865573427, 1.000000000000000000),
 ( 1.000000000000000000, 0.7071067811865475727, 1.000000000000000000),
 ( 1.000000000000000000, 0.7071067811865475727, 1.000000000000000000) ) ) 
 REPRESENTATION_ITEM ( '' )  SURFACE ( )  );
#3584 = CARTESIAN_POINT ( 'NONE',  ( 295.2370945548291843, -1.285774992450846366, 218.6152976068479745 ) ) ;
#3585 = CARTESIAN_POINT ( 'NONE',  ( 320.0370945548290251, -5.262236313912985075, 262.9219554743627327 ) ) ;
#3586 = PRODUCT_DEFINITION_CONTEXT ( 'detailed design', #559, 'design' ) ;
#3587 = CARTESIAN_POINT ( 'NONE',  ( 290.8755521997792357, -4.397381823887260843, 238.7710235202516742 ) ) ;
#3588 = EDGE_LOOP ( 'NONE', ( #2077, #3973, #3599, #985, #6027, #59, #1980, #2316, #1241, #477, #2832, #3549 ) ) ;
#3589 = CARTESIAN_POINT ( 'NONE',  ( 328.8330529309107533, -1.644733537232505594, 225.0799286684198535 ) ) ;
#3590 = DIRECTION ( 'NONE',  ( 4.691606465803633086E-16, 0.2704526992788770512, 0.9627332639172542228 ) ) ;
#3591 = CARTESIAN_POINT ( 'NONE',  ( 315.0370945548290251, -14.19372269697804612, 139.4050437939080496 ) ) ;
#3592 =( GEOMETRIC_REPRESENTATION_CONTEXT ( 3 ) GLOBAL_UNCERTAINTY_ASSIGNED_CONTEXT ( ( #2674 ) ) GLOBAL_UNIT_ASSIGNED_CONTEXT ( ( #1080, #3026, #2933 ) ) REPRESENTATION_CONTEXT ( 'NONE', 'WORKASPACE' ) );
#3593 = CARTESIAN_POINT ( 'NONE',  ( 315.0370945548290820, -13.92572083289570628, 259.1994545818211009 ) ) ;
#3594 = CARTESIAN_POINT ( 'NONE',  ( 0.000000000000000000, 18.39353072245676657, 301.0012924865722539 ) ) ;
#3595 = CARTESIAN_POINT ( 'NONE',  ( 193.3333333323509464, -1.689577546666605867, 213.0401703756483016 ) ) ;
#3596 = CARTESIAN_POINT ( 'NONE',  ( 324.8370945547274573, 6.691923954471952207, 229.7676755976331151 ) ) ;
#3597 = AXIS2_PLACEMENT_3D ( 'NONE', #1199, #4586, #4056 ) ;
#3598 = CARTESIAN_POINT ( 'NONE',  ( 300.3730461452277609, 0.01133896120402299104, 220.7156988431839579 ) ) ;
#3599 = ORIENTED_EDGE ( 'NONE', *, *, #978, .T. ) ;
#3600 = CARTESIAN_POINT ( 'NONE',  ( 295.2370945548290706, 0.000000000000000000, 0.000000000000000000 ) ) ;
#3601 = CARTESIAN_POINT ( 'NONE',  ( 386.6666666647018928, 12.07468432340812825, 254.2018341394958725 ) ) ;
#3602 = CARTESIAN_POINT ( 'NONE',  ( 323.8370945548290365, 10.80627730302193790, 105.0050425958546754 ) ) ;
#3603 = CARTESIAN_POINT ( 'NONE',  ( 299.2250122311477867, -7.156911992869086525, 258.9429071604394608 ) ) ;
#3604 = AXIS2_PLACEMENT_3D ( 'NONE', #5476, #2004, #2961 ) ;
#3605 = FILL_AREA_STYLE ('',( #5032 ) ) ;
#3606 = EDGE_CURVE ( 'NONE', #2967, #1842, #5849, .T. ) ;
#3607 = CARTESIAN_POINT ( 'NONE',  ( 315.0370945548290251, -10.19372269697804612, 139.4050437939080496 ) ) ;
#3608 = ORIENTED_EDGE ( 'NONE', *, *, #6069, .F. ) ;
#3609 = CARTESIAN_POINT ( 'NONE',  ( 315.0370945548290251, -15.19372269697804789, 139.4050437939080211 ) ) ;
#3610 = CARTESIAN_POINT ( 'NONE',  ( 298.2370945548290138, -3.296287826616013827, 134.9050437939080496 ) ) ;
#3611 = DIRECTION ( 'NONE',  ( 0.000000000000000000, -1.000000000000000000, -5.551115123125779547E-15 ) ) ;
#3612 = CARTESIAN_POINT ( 'NONE',  ( 320.0370945546835628, -14.98933414973563139, 254.7462004643495277 ) ) ;
#3613 = CARTESIAN_POINT ( 'NONE',  ( 319.0370945548290251, -5.193722696978042563, 139.4050437939080780 ) ) ;
#3614 = CARTESIAN_POINT ( 'NONE',  ( 294.1732918907255794, -0.5439782823889094399, 219.3724810389691697 ) ) ;
#3615 = CARTESIAN_POINT ( 'NONE',  ( 288.2805692804341788, 8.013892340361254085, 230.3212906134150160 ) ) ;
#3616 = CARTESIAN_POINT ( 'NONE',  ( 316.0792909584853305, -13.69324840214141936, 264.4069360666574653 ) ) ;
#3617 = EDGE_CURVE ( 'NONE', #749, #1407, #3319, .T. ) ;
#3618 = ORIENTED_EDGE ( 'NONE', *, *, #5456, .F. ) ;
#3619 =( BOUNDED_SURFACE ( )  B_SPLINE_SURFACE ( 3, 2, ( 
 ( #3275, #4780, #373 ),
 ( #11, #1442, #5801 ),
 ( #5764, #956, #1878 ),
 ( #4242, #3347, #5292 ),
 ( #1331, #4277, #3384 ),
 ( #1841, #476, #2425 ),
 ( #2796, #3903, #923 ),
 ( #3795, #5838, #2869 ),
 ( #4747, #4814, #1370 ),
 ( #3311, #5360, #1624 ),
 ( #2073, #5901, #3062 ),
 ( #2456, #42, #4055 ),
 ( #1508, #4938, #4533 ),
 ( #4026, #3996, #5871 ),
 ( #569, #5000, #4502 ),
 ( #633, #2549, #2969 ),
 ( #4910, #5420, #1983 ),
 ( #5390, #130, #3543 ),
 ( #5509, #5960, #5452 ),
 ( #3937, #4473, #3572 ),
 ( #1597, #537, #160 ),
 ( #5482, #3451, #1113 ) ),
 .UNSPECIFIED., .F., .F., .T. ) 
 B_SPLINE_SURFACE_WITH_KNOTS ( ( 4, 2, 2, 2, 2, 2, 2, 2, 2, 2, 4 ),
 ( 3, 3 ),
 ( -2.883977778811441794E-17, 0.001738950335216173353, 0.003477900670432375763, 0.005216851005648577740, 0.006955801340864780150, 0.01043370201129718497, 0.01217265234651338651, 0.01304212751412148902, 0.01347686509792554027, 0.01369423388982756590, 0.01391160268172958979 ),
 ( 0.000000000000000000, 1.000000000000000000 ),
 .UNSPECIFIED. ) 
 GEOMETRIC_REPRESENTATION_ITEM ( )  RATIONAL_B_SPLINE_SURFACE ( (
 ( 1.000000000000000000, 0.7139402525887770246, 1.000000000000000000),
 ( 1.000000000000000000, 0.7397182679512125381, 1.000000000000000000),
 ( 1.000000000000000000, 0.7612958954317614602, 1.000000000000000000),
 ( 1.000000000000000000, 0.7991848075435212806, 1.000000000000000000),
 ( 1.000000000000000000, 0.8154945250841094673, 1.000000000000000000),
 ( 1.000000000000000000, 0.8452713264617153222, 1.000000000000000000),
 ( 1.000000000000000000, 0.8588347022619297055, 1.000000000000000000),
 ( 1.000000000000000000, 0.8839541869257364626, 1.000000000000000000),
 ( 1.000000000000000000, 0.8954791431788672318, 1.000000000000000000),
 ( 1.000000000000000000, 0.9274794904117454886, 1.000000000000000000),
 ( 1.000000000000000000, 0.9453889197039112569, 1.000000000000000000),
 ( 1.000000000000000000, 0.9686825807811108024, 1.000000000000000000),
 ( 1.000000000000000000, 0.9758535000063537357, 1.000000000000000000),
 ( 1.000000000000000000, 0.9858002807390765510, 1.000000000000000000),
 ( 1.000000000000000000, 0.9889879749376753182, 1.000000000000000000),
 ( 1.000000000000000000, 0.9934956921321280721, 1.000000000000000000),
 ( 1.000000000000000000, 0.9949612680175141666, 1.000000000000000000),
 ( 1.000000000000000000, 0.9969857170932985291, 1.000000000000000000),
 ( 1.000000000000000000, 0.9976367795365594926, 1.000000000000000000),
 ( 1.000000000000000000, 0.9987401801332858042, 1.000000000000000000),
 ( 1.000000000000000000, 0.9992048107052666772, 1.000000000000000000),
 ( 1.000000000000000000, 0.9991294449730939720, 1.000000000000000000) ) ) 
 REPRESENTATION_ITEM ( '' )  SURFACE ( )  );
#3620 = CARTESIAN_POINT ( 'NONE',  ( 319.6406644061944462, -1.232304111191537155, 223.3717070901830652 ) ) ;
#3621 = CARTESIAN_POINT ( 'NONE',  ( 386.6666666647018928, -0.3885889226291279752, 225.5030240003190727 ) ) ;
#3622 = CARTESIAN_POINT ( 'NONE',  ( 324.2425738530606623, 10.23179533200764979, 244.2910139748824747 ) ) ;
#3623 = ADVANCED_FACE ( 'NONE', ( #1959 ), #4356, .T. ) ;
#3624 = FACE_OUTER_BOUND ( 'NONE', #3132, .T. ) ;
#3625 = CARTESIAN_POINT ( 'NONE',  ( 193.3333333323509464, 15.18647217929100890, 312.4160318443855999 ) ) ;
#3626 = CARTESIAN_POINT ( 'NONE',  ( 0.000000000000000000, -2.971648534343652059, 202.6081388344403251 ) ) ;
#3627 = CARTESIAN_POINT ( 'NONE',  ( 324.8370945548289228, 10.47388254136806474, 237.4093296142611678 ) ) ;
#3628 = CARTESIAN_POINT ( 'NONE',  ( 290.8170124387240776, -0.08179392187433662254, 220.0716577828503944 ) ) ;
#3629 = VERTEX_POINT ( 'NONE', #3428 ) ;
#3630 = CARTESIAN_POINT ( 'NONE',  ( 295.3496835174977946, -4.667104241493025718, 228.3093145597012779 ) ) ;
#3631 = CARTESIAN_POINT ( 'NONE',  ( 579.9999999970531235, 2.661510109830854454, 240.4789931181246629 ) ) ;
#3632 = FACE_OUTER_BOUND ( 'NONE', #6142, .T. ) ;
#3633 = B_SPLINE_CURVE_WITH_KNOTS ( 'NONE', 3,
 ( #6042, #6013, #1671, #3565 ),
 .UNSPECIFIED., .F., .F.,
 ( 4, 4 ),
 ( 0.7456553567484976996, 1.000000000000000000 ),
 .UNSPECIFIED. ) ;
#3634 =( GEOMETRIC_REPRESENTATION_CONTEXT ( 3 ) GLOBAL_UNCERTAINTY_ASSIGNED_CONTEXT ( ( #1213 ) ) GLOBAL_UNIT_ASSIGNED_CONTEXT ( ( #1651, #4087, #3691 ) ) REPRESENTATION_CONTEXT ( 'NONE', 'WORKASPACE' ) );
#3635 = CARTESIAN_POINT ( 'NONE',  ( 323.8370945548290365, -4.193722696978042563, 104.0050425958546754 ) ) ;
#3636 = VERTEX_POINT ( 'NONE', #4888 ) ;
#3637 = CARTESIAN_POINT ( 'NONE',  ( 579.9999999970527824, -4.546249360507058412, 395.0319048769461006 ) ) ;
#3638 = CARTESIAN_POINT ( 'NONE',  ( 320.0370945548290251, -5.456791378234010281, 242.5949549894727113 ) ) ;
#3639 = CARTESIAN_POINT ( 'NONE',  ( 324.4816488376961274, 11.57365591703601204, 244.7103958738185270 ) ) ;
#3640 = CARTESIAN_POINT ( 'NONE',  ( 324.8370945548290365, 10.80627730302195388, 1.703655151650572961E-15 ) ) ;
#3641 = DIRECTION ( 'NONE',  ( 0.000000000000000000, 0.000000000000000000, -1.000000000000000000 ) ) ;
#3642 = CARTESIAN_POINT ( 'NONE',  ( 307.0001108045298679, -5.193722696959490293, 238.0394985250127320 ) ) ;
#3643 = CARTESIAN_POINT ( 'NONE',  ( 295.2370945548374266, -1.058663064941275600, 219.7144887275576650 ) ) ;
#3644 = CARTESIAN_POINT ( 'NONE',  ( 301.0370945548290820, -6.187937014209235365, 254.9993118839883834 ) ) ;
#3645 = CARTESIAN_POINT ( 'NONE',  ( 324.7696966545865394, 11.17930099752765649, 241.3848160481388163 ) ) ;
#3646 = EDGE_CURVE ( 'NONE', #2492, #3449, #5811, .T. ) ;
#3647 = VERTEX_POINT ( 'NONE', #4419 ) ;
#3648 = CARTESIAN_POINT ( 'NONE',  ( 328.8299723166855415, -1.130671149847359169, 223.7678139125333701 ) ) ;
#3649 = EDGE_CURVE ( 'NONE', #3106, #3933, #5702, .T. ) ;
#3650 = CARTESIAN_POINT ( 'NONE',  ( 193.3333333323509464, -1.689577546666605867, 213.0401703756483016 ) ) ;
#3651 = CARTESIAN_POINT ( 'NONE',  ( 328.8334647238774551, 7.953213568783545462, 236.2699687226322283 ) ) ;
#3652 = CIRCLE ( 'NONE', #5791, 1.500000000000001332 ) ;
#3653 = CARTESIAN_POINT ( 'NONE',  ( 300.0370945548290251, -8.870042503419620417, 110.3418598206985592 ) ) ;
#3654 = CARTESIAN_POINT ( 'NONE',  ( 386.6666666647018928, 12.07468432340812825, 254.2018341394958725 ) ) ;
#3655 = CARTESIAN_POINT ( 'NONE',  ( 579.9999999970528961, -5.011717794592429165, 272.9486295801441429 ) ) ;
#3656 = DIRECTION ( 'NONE',  ( 0.1999674932621482437, 0.000000000000000000, 0.9798025319616461282 ) ) ;
#3657 = CARTESIAN_POINT ( 'NONE',  ( 290.8218951280244369, -0.2915752538505944069, 220.1257911426531280 ) ) ;
#3658 = LINE ( 'NONE', #5536, #4980 ) ;
#3659 = CARTESIAN_POINT ( 'NONE',  ( 193.3333333323510317, 1.893688306988295489, 213.4642146367242788 ) ) ;
#3660 = FACE_OUTER_BOUND ( 'NONE', #3839, .T. ) ;
#3661 = CARTESIAN_POINT ( 'NONE',  ( 319.3778497485912453, -12.32504946285594016, 264.4069360666574653 ) ) ;
#3662 = AXIS2_PLACEMENT_3D ( 'NONE', #80, #21, #2434 ) ;
#3663 = FACE_OUTER_BOUND ( 'NONE', #4248, .T. ) ;
#3664 = ORIENTED_EDGE ( 'NONE', *, *, #5240, .F. ) ;
#3665 = AXIS2_PLACEMENT_3D ( 'NONE', #6245, #3421, #339 ) ;
#3666 = CARTESIAN_POINT ( 'NONE',  ( 386.6666666647018928, -5.634577376048333974, 393.4924128655397340 ) ) ;
#3667 = CARTESIAN_POINT ( 'NONE',  ( 300.4214742447435356, 11.32710716071214030, 247.4373880942739845 ) ) ;
#3668 = CARTESIAN_POINT ( 'NONE',  ( 325.6724698588031970, 10.60665993561326736, 241.7231294984526073 ) ) ;
#3669 = DIRECTION ( 'NONE',  ( 1.000000000000000000, -0.000000000000000000, -0.000000000000000000 ) ) ;
#3670 = CARTESIAN_POINT ( 'NONE',  ( 315.0370945548291957, -15.20390119339752744, 160.3591730697015976 ) ) ;
#3671 = CARTESIAN_POINT ( 'NONE',  ( 328.3481646244832746, -3.067477335611747892E-11, 221.5918946146107089 ) ) ;
#3672 = CARTESIAN_POINT ( 'NONE',  ( 295.2370945547616543, 2.585650310628519577, 221.0792588847344291 ) ) ;
#3673 = CARTESIAN_POINT ( 'NONE',  ( 320.0370945548290251, -5.272553882325541785, 263.4169287679748663 ) ) ;
#3674 = VERTEX_POINT ( 'NONE', #3356 ) ;
#3675 = CARTESIAN_POINT ( 'NONE',  ( 318.7951153955905852, -11.58551477936416063, 113.8873163931274632 ) ) ;
#3676 = ORIENTED_EDGE ( 'NONE', *, *, #2712, .F. ) ;
#3677 = CARTESIAN_POINT ( 'NONE',  ( 0.000000000000000000, -4.219827966912870210, 206.0754173260052085 ) ) ;
#3678 = CARTESIAN_POINT ( 'NONE',  ( 319.6501927471776980, -2.581846301445357206, 227.5895371116065746 ) ) ;
#3679 = CARTESIAN_POINT ( 'NONE',  ( 328.8397274841697140, 11.32554172200116049, 250.1194699809272777 ) ) ;
#3680 = CARTESIAN_POINT ( 'NONE',  ( 386.6666666647018928, 10.58455155675147097, 330.7635623173570139 ) ) ;
#3681 = CARTESIAN_POINT ( 'NONE',  ( 333.3931889761401521, 0.2522846218261329265, 223.0249325208081075 ) ) ;
#3682 = CARTESIAN_POINT ( 'NONE',  ( 305.0370945548290251, -14.19372269697804434, 139.4050437939080496 ) ) ;
#3683 = CARTESIAN_POINT ( 'NONE',  ( 0.000000000000000000, 9.913730116561376704, 364.5373084075129100 ) ) ;
#3684 = CARTESIAN_POINT ( 'NONE',  ( 579.9999999970531235, -3.830333945579374788, 249.6992205581955488 ) ) ;
#3685 = CARTESIAN_POINT ( 'NONE',  ( 324.8370945551699265, 9.536198832825489191, 237.6863176819411763 ) ) ;
#3686 = CARTESIAN_POINT ( 'NONE',  ( 286.0622994258518474, -0.7557178415385306103, 220.1630996411827823 ) ) ;
#3687 = CARTESIAN_POINT ( 'NONE',  ( 324.8370945548290365, 0.000000000000000000, 0.000000000000000000 ) ) ;
#3688 = CARTESIAN_POINT ( 'NONE',  ( 193.3333333323509748, -3.397287876363841441E-11, 212.5133111311279777 ) ) ;
#3689 = VECTOR ( 'NONE', #3766, 1000.000000000000000 ) ;
#3690 = FACE_OUTER_BOUND ( 'NONE', #3207, .T. ) ;
#3691 =( NAMED_UNIT ( * ) SI_UNIT ( $, .STERADIAN. ) SOLID_ANGLE_UNIT ( ) );
#3692 = CARTESIAN_POINT ( 'NONE',  ( 293.6617906794033956, 12.96550272210825838, 256.6882478910373493 ) ) ;
#3693 = ORIENTED_EDGE ( 'NONE', *, *, #1389, .T. ) ;
#3694 = ORIENTED_EDGE ( 'NONE', *, *, #2057, .T. ) ;
#3695 = CARTESIAN_POINT ( 'NONE',  ( 579.9999999970531235, -5.144550325250647482, 305.2452058889440423 ) ) ;
#3696 = CARTESIAN_POINT ( 'NONE',  ( 300.4185770090050482, 9.616588135729950082, 239.6995515572237139 ) ) ;
#3697 = CARTESIAN_POINT ( 'NONE',  ( 324.5186880801736038, 11.57747185002298274, 245.8631567964968951 ) ) ;
#3698 = CARTESIAN_POINT ( 'NONE',  ( 300.0370945548290251, -14.80548660792605453, 265.2591122031471400 ) ) ;
#3699 = CARTESIAN_POINT ( 'NONE',  ( 315.0370945548290251, -15.19372269697804434, 149.8816117983418224 ) ) ;
#3700 = DIRECTION ( 'NONE',  ( -0.000000000000000000, 1.000000000000000000, 1.576542137387265747E-16 ) ) ;
#3701 = CARTESIAN_POINT ( 'NONE',  ( 286.1194355275745238, 1.804999961893241744, 219.7321479061862135 ) ) ;
#3702 = ORIENTED_EDGE ( 'NONE', *, *, #5358, .F. ) ;
#3703 = B_SPLINE_CURVE_WITH_KNOTS ( 'NONE', 3,
 ( #969, #1032, #4423, #4454, #488, #1892, #5371, #5401, #4827, #1418, #3491, #1963, #936, #3398, #3916, #2979, #5341, #5431, #3948, #550, #5852, #82, #1486, #2023, #516, #4861, #6295, #1993, #1000, #2465, #5883, #2947 ),
 .UNSPECIFIED., .F., .F.,
 ( 4, 2, 2, 2, 2, 2, 2, 2, 2, 2, 2, 2, 2, 2, 2, 4 ),
 ( 0.05010128536521810116, 0.05047667016846749816, 0.05085205497171689515, 0.05122743977496629214, 0.05160282457821568913, 0.05235359418471448312, 0.05310436379121327016, 0.05385513339771206415, 0.05460590300421085813, 0.05610744221720836977, 0.05760898143020588141, 0.05911052064320339305, 0.06211359906919836082, 0.07412591277317819027, 0.08613822647715801972, 0.09815054018113784917 ),
 .UNSPECIFIED. ) ;
#3704 = CARTESIAN_POINT ( 'NONE',  ( 295.2370945548290706, 14.76048187518886401, 264.4069360666574653 ) ) ;
#3705 = ORIENTED_EDGE ( 'NONE', *, *, #1031, .F. ) ;
#3706 = CARTESIAN_POINT ( 'NONE',  ( 193.3333333323509464, -5.898521906545276750, 234.5410815672917408 ) ) ;
#3707 = CARTESIAN_POINT ( 'NONE',  ( 328.8436391044060656, -2.930775775837874964, 229.9998168392358195 ) ) ;
#3708 = CARTESIAN_POINT ( 'NONE',  ( 294.5726174447038943, -4.140138389976345756, 236.1470611102669181 ) ) ;
#3709 = CARTESIAN_POINT ( 'NONE',  ( 333.4084375335341974, 2.306346589405302350, 224.8772486863739744 ) ) ;
#3710 = CARTESIAN_POINT ( 'NONE',  ( 0.000000000000000000, 14.38374267723915345, 229.2296430974215298 ) ) ;
#3711 = EDGE_CURVE ( 'NONE', #5118, #4220, #3841, .T. ) ;
#3712 = CARTESIAN_POINT ( 'NONE',  ( 319.6088213940851688, 0.3303937448362622709, 222.1393802564262785 ) ) ;
#3713 = CARTESIAN_POINT ( 'NONE',  ( 386.6666666647022339, -4.983285286627484822, 421.1448889319453883 ) ) ;
#3714 = CARTESIAN_POINT ( 'NONE',  ( 0.000000000000000000, -7.252290758643901825, 233.2460157265796568 ) ) ;
#3715 = CARTESIAN_POINT ( 'NONE',  ( 324.8370945548290365, -0.9963404843915731890, 220.6105944591310219 ) ) ;
#3716 = CARTESIAN_POINT ( 'NONE',  ( 290.8376496185929341, -0.6997255515296569861, 220.4271232242461451 ) ) ;
#3717 = CARTESIAN_POINT ( 'NONE',  ( 296.1487144143228534, -5.189952250618980578, 236.8342718718163553 ) ) ;
#3718 = CARTESIAN_POINT ( 'NONE',  ( 193.3333333323509748, 0.5840579286484742783, 212.5287729211146939 ) ) ;
#3719 = CARTESIAN_POINT ( 'NONE',  ( 324.8370945548290933, 5.918550688379514035, 226.1079928424762500 ) ) ;
#3720 = CARTESIAN_POINT ( 'NONE',  ( 305.0370945548290251, -13.82245167504188998, 264.4069360666575221 ) ) ;
#3721 = CARTESIAN_POINT ( 'NONE',  ( 320.0370945548290251, -5.193722696977875586, 109.4050437939080922 ) ) ;
#3722 = FACE_OUTER_BOUND ( 'NONE', #1423, .T. ) ;
#3723 = ORIENTED_EDGE ( 'NONE', *, *, #2857, .F. ) ;
#3724 = EDGE_CURVE ( 'NONE', #2043, #18, #5773, .T. ) ;
#3725 = CARTESIAN_POINT ( 'NONE',  ( 579.9999999970527824, -4.937668687604563011, 340.7488106811252351 ) ) ;
#3726 = CARTESIAN_POINT ( 'NONE',  ( 295.6293264382966868, 5.003386929672468675, 226.4729662764330556 ) ) ;
#3727 = CARTESIAN_POINT ( 'NONE',  ( 324.9821562756598610, 10.23576806352564894, 240.2212020624458546 ) ) ;
#3728 = DIRECTION ( 'NONE',  ( 0.000000000000000000, -0.000000000000000000, -1.000000000000000000 ) ) ;
#3729 = CARTESIAN_POINT ( 'NONE',  ( 320.0370945548290251, -15.19372269698713396, 149.8816117983416518 ) ) ;
#3730 = CARTESIAN_POINT ( 'NONE',  ( 296.2370945548290706, 11.80627730302191125, 264.4069360666574653 ) ) ;
#3731 = CARTESIAN_POINT ( 'NONE',  ( 296.2370945548290706, -4.193722696978042563, 104.0050425958546754 ) ) ;
#3732 = ORIENTED_EDGE ( 'NONE', *, *, #1201, .F. ) ;
#3733 = CARTESIAN_POINT ( 'NONE',  ( 323.9873580496785053, 11.79543214733893031, 246.7270132009811050 ) ) ;
#3734 = CARTESIAN_POINT ( 'NONE',  ( 324.8370945548289228, -0.5449411459487056852, 220.4712378636415337 ) ) ;
#3735 = ORIENTED_EDGE ( 'NONE', *, *, #6207, .T. ) ;
#3736 = CARTESIAN_POINT ( 'NONE',  ( 579.9999999970531235, -5.161150396137134777, 288.2912157075066375 ) ) ;
#3737 = CIRCLE ( 'NONE', #4561, 5.000000000000003553 ) ;
#3738 = CARTESIAN_POINT ( 'NONE',  ( 333.4466765862786133, -5.070236222097886269, 257.7553933855901391 ) ) ;
#3739 = CARTESIAN_POINT ( 'NONE',  ( 296.2370945548290706, -4.193722696978042563, 105.0050425958546754 ) ) ;
#3740 = CARTESIAN_POINT ( 'NONE',  ( 319.6422422261337601, 7.720480499505883110, 234.8505472981356945 ) ) ;
#3741 = EDGE_CURVE ( 'NONE', #2920, #1893, #4079, .T. ) ;
#3742 = CARTESIAN_POINT ( 'NONE',  ( 0.000000000000000000, 17.29793299244946070, 246.4975142672712138 ) ) ;
#3743 = CARTESIAN_POINT ( 'NONE',  ( 328.7932751716146527, 0.08569030533853355669, 222.6437191493241130 ) ) ;
#3744 = CARTESIAN_POINT ( 'NONE',  ( 579.9999999970527824, -4.341600791566104789, 401.3625127179655578 ) ) ;
#3745 = DIRECTION ( 'NONE',  ( -0.000000000000000000, -1.000000000000000000, -1.576542137387265747E-16 ) ) ;
#3746 = CARTESIAN_POINT ( 'NONE',  ( 324.8370945548638247, -0.9372625041316353656, 221.6232657013518690 ) ) ;
#3747 = CARTESIAN_POINT ( 'NONE',  ( 295.6154921804627520, -0.6944415693578390725, 220.7459023666263533 ) ) ;
#3748 = CARTESIAN_POINT ( 'NONE',  ( 386.6666666647017792, 14.56524338741086666, 284.5744906102912068 ) ) ;
#3749 = CARTESIAN_POINT ( 'NONE',  ( 0.000000000000000000, -4.371643211507932669, 446.5568535484148924 ) ) ;
#3750 = CARTESIAN_POINT ( 'NONE',  ( 324.8370945548289797, 8.946856865313254303, 232.7615525235108294 ) ) ;
#3751 = EDGE_CURVE ( 'NONE', #3870, #4284, #1605, .T. ) ;
#3752 = FACE_BOUND ( 'NONE', #3035, .T. ) ;
#3753 = CARTESIAN_POINT ( 'NONE',  ( 386.6666666647019497, 0.5029398384553279699, 225.5266254785185254 ) ) ;
#3754 = CARTESIAN_POINT ( 'NONE',  ( 579.9999999970532372, 4.936953304096522999, 351.2031543540123835 ) ) ;
#3755 = CARTESIAN_POINT ( 'NONE',  ( 286.5175890198458433, 2.325474706566529104, 221.6830239884581317 ) ) ;
#3756 = AXIS2_PLACEMENT_3D ( 'NONE', #3739, #1347, #5271 ) ;
#3757 = ORIENTED_EDGE ( 'NONE', *, *, #2662, .F. ) ;
#3758 = CARTESIAN_POINT ( 'NONE',  ( 193.3333333323510885, -6.367875266799881473, 242.1323187556666028 ) ) ;
#3759 = CARTESIAN_POINT ( 'NONE',  ( 290.8580460077208727, 7.351710497250461884, 231.6059980640539209 ) ) ;
#3760 = FACE_OUTER_BOUND ( 'NONE', #2385, .T. ) ;
#3761 = ORIENTED_EDGE ( 'NONE', *, *, #4746, .F. ) ;
#3762 = CARTESIAN_POINT ( 'NONE',  ( 305.0370945548290251, -14.80548660792605453, 265.2591122031471400 ) ) ;
#3763 = DIRECTION ( 'NONE',  ( 0.000000000000000000, -1.000000000000000000, 0.000000000000000000 ) ) ;
#3764 = CARTESIAN_POINT ( 'NONE',  ( 319.0370945548290251, -10.20377812467579659, 160.2393911849499943 ) ) ;
#3765 = CARTESIAN_POINT ( 'NONE',  ( 672.0146080650777094, -3.296287826616013827, 106.0050442647847433 ) ) ;
#3766 = DIRECTION ( 'NONE',  ( -1.000000000000000000, 3.469446951953592002E-16, 0.000000000000000000 ) ) ;
#3767 = VERTEX_POINT ( 'NONE', #4540 ) ;
#3768 = DIRECTION ( 'NONE',  ( -1.000000000000000000, 0.000000000000000000, 0.000000000000000000 ) ) ;
#3769 = B_SPLINE_CURVE_WITH_KNOTS ( 'NONE', 3,
 ( #140, #967, #2913, #4978, #4420, #2020, #1092, #5429, #3976, #2528, #546, #486, #1029, #5850, #4481, #110, #5369, #5938, #1059, #998, #1544, #2945, #1961, #3879, #2977, #52, #1574, #3038, #2052, #3520, #4889, #514, #5909, #1991, #3946, #1517, #612, #5399, #3006, #5812, #1452, #2497, #2700, #5546, #4567, #2191, #1236, #3155, #1713, #2109, #1606, #2640, #4541, #643, #168, #3182, #3070, #6058 ),
 .UNSPECIFIED., .F., .F.,
 ( 4, 2, 2, 2, 2, 2, 2, 2, 2, 2, 2, 2, 2, 2, 2, 2, 2, 2, 2, 2, 2, 2, 2, 2, 2, 2, 2, 2, 4 ),
 ( 0.3013935631883334909, 0.3125764338819288501, 0.3237593045755241539, 0.3349421752691195131, 0.3377378929425183807, 0.3391357517792177312, 0.3405336106159171372, 0.3419314694526165432, 0.3426303988709661907, 0.3433293282893158938, 0.3440282577076655413, 0.3443777224168403928, 0.3445524547714278185, 0.3446398209487215314, 0.3447271871260152443, 0.3450766518351900958, 0.3454261165443648918, 0.3461250459627145393, 0.3475229047994138898, 0.3489207636361131848, 0.3503186224728125353, 0.3517164813095118303, 0.3545121989829104203, 0.3573079166563090658, 0.3628993520031062459, 0.3684907873499034814, 0.3796736580434978414, 0.3852650933902950769, 0.3908565287370923125 ),
 .UNSPECIFIED. ) ;
#3770 = CARTESIAN_POINT ( 'NONE',  ( 301.0370945548291388, -10.51846583934120716, 112.2544266719291102 ) ) ;
#3771 = CARTESIAN_POINT ( 'NONE',  ( 323.8370945548290365, 10.80627730302193612, 105.0050425958546754 ) ) ;
#3772 = ORIENTED_EDGE ( 'NONE', *, *, #3527, .F. ) ;
#3773 = CARTESIAN_POINT ( 'NONE',  ( 0.000000000000000000, -6.717750288785817148, 224.6004539023777511 ) ) ;
#3774 = CARTESIAN_POINT ( 'NONE',  ( 324.2434381132079011, -2.352230874571966002, 226.9730088698863995 ) ) ;
#3775 = DIRECTION ( 'NONE',  ( -1.000000000000000000, -0.000000000000000000, -0.000000000000000000 ) ) ;
#3776 = CARTESIAN_POINT ( 'NONE',  ( 328.8131575618766078, 2.317607957855347678, 224.5766820233739907 ) ) ;
#3777 = CARTESIAN_POINT ( 'NONE',  ( 0.000000000000000000, 8.516251081602066009, 210.1672704940056065 ) ) ;
#3778 = B_SPLINE_CURVE_WITH_KNOTS ( 'NONE', 3,
 ( #2491, #4507, #4447, #3002, #1512, #2584, #2973, #134, #5005, #4537, #3999, #607, #5513, #3455, #5394, #2048, #5424, #163 ),
 .UNSPECIFIED., .F., .F.,
 ( 4, 2, 2, 2, 2, 2, 2, 2, 4 ),
 ( 5.551115123125782086E-17, 0.0002885914521068724901, 0.0005771829042136894690, 0.001154365808427324077, 0.002308731616854593511, 0.003463097425281862728, 0.004617463233709131511, 0.006926194850563669944, 0.009234926467418207510 ),
 .UNSPECIFIED. ) ;
#3779 = CARTESIAN_POINT ( 'NONE',  ( 333.3867493801371893, 0.02746142760899930590, 222.9386176452237578 ) ) ;
#3780 = CARTESIAN_POINT ( 'NONE',  ( 0.000000000000000000, -7.396703398402827645, 431.1210683550273188 ) ) ;
#3781 = DIRECTION ( 'NONE',  ( 0.000000000000000000, 0.000000000000000000, -1.000000000000000000 ) ) ;
#3782 = CARTESIAN_POINT ( 'NONE',  ( 324.8370945548201689, -0.5448371509020998316, 221.4447746624220770 ) ) ;
#3783 = CARTESIAN_POINT ( 'NONE',  ( 290.8582423268318848, -1.400618551341926699, 221.7831472608252170 ) ) ;
#3784 = CARTESIAN_POINT ( 'NONE',  ( 0.000000000000000000, 2.156697113733638815, 200.5962828315869046 ) ) ;
#3785 = CARTESIAN_POINT ( 'NONE',  ( 0.000000000000000000, -5.420589551295606157, 451.9053200484384547 ) ) ;
#3786 = CARTESIAN_POINT ( 'NONE',  ( 324.8370945548288660, 6.784000453274794395, 227.7246548690699228 ) ) ;
#3787 = CARTESIAN_POINT ( 'NONE',  ( 298.2370945548290138, 0.000000000000000000, 0.000000000000000000 ) ) ;
#3788 = CARTESIAN_POINT ( 'NONE',  ( 303.7448817561847250, -14.65553276212455280, 264.4069360666574653 ) ) ;
#3789 = CARTESIAN_POINT ( 'NONE',  ( 386.6666666647018360, -1.274544155731860640, 401.0421190094137955 ) ) ;
#3790 = CARTESIAN_POINT ( 'NONE',  ( 294.2106476917651321, 7.981562765810476634, 230.6663709169910703 ) ) ;
#3791 = CARTESIAN_POINT ( 'NONE',  ( 289.6915382196013411, -4.282575425197430619, 237.2347689821357335 ) ) ;
#3792 = VERTEX_POINT ( 'NONE', #5878 ) ;
#3793 = CARTESIAN_POINT ( 'NONE',  ( 193.3333333323509464, -5.898521906545276750, 234.5410815672917408 ) ) ;
#3794 = CARTESIAN_POINT ( 'NONE',  ( 295.6397978646514275, 9.143087682054618526, 237.5329894005977565 ) ) ;
#3795 = CARTESIAN_POINT ( 'NONE',  ( 324.6681720437795775, -4.752287939607059641, 231.9322611977504494 ) ) ;
#3796 = ORIENTED_EDGE ( 'NONE', *, *, #5456, .T. ) ;
#3797 = CARTESIAN_POINT ( 'NONE',  ( 319.0370945548290251, -14.19372269697804256, 139.4050437939080496 ) ) ;
#3798 = CARTESIAN_POINT ( 'NONE',  ( 296.0245033641295436, -5.171188060646762175, 236.4041272193058205 ) ) ;
#3799 = EDGE_CURVE ( 'NONE', #2967, #4412, #5201, .T. ) ;
#3800 = CARTESIAN_POINT ( 'NONE',  ( 298.2370945548290138, 3.303712137621199307, 117.2115227970842426 ) ) ;
#3801 = CARTESIAN_POINT ( 'NONE',  ( 301.0370945548290820, -10.08579623549439219, 264.4069360666575221 ) ) ;
#3802 = VERTEX_POINT ( 'NONE', #5008 ) ;
#3803 = DIRECTION ( 'NONE',  ( -1.000000000000000000, 0.000000000000000000, 0.000000000000000000 ) ) ;
#3804 = FACE_OUTER_BOUND ( 'NONE', #336, .T. ) ;
#3805 = CARTESIAN_POINT ( 'NONE',  ( 315.0370945548290251, -13.82245167504208894, 264.4069360666474040 ) ) ;
#3806 = EDGE_LOOP ( 'NONE', ( #6154, #5308, #5809, #3344, #3846, #4040, #3904, #3028, #3308, #164, #453, #6206, #2431, #5015, #5233, #146, #6047, #4820, #4590, #1112, #3326, #4217 ) ) ;
#3807 = DIRECTION ( 'NONE',  ( -1.000000000000000000, 0.000000000000000000, 0.000000000000000000 ) ) ;
#3808 = VECTOR ( 'NONE', #2946, 1000.000000000000000 ) ;
#3809 = CARTESIAN_POINT ( 'NONE',  ( 319.6578478410675075, -4.085520071772201334, 237.9820994526866116 ) ) ;
#3810 = DIRECTION ( 'NONE',  ( 0.000000000000000000, 0.000000000000000000, 1.000000000000000000 ) ) ;
#3811 = CARTESIAN_POINT ( 'NONE',  ( 333.4257812732673756, 6.668687302456764776, 232.9706345864330217 ) ) ;
#3812 = ADVANCED_FACE ( 'NONE', ( #3037 ), #4947, .F. ) ;
#3813 = CARTESIAN_POINT ( 'NONE',  ( 193.3333333323508896, 16.91444032200661951, 281.1003418505097784 ) ) ;
#3814 = ORIENTED_EDGE ( 'NONE', *, *, #1128, .F. ) ;
#3815 = VECTOR ( 'NONE', #1768, 1000.000000000000000 ) ;
#3816 = CARTESIAN_POINT ( 'NONE',  ( 319.6100671945537783, 0.4067031721479184569, 222.1884101378475691 ) ) ;
#3817 = CARTESIAN_POINT ( 'NONE',  ( 193.3333333323510317, 1.503725608321301310, 399.3537027180361179 ) ) ;
#3818 = DIRECTION ( 'NONE',  ( 1.000000000000000000, 0.000000000000000000, 0.000000000000000000 ) ) ;
#3819 = CARTESIAN_POINT ( 'NONE',  ( 324.8370945548981581, 3.098207541499762296, 223.6587240733626629 ) ) ;
#3820 = ADVANCED_FACE ( 'NONE', ( #545 ), #641, .F. ) ;
#3821 = CARTESIAN_POINT ( 'NONE',  ( 0.000000000000000000, 17.29793299244946070, 246.4975142672712138 ) ) ;
#3822 = CARTESIAN_POINT ( 'NONE',  ( 579.9999999970532372, -0.04621037551902798524, 379.9087948609357568 ) ) ;
#3823 = CARTESIAN_POINT ( 'NONE',  ( 324.8370945548290365, 10.47388279091930308, 237.4093305034275829 ) ) ;
#3824 = CARTESIAN_POINT ( 'NONE',  ( 319.0370945548290820, -5.792835505719953204, 247.9101207252765846 ) ) ;
#3825 = CARTESIAN_POINT ( 'NONE',  ( 323.8978392109531228, -5.191958101773501255, 239.6650627453251445 ) ) ;
#3826 = CARTESIAN_POINT ( 'NONE',  ( 0.000000000000000000, 19.05559646799564533, 289.0914184166211953 ) ) ;
#3827 = CARTESIAN_POINT ( 'NONE',  ( 294.2115905391812589, 8.389590672415781825, 231.7798837104867289 ) ) ;
#3828 = CARTESIAN_POINT ( 'NONE',  ( 294.4441150783598005, -5.364514791512209335, 260.5214880562650137 ) ) ;
#3829 = ORIENTED_EDGE ( 'NONE', *, *, #4193, .F. ) ;
#3830 = CARTESIAN_POINT ( 'NONE',  ( 320.0370945548290820, -10.24118873340582603, 212.3252516828337093 ) ) ;
#3831 = CARTESIAN_POINT ( 'NONE',  ( 300.4109293926489954, 6.214116792822587776, 229.4181705736367576 ) ) ;
#3832 = VECTOR ( 'NONE', #1906, 1000.000000000000000 ) ;
#3833 = PLANE ( 'NONE',  #3665 ) ;
#3834 = EDGE_LOOP ( 'NONE', ( #790, #5834, #284, #4659, #4143, #1503, #3608, #5627, #3067, #4877, #4519, #1988 ) ) ;
#3835 = CARTESIAN_POINT ( 'NONE',  ( 315.0370945551199497, -14.24085873860203932, 212.7664135348521484 ) ) ;
#3836 = CARTESIAN_POINT ( 'NONE',  ( 295.1056808977524497, -4.309517193149428493, 229.5302628620235907 ) ) ;
#3837 = CARTESIAN_POINT ( 'NONE',  ( 319.0370945548290251, -10.11046797849629009, 243.5756265077935154 ) ) ;
#3838 = LINE ( 'NONE', #3875, #1872 ) ;
#3839 = EDGE_LOOP ( 'NONE', ( #2366, #3358, #3723, #4691, #5868, #2843, #881, #4417, #4251, #4843, #3282, #5708 ) ) ;
#3840 = FACE_OUTER_BOUND ( 'NONE', #4458, .T. ) ;
#3841 = LINE ( 'NONE', #6254, #2137 ) ;
#3842 = CYLINDRICAL_SURFACE ( 'NONE', #3093, 1.000000000000000888 ) ;
#3843 = ORIENTED_EDGE ( 'NONE', *, *, #598, .T. ) ;
#3844 = CARTESIAN_POINT ( 'NONE',  ( 300.0370945548290251, -10.19372269697804434, 139.4050437939082201 ) ) ;
#3845 = CARTESIAN_POINT ( 'NONE',  ( 295.2370945548372561, -2.558185717165177397, 222.3107879840763701 ) ) ;
#3846 = ORIENTED_EDGE ( 'NONE', *, *, #508, .T. ) ;
#3847 = CARTESIAN_POINT ( 'NONE',  ( 328.8094689298866342, 1.740230700529489249, 223.9338699905903241 ) ) ;
#3848 = CARTESIAN_POINT ( 'NONE',  ( 0.000000000000000000, -6.862733592760254631, 460.6268946760304743 ) ) ;
#3849 = EDGE_CURVE ( 'NONE', #2503, #4616, #56, .T. ) ;
#3850 = AXIS2_PLACEMENT_3D ( 'NONE', #756, #788, #2165 ) ;
#3851 = VERTEX_POINT ( 'NONE', #2612 ) ;
#3852 = ADVANCED_FACE ( 'NONE', ( #4566 ), #4229, .F. ) ;
#3853 = CARTESIAN_POINT ( 'NONE',  ( 333.3855213653532132, -0.04054817246738320891, 222.9325223136520151 ) ) ;
#3854 = CARTESIAN_POINT ( 'NONE',  ( 579.9999999970527824, -4.546249360507058412, 395.0319048769461006 ) ) ;
#3855 = CARTESIAN_POINT ( 'NONE',  ( 324.2400730572089174, 11.78262538568433193, 246.8280963525749314 ) ) ;
#3856 = CARTESIAN_POINT ( 'NONE',  ( 324.8370945548290365, 0.3909294342905441089, 220.4548424540816711 ) ) ;
#3857 = B_SPLINE_CURVE_WITH_KNOTS ( 'NONE', 3,
 ( #1658, #5969, #5093, #5602 ),
 .UNSPECIFIED., .F., .F.,
 ( 4, 4 ),
 ( 0.01000015634710068810, 0.01480023164925068843 ),
 .UNSPECIFIED. ) ;
#3858 = CARTESIAN_POINT ( 'NONE',  ( 579.9999999970532372, 10.96949398281568300, 268.3083701022954415 ) ) ;
#3859 = CARTESIAN_POINT ( 'NONE',  ( 579.9999999970532372, 10.02172174692658935, 318.6559974715308385 ) ) ;
#3860 = CARTESIAN_POINT ( 'NONE',  ( 319.0370945548289683, -5.460104837392099952, 242.5285944872348978 ) ) ;
#3861 = DIRECTION ( 'NONE',  ( 0.000000000000000000, -1.209320730648730674E-16, 1.000000000000000000 ) ) ;
#3862 = CARTESIAN_POINT ( 'NONE',  ( 579.9999999970532372, 10.02172174692658935, 318.6559974715308385 ) ) ;
#3863 = CARTESIAN_POINT ( 'NONE',  ( 294.1823747954512669, 1.144721371289753042, 219.7618282410209929 ) ) ;
#3864 = CARTESIAN_POINT ( 'NONE',  ( 287.7261855550993914, -3.080634315167226855, 227.6049162222569180 ) ) ;
#3865 = VERTEX_POINT ( 'NONE', #4651 ) ;
#3866 = EDGE_CURVE ( 'NONE', #492, #5063, #276, .T. ) ;
#3867 = CARTESIAN_POINT ( 'NONE',  ( 0.000000000000000000, -7.252290758643901825, 233.2460157265796568 ) ) ;
#3868 = CARTESIAN_POINT ( 'NONE',  ( 290.8283925894613162, 0.5075263707872205154, 220.3116574778542827 ) ) ;
#3869 = ORIENTED_EDGE ( 'NONE', *, *, #4466, .F. ) ;
#3870 = VERTEX_POINT ( 'NONE', #816 ) ;
#3871 = CARTESIAN_POINT ( 'NONE',  ( 300.0370945548290251, -10.24085873960911641, 212.7627575253991097 ) ) ;
#3872 = CARTESIAN_POINT ( 'NONE',  ( 295.9554467097128736, -5.159513445768432405, 236.5811226374153478 ) ) ;
#3873 = CARTESIAN_POINT ( 'NONE',  ( 317.7746481851244766, -14.38745112509988466, 122.6446290414604192 ) ) ;
#3874 = VECTOR ( 'NONE', #6021, 1000.000000000000000 ) ;
#3875 = CARTESIAN_POINT ( 'NONE',  ( 295.2370945548290706, 10.80627730302193612, 104.0050425958546754 ) ) ;
#3876 = ORIENTED_EDGE ( 'NONE', *, *, #3646, .F. ) ;
#3877 = DIRECTION ( 'NONE',  ( 0.000000000000000000, 0.000000000000000000, -1.000000000000000000 ) ) ;
#3878 = CARTESIAN_POINT ( 'NONE',  ( 315.0370945548290251, -15.19372269697804434, 139.4050437939080211 ) ) ;
#3879 = CARTESIAN_POINT ( 'NONE',  ( 333.2959293266068812, -0.2109113308790751262, 222.9602609514773235 ) ) ;
#3880 = VERTEX_POINT ( 'NONE', #2221 ) ;
#3881 = CARTESIAN_POINT ( 'NONE',  ( 298.2370945548290138, 3.303712137621199307, 117.2115227970842426 ) ) ;
#3882 = CARTESIAN_POINT ( 'NONE',  ( 295.2370945548289001, -3.410652483414165381, 221.6675456519728868 ) ) ;
#3883 = CARTESIAN_POINT ( 'NONE',  ( 291.3260599525854104, 0.3401206692680839305, 220.2395493490108436 ) ) ;
#3884 = CARTESIAN_POINT ( 'NONE',  ( 319.6171614955459859, 1.431905871800667418, 223.0243655258059619 ) ) ;
#3885 = AXIS2_PLACEMENT_3D ( 'NONE', #2667, #4620, #2613 ) ;
#3886 = CARTESIAN_POINT ( 'NONE',  ( 386.6666666647020634, 2.751046507723803547, 378.0547777424289393 ) ) ;
#3887 = VECTOR ( 'NONE', #6290, 1000.000000000000000 ) ;
#3888 = ORIENTED_EDGE ( 'NONE', *, *, #5619, .F. ) ;
#3889 = CARTESIAN_POINT ( 'NONE',  ( 333.4103821158851133, -0.7278737783787896376, 223.3527349800765762 ) ) ;
#3890 = CARTESIAN_POINT ( 'NONE',  ( 386.6666666647018928, -5.775366431396394162, 258.4073362631827990 ) ) ;
#3891 = LINE ( 'NONE', #5713, #1110 ) ;
#3892 = CARTESIAN_POINT ( 'NONE',  ( 300.0370945548287409, -5.375160996725126594, 262.9219554743616527 ) ) ;
#3893 = CARTESIAN_POINT ( 'NONE',  ( 386.6666666647018360, -5.176508820950278533, 419.6790967410228177 ) ) ;
#3894 = FACE_BOUND ( 'NONE', #5992, .T. ) ;
#3895 = CARTESIAN_POINT ( 'NONE',  ( 301.0370945548290251, -5.193722696978042563, 203.3969054146694759 ) ) ;
#3896 = CARTESIAN_POINT ( 'NONE',  ( 0.000000000000000000, -1.685681154134503368, 431.6634505495804319 ) ) ;
#3897 = DIRECTION ( 'NONE',  ( -1.000000000000000000, 0.000000000000000000, 0.000000000000000000 ) ) ;
#3898 = CARTESIAN_POINT ( 'NONE',  ( 286.6199217121219931, -1.668871015898514942, 222.1844346395528760 ) ) ;
#3899 = ORIENTED_EDGE ( 'NONE', *, *, #863, .F. ) ;
#3900 = CARTESIAN_POINT ( 'NONE',  ( 0.000000000000000000, -3.869566342698527173E-11, 199.5133111311278071 ) ) ;
#3901 = CARTESIAN_POINT ( 'NONE',  ( 286.0620080466665058, 2.452325440036798199, 221.8158458322586171 ) ) ;
#3902 = VERTEX_POINT ( 'NONE', #192 ) ;
#3903 = CARTESIAN_POINT ( 'NONE',  ( 324.9988543655356352, -4.143960007475434359, 230.8898437044152558 ) ) ;
#3904 = ORIENTED_EDGE ( 'NONE', *, *, #2955, .F. ) ;
#3905 = CARTESIAN_POINT ( 'NONE',  ( 305.0370945548289683, -15.19372269697804434, 139.4050437939080211 ) ) ;
#3906 = CARTESIAN_POINT ( 'NONE',  ( 295.2722617028449577, -4.464009910358386790, 226.1460335959013150 ) ) ;
#3907 = DIRECTION ( 'NONE',  ( 1.000000000000000000, -0.000000000000000000, -0.000000000000000000 ) ) ;
#3908 = DIRECTION ( 'NONE',  ( -1.000000000000000000, 0.000000000000000000, -0.000000000000000000 ) ) ;
#3909 = ORIENTED_EDGE ( 'NONE', *, *, #1035, .F. ) ;
#3910 = VECTOR ( 'NONE', #4530, 1000.000000000000000 ) ;
#3911 = CARTESIAN_POINT ( 'NONE',  ( 320.0370945548290251, -14.49089815268829184, 264.4069360666574653 ) ) ;
#3912 = DIRECTION ( 'NONE',  ( -0.000000000000000000, -5.551115123125782702E-15, 1.000000000000000000 ) ) ;
#3913 = LINE ( 'NONE', #5462, #1723 ) ;
#3914 = LINE ( 'NONE', #4289, #3289 ) ;
#3915 = AXIS2_PLACEMENT_3D ( 'NONE', #5605, #2672, #672 ) ;
#3916 = CARTESIAN_POINT ( 'NONE',  ( 286.3883533765502420, -2.310859943674590244, 221.0497940146501890 ) ) ;
#3917 = CARTESIAN_POINT ( 'NONE',  ( 320.0370945548290251, -10.19372269697787736, 109.4050437939080638 ) ) ;
#3918 = AXIS2_PLACEMENT_3D ( 'NONE', #2970, #4911, #538 ) ;
#3919 = EDGE_CURVE ( 'NONE', #3636, #2460, #2134, .T. ) ;
#3920 = CARTESIAN_POINT ( 'NONE',  ( 386.6666666647022339, -4.983285286627484822, 421.1448889319453883 ) ) ;
#3921 = CARTESIAN_POINT ( 'NONE',  ( 290.8579616478112939, -1.308411746894776684, 221.5489532851989054 ) ) ;
#3922 = ORIENTED_EDGE ( 'NONE', *, *, #1886, .T. ) ;
#3923 = VECTOR ( 'NONE', #34, 1000.000000000000000 ) ;
#3924 = CARTESIAN_POINT ( 'NONE',  ( 328.7906408982896096, -0.002134988232421964477, 222.6252878161471358 ) ) ;
#3925 = CARTESIAN_POINT ( 'NONE',  ( 0.000000000000000000, -8.148468503287105591, 291.1339479415150890 ) ) ;
#3926 = CARTESIAN_POINT ( 'NONE',  ( 322.9822068665589541, -4.783049780365588255, 248.4914675341986197 ) ) ;
#3927 = CARTESIAN_POINT ( 'NONE',  ( 324.8370945548288660, -3.835206571291958078, 225.0629943773161301 ) ) ;
#3928 = CARTESIAN_POINT ( 'NONE',  ( 579.9999999970528961, -4.638197617360101610, 390.5925355609921894 ) ) ;
#3929 = CARTESIAN_POINT ( 'NONE',  ( 305.0370945548290251, -14.14430211433775852, 238.9883196404945807 ) ) ;
#3930 = LINE ( 'NONE', #3895, #439 ) ;
#3931 = CARTESIAN_POINT ( 'NONE',  ( 193.3333333323510885, -5.937811506948676765, 439.6798056192790227 ) ) ;
#3932 = CARTESIAN_POINT ( 'NONE',  ( 295.2370945548290706, 10.91063703644585203, 236.7585251078012334 ) ) ;
#3933 = VERTEX_POINT ( 'NONE', #3610 ) ;
#3934 = CARTESIAN_POINT ( 'NONE',  ( 300.0370945548290251, -5.193722696978042563, 139.4050437939080780 ) ) ;
#3935 = CARTESIAN_POINT ( 'NONE',  ( 295.6176931704061985, 2.428669405195238884, 222.4405791010843245 ) ) ;
#3936 = ORIENTED_EDGE ( 'NONE', *, *, #3336, .T. ) ;
#3937 = CARTESIAN_POINT ( 'NONE',  ( 323.9071422966654836, -5.191585434490047390, 239.6579349250191342 ) ) ;
#3938 = CARTESIAN_POINT ( 'NONE',  ( 298.6391409296858797, 13.70723034574905519, 264.4069360666575790 ) ) ;
#3939 = CARTESIAN_POINT ( 'NONE',  ( 319.0370945548290251, -5.193722696977875586, 109.4050437939080922 ) ) ;
#3940 = CARTESIAN_POINT ( 'NONE',  ( 295.2370945548290138, -1.285774991747964613, 218.6152976083236297 ) ) ;
#3941 = EDGE_CURVE ( 'NONE', #3902, #5375, #3124, .T. ) ;
#3942 = CARTESIAN_POINT ( 'NONE',  ( 294.2007641162210234, 4.736692842507864931, 223.8683068289867890 ) ) ;
#3943 = ORIENTED_EDGE ( 'NONE', *, *, #2197, .T. ) ;
#3944 = CARTESIAN_POINT ( 'NONE',  ( 323.8370945548290365, -5.193722696978043452, 239.6950307219689762 ) ) ;
#3945 = CARTESIAN_POINT ( 'NONE',  ( 315.0370945548289683, -15.22939006873476053, 222.7412344269958737 ) ) ;
#3946 = CARTESIAN_POINT ( 'NONE',  ( 333.1695332592427690, 1.026989934361921764, 223.5795775454565444 ) ) ;
#3947 = LINE ( 'NONE', #999, #3808 ) ;
#3948 = CARTESIAN_POINT ( 'NONE',  ( 286.7672595150366419, -2.984242761460831783, 222.9063617387747627 ) ) ;
#3949 = CARTESIAN_POINT ( 'NONE',  ( 291.2986918896228872, -0.08850986260454463128, 220.1054510665942985 ) ) ;
#3950 = CARTESIAN_POINT ( 'NONE',  ( 579.9999999970531235, 1.086029542440168250, 373.4542763322207293 ) ) ;
#3951 = CARTESIAN_POINT ( 'NONE',  ( 295.6528761350824084, -4.213479070049334752, 237.0305116144591864 ) ) ;
#3952 = ORIENTED_EDGE ( 'NONE', *, *, #4925, .F. ) ;
#3953 = CIRCLE ( 'NONE', #2008, 1.000000000000000000 ) ;
#3954 = EDGE_CURVE ( 'NONE', #937, #2899, #5973, .T. ) ;
#3955 = CARTESIAN_POINT ( 'NONE',  ( 324.1949614220380340, -0.04102599808383529389, 222.3145360380329123 ) ) ;
#3956 = CARTESIAN_POINT ( 'NONE',  ( 386.6666666647020634, -6.153661249499089436, 284.8637153941359657 ) ) ;
#3957 = CARTESIAN_POINT ( 'NONE',  ( 327.4326202649966717, 3.869163481407997818, 226.6852917156692797 ) ) ;
#3958 = CARTESIAN_POINT ( 'NONE',  ( 325.8176731862959628, -3.230569250580423990, 226.5234451799513806 ) ) ;
#3959 = CARTESIAN_POINT ( 'NONE',  ( 579.9999999970532372, -4.994062015816076006, 331.9402949731788794 ) ) ;
#3960 = CARTESIAN_POINT ( 'NONE',  ( 325.7696450619852726, -0.2712621067876198611, 221.4113302695452035 ) ) ;
#3961 = CARTESIAN_POINT ( 'NONE',  ( 579.9999999970528961, -2.452747206727057261E-11, 238.5133111311282619 ) ) ;
#3962 = CARTESIAN_POINT ( 'NONE',  ( 579.9999999970528961, -4.797582901793369992, 365.4155641104702568 ) ) ;
#3963 = DIRECTION ( 'NONE',  ( -1.000000000000000000, 0.000000000000000000, 0.000000000000000000 ) ) ;
#3964 = DIRECTION ( 'NONE',  ( -1.000000000000000000, -0.000000000000000000, -0.000000000000000000 ) ) ;
#3965 = CARTESIAN_POINT ( 'NONE',  ( 295.6092041359749487, 0.8645757895707406604, 220.9070408013154747 ) ) ;
#3966 = ORIENTED_EDGE ( 'NONE', *, *, #3494, .F. ) ;
#3967 = PLANE ( 'NONE',  #3569 ) ;
#3968 = CARTESIAN_POINT ( 'NONE',  ( 296.9381179033247236, 13.73174154650189394, 264.4069360666575221 ) ) ;
#3969 = CARTESIAN_POINT ( 'NONE',  ( 295.9644932517078928, -5.180814293881298660, 236.8123470657750431 ) ) ;
#3970 = CARTESIAN_POINT ( 'NONE',  ( 283.6465018848443833, -14.19372269697795375, 121.6513886218941138 ) ) ;
#3971 = EDGE_CURVE ( 'NONE', #4748, #5293, #4678, .T. ) ;
#3972 = CARTESIAN_POINT ( 'NONE',  ( 294.1846244600780551, 1.495185907934697855, 220.0314539021517817 ) ) ;
#3973 = ORIENTED_EDGE ( 'NONE', *, *, #1035, .T. ) ;
#3974 = DIRECTION ( 'NONE',  ( -0.000000000000000000, -2.102695133789802685E-15, -1.000000000000000000 ) ) ;
#3975 = DIRECTION ( 'NONE',  ( 0.000000000000000000, 0.000000000000000000, -1.000000000000000000 ) ) ;
#3976 = CARTESIAN_POINT ( 'NONE',  ( 331.8959108250920167, -2.859853339977188824, 229.8200842667562824 ) ) ;
#3977 = CARTESIAN_POINT ( 'NONE',  ( 332.3784934264822368, 5.267525088153666601, 227.4555216720599162 ) ) ;
#3978 = PLANE ( 'NONE',  #178 ) ;
#3979 = CARTESIAN_POINT ( 'NONE',  ( 291.2979255343372529, -0.05730989663231515069, 220.1016960720344002 ) ) ;
#3980 = CARTESIAN_POINT ( 'NONE',  ( 193.3333333323509748, -3.838522145386324969, 429.4299400882140958 ) ) ;
#3981 = CARTESIAN_POINT ( 'NONE',  ( 286.0915223737497399, -2.922769708277010547, 226.6068864401589735 ) ) ;
#3982 = ORIENTED_EDGE ( 'NONE', *, *, #1701, .T. ) ;
#3983 = CARTESIAN_POINT ( 'NONE',  ( 324.1951043301074264, -0.06958923499344137065, 222.3152483610985257 ) ) ;
#3984 = CARTESIAN_POINT ( 'NONE',  ( 0.000000000000000000, -7.705051474660509214, 374.2669285172183891 ) ) ;
#3985 = CARTESIAN_POINT ( 'NONE',  ( 322.6072533516618250, 11.50164586886017837, 250.3286681575141870 ) ) ;
#3986 = CARTESIAN_POINT ( 'NONE',  ( 324.8370945548073223, -2.281291228746770372, 223.6675096966567367 ) ) ;
#3987 = ADVANCED_FACE ( 'NONE', ( #6210 ), #989, .T. ) ;
#3988 = CARTESIAN_POINT ( 'NONE',  ( 386.6666666647017792, -6.022437639439080392, 326.2649298393706658 ) ) ;
#3989 = CARTESIAN_POINT ( 'NONE',  ( 301.0370945548290251, -10.19372269697804434, 149.8847216861752827 ) ) ;
#3990 = CARTESIAN_POINT ( 'NONE',  ( 386.6666666647020634, 8.022921245373382249, 237.6224616886818808 ) ) ;
#3991 = CARTESIAN_POINT ( 'NONE',  ( 193.3333333323509180, -6.294774974397376432, 429.2302680798250663 ) ) ;
#3992 = CARTESIAN_POINT ( 'NONE',  ( 294.2150690728622067, 10.05283625037928452, 237.0302395726669715 ) ) ;
#3993 = CARTESIAN_POINT ( 'NONE',  ( 317.8370945548289797, 2.836641791091506683E-13, 134.9050437939080496 ) ) ;
#3994 = CARTESIAN_POINT ( 'NONE',  ( 290.8313615741051308, 0.8701078148316792049, 220.5885027238642522 ) ) ;
#3995 = ORIENTED_EDGE ( 'NONE', *, *, #2622, .F. ) ;
#3996 = CARTESIAN_POINT ( 'NONE',  ( 324.3236451534252183, -5.084334851704358726, 238.5251643331470746 ) ) ;
#3997 = LINE ( 'NONE', #3386, #832 ) ;
#3998 = CARTESIAN_POINT ( 'NONE',  ( 294.2384229294286229, -3.523599976815084744, 225.3211208896114499 ) ) ;
#3999 = CARTESIAN_POINT ( 'NONE',  ( 294.8625681572274289, 11.30790067586807268, 241.9954198069228255 ) ) ;
#4000 = ORIENTED_EDGE ( 'NONE', *, *, #5413, .T. ) ;
#4001 = ADVANCED_FACE ( 'NONE', ( #5729 ), #2389, .F. ) ;
#4002 = CARTESIAN_POINT ( 'NONE',  ( 300.4338175047373625, -5.344950441209187275, 261.1536855206356904 ) ) ;
#4003 = ADVANCED_FACE ( 'NONE', ( #1914 ), #3833, .T. ) ;
#4004 = CARTESIAN_POINT ( 'NONE',  ( 323.8854588042746059, 11.80627730302191658, 246.8153423655709844 ) ) ;
#4005 = CARTESIAN_POINT ( 'NONE',  ( 320.0370945548290251, -5.193722696978042563, 203.3969054146694759 ) ) ;
#4006 = CARTESIAN_POINT ( 'NONE',  ( 300.0370945548290251, -9.821662852354307915, 264.4069360666574084 ) ) ;
#4007 = CARTESIAN_POINT ( 'NONE',  ( 294.2114142847807443, -2.259089174559639535, 221.4668914012949017 ) ) ;
#4008 = CARTESIAN_POINT ( 'NONE',  ( 291.3199065243472319, 0.2877882655819786195, 220.2093987256783976 ) ) ;
#4009 = CARTESIAN_POINT ( 'NONE',  ( 0.000000000000000000, -6.956796621827982641, 451.7784412453585219 ) ) ;
#4010 = CARTESIAN_POINT ( 'NONE',  ( 286.0810497359315150, -1.592878358048821719, 221.9383869214348124 ) ) ;
#4011 = AXIS2_PLACEMENT_3D ( 'NONE', #1487, #55, #3432 ) ;
#4012 = VERTEX_POINT ( 'NONE', #2285 ) ;
#4013 = CARTESIAN_POINT ( 'NONE',  ( 319.6267748739533658, -0.7905871933272694552, 222.4983786539199002 ) ) ;
#4014 = CARTESIAN_POINT ( 'NONE',  ( 319.0370945548290251, -5.193722696977875586, 109.4050437939080922 ) ) ;
#4015 = ADVANCED_FACE ( 'NONE', ( #3760 ), #3619, .F. ) ;
#4016 = CARTESIAN_POINT ( 'NONE',  ( 327.1943773899002963, 4.542883660574723592, 227.8526363096974308 ) ) ;
#4017 = CARTESIAN_POINT ( 'NONE',  ( 325.8116773423574273, -2.313979381187809103, 223.8193547767713483 ) ) ;
#4018 = CARTESIAN_POINT ( 'NONE',  ( 193.3333333323508896, -5.464983162938358063, 438.0432744059715446 ) ) ;
#4019 = CARTESIAN_POINT ( 'NONE',  ( 324.8370945548290365, 0.000000000000000000, 105.0050425958546754 ) ) ;
#4020 = CARTESIAN_POINT ( 'NONE',  ( 579.9999999970528961, 4.033212153983865456, 242.5533110923767026 ) ) ;
#4021 = AXIS2_PLACEMENT_3D ( 'NONE', #468, #4437, #5350 ) ;
#4022 = CARTESIAN_POINT ( 'NONE',  ( 579.9999999970532372, -4.411656509256205005, 398.4873859567278487 ) ) ;
#4023 = CARTESIAN_POINT ( 'NONE',  ( 295.9243287665363482, 11.76361941541632028, 244.1377284376806927 ) ) ;
#4024 = CARTESIAN_POINT ( 'NONE',  ( 290.8192925901812487, -0.1828422995801877726, 220.0942756382235359 ) ) ;
#4025 = ORIENTED_EDGE ( 'NONE', *, *, #2955, .T. ) ;
#4026 = CARTESIAN_POINT ( 'NONE',  ( 324.1674977511531779, -5.138264956799181604, 238.4797612807733174 ) ) ;
#4027 = CARTESIAN_POINT ( 'NONE',  ( 298.2370945548290138, 3.303712137621199751, 120.2115227970842426 ) ) ;
#4028 = CARTESIAN_POINT ( 'NONE',  ( 296.0984827102954000, -5.194239856935852551, 236.9722915666696963 ) ) ;
#4029 = VECTOR ( 'NONE', #302, 1000.000000000000000 ) ;
#4030 = CARTESIAN_POINT ( 'NONE',  ( 295.2370945548290138, 0.3470359362478070975, 218.3220952916861393 ) ) ;
#4031 = CARTESIAN_POINT ( 'NONE',  ( 299.2250122311477867, 3.443088007130912676, 258.9429071604394608 ) ) ;
#4032 = ORIENTED_EDGE ( 'NONE', *, *, #3307, .F. ) ;
#4033 = CARTESIAN_POINT ( 'NONE',  ( 322.5628654623435523, -5.193722696978043452, 239.5649464095192229 ) ) ;
#4034 = CARTESIAN_POINT ( 'NONE',  ( 325.8055991465451484, 6.012707382611692353, 228.4082103515913502 ) ) ;
#4035 = CARTESIAN_POINT ( 'NONE',  ( 315.0370945548291388, -13.98942135546303689, 254.7327770053728955 ) ) ;
#4036 = CARTESIAN_POINT ( 'NONE',  ( 296.2370945548290138, 3.303712137621199307, 117.2115227970842426 ) ) ;
#4037 = CARTESIAN_POINT ( 'NONE',  ( 295.2370945548290706, -1.904794121114560035, 220.7223373553613044 ) ) ;
#4038 = CARTESIAN_POINT ( 'NONE',  ( 286.9468288539360401, 4.992385686362920794, 223.7862172095121878 ) ) ;
#4039 = CARTESIAN_POINT ( 'NONE',  ( 286.0924423699790964, -3.097278615502746302, 227.5917560983090198 ) ) ;
#4040 = ORIENTED_EDGE ( 'NONE', *, *, #2696, .T. ) ;
#4041 = VECTOR ( 'NONE', #4786, 1000.000000000000000 ) ;
#4042 = CARTESIAN_POINT ( 'NONE',  ( 319.6455866055973161, -2.111392604351491453, 225.8014362941338220 ) ) ;
#4043 = CARTESIAN_POINT ( 'NONE',  ( 193.3333333323509748, -0.4512635983332914380, 212.5013648110064537 ) ) ;
#4044 = CARTESIAN_POINT ( 'NONE',  ( 325.4251622671418431, 8.132626597418502357, 236.5214525687030971 ) ) ;
#4045 = CARTESIAN_POINT ( 'NONE',  ( 324.3322418722871703, -5.064308445127533531, 236.9541463045040359 ) ) ;
#4046 = EDGE_CURVE ( 'NONE', #4943, #3122, #911, .T. ) ;
#4047 = CARTESIAN_POINT ( 'NONE',  ( 386.6666666647018928, -3.915872789727388614, 234.1898982628685246 ) ) ;
#4048 = CARTESIAN_POINT ( 'NONE',  ( 301.0370945548290251, -5.193722696977875586, 109.4050437939080922 ) ) ;
#4049 = CARTESIAN_POINT ( 'NONE',  ( 579.9999999970528961, 6.286797556005607746, 343.1633722646573688 ) ) ;
#4050 = CARTESIAN_POINT ( 'NONE',  ( 0.000000000000000000, -7.565368802876977661, 399.6270695293106314 ) ) ;
#4051 = CARTESIAN_POINT ( 'NONE',  ( 294.6344968366963144, 11.06199511861729512, 240.9360757605717538 ) ) ;
#4052 = DIRECTION ( 'NONE',  ( -1.000000000000000000, 0.000000000000000000, 0.000000000000000000 ) ) ;
#4053 = CARTESIAN_POINT ( 'NONE',  ( 286.0389197843851434, -0.01879674458089012831, 219.7487896244956858 ) ) ;
#4054 = ORIENTED_EDGE ( 'NONE', *, *, #2124, .F. ) ;
#4055 = CARTESIAN_POINT ( 'NONE',  ( 324.7973893942054247, -4.951621539443638476, 237.1681696732421756 ) ) ;
#4056 = DIRECTION ( 'NONE',  ( 1.000000000000000000, 0.000000000000000000, 0.000000000000000000 ) ) ;
#4057 = CARTESIAN_POINT ( 'NONE',  ( 296.2370945548290706, 11.80627730302193790, 105.0050425958546754 ) ) ;
#4058 = CIRCLE ( 'NONE', #1793, 0.9999999999999883427 ) ;
#4059 = CARTESIAN_POINT ( 'NONE',  ( 295.2370945548291274, 8.916692367076779036, 230.3123693792103950 ) ) ;
#4060 = EDGE_CURVE ( 'NONE', #129, #3792, #2936, .T. ) ;
#4061 = DIRECTION ( 'NONE',  ( -0.09291000080480237011, 0.000000000000000000, 0.9956745109474539612 ) ) ;
#4062 = ORIENTED_EDGE ( 'NONE', *, *, #5117, .T. ) ;
#4063 = CARTESIAN_POINT ( 'NONE',  ( 290.8668970331062837, 12.13088956662985929, 250.9335216390623486 ) ) ;
#4064 = CARTESIAN_POINT ( 'NONE',  ( 325.7735705057972950, 0.4314032948214496788, 221.4888663091348349 ) ) ;
#4065 = FACE_OUTER_BOUND ( 'NONE', #2593, .T. ) ;
#4066 = CARTESIAN_POINT ( 'NONE',  ( 333.2518583330224828, 2.086682810440207536, 223.1762004044152832 ) ) ;
#4067 = CARTESIAN_POINT ( 'NONE',  ( 295.2370945548374266, 0.1711837893338296335, 219.3785705910935064 ) ) ;
#4068 = CARTESIAN_POINT ( 'NONE',  ( 324.8370945548290365, 21.80627730302191125, 264.4069360666574653 ) ) ;
#4069 = CARTESIAN_POINT ( 'NONE',  ( 300.4298958588753408, -3.987558849518968440, 235.3160385392704654 ) ) ;
#4070 = VERTEX_POINT ( 'NONE', #1021 ) ;
#4071 = CARTESIAN_POINT ( 'NONE',  ( 324.2387452520658258, -1.807083391857333021, 225.2202332307253130 ) ) ;
#4072 = CARTESIAN_POINT ( 'NONE',  ( 579.9999999970528961, -2.452747206727057261E-11, 238.5133111311282619 ) ) ;
#4073 = CARTESIAN_POINT ( 'NONE',  ( 333.4305459910667082, 8.756912581965110576, 239.2331111275777289 ) ) ;
#4074 = EDGE_CURVE ( 'NONE', #1676, #5186, #2552, .T. ) ;
#4075 = CARTESIAN_POINT ( 'NONE',  ( 300.0370945548290251, -7.225095370339523981, 109.4050437939080922 ) ) ;
#4076 = CARTESIAN_POINT ( 'NONE',  ( 386.6666666647022339, 5.886350116970718638, 359.8738835282833293 ) ) ;
#4077 = CARTESIAN_POINT ( 'NONE',  ( 193.3333333323509464, -6.939266470113822471, 260.1927417165398992 ) ) ;
#4078 = CARTESIAN_POINT ( 'NONE',  ( 324.8370945548290365, 5.080163967858340790, 226.5877778352086693 ) ) ;
#4079 = B_SPLINE_CURVE_WITH_KNOTS ( 'NONE', 3,
 ( #3878, #5398, #3551, #4480, #1990, #5908, #3945, #3580, #5428, #1028, #1058, #4916 ),
 .UNSPECIFIED., .F., .F.,
 ( 4, 2, 2, 2, 2, 4 ),
 ( 0.000000000000000000, 0.03125113528221331455, 0.06250227056442662910, 0.09375340584663995058, 0.1093789734877466391, 0.1250045411288533415 ),
 .UNSPECIFIED. ) ;
#4080 = AXIS2_PLACEMENT_3D ( 'NONE', #5993, #2580, #3481 ) ;
#4081 = CARTESIAN_POINT ( 'NONE',  ( 290.8243508021488424, 0.2737008171292399372, 220.1678801124894562 ) ) ;
#4082 = ORIENTED_EDGE ( 'NONE', *, *, #5779, .F. ) ;
#4083 = DIRECTION ( 'NONE',  ( 0.000000000000000000, 0.000000000000000000, -1.000000000000000000 ) ) ;
#4084 = CARTESIAN_POINT ( 'NONE',  ( 0.000000000000000000, 14.38374267723915345, 229.2296430974215298 ) ) ;
#4085 = CARTESIAN_POINT ( 'NONE',  ( 319.7340254802989534, 13.40196387557087476, 264.4069360666572948 ) ) ;
#4086 = LINE ( 'NONE', #6024, #5946 ) ;
#4087 =( NAMED_UNIT ( * ) PLANE_ANGLE_UNIT ( ) SI_UNIT ( $, .RADIAN. ) );
#4088 = CARTESIAN_POINT ( 'NONE',  ( 400.0000000000000568, 3.443088007130913120, 253.6429071604394210 ) ) ;
#4089 = ADVANCED_FACE ( 'NONE', ( #1564 ), #3967, .F. ) ;
#4090 = EDGE_LOOP ( 'NONE', ( #1950, #6080, #3447, #4117 ) ) ;
#4091 = CARTESIAN_POINT ( 'NONE',  ( 290.8663876897419414, 11.79486607200708370, 248.9620160251575953 ) ) ;
#4092 = CARTESIAN_POINT ( 'NONE',  ( 324.1889884229889276, 11.74342147395425151, 246.2550576947834315 ) ) ;
#4093 = LINE ( 'NONE', #1178, #3057 ) ;
#4094 = CARTESIAN_POINT ( 'NONE',  ( 330.7510612010826776, 8.682397750647435686, 235.4296288083240825 ) ) ;
#4095 = CARTESIAN_POINT ( 'NONE',  ( 295.2370945548290706, -5.193722696978042563, 203.3969054146694759 ) ) ;
#4096 = CARTESIAN_POINT ( 'NONE',  ( 294.1776491694141669, 0.7433105234271362161, 219.5082836755827884 ) ) ;
#4097 = EDGE_CURVE ( 'NONE', #4501, #2250, #4991, .T. ) ;
#4098 = CARTESIAN_POINT ( 'NONE',  ( 291.1022408460638076, 11.87404744872544526, 244.1469424694580823 ) ) ;
#4099 = ORIENTED_EDGE ( 'NONE', *, *, #5760, .F. ) ;
#4100 = B_SPLINE_CURVE_WITH_KNOTS ( 'NONE', 3,
 ( #5189, #820, #3671, #4569 ),
 .UNSPECIFIED., .F., .F.,
 ( 4, 4 ),
 ( 0.4249923487174618875, 0.4383275378150148782 ),
 .UNSPECIFIED. ) ;
#4101 = CARTESIAN_POINT ( 'NONE',  ( 328.8374323168889646, -2.214630685122673359, 226.8245442910244378 ) ) ;
#4102 = CARTESIAN_POINT ( 'NONE',  ( 193.3333333323509748, -2.609256555373887121, 215.2307251790193448 ) ) ;
#4103 = CARTESIAN_POINT ( 'NONE',  ( 333.4359845721133411, 11.90002571788916974, 254.0748882443286618 ) ) ;
#4104 = CLOSED_SHELL ( 'NONE', ( #4331, #5317, #4694, #5275, #3576, #2779, #4735, #3097, #4118, #3226, #4290, #3131, #5595, #3102 ) ) ;
#4105 = DIRECTION ( 'NONE',  ( -1.000000000000000000, 0.000000000000000000, -0.000000000000000000 ) ) ;
#4106 = CARTESIAN_POINT ( 'NONE',  ( 579.9999999970531235, 2.307336104060937920, 366.4516910496425908 ) ) ;
#4107 = CARTESIAN_POINT ( 'NONE',  ( 579.9999999970530098, -1.884472597434357466, 240.4758978681773272 ) ) ;
#4108 = CARTESIAN_POINT ( 'NONE',  ( 324.8370945548290365, 8.946856865609108311, 232.7615525233983647 ) ) ;
#4109 = CARTESIAN_POINT ( 'NONE',  ( 300.3727468076111791, -0.003926039262042974216, 220.7141471473443346 ) ) ;
#4110 = ORIENTED_EDGE ( 'NONE', *, *, #4097, .F. ) ;
#4111 = CARTESIAN_POINT ( 'NONE',  ( 295.2370945548238410, -4.351252830968523888, 225.0540734704578369 ) ) ;
#4112 = FACE_OUTER_BOUND ( 'NONE', #6216, .T. ) ;
#4113 = CARTESIAN_POINT ( 'NONE',  ( 315.0370945548290251, -10.19372269697787736, 109.4050437939080638 ) ) ;
#4114 = AXIS2_PLACEMENT_3D ( 'NONE', #5018, #705, #652 ) ;
#4115 = DIRECTION ( 'NONE',  ( 0.000000000000000000, 5.551115123125782702E-15, -1.000000000000000000 ) ) ;
#4116 = FACE_OUTER_BOUND ( 'NONE', #2885, .T. ) ;
#4117 = ORIENTED_EDGE ( 'NONE', *, *, #5443, .F. ) ;
#4118 = ADVANCED_FACE ( 'NONE', ( #4112 ), #4672, .F. ) ;
#4119 = CARTESIAN_POINT ( 'NONE',  ( 579.9999999970531235, -5.113217040306552441, 280.3723710342515005 ) ) ;
#4120 = CARTESIAN_POINT ( 'NONE',  ( 290.8645261438571765, 10.62611204532974263, 243.0832167154203489 ) ) ;
#4121 = CARTESIAN_POINT ( 'NONE',  ( 324.3086266106288917, 11.68892205397306228, 245.7540192668570285 ) ) ;
#4122 = CARTESIAN_POINT ( 'NONE',  ( 315.0370945548291388, -14.10509548407672220, 244.2350564111942504 ) ) ;
#4123 = CARTESIAN_POINT ( 'NONE',  ( 305.0370945548290251, -15.19372269697804434, 139.4050437939080496 ) ) ;
#4124 = ADVANCED_FACE ( 'NONE', ( #268 ), #4449, .F. ) ;
#4125 = LINE ( 'NONE', #5068, #2519 ) ;
#4126 = CARTESIAN_POINT ( 'NONE',  ( 294.2096102858723725, -2.097759010365644272, 221.0720991114779679 ) ) ;
#4127 = CARTESIAN_POINT ( 'NONE',  ( 286.6785774134341409, 4.175116646048975255, 222.4718363753160304 ) ) ;
#4128 = CARTESIAN_POINT ( 'NONE',  ( 315.8020243864596637, -14.12107029039979977, 121.2918857170050728 ) ) ;
#4129 = ORIENTED_EDGE ( 'NONE', *, *, #4262, .F. ) ;
#4130 = CARTESIAN_POINT ( 'NONE',  ( 324.2220548456109555, -0.7847772356816051786, 222.8040869693104185 ) ) ;
#4131 = CARTESIAN_POINT ( 'NONE',  ( 294.1729558613591280, -0.5281645596512531959, 219.3603565883901183 ) ) ;
#4132 = CARTESIAN_POINT ( 'NONE',  ( 319.6435052124061258, 8.300211501988778551, 236.6691072753085621 ) ) ;
#4133 = CARTESIAN_POINT ( 'NONE',  ( 315.0370945548290820, -14.24044964991178119, 191.4908962966303818 ) ) ;
#4134 = CARTESIAN_POINT ( 'NONE',  ( 386.6666666647018928, 10.58455155675147097, 330.7635623173570139 ) ) ;
#4135 = CARTESIAN_POINT ( 'NONE',  ( 386.6666666647018928, -5.775366431396394162, 258.4073362631827990 ) ) ;
#4136 = CARTESIAN_POINT ( 'NONE',  ( 324.8370945548289228, 3.827242143755915205, 223.0379312859963079 ) ) ;
#4137 = CARTESIAN_POINT ( 'NONE',  ( 295.6006405387796576, 0.2076287290984386580, 220.4590106699848775 ) ) ;
#4138 = LINE ( 'NONE', #185, #2217 ) ;
#4139 = CARTESIAN_POINT ( 'NONE',  ( 386.6666666647017792, 14.56524338741086666, 284.5744906102912068 ) ) ;
#4140 = CARTESIAN_POINT ( 'NONE',  ( 285.9166921102853394, -3.171128381955501248E-11, 218.7387438765724994 ) ) ;
#4141 = SURFACE_STYLE_USAGE ( .BOTH. , #6051 ) ;
#4142 = DIRECTION ( 'NONE',  ( 0.000000000000000000, 5.551115123125782702E-15, -1.000000000000000000 ) ) ;
#4143 = ORIENTED_EDGE ( 'NONE', *, *, #6052, .F. ) ;
#4144 = CARTESIAN_POINT ( 'NONE',  ( 0.000000000000000000, -7.965129795698265625, 332.7649557612896274 ) ) ;
#4145 = CARTESIAN_POINT ( 'NONE',  ( 290.8673565959589951, 12.43258326017044801, 252.9108841351242347 ) ) ;
#4146 = VECTOR ( 'NONE', #5604, 1000.000000000000000 ) ;
#4147 = CARTESIAN_POINT ( 'NONE',  ( 324.9482115984990855, 11.48015545203488230, 245.4453806633688089 ) ) ;
#4148 = CARTESIAN_POINT ( 'NONE',  ( 319.0370945548291957, -9.989770178264681277, 254.6790831679390692 ) ) ;
#4149 = LINE ( 'NONE', #755, #4826 ) ;
#4150 = EDGE_CURVE ( 'NONE', #5975, #2646, #2978, .T. ) ;
#4151 = EDGE_CURVE ( 'NONE', #4954, #5636, #800, .T. ) ;
#4152 = CARTESIAN_POINT ( 'NONE',  ( 313.2370945548290138, 3.303712137621197531, 104.0050425958546754 ) ) ;
#4153 = CARTESIAN_POINT ( 'NONE',  ( 295.2370945548292980, 1.972881483508986955, 219.1353971969599854 ) ) ;
#4154 = CARTESIAN_POINT ( 'NONE',  ( 317.8370945548289797, 3.303712024074804798, 108.7050436270565399 ) ) ;
#4155 = CARTESIAN_POINT ( 'NONE',  ( 319.0370945548290251, -10.51906376385355024, 112.2551204079232150 ) ) ;
#4156 = ORIENTED_EDGE ( 'NONE', *, *, #3941, .T. ) ;
#4157 = CARTESIAN_POINT ( 'NONE',  ( 193.3333333323509748, -0.4512635983332914380, 212.5013648110064537 ) ) ;
#4158 = CARTESIAN_POINT ( 'NONE',  ( 324.2503672175187148, -3.413063953984799781, 232.5435403664486103 ) ) ;
#4159 = FACE_OUTER_BOUND ( 'NONE', #4999, .T. ) ;
#4160 = CARTESIAN_POINT ( 'NONE',  ( 333.4355216661905388, 11.60649601671724795, 252.1970379262511983 ) ) ;
#4161 = CARTESIAN_POINT ( 'NONE',  ( 0.000000000000000000, 18.32930396932231787, 256.2623385660224926 ) ) ;
#4162 = AXIS2_PLACEMENT_3D ( 'NONE', #3600, #6135, #4083 ) ;
#4163 = LINE ( 'NONE', #1641, #2848 ) ;
#4164 = CARTESIAN_POINT ( 'NONE',  ( 579.9999999970532372, 10.96949398281568300, 268.3083701022954415 ) ) ;
#4165 = CARTESIAN_POINT ( 'NONE',  ( 386.6666666647020634, -6.153661249499089436, 284.8637153941359657 ) ) ;
#4166 = CARTESIAN_POINT ( 'NONE',  ( 325.8051799436877900, 5.890573709686664827, 228.1729947327452805 ) ) ;
#4167 = CARTESIAN_POINT ( 'NONE',  ( 290.8351572494641459, -0.6493339128994534137, 220.3727085518808337 ) ) ;
#4168 = CARTESIAN_POINT ( 'NONE',  ( 579.9999999970530098, 0.4218217482621807735, 238.5244780359223853 ) ) ;
#4169 = CARTESIAN_POINT ( 'NONE',  ( 579.9999999970532372, 9.121458547516446913, 257.3579398412701380 ) ) ;
#4170 = DIRECTION ( 'NONE',  ( 0.000000000000000000, 1.000000000000000000, 0.000000000000000000 ) ) ;
#4171 = CARTESIAN_POINT ( 'NONE',  ( 318.3436383733784965, -13.58711644775581107, 264.4069360666573516 ) ) ;
#4172 = VECTOR ( 'NONE', #4917, 1000.000000000000000 ) ;
#4173 = DIRECTION ( 'NONE',  ( -1.000000000000000000, 0.000000000000000000, 0.000000000000000000 ) ) ;
#4174 = ORIENTED_EDGE ( 'NONE', *, *, #75, .T. ) ;
#4175 = VECTOR ( 'NONE', #4320, 1000.000000000000000 ) ;
#4176 = ORIENTED_EDGE ( 'NONE', *, *, #3323, .F. ) ;
#4177 = CARTESIAN_POINT ( 'NONE',  ( 579.9999999970532372, -4.690623640227411073, 385.3875012641357216 ) ) ;
#4178 = CARTESIAN_POINT ( 'NONE',  ( 295.6277985693711230, 4.548916071107874437, 225.6120645289888955 ) ) ;
#4179 = CARTESIAN_POINT ( 'NONE',  ( 324.9256210267989786, 11.02874822592414183, 243.4211191349638455 ) ) ;
#4180 = LINE ( 'NONE', #6116, #1150 ) ;
#4181 = CARTESIAN_POINT ( 'NONE',  ( 314.8370945548289797, 3.306277303021957881, 136.7050419661089222 ) ) ;
#4182 = PLANE ( 'NONE',  #264 ) ;
#4183 = EDGE_CURVE ( 'NONE', #3149, #4284, #16, .T. ) ;
#4184 = DIRECTION ( 'NONE',  ( -0.9948293369177991785, -5.522412177093594066E-14, -0.1015607719923994207 ) ) ;
#4185 = EDGE_LOOP ( 'NONE', ( #1817, #255 ) ) ;
#4186 = CARTESIAN_POINT ( 'NONE',  ( 319.9037641462419970, 14.40419475622141121, 264.4069360666574653 ) ) ;
#4187 = EDGE_CURVE ( 'NONE', #1475, #3517, #5269, .T. ) ;
#4188 = ORIENTED_EDGE ( 'NONE', *, *, #260, .F. ) ;
#4189 = CARTESIAN_POINT ( 'NONE',  ( 193.3333333323510317, -7.146172102861043207, 281.4362150807652938 ) ) ;
#4190 = CARTESIAN_POINT ( 'NONE',  ( 319.6596422824368346, -4.667568342183169960, 245.6604437156580616 ) ) ;
#4191 = CARTESIAN_POINT ( 'NONE',  ( 328.8407046004557515, 11.94733262365878623, 253.8833022076540260 ) ) ;
#4192 = CARTESIAN_POINT ( 'NONE',  ( 193.3333333323509748, 12.29171122513588976, 334.7391500830804603 ) ) ;
#4193 = EDGE_CURVE ( 'NONE', #1924, #3880, #5728, .T. ) ;
#4194 = CARTESIAN_POINT ( 'NONE',  ( 324.2091441281965558, 0.7328944546190034881, 222.7344300503156376 ) ) ;
#4195 = CARTESIAN_POINT ( 'NONE',  ( 312.2370945548290138, -1.696287862378802691, 104.0050425958546754 ) ) ;
#4196 = CARTESIAN_POINT ( 'NONE',  ( 386.6666666647022339, -2.348547368065704966, 407.1102233377395692 ) ) ;
#4197 = CARTESIAN_POINT ( 'NONE',  ( 386.6666666647020634, -6.083877520582038123, 315.6127975168557214 ) ) ;
#4198 = CARTESIAN_POINT ( 'NONE',  ( 325.7719342222497403, 0.2968172409306553128, 221.4574966269603635 ) ) ;
#4199 = CARTESIAN_POINT ( 'NONE',  ( 300.4004750072478487, -0.8350844762502700469, 221.2477678933577181 ) ) ;
#4200 = PLANE ( 'NONE',  #4162 ) ;
#4201 = CARTESIAN_POINT ( 'NONE',  ( 579.9999999970531235, 1.367670693497608836, 239.2000782469990270 ) ) ;
#4202 = AXIS2_PLACEMENT_3D ( 'NONE', #797, #4184, #5635 ) ;
#4203 = CARTESIAN_POINT ( 'NONE',  ( 324.6883066902103678, -5.009641141986269197, 237.7515197408171161 ) ) ;
#4204 = CARTESIAN_POINT ( 'NONE',  ( 316.6541807260520045, -14.56506169259535000, 264.4069360666575221 ) ) ;
#4205 = FACE_OUTER_BOUND ( 'NONE', #6186, .T. ) ;
#4206 = CIRCLE ( 'NONE', #3918, 1.000000000000000888 ) ;
#4207 = CARTESIAN_POINT ( 'NONE',  ( 289.7760998078862258, 9.306205457704860962, 237.6491046171760502 ) ) ;
#4208 = ORIENTED_EDGE ( 'NONE', *, *, #4582, .F. ) ;
#4209 = EDGE_LOOP ( 'NONE', ( #5693, #1419, #3694, #2486, #4062, #4448, #5223, #4129, #1814, #3982, #1719, #4760 ) ) ;
#4210 = CARTESIAN_POINT ( 'NONE',  ( 579.9999999970528961, -4.797582901793369992, 365.4155641104702568 ) ) ;
#4211 = CARTESIAN_POINT ( 'NONE',  ( 290.8541590441865878, 5.873450981727086351, 227.9419503329573047 ) ) ;
#4212 = VECTOR ( 'NONE', #1417, 1000.000000000000000 ) ;
#4213 = CARTESIAN_POINT ( 'NONE',  ( 324.7613339656930407, 11.59318104149741480, 245.9599532448043817 ) ) ;
#4214 = CARTESIAN_POINT ( 'NONE',  ( 315.0370945548290251, -14.19372269697804434, 139.4050437939080496 ) ) ;
#4215 = CARTESIAN_POINT ( 'NONE',  ( 320.0370945548290251, -10.19372269697804434, 139.4050437939080496 ) ) ;
#4216 = CARTESIAN_POINT ( 'NONE',  ( 323.8370945548290365, 10.80627730302193612, 104.0050425958546754 ) ) ;
#4217 = ORIENTED_EDGE ( 'NONE', *, *, #3866, .T. ) ;
#4218 = CARTESIAN_POINT ( 'NONE',  ( 317.8084089498982507, -13.08603921467402387, 117.3730270856880509 ) ) ;
#4219 = CARTESIAN_POINT ( 'NONE',  ( 324.8370945548288660, -2.143893698991017338, 221.4117939374870332 ) ) ;
#4220 = VERTEX_POINT ( 'NONE', #2844 ) ;
#4221 = CARTESIAN_POINT ( 'NONE',  ( 579.9999999970528961, -5.167355906338058524, 296.6145897423936049 ) ) ;
#4222 = CARTESIAN_POINT ( 'NONE',  ( 333.4436877560403332, -4.030173386952563774, 238.7251941523947210 ) ) ;
#4223 = DIRECTION ( 'NONE',  ( -0.000000000000000000, -5.551115123125782702E-15, 1.000000000000000000 ) ) ;
#4224 = CARTESIAN_POINT ( 'NONE',  ( 333.4280821411065858, 7.626067733319628061, 235.6302272949495489 ) ) ;
#4225 = CARTESIAN_POINT ( 'NONE',  ( 0.000000000000000000, 18.39353072245676657, 301.0012924865722539 ) ) ;
#4226 = EDGE_CURVE ( 'NONE', #1628, #4274, #6257, .T. ) ;
#4227 = CARTESIAN_POINT ( 'NONE',  ( 324.1979951999570631, 0.08713744573083821721, 222.3349669891586018 ) ) ;
#4228 = CARTESIAN_POINT ( 'NONE',  ( 0.000000000000000000, 1.712573641261867508, 412.3034159109438406 ) ) ;
#4229 =( BOUNDED_SURFACE ( )  B_SPLINE_SURFACE ( 3, 2, ( 
 ( #577, #2527, #2051 ),
 ( #4004, #1572, #4510 ),
 ( #139, #2079, #3181 ),
 ( #5065, #723, #2162 ),
 ( #1774, #3211, #5630 ),
 ( #1235, #784, #2190 ),
 ( #4092, #5601, #6083 ),
 ( #2762, #6057, #1268 ),
 ( #4121, #3697, #4213 ),
 ( #4592, #5153, #4619 ),
 ( #1685, #307, #4147 ),
 ( #3639, #5545, #5573 ),
 ( #696, #5122, #6145 ),
 ( #1207, #3153, #2639 ),
 ( #4682, #4179, #5092 ),
 ( #2253, #5659, #1300 ),
 ( #2666, #753, #3668 ),
 ( #1712, #3727, #1744 ),
 ( #3241, #6115, #219 ),
 ( #247, #2699, #1176 ) ),
 .UNSPECIFIED., .F., .F., .F. ) 
 B_SPLINE_SURFACE_WITH_KNOTS ( ( 4, 2, 2, 2, 2, 2, 2, 2, 2, 4 ),
 ( 3, 3 ),
 ( 1.084202172485504434E-19, 0.0002851027105327408480, 0.0005702054210654815877, 0.001140410842130963175, 0.001710616263196444763, 0.002280821684261926351, 0.003421232526392889526, 0.004561643368523852701, 0.006842465052785779052, 0.009123286737047705403 ),
 ( 0.000000000000000000, 1.000000000000000000 ),
 .UNSPECIFIED. ) 
 GEOMETRIC_REPRESENTATION_ITEM ( )  RATIONAL_B_SPLINE_SURFACE ( (
 ( 1.000000000000000000, 0.9950064583208189095, 1.000000000000000000),
 ( 1.000000000000000000, 0.9952484742089262593, 1.000000000000000000),
 ( 1.000000000000000000, 0.9945281843869635541, 1.000000000000000000),
 ( 1.000000000000000000, 0.9920926884744480923, 1.000000000000000000),
 ( 1.000000000000000000, 0.9904520687326194839, 1.000000000000000000),
 ( 1.000000000000000000, 0.9850241773815928692, 1.000000000000000000),
 ( 1.000000000000000000, 0.9808764498713161695, 1.000000000000000000),
 ( 1.000000000000000000, 0.9721894438372157277, 1.000000000000000000),
 ( 1.000000000000000000, 0.9675950038305537459, 1.000000000000000000),
 ( 1.000000000000000000, 0.9582105404125297321, 1.000000000000000000),
 ( 1.000000000000000000, 0.9533958082526613476, 1.000000000000000000),
 ( 1.000000000000000000, 0.9386120147153350635, 1.000000000000000000),
 ( 1.000000000000000000, 0.9283061678531553396, 1.000000000000000000),
 ( 1.000000000000000000, 0.9067740277556207706, 1.000000000000000000),
 ( 1.000000000000000000, 0.8955456125779843735, 1.000000000000000000),
 ( 1.000000000000000000, 0.8603243183423874285, 1.000000000000000000),
 ( 1.000000000000000000, 0.8349231722453254179, 1.000000000000000000),
 ( 1.000000000000000000, 0.7791831298056908217, 1.000000000000000000),
 ( 1.000000000000000000, 0.7488158136339937432, 1.000000000000000000),
 ( 1.000000000000000000, 0.7148284324645340915, 1.000000000000000000) ) ) 
 REPRESENTATION_ITEM ( '' )  SURFACE ( )  );
#4230 = DIRECTION ( 'NONE',  ( -0.9952266800730535934, 5.253750541467718359E-14, -0.09759024167798731331 ) ) ;
#4231 = CARTESIAN_POINT ( 'NONE',  ( 324.8370945548290365, 0.6039163466840811179, 221.4946608283834451 ) ) ;
#4232 = CARTESIAN_POINT ( 'NONE',  ( 286.0790768763945380, -1.225709858472659119, 221.0124697910499947 ) ) ;
#4233 = CARTESIAN_POINT ( 'NONE',  ( 579.9999999970526687, 12.21604645281511381, 288.0486393700726353 ) ) ;
#4234 = CARTESIAN_POINT ( 'NONE',  ( 193.3333333323510317, 10.54414989762780763, 346.0951269367138252 ) ) ;
#4235 = CARTESIAN_POINT ( 'NONE',  ( 323.8370945548290365, -4.193722696978042563, 105.0050425958546754 ) ) ;
#4236 = CARTESIAN_POINT ( 'NONE',  ( 295.7392689340084644, 11.67772597054314332, 242.9813401863881950 ) ) ;
#4237 = CARTESIAN_POINT ( 'NONE',  ( 0.000000000000000000, -3.869566342698527173E-11, 199.5133111311278071 ) ) ;
#4238 = CARTESIAN_POINT ( 'NONE',  ( 305.4379610893493009, 11.80627730302191658, 245.0999547283586821 ) ) ;
#4239 = ORIENTED_EDGE ( 'NONE', *, *, #4925, .T. ) ;
#4240 = CARTESIAN_POINT ( 'NONE',  ( 0.000000000000000000, -8.063096244697373294, 265.5213890302030109 ) ) ;
#4241 = CARTESIAN_POINT ( 'NONE',  ( 286.0721134456313166, 4.589116535947993292, 225.0120345726734570 ) ) ;
#4242 = CARTESIAN_POINT ( 'NONE',  ( 324.8026209337613182, -4.461374846820171491, 228.5110326526315703 ) ) ;
#4243 = ORIENTED_EDGE ( 'NONE', *, *, #3496, .T. ) ;
#4244 = DIRECTION ( 'NONE',  ( 0.000000000000000000, 1.000000000000000000, 5.551115123125781913E-15 ) ) ;
#4245 = CIRCLE ( 'NONE', #5047, 5.000000000000000000 ) ;
#4246 = CARTESIAN_POINT ( 'NONE',  ( 318.4587457034519389, -13.85312387329303441, 120.0412953146704069 ) ) ;
#4247 = CARTESIAN_POINT ( 'NONE',  ( 317.4811602123398870, -12.99965141010427949, 264.4069360666574653 ) ) ;
#4248 = EDGE_LOOP ( 'NONE', ( #5570, #3922, #4937, #5735 ) ) ;
#4249 = CARTESIAN_POINT ( 'NONE',  ( 300.0370945548290251, -10.19372269697804612, 139.4050437939080496 ) ) ;
#4250 = LINE ( 'NONE', #1341, #1215 ) ;
#4251 = ORIENTED_EDGE ( 'NONE', *, *, #547, .F. ) ;
#4252 = CARTESIAN_POINT ( 'NONE',  ( 579.9999999970531235, -5.113217040306552441, 280.3723710342515005 ) ) ;
#4253 = AXIS2_PLACEMENT_3D ( 'NONE', #4387, #3518, #4450 ) ;
#4254 = CARTESIAN_POINT ( 'NONE',  ( 319.6561774168912962, -3.676559641731478756, 234.1690033941127069 ) ) ;
#4255 = CARTESIAN_POINT ( 'NONE',  ( 291.4281164627242902, -0.9090566322988428150, 220.7396067603709469 ) ) ;
#4256 = CARTESIAN_POINT ( 'NONE',  ( 328.8261058170400020, 5.199613570135849017, 229.2595039997374897 ) ) ;
#4257 = CARTESIAN_POINT ( 'NONE',  ( 386.6666666647022339, 6.439140651349280375, 233.5687738193448126 ) ) ;
#4258 = CARTESIAN_POINT ( 'NONE',  ( 324.2041013657428152, 0.3273448013093260833, 222.4473859480125952 ) ) ;
#4259 = CARTESIAN_POINT ( 'NONE',  ( 386.6666666647022339, -5.592650226285882376, 400.6320236277662730 ) ) ;
#4260 = DIRECTION ( 'NONE',  ( -1.000000000000000000, 0.000000000000000000, 0.000000000000000000 ) ) ;
#4261 = CARTESIAN_POINT ( 'NONE',  ( 324.8370945547416113, 0.8037790236128222743, 221.5999091252500079 ) ) ;
#4262 = EDGE_CURVE ( 'NONE', #1676, #1130, #4390, .T. ) ;
#4263 = CARTESIAN_POINT ( 'NONE',  ( 300.4136467715509866, -1.291896410933316863, 222.1759402382199653 ) ) ;
#4264 = CARTESIAN_POINT ( 'NONE',  ( 386.6666666647018928, 12.07468432340812825, 254.2018341394958725 ) ) ;
#4265 = CARTESIAN_POINT ( 'NONE',  ( 0.000000000000000000, 1.712573641261867508, 412.3034159109438406 ) ) ;
#4266 = CARTESIAN_POINT ( 'NONE',  ( 324.4114162596884512, -5.113404539761026157, 238.8583477208412660 ) ) ;
#4267 =( BOUNDED_CURVE ( )  B_SPLINE_CURVE ( 3, ( #2255, #4716, #3156, #1209 ),
 .UNSPECIFIED., .F., .T. ) 
 B_SPLINE_CURVE_WITH_KNOTS ( ( 4, 4 ),
 ( 3.141592653589793116, 6.283185307179586232 ),
 .UNSPECIFIED. ) 
 CURVE ( )  GEOMETRIC_REPRESENTATION_ITEM ( )  RATIONAL_B_SPLINE_CURVE ( ( 1.000000000000000000, 0.3333333333333333703, 0.3333333333333333703, 1.000000000000000000 ) ) 
 REPRESENTATION_ITEM ( '' )  );
#4268 = CARTESIAN_POINT ( 'NONE',  ( 295.2370945548290706, 10.80627730302191836, 236.0418494052043457 ) ) ;
#4269 = LINE ( 'NONE', #5654, #2659 ) ;
#4270 = CARTESIAN_POINT ( 'NONE',  ( 386.6666666647018928, 7.495775076190865249, 350.2880176456091590 ) ) ;
#4271 = CARTESIAN_POINT ( 'NONE',  ( 294.2070234518544680, 6.621289640828884160, 227.3992094148140950 ) ) ;
#4272 = CARTESIAN_POINT ( 'NONE',  ( 286.7570175326517870, 3.222008964978575474, 222.8561779808592291 ) ) ;
#4273 = AXIS2_PLACEMENT_3D ( 'NONE', #2405, #3775, #3810 ) ;
#4274 = VERTEX_POINT ( 'NONE', #1992 ) ;
#4275 = CARTESIAN_POINT ( 'NONE',  ( 0.000000000000000000, -7.638359414888849841, 243.0181500959986352 ) ) ;
#4276 = CARTESIAN_POINT ( 'NONE',  ( 295.6407344471351735, 9.655946549655249456, 239.4516624372145372 ) ) ;
#4277 = CARTESIAN_POINT ( 'NONE',  ( 325.0114851039372184, -3.853786182285602102, 229.2057431542764050 ) ) ;
#4278 = ORIENTED_EDGE ( 'NONE', *, *, #1201, .T. ) ;
#4279 = CARTESIAN_POINT ( 'NONE',  ( 300.5975836094131068, -12.50266293206110824, 115.8036741807526511 ) ) ;
#4280 = CARTESIAN_POINT ( 'NONE',  ( 298.2370945548290138, 9.903712101858411998, 110.5050442647847291 ) ) ;
#4281 = CARTESIAN_POINT ( 'NONE',  ( 295.2370945548290706, -4.193722696978042563, 223.9740446929218081 ) ) ;
#4282 = EDGE_CURVE ( 'NONE', #4070, #4943, #3947, .T. ) ;
#4283 = CARTESIAN_POINT ( 'NONE',  ( 299.2250122311477867, 3.443088007130912676, 258.9429071604394608 ) ) ;
#4284 = VERTEX_POINT ( 'NONE', #4860 ) ;
#4285 = LINE ( 'NONE', #5336, #2538 ) ;
#4286 = CARTESIAN_POINT ( 'NONE',  ( 304.7882125886633844, -14.18758350369358823, 121.6202567440112858 ) ) ;
#4287 = SPHERICAL_SURFACE ( 'NONE', #5586, 1.000000000000000000 ) ;
#4288 = VERTEX_POINT ( 'NONE', #5881 ) ;
#4289 = CARTESIAN_POINT ( 'NONE',  ( 295.2370945548290706, -4.193722696978042563, 104.0050425958546754 ) ) ;
#4290 = ADVANCED_FACE ( 'NONE', ( #5814 ), #1518, .F. ) ;
#4291 = CARTESIAN_POINT ( 'NONE',  ( 319.6604926469584029, -4.995860543018833866, 253.3667265109932885 ) ) ;
#4292 = CARTESIAN_POINT ( 'NONE',  ( 291.3063772230028690, -0.2380907732453488856, 220.1431077325943590 ) ) ;
#4293 = CARTESIAN_POINT ( 'NONE',  ( 319.6207940383526989, 2.056026121872461143, 223.6407564412225213 ) ) ;
#4294 = CARTESIAN_POINT ( 'NONE',  ( 0.000000000000000000, 12.58377223271067891, 221.8964532117458361 ) ) ;
#4295 = CARTESIAN_POINT ( 'NONE',  ( 333.4001032545313592, 0.8137658346355507444, 223.4208674922955993 ) ) ;
#4296 = CARTESIAN_POINT ( 'NONE',  ( 579.9999999970533509, -4.179541867572799774, 402.5918904233845410 ) ) ;
#4297 = CARTESIAN_POINT ( 'NONE',  ( 301.0370945548290251, -5.193722696978042563, 139.4050437939080780 ) ) ;
#4298 = CARTESIAN_POINT ( 'NONE',  ( 324.8370945548289797, 1.557003424620841514, 222.1556865491844235 ) ) ;
#4299 = CARTESIAN_POINT ( 'NONE',  ( 386.6666666647020634, 3.173329659270263559, 227.8570020030838919 ) ) ;
#4300 = CARTESIAN_POINT ( 'NONE',  ( 386.6666666647020634, 1.294877575380734891, 386.4039895251283951 ) ) ;
#4301 = LINE ( 'NONE', #3203, #6037 ) ;
#4302 = CARTESIAN_POINT ( 'NONE',  ( 296.0164991819667080, 11.78253050967275328, 243.9971122569913291 ) ) ;
#4303 = CARTESIAN_POINT ( 'NONE',  ( 298.7675082425785718, -5.197785812768434432, 237.2734476669544961 ) ) ;
#4304 = CARTESIAN_POINT ( 'NONE',  ( 579.9999999970531235, 12.08411726914921047, 295.3193184898788672 ) ) ;
#4305 = CARTESIAN_POINT ( 'NONE',  ( 295.2370945547786505, 5.807201340559482006, 225.8387327644282436 ) ) ;
#4306 = CARTESIAN_POINT ( 'NONE',  ( 286.1239045416671161, -0.09540041402159871176, 219.7540452218531470 ) ) ;
#4307 = VERTEX_POINT ( 'NONE', #935 ) ;
#4308 = PLANE ( 'NONE',  #1345 ) ;
#4309 = CARTESIAN_POINT ( 'NONE',  ( 290.8552442689094164, 6.267171762225456355, 228.8448810552212365 ) ) ;
#4310 = CARTESIAN_POINT ( 'NONE',  ( 299.2370945548290138, -0.6962878623788025800, 0.000000000000000000 ) ) ;
#4311 = VERTEX_POINT ( 'NONE', #1962 ) ;
#4312 = CARTESIAN_POINT ( 'NONE',  ( 300.0370945548290251, -10.49840323488661831, 112.2311492337939569 ) ) ;
#4313 = CARTESIAN_POINT ( 'NONE',  ( 295.8065636444371194, -5.111535269967048656, 236.0604448016240156 ) ) ;
#4314 = DIRECTION ( 'NONE',  ( -0.000000000000000000, -0.000000000000000000, 1.000000000000000000 ) ) ;
#4315 = EDGE_CURVE ( 'NONE', #281, #3106, #4825, .T. ) ;
#4316 = DIRECTION ( 'NONE',  ( 1.000000000000000000, 0.000000000000000000, 0.000000000000000000 ) ) ;
#4317 = ORIENTED_EDGE ( 'NONE', *, *, #3263, .F. ) ;
#4318 = LINE ( 'NONE', #1449, #3397 ) ;
#4319 = EDGE_CURVE ( 'NONE', #5598, #459, #3914, .T. ) ;
#4320 = DIRECTION ( 'NONE',  ( 0.000000000000000000, -1.000000000000000000, 2.102695133789802291E-15 ) ) ;
#4321 = DIRECTION ( 'NONE',  ( -1.000000000000000000, 0.000000000000000000, 0.000000000000000000 ) ) ;
#4322 = VERTEX_POINT ( 'NONE', #3359 ) ;
#4323 = CARTESIAN_POINT ( 'NONE',  ( 315.0370945548290251, -15.19372269697788091, 109.4050437939080354 ) ) ;
#4324 = AXIS2_PLACEMENT_3D ( 'NONE', #2288, #2765, #787 ) ;
#4325 = CARTESIAN_POINT ( 'NONE',  ( 294.2154248492248030, -3.070299128009360334, 223.6929931672442535 ) ) ;
#4326 = EDGE_LOOP ( 'NONE', ( #3557, #4243, #5743, #3321 ) ) ;
#4327 = CARTESIAN_POINT ( 'NONE',  ( 333.4185653024986777, 4.334709593277013440, 227.8860141229269232 ) ) ;
#4328 = CARTESIAN_POINT ( 'NONE',  ( 0.000000000000000000, -3.106131725712700575, 439.6889779992027911 ) ) ;
#4329 = ORIENTED_EDGE ( 'NONE', *, *, #2712, .T. ) ;
#4330 = AXIS2_PLACEMENT_3D ( 'NONE', #5997, #3548, #4061 ) ;
#4331 = ADVANCED_FACE ( 'NONE', ( #5400 ), #1030, .F. ) ;
#4332 = CARTESIAN_POINT ( 'NONE',  ( 319.6123415288154206, 0.5654182912814101902, 222.2962261120061669 ) ) ;
#4333 = CARTESIAN_POINT ( 'NONE',  ( 579.9999999970526687, -3.946952243843884212, 401.3968860776002430 ) ) ;
#4334 = CARTESIAN_POINT ( 'NONE',  ( 0.000000000000000000, -0.5139382740374544012, 199.4997056216937779 ) ) ;
#4335 = CARTESIAN_POINT ( 'NONE',  ( 324.8370945548292070, -0.2497363624407454019, 221.3694788496276544 ) ) ;
#4336 = CARTESIAN_POINT ( 'NONE',  ( 0.000000000000000000, 10.61092084068729768, 215.5285796454811589 ) ) ;
#4337 = CARTESIAN_POINT ( 'NONE',  ( 193.3333333323509180, -1.480112654933182004, 416.3527847794970853 ) ) ;
#4338 = CARTESIAN_POINT ( 'NONE',  ( 333.5050722394219065, -0.1190486467625532369, 221.9355006158101276 ) ) ;
#4339 = PRODUCT_DEFINITION_SHAPE ( 'NONE', 'NONE',  #5364 ) ;
#4340 = DIRECTION ( 'NONE',  ( -0.000000000000000000, 1.000000000000000000, 1.209320730648730674E-16 ) ) ;
#4341 = CARTESIAN_POINT ( 'NONE',  ( 193.3333333323509464, 8.704752596376119200, 357.4126630265610629 ) ) ;
#4342 = CARTESIAN_POINT ( 'NONE',  ( 295.2370945548288432, 10.46769459355479093, 234.8792649815227378 ) ) ;
#4343 = CARTESIAN_POINT ( 'NONE',  ( 286.1240874179380285, 0.03070655473845533209, 219.7549412806595797 ) ) ;
#4344 = ORIENTED_EDGE ( 'NONE', *, *, #3799, .F. ) ;
#4345 = CARTESIAN_POINT ( 'NONE',  ( 579.9999999970528961, -4.260065142064195953, 254.4223368971198056 ) ) ;
#4346 = CARTESIAN_POINT ( 'NONE',  ( 286.0515941504705779, 0.5982202717999651753, 220.0538779512005192 ) ) ;
#4347 = CIRCLE ( 'NONE', #1256, 1.000000000000000888 ) ;
#4348 = CARTESIAN_POINT ( 'NONE',  ( 300.0370945548290251, -14.49089815268829184, 264.4069360666574653 ) ) ;
#4349 = ORIENTED_EDGE ( 'NONE', *, *, #6005, .T. ) ;
#4350 = DIRECTION ( 'NONE',  ( 0.000000000000000000, 0.000000000000000000, -1.000000000000000000 ) ) ;
#4351 = CARTESIAN_POINT ( 'NONE',  ( 296.2370945548290138, -5.193722696978041675, 236.9345085788743006 ) ) ;
#4352 = CARTESIAN_POINT ( 'NONE',  ( 319.9245561976056251, -11.27936991294147617, 113.3632125717662120 ) ) ;
#4353 = LINE ( 'NONE', #3765, #4041 ) ;
#4354 = ORIENTED_EDGE ( 'NONE', *, *, #173, .T. ) ;
#4355 = DIRECTION ( 'NONE',  ( 1.000000000000000000, -0.000000000000000000, -0.000000000000000000 ) ) ;
#4356 = PLANE ( 'NONE',  #6011 ) ;
#4357 = CARTESIAN_POINT ( 'NONE',  ( 305.0370945548290251, -10.19372269697804434, 139.4050437939080496 ) ) ;
#4358 = ORIENTED_EDGE ( 'NONE', *, *, #5789, .T. ) ;
#4359 = DIRECTION ( 'NONE',  ( 0.000000000000000000, 1.000000000000000000, 5.551115123125782702E-15 ) ) ;
#4360 = CARTESIAN_POINT ( 'NONE',  ( 295.2370945548288432, -3.830338885253462777, 222.8111349492244528 ) ) ;
#4361 = CARTESIAN_POINT ( 'NONE',  ( 299.2555135760225085, -5.303002104331580924, 259.0923579259061285 ) ) ;
#4362 = CARTESIAN_POINT ( 'NONE',  ( 333.4273566548636722, 7.312972468149339988, 234.7409869152652391 ) ) ;
#4363 = CARTESIAN_POINT ( 'NONE',  ( 386.6666666647022339, -0.05509682441517349538, 394.0997390200583936 ) ) ;
#4364 = VECTOR ( 'NONE', #2703, 1000.000000000000000 ) ;
#4365 = ORIENTED_EDGE ( 'NONE', *, *, #1187, .F. ) ;
#4366 = CARTESIAN_POINT ( 'NONE',  ( 333.3902453812402769, -0.2537442016726417782, 222.9779992371230719 ) ) ;
#4367 = CARTESIAN_POINT ( 'NONE',  ( 193.3333333323509180, -6.836737455847012868, 354.0694408174593946 ) ) ;
#4368 = CARTESIAN_POINT ( 'NONE',  ( 295.2370945548290706, 21.80627730302191125, 264.4069360666574653 ) ) ;
#4369 = CARTESIAN_POINT ( 'NONE',  ( 325.8161253253347809, -3.070670522981447270, 225.9492163919620111 ) ) ;
#4370 = CARTESIAN_POINT ( 'NONE',  ( 579.9999999970528961, 3.601999506163845677, 359.0013333867893266 ) ) ;
#4371 = CARTESIAN_POINT ( 'NONE',  ( 324.8370945548290933, 9.903712101858411998, 106.0050442647847433 ) ) ;
#4372 = LINE ( 'NONE', #5415, #3923 ) ;
#4373 = CARTESIAN_POINT ( 'NONE',  ( 386.6666666647020634, 1.294877575380734891, 386.4039895251283951 ) ) ;
#4374 = CARTESIAN_POINT ( 'NONE',  ( 294.2036100023027529, 5.563785722406620060, 225.3050261231971376 ) ) ;
#4375 = FACE_OUTER_BOUND ( 'NONE', #666, .T. ) ;
#4376 = EDGE_LOOP ( 'NONE', ( #1083, #1119, #957, #5405 ) ) ;
#4377 = CARTESIAN_POINT ( 'NONE',  ( 193.3333333323509748, -6.706862923142622002, 250.7127431795906887 ) ) ;
#4378 = CARTESIAN_POINT ( 'NONE',  ( 300.3955357322760733, 2.416841387774453676, 222.7529457354972351 ) ) ;
#4379 = ORIENTED_EDGE ( 'NONE', *, *, #2066, .F. ) ;
#4380 = CARTESIAN_POINT ( 'NONE',  ( 672.0146080650777094, 2.323584188347896251E-13, 110.5050442647847575 ) ) ;
#4381 = ORIENTED_EDGE ( 'NONE', *, *, #224, .T. ) ;
#4382 = CARTESIAN_POINT ( 'NONE',  ( 305.0370945551198929, -15.22838636738806706, 223.2545631917065236 ) ) ;
#4383 = CARTESIAN_POINT ( 'NONE',  ( 295.5265800015214381, -4.948582024899915943, 234.4375507984833860 ) ) ;
#4384 = CARTESIAN_POINT ( 'NONE',  ( 672.0146080650777094, 0.000000000000000000, 106.0050442647847433 ) ) ;
#4385 = CARTESIAN_POINT ( 'NONE',  ( 304.0022583285754649, -13.69501809013799765, 264.4069360666574084 ) ) ;
#4386 = EDGE_LOOP ( 'NONE', ( #5839, #3618 ) ) ;
#4387 = CARTESIAN_POINT ( 'NONE',  ( 314.8370945548289797, 3.306277303021957881, 136.7050419661089222 ) ) ;
#4388 = CARTESIAN_POINT ( 'NONE',  ( 302.9507918588084863, -13.61456851301433346, 119.1375998534173419 ) ) ;
#4389 = LINE ( 'NONE', #4005, #4172 ) ;
#4390 = LINE ( 'NONE', #53, #6041 ) ;
#4391 = CARTESIAN_POINT ( 'NONE',  ( 319.6611756347401752, -5.303935869199703390, 264.9439733406658206 ) ) ;
#4392 = CARTESIAN_POINT ( 'NONE',  ( 296.2370945548290706, 10.80627730302195388, 1.703655151650572961E-15 ) ) ;
#4393 = CARTESIAN_POINT ( 'NONE',  ( 386.6666666647022339, -4.098509801975090738, 416.3470041637490908 ) ) ;
#4394 = CIRCLE ( 'NONE', #3150, 1.000000000000000888 ) ;
#4395 = CARTESIAN_POINT ( 'NONE',  ( 300.3982601262109142, -0.7873603251591358987, 221.1790978967186447 ) ) ;
#4396 = ORIENTED_EDGE ( 'NONE', *, *, #1886, .F. ) ;
#4397 = B_SPLINE_SURFACE_WITH_KNOTS ( 'NONE', 3, 1, ( 
 ( #5510, #5086 ),
 ( #187, #2605 ),
 ( #4612, #5961 ),
 ( #5056, #2156 ) ),
 .UNSPECIFIED., .F., .F., .F.,
 ( 4, 4 ),
 ( 2, 2 ),
 ( 0.000000000000000000, 1.000000000000000000 ),
 ( 0.000000000000000000, 1.000000000000000000 ),
 .UNSPECIFIED. ) ;
#4398 = CARTESIAN_POINT ( 'NONE',  ( 333.3859208699471992, -0.002536785989083379170, 222.9342526621508966 ) ) ;
#4399 = CARTESIAN_POINT ( 'NONE',  ( 386.6666666647018928, -6.161060105321074509, 294.7877091421007663 ) ) ;
#4400 = CARTESIAN_POINT ( 'NONE',  ( 324.0079020814995374, 11.81896688716979682, 246.9858525233576643 ) ) ;
#4401 = CARTESIAN_POINT ( 'NONE',  ( 298.2370945548290138, -0.6962878623788025800, 110.5050442647847575 ) ) ;
#4402 = CARTESIAN_POINT ( 'NONE',  ( 193.3333333323510885, -6.108416584304056762, 434.0147561491482975 ) ) ;
#4403 = ADVANCED_FACE ( 'NONE', ( #1854 ), #5851, .T. ) ;
#4404 = CARTESIAN_POINT ( 'NONE',  ( 301.0370945548293093, -10.22727322168834974, 181.3237330215036422 ) ) ;
#4405 = CARTESIAN_POINT ( 'NONE',  ( 299.2370945548290138, 7.303712137621197087, 104.0050425958546754 ) ) ;
#4406 = CARTESIAN_POINT ( 'NONE',  ( 0.000000000000000000, -7.705051474660509214, 374.2669285172183891 ) ) ;
#4407 = B_SPLINE_CURVE_WITH_KNOTS ( 'NONE', 3,
 ( #1827, #3260, #3370, #1791 ),
 .UNSPECIFIED., .F., .F.,
 ( 4, 4 ),
 ( 0.04472807099277527343, 0.04952814548188410465 ),
 .UNSPECIFIED. ) ;
#4408 = CARTESIAN_POINT ( 'NONE',  ( 323.8186403706084207, 11.82620159882162980, 247.0040814842528789 ) ) ;
#4409 = VERTEX_POINT ( 'NONE', #5741 ) ;
#4410 = LINE ( 'NONE', #1473, #133 ) ;
#4411 = CARTESIAN_POINT ( 'NONE',  ( 300.3937067397110354, 2.123971275365442501, 222.4051328473117621 ) ) ;
#4412 = VERTEX_POINT ( 'NONE', #1381 ) ;
#4413 = CARTESIAN_POINT ( 'NONE',  ( 317.8370945548289797, 0.000000000000000000, 106.0050442647847433 ) ) ;
#4414 = CARTESIAN_POINT ( 'NONE',  ( 298.7871346424252579, -5.193722696924604421, 237.2302228308985832 ) ) ;
#4415 = CARTESIAN_POINT ( 'NONE',  ( 295.2897564833898514, -4.518529945302851125, 226.6930538219865241 ) ) ;
#4416 = CARTESIAN_POINT ( 'NONE',  ( 294.1866581651942738, 1.977698540510620218, 220.4419294592715062 ) ) ;
#4417 = ORIENTED_EDGE ( 'NONE', *, *, #2022, .F. ) ;
#4418 = CARTESIAN_POINT ( 'NONE',  ( 286.0989467720827975, -4.845869848187870588, 244.5407643857756170 ) ) ;
#4419 = CARTESIAN_POINT ( 'NONE',  ( 323.8186403706086480, 11.82620159882161559, 247.0040814842528789 ) ) ;
#4420 = CARTESIAN_POINT ( 'NONE',  ( 328.5618154782708302, -4.629533243520008057, 246.1565148001639329 ) ) ;
#4421 = EDGE_CURVE ( 'NONE', #6150, #5375, #3322, .T. ) ;
#4422 = CARTESIAN_POINT ( 'NONE',  ( 672.0146080650777094, -3.296287826616013827, 139.4050437939080496 ) ) ;
#4423 = CARTESIAN_POINT ( 'NONE',  ( 285.9190836128024671, -0.2515019554433072790, 218.7504617822332591 ) ) ;
#4424 = CARTESIAN_POINT ( 'NONE',  ( 319.0370945548290251, -10.19372269697787736, 109.4050437939080638 ) ) ;
#4425 = VECTOR ( 'NONE', #4503, 1000.000000000000000 ) ;
#4426 = CARTESIAN_POINT ( 'NONE',  ( 579.9999999970528961, 3.601999506163845677, 359.0013333867893266 ) ) ;
#4427 = CARTESIAN_POINT ( 'NONE',  ( 286.0864343055861241, -2.356796653059854751, 224.2376510157194218 ) ) ;
#4428 = ORIENTED_EDGE ( 'NONE', *, *, #4809, .T. ) ;
#4429 = CIRCLE ( 'NONE', #1664, 1.000000000000003775 ) ;
#4430 = CARTESIAN_POINT ( 'NONE',  ( 333.3855935210569328, -0.01641612354005850954, 222.9326628004027100 ) ) ;
#4431 = CARTESIAN_POINT ( 'NONE',  ( 0.000000000000000000, -7.630794817724408041, 387.2858327702766701 ) ) ;
#4432 = CARTESIAN_POINT ( 'NONE',  ( 327.3680659888883611, -2.298935039568115180, 227.0015953415621368 ) ) ;
#4433 = CYLINDRICAL_SURFACE ( 'NONE', #2183, 1.000000000000000888 ) ;
#4434 = EDGE_CURVE ( 'NONE', #2049, #5034, #6291, .T. ) ;
#4435 = CARTESIAN_POINT ( 'NONE',  ( 579.9999999970527824, -4.937668687604563011, 340.7488106811252351 ) ) ;
#4436 = DIRECTION ( 'NONE',  ( 0.000000000000000000, 1.000000000000000000, 0.000000000000000000 ) ) ;
#4437 = DIRECTION ( 'NONE',  ( 0.000000000000000000, 5.551115123125782702E-15, -1.000000000000000000 ) ) ;
#4438 = CARTESIAN_POINT ( 'NONE',  ( 193.3333333323510885, -6.494676812344354566, 415.8765459913967675 ) ) ;
#4439 = CARTESIAN_POINT ( 'NONE',  ( 294.3668551374431672, 10.62566358610948392, 239.1607543535590423 ) ) ;
#4440 = ORIENTED_EDGE ( 'NONE', *, *, #2146, .T. ) ;
#4441 = DIRECTION ( 'NONE',  ( 0.000000000000000000, 5.551115123125782702E-15, -1.000000000000000000 ) ) ;
#4442 = CARTESIAN_POINT ( 'NONE',  ( 286.0480121301984013, 0.3505715333794579003, 219.8886130603503943 ) ) ;
#4443 = ORIENTED_EDGE ( 'NONE', *, *, #1811, .T. ) ;
#4444 = CARTESIAN_POINT ( 'NONE',  ( 301.0370945548290820, -10.24044951013959093, 191.4908864943746778 ) ) ;
#4445 = CARTESIAN_POINT ( 'NONE',  ( 301.0370945548290251, -5.193722696978042563, 237.4067498896198458 ) ) ;
#4446 = FACE_BOUND ( 'NONE', #4386, .T. ) ;
#4447 = CARTESIAN_POINT ( 'NONE',  ( 296.0325559027785403, 11.82103596315498883, 244.4174373260141238 ) ) ;
#4448 = ORIENTED_EDGE ( 'NONE', *, *, #1820, .T. ) ;
#4449 = B_SPLINE_SURFACE_WITH_KNOTS ( 'NONE', 3, 3, ( 
 ( #6049, #774, #3688, #1678 ),
 ( #1198, #5622, #3718, #2721 ),
 ( #4201, #1259, #3659, #298 ),
 ( #3631, #1765, #3202, #6022 ),
 ( #6077, #688, #2244, #1142 ),
 ( #1648, #3090, #4558, #2688 ),
 ( #5029, #5055, #661, #6136 ),
 ( #2604, #5144, #186, #2127 ),
 ( #4169, #2212, #5567, #4084 ),
 ( #5085, #3601, #5593, #5537 ),
 ( #1169, #3144, #3117, #1228 ),
 ( #2631, #4611, #716, #210 ),
 ( #2155, #2657, #744, #239 ),
 ( #2181, #4139, #3173, #5112 ),
 ( #4640, #6107, #5790, #1940 ),
 ( #1866, #5651, #4704, #874 ),
 ( #5318, #1902, #2308, #2893 ),
 ( #3859, #1290, #946, #1360 ),
 ( #1430, #6233, #4837, #6271 ),
 ( #6305, #3373, #4234, #2786 ),
 ( #5209, #466, #3233, #363 ),
 ( #2859, #5681, #2414, #4803 ),
 ( #4370, #2821, #1395, #3300 ),
 ( #331, #395, #4736, #1831 ),
 ( #3337, #4300, #5176, #4265 ),
 ( #3822, #430, #6166, #6199 ),
 ( #2378, #808, #4337, #2753 ),
 ( #2343, #2277, #5247, #4768 ),
 ( #5753, #5281, #1797, #3749 ),
 ( #1321, #3265, #840, #3785 ),
 ( #5718, #910, #4018, #5893 ),
 ( #1011, #2926, #2958, #497 ),
 ( #2991, #1589, #3441, #4902 ),
 ( #2447, #152, #2065, #4872 ),
 ( #1556, #3893, #1528, #5953 ),
 ( #4960, #4930, #4402, #1042 ),
 ( #3534, #5444, #122, #5474 ),
 ( #3928, #3503, #5861, #64 ),
 ( #1105, #32, #1074, #4495 ),
 ( #5826, #3020, #91, #1465 ),
 ( #5412, #2476, #3050, #4993 ),
 ( #625, #5923, #2571, #5349 ),
 ( #560, #4524, #1975, #3410 ),
 ( #1498, #527, #979, #5382 ),
 ( #4435, #592, #2002, #2540 ),
 ( #3959, #3472, #2508, #4464 ),
 ( #2033, #3988, #5669, #2677 ),
 ( #1784, #4758, #1244, #2708 ),
 ( #2091, #795, #2773, #2295 ),
 ( #4221, #5164, #4628, #285 ),
 ( #3736, #4660, #4189, #2231 ),
 ( #4252, #3220, #4723, #6123 ),
 ( #5984, #1278, #1753, #861 ),
 ( #1726, #3253, #827, #6093 ),
 ( #6187, #350, #256, #1818 ),
 ( #1135, #5706, #3706, #3773 ),
 ( #1343, #5640, #5234, #3288 ),
 ( #2808, #4047, #2742, #1617 ),
 ( #654, #5609, #4692, #3677 ),
 ( #3563, #3191, #5503, #1310 ),
 ( #2199, #3082, #5195, #5021 ),
 ( #6155, #316, #4157, #5131 ),
 ( #762, #2264, #5776, #2435 ) ),
 .UNSPECIFIED., .T., .F., .F.,
 ( 4, 1, 1, 1, 1, 1, 1, 1, 1, 1, 1, 1, 1, 1, 1, 1, 1, 1, 1, 1, 1, 1, 1, 1, 1, 1, 1, 1, 1, 1, 1, 1, 1, 1, 1, 1, 1, 1, 1, 1, 1, 1, 1, 1, 1, 1, 1, 1, 1, 1, 1, 1, 1, 1, 1, 1, 1, 1, 1, 1, 4 ),
 ( 4, 4 ),
 ( 0.000000000000000000, 0.003860322318652631424, 0.009394797800600040993, 0.01667682966515771081, 0.02574601821153910119, 0.03660292795654351838, 0.04920899649386034636, 0.06349082326102040152, 0.07934674930367069390, 0.09664596362268917940, 0.1152362930771427818, 0.1349489434337972638, 0.1556634120433916246, 0.1773331524001592330, 0.1998829210885900709, 0.2232120323077090296, 0.2472101962221454619, 0.2717419340733749911, 0.2965571596970338897, 0.3213261058738797749, 0.3457060309687295385, 0.3693717206835468447, 0.3919905574059651121, 0.4132492025566901761, 0.4328580350888563411, 0.4505322894011315471, 0.4660166644726876362, 0.4791302729403160710, 0.4897712402210446792, 0.4977451439687686774, 0.5027415987227935590, 0.5044506879271154487, 0.5061687141980233395, 0.5111726415984217953, 0.5191493344995530279, 0.5297856188872963612, 0.5429192827985859227, 0.5584900536828429907, 0.5763877949385057819, 0.5963681263741105187, 0.6181950463317675837, 0.6415931759684508906, 0.6662720753110366045, 0.6919362323365962908, 0.7182704540732928189, 0.7449493915174514314, 0.7716573823196638537, 0.7980689496398100102, 0.8238682316128342897, 0.8487443405748122949, 0.8724112732714405238, 0.8945985341559141713, 0.9150565674164555796, 0.9335822461452389920, 0.9499859994824328968, 0.9641230260458010237, 0.9759079492932850597, 0.9852880743758861692, 0.9922841994269310240, 0.9970173798615488137, 1.000000000000000000 ),
 ( 0.000000000000000000, 1.000000000000000000 ),
 .UNSPECIFIED. ) ;
#4450 = DIRECTION ( 'NONE',  ( 0.000000000000000000, 0.000000000000000000, -1.000000000000000000 ) ) ;
#4451 = CARTESIAN_POINT ( 'NONE',  ( 325.7894022474037001, 2.479313200021601826, 223.0540039861482455 ) ) ;
#4452 = CARTESIAN_POINT ( 'NONE',  ( 295.2370945548290706, -5.193722696978042563, 104.0050425958546754 ) ) ;
#4453 = CARTESIAN_POINT ( 'NONE',  ( 315.0370945549745443, -15.14427979594355023, 238.9951580341978001 ) ) ;
#4454 = CARTESIAN_POINT ( 'NONE',  ( 285.9310590530917011, -0.4988983568677679559, 218.8091391528671181 ) ) ;
#4455 = LINE ( 'NONE', #4424, #3464 ) ;
#4456 = CARTESIAN_POINT ( 'NONE',  ( 193.3333333323510885, -2.727339546889202992, 423.3996006684712370 ) ) ;
#4457 = CARTESIAN_POINT ( 'NONE',  ( 290.8617563288680685, -2.071025703927145134, 223.6234811643791716 ) ) ;
#4458 = EDGE_LOOP ( 'NONE', ( #2170, #2964, #2291, #2603, #2851, #3578, #6240, #3899 ) ) ;
#4459 = AXIS2_PLACEMENT_3D ( 'NONE', #1190, #2119, #3166 ) ;
#4460 = CARTESIAN_POINT ( 'NONE',  ( 319.6019493548257060, -0.1616164014718527719, 222.0251851850263733 ) ) ;
#4461 = CARTESIAN_POINT ( 'NONE',  ( 386.6666666647022339, -5.483459774955862009, 251.0186217847534920 ) ) ;
#4462 = CARTESIAN_POINT ( 'NONE',  ( 328.1265012828237104, -0.9224753697034412392, 223.2854072291634964 ) ) ;
#4463 = CARTESIAN_POINT ( 'NONE',  ( 324.8370945548289797, -2.116215915289517024, 223.2515395115359809 ) ) ;
#4464 = CARTESIAN_POINT ( 'NONE',  ( 0.000000000000000000, -7.875199188317395738, 346.8394967070635175 ) ) ;
#4465 = CARTESIAN_POINT ( 'NONE',  ( 325.8148982195279473, -2.943906766202848857, 225.4939820101254213 ) ) ;
#4466 = EDGE_CURVE ( 'NONE', #3870, #4810, #1056, .T. ) ;
#4467 = CARTESIAN_POINT ( 'NONE',  ( 579.9999999970532372, 5.400585436222888447, 245.2695254820144157 ) ) ;
#4468 = CARTESIAN_POINT ( 'NONE',  ( 579.9999999970527824, -4.937668687604563011, 340.7488106811252351 ) ) ;
#4469 = CARTESIAN_POINT ( 'NONE',  ( 295.3204189111668256, 11.35458053830751268, 242.2376776495190427 ) ) ;
#4470 = EDGE_CURVE ( 'NONE', #5354, #184, #3404, .T. ) ;
#4471 = CARTESIAN_POINT ( 'NONE',  ( 290.8317640519816791, 0.9634046824849191726, 220.6656393457190575 ) ) ;
#4472 = VERTEX_POINT ( 'NONE', #3490 ) ;
#4473 = CARTESIAN_POINT ( 'NONE',  ( 323.9378624557875241, -5.189746670209101076, 239.6995943685337522 ) ) ;
#4474 = CARTESIAN_POINT ( 'NONE',  ( 300.0370945548290251, -15.20390118887526221, 160.3591685903359974 ) ) ;
#4475 = DIRECTION ( 'NONE',  ( 0.000000000000000000, 0.000000000000000000, -1.000000000000000000 ) ) ;
#4476 = CARTESIAN_POINT ( 'NONE',  ( 295.2370945548291274, -4.023002737332693535, 223.3888154906010755 ) ) ;
#4477 = CARTESIAN_POINT ( 'NONE',  ( 324.8370945548290365, 10.80627730302193612, 105.0050425958546754 ) ) ;
#4478 = VERTEX_POINT ( 'NONE', #2614 ) ;
#4479 = DIRECTION ( 'NONE',  ( 1.000000000000000000, -0.000000000000000000, 0.000000000000000000 ) ) ;
#4480 = CARTESIAN_POINT ( 'NONE',  ( 315.0370945548289683, -15.22698402026592035, 181.0732071563714101 ) ) ;
#4481 = CARTESIAN_POINT ( 'NONE',  ( 332.7956509824268210, -1.663388238015619747, 225.4115293067337120 ) ) ;
#4482 = CARTESIAN_POINT ( 'NONE',  ( 300.0370945548290820, -9.998799994516554435, 253.9916179234061246 ) ) ;
#4483 = ADVANCED_FACE ( 'NONE', ( #5518 ), #5561, .T. ) ;
#4484 = VECTOR ( 'NONE', #3803, 1000.000000000000000 ) ;
#4485 = CARTESIAN_POINT ( 'NONE',  ( 295.2370945548162240, -2.125829935979045349, 221.2099179470878596 ) ) ;
#4486 = LINE ( 'NONE', #5853, #5014 ) ;
#4487 = CARTESIAN_POINT ( 'NONE',  ( 386.6666666647020634, -6.133868915404450561, 305.0780289475609379 ) ) ;
#4488 = CARTESIAN_POINT ( 'NONE',  ( 286.0931145600418404, -3.258456582658276979, 228.5786235784015332 ) ) ;
#4489 = ORIENTED_EDGE ( 'NONE', *, *, #202, .F. ) ;
#4490 = CARTESIAN_POINT ( 'NONE',  ( 328.7901699396609274, -0.02672074224618410654, 222.6231783105216380 ) ) ;
#4491 = CARTESIAN_POINT ( 'NONE',  ( 579.9999999970528961, -4.797582901793369992, 365.4155641104702568 ) ) ;
#4492 = CARTESIAN_POINT ( 'NONE',  ( 328.1465131070225993, -0.8653025511029324157, 223.1873531119709355 ) ) ;
#4493 = AXIS2_PLACEMENT_3D ( 'NONE', #2364, #3912, #5303 ) ;
#4494 = CARTESIAN_POINT ( 'NONE',  ( 324.8370945548290933, -1.581556955538741649, 222.2352082510655862 ) ) ;
#4495 = CARTESIAN_POINT ( 'NONE',  ( 0.000000000000000000, -7.396703398402827645, 431.1210683550273188 ) ) ;
#4496 = CARTESIAN_POINT ( 'NONE',  ( 325.7969950603602456, -1.588268227860558879, 222.3098057326929222 ) ) ;
#4497 = CARTESIAN_POINT ( 'NONE',  ( 193.3333333323509748, 0.5840579286484742783, 212.5287729211146939 ) ) ;
#4498 = CARTESIAN_POINT ( 'NONE',  ( 0.000000000000000000, -7.786271839968238240, 360.7297558856265027 ) ) ;
#4499 = CARTESIAN_POINT ( 'NONE',  ( 295.3124556130094334, 11.19990925688481198, 238.9101048574851518 ) ) ;
#4500 = CARTESIAN_POINT ( 'NONE',  ( 290.8184436325141178, 0.05121818966067023804, 220.0810223002745829 ) ) ;
#4501 = VERTEX_POINT ( 'NONE', #1270 ) ;
#4502 = CARTESIAN_POINT ( 'NONE',  ( 324.4145643152463094, -5.112466039821967456, 238.8480323336066533 ) ) ;
#4503 = DIRECTION ( 'NONE',  ( 0.000000000000000000, -1.000000000000000000, -5.551115123125781913E-15 ) ) ;
#4504 = B_SPLINE_CURVE_WITH_KNOTS ( 'NONE', 3,
 ( #5250, #6273, #4303, #301 ),
 .UNSPECIFIED., .F., .F.,
 ( 4, 4 ),
 ( 5.551115123125782702E-17, 0.003827118490409670351 ),
 .UNSPECIFIED. ) ;
#4505 = CARTESIAN_POINT ( 'NONE',  ( 319.0370945548290251, -5.193722696977875586, 109.4050437939080922 ) ) ;
#4506 = CARTESIAN_POINT ( 'NONE',  ( 295.2370945548289569, -0.8713915926102155929, 218.4245810499444929 ) ) ;
#4507 = CARTESIAN_POINT ( 'NONE',  ( 296.1222340312113488, 11.82810613370457808, 244.4590565152426223 ) ) ;
#4508 = VERTEX_POINT ( 'NONE', #1687 ) ;
#4509 = LINE ( 'NONE', #2078, #2113 ) ;
#4510 = CARTESIAN_POINT ( 'NONE',  ( 323.9151872817546405, 11.82619493401264954, 247.0130575976308194 ) ) ;
#4511 = CARTESIAN_POINT ( 'NONE',  ( 317.8370945548289797, -3.296287826616013827, 139.4050437939080496 ) ) ;
#4512 = CARTESIAN_POINT ( 'NONE',  ( 325.6150832731253217, 13.95588600060645845, 260.5949399087372171 ) ) ;
#4513 = CARTESIAN_POINT ( 'NONE',  ( 295.2370945548542522, -1.378960078462998950, 219.9735527895916221 ) ) ;
#4514 = CARTESIAN_POINT ( 'NONE',  ( 296.8370945802938650, -6.421544135046372226, 264.4069360666574653 ) ) ;
#4515 = ADVANCED_FACE ( 'NONE', ( #2223 ), #5188, .F. ) ;
#4516 = CARTESIAN_POINT ( 'NONE',  ( 0.000000000000000000, -7.565368802876977661, 399.6270695293106314 ) ) ;
#4517 = CARTESIAN_POINT ( 'NONE',  ( 286.0818860622558759, -1.765030805135505920, 222.3992614431120387 ) ) ;
#4518 = VECTOR ( 'NONE', #3768, 1000.000000000000000 ) ;
#4519 = ORIENTED_EDGE ( 'NONE', *, *, #4658, .F. ) ;
#4520 = CARTESIAN_POINT ( 'NONE',  ( 324.2408665772549057, -2.100258994420358682, 226.0941015485502703 ) ) ;
#4521 = CARTESIAN_POINT ( 'NONE',  ( 193.3333333323509748, -4.547455531547243801, 222.5893264324144809 ) ) ;
#4522 = CARTESIAN_POINT ( 'NONE',  ( 325.1864393002323368, -4.028471177351308441, 237.6911495209409111 ) ) ;
#4523 = CARTESIAN_POINT ( 'NONE',  ( 324.5459241603841747, -4.906218223544882129, 234.1371118284305055 ) ) ;
#4524 = CARTESIAN_POINT ( 'NONE',  ( 386.6666666647020634, -5.769646836630459852, 367.4881854869412336 ) ) ;
#4525 = EDGE_CURVE ( 'NONE', #3122, #4943, #2266, .T. ) ;
#4526 = CARTESIAN_POINT ( 'NONE',  ( 325.7789450134345657, -0.8991042832827804698, 221.6721502638305026 ) ) ;
#4527 = CARTESIAN_POINT ( 'NONE',  ( 579.9999999970532372, 10.02172174692658935, 318.6559974715308385 ) ) ;
#4528 = CARTESIAN_POINT ( 'NONE',  ( 0.000000000000000000, -7.314032143735950342, 439.3289523860927375 ) ) ;
#4529 = CARTESIAN_POINT ( 'NONE',  ( 295.8956863696562323, 11.74726621235680568, 243.6465386121173253 ) ) ;
#4530 = DIRECTION ( 'NONE',  ( 0.000000000000000000, 1.000000000000000000, -2.102695133789802685E-15 ) ) ;
#4531 = CARTESIAN_POINT ( 'NONE',  ( 286.0395184596183071, 0.01307938059264617849, 219.7520280754347084 ) ) ;
#4532 = ORIENTED_EDGE ( 'NONE', *, *, #4434, .F. ) ;
#4533 = CARTESIAN_POINT ( 'NONE',  ( 324.6922628535764943, -5.007808423139341159, 237.7326291705109327 ) ) ;
#4534 = LINE ( 'NONE', #3031, #5842 ) ;
#4535 = CARTESIAN_POINT ( 'NONE',  ( 317.8370945548289797, 0.000000000000000000, 0.000000000000000000 ) ) ;
#4536 = CARTESIAN_POINT ( 'NONE',  ( 295.2370945548289569, 7.530118499025467926, 226.9819424124488023 ) ) ;
#4537 = CARTESIAN_POINT ( 'NONE',  ( 294.9522077871921510, 11.38608074686249516, 242.3430135510866705 ) ) ;
#4538 = ORIENTED_EDGE ( 'NONE', *, *, #1973, .T. ) ;
#4539 = CARTESIAN_POINT ( 'NONE',  ( 295.6423687057270513, 10.58328795929154786, 243.3166620363258232 ) ) ;
#4540 = CARTESIAN_POINT ( 'NONE',  ( 300.0370945548287409, -5.375160996725126594, 262.9219554743616527 ) ) ;
#4541 = CARTESIAN_POINT ( 'NONE',  ( 327.7337320690939464, 11.39106310884423223, 250.2139653775117267 ) ) ;
#4542 = CARTESIAN_POINT ( 'NONE',  ( 330.1929955746286396, 9.566441022949824458, 238.1640438118841132 ) ) ;
#4543 = CARTESIAN_POINT ( 'NONE',  ( 294.1822573152204541, -1.092662058944543935, 219.6674935705921428 ) ) ;
#4544 = CARTESIAN_POINT ( 'NONE',  ( 312.2370945548290138, 7.303712137621197087, 128.5328006421047178 ) ) ;
#4545 = B_SPLINE_CURVE_WITH_KNOTS ( 'NONE', 3,
 ( #6039, #2173, #4131, #2680, #4631, #200, #2621, #4574, #1583, #2144, #3531, #1101, #2430, #4885, #5808, #4819 ),
 .UNSPECIFIED., .F., .F.,
 ( 4, 2, 2, 2, 2, 2, 2, 4 ),
 ( 0.02026052256680557426, 0.02104906012225241443, 0.02183759767769925114, 0.02262613523314608785, 0.02341467278859292803, 0.02420321034403976473, 0.02499174789948660491, 0.02656882301038027833 ),
 .UNSPECIFIED. ) ;
#4546 = CARTESIAN_POINT ( 'NONE',  ( 295.6453924119462613, -2.682599052893661185, 226.2438149356632380 ) ) ;
#4547 = ORIENTED_EDGE ( 'NONE', *, *, #742, .T. ) ;
#4548 = CARTESIAN_POINT ( 'NONE',  ( 328.8254333672188068, -0.9583809448734283976, 223.3933051823591427 ) ) ;
#4549 = FACE_OUTER_BOUND ( 'NONE', #2011, .T. ) ;
#4550 = CARTESIAN_POINT ( 'NONE',  ( 328.8378538247183087, 10.19095711846614982, 244.5170936016937162 ) ) ;
#4551 = B_SPLINE_CURVE_WITH_KNOTS ( 'NONE', 3,
 ( #664, #2214, #746, #6109 ),
 .UNSPECIFIED., .F., .F.,
 ( 4, 4 ),
 ( 0.06952845755136288775, 0.07432853287367743866 ),
 .UNSPECIFIED. ) ;
#4552 = CARTESIAN_POINT ( 'NONE',  ( 315.0370945548290251, -14.14840941379020123, 238.3674146143608539 ) ) ;
#4553 = CARTESIAN_POINT ( 'NONE',  ( 0.000000000000000000, 19.01102325474809618, 266.6625469626757194 ) ) ;
#4554 = CARTESIAN_POINT ( 'NONE',  ( 579.9999999970528961, -1.220256621134524266, 238.8938225097272152 ) ) ;
#4555 = CARTESIAN_POINT ( 'NONE',  ( 321.3009763108669290, -5.197259184769177587, 239.5209639364409213 ) ) ;
#4556 = CARTESIAN_POINT ( 'NONE',  ( 300.3741287562537536, 0.04917268900680597798, 220.7232916193373171 ) ) ;
#4557 = EDGE_LOOP ( 'NONE', ( #5263, #4110, #856, #4176, #2694, #5523, #4850, #5783, #3511, #1603, #3966, #10 ) ) ;
#4558 = CARTESIAN_POINT ( 'NONE',  ( 193.3333333323510885, 7.477695866475672304, 221.8680221566752095 ) ) ;
#4559 = CARTESIAN_POINT ( 'NONE',  ( 288.6678040954024027, -3.164407997491942803E-11, 218.9237324410899816 ) ) ;
#4560 = CARTESIAN_POINT ( 'NONE',  ( 320.0370945548290251, -5.193722696978042563, 139.4050437939080780 ) ) ;
#4561 = AXIS2_PLACEMENT_3D ( 'NONE', #5488, #6056, #1148 ) ;
#4562 = CARTESIAN_POINT ( 'NONE',  ( 296.2370945548290706, -5.193722696978042563, 105.0050425958546754 ) ) ;
#4563 = DIRECTION ( 'NONE',  ( 0.000000000000000000, 0.000000000000000000, 1.000000000000000000 ) ) ;
#4564 = ORIENTED_EDGE ( 'NONE', *, *, #3379, .T. ) ;
#4565 = CARTESIAN_POINT ( 'NONE',  ( 286.0890544712364658, 12.17930601253066136, 250.7292506749791983 ) ) ;
#4566 = FACE_OUTER_BOUND ( 'NONE', #303, .T. ) ;
#4567 = CARTESIAN_POINT ( 'NONE',  ( 331.9326069900715197, 5.286960185531821566, 229.6402800657146486 ) ) ;
#4568 = CARTESIAN_POINT ( 'NONE',  ( 333.4862725645517685, 0.4917001351503275108, 222.0276154327607117 ) ) ;
#4569 = CARTESIAN_POINT ( 'NONE',  ( 325.7700280656361542, -3.073771315702699149E-11, 221.4185371563424667 ) ) ;
#4570 = CARTESIAN_POINT ( 'NONE',  ( 294.1715961772519563, 0.2716617064652075975, 219.3260510950609330 ) ) ;
#4571 = CARTESIAN_POINT ( 'NONE',  ( 301.0370945548290251, -6.398140079576219108, 264.4069360666574653 ) ) ;
#4572 = EDGE_LOOP ( 'NONE', ( #4317, #117, #4156, #5335 ) ) ;
#4573 = CARTESIAN_POINT ( 'NONE',  ( 319.6348734239036276, -0.9718808438096520064, 222.7848661007452051 ) ) ;
#4574 = CARTESIAN_POINT ( 'NONE',  ( 294.2074637213802362, -1.984557742238034495, 220.8080537955877674 ) ) ;
#4575 = CARTESIAN_POINT ( 'NONE',  ( 333.4338024051890557, 10.55218519425224244, 246.5983624204515081 ) ) ;
#4576 = CARTESIAN_POINT ( 'NONE',  ( 315.0370945548290251, -13.82245167504208894, 264.4069360666474040 ) ) ;
#4577 = CARTESIAN_POINT ( 'NONE',  ( 386.6666666647020634, 14.37424184543503181, 276.2848736422494653 ) ) ;
#4578 = CARTESIAN_POINT ( 'NONE',  ( 579.9999999970531235, -5.144550325250647482, 305.2452058889440423 ) ) ;
#4579 = CARTESIAN_POINT ( 'NONE',  ( 324.8370945548289228, 4.403979485090095736, 223.7750849482007709 ) ) ;
#4580 = EDGE_CURVE ( 'NONE', #346, #2482, #1302, .T. ) ;
#4581 = CARTESIAN_POINT ( 'NONE',  ( 295.5974789343240445, 0.09134590129976773165, 220.4118002850275388 ) ) ;
#4582 = EDGE_CURVE ( 'NONE', #2492, #3403, #4267, .T. ) ;
#4583 = ORIENTED_EDGE ( 'NONE', *, *, #1542, .T. ) ;
#4584 = CARTESIAN_POINT ( 'NONE',  ( 295.9351660937693396, -5.148286076199240391, 235.9055747831823453 ) ) ;
#4585 = CARTESIAN_POINT ( 'NONE',  ( 301.0370945548290251, -5.193722696977875586, 109.4050437939080922 ) ) ;
#4586 = DIRECTION ( 'NONE',  ( 0.000000000000000000, 0.000000000000000000, 1.000000000000000000 ) ) ;
#4587 = CARTESIAN_POINT ( 'NONE',  ( 299.2250122311477867, 3.443088007130912676, 258.9429071604394608 ) ) ;
#4588 = CARTESIAN_POINT ( 'NONE',  ( 324.8370945548290933, -6.265113345688932966, 264.4069360666574653 ) ) ;
#4589 = FACE_OUTER_BOUND ( 'NONE', #5761, .T. ) ;
#4590 = ORIENTED_EDGE ( 'NONE', *, *, #2757, .T. ) ;
#4591 = CARTESIAN_POINT ( 'NONE',  ( 295.6447395949761585, 12.08247312072905366, 251.1377926031455559 ) ) ;
#4592 = CARTESIAN_POINT ( 'NONE',  ( 324.3733623578545462, 11.65115663136805146, 245.4093894104751996 ) ) ;
#4593 = CYLINDRICAL_SURFACE ( 'NONE', #4675, 5.000000000000002665 ) ;
#4594 = DIRECTION ( 'NONE',  ( -0.000000000000000000, -1.576542137387265747E-16, 1.000000000000000000 ) ) ;
#4595 = CARTESIAN_POINT ( 'NONE',  ( 294.2062438290618616, -1.933451074035538175, 220.7084944449516684 ) ) ;
#4596 = CARTESIAN_POINT ( 'NONE',  ( 324.8370945548290365, 13.32775137835018420, 264.4069360666574653 ) ) ;
#4597 = CARTESIAN_POINT ( 'NONE',  ( 316.4660392536843005, -13.93199534176723375, 120.4227187528871497 ) ) ;
#4598 = EDGE_CURVE ( 'NONE', #2250, #2888, #6147, .T. ) ;
#4599 = ORIENTED_EDGE ( 'NONE', *, *, #39, .T. ) ;
#4600 = CARTESIAN_POINT ( 'NONE',  ( 324.2359443778520358, -1.224462764419919525, 223.6734736472524787 ) ) ;
#4601 = DIRECTION ( 'NONE',  ( 0.000000000000000000, 0.000000000000000000, 1.000000000000000000 ) ) ;
#4602 = CARTESIAN_POINT ( 'NONE',  ( 333.4314871508756255, 9.252509446462369169, 241.0608495900667947 ) ) ;
#4603 = AXIS2_PLACEMENT_3D ( 'NONE', #2009, #4965, #3478 ) ;
#4604 = CARTESIAN_POINT ( 'NONE',  ( 325.7700280656361542, -3.073771315702699149E-11, 221.4185371563424667 ) ) ;
#4605 = CARTESIAN_POINT ( 'NONE',  ( 579.9999999970528961, 11.66426790245968981, 302.8719718620156414 ) ) ;
#4606 = CARTESIAN_POINT ( 'NONE',  ( 386.6666666647018928, -5.975492132353124930, 266.5706856483420211 ) ) ;
#4607 = CARTESIAN_POINT ( 'NONE',  ( 325.8144963538566685, 9.514901434905674193, 237.6921954241386743 ) ) ;
#4608 = CARTESIAN_POINT ( 'NONE',  ( 290.8256126178741852, -0.4290994765429892444, 220.1955387741775212 ) ) ;
#4609 = EDGE_CURVE ( 'NONE', #346, #2268, #4653, .T. ) ;
#4610 = CARTESIAN_POINT ( 'NONE',  ( 305.0370945548289683, -14.19372269697804789, 139.4050437939080211 ) ) ;
#4611 = CARTESIAN_POINT ( 'NONE',  ( 386.6666666647018928, 13.85879363688259858, 268.4212721551975278 ) ) ;
#4612 = CARTESIAN_POINT ( 'NONE',  ( 320.0370945548290251, -13.18041605541051808, 109.4050437939080638 ) ) ;
#4613 = CIRCLE ( 'NONE', #3507, 1.000000000000000888 ) ;
#4614 = CARTESIAN_POINT ( 'NONE',  ( 320.0047251188954078, -10.47648614207382067, 264.4069360666574653 ) ) ;
#4615 = DIRECTION ( 'NONE',  ( 0.000000000000000000, 1.000000000000000000, 0.000000000000000000 ) ) ;
#4616 = VERTEX_POINT ( 'NONE', #725 ) ;
#4617 = CARTESIAN_POINT ( 'NONE',  ( 386.6666666647017792, -6.022437639439080392, 326.2649298393706658 ) ) ;
#4618 = DIRECTION ( 'NONE',  ( 1.000000000000000000, -0.000000000000000000, 0.000000000000000000 ) ) ;
#4619 = CARTESIAN_POINT ( 'NONE',  ( 324.8906827492644425, 11.51821902849911616, 245.6179964859891243 ) ) ;
#4620 = DIRECTION ( 'NONE',  ( -0.000000000000000000, 1.000000000000000000, 1.209320730648730674E-16 ) ) ;
#4621 = AXIS2_PLACEMENT_3D ( 'NONE', #677, #4601, #733 ) ;
#4622 = CARTESIAN_POINT ( 'NONE',  ( 305.0370945548290251, -14.82264814013373133, 264.4069361153361228 ) ) ;
#4623 = FACE_OUTER_BOUND ( 'NONE', #472, .T. ) ;
#4624 = CARTESIAN_POINT ( 'NONE',  ( 295.2370945548956911, 7.955887155458697180, 230.6753108142070516 ) ) ;
#4625 = LINE ( 'NONE', #1127, #2257 ) ;
#4626 = DIRECTION ( 'NONE',  ( 0.1999674932621503531, -1.184895513843333590E-16, 0.9798025319616457951 ) ) ;
#4627 = ORIENTED_EDGE ( 'NONE', *, *, #1349, .T. ) ;
#4628 = CARTESIAN_POINT ( 'NONE',  ( 193.3333333323509464, -7.154764304304089606, 292.9608285418079276 ) ) ;
#4629 = CARTESIAN_POINT ( 'NONE',  ( 333.4468692467625033, -5.165173854333515280, 261.5733333171294248 ) ) ;
#4630 = EDGE_CURVE ( 'NONE', #4274, #3385, #2774, .T. ) ;
#4631 = CARTESIAN_POINT ( 'NONE',  ( 294.1849011257561983, -1.218046365100251771, 219.7486488017749764 ) ) ;
#4632 = CARTESIAN_POINT ( 'NONE',  ( 324.2454246287981050, 11.99463952942840095, 253.6917161709794186 ) ) ;
#4633 = AXIS2_PLACEMENT_3D ( 'NONE', #2931, #4964, #3963 ) ;
#4634 = CARTESIAN_POINT ( 'NONE',  ( 324.8370945548290365, 0.000000000000000000, 106.0050442647847433 ) ) ;
#4635 = CARTESIAN_POINT ( 'NONE',  ( 193.3333333323510885, 15.18845332257153480, 253.7677995456126325 ) ) ;
#4636 = CARTESIAN_POINT ( 'NONE',  ( 386.6666666647020634, -3.190613515628904828, 230.4749220973889692 ) ) ;
#4637 = CARTESIAN_POINT ( 'NONE',  ( 296.1210477247428230, 11.82810619751938397, 244.4589486299793180 ) ) ;
#4638 = CARTESIAN_POINT ( 'NONE',  ( 295.6104126487156236, -0.5937428764748141630, 220.6452242820670619 ) ) ;
#4639 = CYLINDRICAL_SURFACE ( 'NONE', #5492, 1.000000000000000888 ) ;
#4640 = CARTESIAN_POINT ( 'NONE',  ( 579.9999999970531235, 12.08411726914921047, 295.3193184898788672 ) ) ;
#4641 = CARTESIAN_POINT ( 'NONE',  ( 325.5956119713220573, -4.160044865677982706, 230.9971726676039054 ) ) ;
#4642 = ADVANCED_FACE ( 'NONE', ( #5125 ), #1492, .T. ) ;
#4643 = CARTESIAN_POINT ( 'NONE',  ( 327.8198331051657419, -5.812915674261013521, 249.7920867422801621 ) ) ;
#4644 = EDGE_CURVE ( 'NONE', #1055, #703, #4149, .T. ) ;
#4645 = CARTESIAN_POINT ( 'NONE',  ( 294.1700280656361883, -3.150963351043308821E-11, 219.2937095701247188 ) ) ;
#4646 = ORIENTED_EDGE ( 'NONE', *, *, #4525, .T. ) ;
#4647 = ORIENTED_EDGE ( 'NONE', *, *, #3136, .F. ) ;
#4648 = CARTESIAN_POINT ( 'NONE',  ( 386.6666666647020634, -5.769646836630459852, 367.4881854869412336 ) ) ;
#4649 = DIRECTION ( 'NONE',  ( -0.000000000000000000, -5.551115123125782702E-15, 1.000000000000000000 ) ) ;
#4650 = COLOUR_RGB ( '',0.7921568627450980005, 0.8196078431372548767, 0.9333333333333333481 ) ;
#4651 = CARTESIAN_POINT ( 'NONE',  ( 319.7340254802989534, 13.40196387557087476, 264.4069360666572948 ) ) ;
#4652 = CARTESIAN_POINT ( 'NONE',  ( 319.0370945548290251, -13.80569598223011418, 265.2386499262298116 ) ) ;
#4653 = LINE ( 'NONE', #5095, #5528 ) ;
#4654 = CARTESIAN_POINT ( 'NONE',  ( 313.2370945548290138, 3.303712137621197531, 128.5328006421047178 ) ) ;
#4655 = CARTESIAN_POINT ( 'NONE',  ( 318.9097342214173523, -10.85651105161365670, 264.4069360666574084 ) ) ;
#4656 = ORIENTED_EDGE ( 'NONE', *, *, #3849, .F. ) ;
#4657 = CARTESIAN_POINT ( 'NONE',  ( 300.1704306349076319, 14.68953173507284227, 264.4069360666574653 ) ) ;
#4658 = EDGE_CURVE ( 'NONE', #2629, #3385, #1714, .T. ) ;
#4659 = ORIENTED_EDGE ( 'NONE', *, *, #1588, .T. ) ;
#4660 = CARTESIAN_POINT ( 'NONE',  ( 386.6666666647020634, -6.153661249499089436, 284.8637153941359657 ) ) ;
#4661 = CARTESIAN_POINT ( 'NONE',  ( 333.4351035907007486, -2.440356172063471440, 227.9962314195658450 ) ) ;
#4662 = CARTESIAN_POINT ( 'NONE',  ( 305.0370945548290251, -14.19372269697804612, 191.4045437425366174 ) ) ;
#4663 = CARTESIAN_POINT ( 'NONE',  ( 386.6666666647018928, 4.808815755796423730, 230.3302200179761314 ) ) ;
#4664 = VECTOR ( 'NONE', #4765, 1000.000000000000000 ) ;
#4665 = CARTESIAN_POINT ( 'NONE',  ( 319.6146581044579875, 0.9192766085513306429, 222.5756697140460005 ) ) ;
#4666 = DIRECTION ( 'NONE',  ( 0.000000000000000000, -1.209320730648730674E-16, 1.000000000000000000 ) ) ;
#4667 = CARTESIAN_POINT ( 'NONE',  ( 579.9999999970528961, -4.638197617360101610, 390.5925355609921894 ) ) ;
#4668 = CARTESIAN_POINT ( 'NONE',  ( 0.000000000000000000, -7.965129795698265625, 332.7649557612896274 ) ) ;
#4669 = CARTESIAN_POINT ( 'NONE',  ( 325.8042708768944067, 5.620389013647618448, 227.6448033176893944 ) ) ;
#4670 = CARTESIAN_POINT ( 'NONE',  ( 295.6339393351881881, -1.165191317093828616, 221.5357807265883707 ) ) ;
#4671 = CARTESIAN_POINT ( 'NONE',  ( 305.0370945548290251, -15.19372269697788269, 132.3162152659552930 ) ) ;
#4672 = PLANE ( 'NONE',  #1941 ) ;
#4673 = FACE_OUTER_BOUND ( 'NONE', #1441, .T. ) ;
#4674 = CARTESIAN_POINT ( 'NONE',  ( 318.8044955949698647, -13.12579322581976626, 264.4069360666574653 ) ) ;
#4675 = AXIS2_PLACEMENT_3D ( 'NONE', #2080, #1123, #3611 ) ;
#4676 = CARTESIAN_POINT ( 'NONE',  ( 319.0370945548290251, -5.193722696978042563, 139.4050437939080780 ) ) ;
#4677 = ORIENTED_EDGE ( 'NONE', *, *, #3799, .T. ) ;
#4678 = CIRCLE ( 'NONE', #2041, 1.000000000000000888 ) ;
#4679 = ORIENTED_EDGE ( 'NONE', *, *, #5061, .F. ) ;
#4680 = CARTESIAN_POINT ( 'NONE',  ( 386.6666666647018360, -5.420512167452217867, 412.1310864783856118 ) ) ;
#4681 = CARTESIAN_POINT ( 'NONE',  ( 295.6366156229416902, 7.646079102821500051, 232.8160629254435605 ) ) ;
#4682 = CARTESIAN_POINT ( 'NONE',  ( 324.6360004072829497, 11.40996545414392749, 243.2851448758880792 ) ) ;
#4683 = CARTESIAN_POINT ( 'NONE',  ( 301.0370945548290251, -10.19372269697789157, 111.8776466569873094 ) ) ;
#4684 = CARTESIAN_POINT ( 'NONE',  ( 315.0370945548291957, -15.22726973311153742, 181.3178163251321564 ) ) ;
#4685 = PLANE ( 'NONE',  #4959 ) ;
#4686 = EDGE_CURVE ( 'NONE', #4288, #4307, #4613, .T. ) ;
#4687 = CARTESIAN_POINT ( 'NONE',  ( 285.9174090741963710, 0.1308794294981345807, 218.7422568628296062 ) ) ;
#4688 = ORIENTED_EDGE ( 'NONE', *, *, #215, .F. ) ;
#4689 = CARTESIAN_POINT ( 'NONE',  ( 315.8890189746264241, -14.10282940620479408, 121.2040112118428823 ) ) ;
#4690 = CARTESIAN_POINT ( 'NONE',  ( 324.8370945548290365, -4.026559072030108766, 225.6549934800358699 ) ) ;
#4691 = ORIENTED_EDGE ( 'NONE', *, *, #2407, .F. ) ;
#4692 = CARTESIAN_POINT ( 'NONE',  ( 193.3333333323510317, -3.705220741270887075, 218.2751697116970888 ) ) ;
#4693 = CARTESIAN_POINT ( 'NONE',  ( 328.8510525902736390, -4.952327607826603639, 253.7500117462269600 ) ) ;
#4694 = ADVANCED_FACE ( 'NONE', ( #1237 ), #3183, .F. ) ;
#4695 = VERTEX_POINT ( 'NONE', #4280 ) ;
#4696 = CARTESIAN_POINT ( 'NONE',  ( 319.6308556267616154, 3.909766846315387845, 226.2153493032017764 ) ) ;
#4697 = CARTESIAN_POINT ( 'NONE',  ( 0.000000000000000000, 19.01102325474809618, 266.6625469626757194 ) ) ;
#4698 = CARTESIAN_POINT ( 'NONE',  ( 333.3885551432722423, 0.08424316494620584517, 222.9524713094895958 ) ) ;
#4699 = CARTESIAN_POINT ( 'NONE',  ( 193.3333333323509748, -3.838522145386324969, 429.4299400882140958 ) ) ;
#4700 = DIRECTION ( 'NONE',  ( 0.000000000000000000, -2.102695133789802685E-15, -1.000000000000000000 ) ) ;
#4701 = CARTESIAN_POINT ( 'NONE',  ( 324.8370945548377904, 1.443072368573982356, 222.0623158518217508 ) ) ;
#4702 = CARTESIAN_POINT ( 'NONE',  ( 286.0547275249759878, -0.6029861589690804768, 220.0063472667226279 ) ) ;
#4703 = CARTESIAN_POINT ( 'NONE',  ( 386.6666666647018928, 13.85879363688259858, 268.4212721551975278 ) ) ;
#4704 = CARTESIAN_POINT ( 'NONE',  ( 193.3333333323509464, 16.15044311579107017, 301.6248522783866974 ) ) ;
#4705 = DIRECTION ( 'NONE',  ( 0.9798025319616459061, -0.000000000000000000, 0.1999674932621497980 ) ) ;
#4706 = CARTESIAN_POINT ( 'NONE',  ( 305.0370945548289114, -14.22938827022839448, 222.7423948721139766 ) ) ;
#4707 = CARTESIAN_POINT ( 'NONE',  ( 303.2748568384916439, -14.50460920324082181, 264.4069360666574653 ) ) ;
#4708 = CARTESIAN_POINT ( 'NONE',  ( 296.2182249896129065, 11.82809955277238956, 244.4677794392362102 ) ) ;
#4709 = ORIENTED_EDGE ( 'NONE', *, *, #776, .F. ) ;
#4710 = CARTESIAN_POINT ( 'NONE',  ( 313.2370945548290138, -1.696287862378802691, 128.5328006421047178 ) ) ;
#4711 = CARTESIAN_POINT ( 'NONE',  ( 290.8528214603067568, 5.449335413557569119, 227.0590927146208742 ) ) ;
#4712 = VECTOR ( 'NONE', #1485, 1000.000000000000000 ) ;
#4713 = DIRECTION ( 'NONE',  ( 0.000000000000000000, 0.000000000000000000, 1.000000000000000000 ) ) ;
#4714 = ORIENTED_EDGE ( 'NONE', *, *, #3052, .T. ) ;
#4715 = CARTESIAN_POINT ( 'NONE',  ( 301.0370945548290251, -5.193722696977875586, 109.4050437939080922 ) ) ;
#4716 = CARTESIAN_POINT ( 'NONE',  ( 323.0125264917585355, -7.156911992869086525, 248.3429071604394096 ) ) ;
#4717 = PLANE ( 'NONE',  #3030 ) ;
#4718 = CARTESIAN_POINT ( 'NONE',  ( 318.5096987110024997, -11.82437228404251428, 264.4069360666574653 ) ) ;
#4719 = ORIENTED_EDGE ( 'NONE', *, *, #393, .T. ) ;
#4720 = CARTESIAN_POINT ( 'NONE',  ( 324.3521319615943526, 11.66765964131878164, 245.5589500577809190 ) ) ;
#4721 = FACE_OUTER_BOUND ( 'NONE', #2325, .T. ) ;
#4722 = ORIENTED_EDGE ( 'NONE', *, *, #528, .T. ) ;
#4723 = CARTESIAN_POINT ( 'NONE',  ( 193.3333333323510317, -7.079803176567100564, 270.4717163648858218 ) ) ;
#4724 = CARTESIAN_POINT ( 'NONE',  ( 324.2549222540944243, -4.646996639227816139, 245.8801367189575160 ) ) ;
#4725 = ADVANCED_FACE ( 'NONE', ( #3423 ), #1655, .F. ) ;
#4726 = CARTESIAN_POINT ( 'NONE',  ( 291.5612422365168186, -1.225633073381829474, 221.3918976307711830 ) ) ;
#4727 = CARTESIAN_POINT ( 'NONE',  ( 319.6342066982538199, 4.833777318844030724, 227.8482273026320399 ) ) ;
#4728 = CARTESIAN_POINT ( 'NONE',  ( 386.6666666647020634, 8.022921245373382249, 237.6224616886818808 ) ) ;
#4729 = CARTESIAN_POINT ( 'NONE',  ( 333.3901393320206239, 0.1336003237753046469, 222.9694181629965897 ) ) ;
#4730 = CARTESIAN_POINT ( 'NONE',  ( 0.000000000000000000, -7.169037781342534998, 446.3294496812645775 ) ) ;
#4731 = CARTESIAN_POINT ( 'NONE',  ( 297.5037934634945032, -5.193722696978042563, 237.0587189272347359 ) ) ;
#4732 = CARTESIAN_POINT ( 'NONE',  ( 324.8370945548289228, -1.688401275083395436, 220.9853186704989696 ) ) ;
#4733 = CARTESIAN_POINT ( 'NONE',  ( 300.4084118227248723, -1.022544214018879183, 221.5551458290405549 ) ) ;
#4734 = CARTESIAN_POINT ( 'NONE',  ( 193.3333333323510317, 3.685149208709673108, 215.2350108880431208 ) ) ;
#4735 = ADVANCED_FACE ( 'NONE', ( #2046 ), #5873, .F. ) ;
#4736 = CARTESIAN_POINT ( 'NONE',  ( 193.3333333323510317, 3.194756911386668286, 389.6578644352153447 ) ) ;
#4737 = CARTESIAN_POINT ( 'NONE',  ( 300.0370945548290251, -30.00000000000000000, 262.9219554743625622 ) ) ;
#4738 = CARTESIAN_POINT ( 'NONE',  ( 333.4914044212162594, -0.4729702580225798036, 222.0024703150636469 ) ) ;
#4739 = CARTESIAN_POINT ( 'NONE',  ( 298.2370945548290138, 2.323584188347896251E-13, 110.5050442647847575 ) ) ;
#4740 = CARTESIAN_POINT ( 'NONE',  ( 386.6666666647018928, 13.07726766458433332, 311.5408364025354331 ) ) ;
#4741 = CARTESIAN_POINT ( 'NONE',  ( 295.2370945548292980, 1.320980919019975497, 219.9646163316139678 ) ) ;
#4742 = CARTESIAN_POINT ( 'NONE',  ( 286.5954477577351440, 2.637771184379371636, 222.0645169365097047 ) ) ;
#4743 = EDGE_LOOP ( 'NONE', ( #5191, #5906, #482, #502 ) ) ;
#4744 = CARTESIAN_POINT ( 'NONE',  ( 579.9999999970530098, -3.284290047907533872, 245.7904700933225968 ) ) ;
#4745 = CARTESIAN_POINT ( 'NONE',  ( 295.6320016060562352, 5.848406579167424013, 228.2319970662262278 ) ) ;
#4746 = EDGE_CURVE ( 'NONE', #4307, #4954, #5962, .T. ) ;
#4747 = CARTESIAN_POINT ( 'NONE',  ( 324.6385507744486745, -4.793938582538010529, 232.5034370806089896 ) ) ;
#4748 = VERTEX_POINT ( 'NONE', #4057 ) ;
#4749 = CARTESIAN_POINT ( 'NONE',  ( 305.0370945548290251, -14.91310561484321973, 260.0001921485331877 ) ) ;
#4750 = CARTESIAN_POINT ( 'NONE',  ( 296.1714345875845424, -5.191857490862237690, 236.8804847107439002 ) ) ;
#4751 = CARTESIAN_POINT ( 'NONE',  ( 319.0370945548290251, -10.24044952299379041, 191.4908982340529064 ) ) ;
#4752 = CARTESIAN_POINT ( 'NONE',  ( 300.0370945548290820, -5.266650672825115898, 238.1668295628228975 ) ) ;
#4753 = VERTEX_POINT ( 'NONE', #4505 ) ;
#4754 = CARTESIAN_POINT ( 'NONE',  ( 672.0146080650777094, 9.903712101858411998, 0.000000000000000000 ) ) ;
#4755 = CARTESIAN_POINT ( 'NONE',  ( 301.0370945548290251, -10.19372269697789157, 111.8776466569873094 ) ) ;
#4756 = DIRECTION ( 'NONE',  ( 0.000000000000000000, 0.000000000000000000, -1.000000000000000000 ) ) ;
#4757 = VERTEX_POINT ( 'NONE', #4940 ) ;
#4758 = CARTESIAN_POINT ( 'NONE',  ( 386.6666666647020634, -6.083877520582038123, 315.6127975168557214 ) ) ;
#4759 = CARTESIAN_POINT ( 'NONE',  ( 328.8489536698665461, -4.209310062239835837, 240.3811354741946502 ) ) ;
#4760 = ORIENTED_EDGE ( 'NONE', *, *, #4864, .T. ) ;
#4761 = CARTESIAN_POINT ( 'NONE',  ( 319.6399413582946067, 6.752392073750348445, 232.1612089818295033 ) ) ;
#4762 = CARTESIAN_POINT ( 'NONE',  ( 193.3333333323510885, 7.477695866475672304, 221.8680221566752095 ) ) ;
#4763 = CARTESIAN_POINT ( 'NONE',  ( 333.3862482188375225, 0.01134255156189175121, 222.9358425238990549 ) ) ;
#4764 = CARTESIAN_POINT ( 'NONE',  ( 386.6666666647017792, -4.705967703391121582, 419.7200802417859222 ) ) ;
#4765 = DIRECTION ( 'NONE',  ( -0.000000000000000000, 0.000000000000000000, 1.000000000000000000 ) ) ;
#4766 = CARTESIAN_POINT ( 'NONE',  ( 324.8370945548462032, -1.363029058748691291, 221.9754025828894441 ) ) ;
#4767 = CARTESIAN_POINT ( 'NONE',  ( 193.3333333323510317, 16.69263255009156666, 271.4737103024625640 ) ) ;
#4768 = CARTESIAN_POINT ( 'NONE',  ( 0.000000000000000000, -3.106131725712700575, 439.6889779992027911 ) ) ;
#4769 = CYLINDRICAL_SURFACE ( 'NONE', #5524, 4.000000000000003553 ) ;
#4770 = EDGE_CURVE ( 'NONE', #5034, #3178, #2521, .T. ) ;
#4771 = CARTESIAN_POINT ( 'NONE',  ( 333.5044377421774584, -3.054881667386427130E-11, 221.9386095311470797 ) ) ;
#4772 = CARTESIAN_POINT ( 'NONE',  ( 193.3333333323510317, 3.685149208709673108, 215.2350108880431208 ) ) ;
#4773 = CARTESIAN_POINT ( 'NONE',  ( 193.3333333323510885, -0.06398327331131900553, 408.2906831791809736 ) ) ;
#4774 = CARTESIAN_POINT ( 'NONE',  ( 295.2370945548288432, 6.725012723995106079, 225.3641684840156643 ) ) ;
#4775 = CARTESIAN_POINT ( 'NONE',  ( 286.2112527972727207, -0.7674031118270733254, 220.1820349946347335 ) ) ;
#4776 = EDGE_CURVE ( 'NONE', #1924, #5289, #2950, .T. ) ;
#4777 = VERTEX_POINT ( 'NONE', #1023 ) ;
#4778 = CARTESIAN_POINT ( 'NONE',  ( 579.9999999970528961, -5.011717794592429165, 272.9486295801441429 ) ) ;
#4779 = CARTESIAN_POINT ( 'NONE',  ( 300.4158471321006232, 8.242311942812456493, 234.9567665363376250 ) ) ;
#4780 = CARTESIAN_POINT ( 'NONE',  ( 324.8370945548289228, -3.248918638393706537, 226.5183346446751216 ) ) ;
#4781 = ORIENTED_EDGE ( 'NONE', *, *, #526, .T. ) ;
#4782 = CARTESIAN_POINT ( 'NONE',  ( 315.0370945536655540, -14.20390173676836021, 160.3602178965896599 ) ) ;
#4783 = CARTESIAN_POINT ( 'NONE',  ( 295.3263849535869667, -4.764188734328537400, 232.7907389563766003 ) ) ;
#4784 = CARTESIAN_POINT ( 'NONE',  ( 315.3068526514645669, -15.19372269697794842, 131.4378162517203350 ) ) ;
#4785 = VECTOR ( 'NONE', #2319, 1000.000000000000000 ) ;
#4786 = DIRECTION ( 'NONE',  ( -1.000000000000000000, 0.000000000000000000, 0.000000000000000000 ) ) ;
#4787 = VERTEX_POINT ( 'NONE', #3546 ) ;
#4788 = CARTESIAN_POINT ( 'NONE',  ( 314.6380091956409615, 11.80627730302191480, 245.9479162997147910 ) ) ;
#4789 = DIRECTION ( 'NONE',  ( -0.000000000000000000, -5.551115123125782702E-15, 1.000000000000000000 ) ) ;
#4790 = DIRECTION ( 'NONE',  ( 0.000000000000000000, 1.000000000000000000, -0.000000000000000000 ) ) ;
#4791 = VERTEX_POINT ( 'NONE', #4560 ) ;
#4792 = DIRECTION ( 'NONE',  ( 1.000000000000000000, -0.000000000000000000, 0.000000000000000000 ) ) ;
#4793 = CARTESIAN_POINT ( 'NONE',  ( 295.2370945548288432, -3.518429798384798524, 221.9524962756039201 ) ) ;
#4794 = CARTESIAN_POINT ( 'NONE',  ( 296.9117686670124385, -4.917911813871326032, 247.6084554242638376 ) ) ;
#4795 = CARTESIAN_POINT ( 'NONE',  ( 319.6289858659973788, 3.427451721199060497, 225.4114588843569322 ) ) ;
#4796 = CARTESIAN_POINT ( 'NONE',  ( 579.9999999970526687, 12.21604645281511381, 288.0486393700726353 ) ) ;
#4797 = ORIENTED_EDGE ( 'NONE', *, *, #5409, .T. ) ;
#4798 = CARTESIAN_POINT ( 'NONE',  ( 328.8018729383375103, 0.4753759330434131902, 222.8524644095389249 ) ) ;
#4799 = CARTESIAN_POINT ( 'NONE',  ( 386.6666666647018360, -5.176508820950278533, 419.6790967410228177 ) ) ;
#4800 = CARTESIAN_POINT ( 'NONE',  ( 579.9999999970528961, -2.452747206727057261E-11, 238.5133111311282619 ) ) ;
#4801 = CARTESIAN_POINT ( 'NONE',  ( 324.8370945548288091, 1.272240205923405920, 220.7790752758361918 ) ) ;
#4802 = CARTESIAN_POINT ( 'NONE',  ( 579.9999999970531235, 6.728921447716421866, 248.6694027102821849 ) ) ;
#4803 = CARTESIAN_POINT ( 'NONE',  ( 0.000000000000000000, 7.785143742719109916, 377.2153418768251640 ) ) ;
#4804 = CARTESIAN_POINT ( 'NONE',  ( 333.4535688024444084, -0.9146180778753635332, 222.1878576221015749 ) ) ;
#4805 = CARTESIAN_POINT ( 'NONE',  ( 300.6995362029446142, -12.33084845619441339, 264.4069360666574653 ) ) ;
#4806 = CARTESIAN_POINT ( 'NONE',  ( 579.9999999970528961, 11.66426790245968981, 302.8719718620156414 ) ) ;
#4807 = CARTESIAN_POINT ( 'NONE',  ( 295.2370945547955898, 9.131643075914260166, 234.0394439319369155 ) ) ;
#4808 = CARTESIAN_POINT ( 'NONE',  ( 286.4333086287570609, -1.322646995149637794, 221.2700661659800971 ) ) ;
#4809 = EDGE_CURVE ( 'NONE', #2159, #129, #635, .T. ) ;
#4810 = VERTEX_POINT ( 'NONE', #1510 ) ;
#4811 = CARTESIAN_POINT ( 'NONE',  ( 320.0370945548289683, -10.19372269697804434, 149.8222207586291290 ) ) ;
#4812 = CIRCLE ( 'NONE', #2883, 0.9999998945584148702 ) ;
#4813 = CARTESIAN_POINT ( 'NONE',  ( 286.0793691726102566, 7.035710333318214715, 230.3968159623796623 ) ) ;
#4814 = CARTESIAN_POINT ( 'NONE',  ( 324.9341020503217692, -4.401476285058718574, 232.5840144888506984 ) ) ;
#4815 = ORIENTED_EDGE ( 'NONE', *, *, #1730, .T. ) ;
#4816 = CARTESIAN_POINT ( 'NONE',  ( 300.0370945548290251, -15.22726972261108891, 181.3178073310226068 ) ) ;
#4817 = CARTESIAN_POINT ( 'NONE',  ( 295.4071342552297779, -4.753921052748258269, 229.4389378183766439 ) ) ;
#4818 = DIRECTION ( 'NONE',  ( -0.000000000000000000, -0.000000000000000000, 1.000000000000000000 ) ) ;
#4819 = CARTESIAN_POINT ( 'NONE',  ( 294.2169388987332468, -3.233930109502308525, 224.2540302971124504 ) ) ;
#4820 = ORIENTED_EDGE ( 'NONE', *, *, #1553, .T. ) ;
#4821 = CARTESIAN_POINT ( 'NONE',  ( 296.2370945548290706, 11.80627730302191480, 244.2608682785287044 ) ) ;
#4822 = CARTESIAN_POINT ( 'NONE',  ( 315.0370945548290251, -15.19372269697788091, 109.4050437939080354 ) ) ;
#4823 = CARTESIAN_POINT ( 'NONE',  ( 324.8370945548293207, -3.077447275953931527, 223.0205558958925280 ) ) ;
#4824 = ORIENTED_EDGE ( 'NONE', *, *, #1250, .F. ) ;
#4825 = LINE ( 'NONE', #4890, #5846 ) ;
#4826 = VECTOR ( 'NONE', #6085, 1000.000000000000000 ) ;
#4827 = CARTESIAN_POINT ( 'NONE',  ( 286.0199278027608329, -1.257598072245300846, 219.2445790562114780 ) ) ;
#4828 = LINE ( 'NONE', #318, #5210 ) ;
#4829 = CARTESIAN_POINT ( 'NONE',  ( 324.2321650208533583, 5.630834093828864795, 229.8196115955090590 ) ) ;
#4830 = CARTESIAN_POINT ( 'NONE',  ( 0.000000000000000000, 7.785143742719109916, 377.2153418768251640 ) ) ;
#4831 = ORIENTED_EDGE ( 'NONE', *, *, #5199, .F. ) ;
#4832 = AXIS2_PLACEMENT_3D ( 'NONE', #5590, #6017, #3656 ) ;
#4833 = CARTESIAN_POINT ( 'NONE',  ( 328.8102162240606390, -0.6399365484940511273, 222.9418777706929973 ) ) ;
#4834 = CARTESIAN_POINT ( 'NONE',  ( 386.6666666647022339, -5.677728190836611510, 385.5240380374953020 ) ) ;
#4835 = CARTESIAN_POINT ( 'NONE',  ( 296.2370945548290138, -6.193722696978039899, 236.9345085788743290 ) ) ;
#4836 = CARTESIAN_POINT ( 'NONE',  ( 325.7733943993966363, -0.5254531260174573060, 221.5014196141642628 ) ) ;
#4837 = CARTESIAN_POINT ( 'NONE',  ( 193.3333333323509748, 12.29171122513588976, 334.7391500830804603 ) ) ;
#4838 = CARTESIAN_POINT ( 'NONE',  ( 296.1926795206676957, 11.80627730302191303, 244.2527672908311445 ) ) ;
#4839 = DIRECTION ( 'NONE',  ( 0.000000000000000000, 0.000000000000000000, -1.000000000000000000 ) ) ;
#4840 = CARTESIAN_POINT ( 'NONE',  ( 386.6666666647020634, 9.079703889018317042, 340.5423409009899274 ) ) ;
#4841 = CARTESIAN_POINT ( 'NONE',  ( 295.2370945548627219, 1.972646691733821456, 220.5065868123710970 ) ) ;
#4842 = CARTESIAN_POINT ( 'NONE',  ( 287.0461611833767392, -2.352504963996248311, 224.2729266556518155 ) ) ;
#4843 = ORIENTED_EDGE ( 'NONE', *, *, #913, .F. ) ;
#4844 = B_SPLINE_CURVE_WITH_KNOTS ( 'NONE', 3,
 ( #2907, #1447, #3425, #4385, #446, #855, #891, #5228, #6215, #962, #2802, #2395, #2324, #17, #5769, #412, #3801, #2837 ),
 .UNSPECIFIED., .F., .F.,
 ( 4, 2, 2, 2, 2, 2, 2, 2, 4 ),
 ( 0.000000000000000000, 0.0007811566511723023586, 0.001562313302344604717, 0.002343469953516906859, 0.003124626604689209435, 0.003905783255861512010, 0.004686939907033813718, 0.005468096558206116294, 0.006249253209378418869 ),
 .UNSPECIFIED. ) ;
#4845 = CARTESIAN_POINT ( 'NONE',  ( 579.9999999970531235, -3.830333945579374788, 249.6992205581955488 ) ) ;
#4846 = CARTESIAN_POINT ( 'NONE',  ( 290.8271236407647962, 0.4274693241058984405, 220.2602597570585488 ) ) ;
#4847 = VERTEX_POINT ( 'NONE', #1144 ) ;
#4848 = AXIS2_PLACEMENT_3D ( 'NONE', #3176, #747, #6026 ) ;
#4849 = CARTESIAN_POINT ( 'NONE',  ( 305.0370945548289683, -14.92583189838606117, 259.1998588457783512 ) ) ;
#4850 = ORIENTED_EDGE ( 'NONE', *, *, #3052, .F. ) ;
#4851 = CARTESIAN_POINT ( 'NONE',  ( 305.0370945548289683, -15.10506161578955542, 244.2436325578269702 ) ) ;
#4852 = CARTESIAN_POINT ( 'NONE',  ( 294.3277334871514768, -3.861905742070334657, 226.8845708761679703 ) ) ;
#4853 = ADVANCED_FACE ( 'NONE', ( #1537, #5002 ), #2971, .T. ) ;
#4854 = CARTESIAN_POINT ( 'NONE',  ( 294.2169388987332468, -3.233930109502308525, 224.2540302971124504 ) ) ;
#4855 = LINE ( 'NONE', #5844, #5135 ) ;
#4856 = EDGE_LOOP ( 'NONE', ( #5366, #794, #2902, #1997 ) ) ;
#4857 = CARTESIAN_POINT ( 'NONE',  ( 295.6561163673364376, -5.438291736041430902, 264.9901826173918380 ) ) ;
#4858 = CARTESIAN_POINT ( 'NONE',  ( 301.5752659895732677, -12.25535655163103677, 115.1782632831530151 ) ) ;
#4859 = PLANE ( 'NONE',  #611 ) ;
#4860 = CARTESIAN_POINT ( 'NONE',  ( 298.2370945548290138, 3.303712137621199307, 114.2115227970842426 ) ) ;
#4861 = CARTESIAN_POINT ( 'NONE',  ( 288.8341835546407310, -4.933802320366879712, 233.0338948409749378 ) ) ;
#4862 = CARTESIAN_POINT ( 'NONE',  ( 291.3457025267722997, 0.4938604542089029548, 220.3357942116564914 ) ) ;
#4863 = CARTESIAN_POINT ( 'NONE',  ( 0.000000000000000000, -0.07286972220746454343, 422.4816273383034968 ) ) ;
#4864 = EDGE_CURVE ( 'NONE', #4409, #1842, #3092, .T. ) ;
#4865 = CARTESIAN_POINT ( 'NONE',  ( 286.0524083686520953, -0.5461856848187788271, 219.9626411761947509 ) ) ;
#4866 = ORIENTED_EDGE ( 'NONE', *, *, #6261, .T. ) ;
#4867 = AXIS2_PLACEMENT_3D ( 'NONE', #78, #3974, #3004 ) ;
#4868 = CARTESIAN_POINT ( 'NONE',  ( 333.3856642734226057, -0.06825030767554227107, 222.9332134518698183 ) ) ;
#4869 = CARTESIAN_POINT ( 'NONE',  ( 193.3333333323510885, -6.593476819720387461, 398.3318257381640706 ) ) ;
#4870 = CARTESIAN_POINT ( 'NONE',  ( 327.6329787751518552, -1.894496251008547238, 225.7035732755989272 ) ) ;
#4871 = DIRECTION ( 'NONE',  ( 1.000000000000000000, 0.000000000000000000, 0.000000000000000000 ) ) ;
#4872 = CARTESIAN_POINT ( 'NONE',  ( 0.000000000000000000, -6.762496706386333045, 458.2302927968000859 ) ) ;
#4873 = PLANE ( 'NONE',  #5558 ) ;
#4874 = CARTESIAN_POINT ( 'NONE',  ( 0.000000000000000000, 2.156697113733638815, 200.5962828315869046 ) ) ;
#4875 = CARTESIAN_POINT ( 'NONE',  ( 0.000000000000000000, -3.106131725712700575, 439.6889779992027911 ) ) ;
#4876 = CARTESIAN_POINT ( 'NONE',  ( 295.9731622149904524, 11.77700282765893292, 244.2047997523123684 ) ) ;
#4877 = ORIENTED_EDGE ( 'NONE', *, *, #4630, .T. ) ;
#4878 = ADVANCED_FACE ( 'NONE', ( #663, #4446 ), #3483, .F. ) ;
#4879 = LINE ( 'NONE', #5898, #2570 ) ;
#4880 = CARTESIAN_POINT ( 'NONE',  ( 295.6062351513310205, 0.5035530547303063154, 220.6313846863786523 ) ) ;
#4881 = ORIENTED_EDGE ( 'NONE', *, *, #2702, .T. ) ;
#4882 = CARTESIAN_POINT ( 'NONE',  ( 301.0370945548290251, -9.821662852354307915, 264.4069360666574084 ) ) ;
#4883 = CARTESIAN_POINT ( 'NONE',  ( 300.0370945548290251, -15.19372269695077371, 149.8816095745176824 ) ) ;
#4884 = CARTESIAN_POINT ( 'NONE',  ( 294.5647606431271583, -4.326040750549899450, 229.5925129325391083 ) ) ;
#4885 = CARTESIAN_POINT ( 'NONE',  ( 294.2143897878773373, -2.923322504193295313, 223.2528680510050947 ) ) ;
#4886 = VERTEX_POINT ( 'NONE', #691 ) ;
#4887 = DIRECTION ( 'NONE',  ( 0.000000000000000000, 0.000000000000000000, 1.000000000000000000 ) ) ;
#4888 = CARTESIAN_POINT ( 'NONE',  ( 295.2370945548290706, 10.80627730302191836, 236.0418494052043457 ) ) ;
#4889 = CARTESIAN_POINT ( 'NONE',  ( 333.2806561501998317, 0.2879516104981135749, 223.0350965993653745 ) ) ;
#4890 = CARTESIAN_POINT ( 'NONE',  ( 672.0146080650777094, 9.903712101858411998, 134.9050437939080211 ) ) ;
#4891 = EDGE_CURVE ( 'NONE', #3449, #5300, #715, .T. ) ;
#4892 = FACE_OUTER_BOUND ( 'NONE', #349, .T. ) ;
#4893 = CARTESIAN_POINT ( 'NONE',  ( 296.5514069562841541, 11.14084045760596808, 245.8427518549812021 ) ) ;
#4894 = CARTESIAN_POINT ( 'NONE',  ( 0.000000000000000000, -6.590772124736852255, 458.2508859490670829 ) ) ;
#4895 = AXIS2_PLACEMENT_3D ( 'NONE', #3881, #2882, #515 ) ;
#4896 = CARTESIAN_POINT ( 'NONE',  ( 295.6487996837814762, -3.227233291782788172, 229.1500698049181608 ) ) ;
#4897 = ORIENTED_EDGE ( 'NONE', *, *, #6248, .T. ) ;
#4898 = CARTESIAN_POINT ( 'NONE',  ( 328.8077572426659572, -0.5925603759894534361, 222.8926613106529260 ) ) ;
#4899 = CARTESIAN_POINT ( 'NONE',  ( 193.3333333323510885, -6.914820130816956123, 341.8730961291019526 ) ) ;
#4900 = CARTESIAN_POINT ( 'NONE',  ( 328.2608871872807867, -0.2263754312753687159, 222.6269419591393728 ) ) ;
#4901 = CARTESIAN_POINT ( 'NONE',  ( 324.8370945548288660, -3.188738219503182147, 223.3115464138203663 ) ) ;
#4902 = CARTESIAN_POINT ( 'NONE',  ( 0.000000000000000000, -6.862733592760254631, 460.6268946760304743 ) ) ;
#4903 = CARTESIAN_POINT ( 'NONE',  ( 325.7943290672022840, -1.505824033492434877, 222.2011124482972662 ) ) ;
#4904 = DIRECTION ( 'NONE',  ( -1.000000000000000000, 0.000000000000000000, 0.000000000000000000 ) ) ;
#4905 = CARTESIAN_POINT ( 'NONE',  ( 579.9999999970527824, -4.341600791566104789, 401.3625127179655578 ) ) ;
#4906 = CARTESIAN_POINT ( 'NONE',  ( 296.0877808255416426, 11.79816430928922166, 244.3145132662147887 ) ) ;
#4907 = ORIENTED_EDGE ( 'NONE', *, *, #215, .T. ) ;
#4908 = CARTESIAN_POINT ( 'NONE',  ( 300.3815398158078551, 0.3410937655148416625, 220.8493599880875422 ) ) ;
#4909 = VERTEX_POINT ( 'NONE', #212 ) ;
#4910 = CARTESIAN_POINT ( 'NONE',  ( 324.0301525564992744, -5.175563264941493991, 239.3030439305306913 ) ) ;
#4911 = DIRECTION ( 'NONE',  ( -1.734723475976805319E-15, -1.000000000000000000, -0.000000000000000000 ) ) ;
#4912 = CARTESIAN_POINT ( 'NONE',  ( 300.0370945548290251, -10.19372269697787736, 109.4050437939080638 ) ) ;
#4913 = CARTESIAN_POINT ( 'NONE',  ( 295.2370945548290138, 1.974637290554028368, 219.1342809724436336 ) ) ;
#4914 = ORIENTED_EDGE ( 'NONE', *, *, #104, .T. ) ;
#4915 = CARTESIAN_POINT ( 'NONE',  ( 295.6546318958223765, -4.802884831452138847, 244.9940285139263096 ) ) ;
#4916 = CARTESIAN_POINT ( 'NONE',  ( 315.0370945548290251, -14.82264814109834994, 264.4069360666574653 ) ) ;
#4917 = DIRECTION ( 'NONE',  ( 0.000000000000000000, 0.000000000000000000, -1.000000000000000000 ) ) ;
#4918 = CARTESIAN_POINT ( 'NONE',  ( 320.0370945548289683, -9.913738254647723736, 259.9181221592020279 ) ) ;
#4919 = LINE ( 'NONE', #23, #484 ) ;
#4920 = CARTESIAN_POINT ( 'NONE',  ( 292.4452048083057889, 4.717031268657327914, 225.7231454344464225 ) ) ;
#4921 = CARTESIAN_POINT ( 'NONE',  ( 193.3333333323510885, -0.06398327331131900553, 408.2906831791809736 ) ) ;
#4922 = CARTESIAN_POINT ( 'NONE',  ( 295.6375711859955686, -1.745139902780637353, 223.0174873673033460 ) ) ;
#4923 = ORIENTED_EDGE ( 'NONE', *, *, #3971, .T. ) ;
#4924 = VECTOR ( 'NONE', #101, 1000.000000000000000 ) ;
#4925 = EDGE_CURVE ( 'NONE', #5959, #3122, #4086, .T. ) ;
#4926 = CARTESIAN_POINT ( 'NONE',  ( 319.6146730077417146, -0.5532709859562058297, 222.2355592248215146 ) ) ;
#4927 = CARTESIAN_POINT ( 'NONE',  ( 193.3333333323509464, -6.642773502515775697, 388.2232343896972111 ) ) ;
#4928 = CARTESIAN_POINT ( 'NONE',  ( 328.0463661321087443, 1.522783320644996108, 223.6780541653668593 ) ) ;
#4929 = CARTESIAN_POINT ( 'NONE',  ( 325.8110302990631908, -2.146348903734235591, 223.3951499723006862 ) ) ;
#4930 = CARTESIAN_POINT ( 'NONE',  ( 386.6666666647022339, -5.260036546780130884, 416.2510710529381299 ) ) ;
#4931 = CARTESIAN_POINT ( 'NONE',  ( 305.0370945548290820, -13.80569593164799969, 265.2386523979801609 ) ) ;
#4932 = CARTESIAN_POINT ( 'NONE',  ( 579.9999999970531235, 2.661510109830854454, 240.4789931181246629 ) ) ;
#4933 = CARTESIAN_POINT ( 'NONE',  ( 0.000000000000000000, -7.630794817724408041, 387.2858327702766701 ) ) ;
#4934 = LINE ( 'NONE', #3934, #2878 ) ;
#4935 = ADVANCED_FACE ( 'NONE', ( #1171 ), #3842, .T. ) ;
#4936 = CARTESIAN_POINT ( 'NONE',  ( 300.4019586929715615, 3.536999019177326176, 224.2452767581560522 ) ) ;
#4937 = ORIENTED_EDGE ( 'NONE', *, *, #4183, .T. ) ;
#4938 = CARTESIAN_POINT ( 'NONE',  ( 324.4708721732123422, -5.005126207984347708, 237.6834160729581527 ) ) ;
#4939 = CARTESIAN_POINT ( 'NONE',  ( 300.0370945545381574, -15.24079400149936347, 191.7988207212236489 ) ) ;
#4940 = CARTESIAN_POINT ( 'NONE',  ( 325.8176731862959059, -3.230569250580424434, 226.5234451799513806 ) ) ;
#4941 = CARTESIAN_POINT ( 'NONE',  ( 295.2370945548292411, 4.513889719682825152, 221.7358297782984380 ) ) ;
#4942 = CARTESIAN_POINT ( 'NONE',  ( 294.2015262875777921, 4.953562701266368329, 224.2302342001144382 ) ) ;
#4943 = VERTEX_POINT ( 'NONE', #5829 ) ;
#4944 = ADVANCED_FACE ( 'NONE', ( #1044, #3413 ), #563, .T. ) ;
#4945 = VECTOR ( 'NONE', #2150, 1000.000000000000000 ) ;
#4946 = CARTESIAN_POINT ( 'NONE',  ( 295.2370945548290706, 3.303712137621199307, 117.2115227970842426 ) ) ;
#4947 = CYLINDRICAL_SURFACE ( 'NONE', #2546, 5.299999999999998934 ) ;
#4948 = LINE ( 'NONE', #3489, #2545 ) ;
#4949 = CARTESIAN_POINT ( 'NONE',  ( 333.4102550461640249, 1.135433488711905081, 222.4000867568465765 ) ) ;
#4950 = CARTESIAN_POINT ( 'NONE',  ( 295.2370945548290706, -0.5703198639417090821, 218.3367432404467365 ) ) ;
#4951 = LINE ( 'NONE', #583, #3083 ) ;
#4952 = CARTESIAN_POINT ( 'NONE',  ( 193.3333333323508896, -6.993783717568672564, 329.5149428003301182 ) ) ;
#4953 = CARTESIAN_POINT ( 'NONE',  ( 290.8642768674559989, -2.344589900058540177, 224.5397385432094950 ) ) ;
#4954 = VERTEX_POINT ( 'NONE', #66 ) ;
#4955 = CARTESIAN_POINT ( 'NONE',  ( 324.2173952337976743, -0.6925867930256022209, 222.6846921634805767 ) ) ;
#4956 = CARTESIAN_POINT ( 'NONE',  ( 0.000000000000000000, -7.903040807874519125, 253.8147977847377490 ) ) ;
#4957 = CARTESIAN_POINT ( 'NONE',  ( 328.2027571721632739, -0.6580424047226757223, 222.9117679329316957 ) ) ;
#4958 = CARTESIAN_POINT ( 'NONE',  ( 325.8073455515980754, -1.926582016272994968, 222.8805274605708462 ) ) ;
#4959 = AXIS2_PLACEMENT_3D ( 'NONE', #251, #3700, #5550 ) ;
#4960 = CARTESIAN_POINT ( 'NONE',  ( 579.9999999970532372, -4.411656509256205005, 398.4873859567278487 ) ) ;
#4961 = DIRECTION ( 'NONE',  ( 0.000000000000000000, 1.000000000000000000, 1.576542137387265747E-16 ) ) ;
#4962 = FACE_OUTER_BOUND ( 'NONE', #4743, .T. ) ;
#4963 = CARTESIAN_POINT ( 'NONE',  ( 0.000000000000000000, -7.396703398402827645, 431.1210683550273188 ) ) ;
#4964 = DIRECTION ( 'NONE',  ( 0.000000000000000000, 0.000000000000000000, -1.000000000000000000 ) ) ;
#4965 = DIRECTION ( 'NONE',  ( 0.000000000000000000, 0.000000000000000000, 1.000000000000000000 ) ) ;
#4966 = CARTESIAN_POINT ( 'NONE',  ( 290.8302036583397694, 0.6840232083481307956, 220.4422255244690518 ) ) ;
#4967 = VERTEX_POINT ( 'NONE', #5384 ) ;
#4968 = EDGE_CURVE ( 'NONE', #5514, #1130, #3930, .T. ) ;
#4969 = CARTESIAN_POINT ( 'NONE',  ( 301.0370945548290251, -10.19372269697804434, 139.4050437939082201 ) ) ;
#4970 = CARTESIAN_POINT ( 'NONE',  ( 324.8370945548290365, 9.903712101858411998, 139.4050437939080496 ) ) ;
#4971 = CARTESIAN_POINT ( 'NONE',  ( 294.9785921536868614, -4.780474608174584361, 232.8965837072343845 ) ) ;
#4972 =( NAMED_UNIT ( * ) PLANE_ANGLE_UNIT ( ) SI_UNIT ( $, .RADIAN. ) );
#4973 = EDGE_CURVE ( 'NONE', #675, #1676, #328, .T. ) ;
#4974 = CARTESIAN_POINT ( 'NONE',  ( 294.1904826989763251, 2.733017006922697334, 221.1700702230500610 ) ) ;
#4975 = ORIENTED_EDGE ( 'NONE', *, *, #2335, .T. ) ;
#4976 = LINE ( 'NONE', #3911, #1515 ) ;
#4977 = CARTESIAN_POINT ( 'NONE',  ( 296.2370945548290138, 3.303712137621199307, 114.2115227970842426 ) ) ;
#4978 = CARTESIAN_POINT ( 'NONE',  ( 327.8172764427476409, -4.812472070594664864, 249.8046138999186780 ) ) ;
#4979 = CARTESIAN_POINT ( 'NONE',  ( 315.0370945546835628, -14.91310529564190901, 260.0002072560783972 ) ) ;
#4980 = VECTOR ( 'NONE', #1677, 1000.000000000000000 ) ;
#4981 = CARTESIAN_POINT ( 'NONE',  ( 295.2370945548289001, 0.3470359371656686065, 218.3220952878320418 ) ) ;
#4982 = DIRECTION ( 'NONE',  ( -0.000000000000000000, -5.551115123125782702E-15, 1.000000000000000000 ) ) ;
#4983 = CARTESIAN_POINT ( 'NONE',  ( 386.6666666647018928, -5.720178202154572844, 376.8193992500837339 ) ) ;
#4984 = ADVANCED_FACE ( 'NONE', ( #4962 ), #981, .T. ) ;
#4985 = CARTESIAN_POINT ( 'NONE',  ( 295.6367348596712077, -1.574290062708890048, 222.5600982227006455 ) ) ;
#4986 = ORIENTED_EDGE ( 'NONE', *, *, #3165, .T. ) ;
#4987 = AXIS2_PLACEMENT_3D ( 'NONE', #5574, #1208, #669 ) ;
#4988 = CARTESIAN_POINT ( 'NONE',  ( 328.8278476481502253, -1.044748157901706609, 223.5773281749270609 ) ) ;
#4989 = CARTESIAN_POINT ( 'NONE',  ( 579.9999999970531235, -2.676006289986922582, 242.6746744830808211 ) ) ;
#4990 = CARTESIAN_POINT ( 'NONE',  ( 327.8934877990348582, -1.422688941482405767, 224.4271288043717902 ) ) ;
#4991 = CIRCLE ( 'NONE', #3365, 4.000000000000002665 ) ;
#4992 = CARTESIAN_POINT ( 'NONE',  ( 324.8370945548291502, -3.245495841618938559, 223.4565262417701206 ) ) ;
#4993 = CARTESIAN_POINT ( 'NONE',  ( 0.000000000000000000, -7.509225448604162523, 411.1396134388328392 ) ) ;
#4994 = CARTESIAN_POINT ( 'NONE',  ( 301.0370945548290251, -10.10523262051680682, 244.2005668586677700 ) ) ;
#4995 = CARTESIAN_POINT ( 'NONE',  ( 386.6666666647018928, 13.07726766458433332, 311.5408364025354331 ) ) ;
#4996 = CARTESIAN_POINT ( 'NONE',  ( 0.000000000000000000, -6.862733592760254631, 460.6268946760304743 ) ) ;
#4997 = CARTESIAN_POINT ( 'NONE',  ( 295.4799512775718426, 11.46198026145476412, 241.0569365128422987 ) ) ;
#4998 = CARTESIAN_POINT ( 'NONE',  ( 286.0465082402789676, 0.2764444702661018605, 219.8473956866342860 ) ) ;
#4999 = EDGE_LOOP ( 'NONE', ( #1216, #6112, #3276, #3361 ) ) ;
#5000 = CARTESIAN_POINT ( 'NONE',  ( 324.2693777926677967, -5.109836382835496238, 238.8040110546446897 ) ) ;
#5001 = CYLINDRICAL_SURFACE ( 'NONE', #5215, 4.000000000000003553 ) ;
#5002 = FACE_OUTER_BOUND ( 'NONE', #1513, .T. ) ;
#5003 = B_SPLINE_CURVE_WITH_KNOTS ( 'NONE', 3,
 ( #1647, #1764, #5054, #1168, #5592, #3717, #1258, #773, #3172, #807, #2154, #4584, #2720, #3232, #238, #6106, #5650, #1289, #3630, #2243, #4111, #5566 ),
 .UNSPECIFIED., .F., .F.,
 ( 4, 2, 2, 2, 2, 2, 2, 2, 2, 2, 4 ),
 ( 0.000000000000000000, 5.152028588149956592E-05, 0.0001030405717629991318, 0.0002060811435259161625, 0.0004121622870516919207, 0.0008243245741031217898, 0.001648649148205980986, 0.003297298296411637578, 0.006594596592822866629, 0.009891894889234096114, 0.01318919318564532386 ),
 .UNSPECIFIED. ) ;
#5004 = CARTESIAN_POINT ( 'NONE',  ( 295.2370945548288432, -3.830338885983705310, 222.8111349489653890 ) ) ;
#5005 = CARTESIAN_POINT ( 'NONE',  ( 295.1663824418819217, 11.53682864659022478, 243.0295791767400999 ) ) ;
#5006 = ORIENTED_EDGE ( 'NONE', *, *, #6005, .F. ) ;
#5007 = CARTESIAN_POINT ( 'NONE',  ( 286.0866835819873017, 10.66893613136792496, 242.8497713945149030 ) ) ;
#5008 = CARTESIAN_POINT ( 'NONE',  ( 324.8370945548290365, -5.264913683517623788, 264.4069360666574653 ) ) ;
#5009 = LINE ( 'NONE', #5517, #6098 ) ;
#5010 = CARTESIAN_POINT ( 'NONE',  ( 320.0370945549744874, -15.10506128303323159, 244.2436695659310999 ) ) ;
#5011 = CARTESIAN_POINT ( 'NONE',  ( 295.2370945548289001, -2.290009006211351839, 221.6173248291129312 ) ) ;
#5012 = DIRECTION ( 'NONE',  ( -1.000000000000000000, 0.000000000000000000, 0.000000000000000000 ) ) ;
#5013 = CARTESIAN_POINT ( 'NONE',  ( 295.6433954396334229, -2.461284866813278072, 225.3011235250769460 ) ) ;
#5014 = VECTOR ( 'NONE', #617, 1000.000000000000000 ) ;
#5015 = ORIENTED_EDGE ( 'NONE', *, *, #4770, .F. ) ;
#5016 = VECTOR ( 'NONE', #1170, 1000.000000000000000 ) ;
#5017 = CARTESIAN_POINT ( 'NONE',  ( 319.6394123733703623, -1.145666552290846907, 223.1626228373788194 ) ) ;
#5018 = CARTESIAN_POINT ( 'NONE',  ( 324.8370945548290365, 21.80627730302191125, 264.4069360666574653 ) ) ;
#5019 = CARTESIAN_POINT ( 'NONE',  ( 328.8352660194091186, 8.792588105098134932, 238.9866130586504767 ) ) ;
#5020 = VECTOR ( 'NONE', #5031, 1000.000000000000000 ) ;
#5021 = CARTESIAN_POINT ( 'NONE',  ( 0.000000000000000000, -1.924238009432647001, 200.1133443086088732 ) ) ;
#5022 = SPHERICAL_SURFACE ( 'NONE', #4459, 1.000000000000000000 ) ;
#5023 = CARTESIAN_POINT ( 'NONE',  ( 0.000000000000000000, 17.29793299244946070, 246.4975142672712138 ) ) ;
#5024 = CARTESIAN_POINT ( 'NONE',  ( 579.9999999970527824, -4.546249360507058412, 395.0319048769461006 ) ) ;
#5025 = CARTESIAN_POINT ( 'NONE',  ( 324.8370945548290365, 4.589578842783186730, 224.0279159528306252 ) ) ;
#5026 = EDGE_CURVE ( 'NONE', #4847, #1628, #1357, .T. ) ;
#5027 = CARTESIAN_POINT ( 'NONE',  ( 290.8178472625440918, 0.03042267757593633201, 220.0761494457782703 ) ) ;
#5028 = ORIENTED_EDGE ( 'NONE', *, *, #2662, .T. ) ;
#5029 = CARTESIAN_POINT ( 'NONE',  ( 579.9999999970531235, 6.728921447716421866, 248.6694027102821849 ) ) ;
#5030 = DIRECTION ( 'NONE',  ( -0.000000000000000000, 0.000000000000000000, 1.000000000000000000 ) ) ;
#5031 = DIRECTION ( 'NONE',  ( 0.000000000000000000, 1.000000000000000000, 5.551115123125782702E-15 ) ) ;
#5032 = FILL_AREA_STYLE_COLOUR ( '', #1504 ) ;
#5033 = DIRECTION ( 'NONE',  ( 0.000000000000000000, 0.000000000000000000, -1.000000000000000000 ) ) ;
#5034 = VERTEX_POINT ( 'NONE', #5446 ) ;
#5035 = DIRECTION ( 'NONE',  ( 0.000000000000000000, 1.000000000000000000, -2.102695133789802291E-15 ) ) ;
#5036 = CARTESIAN_POINT ( 'NONE',  ( 325.8089040755829160, 7.096048475038832848, 230.7307370144752099 ) ) ;
#5037 = CARTESIAN_POINT ( 'NONE',  ( 319.0370945548291957, -13.98942135545422438, 254.7327770053727534 ) ) ;
#5038 = CARTESIAN_POINT ( 'NONE',  ( 331.8516582085068762, 6.577102012004258036, 230.0369136377134680 ) ) ;
#5039 = CARTESIAN_POINT ( 'NONE',  ( 295.2370945548290706, 1.345578864447934064, 218.7008031498842797 ) ) ;
#5040 = LINE ( 'NONE', #2112, #1239 ) ;
#5041 = CARTESIAN_POINT ( 'NONE',  ( 295.6533947616491105, -4.377471853030485249, 239.0198789290596721 ) ) ;
#5042 = ORIENTED_EDGE ( 'NONE', *, *, #4187, .F. ) ;
#5043 = CARTESIAN_POINT ( 'NONE',  ( 333.4314265205700281, -2.077991774558087368, 226.6794320573831101 ) ) ;
#5044 = CARTESIAN_POINT ( 'NONE',  ( 0.000000000000000000, -2.971648534343652059, 202.6081388344403251 ) ) ;
#5045 = CARTESIAN_POINT ( 'NONE',  ( 324.2444475125120675, 11.37056022168512115, 249.9140317909114515 ) ) ;
#5046 = EDGE_CURVE ( 'NONE', #1957, #1628, #4372, .T. ) ;
#5047 = AXIS2_PLACEMENT_3D ( 'NONE', #718, #4115, #2607 ) ;
#5048 = CARTESIAN_POINT ( 'NONE',  ( 313.0378933903302254, -5.197444763343219698, 238.6854913716929900 ) ) ;
#5049 = CARTESIAN_POINT ( 'NONE',  ( 0.000000000000000000, 13.99887089352030856, 338.7147378488038498 ) ) ;
#5050 = CARTESIAN_POINT ( 'NONE',  ( 386.6666666647017792, -6.022437639439080392, 326.2649298393706658 ) ) ;
#5051 = CARTESIAN_POINT ( 'NONE',  ( 324.8370945548798545, 5.918313426966554935, 228.1593521199603174 ) ) ;
#5052 = CARTESIAN_POINT ( 'NONE',  ( 295.5971351520510098, -0.1811473227865809665, 220.4153131023155652 ) ) ;
#5053 = ORIENTED_EDGE ( 'NONE', *, *, #3724, .F. ) ;
#5054 = CARTESIAN_POINT ( 'NONE',  ( 296.2060722430202873, -5.193307076186449045, 236.9192581762587224 ) ) ;
#5055 = CARTESIAN_POINT ( 'NONE',  ( 386.6666666647020634, 8.022921245373382249, 237.6224616886818808 ) ) ;
#5056 = CARTESIAN_POINT ( 'NONE',  ( 320.0370945548290251, -5.193722696977855158, 109.4050437939080922 ) ) ;
#5057 = DIRECTION ( 'NONE',  ( -0.1999674932621503531, 0.000000000000000000, -0.9798025319616457951 ) ) ;
#5058 = VECTOR ( 'NONE', #3897, 1000.000000000000000 ) ;
#5059 = CARTESIAN_POINT ( 'NONE',  ( 296.2182249896129633, 11.82809955277238778, 244.4677794392362102 ) ) ;
#5060 = B_SPLINE_CURVE_WITH_KNOTS ( 'NONE', 3,
 ( #3234, #364, #2213, #1867, #6108, #2787, #1798, #5113, #6234, #4266, #2309, #4203, #1361, #2754, #5177, #745, #4641, #2344, #6137, #1738, #809, #2278 ),
 .UNSPECIFIED., .F., .F.,
 ( 4, 2, 2, 2, 2, 2, 2, 2, 2, 2, 4 ),
 ( 5.551115123125782702E-17, 0.0001088950415382592622, 0.0002177900830764630132, 0.0004355801661528705153, 0.0008711603323056857362, 0.001742320664611338079, 0.003484641329222682663, 0.006969282658445260376, 0.01045392398766783679, 0.01219624465227909030, 0.01393856531689034381 ),
 .UNSPECIFIED. ) ;
#5061 = EDGE_CURVE ( 'NONE', #2460, #4787, #3023, .T. ) ;
#5062 = CARTESIAN_POINT ( 'NONE',  ( 294.1703222578207146, 0.2135887467647985538, 219.2993836958449378 ) ) ;
#5063 = VERTEX_POINT ( 'NONE', #530 ) ;
#5064 = CARTESIAN_POINT ( 'NONE',  ( 286.0885451278720666, 11.84203461176839944, 248.7504231249184841 ) ) ;
#5065 = CARTESIAN_POINT ( 'NONE',  ( 324.0143384671712283, 11.79131190584841349, 246.6913474204560259 ) ) ;
#5066 = CARTESIAN_POINT ( 'NONE',  ( 315.0370945548290251, -14.14430185501095494, 238.9883580422982732 ) ) ;
#5067 = CARTESIAN_POINT ( 'NONE',  ( 320.0370945548293093, -15.20390119341547575, 160.3591730697015976 ) ) ;
#5068 = CARTESIAN_POINT ( 'NONE',  ( 305.0370945548289683, -14.19372269697804612, 139.4050437939080496 ) ) ;
#5069 = CARTESIAN_POINT ( 'NONE',  ( 295.2370945548288432, -2.144430751884284003, 219.2508728969976630 ) ) ;
#5070 = CARTESIAN_POINT ( 'NONE',  ( 320.0370945548290820, -5.282397292963529445, 263.9119228501665475 ) ) ;
#5071 = CARTESIAN_POINT ( 'NONE',  ( 318.9988081395297854, -10.80981581483116827, 112.6501987264955744 ) ) ;
#5072 = ORIENTED_EDGE ( 'NONE', *, *, #2185, .F. ) ;
#5073 = B_SPLINE_CURVE_WITH_KNOTS ( 'NONE', 3,
 ( #3248, #1781, #2769, #3733, #5666, #2169, #1307, #824, #3130, #4720, #6035, #1665, #6063, #1692, #3645, #5579, #1214, #1413 ),
 .UNSPECIFIED., .F., .F.,
 ( 4, 2, 2, 2, 2, 2, 2, 2, 4 ),
 ( 0.000000000000000000, 0.0001325007723115255995, 0.0002650015446230511991, 0.0005300030892461023982, 0.001060006178492071223, 0.002120012356984009305, 0.004240024713967863353, 0.006360037070951717400, 0.008480049427935570580 ),
 .UNSPECIFIED. ) ;
#5074 = CARTESIAN_POINT ( 'NONE',  ( 328.8305983330975550, -1.173646283747828534, 223.8715270584276311 ) ) ;
#5075 = PLANE ( 'NONE',  #4114 ) ;
#5076 = CARTESIAN_POINT ( 'NONE',  ( 319.6523781767612036, 13.45415880616894455, 264.9492972665578918 ) ) ;
#5077 = ADVANCED_FACE ( 'NONE', ( #2 ), #5863, .F. ) ;
#5078 = VECTOR ( 'NONE', #5231, 1000.000000000000000 ) ;
#5079 = CARTESIAN_POINT ( 'NONE',  ( 323.8370945548290365, 11.80627730302192191, 203.3969054146694759 ) ) ;
#5080 = CARTESIAN_POINT ( 'NONE',  ( 193.3333333323509748, 14.02218431666462450, 245.8289446186508940 ) ) ;
#5081 = CARTESIAN_POINT ( 'NONE',  ( 0.000000000000000000, -8.063096244697373294, 265.5213890302030109 ) ) ;
#5082 = CARTESIAN_POINT ( 'NONE',  ( 324.8370945547269457, 8.433904026478050042, 234.2320903754611834 ) ) ;
#5083 = CARTESIAN_POINT ( 'NONE',  ( 300.3812977416138210, -0.4221289565926266696, 220.8361583322546835 ) ) ;
#5084 = CARTESIAN_POINT ( 'NONE',  ( 319.0370945548290251, -5.193722696977875586, 109.4050437939080922 ) ) ;
#5085 = CARTESIAN_POINT ( 'NONE',  ( 579.9999999970530098, 10.12718433015163200, 262.5747236603409078 ) ) ;
#5086 = CARTESIAN_POINT ( 'NONE',  ( 300.0370945548290251, -15.19372269697788269, 132.3162152659552930 ) ) ;
#5087 = CARTESIAN_POINT ( 'NONE',  ( 315.3672642286092014, -14.82264814109834639, 264.4069360666574653 ) ) ;
#5088 = CYLINDRICAL_SURFACE ( 'NONE', #6253, 5.299999999999998934 ) ;
#5089 = ORIENTED_EDGE ( 'NONE', *, *, #1157, .F. ) ;
#5090 = CARTESIAN_POINT ( 'NONE',  ( 579.9999999970528961, -4.638197617360101610, 390.5925355609921894 ) ) ;
#5091 = CARTESIAN_POINT ( 'NONE',  ( 300.4252566336273276, 13.74760712539313978, 265.1383273366924982 ) ) ;
#5092 = CARTESIAN_POINT ( 'NONE',  ( 325.4151555584868447, 11.03966528025772398, 243.5109034421041940 ) ) ;
#5093 = CARTESIAN_POINT ( 'NONE',  ( 323.2370945829889024, -6.274080683129596991, 264.4069360666575221 ) ) ;
#5094 = EDGE_CURVE ( 'NONE', #899, #4616, #4429, .T. ) ;
#5095 = CARTESIAN_POINT ( 'NONE',  ( 300.0370945548290251, -5.193722696977875586, 109.4050437939080922 ) ) ;
#5096 = PLANE ( 'NONE',  #770 ) ;
#5097 = CARTESIAN_POINT ( 'NONE',  ( 295.2370945548288432, 7.530118499544340871, 226.9819424122404143 ) ) ;
#5098 = FACE_OUTER_BOUND ( 'NONE', #3526, .T. ) ;
#5099 = LINE ( 'NONE', #2645, #6127 ) ;
#5100 = EDGE_LOOP ( 'NONE', ( #5344, #1596, #1523, #5119, #3705 ) ) ;
#5101 = CARTESIAN_POINT ( 'NONE',  ( 333.4243347602734957, -1.080612302205389286, 223.9723468524907162 ) ) ;
#5102 = DIRECTION ( 'NONE',  ( 0.000000000000000000, 1.000000000000000000, 5.551115123125782702E-15 ) ) ;
#5103 = CARTESIAN_POINT ( 'NONE',  ( 333.4323104736257619, 9.701314175693509512, 242.9020114092857625 ) ) ;
#5104 = EDGE_CURVE ( 'NONE', #4753, #3629, #1188, .T. ) ;
#5105 = ADVANCED_FACE ( 'NONE', ( #1614 ), #5075, .F. ) ;
#5106 = DIRECTION ( 'NONE',  ( -0.000000000000000000, -0.000000000000000000, 1.000000000000000000 ) ) ;
#5107 = CARTESIAN_POINT ( 'NONE',  ( 386.6666666647020634, 9.079703889018317042, 340.5423409009899274 ) ) ;
#5108 = CARTESIAN_POINT ( 'NONE',  ( 386.6666666647018928, -5.079293524304736351, 244.4817092322057874 ) ) ;
#5109 = CARTESIAN_POINT ( 'NONE',  ( 324.8370945548289228, 10.80627730302192013, 238.5925586775149156 ) ) ;
#5110 = CARTESIAN_POINT ( 'NONE',  ( 300.4126045620041054, -1.202012829708980712, 221.9555871441185104 ) ) ;
#5111 = CARTESIAN_POINT ( 'NONE',  ( 312.2370945548290138, 8.303712137621197087, 104.0050425958546754 ) ) ;
#5112 = CARTESIAN_POINT ( 'NONE',  ( 0.000000000000000000, 19.26363725660237236, 277.6261930907284068 ) ) ;
#5113 = CARTESIAN_POINT ( 'NONE',  ( 324.2120625174459860, -5.161564830894050715, 239.3937085567843894 ) ) ;
#5114 = VECTOR ( 'NONE', #1052, 1000.000000000000000 ) ;
#5115 = CARTESIAN_POINT ( 'NONE',  ( 331.9041074248758036, -3.868513036999509769, 229.7799224930061825 ) ) ;
#5116 = DIRECTION ( 'NONE',  ( -0.000000000000000000, -0.000000000000000000, 1.000000000000000000 ) ) ;
#5117 = EDGE_CURVE ( 'NONE', #2899, #2049, #2690, .T. ) ;
#5118 = VERTEX_POINT ( 'NONE', #2595 ) ;
#5119 = ORIENTED_EDGE ( 'NONE', *, *, #1250, .T. ) ;
#5120 = CARTESIAN_POINT ( 'NONE',  ( 193.3333333323510317, -7.079803176567100564, 270.4717163648858218 ) ) ;
#5121 = CARTESIAN_POINT ( 'NONE',  ( 320.0370945548289683, -6.233289350685511820, 261.3396426360203577 ) ) ;
#5122 = CARTESIAN_POINT ( 'NONE',  ( 324.8045721523904490, 11.27170843389425592, 244.4779797543621385 ) ) ;
#5123 = CARTESIAN_POINT ( 'NONE',  ( 324.8370945548290365, -4.193722696978042563, 105.0050425958546754 ) ) ;
#5124 = CIRCLE ( 'NONE', #4330, 0.9999999999999990008 ) ;
#5125 = FACE_OUTER_BOUND ( 'NONE', #6277, .T. ) ;
#5126 = DIRECTION ( 'NONE',  ( -1.000000000000000000, -0.000000000000000000, -0.000000000000000000 ) ) ;
#5127 = DIRECTION ( 'NONE',  ( -0.000000000000000000, -1.000000000000000000, -1.576542137387265747E-16 ) ) ;
#5128 = ORIENTED_EDGE ( 'NONE', *, *, #104, .F. ) ;
#5129 = CARTESIAN_POINT ( 'NONE',  ( 300.1361072146373203, -4.196647499877959930, 263.4070986003466714 ) ) ;
#5130 = ORIENTED_EDGE ( 'NONE', *, *, #648, .F. ) ;
#5131 = CARTESIAN_POINT ( 'NONE',  ( 0.000000000000000000, -0.5139382740374544012, 199.4997056216937779 ) ) ;
#5132 = CARTESIAN_POINT ( 'NONE',  ( 324.2490284943386314, -3.101084704625047817, 230.6617194442796688 ) ) ;
#5133 = CARTESIAN_POINT ( 'NONE',  ( 333.4369103839588888, 12.48708512023301331, 257.8305888804835604 ) ) ;
#5134 = CARTESIAN_POINT ( 'NONE',  ( 386.6666666647022339, 13.07897365269360890, 261.0380848239540228 ) ) ;
#5135 = VECTOR ( 'NONE', #1480, 1000.000000000000000 ) ;
#5136 = CARTESIAN_POINT ( 'NONE',  ( 333.4012875492294938, 1.079494306955022020, 223.6401620782800137 ) ) ;
#5137 = CARTESIAN_POINT ( 'NONE',  ( 315.0370945548290820, -13.99912928154457248, 253.9916415300722576 ) ) ;
#5138 = CARTESIAN_POINT ( 'NONE',  ( 386.6666666647018360, -5.420512167452217867, 412.1310864783856118 ) ) ;
#5139 = CARTESIAN_POINT ( 'NONE',  ( 193.3333333323510317, -7.123187505558254529, 304.9108520061777199 ) ) ;
#5140 = CARTESIAN_POINT ( 'NONE',  ( 324.8370945548290933, 5.610000698626963711, 225.5777577875939244 ) ) ;
#5141 = B_SPLINE_CURVE_WITH_KNOTS ( 'NONE', 3,
 ( #1053, #1088, #4614, #3119, #5512, #777, #2634, #1172, #3661, #2130, #4674, #4171, #1680, #5146, #300, #4204, #6138, #2246, #5087, #3175 ),
 .UNSPECIFIED., .F., .F.,
 ( 4, 2, 2, 2, 2, 2, 2, 2, 2, 4 ),
 ( 3.469446951953613804E-18, 0.0009764458958164445087, 0.001464668843724667522, 0.001952891791632890752, 0.002929337687449268691, 0.003905783583265647063, 0.004882229479082024134, 0.005858675374898402941, 0.006835121270714781747, 0.007811567166531160553 ),
 .UNSPECIFIED. ) ;
#5142 = CARTESIAN_POINT ( 'NONE',  ( 300.3908423732037249, -0.6393992869695277470, 221.0109486105443750 ) ) ;
#5143 = FACE_BOUND ( 'NONE', #575, .T. ) ;
#5144 = CARTESIAN_POINT ( 'NONE',  ( 386.6666666647018928, 9.514594926166108024, 242.4372132912697566 ) ) ;
#5145 = DIRECTION ( 'NONE',  ( -1.000000000000000000, 0.000000000000000000, 0.000000000000000000 ) ) ;
#5146 = CARTESIAN_POINT ( 'NONE',  ( 317.5461960028596309, -14.15983892204090111, 264.4069360666574084 ) ) ;
#5147 = DIRECTION ( 'NONE',  ( 0.000000000000000000, 0.000000000000000000, -1.000000000000000000 ) ) ;
#5148 = ORIENTED_EDGE ( 'NONE', *, *, #4776, .F. ) ;
#5149 = EDGE_LOOP ( 'NONE', ( #1306, #1666, #3044, #6259 ) ) ;
#5150 = CARTESIAN_POINT ( 'NONE',  ( 0.000000000000000000, -7.314032143735950342, 439.3289523860927375 ) ) ;
#5151 = CARTESIAN_POINT ( 'NONE',  ( 300.4164448969074783, 8.530090431734656420, 235.9005296112424048 ) ) ;
#5152 = AXIS2_PLACEMENT_3D ( 'NONE', #1810, #4314, #1374 ) ;
#5153 = CARTESIAN_POINT ( 'NONE',  ( 324.6076903265236524, 11.50325106995891211, 245.5221390711391223 ) ) ;
#5154 = CIRCLE ( 'NONE', #4867, 1.000000000000000000 ) ;
#5155 = CARTESIAN_POINT ( 'NONE',  ( 319.0370945565742318, -14.22727043353094700, 181.3190014635503076 ) ) ;
#5156 = CARTESIAN_POINT ( 'NONE',  ( 299.2370945548290138, 7.303712137621197087, 110.5050442647847433 ) ) ;
#5157 = ADVANCED_FACE ( 'NONE', ( #4549 ), #1160, .T. ) ;
#5158 = CARTESIAN_POINT ( 'NONE',  ( 319.1451328415197963, -5.197307464984851855, 239.3027880107736394 ) ) ;
#5159 = CARTESIAN_POINT ( 'NONE',  ( 301.0370945548290251, -6.398140079576219108, 264.4069360666574653 ) ) ;
#5160 = ORIENTED_EDGE ( 'NONE', *, *, #4046, .T. ) ;
#5161 = CARTESIAN_POINT ( 'NONE',  ( 317.6513968089562354, -13.22884932049657536, 117.8136327184301422 ) ) ;
#5162 = CARTESIAN_POINT ( 'NONE',  ( 324.8370945548292070, -0.07882486592933776737, 220.4156012644036764 ) ) ;
#5163 = ORIENTED_EDGE ( 'NONE', *, *, #2911, .F. ) ;
#5164 = CARTESIAN_POINT ( 'NONE',  ( 386.6666666647018928, -6.161060105321074509, 294.7877091421007663 ) ) ;
#5165 = CARTESIAN_POINT ( 'NONE',  ( 319.6601486226110183, -4.854644002534425518, 249.5108995942563865 ) ) ;
#5166 = VERTEX_POINT ( 'NONE', #5470 ) ;
#5167 = CARTESIAN_POINT ( 'NONE',  ( 333.4200466132266456, 4.771453546368355170, 228.7057034092382821 ) ) ;
#5168 = EDGE_CURVE ( 'NONE', #6299, #1924, #4545, .T. ) ;
#5169 = CARTESIAN_POINT ( 'NONE',  ( 193.3333333323510885, 12.62964796733158579, 238.6057420120377230 ) ) ;
#5170 = CARTESIAN_POINT ( 'NONE',  ( 328.8036627859924010, 0.6424951853075769881, 222.9759099051809699 ) ) ;
#5171 = CARTESIAN_POINT ( 'NONE',  ( 0.000000000000000000, -6.590772124736852255, 458.2508859490670829 ) ) ;
#5172 = CARTESIAN_POINT ( 'NONE',  ( 0.000000000000000000, -5.179038273367098100, 210.9887546019604088 ) ) ;
#5173 = CARTESIAN_POINT ( 'NONE',  ( 324.8370945547432029, 2.718613477294941294, 223.2297691473912096 ) ) ;
#5174 = CARTESIAN_POINT ( 'NONE',  ( 290.8580798340894944, -1.354877136582691266, 221.6666234330145642 ) ) ;
#5175 = DIRECTION ( 'NONE',  ( 0.000000000000000000, -1.000000000000000000, 2.102695133789802685E-15 ) ) ;
#5176 = CARTESIAN_POINT ( 'NONE',  ( 193.3333333323510317, 1.503725608321301310, 399.3537027180361179 ) ) ;
#5177 = CARTESIAN_POINT ( 'NONE',  ( 325.2291011776996470, -4.641320825760327118, 234.3788175199621264 ) ) ;
#5178 = CARTESIAN_POINT ( 'NONE',  ( 305.0370945548290251, -14.11059763370401932, 243.5755855822792455 ) ) ;
#5179 = CARTESIAN_POINT ( 'NONE',  ( 317.8370945548289797, 3.303712024074804798, 109.7050435216149680 ) ) ;
#5180 = CARTESIAN_POINT ( 'NONE',  ( 288.9028130293694971, -3.902128058025942980, 233.3701661619265337 ) ) ;
#5181 = VECTOR ( 'NONE', #4790, 1000.000000000000000 ) ;
#5182 = ORIENTED_EDGE ( 'NONE', *, *, #3711, .T. ) ;
#5183 = CARTESIAN_POINT ( 'NONE',  ( 386.6666666647018928, -0.3885889226291279752, 225.5030240003190727 ) ) ;
#5184 = CARTESIAN_POINT ( 'NONE',  ( 286.0829172112979109, 8.635913140486350059, 235.1140211962218984 ) ) ;
#5185 = DIRECTION ( 'NONE',  ( 0.000000000000000000, 1.000000000000000000, -0.000000000000000000 ) ) ;
#5186 = VERTEX_POINT ( 'NONE', #5334 ) ;
#5187 = CARTESIAN_POINT ( 'NONE',  ( 300.6892260598458506, -12.66943427581171377, 116.2208681771519565 ) ) ;
#5188 = CYLINDRICAL_SURFACE ( 'NONE', #4324, 0.9999998945584148702 ) ;
#5189 = CARTESIAN_POINT ( 'NONE',  ( 333.5044377421774584, -3.054881667386427130E-11, 221.9386095311470797 ) ) ;
#5190 = CARTESIAN_POINT ( 'NONE',  ( 316.0370946511434909, -6.314389045637044617, 264.4069360666573516 ) ) ;
#5191 = ORIENTED_EDGE ( 'NONE', *, *, #4150, .T. ) ;
#5192 = CARTESIAN_POINT ( 'NONE',  ( 315.6131442694077123, -14.15318522277721947, 121.4486749259281169 ) ) ;
#5193 = DIRECTION ( 'NONE',  ( 0.000000000000000000, 1.000000000000000000, 6.938893903907222067E-15 ) ) ;
#5194 = ORIENTED_EDGE ( 'NONE', *, *, #5316, .T. ) ;
#5195 = CARTESIAN_POINT ( 'NONE',  ( 193.3333333323509464, -1.689577546666605867, 213.0401703756483016 ) ) ;
#5196 = CARTESIAN_POINT ( 'NONE',  ( 319.6537485226810418, -3.115979256387355623, 230.3861812159263138 ) ) ;
#5197 = CARTESIAN_POINT ( 'NONE',  ( 291.7909061809085642, -1.660276031241285866, 222.5172071025486389 ) ) ;
#5198 = CARTESIAN_POINT ( 'NONE',  ( 328.8328021694489962, 7.657538655381713966, 235.3703339626782736 ) ) ;
#5199 = EDGE_CURVE ( 'NONE', #5293, #436, #3838, .T. ) ;
#5200 = CARTESIAN_POINT ( 'NONE',  ( 193.3333333323510885, 13.87615993987009766, 323.4795464500552384 ) ) ;
#5201 = B_SPLINE_CURVE_WITH_KNOTS ( 'NONE', 3,
 ( #5489, #2496, #1121, #3069 ),
 .UNSPECIFIED., .F., .F.,
 ( 4, 4 ),
 ( 0.000000000000000000, 8.513484598503507858E-05 ),
 .UNSPECIFIED. ) ;
#5202 = CARTESIAN_POINT ( 'NONE',  ( 328.7993813374004048, 0.3242958577823386590, 222.7553916395989120 ) ) ;
#5203 = CARTESIAN_POINT ( 'NONE',  ( 193.3333333323510885, -6.108416584304056762, 434.0147561491482975 ) ) ;
#5204 = LINE ( 'NONE', #4368, #6306 ) ;
#5205 = CARTESIAN_POINT ( 'NONE',  ( 325.7789481352644998, -0.9085135459931369395, 221.6704060903084894 ) ) ;
#5206 = AXIS2_PLACEMENT_3D ( 'NONE', #38, #1047, #599 ) ;
#5207 = CARTESIAN_POINT ( 'NONE',  ( 295.6359223959593692, -1.346445412981714052, 221.9796758487068473 ) ) ;
#5208 = CARTESIAN_POINT ( 'NONE',  ( 386.6666666647022339, 13.07897365269360890, 261.0380848239540228 ) ) ;
#5209 = CARTESIAN_POINT ( 'NONE',  ( 579.9999999970528961, 6.286797556005607746, 343.1633722646573688 ) ) ;
#5210 = VECTOR ( 'NONE', #4223, 1000.000000000000000 ) ;
#5211 = CARTESIAN_POINT ( 'NONE',  ( 324.8370945548290365, 2.746657293211705930, 221.9291962321754283 ) ) ;
#5212 = CARTESIAN_POINT ( 'NONE',  ( 295.5314591722627142, 11.52599815989660392, 241.6028389919085555 ) ) ;
#5213 = CARTESIAN_POINT ( 'NONE',  ( 300.0370945548290251, -9.821662852354307915, 264.4069360666574084 ) ) ;
#5214 = CARTESIAN_POINT ( 'NONE',  ( 0.000000000000000000, 15.80337903634185182, 325.8913209393173815 ) ) ;
#5215 = AXIS2_PLACEMENT_3D ( 'NONE', #4113, #604, #3573 ) ;
#5216 = CARTESIAN_POINT ( 'NONE',  ( 294.1867855240560630, 2.008156894880929855, 220.4673542925219181 ) ) ;
#5217 = CARTESIAN_POINT ( 'NONE',  ( 286.3409251680403713, -1.135693183441464527, 220.8174048496585442 ) ) ;
#5218 = ORIENTED_EDGE ( 'NONE', *, *, #913, .T. ) ;
#5219 = CARTESIAN_POINT ( 'NONE',  ( 0.000000000000000000, -6.717750288785817148, 224.6004539023777511 ) ) ;
#5220 = CARTESIAN_POINT ( 'NONE',  ( 300.4098441679261100, 5.823362176607754570, 228.5220437994952363 ) ) ;
#5221 = VECTOR ( 'NONE', #3134, 1000.000000000000000 ) ;
#5222 = CARTESIAN_POINT ( 'NONE',  ( 305.0370945548289114, -15.22938304873573934, 222.7438840639681530 ) ) ;
#5223 = ORIENTED_EDGE ( 'NONE', *, *, #5882, .F. ) ;
#5224 = B_SPLINE_CURVE_WITH_KNOTS ( 'NONE', 3,
 ( #869, #2782, #4731, #2818 ),
 .UNSPECIFIED., .F., .F.,
 ( 4, 4 ),
 ( 0.02391939306896159745, 0.02773770867433922663 ),
 .UNSPECIFIED. ) ;
#5225 = CARTESIAN_POINT ( 'NONE',  ( 305.0370945548289683, -14.98933450411667323, 254.7461751129546030 ) ) ;
#5226 = CARTESIAN_POINT ( 'NONE',  ( 296.0969039888715884, -5.194143762704975131, 236.9710780961973455 ) ) ;
#5227 = CARTESIAN_POINT ( 'NONE',  ( 319.0370945548289683, -10.19372269697803901, 149.8222207586290722 ) ) ;
#5228 = CARTESIAN_POINT ( 'NONE',  ( 302.5998257219831657, -13.00473888746762263, 264.4069360666574653 ) ) ;
#5229 = ORIENTED_EDGE ( 'NONE', *, *, #5046, .F. ) ;
#5230 = DIRECTION ( 'NONE',  ( 0.000000000000000000, 0.000000000000000000, -1.000000000000000000 ) ) ;
#5231 = DIRECTION ( 'NONE',  ( -1.000000000000000000, 0.000000000000000000, 0.000000000000000000 ) ) ;
#5232 = CARTESIAN_POINT ( 'NONE',  ( 312.2370945548290138, 7.303712137621197087, 104.0050425958546754 ) ) ;
#5233 = ORIENTED_EDGE ( 'NONE', *, *, #6064, .F. ) ;
#5234 = CARTESIAN_POINT ( 'NONE',  ( 193.3333333323510317, -5.303512489585234135, 228.0014150919552662 ) ) ;
#5235 = CARTESIAN_POINT ( 'NONE',  ( 333.4459885375838439, -4.790886058363090783, 250.1279153420975092 ) ) ;
#5236 = CARTESIAN_POINT ( 'NONE',  ( 291.3215464044404257, -0.4066241531971625522, 220.2174338249899677 ) ) ;
#5237 = CARTESIAN_POINT ( 'NONE',  ( 324.2178775902190182, 2.328869326305412102, 224.2761153603738933 ) ) ;
#5238 = CARTESIAN_POINT ( 'NONE',  ( 386.6666666647018928, 13.07726766458433332, 311.5408364025354331 ) ) ;
#5239 = EDGE_CURVE ( 'NONE', #504, #5186, #4844, .T. ) ;
#5240 = EDGE_CURVE ( 'NONE', #3178, #3003, #1960, .T. ) ;
#5241 = CARTESIAN_POINT ( 'NONE',  ( 333.3946613090579945, 0.3212469142554011947, 223.0633973311852287 ) ) ;
#5242 = CARTESIAN_POINT ( 'NONE',  ( 579.9999999970532372, -3.437469927314833029, 398.5678462214043520 ) ) ;
#5243 = CARTESIAN_POINT ( 'NONE',  ( 325.5884386668356569, 10.78566628589363141, 242.4457041734743541 ) ) ;
#5244 = CARTESIAN_POINT ( 'NONE',  ( 324.8370945548289228, -2.035980294310129946, 221.2989705369760998 ) ) ;
#5245 = CARTESIAN_POINT ( 'NONE',  ( 300.3882552105854415, -0.5891212352276706810, 220.9646627897392932 ) ) ;
#5246 = CARTESIAN_POINT ( 'NONE',  ( 193.3333333323509464, 11.04918357943839347, 232.1668332515077964 ) ) ;
#5247 = CARTESIAN_POINT ( 'NONE',  ( 193.3333333323510885, -2.727339546889202992, 423.3996006684712370 ) ) ;
#5248 = CARTESIAN_POINT ( 'NONE',  ( 324.8370945548287523, 2.516172027929529875, 221.7218775191156226 ) ) ;
#5249 = CARTESIAN_POINT ( 'NONE',  ( 295.3080761202070335, 11.18868473016798148, 238.8234652309300259 ) ) ;
#5250 = CARTESIAN_POINT ( 'NONE',  ( 296.2282391183237564, -5.197848171647330595, 237.0248164469791163 ) ) ;
#5251 = CARTESIAN_POINT ( 'NONE',  ( 193.3333333323509464, 15.18647217929100890, 312.4160318443855999 ) ) ;
#5252 = CARTESIAN_POINT ( 'NONE',  ( 295.2370945549131420, 3.677338318125731309, 222.3584856948224058 ) ) ;
#5253 = CARTESIAN_POINT ( 'NONE',  ( 287.9217827735724313, -3.237248300713255311, 228.5633052422826665 ) ) ;
#5254 = ORIENTED_EDGE ( 'NONE', *, *, #2124, .T. ) ;
#5255 = FACE_OUTER_BOUND ( 'NONE', #1438, .T. ) ;
#5256 = CARTESIAN_POINT ( 'NONE',  ( 295.6340705635644781, 6.608869619389726502, 230.0439273162736811 ) ) ;
#5257 = CARTESIAN_POINT ( 'NONE',  ( 305.0370945548289683, -15.19372269697804434, 139.4050437939080211 ) ) ;
#5258 = EDGE_LOOP ( 'NONE', ( #924, #4208, #5813, #554 ) ) ;
#5259 = DIRECTION ( 'NONE',  ( 0.000000000000000000, -1.000000000000000000, 0.000000000000000000 ) ) ;
#5260 = CARTESIAN_POINT ( 'NONE',  ( 295.5347942192113351, -4.912866095995911841, 231.6415187332945322 ) ) ;
#5261 = LINE ( 'NONE', #2766, #1608 ) ;
#5262 = DIRECTION ( 'NONE',  ( 0.000000000000000000, 0.000000000000000000, -1.000000000000000000 ) ) ;
#5263 = ORIENTED_EDGE ( 'NONE', *, *, #4598, .F. ) ;
#5264 = CIRCLE ( 'NONE', #6288, 5.000000000000002665 ) ;
#5265 = CARTESIAN_POINT ( 'NONE',  ( 295.2370945548290706, -5.430273930133979299, 264.4069360666574653 ) ) ;
#5266 = CARTESIAN_POINT ( 'NONE',  ( 319.0370945548290251, -14.49089815268829184, 277.4013611691079859 ) ) ;
#5267 = CARTESIAN_POINT ( 'NONE',  ( 324.8370945548290933, -0.8475215819052570598, 220.5550909427258830 ) ) ;
#5268 = EDGE_LOOP ( 'NONE', ( #2286, #4054, #1203, #1491, #216, #934, #3012 ) ) ;
#5269 = LINE ( 'NONE', #2367, #5688 ) ;
#5270 = CARTESIAN_POINT ( 'NONE',  ( 333.4378908050498467, -2.748607075689713408, 229.3492898501582999 ) ) ;
#5271 = DIRECTION ( 'NONE',  ( -1.000000000000000000, 0.000000000000000000, 0.000000000000000000 ) ) ;
#5272 = CARTESIAN_POINT ( 'NONE',  ( 319.6355458737247659, 5.244223251711826350, 228.6941602672723945 ) ) ;
#5273 = CARTESIAN_POINT ( 'NONE',  ( 579.9999999970531235, 12.08411726914921047, 295.3193184898788672 ) ) ;
#5274 = ORIENTED_EDGE ( 'NONE', *, *, #978, .F. ) ;
#5275 = ADVANCED_FACE ( 'NONE', ( #4159 ), #2202, .F. ) ;
#5276 = CARTESIAN_POINT ( 'NONE',  ( 333.3981814437881894, 0.5528331008886837594, 223.2179516913529085 ) ) ;
#5277 = CARTESIAN_POINT ( 'NONE',  ( 579.9999999970532372, -4.288441108073364205, 402.5788312642366691 ) ) ;
#5278 = CARTESIAN_POINT ( 'NONE',  ( 325.1054241164745235, 11.36572406656498835, 244.9303655858416278 ) ) ;
#5279 = CARTESIAN_POINT ( 'NONE',  ( 325.7754597676360504, 0.5793910020595810506, 221.5476680783706911 ) ) ;
#5280 = CARTESIAN_POINT ( 'NONE',  ( 0.000000000000000000, 4.196968758149082213, 202.6130197730023212 ) ) ;
#5281 = CARTESIAN_POINT ( 'NONE',  ( 386.6666666647018928, -3.305401079264717268, 412.3030266280131855 ) ) ;
#5282 = VECTOR ( 'NONE', #5772, 1000.000000000000000 ) ;
#5283 = CARTESIAN_POINT ( 'NONE',  ( 324.8370945548290933, 1.797096971369744001, 221.1260971193555633 ) ) ;
#5284 = CARTESIAN_POINT ( 'NONE',  ( 296.1004724876491991, 11.79731432565497684, 244.1513599972936674 ) ) ;
#5285 = CARTESIAN_POINT ( 'NONE',  ( 300.0370945548290251, -4.196647499877946608, 139.4050437939080496 ) ) ;
#5286 = CARTESIAN_POINT ( 'NONE',  ( 0.000000000000000000, 5.680038312985622895, 389.5123884482915173 ) ) ;
#5287 = CARTESIAN_POINT ( 'NONE',  ( 295.2370945548037184, 1.009006986796969541, 219.7387023339196901 ) ) ;
#5288 = CARTESIAN_POINT ( 'NONE',  ( 305.4192277460198852, 11.82746875211484117, 245.3038961852163879 ) ) ;
#5289 = VERTEX_POINT ( 'NONE', #2361 ) ;
#5290 = CARTESIAN_POINT ( 'NONE',  ( 320.0370945548289683, -10.20377812467579481, 160.2393911849499659 ) ) ;
#5291 = CARTESIAN_POINT ( 'NONE',  ( 300.4128968582197103, 6.947787275224023951, 231.2360852459877094 ) ) ;
#5292 = CARTESIAN_POINT ( 'NONE',  ( 325.7533187565472872, -3.747984849062644841, 228.7049393024636572 ) ) ;
#5293 = VERTEX_POINT ( 'NONE', #6286 ) ;
#5294 = CARTESIAN_POINT ( 'NONE',  ( 303.7476358668648118, -15.03149927161753574, 127.9162417849895803 ) ) ;
#5295 = CARTESIAN_POINT ( 'NONE',  ( 295.9133554423277701, -5.140588758824322646, 235.7436853746065424 ) ) ;
#5296 = VECTOR ( 'NONE', #153, 1000.000000000000000 ) ;
#5297 = CARTESIAN_POINT ( 'NONE',  ( 318.2343510025149840, -14.04847420846516748, 120.9050446290515737 ) ) ;
#5298 = VECTOR ( 'NONE', #1657, 1000.000000000000000 ) ;
#5299 = FACE_OUTER_BOUND ( 'NONE', #447, .T. ) ;
#5300 = VERTEX_POINT ( 'NONE', #4283 ) ;
#5301 = CARTESIAN_POINT ( 'NONE',  ( 309.0086674300828236, 3.303712024074804798, 109.7050435216149680 ) ) ;
#5302 = B_SPLINE_SURFACE_WITH_KNOTS ( 'NONE', 3, 3, ( 
 ( #366, #6169, #5721, #4237 ),
 ( #1800, #3753, #5684, #2789 ),
 ( #1324, #6202, #1363, #3303 ),
 ( #877, #399, #4772, #1756 ),
 ( #765, #4663, #1386, #3194 ),
 ( #2813, #4257, #4762, #3777 ),
 ( #2336, #4728, #2713, #799 ),
 ( #5745, #354, #388, #4294 ),
 ( #1350, #2746, #5169, #3710 ),
 ( #5644, #1314, #1824, #6226 ),
 ( #5710, #5134, #3328, #3742 ),
 ( #288, #1788, #3293, #4161 ),
 ( #831, #1282, #1859, #4697 ),
 ( #4796, #6192, #3813, #5673 ),
 ( #5273, #901, #6097, #2300 ),
 ( #320, #2270, #3225, #4225 ),
 ( #3257, #5238, #2849, #866 ),
 ( #2235, #2204, #5200, #1729 ),
 ( #6159, #3680, #4192, #5612 ),
 ( #2778, #1247, #6126, #3010 ),
 ( #1034, #1002, #1521, #5310 ),
 ( #5885, #2025, #458, #4830 ),
 ( #4426, #1931, #2981, #490 ),
 ( #423, #3886, #2408, #57 ),
 ( #3950, #5854, #2370, #3465 ),
 ( #5403, #4363, #4921, #4863 ),
 ( #5818, #552, #2439, #2501 ),
 ( #2949, #1895, #4456, #4328 ),
 ( #5433, #84, #3980, #3402 ),
 ( #1965, #4393, #5916, #5373 ),
 ( #1995, #6262, #25, #1548 ),
 ( #1489, #3920, #3433, #4894 ),
 ( #3495, #1064, #518, #3848 ),
 ( #1457, #5782, #6298, #939 ),
 ( #2467, #1421, #3364, #2887 ),
 ( #5343, #971, #2918, #4009 ),
 ( #3637, #4680, #1266, #1683 ),
 ( #5090, #3209, #750, #5150 ),
 ( #4177, #5571, #782, #245 ),
 ( #2727, #3666, #305, #2697 ),
 ( #2664, #2251, #6113, #585 ),
 ( #4210, #4983, #721, #4516 ),
 ( #6143, #4648, #618, #274 ),
 ( #1204, #5943, #1772, #1097 ),
 ( #3725, #5657, #1742, #2058 ),
 ( #1579, #3524, #2188, #3151 ),
 ( #1298, #4617, #4952, #4144 ),
 ( #2219, #2532, #6081, #2562 ),
 ( #3695, #4487, #1710, #5628 ),
 ( #115, #217, #5466, #5599 ),
 ( #2160, #1233, #3179, #3042 ),
 ( #4119, #6055, #5120, #4240 ),
 ( #4778, #3345, #1875, #883 ),
 ( #1329, #1439, #4377, #4275 ),
 ( #8, #5835, #3758, #3867 ),
 ( #4345, #1804, #3793, #5219 ),
 ( #4845, #3273, #848, #6208 ),
 ( #4744, #5798, #3309, #1948 ),
 ( #371, #2794, #2867, #337 ),
 ( #2353, #3239, #437, #953 ),
 ( #2317, #1911, #1368, #2283 ),
 ( #1839, #5183, #473, #5726 ),
 ( #3381, #814, #2760, #3900 ) ),
 .UNSPECIFIED., .T., .F., .F.,
 ( 4, 1, 1, 1, 1, 1, 1, 1, 1, 1, 1, 1, 1, 1, 1, 1, 1, 1, 1, 1, 1, 1, 1, 1, 1, 1, 1, 1, 1, 1, 1, 1, 1, 1, 1, 1, 1, 1, 1, 1, 1, 1, 1, 1, 1, 1, 1, 1, 1, 1, 1, 1, 1, 1, 1, 1, 1, 1, 1, 1, 4 ),
 ( 4, 4 ),
 ( 0.000000000000000000, 0.003860322318652631424, 0.009394797800600040993, 0.01667682966515771081, 0.02574601821153910119, 0.03660292795654351838, 0.04920899649386034636, 0.06349082326102040152, 0.07934674930367069390, 0.09664596362268917940, 0.1152362930771427818, 0.1349489434337972638, 0.1556634120433916246, 0.1773331524001592330, 0.1998829210885900709, 0.2232120323077090296, 0.2472101962221454619, 0.2717419340733749911, 0.2965571596970338897, 0.3213261058738797749, 0.3457060309687295385, 0.3693717206835468447, 0.3919905574059651121, 0.4132492025566901761, 0.4328580350888563411, 0.4505322894011315471, 0.4660166644726876362, 0.4791302729403160710, 0.4897712402210446792, 0.4977451439687686774, 0.5027415987227935590, 0.5044506879271154487, 0.5061687141980233395, 0.5111726415984217953, 0.5191493344995530279, 0.5297856188872963612, 0.5429192827985859227, 0.5584900536828429907, 0.5763877949385057819, 0.5963681263741105187, 0.6181950463317675837, 0.6415931759684508906, 0.6662720753110366045, 0.6919362323365962908, 0.7182704540732928189, 0.7449493915174514314, 0.7716573823196638537, 0.7980689496398100102, 0.8238682316128342897, 0.8487443405748122949, 0.8724112732714405238, 0.8945985341559141713, 0.9150565674164555796, 0.9335822461452389920, 0.9499859994824328968, 0.9641230260458010237, 0.9759079492932850597, 0.9852880743758861692, 0.9922841994269310240, 0.9970173798615488137, 1.000000000000000000 ),
 ( 0.000000000000000000, 1.000000000000000000 ),
 .UNSPECIFIED. ) ;
#5303 = DIRECTION ( 'NONE',  ( 0.000000000000000000, -1.000000000000000000, -5.551115123125779547E-15 ) ) ;
#5304 = CARTESIAN_POINT ( 'NONE',  ( 301.0370945548290251, -10.19372269697789157, 111.8776466569873094 ) ) ;
#5305 = ORIENTED_EDGE ( 'NONE', *, *, #5199, .T. ) ;
#5306 = CARTESIAN_POINT ( 'NONE',  ( 300.0370945548290820, -10.24044951013959093, 191.4908864943746778 ) ) ;
#5307 = CARTESIAN_POINT ( 'NONE',  ( 319.6610293317897344, -5.233061446534992278, 261.0825963699655858 ) ) ;
#5308 = ORIENTED_EDGE ( 'NONE', *, *, #2172, .T. ) ;
#5309 = CARTESIAN_POINT ( 'NONE',  ( 324.2332506359838362, 6.010631069616631628, 230.6816926825739813 ) ) ;
#5310 = CARTESIAN_POINT ( 'NONE',  ( 0.000000000000000000, 9.913730116561376704, 364.5373084075129100 ) ) ;
#5311 = ORIENTED_EDGE ( 'NONE', *, *, #1820, .F. ) ;
#5312 = CARTESIAN_POINT ( 'NONE',  ( 319.6245422009122876, -0.7445327677414529388, 222.4345440883971889 ) ) ;
#5313 = CARTESIAN_POINT ( 'NONE',  ( 0.000000000000000000, -8.112506095712058496, 304.7436750647945587 ) ) ;
#5314 = CARTESIAN_POINT ( 'NONE',  ( 193.3333333323509748, -3.397287876363841441E-11, 212.5133111311279777 ) ) ;
#5315 = CARTESIAN_POINT ( 'NONE',  ( 325.7713719204685958, -0.3340066807759516365, 221.4482286216333193 ) ) ;
#5316 = EDGE_CURVE ( 'NONE', #281, #6172, #4855, .T. ) ;
#5317 = ADVANCED_FACE ( 'NONE', ( #1847 ), #1919, .F. ) ;
#5318 = CARTESIAN_POINT ( 'NONE',  ( 579.9999999970528961, 10.96806314987765596, 310.6656409606852094 ) ) ;
#5319 = CARTESIAN_POINT ( 'NONE',  ( 319.0370945548289114, -6.238484955674840293, 261.3152424635268289 ) ) ;
#5320 = CARTESIAN_POINT ( 'NONE',  ( 304.3822735622144933, -14.79025953895575540, 264.4069360666574084 ) ) ;
#5321 = CARTESIAN_POINT ( 'NONE',  ( 193.3333333323510317, 1.503725608321301310, 399.3537027180361179 ) ) ;
#5322 = CARTESIAN_POINT ( 'NONE',  ( 295.2370945548289569, 8.916692367347398118, 230.3123693790682296 ) ) ;
#5323 = CARTESIAN_POINT ( 'NONE',  ( 286.2317849776002276, -0.8410724482290754533, 220.2826387574931459 ) ) ;
#5324 = ORIENTED_EDGE ( 'NONE', *, *, #2989, .T. ) ;
#5325 = CARTESIAN_POINT ( 'NONE',  ( 320.0370945548289683, -9.998799635744537895, 253.9916444090520997 ) ) ;
#5326 = CIRCLE ( 'NONE', #4202, 1.000000000000004219 ) ;
#5327 = CARTESIAN_POINT ( 'NONE',  ( 300.3866557280787788, 0.7638955924020549570, 221.1488237489490132 ) ) ;
#5328 = EDGE_LOOP ( 'NONE', ( #1682, #1472, #1646, #4025, #2249 ) ) ;
#5329 = CARTESIAN_POINT ( 'NONE',  ( 305.0370945548290251, -14.82264814109834994, 264.4069360666573516 ) ) ;
#5330 = ORIENTED_EDGE ( 'NONE', *, *, #3463, .T. ) ;
#5331 = CARTESIAN_POINT ( 'NONE',  ( 319.0370945548292525, -5.193722696978042563, 239.2068077874264418 ) ) ;
#5332 = CARTESIAN_POINT ( 'NONE',  ( 315.0370945548290251, -15.19372269697788269, 132.3162152659552930 ) ) ;
#5333 = EDGE_CURVE ( 'NONE', #4508, #3792, #4353, .T. ) ;
#5334 = CARTESIAN_POINT ( 'NONE',  ( 301.0370945548290251, -9.821662852354307915, 264.4069360666574084 ) ) ;
#5335 = ORIENTED_EDGE ( 'NONE', *, *, #4421, .F. ) ;
#5336 = CARTESIAN_POINT ( 'NONE',  ( 283.6465018848443833, -15.19372269697788269, 132.3162152659552930 ) ) ;
#5337 = CARTESIAN_POINT ( 'NONE',  ( 290.8772826233457067, -5.012744849765508270, 248.7753795745794321 ) ) ;
#5338 = CARTESIAN_POINT ( 'NONE',  ( 301.1970455784888259, -11.34684670205013290, 113.4721331018583044 ) ) ;
#5339 = FACE_BOUND ( 'NONE', #1803, .T. ) ;
#5340 = DIRECTION ( 'NONE',  ( 1.000000000000000000, 0.000000000000000000, 0.000000000000000000 ) ) ;
#5341 = CARTESIAN_POINT ( 'NONE',  ( 286.5297234789804293, -2.573941713323893765, 221.7424805210663408 ) ) ;
#5342 = CARTESIAN_POINT ( 'NONE',  ( 300.0370945548290251, -6.403714034285492573, 264.4069360666574653 ) ) ;
#5343 = CARTESIAN_POINT ( 'NONE',  ( 579.9999999970532372, -4.411656509256205005, 398.4873859567278487 ) ) ;
#5344 = ORIENTED_EDGE ( 'NONE', *, *, #5738, .F. ) ;
#5345 = CARTESIAN_POINT ( 'NONE',  ( 319.6000809549743735, -0.001331392719119463015, 222.0073581241395004 ) ) ;
#5346 = CARTESIAN_POINT ( 'NONE',  ( 386.6666666647022339, -5.954441073316516508, 336.9066955511404444 ) ) ;
#5347 = CARTESIAN_POINT ( 'NONE',  ( 328.1682982896983276, 0.8353001383541878155, 223.0806098768727850 ) ) ;
#5348 = CARTESIAN_POINT ( 'NONE',  ( 324.8370945548204531, -1.840782567692056393, 222.6391227223202520 ) ) ;
#5349 = CARTESIAN_POINT ( 'NONE',  ( 0.000000000000000000, -7.565368802876977661, 399.6270695293106314 ) ) ;
#5350 = DIRECTION ( 'NONE',  ( 0.000000000000000000, 1.000000000000000000, 6.938893903907228378E-15 ) ) ;
#5351 = CARTESIAN_POINT ( 'NONE',  ( 193.3333333323510317, 3.194756911386668286, 389.6578644352153447 ) ) ;
#5352 = LINE ( 'NONE', #983, #5058 ) ;
#5353 = CARTESIAN_POINT ( 'NONE',  ( 324.8370945548290365, 21.80627730302191125, 264.4069360666574653 ) ) ;
#5354 = VERTEX_POINT ( 'NONE', #5697 ) ;
#5355 = LINE ( 'NONE', #5449, #5827 ) ;
#5356 = CARTESIAN_POINT ( 'NONE',  ( 286.0582573329780871, 1.845259101094451903, 221.1352263978051838 ) ) ;
#5357 = VERTEX_POINT ( 'NONE', #3281 ) ;
#5358 = EDGE_CURVE ( 'NONE', #3674, #2807, #378, .T. ) ;
#5359 =( BOUNDED_SURFACE ( )  B_SPLINE_SURFACE ( 3, 2, ( 
 ( #2256, #2193, #5158 ),
 ( #2642, #2138, #6060 ),
 ( #1778, #3642, #726 ),
 ( #2669, #5576, #1210 ) ),
 .UNSPECIFIED., .F., .F., .F. ) 
 B_SPLINE_SURFACE_WITH_KNOTS ( ( 4, 4 ),
 ( 3, 3 ),
 ( 0.004707592365383556771, 0.02302313068824802383 ),
 ( 0.000000000000000000, 1.000000000000000000 ),
 .UNSPECIFIED. ) 
 GEOMETRIC_REPRESENTATION_ITEM ( )  RATIONAL_B_SPLINE_SURFACE ( (
 ( 1.000000000000000000, 0.9991034060579498943, 1.000000000000000000),
 ( 1.000000000000000000, 0.9990692533229785788, 1.000000000000000000),
 ( 1.000000000000000000, 0.9990336371465683429, 1.000000000000000000),
 ( 1.000000000000000000, 0.9989967927752162469, 1.000000000000000000) ) ) 
 REPRESENTATION_ITEM ( '' )  SURFACE ( )  );
#5360 = CARTESIAN_POINT ( 'NONE',  ( 324.8335991059124126, -4.630857751606029638, 234.2625013194482619 ) ) ;
#5361 = CARTESIAN_POINT ( 'NONE',  ( 298.7827441896139362, -5.197785439825448606, 237.2749414467600957 ) ) ;
#5362 = CARTESIAN_POINT ( 'NONE',  ( 296.2282391183236427, -5.197848171647330595, 237.0248164469790879 ) ) ;
#5363 = CARTESIAN_POINT ( 'NONE',  ( 317.5388615836907320, -14.53112065670153186, 123.5219271802951795 ) ) ;
#5364 = PRODUCT_DEFINITION ( 'UNKNOWN', '', #728, #3586 ) ;
#5365 = CARTESIAN_POINT ( 'NONE',  ( 319.0370945548290251, -10.19372269697787736, 109.4050437939080638 ) ) ;
#5366 = ORIENTED_EDGE ( 'NONE', *, *, #6152, .F. ) ;
#5367 = CARTESIAN_POINT ( 'NONE',  ( 300.4336297504623872, -5.249949736053543425, 257.1661337479603731 ) ) ;
#5368 = CARTESIAN_POINT ( 'NONE',  ( 320.0370945548294230, -5.193722696978041675, 239.3365154935446242 ) ) ;
#5369 = CARTESIAN_POINT ( 'NONE',  ( 332.9700195573790324, -1.332834002514887484, 224.5571565862178716 ) ) ;
#5370 = DIRECTION ( 'NONE',  ( -1.000000000000000000, -0.000000000000000000, -0.000000000000000000 ) ) ;
#5371 = CARTESIAN_POINT ( 'NONE',  ( 285.9743738458154212, -0.9553525397354080129, 219.0213733659869035 ) ) ;
#5372 = CARTESIAN_POINT ( 'NONE',  ( 291.3040768219053689, 0.1224946097194435646, 220.1318362064904193 ) ) ;
#5373 = CARTESIAN_POINT ( 'NONE',  ( 0.000000000000000000, -5.420589551295606157, 451.9053200484384547 ) ) ;
#5374 = CARTESIAN_POINT ( 'NONE',  ( 290.8750335732124768, -4.232778653402615276, 236.7742492215774348 ) ) ;
#5375 = VERTEX_POINT ( 'NONE', #1883 ) ;
#5376 = AXIS2_PLACEMENT_3D ( 'NONE', #3415, #3550, #1629 ) ;
#5377 = B_SPLINE_CURVE_WITH_KNOTS ( 'NONE', 3,
 ( #415, #858, #4286, #1378, #997, #2912, #3285, #1451, #1414, #6219, #2944, #4388, #51, #1922, #2805, #513, #4858, #1851, #5338, #3393, #3770, #4755 ),
 .UNSPECIFIED., .F., .F.,
 ( 4, 2, 2, 2, 2, 2, 2, 2, 2, 2, 4 ),
 ( 5.724587470723463412E-17, 0.0003722962408920304860, 0.0007445924817840037261, 0.001489184963568049736, 0.002233777445352095638, 0.002978369927136141973, 0.004467554890704163520, 0.005956739854272184199, 0.008935109781408226426, 0.01042429474497624797, 0.01191347970854426952 ),
 .UNSPECIFIED. ) ;
#5378 = CARTESIAN_POINT ( 'NONE',  ( 333.3877892697985885, -0.1570087847716702678, 222.9515760059962020 ) ) ;
#5379 = CARTESIAN_POINT ( 'NONE',  ( 193.3333333323510317, -6.765421898788464894, 365.9557577967350426 ) ) ;
#5380 = CARTESIAN_POINT ( 'NONE',  ( 328.2335768077451235, -0.4853334643635859869, 222.7607576037793820 ) ) ;
#5381 = CARTESIAN_POINT ( 'NONE',  ( -672.0146080650777094, 3.303712137621199307, 117.2115227970842426 ) ) ;
#5382 = CARTESIAN_POINT ( 'NONE',  ( 0.000000000000000000, -7.705051474660509214, 374.2669285172183891 ) ) ;
#5383 = CARTESIAN_POINT ( 'NONE',  ( 301.0370945548290251, -10.14439035028140168, 238.9611197214394451 ) ) ;
#5384 = CARTESIAN_POINT ( 'NONE',  ( 313.2370945548290138, -0.6962878623788028021, 110.5050442647847575 ) ) ;
#5385 = CARTESIAN_POINT ( 'NONE',  ( 386.6666666647018360, -5.188915455063127347, 422.9413900255781300 ) ) ;
#5386 = CARTESIAN_POINT ( 'NONE',  ( 295.1644346084304402, 11.53563654452859488, 243.0240524690463246 ) ) ;
#5387 = VERTEX_POINT ( 'NONE', #1411 ) ;
#5388 = CARTESIAN_POINT ( 'NONE',  ( 286.0505500275914414, 0.5114996868442260869, 219.9919302693298846 ) ) ;
#5389 = ORIENTED_EDGE ( 'NONE', *, *, #3954, .T. ) ;
#5390 = CARTESIAN_POINT ( 'NONE',  ( 323.9771109693580797, -5.184033747552256877, 239.4921694169858597 ) ) ;
#5391 = CARTESIAN_POINT ( 'NONE',  ( 319.0370945548292525, -5.193722696978042563, 239.2068077874264418 ) ) ;
#5392 = CARTESIAN_POINT ( 'NONE',  ( 295.8057788037195905, -5.153689379061602516, 236.5044657493666591 ) ) ;
#5393 = CARTESIAN_POINT ( 'NONE',  ( 295.2370945548290706, 1.345578866865576595, 218.7008031459895960 ) ) ;
#5394 = CARTESIAN_POINT ( 'NONE',  ( 294.3674574315369341, 10.62713385707791858, 239.1664508922727634 ) ) ;
#5395 = VERTEX_POINT ( 'NONE', #3353 ) ;
#5396 = CARTESIAN_POINT ( 'NONE',  ( 322.5543816345606274, -5.197231389828703030, 239.6482123235317943 ) ) ;
#5397 = ADVANCED_FACE ( 'NONE', ( #5299 ), #928, .T. ) ;
#5398 = CARTESIAN_POINT ( 'NONE',  ( 315.0370945548289683, -15.19372269697804612, 149.8220892848059975 ) ) ;
#5399 = CARTESIAN_POINT ( 'NONE',  ( 332.8729671094847617, 2.477694488290551611, 225.0326950481375832 ) ) ;
#5400 = FACE_OUTER_BOUND ( 'NONE', #5542, .T. ) ;
#5401 = CARTESIAN_POINT ( 'NONE',  ( 286.0036323742601212, -1.161366687949392018, 219.1647345682694663 ) ) ;
#5402 = CARTESIAN_POINT ( 'NONE',  ( 291.5026066071462196, 1.419715536202380779, 221.1045942436886378 ) ) ;
#5403 = CARTESIAN_POINT ( 'NONE',  ( 579.9999999970532372, -0.04621037551902798524, 379.9087948609357568 ) ) ;
#5404 = CARTESIAN_POINT ( 'NONE',  ( 300.4266422456513510, -3.211621646345044212, 229.4357929181765030 ) ) ;
#5405 = ORIENTED_EDGE ( 'NONE', *, *, #2516, .F. ) ;
#5406 = B_SPLINE_SURFACE_WITH_KNOTS ( 'NONE', 3, 3, ( 
 ( #5500, #3135, #2596, #5076 ),
 ( #3193, #6096, #201, #764 ),
 ( #5133, #706, #287, #2649 ),
 ( #4103, #4191, #4632, #5611 ),
 ( #4160, #3164, #1640, #5527 ),
 ( #2234, #3679, #5045, #6040 ),
 ( #1669, #678, #3109, #6068 ),
 ( #4575, #3560, #6125, #5584 ),
 ( #2203, #4550, #3622, #1133 ),
 ( #5103, #1728, #1246, #177 ),
 ( #4602, #3080, #231, #5557 ),
 ( #4073, #5019, #2174, #653 ),
 ( #1189, #2623, #734, #4132 ),
 ( #2681, #3651, #1161, #2145 ),
 ( #4224, #5198, #2269, #3740 ),
 ( #4362, #830, #2298, #6158 ),
 ( #5709, #1385, #2369, #1894 ),
 ( #3811, #2811, #938, #4761 ),
 ( #5672, #2745, #1823, #2886 ),
 ( #5643, #5744, #5309, #3224 ),
 ( #387, #1313, #4829, #3256 ),
 ( #3327, #4256, #2777, #5272 ),
 ( #5167, #5781, #1281, #4727 ),
 ( #4327, #865, #798, #1348 ),
 ( #6190, #353, #6225, #4696 ),
 ( #319, #1787, #457, #4795 ),
 ( #2406, #1755, #3292, #422 ),
 ( #3709, #3776, #5237, #2334 ),
 ( #6260, #2847, #900, #4293 ),
 ( #1858, #3847, #1420, #3362 ),
 ( #6297, #1456, #3400, #3884 ),
 ( #1930, #5817, #904, #5645 ),
 ( #5136, #1825, #1860, #867 ),
 ( #2236, #6128, #2852, #4665 ),
 ( #4295, #5711, #2747, #1315 ),
 ( #1251, #3331, #4194, #766 ),
 ( #3258, #5170, #6265, #324 ),
 ( #5276, #2338, #356, #4332 ),
 ( #3195, #4798, #2714, #291 ),
 ( #1390, #425, #801, #3816 ),
 ( #5241, #5202, #4258, #3712 ),
 ( #3681, #833, #1757, #2372 ),
 ( #6228, #5614, #1283, #2780 ),
 ( #4729, #2271, #3227, #5747 ),
 ( #4698, #3743, #4227, #2301 ),
 ( #6193, #6160, #1789, #5675 ),
 ( #3779, #1352, #3294, #2816 ),
 ( #4763, #389, #5437, #2029 ),
 ( #4398, #3924, #28, #5345 ),
 ( #4430, #87, #2922, #1897 ),
 ( #1524, #4490, #974, #2443 ),
 ( #3853, #5857, #3955, #522 ),
 ( #4868, #2953, #3983, #2985 ),
 ( #493, #461, #2471, #5889 ),
 ( #5378, #1424, #1969, #4460 ),
 ( #4366, #3468, #1998, #3405 ),
 ( #2410, #5407, #1494, #1459 ),
 ( #60, #3437, #1006, #6301 ),
 ( #2889, #5919, #1038, #4926 ),
 ( #1934, #4898, #555, #2504 ),
 ( #1551, #4833, #3499, #1069 ),
 ( #588, #3015, #4955, #2535 ),
 ( #3889, #5784, #3368, #5312 ),
 ( #941, #5820, #4130, #4013 ),
 ( #5498, #704, #5525, #5947 ),
 ( #199, #4548, #2087, #4573 ),
 ( #5582, #4988, #3530, #1217 ),
 ( #5101, #732, #3162, #6008 ),
 ( #3078, #3648, #1131, #5017 ),
 ( #2566, #5074, #1186, #1667 ),
 ( #1694, #175, #4600, #3620 ),
 ( #5555, #1638, #676, #147 ),
 ( #5469, #2171, #1582, #3133 ),
 ( #651, #2647, #2679, #2061 ),
 ( #1100, #3589, #2594, #6066 ),
 ( #2116, #118, #4071, #3045 ),
 ( #621, #1159, #229, #3107 ),
 ( #5043, #2620, #4520, #4042 ),
 ( #5978, #4101, #2143, #3558 ),
 ( #6038, #1613, #3774, #6156 ),
 ( #4661, #5610, #763, #1754 ),
 ( #351, #317, #5707, #3678 ),
 ( #5270, #257, #2267, #2296 ),
 ( #1856, #3707, #5670, #2809 ),
 ( #3192, #5641, #5132, #5196 ),
 ( #6094, #1785, #4158, #1279 ),
 ( #1311, #2710, #6223, #4254 ),
 ( #1346, #1245, #2743, #898 ),
 ( #4222, #6188, #3254, #3809 ),
 ( #828, #4759, #3290, #286 ),
 ( #2232, #2775, #1821, #1727 ),
 ( #3222, #862, #4724, #4190 ),
 ( #5235, #6124, #385, #5165 ),
 ( #796, #4693, #2332, #4291 ),
 ( #3738, #5742, #1383, #3324 ),
 ( #4629, #2201, #2499, #5307 ),
 ( #3431, #2437, #2404, #4391 ) ),
 .UNSPECIFIED., .F., .F., .F.,
 ( 4, 3, 3, 3, 3, 3, 3, 3, 3, 3, 3, 3, 3, 3, 3, 3, 3, 3, 3, 3, 3, 3, 3, 3, 3, 3, 3, 3, 3, 3, 3, 3, 4 ),
 ( 4, 4 ),
 ( 0.000000000000000000, 0.02743169144055190856, 0.04114753716082786283, 0.05486338288110359507, 0.06857922860137932730, 0.07543715146151730444, 0.08229507432165528158, 0.08915299718179325872, 0.09601092004193123586, 0.1028688429020692130, 0.1062978043321383126, 0.1080122850471727514, 0.1088695254046898597, 0.1097267657622071901, 0.1105840061197245205, 0.1114412464772416289, 0.1118698666560002941, 0.1122984868347589593, 0.1131557271922761787, 0.1148702079073107285, 0.1157274482648279479, 0.1165846886223451673, 0.1182991693373796060, 0.1191564096948969365, 0.1200136500524141558, 0.1234426114824831444, 0.1268715729125521330, 0.1303005343426211216, 0.1371584572027589877, 0.1508743029230348309, 0.1645901486433107852, 0.1920218400838624717, 0.2194535315244142692 ),
 ( 0.4250817373240565189, 0.4488504268327509483 ),
 .UNSPECIFIED. ) ;
#5407 = CARTESIAN_POINT ( 'NONE',  ( 328.7985732272990163, -0.3837972551010818689, 222.7311400339463603 ) ) ;
#5408 = CARTESIAN_POINT ( 'NONE',  ( 386.6666666647017792, -6.022437639439080392, 326.2649298393706658 ) ) ;
#5409 = EDGE_CURVE ( 'NONE', #5395, #3636, #1063, .T. ) ;
#5410 = CARTESIAN_POINT ( 'NONE',  ( 328.2629784171475649, 0.1151805233218815283, 222.6166953321241522 ) ) ;
#5411 = CARTESIAN_POINT ( 'NONE',  ( 324.8370945548290365, -4.349900109649104785, 227.3767054989077110 ) ) ;
#5412 = CARTESIAN_POINT ( 'NONE',  ( 579.9999999970532372, -4.761979561952836448, 372.7162503368264197 ) ) ;
#5413 = EDGE_CURVE ( 'NONE', #6172, #2646, #2104, .T. ) ;
#5414 = CARTESIAN_POINT ( 'NONE',  ( 310.0370945548290251, 21.80627730302191125, 264.4069360666574653 ) ) ;
#5415 = CARTESIAN_POINT ( 'NONE',  ( 298.2370945548290138, -1.696287862378802691, 104.0050425958546754 ) ) ;
#5416 = CARTESIAN_POINT ( 'NONE',  ( 386.6666666647022339, -5.592650226285882376, 400.6320236277662730 ) ) ;
#5417 = CARTESIAN_POINT ( 'NONE',  ( 295.0622175778603946, 10.76838198445653560, 239.7767235372494099 ) ) ;
#5418 = CARTESIAN_POINT ( 'NONE',  ( 295.6112687253038303, 1.319716187231297688, 221.2924821660688792 ) ) ;
#5419 = ORIENTED_EDGE ( 'NONE', *, *, #5519, .F. ) ;
#5420 = CARTESIAN_POINT ( 'NONE',  ( 324.1214862333085875, -5.158258114450033460, 239.3458911245238880 ) ) ;
#5421 = CARTESIAN_POINT ( 'NONE',  ( 300.0370945548290251, -10.24079401562128311, 191.8034019656929274 ) ) ;
#5422 = DIRECTION ( 'NONE',  ( 0.9798025319616457951, 0.000000000000000000, -0.1999674932621503531 ) ) ;
#5423 = CARTESIAN_POINT ( 'NONE',  ( 295.2370945548289569, 5.849378089487076160, 223.7763166838772406 ) ) ;
#5424 = CARTESIAN_POINT ( 'NONE',  ( 294.2150702798222142, 10.05345120570155260, 237.0323512288429413 ) ) ;
#5425 = ORIENTED_EDGE ( 'NONE', *, *, #5548, .F. ) ;
#5426 = CIRCLE ( 'NONE', #2984, 4.000000000000000000 ) ;
#5427 = CARTESIAN_POINT ( 'NONE',  ( 321.2885983162588559, -5.193722696978041675, 239.4352425613134869 ) ) ;
#5428 = CARTESIAN_POINT ( 'NONE',  ( 315.0370945548291388, -15.11063746696783205, 243.5747534812258834 ) ) ;
#5429 = CARTESIAN_POINT ( 'NONE',  ( 331.7121734714095282, -3.016628373331090351, 230.7203622140225150 ) ) ;
#5430 = CARTESIAN_POINT ( 'NONE',  ( 329.0638016865368058, 11.02544742586065496, 243.6968782370145448 ) ) ;
#5431 = CARTESIAN_POINT ( 'NONE',  ( 286.6718478987779122, -2.825952174763437519, 222.4388630385426211 ) ) ;
#5432 = CARTESIAN_POINT ( 'NONE',  ( 293.2325748789389763, 6.502049764099560925, 229.5811084273895801 ) ) ;
#5433 = CARTESIAN_POINT ( 'NONE',  ( 579.9999999970530098, -2.772280013143109123, 395.1761131678124457 ) ) ;
#5434 = CARTESIAN_POINT ( 'NONE',  ( 290.8723015020371463, -3.564001751390539763, 230.8307400259056124 ) ) ;
#5435 = ORIENTED_EDGE ( 'NONE', *, *, #3919, .T. ) ;
#5436 = VECTOR ( 'NONE', #4244, 1000.000000000000000 ) ;
#5437 = CARTESIAN_POINT ( 'NONE',  ( 324.1956882755222296, 0.01256958217757415952, 222.3179606643152226 ) ) ;
#5438 = CARTESIAN_POINT ( 'NONE',  ( 579.9999999970531235, -5.102621935511616691, 314.0808441813599075 ) ) ;
#5439 = CARTESIAN_POINT ( 'NONE',  ( 320.4570940761918223, 13.05330413419111046, 260.8640380211772936 ) ) ;
#5440 = DIRECTION ( 'NONE',  ( 0.000000000000000000, 0.000000000000000000, -1.000000000000000000 ) ) ;
#5441 = ADVANCED_FACE ( 'NONE', ( #541 ), #1118, .T. ) ;
#5442 = AXIS2_PLACEMENT_3D ( 'NONE', #2524, #1602, #5875 ) ;
#5443 = EDGE_CURVE ( 'NONE', #2028, #5395, #3778, .T. ) ;
#5444 = CARTESIAN_POINT ( 'NONE',  ( 386.6666666647018360, -5.420512167452217867, 412.1310864783856118 ) ) ;
#5445 = CARTESIAN_POINT ( 'NONE',  ( 325.8176731862959059, -3.230569250580424434, 226.5234451799513806 ) ) ;
#5446 = CARTESIAN_POINT ( 'NONE',  ( 300.0370945548290251, -9.821662852354307915, 264.4069360666574084 ) ) ;
#5447 = CARTESIAN_POINT ( 'NONE',  ( 193.3333333323509464, -6.422087301610666543, 423.0834801110592025 ) ) ;
#5448 = CARTESIAN_POINT ( 'NONE',  ( 295.1412207928989915, 11.02942418354735388, 240.8448648360041489 ) ) ;
#5449 = CARTESIAN_POINT ( 'NONE',  ( 296.2370945548290706, 11.80627730302195921, 104.0050425958546754 ) ) ;
#5450 = CARTESIAN_POINT ( 'NONE',  ( 286.0523610964698946, 0.6887846764775324981, 220.1230821933568222 ) ) ;
#5451 = ORIENTED_EDGE ( 'NONE', *, *, #5094, .F. ) ;
#5452 = CARTESIAN_POINT ( 'NONE',  ( 324.0691563912865831, -5.183392689719159563, 239.6372340837854438 ) ) ;
#5453 = DIRECTION ( 'NONE',  ( 1.000000000000000000, -0.000000000000000000, -0.000000000000000000 ) ) ;
#5454 = CARTESIAN_POINT ( 'NONE',  ( 294.5640507458889488, -4.338326542118161377, 229.6418119541907288 ) ) ;
#5455 = CARTESIAN_POINT ( 'NONE',  ( 295.2370945548291274, 0.7904947793512416832, 218.4382241156278326 ) ) ;
#5456 = EDGE_CURVE ( 'NONE', #5300, #3449, #2265, .T. ) ;
#5457 = CARTESIAN_POINT ( 'NONE',  ( 319.0370945548289683, -9.821662852354297257, 264.4069360666574084 ) ) ;
#5458 = ORIENTED_EDGE ( 'NONE', *, *, #4968, .F. ) ;
#5459 = AXIS2_PLACEMENT_3D ( 'NONE', #5285, #4340, #3861 ) ;
#5460 = CYLINDRICAL_SURFACE ( 'NONE', #679, 1.000000000000000888 ) ;
#5461 = CARTESIAN_POINT ( 'NONE',  ( 325.7700280656361542, -3.073771315702699149E-11, 221.4185371563424667 ) ) ;
#5462 = CARTESIAN_POINT ( 'NONE',  ( 672.0146080650777094, 9.903712101858411998, 139.4050437939080496 ) ) ;
#5463 = CARTESIAN_POINT ( 'NONE',  ( 324.8370945548289797, 14.33246036806402657, 264.4069360666574653 ) ) ;
#5464 = CARTESIAN_POINT ( 'NONE',  ( 295.2370945548289569, -1.676043032344364248, 218.8557627033944755 ) ) ;
#5465 = CARTESIAN_POINT ( 'NONE',  ( 291.2993769042014947, 0.03400703353901104314, 220.1088075072199501 ) ) ;
#5466 = CARTESIAN_POINT ( 'NONE',  ( 193.3333333323509464, -7.154764304304089606, 292.9608285418079276 ) ) ;
#5467 = CARTESIAN_POINT ( 'NONE',  ( 286.0955453351891720, -3.834191829737689794, 232.5322125956493835 ) ) ;
#5468 = VERTEX_POINT ( 'NONE', #2016 ) ;
#5469 = CARTESIAN_POINT ( 'NONE',  ( 333.4269134777565000, -1.296090550488423254, 224.4975947045848841 ) ) ;
#5470 = CARTESIAN_POINT ( 'NONE',  ( 312.2370945548290138, -1.696287862378802691, 104.0050425958546754 ) ) ;
#5471 = CARTESIAN_POINT ( 'NONE',  ( 328.2681593290818682, -0.08441848673271563908, 222.5913098529752858 ) ) ;
#5472 = CARTESIAN_POINT ( 'NONE',  ( 325.8115342215865553, -2.258089125808133257, 223.6765895573529122 ) ) ;
#5473 = STYLED_ITEM ( 'NONE', ( #3001 ), #1986 ) ;
#5474 = CARTESIAN_POINT ( 'NONE',  ( 0.000000000000000000, -7.169037781342534998, 446.3294496812645775 ) ) ;
#5475 = CARTESIAN_POINT ( 'NONE',  ( 325.7888920162492354, -1.325897939289148786, 222.0014448507570819 ) ) ;
#5476 = CARTESIAN_POINT ( 'NONE',  ( 672.0146080650777094, 0.000000000000000000, 139.4050437939080496 ) ) ;
#5477 = CARTESIAN_POINT ( 'NONE',  ( 193.3333333323510885, -6.108416584304056762, 434.0147561491482975 ) ) ;
#5478 = DIRECTION ( 'NONE',  ( -0.000000000000000000, -1.000000000000000000, -1.576542137387265747E-16 ) ) ;
#5479 = CARTESIAN_POINT ( 'NONE',  ( 294.1700280656361883, -3.150963351043308821E-11, 219.2937095701247188 ) ) ;
#5480 = CARTESIAN_POINT ( 'NONE',  ( 300.3800359258884782, 0.2682135108555738778, 220.8088489641997967 ) ) ;
#5481 = ORIENTED_EDGE ( 'NONE', *, *, #4074, .F. ) ;
#5482 = CARTESIAN_POINT ( 'NONE',  ( 323.8370945548288660, -5.193722696978043452, 239.6950307219689762 ) ) ;
#5483 = DIRECTION ( 'NONE',  ( -0.000000000000000000, 0.000000000000000000, 1.000000000000000000 ) ) ;
#5484 = CARTESIAN_POINT ( 'NONE',  ( 296.0026794575749136, -5.185755430244208597, 236.8699630836031815 ) ) ;
#5485 = CARTESIAN_POINT ( 'NONE',  ( 295.2370945548289569, 5.537857325421068566, 223.2553661757342809 ) ) ;
#5486 = CARTESIAN_POINT ( 'NONE',  ( 294.2126677387027485, 8.856961663109618854, 233.0922031115615596 ) ) ;
#5487 = VERTEX_POINT ( 'NONE', #5457 ) ;
#5488 = CARTESIAN_POINT ( 'NONE',  ( 315.0370945548290251, -10.19372269697804612, 139.4050437939080496 ) ) ;
#5489 = CARTESIAN_POINT ( 'NONE',  ( 319.0370945548292525, -5.193722696978042563, 239.2068077874264418 ) ) ;
#5490 = CARTESIAN_POINT ( 'NONE',  ( 319.0370945548291957, -10.10523228835863563, 244.2006037937745191 ) ) ;
#5491 = CARTESIAN_POINT ( 'NONE',  ( 300.0370945548289114, -9.925243559237397761, 259.1994399598992231 ) ) ;
#5492 = AXIS2_PLACEMENT_3D ( 'NONE', #6076, #1197, #687 ) ;
#5493 = CARTESIAN_POINT ( 'NONE',  ( 294.1750313956181344, 0.5500446667786965671, 219.4165731070100094 ) ) ;
#5494 = CARTESIAN_POINT ( 'NONE',  ( 315.0370945548290820, -14.19372269697795019, 121.6513886218940712 ) ) ;
#5495 = CARTESIAN_POINT ( 'NONE',  ( 295.6481274937187322, -3.067254444768311661, 228.1705439507649658 ) ) ;
#5496 = VERTEX_POINT ( 'NONE', #4477 ) ;
#5497 = VECTOR ( 'NONE', #1136, 1000.000000000000000 ) ;
#5498 = CARTESIAN_POINT ( 'NONE',  ( 333.4170801350082343, -0.8637244044132864618, 223.5410408401214681 ) ) ;
#5499 = DIRECTION ( 'NONE',  ( 0.000000000000000000, -0.9627332639172510031, 0.2704526992788881534 ) ) ;
#5500 = CARTESIAN_POINT ( 'NONE',  ( 333.4382180917339724, 13.29677169672671333, 265.3986740668017319 ) ) ;
#5501 = CIRCLE ( 'NONE', #615, 1.000000000000000888 ) ;
#5502 = CARTESIAN_POINT ( 'NONE',  ( 324.6734680100935293, -4.751009632423246032, 231.8824495021963230 ) ) ;
#5503 = CARTESIAN_POINT ( 'NONE',  ( 193.3333333323509748, -2.609256555373887121, 215.2307251790193448 ) ) ;
#5504 = CARTESIAN_POINT ( 'NONE',  ( 579.9999999970532372, 9.121458547516446913, 257.3579398412701380 ) ) ;
#5505 = CARTESIAN_POINT ( 'NONE',  ( 386.6666666647017792, -4.705967703391121582, 419.7200802417859222 ) ) ;
#5506 = CARTESIAN_POINT ( 'NONE',  ( 324.8370945548290365, 6.506036656470873147, 227.1812317926489584 ) ) ;
#5507 = CARTESIAN_POINT ( 'NONE',  ( 290.8179913212596830, -0.1284758224449844555, 220.0785178860087399 ) ) ;
#5508 = ORIENTED_EDGE ( 'NONE', *, *, #1601, .F. ) ;
#5509 = CARTESIAN_POINT ( 'NONE',  ( 323.9573802260035222, -5.186782658088870512, 239.5534774182059721 ) ) ;
#5510 = CARTESIAN_POINT ( 'NONE',  ( 320.0370945548290251, -15.19372269697788269, 132.3162152659552930 ) ) ;
#5511 = CARTESIAN_POINT ( 'NONE',  ( 309.0086674300828236, 3.306277303021957881, 135.7050419661089222 ) ) ;
#5512 = CARTESIAN_POINT ( 'NONE',  ( 319.8700749942191237, -11.11389145010521062, 264.4069360666574084 ) ) ;
#5513 = CARTESIAN_POINT ( 'NONE',  ( 294.6357656537145999, 11.06361765961104737, 240.9429039449063623 ) ) ;
#5514 = VERTEX_POINT ( 'NONE', #1568 ) ;
#5515 = CARTESIAN_POINT ( 'NONE',  ( 286.0911300963614963, 13.55730525944499831, 260.6765573913559706 ) ) ;
#5516 = CARTESIAN_POINT ( 'NONE',  ( 325.8043047074938841, 5.627778609134432841, 227.6459398091529067 ) ) ;
#5517 = CARTESIAN_POINT ( 'NONE',  ( 295.2370945548290706, 21.80627730302191125, 264.4069360666574653 ) ) ;
#5518 = FACE_OUTER_BOUND ( 'NONE', #4856, .T. ) ;
#5519 = EDGE_CURVE ( 'NONE', #536, #3647, #5124, .T. ) ;
#5520 = CARTESIAN_POINT ( 'NONE',  ( 295.2370945548415762, -2.234563847247582835, 221.4765249293546390 ) ) ;
#5521 = CARTESIAN_POINT ( 'NONE',  ( 323.8370945548290365, -5.193722696978042563, 239.6950307219689478 ) ) ;
#5522 = CARTESIAN_POINT ( 'NONE',  ( 295.6538071397068279, -4.519276179171036745, 241.0112621240152180 ) ) ;
#5523 = ORIENTED_EDGE ( 'NONE', *, *, #2921, .F. ) ;
#5524 = AXIS2_PLACEMENT_3D ( 'NONE', #775, #6167, #5652 ) ;
#5525 = CARTESIAN_POINT ( 'NONE',  ( 324.2265201916929982, -0.8763721644703622582, 222.9310454700173239 ) ) ;
#5526 = CARTESIAN_POINT ( 'NONE',  ( 325.8370945548290365, 10.80627730302191480, 238.5925586775150009 ) ) ;
#5527 = CARTESIAN_POINT ( 'NONE',  ( 319.6496817512176563, 11.74516443342691474, 251.6014738406394144 ) ) ;
#5528 = VECTOR ( 'NONE', #1809, 1000.000000000000000 ) ;
#5529 = EDGE_CURVE ( 'NONE', #5395, #6299, #3561, .T. ) ;
#5530 = CARTESIAN_POINT ( 'NONE',  ( 301.0370945548290251, -14.19372269697804256, 139.4050437939080496 ) ) ;
#5531 = CARTESIAN_POINT ( 'NONE',  ( 193.3333333323509748, 12.29171122513588976, 334.7391500830804603 ) ) ;
#5532 = CARTESIAN_POINT ( 'NONE',  ( 0.000000000000000000, -1.924238009432647001, 200.1133443086088732 ) ) ;
#5533 = CARTESIAN_POINT ( 'NONE',  ( 325.8023002230000884, 5.050843406265991931, 226.6041995799528763 ) ) ;
#5534 = CARTESIAN_POINT ( 'NONE',  ( 286.0391698768542597, -0.08257318375853552050, 219.7504092968399334 ) ) ;
#5535 = ORIENTED_EDGE ( 'NONE', *, *, #1730, .F. ) ;
#5536 = CARTESIAN_POINT ( 'NONE',  ( 298.2370945548290138, 9.903712101858411998, 0.000000000000000000 ) ) ;
#5537 = CARTESIAN_POINT ( 'NONE',  ( 0.000000000000000000, 15.96968430992112076, 237.4560550978058870 ) ) ;
#5538 = CARTESIAN_POINT ( 'NONE',  ( 305.0370945548289683, -15.19372269697787736, 109.4050437939080354 ) ) ;
#5539 = CARTESIAN_POINT ( 'NONE',  ( 297.0616626178996285, 3.443088007130913120, 248.3429071604394096 ) ) ;
#5540 = DIRECTION ( 'NONE',  ( 0.000000000000000000, -1.000000000000000000, 0.000000000000000000 ) ) ;
#5541 = CARTESIAN_POINT ( 'NONE',  ( 317.8370945548289797, 3.306277303021957881, 137.7050419661089222 ) ) ;
#5542 = EDGE_LOOP ( 'NONE', ( #4709, #847, #2125, #2555 ) ) ;
#5543 = ADVANCED_FACE ( 'NONE', ( #4116 ), #693, .F. ) ;
#5544 = CARTESIAN_POINT ( 'NONE',  ( 320.0370945548289683, -6.096393393468193977, 255.7555046525521334 ) ) ;
#5545 = CARTESIAN_POINT ( 'NONE',  ( 324.7509579673371150, 11.35029703962583980, 244.8281955738902127 ) ) ;
#5546 = CARTESIAN_POINT ( 'NONE',  ( 332.0979145961583185, 4.884744852069167642, 228.8303043623930932 ) ) ;
#5547 = CARTESIAN_POINT ( 'NONE',  ( 320.0370945548290251, -9.989770178251042410, 254.6790831674302069 ) ) ;
#5548 = EDGE_CURVE ( 'NONE', #6122, #18, #271, .T. ) ;
#5549 = EDGE_CURVE ( 'NONE', #1957, #6122, #2383, .T. ) ;
#5550 = DIRECTION ( 'NONE',  ( 0.000000000000000000, -1.576542137387265747E-16, 1.000000000000000000 ) ) ;
#5551 = CARTESIAN_POINT ( 'NONE',  ( 294.1699175172749392, -0.07908694167358913674, 219.2911192436762633 ) ) ;
#5552 = CARTESIAN_POINT ( 'NONE',  ( 287.6966466072716457, 6.855223235090402767, 227.4601810185451143 ) ) ;
#5553 = DIRECTION ( 'NONE',  ( 0.000000000000000000, -1.000000000000000000, 0.000000000000000000 ) ) ;
#5554 = EDGE_LOOP ( 'NONE', ( #920, #823, #5665, #98 ) ) ;
#5555 = CARTESIAN_POINT ( 'NONE',  ( 333.4267585320098988, -1.252362014495698617, 224.3867434453262035 ) ) ;
#5556 = CARTESIAN_POINT ( 'NONE',  ( 386.6666666647020634, -3.190613515628904828, 230.4749220973889692 ) ) ;
#5557 = CARTESIAN_POINT ( 'NONE',  ( 319.6456472359027998, 9.365048325281639663, 240.3416880386962760 ) ) ;
#5558 = AXIS2_PLACEMENT_3D ( 'NONE', #5414, #1976, #4961 ) ;
#5559 = CARTESIAN_POINT ( 'NONE',  ( 315.0370945548289683, -14.20378027524555797, 160.2393904082990446 ) ) ;
#5560 = CARTESIAN_POINT ( 'NONE',  ( 579.9999999970531235, 7.615257880408826452, 334.9895548652660864 ) ) ;
#5561 =( BOUNDED_SURFACE ( )  B_SPLINE_SURFACE ( 3, 2, ( 
 ( #6031, #1152, #1575 ),
 ( #4979, #1659, #4918 ),
 ( #3071, #3612, #5547 ),
 ( #548, #5010, #2498 ),
 ( #4453, #580, #2021 ),
 ( #1060, #111, #3007 ),
 ( #2529, #2053, #5695 ),
 ( #2164, #6179, #309 ),
 ( #4684, #2732, #3126 ),
 ( #3670, #5067, #1746 ),
 ( #3699, #3729, #3244 ),
 ( #5662, #5632, #4215 ) ),
 .UNSPECIFIED., .F., .F., .F. ) 
 B_SPLINE_SURFACE_WITH_KNOTS ( ( 4, 2, 2, 2, 2, 4 ),
 ( 3, 3 ),
 ( 0.06883149427014664812, 0.08512027435515520657, 0.1014090544401637650, 0.1339866146101808819, 0.1665641747801979988, 0.1991417349502151157 ),
 ( 0.000000000000000000, 1.000000000000000000 ),
 .UNSPECIFIED. ) 
 GEOMETRIC_REPRESENTATION_ITEM ( )  RATIONAL_B_SPLINE_SURFACE ( (
 ( 1.000000000000000000, 0.7071067811865475727, 1.000000000000000000),
 ( 1.000000000000000000, 0.7071067811865475727, 1.000000000000000000),
 ( 1.000000000000000000, 0.7071067811865475727, 1.000000000000000000),
 ( 1.000000000000000000, 0.7071067811865475727, 1.000000000000000000),
 ( 1.000000000000000000, 0.7071067811865475727, 1.000000000000000000),
 ( 1.000000000000000000, 0.7071067811865475727, 1.000000000000000000),
 ( 1.000000000000000000, 0.7071067811865475727, 1.000000000000000000),
 ( 1.000000000000000000, 0.7071067811865475727, 1.000000000000000000),
 ( 1.000000000000000000, 0.7071067811865396902, 1.000000000000000000),
 ( 1.000000000000000000, 0.7071067811865396902, 1.000000000000000000),
 ( 1.000000000000000000, 0.7071067811865475727, 1.000000000000000000),
 ( 1.000000000000000000, 0.7071067811865475727, 1.000000000000000000) ) ) 
 REPRESENTATION_ITEM ( '' )  SURFACE ( )  );
#5562 = CARTESIAN_POINT ( 'NONE',  ( 193.3333333323508896, -6.993783717568672564, 329.5149428003301182 ) ) ;
#5563 = CARTESIAN_POINT ( 'NONE',  ( 325.8137634235766882, 9.164543828416469751, 236.5325185451665675 ) ) ;
#5564 = CARTESIAN_POINT ( 'NONE',  ( 286.0440525661545621, -0.2941790877807268223, 219.8050156406822850 ) ) ;
#5565 = ORIENTED_EDGE ( 'NONE', *, *, #3617, .F. ) ;
#5566 = CARTESIAN_POINT ( 'NONE',  ( 295.2370945548290706, -4.193722696978042563, 223.9740446929218081 ) ) ;
#5567 = CARTESIAN_POINT ( 'NONE',  ( 193.3333333323510885, 12.62964796733158579, 238.6057420120377230 ) ) ;
#5568 = CARTESIAN_POINT ( 'NONE',  ( 323.0125264917585355, 3.443088007130913120, 248.3429071604394096 ) ) ;
#5569 = DIRECTION ( 'NONE',  ( 0.000000000000000000, 0.2683009528090145035, -0.9633351435101780158 ) ) ;
#5570 = ORIENTED_EDGE ( 'NONE', *, *, #1067, .F. ) ;
#5571 = CARTESIAN_POINT ( 'NONE',  ( 386.6666666647022339, -5.592650226285882376, 400.6320236277662730 ) ) ;
#5572 = CARTESIAN_POINT ( 'NONE',  ( 300.4208756760054371, 10.95368532893983371, 245.4895743629121228 ) ) ;
#5573 = CARTESIAN_POINT ( 'NONE',  ( 325.1070021757413429, 11.36440494259559486, 244.9244844043191733 ) ) ;
#5574 = CARTESIAN_POINT ( 'NONE',  ( 323.8370945548290365, -4.193722696978042563, 105.0050425958546754 ) ) ;
#5575 = DIRECTION ( 'NONE',  ( -1.000000000000000000, -0.000000000000000000, -0.000000000000000000 ) ) ;
#5576 = CARTESIAN_POINT ( 'NONE',  ( 300.9246265729228753, -5.193722696978024800, 237.4406933581585122 ) ) ;
#5577 = CARTESIAN_POINT ( 'NONE',  ( 295.2370945548288432, 10.80627730302192013, 236.0418494052042888 ) ) ;
#5578 = CARTESIAN_POINT ( 'NONE',  ( 290.6931608226919366, 11.44388225484274813, 242.1425284712827022 ) ) ;
#5579 = CARTESIAN_POINT ( 'NONE',  ( 324.8229904573779550, 10.99837785604601947, 239.9885611494739805 ) ) ;
#5580 = ADVANCED_FACE ( 'NONE', ( #3663 ), #2131, .F. ) ;
#5581 = ORIENTED_EDGE ( 'NONE', *, *, #873, .T. ) ;
#5582 = CARTESIAN_POINT ( 'NONE',  ( 333.4231276198078149, -1.037618533272026911, 223.8807394760491434 ) ) ;
#5583 = CARTESIAN_POINT ( 'NONE',  ( 386.6666666647018928, -5.079293524304736351, 244.4817092322057874 ) ) ;
#5584 = CARTESIAN_POINT ( 'NONE',  ( 319.6479624902162300, 10.67916153712068628, 245.9407120684712424 ) ) ;
#5585 = ADVANCED_FACE ( 'NONE', ( #4589 ), #5088, .F. ) ;
#5586 = AXIS2_PLACEMENT_3D ( 'NONE', #348, #2740, #3251 ) ;
#5587 = DIRECTION ( 'NONE',  ( 0.000000000000000000, 1.000000000000000000, 0.000000000000000000 ) ) ;
#5588 = CARTESIAN_POINT ( 'NONE',  ( 0.000000000000000000, 15.96968430992112076, 237.4560550978058870 ) ) ;
#5589 = CARTESIAN_POINT ( 'NONE',  ( 0.000000000000000000, -8.046388690722883652, 318.6767041878472924 ) ) ;
#5590 = CARTESIAN_POINT ( 'NONE',  ( 295.2370945548290706, 21.80627730302191125, 264.4069360666574653 ) ) ;
#5591 = CARTESIAN_POINT ( 'NONE',  ( 286.0477700560043672, -0.4325847365181757498, 219.8752289951389400 ) ) ;
#5592 = CARTESIAN_POINT ( 'NONE',  ( 296.1739445992082551, -5.191762363679251813, 236.8789626660271779 ) ) ;
#5593 = CARTESIAN_POINT ( 'NONE',  ( 193.3333333323509748, 14.02218431666462450, 245.8289446186508940 ) ) ;
#5594 = CYLINDRICAL_SURFACE ( 'NONE', #3597, 1.000000000000000888 ) ;
#5595 = ADVANCED_FACE ( 'NONE', ( #2609 ), #6053, .F. ) ;
#5596 = CARTESIAN_POINT ( 'NONE',  ( 331.7194215694070181, -4.024860714062741707, 230.6848479179032267 ) ) ;
#5597 = CARTESIAN_POINT ( 'NONE',  ( 300.0370945548290251, -5.195069414230784055, 237.3682946605495090 ) ) ;
#5598 = VERTEX_POINT ( 'NONE', #3635 ) ;
#5599 = CARTESIAN_POINT ( 'NONE',  ( 0.000000000000000000, -8.148468503287105591, 291.1339479415150890 ) ) ;
#5600 = CARTESIAN_POINT ( 'NONE',  ( 290.8657891210038429, 11.41864767027445282, 246.9996154738088308 ) ) ;
#5601 = CARTESIAN_POINT ( 'NONE',  ( 324.3487874164897562, 11.68449061846451542, 246.3593421781080224 ) ) ;
#5602 = CARTESIAN_POINT ( 'NONE',  ( 324.8370945548290933, -6.265113345688932966, 264.4069360666574653 ) ) ;
#5603 = CARTESIAN_POINT ( 'NONE',  ( 313.2370945548290138, 8.303712137621197087, 110.5050442647847433 ) ) ;
#5604 = DIRECTION ( 'NONE',  ( 0.000000000000000000, 1.000000000000000000, -2.783699333445810042E-14 ) ) ;
#5605 = CARTESIAN_POINT ( 'NONE',  ( -672.0146080650777094, 3.303712137621199307, 117.2115227970842426 ) ) ;
#5606 = ORIENTED_EDGE ( 'NONE', *, *, #508, .F. ) ;
#5607 = CARTESIAN_POINT ( 'NONE',  ( 314.9704307649778912, 14.47572497436498828, 264.4069360666574653 ) ) ;
#5608 = VERTEX_POINT ( 'NONE', #5625 ) ;
#5609 = CARTESIAN_POINT ( 'NONE',  ( 386.6666666647020634, -3.190613515628904828, 230.4749220973889692 ) ) ;
#5610 = CARTESIAN_POINT ( 'NONE',  ( 328.8398236190431021, -2.452879610324446791, 227.7086159056686938 ) ) ;
#5611 = CARTESIAN_POINT ( 'NONE',  ( 319.6501446571405154, 12.04194643519801744, 253.5001301343047828 ) ) ;
#5612 = CARTESIAN_POINT ( 'NONE',  ( 0.000000000000000000, 13.99887089352030856, 338.7147378488038498 ) ) ;
#5613 = VECTOR ( 'NONE', #5127, 1000.000000000000000 ) ;
#5614 = CARTESIAN_POINT ( 'NONE',  ( 328.7963841824227984, 0.1951983061191049917, 222.6887598720726942 ) ) ;
#5615 = LINE ( 'NONE', #4634, #5805 ) ;
#5616 = CARTESIAN_POINT ( 'NONE',  ( 386.6666666647018928, 13.90735550912538265, 302.2484120702011978 ) ) ;
#5617 = CARTESIAN_POINT ( 'NONE',  ( 193.3333333323510317, -5.303512489585234135, 228.0014150919552662 ) ) ;
#5618 = CARTESIAN_POINT ( 'NONE',  ( 296.2370945548291274, 11.80627730302192013, 244.2608682785287328 ) ) ;
#5619 = EDGE_CURVE ( 'NONE', #3317, #4757, #465, .T. ) ;
#5620 = CARTESIAN_POINT ( 'NONE',  ( 290.8527266989852365, -1.036792127847470102, 220.9229448752886924 ) ) ;
#5621 = DIRECTION ( 'NONE',  ( 0.000000000000000000, 0.000000000000000000, -1.000000000000000000 ) ) ;
#5622 = CARTESIAN_POINT ( 'NONE',  ( 386.6666666647019497, 0.5029398384553279699, 225.5266254785185254 ) ) ;
#5623 = DIRECTION ( 'NONE',  ( -1.000000000000000000, 0.000000000000000000, 0.000000000000000000 ) ) ;
#5624 = CARTESIAN_POINT ( 'NONE',  ( 312.2370945548290138, 7.303712137621197087, 110.5050442647847433 ) ) ;
#5625 = CARTESIAN_POINT ( 'NONE',  ( 295.2370945548290706, 14.76048187518886401, 264.4069360666574653 ) ) ;
#5626 = ORIENTED_EDGE ( 'NONE', *, *, #1356, .F. ) ;
#5627 = ORIENTED_EDGE ( 'NONE', *, *, #3280, .T. ) ;
#5628 = CARTESIAN_POINT ( 'NONE',  ( 0.000000000000000000, -8.112506095712058496, 304.7436750647945587 ) ) ;
#5629 = CARTESIAN_POINT ( 'NONE',  ( 290.8607597731677856, 8.600638904235786697, 235.3761906678954290 ) ) ;
#5630 = CARTESIAN_POINT ( 'NONE',  ( 324.2421939647404088, 11.78217259081066892, 246.8260654724620906 ) ) ;
#5631 = CARTESIAN_POINT ( 'NONE',  ( 301.1838652065178508, -13.39552485337059551, 118.3286636760147132 ) ) ;
#5632 = CARTESIAN_POINT ( 'NONE',  ( 320.0370945548290251, -15.19372269697804434, 139.4050437939080496 ) ) ;
#5633 = ADVANCED_FACE ( 'NONE', ( #3722 ), #1295, .T. ) ;
#5634 = DIRECTION ( 'NONE',  ( 0.000000000000000000, -1.000000000000000000, 0.000000000000000000 ) ) ;
#5635 = DIRECTION ( 'NONE',  ( -0.1015607719924145474, 0.000000000000000000, 0.9948293369177976242 ) ) ;
#5636 = VERTEX_POINT ( 'NONE', #5541 ) ;
#5637 = CARTESIAN_POINT ( 'NONE',  ( 316.3385467858262814, -13.97899434304288135, 120.6302272068889891 ) ) ;
#5638 = CARTESIAN_POINT ( 'NONE',  ( 324.8370945548289228, -3.835206572067175301, 225.0629943770819636 ) ) ;
#5639 = ORIENTED_EDGE ( 'NONE', *, *, #919, .T. ) ;
#5640 = CARTESIAN_POINT ( 'NONE',  ( 386.6666666647020634, -4.566923217582304240, 238.8503178250753649 ) ) ;
#5641 = CARTESIAN_POINT ( 'NONE',  ( 328.8443084659961642, -3.086190152862741343, 230.9372576726330522 ) ) ;
#5642 = ORIENTED_EDGE ( 'NONE', *, *, #4630, .F. ) ;
#5643 = CARTESIAN_POINT ( 'NONE',  ( 333.4238105792991291, 5.960133516645962359, 231.2343102072896954 ) ) ;
#5644 = CARTESIAN_POINT ( 'NONE',  ( 579.9999999970530098, 10.12718433015163200, 262.5747236603409078 ) ) ;
#5645 = CARTESIAN_POINT ( 'NONE',  ( 319.6162877500332229, 1.268785481454083763, 222.8727430556669447 ) ) ;
#5646 = CARTESIAN_POINT ( 'NONE',  ( 386.6666666647018360, -1.274544155731860640, 401.0421190094137955 ) ) ;
#5647 = CARTESIAN_POINT ( 'NONE',  ( 0.000000000000000000, -8.112506095712058496, 304.7436750647945587 ) ) ;
#5648 = CARTESIAN_POINT ( 'NONE',  ( 324.8370945548291502, -0.3913233372789433617, 220.4426437776595549 ) ) ;
#5649 = CARTESIAN_POINT ( 'NONE',  ( 286.0802372722196765, -1.363308860183664928, 221.3535710173221673 ) ) ;
#5650 = CARTESIAN_POINT ( 'NONE',  ( 295.5300416597339677, -4.907996825070711111, 231.5684074405754416 ) ) ;
#5651 = CARTESIAN_POINT ( 'NONE',  ( 386.6666666647018928, 13.90735550912538265, 302.2484120702011978 ) ) ;
#5652 = DIRECTION ( 'NONE',  ( 0.000000000000000000, -1.000000000000000000, -6.938893903907222067E-15 ) ) ;
#5653 = CARTESIAN_POINT ( 'NONE',  ( 305.0370945548289114, -13.92572116519203718, 259.1994378253484115 ) ) ;
#5654 = CARTESIAN_POINT ( 'NONE',  ( 317.8370945548289797, -3.296287826616013827, 0.000000000000000000 ) ) ;
#5655 = DIRECTION ( 'NONE',  ( 0.000000000000000000, 5.551115123125782702E-15, -1.000000000000000000 ) ) ;
#5656 = VERTEX_POINT ( 'NONE', #6140 ) ;
#5657 = CARTESIAN_POINT ( 'NONE',  ( 386.6666666647018360, -5.887203071725788384, 347.4091257492923432 ) ) ;
#5658 = CARTESIAN_POINT ( 'NONE',  ( 290.8628918852654692, 9.695304963580547053, 239.2037733172054175 ) ) ;
#5659 = CARTESIAN_POINT ( 'NONE',  ( 325.0017618679815428, 10.77321891173894031, 242.3436034575204872 ) ) ;
#5660 = CIRCLE ( 'NONE', #3221, 1.000000000000000888 ) ;
#5661 = CARTESIAN_POINT ( 'NONE',  ( 301.0370945548290251, -8.870042502849585730, 110.3418598203739265 ) ) ;
#5662 = CARTESIAN_POINT ( 'NONE',  ( 315.0370945548290251, -15.19372269697804434, 139.4050437939080496 ) ) ;
#5663 = LINE ( 'NONE', #4152, #4364 ) ;
#5664 = CARTESIAN_POINT ( 'NONE',  ( 285.9224417682268040, 0.2637074045244974796, 218.7669161025520168 ) ) ;
#5665 = ORIENTED_EDGE ( 'NONE', *, *, #5104, .F. ) ;
#5666 = CARTESIAN_POINT ( 'NONE',  ( 324.0116611830272859, 11.79116672855268355, 246.6894377663341800 ) ) ;
#5667 = LINE ( 'NONE', #2880, #5181 ) ;
#5668 = EDGE_LOOP ( 'NONE', ( #1786, #4082, #2424, #2099 ) ) ;
#5669 = CARTESIAN_POINT ( 'NONE',  ( 193.3333333323508896, -6.993783717568672564, 329.5149428003301182 ) ) ;
#5670 = CARTESIAN_POINT ( 'NONE',  ( 324.2483591327485897, -2.945095079945173389, 229.7208089831951838 ) ) ;
#5671 = CARTESIAN_POINT ( 'NONE',  ( 292.2567952675142919, -2.393840900786419645, 224.7999746625275748 ) ) ;
#5672 = CARTESIAN_POINT ( 'NONE',  ( 333.4247959262832524, 6.314410409551364012, 232.1024723968613444 ) ) ;
#5673 = CARTESIAN_POINT ( 'NONE',  ( 0.000000000000000000, 19.26363725660237236, 277.6261930907284068 ) ) ;
#5674 = ADVANCED_FACE ( 'NONE', ( #189 ), #779, .T. ) ;
#5675 = CARTESIAN_POINT ( 'NONE',  ( 319.6015113862093813, 0.04948251373824172350, 222.0166773355836938 ) ) ;
#5676 = CARTESIAN_POINT ( 'NONE',  ( 386.6666666647018928, -3.305401079264717268, 412.3030266280131855 ) ) ;
#5677 = CARTESIAN_POINT ( 'NONE',  ( 386.6666666647018928, -2.925017541545449351E-11, 225.5133111311280913 ) ) ;
#5678 = CARTESIAN_POINT ( 'NONE',  ( 324.8370945548290365, 0.9940866319312910981, 220.6322189207463964 ) ) ;
#5679 = CARTESIAN_POINT ( 'NONE',  ( 295.6179845495915401, -0.7445165387811799595, 220.7999761520401023 ) ) ;
#5680 = CARTESIAN_POINT ( 'NONE',  ( 0.000000000000000000, 6.360022959421542055, 205.8840378691750175 ) ) ;
#5681 = CARTESIAN_POINT ( 'NONE',  ( 386.6666666647022339, 5.886350116970718638, 359.8738835282833293 ) ) ;
#5682 = CARTESIAN_POINT ( 'NONE',  ( 324.8370945548289228, 4.944903034971241951, 224.5379831105946096 ) ) ;
#5683 = LINE ( 'NONE', #2861, #871 ) ;
#5684 = CARTESIAN_POINT ( 'NONE',  ( 193.3333333323509748, 0.5840579286484742783, 212.5287729211146939 ) ) ;
#5685 = CARTESIAN_POINT ( 'NONE',  ( 579.9999999970528961, 3.601999506163845677, 359.0013333867893266 ) ) ;
#5686 = CARTESIAN_POINT ( 'NONE',  ( 295.2370945548290706, 4.513889720626216295, 221.7358297774548817 ) ) ;
#5687 = CARTESIAN_POINT ( 'NONE',  ( 286.1270249153490681, -0.1576709047291494359, 219.7693344570401734 ) ) ;
#5688 = VECTOR ( 'NONE', #5340, 1000.000000000000000 ) ;
#5689 = EDGE_LOOP ( 'NONE', ( #2142, #5699, #2017, #602 ) ) ;
#5690 = CARTESIAN_POINT ( 'NONE',  ( 320.0370945548288546, -10.11046797849628476, 243.5756265077935439 ) ) ;
#5691 = CARTESIAN_POINT ( 'NONE',  ( 300.4176404265213023, 9.105647409579049167, 237.7880557610519645 ) ) ;
#5692 = CARTESIAN_POINT ( 'NONE',  ( 305.0370945548289683, -14.99920211923270585, 253.9923235135634911 ) ) ;
#5693 = ORIENTED_EDGE ( 'NONE', *, *, #6191, .F. ) ;
#5694 = CARTESIAN_POINT ( 'NONE',  ( 300.0370945548290251, -9.913738572575127250, 259.9181071095247830 ) ) ;
#5695 = CARTESIAN_POINT ( 'NONE',  ( 320.0370945548290251, -10.24085872735020608, 212.7627732365698421 ) ) ;
#5696 = CARTESIAN_POINT ( 'NONE',  ( 317.8370945548290933, 9.903712101858411998, 110.5050442647847291 ) ) ;
#5697 = CARTESIAN_POINT ( 'NONE',  ( 333.5044377421774584, -3.054881667386427130E-11, 221.9386095311470797 ) ) ;
#5698 = CARTESIAN_POINT ( 'NONE',  ( 319.0111990028186142, -10.34552151746762050, 264.4069360666574653 ) ) ;
#5699 = ORIENTED_EDGE ( 'NONE', *, *, #3184, .F. ) ;
#5700 = DIRECTION ( 'NONE',  ( 1.000000000000000000, -0.000000000000000000, 0.000000000000000000 ) ) ;
#5701 = EDGE_CURVE ( 'NONE', #2888, #4791, #1739, .T. ) ;
#5702 = LINE ( 'NONE', #894, #4175 ) ;
#5703 = EDGE_CURVE ( 'NONE', #2469, #3003, #882, .T. ) ;
#5704 = CARTESIAN_POINT ( 'NONE',  ( 314.8370945548289797, 3.303712024074804798, 108.7050436270565399 ) ) ;
#5705 = ORIENTED_EDGE ( 'NONE', *, *, #355, .T. ) ;
#5706 = CARTESIAN_POINT ( 'NONE',  ( 386.6666666647018928, -5.079293524304736351, 244.4817092322057874 ) ) ;
#5707 = CARTESIAN_POINT ( 'NONE',  ( 324.2454727188352877, -2.568933025387643454, 227.8754417065476616 ) ) ;
#5708 = ORIENTED_EDGE ( 'NONE', *, *, #2393, .F. ) ;
#5709 = CARTESIAN_POINT ( 'NONE',  ( 333.4266311686207587, 6.999877202979051027, 233.8517465355809009 ) ) ;
#5710 = CARTESIAN_POINT ( 'NONE',  ( 579.9999999970532372, 10.96949398281568300, 268.3083701022954415 ) ) ;
#5711 = CARTESIAN_POINT ( 'NONE',  ( 328.8048232828737696, 0.8190584810838997809, 223.1144782634574426 ) ) ;
#5712 = CARTESIAN_POINT ( 'NONE',  ( 193.3333333323510885, -2.727339546889202992, 423.3996006684712370 ) ) ;
#5713 = CARTESIAN_POINT ( 'NONE',  ( 296.2370945548290706, -5.193722696978042563, 104.0050425958546754 ) ) ;
#5714 = CARTESIAN_POINT ( 'NONE',  ( 324.8370945548289228, -0.8475215821855638376, 220.5550909412662861 ) ) ;
#5715 = CARTESIAN_POINT ( 'NONE',  ( 286.0647324406014604, -0.8050267280729566099, 220.2248735039078440 ) ) ;
#5716 = EDGE_CURVE ( 'NONE', #4967, #2043, #5751, .T. ) ;
#5717 = CARTESIAN_POINT ( 'NONE',  ( 579.9999999970528961, 7.980006272893821695, 252.7075933310317168 ) ) ;
#5718 = CARTESIAN_POINT ( 'NONE',  ( 579.9999999970526687, -3.946952243843884212, 401.3968860776002430 ) ) ;
#5719 = CARTESIAN_POINT ( 'NONE',  ( 324.8370945548291502, 6.506036656197774271, 227.1812317927985703 ) ) ;
#5720 = CARTESIAN_POINT ( 'NONE',  ( 332.7170944794912089, -2.860382467806537488, 225.7964411702693894 ) ) ;
#5721 = CARTESIAN_POINT ( 'NONE',  ( 193.3333333323509748, -3.397287876363841441E-11, 212.5133111311279777 ) ) ;
#5722 = CARTESIAN_POINT ( 'NONE',  ( 193.3333333323509748, -3.838522145386324969, 429.4299400882140958 ) ) ;
#5723 = CARTESIAN_POINT ( 'NONE',  ( 294.2006037087147661, 4.686456755045631084, 223.7793363600681289 ) ) ;
#5724 = CARTESIAN_POINT ( 'NONE',  ( 286.8552172662921294, -2.071222743770617214, 223.3373379238535961 ) ) ;
#5725 = EDGE_LOOP ( 'NONE', ( #1277, #407 ) ) ;
#5726 = CARTESIAN_POINT ( 'NONE',  ( 0.000000000000000000, -0.5139382740374544012, 199.4997056216937779 ) ) ;
#5727 = CARTESIAN_POINT ( 'NONE',  ( 286.0858664526914481, 10.20179975443688569, 240.9028277958555577 ) ) ;
#5728 = CIRCLE ( 'NONE', #1155, 0.9999999999999973355 ) ;
#5729 = FACE_OUTER_BOUND ( 'NONE', #6007, .T. ) ;
#5730 = ORIENTED_EDGE ( 'NONE', *, *, #707, .F. ) ;
#5731 = CARTESIAN_POINT ( 'NONE',  ( 319.0370945548290251, -10.19372269697804434, 139.4050437939080496 ) ) ;
#5732 = CARTESIAN_POINT ( 'NONE',  ( 295.9150832256911485, -5.147712204501801558, 236.4513382820852598 ) ) ;
#5733 = LINE ( 'NONE', #890, #1094 ) ;
#5734 = CARTESIAN_POINT ( 'NONE',  ( 313.2370945548290138, 7.303712137621197087, 128.5328006421047178 ) ) ;
#5735 = ORIENTED_EDGE ( 'NONE', *, *, #3751, .F. ) ;
#5736 = LINE ( 'NONE', #2326, #902 ) ;
#5737 = CARTESIAN_POINT ( 'NONE',  ( 320.0370945548294230, -5.193722696978042563, 239.3082256277351689 ) ) ;
#5738 = EDGE_CURVE ( 'NONE', #2086, #761, #142, .T. ) ;
#5739 = LINE ( 'NONE', #1782, #5807 ) ;
#5740 = ORIENTED_EDGE ( 'NONE', *, *, #7, .F. ) ;
#5741 = CARTESIAN_POINT ( 'NONE',  ( 319.0370945548290251, -10.19372269697804434, 139.4050437939082201 ) ) ;
#5742 = CARTESIAN_POINT ( 'NONE',  ( 328.8513966146210237, -5.092516509233005806, 257.5777800663034895 ) ) ;
#5743 = ORIENTED_EDGE ( 'NONE', *, *, #885, .F. ) ;
#5744 = CARTESIAN_POINT ( 'NONE',  ( 328.8285306076415395, 5.985382293131300990, 230.9580014449318810 ) ) ;
#5745 = CARTESIAN_POINT ( 'NONE',  ( 579.9999999970528961, 7.980006272893821695, 252.7075933310317168 ) ) ;
#5746 = EDGE_LOOP ( 'NONE', ( #632, #994, #4897, #5305 ) ) ;
#5747 = CARTESIAN_POINT ( 'NONE',  ( 319.6042994170479119, 0.1391664713793191177, 222.0436119020731383 ) ) ;
#5748 = CARTESIAN_POINT ( 'NONE',  ( 193.3333333323511170, -5.787028705682168983, 439.6978874405062356 ) ) ;
#5749 = CARTESIAN_POINT ( 'NONE',  ( 325.4140284669918515, 11.04115280003793664, 243.5172213573176236 ) ) ;
#5750 = CARTESIAN_POINT ( 'NONE',  ( 324.8370945548292070, 2.746657293275048151, 221.9291962320965297 ) ) ;
#5751 = CIRCLE ( 'NONE', #4848, 1.000000000000000000 ) ;
#5752 = CARTESIAN_POINT ( 'NONE',  ( 579.9999999970531235, 2.661510109830854454, 240.4789931181246629 ) ) ;
#5753 = CARTESIAN_POINT ( 'NONE',  ( 579.9999999970530098, -2.772280013143109123, 395.1761131678124457 ) ) ;
#5754 = CARTESIAN_POINT ( 'NONE',  ( 324.8370945548288660, 0.5434547939762913726, 220.4887971563580606 ) ) ;
#5755 = CARTESIAN_POINT ( 'NONE',  ( 295.4614934347799249, 11.44559066672185033, 240.9093378755611923 ) ) ;
#5756 = CARTESIAN_POINT ( 'NONE',  ( 301.7332396880087799, -13.58947646552306665, 264.4069360666574653 ) ) ;
#5757 = CARTESIAN_POINT ( 'NONE',  ( 0.000000000000000000, 9.913730116561376704, 364.5373084075129100 ) ) ;
#5758 = CARTESIAN_POINT ( 'NONE',  ( 295.2370945548290706, 10.10681901342543831, 233.7261398029423560 ) ) ;
#5759 = CARTESIAN_POINT ( 'NONE',  ( 323.8370945548290365, 10.80627730302193612, 105.0050425958546754 ) ) ;
#5760 = EDGE_CURVE ( 'NONE', #436, #5496, #4347, .T. ) ;
#5761 = EDGE_LOOP ( 'NONE', ( #6092, #6054, #3796, #3876 ) ) ;
#5762 = CARTESIAN_POINT ( 'NONE',  ( 320.0370945548290820, -10.24044952299379041, 191.4908982340530770 ) ) ;
#5763 = CARTESIAN_POINT ( 'NONE',  ( 300.4071690001665615, 4.981554013956887239, 226.7696974565817243 ) ) ;
#5764 = CARTESIAN_POINT ( 'NONE',  ( 324.8283697947942414, -4.339504247117896618, 227.3788123456783694 ) ) ;
#5765 = ORIENTED_EDGE ( 'NONE', *, *, #6173, .T. ) ;
#5766 = CARTESIAN_POINT ( 'NONE',  ( 301.6154418026031863, -13.85312236120590867, 120.0412890714743668 ) ) ;
#5767 = CARTESIAN_POINT ( 'NONE',  ( 295.6104529023231748, -4.981422237354904858, 232.7417558039664129 ) ) ;
#5768 = CARTESIAN_POINT ( 'NONE',  ( 317.0607703742323338, -14.77374404034267208, 125.2780948081512236 ) ) ;
#5769 = CARTESIAN_POINT ( 'NONE',  ( 301.1662158205314768, -10.86383955365715792, 264.4069360666574653 ) ) ;
#5770 = ORIENTED_EDGE ( 'NONE', *, *, #1688, .T. ) ;
#5771 = CIRCLE ( 'NONE', #2200, 1.000000000000000888 ) ;
#5772 = DIRECTION ( 'NONE',  ( -0.000000000000000000, -1.000000000000000000, -0.000000000000000000 ) ) ;
#5773 = LINE ( 'NONE', #2399, #3887 ) ;
#5774 = CARTESIAN_POINT ( 'NONE',  ( 324.8370945548293207, -2.829840557126678036, 222.4511443935037391 ) ) ;
#5775 = VERTEX_POINT ( 'NONE', #2758 ) ;
#5776 = CARTESIAN_POINT ( 'NONE',  ( 193.3333333323509748, -3.397287876363841441E-11, 212.5133111311279777 ) ) ;
#5777 = ADVANCED_FACE ( 'NONE', ( #4375 ), #519, .F. ) ;
#5778 = CARTESIAN_POINT ( 'NONE',  ( 294.2125318883456657, -2.581799917168312586, 222.3020650051861367 ) ) ;
#5779 = EDGE_CURVE ( 'NONE', #4322, #5496, #2093, .T. ) ;
#5780 = CARTESIAN_POINT ( 'NONE',  ( 296.1307720259283656, -4.727184268685530100, 243.7817210190646620 ) ) ;
#5781 = CARTESIAN_POINT ( 'NONE',  ( 328.8247666415690560, 4.792228137193580650, 228.4198780403695537 ) ) ;
#5782 = CARTESIAN_POINT ( 'NONE',  ( 386.6666666647022339, -5.113126307511020485, 421.1293184417577891 ) ) ;
#5783 = ORIENTED_EDGE ( 'NONE', *, *, #1660, .F. ) ;
#5784 = CARTESIAN_POINT ( 'NONE',  ( 328.8151021442275237, -0.7334267748330208780, 223.0466713495167994 ) ) ;
#5785 = CARTESIAN_POINT ( 'NONE',  ( 386.6666666647018928, -5.634577376048333974, 393.4924128655397340 ) ) ;
#5786 = PLANE ( 'NONE',  #96 ) ;
#5787 = CARTESIAN_POINT ( 'NONE',  ( 325.7830878880977252, 1.194113673516234320, 221.9319008803533393 ) ) ;
#5788 = CARTESIAN_POINT ( 'NONE',  ( 386.6666666647018928, 4.808815755796423730, 230.3302200179761314 ) ) ;
#5789 = EDGE_CURVE ( 'NONE', #3802, #159, #1979, .T. ) ;
#5790 = CARTESIAN_POINT ( 'NONE',  ( 193.3333333323510317, 16.73177006838016467, 291.1673851077070481 ) ) ;
#5791 = AXIS2_PLACEMENT_3D ( 'NONE', #1921, #5700, #3877 ) ;
#5792 = CARTESIAN_POINT ( 'NONE',  ( 295.2370945548291274, 10.90752589010928553, 236.7371597496968718 ) ) ;
#5793 = CARTESIAN_POINT ( 'NONE',  ( 304.7069260115287648, -14.82264814109834816, 264.4069360666574084 ) ) ;
#5794 = CARTESIAN_POINT ( 'NONE',  ( 0.000000000000000000, 1.712573641261867508, 412.3034159109438406 ) ) ;
#5795 = CARTESIAN_POINT ( 'NONE',  ( 295.2370945548289001, 4.869097022306497990, 222.2328615180757652 ) ) ;
#5796 = DIRECTION ( 'NONE',  ( 0.000000000000000000, 0.000000000000000000, 1.000000000000000000 ) ) ;
#5797 = EDGE_LOOP ( 'NONE', ( #5435, #1232, #1540, #2705 ) ) ;
#5798 = CARTESIAN_POINT ( 'NONE',  ( 386.6666666647018928, -3.915872789727388614, 234.1898982628685246 ) ) ;
#5799 = CARTESIAN_POINT ( 'NONE',  ( 290.8325690077347758, 1.149998417791399330, 220.8199125894287249 ) ) ;
#5800 = ORIENTED_EDGE ( 'NONE', *, *, #4060, .T. ) ;
#5801 = CARTESIAN_POINT ( 'NONE',  ( 325.8191203261349074, -3.380063477517563975, 227.0603092938897589 ) ) ;
#5802 = ORIENTED_EDGE ( 'NONE', *, *, #4525, .F. ) ;
#5803 = CARTESIAN_POINT ( 'NONE',  ( 305.0370945548290251, -15.22726972261065903, 181.3178073310226068 ) ) ;
#5804 = CARTESIAN_POINT ( 'NONE',  ( 294.8214000227854399, -4.640606135384762965, 231.7723817537481068 ) ) ;
#5805 = VECTOR ( 'NONE', #261, 1000.000000000000000 ) ;
#5806 = CARTESIAN_POINT ( 'NONE',  ( 320.0370945548290820, -10.49840345589738710, 112.2311494902195506 ) ) ;
#5807 = VECTOR ( 'NONE', #932, 1000.000000000000000 ) ;
#5808 = CARTESIAN_POINT ( 'NONE',  ( 294.2155801469073140, -3.087082936125226773, 223.7505393571366596 ) ) ;
#5809 = ORIENTED_EDGE ( 'NONE', *, *, #3146, .F. ) ;
#5810 = CARTESIAN_POINT ( 'NONE',  ( 301.0370945548290251, -5.193722696978042563, 237.4067498896198458 ) ) ;
#5811 = LINE ( 'NONE', #2462, #5078 ) ;
#5812 = CARTESIAN_POINT ( 'NONE',  ( 332.6514050607457307, 3.283067897817830705, 226.1183067783235856 ) ) ;
#5813 = ORIENTED_EDGE ( 'NONE', *, *, #3646, .T. ) ;
#5814 = FACE_OUTER_BOUND ( 'NONE', #1506, .T. ) ;
#5815 = CARTESIAN_POINT ( 'NONE',  ( 294.2120690611038185, -2.476769731296450949, 222.0243095691889152 ) ) ;
#5816 = CARTESIAN_POINT ( 'NONE',  ( 298.4370945804520829, -6.412631397002731326, 264.4069360666574653 ) ) ;
#5817 = CARTESIAN_POINT ( 'NONE',  ( 328.8068476933485158, 1.254742309955440893, 223.4826009727144651 ) ) ;
#5818 = CARTESIAN_POINT ( 'NONE',  ( 579.9999999970527824, -1.068975656530539498, 385.7314532393304489 ) ) ;
#5819 = ORIENTED_EDGE ( 'NONE', *, *, #4183, .F. ) ;
#5820 = CARTESIAN_POINT ( 'NONE',  ( 328.8173348172686019, -0.7789672780359566673, 223.1097952847010220 ) ) ;
#5821 = CARTESIAN_POINT ( 'NONE',  ( 579.9999999970526687, -5.051091561309488220, 323.0149168784112135 ) ) ;
#5822 = CARTESIAN_POINT ( 'NONE',  ( 296.2182249896129633, 11.82809955277238778, 244.4677794392362102 ) ) ;
#5823 = FACE_OUTER_BOUND ( 'NONE', #3190, .T. ) ;
#5824 = ADVANCED_FACE ( 'NONE', ( #3416 ), #5982, .F. ) ;
#5825 = B_SPLINE_CURVE_WITH_KNOTS ( 'NONE', 3,
 ( #5331, #100, #2904, #4445 ),
 .UNSPECIFIED., .F., .F.,
 ( 4, 4 ),
 ( 0.004824758663118086655, 0.02291454054008874516 ),
 .UNSPECIFIED. ) ;
#5826 = CARTESIAN_POINT ( 'NONE',  ( 579.9999999970530098, -4.725788449733828500, 379.3994230421292855 ) ) ;
#5827 = VECTOR ( 'NONE', #2577, 1000.000000000000000 ) ;
#5828 = CARTESIAN_POINT ( 'NONE',  ( 301.0370945548290820, -9.913738572612011524, 259.9181071093615287 ) ) ;
#5829 = CARTESIAN_POINT ( 'NONE',  ( 296.2370945548289569, 3.303712137621199307, 118.7115227970842426 ) ) ;
#5830 = CARTESIAN_POINT ( 'NONE',  ( 193.3333333323509748, 12.29171122513588976, 334.7391500830804603 ) ) ;
#5831 = FACE_OUTER_BOUND ( 'NONE', #2772, .T. ) ;
#5832 = CARTESIAN_POINT ( 'NONE',  ( 286.3715875717022641, 1.655696605564766166, 220.9676447724289119 ) ) ;
#5833 = EDGE_CURVE ( 'NONE', #4909, #2974, #1819, .T. ) ;
#5834 = ORIENTED_EDGE ( 'NONE', *, *, #5716, .T. ) ;
#5835 = CARTESIAN_POINT ( 'NONE',  ( 386.6666666647022339, -5.483459774955862009, 251.0186217847534920 ) ) ;
#5836 = CARTESIAN_POINT ( 'NONE',  ( 290.8380216159713427, 2.145267451914144807, 221.7775980148377073 ) ) ;
#5837 = ORIENTED_EDGE ( 'NONE', *, *, #1701, .F. ) ;
#5838 = CARTESIAN_POINT ( 'NONE',  ( 324.9608955294048087, -4.318968143250303093, 232.0176965441446271 ) ) ;
#5839 = ORIENTED_EDGE ( 'NONE', *, *, #4891, .F. ) ;
#5840 = DIRECTION ( 'NONE',  ( 1.000000000000000000, 0.000000000000000000, 0.000000000000000000 ) ) ;
#5841 = DIRECTION ( 'NONE',  ( 0.000000000000000000, 5.551115123125782702E-15, -1.000000000000000000 ) ) ;
#5842 = VECTOR ( 'NONE', #5030, 1000.000000000000000 ) ;
#5843 = CARTESIAN_POINT ( 'NONE',  ( 319.4766048528937858, -12.50266418517793632, 115.8036771978052712 ) ) ;
#5844 = CARTESIAN_POINT ( 'NONE',  ( 317.8370945548289797, 9.903712101858411998, 0.000000000000000000 ) ) ;
#5845 = ORIENTED_EDGE ( 'NONE', *, *, #5168, .T. ) ;
#5846 = VECTOR ( 'NONE', #2914, 1000.000000000000000 ) ;
#5847 = CARTESIAN_POINT ( 'NONE',  ( 300.0370945548290251, -15.19372269697804434, 139.4050437939080211 ) ) ;
#5848 = B_SPLINE_CURVE_WITH_KNOTS ( 'NONE', 3,
 ( #6090, #4155, #5071, #760, #3675, #1183, #6121, #4218, #5161, #3189, #791, #313, #282, #4597, #5637, #2260, #1275, #4689, #4128, #5192, #2706, #2227, #2292, #2737 ),
 .UNSPECIFIED., .F., .F.,
 ( 4, 2, 2, 2, 2, 2, 2, 2, 2, 2, 2, 4 ),
 ( 0.000000000000000000, 0.001473281186784744469, 0.002946562373569488937, 0.005893124747138944915, 0.007366405933923696539, 0.008839687120708449031, 0.009576327714100824409, 0.01031296830749320152, 0.01068128860418939008, 0.01104960890088557864, 0.01141792919758176719, 0.01178624949427795575 ),
 .UNSPECIFIED. ) ;
#5849 = LINE ( 'NONE', #931, #6099 ) ;
#5850 = CARTESIAN_POINT ( 'NONE',  ( 332.7078017999033932, -1.819527635692014478, 225.8419735257556340 ) ) ;
#5851 = PLANE ( 'NONE',  #647 ) ;
#5852 = CARTESIAN_POINT ( 'NONE',  ( 287.0574453893952409, -3.403821751157151798, 224.3282171103545295 ) ) ;
#5853 = CARTESIAN_POINT ( 'NONE',  ( 301.0370945548290251, -5.193722696977875586, 109.4050437939080922 ) ) ;
#5854 = CARTESIAN_POINT ( 'NONE',  ( 386.6666666647020634, 1.294877575380734891, 386.4039895251283951 ) ) ;
#5855 = CARTESIAN_POINT ( 'NONE',  ( 300.4049047693217744, -0.9305327784325445606, 221.3851078866358648 ) ) ;
#5856 = ORIENTED_EDGE ( 'NONE', *, *, #4282, .F. ) ;
#5857 = CARTESIAN_POINT ( 'NONE',  ( 328.7902413936956236, -0.04078708527562455860, 222.6235291758424921 ) ) ;
#5858 = CARTESIAN_POINT ( 'NONE',  ( 579.9999999970532372, -4.994062015816076006, 331.9402949731788794 ) ) ;
#5859 = CARTESIAN_POINT ( 'NONE',  ( 328.0223295450496721, -1.167288283882144340, 223.7958288520233623 ) ) ;
#5860 = DIRECTION ( 'NONE',  ( 1.000000000000000000, 1.734723475976796001E-16, 0.000000000000000000 ) ) ;
#5861 = CARTESIAN_POINT ( 'NONE',  ( 193.3333333323509464, -6.422087301610666543, 423.0834801110592025 ) ) ;
#5862 = CARTESIAN_POINT ( 'NONE',  ( 301.0370945548293093, -10.20390390573183659, 160.3643927266630556 ) ) ;
#5863 = B_SPLINE_SURFACE_WITH_KNOTS ( 'NONE', 3, 3, ( 
 ( #3961, #2542, #1977, #5864 ),
 ( #2928, #1944, #4497, #1467 ),
 ( #2478, #2068, #5895, #4874 ),
 ( #4932, #1530, #3474, #2993 ),
 ( #4020, #5955, #499, #2510 ),
 ( #4467, #1500, #2450, #3443 ),
 ( #2036, #3990, #5925, #1559 ),
 ( #3506, #2683, #3085, #2574 ),
 ( #5504, #1619, #1137, #2207 ),
 ( #709, #3654, #5080, #5588 ),
 ( #4164, #3167, #4635, #5023 ),
 ( #656, #1698, #5986, #1191 ),
 ( #737, #4577, #1163, #4553 ),
 ( #1642, #2652, #3053, #2094 ),
 ( #1223, #6101, #234, #3566 ),
 ( #4605, #5616, #2120, #3594 ),
 ( #1672, #4995, #3625, #2176 ),
 ( #4527, #1732, #6043, #2599 ),
 ( #154, #4134, #5531, #5049 ),
 ( #5560, #5107, #627, #6071 ),
 ( #4049, #3138, #262, #3683 ),
 ( #181, #4076, #6014, #2148 ),
 ( #3111, #682, #2625, #204 ),
 ( #4106, #293, #2748, #1391 ),
 ( #390, #2238, #3817, #4228 ),
 ( #3295, #1861, #2817, #2373 ),
 ( #2853, #5646, #3197, #3332 ),
 ( #6229, #4196, #5712, #1284 ),
 ( #2781, #5676, #4699, #1790 ),
 ( #5242, #1253, #6130, #3228 ),
 ( #4333, #4764, #1759, #2339 ),
 ( #4296, #3713, #5748, #5171 ),
 ( #325, #2272, #1898, #802 ),
 ( #5277, #1826, #905, #6161 ),
 ( #3744, #4799, #426, #1316 ),
 ( #3259, #868, #5203, #6266 ),
 ( #3854, #5138, #834, #4730 ),
 ( #4667, #768, #357, #2716 ),
 ( #2302, #4259, #6194, #3780 ),
 ( #1353, #5785, #3406, #1425 ),
 ( #2923, #4834, #4869, #2411 ),
 ( #4491, #2505, #4927, #2444 ),
 ( #1007, #3438, #1552, #4431 ),
 ( #3469, #2062, #5379, #3984 ),
 ( #556, #523, #4367, #2954 ),
 ( #5858, #5346, #4899, #3500 ),
 ( #5821, #5408, #1460, #1970 ),
 ( #5438, #1935, #1039, #88 ),
 ( #3369, #2986, #1999, #5313 ),
 ( #2472, #4399, #1070, #3925 ),
 ( #29, #3956, #3016, #942 ),
 ( #2030, #1495, #2536, #2890 ),
 ( #5920, #462, #119, #4956 ),
 ( #6302, #3890, #61, #975 ),
 ( #494, #4461, #5890, #1525 ),
 ( #589, #5583, #1132, #3046 ),
 ( #622, #2567, #3108, #1695 ),
 ( #3079, #3559, #4521, #258 ),
 ( #4989, #5556, #176, #6067 ),
 ( #148, #6009, #4102, #5044 ),
 ( #1639, #2117, #3650, #230 ),
 ( #1218, #3621, #4043, #1668 ),
 ( #4072, #2088, #3163, #5979 ) ),
 .UNSPECIFIED., .T., .F., .F.,
 ( 4, 1, 1, 1, 1, 1, 1, 1, 1, 1, 1, 1, 1, 1, 1, 1, 1, 1, 1, 1, 1, 1, 1, 1, 1, 1, 1, 1, 1, 1, 1, 1, 1, 1, 1, 1, 1, 1, 1, 1, 1, 1, 1, 1, 1, 1, 1, 1, 1, 1, 1, 1, 1, 1, 1, 1, 1, 1, 1, 1, 4 ),
 ( 4, 4 ),
 ( 0.000000000000000000, 0.003860322318652631424, 0.009394797800600040993, 0.01667682966515771081, 0.02574601821153910119, 0.03660292795654351838, 0.04920899649386034636, 0.06349082326102040152, 0.07934674930367069390, 0.09664596362268917940, 0.1152362930771427818, 0.1349489434337972638, 0.1556634120433916246, 0.1773331524001592330, 0.1998829210885900709, 0.2232120323077090296, 0.2472101962221454619, 0.2717419340733749911, 0.2965571596970338897, 0.3213261058738797749, 0.3457060309687295385, 0.3693717206835468447, 0.3919905574059651121, 0.4132492025566901761, 0.4328580350888563411, 0.4505322894011315471, 0.4660166644726876362, 0.4791302729403160710, 0.4897712402210446792, 0.4977451439687686774, 0.5027415987227935590, 0.5044506879271154487, 0.5061687141980233395, 0.5111726415984217953, 0.5191493344995530279, 0.5297856188872963612, 0.5429192827985859227, 0.5584900536828429907, 0.5763877949385057819, 0.5963681263741105187, 0.6181950463317675837, 0.6415931759684508906, 0.6662720753110366045, 0.6919362323365962908, 0.7182704540732928189, 0.7449493915174514314, 0.7716573823196638537, 0.7980689496398100102, 0.8238682316128342897, 0.8487443405748122949, 0.8724112732714405238, 0.8945985341559141713, 0.9150565674164555796, 0.9335822461452389920, 0.9499859994824328968, 0.9641230260458010237, 0.9759079492932850597, 0.9852880743758861692, 0.9922841994269310240, 0.9970173798615488137, 1.000000000000000000 ),
 ( 0.000000000000000000, 1.000000000000000000 ),
 .UNSPECIFIED. ) ;
#5864 = CARTESIAN_POINT ( 'NONE',  ( 0.000000000000000000, -3.869566342698527173E-11, 199.5133111311278071 ) ) ;
#5865 = CARTESIAN_POINT ( 'NONE',  ( 386.6666666647018360, -5.176508820950278533, 419.6790967410228177 ) ) ;
#5866 = CARTESIAN_POINT ( 'NONE',  ( 295.5588889623012392, 11.54333190497309758, 241.7630371544804575 ) ) ;
#5867 = ADVANCED_FACE ( 'NONE', ( #3113 ), #1734, .T. ) ;
#5868 = ORIENTED_EDGE ( 'NONE', *, *, #4580, .T. ) ;
#5869 = CARTESIAN_POINT ( 'NONE',  ( 295.6121599691085180, 1.488629972545516100, 221.4501213113499318 ) ) ;
#5870 = EDGE_LOOP ( 'NONE', ( #374, #1384, #4532, #2216 ) ) ;
#5871 = CARTESIAN_POINT ( 'NONE',  ( 324.4890573602407358, -5.086911077253122748, 238.5698502474469649 ) ) ;
#5872 = CARTESIAN_POINT ( 'NONE',  ( 300.0370945548290251, -15.19372269697804434, 139.4050437939080496 ) ) ;
#5873 = PLANE ( 'NONE',  #2673 ) ;
#5874 =( NAMED_UNIT ( * ) SI_UNIT ( $, .STERADIAN. ) SOLID_ANGLE_UNIT ( ) );
#5875 = DIRECTION ( 'NONE',  ( 0.000000000000000000, -0.9601118963159775976, 0.2796160699111149839 ) ) ;
#5876 = EDGE_LOOP ( 'NONE', ( #4344, #3177, #6157, #2908, #1693, #4440 ) ) ;
#5877 = CARTESIAN_POINT ( 'NONE',  ( 323.8286282028672076, -5.197203401353557517, 239.7779621052477808 ) ) ;
#5878 = CARTESIAN_POINT ( 'NONE',  ( 317.8370945548289797, -3.296287826616013827, 106.0050442647847433 ) ) ;
#5879 = MECHANICAL_DESIGN_GEOMETRIC_PRESENTATION_REPRESENTATION (  '', ( #5473 ), #3120 ) ;
#5880 = FACE_OUTER_BOUND ( 'NONE', #5746, .T. ) ;
#5881 = CARTESIAN_POINT ( 'NONE',  ( 314.8370945548289797, 3.306277303021957881, 137.7050419661089222 ) ) ;
#5882 = EDGE_CURVE ( 'NONE', #1130, #3161, #1700, .T. ) ;
#5883 = CARTESIAN_POINT ( 'NONE',  ( 294.4356297389011274, -6.364070158650756426, 260.4799115132473730 ) ) ;
#5884 = CARTESIAN_POINT ( 'NONE',  ( 295.4324269490222719, 9.888624028884095196, 240.3599634955136253 ) ) ;
#5885 = CARTESIAN_POINT ( 'NONE',  ( 579.9999999970532372, 4.936953304096522999, 351.2031543540123835 ) ) ;
#5886 = CARTESIAN_POINT ( 'NONE',  ( 295.6444848691746756, -2.576875135353525081, 225.7692069540631508 ) ) ;
#5887 = ADVANCED_FACE ( 'NONE', ( #1193 ), #2517, .F. ) ;
#5888 = VERTEX_POINT ( 'NONE', #4401 ) ;
#5889 = CARTESIAN_POINT ( 'NONE',  ( 319.6007212991048618, -0.1119574294209142173, 222.0116230675472480 ) ) ;
#5890 = CARTESIAN_POINT ( 'NONE',  ( 193.3333333323510885, -6.367875266799881473, 242.1323187556666028 ) ) ;
#5891 = CARTESIAN_POINT ( 'NONE',  ( 326.4528416751474538, 6.281106348621850799, 231.4860197111803473 ) ) ;
#5892 = CARTESIAN_POINT ( 'NONE',  ( 325.7979572675189388, -1.618532838791533868, 222.3533919907694099 ) ) ;
#5893 = CARTESIAN_POINT ( 'NONE',  ( 0.000000000000000000, -6.223998622485594545, 456.3664685701571671 ) ) ;
#5894 = CARTESIAN_POINT ( 'NONE',  ( 301.0370945548290820, -13.80569593164800146, 265.2386523979801609 ) ) ;
#5895 = CARTESIAN_POINT ( 'NONE',  ( 193.3333333323510317, 1.893688306988295489, 213.4642146367242788 ) ) ;
#5896 = CARTESIAN_POINT ( 'NONE',  ( 193.3333333323508896, -5.464983162938358063, 438.0432744059715446 ) ) ;
#5897 = CARTESIAN_POINT ( 'NONE',  ( 295.2859441161534164, 11.60856471716912708, 243.3643657742966866 ) ) ;
#5898 = CARTESIAN_POINT ( 'NONE',  ( 310.0370945548540931, -13.82245167504189176, 264.4069360666575221 ) ) ;
#5899 = CARTESIAN_POINT ( 'NONE',  ( 295.6036972539379803, 0.3442530214697238078, 220.5291110121751501 ) ) ;
#5900 = ORIENTED_EDGE ( 'NONE', *, *, #778, .F. ) ;
#5901 = CARTESIAN_POINT ( 'NONE',  ( 324.7413345418337371, -4.767619536627089261, 235.4052878250811602 ) ) ;
#5902 = CYLINDRICAL_SURFACE ( 'NONE', #642, 0.9999998945584148702 ) ;
#5903 = CARTESIAN_POINT ( 'NONE',  ( 295.2370945548291274, -4.193722696978045228, 223.9740446929218649 ) ) ;
#5904 =( LENGTH_UNIT ( ) NAMED_UNIT ( * ) SI_UNIT ( .MILLI., .METRE. ) );
#5905 = CARTESIAN_POINT ( 'NONE',  ( 294.1839902458647771, 1.329948386063692922, 219.8973927615469108 ) ) ;
#5906 = ORIENTED_EDGE ( 'NONE', *, *, #5413, .F. ) ;
#5907 = CARTESIAN_POINT ( 'NONE',  ( 295.6557871885925124, -5.273188347592885350, 256.9840216666565311 ) ) ;
#5908 = CARTESIAN_POINT ( 'NONE',  ( 315.0370945548289683, -15.24118926116551087, 212.3242776122793600 ) ) ;
#5909 = CARTESIAN_POINT ( 'NONE',  ( 333.2418823851622847, 0.5770642307758100387, 223.2250806439608084 ) ) ;
#5910 = CARTESIAN_POINT ( 'NONE',  ( 333.1111258850763193, 2.780726486664667707, 223.8657625256250583 ) ) ;
#5911 = AXIS2_PLACEMENT_3D ( 'NONE', #4310, #850, #1951 ) ;
#5912 = EDGE_CURVE ( 'NONE', #3902, #3767, #1904, .T. ) ;
#5913 = DIRECTION ( 'NONE',  ( 0.000000000000000000, -1.000000000000000000, 0.000000000000000000 ) ) ;
#5914 = CARTESIAN_POINT ( 'NONE',  ( 293.4117109483916011, 6.846905051579824431, 230.4588409605738093 ) ) ;
#5915 = ADVANCED_FACE ( 'NONE', ( #5823 ), #4433, .T. ) ;
#5916 = CARTESIAN_POINT ( 'NONE',  ( 193.3333333323510885, -4.759549676635348447, 434.1261621060937728 ) ) ;
#5917 = CARTESIAN_POINT ( 'NONE',  ( 300.4279866257768958, -3.530380220232942623, 231.3875030005436315 ) ) ;
#5918 = ORIENTED_EDGE ( 'NONE', *, *, #3395, .T. ) ;
#5919 = CARTESIAN_POINT ( 'NONE',  ( 328.8052329510569507, -0.5446155270040295981, 222.8502221964982937 ) ) ;
#5920 = CARTESIAN_POINT ( 'NONE',  ( 579.9999999970528961, -5.011717794592429165, 272.9486295801441429 ) ) ;
#5921 = CARTESIAN_POINT ( 'NONE',  ( 323.3183953910208288, 10.83633971964584397, 246.8442079616016258 ) ) ;
#5922 = CARTESIAN_POINT ( 'NONE',  ( 305.0370945548289683, -14.19372269697804789, 139.4050437939080211 ) ) ;
#5923 = CARTESIAN_POINT ( 'NONE',  ( 386.6666666647018928, -5.720178202154572844, 376.8193992500837339 ) ) ;
#5924 = CARTESIAN_POINT ( 'NONE',  ( 301.0370945548290251, -14.19372269697804256, 149.8822319968273860 ) ) ;
#5925 = CARTESIAN_POINT ( 'NONE',  ( 193.3333333323510317, 9.316921043030340854, 226.5755206670815198 ) ) ;
#5926 = CARTESIAN_POINT ( 'NONE',  ( 386.6666666647020634, -5.769646836630459852, 367.4881854869412336 ) ) ;
#5927 = CARTESIAN_POINT ( 'NONE',  ( 295.6302236191351085, 11.74444216202012470, 244.0216134553157588 ) ) ;
#5928 = CARTESIAN_POINT ( 'NONE',  ( 295.6072792742102706, 0.5894767251177327472, 220.6927597333587698 ) ) ;
#5929 = ORIENTED_EDGE ( 'NONE', *, *, #594, .T. ) ;
#5930 = CARTESIAN_POINT ( 'NONE',  ( 301.0370945548289683, -10.19372269697804612, 149.8222185597548730 ) ) ;
#5931 = CARTESIAN_POINT ( 'NONE',  ( 296.2282391183236427, -5.197848171647334148, 237.0248164469791163 ) ) ;
#5932 = CARTESIAN_POINT ( 'NONE',  ( 295.5840114843257425, -5.093508823733148283, 235.8542862476650726 ) ) ;
#5933 = CARTESIAN_POINT ( 'NONE',  ( 295.2370945548291274, -0.5703198633562976960, 218.3367432460021007 ) ) ;
#5934 = CARTESIAN_POINT ( 'NONE',  ( 317.8370945548289797, 0.000000000000000000, 139.4050437939080496 ) ) ;
#5935 = ORIENTED_EDGE ( 'NONE', *, *, #3751, .T. ) ;
#5936 = CARTESIAN_POINT ( 'NONE',  ( 290.8781323809977266, -5.392134994055743036, 260.8191562573861120 ) ) ;
#5937 = DIRECTION ( 'NONE',  ( 0.000000000000000000, 0.000000000000000000, -1.000000000000000000 ) ) ;
#5938 = CARTESIAN_POINT ( 'NONE',  ( 333.0567100747054496, -1.161159892403290650, 224.1323896054056206 ) ) ;
#5939 = CARTESIAN_POINT ( 'NONE',  ( 331.4890001314740289, 7.345168218085391665, 231.8138689633838680 ) ) ;
#5940 = CARTESIAN_POINT ( 'NONE',  ( 295.2370945548289001, -3.075052497639768401, 220.8177536430136456 ) ) ;
#5941 = CARTESIAN_POINT ( 'NONE',  ( 292.8784519995526239, 5.760718811510641579, 227.8459739403386948 ) ) ;
#5942 = EDGE_CURVE ( 'NONE', #813, #4501, #496, .T. ) ;
#5943 = CARTESIAN_POINT ( 'NONE',  ( 386.6666666647020634, -5.825792322916422350, 357.6445870762517529 ) ) ;
#5944 = CARTESIAN_POINT ( 'NONE',  ( 300.4223274310445504, -2.563725462654789844, 226.0677180470859753 ) ) ;
#5945 = ORIENTED_EDGE ( 'NONE', *, *, #4421, .T. ) ;
#5946 = VECTOR ( 'NONE', #1650, 1000.000000000000000 ) ;
#5947 = CARTESIAN_POINT ( 'NONE',  ( 319.6312402200354086, -0.8826960444989024879, 222.6260477849652943 ) ) ;
#5948 = CARTESIAN_POINT ( 'NONE',  ( 305.0370945548290251, -10.19372269697804434, 139.4050437939080496 ) ) ;
#5949 = CARTESIAN_POINT ( 'NONE',  ( 327.0097755676312659, -2.728215138295216224, 228.7571499879628902 ) ) ;
#5950 = CARTESIAN_POINT ( 'NONE',  ( 324.8370945548464874, -2.500514733061576678, 224.2363782105351504 ) ) ;
#5951 = B_SPLINE_CURVE_WITH_KNOTS ( 'NONE', 3,
 ( #3523, #4514, #5816, #5342 ),
 .UNSPECIFIED., .F., .F.,
 ( 4, 4 ),
 ( -0.01480023012165327702, -0.01000015564980505367 ),
 .UNSPECIFIED. ) ;
#5952 = AXIS2_PLACEMENT_3D ( 'NONE', #665, #5116, #4173 ) ;
#5953 = CARTESIAN_POINT ( 'NONE',  ( 0.000000000000000000, -6.846324879718627798, 456.3122647871372806 ) ) ;
#5954 = CARTESIAN_POINT ( 'NONE',  ( 301.0370945548290820, -9.806533226535782077, 265.1568131773122445 ) ) ;
#5955 = CARTESIAN_POINT ( 'NONE',  ( 386.6666666647018928, 4.808815755796423730, 230.3302200179761314 ) ) ;
#5956 = CARTESIAN_POINT ( 'NONE',  ( 579.9999999970532372, -4.994062015816076006, 331.9402949731788794 ) ) ;
#5957 = CARTESIAN_POINT ( 'NONE',  ( 295.2530134412456846, 11.00996247606987843, 237.4755476762205433 ) ) ;
#5958 = CARTESIAN_POINT ( 'NONE',  ( 286.0400047006742739, 0.03122514680117356722, 219.7549635943613850 ) ) ;
#5959 = VERTEX_POINT ( 'NONE', #3471 ) ;
#5960 = CARTESIAN_POINT ( 'NONE',  ( 324.0129976320018272, -5.180366284458526316, 239.5955254127686089 ) ) ;
#5961 = CARTESIAN_POINT ( 'NONE',  ( 300.0370945548290251, -13.18041605541051808, 109.4050437939080638 ) ) ;
#5962 = LINE ( 'NONE', #5511, #4924 ) ;
#5963 = CARTESIAN_POINT ( 'NONE',  ( 295.2370945548291274, 2.447186403203812866, 219.5233534007578839 ) ) ;
#5964 = CARTESIAN_POINT ( 'NONE',  ( 294.2137357326619167, 9.374298338252749829, 234.7002510366610011 ) ) ;
#5965 = EDGE_LOOP ( 'NONE', ( #3383, #6065, #2455, #973 ) ) ;
#5966 = AXIS2_PLACEMENT_3D ( 'NONE', #6110, #3148, #5033 ) ;
#5967 = CARTESIAN_POINT ( 'NONE',  ( 300.4220728134815772, 11.70052899248444866, 249.3852018256358463 ) ) ;
#5968 = DIRECTION ( 'NONE',  ( 1.000000000000000000, -0.000000000000000000, -0.000000000000000000 ) ) ;
#5969 = CARTESIAN_POINT ( 'NONE',  ( 321.6370945828110735, -6.283042965788110834, 264.4069360666574653 ) ) ;
#5970 = CARTESIAN_POINT ( 'NONE',  ( 332.8789697015276943, 3.715937422257790779, 225.0032834933603851 ) ) ;
#5971 = CARTESIAN_POINT ( 'NONE',  ( 295.2370945548291843, -0.8713915912045575585, 218.4245810528959737 ) ) ;
#5972 = CARTESIAN_POINT ( 'NONE',  ( 295.2370945548290706, 14.76048187518886401, 264.4069360666574653 ) ) ;
#5973 = B_SPLINE_CURVE_WITH_KNOTS ( 'NONE', 3,
 ( #5329, #4849, #5692, #440, #1406, #5222, #2831, #6176, #6281, #886, #406, #5257 ),
 .UNSPECIFIED., .F., .F.,
 ( 4, 2, 2, 2, 2, 4 ),
 ( 0.06010824708912372583, 0.07575968263581653317, 0.09141111818250940990, 0.1227139892758951911, 0.1540168603692809723, 0.1853197314626667258 ),
 .UNSPECIFIED. ) ;
#5974 = CARTESIAN_POINT ( 'NONE',  ( 290.8693649356196147, -2.908408298125470193, 226.8999586695111930 ) ) ;
#5975 = VERTEX_POINT ( 'NONE', #1497 ) ;
#5976 = ADVANCED_FACE ( 'NONE', ( #3440 ), #63, .F. ) ;
#5977 = EDGE_CURVE ( 'NONE', #3317, #315, #2729, .T. ) ;
#5978 = CARTESIAN_POINT ( 'NONE',  ( 333.4327122885465542, -2.203016435749188595, 227.1155333728305834 ) ) ;
#5979 = CARTESIAN_POINT ( 'NONE',  ( 0.000000000000000000, -3.869566342698527173E-11, 199.5133111311278071 ) ) ;
#5980 = CARTESIAN_POINT ( 'NONE',  ( 323.8186403706086480, 11.82620159882161559, 247.0040814842528789 ) ) ;
#5981 = CARTESIAN_POINT ( 'NONE',  ( 324.1471798771282238, -5.145638005562827466, 238.6398281482802872 ) ) ;
#5982 =( BOUNDED_SURFACE ( )  B_SPLINE_SURFACE ( 3, 2, ( 
 ( #3538, #565, #1561 ),
 ( #3932, #501, #3992 ),
 ( #5957, #1471, #984 ),
 ( #4499, #597, #4439 ),
 ( #2995, #5417, #1109 ),
 ( #3055, #5448, #4051 ),
 ( #4997, #2544, #126 ),
 ( #5866, #2512, #1502 ),
 ( #1015, #4469, #629 ),
 ( #3446, #1079, #5386 ),
 ( #2096, #95, #5897 ),
 ( #4529, #2039, #3509 ),
 ( #2963, #2452, #5927 ),
 ( #156, #4023, #2006 ),
 ( #1532, #4876, #2070 ),
 ( #3476, #4906, #532 ),
 ( #2481, #1046, #4637 ),
 ( #5618, #1621, #6074 ) ),
 .UNSPECIFIED., .F., .F., .T. ) 
 B_SPLINE_SURFACE_WITH_KNOTS ( ( 4, 2, 2, 2, 2, 2, 2, 2, 4 ),
 ( 3, 3 ),
 ( -1.734723475976807094E-16, 0.002233061308013806895, 0.004466122616027787262, 0.005582653270034777446, 0.006699183924041767629, 0.007815714578048757813, 0.008373979905052252037, 0.008653112568554000017, 0.008932245232055747997 ),
 ( 0.000000000000000000, 1.000000000000000000 ),
 .UNSPECIFIED. ) 
 GEOMETRIC_REPRESENTATION_ITEM ( )  RATIONAL_B_SPLINE_SURFACE ( (
 ( 1.000000000000000000, 0.6991312035301846528, 1.000000000000000000),
 ( 1.000000000000000000, 0.7350610214805367582, 1.000000000000000000),
 ( 1.000000000000000000, 0.7670140857943217316, 1.000000000000000000),
 ( 1.000000000000000000, 0.8255769304537192710, 1.000000000000000000),
 ( 1.000000000000000000, 0.8522369320055653841, 1.000000000000000000),
 ( 1.000000000000000000, 0.8890549124441421425, 1.000000000000000000),
 ( 1.000000000000000000, 0.9007770174167794019, 1.000000000000000000),
 ( 1.000000000000000000, 0.9232305319438086633, 1.000000000000000000),
 ( 1.000000000000000000, 0.9339638906607394819, 1.000000000000000000),
 ( 1.000000000000000000, 0.9544697416010954338, 1.000000000000000000),
 ( 1.000000000000000000, 0.9642614138539603585, 1.000000000000000000),
 ( 1.000000000000000000, 0.9780345488865069825, 1.000000000000000000),
 ( 1.000000000000000000, 0.9825295359123443761, 1.000000000000000000),
 ( 1.000000000000000000, 0.9884342671285383242, 1.000000000000000000),
 ( 1.000000000000000000, 0.9902386534244896898, 1.000000000000000000),
 ( 1.000000000000000000, 0.9931785608145270450, 1.000000000000000000),
 ( 1.000000000000000000, 0.9943049102632909308, 1.000000000000000000),
 ( 1.000000000000000000, 0.9945294742363163243, 1.000000000000000000) ) ) 
 REPRESENTATION_ITEM ( '' )  SURFACE ( )  );
#5983 = CIRCLE ( 'NONE', #1287, 1.500000000000001332 ) ;
#5984 = CARTESIAN_POINT ( 'NONE',  ( 579.9999999970528961, -5.011717794592429165, 272.9486295801441429 ) ) ;
#5985 = CARTESIAN_POINT ( 'NONE',  ( 300.0370945548290251, -4.196647499877961707, 264.4069360666574653 ) ) ;
#5986 = CARTESIAN_POINT ( 'NONE',  ( 193.3333333323509464, 16.09404880310246000, 262.3418053606099534 ) ) ;
#5987 = CARTESIAN_POINT ( 'NONE',  ( 193.3333333323510317, -6.765421898788464894, 365.9557577967350426 ) ) ;
#5988 = B_SPLINE_CURVE_WITH_KNOTS ( 'NONE', 3,
 ( #2374, #1862, #1354, #3296, #5243, #5749, #1392, #3333, #5278, #906, #803, #6267, #2273, #6162, #1899, #3855, #120, #4400, #3470, #5980 ),
 .UNSPECIFIED., .F., .F.,
 ( 4, 2, 2, 2, 2, 2, 2, 2, 2, 4 ),
 ( 1.734723475976807094E-18, 0.002226051719631819571, 0.004452103439263637406, 0.005565129299079585139, 0.006678155158895533738, 0.007234668088803507605, 0.007791181018711481471, 0.008347693948619457072, 0.008625950413573472628, 0.008904206878527489918 ),
 .UNSPECIFIED. ) ;
#5989 = CARTESIAN_POINT ( 'NONE',  ( 325.7992798698825823, 4.277916225884156098, 225.3414886751200754 ) ) ;
#5990 = CARTESIAN_POINT ( 'NONE',  ( 300.3723498271597236, -0.03115914817371510243, 220.7121922732181361 ) ) ;
#5991 = EDGE_CURVE ( 'NONE', #3629, #4791, #2895, .T. ) ;
#5992 = EDGE_LOOP ( 'NONE', ( #190, #3467, #2320, #2396, #3735, #1146 ) ) ;
#5993 = CARTESIAN_POINT ( 'NONE',  ( 296.2370945548289569, 3.303712137621199307, 117.2115227970842426 ) ) ;
#5994 = CARTESIAN_POINT ( 'NONE',  ( 320.8491768785103773, 3.443088007130912676, 258.9429071604394608 ) ) ;
#5995 = DIRECTION ( 'NONE',  ( 0.000000000000000000, 0.000000000000000000, -1.000000000000000000 ) ) ;
#5996 = CARTESIAN_POINT ( 'NONE',  ( 295.2370945548290706, 9.330886589181554669, 231.4428746339427505 ) ) ;
#5997 = CARTESIAN_POINT ( 'NONE',  ( 323.8370945548290365, 12.80627730302191480, 246.8063163277639944 ) ) ;
#5998 = VERTEX_POINT ( 'NONE', #5179 ) ;
#5999 = CARTESIAN_POINT ( 'NONE',  ( 286.0917289480178738, 13.91207583445057416, 264.6802425043809421 ) ) ;
#6000 = CARTESIAN_POINT ( 'NONE',  ( 325.8014027870574978, 4.794731686951867466, 226.1529863672242584 ) ) ;
#6001 = PLANE ( 'NONE',  #3885 ) ;
#6002 = CARTESIAN_POINT ( 'NONE',  ( 332.5488917469721741, 4.783133211708604726, 226.6206024402667083 ) ) ;
#6003 = CARTESIAN_POINT ( 'NONE',  ( 294.1948254669247262, -1.557880872855445409, 220.1051377833172467 ) ) ;
#6004 = CARTESIAN_POINT ( 'NONE',  ( 294.4033473407366159, 14.40088910634496422, 260.3217339267636703 ) ) ;
#6005 = EDGE_CURVE ( 'NONE', #5289, #3003, #4504, .T. ) ;
#6006 = CARTESIAN_POINT ( 'NONE',  ( 286.0963681732658870, -4.043135033246792354, 234.5250997121725050 ) ) ;
#6007 = EDGE_LOOP ( 'NONE', ( #6263, #5425, #413, #6036 ) ) ;
#6008 = CARTESIAN_POINT ( 'NONE',  ( 319.6384948453007269, -1.102570688836761681, 223.0633253086517129 ) ) ;
#6009 = CARTESIAN_POINT ( 'NONE',  ( 386.6666666647018928, -2.246864576404122182, 227.8533115235983360 ) ) ;
#6010 = FACE_OUTER_BOUND ( 'NONE', #2515, .T. ) ;
#6011 = AXIS2_PLACEMENT_3D ( 'NONE', #5266, #1483, #451 ) ;
#6012 = ADVANCED_FACE ( 'NONE', ( #4205 ), #1834, .T. ) ;
#6013 = CARTESIAN_POINT ( 'NONE',  ( 320.0370945548290251, -8.870042502849587507, 110.3418598203739407 ) ) ;
#6014 = CARTESIAN_POINT ( 'NONE',  ( 193.3333333323510885, 6.835746929844915165, 368.5446127025542182 ) ) ;
#6015 =( BOUNDED_CURVE ( )  B_SPLINE_CURVE ( 3, ( #5994, #240, #3091, #5568 ),
 .UNSPECIFIED., .F., .F. ) 
 B_SPLINE_CURVE_WITH_KNOTS ( ( 4, 4 ),
 ( 0.000000000000000000, 3.141592653589793116 ),
 .UNSPECIFIED. ) 
 CURVE ( )  GEOMETRIC_REPRESENTATION_ITEM ( )  RATIONAL_B_SPLINE_CURVE ( ( 1.000000000000000000, 0.3333333333333333703, 0.3333333333333333703, 1.000000000000000000 ) ) 
 REPRESENTATION_ITEM ( '' )  );
#6016 = CARTESIAN_POINT ( 'NONE',  ( 386.6666666647018928, -1.454917083900565400, 225.9669964426877300 ) ) ;
#6017 = DIRECTION ( 'NONE',  ( -0.9798025319616462392, -3.152571792354809599E-17, 0.1999674932621482715 ) ) ;
#6018 = PRODUCT_RELATED_PRODUCT_CATEGORY ( 'part', '', ( #2398 ) ) ;
#6019 = CARTESIAN_POINT ( 'NONE',  ( 295.5956898244139097, 0.02962020835076139766, 220.3973352971950987 ) ) ;
#6020 = ORIENTED_EDGE ( 'NONE', *, *, #75, .F. ) ;
#6021 = DIRECTION ( 'NONE',  ( -1.000000000000000000, 0.000000000000000000, 0.000000000000000000 ) ) ;
#6022 = CARTESIAN_POINT ( 'NONE',  ( 0.000000000000000000, 4.196968758149082213, 202.6130197730023212 ) ) ;
#6023 = LINE ( 'NONE', #5538, #5016 ) ;
#6024 = CARTESIAN_POINT ( 'NONE',  ( -672.0146080650777094, 3.303712137621199307, 115.7115227970842426 ) ) ;
#6025 = CARTESIAN_POINT ( 'NONE',  ( 312.2370945548290138, -1.696287862378802691, 110.5050442647847575 ) ) ;
#6026 = DIRECTION ( 'NONE',  ( 0.000000000000000000, -1.000000000000000000, 0.000000000000000000 ) ) ;
#6027 = ORIENTED_EDGE ( 'NONE', *, *, #2493, .T. ) ;
#6028 = CARTESIAN_POINT ( 'NONE',  ( 320.0370945548289683, -6.290243832121617196, 264.3143971676669253 ) ) ;
#6029 = CARTESIAN_POINT ( 'NONE',  ( 295.2370945548290706, 10.80627730302193790, 104.0050425958546754 ) ) ;
#6030 = FACE_OUTER_BOUND ( 'NONE', #2371, .T. ) ;
#6031 = CARTESIAN_POINT ( 'NONE',  ( 315.0370945548289683, -14.80548665854720625, 265.2591097294891824 ) ) ;
#6032 = CARTESIAN_POINT ( 'NONE',  ( 300.0370945548290251, -5.193722696978044340, 139.4050437939080780 ) ) ;
#6033 = CARTESIAN_POINT ( 'NONE',  ( 295.2370945548290706, -2.828630424018948375, 220.2622493212124652 ) ) ;
#6034 = CARTESIAN_POINT ( 'NONE',  ( 289.8783797044311541, 10.47500381821099324, 238.1502565792710016 ) ) ;
#6035 = CARTESIAN_POINT ( 'NONE',  ( 324.4080139509075593, 11.62965284572711866, 245.2130486945562211 ) ) ;
#6036 = ORIENTED_EDGE ( 'NONE', *, *, #1389, .F. ) ;
#6037 = VECTOR ( 'NONE', #5145, 1000.000000000000000 ) ;
#6038 = CARTESIAN_POINT ( 'NONE',  ( 333.4339980565230803, -2.328041096940290267, 227.5516346882780567 ) ) ;
#6039 = CARTESIAN_POINT ( 'NONE',  ( 294.1700280656361883, -3.150963351043308821E-11, 219.2937095701247188 ) ) ;
#6040 = CARTESIAN_POINT ( 'NONE',  ( 319.6491675408544779, 11.41557872136908180, 249.7085936008957674 ) ) ;
#6041 = VECTOR ( 'NONE', #4359, 1000.000000000000000 ) ;
#6042 = CARTESIAN_POINT ( 'NONE',  ( 320.0370945548290251, -10.19372269697788802, 111.8776466569873094 ) ) ;
#6043 = CARTESIAN_POINT ( 'NONE',  ( 193.3333333323510885, 13.87615993987009766, 323.4795464500552384 ) ) ;
#6044 = CARTESIAN_POINT ( 'NONE',  ( 0.000000000000000000, -8.148468503287105591, 291.1339479415150890 ) ) ;
#6045 = CARTESIAN_POINT ( 'NONE',  ( 324.8370945548290365, 8.058646277768126254, 230.4914301127128340 ) ) ;
#6046 = CARTESIAN_POINT ( 'NONE',  ( 286.0392191220017253, -0.002858681994121975347, 219.7504088499651971 ) ) ;
#6047 = ORIENTED_EDGE ( 'NONE', *, *, #2027, .F. ) ;
#6048 = FACE_OUTER_BOUND ( 'NONE', #5668, .T. ) ;
#6049 = CARTESIAN_POINT ( 'NONE',  ( 579.9999999970528961, -2.452747206727057261E-11, 238.5133111311282619 ) ) ;
#6050 = CARTESIAN_POINT ( 'NONE',  ( 294.1700280656361883, -3.150963351043308821E-11, 219.2937095701247188 ) ) ;
#6051 = SURFACE_SIDE_STYLE ('',( #2691 ) ) ;
#6052 = EDGE_CURVE ( 'NONE', #4777, #5888, #1399, .T. ) ;
#6053 = PLANE ( 'NONE',  #2403 ) ;
#6054 = ORIENTED_EDGE ( 'NONE', *, *, #690, .T. ) ;
#6055 = CARTESIAN_POINT ( 'NONE',  ( 386.6666666647020634, -6.096510108436826059, 275.4220436995686896 ) ) ;
#6056 = DIRECTION ( 'NONE',  ( 0.000000000000000000, 5.551115123125782702E-15, -1.000000000000000000 ) ) ;
#6057 = CARTESIAN_POINT ( 'NONE',  ( 324.4682715150236731, 11.61421248486204227, 246.0331421150537778 ) ) ;
#6058 = CARTESIAN_POINT ( 'NONE',  ( 324.8370945548290365, 13.32775137835018420, 264.4069360666574653 ) ) ;
#6059 = CARTESIAN_POINT ( 'NONE',  ( 315.0370945548290251, -15.19372269697804434, 139.4050437939080496 ) ) ;
#6060 = CARTESIAN_POINT ( 'NONE',  ( 313.0709852906193760, -5.197443950825820558, 238.6887358599342122 ) ) ;
#6061 = CARTESIAN_POINT ( 'NONE',  ( 295.2370945548290706, -3.016376532069948269, 220.6774541934723572 ) ) ;
#6062 = CARTESIAN_POINT ( 'NONE',  ( 301.0370945548291957, -5.197730681956426402, 237.4966267988837387 ) ) ;
#6063 = CARTESIAN_POINT ( 'NONE',  ( 324.6224128637775834, 11.43332815628176391, 243.4778219282189582 ) ) ;
#6064 = EDGE_CURVE ( 'NONE', #937, #5034, #3504, .T. ) ;
#6065 = ORIENTED_EDGE ( 'NONE', *, *, #1117, .F. ) ;
#6066 = CARTESIAN_POINT ( 'NONE',  ( 319.6424929875956309, -1.663628292727106661, 224.4846828314153129 ) ) ;
#6067 = CARTESIAN_POINT ( 'NONE',  ( 0.000000000000000000, -4.219827966912870210, 206.0754173260052085 ) ) ;
#6068 = CARTESIAN_POINT ( 'NONE',  ( 319.6485650155353255, 11.04737012924488049, 247.8246528346834623 ) ) ;
#6069 = EDGE_CURVE ( 'NONE', #1952, #940, #2380, .T. ) ;
#6070 = CARTESIAN_POINT ( 'NONE',  ( 314.8370945548289797, 3.303712024074804798, 109.7050435216149680 ) ) ;
#6071 = CARTESIAN_POINT ( 'NONE',  ( 0.000000000000000000, 12.00859590623730000, 351.6479129724376662 ) ) ;
#6072 = CARTESIAN_POINT ( 'NONE',  ( 193.3333333323510885, -6.914820130816956123, 341.8730961291019526 ) ) ;
#6073 = CIRCLE ( 'NONE', #5152, 1.000000000000000888 ) ;
#6074 = CARTESIAN_POINT ( 'NONE',  ( 296.2182249896129633, 11.82809955277239311, 244.4677794392362387 ) ) ;
#6075 = CARTESIAN_POINT ( 'NONE',  ( 295.5952035833578861, 0.01191910100023046808, 220.3944752539341891 ) ) ;
#6076 = CARTESIAN_POINT ( 'NONE',  ( 323.8370945548290365, 10.80627730302192369, 203.3969054146694759 ) ) ;
#6077 = CARTESIAN_POINT ( 'NONE',  ( 579.9999999970528961, 4.033212153983865456, 242.5533110923767026 ) ) ;
#6078 = CARTESIAN_POINT ( 'NONE',  ( 324.8370945548290365, 13.32775137835018420, 264.4069360666574653 ) ) ;
#6079 = CARTESIAN_POINT ( 'NONE',  ( 300.0370945548290820, -5.193722696978042563, 237.3081067009638900 ) ) ;
#6080 = ORIENTED_EDGE ( 'NONE', *, *, #2152, .F. ) ;
#6081 = CARTESIAN_POINT ( 'NONE',  ( 193.3333333323510317, -7.065133105652460443, 317.1447508523514784 ) ) ;
#6082 = CARTESIAN_POINT ( 'NONE',  ( 286.0895140340891203, 12.48211980768872920, 252.7139543610688577 ) ) ;
#6083 = CARTESIAN_POINT ( 'NONE',  ( 324.5222332078105296, 11.70137358821388140, 246.4571388895018345 ) ) ;
#6084 = CARTESIAN_POINT ( 'NONE',  ( 315.0370945548290251, -14.22838499756895558, 223.2521681925349810 ) ) ;
#6085 = DIRECTION ( 'NONE',  ( -0.000000000000000000, -5.551115123125782702E-15, 1.000000000000000000 ) ) ;
#6086 = FACE_OUTER_BOUND ( 'NONE', #3588, .T. ) ;
#6087 = CARTESIAN_POINT ( 'NONE',  ( 294.1789620696241059, 0.8415097430645352983, 219.5631684354346191 ) ) ;
#6088 = CYLINDRICAL_SURFACE ( 'NONE', #2572, 1.000000000000000888 ) ;
#6089 = EDGE_LOOP ( 'NONE', ( #3757, #4358, #5254, #511, #4719 ) ) ;
#6090 = CARTESIAN_POINT ( 'NONE',  ( 319.0370945548290251, -10.19372269697789157, 111.8776466569873094 ) ) ;
#6091 = EDGE_CURVE ( 'NONE', #5775, #2646, #4269, .T. ) ;
#6092 = ORIENTED_EDGE ( 'NONE', *, *, #3073, .F. ) ;
#6093 = CARTESIAN_POINT ( 'NONE',  ( 0.000000000000000000, -7.638359414888849841, 243.0181500959986352 ) ) ;
#6094 = CARTESIAN_POINT ( 'NONE',  ( 333.4409271608338940, -3.380973859840154638, 233.0807383124064529 ) ) ;
#6095 = ADVANCED_FACE ( 'NONE', ( #3268 ), #5302, .F. ) ;
#6096 = CARTESIAN_POINT ( 'NONE',  ( 328.8423329241162492, 12.99680377563622713, 261.4457189805465873 ) ) ;
#6097 = CARTESIAN_POINT ( 'NONE',  ( 193.3333333323510317, 16.73177006838016467, 291.1673851077070481 ) ) ;
#6098 = VECTOR ( 'NONE', #754, 1000.000000000000000 ) ;
#6099 = VECTOR ( 'NONE', #20, 1000.000000000000000 ) ;
#6100 = CARTESIAN_POINT ( 'NONE',  ( 315.0370945548289683, -14.19372269697804789, 149.8222203708184281 ) ) ;
#6101 = CARTESIAN_POINT ( 'NONE',  ( 386.6666666647020634, 14.40794366876468935, 293.2433517987929577 ) ) ;
#6102 = CARTESIAN_POINT ( 'NONE',  ( 386.6666666647018928, -2.246864576404122182, 227.8533115235983360 ) ) ;
#6103 = CARTESIAN_POINT ( 'NONE',  ( 325.8151351791095180, 9.843776188911185443, 238.8629461608672671 ) ) ;
#6104 = CARTESIAN_POINT ( 'NONE',  ( 295.6204175643410395, -0.7932491261304149832, 220.8610230991150445 ) ) ;
#6105 = ADVANCED_FACE ( 'NONE', ( #5255 ), #4308, .F. ) ;
#6106 = CARTESIAN_POINT ( 'NONE',  ( 295.6042125906753881, -4.976115786904158789, 232.6544584478757542 ) ) ;
#6107 = CARTESIAN_POINT ( 'NONE',  ( 386.6666666647020634, 14.40794366876468935, 293.2433517987929577 ) ) ;
#6108 = CARTESIAN_POINT ( 'NONE',  ( 323.9921201423417187, -5.190697632617385260, 239.7166134374349440 ) ) ;
#6109 = CARTESIAN_POINT ( 'NONE',  ( 324.8370945548290365, -5.264913683517623788, 264.4069360666574653 ) ) ;
#6110 = CARTESIAN_POINT ( 'NONE',  ( 296.2370945548290138, 3.303712137621199307, 117.2115227970842426 ) ) ;
#6111 = ORIENTED_EDGE ( 'NONE', *, *, #2407, .T. ) ;
#6112 = ORIENTED_EDGE ( 'NONE', *, *, #2393, .T. ) ;
#6113 = CARTESIAN_POINT ( 'NONE',  ( 193.3333333323510885, -6.593476819720387461, 398.3318257381640706 ) ) ;
#6114 = CARTESIAN_POINT ( 'NONE',  ( 295.6259573502363764, 4.051096792433673599, 224.7754523297626861 ) ) ;
#6115 = CARTESIAN_POINT ( 'NONE',  ( 324.9283248104179620, 10.04697691750805788, 239.5156074963582569 ) ) ;
#6116 = CARTESIAN_POINT ( 'NONE',  ( 319.0370945548290251, -14.49089815268829184, 264.4069360666574653 ) ) ;
#6117 = DIRECTION ( 'NONE',  ( -1.000000000000000000, 0.000000000000000000, 0.000000000000000000 ) ) ;
#6118 = CARTESIAN_POINT ( 'NONE',  ( 305.0370945548289683, -15.19372269697804434, 139.4050437939080211 ) ) ;
#6119 = CARTESIAN_POINT ( 'NONE',  ( 286.0195029607973538, 1.193811302335670455, 219.2424974117159024 ) ) ;
#6120 = ORIENTED_EDGE ( 'NONE', *, *, #6300, .T. ) ;
#6121 = CARTESIAN_POINT ( 'NONE',  ( 318.2470412212189217, -12.61837847839420768, 116.0545182591621654 ) ) ;
#6122 = VERTEX_POINT ( 'NONE', #2829 ) ;
#6123 = CARTESIAN_POINT ( 'NONE',  ( 0.000000000000000000, -8.063096244697373294, 265.5213890302030109 ) ) ;
#6124 = CARTESIAN_POINT ( 'NONE',  ( 328.8507085659262543, -4.812138706420201473, 249.9222434261504588 ) ) ;
#6125 = CARTESIAN_POINT ( 'NONE',  ( 324.2432424618738196, 10.63683608949787107, 246.1599288524646454 ) ) ;
#6126 = CARTESIAN_POINT ( 'NONE',  ( 193.3333333323510317, 10.54414989762780763, 346.0951269367138252 ) ) ;
#6127 = VECTOR ( 'NONE', #5553, 1000.000000000000000 ) ;
#6128 = CARTESIAN_POINT ( 'NONE',  ( 328.8052180477731099, 0.9079868642340368501, 223.1878670297645044 ) ) ;
#6129 = DIRECTION ( 'NONE',  ( 0.000000000000000000, 0.000000000000000000, -1.000000000000000000 ) ) ;
#6130 = CARTESIAN_POINT ( 'NONE',  ( 193.3333333323510885, -4.759549676635348447, 434.1261621060937728 ) ) ;
#6131 = CARTESIAN_POINT ( 'NONE',  ( 0.000000000000000000, -7.638359414888849841, 243.0181500959986352 ) ) ;
#6132 = CARTESIAN_POINT ( 'NONE',  ( 324.8370945548290365, 2.516172027667149980, 221.7218775193767897 ) ) ;
#6133 = B_SPLINE_CURVE_WITH_KNOTS ( 'NONE', 3,
 ( #5084, #2180, #743, #1736 ),
 .UNSPECIFIED., .F., .F.,
 ( 4, 4 ),
 ( 0.000000000000000000, 0.2543446432515975020 ),
 .UNSPECIFIED. ) ;
#6134 = CARTESIAN_POINT ( 'NONE',  ( 290.8574405430378533, -1.263111297889772056, 221.4378977636358741 ) ) ;
#6135 = DIRECTION ( 'NONE',  ( 1.000000000000000000, -0.000000000000000000, 0.000000000000000000 ) ) ;
#6136 = CARTESIAN_POINT ( 'NONE',  ( 0.000000000000000000, 10.61092084068729768, 215.5285796454811589 ) ) ;
#6137 = CARTESIAN_POINT ( 'NONE',  ( 325.7509174818519568, -3.756892759274597982, 228.7492506307799829 ) ) ;
#6138 = CARTESIAN_POINT ( 'NONE',  ( 316.3398399683622984, -14.66114411975037335, 264.4069360666575221 ) ) ;
#6139 = CARTESIAN_POINT ( 'NONE',  ( 317.8370945548289797, 2.323584188347896756E-13, 110.5050442647847575 ) ) ;
#6140 = CARTESIAN_POINT ( 'NONE',  ( 314.8370945548289797, 3.303712024074804798, 107.7050437324981260 ) ) ;
#6141 = ORIENTED_EDGE ( 'NONE', *, *, #2007, .F. ) ;
#6142 = EDGE_LOOP ( 'NONE', ( #208, #1933, #963, #587 ) ) ;
#6143 = CARTESIAN_POINT ( 'NONE',  ( 579.9999999970531235, -4.839072846083484869, 357.5893618452735723 ) ) ;
#6144 = CARTESIAN_POINT ( 'NONE',  ( 295.6373426762928034, 7.971050322057476656, 233.7498571226482795 ) ) ;
#6145 = CARTESIAN_POINT ( 'NONE',  ( 325.1946937710355314, 11.28516841057354547, 244.5732005120406996 ) ) ;
#6146 = PLANE ( 'NONE',  #1122 ) ;
#6147 = LINE ( 'NONE', #342, #5436 ) ;
#6148 = CARTESIAN_POINT ( 'NONE',  ( 305.0370945548290251, -10.19372269697804434, 139.4050437939080496 ) ) ;
#6149 = CARTESIAN_POINT ( 'NONE',  ( 319.0370945548289683, -9.821662852354297257, 264.4069360666574084 ) ) ;
#6150 = VERTEX_POINT ( 'NONE', #921 ) ;
#6151 = LINE ( 'NONE', #5129, #944 ) ;
#6152 = EDGE_CURVE ( 'NONE', #5387, #5118, #1073, .T. ) ;
#6153 = CARTESIAN_POINT ( 'NONE',  ( 297.0616626178996285, 3.443088007130913120, 248.3429071604394096 ) ) ;
#6154 = ORIENTED_EDGE ( 'NONE', *, *, #2484, .F. ) ;
#6155 = CARTESIAN_POINT ( 'NONE',  ( 579.9999999970527824, -0.3259142469249645679, 238.5046831896317201 ) ) ;
#6156 = CARTESIAN_POINT ( 'NONE',  ( 319.6481581415503115, -2.364325763387802759, 226.6836959606905850 ) ) ;
#6157 = ORIENTED_EDGE ( 'NONE', *, *, #4864, .F. ) ;
#6158 = CARTESIAN_POINT ( 'NONE',  ( 319.6415167398908466, 7.403886036617481459, 233.9513692563322138 ) ) ;
#6159 = CARTESIAN_POINT ( 'NONE',  ( 579.9999999970530098, 8.877391888367052175, 326.7879745516336243 ) ) ;
#6160 = CARTESIAN_POINT ( 'NONE',  ( 328.7920713295246173, 0.04741995350480572580, 222.6343828007361765 ) ) ;
#6161 = CARTESIAN_POINT ( 'NONE',  ( 0.000000000000000000, -6.762496706386333045, 458.2302927968000859 ) ) ;
#6162 = CARTESIAN_POINT ( 'NONE',  ( 324.5201017660139655, 11.70216790130208295, 246.4607939513072949 ) ) ;
#6163 = CARTESIAN_POINT ( 'NONE',  ( 324.8370945548290933, 1.792479014452769581, 221.1322932213761590 ) ) ;
#6164 = CARTESIAN_POINT ( 'NONE',  ( 300.4139274505715775, -1.383410134512379708, 222.4083733861861276 ) ) ;
#6165 = CARTESIAN_POINT ( 'NONE',  ( 579.9999999970531235, 1.367670693497608836, 239.2000782469990270 ) ) ;
#6166 = CARTESIAN_POINT ( 'NONE',  ( 193.3333333323510885, -0.06398327331131900553, 408.2906831791809736 ) ) ;
#6167 = DIRECTION ( 'NONE',  ( -0.000000000000000000, -5.551115123125782702E-15, 1.000000000000000000 ) ) ;
#6168 = CARTESIAN_POINT ( 'NONE',  ( 305.0370945548289114, -14.24044963713324030, 191.4908846214454456 ) ) ;
#6169 = CARTESIAN_POINT ( 'NONE',  ( 386.6666666647018928, -2.925017541545449351E-11, 225.5133111311280913 ) ) ;
#6170 = CARTESIAN_POINT ( 'NONE',  ( 579.9999999970527824, -1.068975656530539498, 385.7314532393304489 ) ) ;
#6171 = CARTESIAN_POINT ( 'NONE',  ( 287.5351410164262802, 5.387946802181959427, 226.6688344638883166 ) ) ;
#6172 = VERTEX_POINT ( 'NONE', #127 ) ;
#6173 = EDGE_CURVE ( 'NONE', #3077, #2159, #4410, .T. ) ;
#6174 = CARTESIAN_POINT ( 'NONE',  ( 320.0370945548290251, -9.821662852354300810, 264.4069360666575221 ) ) ;
#6175 = CARTESIAN_POINT ( 'NONE',  ( 300.4037999121062512, 4.032907428932563043, 225.0786781326513051 ) ) ;
#6176 = CARTESIAN_POINT ( 'NONE',  ( 305.0370945548290820, -15.24045091538879682, 191.4920777485152712 ) ) ;
#6177 = ORIENTED_EDGE ( 'NONE', *, *, #4644, .T. ) ;
#6178 = CARTESIAN_POINT ( 'NONE',  ( 300.0370945548290251, -9.806533226535782077, 265.1568131773122445 ) ) ;
#6179 = CARTESIAN_POINT ( 'NONE',  ( 320.0370945548290251, -15.24079401384154586, 191.7988319797542545 ) ) ;
#6180 = CARTESIAN_POINT ( 'NONE',  ( 320.0100477718449383, -10.77307361698428778, 112.6005883082313517 ) ) ;
#6181 = DIRECTION ( 'NONE',  ( 0.000000000000000000, 0.000000000000000000, -1.000000000000000000 ) ) ;
#6182 = CARTESIAN_POINT ( 'NONE',  ( 286.1911709734804958, 2.191919025206647387, 220.0836378928007093 ) ) ;
#6183 = EDGE_LOOP ( 'NONE', ( #1458, #3354, #2421, #304 ) ) ;
#6184 = LINE ( 'NONE', #209, #3874 ) ;
#6185 = LINE ( 'NONE', #2365, #2229 ) ;
#6186 = EDGE_LOOP ( 'NONE', ( #379, #650, #1752 ) ) ;
#6187 = CARTESIAN_POINT ( 'NONE',  ( 579.9999999970532372, -4.599044283111842546, 259.9049248138404096 ) ) ;
#6188 = CARTESIAN_POINT ( 'NONE',  ( 328.8484077843827436, -4.048622281892442665, 238.4774959191586845 ) ) ;
#6189 = CARTESIAN_POINT ( 'NONE',  ( 291.3682249884600424, -0.6915418979816775336, 220.4461499731243634 ) ) ;
#6190 = CARTESIAN_POINT ( 'NONE',  ( 333.4166955417344411, 3.857848174993486978, 227.0912120999977333 ) ) ;
#6191 = EDGE_CURVE ( 'NONE', #4220, #1842, #4934, .T. ) ;
#6192 = CARTESIAN_POINT ( 'NONE',  ( 386.6666666647017792, 14.56524338741086666, 284.5744906102912068 ) ) ;
#6193 = CARTESIAN_POINT ( 'NONE',  ( 333.3873513011822070, 0.04638867338807142054, 222.9432355333123894 ) ) ;
#6194 = CARTESIAN_POINT ( 'NONE',  ( 193.3333333323510885, -6.494676812344354566, 415.8765459913967675 ) ) ;
#6195 = CARTESIAN_POINT ( 'NONE',  ( 305.0370945548290251, -14.82264814109834994, 264.4069360666573516 ) ) ;
#6196 = CARTESIAN_POINT ( 'NONE',  ( 324.8370945548290365, 0.08069849761182536219, 220.4179339453269222 ) ) ;
#6197 = CARTESIAN_POINT ( 'NONE',  ( 295.6270622074519565, -0.9372174975083046311, 221.0681758063749385 ) ) ;
#6198 = CARTESIAN_POINT ( 'NONE',  ( 0.000000000000000000, 15.96968430992112076, 237.4560550978058870 ) ) ;
#6199 = CARTESIAN_POINT ( 'NONE',  ( 0.000000000000000000, -0.07286972220746454343, 422.4816273383034968 ) ) ;
#6200 = CARTESIAN_POINT ( 'NONE',  ( 324.8370945548289797, 9.355334733519759638, 233.9119754072138448 ) ) ;
#6201 = CARTESIAN_POINT ( 'NONE',  ( 333.0673181004894445, -2.217434721083143323, 224.0804123047333576 ) ) ;
#6202 = CARTESIAN_POINT ( 'NONE',  ( 386.6666666647020634, 1.630679500242952162, 226.3321464418616529 ) ) ;
#6203 = CARTESIAN_POINT ( 'NONE',  ( 386.6666666647020634, 2.751046507723803547, 378.0547777424289393 ) ) ;
#6204 = CARTESIAN_POINT ( 'NONE',  ( 294.1920315964650854, 2.999973599880163100, 221.4549902730130952 ) ) ;
#6205 = CARTESIAN_POINT ( 'NONE',  ( 286.1748076046314395, -0.5957269700167684423, 220.0034605101258478 ) ) ;
#6206 = ORIENTED_EDGE ( 'NONE', *, *, #1031, .T. ) ;
#6207 = EDGE_CURVE ( 'NONE', #3456, #504, #4879, .T. ) ;
#6208 = CARTESIAN_POINT ( 'NONE',  ( 0.000000000000000000, -6.040101761588164031, 217.1525123588351676 ) ) ;
#6209 = CARTESIAN_POINT ( 'NONE',  ( 290.8481147883665017, 4.069286155934783267, 224.4722265268740387 ) ) ;
#6210 = FACE_OUTER_BOUND ( 'NONE', #3834, .T. ) ;
#6211 = ORIENTED_EDGE ( 'NONE', *, *, #1187, .T. ) ;
#6212 = CARTESIAN_POINT ( 'NONE',  ( 300.3466413974344391, -11.94030206152691065, 114.5618651629980604 ) ) ;
#6213 = CARTESIAN_POINT ( 'NONE',  ( 296.0517340048039614, -5.177027934860491953, 236.5344364984690344 ) ) ;
#6214 = CARTESIAN_POINT ( 'NONE',  ( 320.0370945548294230, -5.193722696978042563, 239.3082256277351689 ) ) ;
#6215 = CARTESIAN_POINT ( 'NONE',  ( 302.3940106067216789, -12.83591402919705970, 264.4069360666574653 ) ) ;
#6216 = EDGE_LOOP ( 'NONE', ( #5626, #2230, #2548, #135 ) ) ;
#6217 = CARTESIAN_POINT ( 'NONE',  ( 305.4379611350763639, 11.80627730302191658, 245.0999547318023133 ) ) ;
#6218 = B_SPLINE_CURVE_WITH_KNOTS ( 'NONE', 3,
 ( #6149, #1305, #5698, #4655, #3246, #822, #4718, #2225, #345, #2290, #4247, #2196, #1242, #702, #3616, #3217, #347, #3160 ),
 .UNSPECIFIED., .F., .F.,
 ( 4, 2, 2, 2, 2, 2, 2, 2, 4 ),
 ( 8.673617379884035472E-18, 0.0007811567652986788936, 0.001562313530597349114, 0.002343470295896019333, 0.003124627061194689553, 0.003905783826493359773, 0.004686940591792029993, 0.005468097357090700647, 0.006249254122389370433 ),
 .UNSPECIFIED. ) ;
#6219 = CARTESIAN_POINT ( 'NONE',  ( 303.3698348152538529, -13.83193300846913232, 119.9985742962773685 ) ) ;
#6220 = CARTESIAN_POINT ( 'NONE',  ( 324.8370945548292639, -0.3913233365567291844, 220.4426437816255486 ) ) ;
#6221 = ORIENTED_EDGE ( 'NONE', *, *, #250, .T. ) ;
#6222 = DIRECTION ( 'NONE',  ( 3.469446951953592495E-16, 1.000000000000000000, 5.551115123125782702E-15 ) ) ;
#6223 = CARTESIAN_POINT ( 'NONE',  ( 324.2514573885488858, -3.659607430872066747, 234.4306559647476718 ) ) ;
#6224 = CARTESIAN_POINT ( 'NONE',  ( 291.3022275451270389, -0.1791784890789234475, 220.1227751034098787 ) ) ;
#6225 = CARTESIAN_POINT ( 'NONE',  ( 324.2261355984192051, 3.892460622541428883, 226.5073035688004097 ) ) ;
#6226 = CARTESIAN_POINT ( 'NONE',  ( 0.000000000000000000, 15.96968430992112076, 237.4560550978058870 ) ) ;
#6227 = EDGE_CURVE ( 'NONE', #5775, #281, #2040, .T. ) ;
#6228 = CARTESIAN_POINT ( 'NONE',  ( 333.3916641540803880, 0.1929424728007111123, 222.9971753419023344 ) ) ;
#6229 = CARTESIAN_POINT ( 'NONE',  ( 579.9999999970532372, -1.969755189242207161, 390.8208460070080719 ) ) ;
#6230 = CARTESIAN_POINT ( 'NONE',  ( 193.3333333323509748, -0.4512635983332914380, 212.5013648110064537 ) ) ;
#6231 = CARTESIAN_POINT ( 'NONE',  ( 324.8370945548290933, -1.438232321667567204, 222.0569595796809779 ) ) ;
#6232 = CARTESIAN_POINT ( 'NONE',  ( 193.3333333323510885, 12.62964796733158579, 238.6057420120377230 ) ) ;
#6233 = CARTESIAN_POINT ( 'NONE',  ( 386.6666666647018928, 10.58455155675147097, 330.7635623173570139 ) ) ;
#6234 = CARTESIAN_POINT ( 'NONE',  ( 324.2658481090202258, -5.149688590869343940, 239.2606769495982633 ) ) ;
#6235 = CARTESIAN_POINT ( 'NONE',  ( 296.0779209135179144, 11.79374725821945091, 244.1136659190588887 ) ) ;
#6236 = CARTESIAN_POINT ( 'NONE',  ( 303.9032303988921058, -14.69508205308184579, 264.4069360666574084 ) ) ;
#6237 = CARTESIAN_POINT ( 'NONE',  ( 386.6666666647018928, 10.58455155675147097, 330.7635623173570139 ) ) ;
#6238 = CARTESIAN_POINT ( 'NONE',  ( 295.2370945548289569, 8.015892905415224590, 228.0820795105053662 ) ) ;
#6239 = CARTESIAN_POINT ( 'NONE',  ( 286.7606951448221366, -1.916338618647652758, 222.8741975782311613 ) ) ;
#6240 = ORIENTED_EDGE ( 'NONE', *, *, #4315, .T. ) ;
#6241 = CARTESIAN_POINT ( 'NONE',  ( 320.0370945548290251, -10.14832614133113609, 238.3674181486862835 ) ) ;
#6242 = CARTESIAN_POINT ( 'NONE',  ( 290.8499560075011914, 4.569016303527932088, 225.3120495508311762 ) ) ;
#6243 = ADVANCED_FACE ( 'NONE', ( #630 ), #3418, .T. ) ;
#6244 = AXIS2_PLACEMENT_3D ( 'NONE', #4036, #2081, #613 ) ;
#6245 = CARTESIAN_POINT ( 'NONE',  ( 300.0370945548290251, -14.49089815268829184, 277.4013611691079859 ) ) ;
#6246 = CARTESIAN_POINT ( 'NONE',  ( 300.0641412995963719, -10.77307321854386224, 112.6005877733463052 ) ) ;
#6247 = CARTESIAN_POINT ( 'NONE',  ( 294.4576461582633442, -4.151452103417113015, 228.5049482096432030 ) ) ;
#6248 = EDGE_CURVE ( 'NONE', #459, #5293, #5355, .T. ) ;
#6249 = CARTESIAN_POINT ( 'NONE',  ( 319.0370945548291388, -10.24118873340582248, 212.3252516828335388 ) ) ;
#6250 = CARTESIAN_POINT ( 'NONE',  ( 320.0370945548290251, -5.193722696977875586, 109.4050437939080922 ) ) ;
#6251 = ORIENTED_EDGE ( 'NONE', *, *, #547, .T. ) ;
#6252 = CARTESIAN_POINT ( 'NONE',  ( 315.0370945548290251, -15.19372269697788269, 132.3162152659552930 ) ) ;
#6253 = AXIS2_PLACEMENT_3D ( 'NONE', #4088, #2158, #5147 ) ;
#6254 = CARTESIAN_POINT ( 'NONE',  ( 320.0370945548290251, -5.193722696978044340, 139.4050437939080780 ) ) ;
#6255 = CARTESIAN_POINT ( 'NONE',  ( 324.8370945548290365, -4.193722696978042563, 226.2551948320733288 ) ) ;
#6256 = ORIENTED_EDGE ( 'NONE', *, *, #1557, .T. ) ;
#6257 = LINE ( 'NONE', #1925, #4212 ) ;
#6258 = CARTESIAN_POINT ( 'NONE',  ( 672.0146080650777094, -3.296287826616013827, 0.000000000000000000 ) ) ;
#6259 = ORIENTED_EDGE ( 'NONE', *, *, #4151, .T. ) ;
#6260 = CARTESIAN_POINT ( 'NONE',  ( 333.4066339533254109, 2.025600998568796829, 224.5464132388900964 ) ) ;
#6261 = EDGE_CURVE ( 'NONE', #3317, #2707, #2483, .T. ) ;
#6262 = CARTESIAN_POINT ( 'NONE',  ( 386.6666666647017792, -4.705967703391121582, 419.7200802417859222 ) ) ;
#6263 = ORIENTED_EDGE ( 'NONE', *, *, #1588, .F. ) ;
#6264 = B_SPLINE_SURFACE_WITH_KNOTS ( 'NONE', 3, 3, ( 
 ( #5091, #1175, #3579, #5999 ),
 ( #2106, #667, #166, #5515 ),
 ( #2220, #2611, #191, #3123 ),
 ( #2189, #1604, #4145, #6082 ),
 ( #1684, #4591, #4063, #4565 ),
 ( #5967, #2133, #4091, #5064 ),
 ( #3667, #3068, #5600, #752 ),
 ( #5572, #218, #2698, #2161 ),
 ( #1656, #4539, #4120, #5007 ),
 ( #1743, #1840, #1405, #5727 ),
 ( #3696, #4276, #5658, #2830 ),
 ( #5691, #3794, #1267, #3210 ),
 ( #5151, #1876, #5629, #5184 ),
 ( #4779, #3274, #3240, #2252 ),
 ( #2354, #6144, #2318, #783 ),
 ( #2728, #4681, #3346, #884 ),
 ( #2868, #922, #3759, #405 ),
 ( #5291, #815, #1805, #4813 ),
 ( #849, #5256, #1369, #1330 ),
 ( #3831, #1299, #4309, #306 ),
 ( #5220, #4745, #4211, #338 ),
 ( #2795, #1773, #4711, #438 ),
 ( #5763, #3726, #2761, #372 ),
 ( #2284, #4178, #6242, #4241 ),
 ( #6175, #6114, #6209, #3310 ),
 ( #4936, #2934, #3027, #3479 ),
 ( #40, #2996, #69, #474 ),
 ( #4378, #3935, #2514, #3901 ),
 ( #4411, #503, #5836, #1949 ),
 ( #567, #3419, #2387, #5356 ),
 ( #1981, #5869, #6279, #2485 ),
 ( #1912, #5418, #1505, #2010 ),
 ( #1440, #97, #5799, #2042 ),
 ( #987, #1474, #4471, #3448 ),
 ( #2423, #3965, #3994, #9 ),
 ( #5327, #1562, #954, #3382 ),
 ( #1048, #1082, #4966, #5450 ),
 ( #1019, #5928, #3510, #4346 ),
 ( #1533, #4880, #3868, #5388 ),
 ( #2966, #2901, #4846, #2454 ),
 ( #4908, #5899, #535, #4442 ),
 ( #5480, #1226, #4081, #4998 ),
 ( #3171, #4137, #237, #631 ),
 ( #1166, #3060, #1111, #2578 ),
 ( #1595, #4581, #1195, #2628 ),
 ( #4556, #128, #4500, #2179 ),
 ( #2071, #6019, #5027, #5958 ),
 ( #3598, #6075, #183, #4531 ),
 ( #4109, #1645, #207, #6046 ),
 ( #158, #2098, #3541, #4053 ),
 ( #5990, #1622, #2151, #601 ),
 ( #2123, #1675, #3141, #2547 ),
 ( #713, #3570, #3628, #5534 ),
 ( #3114, #659, #5507, #1140 ),
 ( #1702, #5052, #4024, #3088 ),
 ( #2602, #685, #3657, #5564 ),
 ( #5083, #2655, #4608, #5591 ),
 ( #1735, #2275, #2919, #4865 ),
 ( #5245, #4638, #360, #4702 ),
 ( #5142, #1288, #4167, #972 ),
 ( #2306, #3747, #3716, #1490 ),
 ( #266, #5679, #1257, #3686 ),
 ( #4395, #6104, #2784, #5715 ),
 ( #4199, #2751, #2210, #2686 ),
 ( #5855, #6197, #491, #329 ),
 ( #4733, #3200, #5620, #772 ),
 ( #2440, #296, #3231, #806 ),
 ( #2241, #4670, #1319, #3298 ),
 ( #5110, #26, #838, #4232 ),
 ( #2719, #1966, #6134, #1795 ),
 ( #4263, #3262, #3921, #1763 ),
 ( #741, #5207, #5174, #5649 ),
 ( #6164, #1829, #3783, #1358 ),
 ( #649, #4985, #2982, #4010 ),
 ( #2592, #4922, #2951, #4517 ),
 ( #3043, #520, #2468, #1129 ),
 ( #3076, #1004, #4457, #2502 ),
 ( #2533, #85, #1522, #619 ),
 ( #3011, #553, #4953, #4427 ),
 ( #3525, #5013, #2563, #145 ),
 ( #5944, #5886, #1996, #3466 ),
 ( #2026, #4546, #3497, #172 ),
 ( #2114, #586, #5974, #3981 ),
 ( #2085, #5495, #1065, #4039 ),
 ( #5404, #4896, #1036, #4488 ),
 ( #5917, #1549, #5434, #116 ),
 ( #2059, #1580, #1611, #5467 ),
 ( #4069, #1098, #3556, #6006 ),
 ( #3434, #3951, #5374, #58 ),
 ( #1156, #5041, #3587, #3105 ),
 ( #1635, #5522, #512, #19 ),
 ( #2910, #4915, #965, #4418 ),
 ( #3457, #2975, #5337, #1541 ),
 ( #107, #1958, #995, #2526 ),
 ( #5367, #5907, #1027, #2461 ),
 ( #4002, #2432, #5936, #576 ),
 ( #3487, #4857, #483, #2018 ) ),
 .UNSPECIFIED., .F., .F., .F.,
 ( 4, 3, 3, 3, 3, 3, 3, 3, 3, 3, 3, 3, 3, 3, 3, 3, 3, 3, 3, 3, 3, 3, 3, 3, 3, 3, 3, 3, 3, 3, 3, 3, 4 ),
 ( 4, 4 ),
 ( 0.000000000000000000, 0.02791170889579897008, 0.04186756334369845511, 0.05582341779159794015, 0.06977927223949742519, 0.07675719946344727873, 0.08373512668739691023, 0.09071305391134676377, 0.09769098113529661731, 0.1046689083592462488, 0.1081578719712212866, 0.1099023537772088055, 0.1107745946802025649, 0.1116468355831961023, 0.1125190764861896398, 0.1133913173891833992, 0.1138274378406802789, 0.1142635582921771586, 0.1151357991951709181, 0.1168802810011584370, 0.1177525219041521964, 0.1186247628071458449, 0.1203692446131332527, 0.1212414855161270122, 0.1221137264191207716, 0.1256026900310955874, 0.1290916536430704031, 0.1325806172550453299, 0.1395585444789950724, 0.1535143989268945575, 0.1674702533747940425, 0.1953819622705930126, 0.2232936711663920937 ),
 ( 0.4820008521744231222, 0.5067138309428409482 ),
 .UNSPECIFIED. ) ;
#6265 = CARTESIAN_POINT ( 'NONE',  ( 324.2083828143348114, 0.6470588412180903193, 222.6689490110520353 ) ) ;
#6266 = CARTESIAN_POINT ( 'NONE',  ( 0.000000000000000000, -6.956796621827982641, 451.7784412453585219 ) ) ;
#6267 = CARTESIAN_POINT ( 'NONE',  ( 324.7593870051871932, 11.59421422680896896, 245.9646858863721093 ) ) ;
#6268 = CARTESIAN_POINT ( 'NONE',  ( 325.7928710829540933, 3.065552809908294929, 223.6856513334718670 ) ) ;
#6269 = VECTOR ( 'NONE', #5262, 1000.000000000000000 ) ;
#6270 = CARTESIAN_POINT ( 'NONE',  ( 0.000000000000000000, 14.38374267723915345, 229.2296430974215298 ) ) ;
#6271 = CARTESIAN_POINT ( 'NONE',  ( 0.000000000000000000, 13.99887089352030856, 338.7147378488038498 ) ) ;
#6272 = DIRECTION ( 'NONE',  ( 1.000000000000000000, -0.000000000000000000, 0.000000000000000000 ) ) ;
#6273 = CARTESIAN_POINT ( 'NONE',  ( 297.4978893973074605, -5.197816889745916491, 237.1489712389813178 ) ) ;
#6274 = CARTESIAN_POINT ( 'NONE',  ( 193.3333333323509464, 4.987358710711697896, 379.3420367611240636 ) ) ;
#6275 = CARTESIAN_POINT ( 'NONE',  ( 294.1813233482400847, 1.042253304200108310, 219.6899487635036792 ) ) ;
#6276 = CARTESIAN_POINT ( 'NONE',  ( 287.3366458159327408, -2.703162417329866951, 225.6962458853493843 ) ) ;
#6277 = EDGE_LOOP ( 'NONE', ( #1338, #686, #5389, #6256 ) ) ;
#6278 = CARTESIAN_POINT ( 'NONE',  ( 320.0370945548290251, -10.19372269697804434, 139.4050437939082201 ) ) ;
#6279 = CARTESIAN_POINT ( 'NONE',  ( 290.8343174072386432, 1.496668829653996280, 221.1337641799495941 ) ) ;
#6280 = ORIENTED_EDGE ( 'NONE', *, *, #1157, .T. ) ;
#6281 = CARTESIAN_POINT ( 'NONE',  ( 305.0370945548290251, -15.22698568568360677, 181.0746316691759432 ) ) ;
#6282 = ORIENTED_EDGE ( 'NONE', *, *, #778, .T. ) ;
#6283 = FACE_OUTER_BOUND ( 'NONE', #988, .T. ) ;
#6284 = CARTESIAN_POINT ( 'NONE',  ( 295.5803609977829751, -5.092286297996111877, 235.8414479923361284 ) ) ;
#6285 = CARTESIAN_POINT ( 'NONE',  ( 319.0370945548290820, -9.998799635744541447, 253.9916444090520429 ) ) ;
#6286 = CARTESIAN_POINT ( 'NONE',  ( 296.2370945548290706, 10.80627730302193612, 104.0050425958546754 ) ) ;
#6287 = VERTEX_POINT ( 'NONE', #2513 ) ;
#6288 = AXIS2_PLACEMENT_3D ( 'NONE', #6148, #1689, #222 ) ;
#6289 = CARTESIAN_POINT ( 'NONE',  ( 323.8370945548290365, -5.193722696978042563, 104.0050425958546754 ) ) ;
#6290 = DIRECTION ( 'NONE',  ( -1.000000000000000000, 0.000000000000000000, 0.000000000000000000 ) ) ;
#6291 = B_SPLINE_CURVE_WITH_KNOTS ( 'NONE', 3,
 ( #3844, #454, #2402, #6294, #5306, #670, #1179, #1631, #169, #4482, #5491, #4006 ),
 .UNSPECIFIED., .F., .F.,
 ( 4, 2, 2, 2, 2, 4 ),
 ( 0.000000000000000000, 0.03125151736276183395, 0.06250303472552366790, 0.09375455208828549492, 0.1093803107696664223, 0.1250060694510472525 ),
 .UNSPECIFIED. ) ;
#6292 = CARTESIAN_POINT ( 'NONE',  ( 324.8370945548288091, -2.345109837018772403, 221.6526517582156259 ) ) ;
#6293 = VERTEX_POINT ( 'NONE', #986 ) ;
#6294 = CARTESIAN_POINT ( 'NONE',  ( 300.0370945548290820, -10.22698110815169414, 181.0737207009941017 ) ) ;
#6295 = CARTESIAN_POINT ( 'NONE',  ( 289.6319816099841660, -5.282442391273535875, 236.9429529677123298 ) ) ;
#6296 = CARTESIAN_POINT ( 'NONE',  ( 294.9618753490194081, -4.303593843793771967, 238.0543505102222639 ) ) ;
#6297 = CARTESIAN_POINT ( 'NONE',  ( 333.4030014105188116, 1.408904724319841373, 223.9373532051066036 ) ) ;
#6298 = CARTESIAN_POINT ( 'NONE',  ( 193.3333333323510885, -5.937811506948676765, 439.6798056192790227 ) ) ;
#6299 = VERTEX_POINT ( 'NONE', #5479 ) ;
#6300 = EDGE_CURVE ( 'NONE', #4409, #1612, #5426, .T. ) ;
#6301 = CARTESIAN_POINT ( 'NONE',  ( 319.6124530998224031, -0.4989366038961531857, 222.1953279259232090 ) ) ;
#6302 = CARTESIAN_POINT ( 'NONE',  ( 579.9999999970530098, -4.843869939650165435, 266.1019293467749094 ) ) ;
#6303 = DIRECTION ( 'NONE',  ( 0.000000000000000000, 0.000000000000000000, -1.000000000000000000 ) ) ;
#6304 = CARTESIAN_POINT ( 'NONE',  ( 324.8370945548290365, -3.248918638393769598, 226.5183346446750932 ) ) ;
#6305 = CARTESIAN_POINT ( 'NONE',  ( 579.9999999970531235, 7.615257880408826452, 334.9895548652660864 ) ) ;
#6306 = VECTOR ( 'NONE', #3745, 1000.000000000000000 ) ;
ENDSEC;
END-ISO-10303-21;
