ISO-10303-21;
HEADER;
FILE_DESCRIPTION (( 'STEP AP214' ),
    '1' );
FILE_NAME ('MOTOR MOUNT TAIL.STEP',
    '2024-04-11T12:18:34',
    ( '' ),
    ( '' ),
    'SwSTEP 2.0',
    'SolidWorks 2023',
    '' );
FILE_SCHEMA (( 'AUTOMOTIVE_DESIGN' ));
ENDSEC;

DATA;
#1 = DIRECTION ( 'NONE',  ( 1.000000000000000000, -0.000000000000000000, -0.000000000000000000 ) ) ;
#2 = CARTESIAN_POINT ( 'NONE',  ( 0.5000000000000014433, -34.32101844892987685, 670.4111691607924968 ) ) ;
#3 = PLANE ( 'NONE',  #2435 ) ;
#4 = CARTESIAN_POINT ( 'NONE',  ( 6.466413761650686709, -15.28464766927631757, 663.7211040771151147 ) ) ;
#5 = EDGE_CURVE ( 'NONE', #299, #1547, #171, .T. ) ;
#6 = CARTESIAN_POINT ( 'NONE',  ( -7.113466811489887576, -16.31968356419417532, 663.7056579774728107 ) ) ;
#7 = FACE_OUTER_BOUND ( 'NONE', #2057, .T. ) ;
#8 = CARTESIAN_POINT ( 'NONE',  ( -5.145305024300605545, -26.12880452540221654, 663.2536565101285078 ) ) ;
#9 = ORIENTED_EDGE ( 'NONE', *, *, #1620, .F. ) ;
#10 = CARTESIAN_POINT ( 'NONE',  ( -2.500516885738477413, -27.61599397973058245, 670.7306245010427119 ) ) ;
#11 = DIRECTION ( 'NONE',  ( -0.000000000000000000, 1.000000000000000000, -0.000000000000000000 ) ) ;
#12 = ADVANCED_FACE ( 'NONE', ( #935 ), #1722, .F. ) ;
#13 = CARTESIAN_POINT ( 'NONE',  ( 0.5000000000000013323, -33.51963541687050707, 670.8397847094983035 ) ) ;
#14 = CARTESIAN_POINT ( 'NONE',  ( -7.999999999999998224, -20.19262522012359184, 658.4400151733843813 ) ) ;
#15 = CARTESIAN_POINT ( 'NONE',  ( 3.924043769576380569, -13.02847851016092839, 661.1503554653760375 ) ) ;
#16 = B_SPLINE_CURVE_WITH_KNOTS ( 'NONE', 3,
 ( #1295, #255, #1060, #2086, #1817, #50, #1432, #1048, #2043, #62 ),
 .UNSPECIFIED., .F., .F.,
 ( 4, 2, 2, 2, 4 ),
 ( 0.03491131514022512150, 0.03605444299423429116, 0.03719757084824346083, 0.03834069870225262355, 0.03948382655626179322 ),
 .UNSPECIFIED. ) ;
#17 = DIRECTION ( 'NONE',  ( 0.000000000000000000, 0.000000000000000000, 1.000000000000000000 ) ) ;
#18 = CARTESIAN_POINT ( 'NONE',  ( 0.5000000000000014433, -34.32049061648729804, 638.0114527625106575 ) ) ;
#19 = CARTESIAN_POINT ( 'NONE',  ( 10.00000000000008882, -31.50000000000000000, 656.7115227970839442 ) ) ;
#20 = FACE_OUTER_BOUND ( 'NONE', #492, .T. ) ;
#21 = AXIS2_PLACEMENT_3D ( 'NONE', #2008, #446, #249 ) ;
#22 = ORIENTED_EDGE ( 'NONE', *, *, #923, .T. ) ;
#23 = CYLINDRICAL_SURFACE ( 'NONE', #1019, 1.600000000000045830 ) ;
#24 = CIRCLE ( 'NONE', #439, 2.800000000000024691 ) ;
#25 = CARTESIAN_POINT ( 'NONE',  ( -2.600648623322489694, -12.43365732182666683, 652.7034484564661625 ) ) ;
#26 = CARTESIAN_POINT ( 'NONE',  ( 1.985537671718923036, -12.24901175270953679, 656.4687774169947261 ) ) ;
#27 = CARTESIAN_POINT ( 'NONE',  ( 6.717514421272338332, -15.65546320075433862, 663.7290372183564386 ) ) ;
#28 = B_SPLINE_CURVE_WITH_KNOTS ( 'NONE', 3,
 ( #596, #1386, #477, #846, #2203, #663, #1867, #1263, #1071, #2261, #279, #888 ),
 .UNSPECIFIED., .F., .F.,
 ( 4, 2, 2, 2, 2, 4 ),
 ( 0.004592331733115757181, 0.005166701438014619473, 0.005741071142913481765, 0.006889810552711228900, 0.008038549962508976035, 0.009187289372306723170 ),
 .UNSPECIFIED. ) ;
#29 = CARTESIAN_POINT ( 'NONE',  ( -5.145305024300605545, -26.12880452540221654, 649.8186276675841100 ) ) ;
#30 = ADVANCED_FACE ( 'NONE', ( #1410 ), #604, .T. ) ;
#31 = FACE_BOUND ( 'NONE', #915, .T. ) ;
#32 = CARTESIAN_POINT ( 'NONE',  ( 4.050736516239566321, -13.10106594597611185, 660.0468421210081260 ) ) ;
#33 = CARTESIAN_POINT ( 'NONE',  ( -6.717514421272122505, -15.65546320075418585, 644.6940083758116771 ) ) ;
#34 = CARTESIAN_POINT ( 'NONE',  ( -672.0146080650777094, -31.50000000000000000, 655.8115227970839669 ) ) ;
#35 = CARTESIAN_POINT ( 'NONE',  ( -8.000000000000000000, -20.25402949014923948, 639.5523959472335491 ) ) ;
#36 = CARTESIAN_POINT ( 'NONE',  ( -6.928231319352287088, -15.98127326223299960, 658.1290372183563022 ) ) ;
#37 = AXIS2_PLACEMENT_3D ( 'NONE', #272, #227, #828 ) ;
#38 = VECTOR ( 'NONE', #2215, 1000.000000000000000 ) ;
#39 = VERTEX_POINT ( 'NONE', #1962 ) ;
#40 = CARTESIAN_POINT ( 'NONE',  ( 3.886613775196898324, -27.01066598374511329, 637.9633939020893649 ) ) ;
#41 = CARTESIAN_POINT ( 'NONE',  ( 7.110978259668293333, -23.68501794793340665, 658.1520732974450993 ) ) ;
#42 = CARTESIAN_POINT ( 'NONE',  ( -2.604662445435022455, -12.43129978660264889, 670.7091134792850653 ) ) ;
#43 = CARTESIAN_POINT ( 'NONE',  ( 6.717514421272174019, -24.34453679924573422, 650.2940083758115861 ) ) ;
#44 = CARTESIAN_POINT ( 'NONE',  ( -4.048153882132561776, -26.90044093818494275, 648.3680317839658755 ) ) ;
#45 = LINE ( 'NONE', #72, #38 ) ;
#46 = CARTESIAN_POINT ( 'NONE',  ( -14.99999999999991118, -31.50000000000000000, 657.2115227970839442 ) ) ;
#47 = CARTESIAN_POINT ( 'NONE',  ( -4.707154506256663318, -13.52939470755477380, 649.4537887017033881 ) ) ;
#48 = CARTESIAN_POINT ( 'NONE',  ( 6.717514421272175795, -6.000000000000000000, 645.8940083758116089 ) ) ;
#49 = CARTESIAN_POINT ( 'NONE',  ( 15.00000000000008882, -34.58834573144440583, 659.5596080141763196 ) ) ;
#50 = CARTESIAN_POINT ( 'NONE',  ( 7.781424339468619777, -21.89650405617028284, 644.9014318362823133 ) ) ;
#51 = ORIENTED_EDGE ( 'NONE', *, *, #872, .F. ) ;
#52 = CARTESIAN_POINT ( 'NONE',  ( 6.717514421272175795, -6.000000000000000000, 647.4940083758116316 ) ) ;
#53 = CARTESIAN_POINT ( 'NONE',  ( -0.4999999999999449329, -31.50000000000000000, 652.6115227970839214 ) ) ;
#54 = FACE_OUTER_BOUND ( 'NONE', #292, .T. ) ;
#55 = CARTESIAN_POINT ( 'NONE',  ( 3.924043769576380569, -13.02847851016092839, 647.7153266228312987 ) ) ;
#56 = DIRECTION ( 'NONE',  ( -0.000000000000000000, 1.000000000000000000, -0.000000000000000000 ) ) ;
#57 = CARTESIAN_POINT ( 'NONE',  ( 6.717514421272175795, -10.00000000000000000, 650.2940083758115861 ) ) ;
#58 = B_SPLINE_CURVE_WITH_KNOTS ( 'NONE', 3,
 ( #635, #1670, #76, #1047, #509, #1642, #1241, #863, #1857, #2264, #1294, #1682, #666, #1446, #2026, #2473, #310, #2084, #693, #1472, #679, #2237, #1487, #891, #1816, #2430 ),
 .UNSPECIFIED., .F., .F.,
 ( 4, 2, 2, 2, 2, 2, 2, 2, 2, 2, 2, 2, 4 ),
 ( 0.01270765368437767884, 0.01350126627952712502, 0.01429487887467656947, 0.01508849146982601565, 0.01588210406497546009, 0.01746932925527440450, 0.01905655444557335237, 0.02064377963587230025, 0.02143739223102173602, 0.02223100482617117180, 0.02302461742132060757, 0.02381823001647004334, 0.02540545520676896346 ),
 .UNSPECIFIED. ) ;
#59 = CARTESIAN_POINT ( 'NONE',  ( 6.897291305955011999E-14, -10.00000000000000000, 654.2115227970839442 ) ) ;
#60 = VERTEX_POINT ( 'NONE', #1949 ) ;
#61 = DIRECTION ( 'NONE',  ( 0.000000000000000000, 0.000000000000000000, 1.000000000000000000 ) ) ;
#62 = CARTESIAN_POINT ( 'NONE',  ( 8.000000000000000000, -20.00000000000001421, 645.0049863308398699 ) ) ;
#63 = B_SPLINE_CURVE_WITH_KNOTS ( 'NONE', 3,
 ( #169, #1781, #1734, #13, #1973, #1545, #178, #2161, #2, #800, #202, #967, #955, #2330, #996, #2126, #1592, #2381 ),
 .UNSPECIFIED., .F., .F.,
 ( 4, 2, 2, 2, 2, 2, 2, 2, 4 ),
 ( 0.006406020040965510615, 0.006796870070694764274, 0.007187720100424018800, 0.007578570130153273327, 0.007969420159882526986, 0.008360270189611780645, 0.008751120219341036038, 0.009141970249070289697, 0.009532820278799543356 ),
 .UNSPECIFIED. ) ;
#64 = EDGE_CURVE ( 'NONE', #401, #1900, #1772, .T. ) ;
#65 = VERTEX_POINT ( 'NONE', #779 ) ;
#66 = ORIENTED_EDGE ( 'NONE', *, *, #2414, .T. ) ;
#67 = CARTESIAN_POINT ( 'NONE',  ( -2.999914615081074043, -12.58376697300769997, 654.4105295066594863 ) ) ;
#68 = DIRECTION ( 'NONE',  ( -1.000000000000000000, -0.000000000000000000, 3.807663176890381357E-17 ) ) ;
#69 = FACE_OUTER_BOUND ( 'NONE', #2517, .T. ) ;
#70 = VECTOR ( 'NONE', #1586, 1000.000000000000000 ) ;
#71 = CARTESIAN_POINT ( 'NONE',  ( -4.124561085223460211, -26.85576709836406906, 648.5728487875808241 ) ) ;
#72 = CARTESIAN_POINT ( 'NONE',  ( 0.5000000000000014433, -62.57625790421916889, 637.5190095051916614 ) ) ;
#73 = LINE ( 'NONE', #1825, #1105 ) ;
#74 = DIRECTION ( 'NONE',  ( 0.000000000000000000, 1.000000000000000000, 0.000000000000000000 ) ) ;
#75 = EDGE_LOOP ( 'NONE', ( #887, #408, #1645, #1818 ) ) ;
#76 = CARTESIAN_POINT ( 'NONE',  ( -0.5352584926220130823, -12.01346781952299203, 637.5179867611310556 ) ) ;
#77 = CARTESIAN_POINT ( 'NONE',  ( 6.717514421272175795, -10.00000000000000000, 663.7290372183563250 ) ) ;
#78 = VERTEX_POINT ( 'NONE', #192 ) ;
#79 = ORIENTED_EDGE ( 'NONE', *, *, #575, .T. ) ;
#80 = EDGE_CURVE ( 'NONE', #270, #759, #1932, .T. ) ;
#81 = CYLINDRICAL_SURFACE ( 'NONE', #37, 2.800000000000024691 ) ;
#82 = CLOSED_SHELL ( 'NONE', ( #163, #2400, #1234, #12, #2366, #376, #1550, #2114, #1365, #407, #1044, #1981, #547, #232, #1803, #277, #2345, #30, #266, #1925, #2186, #2222, #799, #1573, #131, #388, #1112, #1464, #113, #212, #2020, #1863, #1080, #871, #1009, #322, #1966, #1090, #918, #2072, #2493, #1300, #886, #239, #836, #1187, #1982, #406, #2077, #1471, #565, #931 ) ) ;
#83 = PLANE ( 'NONE',  #2006 ) ;
#84 = CARTESIAN_POINT ( 'NONE',  ( -5.608402904181136073, -14.29128823408155569, 663.5056860645546521 ) ) ;
#85 = AXIS2_PLACEMENT_3D ( 'NONE', #667, #1447, #1242 ) ;
#86 = VERTEX_POINT ( 'NONE', #1204 ) ;
#87 = LINE ( 'NONE', #236, #276 ) ;
#88 = ORIENTED_EDGE ( 'NONE', *, *, #2502, .T. ) ;
#89 = CARTESIAN_POINT ( 'NONE',  ( 15.00000000000008704, -33.17258787883593385, 661.5525036579772404 ) ) ;
#90 = EDGE_CURVE ( 'NONE', #1199, #39, #998, .T. ) ;
#91 = DIRECTION ( 'NONE',  ( 0.000000000000000000, 0.000000000000000000, -1.000000000000000000 ) ) ;
#92 = ORIENTED_EDGE ( 'NONE', *, *, #1212, .F. ) ;
#93 = ORIENTED_EDGE ( 'NONE', *, *, #1612, .T. ) ;
#94 = CARTESIAN_POINT ( 'NONE',  ( -7.781270793177832878, -18.10329210083935081, 650.0866159832045241 ) ) ;
#95 = CARTESIAN_POINT ( 'NONE',  ( 3.886613775196907206, -27.01066598374510619, 670.4596516920781824 ) ) ;
#96 = CARTESIAN_POINT ( 'NONE',  ( -11.99999999999990052, -31.50000000000000000, 655.8115227970839669 ) ) ;
#97 = EDGE_CURVE ( 'NONE', #1176, #78, #2290, .T. ) ;
#98 = ORIENTED_EDGE ( 'NONE', *, *, #1880, .T. ) ;
#99 = LINE ( 'NONE', #433, #1958 ) ;
#100 = EDGE_LOOP ( 'NONE', ( #2443, #511 ) ) ;
#101 = ORIENTED_EDGE ( 'NONE', *, *, #755, .T. ) ;
#102 = CARTESIAN_POINT ( 'NONE',  ( 15.00000000000008704, -34.49888763538640291, 659.8868881178901802 ) ) ;
#103 = CARTESIAN_POINT ( 'NONE',  ( 6.717514421272175795, -2.080404050710624286, 663.7290372183563250 ) ) ;
#104 = ORIENTED_EDGE ( 'NONE', *, *, #1620, .T. ) ;
#105 = ORIENTED_EDGE ( 'NONE', *, *, #90, .F. ) ;
#106 = CARTESIAN_POINT ( 'NONE',  ( 6.717514421272175795, -2.080404050710624286, 658.1290372183563022 ) ) ;
#107 = CARTESIAN_POINT ( 'NONE',  ( 1.007864152084095410, -27.95255602447502596, 670.8888237556624290 ) ) ;
#108 = CARTESIAN_POINT ( 'NONE',  ( -0.4999999999999987232, -33.26119142300359499, 637.5318603342740289 ) ) ;
#109 = DIRECTION ( 'NONE',  ( 0.000000000000000000, 0.000000000000000000, 1.000000000000000000 ) ) ;
#110 = CIRCLE ( 'NONE', #804, 3.000000000000002665 ) ;
#111 = VERTEX_POINT ( 'NONE', #1609 ) ;
#112 = AXIS2_PLACEMENT_3D ( 'NONE', #2219, #448, #1238 ) ;
#113 = ADVANCED_FACE ( 'NONE', ( #31, #416 ), #3, .T. ) ;
#114 = AXIS2_PLACEMENT_3D ( 'NONE', #952, #1363, #188 ) ;
#115 = ORIENTED_EDGE ( 'NONE', *, *, #2310, .T. ) ;
#116 = CARTESIAN_POINT ( 'NONE',  ( 5.284515862966233435, -13.98828382967378126, 670.0547484285924611 ) ) ;
#117 = CARTESIAN_POINT ( 'NONE',  ( -6.717514421272120728, -35.00000000000000000, 660.9290372183561431 ) ) ;
#118 = ORIENTED_EDGE ( 'NONE', *, *, #2162, .F. ) ;
#119 = CARTESIAN_POINT ( 'NONE',  ( 4.845714849339484154, -13.63163175137235861, 649.5851123008580998 ) ) ;
#120 = CARTESIAN_POINT ( 'NONE',  ( -0.7810132852857103458, -12.03588088935665112, 657.1147060178417405 ) ) ;
#121 = DIRECTION ( 'NONE',  ( 0.000000000000000000, 0.000000000000000000, -1.000000000000000000 ) ) ;
#122 = CARTESIAN_POINT ( 'NONE',  ( 6.717514421272175795, -41.00000000000000000, 659.3290372183562340 ) ) ;
#123 = EDGE_CURVE ( 'NONE', #2070, #1704, #345, .T. ) ;
#124 = CARTESIAN_POINT ( 'NONE',  ( 5.299551195832446382, -25.99654280042386034, 663.3495381586035364 ) ) ;
#125 = AXIS2_PLACEMENT_3D ( 'NONE', #1758, #1783, #203 ) ;
#126 = EDGE_LOOP ( 'NONE', ( #2252, #2357 ) ) ;
#127 = EDGE_LOOP ( 'NONE', ( #2039, #947 ) ) ;
#128 = EDGE_CURVE ( 'NONE', #1449, #2028, #1153, .T. ) ;
#129 = CARTESIAN_POINT ( 'NONE',  ( 6.897291305955011999E-14, -6.000000000000000000, 654.2115227970839442 ) ) ;
#130 = CARTESIAN_POINT ( 'NONE',  ( -6.717514421272118952, -24.34453679924582303, 663.7290372183562113 ) ) ;
#131 = ADVANCED_FACE ( 'NONE', ( #1167, #1381, #2176 ), #402, .T. ) ;
#132 = ORIENTED_EDGE ( 'NONE', *, *, #639, .F. ) ;
#133 = CARTESIAN_POINT ( 'NONE',  ( -11.99999999999990941, -31.50000000000000000, 654.2115227970839442 ) ) ;
#134 = CARTESIAN_POINT ( 'NONE',  ( 6.897291305955011999E-14, -35.00000000000000000, 654.2115227970839442 ) ) ;
#135 = CARTESIAN_POINT ( 'NONE',  ( -6.717514421272122505, -15.65546320075418585, 658.1290372183561885 ) ) ;
#136 = DIRECTION ( 'NONE',  ( -1.776356839400247506E-15, 0.000000000000000000, -1.000000000000000000 ) ) ;
#137 = CARTESIAN_POINT ( 'NONE',  ( 6.717514421272175795, -10.00000000000000000, 660.9290372183562567 ) ) ;
#138 = ORIENTED_EDGE ( 'NONE', *, *, #1951, .F. ) ;
#139 = FACE_OUTER_BOUND ( 'NONE', #1708, .T. ) ;
#140 = SURFACE_STYLE_USAGE ( .BOTH. , #2110 ) ;
#141 = EDGE_CURVE ( 'NONE', #1210, #2481, #1117, .T. ) ;
#142 = CARTESIAN_POINT ( 'NONE',  ( -11.99999999999990941, -31.50000000000000000, 657.2115227970839442 ) ) ;
#143 = CARTESIAN_POINT ( 'NONE',  ( 2.258125714648561377, -12.32398266330269543, 652.2269009899550838 ) ) ;
#144 = DIRECTION ( 'NONE',  ( -0.000000000000000000, -1.000000000000000000, -0.000000000000000000 ) ) ;
#145 = SHAPE_DEFINITION_REPRESENTATION ( #2218, #2504 ) ;
#146 = LINE ( 'NONE', #1111, #2468 ) ;
#147 = ORIENTED_EDGE ( 'NONE', *, *, #1498, .F. ) ;
#148 = EDGE_LOOP ( 'NONE', ( #881, #115, #1656, #1546 ) ) ;
#149 = CARTESIAN_POINT ( 'NONE',  ( 15.00000000000008704, -33.75890841108105178, 647.2068923435430179 ) ) ;
#150 = AXIS2_PLACEMENT_3D ( 'NONE', #1771, #1155, #945 ) ;
#151 = DIRECTION ( 'NONE',  ( 1.000000000000000000, 0.000000000000000000, 0.000000000000000000 ) ) ;
#152 = DIRECTION ( 'NONE',  ( 0.000000000000000000, 0.000000000000000000, -1.000000000000000000 ) ) ;
#153 = EDGE_CURVE ( 'NONE', #2263, #2331, #2018, .T. ) ;
#154 = ORIENTED_EDGE ( 'NONE', *, *, #592, .F. ) ;
#155 = CARTESIAN_POINT ( 'NONE',  ( 6.717514421272175795, -10.00000000000000178, 647.4940083758116316 ) ) ;
#156 = CYLINDRICAL_SURFACE ( 'NONE', #2050, 2.800000000000024691 ) ;
#157 = DIRECTION ( 'NONE',  ( -0.000000000000000000, -1.000000000000000000, -0.000000000000000000 ) ) ;
#158 = CARTESIAN_POINT ( 'NONE',  ( 10.00000000000008882, -31.50000000000000000, 654.2115227970839442 ) ) ;
#159 = VERTEX_POINT ( 'NONE', #1250 ) ;
#160 = CARTESIAN_POINT ( 'NONE',  ( 4.675409795405649049, -13.50320544007040269, 670.2452641902442565 ) ) ;
#161 = AXIS2_PLACEMENT_3D ( 'NONE', #746, #1115, #2130 ) ;
#162 = CARTESIAN_POINT ( 'NONE',  ( -0.4999999999999987232, -36.88936343914193117, 637.5115227970838987 ) ) ;
#163 = ADVANCED_FACE ( 'NONE', ( #661 ), #2035, .F. ) ;
#164 = CARTESIAN_POINT ( 'NONE',  ( 8.000000000000000000, -20.00000000000000000, 458.9422371214550935 ) ) ;
#165 = EDGE_LOOP ( 'NONE', ( #2494, #1072, #1459, #367, #1757, #2062, #2083, #612, #1906, #1984, #649, #1156, #1104, #1145 ) ) ;
#166 = DIRECTION ( 'NONE',  ( 0.000000000000000000, -1.000000000000000000, 0.000000000000000000 ) ) ;
#167 = CARTESIAN_POINT ( 'NONE',  ( -6.157922407431939860, -25.11289440870379863, 638.6874389020792933 ) ) ;
#168 = CARTESIAN_POINT ( 'NONE',  ( 2.849238344517414312, -12.52003934884367808, 637.7545570238188475 ) ) ;
#169 = CARTESIAN_POINT ( 'NONE',  ( 0.5000000000000014433, -33.00000000000000000, 670.9040360889762269 ) ) ;
#170 = ORIENTED_EDGE ( 'NONE', *, *, #2515, .F. ) ;
#171 = LINE ( 'NONE', #542, #2227 ) ;
#172 = LINE ( 'NONE', #1943, #683 ) ;
#173 = CARTESIAN_POINT ( 'NONE',  ( 0.5000000000000014433, -34.21981647317473829, 637.9288625076065955 ) ) ;
#174 = CARTESIAN_POINT ( 'NONE',  ( 4.442855804424882926, -26.65479875182128211, 649.1393437386032019 ) ) ;
#175 = ORIENTED_EDGE ( 'NONE', *, *, #960, .F. ) ;
#176 = CARTESIAN_POINT ( 'NONE',  ( -7.332080669423469033, -23.21003703958853137, 669.2162415896857510 ) ) ;
#177 = CARTESIAN_POINT ( 'NONE',  ( 4.885338363495953296, -13.65962869441716698, 638.2406939084197575 ) ) ;
#178 = CARTESIAN_POINT ( 'NONE',  ( 0.5000000000000014433, -34.00310944329637408, 670.6390900481925428 ) ) ;
#179 = CARTESIAN_POINT ( 'NONE',  ( 6.897291305955011999E-14, -62.57625790421916889, 654.2115227970839442 ) ) ;
#180 = EDGE_CURVE ( 'NONE', #744, #1484, #262, .T. ) ;
#181 = CARTESIAN_POINT ( 'NONE',  ( 6.054094830020911644, -14.76593648115532886, 663.6536369674751086 ) ) ;
#182 = CARTESIAN_POINT ( 'NONE',  ( -6.717514421272120728, -2.080404050710624286, 644.6940083758116771 ) ) ;
#183 = CARTESIAN_POINT ( 'NONE',  ( -7.863457511034460445, -18.47972224830191834, 644.9385344688320174 ) ) ;
#184 = CIRCLE ( 'NONE', #2172, 1.600000000000045830 ) ;
#185 =( GEOMETRIC_REPRESENTATION_CONTEXT ( 3 ) GLOBAL_UNCERTAINTY_ASSIGNED_CONTEXT ( ( #1069 ) ) GLOBAL_UNIT_ASSIGNED_CONTEXT ( ( #1331, #405, #1953 ) ) REPRESENTATION_CONTEXT ( 'NONE', 'WORKASPACE' ) );
#186 = CARTESIAN_POINT ( 'NONE',  ( -7.972358039713814293, -19.23402626888189104, 658.4252401124617791 ) ) ;
#187 = ORIENTED_EDGE ( 'NONE', *, *, #2295, .F. ) ;
#188 = DIRECTION ( 'NONE',  ( 0.000000000000000000, 0.000000000000000000, 1.000000000000000000 ) ) ;
#189 = CARTESIAN_POINT ( 'NONE',  ( -7.432071566468852808, -22.98522193241270983, 650.2062077137661618 ) ) ;
#190 = EDGE_CURVE ( 'NONE', #1697, #951, #45, .T. ) ;
#191 = CARTESIAN_POINT ( 'NONE',  ( 6.717514421272175795, -10.00000000000000000, 647.4940083758116316 ) ) ;
#192 = CARTESIAN_POINT ( 'NONE',  ( -6.717514421272118952, -24.34453679924582303, 658.1290372183561885 ) ) ;
#193 = CARTESIAN_POINT ( 'NONE',  ( -14.99999999999991118, -34.49481345858454517, 659.8993450528505491 ) ) ;
#194 = CARTESIAN_POINT ( 'NONE',  ( -4.442411348588658271, -13.34485027919556899, 649.1390591112963193 ) ) ;
#195 = CARTESIAN_POINT ( 'NONE',  ( -8.000000000000001776, -19.61496972097103964, 645.0049863308400973 ) ) ;
#196 = AXIS2_PLACEMENT_3D ( 'NONE', #2173, #1376, #399 ) ;
#197 = VECTOR ( 'NONE', #1077, 1000.000000000000000 ) ;
#198 = CARTESIAN_POINT ( 'NONE',  ( -6.199371184168901650, -25.06133946571283033, 658.1739899873732611 ) ) ;
#199 = ORIENTED_EDGE ( 'NONE', *, *, #2156, .T. ) ;
#200 = FACE_BOUND ( 'NONE', #498, .T. ) ;
#201 = CARTESIAN_POINT ( 'NONE',  ( 7.428304371161146946, -22.99426920280527753, 663.6421806971150090 ) ) ;
#202 = CARTESIAN_POINT ( 'NONE',  ( 0.5000000000000014433, -34.59062545915995912, 670.1230452524666816 ) ) ;
#203 = DIRECTION ( 'NONE',  ( 0.000000000000000000, 0.000000000000000000, 1.000000000000000000 ) ) ;
#204 = CARTESIAN_POINT ( 'NONE',  ( -14.99999999999991118, -34.49888763538640291, 648.5361574762775945 ) ) ;
#205 = CARTESIAN_POINT ( 'NONE',  ( -4.438562495957818932, -13.34233567855338443, 645.8545349424908864 ) ) ;
#206 = CARTESIAN_POINT ( 'NONE',  ( -7.112194502078489577, -16.31732005366225025, 644.7172209221049570 ) ) ;
#207 = CARTESIAN_POINT ( 'NONE',  ( -1.521173796351222629, -27.87032269201524670, 637.5736342266285419 ) ) ;
#208 = CARTESIAN_POINT ( 'NONE',  ( -4.445001909756143732, -26.65342435947616551, 659.2804325808029944 ) ) ;
#209 = B_SPLINE_CURVE_WITH_KNOTS ( 'NONE', 3,
 ( #2490, #1505, #545, #2296, #1711, #1956, #1541, #1352, #589, #760 ),
 .UNSPECIFIED., .F., .F.,
 ( 4, 2, 2, 2, 4 ),
 ( 1.398578778534940505E-17, 0.001147311567452617698, 0.002294623134905221518, 0.003441934702357825338, 0.004589246269810429157 ),
 .UNSPECIFIED. ) ;
#210 = ORIENTED_EDGE ( 'NONE', *, *, #1520, .T. ) ;
#211 = FACE_OUTER_BOUND ( 'NONE', #958, .T. ) ;
#212 = ADVANCED_FACE ( 'NONE', ( #859, #1624 ), #2442, .T. ) ;
#213 = CARTESIAN_POINT ( 'NONE',  ( 8.000000000000000000, -20.00000000000000000, 663.4180592633280185 ) ) ;
#214 = CARTESIAN_POINT ( 'NONE',  ( -5.147182511211461531, -13.87278641903858478, 663.2548716945448177 ) ) ;
#215 = CARTESIAN_POINT ( 'NONE',  ( 5.759218791891891343, -14.44311612573629766, 644.8586169192423085 ) ) ;
#216 = CARTESIAN_POINT ( 'NONE',  ( -7.965045878474654728, -20.77148462596199963, 658.4222644719466189 ) ) ;
#217 = CARTESIAN_POINT ( 'NONE',  ( 3.917364426415819612, -13.02473971945957310, 661.0370407891339255 ) ) ;
#218 = CARTESIAN_POINT ( 'NONE',  ( -4.845204729075741845, -13.63130396344869411, 645.4035247022856083 ) ) ;
#219 = DIRECTION ( 'NONE',  ( -0.000000000000000000, -1.000000000000000000, -0.000000000000000000 ) ) ;
#220 = DIRECTION ( 'NONE',  ( -0.000000000000000000, -1.000000000000000000, -0.000000000000000000 ) ) ;
#221 = CARTESIAN_POINT ( 'NONE',  ( -7.112194502078489577, -16.31732005366225025, 658.1522497646493548 ) ) ;
#222 = AXIS2_PLACEMENT_3D ( 'NONE', #1828, #1628, #2068 ) ;
#223 = ORIENTED_EDGE ( 'NONE', *, *, #1415, .T. ) ;
#224 = CARTESIAN_POINT ( 'NONE',  ( -6.717514421272121616, -15.65546320075418585, 663.7290372183562113 ) ) ;
#225 = AXIS2_PLACEMENT_3D ( 'NONE', #648, #1667, #835 ) ;
#226 = B_SPLINE_CURVE_WITH_KNOTS ( 'NONE', 3,
 ( #950, #2316, #1749, #1539, #1161, #735, #1739, #1136, #1902, #1921, #544, #174, #920, #962, #2534, #349, #1350, #928, #1332, #360, #758, #327, #524, #938, #1717, #1728, #1514, #2324, #2101, #552, #1551, #534, #710, #1126 ),
 .UNSPECIFIED., .F., .F.,
 ( 4, 2, 2, 2, 2, 2, 2, 2, 2, 2, 2, 2, 2, 2, 2, 2, 4 ),
 ( 0.02433906349046548179, 0.02499982921857545753, 0.02566059494668543675, 0.02632136067479541597, 0.02698212640290539172, 0.02764289213101536746, 0.02830365785912534668, 0.02896442358723532590, 0.02962518931534530164, 0.03028595504345527739, 0.03094672077156525661, 0.03160748649967523582, 0.03226825222778521157, 0.03292901795589518732, 0.03358978368400517001, 0.03425054941211514575, 0.03491131514022512150 ),
 .UNSPECIFIED. ) ;
#227 = DIRECTION ( 'NONE',  ( -0.000000000000000000, -1.000000000000000000, -0.000000000000000000 ) ) ;
#228 = EDGE_CURVE ( 'NONE', #479, #1845, #2245, .T. ) ;
#229 = DIRECTION ( 'NONE',  ( 0.000000000000000000, 1.000000000000000000, 0.000000000000000000 ) ) ;
#230 = LINE ( 'NONE', #1633, #2300 ) ;
#231 = CARTESIAN_POINT ( 'NONE',  ( 6.717514421272175795, -41.00000000000000000, 645.8940083758116089 ) ) ;
#232 = ADVANCED_FACE ( 'NONE', ( #631 ), #2021, .F. ) ;
#233 = CARTESIAN_POINT ( 'NONE',  ( -0.4999999999999987232, -34.21973448399163686, 670.4942160699285978 ) ) ;
#234 = DIRECTION ( 'NONE',  ( 0.000000000000000000, 0.000000000000000000, -1.000000000000000000 ) ) ;
#235 = CARTESIAN_POINT ( 'NONE',  ( -3.952117397849100655, -13.04435387100523513, 647.9467918748900956 ) ) ;
#236 = CARTESIAN_POINT ( 'NONE',  ( -8.000000000000000000, -20.00000000000000000, 458.9422371214550935 ) ) ;
#237 = DIRECTION ( 'NONE',  ( 0.000000000000000000, 1.000000000000000000, 0.000000000000000000 ) ) ;
#238 = CARTESIAN_POINT ( 'NONE',  ( -4.853252104551499357, -26.36252224057896143, 658.8315577110505501 ) ) ;
#239 = ADVANCED_FACE ( 'NONE', ( #1635 ), #1148, .F. ) ;
#240 = CIRCLE ( 'NONE', #2181, 2.800000000000024691 ) ;
#241 = AXIS2_PLACEMENT_3D ( 'NONE', #179, #2382, #1013 ) ;
#242 = ORIENTED_EDGE ( 'NONE', *, *, #356, .F. ) ;
#243 = CARTESIAN_POINT ( 'NONE',  ( 6.897291305955011999E-14, -6.000000000000000000, 654.2115227970839442 ) ) ;
#244 = CARTESIAN_POINT ( 'NONE',  ( 6.717514421272175795, -35.00000000000000000, 647.4940083758116316 ) ) ;
#245 = CARTESIAN_POINT ( 'NONE',  ( -5.304027986825953889, -13.98903624941637247, 670.0515403276104962 ) ) ;
#246 = CARTESIAN_POINT ( 'NONE',  ( 15.00000000000008882, 139.2225650228594986, 631.4321513639007435 ) ) ;
#247 = DIRECTION ( 'NONE',  ( -0.000000000000000000, -1.000000000000000000, -0.000000000000000000 ) ) ;
#248 = DIRECTION ( 'NONE',  ( -1.000000000000000000, 0.000000000000000000, 3.807663176890381974E-17 ) ) ;
#249 = DIRECTION ( 'NONE',  ( 0.000000000000000000, -0.000000000000000000, -1.000000000000000000 ) ) ;
#250 = EDGE_CURVE ( 'NONE', #65, #479, #454, .T. ) ;
#251 = CARTESIAN_POINT ( 'NONE',  ( -0.4999999999999449329, -31.50000000000000000, 654.2115227970839442 ) ) ;
#252 = CARTESIAN_POINT ( 'NONE',  ( 6.717514421272175795, -10.00000000000000178, 662.5290372183562795 ) ) ;
#253 = ORIENTED_EDGE ( 'NONE', *, *, #1415, .F. ) ;
#254 = CARTESIAN_POINT ( 'NONE',  ( 15.00000000000009592, -34.97212602673059934, 655.5537102890530150 ) ) ;
#255 = CARTESIAN_POINT ( 'NONE',  ( 6.927252639667671907, -24.02023997040812020, 644.6940083758116771 ) ) ;
#256 = VERTEX_POINT ( 'NONE', #1710 ) ;
#257 = EDGE_LOOP ( 'NONE', ( #1078, #1462 ) ) ;
#258 = LINE ( 'NONE', #614, #1239 ) ;
#259 = CARTESIAN_POINT ( 'NONE',  ( -4.040154626359141687, -13.07570529883603250, 670.4215884219800046 ) ) ;
#260 = CARTESIAN_POINT ( 'NONE',  ( 6.897291305955011999E-14, -10.00000000000000000, 654.2115227970839442 ) ) ;
#261 = CARTESIAN_POINT ( 'NONE',  ( 5.605454972077375864, -14.28838409763190143, 644.9186030649443637 ) ) ;
#262 = LINE ( 'NONE', #1055, #1765 ) ;
#263 = CARTESIAN_POINT ( 'NONE',  ( 7.428104410144468872, -17.00527124366507081, 644.7808193195041895 ) ) ;
#264 = CARTESIAN_POINT ( 'NONE',  ( 0.5000000000000014433, -23.92749448530980771, 637.5115227970838987 ) ) ;
#265 = ORIENTED_EDGE ( 'NONE', *, *, #692, .F. ) ;
#266 = ADVANCED_FACE ( 'NONE', ( #338 ), #2305, .F. ) ;
#267 = EDGE_CURVE ( 'NONE', #2466, #1347, #2498, .T. ) ;
#268 = CARTESIAN_POINT ( 'NONE',  ( 15.00000000000008882, -34.97739220201096089, 654.8811070564454440 ) ) ;
#269 = CARTESIAN_POINT ( 'NONE',  ( 6.717514421272175795, -35.00000000000000000, 650.2940083758115861 ) ) ;
#270 = VERTEX_POINT ( 'NONE', #721 ) ;
#271 = ORIENTED_EDGE ( 'NONE', *, *, #2532, .F. ) ;
#272 = CARTESIAN_POINT ( 'NONE',  ( -6.717514421272120728, -2.080404050710624286, 647.4940083758117453 ) ) ;
#273 = CIRCLE ( 'NONE', #1142, 2.800000000000024691 ) ;
#274 = CARTESIAN_POINT ( 'NONE',  ( -2.854621686304610773, -12.52199483931678436, 670.6675932761038439 ) ) ;
#275 = CARTESIAN_POINT ( 'NONE',  ( -6.717514421272121616, -15.65546320075418585, 663.7290372183562113 ) ) ;
#276 = VECTOR ( 'NONE', #2428, 1000.000000000000000 ) ;
#277 = ADVANCED_FACE ( 'NONE', ( #2135 ), #1944, .F. ) ;
#278 = ORIENTED_EDGE ( 'NONE', *, *, #480, .F. ) ;
#279 = CARTESIAN_POINT ( 'NONE',  ( -6.924861347592474736, -24.02393738160358438, 644.6940083758115634 ) ) ;
#280 = ORIENTED_EDGE ( 'NONE', *, *, #787, .T. ) ;
#281 = ORIENTED_EDGE ( 'NONE', *, *, #854, .T. ) ;
#282 = CARTESIAN_POINT ( 'NONE',  ( 15.00000000000008704, -34.07505118897594798, 647.6059117560646428 ) ) ;
#283 = FACE_OUTER_BOUND ( 'NONE', #1264, .T. ) ;
#284 = ORIENTED_EDGE ( 'NONE', *, *, #2436, .T. ) ;
#285 = ORIENTED_EDGE ( 'NONE', *, *, #516, .T. ) ;
#286 = AXIS2_PLACEMENT_3D ( 'NONE', #1847, #287, #2451 ) ;
#287 = DIRECTION ( 'NONE',  ( -0.000000000000000000, -1.000000000000000000, -0.000000000000000000 ) ) ;
#288 = AXIS2_PLACEMENT_3D ( 'NONE', #566, #2121, #2111 ) ;
#289 = CARTESIAN_POINT ( 'NONE',  ( 0.5000000000000014433, -27.98435971133565303, 458.9422371214550935 ) ) ;
#290 = CYLINDRICAL_SURFACE ( 'NONE', #2336, 2.800000000000024691 ) ;
#291 = AXIS2_PLACEMENT_3D ( 'NONE', #2485, #1707, #1349 ) ;
#292 = EDGE_LOOP ( 'NONE', ( #1088, #2288 ) ) ;
#293 = DIRECTION ( 'NONE',  ( 1.000000000000000000, -0.000000000000000000, -0.000000000000000000 ) ) ;
#294 = VERTEX_POINT ( 'NONE', #2511 ) ;
#295 = VERTEX_POINT ( 'NONE', #1503 ) ;
#296 = CARTESIAN_POINT ( 'NONE',  ( -11.99999999999990052, -31.50000000000000000, 654.2115227970839442 ) ) ;
#297 = DIRECTION ( 'NONE',  ( 0.000000000000000000, 0.000000000000000000, -1.000000000000000000 ) ) ;
#298 = EDGE_LOOP ( 'NONE', ( #2446, #2278 ) ) ;
#299 = VERTEX_POINT ( 'NONE', #142 ) ;
#300 = CARTESIAN_POINT ( 'NONE',  ( -2.258315662861205109, -12.32403887714606050, 656.1959277973345479 ) ) ;
#301 = EDGE_CURVE ( 'NONE', #1050, #384, #226, .T. ) ;
#302 = CARTESIAN_POINT ( 'NONE',  ( 2.845308277905651551, -12.52264662883521673, 653.2402188647205321 ) ) ;
#303 = DIRECTION ( 'NONE',  ( -0.000000000000000000, -1.000000000000000000, -0.000000000000000000 ) ) ;
#304 = CARTESIAN_POINT ( 'NONE',  ( 7.971962073866368570, -19.22982825003155227, 649.9980099230510859 ) ) ;
#305 = CARTESIAN_POINT ( 'NONE',  ( 4.703185602634243345, -26.47345732423851317, 658.9734682716831458 ) ) ;
#306 = ORIENTED_EDGE ( 'NONE', *, *, #1229, .F. ) ;
#307 = CARTESIAN_POINT ( 'NONE',  ( -5.761402222482492341, -25.55462157516979005, 644.8578284652538741 ) ) ;
#308 = ORIENTED_EDGE ( 'NONE', *, *, #1490, .T. ) ;
#309 = VERTEX_POINT ( 'NONE', #1309 ) ;
#310 = CARTESIAN_POINT ( 'NONE',  ( -6.925281333163245456, -15.98655317694014322, 639.0145230521397934 ) ) ;
#311 = DIRECTION ( 'NONE',  ( -0.000000000000000000, -1.000000000000000000, -0.000000000000000000 ) ) ;
#312 = ORIENTED_EDGE ( 'NONE', *, *, #1612, .F. ) ;
#313 = CARTESIAN_POINT ( 'NONE',  ( 3.917822232568604512, -13.02499684039330319, 647.2665381393165944 ) ) ;
#314 = CARTESIAN_POINT ( 'NONE',  ( -6.717514421272121616, -15.65546320075418585, 650.2940083758116998 ) ) ;
#315 = FACE_OUTER_BOUND ( 'NONE', #1116, .T. ) ;
#316 = CARTESIAN_POINT ( 'NONE',  ( -6.717514421272120728, -2.080404050710624286, 647.4940083758117453 ) ) ;
#317 = EDGE_CURVE ( 'NONE', #423, #951, #1393, .T. ) ;
#318 = EDGE_CURVE ( 'NONE', #299, #505, #2521, .T. ) ;
#319 = DIRECTION ( 'NONE',  ( 0.000000000000000000, 0.000000000000000000, 1.000000000000000000 ) ) ;
#320 = AXIS2_PLACEMENT_3D ( 'NONE', #1074, #2457, #837 ) ;
#321 = CIRCLE ( 'NONE', #1755, 14.70000000000004547 ) ;
#322 = ADVANCED_FACE ( 'NONE', ( #1968, #1763 ), #1576, .T. ) ;
#323 = ORIENTED_EDGE ( 'NONE', *, *, #1533, .F. ) ;
#324 = CARTESIAN_POINT ( 'NONE',  ( 15.00000000000008882, -33.33972609945981702, 646.9234609553072914 ) ) ;
#325 = DIRECTION ( 'NONE',  ( -0.000000000000000000, 1.000000000000000000, -0.000000000000000000 ) ) ;
#326 = ORIENTED_EDGE ( 'NONE', *, *, #1373, .F. ) ;
#327 = CARTESIAN_POINT ( 'NONE',  ( 4.321860458634954050, -26.73310724099906110, 646.0287960580184290 ) ) ;
#328 = CARTESIAN_POINT ( 'NONE',  ( 0.7855154942607995849, -12.03625859987853808, 651.3093682599781005 ) ) ;
#329 = LINE ( 'NONE', #1467, #1015 ) ;
#330 =( LENGTH_UNIT ( ) NAMED_UNIT ( * ) SI_UNIT ( .MILLI., .METRE. ) );
#331 = CARTESIAN_POINT ( 'NONE',  ( 5.759369448764037891, -25.55672435584113344, 663.5644796677570412 ) ) ;
#332 = CIRCLE ( 'NONE', #942, 1.600000000000045830 ) ;
#333 = AXIS2_PLACEMENT_3D ( 'NONE', #577, #2559, #810 ) ;
#334 = ORIENTED_EDGE ( 'NONE', *, *, #2056, .T. ) ;
#335 = EDGE_CURVE ( 'NONE', #344, #1176, #489, .T. ) ;
#336 = CARTESIAN_POINT ( 'NONE',  ( 2.095816528962648473, -12.27485938158527468, 670.7814665595611814 ) ) ;
#337 = CARTESIAN_POINT ( 'NONE',  ( -8.000000000000001776, -20.38093977418231972, 663.4180592633280185 ) ) ;
#338 = FACE_OUTER_BOUND ( 'NONE', #1380, .T. ) ;
#339 = CARTESIAN_POINT ( 'NONE',  ( 7.949150283898599234, -21.03331217523761509, 668.8986966231491351 ) ) ;
#340 = CARTESIAN_POINT ( 'NONE',  ( -6.717514421272118952, -24.34453679924582303, 650.2940083758116998 ) ) ;
#341 = DIRECTION ( 'NONE',  ( -0.000000000000000000, 1.000000000000000000, -0.000000000000000000 ) ) ;
#342 = CARTESIAN_POINT ( 'NONE',  ( 4.323327371402761798, -26.73216890848650706, 662.3966342829442056 ) ) ;
#343 = ORIENTED_EDGE ( 'NONE', *, *, #772, .T. ) ;
#344 = VERTEX_POINT ( 'NONE', #623 ) ;
#345 = B_SPLINE_CURVE_WITH_KNOTS ( 'NONE', 3,
 ( #584, #1812, #2200, #389, #1596, #2396, #572, #429, #233, #1561, #1358, #766, #791, #2369 ),
 .UNSPECIFIED., .F., .F.,
 ( 4, 2, 2, 2, 2, 2, 4 ),
 ( 0.002976925372718519733, 0.003758762427016342552, 0.004149680954165258298, 0.004540599481314173611, 0.004931518008463088923, 0.005322436535612004235, 0.006104273589909690011 ),
 .UNSPECIFIED. ) ;
#346 = CARTESIAN_POINT ( 'NONE',  ( -6.717514421272120728, -6.000000000000000000, 649.0940083758117680 ) ) ;
#347 = CARTESIAN_POINT ( 'NONE',  ( -6.717514421272120728, -10.00000000000000000, 650.2940083758116998 ) ) ;
#348 = EDGE_CURVE ( 'NONE', #78, #2224, #1183, .T. ) ;
#349 = CARTESIAN_POINT ( 'NONE',  ( 3.944599083704410702, -26.96016507046343236, 647.9422274797235559 ) ) ;
#350 = ORIENTED_EDGE ( 'NONE', *, *, #1909, .T. ) ;
#351 = DIRECTION ( 'NONE',  ( -0.000000000000000000, -1.000000000000000000, -0.000000000000000000 ) ) ;
#352 = DIRECTION ( 'NONE',  ( -3.807663176890381974E-17, 0.000000000000000000, -1.000000000000000000 ) ) ;
#353 = CYLINDRICAL_SURFACE ( 'NONE', #1189, 2.800000000000024691 ) ;
#354 = CARTESIAN_POINT ( 'NONE',  ( 8.000000000000000000, -20.00000000000000000, 649.9830304207832796 ) ) ;
#355 = CIRCLE ( 'NONE', #764, 3.000000000000002665 ) ;
#356 = EDGE_CURVE ( 'NONE', #78, #2066, #821, .T. ) ;
#357 = EDGE_LOOP ( 'NONE', ( #306, #101, #1073, #531 ) ) ;
#358 = VECTOR ( 'NONE', #1288, 1000.000000000000000 ) ;
#359 = DIRECTION ( 'NONE',  ( 0.000000000000000000, 0.000000000000000000, 1.000000000000000000 ) ) ;
#360 = CARTESIAN_POINT ( 'NONE',  ( 4.048231580295200693, -26.90039278112823951, 646.6201428968965956 ) ) ;
#361 = ORIENTED_EDGE ( 'NONE', *, *, #2529, .F. ) ;
#362 = CARTESIAN_POINT ( 'NONE',  ( 6.897291305955011999E-14, -10.00000000000000000, 654.2115227970839442 ) ) ;
#363 = CARTESIAN_POINT ( 'NONE',  ( -0.4999999999999987232, -34.00074081521808012, 637.7825591984116045 ) ) ;
#364 = EDGE_CURVE ( 'NONE', #519, #1704, #1396, .T. ) ;
#365 = CARTESIAN_POINT ( 'NONE',  ( 6.926358259763293113, -24.02162285889162163, 663.7290372183564386 ) ) ;
#366 = CARTESIAN_POINT ( 'NONE',  ( 6.897291305955011999E-14, -6.000000000000000000, 654.2115227970839442 ) ) ;
#367 = ORIENTED_EDGE ( 'NONE', *, *, #1419, .F. ) ;
#368 = B_SPLINE_CURVE_WITH_KNOTS ( 'NONE', 3,
 ( #420, #35, #2513, #374, #1197, #1139, #2124, #1003, #1343, #2011, #2138, #809, #1600, #167, #1208, #555, #1995, #1020, #824, #1801, #1033, #434, #1615, #207, #622, #1936 ),
 .UNSPECIFIED., .F., .F.,
 ( 4, 2, 2, 2, 2, 2, 2, 2, 2, 2, 2, 2, 4 ),
 ( 0.02540545520676896346, 0.02616728830098460565, 0.02692912139520024783, 0.02845278758363153221, 0.02921462067784720562, 0.02997645377206288250, 0.03073828686627855938, 0.03150011996049423280, 0.03302378614892567676, 0.03378561924314135712, 0.03454745233735704441, 0.03607111852578841205, 0.03759478471421978663 ),
 .UNSPECIFIED. ) ;
#369 = CARTESIAN_POINT ( 'NONE',  ( -14.99999999999991473, -33.75890841108101625, 661.2161532506250978 ) ) ;
#370 = CARTESIAN_POINT ( 'NONE',  ( 0.5000000000000014433, -35.00000000000000711, 639.2595969090982635 ) ) ;
#371 = DIRECTION ( 'NONE',  ( -3.552713678800495013E-15, 0.000000000000000000, -1.000000000000000000 ) ) ;
#372 = ORIENTED_EDGE ( 'NONE', *, *, #1490, .F. ) ;
#373 = CARTESIAN_POINT ( 'NONE',  ( -4.305736939591442436, -26.74712720957275636, 670.3484434602517013 ) ) ;
#374 = CARTESIAN_POINT ( 'NONE',  ( -7.938861279759398037, -21.02000439333890469, 639.5191689808312958 ) ) ;
#375 = DIRECTION ( 'NONE',  ( 1.000000000000000000, -0.000000000000000000, -0.000000000000000000 ) ) ;
#376 = ADVANCED_FACE ( 'NONE', ( #20 ), #1601, .F. ) ;
#377 = DIRECTION ( 'NONE',  ( 0.000000000000000000, 0.000000000000000000, 1.000000000000000000 ) ) ;
#378 = ORIENTED_EDGE ( 'NONE', *, *, #470, .T. ) ;
#379 = CARTESIAN_POINT ( 'NONE',  ( -7.992955978332470401, -20.38703889047618034, 658.4363492769214190 ) ) ;
#380 = CARTESIAN_POINT ( 'NONE',  ( 4.323214182924730586, -13.26776032385279791, 659.4616544453213010 ) ) ;
#381 = CARTESIAN_POINT ( 'NONE',  ( 0.5000000000000014433, -35.00000000000000000, 639.5200286593183137 ) ) ;
#382 = CARTESIAN_POINT ( 'NONE',  ( -6.717514421272120728, -2.080404050710624286, 658.1290372183561885 ) ) ;
#383 = EDGE_CURVE ( 'NONE', #1131, #1162, #2109, .T. ) ;
#384 = VERTEX_POINT ( 'NONE', #1474 ) ;
#385 = CARTESIAN_POINT ( 'NONE',  ( -7.938861279759399814, -21.02000439333890469, 668.9038766133363652 ) ) ;
#386 = CARTESIAN_POINT ( 'NONE',  ( 7.109892312162105377, -23.68711068438935285, 663.7061597363476722 ) ) ;
#387 = DIRECTION ( 'NONE',  ( 0.000000000000000000, 0.000000000000000000, -1.000000000000000000 ) ) ;
#388 = ADVANCED_FACE ( 'NONE', ( #849 ), #1629, .F. ) ;
#389 = CARTESIAN_POINT ( 'NONE',  ( -0.4999999999999988343, -34.79823068505553607, 669.7885701332102144 ) ) ;
#390 = CARTESIAN_POINT ( 'NONE',  ( 4.440678891993698585, -13.34372949593658753, 662.5715130272228635 ) ) ;
#391 = CARTESIAN_POINT ( 'NONE',  ( -4.849939976396118624, -13.63491427427768343, 649.5886715972455931 ) ) ;
#392 = DIRECTION ( 'NONE',  ( -0.000000000000000000, 1.000000000000000000, -0.000000000000000000 ) ) ;
#393 = CIRCLE ( 'NONE', #2378, 2.800000000000024691 ) ;
#394 = CIRCLE ( 'NONE', #2509, 2.800000000000024691 ) ;
#395 = CARTESIAN_POINT ( 'NONE',  ( -5.607634174005650785, -25.70948838518545898, 663.5053920797751061 ) ) ;
#396 = ORIENTED_EDGE ( 'NONE', *, *, #1967, .T. ) ;
#397 = DIRECTION ( 'NONE',  ( 0.000000000000000000, -0.000000000000000000, 1.000000000000000000 ) ) ;
#398 = B_SPLINE_CURVE_WITH_KNOTS ( 'NONE', 3,
 ( #1923, #1767, #1163, #385, #2561, #1553, #1150, #176, #1741, #786, #1579, #994, #2123, #964, #1342, #2341, #1375, #1778, #373, #601, #1172, #568, #10, #2536, #2377, #940 ),
 .UNSPECIFIED., .F., .F.,
 ( 4, 2, 2, 2, 2, 2, 2, 2, 2, 2, 2, 2, 4 ),
 ( 0.02540545520676893571, 0.02616728830098457789, 0.02692912139520022355, 0.02845278758363151139, 0.02921462067784718827, 0.02997645377206286516, 0.03073828686627854204, 0.03150011996049421892, 0.03302378614892566289, 0.03378561924314135018, 0.03454745233735703053, 0.03607111852578839817, 0.03759478471421975887 ),
 .UNSPECIFIED. ) ;
#399 = DIRECTION ( 'NONE',  ( 0.000000000000000000, 0.000000000000000000, 1.000000000000000000 ) ) ;
#400 = CARTESIAN_POINT ( 'NONE',  ( 15.00000000000008882, -31.50000000000000000, 654.2115227970839442 ) ) ;
#401 = VERTEX_POINT ( 'NONE', #2416 ) ;
#402 = PLANE ( 'NONE',  #697 ) ;
#403 = CARTESIAN_POINT ( 'NONE',  ( 4.126648258669206371, -13.14551412945142594, 662.0122692637631872 ) ) ;
#404 = CYLINDRICAL_SURFACE ( 'NONE', #1607, 1.600000000000045830 ) ;
#405 =( NAMED_UNIT ( * ) PLANE_ANGLE_UNIT ( ) SI_UNIT ( $, .RADIAN. ) );
#406 = ADVANCED_FACE ( 'NONE', ( #1461 ), #1858, .F. ) ;
#407 = ADVANCED_FACE ( 'NONE', ( #283 ), #652, .F. ) ;
#408 = ORIENTED_EDGE ( 'NONE', *, *, #318, .F. ) ;
#409 = AXIS2_PLACEMENT_3D ( 'NONE', #879, #1671, #452 ) ;
#410 = CARTESIAN_POINT ( 'NONE',  ( -6.717514421272118952, -24.34453679924582303, 663.7290372183562113 ) ) ;
#411 = ORIENTED_EDGE ( 'NONE', *, *, #674, .T. ) ;
#412 = CARTESIAN_POINT ( 'NONE',  ( 6.474553949106614859, -24.72499790300189204, 638.8149268885254060 ) ) ;
#413 = CARTESIAN_POINT ( 'NONE',  ( 6.339389934790505166, -15.11340995889941041, 638.7605251645893532 ) ) ;
#414 = CARTESIAN_POINT ( 'NONE',  ( 7.781277687387635034, -18.10298140513219778, 663.5216683622930987 ) ) ;
#415 = CARTESIAN_POINT ( 'NONE',  ( -3.917044423146645027, -26.97544000659607022, 647.7111150294018671 ) ) ;
#416 = FACE_OUTER_BOUND ( 'NONE', #1491, .T. ) ;
#417 = CARTESIAN_POINT ( 'NONE',  ( -14.99999999999991651, -34.97212602673060644, 652.8693353051152144 ) ) ;
#418 = CARTESIAN_POINT ( 'NONE',  ( 6.717514421272175795, -2.080404050710624286, 650.2940083758115861 ) ) ;
#419 = LINE ( 'NONE', #1207, #2379 ) ;
#420 = CARTESIAN_POINT ( 'NONE',  ( -8.000000000000000000, -20.00000000000000000, 639.5523959472336628 ) ) ;
#421 = EDGE_CURVE ( 'NONE', #1357, #1860, #2440, .T. ) ;
#422 = CARTESIAN_POINT ( 'NONE',  ( -4.439429817960982128, -26.65710836181790810, 662.5698324293374526 ) ) ;
#423 = VERTEX_POINT ( 'NONE', #680 ) ;
#424 = CARTESIAN_POINT ( 'NONE',  ( 5.662540247576169250, -25.65660467017034563, 638.4997923539937119 ) ) ;
#425 = DIRECTION ( 'NONE',  ( -0.000000000000000000, -1.000000000000000000, -0.000000000000000000 ) ) ;
#426 = CARTESIAN_POINT ( 'NONE',  ( -0.2659156428051645538, -11.99999999999999822, 670.9115227970839896 ) ) ;
#427 = DIRECTION ( 'NONE',  ( 0.000000000000000000, 0.000000000000000000, 1.000000000000000000 ) ) ;
#428 = CARTESIAN_POINT ( 'NONE',  ( -6.197800099532198459, -25.06325602686243670, 650.2487581179602785 ) ) ;
#429 = CARTESIAN_POINT ( 'NONE',  ( -0.4999999999999986122, -34.32265466565170442, 670.4096913611097079 ) ) ;
#430 = FACE_OUTER_BOUND ( 'NONE', #2071, .T. ) ;
#431 = EDGE_CURVE ( 'NONE', #1484, #39, #946, .T. ) ;
#432 = CARTESIAN_POINT ( 'NONE',  ( -7.863981901526003959, -18.48208582182507698, 663.4842765574559280 ) ) ;
#433 = CARTESIAN_POINT ( 'NONE',  ( -6.717514421272120728, -2.080404050710624286, 663.7290372183562113 ) ) ;
#434 = CARTESIAN_POINT ( 'NONE',  ( -2.971369785743915859, -27.44461004275986582, 637.7714744485015217 ) ) ;
#435 = CARTESIAN_POINT ( 'NONE',  ( 6.717514421272175795, -2.080404050710624286, 647.4940083758116316 ) ) ;
#436 = ORIENTED_EDGE ( 'NONE', *, *, #1938, .F. ) ;
#437 = CARTESIAN_POINT ( 'NONE',  ( 2.500819941809865554, -27.61593403301583294, 637.6924495244735454 ) ) ;
#438 = CIRCLE ( 'NONE', #561, 2.800000000000024691 ) ;
#439 = AXIS2_PLACEMENT_3D ( 'NONE', #1864, #1529, #1095 ) ;
#440 = CARTESIAN_POINT ( 'NONE',  ( -2.694381559201204368, -12.46695343001608514, 652.8777359920276240 ) ) ;
#441 = EDGE_CURVE ( 'NONE', #1312, #86, #2251, .T. ) ;
#442 = CARTESIAN_POINT ( 'NONE',  ( -11.99999999999990941, -31.50000000000000000, 651.2115227970839442 ) ) ;
#443 = CARTESIAN_POINT ( 'NONE',  ( -3.924869074249597745, -13.02894213564536940, 661.1604795652763187 ) ) ;
#444 = CARTESIAN_POINT ( 'NONE',  ( 5.299577818259615825, -14.00348796312541744, 645.0735033616415421 ) ) ;
#445 = CARTESIAN_POINT ( 'NONE',  ( -11.99999999999990941, -31.50000000000000000, 654.2115227970839442 ) ) ;
#446 = DIRECTION ( 'NONE',  ( 0.000000000000000000, -1.000000000000000000, 0.000000000000000000 ) ) ;
#447 = CARTESIAN_POINT ( 'NONE',  ( -4.699850528027566199, -13.52414204434767164, 645.5419511455145312 ) ) ;
#448 = DIRECTION ( 'NONE',  ( 1.000000000000000000, 0.000000000000000000, 0.000000000000000000 ) ) ;
#449 = ORIENTED_EDGE ( 'NONE', *, *, #1521, .F. ) ;
#450 = CARTESIAN_POINT ( 'NONE',  ( 15.00000000000008882, -34.97735169498700003, 653.5359838878110850 ) ) ;
#451 = AXIS2_PLACEMENT_3D ( 'NONE', #2233, #1424, #462 ) ;
#452 = DIRECTION ( 'NONE',  ( 0.000000000000000000, 0.000000000000000000, 1.000000000000000000 ) ) ;
#453 = VECTOR ( 'NONE', #782, 1000.000000000000000 ) ;
#454 = CIRCLE ( 'NONE', #1190, 1.600000000000045830 ) ;
#455 = ORIENTED_EDGE ( 'NONE', *, *, #722, .T. ) ;
#456 = EDGE_LOOP ( 'NONE', ( #1049, #1351, #706, #1617, #199, #490, #2141, #778, #79, #2013, #1258, #2025 ) ) ;
#457 = CARTESIAN_POINT ( 'NONE',  ( -6.717514421272120728, -10.00000000000000178, 660.9290372183561431 ) ) ;
#458 = CARTESIAN_POINT ( 'NONE',  ( -8.000000000000000000, -20.00000000000000000, 649.9830304207833933 ) ) ;
#459 = CARTESIAN_POINT ( 'NONE',  ( 5.760189378417782891, -14.44412892023675887, 650.1297432086957997 ) ) ;
#460 = CARTESIAN_POINT ( 'NONE',  ( 5.147072759045062895, -13.87266968677315226, 645.1681793085989511 ) ) ;
#461 = EDGE_CURVE ( 'NONE', #963, #1482, #2055, .T. ) ;
#462 = DIRECTION ( 'NONE',  ( 0.000000000000000000, 0.000000000000000000, 1.000000000000000000 ) ) ;
#463 = CARTESIAN_POINT ( 'NONE',  ( 7.780998121853470728, -18.10168308159216721, 644.9012483328713188 ) ) ;
#464 = PLANE ( 'NONE',  #853 ) ;
#465 = ORIENTED_EDGE ( 'NONE', *, *, #1328, .F. ) ;
#466 = DIRECTION ( 'NONE',  ( 1.000000000000000000, -0.000000000000000000, -3.807663176890381974E-17 ) ) ;
#467 = DIRECTION ( 'NONE',  ( 0.000000000000000000, 1.000000000000000000, 0.000000000000000000 ) ) ;
#468 = ORIENTED_EDGE ( 'NONE', *, *, #1243, .T. ) ;
#469 = ORIENTED_EDGE ( 'NONE', *, *, #421, .F. ) ;
#470 = EDGE_CURVE ( 'NONE', #553, #730, #540, .T. ) ;
#471 = CARTESIAN_POINT ( 'NONE',  ( 6.934040705529305977E-14, -12.00000000000000000, 651.2115227970839442 ) ) ;
#472 = CARTESIAN_POINT ( 'NONE',  ( -7.282042759859727710, -16.67747394801624949, 669.2406372457601265 ) ) ;
#473 = CARTESIAN_POINT ( 'NONE',  ( 7.862596789623303550, -18.47523262252286358, 663.4849028312883092 ) ) ;
#474 = CARTESIAN_POINT ( 'NONE',  ( 4.050736516239566321, -13.10106594597611185, 646.6118132784636146 ) ) ;
#475 = DIRECTION ( 'NONE',  ( -0.000000000000000000, 1.000000000000000000, -0.000000000000000000 ) ) ;
#476 = EDGE_LOOP ( 'NONE', ( #449, #1507, #281, #1171 ) ) ;
#477 = CARTESIAN_POINT ( 'NONE',  ( -7.992955978332470401, -20.38703889047618034, 645.0013204343769075 ) ) ;
#478 = ORIENTED_EDGE ( 'NONE', *, *, #2162, .T. ) ;
#479 = VERTEX_POINT ( 'NONE', #495 ) ;
#480 = EDGE_CURVE ( 'NONE', #295, #2163, #1871, .T. ) ;
#481 = CARTESIAN_POINT ( 'NONE',  ( 15.00000000000008704, -34.30943584535472013, 648.0536740545268231 ) ) ;
#482 = CARTESIAN_POINT ( 'NONE',  ( -6.717514421272120728, -2.080404050710624286, 660.9290372183561431 ) ) ;
#483 = ORIENTED_EDGE ( 'NONE', *, *, #64, .F. ) ;
#484 = VERTEX_POINT ( 'NONE', #77 ) ;
#485 = CARTESIAN_POINT ( 'NONE',  ( -1.834088214471195188, -12.21132742103491964, 651.8295066330396139 ) ) ;
#486 = AXIS2_PLACEMENT_3D ( 'NONE', #2285, #2103, #2297 ) ;
#487 = LINE ( 'NONE', #1793, #2425 ) ;
#488 = CARTESIAN_POINT ( 'NONE',  ( -4.124392378652692592, -13.14415290532633307, 659.8509925820721946 ) ) ;
#489 = B_SPLINE_CURVE_WITH_KNOTS ( 'NONE', 3,
 ( #771, #36, #221, #1954, #784, #1034, #2388, #186, #2157, #1565 ),
 .UNSPECIFIED., .F., .F.,
 ( 4, 2, 2, 2, 4 ),
 ( 0.000000000000000000, 0.001148082933278939295, 0.002296165866557878590, 0.003444248799836817886, 0.004592331733115757181 ),
 .UNSPECIFIED. ) ;
#490 = ORIENTED_EDGE ( 'NONE', *, *, #1764, .T. ) ;
#491 = FACE_OUTER_BOUND ( 'NONE', #2328, .T. ) ;
#492 = EDGE_LOOP ( 'NONE', ( #1510, #1291, #1240, #1304 ) ) ;
#493 = ORIENTED_EDGE ( 'NONE', *, *, #2105, .T. ) ;
#494 = CARTESIAN_POINT ( 'NONE',  ( 15.00000000000008882, -33.76297853617327149, 661.2122388888532214 ) ) ;
#495 = CARTESIAN_POINT ( 'NONE',  ( -6.717514421272120728, -10.00000000000000178, 659.3290372183561203 ) ) ;
#496 = EDGE_CURVE ( 'NONE', #1050, #520, #1659, .T. ) ;
#497 = VERTEX_POINT ( 'NONE', #694 ) ;
#498 = EDGE_LOOP ( 'NONE', ( #1830, #1058 ) ) ;
#499 = AXIS2_PLACEMENT_3D ( 'NONE', #2271, #1914, #503 ) ;
#500 = CARTESIAN_POINT ( 'NONE',  ( -2.599512298748770878, -12.43325143253689191, 655.7217346856479026 ) ) ;
#501 = LINE ( 'NONE', #1301, #358 ) ;
#502 = DIRECTION ( 'NONE',  ( 0.000000000000000000, 0.000000000000000000, 1.000000000000000000 ) ) ;
#503 = DIRECTION ( 'NONE',  ( 1.000000000000000000, 0.000000000000000000, 0.000000000000000000 ) ) ;
#504 = CARTESIAN_POINT ( 'NONE',  ( 4.703939444774976053, -26.47288713218793532, 662.8852366185387837 ) ) ;
#505 = VERTEX_POINT ( 'NONE', #636 ) ;
#506 = CARTESIAN_POINT ( 'NONE',  ( -6.598108886335431578, -24.52916140711106863, 644.6940083758116771 ) ) ;
#507 = ORIENTED_EDGE ( 'NONE', *, *, #787, .F. ) ;
#508 = VERTEX_POINT ( 'NONE', #2027 ) ;
#509 = CARTESIAN_POINT ( 'NONE',  ( -1.328229415644575306, -12.10662073722083321, 637.5623995162642359 ) ) ;
#510 = CARTESIAN_POINT ( 'NONE',  ( 10.00000000000000000, -31.50000000000000000, 654.2115227970839442 ) ) ;
#511 = ORIENTED_EDGE ( 'NONE', *, *, #1726, .F. ) ;
#512 = EDGE_CURVE ( 'NONE', #2070, #790, #2314, .T. ) ;
#513 = CARTESIAN_POINT ( 'NONE',  ( -6.926430509986792217, -15.97848885426463106, 650.2940083758116998 ) ) ;
#514 = CARTESIAN_POINT ( 'NONE',  ( 6.717514421272175795, -6.000000000000000000, 649.0940083758116543 ) ) ;
#515 = DIRECTION ( 'NONE',  ( 0.000000000000000000, 0.000000000000000000, -1.000000000000000000 ) ) ;
#516 = EDGE_CURVE ( 'NONE', #384, #1347, #16, .T. ) ;
#517 = CARTESIAN_POINT ( 'NONE',  ( 8.000000000000000000, -19.61324512847622259, 649.9830304207832796 ) ) ;
#518 = CARTESIAN_POINT ( 'NONE',  ( 3.917824990749061875, -26.97500161050717438, 661.1563462610465649 ) ) ;
#519 = VERTEX_POINT ( 'NONE', #1643 ) ;
#520 = VERTEX_POINT ( 'NONE', #269 ) ;
#521 = CARTESIAN_POINT ( 'NONE',  ( 2.602521381064456740, -12.43051342834558959, 670.7094731448037237 ) ) ;
#522 = CARTESIAN_POINT ( 'NONE',  ( -6.925644462446575389, -24.02272653092629184, 663.7290372183562113 ) ) ;
#523 = ORIENTED_EDGE ( 'NONE', *, *, #153, .T. ) ;
#524 = CARTESIAN_POINT ( 'NONE',  ( 4.440566192657230182, -26.65634858088072789, 645.8516694159756071 ) ) ;
#525 = CARTESIAN_POINT ( 'NONE',  ( 0.3956260653550175976, -12.00739768935398288, 651.2310839761418038 ) ) ;
#526 = DIRECTION ( 'NONE',  ( 0.000000000000000000, 0.000000000000000000, -1.000000000000000000 ) ) ;
#527 = CARTESIAN_POINT ( 'NONE',  ( -8.000000000000000000, -20.00000000000000000, 668.8706496469342255 ) ) ;
#528 = CARTESIAN_POINT ( 'NONE',  ( 5.147045757224149476, -26.12734667445729642, 663.2548307643522776 ) ) ;
#529 = EDGE_CURVE ( 'NONE', #905, #2541, #1844, .T. ) ;
#530 = CIRCLE ( 'NONE', #1920, 2.800000000000024691 ) ;
#531 = ORIENTED_EDGE ( 'NONE', *, *, #1646, .T. ) ;
#532 = CARTESIAN_POINT ( 'NONE',  ( 6.717514421272338332, -15.65546320075433862, 650.2940083758116998 ) ) ;
#533 = FILL_AREA_STYLE ('',( #1125 ) ) ;
#534 = CARTESIAN_POINT ( 'NONE',  ( 6.466450496219874111, -24.71529703937302003, 644.7019415958957325 ) ) ;
#535 = CARTESIAN_POINT ( 'NONE',  ( 2.980416316287930911, -12.57579184525622651, 654.6068545258716540 ) ) ;
#536 = CARTESIAN_POINT ( 'NONE',  ( -5.297617963061069801, -14.00171677571453621, 658.5096102664917908 ) ) ;
#537 = EDGE_LOOP ( 'NONE', ( #2128, #1702 ) ) ;
#538 =( NAMED_UNIT ( * ) SI_UNIT ( $, .STERADIAN. ) SOLID_ANGLE_UNIT ( ) );
#539 = CARTESIAN_POINT ( 'NONE',  ( 4.127787175706770562, -26.85380411193546735, 662.0149863733931852 ) ) ;
#540 = CIRCLE ( 'NONE', #1729, 1.600000000000045830 ) ;
#541 = ORIENTED_EDGE ( 'NONE', *, *, #1877, .T. ) ;
#542 = CARTESIAN_POINT ( 'NONE',  ( -11.99999999999990941, -31.50000000000000000, 657.2115227970839442 ) ) ;
#543 = CARTESIAN_POINT ( 'NONE',  ( 6.467088855059054175, -15.28553459605219800, 658.1368850091290597 ) ) ;
#544 = CARTESIAN_POINT ( 'NONE',  ( 4.703939444774976053, -26.47288713218793532, 649.4502077759942722 ) ) ;
#545 = CARTESIAN_POINT ( 'NONE',  ( 7.971966470898990131, -19.22970848201679672, 658.4250360396780479 ) ) ;
#546 = DIRECTION ( 'NONE',  ( 0.000000000000000000, 0.000000000000000000, 1.000000000000000000 ) ) ;
#547 = ADVANCED_FACE ( 'NONE', ( #2334 ), #2291, .F. ) ;
#548 = CARTESIAN_POINT ( 'NONE',  ( 3.944599083704410702, -26.96016507046343236, 661.3772563222680674 ) ) ;
#549 = VERTEX_POINT ( 'NONE', #1908 ) ;
#550 = CARTESIAN_POINT ( 'NONE',  ( 6.897291305955011999E-14, -16.00000000000000000, 654.2115227970839442 ) ) ;
#551 = CARTESIAN_POINT ( 'NONE',  ( -7.780280921116863979, -21.90039774738089662, 663.5220302849207883 ) ) ;
#552 = CARTESIAN_POINT ( 'NONE',  ( 6.054278777035984938, -25.23385556839910393, 644.7693595428764866 ) ) ;
#553 = VERTEX_POINT ( 'NONE', #1147 ) ;
#554 = FACE_BOUND ( 'NONE', #567, .T. ) ;
#555 = CARTESIAN_POINT ( 'NONE',  ( -5.484051704561504259, -25.84567718794440694, 638.4334622804990431 ) ) ;
#556 = B_SPLINE_CURVE_WITH_KNOTS ( 'NONE', 3,
 ( #2000, #2241, #41, #1066, #1604, #2226, #2392, #2031, #2196, #2046 ),
 .UNSPECIFIED., .F., .F.,
 ( 4, 2, 2, 2, 4 ),
 ( 0.03491131514022512150, 0.03605444299423429116, 0.03719757084824346083, 0.03834069870225262355, 0.03948382655626179322 ),
 .UNSPECIFIED. ) ;
#557 = CARTESIAN_POINT ( 'NONE',  ( -8.000000000000000000, -20.00000000000000000, 639.5523959472336628 ) ) ;
#558 = DIRECTION ( 'NONE',  ( -0.000000000000000000, -1.000000000000000000, -0.000000000000000000 ) ) ;
#559 = VECTOR ( 'NONE', #352, 1000.000000000000000 ) ;
#560 = ORIENTED_EDGE ( 'NONE', *, *, #772, .F. ) ;
#561 = AXIS2_PLACEMENT_3D ( 'NONE', #117, #1724, #907 ) ;
#562 = FACE_OUTER_BOUND ( 'NONE', #1388, .T. ) ;
#563 = AXIS2_PLACEMENT_3D ( 'NONE', #155, #351, #2171 ) ;
#564 = DIRECTION ( 'NONE',  ( 0.000000000000000000, 0.000000000000000000, -1.000000000000000000 ) ) ;
#565 = ADVANCED_FACE ( 'NONE', ( #2143, #1512 ), #757, .T. ) ;
#566 = CARTESIAN_POINT ( 'NONE',  ( 0.000000000000000000, -20.00000000000000000, 458.9422371214550935 ) ) ;
#567 = EDGE_LOOP ( 'NONE', ( #2081, #1434 ) ) ;
#568 = CARTESIAN_POINT ( 'NONE',  ( -2.971369785743918079, -27.44461004275986937, 670.6515711456664803 ) ) ;
#569 = LINE ( 'NONE', #2204, #559 ) ;
#570 = CARTESIAN_POINT ( 'NONE',  ( 5.284515862966230770, -13.98828382967378481, 638.3682971655756546 ) ) ;
#571 = CARTESIAN_POINT ( 'NONE',  ( 0.5000000000000014433, -35.00000000000000000, 668.9030169348495747 ) ) ;
#572 = CARTESIAN_POINT ( 'NONE',  ( -0.4999999999999987232, -34.50747647280740438, 670.2245575056372218 ) ) ;
#573 = CIRCLE ( 'NONE', #608, 2.800000000000024691 ) ;
#574 = CARTESIAN_POINT ( 'NONE',  ( -14.99999999999991296, -34.72691199233794634, 658.9138883163174114 ) ) ;
#575 = EDGE_CURVE ( 'NONE', #2066, #905, #1535, .T. ) ;
#576 = LINE ( 'NONE', #1800, #729 ) ;
#577 = CARTESIAN_POINT ( 'NONE',  ( 10.00000000000000000, -35.00000000000000000, 667.5864994325776252 ) ) ;
#578 = ORIENTED_EDGE ( 'NONE', *, *, #2384, .T. ) ;
#579 = EDGE_CURVE ( 'NONE', #790, #2070, #1339, .T. ) ;
#580 = DIRECTION ( 'NONE',  ( 0.000000000000000000, 0.000000000000000000, 1.000000000000000000 ) ) ;
#581 = CARTESIAN_POINT ( 'NONE',  ( -672.0146080650777094, -31.50000000000000000, 654.2115227970839442 ) ) ;
#582 = DIRECTION ( 'NONE',  ( 0.000000000000000000, 0.000000000000000000, -1.000000000000000000 ) ) ;
#583 = EDGE_LOOP ( 'NONE', ( #1595, #170, #2182, #138, #2194, #2495, #1552, #278, #118, #731 ) ) ;
#584 = CARTESIAN_POINT ( 'NONE',  ( -0.4999999999999987232, -35.00000000000000000, 668.9030169348495747 ) ) ;
#585 = CARTESIAN_POINT ( 'NONE',  ( 4.703100420188899733, -13.52648376207474712, 662.8845021355399467 ) ) ;
#586 = DIRECTION ( 'NONE',  ( -0.000000000000000000, -1.000000000000000000, -0.000000000000000000 ) ) ;
#587 = CARTESIAN_POINT ( 'NONE',  ( -3.917997187417534111, -26.97490489812681957, 660.6999722345957480 ) ) ;
#588 = ORIENTED_EDGE ( 'NONE', *, *, #180, .T. ) ;
#589 = CARTESIAN_POINT ( 'NONE',  ( 6.926445609508490087, -15.97851220111597215, 658.1290372183564159 ) ) ;
#590 = DIRECTION ( 'NONE',  ( 0.000000000000000000, 0.000000000000000000, -1.000000000000000000 ) ) ;
#591 = CARTESIAN_POINT ( 'NONE',  ( 6.717514421272174019, -24.34453679924573422, 650.2940083758115861 ) ) ;
#592 = EDGE_CURVE ( 'NONE', #1312, #714, #2184, .T. ) ;
#593 = CARTESIAN_POINT ( 'NONE',  ( -6.717514421272120728, -6.000000000000000000, 647.4940083758117453 ) ) ;
#594 = CARTESIAN_POINT ( 'NONE',  ( 4.321803465929002108, -13.26685681110139292, 662.3941475060704533 ) ) ;
#595 = CARTESIAN_POINT ( 'NONE',  ( -5.297617963061069801, -14.00171677571453621, 645.0745814239475067 ) ) ;
#596 = CARTESIAN_POINT ( 'NONE',  ( -8.000000000000000000, -20.00000000000000000, 645.0049863308399836 ) ) ;
#597 = CIRCLE ( 'NONE', #1062, 2.499999999999946709 ) ;
#598 = PRESENTATION_LAYER_ASSIGNMENT (  '', '', ( #1382 ) ) ;
#599 = CARTESIAN_POINT ( 'NONE',  ( -3.917044423146645027, -26.97544000659607022, 661.1461438719462649 ) ) ;
#600 = ORIENTED_EDGE ( 'NONE', *, *, #1762, .T. ) ;
#601 = CARTESIAN_POINT ( 'NONE',  ( -3.873970835976614957, -27.00395931863699417, 670.4575047324531170 ) ) ;
#602 = CARTESIAN_POINT ( 'NONE',  ( 7.580282915803715049, -17.38992756498043946, 639.3293180532435827 ) ) ;
#603 = CARTESIAN_POINT ( 'NONE',  ( 8.000000000000000000, -20.00000000000001421, 658.4400151733846087 ) ) ;
#604 = CYLINDRICAL_SURFACE ( 'NONE', #241, 16.70000000000004903 ) ;
#605 = CARTESIAN_POINT ( 'NONE',  ( -14.99999999999991118, -33.76297853617326439, 647.2108067053145533 ) ) ;
#606 = CARTESIAN_POINT ( 'NONE',  ( -3.917769611999352808, -13.02496728693011718, 647.6121411733624882 ) ) ;
#607 = DIRECTION ( 'NONE',  ( -0.000000000000000000, 1.000000000000000000, -0.000000000000000000 ) ) ;
#608 = AXIS2_PLACEMENT_3D ( 'NONE', #1508, #2079, #2308 ) ;
#609 = B_SPLINE_CURVE_WITH_KNOTS ( 'NONE', 3,
 ( #471, #1038, #1259, #1420, #670, #1465, #2254, #485, #1081, #1024, #2208, #25, #440, #2419, #641, #1051, #1832, #67, #2294, #1699, #1287, #910, #500, #2074, #300, #696, #1861, #2089, #1478, #2268, #120, #2476, #1298, #2489 ),
 .UNSPECIFIED., .F., .F.,
 ( 4, 2, 2, 2, 2, 2, 2, 2, 2, 2, 2, 2, 2, 2, 2, 2, 4 ),
 ( 0.009466736946203290967, 0.01005828560537189165, 0.01064983426454049233, 0.01124138292370909301, 0.01183293158287769369, 0.01242448024204629436, 0.01301602890121489678, 0.01360757756038349572, 0.01419912621955209814, 0.01479067487872069882, 0.01538222353788929950, 0.01597377219705789844, 0.01656532085622650086, 0.01715686951539509980, 0.01774841817456369875, 0.01833996683373230463, 0.01893151549290090357 ),
 .UNSPECIFIED. ) ;
#610 = CARTESIAN_POINT ( 'NONE',  ( -6.717514421272120728, -10.00000000000000000, 660.9290372183561431 ) ) ;
#611 = CARTESIAN_POINT ( 'NONE',  ( -3.946029155108343733, -26.95935091723543664, 660.4734829949252344 ) ) ;
#612 = ORIENTED_EDGE ( 'NONE', *, *, #2105, .F. ) ;
#613 = CARTESIAN_POINT ( 'NONE',  ( 4.316926603559174680, -26.75349624473124166, 638.0737341799663227 ) ) ;
#614 = CARTESIAN_POINT ( 'NONE',  ( 6.717514421272175795, -2.080404050710624286, 658.1290372183563022 ) ) ;
#615 = EDGE_CURVE ( 'NONE', #1588, #159, #2557, .T. ) ;
#616 = FACE_OUTER_BOUND ( 'NONE', #656, .T. ) ;
#617 = DIRECTION ( 'NONE',  ( 0.000000000000000000, 0.000000000000000000, 1.000000000000000000 ) ) ;
#618 = LINE ( 'NONE', #1203, #2097 ) ;
#619 = DIRECTION ( 'NONE',  ( 3.807663176890381974E-17, 0.000000000000000000, 1.000000000000000000 ) ) ;
#620 = CARTESIAN_POINT ( 'NONE',  ( -14.99999999999990941, -33.98015900040490322, 660.9598327467401759 ) ) ;
#621 = CARTESIAN_POINT ( 'NONE',  ( -4.124392378652692592, -13.14415290532633307, 646.4159637395277969 ) ) ;
#622 = CARTESIAN_POINT ( 'NONE',  ( -1.008032761811027633, -27.95254546572433796, 637.5342268889651223 ) ) ;
#623 = CARTESIAN_POINT ( 'NONE',  ( -6.717514421272122505, -15.65546320075418585, 658.1290372183561885 ) ) ;
#624 = EDGE_CURVE ( 'NONE', #270, #1449, #937, .T. ) ;
#625 = ORIENTED_EDGE ( 'NONE', *, *, #128, .T. ) ;
#626 = CARTESIAN_POINT ( 'NONE',  ( 7.999999999999998224, -20.51551718483552023, 639.5523959472335491 ) ) ;
#627 = FACE_OUTER_BOUND ( 'NONE', #662, .T. ) ;
#628 = CARTESIAN_POINT ( 'NONE',  ( 1.508580516182560727, -12.14177124641751782, 656.8119876356042823 ) ) ;
#629 = CARTESIAN_POINT ( 'NONE',  ( -6.468723619274339143, -15.28781654893227859, 663.7213060565329670 ) ) ;
#630 = CARTESIAN_POINT ( 'NONE',  ( -4.853252104551499357, -26.36252224057896143, 645.3965288685060386 ) ) ;
#631 = FACE_OUTER_BOUND ( 'NONE', #2535, .T. ) ;
#632 = FACE_BOUND ( 'NONE', #100, .T. ) ;
#633 = CARTESIAN_POINT ( 'NONE',  ( -5.759344937370272532, -14.44322206202375725, 650.1294701472367024 ) ) ;
#634 = CYLINDRICAL_SURFACE ( 'NONE', #1018, 1.600000000000045830 ) ;
#635 = CARTESIAN_POINT ( 'NONE',  ( 2.386341041933926282E-14, -11.99999999999939782, 637.5115227970836713 ) ) ;
#636 = CARTESIAN_POINT ( 'NONE',  ( -11.99999999999990941, -31.50000000000000000, 651.2115227970839442 ) ) ;
#637 = VECTOR ( 'NONE', #833, 1000.000000000000000 ) ;
#638 = ORIENTED_EDGE ( 'NONE', *, *, #348, .F. ) ;
#639 = EDGE_CURVE ( 'NONE', #862, #1866, #2053, .T. ) ;
#640 = AXIS2_PLACEMENT_3D ( 'NONE', #2550, #1567, #580 ) ;
#641 = CARTESIAN_POINT ( 'NONE',  ( -2.902594198942476833, -12.54502297975363234, 653.4281319360894713 ) ) ;
#642 = B_SPLINE_CURVE_WITH_KNOTS ( 'NONE', 3,
 ( #732, #1524, #543, #1329, #1146, #2119, #1133, #1929, #1918, #1737, #2531, #1548, #380, #972, #32, #1748, #819, #217, #15, #1950, #959, #1194, #403, #594, #390, #585, #1562, #1597, #803, #1369, #1168, #181, #2190, #4, #2177, #2383 ),
 .UNSPECIFIED., .F., .F.,
 ( 4, 2, 2, 2, 2, 2, 2, 2, 2, 2, 2, 2, 2, 2, 2, 2, 2, 4 ),
 ( 0.004589246269810429157, 0.005250824637146368941, 0.005912403004482308724, 0.006573981371818248508, 0.007235559739154188291, 0.007897138106490128942, 0.008558716473826067858, 0.009220294841162008509, 0.009881873208497947425, 0.01021266239216608168, 0.01054345157583421767, 0.01120502994317080364, 0.01186660831050739134, 0.01252818667784397558, 0.01318976504518056155, 0.01385134341251714751, 0.01451292177985373522, 0.01517450014719032118 ),
 .UNSPECIFIED. ) ;
#643 = CARTESIAN_POINT ( 'NONE',  ( -3.583429099339044299, -12.82805880458352732, 670.5300251247972483 ) ) ;
#644 = CARTESIAN_POINT ( 'NONE',  ( 6.596385520538443181, -15.46817392801684043, 650.2940083758119272 ) ) ;
#645 = CARTESIAN_POINT ( 'NONE',  ( -4.051556810371812922, -26.89844900644490622, 646.6100795054092032 ) ) ;
#646 = CARTESIAN_POINT ( 'NONE',  ( -11.99999999999990052, -31.50000000000000000, 654.2115227970839442 ) ) ;
#647 = CARTESIAN_POINT ( 'NONE',  ( 8.000000000000000000, -20.00000000000001421, 645.0049863308398699 ) ) ;
#648 = CARTESIAN_POINT ( 'NONE',  ( 6.897291305955011999E-14, -10.00000000000000000, 654.2115227970839442 ) ) ;
#649 = ORIENTED_EDGE ( 'NONE', *, *, #2133, .T. ) ;
#650 = CYLINDRICAL_SURFACE ( 'NONE', #320, 2.800000000000024691 ) ;
#651 = EDGE_CURVE ( 'NONE', #2487, #2224, #438, .T. ) ;
#652 = CYLINDRICAL_SURFACE ( 'NONE', #409, 1.600000000000045830 ) ;
#653 = VECTOR ( 'NONE', #684, 1000.000000000000000 ) ;
#654 = AXIS2_PLACEMENT_3D ( 'NONE', #2431, #467, #1267 ) ;
#655 = ORIENTED_EDGE ( 'NONE', *, *, #512, .T. ) ;
#656 = EDGE_LOOP ( 'NONE', ( #1341, #682 ) ) ;
#657 = CARTESIAN_POINT ( 'NONE',  ( 0.000000000000000000, -20.00000000000000000, 458.9422371214550935 ) ) ;
#658 = CARTESIAN_POINT ( 'NONE',  ( -1.328229415644582190, -12.10662073722083321, 670.8606460779033114 ) ) ;
#659 = FACE_BOUND ( 'NONE', #298, .T. ) ;
#660 = CARTESIAN_POINT ( 'NONE',  ( -6.469066259499787641, -24.71173740753043901, 650.2863232987745050 ) ) ;
#661 = FACE_OUTER_BOUND ( 'NONE', #1922, .T. ) ;
#662 = EDGE_LOOP ( 'NONE', ( #1137, #691, #2052, #893, #1448, #1692, #638, #847, #2246, #665 ) ) ;
#663 = CARTESIAN_POINT ( 'NONE',  ( -7.861768008653758244, -21.52924650092948866, 644.9377639620346372 ) ) ;
#664 = ORIENTED_EDGE ( 'NONE', *, *, #1877, .F. ) ;
#665 = ORIENTED_EDGE ( 'NONE', *, *, #854, .F. ) ;
#666 = CARTESIAN_POINT ( 'NONE',  ( -5.304027986825948560, -13.98903624941636714, 638.3715052665575058 ) ) ;
#667 = CARTESIAN_POINT ( 'NONE',  ( -6.717514421272120728, -35.00000000000000000, 647.4940083758117453 ) ) ;
#668 = ORIENTED_EDGE ( 'NONE', *, *, #529, .F. ) ;
#669 = VERTEX_POINT ( 'NONE', #347 ) ;
#670 = CARTESIAN_POINT ( 'NONE',  ( -0.9732414612710750257, -12.05730723246572822, 651.3669870540036300 ) ) ;
#671 = LINE ( 'NONE', #2421, #1475 ) ;
#672 = DIRECTION ( 'NONE',  ( -0.000000000000000000, 1.000000000000000000, -0.000000000000000000 ) ) ;
#673 = EDGE_LOOP ( 'NONE', ( #978, #1560 ) ) ;
#674 = EDGE_CURVE ( 'NONE', #2331, #2263, #1065, .T. ) ;
#675 = EDGE_CURVE ( 'NONE', #1326, #889, #1501, .T. ) ;
#676 = CARTESIAN_POINT ( 'NONE',  ( -672.0146080650777094, -31.50000000000000000, 652.6115227970839214 ) ) ;
#677 = ORIENTED_EDGE ( 'NONE', *, *, #5, .F. ) ;
#678 = ORIENTED_EDGE ( 'NONE', *, *, #2538, .F. ) ;
#679 = CARTESIAN_POINT ( 'NONE',  ( -7.570704760803446121, -17.40129527304409862, 639.3258944245687871 ) ) ;
#680 = CARTESIAN_POINT ( 'NONE',  ( 15.00000000000008704, -33.00000000000000000, 646.8705419361907616 ) ) ;
#681 = EDGE_LOOP ( 'NONE', ( #1244, #1278, #1660, #1166, #2115, #1851, #2403, #826, #1705, #271 ) ) ;
#682 = ORIENTED_EDGE ( 'NONE', *, *, #383, .F. ) ;
#683 = VECTOR ( 'NONE', #2359, 1000.000000000000000 ) ;
#684 = DIRECTION ( 'NONE',  ( -0.000000000000000000, -1.000000000000000000, -0.000000000000000000 ) ) ;
#685 = CIRCLE ( 'NONE', #563, 1.600000000000045830 ) ;
#686 = CARTESIAN_POINT ( 'NONE',  ( 8.000000000000000000, -20.00000000000000000, 668.8706496469342255 ) ) ;
#687 = CARTESIAN_POINT ( 'NONE',  ( -14.99999999999991118, -31.50000000000000000, 654.2115227970839442 ) ) ;
#688 = CARTESIAN_POINT ( 'NONE',  ( 7.429057606517318391, -17.00759014545532821, 650.2069518885631396 ) ) ;
#689 = ORIENTED_EDGE ( 'NONE', *, *, #956, .F. ) ;
#690 = CARTESIAN_POINT ( 'NONE',  ( 15.00000000000008882, -31.50000000000000000, 651.7115227970839442 ) ) ;
#691 = ORIENTED_EDGE ( 'NONE', *, *, #1521, .T. ) ;
#692 = EDGE_CURVE ( 'NONE', #39, #1484, #394, .T. ) ;
#693 = CARTESIAN_POINT ( 'NONE',  ( -7.282042759859723269, -16.67747394801624239, 639.1824083484078756 ) ) ;
#694 = CARTESIAN_POINT ( 'NONE',  ( -0.4999999999999987232, -27.98435971133565658, 637.5190095051916614 ) ) ;
#695 = VERTEX_POINT ( 'NONE', #949 ) ;
#696 = CARTESIAN_POINT ( 'NONE',  ( -1.983088873450600920, -12.24837260230564162, 656.4709942746954994 ) ) ;
#697 = AXIS2_PLACEMENT_3D ( 'NONE', #1192, #1976, #2426 ) ;
#698 = CARTESIAN_POINT ( 'NONE',  ( 5.482719622664768977, -25.83107982766794564, 669.9870836436127775 ) ) ;
#699 = CARTESIAN_POINT ( 'NONE',  ( -0.4999999999999987232, -33.88586495244370411, 637.7212361214453722 ) ) ;
#700 = CARTESIAN_POINT ( 'NONE',  ( 6.717514421272338332, -15.65546320075433862, 650.2940083758116998 ) ) ;
#701 = CARTESIAN_POINT ( 'NONE',  ( -6.925644462446575389, -24.02272653092629184, 650.2940083758116998 ) ) ;
#702 = MANIFOLD_SOLID_BREP ( 'Wytnij-wyci¹gniêcie1', #82 ) ;
#703 = EDGE_CURVE ( 'NONE', #759, #2028, #1761, .T. ) ;
#704 = ORIENTED_EDGE ( 'NONE', *, *, #301, .T. ) ;
#705 = ORIENTED_EDGE ( 'NONE', *, *, #180, .F. ) ;
#706 = ORIENTED_EDGE ( 'NONE', *, *, #811, .T. ) ;
#707 = CARTESIAN_POINT ( 'NONE',  ( 3.570686046626645016, -12.82211151498668933, 670.5326663716485882 ) ) ;
#708 = CARTESIAN_POINT ( 'NONE',  ( -7.972698917407540442, -20.76470673114370058, 663.4326849857286561 ) ) ;
#709 = ORIENTED_EDGE ( 'NONE', *, *, #1747, .T. ) ;
#710 = CARTESIAN_POINT ( 'NONE',  ( 6.596278790363070854, -24.53199109797451527, 644.6940083758115634 ) ) ;
#711 = LINE ( 'NONE', #1492, #653 ) ;
#712 = CARTESIAN_POINT ( 'NONE',  ( 4.316926603559210207, -26.75349624473122745, 670.3493114142015656 ) ) ;
#713 = CARTESIAN_POINT ( 'NONE',  ( -8.000000000000000000, -20.00000000000000000, 658.4400151733844950 ) ) ;
#714 = VERTEX_POINT ( 'NONE', #2522 ) ;
#715 = DIRECTION ( 'NONE',  ( -1.000000000000000000, 0.000000000000000000, -0.000000000000000000 ) ) ;
#716 = CARTESIAN_POINT ( 'NONE',  ( 5.606330024760317166, -25.71077410739819413, 658.3532309570606458 ) ) ;
#717 = ORIENTED_EDGE ( 'NONE', *, *, #1916, .T. ) ;
#718 = ORIENTED_EDGE ( 'NONE', *, *, #1543, .F. ) ;
#719 = CARTESIAN_POINT ( 'NONE',  ( 7.176257300466966527, -16.42585697583753657, 669.2927043913327907 ) ) ;
#720 = DIRECTION ( 'NONE',  ( -0.000000000000000000, 0.000000000000000000, 1.000000000000000000 ) ) ;
#721 = CARTESIAN_POINT ( 'NONE',  ( -6.717514421272120728, -10.00000000000000178, 649.0940083758117680 ) ) ;
#722 = EDGE_CURVE ( 'NONE', #889, #1445, #794, .T. ) ;
#723 = CARTESIAN_POINT ( 'NONE',  ( 2.973849781929984282, -27.44388484917023519, 670.6512209907984925 ) ) ;
#724 = CARTESIAN_POINT ( 'NONE',  ( 6.717514421272175795, -10.00000000000000178, 645.8940083758116089 ) ) ;
#725 =( NAMED_UNIT ( * ) PLANE_ANGLE_UNIT ( ) SI_UNIT ( $, .RADIAN. ) );
#726 = AXIS2_PLACEMENT_3D ( 'NONE', #1649, #2422, #427 ) ;
#727 = CARTESIAN_POINT ( 'NONE',  ( 6.596278790363070854, -24.53199109797451527, 658.1290372183564159 ) ) ;
#728 = AXIS2_PLACEMENT_3D ( 'NONE', #316, #1676, #515 ) ;
#729 = VECTOR ( 'NONE', #1360, 1000.000000000000000 ) ;
#730 = VERTEX_POINT ( 'NONE', #1196 ) ;
#731 = ORIENTED_EDGE ( 'NONE', *, *, #1028, .F. ) ;
#732 = CARTESIAN_POINT ( 'NONE',  ( 6.717514421272177572, -15.65546320075427289, 658.1290372183563022 ) ) ;
#733 = CARTESIAN_POINT ( 'NONE',  ( -7.862184507821483592, -21.52799187735397624, 663.4851026821826281 ) ) ;
#734 = EDGE_CURVE ( 'NONE', #1673, #695, #1327, .T. ) ;
#735 = CARTESIAN_POINT ( 'NONE',  ( 5.759369448764037891, -25.55672435584113344, 650.1294508252120750 ) ) ;
#736 = CARTESIAN_POINT ( 'NONE',  ( 2.383612974910771509, -12.36250188137611516, 652.3795248119350845 ) ) ;
#737 = CARTESIAN_POINT ( 'NONE',  ( -11.99999999999990941, -31.50000000000000000, 654.2115227970839442 ) ) ;
#738 = APPLICATION_PROTOCOL_DEFINITION ( 'draft international standard', 'automotive_design', 1998, #1378 ) ;
#739 = AXIS2_PLACEMENT_3D ( 'NONE', #1456, #56, #1837 ) ;
#740 = B_SPLINE_CURVE_WITH_KNOTS ( 'NONE', 3,
 ( #27, #842, #816, #2004, #2453, #414, #473, #1202, #1011, #2033 ),
 .UNSPECIFIED., .F., .F.,
 ( 4, 2, 2, 2, 4 ),
 ( 0.01517450014719032118, 0.01631892484839091856, 0.01746334954959151767, 0.01860777425079211331, 0.01975219895199271242 ),
 .UNSPECIFIED. ) ;
#741 = CARTESIAN_POINT ( 'NONE',  ( 0.5000000000000014433, -35.00000000000000000, 639.5200286593183137 ) ) ;
#742 = AXIS2_PLACEMENT_3D ( 'NONE', #482, #311, #1282 ) ;
#743 = EDGE_CURVE ( 'NONE', #2331, #553, #1599, .T. ) ;
#744 = VERTEX_POINT ( 'NONE', #2386 ) ;
#745 = DIRECTION ( 'NONE',  ( -0.000000000000000000, 1.000000000000000000, -0.000000000000000000 ) ) ;
#746 = CARTESIAN_POINT ( 'NONE',  ( -6.717514421272120728, -41.00000000000000000, 660.9290372183561431 ) ) ;
#747 = DIRECTION ( 'NONE',  ( 0.000000000000000000, 0.000000000000000000, 1.000000000000000000 ) ) ;
#748 = ORIENTED_EDGE ( 'NONE', *, *, #2273, .F. ) ;
#749 = CYLINDRICAL_SURFACE ( 'NONE', #640, 3.000000000000002665 ) ;
#750 = FACE_OUTER_BOUND ( 'NONE', #583, .T. ) ;
#751 = CARTESIAN_POINT ( 'NONE',  ( 7.563804563229053812, -22.63368026106837760, 663.6005855393434558 ) ) ;
#752 = DIRECTION ( 'NONE',  ( -0.000000000000000000, 1.000000000000000000, -0.000000000000000000 ) ) ;
#753 = VERTEX_POINT ( 'NONE', #1775 ) ;
#754 = EDGE_LOOP ( 'NONE', ( #541, #66 ) ) ;
#755 = EDGE_CURVE ( 'NONE', #1866, #862, #2337, .T. ) ;
#756 = CARTESIAN_POINT ( 'NONE',  ( 0.5322439308989017626, -12.00000000000000178, 670.9115227970839896 ) ) ;
#757 = PLANE ( 'NONE',  #1855 ) ;
#758 = CARTESIAN_POINT ( 'NONE',  ( 4.126642584170974182, -26.85448990992130192, 646.4107779438961643 ) ) ;
#759 = VERTEX_POINT ( 'NONE', #1786 ) ;
#760 = CARTESIAN_POINT ( 'NONE',  ( 6.717514421272177572, -15.65546320075427289, 658.1290372183563022 ) ) ;
#761 = CARTESIAN_POINT ( 'NONE',  ( -0.4999999999999987232, -34.99999999999999289, 639.2574245054253197 ) ) ;
#762 = CYLINDRICAL_SURFACE ( 'NONE', #1852, 1.600000000000045830 ) ;
#763 = DIRECTION ( 'NONE',  ( 1.000000000000000000, 0.000000000000000000, 0.000000000000000000 ) ) ;
#764 = AXIS2_PLACEMENT_3D ( 'NONE', #1542, #237, #1402 ) ;
#765 = ORIENTED_EDGE ( 'NONE', *, *, #2486, .F. ) ;
#766 = CARTESIAN_POINT ( 'NONE',  ( -0.4999999999999987232, -33.52307591385837071, 670.8522676633498349 ) ) ;
#767 = CARTESIAN_POINT ( 'NONE',  ( -14.99999999999991473, -34.07912949014890103, 647.6123789378721085 ) ) ;
#768 = AXIS2_PLACEMENT_3D ( 'NONE', #1188, #2151, #377 ) ;
#769 = DIRECTION ( 'NONE',  ( -0.000000000000000000, 1.000000000000000000, -0.000000000000000000 ) ) ;
#770 = EDGE_CURVE ( 'NONE', #2106, #951, #2373, .T. ) ;
#771 = CARTESIAN_POINT ( 'NONE',  ( -6.717514421272122505, -15.65546320075418585, 658.1290372183561885 ) ) ;
#772 = EDGE_CURVE ( 'NONE', #256, #294, #419, .T. ) ;
#773 = VERTEX_POINT ( 'NONE', #1994 ) ;
#774 = DIRECTION ( 'NONE',  ( 0.000000000000000000, -0.000000000000000000, 1.000000000000000000 ) ) ;
#775 = CARTESIAN_POINT ( 'NONE',  ( 2.095816528962648917, -12.27485938158527290, 637.6415790346068206 ) ) ;
#776 = DIRECTION ( 'NONE',  ( 0.000000000000000000, 0.000000000000000000, 1.000000000000000000 ) ) ;
#777 = EDGE_CURVE ( 'NONE', #111, #309, #2167, .T. ) ;
#778 = ORIENTED_EDGE ( 'NONE', *, *, #356, .T. ) ;
#779 = CARTESIAN_POINT ( 'NONE',  ( -6.717514421272120728, -10.00000000000000178, 662.5290372183561658 ) ) ;
#780 = VECTOR ( 'NONE', #586, 1000.000000000000000 ) ;
#781 = CARTESIAN_POINT ( 'NONE',  ( -14.99999999999991296, -34.97204133863352382, 655.5595816134389224 ) ) ;
#782 = DIRECTION ( 'NONE',  ( -0.000000000000000000, -1.000000000000000000, -0.000000000000000000 ) ) ;
#783 = CARTESIAN_POINT ( 'NONE',  ( 0.5000000000000013323, -34.74860957420553831, 638.5143198237340130 ) ) ;
#784 = CARTESIAN_POINT ( 'NONE',  ( -7.564339125476161385, -17.36777156389862853, 658.2576548792059157 ) ) ;
#785 = ORIENTED_EDGE ( 'NONE', *, *, #1229, .T. ) ;
#786 = CARTESIAN_POINT ( 'NONE',  ( -6.997643745804950299, -23.88529948564109162, 669.3752626203907994 ) ) ;
#787 = EDGE_CURVE ( 'NONE', #1131, #1022, #576, .T. ) ;
#788 = CARTESIAN_POINT ( 'NONE',  ( 7.862631087433076260, -21.52462165744631406, 663.4848876052176365 ) ) ;
#789 = CARTESIAN_POINT ( 'NONE',  ( 7.781255174195583102, -21.89722932254388965, 650.0866581875510519 ) ) ;
#790 = VERTEX_POINT ( 'NONE', #2399 ) ;
#791 = CARTESIAN_POINT ( 'NONE',  ( -0.4999999999999988343, -33.26315702134020569, 670.9040360889764543 ) ) ;
#792 = CARTESIAN_POINT ( 'NONE',  ( -14.99999999999990585, -34.89768324384970555, 657.5789435027611489 ) ) ;
#793 = CARTESIAN_POINT ( 'NONE',  ( -6.717514421272121616, -15.65546320075418585, 663.7290372183562113 ) ) ;
#794 = LINE ( 'NONE', #1979, #70 ) ;
#795 = CARTESIAN_POINT ( 'NONE',  ( -5.758711342487531581, -25.55742659995941324, 663.5642623443678758 ) ) ;
#796 = ORIENTED_EDGE ( 'NONE', *, *, #2150, .F. ) ;
#797 = FACE_BOUND ( 'NONE', #2092, .T. ) ;
#798 = CARTESIAN_POINT ( 'NONE',  ( 8.000000000000000000, -19.46210058701575107, 639.5523959472336628 ) ) ;
#799 = ADVANCED_FACE ( 'NONE', ( #7 ), #1575, .T. ) ;
#800 = CARTESIAN_POINT ( 'NONE',  ( 0.5000000000000014433, -34.50667572422395324, 670.2255186829960394 ) ) ;
#801 = ORIENTED_EDGE ( 'NONE', *, *, #2156, .F. ) ;
#802 = CARTESIAN_POINT ( 'NONE',  ( -7.861768008653758244, -21.52924650092948866, 658.3727928045789213 ) ) ;
#803 = CARTESIAN_POINT ( 'NONE',  ( 5.299706566440070432, -14.00358255856881051, 663.3496473460375000 ) ) ;
#804 = AXIS2_PLACEMENT_3D ( 'NONE', #737, #1530, #2318 ) ;
#805 = CARTESIAN_POINT ( 'NONE',  ( -7.781270793177832878, -18.10329210083935081, 663.5216448257490356 ) ) ;
#806 = CARTESIAN_POINT ( 'NONE',  ( 0.5000000000000014433, -34.00223248723653313, 637.7834315749312282 ) ) ;
#807 = AXIS2_PLACEMENT_3D ( 'NONE', #260, #2048, #1391 ) ;
#808 = AXIS2_PLACEMENT_3D ( 'NONE', #550, #745, #1907 ) ;
#809 = CARTESIAN_POINT ( 'NONE',  ( -6.606307707270314467, -24.51865012490483764, 638.8730737360597232 ) ) ;
#810 = DIRECTION ( 'NONE',  ( 0.000000000000000000, 0.000000000000000000, -1.000000000000000000 ) ) ;
#811 = EDGE_CURVE ( 'NONE', #695, #744, #28, .T. ) ;
#812 = ORIENTED_EDGE ( 'NONE', *, *, #1658, .T. ) ;
#813 = LINE ( 'NONE', #2195, #1887 ) ;
#814 = DIRECTION ( 'NONE',  ( 0.000000000000000000, 0.000000000000000000, 1.000000000000000000 ) ) ;
#815 = CARTESIAN_POINT ( 'NONE',  ( -11.99999999999990941, -31.50000000000000000, 654.2115227970839442 ) ) ;
#816 = CARTESIAN_POINT ( 'NONE',  ( 7.110746903853399914, -16.31452959205094189, 663.7060363941741343 ) ) ;
#817 = CARTESIAN_POINT ( 'NONE',  ( -5.148397199938250957, -26.12615307708381707, 645.1674733094899921 ) ) ;
#818 = CARTESIAN_POINT ( 'NONE',  ( -6.717514421272118952, -24.34453679924582303, 658.1290372183561885 ) ) ;
#819 = CARTESIAN_POINT ( 'NONE',  ( 3.917822232568604512, -13.02499684039330319, 660.7015669818612196 ) ) ;
#820 = EDGE_CURVE ( 'NONE', #2066, #2487, #99, .T. ) ;
#821 = B_SPLINE_CURVE_WITH_KNOTS ( 'NONE', 3,
 ( #2193, #1209, #1387, #198, #825, #2352, #977, #1776, #1021, #238, #2402, #208, #1361, #2362, #1169, #611, #587, #599, #1372, #1403, #1587, #1788, #422, #1983, #1802, #8, #2168, #395, #795, #1616, #2374, #1416, #2180, #410 ),
 .UNSPECIFIED., .F., .F.,
 ( 4, 2, 2, 2, 2, 2, 2, 2, 2, 2, 2, 2, 2, 2, 2, 2, 4 ),
 ( 0.009187289372306723170, 0.009848817595386482465, 0.01051034581846624003, 0.01117187404154599932, 0.01183340226462575688, 0.01249493048770551618, 0.01315645871078527374, 0.01381798693386503303, 0.01447951515694479233, 0.01514104338002454989, 0.01580257160310430745, 0.01646409982618406848, 0.01712562804926382604, 0.01778715627234358360, 0.01844868449542334116, 0.01911021271850309872, 0.01977174094158285975 ),
 .UNSPECIFIED. ) ;
#822 = DIRECTION ( 'NONE',  ( 0.000000000000000000, 0.000000000000000000, 1.000000000000000000 ) ) ;
#823 = CARTESIAN_POINT ( 'NONE',  ( 0.5000000000000014433, -33.00000000000000000, 637.5190095051916614 ) ) ;
#824 = CARTESIAN_POINT ( 'NONE',  ( -4.305736939591483292, -26.74712720957272438, 638.0746021339161871 ) ) ;
#825 = CARTESIAN_POINT ( 'NONE',  ( -6.055511511380387013, -25.23243315753843063, 658.2040881904293883 ) ) ;
#826 = ORIENTED_EDGE ( 'NONE', *, *, #496, .F. ) ;
#827 = DIRECTION ( 'NONE',  ( 0.000000000000000000, 0.000000000000000000, 1.000000000000000000 ) ) ;
#828 = DIRECTION ( 'NONE',  ( 0.000000000000000000, 0.000000000000000000, -1.000000000000000000 ) ) ;
#829 = CARTESIAN_POINT ( 'NONE',  ( 6.717514421272175795, -10.00000000000000178, 659.3290372183562340 ) ) ;
#830 = CYLINDRICAL_SURFACE ( 'NONE', #1974, 1.600000000000045830 ) ;
#831 = CARTESIAN_POINT ( 'NONE',  ( -3.946029155108343733, -26.95935091723543664, 647.0384541523808366 ) ) ;
#832 = DIRECTION ( 'NONE',  ( 1.000000000000000000, -0.000000000000000000, -3.807663176890381974E-17 ) ) ;
#833 = DIRECTION ( 'NONE',  ( 1.000000000000000000, -0.000000000000000000, -0.000000000000000000 ) ) ;
#834 = CARTESIAN_POINT ( 'NONE',  ( -3.943001440138755864, -13.03893665988221784, 647.0556324584104004 ) ) ;
#835 = DIRECTION ( 'NONE',  ( 0.000000000000000000, -0.000000000000000000, 1.000000000000000000 ) ) ;
#836 = ADVANCED_FACE ( 'NONE', ( #1253, #1654 ), #464, .F. ) ;
#837 = DIRECTION ( 'NONE',  ( 0.000000000000000000, 0.000000000000000000, -1.000000000000000000 ) ) ;
#838 = DIRECTION ( 'NONE',  ( 0.000000000000000000, 0.000000000000000000, 1.000000000000000000 ) ) ;
#839 = ORIENTED_EDGE ( 'NONE', *, *, #624, .T. ) ;
#840 = CYLINDRICAL_SURFACE ( 'NONE', #286, 2.800000000000024691 ) ;
#841 = CARTESIAN_POINT ( 'NONE',  ( 6.897291305955011999E-14, -10.00000000000000000, 654.2115227970839442 ) ) ;
#842 = CARTESIAN_POINT ( 'NONE',  ( 6.927048034934948362, -15.97944367014869371, 663.7290372183563250 ) ) ;
#843 = CARTESIAN_POINT ( 'NONE',  ( 3.970252951558739252, -13.05464243644701128, 648.0460398315888142 ) ) ;
#844 = DIRECTION ( 'NONE',  ( 0.000000000000000000, 0.000000000000000000, -1.000000000000000000 ) ) ;
#845 = CARTESIAN_POINT ( 'NONE',  ( 15.00000000000008882, -31.50000000000000000, 654.2115227970839442 ) ) ;
#846 = CARTESIAN_POINT ( 'NONE',  ( -7.965045878474654728, -20.77148462596199963, 644.9872356294023348 ) ) ;
#847 = ORIENTED_EDGE ( 'NONE', *, *, #97, .F. ) ;
#848 = CARTESIAN_POINT ( 'NONE',  ( 15.00000000000009059, -33.98424527182640276, 660.9542678071020418 ) ) ;
#849 = FACE_OUTER_BOUND ( 'NONE', #1170, .T. ) ;
#850 = AXIS2_PLACEMENT_3D ( 'NONE', #610, #1224, #546 ) ;
#851 = VERTEX_POINT ( 'NONE', #48 ) ;
#852 = EDGE_LOOP ( 'NONE', ( #796, #1276, #372, #1691 ) ) ;
#853 = AXIS2_PLACEMENT_3D ( 'NONE', #59, #2444, #1638 ) ;
#854 = EDGE_CURVE ( 'NONE', #2029, #344, #2469, .T. ) ;
#855 = DIRECTION ( 'NONE',  ( 1.000000000000000000, 0.000000000000000000, 0.000000000000000000 ) ) ;
#856 = CARTESIAN_POINT ( 'NONE',  ( 0.3966909462147804044, -12.00749771736723837, 657.1916883073935196 ) ) ;
#857 = CYLINDRICAL_SURFACE ( 'NONE', #726, 1.600000000000045830 ) ;
#858 = CARTESIAN_POINT ( 'NONE',  ( -5.301374701035077130, -25.99493493953595546, 649.9155753949122527 ) ) ;
#859 = FACE_OUTER_BOUND ( 'NONE', #126, .T. ) ;
#860 = EDGE_LOOP ( 'NONE', ( #2483, #1955, #1270, #1149 ) ) ;
#861 = DIRECTION ( 'NONE',  ( 0.000000000000000000, 0.000000000000000000, 1.000000000000000000 ) ) ;
#862 = VERTEX_POINT ( 'NONE', #252 ) ;
#863 = CARTESIAN_POINT ( 'NONE',  ( -2.604662445435014462, -12.43129978660264712, 637.7139321148829367 ) ) ;
#864 = VECTOR ( 'NONE', #747, 1000.000000000000000 ) ;
#865 = CARTESIAN_POINT ( 'NONE',  ( -8.000000000000000000, -20.00000000000000000, 458.9422371214550935 ) ) ;
#866 = B_SPLINE_CURVE_WITH_KNOTS ( 'NONE', 3,
 ( #1519, #1532, #1690, #1926, #1915, #331, #2125, #124, #528, #1130, #504, #1314, #342, #539, #1713, #548, #518, #2094, #914, #922, #1481, #2080, #1336, #305, #1098, #2116, #903, #716, #2514, #1733, #2319, #2272, #727, #1703 ),
 .UNSPECIFIED., .F., .F.,
 ( 4, 2, 2, 2, 2, 2, 2, 2, 2, 2, 2, 2, 2, 2, 2, 2, 4 ),
 ( 0.02433906349046548179, 0.02499982921857545753, 0.02566059494668543675, 0.02632136067479541597, 0.02698212640290539172, 0.02764289213101536746, 0.02830365785912534668, 0.02896442358723532590, 0.02962518931534530164, 0.03028595504345527739, 0.03094672077156525661, 0.03160748649967523582, 0.03226825222778521157, 0.03292901795589518732, 0.03358978368400517001, 0.03425054941211514575, 0.03491131514022512150 ),
 .UNSPECIFIED. ) ;
#867 = VECTOR ( 'NONE', #1899, 1000.000000000000000 ) ;
#868 = VERTEX_POINT ( 'NONE', #690 ) ;
#869 = ORIENTED_EDGE ( 'NONE', *, *, #1135, .F. ) ;
#870 = CARTESIAN_POINT ( 'NONE',  ( 0.5000000000000559552, -31.50000000000000000, 655.8115227970839669 ) ) ;
#871 = ADVANCED_FACE ( 'NONE', ( #1815 ), #2051, .F. ) ;
#872 = EDGE_CURVE ( 'NONE', #2267, #695, #87, .T. ) ;
#873 = LINE ( 'NONE', #442, #1223 ) ;
#874 = CARTESIAN_POINT ( 'NONE',  ( -5.303062273494956180, -14.00657829905172846, 663.3515509449653109 ) ) ;
#875 = VERTEX_POINT ( 'NONE', #1032 ) ;
#876 = DIRECTION ( 'NONE',  ( -0.000000000000000000, -1.000000000000000000, -0.000000000000000000 ) ) ;
#877 = ORIENTED_EDGE ( 'NONE', *, *, #675, .T. ) ;
#878 = CARTESIAN_POINT ( 'NONE',  ( 15.00000000000009237, -33.33976050579440198, 661.4999706675433799 ) ) ;
#879 = CARTESIAN_POINT ( 'NONE',  ( 6.717514421272175795, -41.00000000000000000, 660.9290372183562567 ) ) ;
#880 = ORIENTED_EDGE ( 'NONE', *, *, #461, .F. ) ;
#881 = ORIENTED_EDGE ( 'NONE', *, *, #228, .F. ) ;
#882 = CARTESIAN_POINT ( 'NONE',  ( -7.565357362506227368, -17.37111354580050460, 650.1650295609917976 ) ) ;
#883 = CARTESIAN_POINT ( 'NONE',  ( 1.509054320650511150, -12.14186905260487670, 651.6113609567991034 ) ) ;
#884 = CARTESIAN_POINT ( 'NONE',  ( -6.717514421272120728, -2.080404050710624286, 660.9290372183561431 ) ) ;
#885 = DIRECTION ( 'NONE',  ( 0.000000000000000000, 0.000000000000000000, -1.000000000000000000 ) ) ;
#886 = ADVANCED_FACE ( 'NONE', ( #491, #2038 ), #1627, .F. ) ;
#887 = ORIENTED_EDGE ( 'NONE', *, *, #1836, .F. ) ;
#888 = CARTESIAN_POINT ( 'NONE',  ( -6.717514421272118952, -24.34453679924582303, 644.6940083758116771 ) ) ;
#889 = VERTEX_POINT ( 'NONE', #2455 ) ;
#890 = ORIENTED_EDGE ( 'NONE', *, *, #141, .F. ) ;
#891 = CARTESIAN_POINT ( 'NONE',  ( -7.948002646007817695, -18.94481319046731116, 639.5236558720079074 ) ) ;
#892 = DIRECTION ( 'NONE',  ( -0.000000000000000000, -1.000000000000000000, -0.000000000000000000 ) ) ;
#893 = ORIENTED_EDGE ( 'NONE', *, *, #575, .F. ) ;
#894 = ORIENTED_EDGE ( 'NONE', *, *, #1455, .T. ) ;
#895 = VECTOR ( 'NONE', #1158, 1000.000000000000000 ) ;
#896 = EDGE_CURVE ( 'NONE', #2481, #1860, #2412, .T. ) ;
#897 = CARTESIAN_POINT ( 'NONE',  ( -7.863981901526003959, -18.48208582182507698, 650.0492477149114166 ) ) ;
#898 = AXIS2_PLACEMENT_3D ( 'NONE', #1696, #1886, #1930 ) ;
#899 = AXIS2_PLACEMENT_3D ( 'NONE', #362, #1946, #774 ) ;
#900 = CARTESIAN_POINT ( 'NONE',  ( 2.902624068470905705, -12.54503446914287679, 653.4281906990402149 ) ) ;
#901 = CARTESIAN_POINT ( 'NONE',  ( -0.4999999999999986122, -33.51701914822621120, 637.5826247219240486 ) ) ;
#902 = CARTESIAN_POINT ( 'NONE',  ( 8.000000000000000000, -20.00000000000000000, 649.9830304207832796 ) ) ;
#903 = CARTESIAN_POINT ( 'NONE',  ( 5.299795478388897862, -25.99633597620307057, 658.5083799403075773 ) ) ;
#904 = VERTEX_POINT ( 'NONE', #2248 ) ;
#905 = VERTEX_POINT ( 'NONE', #1469 ) ;
#906 = CARTESIAN_POINT ( 'NONE',  ( 4.885338363495955072, -13.65962869441717231, 670.1823516857479035 ) ) ;
#907 = DIRECTION ( 'NONE',  ( 0.000000000000000000, 0.000000000000000000, -1.000000000000000000 ) ) ;
#908 = ORIENTED_EDGE ( 'NONE', *, *, #592, .T. ) ;
#909 = CARTESIAN_POINT ( 'NONE',  ( 5.299706566440070432, -14.00358255856881051, 649.9146185034928749 ) ) ;
#910 = CARTESIAN_POINT ( 'NONE',  ( -2.693321596657157535, -12.46657664713901603, 655.5472996612162433 ) ) ;
#911 = AXIS2_PLACEMENT_3D ( 'NONE', #445, #248, #2409 ) ;
#912 = DIRECTION ( 'NONE',  ( 0.000000000000000000, 0.000000000000000000, -1.000000000000000000 ) ) ;
#913 = DIRECTION ( 'NONE',  ( 0.000000000000000000, 0.000000000000000000, -1.000000000000000000 ) ) ;
#914 = CARTESIAN_POINT ( 'NONE',  ( 3.944283917831863384, -26.96033216427771251, 660.4841728174857280 ) ) ;
#915 = EDGE_LOOP ( 'NONE', ( #1485, #2266 ) ) ;
#916 = CARTESIAN_POINT ( 'NONE',  ( 6.717514421272175795, -10.00000000000000178, 647.4940083758116316 ) ) ;
#917 = DIRECTION ( 'NONE',  ( 0.000000000000000000, 0.000000000000000000, 1.000000000000000000 ) ) ;
#918 = ADVANCED_FACE ( 'NONE', ( #1045 ), #634, .F. ) ;
#919 = ORIENTED_EDGE ( 'NONE', *, *, #579, .F. ) ;
#920 = CARTESIAN_POINT ( 'NONE',  ( 4.323327371402761798, -26.73216890848650706, 648.9616054403994667 ) ) ;
#921 = CARTESIAN_POINT ( 'NONE',  ( 7.240582331449602727, -23.43874337750034798, 669.2616787682624135 ) ) ;
#922 = CARTESIAN_POINT ( 'NONE',  ( 4.048231580295200693, -26.90039278112823951, 660.0551717394411071 ) ) ;
#923 = EDGE_CURVE ( 'NONE', #730, #553, #1885, .T. ) ;
#924 = EDGE_LOOP ( 'NONE', ( #104, #1087, #350, #1468, #919, #2175 ) ) ;
#925 = CARTESIAN_POINT ( 'NONE',  ( 7.101807321412620454E-14, -6.000000000000000000, 637.5115227970838987 ) ) ;
#926 = PRESENTATION_STYLE_ASSIGNMENT (( #140 ) ) ;
#927 = B_SPLINE_CURVE_WITH_KNOTS ( 'NONE', 3,
 ( #213, #2343, #1937, #788, #1959, #751, #201, #386, #365, #2551 ),
 .UNSPECIFIED., .F., .F.,
 ( 4, 2, 2, 2, 4 ),
 ( 0.01975219895199271242, 0.02089891508661090302, 0.02204563122122909710, 0.02319234735584729118, 0.02433906349046548179 ),
 .UNSPECIFIED. ) ;
#928 = CARTESIAN_POINT ( 'NONE',  ( 3.917209168526575969, -26.97534747913871556, 647.2744160268624682 ) ) ;
#929 = CARTESIAN_POINT ( 'NONE',  ( 6.171927749266664875, -25.11404552755289998, 669.7333992991328842 ) ) ;
#930 = DIRECTION ( 'NONE',  ( 0.000000000000000000, 0.000000000000000000, -1.000000000000000000 ) ) ;
#931 = ADVANCED_FACE ( 'NONE', ( #2024, #2064 ), #1826, .T. ) ;
#932 = DIRECTION ( 'NONE',  ( 0.000000000000000000, 0.000000000000000000, 1.000000000000000000 ) ) ;
#933 = AXIS2_PLACEMENT_3D ( 'NONE', #1813, #2234, #2022 ) ;
#934 = MECHANICAL_DESIGN_GEOMETRIC_PRESENTATION_REPRESENTATION (  '', ( #1382 ), #185 ) ;
#935 = FACE_OUTER_BOUND ( 'NONE', #2471, .T. ) ;
#936 = CARTESIAN_POINT ( 'NONE',  ( 6.930290934555863203, -15.96994843783125440, 669.4089208011351957 ) ) ;
#937 = LINE ( 'NONE', #2497, #1555 ) ;
#938 = CARTESIAN_POINT ( 'NONE',  ( 4.703185602634243345, -26.47345732423851317, 645.5384394291386343 ) ) ;
#939 = ORIENTED_EDGE ( 'NONE', *, *, #2085, .T. ) ;
#940 = CARTESIAN_POINT ( 'NONE',  ( -0.4999999999999987232, -27.98435971133565658, 670.9040360889762269 ) ) ;
#941 = CARTESIAN_POINT ( 'NONE',  ( -0.4999999999999988343, -34.59122829732065441, 638.3007851086965729 ) ) ;
#942 = AXIS2_PLACEMENT_3D ( 'NONE', #52, #2059, #1806 ) ;
#943 = CARTESIAN_POINT ( 'NONE',  ( 6.897291305955011999E-14, -10.00000000000000000, 654.2115227970839442 ) ) ;
#944 = EDGE_CURVE ( 'NONE', #2028, #1449, #2132, .T. ) ;
#945 = DIRECTION ( 'NONE',  ( 0.000000000000000000, 0.000000000000000000, 1.000000000000000000 ) ) ;
#946 = CIRCLE ( 'NONE', #85, 2.800000000000024691 ) ;
#947 = ORIENTED_EDGE ( 'NONE', *, *, #1967, .F. ) ;
#948 = CARTESIAN_POINT ( 'NONE',  ( 7.580282915803719490, -17.38992756498044656, 669.0937275409246467 ) ) ;
#949 = CARTESIAN_POINT ( 'NONE',  ( -8.000000000000000000, -20.00000000000000000, 645.0049863308399836 ) ) ;
#950 = CARTESIAN_POINT ( 'NONE',  ( 6.717514421272174019, -24.34453679924573422, 650.2940083758115861 ) ) ;
#951 = VERTEX_POINT ( 'NONE', #1086 ) ;
#952 = CARTESIAN_POINT ( 'NONE',  ( -6.717514421272120728, -41.00000000000000000, 647.4940083758117453 ) ) ;
#953 = CARTESIAN_POINT ( 'NONE',  ( 15.00000000000010836, -10.00000000000000000, 646.8705419361907616 ) ) ;
#954 = CARTESIAN_POINT ( 'NONE',  ( -7.862184507821483592, -21.52799187735397624, 650.0500738396381166 ) ) ;
#955 = CARTESIAN_POINT ( 'NONE',  ( 0.5000000000000014433, -34.79727154362701924, 669.7907485872430016 ) ) ;
#956 = EDGE_CURVE ( 'NONE', #744, #1199, #1451, .T. ) ;
#957 = ORIENTED_EDGE ( 'NONE', *, *, #496, .T. ) ;
#958 = EDGE_LOOP ( 'NONE', ( #175, #396, #1730, #578 ) ) ;
#959 = CARTESIAN_POINT ( 'NONE',  ( 3.970252951558739252, -13.05464243644701128, 661.4810686741333257 ) ) ;
#960 = EDGE_CURVE ( 'NONE', #1132, #851, #1811, .T. ) ;
#961 = CARTESIAN_POINT ( 'NONE',  ( 0.5000000000000013323, -33.26045566008190235, 637.5190095051915478 ) ) ;
#962 = CARTESIAN_POINT ( 'NONE',  ( 4.127787175706770562, -26.85380411193546735, 648.5799575308485601 ) ) ;
#963 = VERTEX_POINT ( 'NONE', #2088 ) ;
#964 = CARTESIAN_POINT ( 'NONE',  ( -6.157922407431939860, -25.11289440870379508, 669.7356066920885951 ) ) ;
#965 = PRODUCT_RELATED_PRODUCT_CATEGORY ( 'part', '', ( #1559 ) ) ;
#966 = CARTESIAN_POINT ( 'NONE',  ( 3.570686046626644572, -12.82211151498669466, 637.8903792225194138 ) ) ;
#967 = CARTESIAN_POINT ( 'NONE',  ( 0.5000000000000014433, -34.73535184305868029, 669.9063176574899217 ) ) ;
#968 = AXIS2_PLACEMENT_3D ( 'NONE', #366, #1948, #776 ) ;
#969 = ORIENTED_EDGE ( 'NONE', *, *, #615, .T. ) ;
#970 = DIRECTION ( 'NONE',  ( 0.000000000000000000, 0.000000000000000000, 1.000000000000000000 ) ) ;
#971 = COLOUR_RGB ( '',0.7921568627450980005, 0.8196078431372548767, 0.9333333333333333481 ) ;
#972 = CARTESIAN_POINT ( 'NONE',  ( 4.127864347239634135, -13.14624425155667176, 659.8429440694903860 ) ) ;
#973 = CIRCLE ( 'NONE', #1557, 2.800000000000024691 ) ;
#974 = CARTESIAN_POINT ( 'NONE',  ( -4.130287784806099260, -13.14770109660747011, 648.5857601600745284 ) ) ;
#975 = CARTESIAN_POINT ( 'NONE',  ( 6.897291305955011999E-14, -16.00000000000000000, 657.2115227970839442 ) ) ;
#976 = EDGE_CURVE ( 'NONE', #484, #2524, #618, .T. ) ;
#977 = CARTESIAN_POINT ( 'NONE',  ( -5.610112810689961371, -25.70710256179062014, 658.3515485126588374 ) ) ;
#978 = ORIENTED_EDGE ( 'NONE', *, *, #923, .F. ) ;
#979 = FACE_BOUND ( 'NONE', #2353, .T. ) ;
#980 = DIRECTION ( 'NONE',  ( 0.000000000000000000, 0.000000000000000000, -1.000000000000000000 ) ) ;
#981 = CARTESIAN_POINT ( 'NONE',  ( -6.717514421272122505, -15.65546320075418585, 644.6940083758116771 ) ) ;
#982 = B_SPLINE_CURVE_WITH_KNOTS ( 'NONE', 3,
 ( #700, #1324, #2023, #688, #2479, #2503, #1531, #304, #517, #902 ),
 .UNSPECIFIED., .F., .F.,
 ( 4, 2, 2, 2, 4 ),
 ( 0.01517450014719032118, 0.01631892484839091856, 0.01746334954959151767, 0.01860777425079211331, 0.01975219895199271242 ),
 .UNSPECIFIED. ) ;
#983 = EDGE_LOOP ( 'NONE', ( #1191, #1868, #839, #625 ) ) ;
#984 = CARTESIAN_POINT ( 'NONE',  ( 6.717514421272175795, -41.00000000000000000, 649.0940083758116543 ) ) ;
#985 = AXIS2_PLACEMENT_3D ( 'NONE', #1743, #1, #980 ) ;
#986 = VECTOR ( 'NONE', #2548, 1000.000000000000000 ) ;
#987 = CARTESIAN_POINT ( 'NONE',  ( -14.99999999999990585, -34.30943584535469171, 660.3693715396409516 ) ) ;
#988 = B_SPLINE_CURVE_WITH_KNOTS ( 'NONE', 3,
 ( #1016, #2166, #1181, #432, #805, #1799, #1220, #6, #1964, #793 ),
 .UNSPECIFIED., .F., .F.,
 ( 4, 2, 2, 2, 4 ),
 ( 0.02434523322674529699, 0.02548885563100302537, 0.02663247803526075722, 0.02777610043951848906, 0.02891972284377621744 ),
 .UNSPECIFIED. ) ;
#989 = CARTESIAN_POINT ( 'NONE',  ( 8.000000000000000000, -20.00000000000000000, 639.5523959472336628 ) ) ;
#990 = DIRECTION ( 'NONE',  ( 1.000000000000000000, -0.000000000000000000, -0.000000000000000000 ) ) ;
#991 = DIRECTION ( 'NONE',  ( 0.000000000000000000, 0.000000000000000000, 1.000000000000000000 ) ) ;
#992 = ORIENTED_EDGE ( 'NONE', *, *, #1275, .T. ) ;
#993 = ORIENTED_EDGE ( 'NONE', *, *, #2558, .F. ) ;
#994 = CARTESIAN_POINT ( 'NONE',  ( -6.606307707270316243, -24.51865012490483764, 669.5499718581081652 ) ) ;
#995 = CARTESIAN_POINT ( 'NONE',  ( -8.000000000000001776, -20.38093977418231972, 649.9830304207835070 ) ) ;
#996 = CARTESIAN_POINT ( 'NONE',  ( 0.5000000000000014433, -34.93595674245531768, 669.4220089795333024 ) ) ;
#997 = EDGE_LOOP ( 'NONE', ( #1254, #2282 ) ) ;
#998 = LINE ( 'NONE', #1368, #1898 ) ;
#999 = CARTESIAN_POINT ( 'NONE',  ( -14.99999999999991473, -34.58537892459396801, 659.5712999199353135 ) ) ;
#1000 = EDGE_CURVE ( 'NONE', #753, #1457, #1910, .T. ) ;
#1001 = CARTESIAN_POINT ( 'NONE',  ( -6.468723619274339143, -15.28781654893227859, 650.2862772139883418 ) ) ;
#1002 = CARTESIAN_POINT ( 'NONE',  ( -8.000000000000000000, -20.00000000000000000, 645.0049863308399836 ) ) ;
#1003 = CARTESIAN_POINT ( 'NONE',  ( -7.332080669423469033, -23.21003703958853492, 639.2068040044823647 ) ) ;
#1004 = EDGE_LOOP ( 'NONE', ( #1789, #242, #1315, #98 ) ) ;
#1005 = CARTESIAN_POINT ( 'NONE',  ( 6.897291305955011999E-14, -33.00000000000000000, 654.2115227970839442 ) ) ;
#1006 = ORIENTED_EDGE ( 'NONE', *, *, #128, .F. ) ;
#1007 = CARTESIAN_POINT ( 'NONE',  ( 5.482719622664757431, -25.83107982766795985, 638.4359619505552246 ) ) ;
#1008 = CARTESIAN_POINT ( 'NONE',  ( 4.026882017263870850, -13.06779930652173327, 637.9980869955679736 ) ) ;
#1009 = ADVANCED_FACE ( 'NONE', ( #54 ), #1248, .F. ) ;
#1010 = CARTESIAN_POINT ( 'NONE',  ( 1.833365508830774315, -12.21113967075632800, 656.5941691118389372 ) ) ;
#1011 = CARTESIAN_POINT ( 'NONE',  ( 8.000000000000000000, -19.61324512847622259, 663.4180592633281321 ) ) ;
#1012 = CARTESIAN_POINT ( 'NONE',  ( -5.610112810689961371, -25.70710256179062014, 644.9165196701143259 ) ) ;
#1013 = DIRECTION ( 'NONE',  ( 0.000000000000000000, 0.000000000000000000, 1.000000000000000000 ) ) ;
#1014 = CARTESIAN_POINT ( 'NONE',  ( -14.99999999999990941, -33.63493968594423933, 647.0944054151282216 ) ) ;
#1015 = VECTOR ( 'NONE', #1274, 1000.000000000000000 ) ;
#1016 = CARTESIAN_POINT ( 'NONE',  ( -8.000000000000000000, -20.00000000000000000, 663.4180592633279048 ) ) ;
#1017 = CARTESIAN_POINT ( 'NONE',  ( 0.5000000000000014433, -34.94787014971790740, 638.9964861928539221 ) ) ;
#1018 = AXIS2_PLACEMENT_3D ( 'NONE', #1442, #1429, #2235 ) ;
#1019 = AXIS2_PLACEMENT_3D ( 'NONE', #2390, #1290, #319 ) ;
#1020 = CARTESIAN_POINT ( 'NONE',  ( -4.513534029213119858, -26.60979454836242297, 638.1316737535544235 ) ) ;
#1021 = CARTESIAN_POINT ( 'NONE',  ( -5.148397199938250957, -26.12615307708381707, 658.6025021520343898 ) ) ;
#1022 = VERTEX_POINT ( 'NONE', #2198 ) ;
#1023 = CARTESIAN_POINT ( 'NONE',  ( -6.717514421272120728, -10.00000000000000000, 658.1290372183561885 ) ) ;
#1024 = CARTESIAN_POINT ( 'NONE',  ( -2.261462550877964883, -12.32494545000221109, 652.2305430588199897 ) ) ;
#1025 = CARTESIAN_POINT ( 'NONE',  ( -7.482037646574416279, -17.15633356777216179, 669.1420800714481629 ) ) ;
#1026 = CARTESIAN_POINT ( 'NONE',  ( -4.325927295822094898, -13.26949998306111667, 662.4007622770074022 ) ) ;
#1027 = CARTESIAN_POINT ( 'NONE',  ( 5.146448057433438805, -13.87210158836021279, 649.8195405177627890 ) ) ;
#1028 = EDGE_CURVE ( 'NONE', #2524, #508, #740, .T. ) ;
#1029 = DIRECTION ( 'NONE',  ( -1.000000000000000000, 0.000000000000000000, 3.807663176890381974E-17 ) ) ;
#1030 = CYLINDRICAL_SURFACE ( 'NONE', #933, 2.800000000000024691 ) ;
#1031 = CARTESIAN_POINT ( 'NONE',  ( -4.051100278862499238, -13.10128455469117981, 648.3764874830460485 ) ) ;
#1032 = CARTESIAN_POINT ( 'NONE',  ( 6.717514421272175795, -6.000000000000000000, 659.3290372183562340 ) ) ;
#1033 = CARTESIAN_POINT ( 'NONE',  ( -3.650888873212029040, -27.12276805101463140, 637.9138368428665444 ) ) ;
#1034 = CARTESIAN_POINT ( 'NONE',  ( -7.781919984621287867, -18.10538280964678393, 658.3366567527829147 ) ) ;
#1035 = EDGE_LOOP ( 'NONE', ( #655, #1470 ) ) ;
#1036 = CARTESIAN_POINT ( 'NONE',  ( 1.520315567499186171, -27.87052680268752525, 637.5735384617615864 ) ) ;
#1037 = EDGE_CURVE ( 'NONE', #497, #1578, #230, .T. ) ;
#1038 = CARTESIAN_POINT ( 'NONE',  ( -0.1971320387482384806, -12.00000000000000000, 651.2115227970838305 ) ) ;
#1039 = CARTESIAN_POINT ( 'NONE',  ( -7.948002646007821248, -18.94481319046732182, 668.8993897221598672 ) ) ;
#1040 = DIRECTION ( 'NONE',  ( 1.000000000000000000, 0.000000000000000000, 0.000000000000000000 ) ) ;
#1041 = CARTESIAN_POINT ( 'NONE',  ( -6.597095373662188678, -24.53072849845204573, 650.2940083758116998 ) ) ;
#1042 = DIRECTION ( 'NONE',  ( 1.000000000000000000, -0.000000000000000000, -0.000000000000000000 ) ) ;
#1043 = CARTESIAN_POINT ( 'NONE',  ( -0.4999999999999987232, -27.98435971133565658, 670.9040360889762269 ) ) ;
#1044 = ADVANCED_FACE ( 'NONE', ( #69 ), #857, .F. ) ;
#1045 = FACE_OUTER_BOUND ( 'NONE', #983, .T. ) ;
#1046 = ORIENTED_EDGE ( 'NONE', *, *, #896, .T. ) ;
#1047 = CARTESIAN_POINT ( 'NONE',  ( -1.066237259348746358, -12.06688358647780035, 637.5434759665654383 ) ) ;
#1048 = CARTESIAN_POINT ( 'NONE',  ( 7.972027460409125688, -20.76948242112832332, 644.9900405565206256 ) ) ;
#1049 = ORIENTED_EDGE ( 'NONE', *, *, #1313, .F. ) ;
#1050 = VERTEX_POINT ( 'NONE', #43 ) ;
#1051 = CARTESIAN_POINT ( 'NONE',  ( -2.980076042273527737, -12.57565610721032989, 653.8141550743238213 ) ) ;
#1052 = DIRECTION ( 'NONE',  ( 0.000000000000000000, 0.000000000000000000, 1.000000000000000000 ) ) ;
#1053 = CARTESIAN_POINT ( 'NONE',  ( 6.717514421272338332, -15.65546320075433862, 650.2940083758116998 ) ) ;
#1054 = CARTESIAN_POINT ( 'NONE',  ( -5.607634174005650785, -25.70948838518545898, 650.0703632372305947 ) ) ;
#1055 = CARTESIAN_POINT ( 'NONE',  ( -6.717514421272120728, -2.080404050710624286, 644.6940083758116771 ) ) ;
#1056 = LINE ( 'NONE', #2427, #637 ) ;
#1057 = DIRECTION ( 'NONE',  ( -1.000000000000000000, 0.000000000000000000, -0.000000000000000000 ) ) ;
#1058 = ORIENTED_EDGE ( 'NONE', *, *, #1061, .F. ) ;
#1059 = CARTESIAN_POINT ( 'NONE',  ( 15.00000000000008882, -34.97204133863352382, 652.8634639807290796 ) ) ;
#1060 = CARTESIAN_POINT ( 'NONE',  ( 7.110978259668293333, -23.68501794793340665, 644.7170444549001331 ) ) ;
#1061 = EDGE_CURVE ( 'NONE', #875, #1652, #1838, .T. ) ;
#1062 = AXIS2_PLACEMENT_3D ( 'NONE', #400, #763, #582 ) ;
#1063 = EDGE_LOOP ( 'NONE', ( #455, #223, #1536, #877 ) ) ;
#1064 = ORIENTED_EDGE ( 'NONE', *, *, #1419, .T. ) ;
#1065 = CIRCLE ( 'NONE', #1753, 1.600000000000045830 ) ;
#1066 = CARTESIAN_POINT ( 'NONE',  ( 7.429201257217282084, -22.99204574928717904, 658.2161339289424404 ) ) ;
#1067 = CARTESIAN_POINT ( 'NONE',  ( -8.000000000000000000, -20.00000000000000000, 668.8706496469342255 ) ) ;
#1068 = CARTESIAN_POINT ( 'NONE',  ( -6.198087858501388325, -14.93711889954228411, 663.6838254450079830 ) ) ;
#1069 = UNCERTAINTY_MEASURE_WITH_UNIT (LENGTH_MEASURE( 1.000000000000000082E-05 ), #1331, 'distance_accuracy_value', 'NONE');
#1070 = ORIENTED_EDGE ( 'NONE', *, *, #364, .F. ) ;
#1071 = CARTESIAN_POINT ( 'NONE',  ( -7.427335143692050501, -22.99673731778182173, 644.7805907664891265 ) ) ;
#1072 = ORIENTED_EDGE ( 'NONE', *, *, #2273, .T. ) ;
#1073 = ORIENTED_EDGE ( 'NONE', *, *, #2247, .T. ) ;
#1074 = CARTESIAN_POINT ( 'NONE',  ( 6.717514421272175795, -2.080404050710624286, 660.9290372183562567 ) ) ;
#1075 = VECTOR ( 'NONE', #1687, 1000.000000000000000 ) ;
#1076 = AXIS2_PLACEMENT_3D ( 'NONE', #1319, #1911, #152 ) ;
#1077 = DIRECTION ( 'NONE',  ( -0.000000000000000000, 1.000000000000000000, -0.000000000000000000 ) ) ;
#1078 = ORIENTED_EDGE ( 'NONE', *, *, #250, .F. ) ;
#1079 = EDGE_LOOP ( 'NONE', ( #2044, #265 ) ) ;
#1080 = ADVANCED_FACE ( 'NONE', ( #659, #1453 ), #2187, .T. ) ;
#1081 = CARTESIAN_POINT ( 'NONE',  ( -1.984194299846005149, -12.24863572040870707, 651.9528801576001342 ) ) ;
#1082 = CARTESIAN_POINT ( 'NONE',  ( 0.1971728282169661062, -11.99999999999999822, 651.2115227970838305 ) ) ;
#1083 = LINE ( 'NONE', #122, #2260 ) ;
#1084 = CARTESIAN_POINT ( 'NONE',  ( 6.897291305955011999E-14, -33.00000000000000000, 654.2115227970839442 ) ) ;
#1085 = EDGE_LOOP ( 'NONE', ( #1644, #969 ) ) ;
#1086 = CARTESIAN_POINT ( 'NONE',  ( 0.5000000000000014433, -33.00000000000000000, 637.5190095051916614 ) ) ;
#1087 = ORIENTED_EDGE ( 'NONE', *, *, #1037, .T. ) ;
#1088 = ORIENTED_EDGE ( 'NONE', *, *, #675, .F. ) ;
#1089 = CARTESIAN_POINT ( 'NONE',  ( 15.00000000000009237, -34.24300763684763638, 660.5149345268314391 ) ) ;
#1090 = ADVANCED_FACE ( 'NONE', ( #2243 ), #830, .F. ) ;
#1091 = CARTESIAN_POINT ( 'NONE',  ( 7.101807321412620454E-14, -62.57625790421916889, 637.5115227970838987 ) ) ;
#1092 = EDGE_LOOP ( 'NONE', ( #1064, #334 ) ) ;
#1093 = EDGE_LOOP ( 'NONE', ( #1873, #1582 ) ) ;
#1094 = LINE ( 'NONE', #106, #1075 ) ;
#1095 = DIRECTION ( 'NONE',  ( 0.000000000000000000, 0.000000000000000000, -1.000000000000000000 ) ) ;
#1096 = CARTESIAN_POINT ( 'NONE',  ( -0.4999999999999989453, -33.13150472619254572, 637.5190095051917751 ) ) ;
#1097 = PRODUCT_DEFINITION_CONTEXT ( 'detailed design', #1522, 'design' ) ;
#1098 = CARTESIAN_POINT ( 'NONE',  ( 4.845753845167669382, -26.36833257708964595, 658.8379153542541644 ) ) ;
#1099 = EDGE_CURVE ( 'NONE', #2045, #344, #2255, .T. ) ;
#1100 = ORIENTED_EDGE ( 'NONE', *, *, #777, .T. ) ;
#1101 = EDGE_LOOP ( 'NONE', ( #2518, #2376, #709, #323 ) ) ;
#1102 = CARTESIAN_POINT ( 'NONE',  ( 8.000000000000000000, -20.00000000000000000, 668.8706496469342255 ) ) ;
#1103 = CARTESIAN_POINT ( 'NONE',  ( -7.565221219137599817, -22.62901325885885484, 663.6000817446224573 ) ) ;
#1104 = ORIENTED_EDGE ( 'NONE', *, *, #317, .T. ) ;
#1105 = VECTOR ( 'NONE', #2036, 1000.000000000000000 ) ;
#1106 = CARTESIAN_POINT ( 'NONE',  ( 4.440678891993698585, -13.34372949593658753, 649.1364841846781246 ) ) ;
#1107 = CARTESIAN_POINT ( 'NONE',  ( 0.5000000000000014433, -27.98435971133565303, 670.9040360889762269 ) ) ;
#1108 = AXIS2_PLACEMENT_3D ( 'NONE', #1854, #293, #2010 ) ;
#1109 = CARTESIAN_POINT ( 'NONE',  ( -672.0146080650777094, -31.50000000000000000, 654.2115227970839442 ) ) ;
#1110 = CARTESIAN_POINT ( 'NONE',  ( -4.319949690175039159, -13.26566361450585418, 659.4667973180869467 ) ) ;
#1111 = CARTESIAN_POINT ( 'NONE',  ( 0.5000000000000014433, -62.57625790421916889, 670.9040360889762269 ) ) ;
#1112 = ADVANCED_FACE ( 'NONE', ( #1323 ), #1901, .T. ) ;
#1113 = ORIENTED_EDGE ( 'NONE', *, *, #2085, .F. ) ;
#1114 = DIRECTION ( 'NONE',  ( 0.000000000000000000, 0.000000000000000000, 1.000000000000000000 ) ) ;
#1115 = DIRECTION ( 'NONE',  ( -0.000000000000000000, 1.000000000000000000, -0.000000000000000000 ) ) ;
#1116 = EDGE_LOOP ( 'NONE', ( #1745, #1842, #378, #1746 ) ) ;
#1117 = CIRCLE ( 'NONE', #1853, 1.600000000000045830 ) ;
#1118 = CARTESIAN_POINT ( 'NONE',  ( 6.717514421272175795, -2.080404050710624286, 647.4940083758116316 ) ) ;
#1119 = CARTESIAN_POINT ( 'NONE',  ( 0.9729633083701032525, -12.05729310299985357, 651.3669579318399201 ) ) ;
#1120 = CARTESIAN_POINT ( 'NONE',  ( -4.047872309383929945, -13.09939184209167706, 660.0554774196772314 ) ) ;
#1121 = EDGE_CURVE ( 'NONE', #519, #1162, #329, .T. ) ;
#1122 = CARTESIAN_POINT ( 'NONE',  ( 2.181825019537436721E-14, -11.99999999999939782, 670.9115227970842170 ) ) ;
#1123 = VERTEX_POINT ( 'NONE', #1712 ) ;
#1124 = CYLINDRICAL_SURFACE ( 'NONE', #808, 3.000000000000002665 ) ;
#1125 = FILL_AREA_STYLE_COLOUR ( '', #971 ) ;
#1126 = CARTESIAN_POINT ( 'NONE',  ( 6.717514421272205993, -24.34453679924572000, 644.6940083758115634 ) ) ;
#1127 = CARTESIAN_POINT ( 'NONE',  ( 6.717514421272205993, -24.34453679924572000, 658.1290372183563022 ) ) ;
#1128 = CARTESIAN_POINT ( 'NONE',  ( -14.99999999999991829, -10.00000000000000000, 661.5525036579772404 ) ) ;
#1129 = APPLICATION_PROTOCOL_DEFINITION ( 'draft international standard', 'automotive_design', 1998, #1522 ) ;
#1130 = CARTESIAN_POINT ( 'NONE',  ( 4.848865899685886660, -26.36592151874380363, 663.0227994173955040 ) ) ;
#1131 = VERTEX_POINT ( 'NONE', #2501 ) ;
#1132 = VERTEX_POINT ( 'NONE', #724 ) ;
#1133 = CARTESIAN_POINT ( 'NONE',  ( 5.605454972077375864, -14.28838409763190143, 658.3536319074889889 ) ) ;
#1134 = CARTESIAN_POINT ( 'NONE',  ( -7.112241918617129954, -23.68283215011735976, 663.7058712727049397 ) ) ;
#1135 = EDGE_CURVE ( 'NONE', #1463, #1022, #2465, .T. ) ;
#1136 = CARTESIAN_POINT ( 'NONE',  ( 5.299551195832446382, -25.99654280042386034, 649.9145093160589113 ) ) ;
#1137 = ORIENTED_EDGE ( 'NONE', *, *, #1252, .F. ) ;
#1138 = FACE_BOUND ( 'NONE', #2274, .T. ) ;
#1139 = CARTESIAN_POINT ( 'NONE',  ( -7.756535407496186529, -22.02351663797016101, 639.4217219758263582 ) ) ;
#1140 = AXIS2_PLACEMENT_3D ( 'NONE', #129, #1693, #1114 ) ;
#1141 = CARTESIAN_POINT ( 'NONE',  ( -6.717514421272120728, -10.00000000000000000, 660.9290372183561431 ) ) ;
#1142 = AXIS2_PLACEMENT_3D ( 'NONE', #1558, #2344, #1356 ) ;
#1143 = CARTESIAN_POINT ( 'NONE',  ( 7.972006277923848749, -20.76977575966394340, 649.9979879206028954 ) ) ;
#1144 = ORIENTED_EDGE ( 'NONE', *, *, #2472, .T. ) ;
#1145 = ORIENTED_EDGE ( 'NONE', *, *, #190, .F. ) ;
#1146 = CARTESIAN_POINT ( 'NONE',  ( 6.053403846976480374, -14.76513024514047245, 658.2045967642895903 ) ) ;
#1147 = CARTESIAN_POINT ( 'NONE',  ( 10.00000000000000000, -31.50000000000000000, 655.8115227970839669 ) ) ;
#1148 = CYLINDRICAL_SURFACE ( 'NONE', #1653, 2.800000000000024691 ) ;
#1149 = ORIENTED_EDGE ( 'NONE', *, *, #624, .F. ) ;
#1150 = CARTESIAN_POINT ( 'NONE',  ( -7.613814489447285894, -22.50695190901959108, 669.0763739861214390 ) ) ;
#1151 = CARTESIAN_POINT ( 'NONE',  ( -0.4999999999999989453, -34.32138345040628735, 638.0121832296688353 ) ) ;
#1152 = AXIS2_PLACEMENT_3D ( 'NONE', #137, #2505, #109 ) ;
#1153 = CIRCLE ( 'NONE', #1695, 1.600000000000045830 ) ;
#1154 = CARTESIAN_POINT ( 'NONE',  ( 7.946323677231078797, -18.93517371876123789, 639.5227558216647594 ) ) ;
#1155 = DIRECTION ( 'NONE',  ( 0.000000000000000000, 1.000000000000000000, 0.000000000000000000 ) ) ;
#1156 = ORIENTED_EDGE ( 'NONE', *, *, #1779, .F. ) ;
#1157 = CARTESIAN_POINT ( 'NONE',  ( 5.606363205196702282, -14.28925543963969957, 650.0698335792113767 ) ) ;
#1158 = DIRECTION ( 'NONE',  ( -0.000000000000000000, 1.000000000000000000, -0.000000000000000000 ) ) ;
#1159 = CARTESIAN_POINT ( 'NONE',  ( 0.5000000000000014433, -33.52369124900879171, 637.5712952290614339 ) ) ;
#1160 = EDGE_CURVE ( 'NONE', #2263, #730, #1480, .T. ) ;
#1161 = CARTESIAN_POINT ( 'NONE',  ( 6.053433221055519731, -25.23483220861720966, 650.2184523286144895 ) ) ;
#1162 = VERTEX_POINT ( 'NONE', #1128 ) ;
#1163 = CARTESIAN_POINT ( 'NONE',  ( -7.987929766284002753, -20.50882750575001623, 668.8772569120246771 ) ) ;
#1164 = CARTESIAN_POINT ( 'NONE',  ( 7.737878426315966784, -17.90163100192221535, 639.4118885887310171 ) ) ;
#1165 = CARTESIAN_POINT ( 'NONE',  ( 6.717514421272175795, -35.00000000000000000, 644.6940083758115634 ) ) ;
#1166 = ORIENTED_EDGE ( 'NONE', *, *, #1564, .F. ) ;
#1167 = FACE_BOUND ( 'NONE', #2368, .T. ) ;
#1168 = CARTESIAN_POINT ( 'NONE',  ( 5.760189378417782891, -14.44412892023675887, 663.5647720512403112 ) ) ;
#1169 = CARTESIAN_POINT ( 'NONE',  ( -4.051556810371812922, -26.89844900644490622, 660.0451083479536010 ) ) ;
#1170 = EDGE_LOOP ( 'NONE', ( #2136, #1337, #1307, #2146, #1681, #478, #939, #1997, #1872, #1666, #704, #285 ) ) ;
#1171 = ORIENTED_EDGE ( 'NONE', *, *, #1099, .F. ) ;
#1172 = CARTESIAN_POINT ( 'NONE',  ( -3.650888873212030372, -27.12276805101463495, 670.5092087513013439 ) ) ;
#1173 = CARTESIAN_POINT ( 'NONE',  ( 0.5322439308989046491, -11.99999999999999822, 637.5115227970840124 ) ) ;
#1174 = CARTESIAN_POINT ( 'NONE',  ( -0.4999999999999987232, -62.57625790421916889, 637.5190095051916614 ) ) ;
#1175 = CIRCLE ( 'NONE', #1683, 1.600000000000045830 ) ;
#1176 = VERTEX_POINT ( 'NONE', #713 ) ;
#1177 = DIRECTION ( 'NONE',  ( -0.000000000000000000, 1.000000000000000000, -0.000000000000000000 ) ) ;
#1178 = VECTOR ( 'NONE', #876, 1000.000000000000000 ) ;
#1179 = EDGE_CURVE ( 'NONE', #1547, #549, #2258, .T. ) ;
#1180 = CARTESIAN_POINT ( 'NONE',  ( -14.99999999999991296, -34.72865466920107735, 649.5194117601059816 ) ) ;
#1181 = CARTESIAN_POINT ( 'NONE',  ( -7.972920908911624416, -19.23920634855903700, 663.4325528093116873 ) ) ;
#1182 = CARTESIAN_POINT ( 'NONE',  ( -7.430261148129957860, -17.01057505644576651, 644.7813873125955979 ) ) ;
#1183 = LINE ( 'NONE', #382, #986 ) ;
#1184 = ORIENTED_EDGE ( 'NONE', *, *, #1330, .T. ) ;
#1185 = CARTESIAN_POINT ( 'NONE',  ( 6.717514421272175795, -10.00000000000000000, 658.1290372183563022 ) ) ;
#1186 = CARTESIAN_POINT ( 'NONE',  ( 0.5000000000000559552, -31.50000000000000000, 652.6115227970839214 ) ) ;
#1187 = ADVANCED_FACE ( 'NONE', ( #2113 ), #1876, .F. ) ;
#1188 = CARTESIAN_POINT ( 'NONE',  ( -6.717514421272120728, -6.000000000000000000, 660.9290372183561431 ) ) ;
#1189 = AXIS2_PLACEMENT_3D ( 'NONE', #1894, #2104, #2492 ) ;
#1190 = AXIS2_PLACEMENT_3D ( 'NONE', #1340, #2293, #1933 ) ;
#1191 = ORIENTED_EDGE ( 'NONE', *, *, #703, .F. ) ;
#1192 = CARTESIAN_POINT ( 'NONE',  ( 6.897291305955011999E-14, -35.00000000000000000, 654.2115227970839442 ) ) ;
#1193 = VECTOR ( 'NONE', #917, 1000.000000000000000 ) ;
#1194 = CARTESIAN_POINT ( 'NONE',  ( 4.048227626513561717, -13.09960480669499638, 661.8029052014544504 ) ) ;
#1195 = CARTESIAN_POINT ( 'NONE',  ( 6.717514421272175795, -41.00000000000000000, 660.9290372183562567 ) ) ;
#1196 = CARTESIAN_POINT ( 'NONE',  ( 10.00000000000000000, -31.50000000000000000, 652.6115227970839214 ) ) ;
#1197 = CARTESIAN_POINT ( 'NONE',  ( -7.901850131225386598, -21.27490383230438198, 639.4991546339123261 ) ) ;
#1198 = DIRECTION ( 'NONE',  ( 1.776356839400247506E-15, 0.000000000000000000, -1.000000000000000000 ) ) ;
#1199 = VERTEX_POINT ( 'NONE', #340 ) ;
#1200 = DIRECTION ( 'NONE',  ( 0.000000000000000000, 0.000000000000000000, 1.000000000000000000 ) ) ;
#1201 = FACE_OUTER_BOUND ( 'NONE', #1284, .T. ) ;
#1202 = CARTESIAN_POINT ( 'NONE',  ( 7.971962073866368570, -19.22982825003155227, 663.4330387655958248 ) ) ;
#1203 = CARTESIAN_POINT ( 'NONE',  ( 6.717514421272175795, -2.080404050710624286, 663.7290372183563250 ) ) ;
#1204 = CARTESIAN_POINT ( 'NONE',  ( 15.00000000000008882, -31.50000000000000000, 656.7115227970839442 ) ) ;
#1205 = CARTESIAN_POINT ( 'NONE',  ( -14.99999999999991118, -34.93199304682370609, 656.9043895870926235 ) ) ;
#1206 = CARTESIAN_POINT ( 'NONE',  ( 6.717514421272338332, -15.65546320075433862, 663.7290372183564386 ) ) ;
#1207 = CARTESIAN_POINT ( 'NONE',  ( 6.934030709929432543E-14, -16.00000000000000000, 651.2115227970839442 ) ) ;
#1208 = CARTESIAN_POINT ( 'NONE',  ( -5.994839754777068208, -25.30316768880014422, 638.6235498530037376 ) ) ;
#1209 = CARTESIAN_POINT ( 'NONE',  ( -6.598108886335431578, -24.52916140711106863, 658.1290372183563022 ) ) ;
#1210 = VERTEX_POINT ( 'NONE', #96 ) ;
#1211 = CARTESIAN_POINT ( 'NONE',  ( 7.240582331449603615, -23.43874337750034798, 639.1613668259055885 ) ) ;
#1212 = EDGE_CURVE ( 'NONE', #669, #1934, #1913, .T. ) ;
#1213 = CARTESIAN_POINT ( 'NONE',  ( 10.00000000000008882, -31.50000000000000000, 651.7115227970839442 ) ) ;
#1214 = CARTESIAN_POINT ( 'NONE',  ( 2.844072604357313683, -12.52218914697179386, 655.1858527676241692 ) ) ;
#1215 = CARTESIAN_POINT ( 'NONE',  ( -4.707154506256663318, -13.52939470755477380, 662.8888175442477859 ) ) ;
#1216 = CARTESIAN_POINT ( 'NONE',  ( 6.717514421272177572, -15.65546320075427289, 644.6940083758115634 ) ) ;
#1217 = CARTESIAN_POINT ( 'NONE',  ( -7.108224741345994246, -23.69037706949112732, 658.1516596735585836 ) ) ;
#1218 = FACE_BOUND ( 'NONE', #1417, .T. ) ;
#1219 = VECTOR ( 'NONE', #144, 1000.000000000000000 ) ;
#1220 = CARTESIAN_POINT ( 'NONE',  ( -7.431982603567202972, -17.01474059316362286, 663.6412201678942893 ) ) ;
#1221 = CARTESIAN_POINT ( 'NONE',  ( -6.717514421272120728, -2.080404050710624286, 658.1290372183561885 ) ) ;
#1222 = VECTOR ( 'NONE', #1563, 1000.000000000000000 ) ;
#1223 = VECTOR ( 'NONE', #68, 1000.000000000000000 ) ;
#1224 = DIRECTION ( 'NONE',  ( -0.000000000000000000, -1.000000000000000000, -0.000000000000000000 ) ) ;
#1225 = DIRECTION ( 'NONE',  ( -0.000000000000000000, -1.000000000000000000, -0.000000000000000000 ) ) ;
#1226 = ORIENTED_EDGE ( 'NONE', *, *, #734, .F. ) ;
#1227 = CARTESIAN_POINT ( 'NONE',  ( 4.917278635583420154, -26.31520090947737600, 638.2505112374159353 ) ) ;
#1228 = DIRECTION ( 'NONE',  ( 1.000000000000000000, -0.000000000000000000, -0.000000000000000000 ) ) ;
#1229 = EDGE_CURVE ( 'NONE', #1866, #875, #1083, .T. ) ;
#1230 = EDGE_CURVE ( 'NONE', #2163, #1123, #530, .T. ) ;
#1231 = CARTESIAN_POINT ( 'NONE',  ( -1.845491212736957820, -12.21130359107723784, 670.8112716380821894 ) ) ;
#1232 = CARTESIAN_POINT ( 'NONE',  ( 6.466413761650686709, -15.28464766927631757, 650.2860752345704896 ) ) ;
#1233 = CARTESIAN_POINT ( 'NONE',  ( 4.323214182924730586, -13.26776032385279791, 646.0266256027767895 ) ) ;
#1234 = ADVANCED_FACE ( 'NONE', ( #2061 ), #290, .F. ) ;
#1235 = CARTESIAN_POINT ( 'NONE',  ( -6.717514421272120728, -41.00000000000000000, 659.3290372183561203 ) ) ;
#1236 = PLANE ( 'NONE',  #21 ) ;
#1237 = B_SPLINE_CURVE_WITH_KNOTS ( 'NONE', 3,
 ( #1255, #89, #878, #2041, #494, #848, #1280, #1089, #1870, #102, #49, #2413, #1431, #2280, #2221, #254, #268, #450, #1059, #1843, #1657, #2447, #2054, #1460, #2250, #481, #1266, #282, #2142, #149, #1305, #324, #1338, #2507 ),
 .UNSPECIFIED., .F., .F.,
 ( 4, 2, 2, 2, 2, 2, 2, 2, 2, 2, 2, 2, 2, 2, 2, 2, 4 ),
 ( 0.000000000000000000, 0.0005096407098880728105, 0.001019281419776145621, 0.001528922129664218432, 0.002038562839552291242, 0.003057844259328436863, 0.004077125679104582484, 0.006115688518657208528, 0.008154251358209834571, 0.01019281419776245888, 0.01223137703731508666, 0.01325065845709156621, 0.01426993987686804230, 0.01477958058675628294, 0.01528922129664452186, 0.01579886200653276077, 0.01630850271642100141 ),
 .UNSPECIFIED. ) ;
#1238 = DIRECTION ( 'NONE',  ( 0.000000000000000000, 0.000000000000000000, -1.000000000000000000 ) ) ;
#1239 = VECTOR ( 'NONE', #1246, 1000.000000000000000 ) ;
#1240 = ORIENTED_EDGE ( 'NONE', *, *, #1000, .F. ) ;
#1241 = CARTESIAN_POINT ( 'NONE',  ( -2.100760242176508363, -12.27625118353586231, 637.6422267596235542 ) ) ;
#1242 = DIRECTION ( 'NONE',  ( 0.000000000000000000, 0.000000000000000000, -1.000000000000000000 ) ) ;
#1243 = EDGE_CURVE ( 'NONE', #1463, #790, #2499, .T. ) ;
#1244 = ORIENTED_EDGE ( 'NONE', *, *, #2516, .F. ) ;
#1245 = EDGE_LOOP ( 'NONE', ( #2225, #1497 ) ) ;
#1246 = DIRECTION ( 'NONE',  ( -0.000000000000000000, -1.000000000000000000, -0.000000000000000000 ) ) ;
#1247 = FACE_OUTER_BOUND ( 'NONE', #2262, .T. ) ;
#1248 = PLANE ( 'NONE',  #807 ) ;
#1249 = CARTESIAN_POINT ( 'NONE',  ( -5.301954206465842034, -25.99446970064940743, 645.0720307472247441 ) ) ;
#1250 = CARTESIAN_POINT ( 'NONE',  ( 6.717514421272175795, -10.00000000000000000, 644.6940083758115634 ) ) ;
#1251 = CARTESIAN_POINT ( 'NONE',  ( 7.563335261980822288, -17.36494808212852092, 644.8223067968374380 ) ) ;
#1252 = EDGE_CURVE ( 'NONE', #904, #2029, #1716, .T. ) ;
#1253 = FACE_OUTER_BOUND ( 'NONE', #1085, .T. ) ;
#1254 = ORIENTED_EDGE ( 'NONE', *, *, #2228, .F. ) ;
#1255 = CARTESIAN_POINT ( 'NONE',  ( 15.00000000000008704, -33.00000000000000711, 661.5525036579771267 ) ) ;
#1256 = DIRECTION ( 'NONE',  ( 1.000000000000000000, -0.000000000000000000, -0.000000000000000000 ) ) ;
#1257 = ORIENTED_EDGE ( 'NONE', *, *, #1909, .F. ) ;
#1258 = ORIENTED_EDGE ( 'NONE', *, *, #2001, .T. ) ;
#1259 = CARTESIAN_POINT ( 'NONE',  ( -0.3965335287481099313, -12.00745390063102036, 651.2312354160147834 ) ) ;
#1260 = CYLINDRICAL_SURFACE ( 'NONE', #2547, 3.000000000000002665 ) ;
#1261 = CARTESIAN_POINT ( 'NONE',  ( -6.717514421272120728, -41.00000000000000000, 660.9290372183561431 ) ) ;
#1262 = EDGE_LOOP ( 'NONE', ( #1942, #2542, #1285, #2560, #493, #717 ) ) ;
#1263 = CARTESIAN_POINT ( 'NONE',  ( -7.563559051425539081, -22.63412135239105183, 644.8224015083297900 ) ) ;
#1264 = EDGE_LOOP ( 'NONE', ( #1766, #785, #2454, #1686 ) ) ;
#1265 = ORIENTED_EDGE ( 'NONE', *, *, #2375, .F. ) ;
#1266 = CARTESIAN_POINT ( 'NONE',  ( 15.00000000000008704, -34.23939751286525279, 647.9007446720464714 ) ) ;
#1267 = DIRECTION ( 'NONE',  ( 0.000000000000000000, 0.000000000000000000, 1.000000000000000000 ) ) ;
#1268 = CIRCLE ( 'NONE', #150, 1.600000000000045830 ) ;
#1269 = ORIENTED_EDGE ( 'NONE', *, *, #734, .T. ) ;
#1270 = ORIENTED_EDGE ( 'NONE', *, *, #944, .T. ) ;
#1271 = AXIS2_PLACEMENT_3D ( 'NONE', #264, #1057, #1841 ) ;
#1272 = FACE_OUTER_BOUND ( 'NONE', #1985, .T. ) ;
#1273 = CARTESIAN_POINT ( 'NONE',  ( -7.790301289531446294, -18.16091133049153328, 668.9832779749816609 ) ) ;
#1274 = DIRECTION ( 'NONE',  ( -0.000000000000000000, 1.000000000000000000, -0.000000000000000000 ) ) ;
#1275 = EDGE_CURVE ( 'NONE', #309, #294, #355, .T. ) ;
#1276 = ORIENTED_EDGE ( 'NONE', *, *, #976, .T. ) ;
#1277 = DIRECTION ( 'NONE',  ( 1.000000000000000000, -0.000000000000000000, -0.000000000000000000 ) ) ;
#1278 = ORIENTED_EDGE ( 'NONE', *, *, #1665, .F. ) ;
#1279 = ORIENTED_EDGE ( 'NONE', *, *, #1862, .T. ) ;
#1280 = CARTESIAN_POINT ( 'NONE',  ( 15.00000000000008882, -34.07912949014889392, 660.8106666562956661 ) ) ;
#1281 = CIRCLE ( 'NONE', #1152, 2.800000000000024691 ) ;
#1282 = DIRECTION ( 'NONE',  ( 0.000000000000000000, 0.000000000000000000, -1.000000000000000000 ) ) ;
#1283 = AXIS2_PLACEMENT_3D ( 'NONE', #2265, #1829, #297 ) ;
#1284 = EDGE_LOOP ( 'NONE', ( #1477, #2259, #2459, #22 ) ) ;
#1285 = ORIENTED_EDGE ( 'NONE', *, *, #1862, .F. ) ;
#1286 = EDGE_CURVE ( 'NONE', #759, #270, #1792, .T. ) ;
#1287 = CARTESIAN_POINT ( 'NONE',  ( -2.844003537987188412, -12.52215990326300954, 655.1861637205461193 ) ) ;
#1288 = DIRECTION ( 'NONE',  ( 0.000000000000000000, -1.000000000000000000, 0.000000000000000000 ) ) ;
#1289 = CARTESIAN_POINT ( 'NONE',  ( 6.717514421272175795, -35.00000000000000000, 660.9290372183562567 ) ) ;
#1290 = DIRECTION ( 'NONE',  ( -0.000000000000000000, 1.000000000000000000, -0.000000000000000000 ) ) ;
#1291 = ORIENTED_EDGE ( 'NONE', *, *, #2516, .T. ) ;
#1292 = CARTESIAN_POINT ( 'NONE',  ( -6.199371184168901650, -25.06133946571283033, 644.7389611448288633 ) ) ;
#1293 = ORIENTED_EDGE ( 'NONE', *, *, #1564, .T. ) ;
#1294 = CARTESIAN_POINT ( 'NONE',  ( -4.040154626359133694, -13.07570529883602362, 638.0014571721879975 ) ) ;
#1295 = CARTESIAN_POINT ( 'NONE',  ( 6.717514421272205993, -24.34453679924572000, 644.6940083758115634 ) ) ;
#1296 = ORIENTED_EDGE ( 'NONE', *, *, #1230, .T. ) ;
#1297 = CARTESIAN_POINT ( 'NONE',  ( 3.944544951819409118, -13.03980441877937579, 647.0461100547189517 ) ) ;
#1298 = CARTESIAN_POINT ( 'NONE',  ( -0.2001501823993202811, -11.99999999999999645, 657.2115227970839442 ) ) ;
#1299 = B_SPLINE_CURVE_WITH_KNOTS ( 'NONE', 3,
 ( #1611, #2543, #2397, #1014, #605, #1759, #767, #2154, #1977, #204, #1383, #1180, #2165, #2348, #1397, #417, #1963, #2554, #781, #1205, #792, #1991, #574, #999, #193, #987, #1784, #1798, #620, #369, #1773, #1359, #1584, #1411 ),
 .UNSPECIFIED., .F., .F.,
 ( 4, 2, 2, 2, 2, 2, 2, 2, 2, 2, 2, 2, 2, 2, 2, 2, 4 ),
 ( 0.000000000000000000, 0.0005096407098882348987, 0.001019281419776469797, 0.001528922129664704805, 0.002038562839552939595, 0.003057844259329409609, 0.004077125679105879190, 0.006115688518658481815, 0.008154251358211085307, 0.01019281419776368880, 0.01223137703731629056, 0.01325065845709259317, 0.01426993987686889405, 0.01477958058675704449, 0.01528922129664519493, 0.01579886200653334363, 0.01630850271642149407 ),
 .UNSPECIFIED. ) ;
#1300 = ADVANCED_FACE ( 'NONE', ( #750 ), #156, .F. ) ;
#1301 = CARTESIAN_POINT ( 'NONE',  ( -0.4999999999999987232, -62.57625790421916889, 670.9040360889762269 ) ) ;
#1302 = CARTESIAN_POINT ( 'NONE',  ( -3.917024711649299995, -13.02454892263367370, 660.7114072435723529 ) ) ;
#1303 = CARTESIAN_POINT ( 'NONE',  ( 8.000000000000000000, -20.00000000000000000, 668.8706496469342255 ) ) ;
#1304 = ORIENTED_EDGE ( 'NONE', *, *, #2418, .F. ) ;
#1305 = CARTESIAN_POINT ( 'NONE',  ( 15.00000000000008704, -33.63072337457148109, 647.0915580363777053 ) ) ;
#1306 = DIRECTION ( 'NONE',  ( -0.000000000000000000, -1.000000000000000000, -0.000000000000000000 ) ) ;
#1307 = ORIENTED_EDGE ( 'NONE', *, *, #1916, .F. ) ;
#1308 = AXIS2_PLACEMENT_3D ( 'NONE', #158, #1345, #387 ) ;
#1309 = CARTESIAN_POINT ( 'NONE',  ( 6.897291305955011999E-14, -6.000000000000000000, 657.2115227970839442 ) ) ;
#1310 = CARTESIAN_POINT ( 'NONE',  ( 0.5000000000000014433, -27.98435971133565303, 670.9040360889762269 ) ) ;
#1311 = CARTESIAN_POINT ( 'NONE',  ( -6.196672185234435304, -14.92156348728048876, 658.1608414017011910 ) ) ;
#1312 = VERTEX_POINT ( 'NONE', #19 ) ;
#1313 = EDGE_CURVE ( 'NONE', #2267, #497, #368, .T. ) ;
#1314 = CARTESIAN_POINT ( 'NONE',  ( 4.442855804424882926, -26.65479875182128211, 662.5743725811480545 ) ) ;
#1315 = ORIENTED_EDGE ( 'NONE', *, *, #348, .T. ) ;
#1316 = CARTESIAN_POINT ( 'NONE',  ( 6.897291305955011999E-14, -33.00000000000000000, 654.2115227970839442 ) ) ;
#1317 = SURFACE_STYLE_FILL_AREA ( #533 ) ;
#1318 = AXIS2_PLACEMENT_3D ( 'NONE', #1583, #2553, #2007 ) ;
#1319 = CARTESIAN_POINT ( 'NONE',  ( -672.0146080650777094, -31.50000000000000000, 654.2115227970839442 ) ) ;
#1320 = AXIS2_PLACEMENT_3D ( 'NONE', #251, #715, #885 ) ;
#1321 = VECTOR ( 'NONE', #1256, 1000.000000000000000 ) ;
#1322 = CARTESIAN_POINT ( 'NONE',  ( 2.980152401296410236, -12.57568661665055743, 653.8146256772406559 ) ) ;
#1323 = FACE_OUTER_BOUND ( 'NONE', #2332, .T. ) ;
#1324 = CARTESIAN_POINT ( 'NONE',  ( 6.927048034934948362, -15.97944367014869371, 650.2940083758114724 ) ) ;
#1325 = FACE_BOUND ( 'NONE', #257, .T. ) ;
#1326 = VERTEX_POINT ( 'NONE', #953 ) ;
#1327 = B_SPLINE_CURVE_WITH_KNOTS ( 'NONE', 3,
 ( #1965, #2544, #206, #1182, #2155, #1614, #183, #2349, #195, #1002 ),
 .UNSPECIFIED., .F., .F.,
 ( 4, 2, 2, 2, 4 ),
 ( 0.000000000000000000, 0.001148082933278939295, 0.002296165866557878590, 0.003444248799836817886, 0.004592331733115757181 ),
 .UNSPECIFIED. ) ;
#1328 = EDGE_CURVE ( 'NONE', #384, #1630, #2401, .T. ) ;
#1329 = CARTESIAN_POINT ( 'NONE',  ( 6.195290960692451776, -14.93366086640341628, 658.1747479123960147 ) ) ;
#1330 = EDGE_CURVE ( 'NONE', #1162, #1131, #569, .T. ) ;
#1331 =( LENGTH_UNIT ( ) NAMED_UNIT ( * ) SI_UNIT ( .MILLI., .METRE. ) );
#1332 = CARTESIAN_POINT ( 'NONE',  ( 3.944283917831863384, -26.96033216427771251, 647.0491439749411029 ) ) ;
#1333 = EDGE_LOOP ( 'NONE', ( #51, #326, #748, #2312, #1293, #1881, #1888, #2311, #1869, #308, #1566, #1735, #1975, #600, #668, #1144, #1895, #1362, #2549, #284, #1374, #1269 ) ) ;
#1334 = CARTESIAN_POINT ( 'NONE',  ( 5.662540247576177244, -25.65660467017033497, 669.9232532401742901 ) ) ;
#1335 = CARTESIAN_POINT ( 'NONE',  ( -0.4999999999999987232, -34.79740134530563012, 638.6325888554631547 ) ) ;
#1336 = CARTESIAN_POINT ( 'NONE',  ( 4.440566192657230182, -26.65634858088072789, 659.2866982585202322 ) ) ;
#1337 = ORIENTED_EDGE ( 'NONE', *, *, #2040, .F. ) ;
#1338 = CARTESIAN_POINT ( 'NONE',  ( 15.00000000000008527, -33.17134631294359792, 646.8705419361907616 ) ) ;
#1339 = LINE ( 'NONE', #1738, #1193 ) ;
#1340 = CARTESIAN_POINT ( 'NONE',  ( -6.717514421272120728, -10.00000000000000178, 660.9290372183561431 ) ) ;
#1341 = ORIENTED_EDGE ( 'NONE', *, *, #1330, .F. ) ;
#1342 = CARTESIAN_POINT ( 'NONE',  ( -5.994839754777071761, -25.30316768880014422, 669.7994957411640371 ) ) ;
#1343 = CARTESIAN_POINT ( 'NONE',  ( -7.226704536505553556, -23.44053943857300837, 639.1556015378519078 ) ) ;
#1344 = CARTESIAN_POINT ( 'NONE',  ( 5.838326446032416683, -14.52460520086878049, 638.5641196260521610 ) ) ;
#1345 = DIRECTION ( 'NONE',  ( 1.000000000000000000, 0.000000000000000000, 0.000000000000000000 ) ) ;
#1346 = EDGE_CURVE ( 'NONE', #505, #299, #110, .T. ) ;
#1347 = VERTEX_POINT ( 'NONE', #1924 ) ;
#1348 = DIRECTION ( 'NONE',  ( 0.000000000000000000, -1.000000000000000000, 0.000000000000000000 ) ) ;
#1349 = DIRECTION ( 'NONE',  ( 0.000000000000000000, 0.000000000000000000, -1.000000000000000000 ) ) ;
#1350 = CARTESIAN_POINT ( 'NONE',  ( 3.917824990749061875, -26.97500161050717438, 647.7213174185019398 ) ) ;
#1351 = ORIENTED_EDGE ( 'NONE', *, *, #872, .T. ) ;
#1352 = CARTESIAN_POINT ( 'NONE',  ( 7.109913133858056788, -16.31295908877867618, 658.1519242862066221 ) ) ;
#1353 = DIRECTION ( 'NONE',  ( 0.000000000000000000, 0.000000000000000000, -1.000000000000000000 ) ) ;
#1354 = CIRCLE ( 'NONE', #2108, 2.800000000000024691 ) ;
#1355 = CARTESIAN_POINT ( 'NONE',  ( 0.5000000000000014433, -33.00000000000000000, 670.9040360889762269 ) ) ;
#1356 = DIRECTION ( 'NONE',  ( 0.000000000000000000, 0.000000000000000000, -1.000000000000000000 ) ) ;
#1357 = VERTEX_POINT ( 'NONE', #1742 ) ;
#1358 = CARTESIAN_POINT ( 'NONE',  ( -0.4999999999999988343, -33.88783075624363761, 670.7009088118156797 ) ) ;
#1359 = CARTESIAN_POINT ( 'NONE',  ( -14.99999999999991473, -33.33972609945989518, 661.4995846388608243 ) ) ;
#1360 = DIRECTION ( 'NONE',  ( 0.000000000000000000, -1.000000000000000000, 0.000000000000000000 ) ) ;
#1361 = CARTESIAN_POINT ( 'NONE',  ( -4.327729385954310892, -26.72936121795045850, 659.4541190234467649 ) ) ;
#1362 = ORIENTED_EDGE ( 'NONE', *, *, #335, .T. ) ;
#1363 = DIRECTION ( 'NONE',  ( -0.000000000000000000, 1.000000000000000000, -0.000000000000000000 ) ) ;
#1364 = CARTESIAN_POINT ( 'NONE',  ( 2.386341041933926282E-14, -11.99999999999939782, 637.5115227970836713 ) ) ;
#1365 = ADVANCED_FACE ( 'NONE', ( #1787 ), #650, .F. ) ;
#1366 = CARTESIAN_POINT ( 'NONE',  ( 2.181825019537436721E-14, -11.99999999999939782, 670.9115227970842170 ) ) ;
#1367 = ORIENTED_EDGE ( 'NONE', *, *, #2001, .F. ) ;
#1368 = CARTESIAN_POINT ( 'NONE',  ( -6.717514421272120728, -2.080404050710624286, 650.2940083758116998 ) ) ;
#1369 = CARTESIAN_POINT ( 'NONE',  ( 5.606363205196702282, -14.28925543963969957, 663.5048624217563429 ) ) ;
#1370 = CARTESIAN_POINT ( 'NONE',  ( -6.596813371725051667, -15.46883547069654519, 650.2940083758118135 ) ) ;
#1371 = CARTESIAN_POINT ( 'NONE',  ( 6.897291305955011999E-14, -62.57625790421916889, 654.2115227970839442 ) ) ;
#1372 = CARTESIAN_POINT ( 'NONE',  ( -3.943691491097450985, -26.96067040002967730, 661.3709749492119272 ) ) ;
#1373 = EDGE_CURVE ( 'NONE', #963, #2267, #58, .T. ) ;
#1374 = ORIENTED_EDGE ( 'NONE', *, *, #2486, .T. ) ;
#1375 = CARTESIAN_POINT ( 'NONE',  ( -5.114031206248374595, -26.17188613304094957, 670.1146930346120598 ) ) ;
#1376 = DIRECTION ( 'NONE',  ( 0.000000000000000000, 1.000000000000000000, 0.000000000000000000 ) ) ;
#1377 = DIRECTION ( 'NONE',  ( 0.000000000000000000, 1.000000000000000000, 0.000000000000000000 ) ) ;
#1378 = APPLICATION_CONTEXT ( 'automotive_design' ) ;
#1379 = CIRCLE ( 'NONE', #1752, 1.600000000000045830 ) ;
#1380 = EDGE_LOOP ( 'NONE', ( #890, #1669, #678, #2087 ) ) ;
#1381 = FACE_BOUND ( 'NONE', #1079, .T. ) ;
#1382 = STYLED_ITEM ( 'NONE', ( #926 ), #702 ) ;
#1383 = CARTESIAN_POINT ( 'NONE',  ( -14.99999999999991296, -34.58834573144444136, 648.8634375799916825 ) ) ;
#1384 = B_SPLINE_CURVE_WITH_KNOTS ( 'NONE', 3,
 ( #354, #2528, #1143, #1927, #789, #1744, #2140, #2540, #2367, #591 ),
 .UNSPECIFIED., .F., .F.,
 ( 4, 2, 2, 2, 4 ),
 ( 0.01975219895199271242, 0.02089891508661090302, 0.02204563122122909710, 0.02319234735584729118, 0.02433906349046548179 ),
 .UNSPECIFIED. ) ;
#1385 = CARTESIAN_POINT ( 'NONE',  ( -5.756234855900075331, -14.44004710631769584, 644.8597176219759604 ) ) ;
#1386 = CARTESIAN_POINT ( 'NONE',  ( -7.999999999999998224, -20.19262522012359184, 645.0049863308399836 ) ) ;
#1387 = CARTESIAN_POINT ( 'NONE',  ( -6.470720926965036313, -24.70947247063010010, 658.1365740350236138 ) ) ;
#1388 = EDGE_LOOP ( 'NONE', ( #869, #468, #2320, #2253, #1070, #147 ) ) ;
#1389 = CARTESIAN_POINT ( 'NONE',  ( 2.973849781929977620, -27.44388484917024229, 637.7718246033695095 ) ) ;
#1390 = CARTESIAN_POINT ( 'NONE',  ( 7.176257300466964750, -16.42585697583752946, 639.1303412028350976 ) ) ;
#1391 = DIRECTION ( 'NONE',  ( 0.000000000000000000, -0.000000000000000000, 1.000000000000000000 ) ) ;
#1392 = AXIS2_PLACEMENT_3D ( 'NONE', #1412, #1574, #17 ) ;
#1393 = CIRCLE ( 'NONE', #2063, 16.70000000000004903 ) ;
#1394 = CARTESIAN_POINT ( 'NONE',  ( 3.917364426415819612, -13.02473971945957310, 647.6020119465894140 ) ) ;
#1395 = DIRECTION ( 'NONE',  ( -0.000000000000000000, -1.000000000000000000, -0.000000000000000000 ) ) ;
#1396 = CIRCLE ( 'NONE', #1769, 16.70000000000004903 ) ;
#1397 = CARTESIAN_POINT ( 'NONE',  ( -14.99999999999990941, -34.93223855775239883, 651.5238975702602602 ) ) ;
#1398 = CARTESIAN_POINT ( 'NONE',  ( -6.474977470050718331, -15.28045303446810976, 644.6940083758113360 ) ) ;
#1399 = CARTESIAN_POINT ( 'NONE',  ( 0.5000000000000014433, -33.88496031585229673, 637.7208160727941504 ) ) ;
#1400 = EDGE_CURVE ( 'NONE', #549, #1547, #1884, .T. ) ;
#1401 = EDGE_CURVE ( 'NONE', #2481, #1210, #1175, .T. ) ;
#1402 = DIRECTION ( 'NONE',  ( 0.000000000000000000, 0.000000000000000000, 1.000000000000000000 ) ) ;
#1403 = CARTESIAN_POINT ( 'NONE',  ( -4.048153882132561776, -26.90044093818494275, 661.8030606265102733 ) ) ;
#1404 = ORIENTED_EDGE ( 'NONE', *, *, #441, .F. ) ;
#1405 = CARTESIAN_POINT ( 'NONE',  ( 0.5000000000000014433, -27.98435971133565303, 637.5190095051916614 ) ) ;
#1406 = CYLINDRICAL_SURFACE ( 'NONE', #2519, 8.000000000000000000 ) ;
#1407 = CARTESIAN_POINT ( 'NONE',  ( 2.902652593162311945, -12.54504486487227055, 654.9949617019067318 ) ) ;
#1408 = CARTESIAN_POINT ( 'NONE',  ( -6.596813371725051667, -15.46883547069654519, 663.7290372183563250 ) ) ;
#1409 = CARTESIAN_POINT ( 'NONE',  ( 4.048227626513561717, -13.09960480669499638, 648.3678763589098253 ) ) ;
#1410 = FACE_OUTER_BOUND ( 'NONE', #165, .T. ) ;
#1411 = CARTESIAN_POINT ( 'NONE',  ( -14.99999999999990763, -33.00000000000000711, 661.5525036579772404 ) ) ;
#1412 = CARTESIAN_POINT ( 'NONE',  ( 6.717514421272175795, -10.00000000000000000, 660.9290372183562567 ) ) ;
#1413 = CARTESIAN_POINT ( 'NONE',  ( 6.717514421272175795, -10.00000000000000178, 660.9290372183562567 ) ) ;
#1414 = CARTESIAN_POINT ( 'NONE',  ( 6.717514421272175795, -2.080404050710624286, 644.6940083758115634 ) ) ;
#1415 = EDGE_CURVE ( 'NONE', #1445, #423, #1237, .T. ) ;
#1416 = CARTESIAN_POINT ( 'NONE',  ( -6.469066259499787641, -24.71173740753043901, 663.7213521413189028 ) ) ;
#1417 = EDGE_LOOP ( 'NONE', ( #2363, #1879 ) ) ;
#1418 = CARTESIAN_POINT ( 'NONE',  ( 1.007864152084093634, -27.95255602447501531, 637.5342218385055730 ) ) ;
#1419 = EDGE_CURVE ( 'NONE', #60, #1482, #1840, .T. ) ;
#1420 = CARTESIAN_POINT ( 'NONE',  ( -0.7855035366535155772, -12.03626870218082878, 651.3093966959147565 ) ) ;
#1421 = CARTESIAN_POINT ( 'NONE',  ( -6.925281333163247233, -15.98655317694014322, 669.4085225420282086 ) ) ;
#1422 = CARTESIAN_POINT ( 'NONE',  ( -3.972198419290091209, -13.05575333214791378, 661.4906184570460255 ) ) ;
#1423 = CARTESIAN_POINT ( 'NONE',  ( -4.702203378922047428, -26.47417270644218945, 649.4485926760668235 ) ) ;
#1424 = DIRECTION ( 'NONE',  ( 1.000000000000000000, 0.000000000000000000, 0.000000000000000000 ) ) ;
#1425 = CARTESIAN_POINT ( 'NONE',  ( 8.000000000000000000, -19.61219165025184807, 645.0049863308399836 ) ) ;
#1426 = VECTOR ( 'NONE', #2270, 1000.000000000000000 ) ;
#1427 = PRODUCT_DEFINITION ( 'UNKNOWN', '', #1931, #1097 ) ;
#1428 = CARTESIAN_POINT ( 'NONE',  ( -5.605211289438844169, -14.28810328156757947, 644.9186415144962439 ) ) ;
#1429 = DIRECTION ( 'NONE',  ( -0.000000000000000000, 1.000000000000000000, -0.000000000000000000 ) ) ;
#1430 = VECTOR ( 'NONE', #2213, 1000.000000000000000 ) ;
#1431 = CARTESIAN_POINT ( 'NONE',  ( 15.00000000000008704, -34.77952894480917223, 658.5724903246783697 ) ) ;
#1432 = CARTESIAN_POINT ( 'NONE',  ( 7.862736807216087698, -21.52403901734567881, 644.9382064484036619 ) ) ;
#1433 = ORIENTED_EDGE ( 'NONE', *, *, #1593, .F. ) ;
#1434 = ORIENTED_EDGE ( 'NONE', *, *, #1286, .F. ) ;
#1435 = CARTESIAN_POINT ( 'NONE',  ( 6.717514421272177572, -15.65546320075427289, 658.1290372183563022 ) ) ;
#1436 = EDGE_CURVE ( 'NONE', #2117, #2118, #1998, .T. ) ;
#1437 = DIRECTION ( 'NONE',  ( -1.000000000000000000, -0.000000000000000000, 3.807663176890381357E-17 ) ) ;
#1438 = CARTESIAN_POINT ( 'NONE',  ( 6.717514421272175795, -6.000000000000000000, 660.9290372183562567 ) ) ;
#1439 = CARTESIAN_POINT ( 'NONE',  ( -4.322259012002010792, -26.73287633080530767, 648.9603150154182458 ) ) ;
#1440 = DIRECTION ( 'NONE',  ( 0.000000000000000000, 0.000000000000000000, 1.000000000000000000 ) ) ;
#1441 = CARTESIAN_POINT ( 'NONE',  ( 7.971966470898990131, -19.22970848201679672, 644.9900071971335365 ) ) ;
#1442 = CARTESIAN_POINT ( 'NONE',  ( -6.717514421272120728, -41.00000000000000000, 647.4940083758117453 ) ) ;
#1443 = AXIS2_PLACEMENT_3D ( 'NONE', #457, #425, #1820 ) ;
#1444 = AXIS2_PLACEMENT_3D ( 'NONE', #133, #1996, #991 ) ;
#1445 = VERTEX_POINT ( 'NONE', #1896 ) ;
#1446 = CARTESIAN_POINT ( 'NONE',  ( -6.029909207281626493, -14.71752018008552909, 638.6333629826398237 ) ) ;
#1447 = DIRECTION ( 'NONE',  ( 0.000000000000000000, -1.000000000000000000, 0.000000000000000000 ) ) ;
#1448 = ORIENTED_EDGE ( 'NONE', *, *, #820, .T. ) ;
#1449 = VERTEX_POINT ( 'NONE', #346 ) ;
#1450 = FACE_OUTER_BOUND ( 'NONE', #1333, .T. ) ;
#1451 = B_SPLINE_CURVE_WITH_KNOTS ( 'NONE', 3,
 ( #1483, #506, #2277, #1292, #2082, #307, #1012, #1249, #817, #630, #2441, #1698, #2244, #2188, #645, #831, #1454, #415, #1608, #44, #71, #1439, #1634, #1423, #1623, #29, #858, #1054, #2408, #2199, #428, #660, #1041, #2232 ),
 .UNSPECIFIED., .F., .F.,
 ( 4, 2, 2, 2, 2, 2, 2, 2, 2, 2, 2, 2, 2, 2, 2, 2, 4 ),
 ( 0.009187289372306723170, 0.009848817595386482465, 0.01051034581846624003, 0.01117187404154599932, 0.01183340226462575688, 0.01249493048770551618, 0.01315645871078527374, 0.01381798693386503303, 0.01447951515694479233, 0.01514104338002454989, 0.01580257160310430745, 0.01646409982618406848, 0.01712562804926382604, 0.01778715627234358360, 0.01844868449542334116, 0.01911021271850309872, 0.01977174094158285975 ),
 .UNSPECIFIED. ) ;
#1452 = CARTESIAN_POINT ( 'NONE',  ( -4.899954313640306758, -13.65498981579253979, 670.1827320403615431 ) ) ;
#1453 = FACE_OUTER_BOUND ( 'NONE', #1063, .T. ) ;
#1454 = CARTESIAN_POINT ( 'NONE',  ( -3.917997187417534111, -26.97490489812681957, 647.2649433920513502 ) ) ;
#1455 = EDGE_CURVE ( 'NONE', #401, #1132, #1379, .T. ) ;
#1456 = CARTESIAN_POINT ( 'NONE',  ( 6.897291305955011999E-14, -16.00000000000000000, 654.2115227970839442 ) ) ;
#1457 = VERTEX_POINT ( 'NONE', #532 ) ;
#1458 = CARTESIAN_POINT ( 'NONE',  ( -6.717514421272120728, -6.000000000000000000, 647.4940083758117453 ) ) ;
#1459 = ORIENTED_EDGE ( 'NONE', *, *, #461, .T. ) ;
#1460 = CARTESIAN_POINT ( 'NONE',  ( 15.00000000000008704, -34.58537892459398222, 648.8517456742324612 ) ) ;
#1461 = FACE_OUTER_BOUND ( 'NONE', #1004, .T. ) ;
#1462 = ORIENTED_EDGE ( 'NONE', *, *, #2310, .F. ) ;
#1463 = VERTEX_POINT ( 'NONE', #2322 ) ;
#1464 = ADVANCED_FACE ( 'NONE', ( #562 ), #2002, .T. ) ;
#1465 = CARTESIAN_POINT ( 'NONE',  ( -1.335833349477426157, -12.11018906412820861, 651.5181732471698979 ) ) ;
#1466 = CARTESIAN_POINT ( 'NONE',  ( -6.790416652799922126, -15.76233037512332302, 669.4694759783915288 ) ) ;
#1467 = CARTESIAN_POINT ( 'NONE',  ( -14.99999999999990763, -62.57625790421916889, 661.5525036579772404 ) ) ;
#1468 = ORIENTED_EDGE ( 'NONE', *, *, #123, .F. ) ;
#1469 = CARTESIAN_POINT ( 'NONE',  ( -8.000000000000000000, -20.00000000000000000, 663.4180592633279048 ) ) ;
#1470 = ORIENTED_EDGE ( 'NONE', *, *, #579, .T. ) ;
#1471 = ADVANCED_FACE ( 'NONE', ( #139 ), #1124, .F. ) ;
#1472 = CARTESIAN_POINT ( 'NONE',  ( -7.482037646574408285, -17.15633356777215468, 639.2809655227194980 ) ) ;
#1473 = CIRCLE ( 'NONE', #968, 3.000000000000002665 ) ;
#1474 = CARTESIAN_POINT ( 'NONE',  ( 6.717514421272205993, -24.34453679924572000, 644.6940083758115634 ) ) ;
#1475 = VECTOR ( 'NONE', #1052, 1000.000000000000000 ) ;
#1476 = ORIENTED_EDGE ( 'NONE', *, *, #1313, .T. ) ;
#1477 = ORIENTED_EDGE ( 'NONE', *, *, #743, .F. ) ;
#1478 = CARTESIAN_POINT ( 'NONE',  ( -1.335501509743163506, -12.11011171988647739, 656.9051058113167301 ) ) ;
#1479 = CARTESIAN_POINT ( 'NONE',  ( 5.110384769838224983, -26.16000600012652910, 670.1116014757412813 ) ) ;
#1480 = LINE ( 'NONE', #2091, #1426 ) ;
#1481 = CARTESIAN_POINT ( 'NONE',  ( 4.126642584170974182, -26.85448990992130192, 659.8458067864407894 ) ) ;
#1482 = VERTEX_POINT ( 'NONE', #925 ) ;
#1483 = CARTESIAN_POINT ( 'NONE',  ( -6.717514421272118952, -24.34453679924582303, 644.6940083758116771 ) ) ;
#1484 = VERTEX_POINT ( 'NONE', #1715 ) ;
#1485 = ORIENTED_EDGE ( 'NONE', *, *, #1179, .F. ) ;
#1486 = B_SPLINE_CURVE_WITH_KNOTS ( 'NONE', 3,
 ( #1972, #798, #1154, #1164, #602, #1390, #2329, #2185, #413, #1544, #1344, #1987, #570, #177, #2139, #1008, #966, #168, #1754, #775, #1569, #2355, #1173, #1364 ),
 .UNSPECIFIED., .F., .F.,
 ( 4, 2, 2, 2, 2, 2, 2, 2, 2, 2, 2, 4 ),
 ( 0.000000000000000000, 0.001588456710547189038, 0.003176913421094378076, 0.004765370131641567114, 0.005559598486915203266, 0.006353826842188839419, 0.007148055197462475571, 0.007942283552736109989, 0.009530740263283309435, 0.01032496861855691089, 0.01111919697383051062, 0.01270765368437767884 ),
 .UNSPECIFIED. ) ;
#1487 = CARTESIAN_POINT ( 'NONE',  ( -7.790301289531443629, -18.16091133049152617, 639.4397676191862274 ) ) ;
#1488 = CIRCLE ( 'NONE', #1320, 1.600000000000045830 ) ;
#1489 = CARTESIAN_POINT ( 'NONE',  ( 6.897291305955011999E-14, -35.00000000000000000, 654.2115227970839442 ) ) ;
#1490 = EDGE_CURVE ( 'NONE', #2325, #2524, #642, .T. ) ;
#1491 = EDGE_LOOP ( 'NONE', ( #280, #2450, #2470, #1184 ) ) ;
#1492 = CARTESIAN_POINT ( 'NONE',  ( 6.717514421272175795, -2.080404050710624286, 644.6940083758115634 ) ) ;
#1493 = CARTESIAN_POINT ( 'NONE',  ( 6.474553949106623740, -24.72499790300187428, 669.6081187056424824 ) ) ;
#1494 = CARTESIAN_POINT ( 'NONE',  ( -3.943001440138755864, -13.03893665988221784, 660.4906613009547982 ) ) ;
#1495 = EDGE_LOOP ( 'NONE', ( #718, #1502, #1046, #469 ) ) ;
#1496 = DIRECTION ( 'NONE',  ( 0.000000000000000000, -0.000000000000000000, 1.000000000000000000 ) ) ;
#1497 = ORIENTED_EDGE ( 'NONE', *, *, #2529, .T. ) ;
#1498 = EDGE_CURVE ( 'NONE', #1022, #519, #1299, .T. ) ;
#1499 = EDGE_LOOP ( 'NONE', ( #93, #908 ) ) ;
#1500 = CARTESIAN_POINT ( 'NONE',  ( 5.838326446032419348, -14.52460520086878049, 669.8589259681157273 ) ) ;
#1501 = LINE ( 'NONE', #2098, #2212 ) ;
#1502 = ORIENTED_EDGE ( 'NONE', *, *, #1401, .F. ) ;
#1503 = CARTESIAN_POINT ( 'NONE',  ( 6.717514421272174019, -24.34453679924573422, 663.7290372183563250 ) ) ;
#1504 = CARTESIAN_POINT ( 'NONE',  ( -8.000000000000000000, -20.00000000000000000, 649.9830304207833933 ) ) ;
#1505 = CARTESIAN_POINT ( 'NONE',  ( 8.000000000000000000, -19.61219165025184807, 658.4400151733846087 ) ) ;
#1506 = DIRECTION ( 'NONE',  ( 0.000000000000000000, -1.000000000000000000, 0.000000000000000000 ) ) ;
#1507 = ORIENTED_EDGE ( 'NONE', *, *, #2120, .F. ) ;
#1508 = CARTESIAN_POINT ( 'NONE',  ( -6.717514421272120728, -10.00000000000000000, 647.4940083758117453 ) ) ;
#1509 = DIRECTION ( 'NONE',  ( 0.000000000000000000, 1.000000000000000000, 0.000000000000000000 ) ) ;
#1510 = ORIENTED_EDGE ( 'NONE', *, *, #615, .F. ) ;
#1511 = CARTESIAN_POINT ( 'NONE',  ( 1.057793673579581650, -12.05258913673294252, 670.8861404688283301 ) ) ;
#1512 = FACE_BOUND ( 'NONE', #1093, .T. ) ;
#1513 = VECTOR ( 'NONE', #752, 1000.000000000000000 ) ;
#1514 = CARTESIAN_POINT ( 'NONE',  ( 5.299795478388897862, -25.99633597620307057, 645.0733510977628384 ) ) ;
#1515 = AXIS2_PLACEMENT_3D ( 'NONE', #1413, #219, #2556 ) ;
#1516 = CARTESIAN_POINT ( 'NONE',  ( 4.917278635583453017, -26.31520090947735113, 670.1725343567518394 ) ) ;
#1517 = DIRECTION ( 'NONE',  ( -0.000000000000000000, 1.000000000000000000, -0.000000000000000000 ) ) ;
#1518 = B_SPLINE_CURVE_WITH_KNOTS ( 'NONE', 3,
 ( #1366, #426, #2242, #1833, #658, #1231, #1807, #42, #274, #643, #259, #1452, #245, #2003, #2256, #1466, #1421, #2197, #472, #1025, #2047, #2016, #1273, #1039, #2437, #1067 ),
 .UNSPECIFIED., .F., .F.,
 ( 4, 2, 2, 2, 2, 2, 2, 2, 2, 2, 2, 2, 4 ),
 ( 0.01270765368437766323, 0.01350126627952710767, 0.01429487887467655385, 0.01508849146982599830, 0.01588210406497544275, 0.01746932925527439062, 0.01905655444557333850, 0.02064377963587228637, 0.02143739223102172214, 0.02223100482617115792, 0.02302461742132058675, 0.02381823001647002253, 0.02540545520676893571 ),
 .UNSPECIFIED. ) ;
#1519 = CARTESIAN_POINT ( 'NONE',  ( 6.717514421272174019, -24.34453679924573422, 663.7290372183563250 ) ) ;
#1520 = EDGE_CURVE ( 'NONE', #2118, #60, #2370, .T. ) ;
#1521 = EDGE_CURVE ( 'NONE', #904, #2045, #172, .T. ) ;
#1522 = APPLICATION_CONTEXT ( 'automotive_design' ) ;
#1523 = ORIENTED_EDGE ( 'NONE', *, *, #1880, .F. ) ;
#1524 = CARTESIAN_POINT ( 'NONE',  ( 6.597037683897421623, -15.46918230174491171, 658.1290372183564159 ) ) ;
#1525 = CARTESIAN_POINT ( 'NONE',  ( 0.5000000000000559552, -31.50000000000000000, 654.2115227970839442 ) ) ;
#1526 = AXIS2_PLACEMENT_3D ( 'NONE', #943, #1509, #1905 ) ;
#1527 = DIRECTION ( 'NONE',  ( 0.000000000000000000, 0.000000000000000000, -1.000000000000000000 ) ) ;
#1528 = AXIS2_PLACEMENT_3D ( 'NONE', #1489, #2281, #2223 ) ;
#1529 = DIRECTION ( 'NONE',  ( 0.000000000000000000, -1.000000000000000000, 0.000000000000000000 ) ) ;
#1530 = DIRECTION ( 'NONE',  ( -1.000000000000000000, 0.000000000000000000, 3.807663176890381974E-17 ) ) ;
#1531 = CARTESIAN_POINT ( 'NONE',  ( 7.862596789623303550, -18.47523262252286358, 650.0498739887436841 ) ) ;
#1532 = CARTESIAN_POINT ( 'NONE',  ( 6.597173521867435220, -24.53060766584778918, 663.7290372183562113 ) ) ;
#1533 = EDGE_CURVE ( 'NONE', #65, #773, #73, .T. ) ;
#1534 = EDGE_CURVE ( 'NONE', #868, #86, #2545, .T. ) ;
#1535 = B_SPLINE_CURVE_WITH_KNOTS ( 'NONE', 3,
 ( #130, #522, #1134, #2315, #1103, #551, #733, #708, #337, #1919 ),
 .UNSPECIFIED., .F., .F.,
 ( 4, 2, 2, 2, 4 ),
 ( 0.01977174094158285975, 0.02091511401287346819, 0.02205848708416407664, 0.02320186015545468855, 0.02434523322674529699 ),
 .UNSPECIFIED. ) ;
#1536 = ORIENTED_EDGE ( 'NONE', *, *, #1779, .T. ) ;
#1537 = DIRECTION ( 'NONE',  ( -0.000000000000000000, -1.000000000000000000, -0.000000000000000000 ) ) ;
#1538 = DIRECTION ( 'NONE',  ( 1.000000000000000000, -0.000000000000000000, 0.000000000000000000 ) ) ;
#1539 = CARTESIAN_POINT ( 'NONE',  ( 6.195374157388644498, -25.06624707189375911, 650.2483197808993509 ) ) ;
#1540 = ORIENTED_EDGE ( 'NONE', *, *, #2414, .F. ) ;
#1541 = CARTESIAN_POINT ( 'NONE',  ( 7.428104410144468872, -17.00527124366507081, 658.2158481620488146 ) ) ;
#1542 = CARTESIAN_POINT ( 'NONE',  ( 6.897291305955011999E-14, -6.000000000000000000, 654.2115227970839442 ) ) ;
#1543 = EDGE_CURVE ( 'NONE', #1210, #1357, #1056, .T. ) ;
#1544 = CARTESIAN_POINT ( 'NONE',  ( 6.011198280223399415, -14.71491511790530993, 638.6299090224932797 ) ) ;
#1545 = CARTESIAN_POINT ( 'NONE',  ( 0.5000000000000014433, -33.88562436491232432, 670.7019207818891573 ) ) ;
#1546 = ORIENTED_EDGE ( 'NONE', *, *, #2228, .T. ) ;
#1547 = VERTEX_POINT ( 'NONE', #46 ) ;
#1548 = CARTESIAN_POINT ( 'NONE',  ( 4.442831587007606053, -13.34518480147111852, 659.2837332232567178 ) ) ;
#1549 = DIRECTION ( 'NONE',  ( 0.000000000000000000, -1.000000000000000000, 0.000000000000000000 ) ) ;
#1550 = ADVANCED_FACE ( 'NONE', ( #430 ), #1030, .F. ) ;
#1551 = CARTESIAN_POINT ( 'NONE',  ( 6.195788670089354078, -25.06568958239395428, 644.7396532355789986 ) ) ;
#1552 = ORIENTED_EDGE ( 'NONE', *, *, #1992, .T. ) ;
#1553 = CARTESIAN_POINT ( 'NONE',  ( -7.756535407496187418, -22.02351663797016457, 669.0013236183415302 ) ) ;
#1554 = CARTESIAN_POINT ( 'NONE',  ( -0.4999999999999987232, -34.73587024465253137, 638.5176231427275297 ) ) ;
#1555 = VECTOR ( 'NONE', #325, 1000.000000000000000 ) ;
#1556 = FACE_OUTER_BOUND ( 'NONE', #1495, .T. ) ;
#1557 = AXIS2_PLACEMENT_3D ( 'NONE', #2364, #166, #2137 ) ;
#1558 = CARTESIAN_POINT ( 'NONE',  ( 6.717514421272175795, -35.00000000000000000, 647.4940083758116316 ) ) ;
#1559 = PRODUCT ( 'MOTOR MOUNT TAIL', 'MOTOR MOUNT TAIL', '', ( #2093 ) ) ;
#1560 = ORIENTED_EDGE ( 'NONE', *, *, #470, .F. ) ;
#1561 = CARTESIAN_POINT ( 'NONE',  ( -0.4999999999999988343, -34.00277619588668188, 670.6392723808750134 ) ) ;
#1562 = CARTESIAN_POINT ( 'NONE',  ( 4.845714849339484154, -13.63163175137235861, 663.0201411434026113 ) ) ;
#1563 = DIRECTION ( 'NONE',  ( -0.000000000000000000, 1.000000000000000000, -0.000000000000000000 ) ) ;
#1564 = EDGE_CURVE ( 'NONE', #1347, #753, #2037, .T. ) ;
#1565 = CARTESIAN_POINT ( 'NONE',  ( -8.000000000000000000, -20.00000000000000000, 658.4400151733844950 ) ) ;
#1566 = ORIENTED_EDGE ( 'NONE', *, *, #1028, .T. ) ;
#1567 = DIRECTION ( 'NONE',  ( -1.000000000000000000, -0.000000000000000000, 3.807663176890381357E-17 ) ) ;
#1568 = CIRCLE ( 'NONE', #1443, 1.600000000000045830 ) ;
#1569 = CARTESIAN_POINT ( 'NONE',  ( 1.836319414402202810, -12.20910802734053746, 637.6107432522263707 ) ) ;
#1570 = DIRECTION ( 'NONE',  ( 0.000000000000000000, 0.000000000000000000, 1.000000000000000000 ) ) ;
#1571 = CARTESIAN_POINT ( 'NONE',  ( -7.780193156759944273, -21.90121415601436183, 658.3359717205852348 ) ) ;
#1572 = CARTESIAN_POINT ( 'NONE',  ( 6.897291305955011999E-14, -62.57625790421916889, 670.9115227970839896 ) ) ;
#1573 = ADVANCED_FACE ( 'NONE', ( #1218, #632, #2216 ), #1236, .T. ) ;
#1574 = DIRECTION ( 'NONE',  ( -0.000000000000000000, -1.000000000000000000, -0.000000000000000000 ) ) ;
#1575 = CYLINDRICAL_SURFACE ( 'NONE', #1640, 16.70000000000004903 ) ;
#1576 = PLANE ( 'NONE',  #333 ) ;
#1577 = B_SPLINE_CURVE_WITH_KNOTS ( 'NONE', 3,
 ( #1504, #2283, #1874, #897, #94, #882, #1674, #2462, #513, #314 ),
 .UNSPECIFIED., .F., .F.,
 ( 4, 2, 2, 2, 4 ),
 ( 0.02434523322674529699, 0.02548885563100302537, 0.02663247803526075722, 0.02777610043951848906, 0.02891972284377621744 ),
 .UNSPECIFIED. ) ;
#1578 = VERTEX_POINT ( 'NONE', #1043 ) ;
#1579 = CARTESIAN_POINT ( 'NONE',  ( -6.873502630106055555, -24.10078798139658574, 669.4321102599484448 ) ) ;
#1580 = CARTESIAN_POINT ( 'NONE',  ( 6.717514421272175795, -35.00000000000000000, 663.7290372183563250 ) ) ;
#1581 = CARTESIAN_POINT ( 'NONE',  ( 6.717514421272175795, -6.000000000000000000, 662.5290372183562795 ) ) ;
#1582 = ORIENTED_EDGE ( 'NONE', *, *, #421, .T. ) ;
#1583 = CARTESIAN_POINT ( 'NONE',  ( -6.717514421272120728, -2.080404050710624286, 647.4940083758117453 ) ) ;
#1584 = CARTESIAN_POINT ( 'NONE',  ( -14.99999999999990941, -33.17134631294369029, 661.5525036579771267 ) ) ;
#1585 = CARTESIAN_POINT ( 'NONE',  ( -5.147182511211461531, -13.87278641903858478, 649.8198428520003063 ) ) ;
#1586 = DIRECTION ( 'NONE',  ( 0.000000000000000000, -1.000000000000000000, 0.000000000000000000 ) ) ;
#1587 = CARTESIAN_POINT ( 'NONE',  ( -4.124561085223460211, -26.85576709836406906, 662.0078776301252219 ) ) ;
#1588 = VERTEX_POINT ( 'NONE', #57 ) ;
#1589 = VERTEX_POINT ( 'NONE', #603 ) ;
#1590 = PLANE ( 'NONE',  #899 ) ;
#1591 = LINE ( 'NONE', #2380, #1727 ) ;
#1592 = CARTESIAN_POINT ( 'NONE',  ( 0.5000000000000014433, -35.00000000000001421, 669.0339958260759659 ) ) ;
#1593 = EDGE_CURVE ( 'NONE', #294, #309, #1473, .T. ) ;
#1594 = AXIS2_PLACEMENT_3D ( 'NONE', #2192, #2342, #2526 ) ;
#1595 = ORIENTED_EDGE ( 'NONE', *, *, #976, .F. ) ;
#1596 = CARTESIAN_POINT ( 'NONE',  ( -0.4999999999999988343, -34.73571130774362814, 669.9057957458429655 ) ) ;
#1597 = CARTESIAN_POINT ( 'NONE',  ( 5.146448057433438805, -13.87210158836021279, 663.2545693603074142 ) ) ;
#1598 = CARTESIAN_POINT ( 'NONE',  ( -11.99999999999990052, -31.50000000000000000, 652.6115227970839214 ) ) ;
#1599 = LINE ( 'NONE', #34, #2302 ) ;
#1600 = CARTESIAN_POINT ( 'NONE',  ( -6.463253284369479879, -24.72102262148722929, 638.8120570226755035 ) ) ;
#1601 = CYLINDRICAL_SURFACE ( 'NONE', #2391, 2.800000000000024691 ) ;
#1602 = ORIENTED_EDGE ( 'NONE', *, *, #1762, .F. ) ;
#1603 = CARTESIAN_POINT ( 'NONE',  ( 7.949150283898595681, -21.03331217523761865, 639.5243489710187532 ) ) ;
#1604 = CARTESIAN_POINT ( 'NONE',  ( 7.564144026470309257, -22.63268257349011137, 658.2576002007651823 ) ) ;
#1605 = CARTESIAN_POINT ( 'NONE',  ( 2.396420143863104979, -12.36207586343729403, 656.0574381672399795 ) ) ;
#1606 = DIRECTION ( 'NONE',  ( 0.000000000000000000, 0.000000000000000000, -1.000000000000000000 ) ) ;
#1607 = AXIS2_PLACEMENT_3D ( 'NONE', #1195, #2217, #1978 ) ;
#1608 = CARTESIAN_POINT ( 'NONE',  ( -3.943691491097450985, -26.96067040002967730, 647.9359461066675294 ) ) ;
#1609 = CARTESIAN_POINT ( 'NONE',  ( 6.715195926128063090E-14, -12.00000000000000000, 657.2115227970839442 ) ) ;
#1610 = AXIS2_PLACEMENT_3D ( 'NONE', #2303, #1306, #2323 ) ;
#1611 = CARTESIAN_POINT ( 'NONE',  ( -14.99999999999990763, -33.00000000000000000, 646.8705419361906479 ) ) ;
#1612 = EDGE_CURVE ( 'NONE', #714, #1312, #2420, .T. ) ;
#1613 = CARTESIAN_POINT ( 'NONE',  ( -3.972198419290091209, -13.05575333214791378, 648.0555896145014003 ) ) ;
#1614 = CARTESIAN_POINT ( 'NONE',  ( -7.781919984621287867, -18.10538280964678393, 644.9016279102386306 ) ) ;
#1615 = CARTESIAN_POINT ( 'NONE',  ( -2.500516885738474748, -27.61599397973057890, 637.6924210931251764 ) ) ;
#1616 = CARTESIAN_POINT ( 'NONE',  ( -6.053487639200362480, -25.23479074482250084, 663.6535157448528253 ) ) ;
#1617 = ORIENTED_EDGE ( 'NONE', *, *, #956, .T. ) ;
#1618 = CARTESIAN_POINT ( 'NONE',  ( -6.717514421272120728, -6.000000000000000000, 645.8940083758117225 ) ) ;
#1619 = LINE ( 'NONE', #1213, #1809 ) ;
#1620 = EDGE_CURVE ( 'NONE', #1463, #497, #1961, .T. ) ;
#1621 = DIRECTION ( 'NONE',  ( -0.000000000000000000, 1.000000000000000000, -0.000000000000000000 ) ) ;
#1622 = CARTESIAN_POINT ( 'NONE',  ( -4.442411348588658271, -13.34485027919556899, 662.5740879538407171 ) ) ;
#1623 = CARTESIAN_POINT ( 'NONE',  ( -4.847260102027449946, -26.36714050473025139, 649.5863386606741869 ) ) ;
#1624 = FACE_BOUND ( 'NONE', #537, .T. ) ;
#1625 = CARTESIAN_POINT ( 'NONE',  ( 7.862462798464741276, -18.47445839828193925, 644.9380809392050651 ) ) ;
#1626 = CARTESIAN_POINT ( 'NONE',  ( -4.047872309383929945, -13.09939184209167706, 646.6204485771327199 ) ) ;
#1627 = PLANE ( 'NONE',  #225 ) ;
#1628 = DIRECTION ( 'NONE',  ( -1.000000000000000000, 0.000000000000000000, 3.807663176890381974E-17 ) ) ;
#1629 = CYLINDRICAL_SURFACE ( 'NONE', #1655, 8.000000000000000000 ) ;
#1630 = VERTEX_POINT ( 'NONE', #1165 ) ;
#1631 = DIRECTION ( 'NONE',  ( 0.000000000000000000, 0.000000000000000000, 1.000000000000000000 ) ) ;
#1632 = CARTESIAN_POINT ( 'NONE',  ( 6.715195926128063090E-14, -12.00000000000000000, 657.2115227970839442 ) ) ;
#1633 = CARTESIAN_POINT ( 'NONE',  ( -0.4999999999999987232, -27.98435971133565658, 458.9422371214550935 ) ) ;
#1634 = CARTESIAN_POINT ( 'NONE',  ( -4.439429817960982128, -26.65710836181790810, 649.1348035867928274 ) ) ;
#1635 = FACE_OUTER_BOUND ( 'NONE', #681, .T. ) ;
#1636 = DIRECTION ( 'NONE',  ( 1.000000000000000000, 0.000000000000000000, 0.000000000000000000 ) ) ;
#1637 = VECTOR ( 'NONE', #2537, 1000.000000000000000 ) ;
#1638 = DIRECTION ( 'NONE',  ( 0.000000000000000000, -0.000000000000000000, 1.000000000000000000 ) ) ;
#1639 = VERTEX_POINT ( 'NONE', #1939 ) ;
#1640 = AXIS2_PLACEMENT_3D ( 'NONE', #1371, #392, #2372 ) ;
#1641 = CIRCLE ( 'NONE', #2134, 16.70000000000004903 ) ;
#1642 = CARTESIAN_POINT ( 'NONE',  ( -1.845491212736948716, -12.21130359107723429, 637.6117739560854716 ) ) ;
#1643 = CARTESIAN_POINT ( 'NONE',  ( -14.99999999999990763, -33.00000000000000711, 661.5525036579772404 ) ) ;
#1644 = ORIENTED_EDGE ( 'NONE', *, *, #1665, .T. ) ;
#1645 = ORIENTED_EDGE ( 'NONE', *, *, #5, .T. ) ;
#1646 = EDGE_CURVE ( 'NONE', #1652, #875, #1268, .T. ) ;
#1647 = FACE_BOUND ( 'NONE', #754, .T. ) ;
#1648 = CARTESIAN_POINT ( 'NONE',  ( 0.7827112727125902225, -12.03602991540856415, 657.1142996123447801 ) ) ;
#1649 = CARTESIAN_POINT ( 'NONE',  ( 6.717514421272175795, -41.00000000000000000, 647.4940083758116316 ) ) ;
#1650 = CARTESIAN_POINT ( 'NONE',  ( 4.442831587007606053, -13.34518480147111852, 645.8487043807120926 ) ) ;
#1651 = DIRECTION ( 'NONE',  ( -0.000000000000000000, -1.000000000000000000, -0.000000000000000000 ) ) ;
#1652 = VERTEX_POINT ( 'NONE', #1581 ) ;
#1653 = AXIS2_PLACEMENT_3D ( 'NONE', #1118, #2523, #1527 ) ;
#1654 = FACE_BOUND ( 'NONE', #127, .T. ) ;
#1655 = AXIS2_PLACEMENT_3D ( 'NONE', #2448, #838, #2458 ) ;
#1656 = ORIENTED_EDGE ( 'NONE', *, *, #1533, .T. ) ;
#1657 = CARTESIAN_POINT ( 'NONE',  ( 15.00000000000008704, -34.89768324384970555, 650.8441020914063984 ) ) ;
#1658 = EDGE_CURVE ( 'NONE', #2236, #1680, #63, .T. ) ;
#1659 = LINE ( 'NONE', #1684, #2065 ) ;
#1660 = ORIENTED_EDGE ( 'NONE', *, *, #2418, .T. ) ;
#1661 = EDGE_LOOP ( 'NONE', ( #2389, #2475 ) ) ;
#1662 = DIRECTION ( 'NONE',  ( -0.000000000000000000, -1.000000000000000000, -0.000000000000000000 ) ) ;
#1663 = CARTESIAN_POINT ( 'NONE',  ( 0.2001915963655999664, -12.00000000000000355, 657.2115227970840579 ) ) ;
#1664 = CARTESIAN_POINT ( 'NONE',  ( -6.054349299251967409, -14.76619739364969597, 663.6537316102943578 ) ) ;
#1665 = EDGE_CURVE ( 'NONE', #159, #1588, #393, .T. ) ;
#1666 = ORIENTED_EDGE ( 'NONE', *, *, #1678, .T. ) ;
#1667 = DIRECTION ( 'NONE',  ( 0.000000000000000000, 1.000000000000000000, 0.000000000000000000 ) ) ;
#1668 = ORIENTED_EDGE ( 'NONE', *, *, #2384, .F. ) ;
#1669 = ORIENTED_EDGE ( 'NONE', *, *, #1543, .T. ) ;
#1670 = CARTESIAN_POINT ( 'NONE',  ( -0.2659156428051605570, -12.00000000000000178, 637.5115227970837850 ) ) ;
#1671 = DIRECTION ( 'NONE',  ( -0.000000000000000000, 1.000000000000000000, -0.000000000000000000 ) ) ;
#1672 = ORIENTED_EDGE ( 'NONE', *, *, #2150, .T. ) ;
#1673 = VERTEX_POINT ( 'NONE', #981 ) ;
#1674 = CARTESIAN_POINT ( 'NONE',  ( -7.431982603567202972, -17.01474059316362286, 650.2061913253498915 ) ) ;
#1675 = CARTESIAN_POINT ( 'NONE',  ( 7.613022909940338145, -22.50855948455008715, 669.0767543602993328 ) ) ;
#1676 = DIRECTION ( 'NONE',  ( -0.000000000000000000, -1.000000000000000000, -0.000000000000000000 ) ) ;
#1677 = EDGE_LOOP ( 'NONE', ( #105, #689, #588, #2530 ) ) ;
#1678 = EDGE_CURVE ( 'NONE', #2220, #1050, #1384, .T. ) ;
#1679 = DIRECTION ( 'NONE',  ( -0.000000000000000000, -1.000000000000000000, -0.000000000000000000 ) ) ;
#1680 = VERTEX_POINT ( 'NONE', #571 ) ;
#1681 = ORIENTED_EDGE ( 'NONE', *, *, #2461, .F. ) ;
#1682 = CARTESIAN_POINT ( 'NONE',  ( -4.899954313640300541, -13.65498981579253979, 638.2403135538062315 ) ) ;
#1683 = AXIS2_PLACEMENT_3D ( 'NONE', #296, #466, #61 ) ;
#1684 = CARTESIAN_POINT ( 'NONE',  ( 6.717514421272175795, -2.080404050710624286, 650.2940083758115861 ) ) ;
#1685 = CIRCLE ( 'NONE', #768, 1.600000000000045830 ) ;
#1686 = ORIENTED_EDGE ( 'NONE', *, *, #2247, .F. ) ;
#1687 = DIRECTION ( 'NONE',  ( -0.000000000000000000, -1.000000000000000000, -0.000000000000000000 ) ) ;
#1688 = CARTESIAN_POINT ( 'NONE',  ( 2.692956790997161676, -12.46643667608680239, 652.8746629513387916 ) ) ;
#1689 = CARTESIAN_POINT ( 'NONE',  ( -0.4999999999999987232, -33.64439899754807328, 637.6212079354475009 ) ) ;
#1690 = CARTESIAN_POINT ( 'NONE',  ( 6.467426351088187531, -24.71401280617282126, 663.7212259169433537 ) ) ;
#1691 = ORIENTED_EDGE ( 'NONE', *, *, #2415, .F. ) ;
#1692 = ORIENTED_EDGE ( 'NONE', *, *, #651, .T. ) ;
#1693 = DIRECTION ( 'NONE',  ( 0.000000000000000000, 1.000000000000000000, 0.000000000000000000 ) ) ;
#1694 = CIRCLE ( 'NONE', #1526, 16.70000000000004903 ) ;
#1695 = AXIS2_PLACEMENT_3D ( 'NONE', #593, #2153, #970 ) ;
#1696 = CARTESIAN_POINT ( 'NONE',  ( 6.717514421272175795, -10.00000000000000178, 660.9290372183562567 ) ) ;
#1697 = VERTEX_POINT ( 'NONE', #1756 ) ;
#1698 = CARTESIAN_POINT ( 'NONE',  ( -4.445001909756143732, -26.65342435947616551, 645.8454037382584829 ) ) ;
#1699 = CARTESIAN_POINT ( 'NONE',  ( -2.902358764364208810, -12.54492940009641799, 654.9962270518574314 ) ) ;
#1700 = CARTESIAN_POINT ( 'NONE',  ( 2.999888939114514042, -12.58375658657226381, 654.4109562653582088 ) ) ;
#1701 = CARTESIAN_POINT ( 'NONE',  ( -6.717514421272120728, -2.080404050710624286, 650.2940083758116998 ) ) ;
#1702 = ORIENTED_EDGE ( 'NONE', *, *, #141, .T. ) ;
#1703 = CARTESIAN_POINT ( 'NONE',  ( 6.717514421272205993, -24.34453679924572000, 658.1290372183563022 ) ) ;
#1704 = VERTEX_POINT ( 'NONE', #2552 ) ;
#1705 = ORIENTED_EDGE ( 'NONE', *, *, #1678, .F. ) ;
#1706 = CARTESIAN_POINT ( 'NONE',  ( 5.474984925199811059, -14.16128918633320311, 669.9897299752173012 ) ) ;
#1707 = DIRECTION ( 'NONE',  ( 1.000000000000000000, 0.000000000000000000, 0.000000000000000000 ) ) ;
#1708 = EDGE_LOOP ( 'NONE', ( #560, #664, #1100, #992 ) ) ;
#1709 = EDGE_CURVE ( 'NONE', #851, #1900, #184, .T. ) ;
#1710 = CARTESIAN_POINT ( 'NONE',  ( 6.934040705529305977E-14, -12.00000000000000000, 651.2115227970839442 ) ) ;
#1711 = CARTESIAN_POINT ( 'NONE',  ( 7.780998121853470728, -18.10168308159216721, 658.3362771754159439 ) ) ;
#1712 = CARTESIAN_POINT ( 'NONE',  ( 6.717514421272175795, -35.00000000000000000, 658.1290372183563022 ) ) ;
#1713 = CARTESIAN_POINT ( 'NONE',  ( 4.050822995787206615, -26.89888344560642963, 661.8114864665710684 ) ) ;
#1714 = ORIENTED_EDGE ( 'NONE', *, *, #2295, .T. ) ;
#1715 = CARTESIAN_POINT ( 'NONE',  ( -6.717514421272120728, -35.00000000000000000, 644.6940083758116771 ) ) ;
#1716 = CIRCLE ( 'NONE', #850, 2.800000000000024691 ) ;
#1717 = CARTESIAN_POINT ( 'NONE',  ( 4.845753845167669382, -26.36833257708964595, 645.4028865117096530 ) ) ;
#1718 = EDGE_CURVE ( 'NONE', #86, #868, #597, .T. ) ;
#1719 = CARTESIAN_POINT ( 'NONE',  ( -6.717514421272121616, -15.65546320075418585, 650.2940083758116998 ) ) ;
#1720 = CARTESIAN_POINT ( 'NONE',  ( -5.142881749355336929, -13.86917090559603949, 658.6060655178607703 ) ) ;
#1721 = FACE_OUTER_BOUND ( 'NONE', #1661, .T. ) ;
#1722 = CYLINDRICAL_SURFACE ( 'NONE', #1318, 2.800000000000024691 ) ;
#1723 = CARTESIAN_POINT ( 'NONE',  ( 6.495411636599008887, -15.32269418586236753, 669.5973795266885418 ) ) ;
#1724 = DIRECTION ( 'NONE',  ( 0.000000000000000000, -1.000000000000000000, 0.000000000000000000 ) ) ;
#1725 = B_SPLINE_CURVE_WITH_KNOTS ( 'NONE', 3,
 ( #1405, #1418, #1036, #437, #1389, #40, #613, #1227, #2183, #1007, #424, #2207, #412, #1819, #1211, #2014, #1999, #1603, #626, #1986 ),
 .UNSPECIFIED., .F., .F.,
 ( 4, 2, 2, 2, 2, 2, 2, 2, 2, 4 ),
 ( 0.03859423861254381721, 0.04011659894960244166, 0.04163895928666105917, 0.04316131962371968361, 0.04392249979224904094, 0.04468367996077839133, 0.04620604029783718925, 0.04772840063489598716, 0.04925076097195479202, 0.05077312130901358994 ),
 .UNSPECIFIED. ) ;
#1726 = EDGE_CURVE ( 'NONE', #520, #1630, #273, .T. ) ;
#1727 = VECTOR ( 'NONE', #11, 1000.000000000000000 ) ;
#1728 = CARTESIAN_POINT ( 'NONE',  ( 5.146181298364329137, -26.12811620196155360, 645.1686717288639557 ) ) ;
#1729 = AXIS2_PLACEMENT_3D ( 'NONE', #510, #2238, #91 ) ;
#1730 = ORIENTED_EDGE ( 'NONE', *, *, #64, .T. ) ;
#1731 = FACE_OUTER_BOUND ( 'NONE', #1092, .T. ) ;
#1732 = CARTESIAN_POINT ( 'NONE',  ( -0.4999999999999987232, -35.00000000000000000, 639.5200286593183137 ) ) ;
#1733 = CARTESIAN_POINT ( 'NONE',  ( 6.054278777035984938, -25.23385556839910393, 658.2043883854212254 ) ) ;
#1734 = CARTESIAN_POINT ( 'NONE',  ( 0.5000000000000015543, -33.26197902220020808, 670.8911444510457613 ) ) ;
#1735 = ORIENTED_EDGE ( 'NONE', *, *, #2461, .T. ) ;
#1736 = ORIENTED_EDGE ( 'NONE', *, *, #1938, .T. ) ;
#1737 = CARTESIAN_POINT ( 'NONE',  ( 4.848571190769595418, -13.63384793125930372, 658.8355188722439379 ) ) ;
#1738 = CARTESIAN_POINT ( 'NONE',  ( -0.4999999999999987232, -35.00000000000000000, 654.2115227970839442 ) ) ;
#1739 = CARTESIAN_POINT ( 'NONE',  ( 5.605726059470574896, -25.71135743766198800, 650.0695415534273707 ) ) ;
#1740 = EDGE_LOOP ( 'NONE', ( #1736, #1279 ) ) ;
#1741 = CARTESIAN_POINT ( 'NONE',  ( -7.226704536505539345, -23.44053943857302258, 669.2674440563160942 ) ) ;
#1742 = CARTESIAN_POINT ( 'NONE',  ( -0.4999999999999449329, -31.50000000000000000, 655.8115227970839669 ) ) ;
#1743 = CARTESIAN_POINT ( 'NONE',  ( -672.0146080650777094, -31.50000000000000000, 654.2115227970839442 ) ) ;
#1744 = CARTESIAN_POINT ( 'NONE',  ( 7.563804563229053812, -22.63368026106837760, 650.1655566967988307 ) ) ;
#1745 = ORIENTED_EDGE ( 'NONE', *, *, #674, .F. ) ;
#1746 = ORIENTED_EDGE ( 'NONE', *, *, #1160, .F. ) ;
#1747 = EDGE_CURVE ( 'NONE', #1845, #773, #1685, .T. ) ;
#1748 = CARTESIAN_POINT ( 'NONE',  ( 3.944544951819409118, -13.03980441877937579, 660.4811388972636905 ) ) ;
#1749 = CARTESIAN_POINT ( 'NONE',  ( 6.467426351088187531, -24.71401280617282126, 650.2861970743988422 ) ) ;
#1750 = ORIENTED_EDGE ( 'NONE', *, *, #480, .T. ) ;
#1751 = FACE_OUTER_BOUND ( 'NONE', #75, .T. ) ;
#1752 = AXIS2_PLACEMENT_3D ( 'NONE', #916, #1537, #2301 ) ;
#1753 = AXIS2_PLACEMENT_3D ( 'NONE', #1525, #151, #359 ) ;
#1754 = CARTESIAN_POINT ( 'NONE',  ( 2.602521381064457184, -12.43051342834558959, 637.7135724493640510 ) ) ;
#1755 = AXIS2_PLACEMENT_3D ( 'NONE', #134, #2317, #912 ) ;
#1756 = CARTESIAN_POINT ( 'NONE',  ( 0.5000000000000014433, -27.98435971133565303, 637.5190095051916614 ) ) ;
#1757 = ORIENTED_EDGE ( 'NONE', *, *, #1520, .F. ) ;
#1758 = CARTESIAN_POINT ( 'NONE',  ( -6.717514421272120728, -10.00000000000000178, 647.4940083758117453 ) ) ;
#1759 = CARTESIAN_POINT ( 'NONE',  ( -14.99999999999990763, -33.98424527182640276, 647.4687777870659602 ) ) ;
#1760 = CARTESIAN_POINT ( 'NONE',  ( -3.917024711649299995, -13.02454892263367370, 647.2763784010279551 ) ) ;
#1761 = LINE ( 'NONE', #2361, #2423 ) ;
#1762 = EDGE_CURVE ( 'NONE', #2118, #2541, #1518, .T. ) ;
#1763 = FACE_OUTER_BOUND ( 'NONE', #1499, .T. ) ;
#1764 = EDGE_CURVE ( 'NONE', #1856, #1176, #671, .T. ) ;
#1765 = VECTOR ( 'NONE', #1651, 1000.000000000000000 ) ;
#1766 = ORIENTED_EDGE ( 'NONE', *, *, #639, .T. ) ;
#1767 = CARTESIAN_POINT ( 'NONE',  ( -8.000000000000000000, -20.25402949014924658, 668.8706496469343392 ) ) ;
#1768 = AXIS2_PLACEMENT_3D ( 'NONE', #1141, #157, #932 ) ;
#1769 = AXIS2_PLACEMENT_3D ( 'NONE', #1005, #2205, #1198 ) ;
#1770 = CYLINDRICAL_SURFACE ( 'NONE', #985, 1.600000000000045830 ) ;
#1771 = CARTESIAN_POINT ( 'NONE',  ( 6.717514421272175795, -6.000000000000000000, 660.9290372183562567 ) ) ;
#1772 = LINE ( 'NONE', #984, #2276 ) ;
#1773 = CARTESIAN_POINT ( 'NONE',  ( -14.99999999999990941, -33.63072337457147398, 661.3314875577901830 ) ) ;
#1774 = CARTESIAN_POINT ( 'NONE',  ( -6.717514421272121616, -15.65546320075418585, 650.2940083758116998 ) ) ;
#1775 = CARTESIAN_POINT ( 'NONE',  ( 6.717514421272177572, -15.65546320075427289, 644.6940083758115634 ) ) ;
#1776 = CARTESIAN_POINT ( 'NONE',  ( -5.301954206465842034, -25.99446970064940743, 658.5070595897691419 ) ) ;
#1777 = ORIENTED_EDGE ( 'NONE', *, *, #2502, .F. ) ;
#1778 = CARTESIAN_POINT ( 'NONE',  ( -4.513534029213122523, -26.60979454836240521, 670.2913718406134649 ) ) ;
#1779 = EDGE_CURVE ( 'NONE', #423, #1326, #2229, .T. ) ;
#1780 = CARTESIAN_POINT ( 'NONE',  ( 8.000000000000000000, -20.00000000000000000, 649.9830304207832796 ) ) ;
#1781 = CARTESIAN_POINT ( 'NONE',  ( 0.5000000000000014433, -33.13029278138932199, 670.9040360889762269 ) ) ;
#1782 = ORIENTED_EDGE ( 'NONE', *, *, #944, .F. ) ;
#1783 = DIRECTION ( 'NONE',  ( -0.000000000000000000, -1.000000000000000000, -0.000000000000000000 ) ) ;
#1784 = CARTESIAN_POINT ( 'NONE',  ( -14.99999999999990941, -34.23939751286521016, 660.5223009221214170 ) ) ;
#1785 = CARTESIAN_POINT ( 'NONE',  ( -6.196672185234435304, -14.92156348728048876, 644.7258125591565658 ) ) ;
#1786 = CARTESIAN_POINT ( 'NONE',  ( -6.717514421272120728, -10.00000000000000178, 645.8940083758117225 ) ) ;
#1787 = FACE_OUTER_BOUND ( 'NONE', #2340, .T. ) ;
#1788 = CARTESIAN_POINT ( 'NONE',  ( -4.322259012002010792, -26.73287633080530767, 662.3953438579626436 ) ) ;
#1789 = ORIENTED_EDGE ( 'NONE', *, *, #820, .F. ) ;
#1790 = CARTESIAN_POINT ( 'NONE',  ( -6.717514421272118952, -24.34453679924582303, 663.7290372183562113 ) ) ;
#1791 = CARTESIAN_POINT ( 'NONE',  ( -7.565221219137599817, -22.62901325885885484, 650.1650529020780596 ) ) ;
#1792 = CIRCLE ( 'NONE', #1594, 1.600000000000045830 ) ;
#1793 = CARTESIAN_POINT ( 'NONE',  ( 0.5000000000000014433, -35.00000000000000000, 654.2115227970839442 ) ) ;
#1794 = CARTESIAN_POINT ( 'NONE',  ( 6.195616487163826847, -14.93409525516809389, 650.2483343244630305 ) ) ;
#1795 = CARTESIAN_POINT ( 'NONE',  ( 4.703934763935799346, -13.52710917953038461, 645.5378120164579059 ) ) ;
#1796 = VECTOR ( 'NONE', #2090, 1000.000000000000000 ) ;
#1797 = CARTESIAN_POINT ( 'NONE',  ( -7.563559051425539081, -22.63412135239105183, 658.2574303508741878 ) ) ;
#1798 = CARTESIAN_POINT ( 'NONE',  ( -14.99999999999991473, -34.07505118897588403, 660.8171338381035866 ) ) ;
#1799 = CARTESIAN_POINT ( 'NONE',  ( -7.565357362506227368, -17.37111354580050460, 663.6000584035363090 ) ) ;
#1800 = CARTESIAN_POINT ( 'NONE',  ( -14.99999999999990763, -62.57625790421916889, 646.8705419361906479 ) ) ;
#1801 = CARTESIAN_POINT ( 'NONE',  ( -3.873970835976657145, -27.00395931863697641, 637.9655408617151124 ) ) ;
#1802 = CARTESIAN_POINT ( 'NONE',  ( -4.847260102027449946, -26.36714050473025139, 663.0213675032185847 ) ) ;
#1803 = ADVANCED_FACE ( 'NONE', ( #1247 ), #1260, .F. ) ;
#1804 = ORIENTED_EDGE ( 'NONE', *, *, #2321, .F. ) ;
#1805 = CARTESIAN_POINT ( 'NONE',  ( -0.4999999999999987232, -35.00000000000000000, 668.9030169348495747 ) ) ;
#1806 = DIRECTION ( 'NONE',  ( 0.000000000000000000, 0.000000000000000000, 1.000000000000000000 ) ) ;
#1807 = CARTESIAN_POINT ( 'NONE',  ( -2.100760242176514137, -12.27625118353586409, 670.7808188345439930 ) ) ;
#1808 = CARTESIAN_POINT ( 'NONE',  ( -4.051100278862499238, -13.10128455469117981, 661.8115163255905600 ) ) ;
#1809 = VECTOR ( 'NONE', #1228, 1000.000000000000000 ) ;
#1810 = AXIS2_PLACEMENT_3D ( 'NONE', #1824, #1042, #844 ) ;
#1811 = LINE ( 'NONE', #231, #1430 ) ;
#1812 = CARTESIAN_POINT ( 'NONE',  ( -0.4999999999999989453, -35.00000000000000711, 669.1636928061524259 ) ) ;
#1813 = CARTESIAN_POINT ( 'NONE',  ( 6.717514421272175795, -2.080404050710624286, 647.4940083758116316 ) ) ;
#1814 = CARTESIAN_POINT ( 'NONE',  ( -5.608402904181136073, -14.29128823408155569, 650.0706572220101407 ) ) ;
#1815 = FACE_OUTER_BOUND ( 'NONE', #2049, .T. ) ;
#1816 = CARTESIAN_POINT ( 'NONE',  ( -8.000000000000001776, -19.47074758381457471, 639.5523959472336628 ) ) ;
#1817 = CARTESIAN_POINT ( 'NONE',  ( 7.564144026470309257, -22.63268257349011137, 644.8225713582204435 ) ) ;
#1818 = ORIENTED_EDGE ( 'NONE', *, *, #1179, .T. ) ;
#1819 = CARTESIAN_POINT ( 'NONE',  ( 7.008075280929784157, -23.89003019012515949, 639.0503257708543288 ) ) ;
#1820 = DIRECTION ( 'NONE',  ( 0.000000000000000000, 0.000000000000000000, 1.000000000000000000 ) ) ;
#1821 = CARTESIAN_POINT ( 'NONE',  ( -6.717514421272120728, -6.000000000000000000, 659.3290372183561203 ) ) ;
#1822 = CARTESIAN_POINT ( 'NONE',  ( -3.917769611999352808, -13.02496728693011718, 661.0471700159069997 ) ) ;
#1823 = CARTESIAN_POINT ( 'NONE',  ( 4.127864347239634135, -13.14624425155667176, 646.4079152269461019 ) ) ;
#1824 = CARTESIAN_POINT ( 'NONE',  ( 10.00000000000008882, -31.50000000000000000, 654.2115227970839442 ) ) ;
#1825 = CARTESIAN_POINT ( 'NONE',  ( -6.717514421272120728, -41.00000000000000000, 662.5290372183561658 ) ) ;
#1826 = PLANE ( 'NONE',  #1271 ) ;
#1827 = ORIENTED_EDGE ( 'NONE', *, *, #755, .F. ) ;
#1828 = CARTESIAN_POINT ( 'NONE',  ( -14.99999999999991118, -31.50000000000000000, 654.2115227970839442 ) ) ;
#1829 = DIRECTION ( 'NONE',  ( -1.000000000000000000, 0.000000000000000000, -0.000000000000000000 ) ) ;
#1830 = ORIENTED_EDGE ( 'NONE', *, *, #1646, .F. ) ;
#1831 = ORIENTED_EDGE ( 'NONE', *, *, #1709, .F. ) ;
#1832 = CARTESIAN_POINT ( 'NONE',  ( -3.000084829051883784, -12.58383582794169619, 654.0150987997570837 ) ) ;
#1833 = CARTESIAN_POINT ( 'NONE',  ( -1.066237259348751687, -12.06688358647780390, 670.8795696276022227 ) ) ;
#1834 = DIRECTION ( 'NONE',  ( 0.000000000000000000, 0.000000000000000000, 1.000000000000000000 ) ) ;
#1835 = CARTESIAN_POINT ( 'NONE',  ( 4.848571190769595418, -13.63384793125930372, 645.4004900296991991 ) ) ;
#1836 = EDGE_CURVE ( 'NONE', #505, #549, #873, .T. ) ;
#1837 = DIRECTION ( 'NONE',  ( 0.000000000000000000, 0.000000000000000000, 1.000000000000000000 ) ) ;
#1838 = CIRCLE ( 'NONE', #2169, 1.600000000000045830 ) ;
#1839 = CARTESIAN_POINT ( 'NONE',  ( 7.109913133858056788, -16.31295908877867618, 644.7168954436621107 ) ) ;
#1840 = CIRCLE ( 'NONE', #1140, 16.70000000000004903 ) ;
#1841 = DIRECTION ( 'NONE',  ( -0.000000000000000000, 0.000000000000000000, 1.000000000000000000 ) ) ;
#1842 = ORIENTED_EDGE ( 'NONE', *, *, #743, .T. ) ;
#1843 = CARTESIAN_POINT ( 'NONE',  ( 15.00000000000008704, -34.93199304682369899, 651.5186560070752648 ) ) ;
#1844 = LINE ( 'NONE', #865, #867 ) ;
#1845 = VERTEX_POINT ( 'NONE', #1821 ) ;
#1846 = ORIENTED_EDGE ( 'NONE', *, *, #1212, .T. ) ;
#1847 = CARTESIAN_POINT ( 'NONE',  ( -6.717514421272120728, -2.080404050710624286, 660.9290372183561431 ) ) ;
#1848 = DIRECTION ( 'NONE',  ( 0.000000000000000000, 0.000000000000000000, 1.000000000000000000 ) ) ;
#1849 = CARTESIAN_POINT ( 'NONE',  ( -5.759344937370272532, -14.44322206202375725, 663.5644989897811001 ) ) ;
#1850 = B_SPLINE_CURVE_WITH_KNOTS ( 'NONE', 3,
 ( #1632, #1663, #856, #1648, #2452, #2406, #628, #1010, #26, #1605, #2393, #1214, #1407, #535, #1700, #1903, #1322, #900, #302, #1688, #2512, #736, #143, #2500, #1875, #883, #2075, #1119, #328, #525, #1082, #2269 ),
 .UNSPECIFIED., .F., .F.,
 ( 4, 2, 2, 2, 2, 2, 2, 2, 2, 2, 2, 2, 2, 2, 2, 4 ),
 ( 1.666459062414489486E-18, 0.0005916710591376980960, 0.001183342118275394674, 0.001775013177413091578, 0.002366684236550788915, 0.003550026354825952003, 0.004141697413963685119, 0.004733368473101419102, 0.005325039532239152218, 0.005916710591376887068, 0.006508381650514621052, 0.007100052709652355902, 0.007691723768790089885, 0.008283394827927824736, 0.008875065887065557851, 0.009466736946203290967 ),
 .UNSPECIFIED. ) ;
#1851 = ORIENTED_EDGE ( 'NONE', *, *, #1328, .T. ) ;
#1852 = AXIS2_PLACEMENT_3D ( 'NONE', #581, #375, #590 ) ;
#1853 = AXIS2_PLACEMENT_3D ( 'NONE', #646, #832, #1440 ) ;
#1854 = CARTESIAN_POINT ( 'NONE',  ( 10.00000000000008882, -31.50000000000000000, 654.2115227970839442 ) ) ;
#1855 = AXIS2_PLACEMENT_3D ( 'NONE', #162, #1538, #2533 ) ;
#1856 = VERTEX_POINT ( 'NONE', #458 ) ;
#1857 = CARTESIAN_POINT ( 'NONE',  ( -2.854621686304603667, -12.52199483931678081, 637.7554523180640444 ) ) ;
#1858 = CYLINDRICAL_SURFACE ( 'NONE', #742, 2.800000000000024691 ) ;
#1859 = ORIENTED_EDGE ( 'NONE', *, *, #811, .F. ) ;
#1860 = VERTEX_POINT ( 'NONE', #53 ) ;
#1861 = CARTESIAN_POINT ( 'NONE',  ( -1.830172589619158297, -12.21040695809259091, 656.5965312657042432 ) ) ;
#1862 = EDGE_CURVE ( 'NONE', #1680, #2106, #487, .T. ) ;
#1863 = ADVANCED_FACE ( 'NONE', ( #616 ), #83, .F. ) ;
#1864 = CARTESIAN_POINT ( 'NONE',  ( -6.717514421272120728, -35.00000000000000000, 660.9290372183561431 ) ) ;
#1865 = CARTESIAN_POINT ( 'NONE',  ( -4.699850528027566199, -13.52414204434767164, 658.9769799880589289 ) ) ;
#1866 = VERTEX_POINT ( 'NONE', #829 ) ;
#1867 = CARTESIAN_POINT ( 'NONE',  ( -7.780193156759944273, -21.90121415601436183, 644.9009428780408371 ) ) ;
#1868 = ORIENTED_EDGE ( 'NONE', *, *, #1286, .T. ) ;
#1869 = ORIENTED_EDGE ( 'NONE', *, *, #1951, .T. ) ;
#1870 = CARTESIAN_POINT ( 'NONE',  ( 15.00000000000008704, -34.31311879011555988, 660.3610485253790330 ) ) ;
#1871 = LINE ( 'NONE', #103, #1971 ) ;
#1872 = ORIENTED_EDGE ( 'NONE', *, *, #2030, .F. ) ;
#1873 = ORIENTED_EDGE ( 'NONE', *, *, #2538, .T. ) ;
#1874 = CARTESIAN_POINT ( 'NONE',  ( -7.972920908911624416, -19.23920634855903700, 649.9975239667672895 ) ) ;
#1875 = CARTESIAN_POINT ( 'NONE',  ( 1.833204872004470687, -12.21110875500614235, 651.8287835256555809 ) ) ;
#1876 = CYLINDRICAL_SURFACE ( 'NONE', #728, 2.800000000000024691 ) ;
#1877 = EDGE_CURVE ( 'NONE', #111, #256, #1850, .T. ) ;
#1878 = FACE_OUTER_BOUND ( 'NONE', #852, .T. ) ;
#1879 = ORIENTED_EDGE ( 'NONE', *, *, #1230, .F. ) ;
#1880 = EDGE_CURVE ( 'NONE', #2224, #2487, #24, .T. ) ;
#1881 = ORIENTED_EDGE ( 'NONE', *, *, #1000, .T. ) ;
#1882 = ORIENTED_EDGE ( 'NONE', *, *, #364, .T. ) ;
#1883 = CARTESIAN_POINT ( 'NONE',  ( 7.737878426315963232, -17.90163100192220824, 669.0111570054366439 ) ) ;
#1884 = CIRCLE ( 'NONE', #222, 3.000000000000002665 ) ;
#1885 = CIRCLE ( 'NONE', #112, 1.600000000000045830 ) ;
#1886 = DIRECTION ( 'NONE',  ( -0.000000000000000000, -1.000000000000000000, -0.000000000000000000 ) ) ;
#1887 = VECTOR ( 'NONE', #827, 1000.000000000000000 ) ;
#1888 = ORIENTED_EDGE ( 'NONE', *, *, #2532, .T. ) ;
#1889 = EDGE_CURVE ( 'NONE', #2445, #2117, #2073, .T. ) ;
#1890 = CARTESIAN_POINT ( 'NONE',  ( 4.703100420188899733, -13.52648376207474712, 649.4494732929954353 ) ) ;
#1891 = LINE ( 'NONE', #2202, #2439 ) ;
#1892 = DIRECTION ( 'NONE',  ( 1.000000000000000000, -0.000000000000000000, -0.000000000000000000 ) ) ;
#1893 = CARTESIAN_POINT ( 'NONE',  ( -0.4999999999999987232, -33.00000000000000000, 637.5190095051916614 ) ) ;
#1894 = CARTESIAN_POINT ( 'NONE',  ( 6.717514421272175795, -2.080404050710624286, 660.9290372183562567 ) ) ;
#1895 = ORIENTED_EDGE ( 'NONE', *, *, #1099, .T. ) ;
#1896 = CARTESIAN_POINT ( 'NONE',  ( 15.00000000000008704, -33.00000000000000711, 661.5525036579771267 ) ) ;
#1897 = CIRCLE ( 'NONE', #1392, 2.800000000000024691 ) ;
#1898 = VECTOR ( 'NONE', #1395, 1000.000000000000000 ) ;
#1899 = DIRECTION ( 'NONE',  ( 0.000000000000000000, 0.000000000000000000, 1.000000000000000000 ) ) ;
#1900 = VERTEX_POINT ( 'NONE', #514 ) ;
#1901 = TOROIDAL_SURFACE ( 'NONE', #486, 14.70000000000002061, 2.000000000000000000 ) ;
#1902 = CARTESIAN_POINT ( 'NONE',  ( 5.147045757224149476, -26.12734667445729642, 649.8198019218076524 ) ) ;
#1903 = CARTESIAN_POINT ( 'NONE',  ( 3.000110122657450251, -12.58384605970451631, 654.0154447329925915 ) ) ;
#1904 = CARTESIAN_POINT ( 'NONE',  ( -4.438562495957818932, -13.34233567855338443, 659.2895637850351704 ) ) ;
#1905 = DIRECTION ( 'NONE',  ( 0.000000000000000000, 0.000000000000000000, 1.000000000000000000 ) ) ;
#1906 = ORIENTED_EDGE ( 'NONE', *, *, #2558, .T. ) ;
#1907 = DIRECTION ( 'NONE',  ( 0.000000000000000000, 0.000000000000000000, 1.000000000000000000 ) ) ;
#1908 = CARTESIAN_POINT ( 'NONE',  ( -14.99999999999991118, -31.50000000000000000, 651.2115227970839442 ) ) ;
#1909 = EDGE_CURVE ( 'NONE', #1578, #1704, #501, .T. ) ;
#1910 = B_SPLINE_CURVE_WITH_KNOTS ( 'NONE', 3,
 ( #1216, #2488, #2034, #1989, #2019, #215, #261, #444, #460, #1835, #1795, #1650, #1233, #1823, #474, #1297, #313, #1394, #55, #2395, #843, #1409, #2424, #2005, #1106, #1890, #119, #1027, #909, #1157, #459, #2438, #1794, #1232, #644, #1053 ),
 .UNSPECIFIED., .F., .F.,
 ( 4, 2, 2, 2, 2, 2, 2, 2, 2, 2, 2, 2, 2, 2, 2, 2, 2, 4 ),
 ( 0.004589246269810429157, 0.005250824637146368941, 0.005912403004482308724, 0.006573981371818248508, 0.007235559739154188291, 0.007897138106490128942, 0.008558716473826067858, 0.009220294841162008509, 0.009881873208497947425, 0.01021266239216608168, 0.01054345157583421767, 0.01120502994317080364, 0.01186660831050739134, 0.01252818667784397558, 0.01318976504518056155, 0.01385134341251714751, 0.01451292177985373522, 0.01517450014719032118 ),
 .UNSPECIFIED. ) ;
#1911 = DIRECTION ( 'NONE',  ( 1.000000000000000000, -0.000000000000000000, -0.000000000000000000 ) ) ;
#1912 = CYLINDRICAL_SURFACE ( 'NONE', #2099, 1.600000000000045830 ) ;
#1913 = LINE ( 'NONE', #1701, #1219 ) ;
#1914 = DIRECTION ( 'NONE',  ( 0.000000000000000000, 0.000000000000000000, 1.000000000000000000 ) ) ;
#1915 = CARTESIAN_POINT ( 'NONE',  ( 6.053433221055519731, -25.23483220861720966, 663.6534811711593420 ) ) ;
#1916 = EDGE_CURVE ( 'NONE', #2445, #1697, #2284, .T. ) ;
#1917 = DIRECTION ( 'NONE',  ( -1.000000000000000000, -0.000000000000000000, 3.807663176890381357E-17 ) ) ;
#1918 = CARTESIAN_POINT ( 'NONE',  ( 5.147072759045062895, -13.87266968677315226, 658.6032081511435763 ) ) ;
#1919 = CARTESIAN_POINT ( 'NONE',  ( -8.000000000000000000, -20.00000000000000000, 663.4180592633279048 ) ) ;
#1920 = AXIS2_PLACEMENT_3D ( 'NONE', #1289, #1506, #913 ) ;
#1921 = CARTESIAN_POINT ( 'NONE',  ( 4.848865899685886660, -26.36592151874380363, 649.5877705748509925 ) ) ;
#1922 = EDGE_LOOP ( 'NONE', ( #1540, #343, #2249, #2346 ) ) ;
#1923 = CARTESIAN_POINT ( 'NONE',  ( -8.000000000000000000, -20.00000000000000000, 668.8706496469342255 ) ) ;
#1924 = CARTESIAN_POINT ( 'NONE',  ( 8.000000000000000000, -20.00000000000001421, 645.0049863308398699 ) ) ;
#1925 = ADVANCED_FACE ( 'NONE', ( #315 ), #1912, .F. ) ;
#1926 = CARTESIAN_POINT ( 'NONE',  ( 6.195374157388644498, -25.06624707189375911, 663.6833486234440898 ) ) ;
#1927 = CARTESIAN_POINT ( 'NONE',  ( 7.862631087433076260, -21.52462165744631406, 650.0498587626730114 ) ) ;
#1928 = VERTEX_POINT ( 'NONE', #1127 ) ;
#1929 = CARTESIAN_POINT ( 'NONE',  ( 5.299577818259615825, -14.00348796312541744, 658.5085322041860536 ) ) ;
#1930 = DIRECTION ( 'NONE',  ( 0.000000000000000000, 0.000000000000000000, 1.000000000000000000 ) ) ;
#1931 = PRODUCT_DEFINITION_FORMATION_WITH_SPECIFIED_SOURCE ( 'ANY', '', #1559, .NOT_KNOWN. ) ;
#1932 = CIRCLE ( 'NONE', #125, 1.600000000000045830 ) ;
#1933 = DIRECTION ( 'NONE',  ( 0.000000000000000000, 0.000000000000000000, 1.000000000000000000 ) ) ;
#1934 = VERTEX_POINT ( 'NONE', #1719 ) ;
#1935 = FACE_OUTER_BOUND ( 'NONE', #1245, .T. ) ;
#1936 = CARTESIAN_POINT ( 'NONE',  ( -0.4999999999999987232, -27.98435971133565658, 637.5190095051916614 ) ) ;
#1937 = CARTESIAN_POINT ( 'NONE',  ( 7.972006277923848749, -20.76977575966394340, 663.4330167631476343 ) ) ;
#1938 = EDGE_CURVE ( 'NONE', #2106, #1680, #321, .T. ) ;
#1939 = CARTESIAN_POINT ( 'NONE',  ( -6.717514421272120728, -10.00000000000000000, 644.6940083758116771 ) ) ;
#1940 = B_SPLINE_CURVE_WITH_KNOTS ( 'NONE', 3,
 ( #2480, #701, #1947, #189, #1791, #2365, #954, #2539, #995, #2160 ),
 .UNSPECIFIED., .F., .F.,
 ( 4, 2, 2, 2, 4 ),
 ( 0.01977174094158285975, 0.02091511401287346819, 0.02205848708416407664, 0.02320186015545468855, 0.02434523322674529699 ),
 .UNSPECIFIED. ) ;
#1941 = ORIENTED_EDGE ( 'NONE', *, *, #1836, .T. ) ;
#1942 = ORIENTED_EDGE ( 'NONE', *, *, #190, .T. ) ;
#1943 = CARTESIAN_POINT ( 'NONE',  ( -6.717514421272120728, -2.080404050710624286, 663.7290372183562113 ) ) ;
#1944 = CYLINDRICAL_SURFACE ( 'NONE', #288, 8.000000000000000000 ) ;
#1945 = ORIENTED_EDGE ( 'NONE', *, *, #1718, .T. ) ;
#1946 = DIRECTION ( 'NONE',  ( 0.000000000000000000, 1.000000000000000000, 0.000000000000000000 ) ) ;
#1947 = CARTESIAN_POINT ( 'NONE',  ( -7.112241918617129954, -23.68283215011735976, 650.2708424301605419 ) ) ;
#1948 = DIRECTION ( 'NONE',  ( 0.000000000000000000, 1.000000000000000000, 0.000000000000000000 ) ) ;
#1949 = CARTESIAN_POINT ( 'NONE',  ( 6.897291305955011999E-14, -6.000000000000000000, 670.9115227970839896 ) ) ;
#1950 = CARTESIAN_POINT ( 'NONE',  ( 3.950527073079273421, -13.04345148556363121, 661.3720282603538863 ) ) ;
#1951 = EDGE_CURVE ( 'NONE', #1589, #2325, #209, .T. ) ;
#1952 = CARTESIAN_POINT ( 'NONE',  ( -3.924869074249597745, -13.02894213564536940, 647.7254507227320346 ) ) ;
#1953 =( NAMED_UNIT ( * ) SI_UNIT ( $, .STERADIAN. ) SOLID_ANGLE_UNIT ( ) );
#1954 = CARTESIAN_POINT ( 'NONE',  ( -7.430261148129957860, -17.01057505644576651, 658.2164161551398820 ) ) ;
#1955 = ORIENTED_EDGE ( 'NONE', *, *, #703, .T. ) ;
#1956 = CARTESIAN_POINT ( 'NONE',  ( 7.563335261980822288, -17.36494808212852092, 658.2573356393820632 ) ) ;
#1957 = AXIS2_PLACEMENT_3D ( 'NONE', #845, #1636, #234 ) ;
#1958 = VECTOR ( 'NONE', #1679, 1000.000000000000000 ) ;
#1959 = CARTESIAN_POINT ( 'NONE',  ( 7.781255174195583102, -21.89722932254388965, 663.5216870300957908 ) ) ;
#1960 = AXIS2_PLACEMENT_3D ( 'NONE', #2527, #2309, #1496 ) ;
#1961 = LINE ( 'NONE', #1174, #1513 ) ;
#1962 = CARTESIAN_POINT ( 'NONE',  ( -6.717514421272120728, -35.00000000000000000, 650.2940083758116998 ) ) ;
#1963 = CARTESIAN_POINT ( 'NONE',  ( -14.99999999999991296, -34.97739220201096089, 653.5419385377224444 ) ) ;
#1964 = CARTESIAN_POINT ( 'NONE',  ( -6.926430509986792217, -15.97848885426463106, 663.7290372183562113 ) ) ;
#1965 = CARTESIAN_POINT ( 'NONE',  ( -6.717514421272122505, -15.65546320075418585, 644.6940083758116771 ) ) ;
#1966 = ADVANCED_FACE ( 'NONE', ( #797, #200, #1138, #979, #2354, #1731 ), #2525, .T. ) ;
#1967 = EDGE_CURVE ( 'NONE', #1132, #401, #685, .T. ) ;
#1968 = FACE_BOUND ( 'NONE', #673, .T. ) ;
#1969 = VERTEX_POINT ( 'NONE', #1185 ) ;
#1970 = CYLINDRICAL_SURFACE ( 'NONE', #114, 1.600000000000045830 ) ;
#1971 = VECTOR ( 'NONE', #892, 1000.000000000000000 ) ;
#1972 = CARTESIAN_POINT ( 'NONE',  ( 8.000000000000000000, -20.00000000000000000, 639.5523959472336628 ) ) ;
#1973 = CARTESIAN_POINT ( 'NONE',  ( 0.5000000000000014433, -33.64433501114346114, 670.8018525057509578 ) ) ;
#1974 = AXIS2_PLACEMENT_3D ( 'NONE', #1261, #1988, #617 ) ;
#1975 = ORIENTED_EDGE ( 'NONE', *, *, #1436, .T. ) ;
#1976 = DIRECTION ( 'NONE',  ( 0.000000000000000000, -1.000000000000000000, 0.000000000000000000 ) ) ;
#1977 = CARTESIAN_POINT ( 'NONE',  ( -14.99999999999991473, -34.31311879011556698, 648.0619970687889690 ) ) ;
#1978 = DIRECTION ( 'NONE',  ( 0.000000000000000000, 0.000000000000000000, 1.000000000000000000 ) ) ;
#1979 = CARTESIAN_POINT ( 'NONE',  ( 15.00000000000008704, -62.57625790421916889, 661.5525036579771267 ) ) ;
#1980 = CARTESIAN_POINT ( 'NONE',  ( -0.4999999999999988343, -34.21869284836965619, 637.9279883333131238 ) ) ;
#1981 = ADVANCED_FACE ( 'NONE', ( #2326 ), #1970, .F. ) ;
#1982 = ADVANCED_FACE ( 'NONE', ( #1935, #554 ), #1590, .F. ) ;
#1983 = CARTESIAN_POINT ( 'NONE',  ( -4.702203378922047428, -26.47417270644218945, 662.8836215186112213 ) ) ;
#1984 = ORIENTED_EDGE ( 'NONE', *, *, #722, .F. ) ;
#1985 = EDGE_LOOP ( 'NONE', ( #92, #1265, #88, #765 ) ) ;
#1986 = CARTESIAN_POINT ( 'NONE',  ( 8.000000000000000000, -20.00000000000000000, 639.5523959472336628 ) ) ;
#1987 = CARTESIAN_POINT ( 'NONE',  ( 5.474984925199811947, -14.16128918633320666, 638.4333156189511556 ) ) ;
#1988 = DIRECTION ( 'NONE',  ( -0.000000000000000000, 1.000000000000000000, -0.000000000000000000 ) ) ;
#1989 = CARTESIAN_POINT ( 'NONE',  ( 6.195290960692451776, -14.93366086640341628, 644.7397190698512759 ) ) ;
#1990 = CARTESIAN_POINT ( 'NONE',  ( -14.99999999999991118, 139.2225650228594986, 631.4321513639007435 ) ) ;
#1991 = CARTESIAN_POINT ( 'NONE',  ( -14.99999999999991829, -34.77824243885245181, 658.5816998509681071 ) ) ;
#1992 = EDGE_CURVE ( 'NONE', #1123, #2163, #973, .T. ) ;
#1993 = CARTESIAN_POINT ( 'NONE',  ( -6.198087858501388325, -14.93711889954228411, 650.2487966024635853 ) ) ;
#1994 = CARTESIAN_POINT ( 'NONE',  ( -6.717514421272120728, -6.000000000000000000, 662.5290372183561658 ) ) ;
#1995 = CARTESIAN_POINT ( 'NONE',  ( -5.114031206248369266, -26.17188613304093536, 638.3083525595559422 ) ) ;
#1996 = DIRECTION ( 'NONE',  ( -1.000000000000000000, 0.000000000000000000, 3.807663176890381974E-17 ) ) ;
#1997 = ORIENTED_EDGE ( 'NONE', *, *, #2304, .T. ) ;
#1998 = B_SPLINE_CURVE_WITH_KNOTS ( 'NONE', 3,
 ( #1102, #2496, #2333, #1883, #948, #719, #936, #1723, #2289, #2313, #1500, #1706, #116, #906, #160, #2484, #707, #2520, #521, #336, #2129, #1511, #756, #2096 ),
 .UNSPECIFIED., .F., .F.,
 ( 4, 2, 2, 2, 2, 2, 2, 2, 2, 2, 2, 4 ),
 ( 0.000000000000000000, 0.001588456710547186653, 0.003176913421094374173, 0.004765370131641561910, 0.005559598486915196328, 0.006353826842188829878, 0.007148055197462463428, 0.007942283552736099581, 0.009530740263283297292, 0.01032496861855689528, 0.01111919697383049500, 0.01270765368437766323 ),
 .UNSPECIFIED. ) ;
#1999 = CARTESIAN_POINT ( 'NONE',  ( 7.755265326843282736, -22.02795068918398158, 639.4210554297785620 ) ) ;
#2000 = CARTESIAN_POINT ( 'NONE',  ( 6.717514421272205993, -24.34453679924572000, 658.1290372183563022 ) ) ;
#2001 = EDGE_CURVE ( 'NONE', #2541, #1578, #398, .T. ) ;
#2002 = TOROIDAL_SURFACE ( 'NONE', #2209, 14.70000000000002061, 2.000000000000000000 ) ;
#2003 = CARTESIAN_POINT ( 'NONE',  ( -6.029909207281636263, -14.71752018008553442, 669.7896826115282920 ) ) ;
#2004 = CARTESIAN_POINT ( 'NONE',  ( 7.429057606517318391, -17.00759014545532821, 663.6419807311078785 ) ) ;
#2005 = CARTESIAN_POINT ( 'NONE',  ( 4.321803465929002108, -13.26685681110139292, 648.9591186635258282 ) ) ;
#2006 = AXIS2_PLACEMENT_3D ( 'NONE', #841, #229, #2060 ) ;
#2007 = DIRECTION ( 'NONE',  ( 0.000000000000000000, 0.000000000000000000, -1.000000000000000000 ) ) ;
#2008 = CARTESIAN_POINT ( 'NONE',  ( 6.897291305955011999E-14, -35.00000000000000000, 654.2115227970839442 ) ) ;
#2009 = CARTESIAN_POINT ( 'NONE',  ( -4.325927295822094898, -13.26949998306111667, 648.9657334344630044 ) ) ;
#2010 = DIRECTION ( 'NONE',  ( 0.000000000000000000, 0.000000000000000000, -1.000000000000000000 ) ) ;
#2011 = CARTESIAN_POINT ( 'NONE',  ( -6.997643745804963622, -23.88529948564107031, 639.0477829737769753 ) ) ;
#2012 = DIRECTION ( 'NONE',  ( 0.000000000000000000, 0.000000000000000000, -1.000000000000000000 ) ) ;
#2013 = ORIENTED_EDGE ( 'NONE', *, *, #529, .T. ) ;
#2014 = CARTESIAN_POINT ( 'NONE',  ( 7.613022909940334593, -22.50855948455009070, 639.3462912338682145 ) ) ;
#2015 = CARTESIAN_POINT ( 'NONE',  ( -6.717514421272120728, -10.00000000000000000, 647.4940083758117453 ) ) ;
#2016 = CARTESIAN_POINT ( 'NONE',  ( -7.724707464087643416, -17.90292312314889855, 669.0178186611464071 ) ) ;
#2017 = CARTESIAN_POINT ( 'NONE',  ( -4.849939976396118624, -13.63491427427768343, 663.0237004397899909 ) ) ;
#2018 = CIRCLE ( 'NONE', #451, 1.600000000000045830 ) ;
#2019 = CARTESIAN_POINT ( 'NONE',  ( 6.053403846976480374, -14.76513024514047245, 644.7695679217447378 ) ) ;
#2020 = ADVANCED_FACE ( 'NONE', ( #1751 ), #749, .F. ) ;
#2021 = CYLINDRICAL_SURFACE ( 'NONE', #1810, 2.499999999999946709 ) ;
#2022 = DIRECTION ( 'NONE',  ( 0.000000000000000000, 0.000000000000000000, -1.000000000000000000 ) ) ;
#2023 = CARTESIAN_POINT ( 'NONE',  ( 7.110746903853399914, -16.31452959205094189, 650.2710075516296229 ) ) ;
#2024 = FACE_OUTER_BOUND ( 'NONE', #1262, .T. ) ;
#2025 = ORIENTED_EDGE ( 'NONE', *, *, #1037, .F. ) ;
#2026 = CARTESIAN_POINT ( 'NONE',  ( -6.356178094578836202, -15.11436711337251637, 638.7652101485464300 ) ) ;
#2027 = CARTESIAN_POINT ( 'NONE',  ( 8.000000000000000000, -20.00000000000000000, 663.4180592633280185 ) ) ;
#2028 = VERTEX_POINT ( 'NONE', #1618 ) ;
#2029 = VERTEX_POINT ( 'NONE', #1023 ) ;
#2030 = EDGE_CURVE ( 'NONE', #2220, #1589, #813, .T. ) ;
#2031 = CARTESIAN_POINT ( 'NONE',  ( 7.972027460409125688, -20.76948242112832332, 658.4250693990653645 ) ) ;
#2032 = DIRECTION ( 'NONE',  ( 0.000000000000000000, 0.000000000000000000, -1.000000000000000000 ) ) ;
#2033 = CARTESIAN_POINT ( 'NONE',  ( 8.000000000000000000, -20.00000000000000000, 663.4180592633280185 ) ) ;
#2034 = CARTESIAN_POINT ( 'NONE',  ( 6.467088855059054175, -15.28553459605219800, 644.7018561665843208 ) ) ;
#2035 = CYLINDRICAL_SURFACE ( 'NONE', #739, 3.000000000000002665 ) ;
#2036 = DIRECTION ( 'NONE',  ( -0.000000000000000000, 1.000000000000000000, -0.000000000000000000 ) ) ;
#2037 = B_SPLINE_CURVE_WITH_KNOTS ( 'NONE', 3,
 ( #647, #1425, #1441, #1625, #463, #1251, #263, #1839, #2201, #2410 ),
 .UNSPECIFIED., .F., .F.,
 ( 4, 2, 2, 2, 4 ),
 ( 1.398578778534940505E-17, 0.001147311567452617698, 0.002294623134905221518, 0.003441934702357825338, 0.004589246269810429157 ),
 .UNSPECIFIED. ) ;
#2038 = FACE_BOUND ( 'NONE', #2417, .T. ) ;
#2039 = ORIENTED_EDGE ( 'NONE', *, *, #1455, .F. ) ;
#2040 = EDGE_CURVE ( 'NONE', #1697, #2466, #1725, .T. ) ;
#2041 = CARTESIAN_POINT ( 'NONE',  ( 15.00000000000008704, -33.63493968594423933, 661.3286401790393256 ) ) ;
#2042 = B_SPLINE_CURVE_WITH_KNOTS ( 'NONE', 3,
 ( #1774, #1370, #1001, #1993, #2398, #633, #1814, #2385, #1585, #391, #47, #194, #2009, #974, #1031, #1613, #235, #1952, #606, #1760, #834, #1626, #621, #2411, #205, #447, #218, #2371, #595, #1428, #1385, #1785, #1398, #33 ),
 .UNSPECIFIED., .F., .F.,
 ( 4, 2, 2, 2, 2, 2, 2, 2, 2, 2, 2, 2, 2, 2, 2, 2, 4 ),
 ( 0.02891972284377621744, 0.02958044947966501428, 0.03024117611555381113, 0.03090190275144261145, 0.03156262938733141177, 0.03222335602322020515, 0.03288408265910900546, 0.03354480929499779884, 0.03387517261294219900, 0.03420553593088659916, 0.03486626256677506641, 0.03552698920266354060, 0.03618771583855200785, 0.03684844247444048204, 0.03750916911032894929, 0.03816989574621742348, 0.03949134901799442737 ),
 .UNSPECIFIED. ) ;
#2043 = CARTESIAN_POINT ( 'NONE',  ( 8.000000000000001776, -20.38639419246748119, 645.0049863308398699 ) ) ;
#2044 = ORIENTED_EDGE ( 'NONE', *, *, #431, .F. ) ;
#2045 = VERTEX_POINT ( 'NONE', #224 ) ;
#2046 = CARTESIAN_POINT ( 'NONE',  ( 8.000000000000000000, -20.00000000000001421, 658.4400151733846087 ) ) ;
#2047 = CARTESIAN_POINT ( 'NONE',  ( -7.570704760803447897, -17.40129527304410573, 669.0971511695992149 ) ) ;
#2048 = DIRECTION ( 'NONE',  ( 0.000000000000000000, 1.000000000000000000, 0.000000000000000000 ) ) ;
#2049 = EDGE_LOOP ( 'NONE', ( #1404, #312, #1714, #2158 ) ) ;
#2050 = AXIS2_PLACEMENT_3D ( 'NONE', #2327, #220, #1353 ) ;
#2051 = CYLINDRICAL_SURFACE ( 'NONE', #1108, 2.499999999999946709 ) ;
#2052 = ORIENTED_EDGE ( 'NONE', *, *, #2472, .F. ) ;
#2053 = CIRCLE ( 'NONE', #898, 1.600000000000045830 ) ;
#2054 = CARTESIAN_POINT ( 'NONE',  ( 15.00000000000008704, -34.72691199233793924, 649.5091572778504769 ) ) ;
#2055 = LINE ( 'NONE', #1091, #197 ) ;
#2056 = EDGE_CURVE ( 'NONE', #1482, #60, #1641, .T. ) ;
#2057 = EDGE_LOOP ( 'NONE', ( #880, #2449, #1476, #9, #2456, #507, #2100, #2240, #1882, #1257, #1367, #1602, #210, #2432 ) ) ;
#2058 = ORIENTED_EDGE ( 'NONE', *, *, #651, .F. ) ;
#2059 = DIRECTION ( 'NONE',  ( 0.000000000000000000, 1.000000000000000000, 0.000000000000000000 ) ) ;
#2060 = DIRECTION ( 'NONE',  ( 0.000000000000000000, -0.000000000000000000, 1.000000000000000000 ) ) ;
#2061 = FACE_OUTER_BOUND ( 'NONE', #476, .T. ) ;
#2062 = ORIENTED_EDGE ( 'NONE', *, *, #1436, .F. ) ;
#2063 = AXIS2_PLACEMENT_3D ( 'NONE', #2339, #2145, #371 ) ;
#2064 = FACE_BOUND ( 'NONE', #2122, .T. ) ;
#2065 = VECTOR ( 'NONE', #2474, 1000.000000000000000 ) ;
#2066 = VERTEX_POINT ( 'NONE', #1790 ) ;
#2067 = ORIENTED_EDGE ( 'NONE', *, *, #1400, .T. ) ;
#2068 = DIRECTION ( 'NONE',  ( 0.000000000000000000, 0.000000000000000000, 1.000000000000000000 ) ) ;
#2069 = CARTESIAN_POINT ( 'NONE',  ( 10.00000000000008882, -31.50000000000000000, 656.7115227970839442 ) ) ;
#2070 = VERTEX_POINT ( 'NONE', #1805 ) ;
#2071 = EDGE_LOOP ( 'NONE', ( #2429, #957, #2460, #465 ) ) ;
#2072 = ADVANCED_FACE ( 'NONE', ( #211 ), #23, .F. ) ;
#2073 = B_SPLINE_CURVE_WITH_KNOTS ( 'NONE', 3,
 ( #1310, #107, #2112, #2477, #723, #95, #712, #1516, #1479, #698, #1334, #929, #1493, #2102, #921, #1675, #2306, #339, #2463, #686 ),
 .UNSPECIFIED., .F., .F.,
 ( 4, 2, 2, 2, 2, 2, 2, 2, 2, 4 ),
 ( 0.03859423861254378946, 0.04011659894960242778, 0.04163895928666106611, 0.04316131962371970443, 0.04392249979224905482, 0.04468367996077840520, 0.04620604029783720312, 0.04772840063489599410, 0.04925076097195479202, 0.05077312130901358300 ),
 .UNSPECIFIED. ) ;
#2074 = CARTESIAN_POINT ( 'NONE',  ( -2.381578582291520085, -12.36185680083690563, 656.0462673558921551 ) ) ;
#2075 = CARTESIAN_POINT ( 'NONE',  ( 1.333847149110458208, -12.10987311674279354, 651.5172587686663519 ) ) ;
#2076 = CARTESIAN_POINT ( 'NONE',  ( -5.605211289438844169, -14.28810328156757947, 658.3536703570407553 ) ) ;
#2077 = ADVANCED_FACE ( 'NONE', ( #1721, #1325 ), #2298, .F. ) ;
#2078 = UNCERTAINTY_MEASURE_WITH_UNIT (LENGTH_MEASURE( 1.000000000000000082E-05 ), #330, 'distance_accuracy_value', 'NONE');
#2079 = DIRECTION ( 'NONE',  ( -0.000000000000000000, -1.000000000000000000, -0.000000000000000000 ) ) ;
#2080 = CARTESIAN_POINT ( 'NONE',  ( 4.321860458634954050, -26.73310724099906110, 659.4638249005630541 ) ) ;
#2081 = ORIENTED_EDGE ( 'NONE', *, *, #80, .F. ) ;
#2082 = CARTESIAN_POINT ( 'NONE',  ( -6.055511511380387013, -25.23243315753843063, 644.7690593478849905 ) ) ;
#2083 = ORIENTED_EDGE ( 'NONE', *, *, #1889, .F. ) ;
#2084 = CARTESIAN_POINT ( 'NONE',  ( -7.170713540270431174, -16.44357704028740486, 639.1287780165514505 ) ) ;
#2085 = EDGE_CURVE ( 'NONE', #295, #1928, #866, .T. ) ;
#2086 = CARTESIAN_POINT ( 'NONE',  ( 7.429201257217282084, -22.99204574928717904, 644.7811050863977016 ) ) ;
#2087 = ORIENTED_EDGE ( 'NONE', *, *, #896, .F. ) ;
#2088 = CARTESIAN_POINT ( 'NONE',  ( 2.386341041933926282E-14, -11.99999999999939782, 637.5115227970836713 ) ) ;
#2089 = CARTESIAN_POINT ( 'NONE',  ( -1.507036800806905941, -12.14149304591900602, 656.8127988655163563 ) ) ;
#2090 = DIRECTION ( 'NONE',  ( -0.000000000000000000, -0.000000000000000000, -1.000000000000000000 ) ) ;
#2091 = CARTESIAN_POINT ( 'NONE',  ( -672.0146080650777094, -31.50000000000000000, 652.6115227970839214 ) ) ;
#2092 = EDGE_LOOP ( 'NONE', ( #2299, #1433 ) ) ;
#2093 = PRODUCT_CONTEXT ( 'NONE', #1378, 'mechanical' ) ;
#2094 = CARTESIAN_POINT ( 'NONE',  ( 3.917209168526575969, -26.97534747913871556, 660.7094448694072071 ) ) ;
#2095 = ORIENTED_EDGE ( 'NONE', *, *, #1709, .T. ) ;
#2096 = CARTESIAN_POINT ( 'NONE',  ( 2.181825019537436721E-14, -11.99999999999939782, 670.9115227970842170 ) ) ;
#2097 = VECTOR ( 'NONE', #247, 1000.000000000000000 ) ;
#2098 = CARTESIAN_POINT ( 'NONE',  ( 15.00000000000008882, -10.00000000000000000, 654.2115227970839442 ) ) ;
#2099 = AXIS2_PLACEMENT_3D ( 'NONE', #1109, #1892, #121 ) ;
#2100 = ORIENTED_EDGE ( 'NONE', *, *, #383, .T. ) ;
#2101 = CARTESIAN_POINT ( 'NONE',  ( 5.760223623852055219, -25.55584011866319116, 644.8582566591709337 ) ) ;
#2102 = CARTESIAN_POINT ( 'NONE',  ( 7.008075280929794815, -23.89003019012513818, 669.3727198233132185 ) ) ;
#2103 = DIRECTION ( 'NONE',  ( 0.000000000000000000, -1.000000000000000000, 0.000000000000000000 ) ) ;
#2104 = DIRECTION ( 'NONE',  ( -0.000000000000000000, -1.000000000000000000, -0.000000000000000000 ) ) ;
#2105 = EDGE_CURVE ( 'NONE', #2236, #2445, #146, .T. ) ;
#2106 = VERTEX_POINT ( 'NONE', #741 ) ;
#2107 = DIRECTION ( 'NONE',  ( 0.000000000000000000, 0.000000000000000000, -1.000000000000000000 ) ) ;
#2108 = AXIS2_PLACEMENT_3D ( 'NONE', #2015, #1662, #814 ) ;
#2109 = CIRCLE ( 'NONE', #654, 16.70000000000004903 ) ;
#2110 = SURFACE_SIDE_STYLE ('',( #1317 ) ) ;
#2111 = DIRECTION ( 'NONE',  ( 1.000000000000000000, 0.000000000000000000, 0.000000000000000000 ) ) ;
#2112 = CARTESIAN_POINT ( 'NONE',  ( 1.520315567499186393, -27.87052680268751104, 670.8495071324065293 ) ) ;
#2113 = FACE_OUTER_BOUND ( 'NONE', #1677, .T. ) ;
#2114 = ADVANCED_FACE ( 'NONE', ( #1878 ), #353, .F. ) ;
#2115 = ORIENTED_EDGE ( 'NONE', *, *, #516, .F. ) ;
#2116 = CARTESIAN_POINT ( 'NONE',  ( 5.146181298364329137, -26.12811620196155360, 658.6037005714086945 ) ) ;
#2117 = VERTEX_POINT ( 'NONE', #1303 ) ;
#2118 = VERTEX_POINT ( 'NONE', #1122 ) ;
#2119 = CARTESIAN_POINT ( 'NONE',  ( 5.759218791891891343, -14.44311612573629766, 658.2936457617868200 ) ) ;
#2120 = EDGE_CURVE ( 'NONE', #2029, #904, #2482, .T. ) ;
#2121 = DIRECTION ( 'NONE',  ( 0.000000000000000000, 0.000000000000000000, 1.000000000000000000 ) ) ;
#2122 = EDGE_LOOP ( 'NONE', ( #523, #411 ) ) ;
#2123 = CARTESIAN_POINT ( 'NONE',  ( -6.463253284369479879, -24.72102262148722218, 669.6109885714926122 ) ) ;
#2124 = CARTESIAN_POINT ( 'NONE',  ( -7.613814489447283229, -22.50695190901958753, 639.3466716080464494 ) ) ;
#2125 = CARTESIAN_POINT ( 'NONE',  ( 5.605726059470574896, -25.71135743766198800, 663.5045703959721095 ) ) ;
#2126 = CARTESIAN_POINT ( 'NONE',  ( 0.5000000000000014433, -34.98689446746323028, 669.1662831604448911 ) ) ;
#2127 = ORIENTED_EDGE ( 'NONE', *, *, #2515, .T. ) ;
#2128 = ORIENTED_EDGE ( 'NONE', *, *, #1401, .T. ) ;
#2129 = CARTESIAN_POINT ( 'NONE',  ( 1.836319414402201700, -12.20910802734054101, 670.8123023419416313 ) ) ;
#2130 = DIRECTION ( 'NONE',  ( 0.000000000000000000, 0.000000000000000000, 1.000000000000000000 ) ) ;
#2131 = AXIS2_PLACEMENT_3D ( 'NONE', #687, #2307, #502 ) ;
#2132 = CIRCLE ( 'NONE', #2467, 1.600000000000045830 ) ;
#2133 = EDGE_CURVE ( 'NONE', #889, #1326, #1694, .T. ) ;
#2134 = AXIS2_PLACEMENT_3D ( 'NONE', #243, #2404, #1200 ) ;
#2135 = FACE_OUTER_BOUND ( 'NONE', #456, .T. ) ;
#2136 = ORIENTED_EDGE ( 'NONE', *, *, #267, .F. ) ;
#2137 = DIRECTION ( 'NONE',  ( 0.000000000000000000, 0.000000000000000000, -1.000000000000000000 ) ) ;
#2138 = CARTESIAN_POINT ( 'NONE',  ( -6.873502630106054667, -24.10078798139659995, 638.9909353342194436 ) ) ;
#2139 = CARTESIAN_POINT ( 'NONE',  ( 4.675409795405642832, -13.50320544007039913, 638.1777814039237455 ) ) ;
#2140 = CARTESIAN_POINT ( 'NONE',  ( 7.428304371161146946, -22.99426920280527753, 650.2071518545704976 ) ) ;
#2141 = ORIENTED_EDGE ( 'NONE', *, *, #97, .T. ) ;
#2142 = CARTESIAN_POINT ( 'NONE',  ( 15.00000000000008704, -33.98015900040493165, 647.4632128474279398 ) ) ;
#2143 = FACE_OUTER_BOUND ( 'NONE', #924, .T. ) ;
#2144 = AXIS2_PLACEMENT_3D ( 'NONE', #1084, #341, #136 ) ;
#2145 = DIRECTION ( 'NONE',  ( -0.000000000000000000, 1.000000000000000000, -0.000000000000000000 ) ) ;
#2146 = ORIENTED_EDGE ( 'NONE', *, *, #1889, .T. ) ;
#2147 = CARTESIAN_POINT ( 'NONE',  ( 6.897291305955011999E-14, -6.000000000000000000, 654.2115227970839442 ) ) ;
#2148 = CARTESIAN_POINT ( 'NONE',  ( -0.4999999999999988343, -34.50719843103145479, 638.1981080692874002 ) ) ;
#2149 = CARTESIAN_POINT ( 'NONE',  ( -6.717514421272120728, -35.00000000000000000, 658.1290372183561885 ) ) ;
#2150 = EDGE_CURVE ( 'NONE', #484, #1969, #1281, .T. ) ;
#2151 = DIRECTION ( 'NONE',  ( 0.000000000000000000, 1.000000000000000000, 0.000000000000000000 ) ) ;
#2152 = ORIENTED_EDGE ( 'NONE', *, *, #2436, .F. ) ;
#2153 = DIRECTION ( 'NONE',  ( 0.000000000000000000, 1.000000000000000000, 0.000000000000000000 ) ) ;
#2154 = CARTESIAN_POINT ( 'NONE',  ( -14.99999999999991651, -34.24300763684763638, 647.9081110673364492 ) ) ;
#2155 = CARTESIAN_POINT ( 'NONE',  ( -7.564339125476161385, -17.36777156389862853, 644.8226260366615179 ) ) ;
#2156 = EDGE_CURVE ( 'NONE', #1199, #1856, #1940, .T. ) ;
#2157 = CARTESIAN_POINT ( 'NONE',  ( -8.000000000000001776, -19.61496972097103964, 658.4400151733844950 ) ) ;
#2158 = ORIENTED_EDGE ( 'NONE', *, *, #1534, .T. ) ;
#2159 = DIRECTION ( 'NONE',  ( 0.000000000000000000, 1.000000000000000000, 0.000000000000000000 ) ) ;
#2160 = CARTESIAN_POINT ( 'NONE',  ( -8.000000000000000000, -20.00000000000000000, 649.9830304207833933 ) ) ;
#2161 = CARTESIAN_POINT ( 'NONE',  ( 0.5000000000000014433, -34.22025928285440699, 670.4938245605549128 ) ) ;
#2162 = EDGE_CURVE ( 'NONE', #508, #295, #927, .T. ) ;
#2163 = VERTEX_POINT ( 'NONE', #1580 ) ;
#2164 = CARTESIAN_POINT ( 'NONE',  ( -6.924861347592474736, -24.02393738160358438, 658.1290372183558475 ) ) ;
#2165 = CARTESIAN_POINT ( 'NONE',  ( -14.99999999999991651, -34.77952894480918644, 649.8505552694894050 ) ) ;
#2166 = CARTESIAN_POINT ( 'NONE',  ( -8.000000000000000000, -19.61897715508024476, 663.4180592633281321 ) ) ;
#2167 = LINE ( 'NONE', #975, #1222 ) ;
#2168 = CARTESIAN_POINT ( 'NONE',  ( -5.301374701035077130, -25.99493493953595546, 663.3506042374567642 ) ) ;
#2170 = ORIENTED_EDGE ( 'NONE', *, *, #90, .T. ) ;
#2169 = AXIS2_PLACEMENT_3D ( 'NONE', #1438, #2394, #2230 ) ;
#2171 = DIRECTION ( 'NONE',  ( 0.000000000000000000, 0.000000000000000000, 1.000000000000000000 ) ) ;
#2172 = AXIS2_PLACEMENT_3D ( 'NONE', #2356, #1377, #2174 ) ;
#2173 = CARTESIAN_POINT ( 'NONE',  ( -6.717514421272120728, -6.000000000000000000, 660.9290372183561431 ) ) ;
#2174 = DIRECTION ( 'NONE',  ( 0.000000000000000000, 0.000000000000000000, 1.000000000000000000 ) ) ;
#2175 = ORIENTED_EDGE ( 'NONE', *, *, #1243, .F. ) ;
#2176 = FACE_OUTER_BOUND ( 'NONE', #1035, .T. ) ;
#2177 = CARTESIAN_POINT ( 'NONE',  ( 6.596385520538443181, -15.46817392801684043, 663.7290372183564386 ) ) ;
#2178 = CARTESIAN_POINT ( 'NONE',  ( -6.717514421272120728, -35.00000000000000000, 663.7290372183562113 ) ) ;
#2179 = CARTESIAN_POINT ( 'NONE',  ( 0.5000000000000013323, -34.59818093297387520, 638.2888218181342381 ) ) ;
#2180 = CARTESIAN_POINT ( 'NONE',  ( -6.597095373662188678, -24.53072849845204573, 663.7290372183562113 ) ) ;
#2181 = AXIS2_PLACEMENT_3D ( 'NONE', #244, #2434, #2405 ) ;
#2182 = ORIENTED_EDGE ( 'NONE', *, *, #2415, .T. ) ;
#2183 = CARTESIAN_POINT ( 'NONE',  ( 5.110384769838209884, -26.16000600012654687, 638.3114441184266070 ) ) ;
#2184 = CIRCLE ( 'NONE', #291, 2.499999999999946709 ) ;
#2185 = CARTESIAN_POINT ( 'NONE',  ( 6.495411636599005334, -15.32269418586236398, 638.8256660674792329 ) ) ;
#2186 = ADVANCED_FACE ( 'NONE', ( #1201 ), #762, .F. ) ;
#2187 = PLANE ( 'NONE',  #2279 ) ;
#2188 = CARTESIAN_POINT ( 'NONE',  ( -4.130150630358590647, -26.85240102520690897, 646.4022186478081267 ) ) ;
#2189 = CARTESIAN_POINT ( 'NONE',  ( -7.944236997693705504, -20.96207915220042040, 658.4118806550295631 ) ) ;
#2190 = CARTESIAN_POINT ( 'NONE',  ( 6.195616487163826847, -14.93409525516809389, 663.6833631670077693 ) ) ;
#2191 = FACE_OUTER_BOUND ( 'NONE', #357, .T. ) ;
#2192 = CARTESIAN_POINT ( 'NONE',  ( -6.717514421272120728, -10.00000000000000178, 647.4940083758117453 ) ) ;
#2193 = CARTESIAN_POINT ( 'NONE',  ( -6.717514421272118952, -24.34453679924582303, 658.1290372183561885 ) ) ;
#2194 = ORIENTED_EDGE ( 'NONE', *, *, #2304, .F. ) ;
#2195 = CARTESIAN_POINT ( 'NONE',  ( 8.000000000000000000, -20.00000000000000000, 458.9422371214550935 ) ) ;
#2196 = CARTESIAN_POINT ( 'NONE',  ( 8.000000000000001776, -20.38639419246748119, 658.4400151733846087 ) ) ;
#2197 = CARTESIAN_POINT ( 'NONE',  ( -7.170713540270433839, -16.44357704028741551, 669.2942675776164378 ) ) ;
#2198 = CARTESIAN_POINT ( 'NONE',  ( -14.99999999999990763, -33.00000000000000000, 646.8705419361906479 ) ) ;
#2199 = CARTESIAN_POINT ( 'NONE',  ( -6.053487639200362480, -25.23479074482250084, 650.2184869023084275 ) ) ;
#2200 = CARTESIAN_POINT ( 'NONE',  ( -0.4999999999999987232, -34.94769768474485971, 669.4271433825696249 ) ) ;
#2201 = CARTESIAN_POINT ( 'NONE',  ( 6.926445609508490087, -15.97851220111597215, 644.6940083758116771 ) ) ;
#2202 = CARTESIAN_POINT ( 'NONE',  ( 8.000000000000000000, -20.00000000000000000, 458.9422371214550935 ) ) ;
#2203 = CARTESIAN_POINT ( 'NONE',  ( -7.944236997693705504, -20.96207915220042040, 644.9768518124850516 ) ) ;
#2204 = CARTESIAN_POINT ( 'NONE',  ( -14.99999999999991118, -10.00000000000000000, 654.2115227970839442 ) ) ;
#2205 = DIRECTION ( 'NONE',  ( -0.000000000000000000, 1.000000000000000000, -0.000000000000000000 ) ) ;
#2206 = ORIENTED_EDGE ( 'NONE', *, *, #692, .T. ) ;
#2207 = CARTESIAN_POINT ( 'NONE',  ( 6.171927749266654217, -25.11404552755291064, 638.6896462950348905 ) ) ;
#2208 = CARTESIAN_POINT ( 'NONE',  ( -2.384676696572898713, -12.36283875786568665, 652.3809549803557957 ) ) ;
#2209 = AXIS2_PLACEMENT_3D ( 'NONE', #1316, #1348, #2107 ) ;
#2210 = CARTESIAN_POINT ( 'NONE',  ( 15.00000000000008704, -62.57625790421916889, 646.8705419361907616 ) ) ;
#2211 = CARTESIAN_POINT ( 'NONE',  ( -3.952117397849100655, -13.04435387100523513, 661.3818207174343797 ) ) ;
#2212 = VECTOR ( 'NONE', #720, 1000.000000000000000 ) ;
#2213 = DIRECTION ( 'NONE',  ( -0.000000000000000000, 1.000000000000000000, -0.000000000000000000 ) ) ;
#2214 = VECTOR ( 'NONE', #1621, 1000.000000000000000 ) ;
#2215 = DIRECTION ( 'NONE',  ( 0.000000000000000000, -1.000000000000000000, 0.000000000000000000 ) ) ;
#2216 = FACE_OUTER_BOUND ( 'NONE', #1740, .T. ) ;
#2217 = DIRECTION ( 'NONE',  ( -0.000000000000000000, 1.000000000000000000, -0.000000000000000000 ) ) ;
#2218 = PRODUCT_DEFINITION_SHAPE ( 'NONE', 'NONE',  #1427 ) ;
#2219 = CARTESIAN_POINT ( 'NONE',  ( 10.00000000000000000, -31.50000000000000000, 654.2115227970839442 ) ) ;
#2220 = VERTEX_POINT ( 'NONE', #1780 ) ;
#2221 = CARTESIAN_POINT ( 'NONE',  ( 15.00000000000008882, -34.93223855775239883, 656.8991480239074008 ) ) ;
#2222 = ADVANCED_FACE ( 'NONE', ( #1556 ), #1770, .F. ) ;
#2223 = DIRECTION ( 'NONE',  ( 0.000000000000000000, 0.000000000000000000, -1.000000000000000000 ) ) ;
#2224 = VERTEX_POINT ( 'NONE', #2149 ) ;
#2225 = ORIENTED_EDGE ( 'NONE', *, *, #2375, .T. ) ;
#2226 = CARTESIAN_POINT ( 'NONE',  ( 7.781424339468619777, -21.89650405617028284, 658.3364606788270521 ) ) ;
#2227 = VECTOR ( 'NONE', #1917, 1000.000000000000000 ) ;
#2228 = EDGE_CURVE ( 'NONE', #773, #1845, #2275, .T. ) ;
#2229 = LINE ( 'NONE', #2210, #2214 ) ;
#2230 = DIRECTION ( 'NONE',  ( 0.000000000000000000, 0.000000000000000000, 1.000000000000000000 ) ) ;
#2231 = CIRCLE ( 'NONE', #2144, 16.70000000000004903 ) ;
#2232 = CARTESIAN_POINT ( 'NONE',  ( -6.717514421272118952, -24.34453679924582303, 650.2940083758116998 ) ) ;
#2233 = CARTESIAN_POINT ( 'NONE',  ( 0.5000000000000559552, -31.50000000000000000, 654.2115227970839442 ) ) ;
#2234 = DIRECTION ( 'NONE',  ( -0.000000000000000000, -1.000000000000000000, -0.000000000000000000 ) ) ;
#2235 = DIRECTION ( 'NONE',  ( 0.000000000000000000, 0.000000000000000000, 1.000000000000000000 ) ) ;
#2236 = VERTEX_POINT ( 'NONE', #1355 ) ;
#2237 = CARTESIAN_POINT ( 'NONE',  ( -7.724707464087641640, -17.90292312314889145, 639.4052269330215950 ) ) ;
#2238 = DIRECTION ( 'NONE',  ( 1.000000000000000000, 0.000000000000000000, 0.000000000000000000 ) ) ;
#2239 = ORIENTED_EDGE ( 'NONE', *, *, #441, .T. ) ;
#2240 = ORIENTED_EDGE ( 'NONE', *, *, #1121, .F. ) ;
#2241 = CARTESIAN_POINT ( 'NONE',  ( 6.927252639667671907, -24.02023997040812020, 658.1290372183564159 ) ) ;
#2242 = CARTESIAN_POINT ( 'NONE',  ( -0.5352584926220178563, -12.01346781952299558, 670.9050588330368328 ) ) ;
#2243 = FACE_OUTER_BOUND ( 'NONE', #148, .T. ) ;
#2244 = CARTESIAN_POINT ( 'NONE',  ( -4.327729385954310892, -26.72936121795045850, 646.0190901809023671 ) ) ;
#2245 = LINE ( 'NONE', #1235, #2351 ) ;
#2246 = ORIENTED_EDGE ( 'NONE', *, *, #335, .F. ) ;
#2247 = EDGE_CURVE ( 'NONE', #862, #1652, #1591, .T. ) ;
#2248 = CARTESIAN_POINT ( 'NONE',  ( -6.717514421272120728, -10.00000000000000000, 663.7290372183562113 ) ) ;
#2249 = ORIENTED_EDGE ( 'NONE', *, *, #1593, .T. ) ;
#2250 = CARTESIAN_POINT ( 'NONE',  ( 15.00000000000009059, -34.49481345858454517, 648.5237005413179077 ) ) ;
#2251 = LINE ( 'NONE', #2069, #1321 ) ;
#2252 = ORIENTED_EDGE ( 'NONE', *, *, #318, .T. ) ;
#2253 = ORIENTED_EDGE ( 'NONE', *, *, #123, .T. ) ;
#2254 = CARTESIAN_POINT ( 'NONE',  ( -1.510935656963939389, -12.14224118712595768, 651.6124933580922516 ) ) ;
#2255 = B_SPLINE_CURVE_WITH_KNOTS ( 'NONE', 3,
 ( #275, #1408, #629, #1068, #1664, #1849, #84, #874, #214, #2017, #1215, #1622, #1026, #2407, #1808, #1422, #2211, #443, #1822, #1302, #1494, #1120, #488, #1110, #1904, #1865, #2464, #1720, #536, #2076, #2491, #1311, #2257, #135 ),
 .UNSPECIFIED., .F., .F.,
 ( 4, 2, 2, 2, 2, 2, 2, 2, 2, 2, 2, 2, 2, 2, 2, 2, 4 ),
 ( 0.02891972284377621744, 0.02958044947966501428, 0.03024117611555381113, 0.03090190275144261145, 0.03156262938733141177, 0.03222335602322020515, 0.03288408265910900546, 0.03354480929499779884, 0.03387517261294219900, 0.03420553593088659916, 0.03486626256677506641, 0.03552698920266354060, 0.03618771583855200785, 0.03684844247444048204, 0.03750916911032894929, 0.03816989574621742348, 0.03949134901799442737 ),
 .UNSPECIFIED. ) ;
#2256 = CARTESIAN_POINT ( 'NONE',  ( -6.356178094578840643, -15.11436711337252348, 669.6578354456214583 ) ) ;
#2257 = CARTESIAN_POINT ( 'NONE',  ( -6.474977470050718331, -15.28045303446810976, 658.1290372183558475 ) ) ;
#2258 = CIRCLE ( 'NONE', #2131, 3.000000000000002665 ) ;
#2259 = ORIENTED_EDGE ( 'NONE', *, *, #153, .F. ) ;
#2260 = VECTOR ( 'NONE', #672, 1000.000000000000000 ) ;
#2261 = CARTESIAN_POINT ( 'NONE',  ( -7.108224741345994246, -23.69037706949112732, 644.7166308310140721 ) ) ;
#2262 = EDGE_LOOP ( 'NONE', ( #2433, #1941, #2067, #677 ) ) ;
#2263 = VERTEX_POINT ( 'NONE', #1186 ) ;
#2264 = CARTESIAN_POINT ( 'NONE',  ( -3.583429099339036750, -12.82805880458352377, 637.8930204693704127 ) ) ;
#2265 = CARTESIAN_POINT ( 'NONE',  ( -0.4999999999999449329, -31.50000000000000000, 654.2115227970839442 ) ) ;
#2266 = ORIENTED_EDGE ( 'NONE', *, *, #1400, .F. ) ;
#2267 = VERTEX_POINT ( 'NONE', #557 ) ;
#2268 = CARTESIAN_POINT ( 'NONE',  ( -0.9711017995517347012, -12.05702432018665249, 657.0568549450059663 ) ) ;
#2269 = CARTESIAN_POINT ( 'NONE',  ( 6.934040705529305977E-14, -12.00000000000000000, 651.2115227970839442 ) ) ;
#2270 = DIRECTION ( 'NONE',  ( 1.000000000000000000, -0.000000000000000000, -0.000000000000000000 ) ) ;
#2271 = CARTESIAN_POINT ( 'NONE',  ( 0.000000000000000000, 0.000000000000000000, 0.000000000000000000 ) ) ;
#2272 = CARTESIAN_POINT ( 'NONE',  ( 6.466450496219874111, -24.71529703937302003, 658.1369704384402439 ) ) ;
#2273 = EDGE_CURVE ( 'NONE', #2466, #963, #1486, .T. ) ;
#2274 = EDGE_LOOP ( 'NONE', ( #1668, #1831 ) ) ;
#2275 = CIRCLE ( 'NONE', #196, 1.600000000000045830 ) ;
#2276 = VECTOR ( 'NONE', #1177, 1000.000000000000000 ) ;
#2277 = CARTESIAN_POINT ( 'NONE',  ( -6.470720926965036313, -24.70947247063010010, 644.7015451924788749 ) ) ;
#2278 = ORIENTED_EDGE ( 'NONE', *, *, #1718, .F. ) ;
#2279 = AXIS2_PLACEMENT_3D ( 'NONE', #246, #1040, #1606 ) ;
#2280 = CARTESIAN_POINT ( 'NONE',  ( 15.00000000000009237, -34.89795036639685577, 657.5734605800175814 ) ) ;
#2281 = DIRECTION ( 'NONE',  ( 0.000000000000000000, -1.000000000000000000, 0.000000000000000000 ) ) ;
#2282 = ORIENTED_EDGE ( 'NONE', *, *, #1747, .F. ) ;
#2283 = CARTESIAN_POINT ( 'NONE',  ( -8.000000000000000000, -19.61897715508024476, 649.9830304207835070 ) ) ;
#2284 = LINE ( 'NONE', #289, #1796 ) ;
#2285 = CARTESIAN_POINT ( 'NONE',  ( 6.897291305955011999E-14, -33.00000000000000000, 654.2115227970839442 ) ) ;
#2286 = DIRECTION ( 'NONE',  ( -0.000000000000000000, 1.000000000000000000, -0.000000000000000000 ) ) ;
#2287 = ORIENTED_EDGE ( 'NONE', *, *, #770, .T. ) ;
#2288 = ORIENTED_EDGE ( 'NONE', *, *, #2133, .F. ) ;
#2289 = CARTESIAN_POINT ( 'NONE',  ( 6.339389934790507830, -15.11340995889941752, 669.6625204295785352 ) ) ;
#2290 = B_SPLINE_CURVE_WITH_KNOTS ( 'NONE', 3,
 ( #2347, #14, #379, #216, #2189, #802, #1571, #1797, #2358, #1217, #2164, #818 ),
 .UNSPECIFIED., .F., .F.,
 ( 4, 2, 2, 2, 2, 4 ),
 ( 0.004592331733115757181, 0.005166701438014619473, 0.005741071142913481765, 0.006889810552711228900, 0.008038549962508976035, 0.009187289372306723170 ),
 .UNSPECIFIED. ) ;
#2291 = CYLINDRICAL_SURFACE ( 'NONE', #161, 1.600000000000045830 ) ;
#2292 = ORIENTED_EDGE ( 'NONE', *, *, #960, .T. ) ;
#2293 = DIRECTION ( 'NONE',  ( -0.000000000000000000, -1.000000000000000000, -0.000000000000000000 ) ) ;
#2294 = CARTESIAN_POINT ( 'NONE',  ( -2.980475890319312260, -12.57581469022669118, 654.6067577041542336 ) ) ;
#2295 = EDGE_CURVE ( 'NONE', #714, #868, #1619, .T. ) ;
#2296 = CARTESIAN_POINT ( 'NONE',  ( 7.862462798464741276, -18.47445839828193925, 658.3731097817495765 ) ) ;
#2297 = DIRECTION ( 'NONE',  ( 0.000000000000000000, 0.000000000000000000, -1.000000000000000000 ) ) ;
#2298 = PLANE ( 'NONE',  #1960 ) ;
#2299 = ORIENTED_EDGE ( 'NONE', *, *, #1275, .F. ) ;
#2300 = VECTOR ( 'NONE', #1834, 1000.000000000000000 ) ;
#2301 = DIRECTION ( 'NONE',  ( 0.000000000000000000, 0.000000000000000000, 1.000000000000000000 ) ) ;
#2302 = VECTOR ( 'NONE', #990, 1000.000000000000000 ) ;
#2303 = CARTESIAN_POINT ( 'NONE',  ( 6.717514421272175795, -10.00000000000000000, 647.4940083758116316 ) ) ;
#2304 = EDGE_CURVE ( 'NONE', #1928, #1589, #556, .T. ) ;
#2305 = CYLINDRICAL_SURFACE ( 'NONE', #1076, 1.600000000000045830 ) ;
#2306 = CARTESIAN_POINT ( 'NONE',  ( 7.755265326843286289, -22.02795068918397803, 669.0019901643893263 ) ) ;
#2307 = DIRECTION ( 'NONE',  ( -1.000000000000000000, 0.000000000000000000, 3.807663176890381974E-17 ) ) ;
#2308 = DIRECTION ( 'NONE',  ( 0.000000000000000000, 0.000000000000000000, 1.000000000000000000 ) ) ;
#2309 = DIRECTION ( 'NONE',  ( 0.000000000000000000, 1.000000000000000000, 0.000000000000000000 ) ) ;
#2310 = EDGE_CURVE ( 'NONE', #479, #65, #1568, .T. ) ;
#2311 = ORIENTED_EDGE ( 'NONE', *, *, #2030, .T. ) ;
#2312 = ORIENTED_EDGE ( 'NONE', *, *, #267, .T. ) ;
#2313 = CARTESIAN_POINT ( 'NONE',  ( 6.011198280223402968, -14.71491511790530993, 669.7931365716746086 ) ) ;
#2314 = CIRCLE ( 'NONE', #1528, 14.70000000000004547 ) ;
#2315 = CARTESIAN_POINT ( 'NONE',  ( -7.432071566468852808, -22.98522193241270983, 663.6412365563104458 ) ) ;
#2316 = CARTESIAN_POINT ( 'NONE',  ( 6.597173521867435220, -24.53060766584778918, 650.2940083758115861 ) ) ;
#2317 = DIRECTION ( 'NONE',  ( 0.000000000000000000, -1.000000000000000000, 0.000000000000000000 ) ) ;
#2318 = DIRECTION ( 'NONE',  ( 0.000000000000000000, 0.000000000000000000, 1.000000000000000000 ) ) ;
#2319 = CARTESIAN_POINT ( 'NONE',  ( 6.195788670089354078, -25.06568958239395428, 658.1746820781238512 ) ) ;
#2320 = ORIENTED_EDGE ( 'NONE', *, *, #512, .F. ) ;
#2321 = EDGE_CURVE ( 'NONE', #1928, #1123, #258, .T. ) ;
#2322 = CARTESIAN_POINT ( 'NONE',  ( -0.4999999999999987232, -33.00000000000000000, 637.5190095051916614 ) ) ;
#2323 = DIRECTION ( 'NONE',  ( 0.000000000000000000, 0.000000000000000000, 1.000000000000000000 ) ) ;
#2324 = CARTESIAN_POINT ( 'NONE',  ( 5.606330024760317166, -25.71077410739819413, 644.9182021145161343 ) ) ;
#2325 = VERTEX_POINT ( 'NONE', #1435 ) ;
#2326 = FACE_OUTER_BOUND ( 'NONE', #860, .T. ) ;
#2327 = CARTESIAN_POINT ( 'NONE',  ( 6.717514421272175795, -2.080404050710624286, 660.9290372183562567 ) ) ;
#2328 = EDGE_LOOP ( 'NONE', ( #2127, #1672 ) ) ;
#2329 = CARTESIAN_POINT ( 'NONE',  ( 6.930290934555859650, -15.96994843783125084, 639.0141247930328063 ) ) ;
#2330 = CARTESIAN_POINT ( 'NONE',  ( 0.5000000000000014433, -34.89821198252931111, 669.5469449406214153 ) ) ;
#2331 = VERTEX_POINT ( 'NONE', #870 ) ;
#2332 = EDGE_LOOP ( 'NONE', ( #436, #2287, #2506, #253, #993, #812 ) ) ;
#2333 = CARTESIAN_POINT ( 'NONE',  ( 7.946323677231078797, -18.93517371876123789, 668.9002897725030152 ) ) ;
#2334 = FACE_OUTER_BOUND ( 'NONE', #1101, .T. ) ;
#2335 = EDGE_CURVE ( 'NONE', #1630, #520, #240, .T. ) ;
#2336 = AXIS2_PLACEMENT_3D ( 'NONE', #884, #303, #526 ) ;
#2337 = CIRCLE ( 'NONE', #1515, 1.600000000000045830 ) ;
#2338 = AXIS2_PLACEMENT_3D ( 'NONE', #2147, #2159, #397 ) ;
#2339 = CARTESIAN_POINT ( 'NONE',  ( 6.897291305955011999E-14, -33.00000000000000000, 654.2115227970839442 ) ) ;
#2340 = EDGE_LOOP ( 'NONE', ( #1113, #1750, #1296, #1804 ) ) ;
#2341 = CARTESIAN_POINT ( 'NONE',  ( -5.484051704561507812, -25.84567718794442115, 669.9895833136689589 ) ) ;
#2342 = DIRECTION ( 'NONE',  ( -0.000000000000000000, -1.000000000000000000, -0.000000000000000000 ) ) ;
#2343 = CARTESIAN_POINT ( 'NONE',  ( 7.999999999999998224, -20.38752925452696729, 663.4180592633281321 ) ) ;
#2344 = DIRECTION ( 'NONE',  ( 0.000000000000000000, -1.000000000000000000, 0.000000000000000000 ) ) ;
#2345 = ADVANCED_FACE ( 'NONE', ( #1450, #1647 ), #1406, .F. ) ;
#2346 = ORIENTED_EDGE ( 'NONE', *, *, #777, .F. ) ;
#2347 = CARTESIAN_POINT ( 'NONE',  ( -8.000000000000000000, -20.00000000000000000, 658.4400151733844950 ) ) ;
#2348 = CARTESIAN_POINT ( 'NONE',  ( -14.99999999999991296, -34.89795036639686288, 650.8495850141503070 ) ) ;
#2349 = CARTESIAN_POINT ( 'NONE',  ( -7.972358039713814293, -19.23402626888189104, 644.9902112699173813 ) ) ;
#2350 =( GEOMETRIC_REPRESENTATION_CONTEXT ( 3 ) GLOBAL_UNCERTAINTY_ASSIGNED_CONTEXT ( ( #2078 ) ) GLOBAL_UNIT_ASSIGNED_CONTEXT ( ( #330, #725, #538 ) ) REPRESENTATION_CONTEXT ( 'NONE', 'WORKASPACE' ) );
#2351 = VECTOR ( 'NONE', #475, 1000.000000000000000 ) ;
#2352 = CARTESIAN_POINT ( 'NONE',  ( -5.761402222482492341, -25.55462157516979005, 658.2928573077982719 ) ) ;
#2353 = EDGE_LOOP ( 'NONE', ( #1006, #1782 ) ) ;
#2354 = FACE_BOUND ( 'NONE', #997, .T. ) ;
#2355 = CARTESIAN_POINT ( 'NONE',  ( 1.057793673579581206, -12.05258913673294252, 637.5369051253394446 ) ) ;
#2356 = CARTESIAN_POINT ( 'NONE',  ( 6.717514421272175795, -6.000000000000000000, 647.4940083758116316 ) ) ;
#2357 = ORIENTED_EDGE ( 'NONE', *, *, #1346, .T. ) ;
#2358 = CARTESIAN_POINT ( 'NONE',  ( -7.427335143692050501, -22.99673731778182173, 658.2156196090336380 ) ) ;
#2359 = DIRECTION ( 'NONE',  ( -0.000000000000000000, -1.000000000000000000, -0.000000000000000000 ) ) ;
#2360 = LINE ( 'NONE', #418, #780 ) ;
#2361 = CARTESIAN_POINT ( 'NONE',  ( -6.717514421272120728, -41.00000000000000000, 645.8940083758117225 ) ) ;
#2362 = CARTESIAN_POINT ( 'NONE',  ( -4.130150630358590647, -26.85240102520690897, 659.8372474903525244 ) ) ;
#2363 = ORIENTED_EDGE ( 'NONE', *, *, #1992, .F. ) ;
#2364 = CARTESIAN_POINT ( 'NONE',  ( 6.717514421272175795, -35.00000000000000000, 660.9290372183562567 ) ) ;
#2365 = CARTESIAN_POINT ( 'NONE',  ( -7.780280921116863979, -21.90039774738089662, 650.0870014423762768 ) ) ;
#2366 = ADVANCED_FACE ( 'NONE', ( #1272 ), #81, .F. ) ;
#2367 = CARTESIAN_POINT ( 'NONE',  ( 6.926358259763293113, -24.02162285889162163, 650.2940083758116998 ) ) ;
#2368 = EDGE_LOOP ( 'NONE', ( #1523, #2058 ) ) ;
#2369 = CARTESIAN_POINT ( 'NONE',  ( -0.4999999999999987232, -33.00000000000000000, 670.9040360889762269 ) ) ;
#2370 = LINE ( 'NONE', #1572, #895 ) ;
#2371 = CARTESIAN_POINT ( 'NONE',  ( -5.142881749355336929, -13.86917090559603949, 645.1710366753159178 ) ) ;
#2372 = DIRECTION ( 'NONE',  ( 0.000000000000000000, 0.000000000000000000, 1.000000000000000000 ) ) ;
#2373 = B_SPLINE_CURVE_WITH_KNOTS ( 'NONE', 3,
 ( #381, #370, #1017, #783, #2179, #18, #173, #806, #1399, #1159, #961, #823 ),
 .UNSPECIFIED., .F., .F.,
 ( 4, 2, 2, 2, 2, 4 ),
 ( 0.01108806759099968155, 0.01186936840774823095, 0.01265066922449677861, 0.01304131963287117127, 0.01343197004124556219, 0.01421327085799421741 ),
 .UNSPECIFIED. ) ;
#2374 = CARTESIAN_POINT ( 'NONE',  ( -6.197800099532198459, -25.06325602686243670, 663.6837869605046762 ) ) ;
#2375 = EDGE_CURVE ( 'NONE', #1639, #669, #1354, .T. ) ;
#2376 = ORIENTED_EDGE ( 'NONE', *, *, #228, .T. ) ;
#2377 = CARTESIAN_POINT ( 'NONE',  ( -1.008032761811027855, -27.95254546572434506, 670.8888187052028798 ) ) ;
#2378 = AXIS2_PLACEMENT_3D ( 'NONE', #191, #558, #1570 ) ;
#2379 = VECTOR ( 'NONE', #769, 1000.000000000000000 ) ;
#2380 = CARTESIAN_POINT ( 'NONE',  ( 6.717514421272175795, -41.00000000000000000, 662.5290372183562795 ) ) ;
#2381 = CARTESIAN_POINT ( 'NONE',  ( 0.5000000000000014433, -35.00000000000000000, 668.9030169348495747 ) ) ;
#2382 = DIRECTION ( 'NONE',  ( -0.000000000000000000, 1.000000000000000000, -0.000000000000000000 ) ) ;
#2383 = CARTESIAN_POINT ( 'NONE',  ( 6.717514421272338332, -15.65546320075433862, 663.7290372183564386 ) ) ;
#2384 = EDGE_CURVE ( 'NONE', #1900, #851, #332, .T. ) ;
#2385 = CARTESIAN_POINT ( 'NONE',  ( -5.303062273494956180, -14.00657829905172846, 649.9165221024206858 ) ) ;
#2386 = CARTESIAN_POINT ( 'NONE',  ( -6.717514421272118952, -24.34453679924582303, 644.6940083758116771 ) ) ;
#2387 = CARTESIAN_POINT ( 'NONE',  ( -0.4999999999999987232, -34.94856714788932095, 638.9977679438667337 ) ) ;
#2388 = CARTESIAN_POINT ( 'NONE',  ( -7.863457511034460445, -18.47972224830191834, 658.3735633113764152 ) ) ;
#2389 = ORIENTED_EDGE ( 'NONE', *, *, #2120, .T. ) ;
#2390 = CARTESIAN_POINT ( 'NONE',  ( 6.717514421272175795, -41.00000000000000000, 647.4940083758116316 ) ) ;
#2391 = AXIS2_PLACEMENT_3D ( 'NONE', #435, #1225, #2012 ) ;
#2392 = CARTESIAN_POINT ( 'NONE',  ( 7.862736807216087698, -21.52403901734567881, 658.3732352909481733 ) ) ;
#2393 = CARTESIAN_POINT ( 'NONE',  ( 2.618834629005470038, -12.43909253356378919, 655.7261107500644357 ) ) ;
#2394 = DIRECTION ( 'NONE',  ( 0.000000000000000000, 1.000000000000000000, 0.000000000000000000 ) ) ;
#2395 = CARTESIAN_POINT ( 'NONE',  ( 3.950527073079273421, -13.04345148556363121, 647.9369994178092611 ) ) ;
#2396 = CARTESIAN_POINT ( 'NONE',  ( -0.4999999999999986122, -34.59011161111303068, 670.1237983356369341 ) ) ;
#2397 = CARTESIAN_POINT ( 'NONE',  ( -14.99999999999990941, -33.33976050579440198, 646.9230749266242810 ) ) ;
#2398 = CARTESIAN_POINT ( 'NONE',  ( -6.054349299251967409, -14.76619739364969597, 650.2187027677500737 ) ) ;
#2399 = CARTESIAN_POINT ( 'NONE',  ( -0.4999999999999987232, -35.00000000000000000, 639.5200286593183137 ) ) ;
#2400 = ADVANCED_FACE ( 'NONE', ( #627 ), #840, .F. ) ;
#2401 = LINE ( 'NONE', #1414, #1637 ) ;
#2402 = CARTESIAN_POINT ( 'NONE',  ( -4.709980207313125611, -26.46855348062650037, 658.9663816842027018 ) ) ;
#2403 = ORIENTED_EDGE ( 'NONE', *, *, #2335, .T. ) ;
#2404 = DIRECTION ( 'NONE',  ( 0.000000000000000000, 1.000000000000000000, 0.000000000000000000 ) ) ;
#2405 = DIRECTION ( 'NONE',  ( 0.000000000000000000, 0.000000000000000000, -1.000000000000000000 ) ) ;
#2406 = CARTESIAN_POINT ( 'NONE',  ( 1.336904499138952485, -12.11037000335341141, 656.9043444765086406 ) ) ;
#2407 = CARTESIAN_POINT ( 'NONE',  ( -4.130287784806099260, -13.14770109660747011, 662.0207890026188124 ) ) ;
#2408 = CARTESIAN_POINT ( 'NONE',  ( -5.758711342487531581, -25.55742659995941324, 650.1292335018233643 ) ) ;
#2409 = DIRECTION ( 'NONE',  ( 3.807663176890381974E-17, 0.000000000000000000, 1.000000000000000000 ) ) ;
#2410 = CARTESIAN_POINT ( 'NONE',  ( 6.717514421272177572, -15.65546320075427289, 644.6940083758115634 ) ) ;
#2411 = CARTESIAN_POINT ( 'NONE',  ( -4.319949690175039159, -13.26566361450585418, 646.0317684755426626 ) ) ;
#2412 = LINE ( 'NONE', #676, #2546 ) ;
#2413 = CARTESIAN_POINT ( 'NONE',  ( 15.00000000000008527, -34.72865466920102762, 658.9036338340620205 ) ) ;
#2414 = EDGE_CURVE ( 'NONE', #256, #111, #609, .T. ) ;
#2415 = EDGE_CURVE ( 'NONE', #1969, #2325, #1094, .T. ) ;
#2416 = CARTESIAN_POINT ( 'NONE',  ( 6.717514421272175795, -10.00000000000000178, 649.0940083758116543 ) ) ;
#2417 = EDGE_LOOP ( 'NONE', ( #132, #1827 ) ) ;
#2418 = EDGE_CURVE ( 'NONE', #159, #753, #711, .T. ) ;
#2419 = CARTESIAN_POINT ( 'NONE',  ( -2.845450615048478848, -12.52270815004321669, 653.2409095758542890 ) ) ;
#2420 = CIRCLE ( 'NONE', #1308, 2.499999999999946709 ) ;
#2421 = CARTESIAN_POINT ( 'NONE',  ( -8.000000000000000000, -20.00000000000000000, 458.9422371214550935 ) ) ;
#2422 = DIRECTION ( 'NONE',  ( -0.000000000000000000, 1.000000000000000000, -0.000000000000000000 ) ) ;
#2423 = VECTOR ( 'NONE', #607, 1000.000000000000000 ) ;
#2424 = CARTESIAN_POINT ( 'NONE',  ( 4.126648258669206371, -13.14551412945142594, 648.5772404212183346 ) ) ;
#2425 = VECTOR ( 'NONE', #2032, 1000.000000000000000 ) ;
#2426 = DIRECTION ( 'NONE',  ( 0.000000000000000000, -0.000000000000000000, -1.000000000000000000 ) ) ;
#2427 = CARTESIAN_POINT ( 'NONE',  ( -672.0146080650777094, -31.50000000000000000, 655.8115227970839669 ) ) ;
#2428 = DIRECTION ( 'NONE',  ( 0.000000000000000000, 0.000000000000000000, 1.000000000000000000 ) ) ;
#2429 = ORIENTED_EDGE ( 'NONE', *, *, #301, .F. ) ;
#2430 = CARTESIAN_POINT ( 'NONE',  ( -8.000000000000000000, -20.00000000000000000, 639.5523959472336628 ) ) ;
#2431 = CARTESIAN_POINT ( 'NONE',  ( 6.897291305955011999E-14, -10.00000000000000000, 654.2115227970839442 ) ) ;
#2432 = ORIENTED_EDGE ( 'NONE', *, *, #2056, .F. ) ;
#2433 = ORIENTED_EDGE ( 'NONE', *, *, #1346, .F. ) ;
#2434 = DIRECTION ( 'NONE',  ( 0.000000000000000000, -1.000000000000000000, 0.000000000000000000 ) ) ;
#2435 = AXIS2_PLACEMENT_3D ( 'NONE', #1990, #1029, #619 ) ;
#2436 = EDGE_CURVE ( 'NONE', #1856, #1934, #1577, .T. ) ;
#2437 = CARTESIAN_POINT ( 'NONE',  ( -7.999999999999998224, -19.47074758381456761, 668.8706496469342255 ) ) ;
#2438 = CARTESIAN_POINT ( 'NONE',  ( 6.054094830020911644, -14.76593648115532886, 650.2186081249307108 ) ) ;
#2439 = VECTOR ( 'NONE', #822, 1000.000000000000000 ) ;
#2440 = CIRCLE ( 'NONE', #1283, 1.600000000000045830 ) ;
#2441 = CARTESIAN_POINT ( 'NONE',  ( -4.709980207313125611, -26.46855348062650037, 645.5313528416584177 ) ) ;
#2442 = PLANE ( 'NONE',  #911 ) ;
#2443 = ORIENTED_EDGE ( 'NONE', *, *, #2335, .F. ) ;
#2444 = DIRECTION ( 'NONE',  ( 0.000000000000000000, 1.000000000000000000, 0.000000000000000000 ) ) ;
#2445 = VERTEX_POINT ( 'NONE', #1107 ) ;
#2446 = ORIENTED_EDGE ( 'NONE', *, *, #1534, .F. ) ;
#2447 = CARTESIAN_POINT ( 'NONE',  ( 15.00000000000008704, -34.77824243885244471, 649.8413457432002360 ) ) ;
#2448 = CARTESIAN_POINT ( 'NONE',  ( 0.000000000000000000, -20.00000000000000000, 458.9422371214550935 ) ) ;
#2449 = ORIENTED_EDGE ( 'NONE', *, *, #1373, .T. ) ;
#2450 = ORIENTED_EDGE ( 'NONE', *, *, #1498, .T. ) ;
#2451 = DIRECTION ( 'NONE',  ( 0.000000000000000000, 0.000000000000000000, -1.000000000000000000 ) ) ;
#2452 = CARTESIAN_POINT ( 'NONE',  ( 0.9742776234699110915, -12.05743377514487413, 657.0557072758763297 ) ) ;
#2453 = CARTESIAN_POINT ( 'NONE',  ( 7.564231609492675368, -17.36763183512207576, 663.6004410698958509 ) ) ;
#2454 = ORIENTED_EDGE ( 'NONE', *, *, #1061, .T. ) ;
#2455 = CARTESIAN_POINT ( 'NONE',  ( 15.00000000000008882, -10.00000000000000000, 661.5525036579771267 ) ) ;
#2456 = ORIENTED_EDGE ( 'NONE', *, *, #1135, .T. ) ;
#2457 = DIRECTION ( 'NONE',  ( -0.000000000000000000, -1.000000000000000000, -0.000000000000000000 ) ) ;
#2458 = DIRECTION ( 'NONE',  ( 1.000000000000000000, 0.000000000000000000, 0.000000000000000000 ) ) ;
#2459 = ORIENTED_EDGE ( 'NONE', *, *, #1160, .T. ) ;
#2460 = ORIENTED_EDGE ( 'NONE', *, *, #1726, .T. ) ;
#2461 = EDGE_CURVE ( 'NONE', #508, #2117, #1891, .T. ) ;
#2462 = CARTESIAN_POINT ( 'NONE',  ( -7.113466811489887576, -16.31968356419417532, 650.2706291349285266 ) ) ;
#2463 = CARTESIAN_POINT ( 'NONE',  ( 8.000000000000000000, -20.51551718483551667, 668.8706496469343392 ) ) ;
#2464 = CARTESIAN_POINT ( 'NONE',  ( -4.845204729075741845, -13.63130396344869411, 658.8385535448300061 ) ) ;
#2465 = CIRCLE ( 'NONE', #2508, 16.70000000000004903 ) ;
#2466 = VERTEX_POINT ( 'NONE', #989 ) ;
#2467 = AXIS2_PLACEMENT_3D ( 'NONE', #1458, #74, #861 ) ;
#2468 = VECTOR ( 'NONE', #2286, 1000.000000000000000 ) ;
#2469 = LINE ( 'NONE', #1221, #1178 ) ;
#2470 = ORIENTED_EDGE ( 'NONE', *, *, #1121, .T. ) ;
#2471 = EDGE_LOOP ( 'NONE', ( #361, #1846, #2152, #801, #2170, #2206, #705, #1859, #1226, #1777 ) ) ;
#2472 = EDGE_CURVE ( 'NONE', #905, #2045, #988, .T. ) ;
#2473 = CARTESIAN_POINT ( 'NONE',  ( -6.790416652799914132, -15.76233037512330881, 638.9535696157764733 ) ) ;
#2474 = DIRECTION ( 'NONE',  ( -0.000000000000000000, -1.000000000000000000, -0.000000000000000000 ) ) ;
#2475 = ORIENTED_EDGE ( 'NONE', *, *, #1252, .T. ) ;
#2476 = CARTESIAN_POINT ( 'NONE',  ( -0.3964426972957000306, -12.00750300919241198, 657.1916717451809973 ) ) ;
#2477 = CARTESIAN_POINT ( 'NONE',  ( 2.500819941809867331, -27.61593403301584715, 670.7305960696942293 ) ) ;
#2478 = CARTESIAN_POINT ( 'NONE',  ( 6.897291305955011999E-14, -33.00000000000000000, 654.2115227970839442 ) ) ;
#2479 = CARTESIAN_POINT ( 'NONE',  ( 7.564231609492675368, -17.36763183512207576, 650.1654122273512257 ) ) ;
#2480 = CARTESIAN_POINT ( 'NONE',  ( -6.717514421272118952, -24.34453679924582303, 650.2940083758116998 ) ) ;
#2481 = VERTEX_POINT ( 'NONE', #1598 ) ;
#2482 = CIRCLE ( 'NONE', #1768, 2.800000000000024691 ) ;
#2483 = ORIENTED_EDGE ( 'NONE', *, *, #80, .T. ) ;
#2484 = CARTESIAN_POINT ( 'NONE',  ( 4.026882017263873514, -13.06779930652173505, 670.4249585986001421 ) ) ;
#2485 = CARTESIAN_POINT ( 'NONE',  ( 10.00000000000008882, -31.50000000000000000, 654.2115227970839442 ) ) ;
#2486 = EDGE_CURVE ( 'NONE', #1934, #1673, #2042, .T. ) ;
#2487 = VERTEX_POINT ( 'NONE', #2178 ) ;
#2488 = CARTESIAN_POINT ( 'NONE',  ( 6.597037683897421623, -15.46918230174491171, 644.6940083758116771 ) ) ;
#2489 = CARTESIAN_POINT ( 'NONE',  ( 6.715195926128063090E-14, -12.00000000000000000, 657.2115227970839442 ) ) ;
#2490 = CARTESIAN_POINT ( 'NONE',  ( 8.000000000000000000, -20.00000000000001421, 658.4400151733846087 ) ) ;
#2491 = CARTESIAN_POINT ( 'NONE',  ( -5.756234855900075331, -14.44004710631769584, 658.2947464645202444 ) ) ;
#2492 = DIRECTION ( 'NONE',  ( 0.000000000000000000, 0.000000000000000000, -1.000000000000000000 ) ) ;
#2493 = ADVANCED_FACE ( 'NONE', ( #2191 ), #404, .F. ) ;
#2494 = ORIENTED_EDGE ( 'NONE', *, *, #2040, .T. ) ;
#2495 = ORIENTED_EDGE ( 'NONE', *, *, #2321, .T. ) ;
#2496 = CARTESIAN_POINT ( 'NONE',  ( 7.999999999999998224, -19.46210058701575463, 668.8706496469341118 ) ) ;
#2497 = CARTESIAN_POINT ( 'NONE',  ( -6.717514421272120728, -41.00000000000000000, 649.0940083758117680 ) ) ;
#2498 = LINE ( 'NONE', #164, #864 ) ;
#2499 = B_SPLINE_CURVE_WITH_KNOTS ( 'NONE', 3,
 ( #1893, #1096, #108, #901, #1689, #699, #363, #1980, #1151, #2148, #941, #1554, #1335, #2387, #761, #1732 ),
 .UNSPECIFIED., .F., .F.,
 ( 4, 2, 2, 2, 2, 2, 2, 4 ),
 ( 0.01080508330793373932, 0.01119570312055999210, 0.01158632293318624489, 0.01197694274581249767, 0.01236756255843875045, 0.01275818237106500323, 0.01314880218369125602, 0.01393004180894346494 ),
 .UNSPECIFIED. ) ;
#2500 = CARTESIAN_POINT ( 'NONE',  ( 1.982862403519713990, -12.24831433911677081, 651.9518519915910701 ) ) ;
#2501 = CARTESIAN_POINT ( 'NONE',  ( -14.99999999999991118, -10.00000000000000000, 646.8705419361906479 ) ) ;
#2502 = EDGE_CURVE ( 'NONE', #1639, #1673, #2555, .T. ) ;
#2503 = CARTESIAN_POINT ( 'NONE',  ( 7.781277687387635034, -18.10298140513219778, 650.0866395197485872 ) ) ;
#2504 = ADVANCED_BREP_SHAPE_REPRESENTATION ( 'MOTOR MOUNT TAIL', ( #702, #499 ), #2350 ) ;
#2505 = DIRECTION ( 'NONE',  ( -0.000000000000000000, -1.000000000000000000, -0.000000000000000000 ) ) ;
#2506 = ORIENTED_EDGE ( 'NONE', *, *, #317, .F. ) ;
#2507 = CARTESIAN_POINT ( 'NONE',  ( 15.00000000000008704, -33.00000000000000000, 646.8705419361907616 ) ) ;
#2508 = AXIS2_PLACEMENT_3D ( 'NONE', #2478, #1517, #930 ) ;
#2509 = AXIS2_PLACEMENT_3D ( 'NONE', #2510, #1549, #564 ) ;
#2510 = CARTESIAN_POINT ( 'NONE',  ( -6.717514421272120728, -35.00000000000000000, 647.4940083758117453 ) ) ;
#2511 = CARTESIAN_POINT ( 'NONE',  ( 6.934030709929432543E-14, -6.000000000000000000, 651.2115227970839442 ) ) ;
#2512 = CARTESIAN_POINT ( 'NONE',  ( 2.600205968345953522, -12.43350033051448733, 652.7026303708551040 ) ) ;
#2513 = CARTESIAN_POINT ( 'NONE',  ( -7.987929766283999200, -20.50882750575001978, 639.5457886821434386 ) ) ;
#2514 = CARTESIAN_POINT ( 'NONE',  ( 5.760223623852055219, -25.55584011866319116, 658.2932855017156726 ) ) ;
#2515 = EDGE_CURVE ( 'NONE', #1969, #484, #1897, .T. ) ;
#2516 = EDGE_CURVE ( 'NONE', #1588, #1457, #2360, .T. ) ;
#2517 = EDGE_LOOP ( 'NONE', ( #894, #2292, #2095, #483 ) ) ;
#2518 = ORIENTED_EDGE ( 'NONE', *, *, #250, .T. ) ;
#2519 = AXIS2_PLACEMENT_3D ( 'NONE', #657, #1631, #855 ) ;
#2520 = CARTESIAN_POINT ( 'NONE',  ( 2.849238344517412536, -12.52003934884367631, 670.6684885703488135 ) ) ;
#2521 = CIRCLE ( 'NONE', #1444, 3.000000000000002665 ) ;
#2522 = CARTESIAN_POINT ( 'NONE',  ( 10.00000000000008882, -31.50000000000000000, 651.7115227970839442 ) ) ;
#2523 = DIRECTION ( 'NONE',  ( -0.000000000000000000, -1.000000000000000000, -0.000000000000000000 ) ) ;
#2524 = VERTEX_POINT ( 'NONE', #1206 ) ;
#2525 = PLANE ( 'NONE',  #2338 ) ;
#2526 = DIRECTION ( 'NONE',  ( 0.000000000000000000, 0.000000000000000000, 1.000000000000000000 ) ) ;
#2527 = CARTESIAN_POINT ( 'NONE',  ( 6.897291305955011999E-14, -10.00000000000000000, 654.2115227970839442 ) ) ;
#2528 = CARTESIAN_POINT ( 'NONE',  ( 7.999999999999998224, -20.38752925452696729, 649.9830304207831659 ) ) ;
#2529 = EDGE_CURVE ( 'NONE', #669, #1639, #573, .T. ) ;
#2530 = ORIENTED_EDGE ( 'NONE', *, *, #431, .T. ) ;
#2531 = CARTESIAN_POINT ( 'NONE',  ( 4.703934763935799346, -13.52710917953038461, 658.9728408590025310 ) ) ;
#2532 = EDGE_CURVE ( 'NONE', #1457, #2220, #982, .T. ) ;
#2533 = DIRECTION ( 'NONE',  ( 0.000000000000000000, 0.000000000000000000, -1.000000000000000000 ) ) ;
#2534 = CARTESIAN_POINT ( 'NONE',  ( 4.050822995787206615, -26.89888344560642963, 648.3764576240264432 ) ) ;
#2535 = EDGE_LOOP ( 'NONE', ( #154, #2239, #1945, #187 ) ) ;
#2536 = CARTESIAN_POINT ( 'NONE',  ( -1.521173796351223517, -27.87032269201526091, 670.8494113675395738 ) ) ;
#2537 = DIRECTION ( 'NONE',  ( -0.000000000000000000, -1.000000000000000000, -0.000000000000000000 ) ) ;
#2538 = EDGE_CURVE ( 'NONE', #1860, #1357, #1488, .T. ) ;
#2539 = CARTESIAN_POINT ( 'NONE',  ( -7.972698917407540442, -20.76470673114370058, 649.9976561431841446 ) ) ;
#2540 = CARTESIAN_POINT ( 'NONE',  ( 7.109892312162105377, -23.68711068438935285, 650.2711308938030470 ) ) ;
#2541 = VERTEX_POINT ( 'NONE', #527 ) ;
#2542 = ORIENTED_EDGE ( 'NONE', *, *, #770, .F. ) ;
#2543 = CARTESIAN_POINT ( 'NONE',  ( -14.99999999999990052, -33.17258787883594096, 646.8705419361907616 ) ) ;
#2544 = CARTESIAN_POINT ( 'NONE',  ( -6.928231319352287088, -15.98127326223299960, 644.6940083758116771 ) ) ;
#2545 = CIRCLE ( 'NONE', #1957, 2.499999999999946709 ) ;
#2546 = VECTOR ( 'NONE', #1277, 1000.000000000000000 ) ;
#2547 = AXIS2_PLACEMENT_3D ( 'NONE', #815, #1437, #1848 ) ;
#2548 = DIRECTION ( 'NONE',  ( -0.000000000000000000, -1.000000000000000000, -0.000000000000000000 ) ) ;
#2549 = ORIENTED_EDGE ( 'NONE', *, *, #1764, .F. ) ;
#2550 = CARTESIAN_POINT ( 'NONE',  ( -11.99999999999990941, -31.50000000000000000, 654.2115227970839442 ) ) ;
#2551 = CARTESIAN_POINT ( 'NONE',  ( 6.717514421272174019, -24.34453679924573422, 663.7290372183563250 ) ) ;
#2552 = CARTESIAN_POINT ( 'NONE',  ( -0.4999999999999987232, -33.00000000000000000, 670.9040360889762269 ) ) ;
#2553 = DIRECTION ( 'NONE',  ( -0.000000000000000000, -1.000000000000000000, -0.000000000000000000 ) ) ;
#2554 = CARTESIAN_POINT ( 'NONE',  ( -14.99999999999991118, -34.97735169498700714, 654.8870617063571444 ) ) ;
#2555 = LINE ( 'NONE', #182, #453 ) ;
#2556 = DIRECTION ( 'NONE',  ( 0.000000000000000000, 0.000000000000000000, 1.000000000000000000 ) ) ;
#2557 = CIRCLE ( 'NONE', #1610, 2.800000000000024691 ) ;
#2558 = EDGE_CURVE ( 'NONE', #2236, #1445, #2231, .T. ) ;
#2559 = DIRECTION ( 'NONE',  ( 1.000000000000000000, 0.000000000000000000, 0.000000000000000000 ) ) ;
#2560 = ORIENTED_EDGE ( 'NONE', *, *, #1658, .F. ) ;
#2561 = CARTESIAN_POINT ( 'NONE',  ( -7.901850131225388374, -21.27490383230438553, 668.9238909602556760 ) ) ;
ENDSEC;
END-ISO-10303-21;
