ISO-10303-21;
HEADER;
FILE_DESCRIPTION (( 'STEP AP214' ),
    '1' );
FILE_NAME ('MOTOR MOUNT FRONT.STEP',
    '2024-04-11T12:17:22',
    ( '' ),
    ( '' ),
    'SwSTEP 2.0',
    'SolidWorks 2023',
    '' );
FILE_SCHEMA (( 'AUTOMOTIVE_DESIGN' ));
ENDSEC;

DATA;
#1 = CARTESIAN_POINT ( 'NONE',  ( 22.38453546792429449, -3.673087857439721660, 24.29264266048505760 ) ) ;
#2 = CARTESIAN_POINT ( 'NONE',  ( 25.49999935925006866, -2.499999944120645523, -11.80000050812959600 ) ) ;
#3 = PRODUCT_DEFINITION_SHAPE ( 'NONE', 'NONE',  #1382 ) ;
#4 = CARTESIAN_POINT ( 'NONE',  ( 24.23294186108182657, -4.195216025648367264, -9.038283350210390310 ) ) ;
#5 =( BOUNDED_CURVE ( )  B_SPLINE_CURVE ( 3, ( #1852, #1522, #425, #1539 ),
 .UNSPECIFIED., .F., .F. ) 
 B_SPLINE_CURVE_WITH_KNOTS ( ( 4, 4 ),
 ( 4.712388980384689674, 5.267555057217507830 ),
 .UNSPECIFIED. ) 
 CURVE ( )  GEOMETRIC_REPRESENTATION_ITEM ( )  RATIONAL_B_SPLINE_CURVE ( ( 1.000000000000000000, 0.9744803810316302606, 0.9744803810316302606, 1.000000000000000000 ) ) 
 REPRESENTATION_ITEM ( '' )  );
#6 = DIRECTION ( 'NONE',  ( 0.000000000000000000, 0.000000000000000000, 1.000000000000000000 ) ) ;
#7 = VERTEX_POINT ( 'NONE', #2675 ) ;
#8 = CARTESIAN_POINT ( 'NONE',  ( 23.12315814977587181, -2.694687510815123144, 24.80597132076602307 ) ) ;
#9 = CARTESIAN_POINT ( 'NONE',  ( 24.50271467249904944, -3.425046252049344098, 21.41051241692977314 ) ) ;
#10 = CARTESIAN_POINT ( 'NONE',  ( 24.48095944173708105, -20.68686189382036389, -8.261266741426936733 ) ) ;
#11 = CARTESIAN_POINT ( 'NONE',  ( 23.40370075961701701, -3.760050955144897067, -10.20771421040520188 ) ) ;
#12 = CARTESIAN_POINT ( 'NONE',  ( 24.49999935925006866, -3.499999944120645523, -10.80000050812959245 ) ) ;
#13 = ORIENTED_EDGE ( 'NONE', *, *, #2515, .F. ) ;
#14 = CARTESIAN_POINT ( 'NONE',  ( 24.35615916757712895, -20.97721944449393305, 23.43643782644927853 ) ) ;
#15 = CARTESIAN_POINT ( 'NONE',  ( 23.40259295961103803, -20.23652830066480490, 23.80728960004115891 ) ) ;
#16 = CARTESIAN_POINT ( 'NONE',  ( 24.49999935925006866, -18.71751498975760697, 1.682485648396843780 ) ) ;
#17 = EDGE_LOOP ( 'NONE', ( #669, #720, #276, #3442 ) ) ;
#18 = DIRECTION ( 'NONE',  ( 1.000000000000000000, 0.000000000000000000, -0.000000000000000000 ) ) ;
#19 = ORIENTED_EDGE ( 'NONE', *, *, #1267, .T. ) ;
#20 = CIRCLE ( 'NONE', #2548, 1.000000000000000888 ) ;
#21 = CIRCLE ( 'NONE', #1784, 3.700000000000000178 ) ;
#22 = CARTESIAN_POINT ( 'NONE',  ( 22.52792348364312858, -3.885632208528427611, 24.23488939123254227 ) ) ;
#23 = CARTESIAN_POINT ( 'NONE',  ( 24.49999935925006866, -12.00000033713877201, 6.799999838322402290 ) ) ;
#24 = CARTESIAN_POINT ( 'NONE',  ( 28.50000001490116119, -21.50000073015689850, -13.80000050812959067 ) ) ;
#25 = CARTESIAN_POINT ( 'NONE',  ( 24.29042288584281550, -4.195216025648363711, 22.50269965136748951 ) ) ;
#26 = AXIS2_PLACEMENT_3D ( 'NONE', #973, #2650, #167 ) ;
#27 = EDGE_CURVE ( 'NONE', #3116, #2140, #123, .T. ) ;
#28 = ORIENTED_EDGE ( 'NONE', *, *, #192, .T. ) ;
#29 = DIRECTION ( 'NONE',  ( 1.000000000000000000, 0.000000000000000000, -1.460819769243626933E-15 ) ) ;
#30 = CARTESIAN_POINT ( 'NONE',  ( 24.90303962688465589, -2.693526189411644900, 23.01216125531274770 ) ) ;
#31 = CARTESIAN_POINT ( 'NONE',  ( 0.000000000000000000, -53.14606569351082754, 24.40000018477439880 ) ) ;
#32 = EDGE_CURVE ( 'NONE', #2584, #1579, #103, .T. ) ;
#33 = CARTESIAN_POINT ( 'NONE',  ( 23.58757881981266280, -3.560574657539490762, -10.13434695093932270 ) ) ;
#34 = ADVANCED_FACE ( 'NONE', ( #2974 ), #1968, .T. ) ;
#35 = CARTESIAN_POINT ( 'NONE',  ( 21.53466094680428711, -20.76826056117652186, -10.80866590501814350 ) ) ;
#36 = VERTEX_POINT ( 'NONE', #3232 ) ;
#37 = CARTESIAN_POINT ( 'NONE',  ( 23.79616372333864405, -20.22766655723064844, 23.43429070865804320 ) ) ;
#38 = CARTESIAN_POINT ( 'NONE',  ( 22.50451093592350915, -20.29818303407227020, 24.26078483772420213 ) ) ;
#39 = ORIENTED_EDGE ( 'NONE', *, *, #2791, .T. ) ;
#40 = DIRECTION ( 'NONE',  ( -1.000000000000000000, 0.000000000000000000, -0.000000000000000000 ) ) ;
#41 = VERTEX_POINT ( 'NONE', #1000 ) ;
#42 = DIRECTION ( 'NONE',  ( -1.000000000000000000, -0.000000000000000000, -0.000000000000000000 ) ) ;
#43 = CARTESIAN_POINT ( 'NONE',  ( 25.15533269667199079, -2.499999944120645523, 25.31383351912945656 ) ) ;
#44 = CARTESIAN_POINT ( 'NONE',  ( 5.492878659388874318, -12.00014003230332449, 28.40000018477439880 ) ) ;
#45 = CARTESIAN_POINT ( 'NONE',  ( 24.56967973649705073, -2.814791835868085013, 23.79699140261547186 ) ) ;
#46 = ORIENTED_EDGE ( 'NONE', *, *, #2834, .T. ) ;
#47 = AXIS2_PLACEMENT_3D ( 'NONE', #196, #1860, #1882 ) ;
#48 = CARTESIAN_POINT ( 'NONE',  ( 21.72758311391118724, -3.163286581586499668, 24.45837710675990451 ) ) ;
#49 = FACE_OUTER_BOUND ( 'NONE', #1594, .T. ) ;
#50 = MANIFOLD_SOLID_BREP ( 'Wytnij-wyci¹gniêcie12', #395 ) ;
#51 = PLANE ( 'NONE',  #230 ) ;
#52 = AXIS2_PLACEMENT_3D ( 'NONE', #2186, #571, #3089 ) ;
#53 = CARTESIAN_POINT ( 'NONE',  ( 22.82945297835405896, -4.195216025648367264, -10.49649938942791572 ) ) ;
#54 = AXIS2_PLACEMENT_3D ( 'NONE', #1931, #810, #1894 ) ;
#55 = CARTESIAN_POINT ( 'NONE',  ( 21.90551825646494422, -20.44592552361273974, -10.77700698100678167 ) ) ;
#56 = CARTESIAN_POINT ( 'NONE',  ( 24.19191612284421211, -21.07238850555372522, 23.93916161681421428 ) ) ;
#57 = CARTESIAN_POINT ( 'NONE',  ( 22.91573666073600180, -19.94213681847979913, -10.44892431226703167 ) ) ;
#58 = CARTESIAN_POINT ( 'NONE',  ( 23.13762632270572084, -21.03104675090105502, 24.44775384993654654 ) ) ;
#59 = VERTEX_POINT ( 'NONE', #1279 ) ;
#60 = ORIENTED_EDGE ( 'NONE', *, *, #1918, .T. ) ;
#61 = LINE ( 'NONE', #903, #3203 ) ;
#62 = ORIENTED_EDGE ( 'NONE', *, *, #1872, .F. ) ;
#63 = EDGE_CURVE ( 'NONE', #1688, #2305, #689, .T. ) ;
#64 = CARTESIAN_POINT ( 'NONE',  ( 21.50184529105492004, -3.469376176513326637, 24.40046166772561165 ) ) ;
#65 = CARTESIAN_POINT ( 'NONE',  ( 5.499999810010193002, -12.00000073015689850, 27.40000018477439880 ) ) ;
#66 = DIRECTION ( 'NONE',  ( 0.000000000000000000, 0.000000000000000000, -1.000000000000000000 ) ) ;
#67 = CARTESIAN_POINT ( 'NONE',  ( 24.36347368339793462, -2.914452797981457177, 23.73131537538192859 ) ) ;
#68 = ORIENTED_EDGE ( 'NONE', *, *, #3062, .T. ) ;
#69 = CARTESIAN_POINT ( 'NONE',  ( 23.11216042979913254, -21.30647448486756446, 24.80304045241166477 ) ) ;
#70 = EDGE_CURVE ( 'NONE', #1945, #7, #2658, .T. ) ;
#71 = CARTESIAN_POINT ( 'NONE',  ( 24.54739428957999081, -3.195726723190719376, 21.58356322824067419 ) ) ;
#72 = CARTESIAN_POINT ( 'NONE',  ( 21.49999935925006866, -4.195216025648367264, -10.80000050812959778 ) ) ;
#73 = CARTESIAN_POINT ( 'NONE',  ( 22.97171335468339493, -3.730779824011595469, -10.48412616628390026 ) ) ;
#74 = DIRECTION ( 'NONE',  ( 0.000000000000000000, 0.000000000000000000, -1.000000000000000000 ) ) ;
#75 = EDGE_CURVE ( 'NONE', #1476, #1971, #452, .T. ) ;
#76 = VERTEX_POINT ( 'NONE', #1019 ) ;
#77 = CARTESIAN_POINT ( 'NONE',  ( 24.61553535840046436, -21.19765620434285935, 23.74341547803805241 ) ) ;
#78 = CARTESIAN_POINT ( 'NONE',  ( 23.58757880468774459, -20.43942599322865306, -10.13434693581441515 ) ) ;
#79 = CARTESIAN_POINT ( 'NONE',  ( 21.69638430138699903, -20.03123921079366099, 24.40000018477439880 ) ) ;
#80 = ORIENTED_EDGE ( 'NONE', *, *, #1872, .T. ) ;
#81 = VERTEX_POINT ( 'NONE', #384 ) ;
#82 = FACE_BOUND ( 'NONE', #1952, .T. ) ;
#83 = ORIENTED_EDGE ( 'NONE', *, *, #837, .F. ) ;
#84 = CARTESIAN_POINT ( 'NONE',  ( 23.63040363656713083, -3.033011782683695312, 24.19495073806623608 ) ) ;
#85 = EDGE_CURVE ( 'NONE', #59, #1491, #349, .T. ) ;
#86 = DIRECTION ( 'NONE',  ( 1.000000000000000000, 0.000000000000000000, 0.000000000000000000 ) ) ;
#87 = CIRCLE ( 'NONE', #3424, 4.950000000000001066 ) ;
#88 = CARTESIAN_POINT ( 'NONE',  ( 24.10879633232664077, -3.529848864501732297, 23.12466481079491842 ) ) ;
#89 = VECTOR ( 'NONE', #364, 1000.000000000000000 ) ;
#90 = ORIENTED_EDGE ( 'NONE', *, *, #2844, .F. ) ;
#91 = CARTESIAN_POINT ( 'NONE',  ( 21.49999935925006866, -20.51449176969385135, 24.40000018477440236 ) ) ;
#92 = CARTESIAN_POINT ( 'NONE',  ( 25.05515042818157667, -21.40081905802960449, 23.62060446097246924 ) ) ;
#93 = EDGE_CURVE ( 'NONE', #2787, #2526, #525, .T. ) ;
#94 = CARTESIAN_POINT ( 'NONE',  ( 23.76015979462716032, -4.195216025648367264, -9.782480759871789999 ) ) ;
#95 = CARTESIAN_POINT ( 'NONE',  ( 24.66275780502362380, -21.06080836317818594, -2.523052096911313935 ) ) ;
#96 = CARTESIAN_POINT ( 'NONE',  ( 21.66725767792265600, -20.51842781817623873, -10.80018950288448387 ) ) ;
#97 = ORIENTED_EDGE ( 'NONE', *, *, #2478, .F. ) ;
#98 = CARTESIAN_POINT ( 'NONE',  ( 23.76015979462716388, -19.80478464862917676, -9.782480759871791776 ) ) ;
#99 = CARTESIAN_POINT ( 'NONE',  ( 21.84272713055128534, -20.93051764735974274, 24.48568212759969143 ) ) ;
#100 = ORIENTED_EDGE ( 'NONE', *, *, #1603, .F. ) ;
#101 = ORIENTED_EDGE ( 'NONE', *, *, #1825, .T. ) ;
#102 = CARTESIAN_POINT ( 'NONE',  ( 21.89269844094879502, -4.195216025648362823, 24.40000018477439170 ) ) ;
#103 = CIRCLE ( 'NONE', #3559, 1.000000000000000888 ) ;
#104 = CARTESIAN_POINT ( 'NONE',  ( 23.51186890061711310, -3.020207111109452391, 24.27181625297504652 ) ) ;
#105 = DIRECTION ( 'NONE',  ( 1.301042606982605321E-15, 0.000000000000000000, 1.000000000000000000 ) ) ;
#106 = CARTESIAN_POINT ( 'NONE',  ( 24.14597892406843371, -3.046280471724303052, 23.72815004210935541 ) ) ;
#107 = DIRECTION ( 'NONE',  ( -1.000000000000000000, -0.000000000000000000, -0.000000000000000000 ) ) ;
#108 = CARTESIAN_POINT ( 'NONE',  ( 21.52021766996432461, -3.396044384775604996, 24.40530271139456175 ) ) ;
#109 = CARTESIAN_POINT ( 'NONE',  ( 22.09629294277561584, -21.02577388353284249, -10.94911957538227298 ) ) ;
#110 = CARTESIAN_POINT ( 'NONE',  ( 23.50959386751086910, -2.868318836497473878, -10.87763004190493099 ) ) ;
#111 = DIRECTION ( 'NONE',  ( -1.000000000000000000, 0.000000000000000000, 0.000000000000000000 ) ) ;
#112 = ORIENTED_EDGE ( 'NONE', *, *, #417, .T. ) ;
#113 = CARTESIAN_POINT ( 'NONE',  ( 23.40259295961103803, -20.23652830066480135, -10.20728992339636676 ) ) ;
#114 = CARTESIAN_POINT ( 'NONE',  ( 24.49999935925006156, -3.500263519045026417, -7.966280238320142537 ) ) ;
#115 = AXIS2_PLACEMENT_3D ( 'NONE', #857, #1061, #790 ) ;
#116 = ORIENTED_EDGE ( 'NONE', *, *, #2723, .T. ) ;
#117 = ADVANCED_FACE ( 'NONE', ( #1241 ), #2104, .F. ) ;
#118 = ORIENTED_EDGE ( 'NONE', *, *, #1762, .F. ) ;
#119 = DIRECTION ( 'NONE',  ( 0.000000000000000000, 0.000000000000000000, -1.000000000000000000 ) ) ;
#120 = CARTESIAN_POINT ( 'NONE',  ( 23.03911584983789496, -3.749526396690440411, 24.04167695777423219 ) ) ;
#121 = CARTESIAN_POINT ( 'NONE',  ( 21.49999935925006866, -19.80478464862917676, -10.80000050812959778 ) ) ;
#122 = CARTESIAN_POINT ( 'NONE',  ( 24.40318733460652822, -3.658211269092822349, 22.22465914201618276 ) ) ;
#123 = LINE ( 'NONE', #943, #2090 ) ;
#124 = ADVANCED_FACE ( 'NONE', ( #962 ), #2085, .F. ) ;
#125 = CARTESIAN_POINT ( 'NONE',  ( 21.50505393692863620, -3.441344121373813181, 24.40126158938224421 ) ) ;
#126 = CARTESIAN_POINT ( 'NONE',  ( 25.49999935925006866, -21.50000073015689850, 25.40000018477439880 ) ) ;
#127 = CARTESIAN_POINT ( 'NONE',  ( 22.22968485407191608, -4.025691278558872099, -10.71344552790494653 ) ) ;
#128 = CIRCLE ( 'NONE', #3300, 8.500000000000000000 ) ;
#129 = CARTESIAN_POINT ( 'NONE',  ( 21.86365324573503699, -3.081150970160768665, -10.89192715722782978 ) ) ;
#130 = CARTESIAN_POINT ( 'NONE',  ( 24.10074008190413863, -20.23863025950915073, -9.412311730664050913 ) ) ;
#131 = CARTESIAN_POINT ( 'NONE',  ( 24.53599032093002208, -3.154801620395341732, -8.531772447351881894 ) ) ;
#132 = ORIENTED_EDGE ( 'NONE', *, *, #1907, .F. ) ;
#133 = FACE_OUTER_BOUND ( 'NONE', #900, .T. ) ;
#134 = CARTESIAN_POINT ( 'NONE',  ( 23.01085630036275731, -4.195216025648363711, 24.02135934983716226 ) ) ;
#135 = CARTESIAN_POINT ( 'NONE',  ( 24.50519501789909071, -20.60275833236814336, -7.819815742040526985 ) ) ;
#136 = CARTESIAN_POINT ( 'NONE',  ( 23.32986376038052967, -4.063279752440851489, 23.78517032552727173 ) ) ;
#137 = FACE_OUTER_BOUND ( 'NONE', #368, .T. ) ;
#138 = CARTESIAN_POINT ( 'NONE',  ( 24.47713813284578777, -3.539438813956099938, 21.80843639476095319 ) ) ;
#139 = ORIENTED_EDGE ( 'NONE', *, *, #1336, .F. ) ;
#140 = CARTESIAN_POINT ( 'NONE',  ( 21.64737152158630096, -20.77455393881116308, 24.43828734610278275 ) ) ;
#141 = CARTESIAN_POINT ( 'NONE',  ( 22.21459154124993063, -21.07059129321133994, -10.97867339938484932 ) ) ;
#142 = CARTESIAN_POINT ( 'NONE',  ( 21.89269521465645241, -4.195216025648367264, -10.78048001563083425 ) ) ;
#143 = AXIS2_PLACEMENT_3D ( 'NONE', #2212, #1655, #279 ) ;
#144 = CARTESIAN_POINT ( 'NONE',  ( 24.60261244315100981, -20.95688888710707332, -2.623225992130193251 ) ) ;
#145 = CARTESIAN_POINT ( 'NONE',  ( 24.27896055824509602, -20.10847612565869724, -8.960851200793440441 ) ) ;
#146 = EDGE_CURVE ( 'NONE', #2326, #901, #336, .T. ) ;
#147 = AXIS2_PLACEMENT_3D ( 'NONE', #920, #2968, #151 ) ;
#148 = CARTESIAN_POINT ( 'NONE',  ( 24.49999935925006866, -3.968761463483877705, -7.996385450266523698 ) ) ;
#149 = VERTEX_POINT ( 'NONE', #1364 ) ;
#150 = CARTESIAN_POINT ( 'NONE',  ( 24.59669788720924899, -20.92904399628991285, -8.183098896941183753 ) ) ;
#151 = DIRECTION ( 'NONE',  ( 0.000000000000000000, 0.000000000000000000, -1.000000000000000000 ) ) ;
#152 = CARTESIAN_POINT ( 'NONE',  ( 24.49999935925006866, -20.50000073015689850, 21.40000018477439880 ) ) ;
#153 = CARTESIAN_POINT ( 'NONE',  ( 22.97431271121882190, -3.514243904487595938, 24.13770365581327937 ) ) ;
#154 = CARTESIAN_POINT ( 'NONE',  ( 24.30983013273523952, -3.061455988249098148, -10.60983128161476685 ) ) ;
#155 = CARTESIAN_POINT ( 'NONE',  ( 24.36078401219984713, -3.701817640205270266, 22.40451176144778245 ) ) ;
#156 = DIRECTION ( 'NONE',  ( 0.000000000000000000, 0.000000000000000000, -1.000000000000000000 ) ) ;
#157 = CARTESIAN_POINT ( 'NONE',  ( 24.49999935925006866, -3.963477331805790982, 21.40000018477439880 ) ) ;
#158 = CARTESIAN_POINT ( 'NONE',  ( 23.39166159241406362, -21.34981364563200756, -11.27291606642059563 ) ) ;
#159 = CARTESIAN_POINT ( 'NONE',  ( 22.18324390376487543, -21.05899396262945089, -10.97081504221221060 ) ) ;
#160 = CARTESIAN_POINT ( 'NONE',  ( 22.32134956978589457, -3.665291884631799668, -10.70329901710536902 ) ) ;
#161 = DIRECTION ( 'NONE',  ( -1.000000000000000000, 0.000000000000000000, 0.000000000000000000 ) ) ;
#162 = CARTESIAN_POINT ( 'NONE',  ( 24.27596173838233895, -20.27547905191584476, -9.060381419509871748 ) ) ;
#163 = CARTESIAN_POINT ( 'NONE',  ( 24.39264183496073102, -3.673087857439721660, -8.684536616803836040 ) ) ;
#164 = ORIENTED_EDGE ( 'NONE', *, *, #1007, .T. ) ;
#165 = CARTESIAN_POINT ( 'NONE',  ( 24.62351454415970409, -20.98215717691360283, -8.292521561460429069 ) ) ;
#166 = ORIENTED_EDGE ( 'NONE', *, *, #3335, .F. ) ;
#167 = DIRECTION ( 'NONE',  ( 0.000000000000000000, 0.000000000000000000, -1.000000000000000000 ) ) ;
#168 = AXIS2_PLACEMENT_3D ( 'NONE', #932, #610, #2335 ) ;
#169 = CARTESIAN_POINT ( 'NONE',  ( 24.50031435614733866, -20.52915186758032107, -7.801264152549235220 ) ) ;
#170 = CARTESIAN_POINT ( 'NONE',  ( 23.53184175977018810, -3.782311287206831185, 23.69441400580965507 ) ) ;
#171 = CARTESIAN_POINT ( 'NONE',  ( 25.05515042817967242, -2.599181616249120363, -10.02060478432811230 ) ) ;
#172 = CARTESIAN_POINT ( 'NONE',  ( 24.57654923484587428, -3.091348124442434564, 21.88226557419991991 ) ) ;
#173 = CARTESIAN_POINT ( 'NONE',  ( 5.499999810010197443, -3.499999944120645523, -13.80000050812959778 ) ) ;
#174 = DIRECTION ( 'NONE',  ( -1.000000000000000000, -0.000000000000000000, -0.000000000000000000 ) ) ;
#175 = CARTESIAN_POINT ( 'NONE',  ( 22.31766439305625482, -20.17139773278927706, -10.69513659572885267 ) ) ;
#176 = CARTESIAN_POINT ( 'NONE',  ( 5.881767548277762714, -15.47846799730299594, 26.40000018477439880 ) ) ;
#177 = CARTESIAN_POINT ( 'NONE',  ( 23.65302862326448974, -2.888226631345090389, -10.79524918148898394 ) ) ;
#178 = DIRECTION ( 'NONE',  ( -1.000000000000000000, 0.000000000000000000, 0.000000000000000000 ) ) ;
#179 = CARTESIAN_POINT ( 'NONE',  ( 22.11921878790245088, -2.965465348613104180, -10.95483814916518028 ) ) ;
#180 = CARTESIAN_POINT ( 'NONE',  ( 24.18413653276636310, -20.26573929121513729, -9.269748715383135718 ) ) ;
#181 = LINE ( 'NONE', #1537, #1724 ) ;
#182 = EDGE_LOOP ( 'NONE', ( #3547, #3258, #2879, #288 ) ) ;
#183 = DIRECTION ( 'NONE',  ( -1.000000000000000000, 0.000000000000000000, 0.000000000000000000 ) ) ;
#184 = ADVANCED_FACE ( 'NONE', ( #231, #1879, #2486, #1038, #3283, #542 ), #3606, .F. ) ;
#185 = ADVANCED_FACE ( 'NONE', ( #1383 ), #3573, .T. ) ;
#186 = EDGE_LOOP ( 'NONE', ( #580, #2607 ) ) ;
#187 = CARTESIAN_POINT ( 'NONE',  ( 24.58568130207536484, -20.93051764735974629, 21.74272795607560482 ) ) ;
#188 = CARTESIAN_POINT ( 'NONE',  ( -23.42702945377912016, -21.50000073015689850, 27.40000018477439880 ) ) ;
#189 = PLANE ( 'NONE',  #3016 ) ;
#190 = CARTESIAN_POINT ( 'NONE',  ( 1.792878659388874585, -12.00014003230332449, 24.40000018477439880 ) ) ;
#191 = ORIENTED_EDGE ( 'NONE', *, *, #2307, .T. ) ;
#192 = EDGE_CURVE ( 'NONE', #3148, #1579, #1748, .T. ) ;
#193 = EDGE_CURVE ( 'NONE', #274, #3637, #493, .T. ) ;
#194 = CARTESIAN_POINT ( 'NONE',  ( 24.51923857474875490, -20.69561573705872348, 21.47306492501056852 ) ) ;
#195 = CARTESIAN_POINT ( 'NONE',  ( 23.38223924747428484, -20.99815819284054186, -10.75297864617228605 ) ) ;
#196 = CARTESIAN_POINT ( 'NONE',  ( 5.492878659388874318, -12.00014003230332449, -13.60000050812959316 ) ) ;
#197 = FACE_OUTER_BOUND ( 'NONE', #1481, .T. ) ;
#198 = CARTESIAN_POINT ( 'NONE',  ( 23.76015979462716032, -19.80478464862918386, 23.38248043651659103 ) ) ;
#199 = CARTESIAN_POINT ( 'NONE',  ( 23.98686067302059755, -20.64067485918343436, -9.878902192818667771 ) ) ;
#200 = VECTOR ( 'NONE', #2822, 1000.000000000000000 ) ;
#201 = CARTESIAN_POINT ( 'NONE',  ( 24.35615916757710764, -3.022781229783490620, -9.836438149804523690 ) ) ;
#202 = PRODUCT_DEFINITION_FORMATION_WITH_SPECIFIED_SOURCE ( 'ANY', '', #567, .NOT_KNOWN. ) ;
#203 = ORIENTED_EDGE ( 'NONE', *, *, #1531, .T. ) ;
#204 = DIRECTION ( 'NONE',  ( 1.000000000000000000, 0.000000000000000000, 0.000000000000000000 ) ) ;
#205 = CIRCLE ( 'NONE', #3028, 1.000000000000000000 ) ;
#206 = ORIENTED_EDGE ( 'NONE', *, *, #1676, .F. ) ;
#207 = EDGE_LOOP ( 'NONE', ( #2861, #3382, #2319, #1473, #3409 ) ) ;
#208 = CARTESIAN_POINT ( 'NONE',  ( 24.33145789536989057, -20.26224602412500175, 22.52005986990783271 ) ) ;
#209 = CARTESIAN_POINT ( 'NONE',  ( 21.49999935925006511, -3.653145253806330039, -10.80000050812959422 ) ) ;
#210 = VECTOR ( 'NONE', #338, 1000.000000000000000 ) ;
#211 = CARTESIAN_POINT ( 'NONE',  ( 25.05544922756212145, -2.547292109252887737, -11.35545037644076594 ) ) ;
#212 = CARTESIAN_POINT ( 'NONE',  ( 24.67081389332468433, -2.941006711659981399, -8.483245052611769310 ) ) ;
#213 = ORIENTED_EDGE ( 'NONE', *, *, #234, .F. ) ;
#214 = CARTESIAN_POINT ( 'NONE',  ( 24.51238400565210185, -20.65748558065095608, 21.44688160583225667 ) ) ;
#215 = CARTESIAN_POINT ( 'NONE',  ( 24.51373585659995769, -21.15186400622793883, 23.87361694306895643 ) ) ;
#216 = LINE ( 'NONE', #2472, #698 ) ;
#217 =( GEOMETRIC_REPRESENTATION_CONTEXT ( 3 ) GLOBAL_UNCERTAINTY_ASSIGNED_CONTEXT ( ( #2190 ) ) GLOBAL_UNIT_ASSIGNED_CONTEXT ( ( #3177, #2398, #1772 ) ) REPRESENTATION_CONTEXT ( 'NONE', 'WORKASPACE' ) );
#218 = DIRECTION ( 'NONE',  ( -0.9938079899999066047, -0.1111111111111108690, 0.000000000000000000 ) ) ;
#219 = FACE_OUTER_BOUND ( 'NONE', #670, .T. ) ;
#220 = CARTESIAN_POINT ( 'NONE',  ( 24.47713813284581619, -20.46056186032137703, -8.208436718116129072 ) ) ;
#221 = CARTESIAN_POINT ( 'NONE',  ( 24.25714487139611109, -3.328717377556360102, -9.453317961252928114 ) ) ;
#222 = EDGE_CURVE ( 'NONE', #936, #3166, #1915, .T. ) ;
#223 = CYLINDRICAL_SURFACE ( 'NONE', #1751, 1.000000000000000888 ) ;
#224 = CARTESIAN_POINT ( 'NONE',  ( 24.25285302772504181, -19.94401663851892437, 22.59340131237184934 ) ) ;
#225 = CARTESIAN_POINT ( 'NONE',  ( 22.89552689982169653, -20.49061346181746046, 24.17366604650996109 ) ) ;
#226 = CIRCLE ( 'NONE', #1341, 9.500000000000000000 ) ;
#227 = EDGE_CURVE ( 'NONE', #3343, #2839, #528, .T. ) ;
#228 = CARTESIAN_POINT ( 'NONE',  ( 25.14403224371548617, -2.560880538736609591, -10.37613204632745045 ) ) ;
#229 = CARTESIAN_POINT ( 'NONE',  ( 24.49999935925007222, -3.492335151226839685, 21.40000018477440236 ) ) ;
#230 = AXIS2_PLACEMENT_3D ( 'NONE', #31, #891, #3145 ) ;
#231 = FACE_BOUND ( 'NONE', #474, .T. ) ;
#232 = CARTESIAN_POINT ( 'NONE',  ( 24.10734830872096168, -21.15605109229555225, -10.67740783338883581 ) ) ;
#233 = CARTESIAN_POINT ( 'NONE',  ( 25.49999935925006866, -2.499999944120645523, 25.40000018477439880 ) ) ;
#234 = EDGE_CURVE ( 'NONE', #2914, #1418, #341, .T. ) ;
#235 = CARTESIAN_POINT ( 'NONE',  ( 24.49999935925006866, -20.50000073015689850, 21.40000018477439880 ) ) ;
#236 = CARTESIAN_POINT ( 'NONE',  ( 24.50000345173977578, -20.50721936744751162, -7.966719835985486498 ) ) ;
#237 = CARTESIAN_POINT ( 'NONE',  ( 24.61553535840049634, -2.802344469934654914, -10.14341580139331889 ) ) ;
#238 = FACE_OUTER_BOUND ( 'NONE', #3422, .T. ) ;
#239 = CARTESIAN_POINT ( 'NONE',  ( 24.49999935925006866, -20.03123921079366809, 21.59638512691133272 ) ) ;
#240 = CARTESIAN_POINT ( 'NONE',  ( 23.42828372447217333, -20.99138383502597449, 24.32135018580813579 ) ) ;
#241 = LINE ( 'NONE', #3056, #1895 ) ;
#242 = ORIENTED_EDGE ( 'NONE', *, *, #871, .F. ) ;
#243 = CARTESIAN_POINT ( 'NONE',  ( 24.76273937168978279, -2.780545438395033209, 23.58269092374534637 ) ) ;
#244 =( BOUNDED_CURVE ( )  B_SPLINE_CURVE ( 3, ( #1566, #2697, #765, #2751 ),
 .UNSPECIFIED., .F., .T. ) 
 B_SPLINE_CURVE_WITH_KNOTS ( ( 4, 4 ),
 ( 1.015630249962077958, 1.570796326794896558 ),
 .UNSPECIFIED. ) 
 CURVE ( )  GEOMETRIC_REPRESENTATION_ITEM ( )  RATIONAL_B_SPLINE_CURVE ( ( 1.000000000000000000, 0.9744803810316302606, 0.9744803810316302606, 1.000000000000000000 ) ) 
 REPRESENTATION_ITEM ( '' )  );
#245 = CARTESIAN_POINT ( 'NONE',  ( 24.67081389333112895, -21.05899396262713452, 22.08324472928541837 ) ) ;
#246 = CARTESIAN_POINT ( 'NONE',  ( 24.97291491754103276, -2.650187028645555554, 23.29166241793824454 ) ) ;
#247 = CARTESIAN_POINT ( 'NONE',  ( 5.499999810010193002, -21.50000073015689850, 24.40000018477439880 ) ) ;
#248 = ADVANCED_FACE ( 'NONE', ( #2227 ), #1703, .F. ) ;
#249 = CARTESIAN_POINT ( 'NONE',  ( 38.50000001490116119, -5.282485684519935276, 0.08248564839684249805 ) ) ;
#250 = CARTESIAN_POINT ( 'NONE',  ( 22.22413434141143895, -2.924995865210431756, -10.98097882027960637 ) ) ;
#251 = CARTESIAN_POINT ( 'NONE',  ( 24.40329786822584524, -20.33470878964573103, -8.621350718665430790 ) ) ;
#252 = CARTESIAN_POINT ( 'NONE',  ( 24.07606757009347476, -4.195216025648367264, -9.344165757480832113 ) ) ;
#253 = AXIS2_PLACEMENT_3D ( 'NONE', #2926, #2906, #986 ) ;
#254 = LINE ( 'NONE', #2532, #1687 ) ;
#255 = ORIENTED_EDGE ( 'NONE', *, *, #2916, .T. ) ;
#256 = CARTESIAN_POINT ( 'NONE',  ( 24.25285302772504181, -19.80478464862918386, 22.59340131237184579 ) ) ;
#257 = TOROIDAL_SURFACE ( 'NONE', #2317, 8.500000000000000000, 1.000000000000000000 ) ;
#258 = CARTESIAN_POINT ( 'NONE',  ( 23.78979747130708233, -21.21036048435775001, 24.56127371513197843 ) ) ;
#259 = DIRECTION ( 'NONE',  ( -1.000000000000000000, 0.000000000000000000, 0.000000000000000000 ) ) ;
#260 = ORIENTED_EDGE ( 'NONE', *, *, #2572, .F. ) ;
#261 = FACE_OUTER_BOUND ( 'NONE', #1201, .T. ) ;
#262 = CARTESIAN_POINT ( 'NONE',  ( 24.49999935925007222, -20.52899630211861037, 21.40000018477440591 ) ) ;
#263 = CARTESIAN_POINT ( 'NONE',  ( 21.49999935925007222, -20.26826203631433998, 24.40000018477439880 ) ) ;
#264 = CARTESIAN_POINT ( 'NONE',  ( 22.22968485407191608, -4.195216025648367264, -10.71344552790494653 ) ) ;
#265 = ORIENTED_EDGE ( 'NONE', *, *, #1704, .T. ) ;
#266 = CARTESIAN_POINT ( 'NONE',  ( 22.48758732995652210, -2.840355022264889673, 24.64758441630196018 ) ) ;
#267 = CARTESIAN_POINT ( 'NONE',  ( 21.49999935925006866, -3.499999944120646411, -10.80000050812959600 ) ) ;
#268 = CARTESIAN_POINT ( 'NONE',  ( 24.50034897305653558, -20.52672924424009082, -7.801398963355470784 ) ) ;
#269 = CARTESIAN_POINT ( 'NONE',  ( 24.34941624195129251, -2.915735325325695904, -10.14878694953192451 ) ) ;
#270 = DIRECTION ( 'NONE',  ( -1.000000000000000000, 0.000000000000000000, 0.000000000000000000 ) ) ;
#271 = CARTESIAN_POINT ( 'NONE',  ( 24.49049552665300666, -21.17063945637492850, 23.88521206560805865 ) ) ;
#272 = CARTESIAN_POINT ( 'NONE',  ( 23.80769736946210813, -21.20595444829846699, 24.54610659852706434 ) ) ;
#273 = CYLINDRICAL_SURFACE ( 'NONE', #2193, 13.00000000000000178 ) ;
#274 = VERTEX_POINT ( 'NONE', #190 ) ;
#275 = CARTESIAN_POINT ( 'NONE',  ( 24.50126076385820895, -3.441344121370566000, -7.805055085808158211 ) ) ;
#276 = ORIENTED_EDGE ( 'NONE', *, *, #3604, .T. ) ;
#277 = CARTESIAN_POINT ( 'NONE',  ( 21.66671868710593074, -3.492781306830054611, 24.40000427726413079 ) ) ;
#278 = DIRECTION ( 'NONE',  ( -0.000000000000000000, 0.000000000000000000, 1.000000000000000000 ) ) ;
#279 = DIRECTION ( 'NONE',  ( -1.000000000000000000, 0.000000000000000000, -0.000000000000000000 ) ) ;
#280 = AXIS2_PLACEMENT_3D ( 'NONE', #1042, #1338, #3289 ) ;
#281 = AXIS2_PLACEMENT_3D ( 'NONE', #870, #587, #2271 ) ;
#282 = ORIENTED_EDGE ( 'NONE', *, *, #1770, .T. ) ;
#283 = CARTESIAN_POINT ( 'NONE',  ( 21.93808718316251571, -3.043659011416278037, 24.51018217781055242 ) ) ;
#284 = CARTESIAN_POINT ( 'NONE',  ( 28.50000001490116119, -18.71751498975760697, 0.08248564839684249805 ) ) ;
#285 = CARTESIAN_POINT ( 'NONE',  ( 24.50046084220128861, -20.53062449776421161, -7.801846439934448263 ) ) ;
#286 = CARTESIAN_POINT ( 'NONE',  ( 24.31119095445425060, -2.848136668049580766, -10.47616216856995131 ) ) ;
#287 = DIRECTION ( 'NONE',  ( -1.000000000000000000, 0.000000000000000000, 0.000000000000000000 ) ) ;
#288 = ORIENTED_EDGE ( 'NONE', *, *, #1604, .F. ) ;
#289 = CARTESIAN_POINT ( 'NONE',  ( 24.25101415182460229, -21.07528765754193856, 23.87108538173992756 ) ) ;
#290 = CARTESIAN_POINT ( 'NONE',  ( 23.75951053642743815, -21.09293599982315826, 24.31695649814014359 ) ) ;
#291 = EDGE_CURVE ( 'NONE', #1010, #3190, #3395, .T. ) ;
#292 = CARTESIAN_POINT ( 'NONE',  ( 5.492878659388874318, -12.00014003230332449, 18.40000018477439525 ) ) ;
#293 = ORIENTED_EDGE ( 'NONE', *, *, #2918, .F. ) ;
#294 = CARTESIAN_POINT ( 'NONE',  ( 24.52444688875846524, -3.279876513612963507, -7.893191158096326987 ) ) ;
#295 = ORIENTED_EDGE ( 'NONE', *, *, #2907, .F. ) ;
#296 = CIRCLE ( 'NONE', #2181, 1.000000000000000888 ) ;
#297 = CARTESIAN_POINT ( 'NONE',  ( 22.73020626345197925, -3.265307367502068292, 24.31972219457419371 ) ) ;
#298 = CARTESIAN_POINT ( 'NONE',  ( 24.49999935925006866, -3.731738637963217364, -7.800000508129594223 ) ) ;
#299 = B_SPLINE_SURFACE_WITH_KNOTS ( 'NONE', 3, 3, ( 
 ( #2427, #484, #953, #2928, #1247, #754, #2665, #1576, #1307, #1593, #2683, #1235 ),
 ( #2982, #148, #1520, #114, #2075, #407, #2371, #1869, #1269, #2704, #3544, #2355 ),
 ( #3475, #3238, #461, #2387, #2646, #2999, #1028, #3204, #131, #3490, #969, #2092 ),
 ( #3257, #3219, #1814, #990, #163, #2111, #719, #1831, #2964, #2129, #442, #2406 ),
 ( #3524, #1556, #1289, #1009, #1850, #2463, #1356, #3565, #2476, #1645, #3595, #3630 ),
 ( #1392, #1077, #1614, #2446, #1887, #1342, #2509, #549, #221, #1939, #3578, #237 ),
 ( #2792, #535, #1059, #788, #1923, #819, #2169, #1629, #2724, #201, #1044, #1114 ),
 ( #2185, #2202, #3322, #773, #3291, #3307, #2760, #803, #3053, #2775, #2234, #3014 ),
 ( #252, #503, #519, #1908, #2493, #3068, #1325, #1373, #1093, #3612, #269, #2744 ),
 ( #3037, #3357, #2217, #3340, #1662, #836, #1957, #3088, #570, #1995, #856, #1679 ),
 ( #94, #3182, #2853, #2830, #3377, #2255, #3125, #3163, #2552, #590, #2296, #286 ),
 ( #1697, #2014, #2812, #1976, #1408, #309, #1736, #33, #1429, #1154, #2036, #3433 ),
 ( #2274, #2316, #874, #1211, #2594, #1719, #11, #2531, #2609, #2054, #3107, #3394 ),
 ( #1131, #2333, #1448, #2870, #649, #609, #912, #329, #1758, #3452, #2573, #1193 ),
 ( #53, #3146, #1174, #3414, #892, #630, #73, #930, #352, #1467, #2889, #371 ),
 ( #1484, #3215, #3486, #2942, #947, #699, #419, #2978, #1501, #1231, #177, #2903 ),
 ( #1811, #2351, #681, #3537, #2643, #1303, #3470, #2366, #1244, #1534, #2384, #1570 ),
 ( #3503, #1793, #2108, #2660, #1828, #966, #983, #2069, #3235, #716, #110, #404 ),
 ( #1517, #127, #1265, #160, #457, #2625, #2679, #387, #1284, #2422, #2088, #663 ),
 ( #142, #733, #2700, #3199, #2960, #439, #2403, #1553, #3520, #1004, #2125, #2925 ),
 ( #3252, #1846, #1024, #2146, #1775, #3269, #2995, #750, #1863, #480, #1589, #2097 ),
 ( #2933, #2711, #209, #2391, #3208, #2952, #995, #3278, #1600, #1255, #723, #2411 ) ),
 .UNSPECIFIED., .F., .F., .F.,
 ( 4, 2, 2, 2, 2, 2, 2, 2, 2, 2, 4 ),
 ( 4, 2, 2, 2, 2, 4 ),
 ( 0.000000000000000000, 0.1250000000000000278, 0.2500000000000000555, 0.2812500000000001110, 0.3750000000000001110, 0.5000000000000001110, 0.6250000000000000000, 0.7500000000000000000, 0.7812500000000000000, 0.8750000000000000000, 1.000000000000000000 ),
 ( 0.000000000000000000, 0.2379170420427541843, 0.2498245882608361446, 0.2559971429658152720, 0.6279985714829076082, 1.000000000000000000 ),
 .UNSPECIFIED. ) ;
#300 = CARTESIAN_POINT ( 'NONE',  ( 24.40386802363600793, -4.195216025648366376, -8.577827380010798919 ) ) ;
#301 = CARTESIAN_POINT ( 'NONE',  ( 24.20493803792658127, -3.334906501720630079, 23.15847715878924973 ) ) ;
#302 = ADVANCED_FACE ( 'NONE', ( #1878 ), #3329, .F. ) ;
#303 = ADVANCED_FACE ( 'NONE', ( #261 ), #541, .F. ) ;
#304 = EDGE_CURVE ( 'NONE', #81, #1987, #2707, .T. ) ;
#305 = ORIENTED_EDGE ( 'NONE', *, *, #365, .T. ) ;
#306 = CARTESIAN_POINT ( 'NONE',  ( 21.70687146814223567, -3.178048422943209328, 24.45322372064617156 ) ) ;
#307 = CARTESIAN_POINT ( 'NONE',  ( 28.50000001490116119, -18.71751498975760697, 1.682485648396843780 ) ) ;
#308 = CARTESIAN_POINT ( 'NONE',  ( 19.21510088161109664, -10.01252405230350817, 26.40000018477439880 ) ) ;
#309 = CARTESIAN_POINT ( 'NONE',  ( 23.53428989130376436, -3.772334104347780492, -10.09616488038821913 ) ) ;
#310 = DIRECTION ( 'NONE',  ( 0.000000000000000000, 0.000000000000000000, -1.000000000000000000 ) ) ;
#311 = VERTEX_POINT ( 'NONE', #1050 ) ;
#312 = CARTESIAN_POINT ( 'NONE',  ( 23.88945164396881182, -20.08002036687388880, 23.25432057916897932 ) ) ;
#313 = CARTESIAN_POINT ( 'NONE',  ( 22.51262610636632644, -20.31231261218159290, 24.26059229535888306 ) ) ;
#314 = CIRCLE ( 'NONE', #2368, 1.000000000000000888 ) ;
#315 = CARTESIAN_POINT ( 'NONE',  ( -4.000000189989805222, -11.99999994412064730, 24.40000018477439880 ) ) ;
#316 = ORIENTED_EDGE ( 'NONE', *, *, #3401, .T. ) ;
#317 = CARTESIAN_POINT ( 'NONE',  ( 24.49999935925006866, 0.000000000000000000, 0.000000000000000000 ) ) ;
#318 = ORIENTED_EDGE ( 'NONE', *, *, #2098, .T. ) ;
#319 = VECTOR ( 'NONE', #66, 1000.000000000000000 ) ;
#320 = CARTESIAN_POINT ( 'NONE',  ( 21.66753074064757811, -3.477763403497971417, 24.40027340106558285 ) ) ;
#321 = CARTESIAN_POINT ( 'NONE',  ( 24.49999935925006866, -4.195216025648363711, -7.800000508129596888 ) ) ;
#322 = CARTESIAN_POINT ( 'NONE',  ( 7.074337136277653926, -8.655145400636984121, 26.40000018477439880 ) ) ;
#323 = CARTESIAN_POINT ( 'NONE',  ( 24.27600435000988099, -3.728051250195109301, 22.65818419828657682 ) ) ;
#324 = AXIS2_PLACEMENT_3D ( 'NONE', #863, #18, #1140 ) ;
#325 = EDGE_LOOP ( 'NONE', ( #2499, #2895, #1208, #521, #3507 ) ) ;
#326 = CARTESIAN_POINT ( 'NONE',  ( 28.50000001490116119, -2.499999944120645523, 15.67411909223461564 ) ) ;
#327 = CARTESIAN_POINT ( 'NONE',  ( 24.50161827398074621, -3.441219821476823704, 21.40631840687260734 ) ) ;
#328 = FACE_BOUND ( 'NONE', #186, .T. ) ;
#329 = CARTESIAN_POINT ( 'NONE',  ( 23.22466398527060605, -3.529848864501722527, -10.40879748120616988 ) ) ;
#330 = CARTESIAN_POINT ( 'NONE',  ( 21.68957977679980687, -20.75456678378195363, -10.80669261526404590 ) ) ;
#331 = EDGE_CURVE ( 'NONE', #2983, #1397, #1633, .T. ) ;
#332 = ORIENTED_EDGE ( 'NONE', *, *, #227, .F. ) ;
#333 = CARTESIAN_POINT ( 'NONE',  ( 23.90091400089085738, -20.63343166538639295, 23.57687535492701869 ) ) ;
#334 = CARTESIAN_POINT ( 'NONE',  ( 23.40370075961699925, -20.23994971913264251, -10.20771421040519122 ) ) ;
#335 = CARTESIAN_POINT ( 'NONE',  ( 21.49999935925006866, -19.80478464862918386, 24.40000018477439880 ) ) ;
#336 = B_SPLINE_CURVE_WITH_KNOTS ( 'NONE', 3,
 ( #434, #2991, #3059, #2501, #2716, #1605, #3314, #3621, #2784, #1896, #797, #1086, #1316, #245, #2456, #2210, #1653, #2161, #1638, #476, #3302, #1585, #1051, #2142, #1932, #529, #764, #746, #2736, #3031, #513, #194, #2439, #214, #2177, #782, #1621, #2750, #262, #3555 ),
 .UNSPECIFIED., .F., .F.,
 ( 4, 2, 1, 2, 2, 2, 1, 1, 2, 2, 1, 1, 2, 2, 1, 1, 2, 2, 1, 2, 2, 2, 2, 4 ),
 ( 0.000000000000000000, 0.1250000000000282552, 0.1875000000000427158, 0.2187500000000481004, 0.2500000000000535127, 0.3750000000000656697, 0.4375000000000731637, 0.4687500000000775491, 0.4843750000000780487, 0.5000000000000786038, 0.5625000000000851541, 0.5937500000000872635, 0.6093750000000877076, 0.6250000000000880407, 0.6875000000000818234, 0.7187500000000791589, 0.7343750000000754952, 0.7500000000000718314, 0.8125000000000530687, 0.8437500000000442979, 0.8750000000000354161, 0.9062500000000266454, 0.9375000000000178746, 1.000000000000000000 ),
 .UNSPECIFIED. ) ;
#337 = EDGE_LOOP ( 'NONE', ( #3076, #2153, #3493, #2132 ) ) ;
#338 = DIRECTION ( 'NONE',  ( -0.000000000000000000, -0.000000000000000000, 1.000000000000000000 ) ) ;
#339 = ORIENTED_EDGE ( 'NONE', *, *, #3341, .F. ) ;
#340 = EDGE_CURVE ( 'NONE', #2330, #991, #2107, .T. ) ;
#341 = LINE ( 'NONE', #2585, #1985 ) ;
#342 = DIRECTION ( 'NONE',  ( 0.000000000000000000, 0.000000000000000000, 1.000000000000000000 ) ) ;
#343 = CARTESIAN_POINT ( 'NONE',  ( 5.499999810010197443, -12.00000073015689672, -13.80000050812959778 ) ) ;
#344 = CARTESIAN_POINT ( 'NONE',  ( 24.27596173838234606, -3.724521622361697926, 22.66038109615467633 ) ) ;
#345 = ORIENTED_EDGE ( 'NONE', *, *, #3181, .F. ) ;
#346 = VECTOR ( 'NONE', #1335, 1000.000000000000000 ) ;
#347 = CARTESIAN_POINT ( 'NONE',  ( 21.49999935925006866, -3.499999944120646411, 24.40000018477439880 ) ) ;
#348 = CARTESIAN_POINT ( 'NONE',  ( 24.55814081088272971, -3.163286400240380214, 21.62655627843474448 ) ) ;
#349 = CIRCLE ( 'NONE', #1571, 2.000000000000001776 ) ;
#350 = PLANE ( 'NONE',  #2397 ) ;
#351 = VECTOR ( 'NONE', #1647, 1000.000000000000000 ) ;
#352 = CARTESIAN_POINT ( 'NONE',  ( 23.25847633326493735, -3.334906501720640293, -10.50493918680615479 ) ) ;
#353 = DIRECTION ( 'NONE',  ( 1.000000000000000000, 0.000000000000000000, 0.000000000000000000 ) ) ;
#354 = ORIENTED_EDGE ( 'NONE', *, *, #465, .T. ) ;
#355 = CARTESIAN_POINT ( 'NONE',  ( 24.22042962516013276, -20.25073461142929787, 22.77404503505462330 ) ) ;
#356 = CARTESIAN_POINT ( 'NONE',  ( 23.14793315974327825, -20.23628267935724878, -10.37630957307032631 ) ) ;
#357 = ADVANCED_FACE ( 'NONE', ( #2469 ), #1602, .F. ) ;
#358 = CARTESIAN_POINT ( 'NONE',  ( 22.33122815669678118, -20.35601295068596883, 24.30309008415804684 ) ) ;
#359 = ORIENTED_EDGE ( 'NONE', *, *, #2395, .F. ) ;
#360 = ORIENTED_EDGE ( 'NONE', *, *, #614, .T. ) ;
#361 = CARTESIAN_POINT ( 'NONE',  ( 24.51031528503377288, -3.356070216461782163, -7.839063429704354213 ) ) ;
#362 = ORIENTED_EDGE ( 'NONE', *, *, #830, .F. ) ;
#363 = CARTESIAN_POINT ( 'NONE',  ( 21.89269521465645596, -4.195216025648363711, 24.38047969227563172 ) ) ;
#364 = DIRECTION ( 'NONE',  ( -0.000000000000000000, -0.000000000000000000, 1.000000000000000000 ) ) ;
#365 = EDGE_CURVE ( 'NONE', #3359, #869, #772, .T. ) ;
#366 = CARTESIAN_POINT ( 'NONE',  ( 21.49999935925006866, -4.195216025648363711, 24.40000018477439880 ) ) ;
#367 = CARTESIAN_POINT ( 'NONE',  ( 23.83434580205978293, -3.560574657539506305, 23.48757964533696807 ) ) ;
#368 = EDGE_LOOP ( 'NONE', ( #2766, #512, #203, #2555 ) ) ;
#369 = CARTESIAN_POINT ( 'NONE',  ( 25.49999935925006866, -21.50000073015689850, -11.80000050812959600 ) ) ;
#370 = CARTESIAN_POINT ( 'NONE',  ( 25.49999935925006866, -21.50000073015689850, 25.40000018477439880 ) ) ;
#371 = CARTESIAN_POINT ( 'NONE',  ( 23.89699057709121277, -2.814791835868057035, -10.86968088537661892 ) ) ;
#372 = CARTESIAN_POINT ( 'NONE',  ( 21.66753074064758877, -20.52223727077957349, -10.80027372442077827 ) ) ;
#373 = ORIENTED_EDGE ( 'NONE', *, *, #1627, .T. ) ;
#374 = CARTESIAN_POINT ( 'NONE',  ( 24.17616101969045417, -21.15186400622797791, -10.61119210333380458 ) ) ;
#375 = CARTESIAN_POINT ( 'NONE',  ( 23.71805343225488016, -21.22900526842238023, 24.62145359056588845 ) ) ;
#376 = EDGE_LOOP ( 'NONE', ( #914, #3039 ) ) ;
#377 = VERTEX_POINT ( 'NONE', #2860 ) ;
#378 = CARTESIAN_POINT ( 'NONE',  ( 24.93208749760163201, -2.664587734239306283, -2.247560134321840319 ) ) ;
#379 = CARTESIAN_POINT ( 'NONE',  ( 22.79297123575137007, -3.894268438809099564, 24.12215682673610218 ) ) ;
#380 = CARTESIAN_POINT ( 'NONE',  ( 5.881767548277762714, -15.47846799730299594, 36.40000018477439880 ) ) ;
#381 = AXIS2_PLACEMENT_3D ( 'NONE', #1554, #2626, #1286 ) ;
#382 = CARTESIAN_POINT ( 'NONE',  ( 24.18423833923191779, -3.751324830900304885, 22.86026644895819260 ) ) ;
#383 = TOROIDAL_SURFACE ( 'NONE', #3543, 8.500000000000000000, 1.000000000000000000 ) ;
#384 = CARTESIAN_POINT ( 'NONE',  ( 24.97291491754103276, -2.650187028645555554, 23.29166241793825520 ) ) ;
#385 = CARTESIAN_POINT ( 'NONE',  ( 21.57211461718648948, -20.69566545673160363, 24.41900746306369285 ) ) ;
#386 = CARTESIAN_POINT ( 'NONE',  ( 22.58310674488505043, -21.18611470773294414, -11.07162898678552310 ) ) ;
#387 = CARTESIAN_POINT ( 'NONE',  ( 22.43741028866608289, -3.424176713741410971, -10.70257755099455821 ) ) ;
#388 = CARTESIAN_POINT ( 'NONE',  ( 21.49999935925006156, -3.485508904575001399, -10.80000050812959422 ) ) ;
#389 = ORIENTED_EDGE ( 'NONE', *, *, #3178, .F. ) ;
#390 = CARTESIAN_POINT ( 'NONE',  ( 23.77028372549528612, -20.07263536429932316, -9.797982205832910907 ) ) ;
#391 = CARTESIAN_POINT ( 'NONE',  ( 23.39166159241392506, -21.34981364563198625, 24.87291574306536290 ) ) ;
#392 = ORIENTED_EDGE ( 'NONE', *, *, #736, .T. ) ;
#393 = ORIENTED_EDGE ( 'NONE', *, *, #777, .T. ) ;
#394 = CARTESIAN_POINT ( 'NONE',  ( 24.50034897305654269, -20.52672924424010148, 21.40139864000027359 ) ) ;
#395 = CLOSED_SHELL ( 'NONE', ( #2797, #2150, #2734, #3591, #2009, #302, #357, #3139, #117, #1386, #124, #248, #742, #3554, #691, #2293, #2340, #2516, #1034, #3187, #184, #627, #1412, #396, #1422, #303, #1646, #3376, #469, #444, #2524, #2694, #1523, #1229, #2286, #1259, #3019, #3297, #3188, #984, #400, #1332, #1249, #1273, #456, #2256, #2147, #2962, #185, #2417, #34, #693, #2253, #2141, #1143, #1486, #3294, #2554, #2674, #475, #1339, #1862, #1221, #1902, #3030, #2409, #2425 ) ) ;
#396 = ADVANCED_FACE ( 'NONE', ( #2561, #3173, #1417, #596, #2538, #618 ), #2304, .F. ) ;
#397 = CARTESIAN_POINT ( 'NONE',  ( 22.84489651113571185, -3.728043787031701584, 24.13922970478670038 ) ) ;
#398 = CYLINDRICAL_SURFACE ( 'NONE', #553, 2.000000000000001776 ) ;
#399 = CARTESIAN_POINT ( 'NONE',  ( 24.48095944173701355, -3.313138780457067334, 21.86126641807175019 ) ) ;
#400 = ADVANCED_FACE ( 'NONE', ( #1745 ), #1142, .T. ) ;
#401 = FILL_AREA_STYLE ('',( #2638 ) ) ;
#402 = CARTESIAN_POINT ( 'NONE',  ( 21.89464532807859243, -20.93494698072683136, 24.49953124540704152 ) ) ;
#403 = CARTESIAN_POINT ( 'NONE',  ( 22.86221165330960403, -21.25269102178049963, -11.14120941965068212 ) ) ;
#404 = CARTESIAN_POINT ( 'NONE',  ( 23.71805343225495122, -2.770995405855138483, -11.02145391392111762 ) ) ;
#405 = DIRECTION ( 'NONE',  ( 8.274065807500897920E-08, 0.9999999999999966693, 4.305964859414644539E-22 ) ) ;
#406 = CARTESIAN_POINT ( 'NONE',  ( 22.79297123575133099, -20.10573223546843735, -10.52215715009129937 ) ) ;
#407 = CARTESIAN_POINT ( 'NONE',  ( 24.50018835400494766, -3.481572856101316393, -7.967258826802192218 ) ) ;
#408 = ORIENTED_EDGE ( 'NONE', *, *, #946, .F. ) ;
#409 = ORIENTED_EDGE ( 'NONE', *, *, #2201, .F. ) ;
#410 = LINE ( 'NONE', #3494, #1610 ) ;
#411 = CARTESIAN_POINT ( 'NONE',  ( 24.54954340920635047, -20.81090760208449097, -7.992143981218514881 ) ) ;
#412 = CARTESIAN_POINT ( 'NONE',  ( 23.40259295961103447, -3.763472373612743116, 23.80728960004116246 ) ) ;
#413 = CARTESIAN_POINT ( 'NONE',  ( 21.49999935925006866, -20.50000073015689850, -10.80000050812959600 ) ) ;
#414 = CARTESIAN_POINT ( 'NONE',  ( 24.43425498803486562, -3.251494149113678844, 22.56790271835389561 ) ) ;
#415 = CARTESIAN_POINT ( 'NONE',  ( 24.49999935925006866, -20.26826203631432222, -7.800000508129596000 ) ) ;
#416 = DIRECTION ( 'NONE',  ( 0.000000000000000000, 0.000000000000000000, -1.000000000000000000 ) ) ;
#417 = EDGE_CURVE ( 'NONE', #1598, #1657, #1475, .T. ) ;
#418 = CARTESIAN_POINT ( 'NONE',  ( 24.79363612443779274, -21.48867334089425540, 25.22340937615554779 ) ) ;
#419 = CARTESIAN_POINT ( 'NONE',  ( 22.76038027063034974, -3.724521622361691264, -10.57596288726186451 ) ) ;
#420 = AXIS2_PLACEMENT_3D ( 'NONE', #2948, #1578, #183 ) ;
#421 = CARTESIAN_POINT ( 'NONE',  ( 25.18770404720855893, -21.46077148818794100, -2.116401281559905811 ) ) ;
#422 = CARTESIAN_POINT ( 'NONE',  ( 24.19649824054838305, -19.94335363784120219, -9.129454127233584515 ) ) ;
#423 = CARTESIAN_POINT ( 'NONE',  ( 21.49999935925006866, -20.50000073015689850, -10.80000050812959600 ) ) ;
#424 = ORIENTED_EDGE ( 'NONE', *, *, #1597, .T. ) ;
#425 = CARTESIAN_POINT ( 'NONE',  ( 25.13223123661666847, -21.44862733928851739, 23.92892769424079447 ) ) ;
#426 = ORIENTED_EDGE ( 'NONE', *, *, #3226, .F. ) ;
#427 = DIRECTION ( 'NONE',  ( -0.9999999999999965583, 8.274065807500896597E-08, 0.000000000000000000 ) ) ;
#428 = B_SPLINE_CURVE_WITH_KNOTS ( 'NONE', 3,
 ( #872, #1406, #1426, #327, #9, #3355, #1128, #1465, #2272, #2868, #2547, #1973, #2592, #71, #1389, #348, #3143, #1677, #3411, #1112, #2789, #2313, #3374, #2232, #1445, #1191, #852, #2506, #3432, #911, #833, #2570, #547, #3392, #1172, #30, #1716 ),
 .UNSPECIFIED., .F., .F.,
 ( 4, 2, 2, 2, 2, 1, 1, 2, 2, 1, 1, 2, 2, 1, 1, 2, 2, 2, 1, 2, 2, 4 ),
 ( 0.000000000000000000, 0.03125000000000719563, 0.06250000000001439127, 0.09375000000002159384, 0.1250000000000287825, 0.1875000000000431877, 0.2187500000000500988, 0.2343750000000537903, 0.2500000000000575096, 0.3125000000000593969, 0.3437500000000588418, 0.3593750000000587308, 0.3750000000000585643, 0.4375000000000556777, 0.4687500000000536238, 0.4843750000000527356, 0.5000000000000518474, 0.6250000000000341949, 0.6875000000000275335, 0.7187500000000243139, 0.7500000000000209832, 1.000000000000000000 ),
 .UNSPECIFIED. ) ;
#429 = CARTESIAN_POINT ( 'NONE',  ( 5.499999810010193002, -2.499999944120645523, 28.40000018477439880 ) ) ;
#430 = CARTESIAN_POINT ( 'NONE',  ( 23.82814921658502527, -3.046280471724304828, 24.04597974959276385 ) ) ;
#431 = DIRECTION ( 'NONE',  ( -1.000000000000000000, 0.000000000000000000, 0.000000000000000000 ) ) ;
#432 = CARTESIAN_POINT ( 'NONE',  ( 24.42134936028380565, -3.008616839251597064, 23.32828454999651413 ) ) ;
#433 = AXIS2_PLACEMENT_3D ( 'NONE', #710, #431, #2954 ) ;
#434 = CARTESIAN_POINT ( 'NONE',  ( 24.97291491754103632, -21.34981364563198625, 23.29166241793825876 ) ) ;
#435 = CARTESIAN_POINT ( 'NONE',  ( 24.49999935925006866, -18.71751498975760697, 0.08248564839684249805 ) ) ;
#436 = CARTESIAN_POINT ( 'NONE',  ( 22.79244689366146659, -21.09339363906899933, -10.96396077430907212 ) ) ;
#437 = CARTESIAN_POINT ( 'NONE',  ( 21.52553237025386323, -20.61657325108962979, -10.80672251047500154 ) ) ;
#438 = CIRCLE ( 'NONE', #2731, 1.600000000000000755 ) ;
#439 = CARTESIAN_POINT ( 'NONE',  ( 21.90764107161433927, -3.543150642400239470, -10.77709318465805310 ) ) ;
#440 = CARTESIAN_POINT ( 'NONE',  ( 38.50000001490116119, -12.00000033713877201, 6.799999838322402290 ) ) ;
#441 = CARTESIAN_POINT ( 'NONE',  ( 24.27614397797855972, -20.26155960705414216, -9.051779258547012930 ) ) ;
#442 = CARTESIAN_POINT ( 'NONE',  ( 24.61398180766913768, -2.861084291796131662, -9.730306095091972196 ) ) ;
#443 = ORIENTED_EDGE ( 'NONE', *, *, #3067, .F. ) ;
#444 = ADVANCED_FACE ( 'NONE', ( #2602 ), #3132, .F. ) ;
#445 = LINE ( 'NONE', #1558, #2755 ) ;
#446 = ORIENTED_EDGE ( 'NONE', *, *, #2187, .T. ) ;
#447 = CARTESIAN_POINT ( 'NONE',  ( 24.49999935925006866, -4.195216025648363711, 21.40000018477439880 ) ) ;
#448 = DIRECTION ( 'NONE',  ( 0.000000000000000000, 0.000000000000000000, -1.000000000000000000 ) ) ;
#449 = CARTESIAN_POINT ( 'NONE',  ( 22.73828220133086120, -4.055877151130287572, 24.13294268660614961 ) ) ;
#450 = FACE_OUTER_BOUND ( 'NONE', #325, .T. ) ;
#451 = CARTESIAN_POINT ( 'NONE',  ( 24.86541732439384944, -2.711480797743553328, 23.43717660447553897 ) ) ;
#452 = LINE ( 'NONE', #1565, #1922 ) ;
#453 = CARTESIAN_POINT ( 'NONE',  ( 24.97291491754103276, -2.650187028645555554, 23.29166241793825520 ) ) ;
#454 = CARTESIAN_POINT ( 'NONE',  ( 23.18693766971210835, -21.02214005259136442, -10.83115323028929211 ) ) ;
#455 = DIRECTION ( 'NONE',  ( 0.000000000000000000, 0.000000000000000000, 1.000000000000000000 ) ) ;
#456 = ADVANCED_FACE ( 'NONE', ( #1986 ), #1707, .T. ) ;
#457 = CARTESIAN_POINT ( 'NONE',  ( 22.32465831649188459, -3.658211269092839668, -10.70318848348607332 ) ) ;
#458 = CARTESIAN_POINT ( 'NONE',  ( -23.42702945377912016, -3.499999944120646411, 28.40000018477439880 ) ) ;
#459 = CARTESIAN_POINT ( 'NONE',  ( 21.52552282124765526, -3.383446620377187575, -10.80672025765358590 ) ) ;
#460 = CARTESIAN_POINT ( 'NONE',  ( 24.18423833923191779, -20.24867584337724224, -9.260266772313386241 ) ) ;
#461 = CARTESIAN_POINT ( 'NONE',  ( 24.47769838320273550, -3.714279404520751005, -8.194552525534172460 ) ) ;
#462 = ORIENTED_EDGE ( 'NONE', *, *, #3112, .T. ) ;
#463 = DIRECTION ( 'NONE',  ( -1.000000000000000000, 0.000000000000000000, 0.000000000000000000 ) ) ;
#464 = AXIS2_PLACEMENT_3D ( 'NONE', #3010, #1070, #1568 ) ;
#465 = EDGE_CURVE ( 'NONE', #2450, #1469, #1434, .T. ) ;
#466 = AXIS2_PLACEMENT_3D ( 'NONE', #3330, #2768, #1333 ) ;
#467 = ORIENTED_EDGE ( 'NONE', *, *, #3553, .F. ) ;
#468 = CARTESIAN_POINT ( 'NONE',  ( 24.50018835400496187, -20.51842781817623163, 21.56725850344698614 ) ) ;
#469 = ADVANCED_FACE ( 'NONE', ( #1437, #82 ), #1121, .T. ) ;
#470 = CIRCLE ( 'NONE', #3170, 3.700000000000000178 ) ;
#471 = DIRECTION ( 'NONE',  ( 0.000000000000000000, 0.000000000000000000, 1.000000000000000000 ) ) ;
#472 = CARTESIAN_POINT ( 'NONE',  ( 25.49999935925006866, -2.499999944120645967, -11.80000050812959600 ) ) ;
#473 = CARTESIAN_POINT ( 'NONE',  ( 24.53599032092996879, -3.154801620395281336, 22.13177212399664739 ) ) ;
#474 = EDGE_LOOP ( 'NONE', ( #139, #293 ) ) ;
#475 = ADVANCED_FACE ( 'NONE', ( #1161 ), #2045, .F. ) ;
#476 = CARTESIAN_POINT ( 'NONE',  ( 24.61018135228377801, -20.95634166285648803, 21.83808800867855382 ) ) ;
#477 = LINE ( 'NONE', #494, #2015 ) ;
#478 = CARTESIAN_POINT ( 'NONE',  ( 22.83665591214287360, -20.25812398202811337, -10.53936363404382703 ) ) ;
#479 = CARTESIAN_POINT ( 'NONE',  ( 28.50000001490116119, -20.50000073015689850, -13.80000050812959778 ) ) ;
#480 = CARTESIAN_POINT ( 'NONE',  ( 22.59411689719616589, -2.859468603558615651, -11.01846926571378305 ) ) ;
#481 = CARTESIAN_POINT ( 'NONE',  ( 24.44616221907304165, -21.10995295684686823, -10.74616336794739979 ) ) ;
#482 = CARTESIAN_POINT ( 'NONE',  ( 22.06464474155136202, -2.987338359856567038, -10.94130324560564738 ) ) ;
#483 = CARTESIAN_POINT ( 'NONE',  ( 24.30807972955051355, -19.94798153527857565, -8.856885595395723954 ) ) ;
#484 = CARTESIAN_POINT ( 'NONE',  ( 24.49999935925006866, -3.963477331805790982, -7.800000508129596888 ) ) ;
#485 = AXIS2_PLACEMENT_3D ( 'NONE', #3495, #708, #1329 ) ;
#486 = EDGE_LOOP ( 'NONE', ( #3635, #2814, #101, #2568 ) ) ;
#487 = CARTESIAN_POINT ( 'NONE',  ( 24.78442132928594788, -21.19859056956690679, -8.934351700756934633 ) ) ;
#488 = EDGE_LOOP ( 'NONE', ( #3347, #3171, #1095, #2545, #1832, #1941 ) ) ;
#489 = CARTESIAN_POINT ( 'NONE',  ( 24.74696277206005490, -21.17398754310414333, 22.38785383601436152 ) ) ;
#490 = LINE ( 'NONE', #3227, #598 ) ;
#491 = FACE_OUTER_BOUND ( 'NONE', #1102, .T. ) ;
#492 = CARTESIAN_POINT ( 'NONE',  ( 24.97291491754103276, -2.650187028645555554, 23.29166241793825520 ) ) ;
#493 = LINE ( 'NONE', #812, #989 ) ;
#494 = CARTESIAN_POINT ( 'NONE',  ( 28.50000001490116119, -21.50000073015689850, 16.01530611515045166 ) ) ;
#495 = CARTESIAN_POINT ( 'NONE',  ( 22.84279228531536887, -20.26844918012229257, -10.53926017670098503 ) ) ;
#496 = CARTESIAN_POINT ( 'NONE',  ( 28.50000001490116119, -12.00000033713877201, 3.799999838322400514 ) ) ;
#497 = CIRCLE ( 'NONE', #2542, 9.500000000000000000 ) ;
#498 = CARTESIAN_POINT ( 'NONE',  ( 24.79363612443874132, -21.48867334089455028, -11.62340969951182146 ) ) ;
#499 = CARTESIAN_POINT ( 'NONE',  ( 22.13151223861926553, -2.960664484935767948, -10.95789627046671733 ) ) ;
#500 = CARTESIAN_POINT ( 'NONE',  ( 24.29362282030402298, -20.27826559721619049, -9.011359533515433284 ) ) ;
#501 = EDGE_CURVE ( 'NONE', #831, #1540, #61, .T. ) ;
#502 = AXIS2_PLACEMENT_3D ( 'NONE', #2975, #1039, #1280 ) ;
#503 = CARTESIAN_POINT ( 'NONE',  ( 24.07606757009347476, -4.059650534830396396, -9.344165757480832113 ) ) ;
#504 = DIRECTION ( 'NONE',  ( 1.000000000000000000, 0.000000000000000000, -1.301042606982605518E-15 ) ) ;
#505 = CIRCLE ( 'NONE', #2254, 1.000000000000000000 ) ;
#506 = ORIENTED_EDGE ( 'NONE', *, *, #1794, .F. ) ;
#507 = CARTESIAN_POINT ( 'NONE',  ( 24.40386802363600438, -19.80478464862918386, 22.17782705665561238 ) ) ;
#508 = CARTESIAN_POINT ( 'NONE',  ( 23.65302862326444355, -21.11177404293243498, 24.39524885813376187 ) ) ;
#509 = DIRECTION ( 'NONE',  ( 1.000000000000000000, 0.000000000000000000, 0.000000000000000000 ) ) ;
#510 = DIRECTION ( 'NONE',  ( -1.000000000000000000, -0.000000000000000000, -0.000000000000000000 ) ) ;
#511 = EDGE_CURVE ( 'NONE', #2866, #311, #964, .T. ) ;
#512 = ORIENTED_EDGE ( 'NONE', *, *, #3563, .F. ) ;
#513 = CARTESIAN_POINT ( 'NONE',  ( 24.52444688876205348, -20.72012416068062279, 21.49319083476171244 ) ) ;
#514 = CARTESIAN_POINT ( 'NONE',  ( 23.98521124008379957, -21.17063945637496403, -10.79049667553257663 ) ) ;
#515 = CARTESIAN_POINT ( 'NONE',  ( -3.000000189989804333, -12.00000002686130429, -14.80000050812959600 ) ) ;
#516 = DIRECTION ( 'NONE',  ( 0.000000000000000000, 0.000000000000000000, -1.000000000000000000 ) ) ;
#517 = CARTESIAN_POINT ( 'NONE',  ( -4.000000189989798116, -11.99999994412064730, -11.80000050812959600 ) ) ;
#518 = CARTESIAN_POINT ( 'NONE',  ( 24.54775302441226259, -21.03104675090106923, -9.437627471585324557 ) ) ;
#519 = CARTESIAN_POINT ( 'NONE',  ( 24.07120680752121800, -3.906059526576914021, -9.385028489400834673 ) ) ;
#520 = CARTESIAN_POINT ( 'NONE',  ( 24.75011045464772508, -2.499999944120645967, 25.21252795862381291 ) ) ;
#521 = ORIENTED_EDGE ( 'NONE', *, *, #27, .F. ) ;
#522 = CARTESIAN_POINT ( 'NONE',  ( 24.23770283028895989, -20.48575676978991211, 22.87431353674313428 ) ) ;
#523 = CARTESIAN_POINT ( 'NONE',  ( 22.82945297835405540, -19.94335363784120929, 24.09649906607271319 ) ) ;
#524 = AXIS2_PLACEMENT_3D ( 'NONE', #1993, #588, #3086 ) ;
#525 = CIRCLE ( 'NONE', #2876, 3.000000000000001332 ) ;
#526 = DIRECTION ( 'NONE',  ( 0.000000000000000000, 0.000000000000000000, -1.000000000000000000 ) ) ;
#527 = CARTESIAN_POINT ( 'NONE',  ( 24.86210555842950498, -2.729648660288015893, -9.246453642555652053 ) ) ;
#528 = CIRCLE ( 'NONE', #1346, 1.599999999999999867 ) ;
#529 = CARTESIAN_POINT ( 'NONE',  ( 24.55837628123538252, -20.83671409269052788, 21.62758393943293811 ) ) ;
#530 = CARTESIAN_POINT ( 'NONE',  ( 25.41383269360580499, -2.499999944120645523, 25.05533352219564591 ) ) ;
#531 = DIRECTION ( 'NONE',  ( 1.000000000000000000, 0.000000000000000000, 0.000000000000000000 ) ) ;
#532 = CARTESIAN_POINT ( 'NONE',  ( 24.63734000738483587, -21.26013109011924840, -10.93734115626302028 ) ) ;
#533 = CARTESIAN_POINT ( 'NONE',  ( 24.07606757009347120, -19.80478464862918386, 22.94416543412563314 ) ) ;
#534 = CARTESIAN_POINT ( 'NONE',  ( 24.49999935925006511, -20.34685542047118290, -7.800000508129596888 ) ) ;
#535 = CARTESIAN_POINT ( 'NONE',  ( 24.23294186108182657, -4.055877151130290237, -9.038283350210390310 ) ) ;
#536 = CARTESIAN_POINT ( 'NONE',  ( 5.492878659388874318, -12.00014003230332449, 26.40000018477439880 ) ) ;
#537 = CARTESIAN_POINT ( 'NONE',  ( 24.49999935925006156, -20.34299939119293654, 21.58180236732914992 ) ) ;
#538 = CARTESIAN_POINT ( 'NONE',  ( 23.62712917821785652, -21.11558971900403492, 24.41147760957427337 ) ) ;
#539 = CARTESIAN_POINT ( 'NONE',  ( 38.50000001490116119, -5.282485684519935276, -1.517514351603157285 ) ) ;
#540 = VERTEX_POINT ( 'NONE', #2932 ) ;
#541 = CYLINDRICAL_SURFACE ( 'NONE', #54, 4.200000000000000178 ) ;
#542 = FACE_OUTER_BOUND ( 'NONE', #2908, .T. ) ;
#543 = CARTESIAN_POINT ( 'NONE',  ( 25.31252713309948632, -2.499999944120645967, -11.05011160352728616 ) ) ;
#544 = CARTESIAN_POINT ( 'NONE',  ( 5.499999810010193002, -12.00000073015689850, 28.40000018477439880 ) ) ;
#545 = ORIENTED_EDGE ( 'NONE', *, *, #978, .F. ) ;
#546 = CARTESIAN_POINT ( 'NONE',  ( 23.25192722087914277, -2.671854095557216535, 24.83798215018166289 ) ) ;
#547 = CARTESIAN_POINT ( 'NONE',  ( 24.78442132929886199, -2.801410104697473535, 22.53435137744577332 ) ) ;
#548 = CARTESIAN_POINT ( 'NONE',  ( 24.86541732439387786, -21.28851987653401423, -9.837176927830855178 ) ) ;
#549 = CARTESIAN_POINT ( 'NONE',  ( 24.23770283028894923, -3.514243904487572401, -9.274313860098359896 ) ) ;
#550 = CIRCLE ( 'NONE', #3596, 1.600000000000000755 ) ;
#551 = VERTEX_POINT ( 'NONE', #447 ) ;
#552 = CARTESIAN_POINT ( 'NONE',  ( 24.34941624195128185, -21.08426534895181348, 23.74878662617667757 ) ) ;
#553 = AXIS2_PLACEMENT_3D ( 'NONE', #2620, #673, #1497 ) ;
#554 = CIRCLE ( 'NONE', #2905, 9.500000000000000000 ) ;
#555 = CARTESIAN_POINT ( 'NONE',  ( 22.96026562343385535, -20.24867584337722803, 24.08423916475626569 ) ) ;
#556 = DIRECTION ( 'NONE',  ( -1.000000000000000000, 0.000000000000000000, 0.000000000000000000 ) ) ;
#557 = ORIENTED_EDGE ( 'NONE', *, *, #2020, .T. ) ;
#558 = CARTESIAN_POINT ( 'NONE',  ( 24.66329520505592043, -2.952319933519533812, -8.453182392408191248 ) ) ;
#559 = ORIENTED_EDGE ( 'NONE', *, *, #2370, .T. ) ;
#560 = CARTESIAN_POINT ( 'NONE',  ( 21.90843556923659463, -3.539438813956140351, 24.37713895837013212 ) ) ;
#561 = CARTESIAN_POINT ( 'NONE',  ( 24.07613089744739909, -2.560880538736864498, 25.04403306923890682 ) ) ;
#562 = CARTESIAN_POINT ( 'NONE',  ( 28.50000001490116119, -2.499999944120645523, -13.80000050812960133 ) ) ;
#563 = ORIENTED_EDGE ( 'NONE', *, *, #2072, .F. ) ;
#564 = CARTESIAN_POINT ( 'NONE',  ( 24.49999935925007222, -19.80478464862917676, -8.192699589828320583 ) ) ;
#565 = CARTESIAN_POINT ( 'NONE',  ( 21.49999935925006511, -3.731738637963233796, -10.80000050812959600 ) ) ;
#566 = CARTESIAN_POINT ( 'NONE',  ( 24.47769838320271774, -20.28572126975672774, -8.194552525534204435 ) ) ;
#567 = PRODUCT ( 'MOTOR MOUNT FRONT', 'MOTOR MOUNT FRONT', '', ( #2771 ) ) ;
#568 = EDGE_CURVE ( 'NONE', #3239, #758, #1785, .T. ) ;
#569 = EDGE_CURVE ( 'NONE', #2450, #1491, #1508, .T. ) ;
#570 = CARTESIAN_POINT ( 'NONE',  ( 23.98686067302057268, -3.359325815094117651, -9.878902192818653560 ) ) ;
#571 = DIRECTION ( 'NONE',  ( -0.1111111111111108690, -0.9938079899999066047, 0.000000000000000000 ) ) ;
#572 = ORIENTED_EDGE ( 'NONE', *, *, #3181, .T. ) ;
#573 = CARTESIAN_POINT ( 'NONE',  ( 23.79328872064830591, -20.21110488339363798, 23.43026712726460303 ) ) ;
#574 = CARTESIAN_POINT ( 'NONE',  ( 23.32986376038052256, -19.93672092183668809, 23.78517032552726818 ) ) ;
#575 = EDGE_CURVE ( 'NONE', #3461, #551, #2084, .T. ) ;
#576 = DIRECTION ( 'NONE',  ( -1.000000000000000000, 0.000000000000000000, 0.000000000000000000 ) ) ;
#577 = ORIENTED_EDGE ( 'NONE', *, *, #3241, .F. ) ;
#578 = EDGE_CURVE ( 'NONE', #1397, #706, #3224, .T. ) ;
#579 = CARTESIAN_POINT ( 'NONE',  ( 24.55322289512163891, -3.178048422943810181, -8.006872617020292182 ) ) ;
#580 = ORIENTED_EDGE ( 'NONE', *, *, #951, .F. ) ;
#581 = CARTESIAN_POINT ( 'NONE',  ( 22.39162709776250892, -3.658923282110950304, 24.29251167355633712 ) ) ;
#582 = FACE_OUTER_BOUND ( 'NONE', #1754, .T. ) ;
#583 = DIRECTION ( 'NONE',  ( 0.000000000000000000, 0.000000000000000000, 1.000000000000000000 ) ) ;
#584 = CARTESIAN_POINT ( 'NONE',  ( 23.88945164396880827, -3.919980307403666764, 23.25432057916896511 ) ) ;
#585 = AXIS2_PLACEMENT_3D ( 'NONE', #1173, #3393, #3124 ) ;
#586 = VERTEX_POINT ( 'NONE', #2618 ) ;
#587 = DIRECTION ( 'NONE',  ( 0.000000000000000000, 0.000000000000000000, -1.000000000000000000 ) ) ;
#588 = DIRECTION ( 'NONE',  ( 1.000000000000000000, 0.000000000000000000, -0.000000000000000000 ) ) ;
#589 = CARTESIAN_POINT ( 'NONE',  ( 24.97291491754106829, -21.34981364563200756, -9.691662741293590955 ) ) ;
#590 = CARTESIAN_POINT ( 'NONE',  ( 24.08008702468118045, -3.049864768542062343, -10.20305452741895813 ) ) ;
#591 = CARTESIAN_POINT ( 'NONE',  ( 21.50139781447595055, -20.52672924424010503, -10.80035012193606825 ) ) ;
#592 = CARTESIAN_POINT ( 'NONE',  ( 24.14550766848743990, -20.47582341728071498, 23.05802486792597605 ) ) ;
#593 = CARTESIAN_POINT ( 'NONE',  ( 22.66790189282952639, -20.74850652516385097, 24.33425581355917799 ) ) ;
#594 = LINE ( 'NONE', #1636, #3077 ) ;
#595 = ORIENTED_EDGE ( 'NONE', *, *, #603, .T. ) ;
#596 = FACE_BOUND ( 'NONE', #3603, .T. ) ;
#597 = ORIENTED_EDGE ( 'NONE', *, *, #1227, .T. ) ;
#598 = VECTOR ( 'NONE', #1582, 1000.000000000000000 ) ;
#599 = CARTESIAN_POINT ( 'NONE',  ( 22.63131191629117822, -3.720260407221834598, 24.23111864704440777 ) ) ;
#600 = CYLINDRICAL_SURFACE ( 'NONE', #1075, 1.600000000000000755 ) ;
#601 = DIRECTION ( 'NONE',  ( -0.000000000000000000, -0.000000000000000000, 1.000000000000000000 ) ) ;
#602 = CARTESIAN_POINT ( 'NONE',  ( 23.79328872828283892, -3.788895779017164678, 23.43026713489913959 ) ) ;
#603 = EDGE_CURVE ( 'NONE', #954, #2010, #410, .T. ) ;
#604 = ORIENTED_EDGE ( 'NONE', *, *, #304, .F. ) ;
#605 = CARTESIAN_POINT ( 'NONE',  ( 21.49999935925006866, -19.80478464862917676, -10.80000050812959778 ) ) ;
#606 = CARTESIAN_POINT ( 'NONE',  ( 25.49999935925006866, -20.50000073015689850, 0.000000000000000000 ) ) ;
#607 = DIRECTION ( 'NONE',  ( -0.000000000000000000, -0.000000000000000000, -1.000000000000000000 ) ) ;
#608 = EDGE_CURVE ( 'NONE', #2305, #3328, #205, .T. ) ;
#609 = CARTESIAN_POINT ( 'NONE',  ( 23.12034289968828915, -3.744441184804888856, -10.40125326910640347 ) ) ;
#610 = DIRECTION ( 'NONE',  ( -1.000000000000000000, 0.000000000000000000, 0.000000000000000000 ) ) ;
#611 = ORIENTED_EDGE ( 'NONE', *, *, #2941, .T. ) ;
#612 = CARTESIAN_POINT ( 'NONE',  ( 23.79676920758176450, -20.23107012066570221, 23.43513661174746687 ) ) ;
#613 = CARTESIAN_POINT ( 'NONE',  ( 23.18652564551411643, -20.66988328605179248, -10.53996497349275074 ) ) ;
#614 = EDGE_CURVE ( 'NONE', #2504, #991, #1516, .T. ) ;
#615 = CARTESIAN_POINT ( 'NONE',  ( 21.89455137665470730, -20.28572126975680590, 24.37769920872704787 ) ) ;
#616 = AXIS2_PLACEMENT_3D ( 'NONE', #1330, #824, #576 ) ;
#617 = EDGE_LOOP ( 'NONE', ( #2226, #2495, #2283, #611, #2725, #2430, #2966 ) ) ;
#618 = FACE_OUTER_BOUND ( 'NONE', #1963, .T. ) ;
#619 = ORIENTED_EDGE ( 'NONE', *, *, #32, .T. ) ;
#620 = CARTESIAN_POINT ( 'NONE',  ( 21.49999935925006866, -4.195216025648363711, 24.40000018477439880 ) ) ;
#621 = CARTESIAN_POINT ( 'NONE',  ( 5.499999810010193002, -11.99999994412064730, 27.40000018477439880 ) ) ;
#622 = CARTESIAN_POINT ( 'NONE',  ( -4.000000189989805222, -11.99999994412064730, 25.40000018477439880 ) ) ;
#623 = CARTESIAN_POINT ( 'NONE',  ( 24.18412501740436582, -3.730779824011588808, 22.87171418020772151 ) ) ;
#624 = ORIENTED_EDGE ( 'NONE', *, *, #2245, .T. ) ;
#625 = CARTESIAN_POINT ( 'NONE',  ( 23.39166159241392506, -2.650187028645555554, 24.87291574306536290 ) ) ;
#626 = CARTESIAN_POINT ( 'NONE',  ( 38.50000001490116119, -5.282485915866560688, 11.91751425959459176 ) ) ;
#627 = ADVANCED_FACE ( 'NONE', ( #2390 ), #2079, .T. ) ;
#628 = DIRECTION ( 'NONE',  ( -1.000000000000000000, 0.000000000000000000, 0.000000000000000000 ) ) ;
#629 =( BOUNDED_SURFACE ( )  B_SPLINE_SURFACE ( 3, 2, ( 
 ( #2364, #2106, #1792 ),
 ( #2332, #647, #92 ),
 ( #3519, #2350, #1757 ),
 ( #418, #1809, #1533 ),
 ( #1210, #2888, #1552 ),
 ( #370, #126, #3450 ) ),
 .UNSPECIFIED., .F., .F., .T. ) 
 B_SPLINE_SURFACE_WITH_KNOTS ( ( 4, 2, 4 ),
 ( 3, 3 ),
 ( 0.5909063769761397911, 0.7954531884880698955, 1.000000000000000000 ),
 ( 0.000000000000000000, 1.000000000000000000 ),
 .UNSPECIFIED. ) 
 GEOMETRIC_REPRESENTATION_ITEM ( )  RATIONAL_B_SPLINE_SURFACE ( (
 ( 1.000000000000000000, 0.9279498885468635550, 1.000000000000000000),
 ( 1.000000000000000000, 0.9513940564677042522, 1.000000000000000000),
 ( 1.000000000000000000, 0.9699554205547646912, 1.000000000000000000),
 ( 1.000000000000000000, 0.9942724248620191663, 1.000000000000000000),
 ( 1.000000000000000000, 1.000060686411483601, 1.000000000000000000),
 ( 1.000000000000000000, 1.000000000000000000, 1.000000000000000000) ) ) 
 REPRESENTATION_ITEM ( '' )  SURFACE ( )  );
#630 = CARTESIAN_POINT ( 'NONE',  ( 22.96974756650361726, -3.734261383062435158, -10.48413768164590465 ) ) ;
#631 = CARTESIAN_POINT ( 'NONE',  ( 23.10852890298571083, -21.19252219833966322, -11.04234015109234512 ) ) ;
#632 = ORIENTED_EDGE ( 'NONE', *, *, #1763, .T. ) ;
#633 = CARTESIAN_POINT ( 'NONE',  ( 24.46393580354451913, -21.10423397392800737, 23.59557841442874704 ) ) ;
#634 = CARTESIAN_POINT ( 'NONE',  ( 23.53026630174026934, -20.21110488339363798, -10.09328986952782969 ) ) ;
#635 = CARTESIAN_POINT ( 'NONE',  ( 23.10852890298562556, -21.19252219833963835, 24.64233982773711062 ) ) ;
#636 = VERTEX_POINT ( 'NONE', #1524 ) ;
#637 = ORIENTED_EDGE ( 'NONE', *, *, #2806, .T. ) ;
#638 = CARTESIAN_POINT ( 'NONE',  ( 24.51238400565012299, -3.342515093637929091, -7.846881929183867399 ) ) ;
#639 = EDGE_LOOP ( 'NONE', ( #2323, #424, #68, #2224, #2341, #2077, #1580 ) ) ;
#640 = CARTESIAN_POINT ( 'NONE',  ( 22.79244689366140975, -2.906607035208531808, 24.56396045095384650 ) ) ;
#641 = FACE_OUTER_BOUND ( 'NONE', #2004, .T. ) ;
#642 = DIRECTION ( 'NONE',  ( -0.000000000000000000, -0.000000000000000000, 1.000000000000000000 ) ) ;
#643 = CARTESIAN_POINT ( 'NONE',  ( 24.18574242957960152, -3.895542270408958618, 22.78243958884274534 ) ) ;
#644 = ORIENTED_EDGE ( 'NONE', *, *, #2525, .F. ) ;
#645 = CIRCLE ( 'NONE', #2930, 1.600000000000000755 ) ;
#646 = CARTESIAN_POINT ( 'NONE',  ( 21.49999935925006866, -3.499999944120646411, 24.40000018477439880 ) ) ;
#647 = CARTESIAN_POINT ( 'NONE',  ( 24.44616221907078923, -21.10995295684467976, 24.34616304459511937 ) ) ;
#648 = CIRCLE ( 'NONE', #902, 9.500000000000000000 ) ;
#649 = CARTESIAN_POINT ( 'NONE',  ( 23.11548147291878053, -3.754616924096194186, -10.40093180837975417 ) ) ;
#650 = DIRECTION ( 'NONE',  ( 1.000000000000000000, 0.000000000000000000, 0.000000000000000000 ) ) ;
#651 = ORIENTED_EDGE ( 'NONE', *, *, #1984, .T. ) ;
#652 = CARTESIAN_POINT ( 'NONE',  ( 23.53428989130376436, -20.22766656992976664, 23.69616455703301838 ) ) ;
#653 = CARTESIAN_POINT ( 'NONE',  ( 23.48247961099226444, -19.93505828330303231, -10.06016094350668943 ) ) ;
#654 = CARTESIAN_POINT ( 'NONE',  ( 22.22968485407192318, -19.97430939571867015, 24.31344520454974401 ) ) ;
#655 = ORIENTED_EDGE ( 'NONE', *, *, #1875, .F. ) ;
#656 = ORIENTED_EDGE ( 'NONE', *, *, #2688, .F. ) ;
#657 = CARTESIAN_POINT ( 'NONE',  ( 24.50672136159594316, -3.383427423183902327, -7.825533519139317384 ) ) ;
#658 = CARTESIAN_POINT ( 'NONE',  ( 23.38223924747423510, -3.001842481437138943, 24.35297832281707642 ) ) ;
#659 = DIRECTION ( 'NONE',  ( 0.000000000000000000, 0.000000000000000000, 1.000000000000000000 ) ) ;
#660 = CARTESIAN_POINT ( 'NONE',  ( 23.90606643734216519, -3.773512489781593260, 23.29937648409635642 ) ) ;
#661 = CARTESIAN_POINT ( 'NONE',  ( 28.50000001490116119, -5.282485684519935276, -1.517514351603157285 ) ) ;
#662 = DIRECTION ( 'NONE',  ( 0.000000000000000000, 0.000000000000000000, -1.000000000000000000 ) ) ;
#663 = CARTESIAN_POINT ( 'NONE',  ( 23.66392039849362661, -2.754715378194808384, -11.06548949077858168 ) ) ;
#664 = DIRECTION ( 'NONE',  ( 0.000000000000000000, 0.000000000000000000, -1.000000000000000000 ) ) ;
#665 = DIRECTION ( 'NONE',  ( 0.000000000000000000, 0.000000000000000000, -1.000000000000000000 ) ) ;
#666 = VERTEX_POINT ( 'NONE', #1012 ) ;
#667 = CARTESIAN_POINT ( 'NONE',  ( 23.04416460860131721, -19.80478464862917676, -10.37606871897300920 ) ) ;
#668 = CARTESIAN_POINT ( 'NONE',  ( 21.68957977679977134, -20.75456678378195363, 24.40669229190885403 ) ) ;
#669 = ORIENTED_EDGE ( 'NONE', *, *, #999, .F. ) ;
#670 = EDGE_LOOP ( 'NONE', ( #3473, #1139, #1217, #2601, #3389, #3114 ) ) ;
#671 = CARTESIAN_POINT ( 'NONE',  ( 24.49999935925007222, -4.195216025648363711, 21.79269926647312516 ) ) ;
#672 = CARTESIAN_POINT ( 'NONE',  ( 23.25559721453398510, -3.532471930814830241, 23.98696467483460282 ) ) ;
#673 = DIRECTION ( 'NONE',  ( 0.000000000000000000, 0.000000000000000000, -1.000000000000000000 ) ) ;
#674 = CARTESIAN_POINT ( 'NONE',  ( 24.36059146983456003, -3.687688062095956010, 22.41262693189068145 ) ) ;
#675 = VECTOR ( 'NONE', #1933, 1000.000000000000000 ) ;
#676 = AXIS2_PLACEMENT_3D ( 'NONE', #2741, #3049, #1884 ) ;
#677 = CARTESIAN_POINT ( 'NONE',  ( 21.49999935925006866, -53.14606569351082754, -7.800000508129596888 ) ) ;
#678 = CARTESIAN_POINT ( 'NONE',  ( 21.60229502864978457, -20.73244427853448357, 24.42682959753852501 ) ) ;
#679 = VECTOR ( 'NONE', #685, 1000.000000000000000 ) ;
#680 = LINE ( 'NONE', #3234, #1283 ) ;
#681 = CARTESIAN_POINT ( 'NONE',  ( 22.61447221820223064, -3.885835421721806515, -10.59670967713722867 ) ) ;
#682 = CARTESIAN_POINT ( 'NONE',  ( 21.83509500518011492, -3.096466408007688020, -10.88491547627628542 ) ) ;
#683 = CARTESIAN_POINT ( 'NONE',  ( 23.15096824612541937, -20.24302180447068622, -10.37657378060997893 ) ) ;
#684 = EDGE_CURVE ( 'NONE', #2330, #3205, #2616, .T. ) ;
#685 = DIRECTION ( 'NONE',  ( -0.000000000000000000, -0.000000000000000000, 1.000000000000000000 ) ) ;
#686 = EDGE_LOOP ( 'NONE', ( #1080, #2270, #821, #3404 ) ) ;
#687 = ORIENTED_EDGE ( 'NONE', *, *, #1088, .F. ) ;
#688 = CARTESIAN_POINT ( 'NONE',  ( 25.18770404720855893, -2.539229186089595913, 15.71640095820470506 ) ) ;
#689 = CIRCLE ( 'NONE', #1100, 8.500000000000000000 ) ;
#690 = CARTESIAN_POINT ( 'NONE',  ( 24.54368658948275339, -20.79241225201635146, -7.968805313063407780 ) ) ;
#691 = ADVANCED_FACE ( 'NONE', ( #2062 ), #855, .F. ) ;
#692 = CARTESIAN_POINT ( 'NONE',  ( 23.35431975364465274, -3.919980307403666764, 23.78945246949312775 ) ) ;
#693 = ADVANCED_FACE ( 'NONE', ( #3130 ), #2629, .T. ) ;
#694 = DIRECTION ( 'NONE',  ( -1.000000000000000000, -0.000000000000000000, -0.000000000000000000 ) ) ;
#695 = CARTESIAN_POINT ( 'NONE',  ( 24.57762889302540188, -2.868318836497517843, 23.40959469303515661 ) ) ;
#696 = CARTESIAN_POINT ( 'NONE',  ( 21.50126300366971321, -20.52915186757807930, 24.40031518167160840 ) ) ;
#697 = CARTESIAN_POINT ( 'NONE',  ( 21.62619350809048768, -20.75667870325484188, -10.83293824998445665 ) ) ;
#698 = VECTOR ( 'NONE', #531, 1000.000000000000000 ) ;
#699 = CARTESIAN_POINT ( 'NONE',  ( 22.75818337276225733, -3.728051250195106192, -10.57600549888940478 ) ) ;
#700 = DIRECTION ( 'NONE',  ( -0.000000000000000000, -0.000000000000000000, -1.000000000000000000 ) ) ;
#701 = AXIS2_PLACEMENT_3D ( 'NONE', #3240, #1309, #721 ) ;
#702 = CARTESIAN_POINT ( 'NONE',  ( 24.19649824054838305, -19.80478464862917676, -9.129454127233580962 ) ) ;
#703 = FACE_OUTER_BOUND ( 'NONE', #3020, .T. ) ;
#704 = ORIENTED_EDGE ( 'NONE', *, *, #501, .T. ) ;
#705 = CARTESIAN_POINT ( 'NONE',  ( 24.97291491754106829, -21.34981364563200756, -9.691662741293590955 ) ) ;
#706 = VERTEX_POINT ( 'NONE', #423 ) ;
#707 = CARTESIAN_POINT ( 'NONE',  ( 24.49999935925006866, -19.80478464862918386, 21.40000018477439880 ) ) ;
#708 = DIRECTION ( 'NONE',  ( -1.000000000000000000, -0.000000000000000000, -0.000000000000000000 ) ) ;
#709 = CARTESIAN_POINT ( 'NONE',  ( 23.47212981937767040, -3.550833395006558035, 23.83413729372005108 ) ) ;
#710 = CARTESIAN_POINT ( 'NONE',  ( 0.000000000000000000, -20.50000073015689850, 25.40000018477439880 ) ) ;
#711 = CARTESIAN_POINT ( 'NONE',  ( 24.50027257554125271, -3.477763403497971861, 21.56753156617191536 ) ) ;
#712 = DIRECTION ( 'NONE',  ( 0.000000000000000000, 0.000000000000000000, 1.000000000000000000 ) ) ;
#713 = CARTESIAN_POINT ( 'NONE',  ( 22.11921878790593965, -21.03453532566690853, 24.55483782581155694 ) ) ;
#714 = CARTESIAN_POINT ( 'NONE',  ( 21.96523042444337648, -20.96924321746329767, -10.91683755359239960 ) ) ;
#715 = EDGE_CURVE ( 'NONE', #1170, #551, #181, .T. ) ;
#716 = CARTESIAN_POINT ( 'NONE',  ( 23.28434319299244137, -2.989137454263164351, -10.79134358684306783 ) ) ;
#717 = CARTESIAN_POINT ( 'NONE',  ( 24.82569804571217986, -21.24886410884457533, -2.336523483173214455 ) ) ;
#718 = CARTESIAN_POINT ( 'NONE',  ( 24.29042288584281550, -19.80478464862917676, -8.902699974722688481 ) ) ;
#719 = CARTESIAN_POINT ( 'NONE',  ( 24.39251084803200698, -3.658923282110947639, -8.691628246642043365 ) ) ;
#720 = ORIENTED_EDGE ( 'NONE', *, *, #2918, .T. ) ;
#721 = DIRECTION ( 'NONE',  ( 1.000000000000000000, 0.000000000000000000, 0.000000000000000000 ) ) ;
#722 = DIRECTION ( 'NONE',  ( -1.301042606982605321E-15, -0.000000000000000000, -1.000000000000000000 ) ) ;
#723 = CARTESIAN_POINT ( 'NONE',  ( 22.85807529969578056, -2.732924366499407842, -11.13951949324102308 ) ) ;
#724 = CARTESIAN_POINT ( 'NONE',  ( 22.69340048684751210, -4.195216025648363711, 24.15285385324936840 ) ) ;
#725 = CARTESIAN_POINT ( 'NONE',  ( 24.49999935925006866, -4.195216025648363711, -7.800000508129596888 ) ) ;
#726 = CARTESIAN_POINT ( 'NONE',  ( 24.47700583212722591, -3.554075150664751881, 21.80551908198927080 ) ) ;
#727 = EDGE_CURVE ( 'NONE', #149, #3191, #505, .T. ) ;
#728 = ORIENTED_EDGE ( 'NONE', *, *, #952, .F. ) ;
#729 = VECTOR ( 'NONE', #1962, 1000.000000000000000 ) ;
#730 = CARTESIAN_POINT ( 'NONE',  ( 23.68269009822102689, -21.21945523588252058, 24.66274019721410937 ) ) ;
#731 = CARTESIAN_POINT ( 'NONE',  ( 22.46664633433662317, -19.80478464862917676, -10.64677882189900160 ) ) ;
#732 = LINE ( 'NONE', #176, #2753 ) ;
#733 = CARTESIAN_POINT ( 'NONE',  ( 21.89269521465645241, -3.989679090088954716, -10.78048001563083425 ) ) ;
#734 = CARTESIAN_POINT ( 'NONE',  ( 25.49999935925006866, -21.50000073015689850, -11.80000050812959600 ) ) ;
#735 = CARTESIAN_POINT ( 'NONE',  ( 21.49999935925006866, -3.499999944120646411, -10.80000050812959600 ) ) ;
#736 = EDGE_CURVE ( 'NONE', #2204, #2298, #3506, .T. ) ;
#737 = B_SPLINE_CURVE_WITH_KNOTS ( 'NONE', 3,
 ( #235, #2461, #3576, #1591 ),
 .UNSPECIFIED., .F., .F.,
 ( 4, 4 ),
 ( 0.000000000000000000, 1.000000000000000000 ),
 .UNSPECIFIED. ) ;
#738 = CARTESIAN_POINT ( 'NONE',  ( 24.20493803792662746, -20.66509417255696590, -9.558477482144470017 ) ) ;
#739 = CARTESIAN_POINT ( 'NONE',  ( -3.000000189989808774, -12.00000002686130429, 27.40000018477439880 ) ) ;
#740 = ORIENTED_EDGE ( 'NONE', *, *, #1336, .T. ) ;
#741 = CARTESIAN_POINT ( 'NONE',  ( 24.37181542745072349, -20.97979356316806943, 23.41186972614143613 ) ) ;
#742 = ADVANCED_FACE ( 'NONE', ( #703 ), #299, .F. ) ;
#743 = CARTESIAN_POINT ( 'NONE',  ( 24.49999935925006866, -3.499999944120645523, -7.800000508129596888 ) ) ;
#744 = DIRECTION ( 'NONE',  ( 0.000000000000000000, -1.000000000000000000, 0.000000000000000000 ) ) ;
#745 = CARTESIAN_POINT ( 'NONE',  ( 24.50018835400494055, -3.481572856101316393, 21.56725850344699325 ) ) ;
#746 = CARTESIAN_POINT ( 'NONE',  ( 24.55322289512069744, -20.82195225133088101, 21.60687229366132911 ) ) ;
#747 = DIRECTION ( 'NONE',  ( -1.000000000000000000, -0.000000000000000000, -0.000000000000000000 ) ) ;
#748 = CARTESIAN_POINT ( 'NONE',  ( 22.63131191629119598, -20.27974026705574673, -10.63111897039959608 ) ) ;
#749 = PLANE ( 'NONE',  #2872 ) ;
#750 = CARTESIAN_POINT ( 'NONE',  ( 21.68957977679975713, -3.245433890495590390, -10.80669261526404767 ) ) ;
#751 = DIRECTION ( 'NONE',  ( -1.000000000000000000, 0.000000000000000000, 0.000000000000000000 ) ) ;
#752 = CARTESIAN_POINT ( 'NONE',  ( 22.51232654803756006, -2.833857525280036427, -11.05380294227549420 ) ) ;
#753 = CARTESIAN_POINT ( 'NONE',  ( 24.49524803260946371, -21.11177404293244919, -9.953029772144043719 ) ) ;
#754 = CARTESIAN_POINT ( 'NONE',  ( 24.50034897305652493, -3.473271430037450536, -7.801398963355477001 ) ) ;
#755 = ORIENTED_EDGE ( 'NONE', *, *, #1738, .T. ) ;
#756 = CARTESIAN_POINT ( 'NONE',  ( 24.84495539176676360, -21.25858779545551158, -9.176554037100011385 ) ) ;
#757 = ORIENTED_EDGE ( 'NONE', *, *, #1981, .T. ) ;
#758 = VERTEX_POINT ( 'NONE', #1033 ) ;
#759 = CARTESIAN_POINT ( 'NONE',  ( 24.34677767301947426, -19.94892563714811473, 22.36664715986095686 ) ) ;
#760 = AXIS2_PLACEMENT_3D ( 'NONE', #1132, #3323, #504 ) ;
#761 = CARTESIAN_POINT ( 'NONE',  ( 24.51900663753953680, -20.69566545673266234, -7.872115766070992393 ) ) ;
#762 = CARTESIAN_POINT ( 'NONE',  ( -3.000000189989808774, -12.00000002686130429, 24.40000018477439880 ) ) ;
#763 = CARTESIAN_POINT ( 'NONE',  ( 24.50866475613862150, -3.231740113101031486, 21.43466177232861369 ) ) ;
#764 = CARTESIAN_POINT ( 'NONE',  ( 24.55474977078266008, -20.82639485550346592, 21.61300155272252255 ) ) ;
#765 = CARTESIAN_POINT ( 'NONE',  ( 24.75011045464772153, -21.50000073015689850, 25.21252795862381291 ) ) ;
#766 = CARTESIAN_POINT ( 'NONE',  ( 23.15331681237341499, -20.67128329672114262, -10.55714602027568638 ) ) ;
#767 = CYLINDRICAL_SURFACE ( 'NONE', #464, 1.000000000000000888 ) ;
#768 = EDGE_CURVE ( 'NONE', #954, #1397, #2735, .T. ) ;
#769 = CARTESIAN_POINT ( 'NONE',  ( 23.39166159241406362, -21.34981364563200756, -11.27291606642059563 ) ) ;
#770 = DIRECTION ( 'NONE',  ( 1.000000000000000000, 0.000000000000000000, -0.000000000000000000 ) ) ;
#771 = CARTESIAN_POINT ( 'NONE',  ( 24.29388831680488892, -20.26090048933483700, -9.000759486741497284 ) ) ;
#772 = B_SPLINE_CURVE_WITH_KNOTS ( 'NONE', 3,
 ( #2176, #1103, #2209, #527, #3605, #2732, #2225, #1620, #826, #1946, #1637, #3301, #3313, #212, #3074, #558, #1669, #1314, #3552, #1331, #2455, #3026, #2749, #1183, #3383, #2240, #2263, #579, #3364, #2819, #294, #1203, #3115, #638, #361, #657, #1726, #275, #2284, #2025 ),
 .UNSPECIFIED., .F., .F.,
 ( 4, 2, 1, 2, 2, 2, 1, 1, 2, 2, 1, 1, 2, 2, 1, 1, 2, 2, 1, 2, 2, 2, 2, 4 ),
 ( 0.000000000000000000, 0.1249999999999934774, 0.1874999999999906464, 0.2187499999999888145, 0.2499999999999869549, 0.3749999999999839573, 0.4374999999999835132, 0.4687499999999822364, 0.4843749999999822919, 0.4999999999999823475, 0.5624999999999857891, 0.5937499999999867883, 0.6093749999999881206, 0.6249999999999893419, 0.6874999999999907851, 0.7187499999999914513, 0.7343749999999924505, 0.7499999999999933387, 0.8124999999999933387, 0.8437499999999943379, 0.8749999999999954481, 0.9062499999999964473, 0.9374999999999974465, 1.000000000000000000 ),
 .UNSPECIFIED. ) ;
#773 = CARTESIAN_POINT ( 'NONE',  ( 24.14160373166328455, -3.756310573436502320, -9.335656837416429710 ) ) ;
#774 = VECTOR ( 'NONE', #1543, 1000.000000000000000 ) ;
#775 = ORIENTED_EDGE ( 'NONE', *, *, #608, .F. ) ;
#776 = CYLINDRICAL_SURFACE ( 'NONE', #2000, 1.000000000000000888 ) ;
#777 = EDGE_CURVE ( 'NONE', #3456, #3440, #296, .T. ) ;
#778 = VERTEX_POINT ( 'NONE', #1837 ) ;
#779 = CARTESIAN_POINT ( 'NONE',  ( 24.41972136904984225, -20.73469330677547617, 22.63020708897631650 ) ) ;
#780 = CARTESIAN_POINT ( 'NONE',  ( 22.75177810966749803, -20.26155960705417058, 24.17614480350291473 ) ) ;
#781 = DIRECTION ( 'NONE',  ( 0.000000000000000000, 0.000000000000000000, 1.000000000000000000 ) ) ;
#782 = CARTESIAN_POINT ( 'NONE',  ( 24.50672136159796821, -20.61657325111078265, 21.42553319578951587 ) ) ;
#783 = DIRECTION ( 'NONE',  ( -0.000000000000000000, -0.000000000000000000, -1.000000000000000000 ) ) ;
#784 = LINE ( 'NONE', #2442, #3624 ) ;
#785 = CARTESIAN_POINT ( 'NONE',  ( 5.492878659388874318, -12.00014003230332449, -10.80000050812959600 ) ) ;
#786 = CARTESIAN_POINT ( 'NONE',  ( 22.22968485407192318, -19.80478464862918386, 24.31344520454974401 ) ) ;
#787 = CARTESIAN_POINT ( 'NONE',  ( 24.40545581389349650, -20.18568817491019729, -8.564776414885574951 ) ) ;
#788 = CARTESIAN_POINT ( 'NONE',  ( 24.22042962516011855, -3.749266062848219061, -9.174045358409822271 ) ) ;
#789 = CIRCLE ( 'NONE', #2850, 4.200000000000000178 ) ;
#790 = DIRECTION ( 'NONE',  ( 0.000000000000000000, 0.000000000000000000, 1.000000000000000000 ) ) ;
#791 = VECTOR ( 'NONE', #3477, 1000.000000000000000 ) ;
#792 = CARTESIAN_POINT ( 'NONE',  ( 24.50866475613861795, -20.76826056117651120, 21.43466177232860659 ) ) ;
#793 = CARTESIAN_POINT ( 'NONE',  ( 22.61447221820230169, -20.11416525255576815, 24.19670935378204746 ) ) ;
#794 = CARTESIAN_POINT ( 'NONE',  ( 24.49999935925006866, -3.499999944120645523, 21.40000018477439880 ) ) ;
#795 = CARTESIAN_POINT ( 'NONE',  ( 24.97291491754103276, -2.650187028645555554, 23.29166241793825520 ) ) ;
#796 = EDGE_CURVE ( 'NONE', #311, #2093, #2377, .T. ) ;
#797 = CARTESIAN_POINT ( 'NONE',  ( 24.71391382927321700, -21.11837340699177901, 22.25425208908858110 ) ) ;
#798 = CARTESIAN_POINT ( 'NONE',  ( 24.64610577300276262, -21.20595444829849541, -10.10769851834172783 ) ) ;
#799 = DIRECTION ( 'NONE',  ( 1.000000000000000000, 0.000000000000000000, 0.000000000000000000 ) ) ;
#800 = LINE ( 'NONE', #458, #3144 ) ;
#801 = CARTESIAN_POINT ( 'NONE',  ( 23.48247961099226444, -19.80478464862918386, 23.66016062015149046 ) ) ;
#802 = CARTESIAN_POINT ( 'NONE',  ( 24.79881987861482529, -21.23020178066238017, -9.246447815734420317 ) ) ;
#803 = CARTESIAN_POINT ( 'NONE',  ( 24.14550766848739727, -3.524177256996726904, -9.458025191281196342 ) ) ;
#804 = CARTESIAN_POINT ( 'NONE',  ( 7.074337136277653926, -15.34513466396966308, 18.40000018477439525 ) ) ;
#805 = CARTESIAN_POINT ( 'NONE',  ( 24.34412136070433164, -20.68775888789850015, 22.87837597342979734 ) ) ;
#806 = CARTESIAN_POINT ( 'NONE',  ( 23.04151539580863073, -20.68327019271205813, 24.20971561901829006 ) ) ;
#807 = AXIS2_PLACEMENT_3D ( 'NONE', #3265, #3588, #1857 ) ;
#808 = DIRECTION ( 'NONE',  ( -1.000000000000000000, 0.000000000000000000, 0.000000000000000000 ) ) ;
#809 = ORIENTED_EDGE ( 'NONE', *, *, #1153, .F. ) ;
#810 = DIRECTION ( 'NONE',  ( -0.000000000000000000, -0.000000000000000000, -1.000000000000000000 ) ) ;
#811 = VECTOR ( 'NONE', #2213, 1000.000000000000000 ) ;
#812 = CARTESIAN_POINT ( 'NONE',  ( 1.792878659388874585, -12.00014003230332449, 18.40000018477439525 ) ) ;
#813 = CARTESIAN_POINT ( 'NONE',  ( 24.49999935925006866, -3.499999944120645523, -7.800000508129596888 ) ) ;
#814 = CARTESIAN_POINT ( 'NONE',  ( 22.37200219491943542, -4.195216025648367264, -10.67414993914108834 ) ) ;
#815 = SHAPE_DEFINITION_REPRESENTATION ( #3, #942 ) ;
#816 = LINE ( 'NONE', #3103, #811 ) ;
#817 = CARTESIAN_POINT ( 'NONE',  ( 24.48047886675130869, -19.80478464862918386, 21.79269604018080031 ) ) ;
#818 = CARTESIAN_POINT ( 'NONE',  ( 24.37414879026156456, -19.95906641933156322, -8.672003343798976971 ) ) ;
#819 = CARTESIAN_POINT ( 'NONE',  ( 24.22029948180569647, -3.732105846503948943, -9.183931889108412960 ) ) ;
#820 = FACE_OUTER_BOUND ( 'NONE', #17, .T. ) ;
#821 = ORIENTED_EDGE ( 'NONE', *, *, #2590, .T. ) ;
#822 = CARTESIAN_POINT ( 'NONE',  ( 24.39005355056950819, -21.08937214748240052, 23.69519488136942087 ) ) ;
#823 = CARTESIAN_POINT ( 'NONE',  ( 22.96974756650359950, -20.26573929121511242, 24.08413735829070745 ) ) ;
#824 = DIRECTION ( 'NONE',  ( 0.000000000000000000, 0.000000000000000000, -1.000000000000000000 ) ) ;
#825 = ORIENTED_EDGE ( 'NONE', *, *, #2453, .T. ) ;
#826 = CARTESIAN_POINT ( 'NONE',  ( 24.77162783789995260, -2.813885966550570217, -8.883107893735646243 ) ) ;
#827 = ORIENTED_EDGE ( 'NONE', *, *, #3401, .F. ) ;
#828 = CARTESIAN_POINT ( 'NONE',  ( 23.39166159241392506, -2.650187028645555554, 24.87291574306536290 ) ) ;
#829 = DIRECTION ( 'NONE',  ( -0.000000000000000000, -0.000000000000000000, 1.000000000000000000 ) ) ;
#830 = EDGE_CURVE ( 'NONE', #3626, #1540, #2529, .T. ) ;
#831 = VERTEX_POINT ( 'NONE', #3004 ) ;
#832 = CARTESIAN_POINT ( 'NONE',  ( 22.15318124352066320, -2.952319933523475548, 24.56329603057771394 ) ) ;
#833 = CARTESIAN_POINT ( 'NONE',  ( 24.75380179342011644, -2.833857525253046017, 22.41232737365509919 ) ) ;
#834 = CARTESIAN_POINT ( 'NONE',  ( 24.40310708269043261, -20.35240645630672773, -8.629530505372065008 ) ) ;
#835 = EDGE_CURVE ( 'NONE', #3598, #1160, #2452, .T. ) ;
#836 = CARTESIAN_POINT ( 'NONE',  ( 23.90728877451685364, -3.763472373612742672, -9.702594108490568914 ) ) ;
#837 = EDGE_CURVE ( 'NONE', #1540, #3626, #2473, .T. ) ;
#838 = DIRECTION ( 'NONE',  ( 0.000000000000000000, 0.000000000000000000, -1.000000000000000000 ) ) ;
#839 = ORIENTED_EDGE ( 'NONE', *, *, #3366, .T. ) ;
#840 = CARTESIAN_POINT ( 'NONE',  ( 23.93413646819573515, -20.44916727927098421, 23.37213064490199699 ) ) ;
#841 = CARTESIAN_POINT ( 'NONE',  ( 23.90305340534842671, -20.95013594740608553, 23.98008787701454381 ) ) ;
#842 = DIRECTION ( 'NONE',  ( 1.000000000000000000, 0.000000000000000000, 0.000000000000000000 ) ) ;
#843 = ORIENTED_EDGE ( 'NONE', *, *, #1928, .T. ) ;
#844 = DIRECTION ( 'NONE',  ( 0.000000000000000000, 0.000000000000000000, -1.000000000000000000 ) ) ;
#845 = EDGE_LOOP ( 'NONE', ( #260, #3397 ) ) ;
#846 = CARTESIAN_POINT ( 'NONE',  ( 21.49999935925006866, -3.963477331805790982, 24.40000018477439880 ) ) ;
#847 = LINE ( 'NONE', #1690, #200 ) ;
#848 = CARTESIAN_POINT ( 'NONE',  ( 5.499999810010197443, -11.99999994412064552, -13.80000050812959778 ) ) ;
#849 = CARTESIAN_POINT ( 'NONE',  ( 23.76015979462716388, -4.195216025648363711, 23.38248043651659103 ) ) ;
#850 = ORIENTED_EDGE ( 'NONE', *, *, #3069, .F. ) ;
#851 = CARTESIAN_POINT ( 'NONE',  ( 22.03232835984155003, -3.000457606332112004, 24.53331188522232509 ) ) ;
#852 = CARTESIAN_POINT ( 'NONE',  ( 24.65789512158512053, -2.960664484938978713, 22.03151306413441546 ) ) ;
#853 = CARTESIAN_POINT ( 'NONE',  ( 24.63002645698709614, -21.14561710946369999, -9.690084089688655311 ) ) ;
#854 = AXIS2_PLACEMENT_3D ( 'NONE', #2696, #156, #2922 ) ;
#855 = B_SPLINE_SURFACE_WITH_KNOTS ( 'NONE', 3, 3, ( 
 ( #707, #2375, #1541, #1818, #3192, #394, #3310, #792, #187, #489, #1345, #1599 ),
 ( #2466, #239, #537, #2710, #2763, #468, #1358, #1617, #1853, #1632, #2728, #2173 ),
 ( #2777, #2431, #1891, #3581, #2480, #3022, #1064, #3599, #1328, #3548, #3615, #1874 ),
 ( #507, #1081, #1311, #1032, #2746, #2985, #1648, #3054, #779, #3277, #2188, #2221 ),
 ( #1581, #759, #1910, #208, #3003, #2451, #2205, #3325, #805, #3569, #1926, #1047 ),
 ( #256, #224, #2157, #3296, #3040, #1376, #2496, #522, #1096, #741, #633, #77 ),
 ( #2815, #877, #1196, #355, #3110, #1998, #2299, #2513, #1450, #14, #3417, #2874 ),
 ( #2856, #1665, #859, #1157, #3344, #3632, #1942, #592, #1721, #1470, #822, #2556 ),
 ( #1740, #2597, #3070, #2259, #2534, #1979, #1117, #3379, #1700, #2018, #552, #271 ),
 ( #2795, #2278, #312, #2237, #3360, #1394, #1682, #840, #1960, #1411, #289, #2833 ),
 ( #3091, #3128, #1432, #573, #3398, #37, #612, #1134, #333, #2577, #56, #1177 ),
 ( #896, #3149, #3436, #2039, #3167, #652, #2320, #915, #3483, #841, #2535, #3023 ),
 ( #3311, #574, #2481, #3633, #3361, #15, #1097, #3298, #1649, #1395, #3601, #3582 ),
 ( #2238, #1118, #2174, #1618, #1065, #1961, #1359, #1666, #2467, #3092, #1683, #2222 ),
 ( #1927, #523, #2816, #555, #2778, #823, #2747, #1943, #1082, #3345, #290, #2497 ),
 ( #1414, #2206, #2796, #2189, #780, #1892, #3071, #225, #3055, #1634, #508, #272 ),
 ( #2514, #1347, #793, #3326, #1911, #3041, #3616, #2764, #806, #240, #538, #258 ),
 ( #1377, #2877, #3459, #898, #38, #860, #313, #3400, #935, #2614, #2280, #375 ),
 ( #2301, #654, #1216, #2599, #879, #2858, #358, #2894, #593, #58, #1136, #2260 ),
 ( #3189, #2835, #615, #2021, #3151, #1433, #1702, #1723, #1179, #3419, #635, #1742 ),
 ( #1980, #79, #1472, #3111, #2580, #1505, #2059, #668, #1764, #1198, #3169, #2322 ),
 ( #335, #1452, #3438, #917, #1780, #2042, #1489, #2001, #99, #2338, #2911, #391 ) ),
 .UNSPECIFIED., .F., .F., .F.,
 ( 4, 2, 2, 2, 2, 2, 2, 2, 2, 2, 4 ),
 ( 4, 2, 2, 2, 2, 4 ),
 ( 0.000000000000000000, 0.1250000000000001665, 0.2500000000000003331, 0.2812500000000002776, 0.3750000000000001110, 0.4999999999999998890, 0.6249999999999997780, 0.7499999999999995559, 0.7812499999999995559, 0.8749999999999997780, 1.000000000000000000 ),
 ( 0.000000000000000000, 0.2379170420427594856, 0.2498245882608413904, 0.2559971429658184916, 0.6279985714829092736, 1.000000000000000000 ),
 .UNSPECIFIED. ) ;
#856 = CARTESIAN_POINT ( 'NONE',  ( 24.25101415182462716, -2.924713016735580595, -10.27108570509516916 ) ) ;
#857 = CARTESIAN_POINT ( 'NONE',  ( 38.50000001490116119, -18.71751498975760697, 0.08248564839684249805 ) ) ;
#858 = ORIENTED_EDGE ( 'NONE', *, *, #1548, .F. ) ;
#859 = CARTESIAN_POINT ( 'NONE',  ( 24.14050315103651201, -20.10022832128126780, 22.86384390628503382 ) ) ;
#860 = CARTESIAN_POINT ( 'NONE',  ( 22.51054490431576838, -20.30872995064443742, 24.26063626958676878 ) ) ;
#861 = CARTESIAN_POINT ( 'NONE',  ( 5.492878659388874318, -12.00014003230332449, -14.80000050812959245 ) ) ;
#862 = EDGE_LOOP ( 'NONE', ( #1379, #359, #295, #3152 ) ) ;
#863 = CARTESIAN_POINT ( 'NONE',  ( -23.42702945377912016, -3.499999944120645523, 27.40000018477439880 ) ) ;
#864 = ORIENTED_EDGE ( 'NONE', *, *, #3587, .F. ) ;
#865 = CARTESIAN_POINT ( 'NONE',  ( 21.90396379253371961, -3.561372907692290202, 24.37705109158443406 ) ) ;
#866 = CARTESIAN_POINT ( 'NONE',  ( 24.49999935925006866, -20.50000073015689850, 24.40000018477439880 ) ) ;
#867 = CARTESIAN_POINT ( 'NONE',  ( 23.48247961099226444, -4.195216025648367264, -10.06016094350669121 ) ) ;
#868 = CARTESIAN_POINT ( 'NONE',  ( 23.79441318813124795, -3.782311275011482454, 23.43184259314040574 ) ) ;
#869 = VERTEX_POINT ( 'NONE', #743 ) ;
#870 = CARTESIAN_POINT ( 'NONE',  ( 5.492878659388874318, -12.00014003230332449, -13.60000050812959316 ) ) ;
#871 = EDGE_CURVE ( 'NONE', #3440, #2584, #490, .T. ) ;
#872 = CARTESIAN_POINT ( 'NONE',  ( 24.49999935925006866, -3.499999944120645523, 21.40000018477439880 ) ) ;
#873 = CARTESIAN_POINT ( 'NONE',  ( 10.44287865938887627, -12.00014003230332449, -14.80000050812959245 ) ) ;
#874 = CARTESIAN_POINT ( 'NONE',  ( 23.35431975364464918, -3.919980307403656994, -10.18945279284832672 ) ) ;
#875 = DIRECTION ( 'NONE',  ( 1.000000000000000000, 0.000000000000000000, 0.000000000000000000 ) ) ;
#876 = VERTEX_POINT ( 'NONE', #2970 ) ;
#877 = CARTESIAN_POINT ( 'NONE',  ( 24.23294186108182657, -19.94412352314723691, 22.63828302685519844 ) ) ;
#878 = CARTESIAN_POINT ( 'NONE',  ( 23.32986376038052967, -19.93672092183668809, -10.18517064888247425 ) ) ;
#879 = CARTESIAN_POINT ( 'NONE',  ( 22.32465831649188459, -20.34178940518469147, 24.30318816013085481 ) ) ;
#880 = EDGE_CURVE ( 'NONE', #2866, #1362, #1312, .T. ) ;
#881 = EDGE_LOOP ( 'NONE', ( #2847, #864, #1455, #2794 ) ) ;
#882 = CARTESIAN_POINT ( 'NONE',  ( 38.50000001490116119, -5.282485915866560688, 13.51751425959459141 ) ) ;
#883 = ORIENTED_EDGE ( 'NONE', *, *, #1055, .F. ) ;
#884 = CARTESIAN_POINT ( 'NONE',  ( 22.97837514790547431, -3.312241786379154451, 24.24412218622871151 ) ) ;
#885 = DIRECTION ( 'NONE',  ( -1.000000000000000000, 0.000000000000000000, 0.000000000000000000 ) ) ;
#886 = CARTESIAN_POINT ( 'NONE',  ( 23.00335044406141805, -4.195216025648367264, -10.40333987184308562 ) ) ;
#887 = CARTESIAN_POINT ( 'NONE',  ( 24.26740699518873967, -3.036302054426758712, 23.57162595540984640 ) ) ;
#888 = ORIENTED_EDGE ( 'NONE', *, *, #2756, .T. ) ;
#889 = CARTESIAN_POINT ( 'NONE',  ( 21.89269844094879502, -19.80478464862917320, -10.80000050812959600 ) ) ;
#890 = CYLINDRICAL_SURFACE ( 'NONE', #3222, 1.000000000000000888 ) ;
#891 = DIRECTION ( 'NONE',  ( 0.000000000000000000, 0.000000000000000000, -1.000000000000000000 ) ) ;
#892 = CARTESIAN_POINT ( 'NONE',  ( 22.96401286558824495, -3.744510210295290964, -10.48418706202804174 ) ) ;
#893 = CARTESIAN_POINT ( 'NONE',  ( 21.89269521465645241, -20.01032158418859908, -10.78048001563083957 ) ) ;
#894 = EDGE_CURVE ( 'NONE', #2112, #901, #1561, .T. ) ;
#895 = ORIENTED_EDGE ( 'NONE', *, *, #1597, .F. ) ;
#896 = CARTESIAN_POINT ( 'NONE',  ( 23.48247961099226444, -19.80478464862918386, 23.66016062015149046 ) ) ;
#897 = CARTESIAN_POINT ( 'NONE',  ( 24.10734830872097234, -21.15605109229556291, -10.67740783338885002 ) ) ;
#898 = CARTESIAN_POINT ( 'NONE',  ( 22.50051837675839295, -20.29116103545919714, 24.26091699280305747 ) ) ;
#899 = AXIS2_PLACEMENT_3D ( 'NONE', #292, #1684, #1667 ) ;
#900 = EDGE_LOOP ( 'NONE', ( #1991, #1251, #755, #409, #2156 ) ) ;
#901 = VERTEX_POINT ( 'NONE', #152 ) ;
#902 = AXIS2_PLACEMENT_3D ( 'NONE', #3609, #1936, #3142 ) ;
#903 = CARTESIAN_POINT ( 'NONE',  ( 38.50000001490116119, -18.71751475841098511, 15.11751425959459283 ) ) ;
#904 = ORIENTED_EDGE ( 'NONE', *, *, #796, .T. ) ;
#905 = CARTESIAN_POINT ( 'NONE',  ( 21.50139781447595411, -3.473271430037448759, 24.40034979858086217 ) ) ;
#906 = CARTESIAN_POINT ( 'NONE',  ( -23.42702945377912016, -2.499999944120645523, 27.40000018477439880 ) ) ;
#907 = CARTESIAN_POINT ( 'NONE',  ( 28.50000001490116119, -3.499999944120645523, -14.80000050812959600 ) ) ;
#908 = CARTESIAN_POINT ( 'NONE',  ( 24.29194070209058509, -3.323051198721038713, 22.98329234155786338 ) ) ;
#909 = ORIENTED_EDGE ( 'NONE', *, *, #715, .T. ) ;
#910 = CARTESIAN_POINT ( 'NONE',  ( 21.77271870111160723, -20.86765137579534013, 24.46957157007576455 ) ) ;
#911 = CARTESIAN_POINT ( 'NONE',  ( 24.73637263868666381, -2.854097357848565775, 22.34319009339143847 ) ) ;
#912 = CARTESIAN_POINT ( 'NONE',  ( 23.12201092939044855, -3.740980839004707459, -10.40136874247753695 ) ) ;
#913 = DIRECTION ( 'NONE',  ( 0.000000000000000000, -0.000000000000000000, 1.000000000000000000 ) ) ;
#914 = ORIENTED_EDGE ( 'NONE', *, *, #3560, .T. ) ;
#915 = CARTESIAN_POINT ( 'NONE',  ( 23.58757881981265569, -20.43942601673805370, 23.73434662758411662 ) ) ;
#916 = CARTESIAN_POINT ( 'NONE',  ( 23.39729120545449348, -20.21984961829396710, -10.20528796907697178 ) ) ;
#917 = CARTESIAN_POINT ( 'NONE',  ( 21.49999935925006866, -20.50766552305070434, 24.40000018477439525 ) ) ;
#918 = ORIENTED_EDGE ( 'NONE', *, *, #1181, .T. ) ;
#919 = ORIENTED_EDGE ( 'NONE', *, *, #1713, .F. ) ;
#920 = CARTESIAN_POINT ( 'NONE',  ( 5.499999810010193002, -3.499999944120645523, 25.40000018477439880 ) ) ;
#921 = ORIENTED_EDGE ( 'NONE', *, *, #2633, .T. ) ;
#922 = CARTESIAN_POINT ( 'NONE',  ( 23.15802404240166368, -3.524177256996773977, 24.04550849401174517 ) ) ;
#923 = CARTESIAN_POINT ( 'NONE',  ( 5.499999810010193002, -3.499999944120645523, 28.40000018477439880 ) ) ;
#924 = CARTESIAN_POINT ( 'NONE',  ( 23.67687452940269921, -3.366569008891154180, 23.80091482641517331 ) ) ;
#925 = ORIENTED_EDGE ( 'NONE', *, *, #2245, .F. ) ;
#926 = AXIS2_PLACEMENT_3D ( 'NONE', #2179, #799, #3304 ) ;
#927 = CARTESIAN_POINT ( 'NONE',  ( 21.49999935925007222, -3.471004372160633622, 24.40000018477440946 ) ) ;
#928 = CARTESIAN_POINT ( 'NONE',  ( 5.499999810010200108, -11.99999994412064552, -11.80000050812959600 ) ) ;
#929 = AXIS2_PLACEMENT_3D ( 'NONE', #2037, #913, #3164 ) ;
#930 = CARTESIAN_POINT ( 'NONE',  ( 23.09256901912038273, -3.518586447675195572, -10.48375204064533328 ) ) ;
#931 = CARTESIAN_POINT ( 'NONE',  ( 21.64737152159957034, -3.225446735457353498, -10.83828766946059829 ) ) ;
#932 = CARTESIAN_POINT ( 'NONE',  ( 38.50000001490116119, -5.282485684519935276, 0.08248564839684249805 ) ) ;
#933 = ORIENTED_EDGE ( 'NONE', *, *, #578, .F. ) ;
#934 = CARTESIAN_POINT ( 'NONE',  ( 23.53513578622313673, -20.23107012066569155, -10.09677035646129362 ) ) ;
#935 = CARTESIAN_POINT ( 'NONE',  ( 22.85411574955787728, -20.71173388024963558, 24.28084237331115958 ) ) ;
#936 = VERTEX_POINT ( 'NONE', #2689 ) ;
#937 = EDGE_LOOP ( 'NONE', ( #545, #2582, #1664, #1180 ) ) ;
#938 = CARTESIAN_POINT ( 'NONE',  ( 24.66275780502362380, -2.939192311099359856, 16.12305177355612074 ) ) ;
#939 = CARTESIAN_POINT ( 'NONE',  ( 23.40370075961699214, -3.760050955144902840, 23.80771388704999225 ) ) ;
#940 = CARTESIAN_POINT ( 'NONE',  ( 24.49999935925006866, -3.963477331805790982, 21.40000018477439880 ) ) ;
#941 = AXIS2_PLACEMENT_3D ( 'NONE', #974, #2670, #448 ) ;
#942 = ADVANCED_BREP_SHAPE_REPRESENTATION ( 'MOTOR MOUNT FRONT', ( #50, #1260 ), #2376 ) ;
#943 = CARTESIAN_POINT ( 'NONE',  ( -23.42702945377912016, -21.50000073015689850, 25.40000018477439880 ) ) ;
#944 = CARTESIAN_POINT ( 'NONE',  ( 21.93717250434845667, -20.95627845053292404, 24.50996003495418307 ) ) ;
#945 = CARTESIAN_POINT ( 'NONE',  ( 22.03232835982167970, -20.99954306793257430, -10.93331220857013619 ) ) ;
#946 = EDGE_CURVE ( 'NONE', #7, #36, #1071, .T. ) ;
#947 = CARTESIAN_POINT ( 'NONE',  ( 22.75177810966749803, -3.738441067223409409, -10.57614512685810304 ) ) ;
#948 = CARTESIAN_POINT ( 'NONE',  ( 21.68356240271789304, -3.195726723188452301, -10.84739543846025001 ) ) ;
#949 = EDGE_LOOP ( 'NONE', ( #2630, #2537 ) ) ;
#950 = CARTESIAN_POINT ( 'NONE',  ( 23.79328872828283892, -20.21110489526037668, -9.830267458254338564 ) ) ;
#951 = EDGE_CURVE ( 'NONE', #2204, #274, #2828, .T. ) ;
#952 = EDGE_CURVE ( 'NONE', #876, #758, #3275, .T. ) ;
#953 = CARTESIAN_POINT ( 'NONE',  ( 24.49999935925006156, -3.653145253806309611, -7.800000508129576460 ) ) ;
#954 = VERTEX_POINT ( 'NONE', #992 ) ;
#955 = VERTEX_POINT ( 'NONE', #2373 ) ;
#956 = CARTESIAN_POINT ( 'NONE',  ( 25.34103506342237111, -2.499999944120645523, -2.074119415589814164 ) ) ;
#957 = AXIS2_PLACEMENT_3D ( 'NONE', #1563, #2414, #2691 ) ;
#958 = CARTESIAN_POINT ( 'NONE',  ( 22.87794986354266413, -3.742413440645228739, 24.12036701417000373 ) ) ;
#959 = CARTESIAN_POINT ( 'NONE',  ( 38.50000001490116119, -18.71751498975760697, 0.08248564839684249805 ) ) ;
#960 = CARTESIAN_POINT ( 'NONE',  ( 24.35831040313727414, -3.469336597754719254, 22.54135386849106837 ) ) ;
#961 = VECTOR ( 'NONE', #3249, 1000.000000000000000 ) ;
#962 = FACE_OUTER_BOUND ( 'NONE', #1105, .T. ) ;
#963 = CARTESIAN_POINT ( 'NONE',  ( 22.51232654804695699, -21.16614314900275673, 24.65380261892499192 ) ) ;
#964 = CIRCLE ( 'NONE', #147, 1.000000000000000888 ) ;
#965 = CARTESIAN_POINT ( 'NONE',  ( 21.66764090970839618, -20.79253567704049388, -10.84342401610117079 ) ) ;
#966 = CARTESIAN_POINT ( 'NONE',  ( 22.51054490431577193, -3.691270723633110151, -10.66063659294196420 ) ) ;
#967 = CARTESIAN_POINT ( 'NONE',  ( 25.49999935925006866, -21.50000073015689850, -2.074119415589813720 ) ) ;
#968 = CARTESIAN_POINT ( 'NONE',  ( 24.32309449777844179, -20.97012672354530238, -9.889867890198967615 ) ) ;
#969 = CARTESIAN_POINT ( 'NONE',  ( 24.74233900221280535, -2.807478475937883911, -9.408530051865213295 ) ) ;
#970 = EDGE_LOOP ( 'NONE', ( #624, #3416, #3109, #3527 ) ) ;
#971 = CARTESIAN_POINT ( 'NONE',  ( 21.49999935925006866, -3.499999944120646411, -10.80000050812959600 ) ) ;
#972 = ORIENTED_EDGE ( 'NONE', *, *, #835, .F. ) ;
#973 = CARTESIAN_POINT ( 'NONE',  ( 28.50000001490116119, -12.00000033713877201, 6.799999838322402290 ) ) ;
#974 = CARTESIAN_POINT ( 'NONE',  ( 24.49999935925006866, -18.71751475841098511, 13.51751425959459141 ) ) ;
#975 = CARTESIAN_POINT ( 'NONE',  ( 23.39729120545449703, -3.780151055983576924, 23.80528764572177280 ) ) ;
#976 = LINE ( 'NONE', #3551, #1428 ) ;
#977 = CARTESIAN_POINT ( 'NONE',  ( 24.74233900221278759, -2.807478475937902562, 23.00852972850994860 ) ) ;
#978 = EDGE_CURVE ( 'NONE', #936, #1476, #2651, .T. ) ;
#979 = CARTESIAN_POINT ( 'NONE',  ( 24.49999935925006866, -19.80478464862917676, -7.800000508129596888 ) ) ;
#980 = CARTESIAN_POINT ( 'NONE',  ( 21.83509500517005009, -20.90353426626171540, 24.48491515291745912 ) ) ;
#981 = CARTESIAN_POINT ( 'NONE',  ( 21.54688078030038412, -20.65748558063696549, -10.81238515452919735 ) ) ;
#982 = VECTOR ( 'NONE', #1074, 1000.000000000000000 ) ;
#983 = CARTESIAN_POINT ( 'NONE',  ( 22.51262610636633354, -3.687688062095955566, -10.66059261871408914 ) ) ;
#984 = ADVANCED_FACE ( 'NONE', ( #1816 ), #3001, .T. ) ;
#985 = AXIS2_PLACEMENT_3D ( 'NONE', #677, #1530, #1790 ) ;
#986 = DIRECTION ( 'NONE',  ( 1.000000000000000000, 0.000000000000000000, 0.000000000000000000 ) ) ;
#987 = VECTOR ( 'NONE', #2550, 1000.000000000000000 ) ;
#988 = CARTESIAN_POINT ( 'NONE',  ( 24.25101415182464493, -21.07528765754196698, -10.27108570509518870 ) ) ;
#989 = VECTOR ( 'NONE', #1068, 1000.000000000000000 ) ;
#990 = CARTESIAN_POINT ( 'NONE',  ( 24.39276181139238631, -3.680137452766024886, -8.680977258272893238 ) ) ;
#991 = VERTEX_POINT ( 'NONE', #2449 ) ;
#992 = CARTESIAN_POINT ( 'NONE',  ( 5.499999810010201884, -21.50000073015689850, -11.80000050812959600 ) ) ;
#993 = ORIENTED_EDGE ( 'NONE', *, *, #1055, .T. ) ;
#994 = CARTESIAN_POINT ( 'NONE',  ( 24.52066783839513064, -3.265564798702863758, 16.42978038479229497 ) ) ;
#995 = CARTESIAN_POINT ( 'NONE',  ( 21.50184529105491649, -3.469376176513325305, -10.80046199108080529 ) ) ;
#996 = CARTESIAN_POINT ( 'NONE',  ( 23.84878580065236164, -2.915735325325720773, 24.24941706747560843 ) ) ;
#997 = FACE_OUTER_BOUND ( 'NONE', #3439, .T. ) ;
#998 = CARTESIAN_POINT ( 'NONE',  ( 24.72145276504155831, -2.770995405855163796, 23.61805425777921386 ) ) ;
#999 = EDGE_CURVE ( 'NONE', #1236, #76, #3492, .T. ) ;
#1000 = CARTESIAN_POINT ( 'NONE',  ( 5.499999810010193002, -20.50000073015689850, 28.40000018477439880 ) ) ;
#1001 = CARTESIAN_POINT ( 'NONE',  ( 24.49999935925006866, -5.282485684519935276, 0.08248564839684249805 ) ) ;
#1002 = CARTESIAN_POINT ( 'NONE',  ( 22.27782623113127158, -19.96916479736582417, -10.70386917251553704 ) ) ;
#1003 = CARTESIAN_POINT ( 'NONE',  ( 21.91327469786279636, -20.94429109458176796, -10.90409983329269217 ) ) ;
#1004 = CARTESIAN_POINT ( 'NONE',  ( 22.79244689366144883, -2.906607035208542023, -10.96396077430907035 ) ) ;
#1005 = CARTESIAN_POINT ( 'NONE',  ( 24.60295589784692538, -20.95755339933424821, 16.22259271722896656 ) ) ;
#1006 = DIRECTION ( 'NONE',  ( -1.000000000000000000, -0.000000000000000000, -0.000000000000000000 ) ) ;
#1007 = EDGE_CURVE ( 'NONE', #1184, #3148, #128, .T. ) ;
#1008 = CARTESIAN_POINT ( 'NONE',  ( 24.26740699518877520, -20.96369861985083105, -9.971626278765100437 ) ) ;
#1009 = CARTESIAN_POINT ( 'NONE',  ( 24.33145789536992254, -3.737754650152625313, -8.920060193263040560 ) ) ;
#1010 = VERTEX_POINT ( 'NONE', #2668 ) ;
#1011 = DIRECTION ( 'NONE',  ( 0.000000000000000000, -0.000000000000000000, 1.000000000000000000 ) ) ;
#1012 = CARTESIAN_POINT ( 'NONE',  ( 7.074337136277653926, -15.34513466396966308, 26.40000018477439880 ) ) ;
#1013 = DIRECTION ( 'NONE',  ( 1.000000000000000000, 0.000000000000000000, 0.000000000000000000 ) ) ;
#1014 = CARTESIAN_POINT ( 'NONE',  ( 23.48247961099226089, -4.064942390974509046, 23.66016062015149046 ) ) ;
#1015 = DIRECTION ( 'NONE',  ( 0.000000000000000000, 0.000000000000000000, 1.000000000000000000 ) ) ;
#1016 = CARTESIAN_POINT ( 'NONE',  ( 24.41344437902542452, -4.195216025648363711, 22.12968567959623911 ) ) ;
#1017 = ORIENTED_EDGE ( 'NONE', *, *, #2949, .T. ) ;
#1018 = CIRCLE ( 'NONE', #2432, 9.500000000000000000 ) ;
#1019 = CARTESIAN_POINT ( 'NONE',  ( 24.49999935925006866, -18.71751498975760697, -1.517514351603158840 ) ) ;
#1020 = LINE ( 'NONE', #3266, #1546 ) ;
#1021 = CARTESIAN_POINT ( 'NONE',  ( 22.77742577353190256, -20.50084099471258270, -10.62760160343198734 ) ) ;
#1022 = DIRECTION ( 'NONE',  ( -1.000000000000000000, 0.000000000000000000, 0.000000000000000000 ) ) ;
#1023 = CIRCLE ( 'NONE', #1660, 4.950000000000001066 ) ;
#1024 = CARTESIAN_POINT ( 'NONE',  ( 21.68180154180480557, -3.657001283084639010, -10.80000050812959422 ) ) ;
#1025 = DIRECTION ( 'NONE',  ( 1.000000000000000000, 0.000000000000000000, 0.000000000000000000 ) ) ;
#1026 = CARTESIAN_POINT ( 'NONE',  ( 24.49999935925006866, -5.282485684519935276, 1.682485648396842448 ) ) ;
#1027 = CARTESIAN_POINT ( 'NONE',  ( 24.64610577300278393, -21.20595444829850607, -10.10769851834174204 ) ) ;
#1028 = CARTESIAN_POINT ( 'NONE',  ( 24.47713813284582329, -3.539438813956156338, -8.208436718116129072 ) ) ;
#1029 = EDGE_LOOP ( 'NONE', ( #1739, #2230, #1218, #242 ) ) ;
#1030 = CARTESIAN_POINT ( 'NONE',  ( 24.70266597200989622, -21.10458583321074855, -8.609712470450503474 ) ) ;
#1031 = ORIENTED_EDGE ( 'NONE', *, *, #2572, .T. ) ;
#1032 = CARTESIAN_POINT ( 'NONE',  ( 24.39276181139239341, -20.31986322151153601, 22.28097693491769249 ) ) ;
#1033 = CARTESIAN_POINT ( 'NONE',  ( 28.50000001490116119, -21.50000073015689850, -2.074119415589813720 ) ) ;
#1034 = ADVANCED_FACE ( 'NONE', ( #133 ), #776, .T. ) ;
#1035 = DIRECTION ( 'NONE',  ( 1.000000000000000000, -0.000000000000000000, -0.000000000000000000 ) ) ;
#1036 = CARTESIAN_POINT ( 'NONE',  ( 24.50046084220128151, -3.469376176513325305, 21.40184611657925728 ) ) ;
#1037 = VERTEX_POINT ( 'NONE', #971 ) ;
#1038 = FACE_BOUND ( 'NONE', #2208, .T. ) ;
#1039 = DIRECTION ( 'NONE',  ( -1.000000000000000000, 0.000000000000000000, 0.000000000000000000 ) ) ;
#1040 = CARTESIAN_POINT ( 'NONE',  ( 22.83264899110659485, -20.25125934281503959, -10.53945103770832326 ) ) ;
#1041 = CARTESIAN_POINT ( 'NONE',  ( 25.49999935925006866, -2.499999944120645523, 15.67411909223461564 ) ) ;
#1042 = CARTESIAN_POINT ( 'NONE',  ( 28.50000001490116119, -18.71751475841098511, 13.51751425959459141 ) ) ;
#1043 = CARTESIAN_POINT ( 'NONE',  ( 23.79676921586301219, -20.23107013353763151, -9.835136943383901098 ) ) ;
#1044 = CARTESIAN_POINT ( 'NONE',  ( 24.44885168268559639, -2.899056590416612789, -10.01601687578521194 ) ) ;
#1045 = ORIENTED_EDGE ( 'NONE', *, *, #2558, .F. ) ;
#1046 = CARTESIAN_POINT ( 'NONE',  ( 24.68097767140254462, -21.07500480907091855, -8.524135490294463935 ) ) ;
#1047 = CARTESIAN_POINT ( 'NONE',  ( 24.69196139490614073, -21.21840181423186422, 23.65412227040901527 ) ) ;
#1048 = CARTESIAN_POINT ( 'NONE',  ( 24.53828652057884696, -20.77455393881251311, -7.947372670472367950 ) ) ;
#1049 = PLANE ( 'NONE',  #957 ) ;
#1050 = CARTESIAN_POINT ( 'NONE',  ( 5.499999810010193002, -2.499999944120645523, 25.40000018477439880 ) ) ;
#1051 = CARTESIAN_POINT ( 'NONE',  ( 24.59168615130905877, -20.91890199511529147, 21.76265585074281361 ) ) ;
#1052 = CARTESIAN_POINT ( 'NONE',  ( 23.46441945735939782, -21.31722371240623914, -11.22037164663097997 ) ) ;
#1053 = FACE_OUTER_BOUND ( 'NONE', #2873, .T. ) ;
#1054 =( NAMED_UNIT ( * ) PLANE_ANGLE_UNIT ( ) SI_UNIT ( $, .RADIAN. ) );
#1055 = EDGE_CURVE ( 'NONE', #3166, #1971, #3585, .T. ) ;
#1056 = CARTESIAN_POINT ( 'NONE',  ( 24.07613089744758028, -21.43912013554063378, -11.44403339259391927 ) ) ;
#1057 = CARTESIAN_POINT ( 'NONE',  ( 21.89269521465645596, -19.80478464862918386, 24.38047969227563527 ) ) ;
#1058 = CARTESIAN_POINT ( 'NONE',  ( 24.36078401219987555, -20.29818303407224178, -8.804512084803011618 ) ) ;
#1059 = CARTESIAN_POINT ( 'NONE',  ( 24.22215600121176848, -3.894268438809078692, -9.092972384630911620 ) ) ;
#1060 = VECTOR ( 'NONE', #1854, 1000.000000000000000 ) ;
#1061 = DIRECTION ( 'NONE',  ( -1.000000000000000000, 0.000000000000000000, 0.000000000000000000 ) ) ;
#1062 = EDGE_CURVE ( 'NONE', #2140, #2326, #5, .T. ) ;
#1063 = EDGE_LOOP ( 'NONE', ( #921, #191, #1404, #1744 ) ) ;
#1064 = CARTESIAN_POINT ( 'NONE',  ( 24.47713813284581263, -20.46056186032143387, 21.80843639476095674 ) ) ;
#1065 = CARTESIAN_POINT ( 'NONE',  ( 23.11548147291878053, -20.24538375018133962, 24.00093148502455165 ) ) ;
#1066 = CARTESIAN_POINT ( 'NONE',  ( 23.39166159241401388, -2.650187028645541787, -11.27291606642058142 ) ) ;
#1067 = CARTESIAN_POINT ( 'NONE',  ( 5.492878659388874318, -12.00014003230332449, -13.60000050812959316 ) ) ;
#1068 = DIRECTION ( 'NONE',  ( -0.000000000000000000, -0.000000000000000000, 1.000000000000000000 ) ) ;
#1069 = CARTESIAN_POINT ( 'NONE',  ( 24.49999935925006866, -3.499999944120645523, 21.40000018477439880 ) ) ;
#1070 = DIRECTION ( 'NONE',  ( 1.000000000000000000, 0.000000000000000000, 0.000000000000000000 ) ) ;
#1071 = B_SPLINE_CURVE_WITH_KNOTS ( 'NONE', 3,
 ( #1274, #3244, #169, #1294, #3529, #135, #2986, #3549, #2158, #761, #1876, #1048, #690, #1802, #411, #1525, #2652, #2685, #1871, #150, #2984, #3546, #165, #1595, #2094, #3221, #2113, #1046, #1030, #1271, #1291, #3508, #487, #2648, #756, #1833, #705 ),
 .UNSPECIFIED., .F., .F.,
 ( 4, 2, 2, 2, 2, 1, 1, 2, 2, 1, 1, 2, 2, 1, 1, 2, 2, 2, 1, 2, 2, 4 ),
 ( 0.000000000000000000, 0.03125000000000451722, 0.06250000000000903444, 0.09375000000001354472, 0.1250000000000180689, 0.1875000000000281719, 0.2187500000000326683, 0.2343750000000333067, 0.2500000000000339173, 0.3125000000000267564, 0.3437500000000239253, 0.3593750000000214828, 0.3750000000000189848, 0.4375000000000078271, 0.4687500000000038858, 0.4843750000000027200, 0.5000000000000015543, 0.6250000000000008882, 0.6875000000000009992, 0.7187500000000009992, 0.7500000000000008882, 1.000000000000000000 ),
 .UNSPECIFIED. ) ;
#1072 = AXIS2_PLACEMENT_3D ( 'NONE', #3312, #842, #3093 ) ;
#1073 = CARTESIAN_POINT ( 'NONE',  ( 23.39166159241406362, -21.34981364563200756, -11.27291606642059563 ) ) ;
#1074 = DIRECTION ( 'NONE',  ( -0.000000000000000000, -1.000000000000000000, -0.000000000000000000 ) ) ;
#1075 = AXIS2_PLACEMENT_3D ( 'NONE', #1402, #885, #3622 ) ;
#1076 = CARTESIAN_POINT ( 'NONE',  ( 24.72145276504161160, -21.22900526842241575, -10.01805458113451941 ) ) ;
#1077 = CARTESIAN_POINT ( 'NONE',  ( 24.25285302772504181, -4.055984035758607220, -8.993401635727044763 ) ) ;
#1078 = B_SPLINE_CURVE_WITH_KNOTS ( 'NONE', 3,
 ( #3214, #2068, #3180, #2940, #403, #1515, #1774, #2902, #386, #1500, #2657, #2624, #141, #159, #3469, #3162, #109, #945, #714, #2401, #1228, #1003, #2087, #3198, #2924, #2641, #1243, #3485, #965, #697, #1264, #2383, #3502, #981, #2959, #437, #1623, #2421, #3590, #1917 ),
 .UNSPECIFIED., .F., .F.,
 ( 4, 2, 1, 2, 2, 2, 1, 1, 2, 2, 1, 1, 2, 2, 1, 1, 2, 2, 1, 2, 2, 2, 2, 4 ),
 ( 0.000000000000000000, 0.1249999999999959199, 0.1874999999999940603, 0.2187499999999945877, 0.2499999999999950595, 0.3749999999999903966, 0.4374999999999874545, 0.4687499999999883427, 0.4843749999999885647, 0.4999999999999887867, 0.5624999999999964473, 0.5937499999999986677, 0.6093750000000029976, 0.6250000000000072164, 0.6875000000000135447, 0.7187500000000167644, 0.7343750000000183187, 0.7500000000000198730, 0.8125000000000208722, 0.8437500000000169864, 0.8750000000000131006, 0.9062500000000092149, 0.9375000000000052180, 1.000000000000000000 ),
 .UNSPECIFIED. ) ;
#1079 = PLANE ( 'NONE',  #52 ) ;
#1080 = ORIENTED_EDGE ( 'NONE', *, *, #2187, .F. ) ;
#1081 = CARTESIAN_POINT ( 'NONE',  ( 24.40386802363600438, -19.96916479736582062, 22.17782705665561238 ) ) ;
#1082 = CARTESIAN_POINT ( 'NONE',  ( 23.25847633326490893, -20.66509417255686998, 24.10493886345094339 ) ) ;
#1083 = CARTESIAN_POINT ( 'NONE',  ( 38.50000001490116119, -5.282485684519935276, 1.682485648396842448 ) ) ;
#1084 = EDGE_LOOP ( 'NONE', ( #3172, #2649, #1308, #2562 ) ) ;
#1085 = DIRECTION ( 'NONE',  ( 1.000000000000000000, 0.000000000000000000, 0.000000000000000000 ) ) ;
#1086 = CARTESIAN_POINT ( 'NONE',  ( 24.69735870303385994, -21.09695817310287680, 22.18880644299895621 ) ) ;
#1087 = LINE ( 'NONE', #866, #2904 ) ;
#1088 = EDGE_CURVE ( 'NONE', #666, #2298, #1399, .T. ) ;
#1089 = CARTESIAN_POINT ( 'NONE',  ( 24.49999935925006866, -12.00000033713877201, 6.799999838322402290 ) ) ;
#1090 = CARTESIAN_POINT ( 'NONE',  ( 21.96523042445826590, -3.030757456804410666, 24.51683723024237338 ) ) ;
#1091 = CARTESIAN_POINT ( 'NONE',  ( 5.499999810010193002, -3.499999944120645523, 24.40000018477439880 ) ) ;
#1092 = CARTESIAN_POINT ( 'NONE',  ( 24.47709203577852222, -20.45685003187728412, -8.207642220493854168 ) ) ;
#1093 = CARTESIAN_POINT ( 'NONE',  ( 24.11981266229862442, -3.345486611151585965, -9.695906532631530794 ) ) ;
#1094 = FACE_OUTER_BOUND ( 'NONE', #1577, .T. ) ;
#1095 = ORIENTED_EDGE ( 'NONE', *, *, #871, .T. ) ;
#1096 = CARTESIAN_POINT ( 'NONE',  ( 24.25714487139613951, -20.67128329672107867, 23.05331763789770605 ) ) ;
#1097 = CARTESIAN_POINT ( 'NONE',  ( 23.40370075961701346, -20.23994971913264607, 23.80771388704998159 ) ) ;
#1098 = AXIS2_PLACEMENT_3D ( 'NONE', #3608, #2124, #2164 ) ;
#1099 = EDGE_CURVE ( 'NONE', #1037, #2912, #445, .T. ) ;
#1100 = AXIS2_PLACEMENT_3D ( 'NONE', #2900, #1261, #3516 ) ;
#1101 = DIRECTION ( 'NONE',  ( 0.000000000000000000, 0.000000000000000000, -1.000000000000000000 ) ) ;
#1102 = EDGE_LOOP ( 'NONE', ( #1156, #1503, #392, #3015, #918, #1344 ) ) ;
#1103 = CARTESIAN_POINT ( 'NONE',  ( 24.93798132464200634, -2.671854095566729370, -9.551928369697316512 ) ) ;
#1104 = AXIS2_PLACEMENT_3D ( 'NONE', #3108, #353, #665 ) ;
#1105 = EDGE_LOOP ( 'NONE', ( #1714, #2353, #1133, #1431 ) ) ;
#1106 = CARTESIAN_POINT ( 'NONE',  ( 22.27782623113127514, -4.030835876911712745, 24.30386884916033452 ) ) ;
#1107 = CARTESIAN_POINT ( 'NONE',  ( 23.39166159241391085, -2.650187028645556886, 24.87291574306536290 ) ) ;
#1108 = EDGE_CURVE ( 'NONE', #2912, #2983, #3625, .T. ) ;
#1109 = EDGE_CURVE ( 'NONE', #2298, #3447, #470, .T. ) ;
#1110 = ORIENTED_EDGE ( 'NONE', *, *, #2035, .T. ) ;
#1111 = CARTESIAN_POINT ( 'NONE',  ( -23.42702945377912016, -21.50000073015689850, -13.80000050812959778 ) ) ;
#1112 = CARTESIAN_POINT ( 'NONE',  ( 24.59669788720912109, -3.070956677987890515, 21.78309857358539858 ) ) ;
#1113 = CARTESIAN_POINT ( 'NONE',  ( 24.36063544406244930, -20.30872995064441966, -8.810546053195309923 ) ) ;
#1114 = CARTESIAN_POINT ( 'NONE',  ( 24.60013216161424765, -2.806236644544455761, -10.16123306443330421 ) ) ;
#1115 = EDGE_CURVE ( 'NONE', #3440, #2262, #254, .T. ) ;
#1116 = CYLINDRICAL_SURFACE ( 'NONE', #760, 9.499999999999998224 ) ;
#1117 = CARTESIAN_POINT ( 'NONE',  ( 24.07716077708895952, -20.25663607075531303, 23.05722298369307666 ) ) ;
#1118 = CARTESIAN_POINT ( 'NONE',  ( 23.00335044406141094, -19.94086859910578013, 24.00333954848788309 ) ) ;
#1119 = DIRECTION ( 'NONE',  ( 0.000000000000000000, 0.000000000000000000, -1.000000000000000000 ) ) ;
#1120 = ORIENTED_EDGE ( 'NONE', *, *, #2365, .T. ) ;
#1121 = PLANE ( 'NONE',  #1263 ) ;
#1122 = ORIENTED_EDGE ( 'NONE', *, *, #1898, .F. ) ;
#1123 = CARTESIAN_POINT ( 'NONE',  ( 23.53717577895120172, -2.711480797743553328, 24.76541814991817247 ) ) ;
#1124 = CARTESIAN_POINT ( 'NONE',  ( 28.50000001490116119, -20.50000073015689850, 28.40000018477439880 ) ) ;
#1125 = CARTESIAN_POINT ( 'NONE',  ( 24.34677767301947071, -4.195216025648367264, -8.766647483216152281 ) ) ;
#1126 = VERTEX_POINT ( 'NONE', #3631 ) ;
#1127 = CARTESIAN_POINT ( 'NONE',  ( 23.34363951917481828, -19.80478464862917676, -10.19900103532413915 ) ) ;
#1128 = CARTESIAN_POINT ( 'NONE',  ( 24.50671910877403903, -3.383446620377426495, 21.42552364677183974 ) ) ;
#1129 = CARTESIAN_POINT ( 'NONE',  ( 24.41344437902542097, -19.97430939571865949, -8.529686002951446966 ) ) ;
#1130 =( BOUNDED_CURVE ( )  B_SPLINE_CURVE ( 3, ( #1982, #3072, #2798, #2482 ),
 .UNSPECIFIED., .F., .T. ) 
 B_SPLINE_CURVE_WITH_KNOTS ( ( 4, 4 ),
 ( 4.157222903551897275, 4.712388980384689674 ),
 .UNSPECIFIED. ) 
 CURVE ( )  GEOMETRIC_REPRESENTATION_ITEM ( )  RATIONAL_B_SPLINE_CURVE ( ( 1.000000000000000000, 0.9744803810316327031, 0.9744803810316327031, 1.000000000000000000 ) ) 
 REPRESENTATION_ITEM ( '' )  );
#1131 = CARTESIAN_POINT ( 'NONE',  ( 23.00335044406141805, -4.195216025648367264, -10.40333987184308562 ) ) ;
#1132 = CARTESIAN_POINT ( 'NONE',  ( 5.499999810010216095, -12.00000073015689672, 0.7999999999999928280 ) ) ;
#1133 = ORIENTED_EDGE ( 'NONE', *, *, #575, .T. ) ;
#1134 = CARTESIAN_POINT ( 'NONE',  ( 23.83434578693489669, -20.43942599322864950, 23.48757963021207473 ) ) ;
#1135 = AXIS2_PLACEMENT_3D ( 'NONE', #1459, #86, #2883 ) ;
#1136 = CARTESIAN_POINT ( 'NONE',  ( 23.39008294080905159, -21.14561710946366446, 24.53002728251140496 ) ) ;
#1137 = AXIS2_PLACEMENT_3D ( 'NONE', #3512, #2729, #471 ) ;
#1138 = FACE_OUTER_BOUND ( 'NONE', #1727, .T. ) ;
#1139 = ORIENTED_EDGE ( 'NONE', *, *, #193, .T. ) ;
#1140 = DIRECTION ( 'NONE',  ( 0.000000000000000000, 0.000000000000000000, -1.000000000000000000 ) ) ;
#1141 = ORIENTED_EDGE ( 'NONE', *, *, #2941, .F. ) ;
#1142 = TOROIDAL_SURFACE ( 'NONE', #1789, 8.500000000000000000, 1.000000000000000000 ) ;
#1143 = ADVANCED_FACE ( 'NONE', ( #3342 ), #1079, .T. ) ;
#1144 = CARTESIAN_POINT ( 'NONE',  ( 22.62450165568677463, -3.730767710191169151, 24.23131270992987041 ) ) ;
#1145 = CARTESIAN_POINT ( 'NONE',  ( 24.72145276504160094, -21.22900526842240509, -10.01805458113449809 ) ) ;
#1146 = CARTESIAN_POINT ( 'NONE',  ( 28.50000001490116119, -5.282485915866560688, 11.91751425959459176 ) ) ;
#1147 = CARTESIAN_POINT ( 'NONE',  ( 24.03916079128988059, -2.927612168723821906, 24.09191694836853515 ) ) ;
#1148 = EDGE_LOOP ( 'NONE', ( #1888, #919, #132, #1237, #2044, #3185 ) ) ;
#1149 = CARTESIAN_POINT ( 'NONE',  ( 23.89899988644461715, -19.80478464862917320, -9.643640668054342058 ) ) ;
#1150 = LINE ( 'NONE', #626, #1921 ) ;
#1151 = CARTESIAN_POINT ( 'NONE',  ( 24.49999935925006866, -20.50000073015689850, -3.036157608500607008 ) ) ;
#1152 = B_SPLINE_SURFACE_WITH_KNOTS ( 'NONE', 3, 3, ( 
 ( #1175, #2318, #3454, #2553, #2016, #591, #2831, #35, #1551, #2871, #1485, #158 ),
 ( #3434, #1468, #2677, #1281, #2595, #96, #372, #330, #2574, #2611, #2056, #1720 ),
 ( #1155, #893, #2854, #3184, #55, #1826, #2297, #3415, #3147, #436, #631, #1737 ),
 ( #3518, #1002, #175, #3267, #1300, #3285, #2123, #2163, #2144, #454, #3250, #2718 ),
 ( #731, #2993, #2420, #2698, #1567, #748, #1881, #1021, #3535, #195, #2976, #1859 ),
 ( #1844, #1318, #2441, #1040, #478, #495, #1587, #3557, #766, #3009, #1606, #2738 ),
 ( #2578, #1796, #406, #2300, #1504, #2321, #2628, #3129, #613, #3168, #2279, #2074 ),
 ( #1197, #57, #1488, #2645, #1451, #3399, #1178, #1215, #3150, #1158, #2040, #2354 ),
 ( #667, #1741, #1779, #356, #683, #2058, #3437, #1722, #1999, #3202, #1519, #2857 ),
 ( #2337, #878, #2927, #916, #3457, #113, #334, #2909, #1471, #1234, #3418, #897 ),
 ( #2019, #653, #2613, #634, #2875, #2598, #934, #78, #1761, #2892, #3474, #374 ),
 ( #98, #3186, #390, #950, #2703, #2405, #1043, #1849, #2445, #3523, #2663, #3489 ),
 ( #2386, #3564, #1592, #1268, #2998, #3505, #1288, #3272, #199, #1575, #988, #1830 ),
 ( #1868, #3218, #2681, #130, #1246, #2091, #2168, #1813, #3237, #1008, #2128, #2945 ),
 ( #702, #422, #3013, #460, #2110, #180, #1306, #2426, #738, #968, #1555, #1536 ),
 ( #718, #2981, #145, #2963, #441, #1324, #162, #3255, #3542, #3290, #753, #1027 ),
 ( #2151, #483, #2722, #771, #1886, #500, #1613, #2369, #2790, #2184, #2475, #3339 ),
 ( #3594, #818, #2233, #2530, #1058, #1113, #2462, #3356, #3375, #1920, #2743, #1076 ),
 ( #2810, #1129, #787, #251, #1938, #834, #1372, #1643, #3066, #518, #853, #1974 ),
 ( #3087, #2492, #566, #3306, #1906, #1092, #220, #10, #1407, #2774, #1626, #548 ),
 ( #3036, #1340, #2759, #3611, #236, #1355, #2200, #3051, #1678, #3320, #802, #1661 ),
 ( #1956, #3105, #534, #3577, #2215, #268, #285, #2252, #1390, #2507, #3629, #589 ) ),
 .UNSPECIFIED., .F., .F., .F.,
 ( 4, 2, 2, 2, 2, 2, 2, 2, 2, 2, 4 ),
 ( 4, 2, 2, 2, 2, 4 ),
 ( 0.000000000000000000, 0.1250000000000001110, 0.2500000000000002220, 0.2812500000000002220, 0.3750000000000002776, 0.5000000000000003331, 0.6250000000000002220, 0.7500000000000001110, 0.7812500000000000000, 0.8750000000000000000, 1.000000000000000000 ),
 ( 0.000000000000000000, 0.2379170420427506594, 0.2498245882608331470, 0.2559971429658091102, 0.6279985714829046106, 1.000000000000000000 ),
 .UNSPECIFIED. ) ;
#1153 = EDGE_CURVE ( 'NONE', #1799, #1438, #3038, .T. ) ;
#1154 = CARTESIAN_POINT ( 'NONE',  ( 23.90305340534847645, -3.049864726871419407, -10.38008820036977120 ) ) ;
#1155 = CARTESIAN_POINT ( 'NONE',  ( 21.89269521465645241, -19.80478464862917676, -10.78048001563083957 ) ) ;
#1156 = ORIENTED_EDGE ( 'NONE', *, *, #193, .F. ) ;
#1157 = CARTESIAN_POINT ( 'NONE',  ( 24.14160373166330231, -20.24369010084100040, 22.93565651406123251 ) ) ;
#1158 = CARTESIAN_POINT ( 'NONE',  ( 23.63040363656717346, -20.96698889159382162, -10.59495106142145815 ) ) ;
#1159 = DIRECTION ( 'NONE',  ( 0.000000000000000000, 0.000000000000000000, -1.000000000000000000 ) ) ;
#1160 = VERTEX_POINT ( 'NONE', #1680 ) ;
#1161 = FACE_OUTER_BOUND ( 'NONE', #486, .T. ) ;
#1162 = EDGE_LOOP ( 'NONE', ( #655, #3276, #1436 ) ) ;
#1163 = CIRCLE ( 'NONE', #47, 4.200000000000000178 ) ;
#1164 = CARTESIAN_POINT ( 'NONE',  ( 22.38979911147514201, -3.662514728766611771, 24.29253862920217344 ) ) ;
#1165 = LINE ( 'NONE', #3406, #675 ) ;
#1166 = CARTESIAN_POINT ( 'NONE',  ( 21.49999935925006866, -4.195216025648367264, -10.80000050812959778 ) ) ;
#1167 = CARTESIAN_POINT ( 'NONE',  ( 24.41695567261577793, -2.907064674454356457, 23.65951136195173632 ) ) ;
#1168 = AXIS2_PLACEMENT_3D ( 'NONE', #3619, #1652, #3006 ) ;
#1169 = B_SPLINE_CURVE_WITH_KNOTS ( 'NONE', 3,
 ( #3123, #1659, #565, #267 ),
 .UNSPECIFIED., .F., .F.,
 ( 4, 4 ),
 ( 0.000000000000000000, 1.000000000000000000 ),
 .UNSPECIFIED. ) ;
#1170 = VERTEX_POINT ( 'NONE', #3579 ) ;
#1171 = CARTESIAN_POINT ( 'NONE',  ( 21.92035013712659719, -3.052239286203199953, 24.50583379891551417 ) ) ;
#1172 = CARTESIAN_POINT ( 'NONE',  ( 24.84495539181370205, -2.741412878775634443, 22.77655371396921424 ) ) ;
#1173 = CARTESIAN_POINT ( 'NONE',  ( -23.42702945377912016, -2.499999944120645523, 28.40000018477439880 ) ) ;
#1174 = CARTESIAN_POINT ( 'NONE',  ( 22.88243876331841875, -3.895542270408963947, -10.48574357845913063 ) ) ;
#1175 = CARTESIAN_POINT ( 'NONE',  ( 21.49999935925006866, -19.80478464862917676, -10.80000050812959778 ) ) ;
#1176 = ORIENTED_EDGE ( 'NONE', *, *, #2098, .F. ) ;
#1177 = CARTESIAN_POINT ( 'NONE',  ( 24.31119095445421152, -21.15186400622793528, 24.07616184521470615 ) ) ;
#1178 = CARTESIAN_POINT ( 'NONE',  ( 23.04623311630169269, -20.26415772977380314, -10.44187220510162639 ) ) ;
#1179 = CARTESIAN_POINT ( 'NONE',  ( 22.23177129847228173, -20.84519905388224359, 24.43599114645431669 ) ) ;
#1180 = ORIENTED_EDGE ( 'NONE', *, *, #75, .F. ) ;
#1181 = EDGE_CURVE ( 'NONE', #3447, #2947, #1357, .T. ) ;
#1182 = ORIENTED_EDGE ( 'NONE', *, *, #3488, .T. ) ;
#1183 = CARTESIAN_POINT ( 'NONE',  ( 24.57796288035799037, -3.111788060531724742, -8.106768694652259910 ) ) ;
#1184 = VERTEX_POINT ( 'NONE', #2761 ) ;
#1185 = CARTESIAN_POINT ( 'NONE',  ( 21.68180154180489438, -3.657001283084636789, 24.40000018477440236 ) ) ;
#1186 = CARTESIAN_POINT ( 'NONE',  ( 25.13223123661669334, -21.44862733928852450, -10.32892801759609647 ) ) ;
#1187 = CARTESIAN_POINT ( 'NONE',  ( 24.49999935925006866, -3.499999944120645523, -10.80000050812959245 ) ) ;
#1188 = CARTESIAN_POINT ( 'NONE',  ( 24.27366522098563095, -3.509387212460063576, 22.79552772534603022 ) ) ;
#1189 = EDGE_LOOP ( 'NONE', ( #2596, #118, #2277, #2428, #2929, #843 ) ) ;
#1190 = CARTESIAN_POINT ( 'NONE',  ( 21.88309774806069896, -20.92904399628816492, 24.49669871273273358 ) ) ;
#1191 = CARTESIAN_POINT ( 'NONE',  ( 24.65483700028865854, -2.965465348608390617, 22.01921961343719403 ) ) ;
#1192 = LINE ( 'NONE', #2571, #1630 ) ;
#1193 = CARTESIAN_POINT ( 'NONE',  ( 23.96776308742133921, -2.827277165891238564, -10.80665222441025186 ) ) ;
#1194 = CARTESIAN_POINT ( 'NONE',  ( 21.49999935925006866, -3.499999944120646411, 24.40000018477439880 ) ) ;
#1195 = ORIENTED_EDGE ( 'NONE', *, *, #1762, .T. ) ;
#1196 = CARTESIAN_POINT ( 'NONE',  ( 24.22215600121178269, -20.10573223546847998, 22.69297206127562561 ) ) ;
#1197 = CARTESIAN_POINT ( 'NONE',  ( 22.91573666073600180, -19.80478464862917676, -10.44892431226703167 ) ) ;
#1198 = CARTESIAN_POINT ( 'NONE',  ( 22.59411689719609839, -21.14053207071886220, 24.61846894235859651 ) ) ;
#1199 = AXIS2_PLACEMENT_3D ( 'NONE', #3522, #405, #2109 ) ;
#1200 = ORIENTED_EDGE ( 'NONE', *, *, #70, .F. ) ;
#1201 = EDGE_LOOP ( 'NONE', ( #1506, #1670, #2581, #883 ) ) ;
#1202 = VECTOR ( 'NONE', #2382, 1000.000000000000000 ) ;
#1203 = CARTESIAN_POINT ( 'NONE',  ( 24.51923857474674406, -3.304384937229076336, -7.873065248352681067 ) ) ;
#1204 = ORIENTED_EDGE ( 'NONE', *, *, #2180, .F. ) ;
#1205 = CARTESIAN_POINT ( 'NONE',  ( 23.08502734052128602, -3.906059526576919794, 23.97120763304554458 ) ) ;
#1206 = CARTESIAN_POINT ( 'NONE',  ( 5.499999810010200108, -2.499999944120645523, -11.80000050812959600 ) ) ;
#1207 = CARTESIAN_POINT ( 'NONE',  ( 24.10333872296356006, -4.195216025648363711, 22.90335126958575174 ) ) ;
#1208 = ORIENTED_EDGE ( 'NONE', *, *, #1875, .T. ) ;
#1209 = CARTESIAN_POINT ( 'NONE',  ( 21.52553237025461286, -3.383427423197110429, 24.40672218711872787 ) ) ;
#1210 = CARTESIAN_POINT ( 'NONE',  ( 25.15533269667224658, -21.50000073015689850, 25.31383351913205715 ) ) ;
#1211 = CARTESIAN_POINT ( 'NONE',  ( 23.39729120545448993, -3.780151055983572039, -10.20528796907697000 ) ) ;
#1212 = CARTESIAN_POINT ( 'NONE',  ( 23.97361611754469024, -2.848136668049580322, -10.81373700547952232 ) ) ;
#1213 = CARTESIAN_POINT ( 'NONE',  ( 24.49999935925006866, -5.282485915866560688, 11.91751425959459176 ) ) ;
#1214 = ORIENTED_EDGE ( 'NONE', *, *, #2459, .T. ) ;
#1215 = CARTESIAN_POINT ( 'NONE',  ( 23.15802404240168499, -20.47582341728074695, -10.44550881736696724 ) ) ;
#1216 = CARTESIAN_POINT ( 'NONE',  ( 22.26477526600611867, -20.18568817491026124, 24.30545663941781953 ) ) ;
#1217 = ORIENTED_EDGE ( 'NONE', *, *, #3429, .T. ) ;
#1218 = ORIENTED_EDGE ( 'NONE', *, *, #32, .F. ) ;
#1219 = CARTESIAN_POINT ( 'NONE',  ( 22.28524301232791416, -4.195216025648363711, 24.32191821477934823 ) ) ;
#1220 = EDGE_CURVE ( 'NONE', #3421, #666, #1393, .T. ) ;
#1221 = ADVANCED_FACE ( 'NONE', ( #820 ), #2813, .F. ) ;
#1222 = CARTESIAN_POINT ( 'NONE',  ( 23.04416460860132077, -4.059650534830394619, 23.97606839561780845 ) ) ;
#1223 = DIRECTION ( 'NONE',  ( 1.000000000000000000, 0.000000000000000000, 0.000000000000000000 ) ) ;
#1224 = CARTESIAN_POINT ( 'NONE',  ( 24.49999935925007222, -3.657001283084627463, 21.58180236732922808 ) ) ;
#1225 = AXIS2_PLACEMENT_3D ( 'NONE', #3012, #3035, #1323 ) ;
#1226 = CARTESIAN_POINT ( 'NONE',  ( -23.42702945377912016, -3.500000108033418655, -14.80000050812959600 ) ) ;
#1227 = EDGE_CURVE ( 'NONE', #3160, #1987, #2762, .T. ) ;
#1228 = CARTESIAN_POINT ( 'NONE',  ( 21.92035013712128944, -20.94776138807079846, -10.90583412226894389 ) ) ;
#1229 = ADVANCED_FACE ( 'NONE', ( #238 ), #1116, .T. ) ;
#1230 = AXIS2_PLACEMENT_3D ( 'NONE', #3126, #74, #1698 ) ;
#1231 = CARTESIAN_POINT ( 'NONE',  ( 23.45996202715587131, -3.013199243785630088, -10.70428732620884205 ) ) ;
#1232 = CARTESIAN_POINT ( 'NONE',  ( 24.49999935925006866, -12.00000033713877201, 3.799999838322400514 ) ) ;
#1233 = ORIENTED_EDGE ( 'NONE', *, *, #568, .T. ) ;
#1234 = CARTESIAN_POINT ( 'NONE',  ( 23.82814921658507501, -20.95372020255328138, -10.44598007294798769 ) ) ;
#1235 = CARTESIAN_POINT ( 'NONE',  ( 24.97291491754105408, -2.650187028645540899, -9.691662741293544769 ) ) ;
#1236 = VERTEX_POINT ( 'NONE', #3378 ) ;
#1237 = ORIENTED_EDGE ( 'NONE', *, *, #2910, .T. ) ;
#1238 = DIRECTION ( 'NONE',  ( 8.274065807500925713E-08, 0.9999999999999965583, 0.000000000000000000 ) ) ;
#1239 = CARTESIAN_POINT ( 'NONE',  ( 23.39590538375199813, -3.345486611151603284, 24.01981348782296521 ) ) ;
#1240 = CARTESIAN_POINT ( 'NONE',  ( 24.49999935925006866, -4.195216025648363711, 21.59638512691132561 ) ) ;
#1241 = FACE_OUTER_BOUND ( 'NONE', #2615, .T. ) ;
#1242 = CARTESIAN_POINT ( 'NONE',  ( 22.06464474156118172, -21.01266231442804155, 24.54130292225470455 ) ) ;
#1243 = CARTESIAN_POINT ( 'NONE',  ( 21.71300072719506957, -20.82639485550247116, -10.85475091966184991 ) ) ;
#1244 = CARTESIAN_POINT ( 'NONE',  ( 23.04151539580866981, -3.316730481565463240, -10.60971594237350857 ) ) ;
#1245 = CARTESIAN_POINT ( 'NONE',  ( 21.89464532808049668, -3.065053693549282698, -10.89953156876293328 ) ) ;
#1246 = CARTESIAN_POINT ( 'NONE',  ( 24.10093065950022506, -20.24538375018136804, -9.415482621798309637 ) ) ;
#1247 = CARTESIAN_POINT ( 'NONE',  ( 24.50008748355833532, -3.484728749802157299, -7.800353005362720360 ) ) ;
#1248 = ORIENTED_EDGE ( 'NONE', *, *, #837, .T. ) ;
#1249 = ADVANCED_FACE ( 'NONE', ( #1925 ), #2281, .T. ) ;
#1250 = DIRECTION ( 'NONE',  ( 0.000000000000000000, 0.000000000000000000, -1.000000000000000000 ) ) ;
#1251 = ORIENTED_EDGE ( 'NONE', *, *, #2944, .T. ) ;
#1252 = CARTESIAN_POINT ( 'NONE',  ( 24.60261244315100981, -3.043111787170472482, 16.22322566877499384 ) ) ;
#1253 = CIRCLE ( 'NONE', #2842, 1.000000000000000888 ) ;
#1254 = EDGE_CURVE ( 'NONE', #991, #869, #3613, .T. ) ;
#1255 = CARTESIAN_POINT ( 'NONE',  ( 22.48785301049009178, -2.826013131173393589, -11.04696392093959822 ) ) ;
#1256 = CARTESIAN_POINT ( 'NONE',  ( 23.75412144488468513, -2.781598860045676247, 24.59196222043047086 ) ) ;
#1257 = DIRECTION ( 'NONE',  ( -0.1111111111111108690, 0.9938079899999066047, 0.000000000000000000 ) ) ;
#1258 = CARTESIAN_POINT ( 'NONE',  ( 24.29362282030401587, -3.721735077061351760, 22.61135921016022365 ) ) ;
#1259 = ADVANCED_FACE ( 'NONE', ( #1615 ), #2510, .T. ) ;
#1260 = AXIS2_PLACEMENT_3D ( 'NONE', #3334, #6, #1935 ) ;
#1261 = DIRECTION ( 'NONE',  ( 0.000000000000000000, 0.000000000000000000, -1.000000000000000000 ) ) ;
#1262 = CARTESIAN_POINT ( 'NONE',  ( 5.499999810010203660, -21.50000073015689850, -11.80000050812959600 ) ) ;
#1263 = AXIS2_PLACEMENT_3D ( 'NONE', #1454, #3403, #40 ) ;
#1264 = CARTESIAN_POINT ( 'NONE',  ( 21.59319000922218379, -20.72012416066424478, -10.82444803763791619 ) ) ;
#1265 = CARTESIAN_POINT ( 'NONE',  ( 22.26477526600601919, -3.814312499367362719, -10.70545696277301495 ) ) ;
#1266 = CARTESIAN_POINT ( 'NONE',  ( 24.51373585659999321, -2.848136668049579878, -10.27361726642421225 ) ) ;
#1267 = EDGE_CURVE ( 'NONE', #1375, #3456, #1409, .T. ) ;
#1268 = CARTESIAN_POINT ( 'NONE',  ( 23.90528682019744622, -20.21984961829397420, -9.697292354334015485 ) ) ;
#1269 = CARTESIAN_POINT ( 'NONE',  ( 24.57654923484583165, -3.091348124442324874, -8.282265897555239675 ) ) ;
#1270 = EDGE_LOOP ( 'NONE', ( #3096, #895, #2837, #604, #1326, #3430 ) ) ;
#1271 = CARTESIAN_POINT ( 'NONE',  ( 24.73637263867333047, -21.14590331641263532, -8.743190416696275946 ) ) ;
#1272 = CARTESIAN_POINT ( 'NONE',  ( 25.18891235298186970, -2.538926420631994585, -2.116072742773130066 ) ) ;
#1273 = ADVANCED_FACE ( 'NONE', ( #1094 ), #223, .T. ) ;
#1274 = CARTESIAN_POINT ( 'NONE',  ( 24.49999935925006866, -20.50000073015689850, -7.800000508129598664 ) ) ;
#1275 = CARTESIAN_POINT ( 'NONE',  ( 24.10734830872089773, -2.843949581982030850, 24.27740751003359421 ) ) ;
#1276 = CARTESIAN_POINT ( 'NONE',  ( 5.499999810010193002, -20.50000073015689850, 25.40000018477439880 ) ) ;
#1277 = CARTESIAN_POINT ( 'NONE',  ( 24.36063544406243864, -3.691270723633108819, 22.41054572984010562 ) ) ;
#1278 =( BOUNDED_CURVE ( )  B_SPLINE_CURVE ( 3, ( #2863, #1186, #3157, #1527 ),
 .UNSPECIFIED., .F., .T. ) 
 B_SPLINE_CURVE_WITH_KNOTS ( ( 4, 4 ),
 ( 4.157222903551911486, 4.712388980384689674 ),
 .UNSPECIFIED. ) 
 CURVE ( )  GEOMETRIC_REPRESENTATION_ITEM ( )  RATIONAL_B_SPLINE_CURVE ( ( 1.000000000000000000, 0.9744803810316340353, 0.9744803810316340353, 1.000000000000000000 ) ) 
 REPRESENTATION_ITEM ( '' )  );
#1279 = CARTESIAN_POINT ( 'NONE',  ( 19.21510088161109664, -13.98775601230313903, 26.40000018477439880 ) ) ;
#1280 = DIRECTION ( 'NONE',  ( 0.000000000000000000, 0.000000000000000000, 1.000000000000000000 ) ) ;
#1281 = CARTESIAN_POINT ( 'NONE',  ( 21.66627908944061431, -20.49973715523253048, -10.80000050812959778 ) ) ;
#1282 = DIRECTION ( 'NONE',  ( 1.000000000000000000, 0.000000000000000000, 0.000000000000000000 ) ) ;
#1283 = VECTOR ( 'NONE', #2053, 1000.000000000000000 ) ;
#1284 = CARTESIAN_POINT ( 'NONE',  ( 22.66790189282952284, -3.251494149113698828, -10.73425613691439473 ) ) ;
#1285 = AXIS2_PLACEMENT_3D ( 'NONE', #1350, #3007, #2470 ) ;
#1286 = DIRECTION ( 'NONE',  ( 0.000000000000000000, 0.000000000000000000, 1.000000000000000000 ) ) ;
#1287 = AXIS2_PLACEMENT_3D ( 'NONE', #2219, #1631, #1940 ) ;
#1288 = CARTESIAN_POINT ( 'NONE',  ( 23.90771306152566567, -20.23994971913265317, -9.703701908496528361 ) ) ;
#1289 = CARTESIAN_POINT ( 'NONE',  ( 24.33488856570821923, -3.885632208528436493, -8.827924632522639925 ) ) ;
#1290 = ORIENTED_EDGE ( 'NONE', *, *, #2041, .F. ) ;
#1291 = CARTESIAN_POINT ( 'NONE',  ( 24.75380179339548192, -21.16614314899695515, -8.812327696922121589 ) ) ;
#1292 = VERTEX_POINT ( 'NONE', #1213 ) ;
#1293 = CARTESIAN_POINT ( 'NONE',  ( 24.49999935925007222, -3.380736127349402320, -2.933094751393142907 ) ) ;
#1294 = CARTESIAN_POINT ( 'NONE',  ( 24.50161827398013159, -20.55878085279020695, -7.806318730227800984 ) ) ;
#1295 = CARTESIAN_POINT ( 'NONE',  ( 23.53026630174027289, -3.788895790883903825, 23.69328954617262895 ) ) ;
#1296 = CYLINDRICAL_SURFACE ( 'NONE', #433, 1.000000000000000888 ) ;
#1297 = CARTESIAN_POINT ( 'NONE',  ( 24.63002645698709614, -2.854383564813878227, 23.29008376633338173 ) ) ;
#1298 = DIRECTION ( 'NONE',  ( -0.000000000000000000, -0.000000000000000000, -1.000000000000000000 ) ) ;
#1299 = CYLINDRICAL_SURFACE ( 'NONE', #502, 1.600000000000000755 ) ;
#1300 = CARTESIAN_POINT ( 'NONE',  ( 22.38453546792426607, -20.32691281683782236, -10.69264298384026191 ) ) ;
#1301 = DIRECTION ( 'NONE',  ( -0.000000000000000000, -0.000000000000000000, -1.000000000000000000 ) ) ;
#1302 = B_SPLINE_CURVE_WITH_KNOTS ( 'NONE', 3,
 ( #2884, #1479, #2460, #2443, #3521, #1369, #1005, #2165, #1590, #3539 ),
 .UNSPECIFIED., .F., .F.,
 ( 4, 2, 2, 2, 4 ),
 ( 0.000000000000000000, 0.0004683082150587635655, 0.0009366164301175271311, 0.001404924645176290751, 0.001873232860235054262 ),
 .UNSPECIFIED. ) ;
#1303 = CARTESIAN_POINT ( 'NONE',  ( 22.71135838463589707, -3.721735077061347319, -10.59362396918354321 ) ) ;
#1304 = DIRECTION ( 'NONE',  ( 0.000000000000000000, 0.000000000000000000, 1.000000000000000000 ) ) ;
#1305 = CARTESIAN_POINT ( 'NONE',  ( 5.499999810010200108, -3.499999944120644635, -10.80000050812959600 ) ) ;
#1306 = CARTESIAN_POINT ( 'NONE',  ( 24.18412501740436227, -20.26922085026597387, -9.271714503562918708 ) ) ;
#1307 = CARTESIAN_POINT ( 'NONE',  ( 24.58568130207536839, -3.069483026917789292, -8.142728279430828664 ) ) ;
#1308 = ORIENTED_EDGE ( 'NONE', *, *, #1531, .F. ) ;
#1309 = DIRECTION ( 'NONE',  ( 0.000000000000000000, 0.000000000000000000, 1.000000000000000000 ) ) ;
#1310 = ORIENTED_EDGE ( 'NONE', *, *, #3241, .T. ) ;
#1311 = CARTESIAN_POINT ( 'NONE',  ( 24.39513544684932711, -20.17139773278933035, 22.21766521858056009 ) ) ;
#1312 = LINE ( 'NONE', #1819, #1060 ) ;
#1313 = CARTESIAN_POINT ( 'NONE',  ( 24.44616221906911591, -2.890047717430514140, -10.74616336794951188 ) ) ;
#1314 = CARTESIAN_POINT ( 'NONE',  ( 24.63331105968167023, -3.000457606360535934, -8.332329508665324624 ) ) ;
#1315 = ORIENTED_EDGE ( 'NONE', *, *, #603, .F. ) ;
#1316 = CARTESIAN_POINT ( 'NONE',  ( 24.67867225050285285, -21.07059129320775526, 22.11459236676837747 ) ) ;
#1317 = CARTESIAN_POINT ( 'NONE',  ( 23.75412144488479171, -21.21840181423189620, -10.99196254378570003 ) ) ;
#1318 = CARTESIAN_POINT ( 'NONE',  ( 22.69340048684751210, -19.94401663851893503, -10.55285417660457092 ) ) ;
#1319 = LINE ( 'NONE', #247, #1747 ) ;
#1320 = AXIS2_PLACEMENT_3D ( 'NONE', #959, #1750, #659 ) ;
#1321 = AXIS2_PLACEMENT_3D ( 'NONE', #249, #178, #1304 ) ;
#1322 = CARTESIAN_POINT ( 'NONE',  ( 24.49999935925006866, -18.71751475841098511, 11.91751425959459176 ) ) ;
#1323 = DIRECTION ( 'NONE',  ( 1.000000000000000000, 0.000000000000000000, 0.000000000000000000 ) ) ;
#1324 = CARTESIAN_POINT ( 'NONE',  ( 24.27600435000988099, -20.27194942408243605, -9.058184521641779341 ) ) ;
#1325 = CARTESIAN_POINT ( 'NONE',  ( 24.07716077708895241, -3.743364603522230549, -9.457223307048288063 ) ) ;
#1326 = ORIENTED_EDGE ( 'NONE', *, *, #2944, .F. ) ;
#1327 = CARTESIAN_POINT ( 'NONE',  ( -23.42702945377912016, -3.499999944120645523, 25.40000018477439880 ) ) ;
#1328 = CARTESIAN_POINT ( 'NONE',  ( 24.53599032092999366, -20.84519905388220806, 22.13177212399662253 ) ) ;
#1329 = DIRECTION ( 'NONE',  ( 0.000000000000000000, 0.000000000000000000, -1.000000000000000000 ) ) ;
#1330 = CARTESIAN_POINT ( 'NONE',  ( 5.499999810010197443, -11.99999994412064552, -13.80000050812959778 ) ) ;
#1331 = CARTESIAN_POINT ( 'NONE',  ( 24.61018135227903514, -3.043659011430334793, -8.238088332015180981 ) ) ;
#1332 = ADVANCED_FACE ( 'NONE', ( #1996 ), #1449, .T. ) ;
#1333 = DIRECTION ( 'NONE',  ( -0.000000000000000000, 0.000000000000000000, 1.000000000000000000 ) ) ;
#1334 = CARTESIAN_POINT ( 'NONE',  ( 38.50000001490116119, -5.282485915866560688, 15.11751425959459283 ) ) ;
#1335 = DIRECTION ( 'NONE',  ( -1.000000000000000000, 0.000000000000000000, 0.000000000000000000 ) ) ;
#1336 = EDGE_CURVE ( 'NONE', #2931, #1236, #2695, .T. ) ;
#1337 = CARTESIAN_POINT ( 'NONE',  ( 1.792878659388874585, -12.00014003230332449, 28.40000018477439880 ) ) ;
#1338 = DIRECTION ( 'NONE',  ( 1.000000000000000000, 0.000000000000000000, 0.000000000000000000 ) ) ;
#1339 = ADVANCED_FACE ( 'NONE', ( #2275 ), #2958, .F. ) ;
#1340 = CARTESIAN_POINT ( 'NONE',  ( 24.49999935925006866, -20.03123921079366099, -7.996385450266521921 ) ) ;
#1341 = AXIS2_PLACEMENT_3D ( 'NONE', #928, #662, #2678 ) ;
#1342 = CARTESIAN_POINT ( 'NONE',  ( 24.23925902782145414, -3.731551494155244342, -9.142793434194883773 ) ) ;
#1343 = DIRECTION ( 'NONE',  ( 1.000000000000000000, 0.000000000000000000, 0.000000000000000000 ) ) ;
#1344 = ORIENTED_EDGE ( 'NONE', *, *, #3553, .T. ) ;
#1345 = CARTESIAN_POINT ( 'NONE',  ( 24.83951834436148687, -21.26707630777812241, 22.75807612522006806 ) ) ;
#1346 = AXIS2_PLACEMENT_3D ( 'NONE', #3350, #42, #1709 ) ;
#1347 = CARTESIAN_POINT ( 'NONE',  ( 22.55688444651619307, -19.94798153527858986, 24.20808055507484724 ) ) ;
#1348 = DIRECTION ( 'NONE',  ( -1.000000000000000000, 0.000000000000000000, 0.000000000000000000 ) ) ;
#1349 = CARTESIAN_POINT ( 'NONE',  ( 5.499999810010200108, -12.00000073015689672, -10.80000050812959600 ) ) ;
#1350 = CARTESIAN_POINT ( 'NONE',  ( -23.42702945377912016, -3.499999944120645523, -13.80000050812959778 ) ) ;
#1351 = CARTESIAN_POINT ( 'NONE',  ( 10.44287865938887627, -12.00014003230332449, -13.60000050812959316 ) ) ;
#1352 = CARTESIAN_POINT ( 'NONE',  ( -23.42702945377912016, -21.50000073015689850, 28.40000018477439880 ) ) ;
#1353 = CARTESIAN_POINT ( 'NONE',  ( 24.75011045464777837, -21.50000073015689850, -11.61252828197902254 ) ) ;
#1354 = LINE ( 'NONE', #3562, #982 ) ;
#1355 = CARTESIAN_POINT ( 'NONE',  ( 24.50018835400495476, -20.51842781817622097, -7.967258826802181559 ) ) ;
#1356 = CARTESIAN_POINT ( 'NONE',  ( 24.33105645388421578, -3.716691165331596380, -8.933649541541374361 ) ) ;
#1357 = LINE ( 'NONE', #2477, #1574 ) ;
#1358 = CARTESIAN_POINT ( 'NONE',  ( 24.50027257554125626, -20.52223727077956994, 21.56753156617191536 ) ) ;
#1359 = CARTESIAN_POINT ( 'NONE',  ( 23.12201092939045211, -20.25901983527283789, 24.00136841912232910 ) ) ;
#1360 = EDGE_CURVE ( 'NONE', #2262, #1598, #2990, .T. ) ;
#1361 = CARTESIAN_POINT ( 'NONE',  ( 25.49999935925006866, -20.50000073015689850, 0.000000000000000000 ) ) ;
#1362 = VERTEX_POINT ( 'NONE', #1194 ) ;
#1363 = CARTESIAN_POINT ( 'NONE',  ( 24.51373585659995769, -2.848136668049614517, 23.87361694306894577 ) ) ;
#1364 = CARTESIAN_POINT ( 'NONE',  ( -3.000000189989808774, -12.00000002686130429, 28.40000018477439880 ) ) ;
#1365 = CARTESIAN_POINT ( 'NONE',  ( 25.49999935925006866, -2.499999944120645523, 25.40000018477439880 ) ) ;
#1366 = CARTESIAN_POINT ( 'NONE',  ( 5.492878659388874318, -12.00014003230332449, -2.800000508129592891 ) ) ;
#1367 = EDGE_CURVE ( 'NONE', #2305, #2866, #1460, .T. ) ;
#1368 = AXIS2_PLACEMENT_3D ( 'NONE', #440, #111, #1829 ) ;
#1369 = CARTESIAN_POINT ( 'NONE',  ( 24.66267250472868966, -21.06103957099959345, 16.12284889175145608 ) ) ;
#1370 = CARTESIAN_POINT ( 'NONE',  ( 28.50000001490116119, -5.282485684519935276, 1.682485648396842448 ) ) ;
#1371 = CIRCLE ( 'NONE', #1840, 13.00000000000000178 ) ;
#1372 = CARTESIAN_POINT ( 'NONE',  ( 24.40308925863373091, -20.35601295068595107, -8.631229305576313848 ) ) ;
#1373 = CARTESIAN_POINT ( 'NONE',  ( 24.08696384931026202, -3.532471930814823580, -9.555598363413510654 ) ) ;
#1374 = CARTESIAN_POINT ( 'NONE',  ( 10.44287865938887627, -12.00014003230332449, -13.60000050812959316 ) ) ;
#1375 = VERTEX_POINT ( 'NONE', #2400 ) ;
#1376 = CARTESIAN_POINT ( 'NONE',  ( 24.23925902782144703, -20.26844918012226771, 22.74279311083968125 ) ) ;
#1377 = CARTESIAN_POINT ( 'NONE',  ( 22.37200219491944253, -19.80478464862918386, 24.27414961578589470 ) ) ;
#1378 = FACE_OUTER_BOUND ( 'NONE', #2248, .T. ) ;
#1379 = ORIENTED_EDGE ( 'NONE', *, *, #727, .T. ) ;
#1380 = EDGE_CURVE ( 'NONE', #2061, #2912, #3511, .T. ) ;
#1381 = DIRECTION ( 'NONE',  ( 0.000000000000000000, 9.340818716798189923E-16, -1.000000000000000000 ) ) ;
#1382 = PRODUCT_DEFINITION ( 'UNKNOWN', '', #202, #2712 ) ;
#1383 = FACE_OUTER_BOUND ( 'NONE', #1029, .T. ) ;
#1384 = LINE ( 'NONE', #3369, #3025 ) ;
#1385 = CARTESIAN_POINT ( 'NONE',  ( 22.82945297835405896, -4.195216025648367264, -10.49649938942791572 ) ) ;
#1386 = ADVANCED_FACE ( 'NONE', ( #1430 ), #1152, .F. ) ;
#1387 = ORIENTED_EDGE ( 'NONE', *, *, #3335, .T. ) ;
#1388 = CARTESIAN_POINT ( 'NONE',  ( 22.21459154132226033, -2.929409381042078930, 24.57867307604630014 ) ) ;
#1389 = CARTESIAN_POINT ( 'NONE',  ( 24.54954340920637890, -3.189093072192929146, 21.59214365786359480 ) ) ;
#1390 = CARTESIAN_POINT ( 'NONE',  ( 24.58568130207538260, -20.93051764735975695, -8.142728279430839322 ) ) ;
#1391 = B_SPLINE_CURVE_WITH_KNOTS ( 'NONE', 3,
 ( #3534, #1052, #2717, #2178, #1317, #3556, #1880, #3303, #514, #232, #1916, #2471, #3589, #2195, #3315, #798, #3045, #1145, #1967, #3607, #3351, #2541 ),
 .UNSPECIFIED., .F., .F.,
 ( 4, 2, 2, 2, 2, 2, 2, 2, 2, 2, 4 ),
 ( 0.000000000000000000, 0.1250000000000001110, 0.2500000000000002220, 0.2812500000000002220, 0.3750000000000002776, 0.5000000000000003331, 0.6250000000000002220, 0.7500000000000001110, 0.7812500000000000000, 0.8750000000000000000, 1.000000000000000000 ),
 .UNSPECIFIED. ) ;
#1392 = CARTESIAN_POINT ( 'NONE',  ( 24.25285302772504181, -4.195216025648367264, -8.993401635727044763 ) ) ;
#1393 = LINE ( 'NONE', #804, #2103 ) ;
#1394 = CARTESIAN_POINT ( 'NONE',  ( 23.90728877451683587, -20.23652830066480490, 23.30259378513536461 ) ) ;
#1395 = CARTESIAN_POINT ( 'NONE',  ( 23.82814921658502172, -20.95372020255322809, 24.04597974959276385 ) ) ;
#1396 = CARTESIAN_POINT ( 'NONE',  ( 5.499999810010197443, -2.499999944120645523, -13.80000050812959778 ) ) ;
#1397 = VERTEX_POINT ( 'NONE', #2013 ) ;
#1398 = DIRECTION ( 'NONE',  ( -1.000000000000000000, 0.000000000000000000, 0.000000000000000000 ) ) ;
#1399 = CIRCLE ( 'NONE', #701, 3.700000000000000178 ) ;
#1400 = ORIENTED_EDGE ( 'NONE', *, *, #1360, .F. ) ;
#1401 = CARTESIAN_POINT ( 'NONE',  ( 22.48785301049003493, -2.826013131173406912, 24.64696359758439215 ) ) ;
#1402 = CARTESIAN_POINT ( 'NONE',  ( 38.50000001490116119, -5.282485915866560688, 13.51751425959459141 ) ) ;
#1403 = LINE ( 'NONE', #3387, #3079 ) ;
#1404 = ORIENTED_EDGE ( 'NONE', *, *, #3231, .F. ) ;
#1405 = CARTESIAN_POINT ( 'NONE',  ( 21.86265502522153525, -3.081098679161660137, 24.49168697683367313 ) ) ;
#1406 = CARTESIAN_POINT ( 'NONE',  ( 24.49999935925006511, -3.485508904575172373, 21.40000018477440236 ) ) ;
#1407 = CARTESIAN_POINT ( 'NONE',  ( 24.53599032093004695, -20.84519905388218319, -8.531772447351849920 ) ) ;
#1408 = CARTESIAN_POINT ( 'NONE',  ( 23.53184176761610757, -3.782311275011478902, -10.09441433701077706 ) ) ;
#1409 = LINE ( 'NONE', #2257, #351 ) ;
#1410 = VERTEX_POINT ( 'NONE', #1151 ) ;
#1411 = CARTESIAN_POINT ( 'NONE',  ( 24.14597892406842305, -20.95372020255323164, 23.72815004210935186 ) ) ;
#1412 = ADVANCED_FACE ( 'NONE', ( #2295 ), #2869, .T. ) ;
#1413 = AXIS2_PLACEMENT_3D ( 'NONE', #1327, #463, #2389 ) ;
#1414 = CARTESIAN_POINT ( 'NONE',  ( 22.60269882584316647, -19.80478464862918386, 24.19042371136714209 ) ) ;
#1415 = DIRECTION ( 'NONE',  ( 0.000000000000000000, 0.000000000000000000, 1.000000000000000000 ) ) ;
#1416 = ORIENTED_EDGE ( 'NONE', *, *, #1447, .F. ) ;
#1417 = FACE_BOUND ( 'NONE', #2220, .T. ) ;
#1418 = VERTEX_POINT ( 'NONE', #72 ) ;
#1419 = CARTESIAN_POINT ( 'NONE',  ( 22.46664633433661962, -4.051075037129412415, 24.24677849854380085 ) ) ;
#1420 = CARTESIAN_POINT ( 'NONE',  ( 25.49999935925006866, -2.499999944120645523, 25.40000018477439880 ) ) ;
#1421 = CARTESIAN_POINT ( 'NONE',  ( 24.48047886675131224, -4.195216025648364599, -8.192696363535986848 ) ) ;
#1422 = ADVANCED_FACE ( 'NONE', ( #328, #3413 ), #51, .T. ) ;
#1423 = CARTESIAN_POINT ( 'NONE',  ( 24.10333872296356006, -4.059132075171758558, 22.90335126958575174 ) ) ;
#1424 = ORIENTED_EDGE ( 'NONE', *, *, #3488, .F. ) ;
#1425 = CARTESIAN_POINT ( 'NONE',  ( 21.62619350807317886, -3.243321971026678519, 24.43293792662821318 ) ) ;
#1426 = CARTESIAN_POINT ( 'NONE',  ( 24.50031435614765130, -3.470848806686689159, 21.40126382919404335 ) ) ;
#1427 = LINE ( 'NONE', #1466, #987 ) ;
#1428 = VECTOR ( 'NONE', #1035, 1000.000000000000000 ) ;
#1429 = CARTESIAN_POINT ( 'NONE',  ( 23.67687455310181477, -3.366568972054459596, -10.20091517346949317 ) ) ;
#1430 = FACE_OUTER_BOUND ( 'NONE', #3090, .T. ) ;
#1431 = ORIENTED_EDGE ( 'NONE', *, *, #715, .F. ) ;
#1432 = CARTESIAN_POINT ( 'NONE',  ( 23.77028372224754449, -20.07263535925100228, 23.39798187922988859 ) ) ;
#1433 = CARTESIAN_POINT ( 'NONE',  ( 21.90764107161434282, -20.45685003187731965, 24.37709286130283814 ) ) ;
#1434 = CIRCLE ( 'NONE', #2551, 2.000000000000001776 ) ;
#1435 = DIRECTION ( 'NONE',  ( 0.000000000000000000, 0.000000000000000000, -1.000000000000000000 ) ) ;
#1436 = ORIENTED_EDGE ( 'NONE', *, *, #1062, .F. ) ;
#1437 = FACE_OUTER_BOUND ( 'NONE', #3620, .T. ) ;
#1438 = VERTEX_POINT ( 'NONE', #873 ) ;
#1439 = CARTESIAN_POINT ( 'NONE',  ( 22.59411689719613037, -2.859468603558586786, 24.61846894235859651 ) ) ;
#1440 = CARTESIAN_POINT ( 'NONE',  ( 25.32340855063123541, -2.511327333383282845, 24.69363694996400227 ) ) ;
#1441 = LINE ( 'NONE', #1187, #319 ) ;
#1442 = CARTESIAN_POINT ( 'NONE',  ( 24.31119095445420797, -2.848136668049610520, 24.07616184521470615 ) ) ;
#1443 = ORIENTED_EDGE ( 'NONE', *, *, #880, .F. ) ;
#1444 = CARTESIAN_POINT ( 'NONE',  ( 22.58310674501007398, -2.813885966509924952, 24.67162866346540895 ) ) ;
#1445 = CARTESIAN_POINT ( 'NONE',  ( 24.64936359466692650, -2.974219150617567031, 21.99717423006764605 ) ) ;
#1446 = DIRECTION ( 'NONE',  ( 0.000000000000000000, 0.000000000000000000, 1.000000000000000000 ) ) ;
#1447 = EDGE_CURVE ( 'NONE', #2114, #2093, #3225, .T. ) ;
#1448 = CARTESIAN_POINT ( 'NONE',  ( 23.04655699578936634, -3.904070843601666674, -10.39717297976536159 ) ) ;
#1449 = CYLINDRICAL_SURFACE ( 'NONE', #929, 1.000000000000000888 ) ;
#1450 = CARTESIAN_POINT ( 'NONE',  ( 24.23996382461321275, -20.66988328605173209, 23.08652647103840394 ) ) ;
#1451 = CARTESIAN_POINT ( 'NONE',  ( 23.03911584983791982, -20.25047427758708096, -10.44167728112943649 ) ) ;
#1452 = CARTESIAN_POINT ( 'NONE',  ( 21.49999935925006866, -20.03652334247174593, 24.40000018477439880 ) ) ;
#1453 = EDGE_LOOP ( 'NONE', ( #619, #2539, #925, #166 ) ) ;
#1454 = CARTESIAN_POINT ( 'NONE',  ( 5.492878659388874318, -12.00014003230332449, -13.60000050812959316 ) ) ;
#1455 = ORIENTED_EDGE ( 'NONE', *, *, #727, .F. ) ;
#1456 = CIRCLE ( 'NONE', #2343, 1.000000000000000888 ) ;
#1457 = AXIS2_PLACEMENT_3D ( 'NONE', #3212, #1823, #2956 ) ;
#1458 = CARTESIAN_POINT ( 'NONE',  ( 21.89455137665467177, -3.714279404520772765, 24.37769920872705143 ) ) ;
#1459 = CARTESIAN_POINT ( 'NONE',  ( 28.50000001490116119, -18.71751475841098511, 13.51751425959459141 ) ) ;
#1460 = CIRCLE ( 'NONE', #1230, 8.500000000000000000 ) ;
#1461 = CARTESIAN_POINT ( 'NONE',  ( 25.49999935925006866, -21.50000073015689850, 15.67411909223461564 ) ) ;
#1462 = CARTESIAN_POINT ( 'NONE',  ( 24.18413653276635955, -3.734261383062424944, 22.86974839202793319 ) ) ;
#1463 = ORIENTED_EDGE ( 'NONE', *, *, #1914, .T. ) ;
#1464 = CARTESIAN_POINT ( 'NONE',  ( 22.87655288845559909, -21.25858779550412336, 24.74495621734027040 ) ) ;
#1465 = CARTESIAN_POINT ( 'NONE',  ( 24.51031250347603674, -3.356089344200337443, 21.43905355733686591 ) ) ;
#1466 = CARTESIAN_POINT ( 'NONE',  ( -12.26955326245040467, -2.499999944120645523, -2.074119415589813720 ) ) ;
#1467 = CARTESIAN_POINT ( 'NONE',  ( 23.58986674131943673, -3.029873950732319798, -10.62309564665799044 ) ) ;
#1468 = CARTESIAN_POINT ( 'NONE',  ( 21.69638430138699192, -20.03123921079366809, -10.80000050812959778 ) ) ;
#1469 = VERTEX_POINT ( 'NONE', #1735 ) ;
#1470 = CARTESIAN_POINT ( 'NONE',  ( 24.29494991254193081, -20.96698889159376833, 23.53040446209144321 ) ) ;
#1471 = CARTESIAN_POINT ( 'NONE',  ( 23.57890104393914399, -20.64067485918343081, -10.28686182190011600 ) ) ;
#1472 = CARTESIAN_POINT ( 'NONE',  ( 21.68180154180490149, -20.34299939119293299, 24.40000018477431709 ) ) ;
#1473 = ORIENTED_EDGE ( 'NONE', *, *, #3583, .T. ) ;
#1474 = ORIENTED_EDGE ( 'NONE', *, *, #3451, .T. ) ;
#1475 = LINE ( 'NONE', #3095, #210 ) ;
#1476 = VERTEX_POINT ( 'NONE', #2593 ) ;
#1477 = CARTESIAN_POINT ( 'NONE',  ( 22.46664633433661962, -4.195216025648363711, 24.24677849854380085 ) ) ;
#1478 = DIRECTION ( 'NONE',  ( 0.000000000000000000, -8.274065807500888656E-08, -0.9999999999999965583 ) ) ;
#1479 = CARTESIAN_POINT ( 'NONE',  ( 25.34103506342237111, -21.50000073015689495, 15.67411909223461919 ) ) ;
#1480 = CARTESIAN_POINT ( 'NONE',  ( 24.09717183088584846, -3.904070843601671559, 22.94655782131368937 ) ) ;
#1481 = EDGE_LOOP ( 'NONE', ( #1122, #1424, #563 ) ) ;
#1482 = PLANE ( 'NONE',  #2078 ) ;
#1483 = DIRECTION ( 'NONE',  ( 0.000000000000000000, 0.000000000000000000, 1.000000000000000000 ) ) ;
#1484 = CARTESIAN_POINT ( 'NONE',  ( 22.60269882584316292, -4.195216025648367264, -10.59042403472234462 ) ) ;
#1485 = CARTESIAN_POINT ( 'NONE',  ( 22.85807529969583030, -21.26707630777814373, -11.13951949324103552 ) ) ;
#1486 = ADVANCED_FACE ( 'NONE', ( #1696 ), #350, .T. ) ;
#1487 = EDGE_LOOP ( 'NONE', ( #3618, #3420, #1310, #904, #318, #2576 ) ) ;
#1488 = CARTESIAN_POINT ( 'NONE',  ( 22.96384308076073921, -20.10022832128123227, -10.44050429991603224 ) ) ;
#1489 = CARTESIAN_POINT ( 'NONE',  ( 21.50184529105491649, -20.53062449776421872, 24.40046166772561520 ) ) ;
#1490 = VECTOR ( 'NONE', #808, 1000.000000000000000 ) ;
#1491 = VERTEX_POINT ( 'NONE', #308 ) ;
#1492 = AXIS2_PLACEMENT_3D ( 'NONE', #380, #1257, #3210 ) ;
#1493 = CARTESIAN_POINT ( 'NONE',  ( 24.49999935925006156, -3.380702106468189250, 16.53306502859967964 ) ) ;
#1494 = EDGE_CURVE ( 'NONE', #636, #778, #1192, .T. ) ;
#1495 = CARTESIAN_POINT ( 'NONE',  ( 23.03565568853689527, -3.756310573436524525, 24.04160455718762535 ) ) ;
#1496 = EDGE_CURVE ( 'NONE', #2262, #2504, #1427, .T. ) ;
#1497 = DIRECTION ( 'NONE',  ( -1.000000000000000000, 0.000000000000000000, 0.000000000000000000 ) ) ;
#1498 = CARTESIAN_POINT ( 'NONE',  ( 24.18375089176578641, -3.518586447675186690, 22.99256984464467735 ) ) ;
#1499 = CARTESIAN_POINT ( 'NONE',  ( 5.499999810010193002, -20.50000073015689850, 24.40000018477439880 ) ) ;
#1500 = CARTESIAN_POINT ( 'NONE',  ( 22.48758733006693333, -21.15964565204731329, -11.04758473968543875 ) ) ;
#1501 = CARTESIAN_POINT ( 'NONE',  ( 23.08329151603353679, -3.323051198721008959, -10.59194185097010887 ) ) ;
#1502 = CARTESIAN_POINT ( 'NONE',  ( 21.60229502866746287, -3.267556395730867536, -10.82682992089666030 ) ) ;
#1503 = ORIENTED_EDGE ( 'NONE', *, *, #1635, .T. ) ;
#1504 = CARTESIAN_POINT ( 'NONE',  ( 22.87794986354263571, -20.25758723363227531, -10.52036733752520448 ) ) ;
#1505 = CARTESIAN_POINT ( 'NONE',  ( 21.66725767792264534, -20.51842781817621386, 24.40018917952928135 ) ) ;
#1506 = ORIENTED_EDGE ( 'NONE', *, *, #222, .F. ) ;
#1507 = ORIENTED_EDGE ( 'NONE', *, *, #2640, .F. ) ;
#1508 = LINE ( 'NONE', #2951, #1903 ) ;
#1509 =( BOUNDED_SURFACE ( )  B_SPLINE_SURFACE ( 3, 2, ( 
 ( #1365, #1420, #2769 ),
 ( #43, #2228, #530 ),
 ( #1949, #3118, #1440 ),
 ( #561, #2243, #2266 ),
 ( #2565, #2785, #3386 ),
 ( #1107, #3060, #246 ) ),
 .UNSPECIFIED., .F., .F., .T. ) 
 B_SPLINE_SURFACE_WITH_KNOTS ( ( 4, 2, 4 ),
 ( 3, 3 ),
 ( 0.000000000000000000, 0.2045468115119313257, 0.4090936230238626514 ),
 ( 0.000000000000000000, 1.000000000000000000 ),
 .UNSPECIFIED. ) 
 GEOMETRIC_REPRESENTATION_ITEM ( )  RATIONAL_B_SPLINE_SURFACE ( (
 ( 1.000000000000000000, 1.000000000000000000, 1.000000000000000000),
 ( 1.000000000000000000, 1.000060686411460065, 1.000000000000000000),
 ( 1.000000000000000000, 0.9942724248620505856, 1.000000000000000000),
 ( 1.000000000000000000, 0.9699554205547334940, 1.000000000000000000),
 ( 1.000000000000000000, 0.9513940564677263456, 1.000000000000000000),
 ( 1.000000000000000000, 0.9279498885468626668, 1.000000000000000000) ) ) 
 REPRESENTATION_ITEM ( '' )  SURFACE ( )  );
#1510 = CARTESIAN_POINT ( 'NONE',  ( 23.39937565857202983, -3.773512489781593260, 23.80606726286643848 ) ) ;
#1511 = CARTESIAN_POINT ( 'NONE',  ( 5.499999810010193002, -11.99999994412064730, 28.40000018477439880 ) ) ;
#1512 = CARTESIAN_POINT ( 'NONE',  ( 24.64610577300273064, -2.794046225979078812, 23.70769819498643471 ) ) ;
#1513 = PRESENTATION_STYLE_ASSIGNMENT (( #3533 ) ) ;
#1514 = CARTESIAN_POINT ( 'NONE',  ( 22.22413434143521016, -21.07500480907192753, 24.58097849692752135 ) ) ;
#1515 = CARTESIAN_POINT ( 'NONE',  ( 22.78413879450199531, -21.23492983457654049, -11.12180136159485855 ) ) ;
#1516 = B_SPLINE_CURVE_WITH_KNOTS ( 'NONE', 3,
 ( #3243, #956, #1272, #378, #2669, #2632, #3207, #1835, #1293, #3463 ),
 .UNSPECIFIED., .F., .F.,
 ( 4, 2, 2, 2, 4 ),
 ( 0.000000000000000000, 0.0004683082150587629150, 0.0009366164301175258300, 0.001404924645176288799, 0.001873232860235051660 ),
 .UNSPECIFIED. ) ;
#1517 = CARTESIAN_POINT ( 'NONE',  ( 22.22968485407191608, -4.195216025648367264, -10.71344552790494653 ) ) ;
#1518 = CARTESIAN_POINT ( 'NONE',  ( 21.50126300366970966, -3.470848806686432919, -10.80031550502718396 ) ) ;
#1519 = CARTESIAN_POINT ( 'NONE',  ( 23.84878580065243270, -21.08426534895186677, -10.64941739083084116 ) ) ;
#1520 = CARTESIAN_POINT ( 'NONE',  ( 24.49999935925006156, -3.657001283084609256, -7.981802690684380863 ) ) ;
#1521 = ORIENTED_EDGE ( 'NONE', *, *, #3481, .T. ) ;
#1522 = CARTESIAN_POINT ( 'NONE',  ( 25.31252713309948277, -21.50000073015689850, 24.65011128017205877 ) ) ;
#1523 = ADVANCED_FACE ( 'NONE', ( #1717 ), #2851, .T. ) ;
#1524 = CARTESIAN_POINT ( 'NONE',  ( 0.5428786593888734746, -12.00014003230332449, -13.60000050812959316 ) ) ;
#1525 = CARTESIAN_POINT ( 'NONE',  ( 24.55814081088292511, -20.83671427403771403, -8.026556601791142498 ) ) ;
#1526 = CARTESIAN_POINT ( 'NONE',  ( 22.73828220133086475, -4.195216025648364599, 24.13294268660614961 ) ) ;
#1527 = CARTESIAN_POINT ( 'NONE',  ( 25.49999935925006866, -21.50000073015689850, -11.80000050812959600 ) ) ;
#1528 = CARTESIAN_POINT ( 'NONE',  ( 24.37414879026156100, -4.040934254945957704, 22.27200302044377267 ) ) ;
#1529 = VECTOR ( 'NONE', #204, 1000.000000000000000 ) ;
#1530 = DIRECTION ( 'NONE',  ( 0.000000000000000000, -1.000000000000000000, 0.000000000000000000 ) ) ;
#1531 = EDGE_CURVE ( 'NONE', #1469, #59, #816, .T. ) ;
#1532 = CARTESIAN_POINT ( 'NONE',  ( 21.49999935925006866, -20.50000073015689850, 24.40000018477439880 ) ) ;
#1533 = CARTESIAN_POINT ( 'NONE',  ( 25.32340855063121765, -21.48867334089425540, 24.69363694996302172 ) ) ;
#1534 = CARTESIAN_POINT ( 'NONE',  ( 23.42828372447224794, -3.008616839251560204, -10.72135050916334009 ) ) ;
#1535 = CARTESIAN_POINT ( 'NONE',  ( 24.93003431615412779, -21.33411622639185978, -2.248905082669742761 ) ) ;
#1536 = CARTESIAN_POINT ( 'NONE',  ( 24.56967973649711112, -21.18520883840950120, -10.19699172597077208 ) ) ;
#1537 = CARTESIAN_POINT ( 'NONE',  ( 24.49999935925006866, 0.000000000000000000, 21.40000018477439880 ) ) ;
#1538 = ORIENTED_EDGE ( 'NONE', *, *, #3443, .T. ) ;
#1539 = CARTESIAN_POINT ( 'NONE',  ( 24.97291491754103632, -21.34981364563198625, 23.29166241793825876 ) ) ;
#1540 = VERTEX_POINT ( 'NONE', #3064 ) ;
#1541 = CARTESIAN_POINT ( 'NONE',  ( 24.49999935925006156, -20.34685542047122908, 21.40000018477439525 ) ) ;
#1542 = VECTOR ( 'NONE', #1705, 1000.000000000000000 ) ;
#1543 = DIRECTION ( 'NONE',  ( -1.000000000000000000, -0.000000000000000000, -0.000000000000000000 ) ) ;
#1544 = CARTESIAN_POINT ( 'NONE',  ( 23.97108455621559386, -2.924713016735615678, 24.15101497734892178 ) ) ;
#1545 = CARTESIAN_POINT ( 'NONE',  ( 24.97291491754103632, -21.34981364563198625, 23.29166241793825876 ) ) ;
#1546 = VECTOR ( 'NONE', #2162, 1000.000000000000000 ) ;
#1547 = CARTESIAN_POINT ( 'NONE',  ( 24.36382828219505114, -3.857110954739858322, 22.32269867982637734 ) ) ;
#1548 = EDGE_CURVE ( 'NONE', #2914, #1945, #2846, .T. ) ;
#1549 = CARTESIAN_POINT ( 'NONE',  ( 24.49999935925006866, -20.03652334247174949, -7.800000508129596888 ) ) ;
#1550 = DIRECTION ( 'NONE',  ( 0.000000000000000000, 0.000000000000000000, 1.000000000000000000 ) ) ;
#1551 = CARTESIAN_POINT ( 'NONE',  ( 21.84272713055131376, -20.93051764735975695, -10.88568245095490461 ) ) ;
#1552 = CARTESIAN_POINT ( 'NONE',  ( 25.41383269360438746, -21.50000073015689850, 25.05533352219674015 ) ) ;
#1553 = CARTESIAN_POINT ( 'NONE',  ( 21.96126559254736677, -3.313138780457140165, -10.78096059061658529 ) ) ;
#1554 = CARTESIAN_POINT ( 'NONE',  ( 28.50000001490116119, -5.282485684519935276, 0.08248564839684249805 ) ) ;
#1555 = CARTESIAN_POINT ( 'NONE',  ( 24.41695567261581701, -21.09293599982324352, -10.05951168530701878 ) ) ;
#1556 = CARTESIAN_POINT ( 'NONE',  ( 24.34677767301947071, -4.051075037129415968, -8.766647483216152281 ) ) ;
#1557 = ORIENTED_EDGE ( 'NONE', *, *, #999, .T. ) ;
#1558 = CARTESIAN_POINT ( 'NONE',  ( 5.499999810010200996, -3.499999944120646411, -10.80000050812959600 ) ) ;
#1559 = ORIENTED_EDGE ( 'NONE', *, *, #93, .T. ) ;
#1560 = CARTESIAN_POINT ( 'NONE',  ( 24.12135852431283922, -4.195216025648363711, 22.91085712588709811 ) ) ;
#1561 = LINE ( 'NONE', #2433, #3471 ) ;
#1562 = CARTESIAN_POINT ( 'NONE',  ( 23.01210944633683653, -3.515155849801170795, 24.11953351696098835 ) ) ;
#1563 = CARTESIAN_POINT ( 'NONE',  ( -23.42702945377912016, -2.499999944120645523, 28.40000018477439880 ) ) ;
#1564 = CARTESIAN_POINT ( 'NONE',  ( 24.50669146638452389, -3.245433890495580620, 21.58958060232412990 ) ) ;
#1565 = CARTESIAN_POINT ( 'NONE',  ( 1.292878659388874141, -12.00014003230332449, -2.800000508129592891 ) ) ;
#1566 = CARTESIAN_POINT ( 'NONE',  ( 23.39166159241392506, -21.34981364563198625, 24.87291574306536290 ) ) ;
#1567 = CARTESIAN_POINT ( 'NONE',  ( 22.62450165568680305, -20.26923296408642017, -10.63131303328507293 ) ) ;
#1568 = DIRECTION ( 'NONE',  ( 0.000000000000000000, 0.000000000000000000, -1.000000000000000000 ) ) ;
#1569 = CIRCLE ( 'NONE', #3455, 8.500000000000000000 ) ;
#1570 = CARTESIAN_POINT ( 'NONE',  ( 23.78979747130714983, -2.789640189919769586, -10.96127403848721293 ) ) ;
#1571 = AXIS2_PLACEMENT_3D ( 'NONE', #3196, #3500, #2622 ) ;
#1572 = CARTESIAN_POINT ( 'NONE',  ( 5.499999810010193002, -11.99999994412064730, 27.40000018477439880 ) ) ;
#1573 = CARTESIAN_POINT ( 'NONE',  ( 24.49999935925006866, -19.80478464862918386, 21.59638512691133272 ) ) ;
#1574 = VECTOR ( 'NONE', #1663, 1000.000000000000000 ) ;
#1575 = CARTESIAN_POINT ( 'NONE',  ( 24.14597892406846569, -20.95372020255328493, -10.12815036546460057 ) ) ;
#1576 = CARTESIAN_POINT ( 'NONE',  ( 24.50866475613862150, -3.231740113101020828, -7.834662095683809113 ) ) ;
#1577 = EDGE_LOOP ( 'NONE', ( #2095, #39, #1651, #2886, #3220 ) ) ;
#1578 = DIRECTION ( 'NONE',  ( -0.000000000000000000, -0.000000000000000000, 1.000000000000000000 ) ) ;
#1579 = VERTEX_POINT ( 'NONE', #1715 ) ;
#1580 = ORIENTED_EDGE ( 'NONE', *, *, #1367, .T. ) ;
#1581 = CARTESIAN_POINT ( 'NONE',  ( 24.34677767301947426, -19.80478464862918386, 22.36664715986095331 ) ) ;
#1582 = DIRECTION ( 'NONE',  ( -1.000000000000000000, -0.000000000000000000, -0.000000000000000000 ) ) ;
#1583 = CARTESIAN_POINT ( 'NONE',  ( 24.63734000738387309, -2.739869584156963356, -10.93734115626430992 ) ) ;
#1584 = CARTESIAN_POINT ( 'NONE',  ( 24.49999935925006866, -4.195216025648363711, 21.40000018477439880 ) ) ;
#1585 = CARTESIAN_POINT ( 'NONE',  ( 24.60409868441291437, -20.94429109458124927, 21.81327552338542475 ) ) ;
#1586 = DIRECTION ( 'NONE',  ( 0.000000000000000000, 0.000000000000000000, -1.000000000000000000 ) ) ;
#1587 = CARTESIAN_POINT ( 'NONE',  ( 22.84489651113573316, -20.27195688724583533, -10.53923002814191001 ) ) ;
#1588 = DIRECTION ( 'NONE',  ( 0.000000000000000000, 0.000000000000000000, 1.000000000000000000 ) ) ;
#1589 = CARTESIAN_POINT ( 'NONE',  ( 22.94644666685482548, -2.769798893615217139, -11.09882102749435262 ) ) ;
#1590 = CARTESIAN_POINT ( 'NONE',  ( 24.49999935925007222, -20.61926454692814303, 16.53309442803795193 ) ) ;
#1591 = CARTESIAN_POINT ( 'NONE',  ( 24.49999935925006866, -19.80478464862918386, 21.40000018477439880 ) ) ;
#1592 = CARTESIAN_POINT ( 'NONE',  ( 23.88945164396880827, -20.08002036687392078, -9.654320902524140990 ) ) ;
#1593 = CARTESIAN_POINT ( 'NONE',  ( 24.74696277206006556, -2.826013131173390924, -8.787854159369613782 ) ) ;
#1594 = EDGE_LOOP ( 'NONE', ( #2820, #972, #3525, #3121 ) ) ;
#1595 = CARTESIAN_POINT ( 'NONE',  ( 24.64130209672119776, -21.01266231441281462, -8.364645890414733387 ) ) ;
#1596 = EDGE_CURVE ( 'NONE', #2010, #3353, #2867, .T. ) ;
#1597 = EDGE_CURVE ( 'NONE', #1362, #3461, #3063, .T. ) ;
#1598 = VERTEX_POINT ( 'NONE', #326 ) ;
#1599 = CARTESIAN_POINT ( 'NONE',  ( 24.97291491754103632, -21.34981364563198625, 23.29166241793825876 ) ) ;
#1600 = CARTESIAN_POINT ( 'NONE',  ( 21.84272713055129955, -3.069483026917791957, -10.88568245095490283 ) ) ;
#1601 = CARTESIAN_POINT ( 'NONE',  ( 9.192878659388874496, -12.00014003230332449, 26.40000018477439880 ) ) ;
#1602 = CYLINDRICAL_SURFACE ( 'NONE', #3085, 4.950000000000001066 ) ;
#1603 = EDGE_CURVE ( 'NONE', #636, #1799, #2218, .T. ) ;
#1604 = EDGE_CURVE ( 'NONE', #954, #2878, #648, .T. ) ;
#1605 = CARTESIAN_POINT ( 'NONE',  ( 24.82180021272390036, -21.23492983458447014, 22.68413962006599149 ) ) ;
#1606 = CARTESIAN_POINT ( 'NONE',  ( 23.69557758890451993, -21.10423397392806066, -10.76393695242406778 ) ) ;
#1607 = FACE_OUTER_BOUND ( 'NONE', #207, .T. ) ;
#1608 = CIRCLE ( 'NONE', #3600, 3.700000000000000178 ) ;
#1609 = B_SPLINE_CURVE_WITH_KNOTS ( 'NONE', 3,
 ( #1066, #1912, #1212, #1266, #3504, #2385 ),
 .UNSPECIFIED., .F., .F.,
 ( 4, 2, 4 ),
 ( 0.000000000000000000, 0.5000000000000000000, 1.000000000000000000 ),
 .UNSPECIFIED. ) ;
#1610 = VECTOR ( 'NONE', #722, 1000.000000000000000 ) ;
#1611 = CARTESIAN_POINT ( 'NONE',  ( 25.14403224371439194, -21.43912013554063378, -10.37613204632621411 ) ) ;
#1612 = DIRECTION ( 'NONE',  ( 1.000000000000000000, 0.000000000000000000, -0.000000000000000000 ) ) ;
#1613 = CARTESIAN_POINT ( 'NONE',  ( 24.29357768884547042, -20.28180849834670951, -9.013559374249668465 ) ) ;
#1614 = CARTESIAN_POINT ( 'NONE',  ( 24.24167402421293005, -3.894002064088950554, -9.049480020712277195 ) ) ;
#1615 = FACE_OUTER_BOUND ( 'NONE', #1781, .T. ) ;
#1616 = ORIENTED_EDGE ( 'NONE', *, *, #511, .F. ) ;
#1617 = CARTESIAN_POINT ( 'NONE',  ( 24.50669146638451679, -20.75456678378192166, 21.58958060232411924 ) ) ;
#1618 = CARTESIAN_POINT ( 'NONE',  ( 23.11231058178450581, -20.23863025950915429, 24.00074090742847233 ) ) ;
#1619 = CARTESIAN_POINT ( 'NONE',  ( 25.41383269360575525, -2.499999944120645967, -11.45533384555190537 ) ) ;
#1620 = CARTESIAN_POINT ( 'NONE',  ( 24.80340386058059110, -2.782480221261678377, -9.010273173144705439 ) ) ;
#1621 = CARTESIAN_POINT ( 'NONE',  ( 24.50530188587014635, -20.60395628950109526, 21.42021849548864765 ) ) ;
#1622 = CARTESIAN_POINT ( 'NONE',  ( 25.31252713309948277, -2.499999944120645967, 24.65011128017205166 ) ) ;
#1623 = CARTESIAN_POINT ( 'NONE',  ( 21.52021766996433882, -20.60395628951026836, -10.80530303475048903 ) ) ;
#1624 = DIRECTION ( 'NONE',  ( -1.000000000000000000, 0.000000000000000000, 0.000000000000000000 ) ) ;
#1625 = CYLINDRICAL_SURFACE ( 'NONE', #1225, 3.700000000000000178 ) ;
#1626 = CARTESIAN_POINT ( 'NONE',  ( 24.74233900221280180, -21.19252219833965967, -9.408530051865236388 ) ) ;
#1627 = EDGE_CURVE ( 'NONE', #1987, #1362, #3412, .T. ) ;
#1628 = AXIS2_PLACEMENT_3D ( 'NONE', #2699, #3251, #2994 ) ;
#1629 = CARTESIAN_POINT ( 'NONE',  ( 24.21953269143665466, -3.515155849801137933, -9.312110595216376296 ) ) ;
#1630 = VECTOR ( 'NONE', #607, 1000.000000000000000 ) ;
#1631 = DIRECTION ( 'NONE',  ( -0.000000000000000000, -0.000000000000000000, 1.000000000000000000 ) ) ;
#1632 = CARTESIAN_POINT ( 'NONE',  ( 24.71846811683426637, -21.14053207071883733, 22.49411772272041787 ) ) ;
#1633 = CIRCLE ( 'NONE', #2636, 8.500000000000000000 ) ;
#1634 = CARTESIAN_POINT ( 'NONE',  ( 23.45996202715581447, -20.98680143049190505, 24.30428700285364130 ) ) ;
#1635 = EDGE_CURVE ( 'NONE', #274, #2204, #1608, .T. ) ;
#1636 = CARTESIAN_POINT ( 'NONE',  ( -4.000000189989782129, -11.99999994412064730, 0.8000000000000052625 ) ) ;
#1637 = CARTESIAN_POINT ( 'NONE',  ( 24.71391382926457680, -2.881627267296352546, -8.654252412409595863 ) ) ;
#1638 = CARTESIAN_POINT ( 'NONE',  ( 24.61683640471415302, -20.96924321746572772, 21.86523124996968548 ) ) ;
#1639 = CARTESIAN_POINT ( 'NONE',  ( 21.49999935925006866, -20.50000073015689850, 24.40000018477439880 ) ) ;
#1640 = CARTESIAN_POINT ( 'NONE',  ( 38.50000001490116119, -12.00000033713877201, 9.799999838322403178 ) ) ;
#1641 = CARTESIAN_POINT ( 'NONE',  ( 25.49999935925006866, -21.50000073015689850, -11.80000050812959600 ) ) ;
#1642 = CARTESIAN_POINT ( 'NONE',  ( 24.25285302772504181, -19.80478464862918386, 22.59340131237184579 ) ) ;
#1643 = CARTESIAN_POINT ( 'NONE',  ( 24.40257640211505930, -20.57582396053613394, -8.737411437545647530 ) ) ;
#1644 =( BOUNDED_CURVE ( )  B_SPLINE_CURVE ( 3, ( #453, #2737, #1622, #1858 ),
 .UNSPECIFIED., .F., .F. ) 
 B_SPLINE_CURVE_WITH_KNOTS ( ( 4, 4 ),
 ( 4.157222903551870630, 4.712388980384689674 ),
 .UNSPECIFIED. ) 
 CURVE ( )  GEOMETRIC_REPRESENTATION_ITEM ( )  RATIONAL_B_SPLINE_CURVE ( ( 1.000000000000000000, 0.9744803810316302606, 0.9744803810316302606, 1.000000000000000000 ) ) 
 REPRESENTATION_ITEM ( '' )  );
#1645 = CARTESIAN_POINT ( 'NONE',  ( 24.45297749729283865, -3.001842481437251742, -9.682240396353813949 ) ) ;
#1646 = ADVANCED_FACE ( 'NONE', ( #2033, #2086 ), #1482, .T. ) ;
#1647 = DIRECTION ( 'NONE',  ( 0.000000000000000000, 1.000000000000000000, 0.000000000000000000 ) ) ;
#1648 = CARTESIAN_POINT ( 'NONE',  ( 24.39251084803200342, -20.34107739216661770, 22.29162792328685327 ) ) ;
#1649 = CARTESIAN_POINT ( 'NONE',  ( 23.57890104393910846, -20.64067485918340594, 23.88686149854488150 ) ) ;
#1650 = DIRECTION ( 'NONE',  ( 1.000000000000000000, 0.000000000000000000, 0.000000000000000000 ) ) ;
#1651 = ORIENTED_EDGE ( 'NONE', *, *, #2478, .T. ) ;
#1652 = DIRECTION ( 'NONE',  ( -1.000000000000000000, 0.000000000000000000, 0.000000000000000000 ) ) ;
#1653 = CARTESIAN_POINT ( 'NONE',  ( 24.64911842650387186, -21.02577388353459398, 21.99629376830142746 ) ) ;
#1654 = CARTESIAN_POINT ( 'NONE',  ( 24.49999935925006866, -3.963477331805790094, -7.800000508129596000 ) ) ;
#1655 = DIRECTION ( 'NONE',  ( 0.000000000000000000, 0.000000000000000000, -1.000000000000000000 ) ) ;
#1656 = AXIS2_PLACEMENT_3D ( 'NONE', #2352, #161, #2961 ) ;
#1657 = VERTEX_POINT ( 'NONE', #2887 ) ;
#1658 = CARTESIAN_POINT ( 'NONE',  ( 24.42191738925502165, -19.80478464862918031, -8.585244161207436164 ) ) ;
#1659 = CARTESIAN_POINT ( 'NONE',  ( 21.49999935925006866, -3.963477331805807413, -10.80000050812959600 ) ) ;
#1660 = AXIS2_PLACEMENT_3D ( 'NONE', #2935, #2380, #2586 ) ;
#1661 = CARTESIAN_POINT ( 'NONE',  ( 24.92037049775147040, -21.31722371240624270, -9.764420606238978451 ) ) ;
#1662 = CARTESIAN_POINT ( 'NONE',  ( 23.90606643734213677, -3.773512489781590151, -9.699376807451558946 ) ) ;
#1663 = DIRECTION ( 'NONE',  ( -0.000000000000000000, -0.000000000000000000, 1.000000000000000000 ) ) ;
#1664 = ORIENTED_EDGE ( 'NONE', *, *, #3216, .F. ) ;
#1665 = CARTESIAN_POINT ( 'NONE',  ( 24.14892316338749723, -19.94213681847979203, 22.81573748626033193 ) ) ;
#1666 = CARTESIAN_POINT ( 'NONE',  ( 23.22466398527060250, -20.47015180977578552, 24.00879715785097090 ) ) ;
#1667 = DIRECTION ( 'NONE',  ( 1.000000000000000000, 0.000000000000000000, 0.000000000000000000 ) ) ;
#1668 = ORIENTED_EDGE ( 'NONE', *, *, #3458, .T. ) ;
#1669 = CARTESIAN_POINT ( 'NONE',  ( 24.64911842649717144, -2.974226790753312866, -8.396294091634633361 ) ) ;
#1670 = ORIENTED_EDGE ( 'NONE', *, *, #3560, .F. ) ;
#1671 = CARTESIAN_POINT ( 'NONE',  ( 22.38097610939335169, -3.680137452766027994, 24.29276263691671645 ) ) ;
#1672 = DIRECTION ( 'NONE',  ( 0.000000000000000000, 0.000000000000000000, -1.000000000000000000 ) ) ;
#1673 = DIRECTION ( 'NONE',  ( -0.000000000000000000, -0.000000000000000000, -1.000000000000000000 ) ) ;
#1674 = EDGE_LOOP ( 'NONE', ( #2479, #572, #2465, #2264 ) ) ;
#1675 = CARTESIAN_POINT ( 'NONE',  ( 22.35425126362384418, -2.881627267265895131, 24.61391465481375818 ) ) ;
#1676 = EDGE_CURVE ( 'NONE', #1657, #1126, #20, .T. ) ;
#1677 = CARTESIAN_POINT ( 'NONE',  ( 24.58491432739500482, -3.096466408011631088, 21.73509583069541407 ) ) ;
#1678 = CARTESIAN_POINT ( 'NONE',  ( 24.57654923484586007, -20.90865254983517474, -8.282265897555207701 ) ) ;
#1679 = CARTESIAN_POINT ( 'NONE',  ( 24.37740668450929604, -2.843949581982000652, -10.40734945760047658 ) ) ;
#1680 = CARTESIAN_POINT ( 'NONE',  ( 5.499999810010193002, -21.50000073015689850, 27.40000018477439880 ) ) ;
#1681 = VERTEX_POINT ( 'NONE', #369 ) ;
#1682 = CARTESIAN_POINT ( 'NONE',  ( 23.90771306152566211, -20.23994971913264607, 23.30370158514132228 ) ) ;
#1683 = CARTESIAN_POINT ( 'NONE',  ( 23.83131454985760911, -21.08554787629608640, 24.26347450892227542 ) ) ;
#1684 = DIRECTION ( 'NONE',  ( -0.000000000000000000, -0.000000000000000000, 1.000000000000000000 ) ) ;
#1685 = ORIENTED_EDGE ( 'NONE', *, *, #3604, .F. ) ;
#1686 = DIRECTION ( 'NONE',  ( -0.000000000000000000, -0.000000000000000000, -1.000000000000000000 ) ) ;
#1687 = VECTOR ( 'NONE', #1958, 1000.000000000000000 ) ;
#1688 = VERTEX_POINT ( 'NONE', #1499 ) ;
#1689 = DIRECTION ( 'NONE',  ( -0.000000000000000000, 1.000000000000000000, 0.000000000000000000 ) ) ;
#1690 = CARTESIAN_POINT ( 'NONE',  ( -23.42702945377912016, -3.499999944120645523, -14.80000050812959600 ) ) ;
#1691 = CARTESIAN_POINT ( 'NONE',  ( 21.69638430138699192, -4.195216025648367264, -10.80000050812959778 ) ) ;
#1692 = CARTESIAN_POINT ( 'NONE',  ( 24.13880580362407358, -3.343509582016956028, 23.26976397210673397 ) ) ;
#1693 = VERTEX_POINT ( 'NONE', #3448 ) ;
#1694 = CARTESIAN_POINT ( 'NONE',  ( 22.94645249376822349, -2.729648660270733718, 24.76210638397470376 ) ) ;
#1695 = CARTESIAN_POINT ( 'NONE',  ( 28.50000001490116119, -5.282485915866560688, 13.51751425959459141 ) ) ;
#1696 = FACE_OUTER_BOUND ( 'NONE', #2666, .T. ) ;
#1697 = CARTESIAN_POINT ( 'NONE',  ( 23.48247961099226444, -4.195216025648367264, -10.06016094350669121 ) ) ;
#1698 = DIRECTION ( 'NONE',  ( -1.000000000000000000, 0.000000000000000000, 0.000000000000000000 ) ) ;
#1699 = ORIENTED_EDGE ( 'NONE', *, *, #2563, .F. ) ;
#1700 = CARTESIAN_POINT ( 'NONE',  ( 24.11981266229862086, -20.65451406312590876, 23.29590620927629985 ) ) ;
#1701 = VECTOR ( 'NONE', #2171, 1000.000000000000000 ) ;
#1702 = CARTESIAN_POINT ( 'NONE',  ( 21.90843556923661239, -20.46056186032143387, 24.37713895837013212 ) ) ;
#1703 = B_SPLINE_SURFACE_WITH_KNOTS ( 'NONE', 3, 3, ( 
 ( #620, #846, #1966, #2840, #1728, #905, #64, #2803, #2604, #1401, #1988, #828 ),
 ( #3097, #2540, #1185, #3156, #277, #2265, #320, #2862, #3385, #1439, #2005, #2821 ),
 ( #363, #2242, #1458, #865, #2306, #3080, #560, #3117, #1948, #640, #3423, #1123 ),
 ( #2564, #1106, #2521, #1671, #1, #1164, #581, #3368, #297, #2028, #1749, #2882 ),
 ( #1477, #1419, #22, #3134, #1144, #599, #2287, #3405, #884, #658, #3193, #1256 ),
 ( #724, #3478, #2379, #2671, #2897, #1820, #397, #153, #3245, #104, #3228, #2047 ),
 ( #1526, #449, #379, #2327, #958, #2099, #1838, #1562, #2934, #2081, #2117, #2971 ),
 ( #2634, #2917, #2360, #1495, #120, #3209, #2392, #922, #1768, #84, #3444, #2653 ),
 ( #2619, #1222, #1205, #2063, #3174, #2344, #1786, #672, #1239, #1803, #996, #3497 ),
 ( #3464, #136, #692, #975, #1510, #412, #939, #709, #2953, #430, #1544, #1275 ),
 ( #3513, #1014, #2690, #1295, #170, #2413, #3530, #3176, #924, #2290, #1147, #2588 ),
 ( #849, #2269, #2310, #602, #868, #1990, #2606, #367, #1753, #2845, #2885, #1442 ),
 ( #3159, #3408, #584, #3100, #660, #2621, #2824, #1712, #3426, #106, #2899, #2008 ),
 ( #1207, #1423, #1480, #2567, #2329, #1771, #3388, #88, #1692, #887, #67, #2246 ),
 ( #1970, #3138, #643, #382, #3371, #1462, #623, #1498, #301, #2544, #1167, #45 ),
 ( #25, #1731, #2865, #2050, #3120, #323, #344, #1188, #908, #2031, #3446, #1512 ),
 ( #3211, #1856, #1788, #2937, #1805, #1258, #2955, #2139, #2394, #432, #2362, #2673 ),
 ( #3515, #1528, #1547, #2637, #155, #1277, #674, #960, #1822, #2083, #695, #998 ),
 ( #1016, #2692, #2920, #2714, #122, #2101, #2347, #2119, #414, #2655, #1297, #3263 ),
 ( #2381, #3247, #2973, #3499, #726, #1841, #138, #399, #473, #3480, #977, #451 ),
 ( #1240, #3230, #1224, #3466, #3195, #745, #711, #1564, #172, #2415, #3532, #2988 ),
 ( #1584, #940, #2065, #229, #3586, #2500, #1036, #763, #3348, #2437, #2767, #795 ) ),
 .UNSPECIFIED., .F., .F., .F.,
 ( 4, 2, 2, 2, 2, 2, 2, 2, 2, 2, 4 ),
 ( 4, 2, 2, 2, 2, 4 ),
 ( 0.000000000000000000, 0.1250000000000002776, 0.2500000000000005551, 0.2812500000000005551, 0.3750000000000004441, 0.5000000000000003331, 0.6250000000000002220, 0.7500000000000002220, 0.7812500000000002220, 0.8750000000000001110, 1.000000000000000000 ),
 ( 0.000000000000000000, 0.2379170420427615673, 0.2498245882608438884, 0.2559971429658207676, 0.6279985714829103838, 1.000000000000000000 ),
 .UNSPECIFIED. ) ;
#1704 = EDGE_CURVE ( 'NONE', #1681, #954, #2608, .T. ) ;
#1705 = DIRECTION ( 'NONE',  ( -1.000000000000000000, 0.000000000000000000, 0.000000000000000000 ) ) ;
#1706 = EDGE_LOOP ( 'NONE', ( #2802, #1110, #164, #28, #557 ) ) ;
#1707 = CYLINDRICAL_SURFACE ( 'NONE', #324, 1.000000000000000888 ) ;
#1708 = VERTEX_POINT ( 'NONE', #661 ) ;
#1709 = DIRECTION ( 'NONE',  ( 0.000000000000000000, 0.000000000000000000, -1.000000000000000000 ) ) ;
#1710 = CARTESIAN_POINT ( 'NONE',  ( 24.97291491754105408, -2.650187028645540899, -9.691662741293544769 ) ) ;
#1711 = CARTESIAN_POINT ( 'NONE',  ( 28.50000001490116119, -21.50000073015689850, 16.01530611515045166 ) ) ;
#1712 = CARTESIAN_POINT ( 'NONE',  ( 23.93413646819573515, -3.550833395006559812, 23.37213064490200054 ) ) ;
#1713 = EDGE_CURVE ( 'NONE', #377, #3435, #2893, .T. ) ;
#1714 = ORIENTED_EDGE ( 'NONE', *, *, #2910, .F. ) ;
#1715 = CARTESIAN_POINT ( 'NONE',  ( 5.499999810010197443, -3.499999944120645523, -14.80000050812959600 ) ) ;
#1716 = CARTESIAN_POINT ( 'NONE',  ( 24.97291491754103276, -2.650187028645555554, 23.29166241793825520 ) ) ;
#1717 = FACE_OUTER_BOUND ( 'NONE', #1978, .T. ) ;
#1718 = AXIS2_PLACEMENT_3D ( 'NONE', #861, #1101, #556 ) ;
#1719 = CARTESIAN_POINT ( 'NONE',  ( 23.40259295961105224, -3.763472373612740896, -10.20728992339637387 ) ) ;
#1720 = CARTESIAN_POINT ( 'NONE',  ( 23.46441945735944756, -21.31722371240624980, -11.22037164663099595 ) ) ;
#1721 = CARTESIAN_POINT ( 'NONE',  ( 24.17126867877298224, -20.66082394713891190, 23.21359128016446149 ) ) ;
#1722 = CARTESIAN_POINT ( 'NONE',  ( 23.25559721453398865, -20.46752874346272577, -10.38696499818980712 ) ) ;
#1723 = CARTESIAN_POINT ( 'NONE',  ( 21.96126559254739519, -20.68686189382043850, 24.38096026726137566 ) ) ;
#1724 = VECTOR ( 'NONE', #1797, 1000.000000000000000 ) ;
#1725 = ORIENTED_EDGE ( 'NONE', *, *, #2667, .F. ) ;
#1726 = CARTESIAN_POINT ( 'NONE',  ( 24.50530188587007885, -3.396044384777225034, -7.820218818843852837 ) ) ;
#1727 = EDGE_LOOP ( 'NONE', ( #3155, #3223, #3402, #3073, #656 ) ) ;
#1728 = CARTESIAN_POINT ( 'NONE',  ( 21.50035185648319214, -3.484728749802150194, 24.40008830908266191 ) ) ;
#1729 = LINE ( 'NONE', #2029, #3427 ) ;
#1730 = DIRECTION ( 'NONE',  ( -1.000000000000000000, 0.000000000000000000, 0.000000000000000000 ) ) ;
#1731 = CARTESIAN_POINT ( 'NONE',  ( 24.29042288584281550, -4.054591035931876419, 22.50269965136749306 ) ) ;
#1732 = ORIENTED_EDGE ( 'NONE', *, *, #1755, .F. ) ;
#1733 = CARTESIAN_POINT ( 'NONE',  ( 22.73346088456465353, -2.776916640476766229, 24.70918515390504666 ) ) ;
#1734 = DIRECTION ( 'NONE',  ( 1.000000000000000000, 0.000000000000000000, 0.000000000000000000 ) ) ;
#1735 = CARTESIAN_POINT ( 'NONE',  ( 19.21510088161109664, -13.98775601230313903, 28.40000018477439880 ) ) ;
#1736 = CARTESIAN_POINT ( 'NONE',  ( 23.53513579450438797, -3.768930540739895640, -10.09677036474254486 ) ) ;
#1737 = CARTESIAN_POINT ( 'NONE',  ( 23.53717577895131541, -21.28851987653401423, -11.16541847327341053 ) ) ;
#1738 = EDGE_CURVE ( 'NONE', #81, #3160, #1644, .T. ) ;
#1739 = ORIENTED_EDGE ( 'NONE', *, *, #777, .F. ) ;
#1740 = CARTESIAN_POINT ( 'NONE',  ( 24.07606757009347120, -19.80478464862918386, 22.94416543412563314 ) ) ;
#1741 = CARTESIAN_POINT ( 'NONE',  ( 23.04416460860131721, -19.94035013944714407, -10.37606871897300920 ) ) ;
#1742 = CARTESIAN_POINT ( 'NONE',  ( 23.53717577895120172, -21.28851987653398226, 24.76541814991816892 ) ) ;
#1743 = ORIENTED_EDGE ( 'NONE', *, *, #3027, .F. ) ;
#1744 = ORIENTED_EDGE ( 'NONE', *, *, #2395, .T. ) ;
#1745 = FACE_OUTER_BOUND ( 'NONE', #182, .T. ) ;
#1746 = ORIENTED_EDGE ( 'NONE', *, *, #2756, .F. ) ;
#1747 = VECTOR ( 'NONE', #3575, 1000.000000000000000 ) ;
#1748 = CIRCLE ( 'NONE', #807, 8.500000000000000000 ) ;
#1749 = CARTESIAN_POINT ( 'NONE',  ( 23.43030494621238091, -2.861084291796171186, 24.51398263319346427 ) ) ;
#1750 = DIRECTION ( 'NONE',  ( -1.000000000000000000, 0.000000000000000000, 0.000000000000000000 ) ) ;
#1751 = AXIS2_PLACEMENT_3D ( 'NONE', #2511, #3358, #838 ) ;
#1752 = LINE ( 'NONE', #2030, #2436 ) ;
#1753 = CARTESIAN_POINT ( 'NONE',  ( 23.90091402458996228, -3.366568972054477360, 23.57687537862609162 ) ) ;
#1754 = EDGE_LOOP ( 'NONE', ( #2780, #1017, #1817, #3000 ) ) ;
#1755 = EDGE_CURVE ( 'NONE', #2839, #3343, #2435, .T. ) ;
#1756 = DIRECTION ( 'NONE',  ( 0.000000000000000000, 2.602085213965208275E-15, 1.000000000000000000 ) ) ;
#1757 = CARTESIAN_POINT ( 'NONE',  ( 25.14403224371542933, -21.43912013554091800, 23.97613172297180384 ) ) ;
#1758 = CARTESIAN_POINT ( 'NONE',  ( 23.36976314658242870, -3.343509582016938264, -10.43880695250359381 ) ) ;
#1759 = DIRECTION ( 'NONE',  ( 0.000000000000000000, 0.000000000000000000, 1.000000000000000000 ) ) ;
#1760 = ORIENTED_EDGE ( 'NONE', *, *, #1864, .F. ) ;
#1761 = CARTESIAN_POINT ( 'NONE',  ( 23.67687452940272053, -20.63343166538642492, -10.20091514977041491 ) ) ;
#1762 = EDGE_CURVE ( 'NONE', #3598, #3239, #477, .T. ) ;
#1763 = EDGE_CURVE ( 'NONE', #2947, #2450, #1020, .T. ) ;
#1764 = CARTESIAN_POINT ( 'NONE',  ( 21.98226474867558977, -20.90865254983512500, 24.47655006037018310 ) ) ;
#1765 = EDGE_LOOP ( 'NONE', ( #559, #2302, #426, #1997 ) ) ;
#1766 = ORIENTED_EDGE ( 'NONE', *, *, #63, .F. ) ;
#1767 = CARTESIAN_POINT ( 'NONE',  ( 25.49999935925006866, -2.499999944120645523, 15.67411909223461564 ) ) ;
#1768 = CARTESIAN_POINT ( 'NONE',  ( 23.31359045464014912, -3.339176727138530865, 24.07126950429728751 ) ) ;
#1769 = DIRECTION ( 'NONE',  ( 1.000000000000000000, 0.000000000000000000, -0.000000000000000000 ) ) ;
#1770 = EDGE_CURVE ( 'NONE', #551, #2560, #2715, .T. ) ;
#1771 = CARTESIAN_POINT ( 'NONE',  ( 24.10125212022687435, -3.744441184804888412, 23.02034372521260863 ) ) ;
#1772 =( NAMED_UNIT ( * ) SI_UNIT ( $, .STERADIAN. ) SOLID_ANGLE_UNIT ( ) );
#1773 = CARTESIAN_POINT ( 'NONE',  ( 21.54757192737802285, -20.65852833729960736, 24.41256570639502144 ) ) ;
#1774 = CARTESIAN_POINT ( 'NONE',  ( 22.73346088452307612, -21.22308403379230057, -11.10918547725142069 ) ) ;
#1775 = CARTESIAN_POINT ( 'NONE',  ( 21.66671868710593074, -3.492781306830058163, -10.80000460061934753 ) ) ;
#1776 = B_SPLINE_CURVE_WITH_KNOTS ( 'NONE', 3,
 ( #1166, #1691, #2229, #264, #814, #2786, #3137, #1385, #886, #2523, #867, #3407, #2289, #3352, #1989, #4, #2007, #1125, #300, #1421, #2543, #2843 ),
 .UNSPECIFIED., .F., .F.,
 ( 4, 2, 2, 2, 2, 2, 2, 2, 2, 2, 4 ),
 ( 0.000000000000000000, 0.1250000000000000000, 0.2187500000000000000, 0.2500000000000000000, 0.3750000000000000000, 0.4999999999999998890, 0.6249999999999998890, 0.7187499999999998890, 0.7500000000000000000, 0.8750000000000000000, 1.000000000000000000 ),
 .UNSPECIFIED. ) ;
#1777 = LINE ( 'NONE', #1812, #1836 ) ;
#1778 = ORIENTED_EDGE ( 'NONE', *, *, #894, .T. ) ;
#1779 = CARTESIAN_POINT ( 'NONE',  ( 23.08502734052127892, -20.09394114770066508, -10.37120795640074000 ) ) ;
#1780 = CARTESIAN_POINT ( 'NONE',  ( 21.50035185648321701, -20.51527192447536052, 24.40008830908266191 ) ) ;
#1781 = EDGE_LOOP ( 'NONE', ( #1120, #2032, #775, #1766 ) ) ;
#1782 = VECTOR ( 'NONE', #1673, 1000.000000000000000 ) ;
#1783 = CARTESIAN_POINT ( 'NONE',  ( 24.49999935925006866, -20.50000073015689850, -10.80000050812959600 ) ) ;
#1784 = AXIS2_PLACEMENT_3D ( 'NONE', #44, #583, #3623 ) ;
#1785 = CIRCLE ( 'NONE', #26, 13.00000000000000178 ) ;
#1786 = CARTESIAN_POINT ( 'NONE',  ( 23.15722215816876428, -3.743364603522230993, 23.97716160261329321 ) ) ;
#1787 = FACE_OUTER_BOUND ( 'NONE', #862, .T. ) ;
#1788 = CARTESIAN_POINT ( 'NONE',  ( 24.29670852825773153, -3.885835421721804739, 22.51447304372654656 ) ) ;
#1789 = AXIS2_PLACEMENT_3D ( 'NONE', #2003, #3154, #1964 ) ;
#1790 = DIRECTION ( 'NONE',  ( 0.000000000000000000, 0.000000000000000000, -1.000000000000000000 ) ) ;
#1791 = CARTESIAN_POINT ( 'NONE',  ( 21.53906228081964258, -3.356070216474941414, 24.41031611055618811 ) ) ;
#1792 = CARTESIAN_POINT ( 'NONE',  ( 24.97291491754103276, -21.34981364563198625, 23.29166241793825165 ) ) ;
#1793 = CARTESIAN_POINT ( 'NONE',  ( 22.37200219491943542, -4.040934254945960369, -10.67414993914108834 ) ) ;
#1794 = EDGE_CURVE ( 'NONE', #2285, #3372, #438, .T. ) ;
#1795 = FACE_OUTER_BOUND ( 'NONE', #3057, .T. ) ;
#1796 = CARTESIAN_POINT ( 'NONE',  ( 22.73828220133086120, -19.94412352314724757, -10.53294300996135391 ) ) ;
#1797 = DIRECTION ( 'NONE',  ( -0.000000000000000000, 1.000000000000000000, 0.000000000000000000 ) ) ;
#1798 = ORIENTED_EDGE ( 'NONE', *, *, #3052, .T. ) ;
#1799 = VERTEX_POINT ( 'NONE', #1351 ) ;
#1800 = CARTESIAN_POINT ( 'NONE',  ( 24.42191738925502165, -4.195216025648363711, 22.18524383785223719 ) ) ;
#1801 = EDGE_CURVE ( 'NONE', #3435, #2326, #3496, .T. ) ;
#1802 = CARTESIAN_POINT ( 'NONE',  ( 24.54739428957985226, -20.80427395108637967, -7.983563551595031171 ) ) ;
#1803 = CARTESIAN_POINT ( 'NONE',  ( 23.69119064072296865, -3.037549356588947091, 24.15222931182304222 ) ) ;
#1804 = FACE_OUTER_BOUND ( 'NONE', #1084, .T. ) ;
#1805 = CARTESIAN_POINT ( 'NONE',  ( 24.29377037633334524, -3.732164436440151167, 22.60494986004179907 ) ) ;
#1806 = AXIS2_PLACEMENT_3D ( 'NONE', #848, #601, #1730 ) ;
#1807 = AXIS2_PLACEMENT_3D ( 'NONE', #3396, #650, #1759 ) ;
#1808 = CARTESIAN_POINT ( 'NONE',  ( 22.63435055187953893, -21.19859056956965659, 24.68442215481296742 ) ) ;
#1809 = CARTESIAN_POINT ( 'NONE',  ( 25.05544922756117643, -21.45270856502506263, 24.95545005308551012 ) ) ;
#1810 = AXIS2_PLACEMENT_3D ( 'NONE', #3043, #1085, #781 ) ;
#1811 = CARTESIAN_POINT ( 'NONE',  ( 22.55688444651618951, -4.195216025648367264, -10.60808087843003911 ) ) ;
#1812 = CARTESIAN_POINT ( 'NONE',  ( 25.49999935925006866, -21.50000073015689850, -10.80000050812959600 ) ) ;
#1813 = CARTESIAN_POINT ( 'NONE',  ( 24.10879633232664077, -20.47015180977585658, -9.524665134150142265 ) ) ;
#1814 = CARTESIAN_POINT ( 'NONE',  ( 24.39513544684932356, -3.828602941488293165, -8.617665541935728868 ) ) ;
#1815 = ORIENTED_EDGE ( 'NONE', *, *, #1975, .T. ) ;
#1816 = FACE_OUTER_BOUND ( 'NONE', #3614, .T. ) ;
#1817 = ORIENTED_EDGE ( 'NONE', *, *, #2563, .T. ) ;
#1818 = CARTESIAN_POINT ( 'NONE',  ( 24.49999935925006156, -20.50766552305070789, 21.40000018477439525 ) ) ;
#1819 = CARTESIAN_POINT ( 'NONE',  ( 0.000000000000000000, -3.499999944120646411, 24.40000018477439880 ) ) ;
#1820 = CARTESIAN_POINT ( 'NONE',  ( 22.84279228531535111, -3.731551494155253668, 24.13925985334578783 ) ) ;
#1821 = CARTESIAN_POINT ( 'NONE',  ( 25.28478015764861553, -2.499999943162237059, -11.58478130652771831 ) ) ;
#1822 = CARTESIAN_POINT ( 'NONE',  ( 24.38084154778686141, -3.288266794027919104, 22.75411657508225360 ) ) ;
#1823 = DIRECTION ( 'NONE',  ( -0.000000000000000000, 1.000000000000000000, 0.000000000000000000 ) ) ;
#1824 = CARTESIAN_POINT ( 'NONE',  ( 28.50000001490116119, -3.499999944120645523, 27.40000018477439880 ) ) ;
#1825 = EDGE_CURVE ( 'NONE', #2285, #586, #3032, .T. ) ;
#1826 = CARTESIAN_POINT ( 'NONE',  ( 21.90764107161432506, -20.45685003187729478, -10.77709318465805133 ) ) ;
#1827 = FACE_OUTER_BOUND ( 'NONE', #1162, .T. ) ;
#1828 = CARTESIAN_POINT ( 'NONE',  ( 22.50451093592345586, -3.701817640205266713, -10.66078516107939222 ) ) ;
#1829 = DIRECTION ( 'NONE',  ( 0.000000000000000000, 0.000000000000000000, 1.000000000000000000 ) ) ;
#1830 = CARTESIAN_POINT ( 'NONE',  ( 24.37740668450932091, -21.15605109229555580, -10.40734945760050678 ) ) ;
#1831 = CARTESIAN_POINT ( 'NONE',  ( 24.39137882502618027, -3.440039275639167560, -8.805432108419745774 ) ) ;
#1832 = ORIENTED_EDGE ( 'NONE', *, *, #2416, .T. ) ;
#1833 = CARTESIAN_POINT ( 'NONE',  ( 24.90303962682856564, -21.30647448483111717, -9.412161578443564380 ) ) ;
#1834 = ORIENTED_EDGE ( 'NONE', *, *, #3563, .T. ) ;
#1835 = CARTESIAN_POINT ( 'NONE',  ( 24.52086335054995914, -3.264767945480426370, -2.829056630895698810 ) ) ;
#1836 = VECTOR ( 'NONE', #700, 1000.000000000000000 ) ;
#1837 = CARTESIAN_POINT ( 'NONE',  ( 0.5428786593888734746, -12.00014003230332449, -14.80000050812959245 ) ) ;
#1838 = CARTESIAN_POINT ( 'NONE',  ( 22.88598157560494428, -3.728604020241712558, 24.12028277228772311 ) ) ;
#1839 = CARTESIAN_POINT ( 'NONE',  ( 24.49999935925006866, -3.499999944120646411, 16.63615728514541203 ) ) ;
#1840 = AXIS2_PLACEMENT_3D ( 'NONE', #23, #2487, #1672 ) ;
#1841 = CARTESIAN_POINT ( 'NONE',  ( 24.47709203577849379, -3.543150642400202166, 21.80764189713868362 ) ) ;
#1842 = CARTESIAN_POINT ( 'NONE',  ( 24.49999935925006866, -20.50000073015689850, -7.800000508129598664 ) ) ;
#1843 = CARTESIAN_POINT ( 'NONE',  ( 23.39166159241392506, -21.34981364563198625, 24.87291574306536290 ) ) ;
#1844 = CARTESIAN_POINT ( 'NONE',  ( 22.69340048684751210, -19.80478464862917676, -10.55285417660457092 ) ) ;
#1845 = FACE_OUTER_BOUND ( 'NONE', #937, .T. ) ;
#1846 = CARTESIAN_POINT ( 'NONE',  ( 21.69638430138699192, -3.968761463483890584, -10.80000050812959778 ) ) ;
#1847 = CARTESIAN_POINT ( 'NONE',  ( 25.15533269667234606, -21.50000073015689850, -11.71383384248347426 ) ) ;
#1848 = CARTESIAN_POINT ( 'NONE',  ( 21.51051159140532931, -3.425046252049505746, -10.80271582137855368 ) ) ;
#1849 = CARTESIAN_POINT ( 'NONE',  ( 23.83434580205978648, -20.43942601673804305, -9.887579968692183030 ) ) ;
#1850 = CARTESIAN_POINT ( 'NONE',  ( 24.33131188440557224, -3.730767710191207343, -8.924502804566330383 ) ) ;
#1851 = ORIENTED_EDGE ( 'NONE', *, *, #340, .F. ) ;
#1852 = CARTESIAN_POINT ( 'NONE',  ( 25.49999935925006866, -21.50000073015689850, 25.40000018477439880 ) ) ;
#1853 = CARTESIAN_POINT ( 'NONE',  ( 24.57654923484585296, -20.90865254983508592, 21.88226557419990925 ) ) ;
#1854 = DIRECTION ( 'NONE',  ( 1.000000000000000000, -0.000000000000000000, -0.000000000000000000 ) ) ;
#1855 = CARTESIAN_POINT ( 'NONE',  ( 5.499999810010193002, -12.00000073015689850, 27.40000018477439880 ) ) ;
#1856 = CARTESIAN_POINT ( 'NONE',  ( 24.30807972955051000, -4.052019138998942616, 22.45688527204052320 ) ) ;
#1857 = DIRECTION ( 'NONE',  ( -1.000000000000000000, 0.000000000000000000, 0.000000000000000000 ) ) ;
#1858 = CARTESIAN_POINT ( 'NONE',  ( 25.49999935925006866, -2.499999944120645523, 25.40000018477439880 ) ) ;
#1859 = CARTESIAN_POINT ( 'NONE',  ( 23.75412144488480237, -21.21840181423190685, -10.99196254378571602 ) ) ;
#1860 = DIRECTION ( 'NONE',  ( -0.000000000000000000, -0.000000000000000000, 1.000000000000000000 ) ) ;
#1861 = CIRCLE ( 'NONE', #3281, 9.500000000000000000 ) ;
#1862 = ADVANCED_FACE ( 'NONE', ( #2143 ), #1299, .F. ) ;
#1863 = CARTESIAN_POINT ( 'NONE',  ( 21.98226474867559332, -3.091348124442393708, -10.87655038372537319 ) ) ;
#1864 = EDGE_CURVE ( 'NONE', #2303, #1945, #2419, .T. ) ;
#1865 = CARTESIAN_POINT ( 'NONE',  ( 24.30983013273525373, -20.93854468602846808, -10.60983128161478817 ) ) ;
#1866 = CARTESIAN_POINT ( 'NONE',  ( 24.14892316338749723, -19.80478464862918386, 22.81573748626032838 ) ) ;
#1867 = B_SPLINE_CURVE_WITH_KNOTS ( 'NONE', 3,
 ( #2559, #2943, #2127, #144, #95, #717, #1535, #421, #3254, #967 ),
 .UNSPECIFIED., .F., .F.,
 ( 4, 2, 2, 2, 4 ),
 ( 0.000000000000000000, 0.0004681268373521955809, 0.0009362536747043911619, 0.001404380512056586797, 0.001872507349408782324 ),
 .UNSPECIFIED. ) ;
#1868 = CARTESIAN_POINT ( 'NONE',  ( 24.10333872296356361, -19.80478464862917676, -9.303351592940948933 ) ) ;
#1869 = CARTESIAN_POINT ( 'NONE',  ( 24.50669146638452034, -3.245433890495551754, -7.989580925679397261 ) ) ;
#1870 = EDGE_LOOP ( 'NONE', ( #2026, #888, #2172, #2705 ) ) ;
#1871 = CARTESIAN_POINT ( 'NONE',  ( 24.59192600834732900, -20.91884970411469880, -8.163654394609769938 ) ) ;
#1872 = EDGE_CURVE ( 'NONE', #76, #2612, #3256, .T. ) ;
#1873 = EDGE_LOOP ( 'NONE', ( #345, #2832, #704, #1248 ) ) ;
#1874 = CARTESIAN_POINT ( 'NONE',  ( 24.86541732439384944, -21.28851987653398226, 23.43717660447552475 ) ) ;
#1875 = EDGE_CURVE ( 'NONE', #3435, #2140, #244, .T. ) ;
#1876 = CARTESIAN_POINT ( 'NONE',  ( 24.52682877201462830, -20.73244427853630256, -7.902296177538013389 ) ) ;
#1877 = FACE_OUTER_BOUND ( 'NONE', #3153, .T. ) ;
#1878 = FACE_OUTER_BOUND ( 'NONE', #2684, .T. ) ;
#1879 = FACE_BOUND ( 'NONE', #2818, .T. ) ;
#1880 = CARTESIAN_POINT ( 'NONE',  ( 23.86123191555380529, -21.19376402973309226, -10.90013331049377499 ) ) ;
#1881 = CARTESIAN_POINT ( 'NONE',  ( 22.63364839266184703, -20.28330950894601870, -10.63105760276371825 ) ) ;
#1882 = DIRECTION ( 'NONE',  ( -1.000000000000000000, 0.000000000000000000, 0.000000000000000000 ) ) ;
#1883 = VECTOR ( 'NONE', #2116, 1000.000000000000000 ) ;
#1884 = DIRECTION ( 'NONE',  ( 1.000000000000000000, 0.000000000000000000, 0.000000000000000000 ) ) ;
#1885 = CARTESIAN_POINT ( 'NONE',  ( 22.66087472839194916, -2.794679931759067149, -11.09106146295624740 ) ) ;
#1886 = CARTESIAN_POINT ( 'NONE',  ( 24.29377037633334524, -20.26783623783734356, -9.004950183396974950 ) ) ;
#1887 = CARTESIAN_POINT ( 'NONE',  ( 24.23936248516433878, -3.741876692249432867, -9.136657061022400939 ) ) ;
#1888 = ORIENTED_EDGE ( 'NONE', *, *, #1801, .F. ) ;
#1889 = CARTESIAN_POINT ( 'NONE',  ( 25.49999935925006866, -3.499999944120645523, 0.000000000000000000 ) ) ;
#1890 = ORIENTED_EDGE ( 'NONE', *, *, #2688, .T. ) ;
#1891 = CARTESIAN_POINT ( 'NONE',  ( 24.47769838320272484, -20.28572126975681300, 21.79455220217894862 ) ) ;
#1892 = CARTESIAN_POINT ( 'NONE',  ( 22.75818337276224312, -20.27194942408244671, 24.17600517553421113 ) ) ;
#1893 = CARTESIAN_POINT ( 'NONE',  ( 25.49999935925006866, -2.499999944120645967, -11.80000050812959600 ) ) ;
#1894 = DIRECTION ( 'NONE',  ( -1.000000000000000000, 0.000000000000000000, 0.000000000000000000 ) ) ;
#1895 = VECTOR ( 'NONE', #3381, 1000.000000000000000 ) ;
#1896 = CARTESIAN_POINT ( 'NONE',  ( 24.74758359081006276, -21.15964565205239367, 22.38758815560004933 ) ) ;
#1897 = DIRECTION ( 'NONE',  ( 0.000000000000000000, 0.000000000000000000, -1.000000000000000000 ) ) ;
#1898 = EDGE_CURVE ( 'NONE', #2374, #36, #1391, .T. ) ;
#1899 = DIRECTION ( 'NONE',  ( 0.9938079899999066047, 0.1111111111111108690, 0.000000000000000000 ) ) ;
#1900 = APPLICATION_PROTOCOL_DEFINITION ( 'draft international standard', 'automotive_design', 1998, #2282 ) ;
#1901 = CIRCLE ( 'NONE', #2489, 9.500000000000000000 ) ;
#1902 = ADVANCED_FACE ( 'NONE', ( #2211 ), #1509, .F. ) ;
#1903 = VECTOR ( 'NONE', #119, 1000.000000000000000 ) ;
#1904 =( LENGTH_UNIT ( ) NAMED_UNIT ( * ) SI_UNIT ( .MILLI., .METRE. ) );
#1905 = CARTESIAN_POINT ( 'NONE',  ( 22.60269882584316647, -19.80478464862918386, 24.19042371136714209 ) ) ;
#1906 = CARTESIAN_POINT ( 'NONE',  ( 24.47700583212725078, -20.44592552361273974, -8.205519405344460893 ) ) ;
#1907 = EDGE_CURVE ( 'NONE', #2024, #377, #3538, .T. ) ;
#1908 = CARTESIAN_POINT ( 'NONE',  ( 24.07630842419080608, -3.763717994920293020, -9.447934308622789601 ) ) ;
#1909 = CARTESIAN_POINT ( 'NONE',  ( 5.499999810010200108, -11.99999994412064552, -11.80000050812959600 ) ) ;
#1910 = CARTESIAN_POINT ( 'NONE',  ( 24.33488856570819081, -20.11436846574915904, 22.42792430916738766 ) ) ;
#1911 = CARTESIAN_POINT ( 'NONE',  ( 22.70494903451744761, -20.26783623783737198, 24.19377120185764340 ) ) ;
#1912 = CARTESIAN_POINT ( 'NONE',  ( 23.68269009822110505, -2.780545438395005231, -11.06274052056933321 ) ) ;
#1913 = CARTESIAN_POINT ( 'NONE',  ( 23.39166159241392506, -2.650187028645555554, 24.87291574306536290 ) ) ;
#1914 = EDGE_CURVE ( 'NONE', #1410, #2112, #1371, .T. ) ;
#1915 = LINE ( 'NONE', #2194, #2936 ) ;
#1916 = CARTESIAN_POINT ( 'NONE',  ( 24.17616101969043640, -21.15186400622796725, -10.61119210333379037 ) ) ;
#1917 = CARTESIAN_POINT ( 'NONE',  ( 21.49999935925006866, -20.50000073015689850, -10.80000050812959600 ) ) ;
#1918 = EDGE_CURVE ( 'NONE', #7, #1410, #1087, .T. ) ;
#1919 = CARTESIAN_POINT ( 'NONE',  ( 23.88516950000293448, -19.80478464862918386, 23.22986458590485626 ) ) ;
#1920 = CARTESIAN_POINT ( 'NONE',  ( 24.49134243796357069, -21.01086322001435747, -9.584344341871986472 ) ) ;
#1921 = VECTOR ( 'NONE', #1955, 1000.000000000000000 ) ;
#1922 = VECTOR ( 'NONE', #1298, 1000.000000000000000 ) ;
#1923 = CARTESIAN_POINT ( 'NONE',  ( 24.22036618864567714, -3.742413440645207867, -9.177951012422205679 ) ) ;
#1924 = VECTOR ( 'NONE', #2249, 1000.000000000000000 ) ;
#1925 = FACE_OUTER_BOUND ( 'NONE', #2686, .T. ) ;
#1926 = CARTESIAN_POINT ( 'NONE',  ( 24.54220458887552425, -21.12309627584084026, 23.48931549939183228 ) ) ;
#1927 = CARTESIAN_POINT ( 'NONE',  ( 22.82945297835405540, -19.80478464862918386, 24.09649906607271319 ) ) ;
#1928 = EDGE_CURVE ( 'NONE', #2140, #3324, #1165, .T. ) ;
#1929 = CARTESIAN_POINT ( 'NONE',  ( 25.49999935925006866, -2.499999944120645523, -2.074119415589813720 ) ) ;
#1930 = VERTEX_POINT ( 'NONE', #1124 ) ;
#1931 = CARTESIAN_POINT ( 'NONE',  ( 5.492878659388874318, -12.00014003230332449, -2.800000508129592891 ) ) ;
#1932 = CARTESIAN_POINT ( 'NONE',  ( 24.56395603917690451, -20.85218535878017221, 21.65006453546427068 ) ) ;
#1933 = DIRECTION ( 'NONE',  ( -0.000000000000000000, -0.000000000000000000, -1.000000000000000000 ) ) ;
#1934 = DIRECTION ( 'NONE',  ( -1.000000000000000000, 0.000000000000000000, 0.000000000000000000 ) ) ;
#1935 = DIRECTION ( 'NONE',  ( 1.000000000000000000, 0.000000000000000000, 0.000000000000000000 ) ) ;
#1936 = DIRECTION ( 'NONE',  ( 0.000000000000000000, 0.000000000000000000, -1.000000000000000000 ) ) ;
#1937 = CARTESIAN_POINT ( 'NONE',  ( 22.30971132157666403, -2.895414841067455836, -11.00266712088887999 ) ) ;
#1938 = CARTESIAN_POINT ( 'NONE',  ( 24.40318733460652822, -20.34178940518469147, -8.624659465371387057 ) ) ;
#1939 = CARTESIAN_POINT ( 'NONE',  ( 24.37181542745071994, -3.020207111109394216, -9.811870049496679513 ) ) ;
#1940 = DIRECTION ( 'NONE',  ( -1.000000000000000000, 0.000000000000000000, 0.000000000000000000 ) ) ;
#1941 = ORIENTED_EDGE ( 'NONE', *, *, #2515, .T. ) ;
#1942 = CARTESIAN_POINT ( 'NONE',  ( 24.14187105622210439, -20.26415772977380314, 22.94623394182601217 ) ) ;
#1943 = CARTESIAN_POINT ( 'NONE',  ( 23.09256901912034721, -20.48141422660230404, 24.08375171729014852 ) ) ;
#1944 = DIRECTION ( 'NONE',  ( 0.000000000000000000, 0.000000000000000000, -1.000000000000000000 ) ) ;
#1945 = VERTEX_POINT ( 'NONE', #3081 ) ;
#1946 = CARTESIAN_POINT ( 'NONE',  ( 24.74758359082737513, -2.840355022203939317, -8.787588479023771271 ) ) ;
#1947 = ORIENTED_EDGE ( 'NONE', *, *, #614, .F. ) ;
#1948 = CARTESIAN_POINT ( 'NONE',  ( 22.23177129847227818, -3.154801620395324857, 24.43599114645432380 ) ) ;
#1949 = CARTESIAN_POINT ( 'NONE',  ( 24.79363612443876974, -2.511327333383054139, 25.22340937615640044 ) ) ;
#1950 = DIRECTION ( 'NONE',  ( 0.000000000000000000, 0.000000000000000000, -1.000000000000000000 ) ) ;
#1951 = CIRCLE ( 'NONE', #1199, 1.000000000000000000 ) ;
#1952 = EDGE_LOOP ( 'NONE', ( #3462, #993 ) ) ;
#1953 = B_SPLINE_CURVE_WITH_KNOTS ( 'NONE', 3,
 ( #413, #3194, #2006, #121 ),
 .UNSPECIFIED., .F., .F.,
 ( 4, 4 ),
 ( 0.000000000000000000, 1.000000000000000000 ),
 .UNSPECIFIED. ) ;
#1954 = CARTESIAN_POINT ( 'NONE',  ( 24.12135852431283922, -19.80478464862917676, -9.310857449242295303 ) ) ;
#1955 = DIRECTION ( 'NONE',  ( -1.000000000000000000, 0.000000000000000000, 0.000000000000000000 ) ) ;
#1956 = CARTESIAN_POINT ( 'NONE',  ( 24.49999935925006866, -19.80478464862917676, -7.800000508129596888 ) ) ;
#1957 = CARTESIAN_POINT ( 'NONE',  ( 23.90771306152566211, -3.760050955144897955, -9.703701908496533690 ) ) ;
#1958 = DIRECTION ( 'NONE',  ( -0.000000000000000000, -0.000000000000000000, 1.000000000000000000 ) ) ;
#1959 = ORIENTED_EDGE ( 'NONE', *, *, #1062, .T. ) ;
#1960 = CARTESIAN_POINT ( 'NONE',  ( 23.98686067302056202, -20.64067485918339528, 23.47890186946342439 ) ) ;
#1961 = CARTESIAN_POINT ( 'NONE',  ( 23.12034289968827494, -20.25555948947265250, 24.00125294575119739 ) ) ;
#1962 = DIRECTION ( 'NONE',  ( -1.000000000000000000, 0.000000000000000000, 0.000000000000000000 ) ) ;
#1963 = EDGE_LOOP ( 'NONE', ( #1778, #637, #909, #282, #2447, #3133, #3094, #757, #2372, #2727, #60, #1463 ) ) ;
#1964 = DIRECTION ( 'NONE',  ( -1.000000000000000000, 0.000000000000000000, 0.000000000000000000 ) ) ;
#1965 = ORIENTED_EDGE ( 'NONE', *, *, #3443, .F. ) ;
#1966 = CARTESIAN_POINT ( 'NONE',  ( 21.49999935925007222, -3.653145253806326931, 24.40000018477440236 ) ) ;
#1967 = CARTESIAN_POINT ( 'NONE',  ( 24.76548834189905435, -21.24528529608273075, -9.963921547373161047 ) ) ;
#1968 = TOROIDAL_SURFACE ( 'NONE', #854, 8.500000000000000000, 1.000000000000000000 ) ;
#1969 = CARTESIAN_POINT ( 'NONE',  ( 24.49999935925006866, -5.282485684519935276, -1.517514351603157285 ) ) ;
#1970 = CARTESIAN_POINT ( 'NONE',  ( 24.19649824054838305, -4.195216025648363711, 22.72945380387838910 ) ) ;
#1971 = VERTEX_POINT ( 'NONE', #2841 ) ;
#1972 = CARTESIAN_POINT ( 'NONE',  ( 21.80676754577839205, -3.111788060530612743, 24.47796370588280723 ) ) ;
#1973 = CARTESIAN_POINT ( 'NONE',  ( 24.53828652057921644, -3.225446735463741721, 21.54737234711956972 ) ) ;
#1974 = CARTESIAN_POINT ( 'NONE',  ( 24.76548834189906501, -21.24528529608274141, -9.963921547373193022 ) ) ;
#1975 = EDGE_CURVE ( 'NONE', #2407, #3359, #3018, .T. ) ;
#1976 = CARTESIAN_POINT ( 'NONE',  ( 23.53026630937482011, -3.788895779017162457, -10.09328987716237158 ) ) ;
#1977 = CARTESIAN_POINT ( 'NONE',  ( 25.49999935925006866, -2.499999944120645523, 25.40000018477439880 ) ) ;
#1978 = EDGE_LOOP ( 'NONE', ( #3365, #1798, #2799, #1387 ) ) ;
#1979 = CARTESIAN_POINT ( 'NONE',  ( 24.07700670201310800, -20.25318059087166844, 23.05562498270293403 ) ) ;
#1980 = CARTESIAN_POINT ( 'NONE',  ( 21.69638430138699903, -19.80478464862918386, 24.40000018477439880 ) ) ;
#1981 = EDGE_CURVE ( 'NONE', #869, #2303, #3021, .T. ) ;
#1982 = CARTESIAN_POINT ( 'NONE',  ( 23.39166159241401388, -2.650187028645541787, -11.27291606642058142 ) ) ;
#1983 = ORIENTED_EDGE ( 'NONE', *, *, #1360, .T. ) ;
#1984 = EDGE_CURVE ( 'NONE', #1491, #3447, #1384, .T. ) ;
#1985 = VECTOR ( 'NONE', #1689, 1000.000000000000000 ) ;
#1986 = FACE_OUTER_BOUND ( 'NONE', #3545, .T. ) ;
#1987 = VERTEX_POINT ( 'NONE', #2502 ) ;
#1988 = CARTESIAN_POINT ( 'NONE',  ( 22.85807529969571661, -2.732924366499422053, 24.73951916988581345 ) ) ;
#1989 = CARTESIAN_POINT ( 'NONE',  ( 24.14892316338750078, -4.195216025648367264, -9.215737809615527354 ) ) ;
#1990 = CARTESIAN_POINT ( 'NONE',  ( 23.79616373150869180, -3.772334104347784045, 23.43429071682808384 ) ) ;
#1991 = ORIENTED_EDGE ( 'NONE', *, *, #3449, .F. ) ;
#1992 = CARTESIAN_POINT ( 'NONE',  ( 21.71300072719960994, -3.173605818773788112, 24.45475059630708614 ) ) ;
#1993 = CARTESIAN_POINT ( 'NONE',  ( -23.42702945377912016, -20.50000073015689850, 27.40000018477439880 ) ) ;
#1994 = CARTESIAN_POINT ( 'NONE',  ( 5.492878659388874318, -12.00014003230332449, 26.40000018477439880 ) ) ;
#1995 = CARTESIAN_POINT ( 'NONE',  ( 24.14597892406843371, -3.046280471724272410, -10.12815036546458991 ) ) ;
#1996 = FACE_OUTER_BOUND ( 'NONE', #3384, .T. ) ;
#1997 = ORIENTED_EDGE ( 'NONE', *, *, #1596, .F. ) ;
#1998 = CARTESIAN_POINT ( 'NONE',  ( 24.22029948180570713, -20.26789482777355289, 22.78393156575321399 ) ) ;
#1999 = CARTESIAN_POINT ( 'NONE',  ( 23.39590538375201945, -20.65451406312596205, -10.41981381117817129 ) ) ;
#2000 = AXIS2_PLACEMENT_3D ( 'NONE', #1889, #1011, #3017 ) ;
#2001 = CARTESIAN_POINT ( 'NONE',  ( 21.53466094680426579, -20.76826056117650765, 24.40866558166295164 ) ) ;
#2002 = ORIENTED_EDGE ( 'NONE', *, *, #1254, .F. ) ;
#2003 = CARTESIAN_POINT ( 'NONE',  ( 5.499999810010200108, -12.00000073015689672, -11.80000050812959600 ) ) ;
#2004 = EDGE_LOOP ( 'NONE', ( #740, #1557, #80, #1685 ) ) ;
#2005 = CARTESIAN_POINT ( 'NONE',  ( 22.94644666685477574, -2.769798893615204260, 24.69882070413915542 ) ) ;
#2006 = CARTESIAN_POINT ( 'NONE',  ( 21.49999935925007222, -20.03652334247176370, -10.80000050812959600 ) ) ;
#2007 = CARTESIAN_POINT ( 'NONE',  ( 24.25285302772504181, -4.195216025648367264, -8.993401635727044763 ) ) ;
#2008 = CARTESIAN_POINT ( 'NONE',  ( 24.37740668450926051, -2.843949581982031294, 24.00734913424522077 ) ) ;
#2009 = ADVANCED_FACE ( 'NONE', ( #582 ), #600, .F. ) ;
#2010 = VERTEX_POINT ( 'NONE', #2522 ) ;
#2011 = CARTESIAN_POINT ( 'NONE',  ( 24.49999935925006866, -19.80478464862917676, -7.800000508129596888 ) ) ;
#2012 = CARTESIAN_POINT ( 'NONE',  ( 28.50000001490116119, -20.50000073015689850, 27.40000018477439880 ) ) ;
#2013 = CARTESIAN_POINT ( 'NONE',  ( 5.499999810010201884, -20.50000073015689850, -10.80000050812959600 ) ) ;
#2014 = CARTESIAN_POINT ( 'NONE',  ( 23.48247961099226444, -4.064942390974509934, -10.06016094350669121 ) ) ;
#2015 = VECTOR ( 'NONE', #783, 1000.000000000000000 ) ;
#2016 = CARTESIAN_POINT ( 'NONE',  ( 21.50035185648321701, -20.51527192447541381, -10.80008863243787864 ) ) ;
#2017 = EDGE_LOOP ( 'NONE', ( #1890, #2631, #3127, #1668, #1521, #3002 ) ) ;
#2018 = CARTESIAN_POINT ( 'NONE',  ( 24.25222848629869432, -20.96245131768857917, 23.59119146624726326 ) ) ;
#2019 = CARTESIAN_POINT ( 'NONE',  ( 23.48247961099226444, -19.80478464862917676, -10.06016094350668943 ) ) ;
#2020 = EDGE_CURVE ( 'NONE', #1579, #3456, #847, .T. ) ;
#2021 = CARTESIAN_POINT ( 'NONE',  ( 21.90396379253375159, -20.43862776658527025, 24.37705109158443051 ) ) ;
#2022 = APPLICATION_CONTEXT ( 'automotive_design' ) ;
#2023 = ORIENTED_EDGE ( 'NONE', *, *, #146, .T. ) ;
#2024 = VERTEX_POINT ( 'NONE', #3479 ) ;
#2025 = CARTESIAN_POINT ( 'NONE',  ( 24.49999935925006866, -3.499999944120645523, -7.800000508129596888 ) ) ;
#2026 = ORIENTED_EDGE ( 'NONE', *, *, #2459, .F. ) ;
#2027 =( BOUNDED_CURVE ( )  B_SPLINE_CURVE ( 3, ( #3318, #1353, #3561, #1073 ),
 .UNSPECIFIED., .F., .T. ) 
 B_SPLINE_CURVE_WITH_KNOTS ( ( 4, 4 ),
 ( 1.570796326794896558, 2.125962403627675190 ),
 .UNSPECIFIED. ) 
 CURVE ( )  GEOMETRIC_REPRESENTATION_ITEM ( )  RATIONAL_B_SPLINE_CURVE ( ( 1.000000000000000000, 0.9744803810316338133, 0.9744803810316338133, 1.000000000000000000 ) ) 
 REPRESENTATION_ITEM ( '' )  );
#2028 = CARTESIAN_POINT ( 'NONE',  ( 23.18693766971204795, -2.977860621686233333, 24.43115290693410202 ) ) ;
#2029 = CARTESIAN_POINT ( 'NONE',  ( -23.42702945377912016, -20.50000073015689850, -14.80000050812959600 ) ) ;
#2030 = CARTESIAN_POINT ( 'NONE',  ( -12.26955326245040467, -21.50000073015689850, 15.67411909223461564 ) ) ;
#2031 = CARTESIAN_POINT ( 'NONE',  ( 24.40428617732930050, -3.013199243785663395, 23.35996285268014461 ) ) ;
#2032 = ORIENTED_EDGE ( 'NONE', *, *, #2307, .F. ) ;
#2033 = FACE_OUTER_BOUND ( 'NONE', #1706, .T. ) ;
#2034 = DIRECTION ( 'NONE',  ( 0.000000000000000000, 0.000000000000000000, 1.000000000000000000 ) ) ;
#2035 = EDGE_CURVE ( 'NONE', #1375, #1184, #1729, .T. ) ;
#2036 = CARTESIAN_POINT ( 'NONE',  ( 24.03916081263476912, -2.927612135546445948, -10.49191729306860665 ) ) ;
#2037 = CARTESIAN_POINT ( 'NONE',  ( 25.49999935925006866, -3.499999944120645523, 0.000000000000000000 ) ) ;
#2038 = ORIENTED_EDGE ( 'NONE', *, *, #3321, .T. ) ;
#2039 = CARTESIAN_POINT ( 'NONE',  ( 23.53026630937481656, -20.21110489526038378, 23.69328955380716550 ) ) ;
#2040 = CARTESIAN_POINT ( 'NONE',  ( 23.79519405584516889, -21.08937214748246092, -10.69005469944905506 ) ) ;
#2041 = EDGE_CURVE ( 'NONE', #706, #2914, #1953, .T. ) ;
#2042 = CARTESIAN_POINT ( 'NONE',  ( 21.50139781447593634, -20.52672924424008016, 24.40034979858086217 ) ) ;
#2043 = ORIENTED_EDGE ( 'NONE', *, *, #3429, .F. ) ;
#2044 = ORIENTED_EDGE ( 'NONE', *, *, #2806, .F. ) ;
#2045 = CYLINDRICAL_SURFACE ( 'NONE', #2378, 1.600000000000000755 ) ;
#2046 = CIRCLE ( 'NONE', #280, 1.600000000000000755 ) ;
#2047 = CARTESIAN_POINT ( 'NONE',  ( 23.84341465251372227, -2.802344469934681115, 24.51553618392479450 ) ) ;
#2048 = CARTESIAN_POINT ( 'NONE',  ( 25.49999935925006866, -21.50000073015689850, 25.40000018477439880 ) ) ;
#2049 = AXIS2_PLACEMENT_3D ( 'NONE', #1909, #2203, #287 ) ;
#2050 = CARTESIAN_POINT ( 'NONE',  ( 24.27625477786330066, -3.745348786275571662, 22.64759817186832080 ) ) ;
#2051 = ORIENTED_EDGE ( 'NONE', *, *, #1676, .T. ) ;
#2052 = CARTESIAN_POINT ( 'NONE',  ( 5.492878659388874318, -12.00014003230332449, 24.40000018477439880 ) ) ;
#2053 = DIRECTION ( 'NONE',  ( -0.000000000000000000, -1.000000000000000000, -0.000000000000000000 ) ) ;
#2054 = CARTESIAN_POINT ( 'NONE',  ( 23.82814921658506080, -3.046280471724270633, -10.44598007294798592 ) ) ;
#2055 = CARTESIAN_POINT ( 'NONE',  ( 21.69214283233755225, -3.189093072193701861, -10.84954455808565577 ) ) ;
#2056 = CARTESIAN_POINT ( 'NONE',  ( 22.94644666685488232, -21.23020178066236241, -11.09882102749435795 ) ) ;
#2057 = ORIENTED_EDGE ( 'NONE', *, *, #3583, .F. ) ;
#2058 = CARTESIAN_POINT ( 'NONE',  ( 23.15562415717862876, -20.25318059087167200, -10.37700785089264599 ) ) ;
#2059 = CARTESIAN_POINT ( 'NONE',  ( 21.66753074064757456, -20.52223727077957349, 24.40027340106558640 ) ) ;
#2060 = ORIENTED_EDGE ( 'NONE', *, *, #3226, .T. ) ;
#2061 = VERTEX_POINT ( 'NONE', #1206 ) ;
#2062 = FACE_OUTER_BOUND ( 'NONE', #1148, .T. ) ;
#2063 = CARTESIAN_POINT ( 'NONE',  ( 23.14793315974328181, -3.763717994920294796, 23.97630924971513622 ) ) ;
#2064 = CARTESIAN_POINT ( 'NONE',  ( 28.50000001490116119, -2.499999944120645523, -2.074119415589813720 ) ) ;
#2065 = CARTESIAN_POINT ( 'NONE',  ( 24.49999935925007222, -3.653145253806326931, 21.40000018477440236 ) ) ;
#2066 = EDGE_CURVE ( 'NONE', #2114, #149, #2251, .T. ) ;
#2067 = CARTESIAN_POINT ( 'NONE',  ( 22.13151223861625994, -21.03933618934115657, 24.55789594711112755 ) ) ;
#2068 = CARTESIAN_POINT ( 'NONE',  ( 23.25192722079036756, -21.32814657870656205, -11.23798247351466983 ) ) ;
#2069 = CARTESIAN_POINT ( 'NONE',  ( 22.64135304296673468, -3.469336597754717033, -10.65831155201679792 ) ) ;
#2070 = CARTESIAN_POINT ( 'NONE',  ( 21.72655545291730306, -3.163286400237258267, -10.85814195976331042 ) ) ;
#2071 = AXIS2_PLACEMENT_3D ( 'NONE', #3042, #2817, #1944 ) ;
#2072 = EDGE_CURVE ( 'NONE', #36, #1681, #1278, .T. ) ;
#2073 = ORIENTED_EDGE ( 'NONE', *, *, #1496, .T. ) ;
#2074 = CARTESIAN_POINT ( 'NONE',  ( 23.86123191555381595, -21.19376402973310292, -10.90013331049378920 ) ) ;
#2075 = CARTESIAN_POINT ( 'NONE',  ( 24.50000345173980421, -3.492781306830058163, -7.966719835985472287 ) ) ;
#2076 = ORIENTED_EDGE ( 'NONE', *, *, #1981, .F. ) ;
#2077 = ORIENTED_EDGE ( 'NONE', *, *, #63, .T. ) ;
#2078 = AXIS2_PLACEMENT_3D ( 'NONE', #1226, #416, #3179 ) ;
#2079 = PLANE ( 'NONE',  #2852 ) ;
#2080 = AXIS2_PLACEMENT_3D ( 'NONE', #3380, #2557, #1159 ) ;
#2081 = CARTESIAN_POINT ( 'NONE',  ( 23.53643700092496616, -3.022781229783564783, 24.25615999310144488 ) ) ;
#2082 = CARTESIAN_POINT ( 'NONE',  ( -3.000000189989802557, -11.99999994412064730, -13.80000050812959778 ) ) ;
#2083 = CARTESIAN_POINT ( 'NONE',  ( 24.49134243796354227, -2.989137454263200766, 23.18434401851672888 ) ) ;
#2084 = B_SPLINE_CURVE_WITH_KNOTS ( 'NONE', 3,
 ( #2115, #102, #1219, #134, #2896, #2687, #1560, #1800, #671, #2096 ),
 .UNSPECIFIED., .F., .F.,
 ( 4, 2, 2, 2, 4 ),
 ( 0.000000000000000000, 0.2500000000000000000, 0.5000000000000000000, 0.7500000000000000000, 1.000000000000000000 ),
 .UNSPECIFIED. ) ;
#2085 = CYLINDRICAL_SURFACE ( 'NONE', #1457, 2.999999999999999112 ) ;
#2086 = FACE_BOUND ( 'NONE', #845, .T. ) ;
#2087 = CARTESIAN_POINT ( 'NONE',  ( 21.86265502521182214, -20.91890199511328419, -10.89168730018759845 ) ) ;
#2088 = CARTESIAN_POINT ( 'NONE',  ( 23.39008294080909067, -2.854383564813851137, -10.93002760586662347 ) ) ;
#2089 = CARTESIAN_POINT ( 'NONE',  ( 21.88309774806431562, -3.070956677986491190, -10.89669903608931456 ) ) ;
#2090 = VECTOR ( 'NONE', #2418, 1000.000000000000000 ) ;
#2091 = CARTESIAN_POINT ( 'NONE',  ( 24.10125212022687435, -20.25555948947266316, -9.420344048567809381 ) ) ;
#2092 = CARTESIAN_POINT ( 'NONE',  ( 24.86541732439386720, -2.711480797743533788, -9.837176927830814321 ) ) ;
#2093 = VERTEX_POINT ( 'NONE', #2361 ) ;
#2094 = CARTESIAN_POINT ( 'NONE',  ( 24.64936359465840354, -21.02578152364621644, -8.397174553393726981 ) ) ;
#2095 = ORIENTED_EDGE ( 'NONE', *, *, #1099, .F. ) ;
#2096 = CARTESIAN_POINT ( 'NONE',  ( 24.49999935925006866, -4.195216025648363711, 21.40000018477439880 ) ) ;
#2097 = CARTESIAN_POINT ( 'NONE',  ( 23.46441945735940493, -2.682776961871306654, -11.22037164663098174 ) ) ;
#2098 = EDGE_CURVE ( 'NONE', #2093, #1657, #2328, .T. ) ;
#2099 = CARTESIAN_POINT ( 'NONE',  ( 22.88393074022887319, -3.732105846503964042, 24.12030030733002306 ) ) ;
#2100 = CARTESIAN_POINT ( 'NONE',  ( 23.39166159241401743, -2.650187028645540455, -11.27291606642058319 ) ) ;
#2101 = CARTESIAN_POINT ( 'NONE',  ( 24.40310708269042195, -3.647594217970786534, 22.22953018201686604 ) ) ;
#2102 = AXIS2_PLACEMENT_3D ( 'NONE', #2199, #1612, #3271 ) ;
#2103 = VECTOR ( 'NONE', #3309, 1000.000000000000000 ) ;
#2104 = CYLINDRICAL_SURFACE ( 'NONE', #985, 3.000000000000000888 ) ;
#2105 = CARTESIAN_POINT ( 'NONE',  ( 22.30971132156582115, -21.10458583320381720, 24.60266679752856689 ) ) ;
#2106 = CARTESIAN_POINT ( 'NONE',  ( 24.30983013273520044, -20.93854468602839347, 24.20983095825953413 ) ) ;
#2107 = CIRCLE ( 'NONE', #3550, 13.00000000000000178 ) ;
#2108 = CARTESIAN_POINT ( 'NONE',  ( 22.42269785430205786, -3.857110954739864983, -10.66382943107459980 ) ) ;
#2109 = DIRECTION ( 'NONE',  ( -0.9999999999999965583, 8.274065807500896597E-08, 0.000000000000000000 ) ) ;
#2110 = CARTESIAN_POINT ( 'NONE',  ( 24.18418591314849664, -20.25549046398228370, -9.264014014467775837 ) ) ;
#2111 = CARTESIAN_POINT ( 'NONE',  ( 24.39253780367783619, -3.662514728766609107, -8.689800260354665795 ) ) ;
#2112 = VERTEX_POINT ( 'NONE', #3135 ) ;
#2113 = CARTESIAN_POINT ( 'NONE',  ( 24.65789512158690044, -21.03933618934131999, -8.431513387498384304 ) ) ;
#2114 = VERTEX_POINT ( 'NONE', #923 ) ;
#2115 = CARTESIAN_POINT ( 'NONE',  ( 21.49999935925006866, -4.195216025648363711, 24.40000018477439880 ) ) ;
#2116 = DIRECTION ( 'NONE',  ( -0.000000000000000000, -0.000000000000000000, 1.000000000000000000 ) ) ;
#2117 = CARTESIAN_POINT ( 'NONE',  ( 23.71601572690564552, -2.899056590416676737, 24.34885250820993008 ) ) ;
#2118 = DIRECTION ( 'NONE',  ( 1.000000000000000000, 0.000000000000000000, 0.000000000000000000 ) ) ;
#2119 = CARTESIAN_POINT ( 'NONE',  ( 24.40257640211502377, -3.424176713741375888, 22.33741111419043079 ) ) ;
#2120 = SURFACE_STYLE_FILL_AREA ( #401 ) ;
#2121 = CARTESIAN_POINT ( 'NONE',  ( 24.97291491754103632, -21.34981364563198625, 23.29166241793825876 ) ) ;
#2122 =( BOUNDED_SURFACE ( )  B_SPLINE_SURFACE ( 3, 2, ( 
 ( #1893, #2987, #472 ),
 ( #1619, #1821, #2748 ),
 ( #3246, #211, #2972 ),
 ( #228, #1583, #2434 ),
 ( #171, #1313, #2468 ),
 ( #2713, #154, #2100 ) ),
 .UNSPECIFIED., .F., .F., .T. ) 
 B_SPLINE_SURFACE_WITH_KNOTS ( ( 4, 2, 4 ),
 ( 3, 3 ),
 ( 0.000000000000000000, 0.2045468115119206121, 0.4090936230238412241 ),
 ( 0.000000000000000000, 1.000000000000000000 ),
 .UNSPECIFIED. ) 
 GEOMETRIC_REPRESENTATION_ITEM ( )  RATIONAL_B_SPLINE_SURFACE ( (
 ( 1.000000000000000000, 1.000000000000000000, 1.000000000000000000),
 ( 1.000000000000000000, 1.000060686411459399, 1.000000000000000000),
 ( 1.000000000000000000, 0.9942724248620519178, 1.000000000000000000),
 ( 1.000000000000000000, 0.9699554205547359365, 1.000000000000000000),
 ( 1.000000000000000000, 0.9513940564677318967, 1.000000000000000000),
 ( 1.000000000000000000, 0.9279498885468704383, 1.000000000000000000) ) ) 
 REPRESENTATION_ITEM ( '' )  SURFACE ( )  );
#2123 = CARTESIAN_POINT ( 'NONE',  ( 22.39162709776253379, -20.34107739216659283, -10.69251199691152543 ) ) ;
#2124 = DIRECTION ( 'NONE',  ( -1.000000000000000000, -0.000000000000000000, -0.000000000000000000 ) ) ;
#2125 = CARTESIAN_POINT ( 'NONE',  ( 23.10852890298568241, -2.807478475937883466, -11.04234015109233447 ) ) ;
#2126 = LINE ( 'NONE', #2720, #2965 ) ;
#2127 = CARTESIAN_POINT ( 'NONE',  ( 24.52066783839513064, -20.73443587557468604, -2.829780708147495272 ) ) ;
#2128 = CARTESIAN_POINT ( 'NONE',  ( 24.36347368339797370, -21.08554787629612548, -10.13131569873720039 ) ) ;
#2129 = CARTESIAN_POINT ( 'NONE',  ( 24.53115208140975767, -2.977860621686192033, -9.486938818591635680 ) ) ;
#2130 = ORIENTED_EDGE ( 'NONE', *, *, #3451, .F. ) ;
#2131 = DIRECTION ( 'NONE',  ( -1.000000000000000000, 0.000000000000000000, 0.000000000000000000 ) ) ;
#2132 = ORIENTED_EDGE ( 'NONE', *, *, #1763, .F. ) ;
#2133 = ORIENTED_EDGE ( 'NONE', *, *, #2558, .T. ) ;
#2134 = CARTESIAN_POINT ( 'NONE',  ( 24.82569804571217986, -2.751136565432969583, 15.93652315981802481 ) ) ;
#2135 = CIRCLE ( 'NONE', #381, 1.599999999999999867 ) ;
#2136 = CARTESIAN_POINT ( 'NONE',  ( 28.50000001490116119, -3.499999944120645523, -13.80000050812959778 ) ) ;
#2137 = CARTESIAN_POINT ( 'NONE',  ( 5.499999810010199219, -20.50000073015689850, -13.80000050812959778 ) ) ;
#2138 = CIRCLE ( 'NONE', #3078, 1.000000000000000888 ) ;
#2139 = CARTESIAN_POINT ( 'NONE',  ( 24.29113768327539091, -3.502257712455958849, 22.74897949065734792 ) ) ;
#2140 = VERTEX_POINT ( 'NONE', #2048 ) ;
#2141 = ADVANCED_FACE ( 'NONE', ( #1804 ), #398, .F. ) ;
#2142 = CARTESIAN_POINT ( 'NONE',  ( 24.57796288035801879, -20.88821261374586769, 21.70676837129736114 ) ) ;
#2143 = FACE_OUTER_BOUND ( 'NONE', #1873, .T. ) ;
#2144 = CARTESIAN_POINT ( 'NONE',  ( 22.73020626345201833, -20.73469330677551170, -10.71972251792939268 ) ) ;
#2145 = CARTESIAN_POINT ( 'NONE',  ( 9.692878659388874496, -12.00014003230332449, -13.60000050812959316 ) ) ;
#2146 = CARTESIAN_POINT ( 'NONE',  ( 21.66627908944061076, -3.500263519045025973, -10.80000050812959422 ) ) ;
#2147 = ADVANCED_FACE ( 'NONE', ( #1787 ), #257, .T. ) ;
#2148 = LINE ( 'NONE', #3270, #3428 ) ;
#2149 = CARTESIAN_POINT ( 'NONE',  ( 21.49999935925006866, -19.80478464862917676, -10.80000050812959778 ) ) ;
#2150 = ADVANCED_FACE ( 'NONE', ( #641 ), #2308, .F. ) ;
#2151 = CARTESIAN_POINT ( 'NONE',  ( 24.30807972955051355, -19.80478464862917320, -8.856885595395720401 ) ) ;
#2152 = CARTESIAN_POINT ( 'NONE',  ( 9.192878659388874496, -12.00014003230332449, 18.40000018477439525 ) ) ;
#2153 = ORIENTED_EDGE ( 'NONE', *, *, #1984, .F. ) ;
#2154 = STYLED_ITEM ( 'NONE', ( #1513 ), #50 ) ;
#2155 = DIRECTION ( 'NONE',  ( 0.000000000000000000, 0.000000000000000000, -1.000000000000000000 ) ) ;
#2156 = ORIENTED_EDGE ( 'NONE', *, *, #684, .F. ) ;
#2157 = CARTESIAN_POINT ( 'NONE',  ( 24.24167402421294426, -20.10599861018863166, 22.64947969735703381 ) ) ;
#2158 = CARTESIAN_POINT ( 'NONE',  ( 24.51256488087060958, -20.65852833729909221, -7.847573076255090818 ) ) ;
#2159 = DIRECTION ( 'NONE',  ( 0.000000000000000000, -0.000000000000000000, -1.000000000000000000 ) ) ;
#2160 = DIRECTION ( 'NONE',  ( -1.000000000000000000, 0.000000000000000000, 0.000000000000000000 ) ) ;
#2161 = CARTESIAN_POINT ( 'NONE',  ( 24.63331105969242785, -20.99954306793575398, 21.93232918534865306 ) ) ;
#2162 = DIRECTION ( 'NONE',  ( 0.9938079899999066047, -0.1111111111111108690, 0.000000000000000000 ) ) ;
#2163 = CARTESIAN_POINT ( 'NONE',  ( 22.50543095954020956, -20.55996139863837158, -10.69137997390570760 ) ) ;
#2164 = DIRECTION ( 'NONE',  ( 0.000000000000000000, 0.000000000000000000, -1.000000000000000000 ) ) ;
#2165 = CARTESIAN_POINT ( 'NONE',  ( 24.52086335054995914, -20.73523272879711499, 16.42905630754050605 ) ) ;
#2166 = LINE ( 'NONE', #2444, #2396 ) ;
#2167 = VECTOR ( 'NONE', #3597, 1000.000000000000000 ) ;
#2168 = CARTESIAN_POINT ( 'NONE',  ( 24.10136759359799896, -20.25901983527285921, -9.422012078269975888 ) ) ;
#2169 = CARTESIAN_POINT ( 'NONE',  ( 24.22028194676340362, -3.728604020241697903, -9.185982724484484052 ) ) ;
#2170 = ORIENTED_EDGE ( 'NONE', *, *, #291, .T. ) ;
#2171 = DIRECTION ( 'NONE',  ( -1.000000000000000000, 0.000000000000000000, 0.000000000000000000 ) ) ;
#2172 = ORIENTED_EDGE ( 'NONE', *, *, #2525, .T. ) ;
#2173 = CARTESIAN_POINT ( 'NONE',  ( 24.92037049775143132, -21.31722371240622138, 23.36442028288365336 ) ) ;
#2174 = CARTESIAN_POINT ( 'NONE',  ( 23.04655699578943384, -20.09592983067588889, 23.99717265641017860 ) ) ;
#2175 = DIRECTION ( 'NONE',  ( 1.000000000000000000, 0.000000000000000000, 0.000000000000000000 ) ) ;
#2176 = CARTESIAN_POINT ( 'NONE',  ( 24.97291491754105408, -2.650187028645540899, -9.691662741293544769 ) ) ;
#2177 = CARTESIAN_POINT ( 'NONE',  ( 24.51031528503625978, -20.64393045783284109, 21.43906310635454915 ) ) ;
#2178 = CARTESIAN_POINT ( 'NONE',  ( 23.68202677271396084, -21.23910892744683565, -11.05121392185075457 ) ) ;
#2179 = CARTESIAN_POINT ( 'NONE',  ( -12.26955326245040467, -12.00000033713877201, 6.799999838322402290 ) ) ;
#2180 = EDGE_CURVE ( 'NONE', #1693, #831, #2783, .T. ) ;
#2181 = AXIS2_PLACEMENT_3D ( 'NONE', #2136, #1013, #3261 ) ;
#2182 = CARTESIAN_POINT ( 'NONE',  ( 25.32340855063229412, -21.48867334089455383, -11.09363727331917282 ) ) ;
#2183 = CARTESIAN_POINT ( 'NONE',  ( 22.09717340452457535, -2.974219150626125074, -10.94936474354114786 ) ) ;
#2184 = CARTESIAN_POINT ( 'NONE',  ( 24.42134936028383407, -20.99138383502597804, -9.728284873351780604 ) ) ;
#2185 = CARTESIAN_POINT ( 'NONE',  ( 24.14892316338750078, -4.195216025648367264, -9.215737809615527354 ) ) ;
#2186 = CARTESIAN_POINT ( 'NONE',  ( 5.881767548277762714, -8.521812067303653038, 36.40000018477439880 ) ) ;
#2187 = EDGE_CURVE ( 'NONE', #1799, #636, #1023, .T. ) ;
#2188 = CARTESIAN_POINT ( 'NONE',  ( 24.61398180766913768, -21.13891638248137639, 23.33030577173671460 ) ) ;
#2189 = CARTESIAN_POINT ( 'NONE',  ( 22.74759734634398356, -20.25465188800198035, 24.17625560338762725 ) ) ;
#2190 = UNCERTAINTY_MEASURE_WITH_UNIT (LENGTH_MEASURE( 1.000000000000000082E-05 ), #3177, 'distance_accuracy_value', 'NONE');
#2191 = CARTESIAN_POINT ( 'NONE',  ( 24.49999935925006866, -12.00000033713877201, 9.799999838322404955 ) ) ;
#2192 = DIRECTION ( 'NONE',  ( -1.000000000000000000, 0.000000000000000000, 0.000000000000000000 ) ) ;
#2193 = AXIS2_PLACEMENT_3D ( 'NONE', #3617, #2223, #3362 ) ;
#2194 = CARTESIAN_POINT ( 'NONE',  ( 9.692878659388874496, -12.00014003230332449, -2.800000508129592891 ) ) ;
#2195 = CARTESIAN_POINT ( 'NONE',  ( 24.50665107553072986, -21.17272350838630501, -10.26776423630088786 ) ) ;
#2196 = CARTESIAN_POINT ( 'NONE',  ( -4.000000189989805222, -11.99999994412064730, 27.40000018477439880 ) ) ;
#2197 = AXIS2_PLACEMENT_3D ( 'NONE', #1089, #3370, #2805 ) ;
#2198 = DIRECTION ( 'NONE',  ( -1.000000000000000000, -0.000000000000000000, 0.000000000000000000 ) ) ;
#2199 = CARTESIAN_POINT ( 'NONE',  ( 5.499999810010193002, -20.50000073015689850, 27.40000018477439880 ) ) ;
#2200 = CARTESIAN_POINT ( 'NONE',  ( 24.50027257554126336, -20.52223727077956283, -7.967531889527113442 ) ) ;
#2201 = EDGE_CURVE ( 'NONE', #3205, #3160, #3445, .T. ) ;
#2202 = CARTESIAN_POINT ( 'NONE',  ( 24.14892316338750078, -4.057863855797738672, -9.215737809615527354 ) ) ;
#2203 = DIRECTION ( 'NONE',  ( 0.000000000000000000, 0.000000000000000000, -1.000000000000000000 ) ) ;
#2204 = VERTEX_POINT ( 'NONE', #2919 ) ;
#2205 = CARTESIAN_POINT ( 'NONE',  ( 24.33105645388416960, -20.28330950894604001, 22.53364921818616651 ) ) ;
#2206 = CARTESIAN_POINT ( 'NONE',  ( 22.60269882584316647, -19.94540963834565872, 24.19042371136714209 ) ) ;
#2207 = LINE ( 'NONE', #3113, #1542 ) ;
#2208 = EDGE_LOOP ( 'NONE', ( #506, #1743 ) ) ;
#2209 = CARTESIAN_POINT ( 'NONE',  ( 24.90597049521988993, -2.694687510831215604, -9.423159298563316355 ) ) ;
#2210 = CARTESIAN_POINT ( 'NONE',  ( 24.66329520505424711, -21.04768074075541051, 22.05318206904744471 ) ) ;
#2211 = FACE_OUTER_BOUND ( 'NONE', #2512, .T. ) ;
#2212 = CARTESIAN_POINT ( 'NONE',  ( 0.000000000000000000, -53.14606569351082754, -10.80000050812959600 ) ) ;
#2213 = DIRECTION ( 'NONE',  ( 0.000000000000000000, 0.000000000000000000, -1.000000000000000000 ) ) ;
#2214 = CARTESIAN_POINT ( 'NONE',  ( 24.34677767301947426, -19.80478464862918386, 22.36664715986095331 ) ) ;
#2215 = CARTESIAN_POINT ( 'NONE',  ( 24.50008748355836374, -20.51527192447538539, -7.800353005362720360 ) ) ;
#2216 = CIRCLE ( 'NONE', #3509, 1.600000000000001421 ) ;
#2217 = CARTESIAN_POINT ( 'NONE',  ( 23.88945164396880827, -3.919980307403657882, -9.654320902524132109 ) ) ;
#2218 = CIRCLE ( 'NONE', #281, 4.950000000000001066 ) ;
#2219 = CARTESIAN_POINT ( 'NONE',  ( 5.499999810010200108, -11.99999994412064552, -10.80000050812959600 ) ) ;
#2220 = EDGE_LOOP ( 'NONE', ( #1732, #332 ) ) ;
#2221 = CARTESIAN_POINT ( 'NONE',  ( 24.75121277297120770, -21.23910892744680723, 23.58202759823820926 ) ) ;
#2222 = CARTESIAN_POINT ( 'NONE',  ( 23.96776308742128236, -21.17272350838627659, 24.40665190105501736 ) ) ;
#2223 = DIRECTION ( 'NONE',  ( 1.000000000000000000, 0.000000000000000000, 0.000000000000000000 ) ) ;
#2224 = ORIENTED_EDGE ( 'NONE', *, *, #1907, .T. ) ;
#2225 = CARTESIAN_POINT ( 'NONE',  ( 24.80918432837461651, -2.776916640482629983, -9.033462033415450065 ) ) ;
#2226 = ORIENTED_EDGE ( 'NONE', *, *, #578, .T. ) ;
#2227 = FACE_OUTER_BOUND ( 'NONE', #1270, .T. ) ;
#2228 = CARTESIAN_POINT ( 'NONE',  ( 25.28478015764803644, -2.499999943162764637, 25.18478098317237013 ) ) ;
#2229 = CARTESIAN_POINT ( 'NONE',  ( 21.89269521465645241, -4.195216025648367264, -10.78048001563083425 ) ) ;
#2230 = ORIENTED_EDGE ( 'NONE', *, *, #2020, .F. ) ;
#2231 = CARTESIAN_POINT ( 'NONE',  ( 23.01085630036275731, -19.80478464862916965, -10.42135967319236833 ) ) ;
#2232 = CARTESIAN_POINT ( 'NONE',  ( 24.64130209673420069, -2.987338359843142666, 21.96464556710485283 ) ) ;
#2233 = CARTESIAN_POINT ( 'NONE',  ( 24.36382828219504049, -20.14288971953759599, -8.722699003181602961 ) ) ;
#2234 = CARTESIAN_POINT ( 'NONE',  ( 24.39005355056947266, -2.910628526794992510, -10.09519520472464471 ) ) ;
#2235 = DIRECTION ( 'NONE',  ( -0.000000000000000000, -0.000000000000000000, -1.000000000000000000 ) ) ;
#2236 = ORIENTED_EDGE ( 'NONE', *, *, #2642, .T. ) ;
#2237 = CARTESIAN_POINT ( 'NONE',  ( 23.90528682019745332, -20.21984961829397420, 23.29729203097881651 ) ) ;
#2238 = CARTESIAN_POINT ( 'NONE',  ( 23.00335044406141094, -19.80478464862918386, 24.00333954848788309 ) ) ;
#2239 = EDGE_LOOP ( 'NONE', ( #2258, #2130, #1616, #3274 ) ) ;
#2240 = CARTESIAN_POINT ( 'NONE',  ( 24.55837628123538252, -3.163286581587044122, -8.027584262788007408 ) ) ;
#2241 = ORIENTED_EDGE ( 'NONE', *, *, #768, .F. ) ;
#2242 = CARTESIAN_POINT ( 'NONE',  ( 21.89269521465645596, -3.989679090088945390, 24.38047969227563172 ) ) ;
#2243 = CARTESIAN_POINT ( 'NONE',  ( 24.63734000738473995, -2.739869584157438975, 24.53734083290725110 ) ) ;
#2244 = PLANE ( 'NONE',  #143 ) ;
#2245 = EDGE_CURVE ( 'NONE', #955, #3148, #2138, .T. ) ;
#2246 = CARTESIAN_POINT ( 'NONE',  ( 24.50665107553068367, -2.827277165891269206, 23.86776391294561250 ) ) ;
#2247 = EDGE_CURVE ( 'NONE', #2584, #2061, #3175, .T. ) ;
#2248 = EDGE_LOOP ( 'NONE', ( #3580, #3141, #2881, #1474 ) ) ;
#2249 = DIRECTION ( 'NONE',  ( 1.000000000000000000, 0.000000000000000000, 0.000000000000000000 ) ) ;
#2250 = DIRECTION ( 'NONE',  ( -1.000000000000000000, 0.000000000000000000, 0.000000000000000000 ) ) ;
#2251 = CIRCLE ( 'NONE', #2664, 8.500000000000000000 ) ;
#2252 = CARTESIAN_POINT ( 'NONE',  ( 24.50866475613862505, -20.76826056117651831, -7.834662095683805560 ) ) ;
#2253 = ADVANCED_FACE ( 'NONE', ( #137 ), #2345, .T. ) ;
#2254 = AXIS2_PLACEMENT_3D ( 'NONE', #739, #2946, #3273 ) ;
#2255 = CARTESIAN_POINT ( 'NONE',  ( 23.79616372333864405, -3.772334117046890256, -9.834291032013235068 ) ) ;
#2256 = ADVANCED_FACE ( 'NONE', ( #3465 ), #383, .T. ) ;
#2257 = CARTESIAN_POINT ( 'NONE',  ( 28.50000001490116119, -3.500000108033418655, -14.80000050812959600 ) ) ;
#2258 = ORIENTED_EDGE ( 'NONE', *, *, #608, .T. ) ;
#2259 = CARTESIAN_POINT ( 'NONE',  ( 24.07630842419080253, -20.23628267935724878, 23.04793398526759063 ) ) ;
#2260 = CARTESIAN_POINT ( 'NONE',  ( 23.66392039849355200, -21.24528529608270944, 24.66548916742335607 ) ) ;
#2261 = FACE_OUTER_BOUND ( 'NONE', #2017, .T. ) ;
#2262 = VERTEX_POINT ( 'NONE', #2064 ) ;
#2263 = CARTESIAN_POINT ( 'NONE',  ( 24.55474977078266363, -3.173605818774086984, -8.013001876077654018 ) ) ;
#2264 = ORIENTED_EDGE ( 'NONE', *, *, #501, .F. ) ;
#2265 = CARTESIAN_POINT ( 'NONE',  ( 21.66725767792265600, -3.481572856101315949, 24.40018917952928135 ) ) ;
#2266 = CARTESIAN_POINT ( 'NONE',  ( 25.14403224371541157, -2.560880538736632683, 23.97613172297083395 ) ) ;
#2267 = PRESENTATION_LAYER_ASSIGNMENT (  '', '', ( #2154 ) ) ;
#2268 = CARTESIAN_POINT ( 'NONE',  ( 5.499999810010193002, -11.99999994412064730, 25.40000018477439880 ) ) ;
#2269 = CARTESIAN_POINT ( 'NONE',  ( 23.76015979462716388, -4.064942390974509046, 23.38248043651659103 ) ) ;
#2270 = ORIENTED_EDGE ( 'NONE', *, *, #1153, .T. ) ;
#2271 = DIRECTION ( 'NONE',  ( -1.000000000000000000, 0.000000000000000000, 0.000000000000000000 ) ) ;
#2272 = CARTESIAN_POINT ( 'NONE',  ( 24.51256488087052432, -3.341472336978960289, 21.44757275289897791 ) ) ;
#2273 = DIRECTION ( 'NONE',  ( 1.000000000000000000, 0.000000000000000000, -0.000000000000000000 ) ) ;
#2274 = CARTESIAN_POINT ( 'NONE',  ( 23.32986376038052967, -4.195216025648367264, -10.18517064888247248 ) ) ;
#2275 = FACE_OUTER_BOUND ( 'NONE', #1870, .T. ) ;
#2276 = CIRCLE ( 'NONE', #1098, 1.600000000000001421 ) ;
#2277 = ORIENTED_EDGE ( 'NONE', *, *, #835, .T. ) ;
#2278 = CARTESIAN_POINT ( 'NONE',  ( 23.88516950000293448, -19.93672092183668454, 23.22986458590485626 ) ) ;
#2279 = CARTESIAN_POINT ( 'NONE',  ( 23.71601572690573789, -21.10094408386087750, -10.74885283156516280 ) ) ;
#2280 = CARTESIAN_POINT ( 'NONE',  ( 23.50959386751083002, -21.13168183778005016, 24.47762971854971070 ) ) ;
#2281 = TOROIDAL_SURFACE ( 'NONE', #2049, 8.500000000000000000, 1.000000000000000000 ) ;
#2282 = APPLICATION_CONTEXT ( 'automotive_design' ) ;
#2283 = ORIENTED_EDGE ( 'NONE', *, *, #234, .T. ) ;
#2284 = CARTESIAN_POINT ( 'NONE',  ( 24.49999935925006156, -3.471004372157373119, -7.800000508129589782 ) ) ;
#2285 = VERTEX_POINT ( 'NONE', #3571 ) ;
#2286 = ADVANCED_FACE ( 'NONE', ( #450 ), #1296, .T. ) ;
#2287 = CARTESIAN_POINT ( 'NONE',  ( 22.63364839266182571, -3.716691165331553748, 24.23105727940851395 ) ) ;
#2288 = CARTESIAN_POINT ( 'NONE',  ( 21.49999935925006866, -20.03652334247177080, 24.40000018477439880 ) ) ;
#2289 = CARTESIAN_POINT ( 'NONE',  ( 23.88516950000293804, -4.195216025648367264, -9.629864909260053452 ) ) ;
#2290 = CARTESIAN_POINT ( 'NONE',  ( 23.90305337853939704, -3.049864768542095650, 23.98008785020549993 ) ) ;
#2291 = ORIENTED_EDGE ( 'NONE', *, *, #1109, .F. ) ;
#2292 = CARTESIAN_POINT ( 'NONE',  ( 21.57306409946794545, -3.304384937231301667, 24.41923940027065498 ) ) ;
#2293 = ADVANCED_FACE ( 'NONE', ( #2672 ), #1049, .T. ) ;
#2294 = FACE_OUTER_BOUND ( 'NONE', #2708, .T. ) ;
#2295 = FACE_OUTER_BOUND ( 'NONE', #488, .T. ) ;
#2296 = CARTESIAN_POINT ( 'NONE',  ( 24.19191612284425474, -2.927612168723784603, -10.33916194016944878 ) ) ;
#2297 = CARTESIAN_POINT ( 'NONE',  ( 21.90843556923660884, -20.46056186032138768, -10.77713928172533819 ) ) ;
#2298 = VERTEX_POINT ( 'NONE', #1601 ) ;
#2299 = CARTESIAN_POINT ( 'NONE',  ( 24.22028194676341784, -20.27139665403581859, 22.78598240112928863 ) ) ;
#2300 = CARTESIAN_POINT ( 'NONE',  ( 22.87404420953030737, -20.25073461142930498, -10.52043077403965299 ) ) ;
#2301 = CARTESIAN_POINT ( 'NONE',  ( 22.22968485407192318, -19.80478464862918386, 24.31344520454974401 ) ) ;
#2302 = ORIENTED_EDGE ( 'NONE', *, *, #2035, .F. ) ;
#2303 = VERTEX_POINT ( 'NONE', #725 ) ;
#2304 = PLANE ( 'NONE',  #2740 ) ;
#2305 = VERTEX_POINT ( 'NONE', #762 ) ;
#2306 = CARTESIAN_POINT ( 'NONE',  ( 21.90551825646494422, -3.554075150664796734, 24.37700665765155250 ) ) ;
#2307 = EDGE_CURVE ( 'NONE', #3328, #3116, #497, .T. ) ;
#2308 = CYLINDRICAL_SURFACE ( 'NONE', #1320, 1.600000000000001421 ) ;
#2309 = CARTESIAN_POINT ( 'NONE',  ( 5.499999810010193002, -11.99999994412064730, 25.40000018477439880 ) ) ;
#2310 = CARTESIAN_POINT ( 'NONE',  ( 23.77028372549535717, -3.927365309978236851, 23.39798188247770128 ) ) ;
#2311 = EDGE_LOOP ( 'NONE', ( #2133, #1214, #2324, #644 ) ) ;
#2312 = DIRECTION ( 'NONE',  ( 1.000000000000000000, 0.000000000000000000, 0.000000000000000000 ) ) ;
#2313 = CARTESIAN_POINT ( 'NONE',  ( 24.60995920943234694, -3.043722223739532495, 21.83717332988754123 ) ) ;
#2314 = CARTESIAN_POINT ( 'NONE',  ( 5.499999810010193002, -3.499999944120645523, 27.40000018477439880 ) ) ;
#2315 = TOROIDAL_SURFACE ( 'NONE', #616, 8.500000000000000000, 1.000000000000000000 ) ;
#2316 = CARTESIAN_POINT ( 'NONE',  ( 23.32986376038052967, -4.063279752440852377, -10.18517064888247248 ) ) ;
#2317 = AXIS2_PLACEMENT_3D ( 'NONE', #65, #342, #1223 ) ;
#2318 = CARTESIAN_POINT ( 'NONE',  ( 21.49999935925006866, -20.03652334247175304, -10.80000050812959778 ) ) ;
#2319 = ORIENTED_EDGE ( 'NONE', *, *, #2834, .F. ) ;
#2320 = CARTESIAN_POINT ( 'NONE',  ( 23.53513579450437376, -20.23107013353765637, 23.69677004138734233 ) ) ;
#2321 = CARTESIAN_POINT ( 'NONE',  ( 22.88393074022888740, -20.26789482777356710, -10.52030063068522914 ) ) ;
#2322 = CARTESIAN_POINT ( 'NONE',  ( 23.46441945735931611, -21.31722371240622138, 24.82037132327576145 ) ) ;
#2323 = ORIENTED_EDGE ( 'NONE', *, *, #880, .T. ) ;
#2324 = ORIENTED_EDGE ( 'NONE', *, *, #227, .T. ) ;
#2325 = DIRECTION ( 'NONE',  ( -1.000000000000000000, 0.000000000000000000, 0.000000000000000000 ) ) ;
#2326 = VERTEX_POINT ( 'NONE', #1545 ) ;
#2327 = CARTESIAN_POINT ( 'NONE',  ( 22.87404420953028961, -3.749266062848234604, 24.12043045068445224 ) ) ;
#2328 = LINE ( 'NONE', #906, #3140 ) ;
#2329 = CARTESIAN_POINT ( 'NONE',  ( 24.10093065950022506, -3.754616924096190633, 23.01548229844313553 ) ) ;
#2330 = VERTEX_POINT ( 'NONE', #1839 ) ;
#2331 = CARTESIAN_POINT ( 'NONE',  ( 21.50631758134827720, -20.55878085278795453, 24.40161909950432317 ) ) ;
#2332 = CARTESIAN_POINT ( 'NONE',  ( 23.72060363544752448, -21.40081905802950857, 24.95515125370575404 ) ) ;
#2333 = CARTESIAN_POINT ( 'NONE',  ( 23.00335044406141805, -4.059132075171759446, -10.40333987184308562 ) ) ;
#2334 = CARTESIAN_POINT ( 'NONE',  ( 21.54757192737299221, -3.341472336981452962, -10.81256602974961112 ) ) ;
#2335 = DIRECTION ( 'NONE',  ( 0.000000000000000000, 0.000000000000000000, 1.000000000000000000 ) ) ;
#2336 = ORIENTED_EDGE ( 'NONE', *, *, #1928, .F. ) ;
#2337 = CARTESIAN_POINT ( 'NONE',  ( 23.32986376038052967, -19.80478464862917676, -10.18517064888247425 ) ) ;
#2338 = CARTESIAN_POINT ( 'NONE',  ( 22.48785301049003493, -21.17398754310413267, 24.64696359758438149 ) ) ;
#2339 = ORIENTED_EDGE ( 'NONE', *, *, #1108, .F. ) ;
#2340 = ADVANCED_FACE ( 'NONE', ( #1877 ), #189, .T. ) ;
#2341 = ORIENTED_EDGE ( 'NONE', *, *, #2579, .T. ) ;
#2342 = CARTESIAN_POINT ( 'NONE',  ( -3.000000189989780797, -12.00000002686130429, 25.40000018477439880 ) ) ;
#2343 = AXIS2_PLACEMENT_3D ( 'NONE', #2012, #1734, #2034 ) ;
#2344 = CARTESIAN_POINT ( 'NONE',  ( 23.15562415717862166, -3.746820083405868029, 23.97700752753744169 ) ) ;
#2345 = PLANE ( 'NONE',  #1492 ) ;
#2346 = VECTOR ( 'NONE', #2235, 1000.000000000000000 ) ;
#2347 = CARTESIAN_POINT ( 'NONE',  ( 24.40308925863372380, -3.643987723591569416, 22.23122898222111843 ) ) ;
#2348 = CARTESIAN_POINT ( 'NONE',  ( 24.49999935925006866, -12.00000033713877201, 6.799999838322402290 ) ) ;
#2349 = CARTESIAN_POINT ( 'NONE',  ( 21.66880416417966515, -20.79241225201547749, 24.44368741500681352 ) ) ;
#2350 = CARTESIAN_POINT ( 'NONE',  ( 24.63734000738478613, -21.26013109012012947, 24.53734083290911627 ) ) ;
#2351 = CARTESIAN_POINT ( 'NONE',  ( 22.55688444651618951, -4.052019138998944392, -10.60808087843003911 ) ) ;
#2352 = CARTESIAN_POINT ( 'NONE',  ( 38.50000001490116119, -18.71751475841098511, 13.51751425959459141 ) ) ;
#2353 = ORIENTED_EDGE ( 'NONE', *, *, #3062, .F. ) ;
#2354 = CARTESIAN_POINT ( 'NONE',  ( 23.93231558852628993, -21.17922549352152117, -10.83806695898443273 ) ) ;
#2355 = CARTESIAN_POINT ( 'NONE',  ( 24.92037049775145618, -2.682776961871306209, -9.764420606238935818 ) ) ;
#2356 = ORIENTED_EDGE ( 'NONE', *, *, #1604, .T. ) ;
#2357 = ORIENTED_EDGE ( 'NONE', *, *, #3178, .T. ) ;
#2358 = CARTESIAN_POINT ( 'NONE',  ( 24.93003431615412779, -2.665884447885683795, 15.84890475931454645 ) ) ;
#2359 = AXIS2_PLACEMENT_3D ( 'NONE', #2726, #2155, #2131 ) ;
#2360 = CARTESIAN_POINT ( 'NONE',  ( 22.96384308076077829, -3.899772352996314861, 24.04050397656083504 ) ) ;
#2361 = CARTESIAN_POINT ( 'NONE',  ( 5.499999810010193002, -2.499999944120645523, 27.40000018477439880 ) ) ;
#2362 = CARTESIAN_POINT ( 'NONE',  ( 24.51147678404995034, -2.884410955273527755, 23.52713000374217245 ) ) ;
#2363 = CARTESIAN_POINT ( 'NONE',  ( 22.09717340453087431, -21.02578152365591890, 24.54936442018873777 ) ) ;
#2364 = CARTESIAN_POINT ( 'NONE',  ( 23.39166159241392151, -21.34981364563198625, 24.87291574306536290 ) ) ;
#2365 = EDGE_CURVE ( 'NONE', #1688, #3116, #314, .T. ) ;
#2366 = CARTESIAN_POINT ( 'NONE',  ( 22.84897866513303555, -3.502257712455942862, -10.59113883215491825 ) ) ;
#2367 = CARTESIAN_POINT ( 'NONE',  ( 21.93717250434098176, -3.043722223750257694, -10.90996035830663047 ) ) ;
#2368 = AXIS2_PLACEMENT_3D ( 'NONE', #1276, #3229, #1015 ) ;
#2369 = CARTESIAN_POINT ( 'NONE',  ( 24.29113768327541223, -20.49774296182162203, -9.148979814012569989 ) ) ;
#2370 = EDGE_CURVE ( 'NONE', #2010, #1184, #1253, .T. ) ;
#2371 = CARTESIAN_POINT ( 'NONE',  ( 24.50027257554125271, -3.477763403497968753, -7.967531889527116995 ) ) ;
#2372 = ORIENTED_EDGE ( 'NONE', *, *, #1864, .T. ) ;
#2373 = CARTESIAN_POINT ( 'NONE',  ( -4.000000189989800781, -11.99999994412064730, -13.80000050812959600 ) ) ;
#2374 = VERTEX_POINT ( 'NONE', #2393 ) ;
#2375 = CARTESIAN_POINT ( 'NONE',  ( 24.49999935925006866, -20.03652334247175304, 21.40000018477439880 ) ) ;
#2376 =( GEOMETRIC_REPRESENTATION_CONTEXT ( 3 ) GLOBAL_UNCERTAINTY_ASSIGNED_CONTEXT ( ( #2412 ) ) GLOBAL_UNIT_ASSIGNED_CONTEXT ( ( #1904, #1054, #3101 ) ) REPRESENTATION_CONTEXT ( 'NONE', 'WORKASPACE' ) );
#2377 = LINE ( 'NONE', #429, #1883 ) ;
#2378 = AXIS2_PLACEMENT_3D ( 'NONE', #882, #3441, #2583 ) ;
#2379 = CARTESIAN_POINT ( 'NONE',  ( 22.74947887183277118, -3.894002064088963877, 24.14167484973727440 ) ) ;
#2380 = DIRECTION ( 'NONE',  ( 0.000000000000000000, 0.000000000000000000, -1.000000000000000000 ) ) ;
#2381 = CARTESIAN_POINT ( 'NONE',  ( 24.48047886675130158, -4.195216025648363711, 21.79269604018077899 ) ) ;
#2382 = DIRECTION ( 'NONE',  ( -1.000000000000000000, 0.000000000000000000, 0.000000000000000000 ) ) ;
#2383 = CARTESIAN_POINT ( 'NONE',  ( 21.57306409947657500, -20.69561573704825364, -10.81923972362623587 ) ) ;
#2384 = CARTESIAN_POINT ( 'NONE',  ( 23.62712917821789915, -2.884410955273488231, -10.81147793292949899 ) ) ;
#2385 = CARTESIAN_POINT ( 'NONE',  ( 24.97291491754105408, -2.650187028645540899, -9.691662741293544769 ) ) ;
#2386 = CARTESIAN_POINT ( 'NONE',  ( 23.88516950000295580, -19.80478464862917676, -9.629864909260053452 ) ) ;
#2387 = CARTESIAN_POINT ( 'NONE',  ( 24.47705026606011813, -3.561372907692305745, -8.203964941413261158 ) ) ;
#2388 = ORIENTED_EDGE ( 'NONE', *, *, #365, .F. ) ;
#2389 = DIRECTION ( 'NONE',  ( 0.000000000000000000, 0.000000000000000000, 1.000000000000000000 ) ) ;
#2390 = FACE_OUTER_BOUND ( 'NONE', #1189, .T. ) ;
#2391 = CARTESIAN_POINT ( 'NONE',  ( 21.49999935925006511, -3.492335151226839240, -10.80000050812959422 ) ) ;
#2392 = CARTESIAN_POINT ( 'NONE',  ( 23.04623311630167137, -3.735842944503719565, 24.04187188174641321 ) ) ;
#2393 = CARTESIAN_POINT ( 'NONE',  ( 23.39166159241406362, -21.34981364563200756, -11.27291606642059563 ) ) ;
#2394 = CARTESIAN_POINT ( 'NONE',  ( 24.30971479349398123, -3.316730481565495658, 22.94151622133299995 ) ) ;
#2395 = EDGE_CURVE ( 'NONE', #1160, #3191, #1018, .T. ) ;
#2396 = VECTOR ( 'NONE', #770, 1000.000000000000000 ) ;
#2397 = AXIS2_PLACEMENT_3D ( 'NONE', #1994, #2829, #2273 ) ;
#2398 =( NAMED_UNIT ( * ) PLANE_ANGLE_UNIT ( ) SI_UNIT ( $, .RADIAN. ) );
#2399 = CARTESIAN_POINT ( 'NONE',  ( 24.49999935925006866, -20.50000073015689850, -7.800000508129596888 ) ) ;
#2400 = CARTESIAN_POINT ( 'NONE',  ( 28.50000001490116119, -20.50000073015689850, -14.80000050812959600 ) ) ;
#2401 = CARTESIAN_POINT ( 'NONE',  ( 21.93808718315294470, -20.95634166285491418, -10.91018250116249355 ) ) ;
#2402 =( BOUNDED_SURFACE ( )  B_SPLINE_SURFACE ( 3, 2, ( 
 ( #3288, #1865, #769 ),
 ( #2996, #481, #2701 ),
 ( #1611, #532, #1056 ),
 ( #2182, #3011, #498 ),
 ( #3253, #2979, #1847 ),
 ( #734, #3034, #1641 ) ),
 .UNSPECIFIED., .F., .F., .T. ) 
 B_SPLINE_SURFACE_WITH_KNOTS ( ( 4, 2, 4 ),
 ( 3, 3 ),
 ( 0.5909063769761684348, 0.7954531884880842174, 1.000000000000000000 ),
 ( 0.000000000000000000, 1.000000000000000000 ),
 .UNSPECIFIED. ) 
 GEOMETRIC_REPRESENTATION_ITEM ( )  RATIONAL_B_SPLINE_SURFACE ( (
 ( 1.000000000000000000, 0.9279498885468736580, 1.000000000000000000),
 ( 1.000000000000000000, 0.9513940564677327849, 1.000000000000000000),
 ( 1.000000000000000000, 0.9699554205547394892, 1.000000000000000000),
 ( 1.000000000000000000, 0.9942724248620496974, 1.000000000000000000),
 ( 1.000000000000000000, 1.000060686411462285, 1.000000000000000000),
 ( 1.000000000000000000, 1.000000000000000000, 1.000000000000000000) ) ) 
 REPRESENTATION_ITEM ( '' )  SURFACE ( )  );
#2403 = CARTESIAN_POINT ( 'NONE',  ( 21.90843556923659463, -3.539438813956135021, -10.77713928172533464 ) ) ;
#2404 = CYLINDRICAL_SURFACE ( 'NONE', #1368, 3.000000000000000888 ) ;
#2405 = CARTESIAN_POINT ( 'NONE',  ( 23.79616373150868824, -20.22766656992975953, -9.834291040183286370 ) ) ;
#2406 = CARTESIAN_POINT ( 'NONE',  ( 24.75121277297122191, -2.760891746830705706, -9.982027921593488173 ) ) ;
#2407 = VERTEX_POINT ( 'NONE', #3514 ) ;
#2408 = CARTESIAN_POINT ( 'NONE',  ( -12.26955326245040467, -21.50000073015689850, -2.074119415589813720 ) ) ;
#2409 = ADVANCED_FACE ( 'NONE', ( #997 ), #2122, .F. ) ;
#2410 = CARTESIAN_POINT ( 'NONE',  ( -23.42702945377912016, -21.50000073015689850, 16.01530611515045166 ) ) ;
#2411 = CARTESIAN_POINT ( 'NONE',  ( 23.39166159241401388, -2.650187028645541787, -11.27291606642058142 ) ) ;
#2412 = UNCERTAINTY_MEASURE_WITH_UNIT (LENGTH_MEASURE( 1.000000000000000082E-05 ), #1904, 'distance_accuracy_value', 'NONE');
#2413 = CARTESIAN_POINT ( 'NONE',  ( 23.53428988313371661, -3.772334117046895585, 23.69616454886296353 ) ) ;
#2414 = DIRECTION ( 'NONE',  ( -0.000000000000000000, 1.000000000000000000, 0.000000000000000000 ) ) ;
#2415 = CARTESIAN_POINT ( 'NONE',  ( 24.71846811683430545, -2.859468603558713795, 22.49411772272040722 ) ) ;
#2416 = EDGE_CURVE ( 'NONE', #2061, #2407, #976, .T. ) ;
#2417 = ADVANCED_FACE ( 'NONE', ( #3279 ), #2315, .T. ) ;
#2418 = DIRECTION ( 'NONE',  ( 1.000000000000000000, -0.000000000000000000, -0.000000000000000000 ) ) ;
#2419 = LINE ( 'NONE', #2399, #961 ) ;
#2420 = CARTESIAN_POINT ( 'NONE',  ( 22.52792348364308950, -20.11436846574909865, -10.63488971458776611 ) ) ;
#2421 = CARTESIAN_POINT ( 'NONE',  ( 21.50505393692864686, -20.55865655288707572, -10.80126191273596170 ) ) ;
#2422 = CARTESIAN_POINT ( 'NONE',  ( 23.13762632270575992, -2.968953923376490334, -10.84775417329175795 ) ) ;
#2423 = CARTESIAN_POINT ( 'NONE',  ( 28.50000001490116119, -21.50000073015689850, 27.40000018477439525 ) ) ;
#2424 = CARTESIAN_POINT ( 'NONE',  ( 22.44318926781386381, -2.854097357864591622, -11.03637378755311715 ) ) ;
#2425 = ADVANCED_FACE ( 'NONE', ( #491 ), #3327, .F. ) ;
#2426 = CARTESIAN_POINT ( 'NONE',  ( 24.18375089176580062, -20.48141422660241062, -9.392570167999908293 ) ) ;
#2427 = CARTESIAN_POINT ( 'NONE',  ( 24.49999935925006866, -4.195216025648363711, -7.800000508129596888 ) ) ;
#2428 = ORIENTED_EDGE ( 'NONE', *, *, #3231, .T. ) ;
#2429 = DIRECTION ( 'NONE',  ( -1.000000000000000000, 0.000000000000000000, 0.000000000000000000 ) ) ;
#2430 = ORIENTED_EDGE ( 'NONE', *, *, #1108, .T. ) ;
#2431 = CARTESIAN_POINT ( 'NONE',  ( 24.48047886675130869, -20.01032158418859552, 21.79269604018080031 ) ) ;
#2432 = AXIS2_PLACEMENT_3D ( 'NONE', #1855, #3262, #509 ) ;
#2433 = CARTESIAN_POINT ( 'NONE',  ( 24.49999935925006866, -20.50000073015689850, 24.40000018477439880 ) ) ;
#2434 = CARTESIAN_POINT ( 'NONE',  ( 24.07613089744657486, -2.560880538736773460, -11.44403339259442376 ) ) ;
#2435 = CIRCLE ( 'NONE', #2610, 1.599999999999999867 ) ;
#2436 = VECTOR ( 'NONE', #3158, 1000.000000000000000 ) ;
#2437 = CARTESIAN_POINT ( 'NONE',  ( 24.74696277206006201, -2.826013131173407356, 22.38785383601436862 ) ) ;
#2438 = ORIENTED_EDGE ( 'NONE', *, *, #894, .F. ) ;
#2439 = CARTESIAN_POINT ( 'NONE',  ( 24.51704026053505459, -20.68432917356960132, 21.46462569317809610 ) ) ;
#2440 = DIRECTION ( 'NONE',  ( 1.000000000000000000, 0.000000000000000000, 0.000000000000000000 ) ) ;
#2441 = CARTESIAN_POINT ( 'NONE',  ( 22.74947887183273565, -20.10599861018858903, -10.54167517309245738 ) ) ;
#2442 = CARTESIAN_POINT ( 'NONE',  ( -23.42702945377912016, -2.499999944120645523, 25.40000018477439880 ) ) ;
#2443 = CARTESIAN_POINT ( 'NONE',  ( 24.93208749760163201, -21.33541294003822841, 15.84755981096664890 ) ) ;
#2444 = CARTESIAN_POINT ( 'NONE',  ( -23.42702945377912016, -20.50000073015689850, 28.40000018477439880 ) ) ;
#2445 = CARTESIAN_POINT ( 'NONE',  ( 23.90091402458998004, -20.63343170222309553, -9.976875701981334998 ) ) ;
#2446 = CARTESIAN_POINT ( 'NONE',  ( 24.23944988882878349, -3.748741331462489779, -9.132650139986104421 ) ) ;
#2447 = ORIENTED_EDGE ( 'NONE', *, *, #3449, .T. ) ;
#2448 = COLOUR_RGB ( '',0.7921568627450980005, 0.8196078431372548767, 0.9333333333333333481 ) ;
#2449 = CARTESIAN_POINT ( 'NONE',  ( 24.49999935925006866, -3.499999944120645523, -3.036157608500607008 ) ) ;
#2450 = VERTEX_POINT ( 'NONE', #3634 ) ;
#2451 = CARTESIAN_POINT ( 'NONE',  ( 24.33111782152003855, -20.27974026705575028, 22.53131274181550836 ) ) ;
#2452 = LINE ( 'NONE', #188, #774 ) ;
#2453 = EDGE_CURVE ( 'NONE', #2878, #955, #594, .T. ) ;
#2454 = DIRECTION ( 'NONE',  ( 0.000000000000000000, 0.000000000000000000, 1.000000000000000000 ) ) ;
#2455 = CARTESIAN_POINT ( 'NONE',  ( 24.60583297338727249, -3.052239286211045233, -8.220351285991212009 ) ) ;
#2456 = CARTESIAN_POINT ( 'NONE',  ( 24.66561009865521825, -21.05119627861743581, 22.06244816989394408 ) ) ;
#2457 = CARTESIAN_POINT ( 'NONE',  ( 24.49999935925006866, -4.195216025648363711, 21.40000018477439880 ) ) ;
#2458 = DIRECTION ( 'NONE',  ( 1.000000000000000000, 0.000000000000000000, 0.000000000000000000 ) ) ;
#2459 = EDGE_CURVE ( 'NONE', #1708, #3343, #2765, .T. ) ;
#2460 = CARTESIAN_POINT ( 'NONE',  ( 25.18891235298186970, -21.46107425364555255, 15.71607241941793198 ) ) ;
#2461 = CARTESIAN_POINT ( 'NONE',  ( 24.49999935925006866, -20.26826203631432932, 21.40000018477440236 ) ) ;
#2462 = CARTESIAN_POINT ( 'NONE',  ( 24.36059146983457069, -20.31231261218158224, -8.812627255245866209 ) ) ;
#2463 = CARTESIAN_POINT ( 'NONE',  ( 24.33111782152009184, -3.720260407221876786, -8.931313065170717991 ) ) ;
#2464 = DIRECTION ( 'NONE',  ( 0.000000000000000000, 0.000000000000000000, 1.000000000000000000 ) ) ;
#2465 = ORIENTED_EDGE ( 'NONE', *, *, #830, .T. ) ;
#2466 = CARTESIAN_POINT ( 'NONE',  ( 24.49999935925006866, -19.80478464862918386, 21.59638512691133272 ) ) ;
#2467 = CARTESIAN_POINT ( 'NONE',  ( 23.36976314658239318, -20.65649109226057689, 24.03880662914838950 ) ) ;
#2468 = CARTESIAN_POINT ( 'NONE',  ( 23.72060363544994743, -2.599181616249489846, -11.35515157705860645 ) ) ;
#2469 = FACE_OUTER_BOUND ( 'NONE', #686, .T. ) ;
#2470 = DIRECTION ( 'NONE',  ( 0.000000000000000000, 0.000000000000000000, -1.000000000000000000 ) ) ;
#2471 = CARTESIAN_POINT ( 'NONE',  ( 24.31119095445426836, -21.15186400622796725, -10.47616216856996552 ) ) ;
#2472 = CARTESIAN_POINT ( 'NONE',  ( -12.26955326245040467, -2.499999944120645523, 15.67411909223461564 ) ) ;
#2473 = CIRCLE ( 'NONE', #941, 1.600000000000000755 ) ;
#2474 = CARTESIAN_POINT ( 'NONE',  ( 21.69638430138699903, -19.80478464862918386, 24.40000018477439880 ) ) ;
#2475 = CARTESIAN_POINT ( 'NONE',  ( 24.51147678404998587, -21.11558971900404558, -9.927130327097460238 ) ) ;
#2476 = CARTESIAN_POINT ( 'NONE',  ( 24.34412136070443466, -3.312241786379255259, -9.278376296785044275 ) ) ;
#2477 = CARTESIAN_POINT ( 'NONE',  ( 7.074337136277653926, -8.655145400636984121, 18.40000018477439525 ) ) ;
#2478 = EDGE_CURVE ( 'NONE', #540, #2407, #1130, .T. ) ;
#2479 = ORIENTED_EDGE ( 'NONE', *, *, #2844, .T. ) ;
#2480 = CARTESIAN_POINT ( 'NONE',  ( 24.47700583212719749, -20.44592552361276816, 21.80551908198929922 ) ) ;
#2481 = CARTESIAN_POINT ( 'NONE',  ( 23.35431975364456036, -20.08002036687388880, 23.78945246949313841 ) ) ;
#2482 = CARTESIAN_POINT ( 'NONE',  ( 25.49999935925006866, -2.499999944120645523, -11.80000050812959600 ) ) ;
#2483 = ORIENTED_EDGE ( 'NONE', *, *, #291, .F. ) ;
#2484 = DIRECTION ( 'NONE',  ( -0.000000000000000000, -0.000000000000000000, -1.000000000000000000 ) ) ;
#2485 = AXIS2_PLACEMENT_3D ( 'NONE', #435, #174, #1586 ) ;
#2486 = FACE_BOUND ( 'NONE', #3363, .T. ) ;
#2487 = DIRECTION ( 'NONE',  ( -1.000000000000000000, -0.000000000000000000, -0.000000000000000000 ) ) ;
#2488 = FACE_OUTER_BOUND ( 'NONE', #3029, .T. ) ;
#2489 = AXIS2_PLACEMENT_3D ( 'NONE', #1572, #2772, #1025 ) ;
#2490 = CARTESIAN_POINT ( 'NONE',  ( 22.18324390381136624, -2.941006711632462967, 24.57081471886753121 ) ) ;
#2491 = CARTESIAN_POINT ( 'NONE',  ( 23.00335044406141094, -19.80478464862918386, 24.00333954848788309 ) ) ;
#2492 = CARTESIAN_POINT ( 'NONE',  ( 24.48047886675130158, -20.01032158418858842, -8.192696363535983295 ) ) ;
#2493 = CARTESIAN_POINT ( 'NONE',  ( 24.07657263173049245, -3.756978869806866683, -9.450969395004976903 ) ) ;
#2494 = CARTESIAN_POINT ( 'NONE',  ( 23.39166159241392506, -2.650187028645555554, 24.87291574306536290 ) ) ;
#2495 = ORIENTED_EDGE ( 'NONE', *, *, #2041, .T. ) ;
#2496 = CARTESIAN_POINT ( 'NONE',  ( 24.23922887926238090, -20.27195688724582823, 22.74489733666005264 ) ) ;
#2497 = CARTESIAN_POINT ( 'NONE',  ( 23.89699057709114527, -21.18520883840946212, 24.46968056202138442 ) ) ;
#2498 = LINE ( 'NONE', #1083, #729 ) ;
#2499 = ORIENTED_EDGE ( 'NONE', *, *, #2579, .F. ) ;
#2500 = CARTESIAN_POINT ( 'NONE',  ( 24.50034897305651782, -3.473271430037447871, 21.40139864000028780 ) ) ;
#2501 = CARTESIAN_POINT ( 'NONE',  ( 24.86210555843616277, -21.27035201399503350, 22.84645331922985179 ) ) ;
#2502 = CARTESIAN_POINT ( 'NONE',  ( 23.39166159241392506, -2.650187028645555554, 24.87291574306536290 ) ) ;
#2503 = LINE ( 'NONE', #1711, #1782 ) ;
#2504 = VERTEX_POINT ( 'NONE', #1929 ) ;
#2505 = CARTESIAN_POINT ( 'NONE',  ( 22.28880561757891599, -2.903042501138601850, 24.59735952858494556 ) ) ;
#2506 = CARTESIAN_POINT ( 'NONE',  ( 24.68097767141661336, -2.924995865184874422, 22.12413516700903315 ) ) ;
#2507 = CARTESIAN_POINT ( 'NONE',  ( 24.74696277206007977, -21.17398754310415754, -8.787854159369642204 ) ) ;
#2508 = CIRCLE ( 'NONE', #3333, 1.000000000000000888 ) ;
#2509 = CARTESIAN_POINT ( 'NONE',  ( 24.23922887926237735, -3.728043787031691814, -9.144897660015251617 ) ) ;
#2510 = TOROIDAL_SURFACE ( 'NONE', #3336, 8.500000000000000000, 1.000000000000000000 ) ;
#2511 = CARTESIAN_POINT ( 'NONE',  ( 0.000000000000000000, -3.499999944120646411, -11.80000050812959600 ) ) ;
#2512 = EDGE_LOOP ( 'NONE', ( #2807, #3206, #2709 ) ) ;
#2513 = CARTESIAN_POINT ( 'NONE',  ( 24.21953269143668308, -20.48484482447633326, 22.91211027186115246 ) ) ;
#2514 = CARTESIAN_POINT ( 'NONE',  ( 22.55688444651619307, -19.80478464862918386, 24.20808055507484724 ) ) ;
#2515 = EDGE_CURVE ( 'NONE', #2407, #2504, #241, .T. ) ;
#2516 = ADVANCED_FACE ( 'NONE', ( #1138 ), #2836, .T. ) ;
#2517 = CARTESIAN_POINT ( 'NONE',  ( 5.492878659388874318, -12.00014003230332449, -14.80000050812959245 ) ) ;
#2518 = ORIENTED_EDGE ( 'NONE', *, *, #1494, .T. ) ;
#2519 = CARTESIAN_POINT ( 'NONE',  ( 18.99287865938887521, -12.00014003230332449, 28.40000018477439880 ) ) ;
#2520 = ORIENTED_EDGE ( 'NONE', *, *, #1704, .F. ) ;
#2521 = CARTESIAN_POINT ( 'NONE',  ( 22.31766439305630456, -3.828602941488312261, 24.29513627237365370 ) ) ;
#2522 = CARTESIAN_POINT ( 'NONE',  ( 5.499999810010199219, -21.50000073015689850, -13.80000050812959778 ) ) ;
#2523 = CARTESIAN_POINT ( 'NONE',  ( 23.32986376038052967, -4.195216025648367264, -10.18517064888247248 ) ) ;
#2524 = ADVANCED_FACE ( 'NONE', ( #1378 ), #3602, .T. ) ;
#2525 = EDGE_CURVE ( 'NONE', #2859, #2839, #2498, .T. ) ;
#2526 = VERTEX_POINT ( 'NONE', #2191 ) ;
#2527 = CARTESIAN_POINT ( 'NONE',  ( 21.75006370994395510, -3.147815315496565791, 24.46395686470152953 ) ) ;
#2528 = DIRECTION ( 'NONE',  ( 0.000000000000000000, 0.000000000000000000, -1.000000000000000000 ) ) ;
#2529 = CIRCLE ( 'NONE', #485, 1.600000000000000755 ) ;
#2530 = CARTESIAN_POINT ( 'NONE',  ( 24.36091616727872733, -20.29116103545916872, -8.800519525637927387 ) ) ;
#2531 = CARTESIAN_POINT ( 'NONE',  ( 23.47212981937769882, -3.550833395006541604, -10.23413761707526248 ) ) ;
#2532 = CARTESIAN_POINT ( 'NONE',  ( 28.50000001490116119, -2.499999944120645523, 28.40000018477439880 ) ) ;
#2533 = EDGE_LOOP ( 'NONE', ( #809, #100, #2518, #1031 ) ) ;
#2534 = CARTESIAN_POINT ( 'NONE',  ( 24.07657263173046402, -20.24302180447065780, 23.05096907164971753 ) ) ;
#2535 = CARTESIAN_POINT ( 'NONE',  ( 24.03916081263470872, -21.07238853873106876, 24.09191696971337393 ) ) ;
#2536 = DIRECTION ( 'NONE',  ( -1.000000000000000000, 0.000000000000000000, 0.000000000000000000 ) ) ;
#2537 = ORIENTED_EDGE ( 'NONE', *, *, #93, .F. ) ;
#2538 = FACE_BOUND ( 'NONE', #949, .T. ) ;
#2539 = ORIENTED_EDGE ( 'NONE', *, *, #192, .F. ) ;
#2540 = CARTESIAN_POINT ( 'NONE',  ( 21.69638430138699192, -3.968761463483878149, 24.40000018477439880 ) ) ;
#2541 = CARTESIAN_POINT ( 'NONE',  ( 24.97291491754106829, -21.34981364563200756, -9.691662741293590955 ) ) ;
#2542 = AXIS2_PLACEMENT_3D ( 'NONE', #3531, #3299, #1348 ) ;
#2543 = CARTESIAN_POINT ( 'NONE',  ( 24.49999935925006866, -4.195216025648363711, -7.996385450266523698 ) ) ;
#2544 = CARTESIAN_POINT ( 'NONE',  ( 24.32309449777839916, -3.029873950732309140, 23.48986756684369581 ) ) ;
#2545 = ORIENTED_EDGE ( 'NONE', *, *, #2247, .T. ) ;
#2546 = CARTESIAN_POINT ( 'NONE',  ( 21.91327469786032722, -3.055709579696447520, 24.50409950993717345 ) ) ;
#2547 = CARTESIAN_POINT ( 'NONE',  ( 24.52682877201505107, -3.267556395739496633, 21.50229585418602696 ) ) ;
#2548 = AXIS2_PLACEMENT_3D ( 'NONE', #1824, #2312, #1756 ) ;
#2549 = CIRCLE ( 'NONE', #676, 3.700000000000000178 ) ;
#2550 = DIRECTION ( 'NONE',  ( -1.000000000000000000, -0.000000000000000000, -0.000000000000000000 ) ) ;
#2551 = AXIS2_PLACEMENT_3D ( 'NONE', #2519, #2838, #3636 ) ;
#2552 = CARTESIAN_POINT ( 'NONE',  ( 23.90091400089089291, -3.366569008891128423, -9.976875678282238979 ) ) ;
#2553 = CARTESIAN_POINT ( 'NONE',  ( 21.49999935925007222, -20.50766552305071500, -10.80000050812959778 ) ) ;
#2554 = ADVANCED_FACE ( 'NONE', ( #2261 ), #273, .T. ) ;
#2555 = ORIENTED_EDGE ( 'NONE', *, *, #3075, .F. ) ;
#2556 = CARTESIAN_POINT ( 'NONE',  ( 24.53806581010484678, -21.17922549352148209, 23.83231641405053125 ) ) ;
#2557 = DIRECTION ( 'NONE',  ( 1.000000000000000000, 0.000000000000000000, 0.000000000000000000 ) ) ;
#2558 = EDGE_CURVE ( 'NONE', #2859, #1708, #2662, .T. ) ;
#2559 = CARTESIAN_POINT ( 'NONE',  ( 24.49999935925006866, -20.50000073015689850, -3.036157608500607008 ) ) ;
#2560 = VERTEX_POINT ( 'NONE', #794 ) ;
#2561 = FACE_BOUND ( 'NONE', #3242, .T. ) ;
#2562 = ORIENTED_EDGE ( 'NONE', *, *, #465, .F. ) ;
#2563 = EDGE_CURVE ( 'NONE', #1292, #586, #3136, .T. ) ;
#2564 = CARTESIAN_POINT ( 'NONE',  ( 22.27782623113127514, -4.195216025648363711, 24.30386884916033452 ) ) ;
#2565 = CARTESIAN_POINT ( 'NONE',  ( 23.72060363544975914, -2.599181616250439752, 24.95515125370187448 ) ) ;
#2566 = CARTESIAN_POINT ( 'NONE',  ( 23.39166159241392506, -21.34981364563198625, 24.87291574306536290 ) ) ;
#2567 = CARTESIAN_POINT ( 'NONE',  ( 24.10074008190414219, -3.761370414768398618, 23.01231140730884661 ) ) ;
#2568 = ORIENTED_EDGE ( 'NONE', *, *, #2667, .T. ) ;
#2569 = CARTESIAN_POINT ( 'NONE',  ( 22.16244734439754538, -2.948804395650067356, 24.56561092418614933 ) ) ;
#2570 = CARTESIAN_POINT ( 'NONE',  ( 24.77206455867722568, -2.814295483868908043, 22.48506211451647729 ) ) ;
#2571 = CARTESIAN_POINT ( 'NONE',  ( 0.5428786593888734746, -12.00014003230332449, -13.60000050812959316 ) ) ;
#2572 = EDGE_CURVE ( 'NONE', #778, #1438, #3308, .T. ) ;
#2573 = CARTESIAN_POINT ( 'NONE',  ( 23.83131454985764819, -2.914452797981428755, -10.66347483227749393 ) ) ;
#2574 = CARTESIAN_POINT ( 'NONE',  ( 21.98226474867564306, -20.90865254983517119, -10.87655038372537319 ) ) ;
#2575 = AXIS2_PLACEMENT_3D ( 'NONE', #1366, #1301, #1022 ) ;
#2576 = ORIENTED_EDGE ( 'NONE', *, *, #417, .F. ) ;
#2577 = CARTESIAN_POINT ( 'NONE',  ( 24.08008702468114848, -20.95013590573543993, 23.80305420406373074 ) ) ;
#2578 = CARTESIAN_POINT ( 'NONE',  ( 22.73828220133086120, -19.80478464862917676, -10.53294300996135391 ) ) ;
#2579 = EDGE_CURVE ( 'NONE', #377, #1688, #2207, .T. ) ;
#2580 = CARTESIAN_POINT ( 'NONE',  ( 21.66671868710595561, -20.50721936744748319, 24.40000427726413079 ) ) ;
#2581 = ORIENTED_EDGE ( 'NONE', *, *, #75, .T. ) ;
#2582 = ORIENTED_EDGE ( 'NONE', *, *, #222, .T. ) ;
#2583 = DIRECTION ( 'NONE',  ( 0.000000000000000000, 0.000000000000000000, 1.000000000000000000 ) ) ;
#2584 = VERTEX_POINT ( 'NONE', #1396 ) ;
#2585 = CARTESIAN_POINT ( 'NONE',  ( 21.49999935925006866, -3.499999944120646411, -10.80000050812959600 ) ) ;
#2586 = DIRECTION ( 'NONE',  ( -1.000000000000000000, 0.000000000000000000, 0.000000000000000000 ) ) ;
#2587 = CARTESIAN_POINT ( 'NONE',  ( 7.074337136277653926, -15.34513466396966308, 28.40000018477439880 ) ) ;
#2588 = CARTESIAN_POINT ( 'NONE',  ( 24.17616101969037601, -2.848136668049610520, 24.21119177997853811 ) ) ;
#2589 = ORIENTED_EDGE ( 'NONE', *, *, #85, .T. ) ;
#2590 = EDGE_CURVE ( 'NONE', #1438, #778, #87, .T. ) ;
#2591 = CARTESIAN_POINT ( 'NONE',  ( 21.72655545290962564, -20.83671427403383802, 24.45814163640595851 ) ) ;
#2592 = CARTESIAN_POINT ( 'NONE',  ( 24.54368658948300208, -3.207588422260370997, 21.56880498970974713 ) ) ;
#2593 = CARTESIAN_POINT ( 'NONE',  ( 1.292878659388874141, -12.00014003230332449, -10.80000050812959600 ) ) ;
#2594 = CARTESIAN_POINT ( 'NONE',  ( 23.39937565857205826, -3.773512489781590151, -10.20606758622165344 ) ) ;
#2595 = CARTESIAN_POINT ( 'NONE',  ( 21.66671868710598403, -20.50721936744753648, -10.80000460061933332 ) ) ;
#2596 = ORIENTED_EDGE ( 'NONE', *, *, #3458, .F. ) ;
#2597 = CARTESIAN_POINT ( 'NONE',  ( 24.07606757009347120, -19.94035013944713342, 22.94416543412563314 ) ) ;
#2598 = CARTESIAN_POINT ( 'NONE',  ( 23.53428988313371306, -20.22766655723065199, -10.09616487221817316 ) ) ;
#2599 = CARTESIAN_POINT ( 'NONE',  ( 22.32134956978591234, -20.33470878964574879, 24.30329869375016827 ) ) ;
#2600 = ORIENTED_EDGE ( 'NONE', *, *, #3287, .F. ) ;
#2601 = ORIENTED_EDGE ( 'NONE', *, *, #1220, .T. ) ;
#2602 = FACE_OUTER_BOUND ( 'NONE', #2533, .T. ) ;
#2603 = ORIENTED_EDGE ( 'NONE', *, *, #3069, .T. ) ;
#2604 = CARTESIAN_POINT ( 'NONE',  ( 21.84272713055127824, -3.069483026917804391, 24.48568212759969498 ) ) ;
#2605 = DIRECTION ( 'NONE',  ( 0.000000000000000000, 0.000000000000000000, 1.000000000000000000 ) ) ;
#2606 = CARTESIAN_POINT ( 'NONE',  ( 23.79676921586301219, -3.768930540739902302, 23.43513662002870390 ) ) ;
#2607 = ORIENTED_EDGE ( 'NONE', *, *, #1635, .F. ) ;
#2608 = LINE ( 'NONE', #1262, #1202 ) ;
#2609 = CARTESIAN_POINT ( 'NONE',  ( 23.57890104393914399, -3.359325815094114986, -10.28686182190010356 ) ) ;
#2610 = AXIS2_PLACEMENT_3D ( 'NONE', #1001, #747, #1897 ) ;
#2611 = CARTESIAN_POINT ( 'NONE',  ( 22.59411689719621208, -21.14053207071896168, -11.01846926571378305 ) ) ;
#2612 = VERTEX_POINT ( 'NONE', #16 ) ;
#2613 = CARTESIAN_POINT ( 'NONE',  ( 23.49798105370548029, -20.07263535925103426, -10.07028487112707360 ) ) ;
#2614 = CARTESIAN_POINT ( 'NONE',  ( 23.28434319299238098, -21.01086322001437523, 24.39134326348786175 ) ) ;
#2615 = EDGE_LOOP ( 'NONE', ( #1965, #213, #3131, #1760 ) ) ;
#2616 = B_SPLINE_CURVE_WITH_KNOTS ( 'NONE', 3,
 ( #3510, #1493, #994, #1252, #938, #2134, #2358, #688, #3260, #1767 ),
 .UNSPECIFIED., .F., .F.,
 ( 4, 2, 2, 2, 4 ),
 ( 4.336808689942017736E-19, 0.0004681268373521963941, 0.0009362536747043923545, 0.001404380512056588315, 0.001872507349408784275 ),
 .UNSPECIFIED. ) ;
#2617 = ORIENTED_EDGE ( 'NONE', *, *, #3075, .T. ) ;
#2618 = CARTESIAN_POINT ( 'NONE',  ( 24.49999935925006866, -5.282485915866560688, 15.11751425959459283 ) ) ;
#2619 = CARTESIAN_POINT ( 'NONE',  ( 23.04416460860132077, -4.195216025648363711, 23.97606839561780845 ) ) ;
#2620 = CARTESIAN_POINT ( 'NONE',  ( 18.99287865938887521, -12.00014003230332449, 36.40000018477439880 ) ) ;
#2621 = CARTESIAN_POINT ( 'NONE',  ( 23.90728877451684653, -3.763472373612744004, 23.30259378513536461 ) ) ;
#2622 = DIRECTION ( 'NONE',  ( 1.000000000000000000, 0.000000000000000000, 0.000000000000000000 ) ) ;
#2623 = CARTESIAN_POINT ( 'NONE',  ( 21.68356240271314306, -20.80427395108587874, 24.44739511510401542 ) ) ;
#2624 = CARTESIAN_POINT ( 'NONE',  ( 22.28880561748243494, -21.09695817310753441, -10.99735985191683874 ) ) ;
#2625 = CARTESIAN_POINT ( 'NONE',  ( 22.32952935649253945, -3.647594217970806518, -10.70310823156995106 ) ) ;
#2626 = DIRECTION ( 'NONE',  ( 1.000000000000000000, 0.000000000000000000, 0.000000000000000000 ) ) ;
#2627 = ORIENTED_EDGE ( 'NONE', *, *, #1596, .T. ) ;
#2628 = CARTESIAN_POINT ( 'NONE',  ( 22.88598157560496560, -20.27139665403581503, -10.52028309564293274 ) ) ;
#2629 = CYLINDRICAL_SURFACE ( 'NONE', #2080, 1.000000000000000888 ) ;
#2630 = ORIENTED_EDGE ( 'NONE', *, *, #3366, .F. ) ;
#2631 = ORIENTED_EDGE ( 'NONE', *, *, #952, .T. ) ;
#2632 = CARTESIAN_POINT ( 'NONE',  ( 24.66267250472868966, -2.938961103277952347, -2.522849215106650167 ) ) ;
#2633 = EDGE_CURVE ( 'NONE', #3191, #3328, #3584, .T. ) ;
#2634 = CARTESIAN_POINT ( 'NONE',  ( 22.91573666073599824, -4.195216025648364599, 24.04892398891182737 ) ) ;
#2635 = DIRECTION ( 'NONE',  ( 1.000000000000000000, 0.000000000000000000, 0.000000000000000000 ) ) ;
#2636 = AXIS2_PLACEMENT_3D ( 'NONE', #1349, #2781, #2160 ) ;
#2637 = CARTESIAN_POINT ( 'NONE',  ( 24.36091616727874154, -3.708839638818358431, 22.40051920228272309 ) ) ;
#2638 = FILL_AREA_STYLE_COLOUR ( '', #2448 ) ;
#2639 = CARTESIAN_POINT ( 'NONE',  ( 21.51051159141388780, -20.57495442224563931, 24.40271549802492856 ) ) ;
#2640 = EDGE_CURVE ( 'NONE', #540, #3359, #1609, .T. ) ;
#2641 = CARTESIAN_POINT ( 'NONE',  ( 21.72758311390298047, -20.83671409268874086, -10.85837743011427747 ) ) ;
#2642 = EDGE_CURVE ( 'NONE', #876, #1681, #1777, .T. ) ;
#2643 = CARTESIAN_POINT ( 'NONE',  ( 22.70494903451744761, -3.732164436440147615, -10.59377152521286192 ) ) ;
#2644 = CARTESIAN_POINT ( 'NONE',  ( 21.77271870112503294, -3.132349298471142518, -10.86957189343535468 ) ) ;
#2645 = CARTESIAN_POINT ( 'NONE',  ( 23.03565568853691659, -20.24369010084101461, -10.44160488054282432 ) ) ;
#2646 = CARTESIAN_POINT ( 'NONE',  ( 24.47700583212725078, -3.554075150664810945, -8.205519405344475103 ) ) ;
#2647 = ORIENTED_EDGE ( 'NONE', *, *, #3067, .T. ) ;
#2648 = CARTESIAN_POINT ( 'NONE',  ( 24.79106031407920341, -21.20532074252092869, -8.960875877283298152 ) ) ;
#2649 = ORIENTED_EDGE ( 'NONE', *, *, #85, .F. ) ;
#2650 = DIRECTION ( 'NONE',  ( 1.000000000000000000, 0.000000000000000000, 0.000000000000000000 ) ) ;
#2651 = CIRCLE ( 'NONE', #3005, 4.200000000000000178 ) ;
#2652 = CARTESIAN_POINT ( 'NONE',  ( 24.56957074455407408, -20.86765137580198370, -8.072719849994607344 ) ) ;
#2653 = CARTESIAN_POINT ( 'NONE',  ( 23.93231558852619756, -2.820775180756064149, 24.43806663562918402 ) ) ;
#2654 = CARTESIAN_POINT ( 'NONE',  ( 5.499999810010251622, -2.499999944120645523, 28.40000018477435972 ) ) ;
#2655 = CARTESIAN_POINT ( 'NONE',  ( 24.54775302441222706, -2.968953923376496107, 23.03762714823006164 ) ) ;
#2656 = CARTESIAN_POINT ( 'NONE',  ( 21.51981459315760858, -20.60275833235942855, 24.40519584342263570 ) ) ;
#2657 = CARTESIAN_POINT ( 'NONE',  ( 22.35425126356875580, -21.11837340699435117, -11.01391497815484577 ) ) ;
#2658 = B_SPLINE_CURVE_WITH_KNOTS ( 'NONE', 3,
 ( #979, #1549, #415, #1842 ),
 .UNSPECIFIED., .F., .F.,
 ( 4, 4 ),
 ( 0.000000000000000000, 1.000000000000000000 ),
 .UNSPECIFIED. ) ;
#2659 = B_SPLINE_CURVE_WITH_KNOTS ( 'NONE', 3,
 ( #2742, #2474, #1057, #786, #3319, #2997, #1905, #2758, #2491, #3593, #801, #198, #1919, #533, #1866, #3540, #1642, #2214, #3338, #817, #1573, #2702 ),
 .UNSPECIFIED., .F., .F.,
 ( 4, 2, 2, 2, 2, 2, 2, 2, 2, 2, 4 ),
 ( 0.000000000000000000, 0.1250000000000002220, 0.2187500000000004441, 0.2500000000000004441, 0.3750000000000002220, 0.5000000000000001110, 0.6249999999999998890, 0.7187499999999997780, 0.7499999999999996669, 0.8749999999999997780, 1.000000000000000000 ),
 .UNSPECIFIED. ) ;
#2660 = CARTESIAN_POINT ( 'NONE',  ( 22.50051837675839650, -3.708839638818360207, -10.66091731615824756 ) ) ;
#2661 = FACE_OUTER_BOUND ( 'NONE', #1063, .T. ) ;
#2662 = CIRCLE ( 'NONE', #1072, 1.599999999999999867 ) ;
#2663 = CARTESIAN_POINT ( 'NONE',  ( 24.19191614418911129, -21.07238853873111495, -10.33916196151430178 ) ) ;
#2664 = AXIS2_PLACEMENT_3D ( 'NONE', #1511, #2605, #2635 ) ;
#2665 = CARTESIAN_POINT ( 'NONE',  ( 24.50046084220128151, -3.469376176513324861, -7.801846439934448263 ) ) ;
#2666 = EDGE_LOOP ( 'NONE', ( #687, #2617, #2589, #651, #2291 ) ) ;
#2667 = EDGE_CURVE ( 'NONE', #586, #1292, #550, .T. ) ;
#2668 = CARTESIAN_POINT ( 'NONE',  ( 28.50000001490116119, -12.00000033713877201, 9.799999838322403178 ) ) ;
#2669 = CARTESIAN_POINT ( 'NONE',  ( 24.82804451647715638, -2.748762610443191257, -2.334141993002115889 ) ) ;
#2670 = DIRECTION ( 'NONE',  ( -1.000000000000000000, -0.000000000000000000, -0.000000000000000000 ) ) ;
#2671 = CARTESIAN_POINT ( 'NONE',  ( 22.83264899110656998, -3.748741331462502657, 24.13945071435312428 ) ) ;
#2672 = FACE_OUTER_BOUND ( 'NONE', #1487, .T. ) ;
#2673 = CARTESIAN_POINT ( 'NONE',  ( 24.66127288960764474, -2.789640189919795787, 23.68979829683140892 ) ) ;
#2674 = ADVANCED_FACE ( 'NONE', ( #1795 ), #2404, .F. ) ;
#2675 = CARTESIAN_POINT ( 'NONE',  ( 24.49999935925006866, -20.50000073015689850, -7.800000508129598664 ) ) ;
#2676 = DIRECTION ( 'NONE',  ( -1.000000000000000000, 0.000000000000000000, 0.000000000000000000 ) ) ;
#2677 = CARTESIAN_POINT ( 'NONE',  ( 21.68180154180489083, -20.34299939119289746, -10.80000050812959778 ) ) ;
#2678 = DIRECTION ( 'NONE',  ( -1.000000000000000000, 0.000000000000000000, 0.000000000000000000 ) ) ;
#2679 = CARTESIAN_POINT ( 'NONE',  ( 22.33122815669677408, -3.643987723591586736, -10.70309040751324936 ) ) ;
#2680 = CARTESIAN_POINT ( 'NONE',  ( 24.49999935925006866, -5.282485915866560688, 13.51751425959459141 ) ) ;
#2681 = CARTESIAN_POINT ( 'NONE',  ( 24.09717183088584846, -20.09592983067591732, -9.346558144668954071 ) ) ;
#2682 = PRODUCT_RELATED_PRODUCT_CATEGORY ( 'part', '', ( #567 ) ) ;
#2683 = CARTESIAN_POINT ( 'NONE',  ( 24.83951834436149753, -2.732924366499406510, -9.158076448575316775 ) ) ;
#2684 = EDGE_LOOP ( 'NONE', ( #2170, #316, #1559, #389 ) ) ;
#2685 = CARTESIAN_POINT ( 'NONE',  ( 24.58491432739530325, -20.90353426626660749, -8.135096154052190442 ) ) ;
#2686 = EDGE_LOOP ( 'NONE', ( #116, #2339, #3083, #3476 ) ) ;
#2687 = CARTESIAN_POINT ( 'NONE',  ( 23.89899988644461715, -4.195216025648362823, 23.24364034469914486 ) ) ;
#2688 = EDGE_CURVE ( 'NONE', #1410, #876, #1867, .T. ) ;
#2689 = CARTESIAN_POINT ( 'NONE',  ( 9.692878659388874496, -12.00014003230332449, -10.80000050812959600 ) ) ;
#2690 = CARTESIAN_POINT ( 'NONE',  ( 23.49798105370555135, -3.927365315026567050, 23.67028454777186397 ) ) ;
#2691 = DIRECTION ( 'NONE',  ( 0.000000000000000000, -0.000000000000000000, 1.000000000000000000 ) ) ;
#2692 = CARTESIAN_POINT ( 'NONE',  ( 24.41344437902542452, -4.025691278558866770, 22.12968567959623911 ) ) ;
#2693 = VECTOR ( 'NONE', #2719, 1000.000000000000000 ) ;
#2694 = ADVANCED_FACE ( 'NONE', ( #2661 ), #3236, .T. ) ;
#2695 = CIRCLE ( 'NONE', #1807, 1.600000000000001421 ) ;
#2696 = CARTESIAN_POINT ( 'NONE',  ( 5.499999810010197443, -12.00000073015689672, -13.80000050812959778 ) ) ;
#2697 = CARTESIAN_POINT ( 'NONE',  ( 24.02892686871646433, -21.44862733928851739, 25.03223206214099861 ) ) ;
#2698 = CARTESIAN_POINT ( 'NONE',  ( 22.62005904438351678, -20.26224602412498399, -10.63145904424942501 ) ) ;
#2699 = CARTESIAN_POINT ( 'NONE',  ( 28.50000001490116119, -12.00000033713877201, 6.799999838322402290 ) ) ;
#2700 = CARTESIAN_POINT ( 'NONE',  ( 21.89455137665459361, -3.714279404520770544, -10.77769953208224507 ) ) ;
#2701 = CARTESIAN_POINT ( 'NONE',  ( 23.72060363544979111, -21.40081905802734141, -11.35515157705746603 ) ) ;
#2702 = CARTESIAN_POINT ( 'NONE',  ( 24.49999935925006866, -19.80478464862918386, 21.40000018477439880 ) ) ;
#2703 = CARTESIAN_POINT ( 'NONE',  ( 23.79441318813124795, -20.21768939926607445, -9.831842916495650897 ) ) ;
#2704 = CARTESIAN_POINT ( 'NONE',  ( 24.71846811683423795, -2.859468603558535715, -8.894118046075767836 ) ) ;
#2705 = ORIENTED_EDGE ( 'NONE', *, *, #1755, .T. ) ;
#2706 = DIRECTION ( 'NONE',  ( 0.000000000000000000, 0.000000000000000000, -1.000000000000000000 ) ) ;
#2707 = B_SPLINE_CURVE_WITH_KNOTS ( 'NONE', 3,
 ( #492, #243, #1363, #3280, #3572, #1913 ),
 .UNSPECIFIED., .F., .F.,
 ( 4, 2, 4 ),
 ( 0.000000000000000000, 0.5000000000000000000, 1.000000000000000000 ),
 .UNSPECIFIED. ) ;
#2708 = EDGE_LOOP ( 'NONE', ( #2336, #1959, #2023, #2438, #2891 ) ) ;
#2709 = ORIENTED_EDGE ( 'NONE', *, *, #1227, .F. ) ;
#2710 = CARTESIAN_POINT ( 'NONE',  ( 24.49999935925006156, -20.49973715523251627, 21.56627991496494801 ) ) ;
#2711 = CARTESIAN_POINT ( 'NONE',  ( 21.49999935925006866, -3.963477331805804305, -10.80000050812959778 ) ) ;
#2712 = PRODUCT_DEFINITION_CONTEXT ( 'detailed design', #2282, 'design' ) ;
#2713 = CARTESIAN_POINT ( 'NONE',  ( 24.97291491754105408, -2.650187028645540455, -9.691662741293546546 ) ) ;
#2714 = CARTESIAN_POINT ( 'NONE',  ( 24.40329786822584879, -3.665291884631781461, 22.22135039531024603 ) ) ;
#2715 = B_SPLINE_CURVE_WITH_KNOTS ( 'NONE', 3,
 ( #2457, #157, #3574, #1069 ),
 .UNSPECIFIED., .F., .F.,
 ( 4, 4 ),
 ( 0.000000000000000000, 1.000000000000000000 ),
 .UNSPECIFIED. ) ;
#2716 = CARTESIAN_POINT ( 'NONE',  ( 24.84120827078476168, -21.25269102179255754, 22.76221247889568744 ) ) ;
#2717 = CARTESIAN_POINT ( 'NONE',  ( 23.53717577895127278, -21.28851987653400357, -11.16541847327339987 ) ) ;
#2718 = CARTESIAN_POINT ( 'NONE',  ( 23.68202677271399281, -21.23910892744684631, -11.05121392185077056 ) ) ;
#2719 = DIRECTION ( 'NONE',  ( -1.000000000000000000, 0.000000000000000000, 0.000000000000000000 ) ) ;
#2720 = CARTESIAN_POINT ( 'NONE',  ( -23.73010882508219055, -18.78917642291062862, 28.40000018477439880 ) ) ;
#2721 = CARTESIAN_POINT ( 'NONE',  ( 22.58506128891892217, -2.814295483889581728, -11.07206570753722019 ) ) ;
#2722 = CARTESIAN_POINT ( 'NONE',  ( 24.29670852825771732, -20.11416525255569709, -8.914473367081830801 ) ) ;
#2723 = EDGE_CURVE ( 'NONE', #2878, #2983, #1951, .T. ) ;
#2724 = CARTESIAN_POINT ( 'NONE',  ( 24.23996382461316657, -3.330117388225668940, -9.486526794393627782 ) ) ;
#2725 = ORIENTED_EDGE ( 'NONE', *, *, #1099, .T. ) ;
#2726 = CARTESIAN_POINT ( 'NONE',  ( 5.492878659388874318, -12.00014003230332449, 24.40000018477439880 ) ) ;
#2727 = ORIENTED_EDGE ( 'NONE', *, *, #70, .T. ) ;
#2728 = CARTESIAN_POINT ( 'NONE',  ( 24.79881987861483950, -21.23020178066223806, 22.84644749237908812 ) ) ;
#2729 = DIRECTION ( 'NONE',  ( -1.000000000000000000, 0.000000000000000000, 0.000000000000000000 ) ) ;
#2730 = CARTESIAN_POINT ( 'NONE',  ( -23.42702945377912016, -21.50000073015689850, 16.01530611515045166 ) ) ;
#2731 = AXIS2_PLACEMENT_3D ( 'NONE', #3517, #2440, #1550 ) ;
#2732 = CARTESIAN_POINT ( 'NONE',  ( 24.82180021272033699, -2.765070839696381455, -9.084139943404663242 ) ) ;
#2733 = ORIENTED_EDGE ( 'NONE', *, *, #1603, .T. ) ;
#2734 = ADVANCED_FACE ( 'NONE', ( #3217 ), #3183, .F. ) ;
#2735 = CIRCLE ( 'NONE', #1137, 1.000000000000000888 ) ;
#2736 = CARTESIAN_POINT ( 'NONE',  ( 24.54342286722549460, -20.79253567705206152, 21.56764173524375749 ) ) ;
#2737 = CARTESIAN_POINT ( 'NONE',  ( 25.13223123661666847, -2.551373334989023078, 23.92892769424079091 ) ) ;
#2738 = CARTESIAN_POINT ( 'NONE',  ( 23.84341465251383596, -21.19765620434290199, -10.91553650728004143 ) ) ;
#2739 = CYLINDRICAL_SURFACE ( 'NONE', #926, 13.00000000000000178 ) ;
#2740 = AXIS2_PLACEMENT_3D ( 'NONE', #317, #2880, #844 ) ;
#2741 = CARTESIAN_POINT ( 'NONE',  ( 5.492878659388874318, -12.00014003230332449, 28.40000018477439880 ) ) ;
#2742 = CARTESIAN_POINT ( 'NONE',  ( 21.49999935925006866, -19.80478464862918386, 24.40000018477439880 ) ) ;
#2743 = CARTESIAN_POINT ( 'NONE',  ( 24.57762889302542675, -21.13168183778005371, -9.809595016390435518 ) ) ;
#2744 = CARTESIAN_POINT ( 'NONE',  ( 24.49049552665303153, -2.829361217902583547, -10.28521238896331802 ) ) ;
#2745 = CARTESIAN_POINT ( 'NONE',  ( 24.02892686871646433, -2.551373334989023522, 25.03223206214099861 ) ) ;
#2746 = CARTESIAN_POINT ( 'NONE',  ( 24.39264183496070615, -20.32691281683785078, 22.28453629344862108 ) ) ;
#2747 = CARTESIAN_POINT ( 'NONE',  ( 22.97171335468337716, -20.26922085026594544, 24.08412584292870307 ) ) ;
#2748 = CARTESIAN_POINT ( 'NONE',  ( 25.15533269667129801, -2.499999944120645967, -11.71383384248490245 ) ) ;
#2749 = CARTESIAN_POINT ( 'NONE',  ( 24.59168615130905167, -3.081098679162276088, -8.162656174097850936 ) ) ;
#2750 = CARTESIAN_POINT ( 'NONE',  ( 24.50126076385807394, -20.55865655290541483, 21.40505476245296990 ) ) ;
#2751 = CARTESIAN_POINT ( 'NONE',  ( 25.49999935925006866, -21.50000073015689850, 25.40000018477439880 ) ) ;
#2752 = LINE ( 'NONE', #2770, #2693 ) ;
#2753 = VECTOR ( 'NONE', #1899, 1000.000000000000000 ) ;
#2754 = APPLICATION_PROTOCOL_DEFINITION ( 'draft international standard', 'automotive_design', 1998, #2022 ) ;
#2755 = VECTOR ( 'NONE', #2429, 1000.000000000000000 ) ;
#2756 = EDGE_CURVE ( 'NONE', #1708, #2859, #2135, .T. ) ;
#2757 = FACE_OUTER_BOUND ( 'NONE', #2311, .T. ) ;
#2758 = CARTESIAN_POINT ( 'NONE',  ( 22.82945297835405540, -19.80478464862918386, 24.09649906607271319 ) ) ;
#2759 = CARTESIAN_POINT ( 'NONE',  ( 24.49999935925006511, -20.34299939119289036, -7.981802690684379087 ) ) ;
#2760 = CARTESIAN_POINT ( 'NONE',  ( 24.14187105622208307, -3.735842944503696472, -9.346234265181205814 ) ) ;
#2761 = CARTESIAN_POINT ( 'NONE',  ( 5.499999810010199219, -20.50000073015689850, -14.80000050812959600 ) ) ;
#2762 =( BOUNDED_CURVE ( )  B_SPLINE_CURVE ( 3, ( #1977, #520, #2745, #2494 ),
 .UNSPECIFIED., .F., .F. ) 
 B_SPLINE_CURVE_WITH_KNOTS ( ( 4, 4 ),
 ( 1.570796326794896558, 2.125962403627715158 ),
 .UNSPECIFIED. ) 
 CURVE ( )  GEOMETRIC_REPRESENTATION_ITEM ( )  RATIONAL_B_SPLINE_CURVE ( ( 1.000000000000000000, 0.9744803810316302606, 0.9744803810316302606, 1.000000000000000000 ) ) 
 REPRESENTATION_ITEM ( '' )  );
#2763 = CARTESIAN_POINT ( 'NONE',  ( 24.50000345173980421, -20.50721936744751162, 21.56671951263031062 ) ) ;
#2764 = CARTESIAN_POINT ( 'NONE',  ( 22.84897866513300357, -20.49774296182156164, 24.19113850879972105 ) ) ;
#2765 = LINE ( 'NONE', #539, #1490 ) ;
#2766 = ORIENTED_EDGE ( 'NONE', *, *, #1220, .F. ) ;
#2767 = CARTESIAN_POINT ( 'NONE',  ( 24.83951834436147976, -2.732924366499422497, 22.75807612522004675 ) ) ;
#2768 = DIRECTION ( 'NONE',  ( -1.000000000000000000, 0.000000000000000000, -0.000000000000000000 ) ) ;
#2769 = CARTESIAN_POINT ( 'NONE',  ( 25.49999935925006866, -2.499999944120645523, 25.40000018477439880 ) ) ;
#2770 = CARTESIAN_POINT ( 'NONE',  ( 38.50000001490116119, -18.71751475841098511, 11.91751425959459176 ) ) ;
#2771 = PRODUCT_CONTEXT ( 'NONE', #2022, 'mechanical' ) ;
#2772 = DIRECTION ( 'NONE',  ( -0.000000000000000000, -0.000000000000000000, -1.000000000000000000 ) ) ;
#2773 = CARTESIAN_POINT ( 'NONE',  ( 23.11216042965825679, -2.693526189431824758, -11.20304077573164214 ) ) ;
#2774 = CARTESIAN_POINT ( 'NONE',  ( 24.66395962542955544, -21.09339363906899933, -9.092448042541011688 ) ) ;
#2775 = CARTESIAN_POINT ( 'NONE',  ( 24.29494991254187752, -3.033011782683594948, -9.930404785446677707 ) ) ;
#2776 = DIRECTION ( 'NONE',  ( 0.000000000000000000, 0.000000000000000000, -1.000000000000000000 ) ) ;
#2777 = CARTESIAN_POINT ( 'NONE',  ( 24.48047886675130869, -19.80478464862918386, 21.79269604018080031 ) ) ;
#2778 = CARTESIAN_POINT ( 'NONE',  ( 22.96401286558824495, -20.25549046398228370, 24.08418673867282322 ) ) ;
#2779 = DIRECTION ( 'NONE',  ( -1.301042606982605321E-15, -0.000000000000000000, -1.000000000000000000 ) ) ;
#2780 = ORIENTED_EDGE ( 'NONE', *, *, #1794, .T. ) ;
#2781 = DIRECTION ( 'NONE',  ( -0.000000000000000000, -0.000000000000000000, 1.000000000000000000 ) ) ;
#2782 = VECTOR ( 'NONE', #1435, 1000.000000000000000 ) ;
#2783 = CIRCLE ( 'NONE', #1135, 1.600000000000000755 ) ;
#2784 = CARTESIAN_POINT ( 'NONE',  ( 24.77162783790699407, -21.18611470773392824, 22.48310757040521324 ) ) ;
#2785 = CARTESIAN_POINT ( 'NONE',  ( 24.44616221907078213, -2.890047717430371588, 24.34616304459338920 ) ) ;
#2786 = CARTESIAN_POINT ( 'NONE',  ( 22.55688444651618951, -4.195216025648367264, -10.60808087843003911 ) ) ;
#2787 = VERTEX_POINT ( 'NONE', #1232 ) ;
#2788 = CARTESIAN_POINT ( 'NONE',  ( 21.49999935925006866, -3.963477331805802528, 24.40000018477439880 ) ) ;
#2789 = CARTESIAN_POINT ( 'NONE',  ( 24.59953041988208966, -3.065053693551977432, 21.79464615359924551 ) ) ;
#2790 = CARTESIAN_POINT ( 'NONE',  ( 24.30971479349401676, -20.68327019271206879, -9.341516544688202472 ) ) ;
#2791 = EDGE_CURVE ( 'NONE', #1037, #540, #3106, .T. ) ;
#2792 = CARTESIAN_POINT ( 'NONE',  ( 24.23294186108182657, -4.195216025648367264, -9.038283350210390310 ) ) ;
#2793 = CARTESIAN_POINT ( 'NONE',  ( 5.499999810010193002, -12.00000073015689850, 25.40000018477439880 ) ) ;
#2794 = ORIENTED_EDGE ( 'NONE', *, *, #2066, .F. ) ;
#2795 = CARTESIAN_POINT ( 'NONE',  ( 23.88516950000293448, -19.80478464862918386, 23.22986458590485626 ) ) ;
#2796 = CARTESIAN_POINT ( 'NONE',  ( 22.66085005191393975, -20.10847612565876119, 24.17896138376943327 ) ) ;
#2797 = ADVANCED_FACE ( 'NONE', ( #219 ), #1625, .F. ) ;
#2798 = CARTESIAN_POINT ( 'NONE',  ( 24.75011045464775350, -2.499999944120645967, -11.61252828197901721 ) ) ;
#2799 = ORIENTED_EDGE ( 'NONE', *, *, #2247, .F. ) ;
#2800 = EDGE_CURVE ( 'NONE', #41, #1930, #2166, .T. ) ;
#2801 = CARTESIAN_POINT ( 'NONE',  ( 5.492878659388874318, -12.00014003230332449, -13.60000050812959316 ) ) ;
#2802 = ORIENTED_EDGE ( 'NONE', *, *, #1267, .F. ) ;
#2803 = CARTESIAN_POINT ( 'NONE',  ( 21.53466094680427290, -3.231740113101032819, 24.40866558166294809 ) ) ;
#2804 = CARTESIAN_POINT ( 'NONE',  ( 25.13223123661668978, -2.551373334989017749, -10.32892801759606272 ) ) ;
#2805 = DIRECTION ( 'NONE',  ( 0.000000000000000000, 0.000000000000000000, -1.000000000000000000 ) ) ;
#2806 = EDGE_CURVE ( 'NONE', #901, #1170, #737, .T. ) ;
#2807 = ORIENTED_EDGE ( 'NONE', *, *, #1738, .F. ) ;
#2808 = CARTESIAN_POINT ( 'NONE',  ( 22.09629294278694900, -2.974226790737601878, 24.54911925203166945 ) ) ;
#2809 = CARTESIAN_POINT ( 'NONE',  ( -3.000000189989801669, -12.00000002686130429, -10.80000050812959600 ) ) ;
#2810 = CARTESIAN_POINT ( 'NONE',  ( 24.41344437902542097, -19.80478464862917676, -8.529686002951445190 ) ) ;
#2811 = TOROIDAL_SURFACE ( 'NONE', #3165, 8.500000000000000000, 1.000000000000000000 ) ;
#2812 = CARTESIAN_POINT ( 'NONE',  ( 23.49798105695338890, -3.927365309978231078, -10.07028487437493425 ) ) ;
#2813 = CYLINDRICAL_SURFACE ( 'NONE', #115, 1.600000000000001421 ) ;
#2814 = ORIENTED_EDGE ( 'NONE', *, *, #3027, .T. ) ;
#2815 = CARTESIAN_POINT ( 'NONE',  ( 24.23294186108182657, -19.80478464862918386, 22.63828302685519489 ) ) ;
#2816 = CARTESIAN_POINT ( 'NONE',  ( 22.88243876331849336, -20.10445840386864802, 24.08574325510394587 ) ) ;
#2817 = DIRECTION ( 'NONE',  ( -1.000000000000000000, -0.000000000000000000, -0.000000000000000000 ) ) ;
#2818 = EDGE_LOOP ( 'NONE', ( #90, #1204 ) ) ;
#2819 = CARTESIAN_POINT ( 'NONE',  ( 24.53293710110503056, -3.243321971022293582, -7.926194656963141405 ) ) ;
#2820 = ORIENTED_EDGE ( 'NONE', *, *, #2907, .T. ) ;
#2821 = CARTESIAN_POINT ( 'NONE',  ( 23.46441945735931967, -2.682776961871323973, 24.82037132327575790 ) ) ;
#2822 = DIRECTION ( 'NONE',  ( 1.000000000000000000, 0.000000000000000000, 0.000000000000000000 ) ) ;
#2823 = FACE_BOUND ( 'NONE', #376, .T. ) ;
#2824 = CARTESIAN_POINT ( 'NONE',  ( 23.90771306152567277, -3.760050955144905060, 23.30370158514133294 ) ) ;
#2825 = ORIENTED_EDGE ( 'NONE', *, *, #684, .T. ) ;
#2826 = CARTESIAN_POINT ( 'NONE',  ( 22.28524301232791416, -19.80478464862918031, -10.72191853813454365 ) ) ;
#2827 = DIRECTION ( 'NONE',  ( 1.000000000000000000, 0.000000000000000000, 0.000000000000000000 ) ) ;
#2828 = CIRCLE ( 'NONE', #2359, 3.700000000000000178 ) ;
#2829 = DIRECTION ( 'NONE',  ( 0.000000000000000000, 0.000000000000000000, 1.000000000000000000 ) ) ;
#2830 = CARTESIAN_POINT ( 'NONE',  ( 23.79328872064830591, -3.788895790883899384, -9.830267450619805558 ) ) ;
#2831 = CARTESIAN_POINT ( 'NONE',  ( 21.50184529105493070, -20.53062449776421872, -10.80046199108080707 ) ) ;
#2832 = ORIENTED_EDGE ( 'NONE', *, *, #2180, .T. ) ;
#2833 = CARTESIAN_POINT ( 'NONE',  ( 24.37740668450926762, -21.15605109229551672, 24.00734913424522432 ) ) ;
#2834 = EDGE_CURVE ( 'NONE', #1126, #1930, #1354, .T. ) ;
#2835 = CARTESIAN_POINT ( 'NONE',  ( 21.89269521465645596, -20.01032158418859197, 24.38047969227563527 ) ) ;
#2836 = CYLINDRICAL_SURFACE ( 'NONE', #3482, 1.000000000000000888 ) ;
#2837 = ORIENTED_EDGE ( 'NONE', *, *, #1627, .F. ) ;
#2838 = DIRECTION ( 'NONE',  ( -0.000000000000000000, -0.000000000000000000, -1.000000000000000000 ) ) ;
#2839 = VERTEX_POINT ( 'NONE', #1026 ) ;
#2840 = CARTESIAN_POINT ( 'NONE',  ( 21.49999935925007222, -3.492335151226839685, 24.40000018477440236 ) ) ;
#2841 = CARTESIAN_POINT ( 'NONE',  ( 1.292878659388874141, -12.00014003230332449, -13.60000050812959316 ) ) ;
#2842 = AXIS2_PLACEMENT_3D ( 'NONE', #2137, #2175, #3024 ) ;
#2843 = CARTESIAN_POINT ( 'NONE',  ( 24.49999935925006866, -4.195216025648363711, -7.800000508129596888 ) ) ;
#2844 = EDGE_CURVE ( 'NONE', #831, #1693, #2046, .T. ) ;
#2845 = CARTESIAN_POINT ( 'NONE',  ( 24.08008705149021011, -3.049864726871445164, 23.80305423087279593 ) ) ;
#2846 = B_SPLINE_CURVE_WITH_KNOTS ( 'NONE', 3,
 ( #605, #889, #2826, #2231, #1127, #1149, #1954, #1658, #564, #2011 ),
 .UNSPECIFIED., .F., .F.,
 ( 4, 2, 2, 2, 4 ),
 ( 0.000000000000000000, 0.2500000000000000000, 0.5000000000000000000, 0.7500000000000000000, 1.000000000000000000 ),
 .UNSPECIFIED. ) ;
#2847 = ORIENTED_EDGE ( 'NONE', *, *, #1447, .T. ) ;
#2848 = CARTESIAN_POINT ( 'NONE',  ( 22.86221165342620409, -2.747309652474280828, 24.74120909632117105 ) ) ;
#2849 = DIRECTION ( 'NONE',  ( 0.000000000000000000, 0.000000000000000000, 1.000000000000000000 ) ) ;
#2850 = AXIS2_PLACEMENT_3D ( 'NONE', #785, #516, #1624 ) ;
#2851 = CYLINDRICAL_SURFACE ( 'NONE', #3282, 9.500000000000000000 ) ;
#2852 = AXIS2_PLACEMENT_3D ( 'NONE', #2410, #3528, #2915 ) ;
#2853 = CARTESIAN_POINT ( 'NONE',  ( 23.77028372224754094, -3.927365315026558168, -9.797982202585048483 ) ) ;
#2854 = CARTESIAN_POINT ( 'NONE',  ( 21.89455137665476059, -20.28572126975674905, -10.77769953208225928 ) ) ;
#2855 = EDGE_LOOP ( 'NONE', ( #467, #632, #354, #1834, #2043 ) ) ;
#2856 = CARTESIAN_POINT ( 'NONE',  ( 24.14892316338749723, -19.80478464862918386, 22.81573748626032838 ) ) ;
#2857 = CARTESIAN_POINT ( 'NONE',  ( 23.98521124008382088, -21.17063945637497469, -10.79049667553259262 ) ) ;
#2858 = CARTESIAN_POINT ( 'NONE',  ( 22.32952935649254655, -20.35240645630674550, 24.30310790821474143 ) ) ;
#2859 = VERTEX_POINT ( 'NONE', #1370 ) ;
#2860 = CARTESIAN_POINT ( 'NONE',  ( 21.49999935925006866, -20.50000073015689850, 24.40000018477439880 ) ) ;
#2861 = ORIENTED_EDGE ( 'NONE', *, *, #3316, .T. ) ;
#2862 = CARTESIAN_POINT ( 'NONE',  ( 21.68957977679979265, -3.245433890495568630, 24.40669229190885048 ) ) ;
#2863 = CARTESIAN_POINT ( 'NONE',  ( 24.97291491754106829, -21.34981364563200756, -9.691662741293590955 ) ) ;
#2864 = DIRECTION ( 'NONE',  ( -1.000000000000000000, 0.000000000000000000, 0.000000000000000000 ) ) ;
#2865 = CARTESIAN_POINT ( 'NONE',  ( 24.27896055824510313, -3.891524548618828572, 22.56085087743819173 ) ) ;
#2866 = VERTEX_POINT ( 'NONE', #1091 ) ;
#2867 = LINE ( 'NONE', #1111, #1924 ) ;
#2868 = CARTESIAN_POINT ( 'NONE',  ( 24.51900663753970377, -3.304335217543877601, 21.47211544271762307 ) ) ;
#2869 = PLANE ( 'NONE',  #585 ) ;
#2870 = CARTESIAN_POINT ( 'NONE',  ( 23.11231058178452002, -3.761370414768398174, -10.40074123078365709 ) ) ;
#2871 = CARTESIAN_POINT ( 'NONE',  ( 22.48785301049010954, -21.17398754310415754, -11.04696392093960355 ) ) ;
#2872 = AXIS2_PLACEMENT_3D ( 'NONE', #1352, #455, #3286 ) ;
#2873 = EDGE_LOOP ( 'NONE', ( #2825, #462, #1400, #2073, #360, #1851 ) ) ;
#2874 = CARTESIAN_POINT ( 'NONE',  ( 24.60013216161420502, -21.19376402973306739, 23.76123274107805017 ) ) ;
#2875 = CARTESIAN_POINT ( 'NONE',  ( 23.53184175977015968, -20.21768938707072039, -10.09441432916483095 ) ) ;
#2876 = AXIS2_PLACEMENT_3D ( 'NONE', #2348, #107, #3467 ) ;
#2877 = CARTESIAN_POINT ( 'NONE',  ( 22.37200219491944253, -19.95906641933157744, 24.27414961578589470 ) ) ;
#2878 = VERTEX_POINT ( 'NONE', #517 ) ;
#2879 = ORIENTED_EDGE ( 'NONE', *, *, #2723, .F. ) ;
#2880 = DIRECTION ( 'NONE',  ( 1.000000000000000000, 0.000000000000000000, 0.000000000000000000 ) ) ;
#2881 = ORIENTED_EDGE ( 'NONE', *, *, #796, .F. ) ;
#2882 = CARTESIAN_POINT ( 'NONE',  ( 23.68202677271387913, -2.760891746830729687, 24.65121359849553073 ) ) ;
#2883 = DIRECTION ( 'NONE',  ( 0.000000000000000000, 0.000000000000000000, 1.000000000000000000 ) ) ;
#2884 = CARTESIAN_POINT ( 'NONE',  ( 25.49999935925006866, -21.50000073015689850, 15.67411909223461564 ) ) ;
#2885 = CARTESIAN_POINT ( 'NONE',  ( 24.19191614418904024, -2.927612135546476591, 23.93916163815904596 ) ) ;
#2886 = ORIENTED_EDGE ( 'NONE', *, *, #2416, .F. ) ;
#2887 = CARTESIAN_POINT ( 'NONE',  ( 28.50000001490116119, -2.499999944120645523, 27.40000018477439880 ) ) ;
#2888 = CARTESIAN_POINT ( 'NONE',  ( 25.28478015764706655, -21.50000073111319665, 25.18478098317477532 ) ) ;
#2889 = CARTESIAN_POINT ( 'NONE',  ( 23.75951053642748079, -2.907064674454356457, -10.71695682149536566 ) ) ;
#2890 = CARTESIAN_POINT ( 'NONE',  ( 28.50000001490116119, -12.00000033713877201, 6.799999838322402290 ) ) ;
#2891 = ORIENTED_EDGE ( 'NONE', *, *, #3481, .F. ) ;
#2892 = CARTESIAN_POINT ( 'NONE',  ( 23.90305337853943968, -20.95013590573549322, -10.38008817356072200 ) ) ;
#2893 = B_SPLINE_CURVE_WITH_KNOTS ( 'NONE', 3,
 ( #1532, #91, #696, #2331, #2639, #2656, #2901, #2923, #1773, #385, #678, #140, #2349, #2623, #3468, #2591, #910, #980, #3161, #1190, #402, #944, #2957, #1242, #2363, #713, #2067, #1514, #2105, #3484, #963, #3213, #1808, #3233, #1464, #69, #1843 ),
 .UNSPECIFIED., .F., .F.,
 ( 4, 2, 2, 2, 2, 1, 1, 2, 2, 1, 1, 2, 2, 1, 1, 2, 2, 2, 1, 2, 2, 4 ),
 ( 0.000000000000000000, 0.03125000000000557193, 0.06250000000001114386, 0.09375000000001670886, 0.1250000000000222877, 0.1875000000000224820, 0.2187500000000225930, 0.2343750000000226485, 0.2500000000000226485, 0.3125000000000192624, 0.3437500000000175415, 0.3593750000000188183, 0.3750000000000200950, 0.4375000000000228151, 0.4687500000000246470, 0.4843750000000241474, 0.5000000000000236478, 0.6250000000000127676, 0.6875000000000072164, 0.7187500000000049960, 0.7500000000000027756, 1.000000000000000000 ),
 .UNSPECIFIED. ) ;
#2894 = CARTESIAN_POINT ( 'NONE',  ( 22.43741028866608644, -20.57582396053612683, 24.30257722763936457 ) ) ;
#2895 = ORIENTED_EDGE ( 'NONE', *, *, #1713, .T. ) ;
#2896 = CARTESIAN_POINT ( 'NONE',  ( 23.34363951917481828, -4.195216025648363711, 23.79900071196893663 ) ) ;
#2897 = CARTESIAN_POINT ( 'NONE',  ( 22.83665591214284518, -3.741876692249439973, 24.13936331068866536 ) ) ;
#2898 = DIRECTION ( 'NONE',  ( 1.435321619804876733E-22, -0.9999999999999966693, 8.274065807500876744E-08 ) ) ;
#2899 = CARTESIAN_POINT ( 'NONE',  ( 24.25101415182459164, -2.924713016735616566, 23.87108538173991690 ) ) ;
#2900 = CARTESIAN_POINT ( 'NONE',  ( 5.499999810010193002, -12.00000073015689850, 24.40000018477439880 ) ) ;
#2901 = CARTESIAN_POINT ( 'NONE',  ( 21.52552282123480154, -20.61655405387401885, 24.40671993429530318 ) ) ;
#2902 = CARTESIAN_POINT ( 'NONE',  ( 22.71027202425798919, -21.21752045301438372, -11.10340500945862274 ) ) ;
#2903 = CARTESIAN_POINT ( 'NONE',  ( 23.80769736946217918, -2.794046225979053499, -10.94610692188229351 ) ) ;
#2904 = VECTOR ( 'NONE', #278, 1000.000000000000000 ) ;
#2905 = AXIS2_PLACEMENT_3D ( 'NONE', #2309, #642, #3425 ) ;
#2906 = DIRECTION ( 'NONE',  ( 0.000000000000000000, 0.000000000000000000, 1.000000000000000000 ) ) ;
#2907 = EDGE_CURVE ( 'NONE', #41, #1160, #3047, .T. ) ;
#2908 = EDGE_LOOP ( 'NONE', ( #1195, #1233, #3295, #2060, #19, #393, #3491, #1983, #112, #2051, #46, #255 ) ) ;
#2909 = CARTESIAN_POINT ( 'NONE',  ( 23.47212981937768461, -20.44916727927100197, -10.23413761707525715 ) ) ;
#2910 = EDGE_CURVE ( 'NONE', #2024, #1170, #2659, .T. ) ;
#2911 = CARTESIAN_POINT ( 'NONE',  ( 22.85807529969571661, -21.26707630777812241, 24.73951916988581345 ) ) ;
#2912 = VERTEX_POINT ( 'NONE', #1305 ) ;
#2913 = AXIS2_PLACEMENT_3D ( 'NONE', #2801, #1686, #1398 ) ;
#2914 = VERTEX_POINT ( 'NONE', #2149 ) ;
#2915 = DIRECTION ( 'NONE',  ( 0.000000000000000000, -0.000000000000000000, -1.000000000000000000 ) ) ;
#2916 = EDGE_CURVE ( 'NONE', #1930, #3598, #1456, .T. ) ;
#2917 = CARTESIAN_POINT ( 'NONE',  ( 22.91573666073599469, -4.057863855797736008, 24.04892398891182737 ) ) ;
#2918 = EDGE_CURVE ( 'NONE', #1236, #2931, #2216, .T. ) ;
#2919 = CARTESIAN_POINT ( 'NONE',  ( 9.192878659388874496, -12.00014003230332449, 24.40000018477439880 ) ) ;
#2920 = CARTESIAN_POINT ( 'NONE',  ( 24.40545581389349650, -3.814312499367351172, 22.16477609153030670 ) ) ;
#2921 = MECHANICAL_DESIGN_GEOMETRIC_PRESENTATION_REPRESENTATION (  '', ( #2154 ), #217 ) ;
#2922 = DIRECTION ( 'NONE',  ( -1.000000000000000000, 0.000000000000000000, 0.000000000000000000 ) ) ;
#2923 = CARTESIAN_POINT ( 'NONE',  ( 21.53905273179983837, -20.64391133005119983, 24.41031332899657258 ) ) ;
#2924 = CARTESIAN_POINT ( 'NONE',  ( 21.75006370993118665, -20.85218535877740820, -10.86395718805540334 ) ) ;
#2925 = CARTESIAN_POINT ( 'NONE',  ( 23.53717577895128699, -2.711480797743533344, -11.16541847327339454 ) ) ;
#2926 = CARTESIAN_POINT ( 'NONE',  ( 5.499999810010193002, -12.00000073015689850, 16.01530611515045166 ) ) ;
#2927 = CARTESIAN_POINT ( 'NONE',  ( 23.35431975364449997, -20.08002036687391367, -10.18945279284833028 ) ) ;
#2928 = CARTESIAN_POINT ( 'NONE',  ( 24.49999935925006156, -3.492335151226839240, -7.800000508129596000 ) ) ;
#2929 = ORIENTED_EDGE ( 'NONE', *, *, #27, .T. ) ;
#2930 = AXIS2_PLACEMENT_3D ( 'NONE', #1695, #1282, #1483 ) ;
#2931 = VERTEX_POINT ( 'NONE', #307 ) ;
#2932 = CARTESIAN_POINT ( 'NONE',  ( 23.39166159241401388, -2.650187028645541787, -11.27291606642058142 ) ) ;
#2933 = CARTESIAN_POINT ( 'NONE',  ( 21.49999935925006866, -4.195216025648367264, -10.80000050812959778 ) ) ;
#2934 = CARTESIAN_POINT ( 'NONE',  ( 23.18652564551408091, -3.330117388225733333, 24.13996465013753223 ) ) ;
#2935 = CARTESIAN_POINT ( 'NONE',  ( 5.492878659388874318, -12.00014003230332449, -13.60000050812959316 ) ) ;
#2936 = VECTOR ( 'NONE', #3044, 1000.000000000000000 ) ;
#2937 = CARTESIAN_POINT ( 'NONE',  ( 24.29388831680490313, -3.739100184942692362, 22.60075916338628943 ) ) ;
#2938 = DIRECTION ( 'NONE',  ( -1.000000000000000000, 0.000000000000000000, 0.000000000000000000 ) ) ;
#2939 = DIRECTION ( 'NONE',  ( 0.000000000000000000, 0.000000000000000000, -1.000000000000000000 ) ) ;
#2940 = CARTESIAN_POINT ( 'NONE',  ( 22.94645249363495765, -21.27035201398178899, -11.16210670729969934 ) ) ;
#2941 = EDGE_CURVE ( 'NONE', #1418, #1037, #1169, .T. ) ;
#2942 = CARTESIAN_POINT ( 'NONE',  ( 22.74759734634398356, -3.745348786275569442, -10.57625592674281556 ) ) ;
#2943 = CARTESIAN_POINT ( 'NONE',  ( 24.49999935925006156, -20.61929856780935211, -2.933065351954875499 ) ) ;
#2944 = EDGE_CURVE ( 'NONE', #2560, #81, #428, .T. ) ;
#2945 = CARTESIAN_POINT ( 'NONE',  ( 24.50665107553074051, -21.17272350838631567, -10.26776423630090207 ) ) ;
#2946 = DIRECTION ( 'NONE',  ( -8.274065807500883362E-08, -0.9999999999999966693, 0.000000000000000000 ) ) ;
#2947 = VERTEX_POINT ( 'NONE', #3104 ) ;
#2948 = CARTESIAN_POINT ( 'NONE',  ( 5.492878659388874318, -12.00014003230332449, -13.60000050812959316 ) ) ;
#2949 = EDGE_CURVE ( 'NONE', #3372, #1292, #1150, .T. ) ;
#2950 = ORIENTED_EDGE ( 'NONE', *, *, #1898, .T. ) ;
#2951 = CARTESIAN_POINT ( 'NONE',  ( 19.21510088161109664, -10.01252405230350817, 36.40000018477439880 ) ) ;
#2952 = CARTESIAN_POINT ( 'NONE',  ( 21.50139781447594700, -3.473271430037450536, -10.80035012193606470 ) ) ;
#2953 = CARTESIAN_POINT ( 'NONE',  ( 23.57890104393910491, -3.359325815094142076, 23.88686149854488150 ) ) ;
#2954 = DIRECTION ( 'NONE',  ( 0.000000000000000000, 0.000000000000000000, 1.000000000000000000 ) ) ;
#2955 = CARTESIAN_POINT ( 'NONE',  ( 24.29357768884546331, -3.718192175930844279, 22.61355905089448015 ) ) ;
#2956 = DIRECTION ( 'NONE',  ( 0.000000000000000000, 0.000000000000000000, 1.000000000000000000 ) ) ;
#2957 = CARTESIAN_POINT ( 'NONE',  ( 21.99252041261555135, -20.98215717693437909, 24.52351536969549528 ) ) ;
#2958 = CYLINDRICAL_SURFACE ( 'NONE', #168, 1.599999999999999867 ) ;
#2959 = CARTESIAN_POINT ( 'NONE',  ( 21.53906228081888585, -20.64393045781176994, -10.81031643391271579 ) ) ;
#2960 = CARTESIAN_POINT ( 'NONE',  ( 21.90551825646491579, -3.554075150664793625, -10.77700698100678167 ) ) ;
#2961 = DIRECTION ( 'NONE',  ( 0.000000000000000000, 0.000000000000000000, 1.000000000000000000 ) ) ;
#2962 = ADVANCED_FACE ( 'NONE', ( #49 ), #3628, .T. ) ;
#2963 = CARTESIAN_POINT ( 'NONE',  ( 24.27625477786329355, -20.25465188800196614, -9.047598495223514448 ) ) ;
#2964 = CARTESIAN_POINT ( 'NONE',  ( 24.41972136904984225, -3.265307367502037206, -9.030207412331566985 ) ) ;
#2965 = VECTOR ( 'NONE', #218, 1000.000000000000000 ) ;
#2966 = ORIENTED_EDGE ( 'NONE', *, *, #331, .T. ) ;
#2967 = DIRECTION ( 'NONE',  ( -1.000000000000000000, 0.000000000000000000, 0.000000000000000000 ) ) ;
#2968 = DIRECTION ( 'NONE',  ( 1.000000000000000000, -0.000000000000000000, 0.000000000000000000 ) ) ;
#2969 = CIRCLE ( 'NONE', #2197, 3.000000000000001332 ) ;
#2970 = CARTESIAN_POINT ( 'NONE',  ( 25.49999935925006866, -21.50000073015689850, -2.074119415589813720 ) ) ;
#2971 = CARTESIAN_POINT ( 'NONE',  ( 23.86123191555371648, -2.806236644544481518, 24.50013298713854581 ) ) ;
#2972 = CARTESIAN_POINT ( 'NONE',  ( 24.79363612443970410, -2.511327333383134519, -11.62340969951130276 ) ) ;
#2973 = CARTESIAN_POINT ( 'NONE',  ( 24.47769838320269997, -3.714279404520745231, 21.79455220217903744 ) ) ;
#2974 = FACE_OUTER_BOUND ( 'NONE', #970, .T. ) ;
#2975 = CARTESIAN_POINT ( 'NONE',  ( 38.50000001490116119, -18.71751475841098511, 13.51751425959459141 ) ) ;
#2976 = CARTESIAN_POINT ( 'NONE',  ( 23.58931467386761938, -21.12309627584083671, -10.84220573775511376 ) ) ;
#2977 = FACE_BOUND ( 'NONE', #2855, .T. ) ;
#2978 = CARTESIAN_POINT ( 'NONE',  ( 22.89552689982172851, -3.509387212460048033, -10.57366636986515296 ) ) ;
#2979 = CARTESIAN_POINT ( 'NONE',  ( 25.28478015765165310, -21.50000073111319310, -11.58478130652441962 ) ) ;
#2980 = CARTESIAN_POINT ( 'NONE',  ( 21.51981459316618839, -3.397242341900507778, -10.80519616677940675 ) ) ;
#2981 = CARTESIAN_POINT ( 'NONE',  ( 24.29042288584281550, -19.94540963834564451, -8.902699974722692033 ) ) ;
#2982 = CARTESIAN_POINT ( 'NONE',  ( 24.49999935925006866, -4.195216025648363711, -7.996385450266523698 ) ) ;
#2983 = VERTEX_POINT ( 'NONE', #2809 ) ;
#2984 = CARTESIAN_POINT ( 'NONE',  ( 24.59953041988421774, -20.93494698072990445, -8.194646476963121984 ) ) ;
#2985 = CARTESIAN_POINT ( 'NONE',  ( 24.39253780367782909, -20.33748594551094158, 22.28979993699946505 ) ) ;
#2986 = CARTESIAN_POINT ( 'NONE',  ( 24.50671910877250070, -20.61655405388705020, -7.825523970119409256 ) ) ;
#2987 = CARTESIAN_POINT ( 'NONE',  ( 25.49999935925006866, -2.499999944120645967, -11.80000050812959600 ) ) ;
#2988 = CARTESIAN_POINT ( 'NONE',  ( 24.92037049775142776, -2.682776961871323973, 23.36442028288364980 ) ) ;
#2989 = CIRCLE ( 'NONE', #1628, 3.000000000000000888 ) ;
#2990 = CIRCLE ( 'NONE', #3460, 13.00000000000000178 ) ;
#2991 = CARTESIAN_POINT ( 'NONE',  ( 24.93798132464689132, -21.32814657871384867, 23.15192804636168233 ) ) ;
#2992 = CARTESIAN_POINT ( 'NONE',  ( 24.76273937168978634, -21.21945523588251703, 23.58269092374537124 ) ) ;
#2993 = CARTESIAN_POINT ( 'NONE',  ( 22.46664633433662317, -19.94892563714812539, -10.64677882189900160 ) ) ;
#2994 = DIRECTION ( 'NONE',  ( 0.000000000000000000, 0.000000000000000000, 1.000000000000000000 ) ) ;
#2995 = CARTESIAN_POINT ( 'NONE',  ( 21.66753074064756390, -3.477763403497973194, -10.80027372442077649 ) ) ;
#2996 = CARTESIAN_POINT ( 'NONE',  ( 25.05515042817724591, -21.40081905802691509, -10.02060478433019952 ) ) ;
#2997 = CARTESIAN_POINT ( 'NONE',  ( 22.55688444651619307, -19.80478464862918386, 24.20808055507484724 ) ) ;
#2998 = CARTESIAN_POINT ( 'NONE',  ( 23.90606643734213677, -20.22648818449595964, -9.699376807451558946 ) ) ;
#2999 = CARTESIAN_POINT ( 'NONE',  ( 24.47709203577852222, -3.543150642400258121, -8.207642220493863050 ) ) ;
#3000 = ORIENTED_EDGE ( 'NONE', *, *, #1825, .F. ) ;
#3001 = CYLINDRICAL_SURFACE ( 'NONE', #1413, 1.000000000000000888 ) ;
#3002 = ORIENTED_EDGE ( 'NONE', *, *, #1914, .F. ) ;
#3003 = CARTESIAN_POINT ( 'NONE',  ( 24.33131188440548698, -20.26923296408639175, 22.52450248121107279 ) ) ;
#3004 = CARTESIAN_POINT ( 'NONE',  ( 28.50000001490116119, -18.71751475841098511, 15.11751425959459283 ) ) ;
#3005 = AXIS2_PLACEMENT_3D ( 'NONE', #3526, #2706, #2967 ) ;
#3006 = DIRECTION ( 'NONE',  ( 0.000000000000000000, 0.000000000000000000, 1.000000000000000000 ) ) ;
#3007 = DIRECTION ( 'NONE',  ( 1.000000000000000000, 0.000000000000000000, 0.000000000000000000 ) ) ;
#3008 = CARTESIAN_POINT ( 'NONE',  ( 23.97361611754462984, -21.15186400622794238, 24.41373668212429138 ) ) ;
#3009 = CARTESIAN_POINT ( 'NONE',  ( 23.51186890061717349, -20.97979356316810851, -10.67181657633026681 ) ) ;
#3010 = CARTESIAN_POINT ( 'NONE',  ( -23.42702945377912016, -20.50000073015689850, -11.80000050812959600 ) ) ;
#3011 = CARTESIAN_POINT ( 'NONE',  ( 25.05544922756120130, -21.45270856502596857, -11.35545037644206623 ) ) ;
#3012 = CARTESIAN_POINT ( 'NONE',  ( 5.492878659388874318, -12.00014003230332449, 18.40000018477439525 ) ) ;
#3013 = CARTESIAN_POINT ( 'NONE',  ( 24.18574242957959797, -20.10445840386861605, -9.182439912198042009 ) ) ;
#3014 = CARTESIAN_POINT ( 'NONE',  ( 24.53806581010488230, -2.820775180756036171, -10.23231673740578174 ) ) ;
#3015 = ORIENTED_EDGE ( 'NONE', *, *, #1109, .T. ) ;
#3016 = AXIS2_PLACEMENT_3D ( 'NONE', #2730, #744, #2159 ) ;
#3017 = DIRECTION ( 'NONE',  ( 1.000000000000000000, 0.000000000000000000, 0.000000000000000000 ) ) ;
#3018 =( BOUNDED_CURVE ( )  B_SPLINE_CURVE ( 3, ( #2, #543, #2804, #1710 ),
 .UNSPECIFIED., .F., .T. ) 
 B_SPLINE_CURVE_WITH_KNOTS ( ( 4, 4 ),
 ( 1.570796326794896558, 2.125962403627687625 ),
 .UNSPECIFIED. ) 
 CURVE ( )  GEOMETRIC_REPRESENTATION_ITEM ( )  RATIONAL_B_SPLINE_CURVE ( ( 1.000000000000000000, 0.9744803810316328141, 0.9744803810316328141, 1.000000000000000000 ) ) 
 REPRESENTATION_ITEM ( '' )  );
#3019 = ADVANCED_FACE ( 'NONE', ( #2294 ), #890, .T. ) ;
#3020 = EDGE_LOOP ( 'NONE', ( #1507, #3568, #1141, #1538, #2076, #2388 ) ) ;
#3021 = B_SPLINE_CURVE_WITH_KNOTS ( 'NONE', 3,
 ( #813, #298, #1654, #321 ),
 .UNSPECIFIED., .F., .F.,
 ( 4, 4 ),
 ( 0.000000000000000000, 1.000000000000000000 ),
 .UNSPECIFIED. ) ;
#3022 = CARTESIAN_POINT ( 'NONE',  ( 24.47709203577850090, -20.45685003187732676, 21.80764189713868362 ) ) ;
#3023 = CARTESIAN_POINT ( 'NONE',  ( 24.17616101969037246, -21.15186400622793528, 24.21119177997854521 ) ) ;
#3024 = DIRECTION ( 'NONE',  ( 0.000000000000000000, 0.000000000000000000, -1.000000000000000000 ) ) ;
#3025 = VECTOR ( 'NONE', #3098, 1000.000000000000000 ) ;
#3026 = CARTESIAN_POINT ( 'NONE',  ( 24.60409868441293213, -3.055709579696280098, -8.213275846740687669 ) ) ;
#3027 = EDGE_CURVE ( 'NONE', #3372, #2285, #645, .T. ) ;
#3028 = AXIS2_PLACEMENT_3D ( 'NONE', #2342, #1238, #427 ) ;
#3029 = EDGE_LOOP ( 'NONE', ( #2520, #1182, #2647, #933, #2241 ) ) ;
#3030 = ADVANCED_FACE ( 'NONE', ( #1827 ), #629, .F. ) ;
#3031 = CARTESIAN_POINT ( 'NONE',  ( 24.53293710111036319, -20.75667870327548314, 21.52619433363413393 ) ) ;
#3032 = LINE ( 'NONE', #1334, #3200 ) ;
#3033 = FACE_OUTER_BOUND ( 'NONE', #2239, .T. ) ;
#3034 = CARTESIAN_POINT ( 'NONE',  ( 25.49999935925006866, -21.50000073015689850, -11.80000050812959600 ) ) ;
#3035 = DIRECTION ( 'NONE',  ( -0.000000000000000000, -0.000000000000000000, 1.000000000000000000 ) ) ;
#3036 = CARTESIAN_POINT ( 'NONE',  ( 24.49999935925006866, -19.80478464862917676, -7.996385450266521921 ) ) ;
#3037 = CARTESIAN_POINT ( 'NONE',  ( 23.88516950000293804, -4.195216025648367264, -9.629864909260053452 ) ) ;
#3038 = LINE ( 'NONE', #1374, #2346 ) ;
#3039 = ORIENTED_EDGE ( 'NONE', *, *, #978, .T. ) ;
#3040 = CARTESIAN_POINT ( 'NONE',  ( 24.23936248516431036, -20.25812398202808851, 22.73665673766717177 ) ) ;
#3041 = CARTESIAN_POINT ( 'NONE',  ( 22.71135838463589351, -20.27826559721619759, 24.19362364582834601 ) ) ;
#3042 = CARTESIAN_POINT ( 'NONE',  ( 24.49999935925006866, -5.282485915866560688, 13.51751425959459141 ) ) ;
#3043 = CARTESIAN_POINT ( 'NONE',  ( 28.50000001490116119, -12.00000033713877201, 6.799999838322402290 ) ) ;
#3044 = DIRECTION ( 'NONE',  ( -0.000000000000000000, -0.000000000000000000, -1.000000000000000000 ) ) ;
#3045 = CARTESIAN_POINT ( 'NONE',  ( 24.66127288960768738, -21.21036048435777488, -10.08979862018669671 ) ) ;
#3046 = CARTESIAN_POINT ( 'NONE',  ( 5.499999810010193002, -21.50000073015689850, 25.40000018477439880 ) ) ;
#3047 = CIRCLE ( 'NONE', #2102, 1.000000000000000888 ) ;
#3048 = AXIS2_PLACEMENT_3D ( 'NONE', #2314, #628, #1446 ) ;
#3049 = DIRECTION ( 'NONE',  ( 0.000000000000000000, 0.000000000000000000, 1.000000000000000000 ) ) ;
#3050 = CARTESIAN_POINT ( 'NONE',  ( 22.87655288831469491, -2.741412878802553355, -11.14495654066598718 ) ) ;
#3051 = CARTESIAN_POINT ( 'NONE',  ( 24.50669146638453810, -20.75456678378194297, -7.989580925679350187 ) ) ;
#3052 = EDGE_CURVE ( 'NONE', #2878, #2061, #226, .T. ) ;
#3053 = CARTESIAN_POINT ( 'NONE',  ( 24.17126867877291474, -3.339176727138444711, -9.613591603519681783 ) ) ;
#3054 = CARTESIAN_POINT ( 'NONE',  ( 24.39137882502616606, -20.55996139863837513, 22.40543178506450772 ) ) ;
#3055 = CARTESIAN_POINT ( 'NONE',  ( 23.08329151603350482, -20.67694947555651197, 24.19194152761489747 ) ) ;
#3056 = CARTESIAN_POINT ( 'NONE',  ( 25.49999935925006866, -2.499999944120645523, 24.40000018477439880 ) ) ;
#3057 = EDGE_LOOP ( 'NONE', ( #827, #2603, #2357, #839 ) ) ;
#3058 = CARTESIAN_POINT ( 'NONE',  ( 24.49999935925006866, -12.00000033713877201, 6.799999838322402290 ) ) ;
#3059 = CARTESIAN_POINT ( 'NONE',  ( 24.90597049522683548, -21.30531316345146209, 23.02315897523751076 ) ) ;
#3060 = CARTESIAN_POINT ( 'NONE',  ( 24.30983013273520044, -3.061455988249155880, 24.20983095825952702 ) ) ;
#3061 = DIRECTION ( 'NONE',  ( 0.000000000000000000, 0.000000000000000000, 1.000000000000000000 ) ) ;
#3062 = EDGE_CURVE ( 'NONE', #3461, #2024, #680, .T. ) ;
#3063 = B_SPLINE_CURVE_WITH_KNOTS ( 'NONE', 3,
 ( #347, #3337, #2788, #3627 ),
 .UNSPECIFIED., .F., .F.,
 ( 4, 4 ),
 ( 0.000000000000000000, 1.000000000000000000 ),
 .UNSPECIFIED. ) ;
#3064 = CARTESIAN_POINT ( 'NONE',  ( 24.49999935925006866, -18.71751475841098511, 15.11751425959459283 ) ) ;
#3065 = CARTESIAN_POINT ( 'NONE',  ( 23.39166159241401388, -2.650187028645541787, -11.27291606642058142 ) ) ;
#3066 = CARTESIAN_POINT ( 'NONE',  ( 24.43425498803491180, -20.74850652516384386, -8.967903041709098133 ) ) ;
#3067 = EDGE_CURVE ( 'NONE', #2374, #706, #1078, .T. ) ;
#3068 = CARTESIAN_POINT ( 'NONE',  ( 24.07700670201312576, -3.746820083405869806, -9.455625306058147217 ) ) ;
#3069 = EDGE_CURVE ( 'NONE', #3190, #1010, #2989, .T. ) ;
#3070 = CARTESIAN_POINT ( 'NONE',  ( 24.07120680752121800, -20.09394114770062956, 22.98502816604560195 ) ) ;
#3071 = CARTESIAN_POINT ( 'NONE',  ( 22.76038027063033198, -20.27547905191585187, 24.17596256390666554 ) ) ;
#3072 = CARTESIAN_POINT ( 'NONE',  ( 24.02892686871653183, -2.551373334989017749, -11.43223238549620824 ) ) ;
#3073 = ORIENTED_EDGE ( 'NONE', *, *, #2642, .F. ) ;
#3074 = CARTESIAN_POINT ( 'NONE',  ( 24.66561009865169396, -2.948804395665454603, -8.462448493233138080 ) ) ;
#3075 = EDGE_CURVE ( 'NONE', #666, #59, #732, .T. ) ;
#3076 = ORIENTED_EDGE ( 'NONE', *, *, #1181, .F. ) ;
#3077 = VECTOR ( 'NONE', #2779, 1000.000000000000000 ) ;
#3078 = AXIS2_PLACEMENT_3D ( 'NONE', #2082, #2898, #1478 ) ;
#3079 = VECTOR ( 'NONE', #1934, 1000.000000000000000 ) ;
#3080 = CARTESIAN_POINT ( 'NONE',  ( 21.90764107161433927, -3.543150642400241690, 24.37709286130283104 ) ) ;
#3081 = CARTESIAN_POINT ( 'NONE',  ( 24.49999935925006866, -19.80478464862917676, -7.800000508129596888 ) ) ;
#3082 = FACE_OUTER_BOUND ( 'NONE', #617, .T. ) ;
#3083 = ORIENTED_EDGE ( 'NONE', *, *, #1380, .F. ) ;
#3084 = CARTESIAN_POINT ( 'NONE',  ( 5.499999810010251622, -11.99999994412064552, 28.40000018477435972 ) ) ;
#3085 = AXIS2_PLACEMENT_3D ( 'NONE', #1067, #2484, #2192 ) ;
#3086 = DIRECTION ( 'NONE',  ( 0.000000000000000000, 0.000000000000000000, -1.000000000000000000 ) ) ;
#3087 = CARTESIAN_POINT ( 'NONE',  ( 24.48047886675130158, -19.80478464862917676, -8.192696363535981519 ) ) ;
#3088 = CARTESIAN_POINT ( 'NONE',  ( 23.93413646819572449, -3.550833395006543380, -9.772130968257215500 ) ) ;
#3089 = DIRECTION ( 'NONE',  ( 0.9938079899999066047, -0.1111111111111108690, 0.000000000000000000 ) ) ;
#3090 = EDGE_LOOP ( 'NONE', ( #858, #1290, #443, #2950, #408, #1200 ) ) ;
#3091 = CARTESIAN_POINT ( 'NONE',  ( 23.76015979462716032, -19.80478464862918386, 23.38248043651659103 ) ) ;
#3092 = CARTESIAN_POINT ( 'NONE',  ( 23.67162512988550560, -20.96369861985078131, 24.16740782071308402 ) ) ;
#3093 = DIRECTION ( 'NONE',  ( 0.000000000000000000, 0.000000000000000000, 1.000000000000000000 ) ) ;
#3094 = ORIENTED_EDGE ( 'NONE', *, *, #1254, .T. ) ;
#3095 = CARTESIAN_POINT ( 'NONE',  ( 28.50000001490116119, -2.499999944120645523, 28.40000018477439880 ) ) ;
#3096 = ORIENTED_EDGE ( 'NONE', *, *, #575, .F. ) ;
#3097 = CARTESIAN_POINT ( 'NONE',  ( 21.69638430138699192, -4.195216025648363711, 24.40000018477439880 ) ) ;
#3098 = DIRECTION ( 'NONE',  ( -0.9938079899999066047, 0.1111111111111108690, -0.000000000000000000 ) ) ;
#3099 = CARTESIAN_POINT ( 'NONE',  ( 24.97291491754105408, -2.650187028645540899, -9.691662741293544769 ) ) ;
#3100 = CARTESIAN_POINT ( 'NONE',  ( 23.90528682019745332, -3.780151055983576924, 23.29729203097880941 ) ) ;
#3101 =( NAMED_UNIT ( * ) SI_UNIT ( $, .STERADIAN. ) SOLID_ANGLE_UNIT ( ) );
#3102 = ORIENTED_EDGE ( 'NONE', *, *, #2640, .T. ) ;
#3103 = CARTESIAN_POINT ( 'NONE',  ( 19.21510088161109664, -13.98775601230313903, 36.40000018477439880 ) ) ;
#3104 = CARTESIAN_POINT ( 'NONE',  ( 7.074337136277653926, -8.655145400636984121, 28.40000018477439880 ) ) ;
#3105 = CARTESIAN_POINT ( 'NONE',  ( 24.49999935925006866, -20.03652334247174593, -7.800000508129596888 ) ) ;
#3106 = B_SPLINE_CURVE_WITH_KNOTS ( 'NONE', 3,
 ( #735, #388, #1518, #3201, #1848, #2980, #459, #3472, #2334, #3487, #1502, #931, #3453, #948, #2055, #2070, #2644, #682, #129, #2089, #1245, #2367, #3305, #482, #2183, #179, #499, #250, #1937, #2424, #752, #2721, #3610, #1885, #3050, #2773, #3065 ),
 .UNSPECIFIED., .F., .F.,
 ( 4, 2, 2, 2, 2, 1, 1, 2, 2, 1, 1, 2, 2, 1, 1, 2, 2, 2, 1, 2, 2, 4 ),
 ( 0.000000000000000000, 0.03125000000000033307, 0.06250000000000066613, 0.09375000000000099920, 0.1250000000000013323, 0.1875000000000052180, 0.2187500000000071609, 0.2343750000000084099, 0.2500000000000096589, 0.3125000000000031086, 0.3437500000000019429, 0.3593749999999988343, 0.3749999999999957256, 0.4374999999999902300, 0.4687499999999851785, 0.4843749999999845679, 0.4999999999999839573, 0.6249999999999816813, 0.6874999999999805711, 0.7187499999999822364, 0.7499999999999839018, 1.000000000000000000 ),
 .UNSPECIFIED. ) ;
#3107 = CARTESIAN_POINT ( 'NONE',  ( 23.97108455621565071, -2.924713016735578819, -10.55101530070416160 ) ) ;
#3108 = CARTESIAN_POINT ( 'NONE',  ( 5.499999810010200108, -3.499999944120645523, -11.80000050812959600 ) ) ;
#3109 = ORIENTED_EDGE ( 'NONE', *, *, #2370, .F. ) ;
#3110 = CARTESIAN_POINT ( 'NONE',  ( 24.22036618864567714, -20.25758723363230018, 22.77795068906699072 ) ) ;
#3111 = CARTESIAN_POINT ( 'NONE',  ( 21.66627908944061787, -20.49973715523251272, 24.40000018477439525 ) ) ;
#3112 = EDGE_CURVE ( 'NONE', #3205, #1598, #216, .T. ) ;
#3113 = CARTESIAN_POINT ( 'NONE',  ( 0.000000000000000000, -20.50000073015689850, 24.40000018477439880 ) ) ;
#3114 = ORIENTED_EDGE ( 'NONE', *, *, #736, .F. ) ;
#3115 = CARTESIAN_POINT ( 'NONE',  ( 24.51704026053701924, -3.315671500696593554, -7.864626016536906405 ) ) ;
#3116 = VERTEX_POINT ( 'NONE', #3046 ) ;
#3117 = CARTESIAN_POINT ( 'NONE',  ( 21.96126559254738453, -3.313138780457129062, 24.38096026726137211 ) ) ;
#3118 = CARTESIAN_POINT ( 'NONE',  ( 25.05544922756121551, -2.547292109252455639, 24.95545005308731135 ) ) ;
#3119 = DIRECTION ( 'NONE',  ( 1.000000000000000000, 0.000000000000000000, 0.000000000000000000 ) ) ;
#3120 = CARTESIAN_POINT ( 'NONE',  ( 24.27614397797855972, -3.738441067223409409, 22.65177893519182462 ) ) ;
#3121 = ORIENTED_EDGE ( 'NONE', *, *, #2800, .F. ) ;
#3122 = CARTESIAN_POINT ( 'NONE',  ( 21.59319000920860177, -3.279876513616437173, 24.42444771428202088 ) ) ;
#3123 = CARTESIAN_POINT ( 'NONE',  ( 21.49999935925006866, -4.195216025648367264, -10.80000050812959778 ) ) ;
#3124 = DIRECTION ( 'NONE',  ( 0.000000000000000000, -0.000000000000000000, 1.000000000000000000 ) ) ;
#3125 = CARTESIAN_POINT ( 'NONE',  ( 23.79676920758177872, -3.768930553611841372, -9.835136935102667621 ) ) ;
#3126 = CARTESIAN_POINT ( 'NONE',  ( 5.499999810010193002, -11.99999994412064730, 24.40000018477439880 ) ) ;
#3127 = ORIENTED_EDGE ( 'NONE', *, *, #568, .F. ) ;
#3128 = CARTESIAN_POINT ( 'NONE',  ( 23.76015979462716032, -19.93505828330303231, 23.38248043651659103 ) ) ;
#3129 = CARTESIAN_POINT ( 'NONE',  ( 23.01210944633686140, -20.48484482447636168, -10.51953384031621219 ) ) ;
#3130 = FACE_OUTER_BOUND ( 'NONE', #1765, .T. ) ;
#3131 = ORIENTED_EDGE ( 'NONE', *, *, #1548, .T. ) ;
#3132 = CYLINDRICAL_SURFACE ( 'NONE', #2913, 4.950000000000001066 ) ;
#3133 = ORIENTED_EDGE ( 'NONE', *, *, #340, .T. ) ;
#3134 = CARTESIAN_POINT ( 'NONE',  ( 22.62005904438349546, -3.737754650152589786, 24.23145872089424202 ) ) ;
#3135 = CARTESIAN_POINT ( 'NONE',  ( 24.49999935925006866, -20.50000073015689850, 16.63615728514541203 ) ) ;
#3136 = CIRCLE ( 'NONE', #2071, 1.600000000000000755 ) ;
#3137 = CARTESIAN_POINT ( 'NONE',  ( 22.60269882584316292, -4.195216025648367264, -10.59042403472234462 ) ) ;
#3138 = CARTESIAN_POINT ( 'NONE',  ( 24.19649824054838305, -4.056647036436322296, 22.72945380387839265 ) ) ;
#3139 = ADVANCED_FACE ( 'NONE', ( #1845 ), #3536, .F. ) ;
#3140 = VECTOR ( 'NONE', #1769, 1000.000000000000000 ) ;
#3141 = ORIENTED_EDGE ( 'NONE', *, *, #3587, .T. ) ;
#3142 = DIRECTION ( 'NONE',  ( -1.000000000000000000, 0.000000000000000000, 0.000000000000000000 ) ) ;
#3143 = CARTESIAN_POINT ( 'NONE',  ( 24.56957074455370460, -3.132349298476495569, 21.67271952663731938 ) ) ;
#3144 = VECTOR ( 'NONE', #2198, 1000.000000000000000 ) ;
#3145 = DIRECTION ( 'NONE',  ( -1.000000000000000000, 0.000000000000000000, -0.000000000000000000 ) ) ;
#3146 = CARTESIAN_POINT ( 'NONE',  ( 22.82945297835405896, -4.056647036436323184, -10.49649938942791572 ) ) ;
#3147 = CARTESIAN_POINT ( 'NONE',  ( 22.23177129847229949, -20.84519905388219385, -10.83599146980955297 ) ) ;
#3148 = VERTEX_POINT ( 'NONE', #515 ) ;
#3149 = CARTESIAN_POINT ( 'NONE',  ( 23.48247961099226444, -19.93505828330303231, 23.66016062015149046 ) ) ;
#3150 = CARTESIAN_POINT ( 'NONE',  ( 23.31359045464017399, -20.66082394713897585, -10.47126982765251313 ) ) ;
#3151 = CARTESIAN_POINT ( 'NONE',  ( 21.90551825646494422, -20.44592552361276816, 24.37700665765155250 ) ) ;
#3152 = ORIENTED_EDGE ( 'NONE', *, *, #3316, .F. ) ;
#3153 = EDGE_LOOP ( 'NONE', ( #728, #2236, #265, #595, #2627, #339 ) ) ;
#3154 = DIRECTION ( 'NONE',  ( 0.000000000000000000, 0.000000000000000000, -1.000000000000000000 ) ) ;
#3155 = ORIENTED_EDGE ( 'NONE', *, *, #1918, .F. ) ;
#3156 = CARTESIAN_POINT ( 'NONE',  ( 21.66627908944061076, -3.500263519045028193, 24.40000018477440236 ) ) ;
#3157 = CARTESIAN_POINT ( 'NONE',  ( 25.31252713309949698, -21.50000073015689850, -11.05011160352730393 ) ) ;
#3158 = DIRECTION ( 'NONE',  ( -1.000000000000000000, -0.000000000000000000, -0.000000000000000000 ) ) ;
#3159 = CARTESIAN_POINT ( 'NONE',  ( 23.88516950000294514, -4.195216025648363711, 23.22986458590485626 ) ) ;
#3160 = VERTEX_POINT ( 'NONE', #233 ) ;
#3161 = CARTESIAN_POINT ( 'NONE',  ( 21.86365324572855329, -20.91884970411156885, 24.49192683387022740 ) ) ;
#3162 = CARTESIAN_POINT ( 'NONE',  ( 22.15318124352355866, -21.04768074075586881, -10.96329635393406932 ) ) ;
#3163 = CARTESIAN_POINT ( 'NONE',  ( 23.83434578693488959, -3.560574681048883861, -9.887579953567277258 ) ) ;
#3164 = DIRECTION ( 'NONE',  ( 1.000000000000000000, 0.000000000000000000, 0.000000000000000000 ) ) ;
#3165 = AXIS2_PLACEMENT_3D ( 'NONE', #2268, #1950, #2864 ) ;
#3166 = VERTEX_POINT ( 'NONE', #2145 ) ;
#3167 = CARTESIAN_POINT ( 'NONE',  ( 23.53184176761610757, -20.21768939926607445, 23.69441401365557454 ) ) ;
#3168 = CARTESIAN_POINT ( 'NONE',  ( 23.53643700092501945, -20.97721944449396858, -10.65616031645666340 ) ) ;
#3169 = CARTESIAN_POINT ( 'NONE',  ( 22.94644666685474377, -21.23020178066225938, 24.69882070413916608 ) ) ;
#3170 = AXIS2_PLACEMENT_3D ( 'NONE', #536, #2464, #1343 ) ;
#3171 = ORIENTED_EDGE ( 'NONE', *, *, #1115, .F. ) ;
#3172 = ORIENTED_EDGE ( 'NONE', *, *, #569, .T. ) ;
#3173 = FACE_BOUND ( 'NONE', #3264, .T. ) ;
#3174 = CARTESIAN_POINT ( 'NONE',  ( 23.15096824612541937, -3.756978869806869792, 23.97657345725476219 ) ) ;
#3175 = LINE ( 'NONE', #2654, #3367 ) ;
#3176 = CARTESIAN_POINT ( 'NONE',  ( 23.58757880468774104, -3.560574681048902956, 23.73434661245920196 ) ) ;
#3177 =( LENGTH_UNIT ( ) NAMED_UNIT ( * ) SI_UNIT ( .MILLI., .METRE. ) );
#3178 = EDGE_CURVE ( 'NONE', #1010, #2526, #3268, .T. ) ;
#3179 = DIRECTION ( 'NONE',  ( -1.000000000000000000, 0.000000000000000000, -0.000000000000000000 ) ) ;
#3180 = CARTESIAN_POINT ( 'NONE',  ( 23.12315814964263083, -21.30531316343913062, -11.20597164408965440 ) ) ;
#3181 = EDGE_CURVE ( 'NONE', #1693, #3626, #2752, .T. ) ;
#3182 = CARTESIAN_POINT ( 'NONE',  ( 23.76015979462716032, -4.064942390974509934, -9.782480759871789999 ) ) ;
#3183 = CYLINDRICAL_SURFACE ( 'NONE', #1656, 1.600000000000000755 ) ;
#3184 = CARTESIAN_POINT ( 'NONE',  ( 21.90396379253372316, -20.43862776658526315, -10.77705141493964369 ) ) ;
#3185 = ORIENTED_EDGE ( 'NONE', *, *, #146, .F. ) ;
#3186 = CARTESIAN_POINT ( 'NONE',  ( 23.76015979462716388, -19.93505828330303231, -9.782480759871791776 ) ) ;
#3187 = ADVANCED_FACE ( 'NONE', ( #2977, #1607 ), #749, .T. ) ;
#3188 = ADVANCED_FACE ( 'NONE', ( #2488 ), #767, .T. ) ;
#3189 = CARTESIAN_POINT ( 'NONE',  ( 21.89269521465645596, -19.80478464862918386, 24.38047969227563527 ) ) ;
#3190 = VERTEX_POINT ( 'NONE', #496 ) ;
#3191 = VERTEX_POINT ( 'NONE', #2196 ) ;
#3192 = CARTESIAN_POINT ( 'NONE',  ( 24.50008748355833532, -20.51527192447538539, 21.40035268200754359 ) ) ;
#3193 = CARTESIAN_POINT ( 'NONE',  ( 23.58931467386751635, -2.876904398436822774, 24.44220541439988992 ) ) ;
#3194 = CARTESIAN_POINT ( 'NONE',  ( 21.49999935925007577, -20.26826203631433998, -10.80000050812959600 ) ) ;
#3195 = CARTESIAN_POINT ( 'NONE',  ( 24.50000345173977578, -3.492781306830051502, 21.56671951263025733 ) ) ;
#3196 = CARTESIAN_POINT ( 'NONE',  ( 18.99287865938887521, -12.00014003230332449, 26.40000018477439880 ) ) ;
#3197 = CARTESIAN_POINT ( 'NONE',  ( 21.56462486766082876, -3.315671500687867645, 24.41704108606287349 ) ) ;
#3198 = CARTESIAN_POINT ( 'NONE',  ( 21.80676754576133902, -20.88821261374224036, -10.87796402923602912 ) ) ;
#3199 = CARTESIAN_POINT ( 'NONE',  ( 21.90396379253372316, -3.561372907692283984, -10.77705141493963126 ) ) ;
#3200 = VECTOR ( 'NONE', #2676, 1000.000000000000000 ) ;
#3201 = CARTESIAN_POINT ( 'NONE',  ( 21.50631758134827365, -3.441219821476568796, -10.80161942286028953 ) ) ;
#3202 = CARTESIAN_POINT ( 'NONE',  ( 23.69119064072300418, -20.96245131768863246, -10.55222963517824830 ) ) ;
#3203 = VECTOR ( 'NONE', #2325, 1000.000000000000000 ) ;
#3204 = CARTESIAN_POINT ( 'NONE',  ( 24.48095944173707750, -3.313138780457147714, -8.261266741426974036 ) ) ;
#3205 = VERTEX_POINT ( 'NONE', #1041 ) ;
#3206 = ORIENTED_EDGE ( 'NONE', *, *, #304, .T. ) ;
#3207 = CARTESIAN_POINT ( 'NONE',  ( 24.60295589784692538, -3.042447274943298030, -2.622593040584157542 ) ) ;
#3208 = CARTESIAN_POINT ( 'NONE',  ( 21.50035185648316371, -3.484728749802160852, -10.80008863243789285 ) ) ;
#3209 = CARTESIAN_POINT ( 'NONE',  ( 23.04441561802174476, -3.739313949409389881, 24.04181813384643007 ) ) ;
#3210 = DIRECTION ( 'NONE',  ( -0.9938079899999066047, -0.1111111111111108690, 0.000000000000000000 ) ) ;
#3211 = CARTESIAN_POINT ( 'NONE',  ( 24.30807972955051000, -4.195216025648364599, 22.45688527204051965 ) ) ;
#3212 = CARTESIAN_POINT ( 'NONE',  ( 21.49999935925006866, 0.000000000000000000, 21.40000018477439880 ) ) ;
#3213 = CARTESIAN_POINT ( 'NONE',  ( 22.58506128892629761, -21.18570519039197819, 24.67206538418582085 ) ) ;
#3214 = CARTESIAN_POINT ( 'NONE',  ( 23.39166159241406362, -21.34981364563200756, -11.27291606642059563 ) ) ;
#3215 = CARTESIAN_POINT ( 'NONE',  ( 22.60269882584316292, -4.054591035931879084, -10.59042403472234462 ) ) ;
#3216 = EDGE_CURVE ( 'NONE', #1971, #3166, #1163, .T. ) ;
#3217 = FACE_OUTER_BOUND ( 'NONE', #1674, .T. ) ;
#3218 = CARTESIAN_POINT ( 'NONE',  ( 24.10333872296356361, -19.94086859910576948, -9.303351592940950709 ) ) ;
#3219 = CARTESIAN_POINT ( 'NONE',  ( 24.40386802363600793, -4.030835876911715410, -8.577827380010798919 ) ) ;
#3220 = ORIENTED_EDGE ( 'NONE', *, *, #1380, .T. ) ;
#3221 = CARTESIAN_POINT ( 'NONE',  ( 24.65483700028383396, -21.03453532566157591, -8.419219936776228153 ) ) ;
#3222 = AXIS2_PLACEMENT_3D ( 'NONE', #606, #2528, #2250 ) ;
#3223 = ORIENTED_EDGE ( 'NONE', *, *, #946, .T. ) ;
#3224 = LINE ( 'NONE', #1783, #791 ) ;
#3225 = CIRCLE ( 'NONE', #3048, 1.000000000000000888 ) ;
#3226 = EDGE_CURVE ( 'NONE', #3353, #1375, #2508, .T. ) ;
#3227 = CARTESIAN_POINT ( 'NONE',  ( -23.42702945377912016, -2.499999944120645523, -13.80000050812960133 ) ) ;
#3228 = CARTESIAN_POINT ( 'NONE',  ( 23.69557758890441690, -2.895766700349502454, 24.36393662906883506 ) ) ;
#3229 = DIRECTION ( 'NONE',  ( -1.000000000000000000, -0.000000000000000000, -0.000000000000000000 ) ) ;
#3230 = CARTESIAN_POINT ( 'NONE',  ( 24.49999935925006866, -3.968761463483878149, 21.59638512691132561 ) ) ;
#3231 = EDGE_CURVE ( 'NONE', #1160, #3116, #1319, .T. ) ;
#3232 = CARTESIAN_POINT ( 'NONE',  ( 24.97291491754106829, -21.34981364563200756, -9.691662741293590955 ) ) ;
#3233 = CARTESIAN_POINT ( 'NONE',  ( 22.66087472837427441, -21.20532074251481447, 24.69106113959734472 ) ) ;
#3234 = CARTESIAN_POINT ( 'NONE',  ( 21.49999935925006866, -53.14606569351082754, 24.40000018477439880 ) ) ;
#3235 = CARTESIAN_POINT ( 'NONE',  ( 22.85411574955790215, -3.288266794027896456, -10.68084269666637809 ) ) ;
#3236 = CYLINDRICAL_SURFACE ( 'NONE', #253, 9.500000000000000000 ) ;
#3237 = CARTESIAN_POINT ( 'NONE',  ( 24.13880580362409844, -20.65649109226062663, -9.669764295461959591 ) ) ;
#3238 = CARTESIAN_POINT ( 'NONE',  ( 24.48047886675131224, -3.989679090088944502, -8.192696363535986848 ) ) ;
#3239 = VERTEX_POINT ( 'NONE', #3317 ) ;
#3240 = CARTESIAN_POINT ( 'NONE',  ( 5.492878659388874318, -12.00014003230332449, 26.40000018477439880 ) ) ;
#3241 = EDGE_CURVE ( 'NONE', #3160, #311, #784, .T. ) ;
#3242 = EDGE_LOOP ( 'NONE', ( #2600, #62 ) ) ;
#3243 = CARTESIAN_POINT ( 'NONE',  ( 25.49999935925006866, -2.499999944120645523, -2.074119415589813720 ) ) ;
#3244 = CARTESIAN_POINT ( 'NONE',  ( 24.49999935925006511, -20.51449176969534705, -7.800000508129595111 ) ) ;
#3245 = CARTESIAN_POINT ( 'NONE',  ( 23.15331681237337591, -3.328717377556410284, 24.15714569692046254 ) ) ;
#3246 = CARTESIAN_POINT ( 'NONE',  ( 25.32340855063118923, -2.511327333383296612, -11.09363727331788674 ) ) ;
#3247 = CARTESIAN_POINT ( 'NONE',  ( 24.48047886675130158, -3.989679090088945390, 21.79269604018077899 ) ) ;
#3248 = SURFACE_SIDE_STYLE ('',( #2120 ) ) ;
#3249 = DIRECTION ( 'NONE',  ( -0.000000000000000000, -1.000000000000000000, 0.000000000000000000 ) ) ;
#3250 = CARTESIAN_POINT ( 'NONE',  ( 23.43030494621248394, -21.13891638248142257, -10.91398295654868278 ) ) ;
#3251 = DIRECTION ( 'NONE',  ( 1.000000000000000000, 0.000000000000000000, 0.000000000000000000 ) ) ;
#3252 = CARTESIAN_POINT ( 'NONE',  ( 21.69638430138699192, -4.195216025648367264, -10.80000050812959778 ) ) ;
#3253 = CARTESIAN_POINT ( 'NONE',  ( 25.41383269360687081, -21.50000073015689850, -11.45533384555045231 ) ) ;
#3254 = CARTESIAN_POINT ( 'NONE',  ( 25.34088211164154814, -21.50000073015689495, -2.074119415589813720 ) ) ;
#3255 = CARTESIAN_POINT ( 'NONE',  ( 24.27366522098563806, -20.49061346181750665, -9.195528048701257617 ) ) ;
#3256 = CIRCLE ( 'NONE', #2485, 1.600000000000001421 ) ;
#3257 = CARTESIAN_POINT ( 'NONE',  ( 24.40386802363600793, -4.195216025648366376, -8.577827380010798919 ) ) ;
#3258 = ORIENTED_EDGE ( 'NONE', *, *, #331, .F. ) ;
#3259 = CARTESIAN_POINT ( 'NONE',  ( 38.50000001490116119, -18.71751498975760697, -1.517514351603158840 ) ) ;
#3260 = CARTESIAN_POINT ( 'NONE',  ( 25.34088211164154814, -2.499999944120645079, 15.67411909223461564 ) ) ;
#3261 = DIRECTION ( 'NONE',  ( 0.000000000000000000, 0.000000000000000000, 1.000000000000000000 ) ) ;
#3262 = DIRECTION ( 'NONE',  ( -0.000000000000000000, -0.000000000000000000, -1.000000000000000000 ) ) ;
#3263 = CARTESIAN_POINT ( 'NONE',  ( 24.76548834189904369, -2.754715378194831921, 23.56392122401788924 ) ) ;
#3264 = EDGE_LOOP ( 'NONE', ( #83, #362 ) ) ;
#3265 = CARTESIAN_POINT ( 'NONE',  ( 5.499999810010197443, -11.99999994412064552, -14.80000050812959600 ) ) ;
#3266 = CARTESIAN_POINT ( 'NONE',  ( -21.63210049943486979, -5.445668103371416713, 28.40000018477439880 ) ) ;
#3267 = CARTESIAN_POINT ( 'NONE',  ( 22.38097610939337301, -20.31986322151153246, -10.69276296027191542 ) ) ;
#3268 = LINE ( 'NONE', #1640, #346 ) ;
#3269 = CARTESIAN_POINT ( 'NONE',  ( 21.66725767792264890, -3.481572856101319946, -10.80018950288448032 ) ) ;
#3270 = CARTESIAN_POINT ( 'NONE',  ( 38.50000001490116119, -18.71751498975760697, 1.682485648396843780 ) ) ;
#3271 = DIRECTION ( 'NONE',  ( 0.000000000000000000, 0.000000000000000000, -1.000000000000000000 ) ) ;
#3272 = CARTESIAN_POINT ( 'NONE',  ( 23.93413646819573515, -20.44916727927101263, -9.772130968257219052 ) ) ;
#3273 = DIRECTION ( 'NONE',  ( 0.9999999999999965583, -8.274065807500896597E-08, 0.000000000000000000 ) ) ;
#3274 = ORIENTED_EDGE ( 'NONE', *, *, #1367, .F. ) ;
#3275 = LINE ( 'NONE', #2408, #1529 ) ;
#3276 = ORIENTED_EDGE ( 'NONE', *, *, #1801, .T. ) ;
#3277 = CARTESIAN_POINT ( 'NONE',  ( 24.53115208140974346, -21.02214005259133245, 23.08693849523637098 ) ) ;
#3278 = CARTESIAN_POINT ( 'NONE',  ( 21.53466094680427290, -3.231740113101022605, -10.80866590501814528 ) ) ;
#3279 = FACE_OUTER_BOUND ( 'NONE', #1453, .T. ) ;
#3280 = CARTESIAN_POINT ( 'NONE',  ( 23.97361611754461563, -2.848136668049613629, 24.41373668212428427 ) ) ;
#3281 = AXIS2_PLACEMENT_3D ( 'NONE', #343, #829, #3332 ) ;
#3282 = AXIS2_PLACEMENT_3D ( 'NONE', #3084, #3410, #29 ) ;
#3283 = FACE_BOUND ( 'NONE', #3292, .T. ) ;
#3284 = CARTESIAN_POINT ( 'NONE',  ( 23.39166159241392506, -21.34981364563198625, 24.87291574306536290 ) ) ;
#3285 = CARTESIAN_POINT ( 'NONE',  ( 22.38979911147513135, -20.33748594551093802, -10.69253895255737064 ) ) ;
#3286 = DIRECTION ( 'NONE',  ( 1.000000000000000000, 0.000000000000000000, -0.000000000000000000 ) ) ;
#3287 = EDGE_CURVE ( 'NONE', #2612, #76, #2276, .T. ) ;
#3288 = CARTESIAN_POINT ( 'NONE',  ( 24.97291491754106829, -21.34981364563201112, -9.691662741293592731 ) ) ;
#3289 = DIRECTION ( 'NONE',  ( 0.000000000000000000, 0.000000000000000000, 1.000000000000000000 ) ) ;
#3290 = CARTESIAN_POINT ( 'NONE',  ( 24.40428617732933247, -20.98680143049190505, -9.759963176035416410 ) ) ;
#3291 = CARTESIAN_POINT ( 'NONE',  ( 24.14167613224990561, -3.749526396690419539, -9.339116998717436502 ) ) ;
#3292 = EDGE_LOOP ( 'NONE', ( #2483, #850 ) ) ;
#3293 = DIRECTION ( 'NONE',  ( -1.000000000000000000, 0.000000000000000000, 0.000000000000000000 ) ) ;
#3294 = ADVANCED_FACE ( 'NONE', ( #1053 ), #2739, .T. ) ;
#3295 = ORIENTED_EDGE ( 'NONE', *, *, #3341, .T. ) ;
#3296 = CARTESIAN_POINT ( 'NONE',  ( 24.23944988882879414, -20.25125934281503604, 22.73264981663090722 ) ) ;
#3297 = ADVANCED_FACE ( 'NONE', ( #3033 ), #2811, .T. ) ;
#3298 = CARTESIAN_POINT ( 'NONE',  ( 23.47212981937770593, -20.44916727927097710, 23.83413729372005108 ) ) ;
#3299 = DIRECTION ( 'NONE',  ( -0.000000000000000000, -0.000000000000000000, 1.000000000000000000 ) ) ;
#3300 = AXIS2_PLACEMENT_3D ( 'NONE', #3567, #1250, #3293 ) ;
#3301 = CARTESIAN_POINT ( 'NONE',  ( 24.69735870301961000, -2.903042501193881186, -8.588806766294290185 ) ) ;
#3302 = CARTESIAN_POINT ( 'NONE',  ( 24.60583297338984110, -20.94776138807167243, 21.82035096264632656 ) ) ;
#3303 = CARTESIAN_POINT ( 'NONE',  ( 23.93231558852627927, -21.17922549352151051, -10.83806695898441141 ) ) ;
#3304 = DIRECTION ( 'NONE',  ( 0.000000000000000000, 0.000000000000000000, -1.000000000000000000 ) ) ;
#3305 = CARTESIAN_POINT ( 'NONE',  ( 21.99252041260245250, -3.017843497352799442, -10.92351569304537229 ) ) ;
#3306 = CARTESIAN_POINT ( 'NONE',  ( 24.47705026606010037, -20.43862776658524183, -8.203964941413250500 ) ) ;
#3307 = CARTESIAN_POINT ( 'NONE',  ( 24.14181730832209638, -3.739313949409366789, -9.344416766901282756 ) ) ;
#3308 = CIRCLE ( 'NONE', #1718, 4.950000000000001066 ) ;
#3309 = DIRECTION ( 'NONE',  ( 0.000000000000000000, 0.000000000000000000, -1.000000000000000000 ) ) ;
#3310 = CARTESIAN_POINT ( 'NONE',  ( 24.50046084220128506, -20.53062449776421872, 21.40184611657925018 ) ) ;
#3311 = CARTESIAN_POINT ( 'NONE',  ( 23.32986376038052256, -19.80478464862918386, 23.78517032552726818 ) ) ;
#3312 = CARTESIAN_POINT ( 'NONE',  ( 28.50000001490116119, -5.282485684519935276, 0.08248564839684249805 ) ) ;
#3313 = CARTESIAN_POINT ( 'NONE',  ( 24.67867225049266722, -2.929409381084554287, -8.514592690078679027 ) ) ;
#3314 = CARTESIAN_POINT ( 'NONE',  ( 24.80918432837655274, -21.22308403379678410, 22.63346171006940111 ) ) ;
#3315 = CARTESIAN_POINT ( 'NONE',  ( 24.56967973649708981, -21.18520883840949054, -10.19699172597075609 ) ) ;
#3316 = EDGE_CURVE ( 'NONE', #149, #41, #1569, .T. ) ;
#3317 = CARTESIAN_POINT ( 'NONE',  ( 28.50000001490116119, -21.50000073015689850, 15.67411909223461564 ) ) ;
#3318 = CARTESIAN_POINT ( 'NONE',  ( 25.49999935925006866, -21.50000073015689850, -11.80000050812959600 ) ) ;
#3319 = CARTESIAN_POINT ( 'NONE',  ( 22.37200219491944253, -19.80478464862918386, 24.27414961578589470 ) ) ;
#3320 = CARTESIAN_POINT ( 'NONE',  ( 24.71846811683425926, -21.14053207071897944, -8.894118046075774942 ) ) ;
#3321 = EDGE_CURVE ( 'NONE', #955, #2010, #1861, .T. ) ;
#3322 = CARTESIAN_POINT ( 'NONE',  ( 24.14050315103649069, -3.899772352996287772, -9.263844229640319838 ) ) ;
#3323 = DIRECTION ( 'NONE',  ( 1.301042606982605321E-15, 0.000000000000000000, 1.000000000000000000 ) ) ;
#3324 = VERTEX_POINT ( 'NONE', #1461 ) ;
#3325 = CARTESIAN_POINT ( 'NONE',  ( 24.32760045455241382, -20.50084099471258980, 22.67742659905618297 ) ) ;
#3326 = CARTESIAN_POINT ( 'NONE',  ( 22.70075833786195929, -20.26090048933485832, 24.19388914232921906 ) ) ;
#3327 = CYLINDRICAL_SURFACE ( 'NONE', #899, 3.700000000000000178 ) ;
#3328 = VERTEX_POINT ( 'NONE', #622 ) ;
#3329 = CYLINDRICAL_SURFACE ( 'NONE', #1168, 3.000000000000000888 ) ;
#3330 = CARTESIAN_POINT ( 'NONE',  ( 28.50000001490116119, 0.000000000000000000, 0.000000000000000000 ) ) ;
#3331 = CARTESIAN_POINT ( 'NONE',  ( 21.49999935925006866, -19.80478464862918386, 24.40000018477439880 ) ) ;
#3332 = DIRECTION ( 'NONE',  ( -1.000000000000000000, 0.000000000000000000, 0.000000000000000000 ) ) ;
#3333 = AXIS2_PLACEMENT_3D ( 'NONE', #479, #2458, #1588 ) ;
#3334 = CARTESIAN_POINT ( 'NONE',  ( 0.000000000000000000, 0.000000000000000000, 0.000000000000000000 ) ) ;
#3335 = EDGE_CURVE ( 'NONE', #2584, #955, #3390, .T. ) ;
#3336 = AXIS2_PLACEMENT_3D ( 'NONE', #2793, #2776, #270 ) ;
#3337 = CARTESIAN_POINT ( 'NONE',  ( 21.49999935925006511, -3.731738637963231575, 24.40000018477439880 ) ) ;
#3338 = CARTESIAN_POINT ( 'NONE',  ( 24.40386802363600438, -19.80478464862918386, 22.17782705665561238 ) ) ;
#3339 = CARTESIAN_POINT ( 'NONE',  ( 24.66127288960770869, -21.21036048435778554, -10.08979862018671625 ) ) ;
#3340 = CARTESIAN_POINT ( 'NONE',  ( 23.90528682019744977, -3.780151055983572927, -9.697292354334015485 ) ) ;
#3341 = EDGE_CURVE ( 'NONE', #758, #3353, #2503, .T. ) ;
#3342 = FACE_OUTER_BOUND ( 'NONE', #337, .T. ) ;
#3343 = VERTEX_POINT ( 'NONE', #1969 ) ;
#3344 = CARTESIAN_POINT ( 'NONE',  ( 24.14167613224990561, -20.25047427758708096, 22.93911667536224641 ) ) ;
#3345 = CARTESIAN_POINT ( 'NONE',  ( 23.58986674131938344, -20.97012672354520646, 24.22309532330278614 ) ) ;
#3346 = CARTESIAN_POINT ( 'NONE',  ( 5.499999810010193002, -11.99999994412064730, 0.000000000000000000 ) ) ;
#3347 = ORIENTED_EDGE ( 'NONE', *, *, #1496, .F. ) ;
#3348 = CARTESIAN_POINT ( 'NONE',  ( 24.58568130207537195, -3.069483026917804835, 21.74272795607561903 ) ) ;
#3349 = ORIENTED_EDGE ( 'NONE', *, *, #1975, .F. ) ;
#3350 = CARTESIAN_POINT ( 'NONE',  ( 24.49999935925006866, -5.282485684519935276, 0.08248564839684249805 ) ) ;
#3351 = CARTESIAN_POINT ( 'NONE',  ( 24.92037049775144908, -21.31722371240623204, -9.764420606238921607 ) ) ;
#3352 = CARTESIAN_POINT ( 'NONE',  ( 24.07606757009347476, -4.195216025648367264, -9.344165757480832113 ) ) ;
#3353 = VERTEX_POINT ( 'NONE', #24 ) ;
#3354 = CARTESIAN_POINT ( 'NONE',  ( 22.71027202422661873, -2.782480221271852461, 24.70340468609462903 ) ) ;
#3355 = CARTESIAN_POINT ( 'NONE',  ( 24.50519501789986521, -3.397242341900665874, 21.41981541869042260 ) ) ;
#3356 = CARTESIAN_POINT ( 'NONE',  ( 24.35831040313729901, -20.53066407652282521, -8.941354191846277999 ) ) ;
#3357 = CARTESIAN_POINT ( 'NONE',  ( 23.88516950000293804, -4.063279752440853265, -9.629864909260053452 ) ) ;
#3358 = DIRECTION ( 'NONE',  ( 1.000000000000000000, 0.000000000000000000, 0.000000000000000000 ) ) ;
#3359 = VERTEX_POINT ( 'NONE', #3099 ) ;
#3360 = CARTESIAN_POINT ( 'NONE',  ( 23.90606643734216519, -20.22648818449595964, 23.29937648409635642 ) ) ;
#3361 = CARTESIAN_POINT ( 'NONE',  ( 23.39937565857202983, -20.22648818449595964, 23.80606726286649177 ) ) ;
#3362 = DIRECTION ( 'NONE',  ( 0.000000000000000000, 0.000000000000000000, -1.000000000000000000 ) ) ;
#3363 = EDGE_LOOP ( 'NONE', ( #1045, #1746 ) ) ;
#3364 = CARTESIAN_POINT ( 'NONE',  ( 24.54342286722171806, -3.207464997236818327, -7.967642058583997766 ) ) ;
#3365 = ORIENTED_EDGE ( 'NONE', *, *, #2453, .F. ) ;
#3366 = EDGE_CURVE ( 'NONE', #2526, #2787, #2969, .T. ) ;
#3367 = VECTOR ( 'NONE', #105, 1000.000000000000000 ) ;
#3368 = CARTESIAN_POINT ( 'NONE',  ( 22.50543095954018114, -3.440039275639179106, 24.29137965055051041 ) ) ;
#3369 = CARTESIAN_POINT ( 'NONE',  ( 5.881767548277762714, -8.521812067303653038, 26.40000018477439880 ) ) ;
#3370 = DIRECTION ( 'NONE',  ( -1.000000000000000000, -0.000000000000000000, -0.000000000000000000 ) ) ;
#3371 = CARTESIAN_POINT ( 'NONE',  ( 24.18418591314849664, -3.744510210295280750, 22.86401369111257154 ) ) ;
#3372 = VERTEX_POINT ( 'NONE', #1146 ) ;
#3373 = CARTESIAN_POINT ( 'NONE',  ( 22.78413879457691493, -2.765070839686027515, 24.72180103825582975 ) ) ;
#3374 = CARTESIAN_POINT ( 'NONE',  ( 24.62351454417594354, -3.017843497334490532, 21.89252123816567774 ) ) ;
#3375 = CARTESIAN_POINT ( 'NONE',  ( 24.38084154778689694, -20.71173388024961781, -9.154116898437452576 ) ) ;
#3376 = ADVANCED_FACE ( 'NONE', ( #3082, #2823 ), #2244, .F. ) ;
#3377 = CARTESIAN_POINT ( 'NONE',  ( 23.79441318028532848, -3.782311287206827632, -9.831842908649662149 ) ) ;
#3378 = CARTESIAN_POINT ( 'NONE',  ( 28.50000001490116119, -18.71751498975760697, -1.517514351603158840 ) ) ;
#3379 = CARTESIAN_POINT ( 'NONE',  ( 24.08696384931026913, -20.46752874346270090, 23.15559804005827615 ) ) ;
#3380 = CARTESIAN_POINT ( 'NONE',  ( -23.42702945377912016, -20.50000073015689850, -13.80000050812959778 ) ) ;
#3381 = DIRECTION ( 'NONE',  ( -0.000000000000000000, -0.000000000000000000, 1.000000000000000000 ) ) ;
#3382 = ORIENTED_EDGE ( 'NONE', *, *, #2800, .T. ) ;
#3383 = CARTESIAN_POINT ( 'NONE',  ( 24.56395603917689385, -3.147815315497414002, -8.050064858819258262 ) ) ;
#3384 = EDGE_LOOP ( 'NONE', ( #13, #1815, #305, #2002, #1947 ) ) ;
#3385 = CARTESIAN_POINT ( 'NONE',  ( 21.98226474867560398, -3.091348124442361289, 24.47655006037017600 ) ) ;
#3386 = CARTESIAN_POINT ( 'NONE',  ( 25.05515042818026927, -2.599181616248747773, 23.62060446097365585 ) ) ;
#3387 = CARTESIAN_POINT ( 'NONE',  ( 38.50000001490116119, -12.00000033713877201, 3.799999838322400514 ) ) ;
#3388 = CARTESIAN_POINT ( 'NONE',  ( 24.10136759359801317, -3.740980839004711012, 23.02201175491477869 ) ) ;
#3389 = ORIENTED_EDGE ( 'NONE', *, *, #1088, .T. ) ;
#3390 = CIRCLE ( 'NONE', #1806, 9.500000000000000000 ) ;
#3391 = CARTESIAN_POINT ( 'NONE',  ( 21.66764090969849477, -3.207464997239278581, 24.44342369274522753 ) ) ;
#3392 = CARTESIAN_POINT ( 'NONE',  ( 24.79106031407331301, -2.794679931762446223, 22.56087555389995458 ) ) ;
#3393 = DIRECTION ( 'NONE',  ( -0.000000000000000000, 1.000000000000000000, 0.000000000000000000 ) ) ;
#3394 = CARTESIAN_POINT ( 'NONE',  ( 24.10734830872094037, -2.843949581982000208, -10.67740783338883226 ) ) ;
#3395 = CIRCLE ( 'NONE', #1810, 3.000000000000000888 ) ;
#3396 = CARTESIAN_POINT ( 'NONE',  ( 28.50000001490116119, -18.71751498975760697, 0.08248564839684249805 ) ) ;
#3397 = ORIENTED_EDGE ( 'NONE', *, *, #2590, .F. ) ;
#3398 = CARTESIAN_POINT ( 'NONE',  ( 23.79441318028532848, -20.21768938707072039, 23.43184258529448627 ) ) ;
#3399 = CARTESIAN_POINT ( 'NONE',  ( 23.04441561802176253, -20.26068672486813682, -10.44181845720163615 ) ) ;
#3400 = CARTESIAN_POINT ( 'NONE',  ( 22.64135304296671336, -20.53066407652280390, 24.25831122866160072 ) ) ;
#3401 = EDGE_CURVE ( 'NONE', #3190, #2787, #1403, .T. ) ;
#3402 = ORIENTED_EDGE ( 'NONE', *, *, #2072, .T. ) ;
#3403 = DIRECTION ( 'NONE',  ( 0.000000000000000000, 0.000000000000000000, -1.000000000000000000 ) ) ;
#3404 = ORIENTED_EDGE ( 'NONE', *, *, #1494, .F. ) ;
#3405 = CARTESIAN_POINT ( 'NONE',  ( 22.77742577353187770, -3.499159679565031045, 24.22760128007677238 ) ) ;
#3406 = CARTESIAN_POINT ( 'NONE',  ( 25.49999935925006866, -21.50000073015689850, -10.80000050812959600 ) ) ;
#3407 = CARTESIAN_POINT ( 'NONE',  ( 23.76015979462716032, -4.195216025648367264, -9.782480759871789999 ) ) ;
#3408 = CARTESIAN_POINT ( 'NONE',  ( 23.88516950000294514, -4.063279752440851489, 23.22986458590485626 ) ) ;
#3409 = ORIENTED_EDGE ( 'NONE', *, *, #2066, .T. ) ;
#3410 = DIRECTION ( 'NONE',  ( 1.301042606982605321E-15, 0.000000000000000000, 1.000000000000000000 ) ) ;
#3411 = CARTESIAN_POINT ( 'NONE',  ( 24.59192600834713360, -3.081150970163291980, 21.76365407125354778 ) ) ;
#3412 = B_SPLINE_CURVE_WITH_KNOTS ( 'NONE', 3,
 ( #625, #546, #8, #1694, #2848, #3373, #1733, #3354, #1444, #266, #1675, #2505, #1388, #2490, #2569, #832, #2808, #851, #1090, #283, #1171, #2546, #1405, #1972, #2527, #48, #1992, #306, #3391, #1425, #3122, #2292, #3197, #3501, #1791, #1209, #108, #125, #927, #646 ),
 .UNSPECIFIED., .F., .F.,
 ( 4, 2, 1, 2, 2, 2, 1, 1, 2, 2, 1, 1, 2, 2, 1, 1, 2, 2, 1, 2, 2, 2, 2, 4 ),
 ( 0.000000000000000000, 0.1249999999999997502, 0.1874999999999979738, 0.2187499999999975020, 0.2499999999999970579, 0.3750000000000038858, 0.4375000000000094369, 0.4687500000000095479, 0.4843750000000117684, 0.5000000000000139888, 0.5625000000000219824, 0.5937500000000238698, 0.6093750000000247580, 0.6250000000000256462, 0.6875000000000305311, 0.7187500000000323075, 0.7343750000000309752, 0.7500000000000295319, 0.8125000000000254241, 0.8437500000000207612, 0.8750000000000159872, 0.9062500000000113243, 0.9375000000000065503, 1.000000000000000000 ),
 .UNSPECIFIED. ) ;
#3413 = FACE_OUTER_BOUND ( 'NONE', #639, .T. ) ;
#3414 = CARTESIAN_POINT ( 'NONE',  ( 22.96026562343385891, -3.751324830900315099, -10.48423948811145223 ) ) ;
#3415 = CARTESIAN_POINT ( 'NONE',  ( 21.96126559254740229, -20.68686189382037455, -10.78096059061658885 ) ) ;
#3416 = ORIENTED_EDGE ( 'NONE', *, *, #1007, .F. ) ;
#3417 = CARTESIAN_POINT ( 'NONE',  ( 24.44885168268561060, -21.10094408386082421, 23.61601655242997921 ) ) ;
#3418 = CARTESIAN_POINT ( 'NONE',  ( 23.97108455621567558, -21.07528765754198119, -10.55101530070416871 ) ) ;
#3419 = CARTESIAN_POINT ( 'NONE',  ( 22.79244689366140619, -21.09339363906900999, 24.56396045095383940 ) ) ;
#3420 = ORIENTED_EDGE ( 'NONE', *, *, #2201, .T. ) ;
#3421 = VERTEX_POINT ( 'NONE', #2587 ) ;
#3422 = EDGE_LOOP ( 'NONE', ( #1315, #2356, #825, #2038 ) ) ;
#3423 = CARTESIAN_POINT ( 'NONE',  ( 23.10852890298562201, -2.807478475937885687, 24.64233982773711062 ) ) ;
#3424 = AXIS2_PLACEMENT_3D ( 'NONE', #2517, #1119, #2536 ) ;
#3425 = DIRECTION ( 'NONE',  ( -1.000000000000000000, 0.000000000000000000, 0.000000000000000000 ) ) ;
#3426 = CARTESIAN_POINT ( 'NONE',  ( 23.98686067302057978, -3.359325815094140300, 23.47890186946341373 ) ) ;
#3427 = VECTOR ( 'NONE', #694, 1000.000000000000000 ) ;
#3428 = VECTOR ( 'NONE', #751, 1000.000000000000000 ) ;
#3429 = EDGE_CURVE ( 'NONE', #3637, #3421, #21, .T. ) ;
#3430 = ORIENTED_EDGE ( 'NONE', *, *, #1770, .F. ) ;
#3431 = DIRECTION ( 'NONE',  ( -1.000000000000000000, 0.000000000000000000, 0.000000000000000000 ) ) ;
#3432 = CARTESIAN_POINT ( 'NONE',  ( 24.70266597198317626, -2.895414841099548386, 22.20971214699437724 ) ) ;
#3433 = CARTESIAN_POINT ( 'NONE',  ( 24.17616101969042930, -2.848136668049580766, -10.61119210333377971 ) ) ;
#3434 = CARTESIAN_POINT ( 'NONE',  ( 21.69638430138699192, -19.80478464862917676, -10.80000050812959778 ) ) ;
#3435 = VERTEX_POINT ( 'NONE', #2566 ) ;
#3436 = CARTESIAN_POINT ( 'NONE',  ( 23.49798105695338535, -20.07263536429929829, 23.67028455101968731 ) ) ;
#3437 = CARTESIAN_POINT ( 'NONE',  ( 23.15722215816876428, -20.25663607075531303, -10.37716192596848863 ) ) ;
#3438 = CARTESIAN_POINT ( 'NONE',  ( 21.49999935925015038, -20.34685542047122553, 24.40000018477431709 ) ) ;
#3439 = EDGE_LOOP ( 'NONE', ( #97, #3102, #3349 ) ) ;
#3440 = VERTEX_POINT ( 'NONE', #562 ) ;
#3441 = DIRECTION ( 'NONE',  ( -1.000000000000000000, 0.000000000000000000, 0.000000000000000000 ) ) ;
#3442 = ORIENTED_EDGE ( 'NONE', *, *, #3287, .T. ) ;
#3443 = EDGE_CURVE ( 'NONE', #1418, #2303, #1776, .T. ) ;
#3444 = CARTESIAN_POINT ( 'NONE',  ( 23.79519405584508718, -2.910628526795077331, 24.29005437609381701 ) ) ;
#3445 = LINE ( 'NONE', #3498, #89 ) ;
#3446 = CARTESIAN_POINT ( 'NONE',  ( 24.49524803260943173, -2.888226631345125028, 23.55302944878875593 ) ) ;
#3447 = VERTEX_POINT ( 'NONE', #322 ) ;
#3448 = CARTESIAN_POINT ( 'NONE',  ( 28.50000001490116119, -18.71751475841098511, 11.91751425959459176 ) ) ;
#3449 = EDGE_CURVE ( 'NONE', #2560, #2330, #1441, .T. ) ;
#3450 = CARTESIAN_POINT ( 'NONE',  ( 25.49999935925006866, -21.50000073015689850, 25.40000018477439880 ) ) ;
#3451 = EDGE_CURVE ( 'NONE', #311, #3328, #554, .T. ) ;
#3452 = CARTESIAN_POINT ( 'NONE',  ( 23.67162512988556244, -3.036302054426737396, -10.56740814406827944 ) ) ;
#3453 = CARTESIAN_POINT ( 'NONE',  ( 21.66880416418820232, -3.207588422256279159, -10.84368773836378352 ) ) ;
#3454 = CARTESIAN_POINT ( 'NONE',  ( 21.49999935925007222, -20.34685542047118645, -10.80000050812959778 ) ) ;
#3455 = AXIS2_PLACEMENT_3D ( 'NONE', #544, #3061, #3119 ) ;
#3456 = VERTEX_POINT ( 'NONE', #907 ) ;
#3457 = CARTESIAN_POINT ( 'NONE',  ( 23.39937565857202983, -20.22648818449595964, -10.20606758622163923 ) ) ;
#3458 = EDGE_CURVE ( 'NONE', #3239, #3324, #1752, .T. ) ;
#3459 = CARTESIAN_POINT ( 'NONE',  ( 22.42269785430213247, -20.14288971953767415, 24.26382910771936707 ) ) ;
#3460 = AXIS2_PLACEMENT_3D ( 'NONE', #2890, #875, #310 ) ;
#3461 = VERTEX_POINT ( 'NONE', #366 ) ;
#3462 = ORIENTED_EDGE ( 'NONE', *, *, #3216, .T. ) ;
#3463 = CARTESIAN_POINT ( 'NONE',  ( 24.49999935925006866, -3.499999944120645523, -3.036157608500607008 ) ) ;
#3464 = CARTESIAN_POINT ( 'NONE',  ( 23.32986376038052967, -4.195216025648363711, 23.78517032552727173 ) ) ;
#3465 = FACE_OUTER_BOUND ( 'NONE', #881, .T. ) ;
#3466 = CARTESIAN_POINT ( 'NONE',  ( 24.49999935925007222, -3.500263519045028637, 21.56627991496494801 ) ) ;
#3467 = DIRECTION ( 'NONE',  ( 0.000000000000000000, 0.000000000000000000, -1.000000000000000000 ) ) ;
#3468 = CARTESIAN_POINT ( 'NONE',  ( 21.69214283233945295, -20.81090760208543244, 24.44954423473099681 ) ) ;
#3469 = CARTESIAN_POINT ( 'NONE',  ( 22.16244734437175978, -21.05119627861873610, -10.96561124753560179 ) ) ;
#3470 = CARTESIAN_POINT ( 'NONE',  ( 22.71355822537013935, -3.718192175930837617, -10.59357883772499065 ) ) ;
#3471 = VECTOR ( 'NONE', #3570, 1000.000000000000000 ) ;
#3472 = CARTESIAN_POINT ( 'NONE',  ( 21.53905273181268853, -3.356089344200100744, -10.81031365235559250 ) ) ;
#3473 = ORIENTED_EDGE ( 'NONE', *, *, #951, .T. ) ;
#3474 = CARTESIAN_POINT ( 'NONE',  ( 24.03916079128995520, -21.07238850555376786, -10.49191727172378563 ) ) ;
#3475 = CARTESIAN_POINT ( 'NONE',  ( 24.48047886675131224, -4.195216025648364599, -8.192696363535986848 ) ) ;
#3476 = ORIENTED_EDGE ( 'NONE', *, *, #3052, .F. ) ;
#3477 = DIRECTION ( 'NONE',  ( 1.000000000000000000, -0.000000000000000000, -0.000000000000000000 ) ) ;
#3478 = CARTESIAN_POINT ( 'NONE',  ( 22.69340048684751210, -4.055984035758603667, 24.15285385324936840 ) ) ;
#3479 = CARTESIAN_POINT ( 'NONE',  ( 21.49999935925006866, -19.80478464862918386, 24.40000018477439880 ) ) ;
#3480 = CARTESIAN_POINT ( 'NONE',  ( 24.66395962542950215, -2.906607035208527812, 22.69244771918574344 ) ) ;
#3481 = EDGE_CURVE ( 'NONE', #3324, #2112, #1302, .T. ) ;
#3482 = AXIS2_PLACEMENT_3D ( 'NONE', #1361, #526, #259 ) ;
#3483 = CARTESIAN_POINT ( 'NONE',  ( 23.67687455310176858, -20.63343170222307066, 23.80091485011426755 ) ) ;
#3484 = CARTESIAN_POINT ( 'NONE',  ( 22.44318926781921064, -21.14590331641606369, 24.63637346420046015 ) ) ;
#3485 = CARTESIAN_POINT ( 'NONE',  ( 21.70687146813978785, -20.82195225133379424, -10.85322404400118579 ) ) ;
#3486 = CARTESIAN_POINT ( 'NONE',  ( 22.66085005191386514, -3.891524548618821466, -10.57896170712461625 ) ) ;
#3487 = CARTESIAN_POINT ( 'NONE',  ( 21.57211461719658629, -3.304335217538884262, -10.81900778642009264 ) ) ;
#3488 = EDGE_CURVE ( 'NONE', #1681, #2374, #2027, .T. ) ;
#3489 = CARTESIAN_POINT ( 'NONE',  ( 24.31119095445427902, -21.15186400622797791, -10.47616216856998150 ) ) ;
#3490 = CARTESIAN_POINT ( 'NONE',  ( 24.66395962542953768, -2.906607035208539802, -9.092448042541004583 ) ) ;
#3491 = ORIENTED_EDGE ( 'NONE', *, *, #1115, .T. ) ;
#3492 = LINE ( 'NONE', #3259, #1701 ) ;
#3493 = ORIENTED_EDGE ( 'NONE', *, *, #569, .F. ) ;
#3494 = CARTESIAN_POINT ( 'NONE',  ( 5.499999810010238299, -21.50000073015689850, 16.01530611515041258 ) ) ;
#3495 = CARTESIAN_POINT ( 'NONE',  ( 24.49999935925006866, -18.71751475841098511, 13.51751425959459141 ) ) ;
#3496 = B_SPLINE_CURVE_WITH_KNOTS ( 'NONE', 3,
 ( #3284, #730, #3008, #215, #2992, #2121 ),
 .UNSPECIFIED., .F., .F.,
 ( 4, 2, 4 ),
 ( 0.000000000000000000, 0.5000000000000000000, 1.000000000000000000 ),
 .UNSPECIFIED. ) ;
#3497 = CARTESIAN_POINT ( 'NONE',  ( 23.98521124008373206, -2.829361217902613301, 24.39049635217733680 ) ) ;
#3498 = CARTESIAN_POINT ( 'NONE',  ( 25.49999935925006866, -2.499999944120645523, 24.40000018477439880 ) ) ;
#3499 = CARTESIAN_POINT ( 'NONE',  ( 24.47705026606008261, -3.561372907692252454, 21.80396461805807817 ) ) ;
#3500 = DIRECTION ( 'NONE',  ( 0.000000000000000000, 0.000000000000000000, 1.000000000000000000 ) ) ;
#3501 = CARTESIAN_POINT ( 'NONE',  ( 21.54688078030089571, -3.342515093646665658, 24.41238483117295033 ) ) ;
#3502 = CARTESIAN_POINT ( 'NONE',  ( 21.56462486766134390, -20.68432917358358836, -10.81704140941701020 ) ) ;
#3503 = CARTESIAN_POINT ( 'NONE',  ( 22.37200219491943542, -4.195216025648367264, -10.67414993914108834 ) ) ;
#3504 = CARTESIAN_POINT ( 'NONE',  ( 24.76273937168981121, -2.780545438395005675, -9.982691247100635934 ) ) ;
#3505 = CARTESIAN_POINT ( 'NONE',  ( 23.90728877451684653, -20.23652830066480846, -9.702594108490568914 ) ) ;
#3506 = LINE ( 'NONE', #2152, #679 ) ;
#3507 = ORIENTED_EDGE ( 'NONE', *, *, #2365, .F. ) ;
#3508 = CARTESIAN_POINT ( 'NONE',  ( 24.77206455865730561, -21.18570519038754796, -8.885062437802412560 ) ) ;
#3509 = AXIS2_PLACEMENT_3D ( 'NONE', #284, #2827, #2849 ) ;
#3510 = CARTESIAN_POINT ( 'NONE',  ( 24.49999935925006866, -3.499999944120646411, 16.63615728514541203 ) ) ;
#3511 = CIRCLE ( 'NONE', #1104, 1.000000000000000888 ) ;
#3512 = CARTESIAN_POINT ( 'NONE',  ( 5.499999810010201884, -20.50000073015689850, -11.80000050812959600 ) ) ;
#3513 = CARTESIAN_POINT ( 'NONE',  ( 23.48247961099226089, -4.195216025648363711, 23.66016062015149046 ) ) ;
#3514 = CARTESIAN_POINT ( 'NONE',  ( 25.49999935925006866, -2.499999944120645523, -11.80000050812959600 ) ) ;
#3515 = CARTESIAN_POINT ( 'NONE',  ( 24.37414879026156100, -4.195216025648364599, 22.27200302044376912 ) ) ;
#3516 = DIRECTION ( 'NONE',  ( -1.000000000000000000, 0.000000000000000000, 0.000000000000000000 ) ) ;
#3517 = CARTESIAN_POINT ( 'NONE',  ( 28.50000001490116119, -5.282485915866560688, 13.51751425959459141 ) ) ;
#3518 = CARTESIAN_POINT ( 'NONE',  ( 22.27782623113127158, -19.80478464862917676, -10.70386917251553704 ) ) ;
#3519 = CARTESIAN_POINT ( 'NONE',  ( 24.07613089744837254, -21.43912013554091800, 25.04403306923975947 ) ) ;
#3520 = CARTESIAN_POINT ( 'NONE',  ( 22.23177129847226752, -3.154801620395339956, -10.83599146980954941 ) ) ;
#3521 = CARTESIAN_POINT ( 'NONE',  ( 24.82804451647715638, -21.25123806383435365, 15.93414166964691958 ) ) ;
#3522 = CARTESIAN_POINT ( 'NONE',  ( -3.000000189989768806, -12.00000002686130429, -11.80000050812959600 ) ) ;
#3523 = CARTESIAN_POINT ( 'NONE',  ( 24.08008705149025275, -20.95013594740614593, -10.20305455422801977 ) ) ;
#3524 = CARTESIAN_POINT ( 'NONE',  ( 24.34677767301947071, -4.195216025648367264, -8.766647483216152281 ) ) ;
#3525 = ORIENTED_EDGE ( 'NONE', *, *, #2916, .F. ) ;
#3526 = CARTESIAN_POINT ( 'NONE',  ( 5.492878659388874318, -12.00014003230332449, -10.80000050812959600 ) ) ;
#3527 = ORIENTED_EDGE ( 'NONE', *, *, #3321, .F. ) ;
#3528 = DIRECTION ( 'NONE',  ( 0.000000000000000000, -1.000000000000000000, 0.000000000000000000 ) ) ;
#3529 = CARTESIAN_POINT ( 'NONE',  ( 24.50271467249982038, -20.57495442223693516, -7.810512740290043610 ) ) ;
#3530 = CARTESIAN_POINT ( 'NONE',  ( 23.53513578622313673, -3.768930553611849810, 23.69677003310610175 ) ) ;
#3531 = CARTESIAN_POINT ( 'NONE',  ( 5.499999810010193002, -12.00000073015689850, 25.40000018477439880 ) ) ;
#3532 = CARTESIAN_POINT ( 'NONE',  ( 24.79881987861486436, -2.769798893615325053, 22.84644749237904904 ) ) ;
#3533 = SURFACE_STYLE_USAGE ( .BOTH. , #3248 ) ;
#3534 = CARTESIAN_POINT ( 'NONE',  ( 23.39166159241406362, -21.34981364563200756, -11.27291606642059563 ) ) ;
#3535 = CARTESIAN_POINT ( 'NONE',  ( 22.97837514790550983, -20.68775888789850015, -10.64412250958392292 ) ) ;
#3536 = CYLINDRICAL_SURFACE ( 'NONE', #2575, 4.200000000000000178 ) ;
#3537 = CARTESIAN_POINT ( 'NONE',  ( 22.70075833786196640, -3.739100184942689697, -10.59388946568441447 ) ) ;
#3538 = B_SPLINE_CURVE_WITH_KNOTS ( 'NONE', 3,
 ( #3331, #2288, #263, #1639 ),
 .UNSPECIFIED., .F., .F.,
 ( 4, 4 ),
 ( 0.000000000000000000, 1.000000000000000000 ),
 .UNSPECIFIED. ) ;
#3539 = CARTESIAN_POINT ( 'NONE',  ( 24.49999935925006866, -20.50000073015689850, 16.63615728514541203 ) ) ;
#3540 = CARTESIAN_POINT ( 'NONE',  ( 24.23294186108182657, -19.80478464862918386, 22.63828302685519489 ) ) ;
#3541 = AXIS2_PLACEMENT_3D ( 'NONE', #3346, #1415, #1650 ) ;
#3542 = CARTESIAN_POINT ( 'NONE',  ( 24.29194070209060996, -20.67694947555652618, -9.383292664913081893 ) ) ;
#3543 = AXIS2_PLACEMENT_3D ( 'NONE', #621, #2454, #2118 ) ;
#3544 = CARTESIAN_POINT ( 'NONE',  ( 24.79881987861481107, -2.769798893615154967, -9.246447815734393672 ) ) ;
#3545 = EDGE_LOOP ( 'NONE', ( #206, #1176, #1416, #2057 ) ) ;
#3546 = CARTESIAN_POINT ( 'NONE',  ( 24.60995920942390924, -20.95627845052076310, -8.237173653208204271 ) ) ;
#3547 = ORIENTED_EDGE ( 'NONE', *, *, #768, .T. ) ;
#3548 = CARTESIAN_POINT ( 'NONE',  ( 24.66395962542950926, -21.09339363906899933, 22.69244771918573989 ) ) ;
#3549 = CARTESIAN_POINT ( 'NONE',  ( 24.51031250347413604, -20.64391133006418499, -7.839053880684442532 ) ) ;
#3550 = AXIS2_PLACEMENT_3D ( 'NONE', #3058, #510, #1381 ) ;
#3551 = CARTESIAN_POINT ( 'NONE',  ( 24.49999935925006866, -2.499999944120645523, -11.80000050812959600 ) ) ;
#3552 = CARTESIAN_POINT ( 'NONE',  ( 24.61683640470660350, -3.030757456826147944, -8.265231573295990231 ) ) ;
#3553 = EDGE_CURVE ( 'NONE', #2947, #3637, #2549, .T. ) ;
#3554 = ADVANCED_FACE ( 'NONE', ( #197 ), #2402, .F. ) ;
#3555 = CARTESIAN_POINT ( 'NONE',  ( 24.49999935925006866, -20.50000073015689850, 21.40000018477439880 ) ) ;
#3556 = CARTESIAN_POINT ( 'NONE',  ( 23.84341465251382530, -21.19765620434290199, -10.91553650728002545 ) ) ;
#3557 = CARTESIAN_POINT ( 'NONE',  ( 22.97431271121884322, -20.48575676978995119, -10.53770397916849966 ) ) ;
#3558 = DIRECTION ( 'NONE',  ( -1.000000000000000000, 0.000000000000000000, 0.000000000000000000 ) ) ;
#3559 = AXIS2_PLACEMENT_3D ( 'NONE', #173, #2938, #712 ) ;
#3560 = EDGE_CURVE ( 'NONE', #1476, #936, #789, .T. ) ;
#3561 = CARTESIAN_POINT ( 'NONE',  ( 24.02892686871656736, -21.44862733928852450, -11.43223238549622067 ) ) ;
#3562 = CARTESIAN_POINT ( 'NONE',  ( 28.50000001490116119, -21.50000073015689850, 28.40000018477439880 ) ) ;
#3563 = EDGE_CURVE ( 'NONE', #1469, #3421, #2126, .T. ) ;
#3564 = CARTESIAN_POINT ( 'NONE',  ( 23.88516950000295580, -19.93672092183668454, -9.629864909260055228 ) ) ;
#3565 = CARTESIAN_POINT ( 'NONE',  ( 24.32760045455249198, -3.499159679565102987, -9.077426922411429899 ) ) ;
#3566 = ORIENTED_EDGE ( 'NONE', *, *, #511, .T. ) ;
#3567 = CARTESIAN_POINT ( 'NONE',  ( 5.499999810010197443, -12.00000073015689672, -14.80000050812959600 ) ) ;
#3568 = ORIENTED_EDGE ( 'NONE', *, *, #2791, .F. ) ;
#3569 = CARTESIAN_POINT ( 'NONE',  ( 24.45297749729269299, -20.99815819284057028, 23.28224007299854392 ) ) ;
#3570 = DIRECTION ( 'NONE',  ( -0.000000000000000000, 0.000000000000000000, 1.000000000000000000 ) ) ;
#3571 = CARTESIAN_POINT ( 'NONE',  ( 28.50000001490116119, -5.282485915866560688, 15.11751425959459283 ) ) ;
#3572 = CARTESIAN_POINT ( 'NONE',  ( 23.68269009822102333, -2.780545438395033209, 24.66274019721411648 ) ) ;
#3573 = CYLINDRICAL_SURFACE ( 'NONE', #1285, 1.000000000000000888 ) ;
#3574 = CARTESIAN_POINT ( 'NONE',  ( 24.49999935925006866, -3.731738637963217808, 21.40000018477440236 ) ) ;
#3575 = DIRECTION ( 'NONE',  ( 0.000000000000000000, 0.000000000000000000, -1.000000000000000000 ) ) ;
#3576 = CARTESIAN_POINT ( 'NONE',  ( 24.49999935925006866, -20.03652334247175659, 21.40000018477439880 ) ) ;
#3577 = CARTESIAN_POINT ( 'NONE',  ( 24.49999935925006511, -20.50766552305071144, -7.800000508129597776 ) ) ;
#3578 = CARTESIAN_POINT ( 'NONE',  ( 24.46393580354450847, -2.895766700349452272, -9.995578737783992196 ) ) ;
#3579 = CARTESIAN_POINT ( 'NONE',  ( 24.49999935925006866, -19.80478464862918386, 21.40000018477439880 ) ) ;
#3580 = ORIENTED_EDGE ( 'NONE', *, *, #2633, .F. ) ;
#3581 = CARTESIAN_POINT ( 'NONE',  ( 24.47705026606010748, -20.43862776658527736, 21.80396461805807817 ) ) ;
#3582 = CARTESIAN_POINT ( 'NONE',  ( 24.10734830872089773, -21.15605109229551317, 24.27740751003359421 ) ) ;
#3583 = EDGE_CURVE ( 'NONE', #1126, #2114, #800, .T. ) ;
#3584 = LINE ( 'NONE', #315, #2782 ) ;
#3585 = CIRCLE ( 'NONE', #420, 4.200000000000000178 ) ;
#3586 = CARTESIAN_POINT ( 'NONE',  ( 24.50008748355833532, -3.484728749802157299, 21.40035268200751872 ) ) ;
#3587 = EDGE_CURVE ( 'NONE', #3191, #2093, #1901, .T. ) ;
#3588 = DIRECTION ( 'NONE',  ( 0.000000000000000000, 0.000000000000000000, -1.000000000000000000 ) ) ;
#3589 = CARTESIAN_POINT ( 'NONE',  ( 24.37740668450931025, -21.15605109229554515, -10.40734945760049790 ) ) ;
#3590 = CARTESIAN_POINT ( 'NONE',  ( 21.49999935925008288, -20.52899630210018955, -10.80000050812959422 ) ) ;
#3591 = ADVANCED_FACE ( 'NONE', ( #2757 ), #3592, .F. ) ;
#3592 = CYLINDRICAL_SURFACE ( 'NONE', #1321, 1.599999999999999867 ) ;
#3593 = CARTESIAN_POINT ( 'NONE',  ( 23.32986376038052256, -19.80478464862918386, 23.78517032552726818 ) ) ;
#3594 = CARTESIAN_POINT ( 'NONE',  ( 24.37414879026156456, -19.80478464862917320, -8.672003343798973418 ) ) ;
#3595 = CARTESIAN_POINT ( 'NONE',  ( 24.54220458887563794, -2.876904398436908927, -9.889315822747105855 ) ) ;
#3596 = AXIS2_PLACEMENT_3D ( 'NONE', #2680, #1006, #664 ) ;
#3597 = DIRECTION ( 'NONE',  ( 0.000000000000000000, 0.000000000000000000, -1.000000000000000000 ) ) ;
#3598 = VERTEX_POINT ( 'NONE', #2423 ) ;
#3599 = CARTESIAN_POINT ( 'NONE',  ( 24.48095944173704197, -20.68686189382042073, 21.86126641807173598 ) ) ;
#3600 = AXIS2_PLACEMENT_3D ( 'NONE', #2052, #2939, #3431 ) ;
#3601 = CARTESIAN_POINT ( 'NONE',  ( 23.97108455621559742, -21.07528765754193500, 24.15101497734892533 ) ) ;
#3602 = CYLINDRICAL_SURFACE ( 'NONE', #3541, 9.500000000000000000 ) ;
#3603 = EDGE_LOOP ( 'NONE', ( #1725, #1699 ) ) ;
#3604 = EDGE_CURVE ( 'NONE', #2931, #2612, #2148, .T. ) ;
#3605 = CARTESIAN_POINT ( 'NONE',  ( 24.84120827077908800, -2.747309652490010912, -9.162212802225164765 ) ) ;
#3606 = PLANE ( 'NONE',  #466 ) ;
#3607 = CARTESIAN_POINT ( 'NONE',  ( 24.86541732439386720, -21.28851987653400357, -9.837176927830808992 ) ) ;
#3608 = CARTESIAN_POINT ( 'NONE',  ( 24.49999935925006866, -18.71751498975760697, 0.08248564839684249805 ) ) ;
#3609 = CARTESIAN_POINT ( 'NONE',  ( 5.499999810010200108, -12.00000073015689672, -11.80000050812959422 ) ) ;
#3610 = CARTESIAN_POINT ( 'NONE',  ( 22.63435055187487421, -2.801410104710389426, -11.08442247816571324 ) ) ;
#3611 = CARTESIAN_POINT ( 'NONE',  ( 24.49999935925006511, -20.49973715523252338, -7.966280238320144313 ) ) ;
#3612 = CARTESIAN_POINT ( 'NONE',  ( 24.25222848629870498, -3.037549356588923999, -9.991191789602517304 ) ) ;
#3613 = LINE ( 'NONE', #12, #2167 ) ;
#3614 = EDGE_LOOP ( 'NONE', ( #577, #597, #373, #1443, #3566 ) ) ;
#3615 = CARTESIAN_POINT ( 'NONE',  ( 24.74233900221279114, -21.19252219833963835, 23.00852972850996281 ) ) ;
#3616 = CARTESIAN_POINT ( 'NONE',  ( 22.71355822537012870, -20.28180849834670596, 24.19357851436978635 ) ) ;
#3617 = CARTESIAN_POINT ( 'NONE',  ( -12.26955326245040467, -12.00000033713877201, 6.799999838322402290 ) ) ;
#3618 = ORIENTED_EDGE ( 'NONE', *, *, #3112, .F. ) ;
#3619 = CARTESIAN_POINT ( 'NONE',  ( 38.50000001490116119, -12.00000033713877201, 6.799999838322402290 ) ) ;
#3620 = EDGE_LOOP ( 'NONE', ( #2733, #446 ) ) ;
#3621 = CARTESIAN_POINT ( 'NONE',  ( 24.80340386057882540, -21.21752045301412082, 22.61027284978325369 ) ) ;
#3622 = DIRECTION ( 'NONE',  ( 0.000000000000000000, 0.000000000000000000, 1.000000000000000000 ) ) ;
#3623 = DIRECTION ( 'NONE',  ( 1.000000000000000000, 0.000000000000000000, 0.000000000000000000 ) ) ;
#3624 = VECTOR ( 'NONE', #3558, 1000.000000000000000 ) ;
#3625 = CIRCLE ( 'NONE', #1287, 8.500000000000000000 ) ;
#3626 = VERTEX_POINT ( 'NONE', #1322 ) ;
#3627 = CARTESIAN_POINT ( 'NONE',  ( 21.49999935925006866, -4.195216025648363711, 24.40000018477439880 ) ) ;
#3628 = CYLINDRICAL_SURFACE ( 'NONE', #524, 1.000000000000000888 ) ;
#3629 = CARTESIAN_POINT ( 'NONE',  ( 24.83951834436150818, -21.26707630777814373, -9.158076448575348749 ) ) ;
#3630 = CARTESIAN_POINT ( 'NONE',  ( 24.69196139490617270, -2.781598860045651378, -10.05412259376428530 ) ) ;
#3631 = CARTESIAN_POINT ( 'NONE',  ( 28.50000001490116119, -3.499999944120646411, 28.40000018477439880 ) ) ;
#3632 = CARTESIAN_POINT ( 'NONE',  ( 24.14181730832211059, -20.26068672486811906, 22.94441644354608556 ) ) ;
#3633 = CARTESIAN_POINT ( 'NONE',  ( 23.39729120545448282, -20.21984961829397420, 23.80528764572177636 ) ) ;
#3634 = CARTESIAN_POINT ( 'NONE',  ( 19.21510088161110374, -10.01252405230350995, 28.40000018477439880 ) ) ;
#3635 = ORIENTED_EDGE ( 'NONE', *, *, #2949, .F. ) ;
#3636 = DIRECTION ( 'NONE',  ( 1.000000000000000000, 0.000000000000000000, 0.000000000000000000 ) ) ;
#3637 = VERTEX_POINT ( 'NONE', #1337 ) ;
ENDSEC;
END-ISO-10303-21;
