ISO-10303-21;
HEADER;
FILE_DESCRIPTION (( 'STEP AP214' ),
    '1' );
FILE_NAME ('WING 2 R VTOL.STEP',
    '2024-04-11T12:21:41',
    ( '' ),
    ( '' ),
    'SwSTEP 2.0',
    'SolidWorks 2023',
    '' );
FILE_SCHEMA (( 'AUTOMOTIVE_DESIGN' ));
ENDSEC;

DATA;
#1 = DIRECTION ( 'NONE',  ( 0.000000000000000000, 0.000000000000000000, -1.000000000000000000 ) ) ;
#2 = CARTESIAN_POINT ( 'NONE',  ( 324.2361567922396262, -3.665621151931838906, 236.3608155939225526 ) ) ;
#3 = CARTESIAN_POINT ( 'NONE',  ( 413.6844623706628568, 0.7217813874072406266, 327.0118351163383750 ) ) ;
#4 = CARTESIAN_POINT ( 'NONE',  ( 579.9999999970531235, 12.05585114077850406, 281.0960369820363098 ) ) ;
#5 = CARTESIAN_POINT ( 'NONE',  ( 319.5995600820944560, 1.287365162105878591, 223.1622243804330026 ) ) ;
#6 = CARTESIAN_POINT ( 'NONE',  ( 333.4009206557047946, 9.503555510564545727, 242.9327210353573037 ) ) ;
#7 = ORIENTED_EDGE ( 'NONE', *, *, #2984, .F. ) ;
#8 = CARTESIAN_POINT ( 'NONE',  ( 331.4890001314740289, 7.345168218085391665, 231.8138689633838680 ) ) ;
#9 = CARTESIAN_POINT ( 'NONE',  ( 386.6666666647020634, 1.294877575380734891, 386.4039895251283951 ) ) ;
#10 = EDGE_CURVE ( 'NONE', #1635, #2492, #3220, .T. ) ;
#11 = EDGE_LOOP ( 'NONE', ( #155, #1490, #681, #498 ) ) ;
#12 = CARTESIAN_POINT ( 'NONE',  ( 418.4367889235230678, 60.00000000000000000, 283.0817145493894031 ) ) ;
#13 = SHAPE_DEFINITION_REPRESENTATION ( #987, #3152 ) ;
#14 = CARTESIAN_POINT ( 'NONE',  ( 433.8246281584304143, -4.281135602239075411, 281.0817145493894600 ) ) ;
#15 = CARTESIAN_POINT ( 'NONE',  ( 324.2166718459716890, 6.865626057406329252, 233.3734487815663385 ) ) ;
#16 = CARTESIAN_POINT ( 'NONE',  ( 412.3910963846252002, 0.7235858486252068067, 328.3886851617249931 ) ) ;
#17 = DIRECTION ( 'NONE',  ( 1.000000000000000000, 0.000000000000000000, 0.000000000000000000 ) ) ;
#18 = ORIENTED_EDGE ( 'NONE', *, *, #1465, .T. ) ;
#19 = CARTESIAN_POINT ( 'NONE',  ( 411.4367889235230678, 7.300000000000000711, 332.6817145493894259 ) ) ;
#20 = CARTESIAN_POINT ( 'NONE',  ( 328.8142736303726110, -2.149580662662239128, 227.3226033731484961 ) ) ;
#21 = CARTESIAN_POINT ( 'NONE',  ( 415.1034555927221845, -4.406449772365502504, 288.0817145493893463 ) ) ;
#22 = CARTESIAN_POINT ( 'NONE',  ( 579.9999999970531235, 2.307336104060937920, 366.4516910496425908 ) ) ;
#23 = CARTESIAN_POINT ( 'NONE',  ( 333.3700566296597572, 1.870490821160697426, 224.6712206584193154 ) ) ;
#24 = CARTESIAN_POINT ( 'NONE',  ( 319.6312172985250868, 8.104803149372511228, 236.7133822345656142 ) ) ;
#25 = ORIENTED_EDGE ( 'NONE', *, *, #2066, .T. ) ;
#26 = CYLINDRICAL_SURFACE ( 'NONE', #181, 3.000000000000002665 ) ;
#27 = CARTESIAN_POINT ( 'NONE',  ( 315.0370945548289114, -3.525667192811752226, 308.8817145493894145 ) ) ;
#28 = CARTESIAN_POINT ( 'NONE',  ( 0.000000000000000000, -7.169037781342534998, 446.3294496812645775 ) ) ;
#29 = EDGE_CURVE ( 'NONE', #1580, #3176, #1674, .T. ) ;
#30 = ORIENTED_EDGE ( 'NONE', *, *, #2805, .F. ) ;
#31 = DIRECTION ( 'NONE',  ( 0.000000000000000000, -1.000000000000000000, 0.000000000000000000 ) ) ;
#32 = LINE ( 'NONE', #301, #1751 ) ;
#33 = CARTESIAN_POINT ( 'NONE',  ( 319.6190345950086567, 4.421914021373860137, 227.5220675400917685 ) ) ;
#34 = CARTESIAN_POINT ( 'NONE',  ( 332.6079110971089676, -1.775863399039920854, 226.3314188947032619 ) ) ;
#35 = AXIS2_PLACEMENT_3D ( 'NONE', #759, #17, #2529 ) ;
#36 = AXIS2_PLACEMENT_3D ( 'NONE', #3076, #2314, #1 ) ;
#37 = ORIENTED_EDGE ( 'NONE', *, *, #1847, .T. ) ;
#38 = CARTESIAN_POINT ( 'NONE',  ( 313.8700256906127493, -6.476054289570344125, 311.2648265199569551 ) ) ;
#39 = CARTESIAN_POINT ( 'NONE',  ( 310.0370945548290251, -1.525667192811752226, 293.8817145493893577 ) ) ;
#40 =( BOUNDED_CURVE ( )  B_SPLINE_CURVE ( 3, ( #93, #2133, #805, #318 ),
 .UNSPECIFIED., .F., .F. ) 
 B_SPLINE_CURVE_WITH_KNOTS ( ( 4, 4 ),
 ( 3.141592653589793116, 6.283185307179586232 ),
 .UNSPECIFIED. ) 
 CURVE ( )  GEOMETRIC_REPRESENTATION_ITEM ( )  RATIONAL_B_SPLINE_CURVE ( ( 1.000000000000000000, 0.3333333333333333703, 0.3333333333333333703, 1.000000000000000000 ) ) 
 REPRESENTATION_ITEM ( '' )  );
#41 = CARTESIAN_POINT ( 'NONE',  ( 0.000000000000000000, -6.956796621827982641, 451.7784412453585219 ) ) ;
#42 = CARTESIAN_POINT ( 'NONE',  ( 0.000000000000000000, 9.913730116561376704, 364.5373084075129100 ) ) ;
#43 = CARTESIAN_POINT ( 'NONE',  ( 319.6060806350628241, 2.180227971342842075, 224.0954090288651628 ) ) ;
#44 = FACE_OUTER_BOUND ( 'NONE', #241, .T. ) ;
#45 = DIRECTION ( 'NONE',  ( 0.000000000000000000, 1.000000000000000000, 0.000000000000000000 ) ) ;
#46 = CARTESIAN_POINT ( 'NONE',  ( 445.0185472759408185, 5.256911011296605984, 359.2460327981112869 ) ) ;
#47 = CARTESIAN_POINT ( 'NONE',  ( 0.000000000000000000, -7.565368802876977661, 399.6270695293106314 ) ) ;
#48 = CARTESIAN_POINT ( 'NONE',  ( 333.4914044212162594, -0.4729702580225798036, 222.0024703150636469 ) ) ;
#49 = CARTESIAN_POINT ( 'NONE',  ( 386.6666666647020634, 1.630679500242952162, 226.3321464418616529 ) ) ;
#50 = CARTESIAN_POINT ( 'NONE',  ( 333.1847034298630206, -0.6066589038878137385, 223.5052466062534222 ) ) ;
#51 = ORIENTED_EDGE ( 'NONE', *, *, #303, .T. ) ;
#52 = CARTESIAN_POINT ( 'NONE',  ( 314.5847187019413127, -6.507027764584892182, 302.6534311411672888 ) ) ;
#53 = CARTESIAN_POINT ( 'NONE',  ( 319.6505948178199219, -4.468384318175167458, 245.6801413392810503 ) ) ;
#54 = EDGE_CURVE ( 'NONE', #140, #1078, #1835, .T. ) ;
#55 = CARTESIAN_POINT ( 'NONE',  ( 386.6666666647018360, -1.274544155731860640, 401.0421190094137955 ) ) ;
#56 = CARTESIAN_POINT ( 'NONE',  ( 386.6666666647020634, 1.294877575380734891, 386.4039895251283951 ) ) ;
#57 = CARTESIAN_POINT ( 'NONE',  ( 319.5942411229930258, -0.3850166723254631607, 222.3589784177644333 ) ) ;
#58 = ORIENTED_EDGE ( 'NONE', *, *, #2394, .F. ) ;
#59 = CARTESIAN_POINT ( 'NONE',  ( 310.0370945548289114, 14.79642538932171192, 302.0012580010706529 ) ) ;
#60 = CARTESIAN_POINT ( 'NONE',  ( 310.0370945548290251, -6.165123109230798093, 366.7453844639551903 ) ) ;
#61 = CARTESIAN_POINT ( 'NONE',  ( 193.3333333323510317, -7.065133105652460443, 317.1447508523514784 ) ) ;
#62 = EDGE_CURVE ( 'NONE', #860, #1574, #832, .T. ) ;
#63 = CARTESIAN_POINT ( 'NONE',  ( 333.5050722394219065, -0.1190486467625532369, 221.9355006158101276 ) ) ;
#64 = CARTESIAN_POINT ( 'NONE',  ( 310.0370945548290251, -3.525667192811752226, 319.8817145493894145 ) ) ;
#65 = CARTESIAN_POINT ( 'NONE',  ( 332.9980364755022606, -1.064185420352029121, 224.4198790374190651 ) ) ;
#66 = ORIENTED_EDGE ( 'NONE', *, *, #2558, .T. ) ;
#67 = CARTESIAN_POINT ( 'NONE',  ( 313.7797774951328051, -6.514746336677451843, 301.4876694211034760 ) ) ;
#68 = ORIENTED_EDGE ( 'NONE', *, *, #1040, .T. ) ;
#69 = CARTESIAN_POINT ( 'NONE',  ( 415.0999540134594099, -4.241771737318513757, 331.6817145493880048 ) ) ;
#70 = LINE ( 'NONE', #1591, #1651 ) ;
#71 = CARTESIAN_POINT ( 'NONE',  ( 0.000000000000000000, -7.169037781342534998, 446.3294496812645775 ) ) ;
#72 = CARTESIAN_POINT ( 'NONE',  ( 319.5969267893950132, -0.4298458092274102249, 222.3926376855696674 ) ) ;
#73 = CARTESIAN_POINT ( 'NONE',  ( 311.3704278881755272, -6.485905046990538381, 311.8817145493894145 ) ) ;
#74 = CARTESIAN_POINT ( 'NONE',  ( 418.4367889235230678, -4.230973610777705396, 330.6817145493894259 ) ) ;
#75 = DIRECTION ( 'NONE',  ( 0.000000000000000000, -1.000000000000000000, 0.000000000000000000 ) ) ;
#76 = CARTESIAN_POINT ( 'NONE',  ( 193.3333333323509464, -7.154764304304089606, 292.9608285418079276 ) ) ;
#77 = CARTESIAN_POINT ( 'NONE',  ( 400.0000000000000568, 3.443088007130913120, 253.6429071604394210 ) ) ;
#78 = CARTESIAN_POINT ( 'NONE',  ( 193.3333333323510885, 7.477695866475672304, 221.8680221566752095 ) ) ;
#79 = CARTESIAN_POINT ( 'NONE',  ( 333.1822402658726219, 0.6393785725282966625, 223.5173156394509988 ) ) ;
#80 = ORIENTED_EDGE ( 'NONE', *, *, #2313, .F. ) ;
#81 = CARTESIAN_POINT ( 'NONE',  ( 312.0370945548289114, -3.525667192811752226, 311.8817145493894145 ) ) ;
#82 = VECTOR ( 'NONE', #1739, 1000.000000000000000 ) ;
#83 = CARTESIAN_POINT ( 'NONE',  ( 315.0370945548287978, -6.500216722624452714, 303.9971015318245122 ) ) ;
#84 = ORIENTED_EDGE ( 'NONE', *, *, #1953, .F. ) ;
#85 = CARTESIAN_POINT ( 'NONE',  ( 416.5883462836741842, -4.238032242612666423, 331.0657506408094264 ) ) ;
#86 = CARTESIAN_POINT ( 'NONE',  ( 319.6516144021633750, -4.796317462936846354, 253.3814538035987312 ) ) ;
#87 = VECTOR ( 'NONE', #982, 1000.000000000000000 ) ;
#88 = CARTESIAN_POINT ( 'NONE',  ( 579.9999999970528961, -4.638197617360101610, 390.5925355609921894 ) ) ;
#89 = CARTESIAN_POINT ( 'NONE',  ( 319.5788968440930944, -0.04963374010304757999, 222.2049814200012463 ) ) ;
#90 = VERTEX_POINT ( 'NONE', #1086 ) ;
#91 = VECTOR ( 'NONE', #635, 1000.000000000000000 ) ;
#92 = CYLINDRICAL_SURFACE ( 'NONE', #1970, 2.000000000000001776 ) ;
#93 = CARTESIAN_POINT ( 'NONE',  ( 323.0125264917585355, 3.443088007130913120, 248.3429071604394096 ) ) ;
#94 = CARTESIAN_POINT ( 'NONE',  ( 386.6666666647022339, -5.483459774955862009, 251.0186217847534920 ) ) ;
#95 = ADVANCED_FACE ( 'NONE', ( #2148 ), #1878, .F. ) ;
#96 = LINE ( 'NONE', #2183, #3047 ) ;
#97 = CARTESIAN_POINT ( 'NONE',  ( 0.000000000000000000, 4.196968758149082213, 202.6130197730023212 ) ) ;
#98 = ORIENTED_EDGE ( 'NONE', *, *, #1501, .T. ) ;
#99 = CARTESIAN_POINT ( 'NONE',  ( 414.0839377597183670, 0.6099924139649588462, 282.0304649237869512 ) ) ;
#100 = CARTESIAN_POINT ( 'NONE',  ( 445.0185472759409890, 13.23034664589070175, 302.4366149315431471 ) ) ;
#101 = ORIENTED_EDGE ( 'NONE', *, *, #2646, .T. ) ;
#102 = CARTESIAN_POINT ( 'NONE',  ( 416.4608725594567886, -4.262868283477212472, 327.1932815107373926 ) ) ;
#103 = CARTESIAN_POINT ( 'NONE',  ( 319.6520268844288921, -4.937389724235276667, 257.2351032273822398 ) ) ;
#104 = EDGE_CURVE ( 'NONE', #1425, #2604, #2353, .T. ) ;
#105 = CARTESIAN_POINT ( 'NONE',  ( 0.000000000000000000, -7.314032143735950342, 439.3289523860927375 ) ) ;
#106 = CARTESIAN_POINT ( 'NONE',  ( 319.5806868552367632, 0.0001105520269508407372, 222.2095518548948689 ) ) ;
#107 = CARTESIAN_POINT ( 'NONE',  ( 319.7340254802987829, -30.00000000000000000, 264.4069360666574653 ) ) ;
#108 = CARTESIAN_POINT ( 'NONE',  ( 310.0370945548289683, 5.540822629320906856, 367.5226900669028396 ) ) ;
#109 = B_SPLINE_CURVE_WITH_KNOTS ( 'NONE', 3,
 ( #2331, #777, #2570, #1517 ),
 .UNSPECIFIED., .F., .F.,
 ( 4, 4 ),
 ( 0.03801874215864000511, 0.07160094255764018478 ),
 .UNSPECIFIED. ) ;
#110 = CARTESIAN_POINT ( 'NONE',  ( 389.2314895940143060, -0.4732832648208233906, 348.4725790239992875 ) ) ;
#111 = CARTESIAN_POINT ( 'NONE',  ( 579.9999999970531235, -5.144550325250647482, 305.2452058889440423 ) ) ;
#112 = CARTESIAN_POINT ( 'NONE',  ( 312.0370945548289114, -3.525667192811752226, 301.8817145493894145 ) ) ;
#113 = DIRECTION ( 'NONE',  ( 0.000000000000000000, -1.000000000000000000, 0.000000000000000000 ) ) ;
#114 = VERTEX_POINT ( 'NONE', #2102 ) ;
#115 = DIRECTION ( 'NONE',  ( -0.000000000000000000, 0.000000000000000000, -1.000000000000000000 ) ) ;
#116 = CARTESIAN_POINT ( 'NONE',  ( 445.2202323574443881, -4.134431083065649659, 324.2818451891952236 ) ) ;
#117 = CARTESIAN_POINT ( 'NONE',  ( 417.3567673731570267, -4.241871602881410297, 329.8301186031605425 ) ) ;
#118 = CARTESIAN_POINT ( 'NONE',  ( 418.4367889235230678, 60.00000000000000000, 325.6817145493894259 ) ) ;
#119 = CARTESIAN_POINT ( 'NONE',  ( 579.9999999970531235, -3.830333945579374788, 249.6992205581955488 ) ) ;
#120 = CARTESIAN_POINT ( 'NONE',  ( 319.5786613382808241, -0.03756235896788673312, 222.2045560922969116 ) ) ;
#121 = CARTESIAN_POINT ( 'NONE',  ( 412.6892319487150758, -4.404396300428146560, 283.4747333495562884 ) ) ;
#122 = CARTESIAN_POINT ( 'NONE',  ( 414.9367889235230678, 149.2235650228595034, 287.0817145493894031 ) ) ;
#123 = DIRECTION ( 'NONE',  ( 1.000000000000000000, -0.000000000000000000, -0.000000000000000000 ) ) ;
#124 = CARTESIAN_POINT ( 'NONE',  ( 413.4367889235230678, 60.00000000000000000, 325.6817145493894259 ) ) ;
#125 = CARTESIAN_POINT ( 'NONE',  ( 386.6666666647022339, 10.87555325742401635, 247.9818409266538879 ) ) ;
#126 = EDGE_LOOP ( 'NONE', ( #1053, #3265, #2229, #1442 ) ) ;
#127 = LINE ( 'NONE', #1699, #893 ) ;
#128 = FACE_OUTER_BOUND ( 'NONE', #685, .T. ) ;
#129 = CARTESIAN_POINT ( 'NONE',  ( 416.0454942138912884, -4.266586472771725980, 326.9350214584399623 ) ) ;
#130 = DIRECTION ( 'NONE',  ( 0.07632546015824472063, 0.000000000000000000, 0.9970829574973349985 ) ) ;
#131 = ADVANCED_FACE ( 'NONE', ( #44 ), #1070, .F. ) ;
#132 = CARTESIAN_POINT ( 'NONE',  ( 0.000000000000000000, -8.046388690722883652, 318.6767041878472924 ) ) ;
#133 = AXIS2_PLACEMENT_3D ( 'NONE', #124, #622, #1172 ) ;
#134 = CARTESIAN_POINT ( 'NONE',  ( 319.5999639090496203, -0.4696484370101189354, 222.4282857239338398 ) ) ;
#135 = CARTESIAN_POINT ( 'NONE',  ( 413.2830928192706779, -4.397653751261117350, 282.6997154762244122 ) ) ;
#136 = VECTOR ( 'NONE', #672, 1000.000000000000000 ) ;
#137 = FACE_OUTER_BOUND ( 'NONE', #1757, .T. ) ;
#138 = CARTESIAN_POINT ( 'NONE',  ( 414.7716083462036067, 0.6133095280187681464, 282.0817145493894600 ) ) ;
#139 = VECTOR ( 'NONE', #494, 1000.000000000000000 ) ;
#140 = VERTEX_POINT ( 'NONE', #1135 ) ;
#141 = DIRECTION ( 'NONE',  ( 1.000000000000000000, -0.000000000000000000, -0.000000000000000000 ) ) ;
#142 = CARTESIAN_POINT ( 'NONE',  ( 579.9999999970528961, 10.96806314987765596, 310.6656409606852094 ) ) ;
#143 = ORIENTED_EDGE ( 'NONE', *, *, #2357, .T. ) ;
#144 = CARTESIAN_POINT ( 'NONE',  ( 310.0370945548289683, -6.538323494046628603, 299.8868844838020777 ) ) ;
#145 = CARTESIAN_POINT ( 'NONE',  ( 422.5635547234412570, -4.373824378996878259, 289.1425018579335529 ) ) ;
#146 = CARTESIAN_POINT ( 'NONE',  ( 320.4690198276641127, 12.84626847984177545, 260.8056041162581664 ) ) ;
#147 = DIRECTION ( 'NONE',  ( -1.000000000000000000, 0.000000000000000000, 0.000000000000000000 ) ) ;
#148 = CARTESIAN_POINT ( 'NONE',  ( 579.9999999970531235, -5.144550325250647482, 305.2452058889440423 ) ) ;
#149 = CARTESIAN_POINT ( 'NONE',  ( 319.6271429043030707, -1.008591539540817150, 223.3535744350971015 ) ) ;
#150 = CARTESIAN_POINT ( 'NONE',  ( 412.5169326662204980, -4.412204443583825686, 285.2304364505600915 ) ) ;
#151 = CARTESIAN_POINT ( 'NONE',  ( 413.8280872136379003, 0.6070426420610777196, 282.3350197169147577 ) ) ;
#152 = CARTESIAN_POINT ( 'NONE',  ( 386.6666666647020634, -4.566923217582304240, 238.8503178250753649 ) ) ;
#153 = ORIENTED_EDGE ( 'NONE', *, *, #2063, .F. ) ;
#154 = DIRECTION ( 'NONE',  ( 0.000000000000000000, 0.000000000000000000, -1.000000000000000000 ) ) ;
#155 = ORIENTED_EDGE ( 'NONE', *, *, #2313, .T. ) ;
#156 = CARTESIAN_POINT ( 'NONE',  ( 0.000000000000000000, 15.80337903634185182, 325.8913209393173815 ) ) ;
#157 = ADVANCED_FACE ( 'NONE', ( #3183 ), #1321, .F. ) ;
#158 = VERTEX_POINT ( 'NONE', #3135 ) ;
#159 = DIRECTION ( 'NONE',  ( -0.000000000000000000, 1.000000000000000000, -0.000000000000000000 ) ) ;
#160 = CARTESIAN_POINT ( 'NONE',  ( 411.2351810438865414, -4.422924206472957920, 284.4983588162664887 ) ) ;
#161 = CARTESIAN_POINT ( 'NONE',  ( 327.5441854765191465, -1.830237290496426805, 226.1386434832723182 ) ) ;
#162 = PLANE ( 'NONE',  #2949 ) ;
#163 = EDGE_CURVE ( 'NONE', #1830, #2008, #2443, .T. ) ;
#164 = CARTESIAN_POINT ( 'NONE',  ( 0.000000000000000000, -7.705051474660509214, 374.2669285172183891 ) ) ;
#165 = CARTESIAN_POINT ( 'NONE',  ( 319.6239128983397677, -0.8823039510306620592, 223.0640354028229524 ) ) ;
#166 = EDGE_CURVE ( 'NONE', #1727, #2561, #216, .T. ) ;
#167 = CARTESIAN_POINT ( 'NONE',  ( 413.4118092373370814, 0.5883272830594629133, 286.5694182152436156 ) ) ;
#168 = CARTESIAN_POINT ( 'NONE',  ( 0.000000000000000000, -0.5139382740374544012, 199.4997056216937779 ) ) ;
#169 = VERTEX_POINT ( 'NONE', #1935 ) ;
#170 = DIRECTION ( 'NONE',  ( 0.000000000000000000, 0.000000000000000000, -1.000000000000000000 ) ) ;
#171 = ORIENTED_EDGE ( 'NONE', *, *, #2923, .F. ) ;
#172 = CARTESIAN_POINT ( 'NONE',  ( 386.6666666647022339, 13.07897365269360890, 261.0380848239540228 ) ) ;
#173 = ORIENTED_EDGE ( 'NONE', *, *, #597, .F. ) ;
#174 = DIRECTION ( 'NONE',  ( 0.000000000000000000, 0.000000000000000000, 1.000000000000000000 ) ) ;
#175 = DIRECTION ( 'NONE',  ( -0.000000000000000000, 0.000000000000000000, -1.000000000000000000 ) ) ;
#176 = CARTESIAN_POINT ( 'NONE',  ( 326.8916700967610041, 5.092557449157179228, 229.3358442422604355 ) ) ;
#177 = CARTESIAN_POINT ( 'NONE',  ( 418.4367889235230678, -4.372633561606567909, 283.0817145493894031 ) ) ;
#178 = B_SPLINE_SURFACE_WITH_KNOTS ( 'NONE', 3, 3, ( 
 ( #2188, #3241, #99, #1142 ),
 ( #3225, #641, #2692, #610 ),
 ( #905, #1948, #2736, #2434 ),
 ( #1933, #2170, #1128, #3190 ) ),
 .UNSPECIFIED., .F., .F., .F.,
 ( 4, 4 ),
 ( 4, 4 ),
 ( 0.000000000000000000, 0.01300154089636795796 ),
 ( 0.2802101993029632032, 0.2889665443053222593 ),
 .UNSPECIFIED. ) ;
#179 = CARTESIAN_POINT ( 'NONE',  ( 193.3333333323509748, -6.706862923142622002, 250.7127431795906887 ) ) ;
#180 = CARTESIAN_POINT ( 'NONE',  ( 333.3720017174314876, -0.5351744353511678209, 223.4316701554546682 ) ) ;
#181 = AXIS2_PLACEMENT_3D ( 'NONE', #499, #45, #1526 ) ;
#182 = CARTESIAN_POINT ( 'NONE',  ( 0.000000000000000000, 14.38374267723915345, 229.2296430974215298 ) ) ;
#183 = AXIS2_PLACEMENT_3D ( 'NONE', #1103, #3137, #3122 ) ;
#184 = CARTESIAN_POINT ( 'NONE',  ( 0.000000000000000000, -5.179038273367098100, 210.9887546019604088 ) ) ;
#185 = EDGE_LOOP ( 'NONE', ( #2084, #2872, #502, #2369 ) ) ;
#186 = VECTOR ( 'NONE', #1080, 1000.000000000000000 ) ;
#187 = LINE ( 'NONE', #1219, #82 ) ;
#188 = ORIENTED_EDGE ( 'NONE', *, *, #2703, .F. ) ;
#189 = CARTESIAN_POINT ( 'NONE',  ( 386.6666666647018928, 13.07726766458433332, 311.5408364025354331 ) ) ;
#190 = AXIS2_PLACEMENT_3D ( 'NONE', #858, #1383, #115 ) ;
#191 = B_SPLINE_CURVE_WITH_KNOTS ( 'NONE', 3,
 ( #2361, #1793, #2064, #786, #570, #1547, #317, #804, #1035, #3066, #749, #1567, #2584, #3136, #261, #3102, #1290, #8, #2869, #242, #1813, #2103, #2559, #1581, #2853, #554, #1775, #1308, #2342, #2811 ),
 .UNSPECIFIED., .F., .F.,
 ( 4, 2, 2, 2, 2, 2, 2, 2, 2, 2, 2, 2, 2, 2, 4 ),
 ( 0.04474383114034347075, 0.04547417798126442839, 0.04620452482218538603, 0.04766521850402732907, 0.04912591218586926517, 0.05058660586771120127, 0.05204729954955314430, 0.05350799323139508040, 0.05642938059507895954, 0.05935076795876283173, 0.06227215532244670393, 0.06811493004981448995, 0.07395770477718227598, 0.07980047950455004813, 0.09148602895928562018 ),
 .UNSPECIFIED. ) ;
#192 = EDGE_CURVE ( 'NONE', #860, #1574, #2796, .T. ) ;
#193 = ORIENTED_EDGE ( 'NONE', *, *, #1015, .F. ) ;
#194 = CARTESIAN_POINT ( 'NONE',  ( 412.6907581477079816, -4.262904520028214073, 330.2917254827461306 ) ) ;
#195 = LINE ( 'NONE', #3018, #1915 ) ;
#196 = CARTESIAN_POINT ( 'NONE',  ( 445.0185472759408754, -4.081914508778270445, 332.6817145493893122 ) ) ;
#197 = CARTESIAN_POINT ( 'NONE',  ( 327.8067883552374724, -1.373375482790138546, 224.8519395231862745 ) ) ;
#198 = CARTESIAN_POINT ( 'NONE',  ( 315.0370945548289114, -7.043077913248551702, 304.2156209977172807 ) ) ;
#199 = FACE_OUTER_BOUND ( 'NONE', #1307, .T. ) ;
#200 = CARTESIAN_POINT ( 'NONE',  ( 324.2001385375096447, -0.6270298637559873489, 222.9260561346088423 ) ) ;
#201 = EDGE_CURVE ( 'NONE', #243, #1385, #2026, .T. ) ;
#202 = CARTESIAN_POINT ( 'NONE',  ( 414.6079222618234894, 0.7556004439887328283, 331.6653651679203563 ) ) ;
#203 = CARTESIAN_POINT ( 'NONE',  ( 193.3333333323510317, 9.316921043030340854, 226.5755206670815198 ) ) ;
#204 = CARTESIAN_POINT ( 'NONE',  ( 333.4064442970214941, 12.28670939900611714, 257.8379958811729011 ) ) ;
#205 = ORIENTED_EDGE ( 'NONE', *, *, #2281, .T. ) ;
#206 = CARTESIAN_POINT ( 'NONE',  ( 445.0185472759410459, -5.526478340685507362, 357.9177677962937878 ) ) ;
#207 = ORIENTED_EDGE ( 'NONE', *, *, #509, .T. ) ;
#208 = CARTESIAN_POINT ( 'NONE',  ( 579.9999999970527824, -4.341600791566104789, 401.3625127179655578 ) ) ;
#209 = ORIENTED_EDGE ( 'NONE', *, *, #597, .T. ) ;
#210 = CARTESIAN_POINT ( 'NONE',  ( 416.9266058685100234, 0.7423959989488478906, 327.6594577676218023 ) ) ;
#211 = CARTESIAN_POINT ( 'NONE',  ( 415.1019689538267130, -4.384964458893533923, 282.0817145493894031 ) ) ;
#212 = CARTESIAN_POINT ( 'NONE',  ( 418.4367889235230678, 60.00000000000000000, 330.6817145493894259 ) ) ;
#213 = CARTESIAN_POINT ( 'NONE',  ( 414.9367889235230109, -4.385827464008399623, 282.0817145493893463 ) ) ;
#214 = CARTESIAN_POINT ( 'NONE',  ( 315.0370945548289114, -5.172221949726994339, 301.7710610461630267 ) ) ;
#215 = LINE ( 'NONE', #2273, #1808 ) ;
#216 = B_SPLINE_CURVE_WITH_KNOTS ( 'NONE', 3,
 ( #647, #2440, #378, #3231, #1437, #2212, #1663, #1677, #1692, #2455, #1924, #391, #150, #2176, #1421, #1181, #896, #1408, #1939, #121, #1149, #3214, #2964, #135, #911, #2196, #2979, #2988, #657, #213 ),
 .UNSPECIFIED., .F., .F.,
 ( 4, 2, 2, 2, 2, 2, 2, 2, 2, 2, 2, 2, 2, 2, 4 ),
 ( 0.007816214854197565259, 0.008304619621551021652, 0.008793024388904478045, 0.009769833923611328380, 0.01025823869096463559, 0.01074664345831794106, 0.01123504822567124826, 0.01172345299302455374, 0.01221185776037786094, 0.01270026252773116988, 0.01318866729508447709, 0.01367707206243778256, 0.01416547682979108977, 0.01465388159714439871, 0.01563069113185085873 ),
 .UNSPECIFIED. ) ;
#217 = CARTESIAN_POINT ( 'NONE',  ( 333.4054219508478809, -2.350632019008528584, 228.5006264435620835 ) ) ;
#218 = CARTESIAN_POINT ( 'NONE',  ( 412.9486044093054034, 0.7410269664045757709, 330.7060721436478161 ) ) ;
#219 = CARTESIAN_POINT ( 'NONE',  ( 0.000000000000000000, 12.58377223271067891, 221.8964532117458361 ) ) ;
#220 = CARTESIAN_POINT ( 'NONE',  ( 333.3555739221822591, 0.2126938747976588051, 223.2295029593119295 ) ) ;
#221 = CARTESIAN_POINT ( 'NONE',  ( 324.2260080313103572, 10.80437878159445297, 248.0583109231988033 ) ) ;
#222 = ORIENTED_EDGE ( 'NONE', *, *, #2495, .T. ) ;
#223 = DIRECTION ( 'NONE',  ( 1.000000000000000000, 0.000000000000000000, 0.000000000000000000 ) ) ;
#224 = VERTEX_POINT ( 'NONE', #2255 ) ;
#225 = CARTESIAN_POINT ( 'NONE',  ( 193.3333333323510317, 1.503725608321301310, 399.3537027180361179 ) ) ;
#226 = VERTEX_POINT ( 'NONE', #507 ) ;
#227 = CARTESIAN_POINT ( 'NONE',  ( 417.1828481656678491, 0.7601368631375861051, 330.2916686292741701 ) ) ;
#228 = CARTESIAN_POINT ( 'NONE',  ( 417.3095325413609658, -4.387875480145131846, 285.3860230736410131 ) ) ;
#229 = FACE_OUTER_BOUND ( 'NONE', #3031, .T. ) ;
#230 = CARTESIAN_POINT ( 'NONE',  ( 324.2175430741315836, 7.180268281275086650, 234.2664814672897080 ) ) ;
#231 = CARTESIAN_POINT ( 'NONE',  ( 324.8370945548290365, -5.064873696873642750, 264.4069360666574653 ) ) ;
#232 = CARTESIAN_POINT ( 'NONE',  ( 312.0331094195660739, -5.047593761314273841, 301.8141948463719473 ) ) ;
#233 = PLANE ( 'NONE',  #1753 ) ;
#234 = CARTESIAN_POINT ( 'NONE',  ( 328.8238696837012185, -3.445461664814189362, 234.7257325717696119 ) ) ;
#235 = B_SPLINE_CURVE_WITH_KNOTS ( 'NONE', 3,
 ( #351, #2669, #3237, #3204, #1378, #917, #1619, #2652, #3170, #854, #1882, #1125, #3187, #870, #1945, #1724, #3283, #1235, #682, #462, #3302, #3012, #2758, #480, #428, #2539, #714, #1975, #665, #2982 ),
 .UNSPECIFIED., .F., .F.,
 ( 4, 2, 2, 2, 2, 2, 2, 2, 2, 2, 2, 2, 2, 2, 4 ),
 ( 0.007816236138743028194, 0.008304639101375714191, 0.008793042064008398453, 0.009769847989273860653, 0.01025825095190653277, 0.01074665391453920316, 0.01123505687717187528, 0.01172345983980454739, 0.01221186280243721778, 0.01270026576506988990, 0.01318866872770256202, 0.01367707169033523240, 0.01416547465296790452, 0.01465387761560057664, 0.01563068354086570230 ),
 .UNSPECIFIED. ) ;
#236 = EDGE_CURVE ( 'NONE', #2505, #948, #1297, .T. ) ;
#237 = CARTESIAN_POINT ( 'NONE',  ( 310.0370945548289683, -6.538323494046628603, 299.8868844838020777 ) ) ;
#238 = CARTESIAN_POINT ( 'NONE',  ( 0.000000000000000000, 10.61092084068729768, 215.5285796454811589 ) ) ;
#239 = CARTESIAN_POINT ( 'NONE',  ( 324.1796584828256869, 0.2881271743455481316, 222.6585900993341909 ) ) ;
#240 = CARTESIAN_POINT ( 'NONE',  ( 324.2252845314822594, 10.43787336049178016, 246.1842773039921610 ) ) ;
#241 = EDGE_LOOP ( 'NONE', ( #1189, #666, #2663, #975 ) ) ;
#242 = CARTESIAN_POINT ( 'NONE',  ( 330.9363356834214187, 8.370032297103092489, 234.5218192241660233 ) ) ;
#243 = VERTEX_POINT ( 'NONE', #2094 ) ;
#244 = CARTESIAN_POINT ( 'NONE',  ( 0.000000000000000000, -6.862733592760254631, 460.6268946760304743 ) ) ;
#245 = VECTOR ( 'NONE', #3144, 1000.000000000000000 ) ;
#246 = VERTEX_POINT ( 'NONE', #1588 ) ;
#247 = CARTESIAN_POINT ( 'NONE',  ( 325.5832744370790124, -6.190841905605588558, 260.7507971312717245 ) ) ;
#248 = CARTESIAN_POINT ( 'NONE',  ( 415.2656534126841166, -4.403366268156699626, 287.0653654249793476 ) ) ;
#249 = VECTOR ( 'NONE', #3150, 1000.000000000000000 ) ;
#250 = DIRECTION ( 'NONE',  ( -1.000000000000000000, -0.000000000000000000, -0.000000000000000000 ) ) ;
#251 = CARTESIAN_POINT ( 'NONE',  ( 328.8071282343047983, 7.463501851459584557, 235.4190875156011487 ) ) ;
#252 = CARTESIAN_POINT ( 'NONE',  ( 417.4697566556309880, 0.7703263386486696174, 331.6722803241924566 ) ) ;
#253 = CARTESIAN_POINT ( 'NONE',  ( 312.0269134137044489, -5.855329878886277761, 301.3836320950540539 ) ) ;
#254 = CARTESIAN_POINT ( 'NONE',  ( 193.3333333323509464, -1.689577546666605867, 213.0401703756483016 ) ) ;
#255 = CARTESIAN_POINT ( 'NONE',  ( 333.4145856968179373, -3.831996378548439441, 238.7517561137754853 ) ) ;
#256 = CARTESIAN_POINT ( 'NONE',  ( 315.0370945548289114, -6.498491360724473864, 304.4770995433729013 ) ) ;
#257 = CARTESIAN_POINT ( 'NONE',  ( 0.000000000000000000, -3.869566342698527173E-11, 199.5133111311278071 ) ) ;
#258 = CARTESIAN_POINT ( 'NONE',  ( 328.7790818055927957, 1.590379253069017507, 224.0652934406644192 ) ) ;
#259 = CARTESIAN_POINT ( 'NONE',  ( 319.6391908947047114, 11.84173435335246793, 253.5133172662004029 ) ) ;
#260 = VERTEX_POINT ( 'NONE', #758 ) ;
#261 = CARTESIAN_POINT ( 'NONE',  ( 332.2921606980416414, 5.499313337383246569, 227.8785355556536842 ) ) ;
#262 = CARTESIAN_POINT ( 'NONE',  ( 386.6666666647022339, -5.113126307511020485, 421.1293184417577891 ) ) ;
#263 = ORIENTED_EDGE ( 'NONE', *, *, #3340, .F. ) ;
#264 = CARTESIAN_POINT ( 'NONE',  ( 413.0524345679175440, -4.278262939972365508, 327.5307021632262945 ) ) ;
#265 = CARTESIAN_POINT ( 'NONE',  ( 416.8201918896546090, -4.380333717524279358, 282.9296254763031584 ) ) ;
#266 = CARTESIAN_POINT ( 'NONE',  ( 315.0370945548289683, -6.492607108594148357, 306.0960925485785538 ) ) ;
#267 = CARTESIAN_POINT ( 'NONE',  ( 328.7964624590352400, 4.382191593558577125, 228.0960526613184243 ) ) ;
#268 = CARTESIAN_POINT ( 'NONE',  ( 445.0185472759410459, -4.222380946916910460, 281.0817145493894600 ) ) ;
#269 = CARTESIAN_POINT ( 'NONE',  ( 411.4367889235232951, -4.361779545407589609, 315.4818808100985734 ) ) ;
#270 = EDGE_CURVE ( 'NONE', #2030, #243, #2696, .T. ) ;
#271 = ORIENTED_EDGE ( 'NONE', *, *, #1300, .T. ) ;
#272 = CARTESIAN_POINT ( 'NONE',  ( 579.9999999970531235, -2.676006289986922582, 242.6746744830808211 ) ) ;
#273 = CARTESIAN_POINT ( 'NONE',  ( 319.6323794635505351, -1.784284757033494984, 225.4368628993071297 ) ) ;
#274 = EDGE_CURVE ( 'NONE', #701, #2419, #1031, .T. ) ;
#275 =( BOUNDED_CURVE ( )  B_SPLINE_CURVE ( 3, ( #3057, #3109, #1518, #3292 ),
 .UNSPECIFIED., .F., .T. ) 
 B_SPLINE_CURVE_WITH_KNOTS ( ( 4, 4 ),
 ( 0.000000000000000000, 3.141592653589793116 ),
 .UNSPECIFIED. ) 
 CURVE ( )  GEOMETRIC_REPRESENTATION_ITEM ( )  RATIONAL_B_SPLINE_CURVE ( ( 1.000000000000000000, 0.3333333333333333703, 0.3333333333333333703, 1.000000000000000000 ) ) 
 REPRESENTATION_ITEM ( '' )  );
#276 = LINE ( 'NONE', #1048, #1868 ) ;
#277 = CARTESIAN_POINT ( 'NONE',  ( 193.3333333323509464, 8.704752596376119200, 357.4126630265610629 ) ) ;
#278 = CARTESIAN_POINT ( 'NONE',  ( 328.7835084990894643, 2.157798283135313966, 224.6957550414747971 ) ) ;
#279 = CARTESIAN_POINT ( 'NONE',  ( 324.2213736224210265, 8.631768003073187145, 238.7791674359673664 ) ) ;
#280 = EDGE_CURVE ( 'NONE', #3011, #2633, #3092, .T. ) ;
#281 = ORIENTED_EDGE ( 'NONE', *, *, #2424, .F. ) ;
#282 = CARTESIAN_POINT ( 'NONE',  ( 620.0000000000002274, 3.306277303021956993, 272.6767156309140887 ) ) ;
#283 = CARTESIAN_POINT ( 'NONE',  ( 579.9999999970532372, -1.969755189242207161, 390.8208460070080719 ) ) ;
#284 = ORIENTED_EDGE ( 'NONE', *, *, #1492, .F. ) ;
#285 = CARTESIAN_POINT ( 'NONE',  ( 332.2697514816997568, -3.496215101214374954, 227.9883364365500711 ) ) ;
#286 = CARTESIAN_POINT ( 'NONE',  ( 328.8019960219893960, 5.796357647046463057, 231.0230817459878949 ) ) ;
#287 = CARTESIAN_POINT ( 'NONE',  ( 332.1648420155870554, -2.383556454149292403, 228.5023727873966095 ) ) ;
#288 = CARTESIAN_POINT ( 'NONE',  ( 315.0370945548289114, -6.501898630011536007, 300.1277158748588931 ) ) ;
#289 = ORIENTED_EDGE ( 'NONE', *, *, #2495, .F. ) ;
#290 = CARTESIAN_POINT ( 'NONE',  ( 445.0185472759412164, 10.34613226555926246, 250.8117357773486162 ) ) ;
#291 = CARTESIAN_POINT ( 'NONE',  ( 333.4157385193722121, -4.130124129069383088, 242.5434603677710754 ) ) ;
#292 = CARTESIAN_POINT ( 'NONE',  ( 193.3333333323509748, -6.543366302362839448, 407.5854026889500688 ) ) ;
#293 = CARTESIAN_POINT ( 'NONE',  ( 0.000000000000000000, 7.785143742719109916, 377.2153418768251640 ) ) ;
#294 = CARTESIAN_POINT ( 'NONE',  ( 324.1903678735794188, 1.599291616541686611, 223.7625637841408661 ) ) ;
#295 = CARTESIAN_POINT ( 'NONE',  ( 414.9367889235230678, 149.2235650228595034, 284.5817145493894031 ) ) ;
#296 = CARTESIAN_POINT ( 'NONE',  ( 409.1730827868702249, -0.02184400202961001708, 346.9460748697676422 ) ) ;
#297 = CARTESIAN_POINT ( 'NONE',  ( 418.4367889235230678, 7.300000000000000711, 283.0817145493894031 ) ) ;
#298 = CARTESIAN_POINT ( 'NONE',  ( 579.9999999970526687, -5.051091561309488220, 323.0149168784112135 ) ) ;
#299 = VERTEX_POINT ( 'NONE', #231 ) ;
#300 = CARTESIAN_POINT ( 'NONE',  ( 333.4535688024444084, -0.9146180778753635332, 222.1878576221015749 ) ) ;
#301 = CARTESIAN_POINT ( 'NONE',  ( 389.2314895940143060, -0.07328326482081669313, 348.4725790239992875 ) ) ;
#302 = B_SPLINE_CURVE_WITH_KNOTS ( 'NONE', 3,
 ( #873, #669, #1429, #2205, #921, #2465 ),
 .UNSPECIFIED., .F., .F.,
 ( 4, 2, 4 ),
 ( 0.000000000000000000, 0.01880010798352420298, 0.03760021596704840596 ),
 .UNSPECIFIED. ) ;
#303 = EDGE_CURVE ( 'NONE', #2247, #812, #109, .T. ) ;
#304 = CARTESIAN_POINT ( 'NONE',  ( 324.2119776181898487, 5.443198746507150076, 229.8890619109130569 ) ) ;
#305 = AXIS2_PLACEMENT_3D ( 'NONE', #295, #2883, #569 ) ;
#306 = CARTESIAN_POINT ( 'NONE',  ( 414.0839844098853177, 0.7320670314010112589, 328.3565231726581715 ) ) ;
#307 = VECTOR ( 'NONE', #3126, 1000.000000000000000 ) ;
#308 = ORIENTED_EDGE ( 'NONE', *, *, #344, .F. ) ;
#309 = CARTESIAN_POINT ( 'NONE',  ( 445.0185472759411596, 5.991024902900802473, 354.9267345785920043 ) ) ;
#310 = CARTESIAN_POINT ( 'NONE',  ( 328.8298613007553968, -5.058413163855200345, 265.2520899772984535 ) ) ;
#311 = VECTOR ( 'NONE', #735, 1000.000000000000000 ) ;
#312 = CARTESIAN_POINT ( 'NONE',  ( 193.3333333323509180, -6.025824523911690989, 441.7841423508043022 ) ) ;
#313 = CARTESIAN_POINT ( 'NONE',  ( 193.3333333323510317, 10.54414989762780763, 346.0951269367138252 ) ) ;
#314 = ADVANCED_FACE ( 'NONE', ( #985 ), #3317, .F. ) ;
#315 = CARTESIAN_POINT ( 'NONE',  ( 333.3461550260734043, -0.07312177538296919799, 223.1334120984070637 ) ) ;
#316 = ORIENTED_EDGE ( 'NONE', *, *, #1119, .T. ) ;
#317 = CARTESIAN_POINT ( 'NONE',  ( 333.2518583330224828, 2.086682810440207536, 223.1762004044152832 ) ) ;
#318 = CARTESIAN_POINT ( 'NONE',  ( 320.8491768785103773, 3.443088007130912676, 258.9429071604394608 ) ) ;
#319 = CARTESIAN_POINT ( 'NONE',  ( 386.6666666647020634, -6.096510108436826059, 275.4220436995686896 ) ) ;
#320 = LINE ( 'NONE', #1601, #1812 ) ;
#321 = LINE ( 'NONE', #3188, #2732 ) ;
#322 = CARTESIAN_POINT ( 'NONE',  ( 332.9983453799916902, 1.656985173097315966, 224.4183654644076000 ) ) ;
#323 = EDGE_CURVE ( 'NONE', #2941, #2771, #1025, .T. ) ;
#324 = EDGE_LOOP ( 'NONE', ( #2459, #2341, #1885, #1141 ) ) ;
#325 = PLANE ( 'NONE',  #1058 ) ;
#326 = ORIENTED_EDGE ( 'NONE', *, *, #2244, .T. ) ;
#327 = CARTESIAN_POINT ( 'NONE',  ( 416.4617783921802356, -4.238026515312667719, 331.1694108024923366 ) ) ;
#328 = DIRECTION ( 'NONE',  ( 0.000000000000000000, 0.000000000000000000, -1.000000000000000000 ) ) ;
#329 = CARTESIAN_POINT ( 'NONE',  ( 0.000000000000000000, -6.862733592760254631, 460.6268946760304743 ) ) ;
#330 = CARTESIAN_POINT ( 'NONE',  ( 324.1673752702940874, -0.03727901352150566477, 222.5131064098136164 ) ) ;
#331 = EDGE_LOOP ( 'NONE', ( #193, #3342, #516, #101, #281, #734 ) ) ;
#332 = CARTESIAN_POINT ( 'NONE',  ( 319.3758862322691243, -0.2534755244859377421, 353.8199385702898780 ) ) ;
#333 = CARTESIAN_POINT ( 'NONE',  ( 312.0370945548289114, -4.528075591606530281, 304.8817145493894145 ) ) ;
#334 = CARTESIAN_POINT ( 'NONE',  ( 579.9999999970528961, -5.167355906338058524, 296.6145897423936049 ) ) ;
#335 = CARTESIAN_POINT ( 'NONE',  ( 310.0370945548290251, 21.80627730302191125, 264.4069360666574653 ) ) ;
#336 = CARTESIAN_POINT ( 'NONE',  ( 386.6666666647018928, 4.808815755796423730, 230.3302200179761314 ) ) ;
#337 = CARTESIAN_POINT ( 'NONE',  ( 332.7897846131951383, 2.546145891344941070, 225.4402733957482212 ) ) ;
#338 = ORIENTED_EDGE ( 'NONE', *, *, #2063, .T. ) ;
#339 = CARTESIAN_POINT ( 'NONE',  ( 418.4367889235230678, -4.261987833039299289, 325.6817145493894259 ) ) ;
#340 = ORIENTED_EDGE ( 'NONE', *, *, #3022, .T. ) ;
#341 = DIRECTION ( 'NONE',  ( 0.000000000000000000, 1.000000000000000000, 0.000000000000000000 ) ) ;
#342 = CARTESIAN_POINT ( 'NONE',  ( 118.4367889235229967, -3.525667192811752226, 311.8817145493894145 ) ) ;
#343 = CARTESIAN_POINT ( 'NONE',  ( 193.3333333323510885, -6.593476819720387461, 398.3318257381640706 ) ) ;
#344 = EDGE_CURVE ( 'NONE', #1855, #1681, #2038, .T. ) ;
#345 = CARTESIAN_POINT ( 'NONE',  ( 319.5794040397530580, -0.01950975967669625610, 222.2055900679347360 ) ) ;
#346 = DIRECTION ( 'NONE',  ( 1.000000000000000000, -0.000000000000000000, -0.000000000000000000 ) ) ;
#347 = CARTESIAN_POINT ( 'NONE',  ( 418.4367889235230678, 60.00000000000000000, 325.6817145493894259 ) ) ;
#348 = CARTESIAN_POINT ( 'NONE',  ( 418.4367889235230678, -4.261987833039299289, 325.6817145493894259 ) ) ;
#349 = CARTESIAN_POINT ( 'NONE',  ( 193.3333333323508896, -6.993783717568672564, 329.5149428003301182 ) ) ;
#350 = EDGE_CURVE ( 'NONE', #299, #3069, #2855, .T. ) ;
#351 = CARTESIAN_POINT ( 'NONE',  ( 414.9367889235064695, 0.5948932482204040140, 287.0817145493894031 ) ) ;
#352 = LINE ( 'NONE', #2874, #520 ) ;
#353 = CARTESIAN_POINT ( 'NONE',  ( 386.6666666647018928, -2.925017541545449351E-11, 225.5133111311280913 ) ) ;
#354 = ADVANCED_FACE ( 'NONE', ( #1115 ), #1672, .F. ) ;
#355 = EDGE_LOOP ( 'NONE', ( #2262, #1355, #173, #3173, #2540, #2155, #3339, #2927, #1655, #1204 ) ) ;
#356 = PLANE ( 'NONE',  #190 ) ;
#357 = CARTESIAN_POINT ( 'NONE',  ( 410.3179646892438655, -0.4218440020296171378, 361.9023192322276259 ) ) ;
#358 = ORIENTED_EDGE ( 'NONE', *, *, #798, .F. ) ;
#359 = CARTESIAN_POINT ( 'NONE',  ( 324.8370945548290365, 13.12680387781806779, 264.4069360666574653 ) ) ;
#360 = CARTESIAN_POINT ( 'NONE',  ( 411.4367889235228972, -5.904973816523146013, 324.6372813241351878 ) ) ;
#361 = VECTOR ( 'NONE', #3202, 1000.000000000000000 ) ;
#362 = CARTESIAN_POINT ( 'NONE',  ( 193.3333333323509180, -6.011416850334453166, 437.9956807640800776 ) ) ;
#363 = CARTESIAN_POINT ( 'NONE',  ( 333.3468286512766667, -0.002848565900656586589, 223.1348170756649552 ) ) ;
#364 = DIRECTION ( 'NONE',  ( 0.000000000000000000, 0.000000000000000000, 1.000000000000000000 ) ) ;
#365 = AXIS2_PLACEMENT_3D ( 'NONE', #2521, #1848, #1071 ) ;
#366 = EDGE_CURVE ( 'NONE', #412, #260, #1209, .T. ) ;
#367 = CARTESIAN_POINT ( 'NONE',  ( 389.2314895940143060, -0.4732832648208233906, 348.4725790239992875 ) ) ;
#368 = CARTESIAN_POINT ( 'NONE',  ( 386.6666666647022339, -5.677728190836611510, 385.5240380374953020 ) ) ;
#369 = DIRECTION ( 'NONE',  ( 0.000000000000000000, 1.576542137387265747E-16, -1.000000000000000000 ) ) ;
#370 = FACE_OUTER_BOUND ( 'NONE', #1382, .T. ) ;
#371 = ORIENTED_EDGE ( 'NONE', *, *, #1182, .F. ) ;
#372 = CARTESIAN_POINT ( 'NONE',  ( 407.8471774313532592, -2.873278451591015230E-11, 226.9375178895825798 ) ) ;
#373 = CARTESIAN_POINT ( 'NONE',  ( 411.2352621148385197, -4.430218262149930197, 293.4568165970513860 ) ) ;
#374 = FACE_OUTER_BOUND ( 'NONE', #2995, .T. ) ;
#375 = CARTESIAN_POINT ( 'NONE',  ( 328.8294547484555324, -4.892891376922942293, 257.5897701280987917 ) ) ;
#376 = CARTESIAN_POINT ( 'NONE',  ( 386.6666666647022339, -5.483459774955862009, 251.0186217847534920 ) ) ;
#377 = CARTESIAN_POINT ( 'NONE',  ( 328.7560892023074075, -0.03699566807520038997, 222.8216567273304634 ) ) ;
#378 = CARTESIAN_POINT ( 'NONE',  ( 414.6115385045107473, -4.406749859283009663, 287.0659017270283471 ) ) ;
#379 = CARTESIAN_POINT ( 'NONE',  ( 414.9367889235064695, 0.5948932482204040140, 287.0817145493894031 ) ) ;
#380 = LINE ( 'NONE', #2165, #521 ) ;
#381 = CARTESIAN_POINT ( 'NONE',  ( 193.3333333323509748, -0.4512635983332914380, 212.5013648110064537 ) ) ;
#382 = CARTESIAN_POINT ( 'NONE',  ( 333.5044377421774584, -3.054881667386427130E-11, 221.9386095311470797 ) ) ;
#383 = CARTESIAN_POINT ( 'NONE',  ( 579.9999999970528961, 3.601999506163845677, 359.0013333867893266 ) ) ;
#384 = ORIENTED_EDGE ( 'NONE', *, *, #2891, .F. ) ;
#385 = CARTESIAN_POINT ( 'NONE',  ( 414.9367889235230109, 0.6141725359915888305, 282.0817145493894600 ) ) ;
#386 = DIRECTION ( 'NONE',  ( 0.000000000000000000, -1.000000000000000000, 0.000000000000000000 ) ) ;
#387 = CARTESIAN_POINT ( 'NONE',  ( 417.1843433816024458, -4.239874412564935469, 330.2886578886378288 ) ) ;
#388 = CARTESIAN_POINT ( 'NONE',  ( 324.8370945548290365, 13.12680387781806779, 264.4069360666574653 ) ) ;
#389 = CARTESIAN_POINT ( 'NONE',  ( 579.9999999970532372, -4.994062015816076006, 331.9402949731788794 ) ) ;
#390 = CARTESIAN_POINT ( 'NONE',  ( 333.3661057050894669, -0.4555833751785878238, 223.3479839153371813 ) ) ;
#391 = CARTESIAN_POINT ( 'NONE',  ( 412.5652086576139936, -4.412491736681879217, 285.3894194483823981 ) ) ;
#392 = CARTESIAN_POINT ( 'NONE',  ( 310.0370945548287978, 15.49637074551851335, 283.1974775090354228 ) ) ;
#393 = CARTESIAN_POINT ( 'NONE',  ( 310.0370945548289683, -6.149329883771530447, 369.5786951049933009 ) ) ;
#394 = SURFACE_STYLE_USAGE ( .BOTH. , #882 ) ;
#395 = ORIENTED_EDGE ( 'NONE', *, *, #3191, .T. ) ;
#396 = LINE ( 'NONE', #1412, #1217 ) ;
#397 = CARTESIAN_POINT ( 'NONE',  ( 193.3333333323509464, 15.18647217929100890, 312.4160318443855999 ) ) ;
#398 = EDGE_LOOP ( 'NONE', ( #209, #1669, #2302, #842 ) ) ;
#399 = CARTESIAN_POINT ( 'NONE',  ( 370.6758075867653019, -2.964079995614397957E-11, 224.4380637103647871 ) ) ;
#400 = EDGE_CURVE ( 'NONE', #2862, #618, #1469, .T. ) ;
#401 = CARTESIAN_POINT ( 'NONE',  ( 411.2352332822422909, -4.432023851318297680, 288.9771328809770239 ) ) ;
#402 = CARTESIAN_POINT ( 'NONE',  ( 327.3005432841804918, 4.021587619786942014, 227.3324437007540837 ) ) ;
#403 = FACE_OUTER_BOUND ( 'NONE', #2691, .T. ) ;
#404 = APPLICATION_CONTEXT ( 'automotive_design' ) ;
#405 = CARTESIAN_POINT ( 'NONE',  ( 0.000000000000000000, -8.138682956222996978, 278.0087147673945651 ) ) ;
#406 = CARTESIAN_POINT ( 'NONE',  ( 328.7803397792471856, -0.5003710042987903339, 223.0835788178839039 ) ) ;
#407 = CARTESIAN_POINT ( 'NONE',  ( 445.0185472759411027, -2.782476977523042015E-11, 229.4369720688004008 ) ) ;
#408 = ADVANCED_FACE ( 'NONE', ( #374 ), #2928, .F. ) ;
#409 = CARTESIAN_POINT ( 'NONE',  ( 476.0367889235231473, 60.00000000000000000, 330.6817145493894259 ) ) ;
#410 = DIRECTION ( 'NONE',  ( 0.000000000000000000, 0.000000000000000000, -1.000000000000000000 ) ) ;
#411 = AXIS2_PLACEMENT_3D ( 'NONE', #1400, #1158, #2925 ) ;
#412 = VERTEX_POINT ( 'NONE', #2942 ) ;
#413 = CARTESIAN_POINT ( 'NONE',  ( 315.0370945548289114, -6.498491360724473864, 304.4770995433729013 ) ) ;
#414 = ORIENTED_EDGE ( 'NONE', *, *, #1944, .F. ) ;
#415 = EDGE_CURVE ( 'NONE', #3344, #795, #1402, .T. ) ;
#416 = CARTESIAN_POINT ( 'NONE',  ( 0.000000000000000000, 17.29567669399768093, 313.2912272862357668 ) ) ;
#417 = B_SPLINE_CURVE_WITH_KNOTS ( 'NONE', 3,
 ( #1284, #1562, #2337, #2553, #2579, #2317, #237 ),
 .UNSPECIFIED., .F., .F.,
 ( 4, 1, 1, 1, 4 ),
 ( 0.2576689893667093445, 0.2665125680092855220, 0.2765961010729377501, 0.2871948157618444686, 0.2931490619534871667 ),
 .UNSPECIFIED. ) ;
#418 = ORIENTED_EDGE ( 'NONE', *, *, #1338, .T. ) ;
#419 = CARTESIAN_POINT ( 'NONE',  ( 414.9367889235012967, 0.7573911771075538812, 331.6817145493894259 ) ) ;
#420 = CARTESIAN_POINT ( 'NONE',  ( 433.8918239262845304, -4.306700911742490590, 284.9155927286948895 ) ) ;
#421 = CARTESIAN_POINT ( 'NONE',  ( 328.1263265239866769, -0.6913439068740994120, 223.2862635140960776 ) ) ;
#422 = PLANE ( 'NONE',  #675 ) ;
#423 = CARTESIAN_POINT ( 'NONE',  ( 193.3333333323510885, -6.367875266799881473, 242.1323187556666028 ) ) ;
#424 = CARTESIAN_POINT ( 'NONE',  ( 328.7832877854182243, -0.5404702794751473638, 223.1257397842317118 ) ) ;
#425 = CARTESIAN_POINT ( 'NONE',  ( 412.9499195216515091, 0.5988871415916826590, 283.0554850384415317 ) ) ;
#426 = DIRECTION ( 'NONE',  ( -0.07632546015824470675, 0.000000000000000000, -0.9970829574973349985 ) ) ;
#427 = ORIENTED_EDGE ( 'NONE', *, *, #1735, .F. ) ;
#428 = CARTESIAN_POINT ( 'NONE',  ( 416.4647687567513117, 0.6194653232660699560, 282.5962149980652498 ) ) ;
#429 = ORIENTED_EDGE ( 'NONE', *, *, #1782, .F. ) ;
#430 = CARTESIAN_POINT ( 'NONE',  ( 579.9999999970528961, 11.62353847066273715, 274.5007389497849886 ) ) ;
#431 = EDGE_LOOP ( 'NONE', ( #1696, #1527, #2280, #2557 ) ) ;
#432 = CARTESIAN_POINT ( 'NONE',  ( 412.5652274895159621, -4.265447649165222899, 329.9894737231592785 ) ) ;
#433 = CARTESIAN_POINT ( 'NONE',  ( 433.8919391535845307, -4.299617114416933283, 302.4882669826700408 ) ) ;
#434 = CARTESIAN_POINT ( 'NONE',  ( 328.1636044800438299, 0.5378439384449872351, 223.1036086478707148 ) ) ;
#435 = B_SPLINE_CURVE_WITH_KNOTS ( 'NONE', 3,
 ( #2764, #450, #968, #705, #1496, #1998 ),
 .UNSPECIFIED., .F., .F.,
 ( 4, 2, 4 ),
 ( 4.336808689942017736E-18, 0.001020245687556926677, 0.002040491375113849017 ),
 .UNSPECIFIED. ) ;
#436 = DIRECTION ( 'NONE',  ( 0.000000000000000000, 0.000000000000000000, 1.000000000000000000 ) ) ;
#437 = B_SPLINE_CURVE_WITH_KNOTS ( 'NONE', 3,
 ( #1193, #3228, #924, #177 ),
 .UNSPECIFIED., .F., .F.,
 ( 4, 4 ),
 ( 5.551115123125782702E-17, 0.005000027576638743469 ),
 .UNSPECIFIED. ) ;
#438 = CARTESIAN_POINT ( 'NONE',  ( 0.000000000000000000, -7.903040807874519125, 253.8147977847377490 ) ) ;
#439 = CARTESIAN_POINT ( 'NONE',  ( 333.3940123787499488, -1.027608348502498936, 224.3604688071021940 ) ) ;
#440 = EDGE_CURVE ( 'NONE', #701, #1566, #3209, .T. ) ;
#441 = LINE ( 'NONE', #1183, #361 ) ;
#442 = CARTESIAN_POINT ( 'NONE',  ( 310.0370945548290251, -3.525667192811752226, 0.000000000000000000 ) ) ;
#443 = EDGE_LOOP ( 'NONE', ( #1111, #2948, #2062, #384, #1529, #916, #654, #3013, #3240, #872, #2718, #1928, #2676, #1350, #904, #37 ) ) ;
#444 = CARTESIAN_POINT ( 'NONE',  ( 414.9367889235230678, 149.2235650228595034, 284.5817145493894031 ) ) ;
#445 = VERTEX_POINT ( 'NONE', #1417 ) ;
#446 = CARTESIAN_POINT ( 'NONE',  ( 386.6666666647018928, 7.495775076190865249, 350.2880176456091590 ) ) ;
#447 = ORIENTED_EDGE ( 'NONE', *, *, #3257, .F. ) ;
#448 = CARTESIAN_POINT ( 'NONE',  ( 416.4647557666936564, 0.7371696285127575798, 327.1962051822695230 ) ) ;
#449 = CARTESIAN_POINT ( 'NONE',  ( 315.0370945548289114, -9.528025460340263209, 299.8477268861296352 ) ) ;
#450 = CARTESIAN_POINT ( 'NONE',  ( 315.0370945548289114, -6.185750167737423588, 304.6111936534172742 ) ) ;
#451 = EDGE_CURVE ( 'NONE', #140, #701, #3290, .T. ) ;
#452 = CARTESIAN_POINT ( 'NONE',  ( 319.7340254802987829, -5.093461917049689980, 264.4069360666574653 ) ) ;
#453 = CARTESIAN_POINT ( 'NONE',  ( 312.0335977116266122, -4.983938056488663726, 301.8301744316089525 ) ) ;
#454 = CYLINDRICAL_SURFACE ( 'NONE', #1653, 2.000000000000001776 ) ;
#455 = CARTESIAN_POINT ( 'NONE',  ( 328.8027657606680236, -0.9094710165657649004, 223.7587051086773613 ) ) ;
#456 = AXIS2_PLACEMENT_3D ( 'NONE', #335, #369, #1929 ) ;
#457 = CARTESIAN_POINT ( 'NONE',  ( 579.9999999970531235, 6.728921447716421866, 248.6694027102821849 ) ) ;
#458 = AXIS2_PLACEMENT_3D ( 'NONE', #1614, #346, #364 ) ;
#459 = CARTESIAN_POINT ( 'NONE',  ( 328.8086451625516702, 8.037725361347490605, 237.2191736853856128 ) ) ;
#460 = ORIENTED_EDGE ( 'NONE', *, *, #912, .T. ) ;
#461 = VECTOR ( 'NONE', #1162, 1000.000000000000000 ) ;
#462 = CARTESIAN_POINT ( 'NONE',  ( 417.1843653568288346, 0.6190096032210465893, 283.4747723075392969 ) ) ;
#463 = ORIENTED_EDGE ( 'NONE', *, *, #400, .T. ) ;
#464 = CARTESIAN_POINT ( 'NONE',  ( 386.6666666647018360, -5.420512167452217867, 412.1310864783856118 ) ) ;
#465 = VECTOR ( 'NONE', #526, 1000.000000000000000 ) ;
#466 = ORIENTED_EDGE ( 'NONE', *, *, #2485, .F. ) ;
#467 = CARTESIAN_POINT ( 'NONE',  ( 310.0370945548290251, 6.474332807188248218, 293.8817145493893577 ) ) ;
#468 = CARTESIAN_POINT ( 'NONE',  ( 416.1909598576580720, -4.397777478117915528, 286.7504891664485740 ) ) ;
#469 = CARTESIAN_POINT ( 'NONE',  ( 340.4623613274987406, -0.6020362616947390055, 367.2496787785181596 ) ) ;
#470 = CARTESIAN_POINT ( 'NONE',  ( 328.2262326609242109, -0.1038836312166927234, 222.7967425207915824 ) ) ;
#471 = CARTESIAN_POINT ( 'NONE',  ( 312.0248619168536948, -6.122771221694326194, 301.0960826995163302 ) ) ;
#472 = CARTESIAN_POINT ( 'NONE',  ( 118.4367889235229967, 4.474332807188248218, 293.8817145493893577 ) ) ;
#473 = CARTESIAN_POINT ( 'NONE',  ( 319.6495967233323654, -4.188698663165751235, 241.8434754621123375 ) ) ;
#474 = LINE ( 'NONE', #2276, #139 ) ;
#475 = CARTESIAN_POINT ( 'NONE',  ( 386.6666666647020634, 1.630679500242952162, 226.3321464418616529 ) ) ;
#476 = CARTESIAN_POINT ( 'NONE',  ( 328.7698848395090749, 0.3537804643640024005, 223.0099571566835834 ) ) ;
#477 = CARTESIAN_POINT ( 'NONE',  ( 319.6411459584903696, 12.89835693841560804, 261.1216016525553414 ) ) ;
#478 = VERTEX_POINT ( 'NONE', #868 ) ;
#479 = B_SPLINE_CURVE_WITH_KNOTS ( 'NONE', 3,
 ( #2473, #2556, #2850, #2809, #3042, #2061, #3299, #3319, #974, #727, #1791, #2519, #2279, #766 ),
 .UNSPECIFIED., .F., .F.,
 ( 4, 2, 2, 2, 2, 2, 4 ),
 ( 0.000000000000000000, 0.0003898975338085940048, 0.0007797950676171880096, 0.001169692601425781960, 0.001559590135234376019, 0.002339385202851679713, 0.003119180270468983190 ),
 .UNSPECIFIED. ) ;
#480 = CARTESIAN_POINT ( 'NONE',  ( 416.5905030060395688, 0.6195996055368088173, 282.6997308833622924 ) ) ;
#481 = ORIENTED_EDGE ( 'NONE', *, *, #1492, .T. ) ;
#482 = CARTESIAN_POINT ( 'NONE',  ( 0.000000000000000000, -3.106131725712700575, 439.6889779992027911 ) ) ;
#483 = ORIENTED_EDGE ( 'NONE', *, *, #1944, .T. ) ;
#484 = CARTESIAN_POINT ( 'NONE',  ( 416.0462471517046197, 0.7334201491923562077, 326.9354707557058646 ) ) ;
#485 = CARTESIAN_POINT ( 'NONE',  ( 411.4628465916175060, -0.02184400202961001708, 376.8585635946876664 ) ) ;
#486 = DIRECTION ( 'NONE',  ( 0.000000000000000000, 0.000000000000000000, 1.000000000000000000 ) ) ;
#487 = EDGE_CURVE ( 'NONE', #1201, #2941, #2665, .T. ) ;
#488 = CARTESIAN_POINT ( 'NONE',  ( 319.6180952459241666, 4.201253537783215641, 227.1115541957786661 ) ) ;
#489 = CARTESIAN_POINT ( 'NONE',  ( 559.8964877838542407, 0.3639932218568245337, 350.4522693450623478 ) ) ;
#490 = CARTESIAN_POINT ( 'NONE',  ( 315.0370945548289114, -4.983161251479634402, 301.8267595520352415 ) ) ;
#491 = CYLINDRICAL_SURFACE ( 'NONE', #36, 2.500000000000002220 ) ;
#492 = CARTESIAN_POINT ( 'NONE',  ( 333.4088690682331162, -2.721541234965271006, 230.3229241472741933 ) ) ;
#493 = EDGE_CURVE ( 'NONE', #1094, #1154, #820, .T. ) ;
#494 = DIRECTION ( 'NONE',  ( 0.000000000000000000, -1.000000000000000000, 0.000000000000000000 ) ) ;
#495 = CARTESIAN_POINT ( 'NONE',  ( 386.6666666647018928, 13.07726766458433332, 311.5408364025354331 ) ) ;
#496 = CARTESIAN_POINT ( 'NONE',  ( 333.3657018781343595, 1.264500506426482263, 224.0740037035697299 ) ) ;
#497 = CARTESIAN_POINT ( 'NONE',  ( 328.8154454631517751, 11.12594113687732111, 250.1375504255489659 ) ) ;
#498 = ORIENTED_EDGE ( 'NONE', *, *, #798, .T. ) ;
#499 = CARTESIAN_POINT ( 'NONE',  ( 312.0370945548289114, -1.199999999999999734, 308.8817145493894145 ) ) ;
#500 = ORIENTED_EDGE ( 'NONE', *, *, #2558, .F. ) ;
#501 = CARTESIAN_POINT ( 'NONE',  ( 193.3333333323509180, -1.480112654933182004, 416.3527847794970853 ) ) ;
#502 = ORIENTED_EDGE ( 'NONE', *, *, #2394, .T. ) ;
#503 = CARTESIAN_POINT ( 'NONE',  ( 312.0331322521497555, -5.044617213928704658, 301.8182358478540550 ) ) ;
#504 = CARTESIAN_POINT ( 'NONE',  ( 415.7418474616042090, -4.400626519705101103, 286.9542180519021599 ) ) ;
#505 = LINE ( 'NONE', #1532, #1164 ) ;
#506 = CARTESIAN_POINT ( 'NONE',  ( 328.7945720460783150, 3.934811371568036620, 227.2853022920165529 ) ) ;
#507 = CARTESIAN_POINT ( 'NONE',  ( 413.4367889235230678, 4.474332807188230454, 291.8817145493893577 ) ) ;
#508 = CARTESIAN_POINT ( 'NONE',  ( 312.0254969494197326, -6.039985834022288280, 301.1975954408606526 ) ) ;
#509 = EDGE_CURVE ( 'NONE', #2604, #2611, #1088, .T. ) ;
#510 = CARTESIAN_POINT ( 'NONE',  ( 0.000000000000000000, -5.179038273367098100, 210.9887546019604088 ) ) ;
#511 = CARTESIAN_POINT ( 'NONE',  ( 333.3973513072565424, -1.602036037603060681, 225.8869630920521558 ) ) ;
#512 = LINE ( 'NONE', #1540, #1435 ) ;
#513 = CARTESIAN_POINT ( 'NONE',  ( 0.000000000000000000, 8.516251081602066009, 210.1672704940056065 ) ) ;
#514 = CARTESIAN_POINT ( 'NONE',  ( 328.7813426976464939, 1.880586600764757144, 224.3697321406530421 ) ) ;
#515 = CARTESIAN_POINT ( 'NONE',  ( 324.2290164329948539, 12.38550072471875652, 257.4829416062939345 ) ) ;
#516 = ORIENTED_EDGE ( 'NONE', *, *, #2316, .T. ) ;
#517 = FACE_OUTER_BOUND ( 'NONE', #540, .T. ) ;
#518 = ADVANCED_FACE ( 'NONE', ( #2087, #2686 ), #1616, .T. ) ;
#519 = CARTESIAN_POINT ( 'NONE',  ( 0.000000000000000000, -5.420589551295606157, 451.9053200484384547 ) ) ;
#520 = VECTOR ( 'NONE', #1819, 1000.000000000000000 ) ;
#521 = VECTOR ( 'NONE', #881, 1000.000000000000000 ) ;
#522 = ORIENTED_EDGE ( 'NONE', *, *, #104, .F. ) ;
#523 = CARTESIAN_POINT ( 'NONE',  ( 333.3220482194549845, -1.601542903973647292, 222.8322833640848728 ) ) ;
#524 = CARTESIAN_POINT ( 'NONE',  ( 415.2643888994868462, -4.384203198035915072, 282.0979242877913293 ) ) ;
#525 = AXIS2_PLACEMENT_3D ( 'NONE', #1475, #174, #3273 ) ;
#526 = DIRECTION ( 'NONE',  ( 1.000000000000000000, 0.000000000000000000, 0.000000000000000000 ) ) ;
#527 = CARTESIAN_POINT ( 'NONE',  ( 328.7911922920224015, 3.221924266144372773, 226.0984161643033019 ) ) ;
#528 = CARTESIAN_POINT ( 'NONE',  ( 324.8370945548290365, -5.064873696873642750, 264.4069360666574653 ) ) ;
#529 = CARTESIAN_POINT ( 'NONE',  ( 312.0316603153419805, -5.236504784545416236, 301.7532153833684561 ) ) ;
#530 = CARTESIAN_POINT ( 'NONE',  ( 193.3333333323509748, -4.547455531547243801, 222.5893264324144809 ) ) ;
#531 = EDGE_CURVE ( 'NONE', #2971, #995, #2904, .T. ) ;
#532 = CARTESIAN_POINT ( 'NONE',  ( 328.8258717648046741, -3.850422201963485946, 238.5044478047452969 ) ) ;
#533 = CARTESIAN_POINT ( 'NONE',  ( 412.5168303065685222, 0.7333045034452903010, 329.8301917357013053 ) ) ;
#534 = CARTESIAN_POINT ( 'NONE',  ( 0.000000000000000000, 1.712573641261867508, 412.3034159109438406 ) ) ;
#535 = CARTESIAN_POINT ( 'NONE',  ( 324.1947945670761442, 2.169013127239081129, 224.3955820351699515 ) ) ;
#536 = CARTESIAN_POINT ( 'NONE',  ( 328.8100875544343467, 8.596158795726932311, 239.0253673736989981 ) ) ;
#537 = ORIENTED_EDGE ( 'NONE', *, *, #2612, .T. ) ;
#538 = DIRECTION ( 'NONE',  ( 0.000000000000000000, 0.000000000000000000, 1.000000000000000000 ) ) ;
#539 = CARTESIAN_POINT ( 'NONE',  ( 579.9999999970528961, -4.638197617360101610, 390.5925355609921894 ) ) ;
#540 = EDGE_LOOP ( 'NONE', ( #728, #500, #2857, #978, #2032 ) ) ;
#541 = CARTESIAN_POINT ( 'NONE',  ( 414.2783971507531078, -4.276793386836160060, 326.7480834091430779 ) ) ;
#542 = CARTESIAN_POINT ( 'NONE',  ( 321.6656500370164622, -0.4534755244889128734, 383.7324272952099022 ) ) ;
#543 = CARTESIAN_POINT ( 'NONE',  ( 324.2184143022914782, 7.494910505143844048, 235.1595141530130491 ) ) ;
#544 = CARTESIAN_POINT ( 'NONE',  ( 413.4367889235230678, 6.474332807188248218, 0.000000000000000000 ) ) ;
#545 = CARTESIAN_POINT ( 'NONE',  ( 315.0370945548289114, -6.513590973361877978, 299.9983042980612140 ) ) ;
#546 = ORIENTED_EDGE ( 'NONE', *, *, #350, .F. ) ;
#547 = CARTESIAN_POINT ( 'NONE',  ( 312.8269135266767194, -6.478840471857330030, 311.8021099632346136 ) ) ;
#548 = CARTESIAN_POINT ( 'NONE',  ( 328.8086373752432792, -1.612059953973289161, 225.5914551227108689 ) ) ;
#549 = CARTESIAN_POINT ( 'NONE',  ( 414.9367889235231246, 0.7261752121041002983, 326.6817145493894259 ) ) ;
#550 = CARTESIAN_POINT ( 'NONE',  ( 579.9999999970530098, 8.877391888367052175, 326.7879745516336243 ) ) ;
#551 = CARTESIAN_POINT ( 'NONE',  ( 333.3519610978680134, 0.1034923337976613317, 223.1738960336022330 ) ) ;
#552 = ORIENTED_EDGE ( 'NONE', *, *, #201, .T. ) ;
#553 = EDGE_CURVE ( 'NONE', #995, #3029, #918, .T. ) ;
#554 = CARTESIAN_POINT ( 'NONE',  ( 327.9228572387930853, 12.20641922157358294, 249.2872881605998998 ) ) ;
#555 = PLANE ( 'NONE',  #730 ) ;
#556 = CARTESIAN_POINT ( 'NONE',  ( 386.6666666647018928, -5.079293524304736351, 244.4817092322057874 ) ) ;
#557 = ORIENTED_EDGE ( 'NONE', *, *, #553, .T. ) ;
#558 = CARTESIAN_POINT ( 'NONE',  ( 310.0370945548290251, 3.306277303021956993, 272.6767156309140887 ) ) ;
#559 = LINE ( 'NONE', #838, #576 ) ;
#560 = CARTESIAN_POINT ( 'NONE',  ( 333.3930776224849524, 6.477255752478468409, 233.0279854898383007 ) ) ;
#561 = DIRECTION ( 'NONE',  ( -0.000000000000000000, 0.000000000000000000, 1.000000000000000000 ) ) ;
#562 = ORIENTED_EDGE ( 'NONE', *, *, #1101, .F. ) ;
#563 = ADVANCED_FACE ( 'NONE', ( #852 ), #2650, .F. ) ;
#564 = CARTESIAN_POINT ( 'NONE',  ( 312.0217521449480387, -6.528173541363853971, 299.8868797000140489 ) ) ;
#565 = CARTESIAN_POINT ( 'NONE',  ( 411.4367889235230678, -5.854274730475020228, 332.6817145493894259 ) ) ;
#566 = CARTESIAN_POINT ( 'NONE',  ( 193.3333333323510885, -2.727339546889202992, 423.3996006684712370 ) ) ;
#567 = CARTESIAN_POINT ( 'NONE',  ( 386.6666666647020634, 2.751046507723803547, 378.0547777424289393 ) ) ;
#568 = CARTESIAN_POINT ( 'NONE',  ( 333.3603829190328156, -0.3730310530843405359, 223.2803771607236456 ) ) ;
#569 = DIRECTION ( 'NONE',  ( 0.000000000000000000, 0.000000000000000000, -1.000000000000000000 ) ) ;
#570 = CARTESIAN_POINT ( 'NONE',  ( 333.4102550461640249, 1.135433488711905081, 222.4000867568465765 ) ) ;
#571 = DIRECTION ( 'NONE',  ( 1.000000000000000000, -0.000000000000000000, -0.000000000000000000 ) ) ;
#572 = EDGE_CURVE ( 'NONE', #1635, #169, #1649, .T. ) ;
#573 = CARTESIAN_POINT ( 'NONE',  ( 386.6666666647018360, -5.887203071725788384, 347.4091257492923432 ) ) ;
#574 = CARTESIAN_POINT ( 'NONE',  ( 312.0217573689359938, -6.527492522130613928, 300.1505627549871065 ) ) ;
#575 = CARTESIAN_POINT ( 'NONE',  ( 0.000000000000000000, 0.000000000000000000, 0.000000000000000000 ) ) ;
#576 = VECTOR ( 'NONE', #1852, 1000.000000000000000 ) ;
#577 = CARTESIAN_POINT ( 'NONE',  ( 0.000000000000000000, 0.6651760188416218078, 199.5309203637108340 ) ) ;
#578 = CARTESIAN_POINT ( 'NONE',  ( 333.2625432627765463, -0.04417520069177295616, 223.1238462889712366 ) ) ;
#579 = PRESENTATION_LAYER_ASSIGNMENT (  '', '', ( #942 ) ) ;
#580 = VECTOR ( 'NONE', #571, 1000.000000000000000 ) ;
#581 = VERTEX_POINT ( 'NONE', #297 ) ;
#582 = CARTESIAN_POINT ( 'NONE',  ( 445.0185472759410459, 0.4784567706222953021, 229.4496382749115355 ) ) ;
#583 = CARTESIAN_POINT ( 'NONE',  ( 416.8216691662584594, -4.238309073619135781, 330.8323084359009840 ) ) ;
#584 = CARTESIAN_POINT ( 'NONE',  ( 328.8296858288376256, -4.988106799442328487, 261.4201698462950958 ) ) ;
#585 = APPLICATION_CONTEXT ( 'automotive_design' ) ;
#586 = CARTESIAN_POINT ( 'NONE',  ( 386.6666666647022339, -2.348547368065704966, 407.1102233377395692 ) ) ;
#587 = CARTESIAN_POINT ( 'NONE',  ( 324.1681179717663213, -0.02007849614138980388, 222.5140962961709761 ) ) ;
#588 = CARTESIAN_POINT ( 'NONE',  ( 445.0185472759408185, -4.832033954887075211, 247.4819901910340718 ) ) ;
#589 = LINE ( 'NONE', #367, #1212 ) ;
#590 = CARTESIAN_POINT ( 'NONE',  ( 415.1034555905480374, -4.279072513174935644, 325.6817145493893122 ) ) ;
#591 = CARTESIAN_POINT ( 'NONE',  ( 579.9999999970531235, -4.886162747044378918, 349.3334163557685201 ) ) ;
#592 = CARTESIAN_POINT ( 'NONE',  ( 400.0000000000000568, 3.443088007130913120, 253.6429071604394210 ) ) ;
#593 =( NAMED_UNIT ( * ) SI_UNIT ( $, .STERADIAN. ) SOLID_ANGLE_UNIT ( ) );
#594 = CARTESIAN_POINT ( 'NONE',  ( 579.9999999970531235, 6.728921447716421866, 248.6694027102821849 ) ) ;
#595 = CARTESIAN_POINT ( 'NONE',  ( 332.5644406266075634, 3.325404206570142129, 226.5444158992049495 ) ) ;
#596 = ORIENTED_EDGE ( 'NONE', *, *, #3239, .T. ) ;
#597 = EDGE_CURVE ( 'NONE', #2122, #1292, #1357, .T. ) ;
#598 = CARTESIAN_POINT ( 'NONE',  ( 445.0185472759408185, 5.256911011296605984, 359.2460327981112869 ) ) ;
#599 = CARTESIAN_POINT ( 'NONE',  ( 414.9367889235429061, -4.242608822892233178, 331.6817145493892554 ) ) ;
#600 = CARTESIAN_POINT ( 'NONE',  ( 324.2393087498331852, -4.447840236457026641, 245.8994883706994869 ) ) ;
#601 = CARTESIAN_POINT ( 'NONE',  ( 579.9999999970528961, -4.797582901793369992, 365.4155641104702568 ) ) ;
#602 = CARTESIAN_POINT ( 'NONE',  ( 333.3476577129850398, -0.1083553778406001478, 223.1433570805638169 ) ) ;
#603 = CARTESIAN_POINT ( 'NONE',  ( 310.6986470848884778, -6.534940180343496330, 299.8868828920452643 ) ) ;
#604 = CARTESIAN_POINT ( 'NONE',  ( 118.4367889235229967, -3.525667192811752226, 301.8817145493894145 ) ) ;
#605 = DIRECTION ( 'NONE',  ( 1.000000000000000000, 0.000000000000000000, -0.000000000000000000 ) ) ;
#606 = CARTESIAN_POINT ( 'NONE',  ( 193.3333333323510317, -6.700220827177433947, 377.3870091286089519 ) ) ;
#607 = FACE_OUTER_BOUND ( 'NONE', #1130, .T. ) ;
#608 = CARTESIAN_POINT ( 'NONE',  ( 414.9367889235230109, -4.385827464008399623, 282.0817145493893463 ) ) ;
#609 = VERTEX_POINT ( 'NONE', #46 ) ;
#610 = CARTESIAN_POINT ( 'NONE',  ( 412.3910810792735333, 0.5921827795158142171, 283.6921519691488811 ) ) ;
#611 = CARTESIAN_POINT ( 'NONE',  ( 413.4367889235230678, 7.300000000000000711, 325.6817145493894259 ) ) ;
#612 = ORIENTED_EDGE ( 'NONE', *, *, #3090, .T. ) ;
#613 = CARTESIAN_POINT ( 'NONE',  ( 330.5648373982257908, 7.738164425206676356, 236.3420898817406339 ) ) ;
#614 = LINE ( 'NONE', #1132, #629 ) ;
#615 = EDGE_CURVE ( 'NONE', #2611, #2045, #40, .T. ) ;
#616 = CARTESIAN_POINT ( 'NONE',  ( 386.6666666647018360, -5.420512167452217867, 412.1310864783856118 ) ) ;
#617 = CARTESIAN_POINT ( 'NONE',  ( 324.1708106127181850, 0.02177539378732352635, 222.5233509540904606 ) ) ;
#618 = VERTEX_POINT ( 'NONE', #2117 ) ;
#619 = CARTESIAN_POINT ( 'NONE',  ( 310.0370945548290251, 9.660151497733801662, 342.7432423730797382 ) ) ;
#620 = CARTESIAN_POINT ( 'NONE',  ( 310.0370945548288546, -6.263560383238845120, 350.0490072689121916 ) ) ;
#621 = CARTESIAN_POINT ( 'NONE',  ( 579.9999999970530098, -4.843869939650165435, 266.1019293467749094 ) ) ;
#622 = DIRECTION ( 'NONE',  ( 1.000000000000000000, 0.000000000000000000, -0.000000000000000000 ) ) ;
#623 = CARTESIAN_POINT ( 'NONE',  ( 386.6666666647019497, 0.5029398384553279699, 225.5266254785185254 ) ) ;
#624 = ORIENTED_EDGE ( 'NONE', *, *, #493, .T. ) ;
#625 = CARTESIAN_POINT ( 'NONE',  ( 416.8186483204593742, 0.7616958802220024083, 330.8355486766487275 ) ) ;
#626 = CARTESIAN_POINT ( 'NONE',  ( 312.0593841980230536, -6.527981082974791072, 299.8868796091414310 ) ) ;
#627 = CARTESIAN_POINT ( 'NONE',  ( 391.5212533987616439, -0.4732832648208233906, 378.3850677489193117 ) ) ;
#628 = CARTESIAN_POINT ( 'NONE',  ( 319.3758862322691243, -0.6534755244859448142, 353.8199385702898780 ) ) ;
#629 = VECTOR ( 'NONE', #328, 1000.000000000000000 ) ;
#630 = VECTOR ( 'NONE', #386, 1000.000000000000000 ) ;
#631 = CARTESIAN_POINT ( 'NONE',  ( 579.9999999970531235, -5.161150396137134777, 288.2912157075066375 ) ) ;
#632 = AXIS2_PLACEMENT_3D ( 'NONE', #77, #141, #1106 ) ;
#633 = CARTESIAN_POINT ( 'NONE',  ( 328.7581147192634035, -0.001862193258142445188, 222.8263953354082787 ) ) ;
#634 = CARTESIAN_POINT ( 'NONE',  ( 312.0217521449480387, -6.528173541363853971, 299.8868797000140489 ) ) ;
#635 = DIRECTION ( 'NONE',  ( 1.000000000000000000, -0.000000000000000000, -0.000000000000000000 ) ) ;
#636 = CARTESIAN_POINT ( 'NONE',  ( 413.0534064719066123, 0.6000275854006317244, 282.9296024268147676 ) ) ;
#637 = CARTESIAN_POINT ( 'NONE',  ( 0.000000000000000000, -6.040101761588164031, 217.1525123588351676 ) ) ;
#638 = DIRECTION ( 'NONE',  ( 0.000000000000000000, 0.000000000000000000, 1.000000000000000000 ) ) ;
#639 = CARTESIAN_POINT ( 'NONE',  ( 324.8370945548290933, -6.265113345688932966, 264.4069360666574653 ) ) ;
#640 = ORIENTED_EDGE ( 'NONE', *, *, #2852, .F. ) ;
#641 = CARTESIAN_POINT ( 'NONE',  ( 415.7768678135017808, 0.6095245499644416087, 283.7568951060400764 ) ) ;
#642 = CARTESIAN_POINT ( 'NONE',  ( 445.2201976058391892, -4.257425434354042970, 289.4732398118466108 ) ) ;
#643 = CARTESIAN_POINT ( 'NONE',  ( 415.2656573788563037, -4.241025179736791273, 331.6653650399094317 ) ) ;
#644 = CARTESIAN_POINT ( 'NONE',  ( 315.0370945548290820, -6.480903624744966507, 308.8817145493894145 ) ) ;
#645 = CARTESIAN_POINT ( 'NONE',  ( 0.000000000000000000, -6.717750288785817148, 224.6004539023777511 ) ) ;
#646 = CARTESIAN_POINT ( 'NONE',  ( 333.3749029936245165, -0.5750107027150135330, 223.4800263752777880 ) ) ;
#647 = CARTESIAN_POINT ( 'NONE',  ( 414.9367889235447819, -4.405106751779399588, 287.0817145493895737 ) ) ;
#648 = CARTESIAN_POINT ( 'NONE',  ( 310.0370945548290251, -1.525667192811738015, 291.8817145493893577 ) ) ;
#649 = CARTESIAN_POINT ( 'NONE',  ( 414.2875900664612345, 0.5917347202420452090, 287.0014696447277629 ) ) ;
#650 = EDGE_LOOP ( 'NONE', ( #1445, #2542, #546, #699 ) ) ;
#651 = ADVANCED_FACE ( 'NONE', ( #3168 ), #1880, .T. ) ;
#652 = CARTESIAN_POINT ( 'NONE',  ( 413.4367889235230678, 6.474332807188248218, 293.8817145493893577 ) ) ;
#653 = CARTESIAN_POINT ( 'NONE',  ( 0.000000000000000000, 19.26363725660237236, 277.6261930907284068 ) ) ;
#654 = ORIENTED_EDGE ( 'NONE', *, *, #274, .F. ) ;
#655 = PLANE ( 'NONE',  #3219 ) ;
#656 = CARTESIAN_POINT ( 'NONE',  ( 433.8919109162454220, -4.191408160465541322, 324.4624556064200647 ) ) ;
#657 = CARTESIAN_POINT ( 'NONE',  ( 414.6065023455748246, -4.387553090318166760, 282.0817145493894031 ) ) ;
#658 = CARTESIAN_POINT ( 'NONE',  ( 415.1101284056631471, 5.242154719973809662, 361.5354850605480692 ) ) ;
#659 = EDGE_CURVE ( 'NONE', #1425, #2045, #2104, .T. ) ;
#660 = CARTESIAN_POINT ( 'NONE',  ( 0.000000000000000000, -7.875199188317395738, 346.8394967070635175 ) ) ;
#661 = CARTESIAN_POINT ( 'NONE',  ( 324.2177904952339418, -1.306131464411186993, 224.4239510720155408 ) ) ;
#662 = CARTESIAN_POINT ( 'NONE',  ( 445.0185472759408185, -1.384091846102780909, 229.8685720186358594 ) ) ;
#663 = CARTESIAN_POINT ( 'NONE',  ( 414.6091888407219130, 0.6123736285538528001, 282.0979243885217898 ) ) ;
#664 = ORIENTED_EDGE ( 'NONE', *, *, #270, .T. ) ;
#665 = CARTESIAN_POINT ( 'NONE',  ( 415.2670744753928602, 0.6158981569404731182, 282.0817145493895168 ) ) ;
#666 = ORIENTED_EDGE ( 'NONE', *, *, #2457, .T. ) ;
#667 = CARTESIAN_POINT ( 'NONE',  ( 193.3333333323510885, 12.62964796733158579, 238.6057420120377230 ) ) ;
#668 = EDGE_LOOP ( 'NONE', ( #447, #885 ) ) ;
#669 = CARTESIAN_POINT ( 'NONE',  ( 413.4367889235230678, -4.325661193759546386, 319.4151048459305571 ) ) ;
#670 = CARTESIAN_POINT ( 'NONE',  ( 422.5636123886336577, -4.370248060868484608, 298.0153736973253444 ) ) ;
#671 = CARTESIAN_POINT ( 'NONE',  ( 328.2157107114711039, -0.2400603483739808253, 222.8482980638794402 ) ) ;
#672 = DIRECTION ( 'NONE',  ( -0.000000000000000000, 0.000000000000000000, 1.000000000000000000 ) ) ;
#673 = AXIS2_PLACEMENT_3D ( 'NONE', #1470, #2282, #2475 ) ;
#674 = CARTESIAN_POINT ( 'NONE',  ( 386.6666666647020634, -6.153661249499089436, 284.8637153941359657 ) ) ;
#675 = AXIS2_PLACEMENT_3D ( 'NONE', #1718, #130, #939 ) ;
#676 = CARTESIAN_POINT ( 'NONE',  ( 324.2165845147233654, -1.043302235233471764, 223.7578816578640613 ) ) ;
#677 = VECTOR ( 'NONE', #1800, 1000.000000000000114 ) ;
#678 = DIRECTION ( 'NONE',  ( 1.000000000000000000, 0.000000000000000000, 0.000000000000000000 ) ) ;
#679 = FACE_OUTER_BOUND ( 'NONE', #2326, .T. ) ;
#680 = VECTOR ( 'NONE', #3019, 1000.000000000000000 ) ;
#681 = ORIENTED_EDGE ( 'NONE', *, *, #1090, .F. ) ;
#682 = CARTESIAN_POINT ( 'NONE',  ( 417.3097611957946924, 0.6183219310866443497, 283.7780208606162091 ) ) ;
#683 = VERTEX_POINT ( 'NONE', #27 ) ;
#684 = CARTESIAN_POINT ( 'NONE',  ( 386.6666666647020634, 2.751046507723803547, 378.0547777424289393 ) ) ;
#685 = EDGE_LOOP ( 'NONE', ( #732, #2957, #1348, #1254, #2474, #2110, #3199, #1698, #2520, #1440, #3221, #997 ) ) ;
#686 = CARTESIAN_POINT ( 'NONE',  ( 413.4009237599626090, -4.253655830663789494, 331.1810542923079197 ) ) ;
#687 = CARTESIAN_POINT ( 'NONE',  ( 310.0148049355211697, -4.538418015007646744, 301.8817145493894145 ) ) ;
#688 = CARTESIAN_POINT ( 'NONE',  ( 328.1817661352799860, -0.4801037615978794304, 223.0146200052917607 ) ) ;
#689 = DIRECTION ( 'NONE',  ( 1.000000000000000000, 0.000000000000000000, 0.000000000000000000 ) ) ;
#690 = EDGE_CURVE ( 'NONE', #90, #1889, #834, .T. ) ;
#691 = CARTESIAN_POINT ( 'NONE',  ( 579.9999999970527824, -4.937668687604563011, 340.7488106811252351 ) ) ;
#692 = CARTESIAN_POINT ( 'NONE',  ( 328.8057572190440965, -1.122692911686222095, 224.2797784111179169 ) ) ;
#693 = ADVANCED_FACE ( 'NONE', ( #1833 ), #555, .T. ) ;
#694 = CARTESIAN_POINT ( 'NONE',  ( 118.4367889235229967, -1.525667192811752670, 319.8817145493894145 ) ) ;
#695 = CARTESIAN_POINT ( 'NONE',  ( 324.8370945548289797, 14.33246036806402657, 264.4069360666574653 ) ) ;
#696 = ORIENTED_EDGE ( 'NONE', *, *, #280, .F. ) ;
#697 = EDGE_CURVE ( 'NONE', #1681, #920, #2409, .T. ) ;
#698 = CARTESIAN_POINT ( 'NONE',  ( 310.0370945548290251, 4.474332807188248218, 319.8817145493894145 ) ) ;
#699 = ORIENTED_EDGE ( 'NONE', *, *, #737, .F. ) ;
#700 = CARTESIAN_POINT ( 'NONE',  ( 579.9999999970531235, 7.615257880408826452, 334.9895548652660864 ) ) ;
#701 = VERTEX_POINT ( 'NONE', #393 ) ;
#702 = CARTESIAN_POINT ( 'NONE',  ( 412.4369314286696522, -4.270121070452185918, 329.3486886472355764 ) ) ;
#703 = UNCERTAINTY_MEASURE_WITH_UNIT (LENGTH_MEASURE( 1.000000000000000082E-05 ), #2365, 'distance_accuracy_value', 'NONE');
#704 = PLANE ( 'NONE',  #1326 ) ;
#705 = CARTESIAN_POINT ( 'NONE',  ( 315.0370945548289114, -5.202775109569143019, 304.8473403779408955 ) ) ;
#706 = CARTESIAN_POINT ( 'NONE',  ( 323.3760912012802464, 10.57572365935738645, 246.5615095087008513 ) ) ;
#707 = LINE ( 'NONE', #2497, #136 ) ;
#708 = FACE_BOUND ( 'NONE', #3320, .T. ) ;
#709 = CARTESIAN_POINT ( 'NONE',  ( 328.7984907657630060, -0.7851384526146698573, 223.4923176777593028 ) ) ;
#710 = CARTESIAN_POINT ( 'NONE',  ( 386.6666666647018928, 13.90735550912538265, 302.2484120702011978 ) ) ;
#711 = CARTESIAN_POINT ( 'NONE',  ( 333.4034358953369974, 10.71718313376346288, 248.4824793006784489 ) ) ;
#712 = ORIENTED_EDGE ( 'NONE', *, *, #2485, .T. ) ;
#713 = B_SPLINE_CURVE_WITH_KNOTS ( 'NONE', 3,
 ( #1730, #1039, #14, #2589 ),
 .UNSPECIFIED., .F., .F.,
 ( 4, 4 ),
 ( 0.1080346713747010884, 0.1416168913074097591 ),
 .UNSPECIFIED. ) ;
#714 = CARTESIAN_POINT ( 'NONE',  ( 416.0462528876167312, 0.6186221217330146738, 282.3354733994562480 ) ) ;
#715 = ORIENTED_EDGE ( 'NONE', *, *, #3340, .T. ) ;
#716 = CARTESIAN_POINT ( 'NONE',  ( 193.3333333323508896, 16.91444032200661951, 281.1003418505097784 ) ) ;
#717 = ORIENTED_EDGE ( 'NONE', *, *, #2275, .F. ) ;
#718 = CARTESIAN_POINT ( 'NONE',  ( 413.4367889235230678, 6.474332807188248218, 319.8817145493894145 ) ) ;
#719 = LINE ( 'NONE', #2526, #3051 ) ;
#720 = CARTESIAN_POINT ( 'NONE',  ( 0.000000000000000000, 7.300000000000000711, 325.6817145493894259 ) ) ;
#721 = CARTESIAN_POINT ( 'NONE',  ( 327.0979795570656279, -2.427956221544746107, 228.3249672828272594 ) ) ;
#722 = CARTESIAN_POINT ( 'NONE',  ( 312.0321412877200373, -5.173803301098617524, 301.7757658519674351 ) ) ;
#723 = LINE ( 'NONE', #1768, #2573 ) ;
#724 = CARTESIAN_POINT ( 'NONE',  ( 333.4112767218080080, -3.184506306424023325, 233.1177717755523702 ) ) ;
#725 = CARTESIAN_POINT ( 'NONE',  ( 312.0370945548289114, -4.512732902828623160, 301.8817145493894145 ) ) ;
#726 = CARTESIAN_POINT ( 'NONE',  ( 193.3333333323509464, 15.18647217929100890, 312.4160318443855999 ) ) ;
#727 = CARTESIAN_POINT ( 'NONE',  ( 310.0370945548290820, -5.766906698112125085, 301.4812081035605047 ) ) ;
#728 = ORIENTED_EDGE ( 'NONE', *, *, #1369, .F. ) ;
#729 = VECTOR ( 'NONE', #3346, 1000.000000000000000 ) ;
#730 = AXIS2_PLACEMENT_3D ( 'NONE', #409, #1137, #898 ) ;
#731 = FACE_OUTER_BOUND ( 'NONE', #1759, .T. ) ;
#732 = ORIENTED_EDGE ( 'NONE', *, *, #865, .T. ) ;
#733 = CARTESIAN_POINT ( 'NONE',  ( 579.9999999970532372, -4.411656509256205005, 398.4873859567278487 ) ) ;
#734 = ORIENTED_EDGE ( 'NONE', *, *, #3090, .F. ) ;
#735 = DIRECTION ( 'NONE',  ( 0.000000000000000000, 0.000000000000000000, 1.000000000000000000 ) ) ;
#736 = CARTESIAN_POINT ( 'NONE',  ( 416.9236796250130510, -4.380401366648328576, 283.0555123152524857 ) ) ;
#737 = EDGE_CURVE ( 'NONE', #860, #299, #3180, .T. ) ;
#738 = DIRECTION ( 'NONE',  ( 0.000000000000000000, -1.000000000000000000, -0.000000000000000000 ) ) ;
#739 = CARTESIAN_POINT ( 'NONE',  ( 324.2068091779374299, 4.182222858157197187, 227.4000916199088351 ) ) ;
#740 = CARTESIAN_POINT ( 'NONE',  ( 424.6639486363798142, -5.613918508613031655, 360.8041520055645606 ) ) ;
#741 = CARTESIAN_POINT ( 'NONE',  ( 312.0360762817119848, -4.660821744173957448, 301.8817145493894145 ) ) ;
#742 = CARTESIAN_POINT ( 'NONE',  ( 579.9999999970528961, -1.220256621134524266, 238.8938225097272152 ) ) ;
#743 = CARTESIAN_POINT ( 'NONE',  ( 319.6368457663459708, -2.173757270363488203, 226.7448855501342564 ) ) ;
#744 = CARTESIAN_POINT ( 'NONE',  ( 412.4367339828478976, 0.7298481646841641357, 329.3439292342209797 ) ) ;
#745 = CARTESIAN_POINT ( 'NONE',  ( 579.9999999970528961, 11.66426790245968981, 302.8719718620156414 ) ) ;
#746 = CARTESIAN_POINT ( 'NONE',  ( 328.7632471658547502, 0.1057029456547934204, 222.8659018241388310 ) ) ;
#747 = CARTESIAN_POINT ( 'NONE',  ( 328.8177303650082308, 12.33610506186244038, 257.6604687437336452 ) ) ;
#748 = ORIENTED_EDGE ( 'NONE', *, *, #697, .T. ) ;
#749 = CARTESIAN_POINT ( 'NONE',  ( 332.7980754567509507, 3.997658306138307527, 225.3996498455128688 ) ) ;
#750 = ORIENTED_EDGE ( 'NONE', *, *, #366, .T. ) ;
#751 = CARTESIAN_POINT ( 'NONE',  ( 579.9999999970532372, -4.761979561952836448, 372.7162503368264197 ) ) ;
#752 = EDGE_CURVE ( 'NONE', #1776, #2862, #2214, .T. ) ;
#753 = EDGE_LOOP ( 'NONE', ( #3124, #826, #3284, #58 ) ) ;
#754 = CARTESIAN_POINT ( 'NONE',  ( 414.9367889235429061, -4.242608822892233178, 331.6817145493892554 ) ) ;
#755 = CARTESIAN_POINT ( 'NONE',  ( 416.0454994867493497, -4.381379475840954107, 282.3350239112752433 ) ) ;
#756 = CARTESIAN_POINT ( 'NONE',  ( 411.4367889235230678, 7.300000000000000711, 332.6817145493894259 ) ) ;
#757 = CARTESIAN_POINT ( 'NONE',  ( 328.8006915502032825, 5.419418878782967575, 230.1682274010084086 ) ) ;
#758 = CARTESIAN_POINT ( 'NONE',  ( 445.0185472759409322, 3.306277303021956993, 272.6767156309140887 ) ) ;
#759 = CARTESIAN_POINT ( 'NONE',  ( 413.4367889235230678, 4.474332807188248218, 293.8817145493893577 ) ) ;
#760 = FACE_OUTER_BOUND ( 'NONE', #2384, .T. ) ;
#761 = CARTESIAN_POINT ( 'NONE',  ( 324.2302168513294305, -2.581793140677418386, 228.8326650447203860 ) ) ;
#762 = EDGE_CURVE ( 'NONE', #1584, #2323, #3085, .T. ) ;
#763 = CARTESIAN_POINT ( 'NONE',  ( 413.0519402245565743, 0.7423532891473040296, 330.8323441850984068 ) ) ;
#764 = CARTESIAN_POINT ( 'NONE',  ( 193.3333333323510317, 1.893688306988295489, 213.4642146367242788 ) ) ;
#765 = CARTESIAN_POINT ( 'NONE',  ( 328.7683724148390070, 0.2847389549605132131, 222.9659351751600127 ) ) ;
#766 = CARTESIAN_POINT ( 'NONE',  ( 310.0370945548293662, -4.538304021238969810, 301.8817145493895282 ) ) ;
#767 = ORIENTED_EDGE ( 'NONE', *, *, #1953, .T. ) ;
#768 = EDGE_CURVE ( 'NONE', #246, #2492, #441, .T. ) ;
#769 = LINE ( 'NONE', #2602, #1962 ) ;
#770 = CARTESIAN_POINT ( 'NONE',  ( 579.9999999970533509, -4.179541867572799774, 402.5918904233845410 ) ) ;
#771 = ADVANCED_FACE ( 'NONE', ( #3262 ), #1972, .F. ) ;
#772 = ORIENTED_EDGE ( 'NONE', *, *, #1956, .F. ) ;
#773 = CARTESIAN_POINT ( 'NONE',  ( 414.6065007163085170, -4.275517960648943294, 326.6817145493895396 ) ) ;
#774 = FACE_OUTER_BOUND ( 'NONE', #753, .T. ) ;
#775 = LINE ( 'NONE', #720, #465 ) ;
#776 = CARTESIAN_POINT ( 'NONE',  ( 333.3799062240356648, 3.206484887592925492, 226.3930196223711562 ) ) ;
#777 = CARTESIAN_POINT ( 'NONE',  ( 433.8246278348258329, -5.739405486592348282, 332.6817145493894259 ) ) ;
#778 = CARTESIAN_POINT ( 'NONE',  ( 315.0370945548289114, -9.375828136905784760, 301.1501741605430311 ) ) ;
#779 = CARTESIAN_POINT ( 'NONE',  ( 386.6666666647018928, -1.454917083900565400, 225.9669964426877300 ) ) ;
#780 = CARTESIAN_POINT ( 'NONE',  ( 324.2279940868212407, -2.376440159249931128, 227.9297155137606694 ) ) ;
#781 = CARTESIAN_POINT ( 'NONE',  ( 414.6091862870426894, 0.7245951562223464926, 326.6979245462309223 ) ) ;
#782 = CARTESIAN_POINT ( 'NONE',  ( 193.3333333323509464, 11.04918357943839347, 232.1668332515077964 ) ) ;
#783 = CARTESIAN_POINT ( 'NONE',  ( 333.3617254162489303, 0.5898842767774352680, 223.4953219121948393 ) ) ;
#784 = CARTESIAN_POINT ( 'NONE',  ( 333.3988014864476099, 8.560549588380654384, 239.2715673114306583 ) ) ;
#785 = ORIENTED_EDGE ( 'NONE', *, *, #3260, .T. ) ;
#786 = CARTESIAN_POINT ( 'NONE',  ( 333.4399084514825518, 0.9314815468368456974, 222.2547907332867112 ) ) ;
#787 = CARTESIAN_POINT ( 'NONE',  ( 579.9999999970527824, -4.546249360507058412, 395.0319048769461006 ) ) ;
#788 = VECTOR ( 'NONE', #1842, 1000.000000000000000 ) ;
#789 = EDGE_LOOP ( 'NONE', ( #1995, #1157, #2583, #2283, #1488, #188, #1761, #68, #1174, #1685, #338, #624, #2748, #696, #2877, #1823, #1712 ) ) ;
#790 = CARTESIAN_POINT ( 'NONE',  ( 324.8370945548290933, -6.265113345688932966, 264.4069360666574653 ) ) ;
#791 = CARTESIAN_POINT ( 'NONE',  ( 328.7878401019754051, 2.712221647876427166, 225.3478008431182786 ) ) ;
#792 = CARTESIAN_POINT ( 'NONE',  ( 325.5725770667679626, -4.991565526663296559, 260.8032122030674032 ) ) ;
#793 = CARTESIAN_POINT ( 'NONE',  ( 312.0350749777327906, -4.791355733784979698, 301.8686292074637549 ) ) ;
#794 = CIRCLE ( 'NONE', #673, 2.000000000000001776 ) ;
#795 = VERTEX_POINT ( 'NONE', #110 ) ;
#796 = CARTESIAN_POINT ( 'NONE',  ( 313.9346958664107774, -6.513412375224180373, 301.6695709793102083 ) ) ;
#797 = CARTESIAN_POINT ( 'NONE',  ( 319.6474428602263629, -3.683300370474842822, 236.1065409995877360 ) ) ;
#798 = EDGE_CURVE ( 'NONE', #3322, #224, #380, .T. ) ;
#799 = CARTESIAN_POINT ( 'NONE',  ( 412.4529915644574771, 0.7309678195564637271, 329.5095453716720044 ) ) ;
#800 = CARTESIAN_POINT ( 'NONE',  ( 579.9999999970528961, 3.601999506163845677, 359.0013333867893266 ) ) ;
#801 = CARTESIAN_POINT ( 'NONE',  ( 324.1833618955503766, 0.5172632231167370032, 222.8201763567230103 ) ) ;
#802 = CARTESIAN_POINT ( 'NONE',  ( 324.2192100345969834, 7.791012381503406026, 236.0598332219797157 ) ) ;
#803 = ORIENTED_EDGE ( 'NONE', *, *, #991, .F. ) ;
#804 = CARTESIAN_POINT ( 'NONE',  ( 333.1111258850763193, 2.780726486664667707, 223.8657625256250583 ) ) ;
#805 = CARTESIAN_POINT ( 'NONE',  ( 320.8491768785103773, -7.156911992869086525, 258.9429071604394608 ) ) ;
#806 = CARTESIAN_POINT ( 'NONE',  ( 193.3333333323509180, -6.025824523911690989, 441.7841423508043022 ) ) ;
#807 = ADVANCED_FACE ( 'NONE', ( #1912 ), #1203, .F. ) ;
#808 = ORIENTED_EDGE ( 'NONE', *, *, #1457, .T. ) ;
#809 = CARTESIAN_POINT ( 'NONE',  ( 333.2399678773537630, -1.848250877135315440, 223.2344613666352870 ) ) ;
#810 = CARTESIAN_POINT ( 'NONE',  ( 333.3894054822165458, 5.395639011058816159, 230.4473928911037035 ) ) ;
#811 = CARTESIAN_POINT ( 'NONE',  ( 330.7111010167935774, -3.589643500704450041, 235.6254260806961156 ) ) ;
#812 = VERTEX_POINT ( 'NONE', #3333 ) ;
#813 = CARTESIAN_POINT ( 'NONE',  ( 445.0185472759411027, 5.364757441861708109, 358.6125570048647546 ) ) ;
#814 = CARTESIAN_POINT ( 'NONE',  ( 411.4367889235230678, -5.998504978718434799, 281.0817145493893463 ) ) ;
#815 = CARTESIAN_POINT ( 'NONE',  ( 0.000000000000000000, -3.106131725712700575, 439.6889779992027911 ) ) ;
#816 = CARTESIAN_POINT ( 'NONE',  ( 0.000000000000000000, 13.99887089352030856, 338.7147378488038498 ) ) ;
#817 = CARTESIAN_POINT ( 'NONE',  ( 328.7711401708918402, 0.4307191100261530403, 223.0644068496771126 ) ) ;
#818 = CARTESIAN_POINT ( 'NONE',  ( 445.0185472759412164, -5.822436841133852958, 281.0817145493894600 ) ) ;
#819 = CARTESIAN_POINT ( 'NONE',  ( 310.0370945548290251, 3.306277303021957437, 266.0767156309140660 ) ) ;
#820 = LINE ( 'NONE', #1324, #3048 ) ;
#821 = CARTESIAN_POINT ( 'NONE',  ( 386.6666666647022339, -5.954441073316516508, 336.9066955511404444 ) ) ;
#822 = CARTESIAN_POINT ( 'NONE',  ( 333.0673181004894445, -2.217434721083143323, 224.0804123047333576 ) ) ;
#823 = DIRECTION ( 'NONE',  ( 0.000000000000000000, -1.000000000000000000, 0.000000000000000000 ) ) ;
#824 = CARTESIAN_POINT ( 'NONE',  ( 579.9999999970528961, -2.452747206727057261E-11, 238.5133111311282619 ) ) ;
#825 = CARTESIAN_POINT ( 'NONE',  ( 333.0833461822045933, -0.8876842714620848396, 224.0018777649907236 ) ) ;
#826 = ORIENTED_EDGE ( 'NONE', *, *, #690, .T. ) ;
#827 = CARTESIAN_POINT ( 'NONE',  ( 314.2199662869298322, -6.510804210345296106, 302.0471167486008994 ) ) ;
#828 = CARTESIAN_POINT ( 'NONE',  ( 417.1840671068133588, -4.253714639525592922, 328.0743501540579246 ) ) ;
#829 = CARTESIAN_POINT ( 'NONE',  ( 411.4367889235230678, -6.006615519446345530, 282.4360675095921351 ) ) ;
#830 = CARTESIAN_POINT ( 'NONE',  ( 579.9999999970532372, -4.411656509256205005, 398.4873859567278487 ) ) ;
#831 = CARTESIAN_POINT ( 'NONE',  ( 324.1686958745159473, -0.01220142781700630022, 222.5152849156821162 ) ) ;
#832 = LINE ( 'NONE', #107, #2077 ) ;
#833 = CARTESIAN_POINT ( 'NONE',  ( 445.0185472759409890, -5.518887524353083052, 359.2460327981114006 ) ) ;
#834 = LINE ( 'NONE', #2411, #2684 ) ;
#835 = CARTESIAN_POINT ( 'NONE',  ( 579.9999999970528961, -5.011717794592429165, 272.9486295801441429 ) ) ;
#836 = EDGE_CURVE ( 'NONE', #412, #2231, #723, .T. ) ;
#837 = CARTESIAN_POINT ( 'NONE',  ( 312.0370945548289114, -4.528075591606530281, 301.8817145493894145 ) ) ;
#838 = CARTESIAN_POINT ( 'NONE',  ( 339.3174794251251001, -0.2020362616947314893, 352.2934344160582327 ) ) ;
#839 = VECTOR ( 'NONE', #851, 1000.000000000000000 ) ;
#840 = LINE ( 'NONE', #2108, #1541 ) ;
#841 = CARTESIAN_POINT ( 'NONE',  ( 332.9549314027036075, -1.147285736818784097, 224.6310856629535806 ) ) ;
#842 = ORIENTED_EDGE ( 'NONE', *, *, #2845, .T. ) ;
#843 = CARTESIAN_POINT ( 'NONE',  ( 445.0185472759409890, 10.06929650250459574, 329.5636501311527127 ) ) ;
#844 = ORIENTED_EDGE ( 'NONE', *, *, #1847, .F. ) ;
#845 = DIRECTION ( 'NONE',  ( 0.000000000000000000, 0.000000000000000000, 1.000000000000000000 ) ) ;
#846 = CARTESIAN_POINT ( 'NONE',  ( 333.4173437159377613, -4.591574355963561338, 250.1438482610146536 ) ) ;
#847 = CIRCLE ( 'NONE', #2844, 3.000000000000002665 ) ;
#848 = CARTESIAN_POINT ( 'NONE',  ( 0.000000000000000000, -7.509225448604162523, 411.1396134388328392 ) ) ;
#849 = CARTESIAN_POINT ( 'NONE',  ( 328.7574098065293242, -0.01297993225118375220, 222.8237551332489375 ) ) ;
#850 = ORIENTED_EDGE ( 'NONE', *, *, #2915, .F. ) ;
#851 = DIRECTION ( 'NONE',  ( 0.000000000000000000, -1.000000000000000000, 0.000000000000000000 ) ) ;
#852 = FACE_OUTER_BOUND ( 'NONE', #2306, .T. ) ;
#853 = CARTESIAN_POINT ( 'NONE',  ( 193.3333333323509748, -6.706862923142622002, 250.7127431795906887 ) ) ;
#854 = CARTESIAN_POINT ( 'NONE',  ( 417.1059845841198808, 0.6096030406755739151, 285.8352413294044823 ) ) ;
#855 = DIRECTION ( 'NONE',  ( 0.000000000000000000, 0.000000000000000000, -1.000000000000000000 ) ) ;
#856 = CARTESIAN_POINT ( 'NONE',  ( 333.2523935793619785, 0.1200452495510038048, 223.1735777995596663 ) ) ;
#857 = ORIENTED_EDGE ( 'NONE', *, *, #2984, .T. ) ;
#858 = CARTESIAN_POINT ( 'NONE',  ( 118.4367889235229967, 6.474332807188248218, 0.000000000000000000 ) ) ;
#859 = CARTESIAN_POINT ( 'NONE',  ( 314.4240200802405525, -6.475815567800248473, 310.7095483147016353 ) ) ;
#860 = VERTEX_POINT ( 'NONE', #1229 ) ;
#861 = DIRECTION ( 'NONE',  ( 1.000000000000000000, 0.000000000000000000, 0.000000000000000000 ) ) ;
#862 = LINE ( 'NONE', #2422, #245 ) ;
#863 = CARTESIAN_POINT ( 'NONE',  ( 193.3333333323509748, -3.838522145386324969, 429.4299400882140958 ) ) ;
#864 = CARTESIAN_POINT ( 'NONE',  ( 328.7595245447315619, 0.02037328472794016840, 222.8316757397269612 ) ) ;
#865 = EDGE_CURVE ( 'NONE', #114, #3002, #1391, .T. ) ;
#866 = DIRECTION ( 'NONE',  ( 0.000000000000000000, 0.000000000000000000, -1.000000000000000000 ) ) ;
#867 = DIRECTION ( 'NONE',  ( 0.000000000000000000, 0.000000000000000000, 1.000000000000000000 ) ) ;
#868 = CARTESIAN_POINT ( 'NONE',  ( 445.0185472759409322, 7.300000000000000711, 330.6817145493894259 ) ) ;
#869 = CARTESIAN_POINT ( 'NONE',  ( 193.3333333323510885, -6.367875266799881473, 242.1323187556666028 ) ) ;
#870 = CARTESIAN_POINT ( 'NONE',  ( 417.4203675423547111, 0.6143741735525855008, 284.9109275181000385 ) ) ;
#871 = CARTESIAN_POINT ( 'NONE',  ( 0.000000000000000000, 12.58377223271067891, 221.8964532117458361 ) ) ;
#872 = ORIENTED_EDGE ( 'NONE', *, *, #1010, .F. ) ;
#873 = CARTESIAN_POINT ( 'NONE',  ( 413.4367889235230678, -4.287614748383433927, 325.6817145493894259 ) ) ;
#874 = CARTESIAN_POINT ( 'NONE',  ( 311.3710389280795425, -4.531481947133453758, 301.8817145493895282 ) ) ;
#875 = CARTESIAN_POINT ( 'NONE',  ( 415.5859917825648040, -4.239786363387963775, 331.6014686418098449 ) ) ;
#876 = DIRECTION ( 'NONE',  ( 0.000000000000000000, 1.000000000000000000, 0.000000000000000000 ) ) ;
#877 = CARTESIAN_POINT ( 'NONE',  ( 193.3333333323510885, -4.759549676635348447, 434.1261621060937728 ) ) ;
#878 = CARTESIAN_POINT ( 'NONE',  ( 333.3461237385425875, -0.01375843668528734833, 223.1322253508157019 ) ) ;
#879 = ORIENTED_EDGE ( 'NONE', *, *, #1010, .T. ) ;
#880 = CARTESIAN_POINT ( 'NONE',  ( 427.2973750494350611, -4.185521294546497018, 330.6817145493894259 ) ) ;
#881 = DIRECTION ( 'NONE',  ( -1.000000000000000000, 0.000000000000000000, 0.000000000000000000 ) ) ;
#882 = SURFACE_SIDE_STYLE ('',( #3248 ) ) ;
#883 = FACE_OUTER_BOUND ( 'NONE', #2508, .T. ) ;
#884 = CARTESIAN_POINT ( 'NONE',  ( 193.3333333323509464, 11.04918357943839347, 232.1668332515077964 ) ) ;
#885 = ORIENTED_EDGE ( 'NONE', *, *, #166, .F. ) ;
#886 = CARTESIAN_POINT ( 'NONE',  ( 28.78724197761403047, 0.000000000000000000, 376.0641378344790269 ) ) ;
#887 = VECTOR ( 'NONE', #901, 1000.000000000000000 ) ;
#888 = CARTESIAN_POINT ( 'NONE',  ( 445.2200311376496416, -4.219303817921760569, 280.7768376562422645 ) ) ;
#889 = CARTESIAN_POINT ( 'NONE',  ( 310.0370945548289114, -40.00000000000000000, 369.5786951049933009 ) ) ;
#890 = DIRECTION ( 'NONE',  ( 0.000000000000000000, 0.000000000000000000, -1.000000000000000000 ) ) ;
#891 = CIRCLE ( 'NONE', #2841, 3.000000000000002665 ) ;
#892 = CARTESIAN_POINT ( 'NONE',  ( 0.000000000000000000, -8.112506095712058496, 304.7436750647945587 ) ) ;
#893 = VECTOR ( 'NONE', #2958, 1000.000000000000114 ) ;
#894 = ADVANCED_FACE ( 'NONE', ( #199 ), #491, .F. ) ;
#895 = CARTESIAN_POINT ( 'NONE',  ( 333.3942843490065684, -1.071028727291606142, 224.4699117344879369 ) ) ;
#896 = CARTESIAN_POINT ( 'NONE',  ( 412.4527776428005836, -4.408924736838884861, 284.2558334373979960 ) ) ;
#897 = LINE ( 'NONE', #122, #1701 ) ;
#898 = DIRECTION ( 'NONE',  ( 1.000000000000000000, 0.000000000000000000, 0.000000000000000000 ) ) ;
#899 = CARTESIAN_POINT ( 'NONE',  ( 193.3333333323510317, -5.303512489585234135, 228.0014150919552662 ) ) ;
#900 = ORIENTED_EDGE ( 'NONE', *, *, #1433, .T. ) ;
#901 = DIRECTION ( 'NONE',  ( -0.000000000000000000, 1.000000000000000000, -0.000000000000000000 ) ) ;
#902 = CARTESIAN_POINT ( 'NONE',  ( 579.9999999970528961, 6.286797556005607746, 343.1633722646573688 ) ) ;
#903 = EDGE_CURVE ( 'NONE', #1020, #1458, #2056, .T. ) ;
#904 = ORIENTED_EDGE ( 'NONE', *, *, #2606, .T. ) ;
#905 = CARTESIAN_POINT ( 'NONE',  ( 417.4697892413205977, 0.6118927073400803884, 285.4786742790140011 ) ) ;
#906 = LINE ( 'NONE', #2254, #2950 ) ;
#907 = CARTESIAN_POINT ( 'NONE',  ( 328.1976881985808632, 0.3001857504883734262, 222.9366049355324719 ) ) ;
#908 = DIRECTION ( 'NONE',  ( -0.9970829574973349985, 0.000000000000000000, 0.07632546015824470675 ) ) ;
#909 = CARTESIAN_POINT ( 'NONE',  ( 386.6666666647020634, -6.096510108436826059, 275.4220436995686896 ) ) ;
#910 = CARTESIAN_POINT ( 'NONE',  ( 324.2140518286547035, -0.9167983424139436455, 223.4561721464772290 ) ) ;
#911 = CARTESIAN_POINT ( 'NONE',  ( 413.4088252876339880, -4.396480332739517216, 282.5962027170101010 ) ) ;
#912 = EDGE_CURVE ( 'NONE', #2266, #1292, #2780, .T. ) ;
#913 = DIRECTION ( 'NONE',  ( -0.9999967117653473236, -0.002564460663179103390, 0.000000000000000000 ) ) ;
#914 = CARTESIAN_POINT ( 'NONE',  ( 412.4529820146502175, 0.5885937735391089110, 284.9094752212275807 ) ) ;
#915 = CARTESIAN_POINT ( 'NONE',  ( 386.6666666647018928, -1.454917083900565400, 225.9669964426877300 ) ) ;
#916 = ORIENTED_EDGE ( 'NONE', *, *, #2035, .F. ) ;
#917 = CARTESIAN_POINT ( 'NONE',  ( 416.1935719761780206, 0.6021897343694528892, 286.7672389945897180 ) ) ;
#918 = B_SPLINE_CURVE_WITH_KNOTS ( 'NONE', 3,
 ( #348, #2902, #590, #1374 ),
 .UNSPECIFIED., .F., .F.,
 ( 4, 4 ),
 ( 5.551115123125782702E-17, 0.005000065673447654131 ),
 .UNSPECIFIED. ) ;
#919 = CARTESIAN_POINT ( 'NONE',  ( 0.000000000000000000, 19.01102325474809618, 266.6625469626757194 ) ) ;
#920 = VERTEX_POINT ( 'NONE', #2039 ) ;
#921 = CARTESIAN_POINT ( 'NONE',  ( 413.4367889235230678, -4.427214109997319902, 294.3484944199781808 ) ) ;
#922 = CARTESIAN_POINT ( 'NONE',  ( 445.2202272150503859, -4.078936263434632004, 332.9866714254132489 ) ) ;
#923 = CARTESIAN_POINT ( 'NONE',  ( 321.2121126602048093, -4.924499306086721262, 257.1645911349574476 ) ) ;
#924 = CARTESIAN_POINT ( 'NONE',  ( 418.4367889235231246, -4.380588981291520412, 284.7483714216548947 ) ) ;
#925 = CARTESIAN_POINT ( 'NONE',  ( 193.3333333323510317, -6.765421898788464894, 365.9557577967350426 ) ) ;
#926 = CARTESIAN_POINT ( 'NONE',  ( 319.6167514213195204, -0.7151154041748403190, 222.7359568395107203 ) ) ;
#927 = CARTESIAN_POINT ( 'NONE',  ( 319.7340254802987829, -5.093461917049689980, 264.4069360666574653 ) ) ;
#928 = CARTESIAN_POINT ( 'NONE',  ( 193.3333333323509748, -3.397287876363841441E-11, 212.5133111311279777 ) ) ;
#929 = ORIENTED_EDGE ( 'NONE', *, *, #991, .T. ) ;
#930 = B_SPLINE_CURVE_WITH_KNOTS ( 'NONE', 3,
 ( #2566, #211, #524, #3052, #3088, #755, #2034, #1554, #1476, #265, #736, #953, #3071, #1763, #1022, #1797, #2798, #2544, #1744, #2511, #228, #1258, #2287, #3288, #2588, #1780, #3328, #468, #2817, #504, #1729, #248, #2833, #1980 ),
 .UNSPECIFIED., .F., .F.,
 ( 4, 2, 2, 2, 2, 2, 2, 2, 2, 2, 2, 2, 2, 2, 2, 2, 4 ),
 ( 0.000000000000000000, 0.0004885134283873478287, 0.0009770268567746956574, 0.001465540285162043486, 0.001954053713549391315, 0.002442567141936738927, 0.002931080570324086972, 0.003419593998711435018, 0.003908107427098782630, 0.004396620855486130242, 0.004885134283873477853, 0.005373647712260826333, 0.005862161140648173945, 0.006350674569035521556, 0.006839187997422870036, 0.007327701425810217647, 0.007816214854197565259 ),
 .UNSPECIFIED. ) ;
#931 = CARTESIAN_POINT ( 'NONE',  ( 445.0185472759410459, -5.676086957104663711, 333.6049803747852138 ) ) ;
#932 = ORIENTED_EDGE ( 'NONE', *, *, #487, .T. ) ;
#933 = CARTESIAN_POINT ( 'NONE',  ( 193.3333333323510885, 6.835746929844915165, 368.5446127025542182 ) ) ;
#934 = ADVANCED_FACE ( 'NONE', ( #2334 ), #233, .T. ) ;
#935 = ORIENTED_EDGE ( 'NONE', *, *, #531, .T. ) ;
#936 = CARTESIAN_POINT ( 'NONE',  ( 414.1313006146331190, -4.247549861639161151, 331.5539906122947968 ) ) ;
#937 = CARTESIAN_POINT ( 'NONE',  ( 312.0370945548353916, -6.482496568953036942, 311.8817145493895850 ) ) ;
#938 = CARTESIAN_POINT ( 'NONE',  ( 328.2268887753029958, 0.01273793624975720455, 222.7935276856234736 ) ) ;
#939 = DIRECTION ( 'NONE',  ( -0.9970829574973349985, 0.000000000000000000, 0.07632546015824472063 ) ) ;
#940 = AXIS2_PLACEMENT_3D ( 'NONE', #2677, #2643, #1625 ) ;
#941 = CARTESIAN_POINT ( 'NONE',  ( 0.000000000000000000, -8.063096244697373294, 265.5213890302030109 ) ) ;
#942 = STYLED_ITEM ( 'NONE', ( #2444 ), #2667 ) ;
#943 = CARTESIAN_POINT ( 'NONE',  ( 328.7861890616112532, -0.5805833694599873418, 223.1744352098195634 ) ) ;
#944 = AXIS2_PLACEMENT_3D ( 'NONE', #1733, #1750, #988 ) ;
#945 = ADVANCED_FACE ( 'NONE', ( #708, #760 ), #3094, .F. ) ;
#946 = CARTESIAN_POINT ( 'NONE',  ( 412.5648527615355192, 0.5936442368612028231, 283.7752194393157197 ) ) ;
#947 = CARTESIAN_POINT ( 'NONE',  ( 193.3333333323509748, -2.609256555373887121, 215.2307251790193448 ) ) ;
#948 = VERTEX_POINT ( 'NONE', #1786 ) ;
#949 = CARTESIAN_POINT ( 'NONE',  ( 445.0185472759411027, -2.782476977523042015E-11, 229.4369720688004008 ) ) ;
#950 = CARTESIAN_POINT ( 'NONE',  ( 0.000000000000000000, 3.638467315049533468, 401.2609511280016932 ) ) ;
#951 = EDGE_LOOP ( 'NONE', ( #2640, #171, #980, #3282 ) ) ;
#952 = CARTESIAN_POINT ( 'NONE',  ( 340.4623613274987406, -40.00000000000000000, 367.2496787785182164 ) ) ;
#953 = CARTESIAN_POINT ( 'NONE',  ( 417.1064330213407629, -4.380729998693132288, 283.3288488710517754 ) ) ;
#954 = CARTESIAN_POINT ( 'NONE',  ( 410.3179646892438655, -0.02184400202961429838, 361.9023192322276259 ) ) ;
#955 = CARTESIAN_POINT ( 'NONE',  ( 325.8672305316603115, 7.197661709335698710, 234.3554024882162423 ) ) ;
#956 = CARTESIAN_POINT ( 'NONE',  ( 411.4367889235230678, -4.254221363378515086, 332.6817145493894259 ) ) ;
#957 = CARTESIAN_POINT ( 'NONE',  ( 193.3333333323510317, -7.123187505558254529, 304.9108520061777199 ) ) ;
#958 = CARTESIAN_POINT ( 'NONE',  ( 333.3952183592605252, -1.288471532699439814, 225.0215555599540096 ) ) ;
#959 = CARTESIAN_POINT ( 'NONE',  ( 579.9999999970531235, 2.661510109830854454, 240.4789931181246629 ) ) ;
#960 = CARTESIAN_POINT ( 'NONE',  ( 324.2267315311384550, 11.17088420269711868, 249.9323445424053602 ) ) ;
#961 = EDGE_LOOP ( 'NONE', ( #640, #1428, #289, #1943 ) ) ;
#962 = CARTESIAN_POINT ( 'NONE',  ( 320.8491768785103773, 3.443088007130912676, 258.9429071604394608 ) ) ;
#963 = ORIENTED_EDGE ( 'NONE', *, *, #3233, .F. ) ;
#964 = CARTESIAN_POINT ( 'NONE',  ( 0.000000000000000000, 15.96968430992112076, 237.4560550978058870 ) ) ;
#965 = ORIENTED_EDGE ( 'NONE', *, *, #1040, .F. ) ;
#966 = CARTESIAN_POINT ( 'NONE',  ( 412.5160119071255735, -4.274781370699411553, 328.5364632651283046 ) ) ;
#967 = PLANE ( 'NONE',  #2355 ) ;
#968 = CARTESIAN_POINT ( 'NONE',  ( 315.0370945548289114, -5.860385372111701408, 304.7126196899475872 ) ) ;
#969 = CARTESIAN_POINT ( 'NONE',  ( 445.0185472759407617, -4.233984777287190582, 283.0817145493894600 ) ) ;
#970 = DIRECTION ( 'NONE',  ( 1.000000000000000000, 0.000000000000000000, -0.000000000000000000 ) ) ;
#971 = CARTESIAN_POINT ( 'NONE',  ( 324.2322437553980876, -2.905622618773836319, 230.7043303547595485 ) ) ;
#972 = CARTESIAN_POINT ( 'NONE',  ( 310.0370945548290251, 4.474332807188234007, 291.8817145493893577 ) ) ;
#973 = CARTESIAN_POINT ( 'NONE',  ( 193.3333333323508896, 16.91444032200661951, 281.1003418505097784 ) ) ;
#974 = CARTESIAN_POINT ( 'NONE',  ( 310.0370945548290251, -6.043358315298623218, 301.2052786727878129 ) ) ;
#975 = ORIENTED_EDGE ( 'NONE', *, *, #1220, .F. ) ;
#976 = ADVANCED_FACE ( 'NONE', ( #2767 ), #454, .F. ) ;
#977 = CARTESIAN_POINT ( 'NONE',  ( 310.0370945548290251, 4.474332807188248218, 293.8817145493893577 ) ) ;
#978 = ORIENTED_EDGE ( 'NONE', *, *, #1709, .F. ) ;
#979 = CARTESIAN_POINT ( 'NONE',  ( 386.6666666647018928, -5.634577376048333974, 393.4924128655397340 ) ) ;
#980 = ORIENTED_EDGE ( 'NONE', *, *, #2560, .T. ) ;
#981 = CARTESIAN_POINT ( 'NONE',  ( 315.0370945548289114, -3.525667192811752226, 304.8817145493894145 ) ) ;
#982 = DIRECTION ( 'NONE',  ( 0.000000000000000000, 0.000000000000000000, 1.000000000000000000 ) ) ;
#983 = DIRECTION ( 'NONE',  ( 0.000000000000000000, 0.000000000000000000, -1.000000000000000000 ) ) ;
#984 = CARTESIAN_POINT ( 'NONE',  ( 333.3869912330635543, 4.789813086113707818, 229.1999071157748915 ) ) ;
#985 = FACE_OUTER_BOUND ( 'NONE', #1471, .T. ) ;
#986 = CARTESIAN_POINT ( 'NONE',  ( 315.0370945548289114, -4.528075591606530281, 304.8817145493894145 ) ) ;
#987 = PRODUCT_DEFINITION_SHAPE ( 'NONE', 'NONE',  #2503 ) ;
#988 = DIRECTION ( 'NONE',  ( 0.1999674932621497980, 0.000000000000000000, -0.9798025319616459061 ) ) ;
#989 = CARTESIAN_POINT ( 'NONE',  ( 333.4043105685938144, -2.248732755114494442, 228.0525685642610370 ) ) ;
#990 = DIRECTION ( 'NONE',  ( 0.000000000000000000, -1.000000000000000000, 0.000000000000000000 ) ) ;
#991 = EDGE_CURVE ( 'NONE', #581, #2030, #215, .T. ) ;
#992 = CARTESIAN_POINT ( 'NONE',  ( 579.9999999970528961, 11.62353847066273715, 274.5007389497849886 ) ) ;
#993 = CARTESIAN_POINT ( 'NONE',  ( 328.7739897142045038, 0.7716125938363100900, 223.3328851427712607 ) ) ;
#994 = FACE_OUTER_BOUND ( 'NONE', #650, .T. ) ;
#995 = VERTEX_POINT ( 'NONE', #339 ) ;
#996 = LINE ( 'NONE', #296, #2680 ) ;
#997 = ORIENTED_EDGE ( 'NONE', *, *, #1151, .F. ) ;
#998 = CARTESIAN_POINT ( 'NONE',  ( 386.6666666647022339, -4.983285286627484822, 421.1448889319453883 ) ) ;
#999 = VECTOR ( 'NONE', #486, 1000.000000000000000 ) ;
#1000 = EDGE_LOOP ( 'NONE', ( #1310, #2522, #1223, #2909 ) ) ;
#1001 = DIRECTION ( 'NONE',  ( -0.000000000000000000, 1.000000000000000000, -0.000000000000000000 ) ) ;
#1002 = CARTESIAN_POINT ( 'NONE',  ( -2.728158310269945600E-13, 7.300000000000000711, 283.0817145493890052 ) ) ;
#1003 = FACE_OUTER_BOUND ( 'NONE', #1238, .T. ) ;
#1004 = ADVANCED_FACE ( 'NONE', ( #2893 ), #325, .F. ) ;
#1005 = CARTESIAN_POINT ( 'NONE',  ( 319.6257519922039023, 6.203763007062486068, 231.3453638922609059 ) ) ;
#1006 = CARTESIAN_POINT ( 'NONE',  ( 415.7768686303708137, 0.7618760284818094641, 331.7093421629958812 ) ) ;
#1007 = CARTESIAN_POINT ( 'NONE',  ( 315.0370945548289114, -6.031228994391256037, 301.1898912053024446 ) ) ;
#1008 = CARTESIAN_POINT ( 'NONE',  ( 0.000000000000000000, -0.5139382740374544012, 199.4997056216937779 ) ) ;
#1009 = CARTESIAN_POINT ( 'NONE',  ( 333.3985212595903818, -1.752487820011404462, 226.3184401304980327 ) ) ;
#1010 = EDGE_CURVE ( 'NONE', #2981, #1078, #1559, .T. ) ;
#1011 = CARTESIAN_POINT ( 'NONE',  ( 413.8287100714872508, 0.7501052107575957306, 331.4287243930063482 ) ) ;
#1012 = CARTESIAN_POINT ( 'NONE',  ( 193.3333333323509464, 5.584419357608983780, 218.1071289435755602 ) ) ;
#1013 = CARTESIAN_POINT ( 'NONE',  ( 319.5965618501778636, 0.7828114087575963609, 222.7215009338492848 ) ) ;
#1014 = CARTESIAN_POINT ( 'NONE',  ( 319.6347788596648911, 9.620872962430860653, 242.2348494812696345 ) ) ;
#1015 = EDGE_CURVE ( 'NONE', #2008, #609, #2610, .T. ) ;
#1016 = ORIENTED_EDGE ( 'NONE', *, *, #615, .T. ) ;
#1017 = CARTESIAN_POINT ( 'NONE',  ( 445.0185472759412733, -5.681968031723514834, 332.6817145493895396 ) ) ;
#1018 = VERTEX_POINT ( 'NONE', #611 ) ;
#1019 = CARTESIAN_POINT ( 'NONE',  ( 193.3333333323510885, -2.727339546889202992, 423.3996006684712370 ) ) ;
#1020 = VERTEX_POINT ( 'NONE', #357 ) ;
#1021 = CARTESIAN_POINT ( 'NONE',  ( 413.2830635676173756, -4.278504846645243553, 327.2997406696590588 ) ) ;
#1022 = CARTESIAN_POINT ( 'NONE',  ( 417.3567071322052016, -4.382097471174724035, 283.9328183795563518 ) ) ;
#1023 = DIRECTION ( 'NONE',  ( 0.000000000000000000, 0.000000000000000000, -1.000000000000000000 ) ) ;
#1024 = CARTESIAN_POINT ( 'NONE',  ( 324.2058581140649949, 3.952975699117005526, 226.9952347012449252 ) ) ;
#1025 = LINE ( 'NONE', #1784, #677 ) ;
#1026 = CARTESIAN_POINT ( 'NONE',  ( 315.0370945548289114, -9.033945061202688365, 302.0736787075492771 ) ) ;
#1027 = CARTESIAN_POINT ( 'NONE',  ( 193.3333333323509748, -3.397287876363841441E-11, 212.5133111311279777 ) ) ;
#1028 = CARTESIAN_POINT ( 'NONE',  ( 328.8248707242529463, -3.647941933388837654, 236.6150901882574544 ) ) ;
#1029 = CARTESIAN_POINT ( 'NONE',  ( 413.0533744231811966, 0.7217353138884551322, 327.5296385190364390 ) ) ;
#1030 = CARTESIAN_POINT ( 'NONE',  ( 386.6666666647020634, 14.37424184543503181, 276.2848736422494653 ) ) ;
#1031 = B_SPLINE_CURVE_WITH_KNOTS ( 'NONE', 3,
 ( #2876, #2311, #2054, #3310, #740, #2838, #2860 ),
 .UNSPECIFIED., .F., .F.,
 ( 4, 3, 4 ),
 ( 0.000000000000000000, 0.1047562661068632411, 0.1353778192564441818 ),
 .UNSPECIFIED. ) ;
#1032 = CARTESIAN_POINT ( 'NONE',  ( 333.3585987715223382, 0.3500075963532809364, 223.3170575426594553 ) ) ;
#1033 = CARTESIAN_POINT ( 'NONE',  ( 324.2225039786993079, 9.130261882917265481, 240.6163852664082867 ) ) ;
#1034 = ORIENTED_EDGE ( 'NONE', *, *, #3201, .T. ) ;
#1035 = CARTESIAN_POINT ( 'NONE',  ( 333.0358169889496480, 3.107128736799821489, 224.2347617359474157 ) ) ;
#1036 = CARTESIAN_POINT ( 'NONE',  ( 0.000000000000000000, -0.07286972220746454343, 422.4816273383034968 ) ) ;
#1037 = ORIENTED_EDGE ( 'NONE', *, *, #2805, .T. ) ;
#1038 = CARTESIAN_POINT ( 'NONE',  ( 312.0360832496620560, -4.659913376400248275, 301.8817145493894145 ) ) ;
#1039 = CARTESIAN_POINT ( 'NONE',  ( 422.6307086941821467, -4.339824226196876467, 281.0817145493894600 ) ) ;
#1040 = EDGE_CURVE ( 'NONE', #2416, #1455, #2096, .T. ) ;
#1041 = CARTESIAN_POINT ( 'NONE',  ( 319.6137644279958181, 3.252803023247266889, 225.5092092481674513 ) ) ;
#1042 = CARTESIAN_POINT ( 'NONE',  ( 412.3910941386348554, 0.7342237663617202648, 330.0860565581297692 ) ) ;
#1043 = CARTESIAN_POINT ( 'NONE',  ( 315.0370945548289683, -4.660844606899526177, 301.8806961000210549 ) ) ;
#1044 = ORIENTED_EDGE ( 'NONE', *, *, #2281, .F. ) ;
#1045 = DIRECTION ( 'NONE',  ( 0.000000000000000000, 0.000000000000000000, 1.000000000000000000 ) ) ;
#1046 = CARTESIAN_POINT ( 'NONE',  ( 319.6415029193161672, -2.595474437617828478, 228.5506264659984765 ) ) ;
#1047 = EDGE_CURVE ( 'NONE', #3176, #2139, #2318, .T. ) ;
#1048 = CARTESIAN_POINT ( 'NONE',  ( 324.8370945548290365, 21.80627730302191125, 264.4069360666574653 ) ) ;
#1049 = CARTESIAN_POINT ( 'NONE',  ( 193.3333333323509748, 12.29171122513588976, 334.7391500830804603 ) ) ;
#1050 = ADVANCED_FACE ( 'NONE', ( #2466, #1904, #128 ), #1504, .F. ) ;
#1051 = CARTESIAN_POINT ( 'NONE',  ( 328.7769879461210962, 1.272122058319615112, 223.7700772625241825 ) ) ;
#1052 = CARTESIAN_POINT ( 'NONE',  ( 324.2199312305383501, 8.071264255359997364, 236.9662779599755709 ) ) ;
#1053 = ORIENTED_EDGE ( 'NONE', *, *, #54, .F. ) ;
#1054 = LINE ( 'NONE', #2086, #2846 ) ;
#1055 = CARTESIAN_POINT ( 'NONE',  ( 310.0370945548287978, -6.407440230842798456, 327.5531045077385670 ) ) ;
#1056 = CARTESIAN_POINT ( 'NONE',  ( 0.000000000000000000, -6.223998622485594545, 456.3664685701571671 ) ) ;
#1057 = AXIS2_PLACEMENT_3D ( 'NONE', #2468, #890, #689 ) ;
#1058 = AXIS2_PLACEMENT_3D ( 'NONE', #1095, #1841, #1824 ) ;
#1059 = EDGE_LOOP ( 'NONE', ( #1714, #900, #2169, #2721 ) ) ;
#1060 = CARTESIAN_POINT ( 'NONE',  ( 332.9365488624346199, -2.468449978793720412, 224.7211566000105449 ) ) ;
#1061 = CARTESIAN_POINT ( 'NONE',  ( 418.4367889235230678, 7.300000000000000711, 288.0817145493894031 ) ) ;
#1062 = CARTESIAN_POINT ( 'NONE',  ( 333.3958421663180616, 7.432093197775325066, 235.6786608781890777 ) ) ;
#1063 = CARTESIAN_POINT ( 'NONE',  ( 332.6951986041103169, -1.628792260800830061, 225.9037267784831329 ) ) ;
#1064 = EDGE_LOOP ( 'NONE', ( #2333, #2673, #2011, #2627 ) ) ;
#1065 = CARTESIAN_POINT ( 'NONE',  ( 445.0185472759412164, 6.125683841410268116, 237.1002955301309782 ) ) ;
#1066 = FACE_OUTER_BOUND ( 'NONE', #1064, .T. ) ;
#1067 = CARTESIAN_POINT ( 'NONE',  ( 0.000000000000000000, -4.371643211507932669, 446.5568535484148924 ) ) ;
#1068 = CARTESIAN_POINT ( 'NONE',  ( 579.9999999970528961, 6.286797556005607746, 343.1633722646573688 ) ) ;
#1069 = CARTESIAN_POINT ( 'NONE',  ( 333.3627036462177671, 0.7660131863756736159, 223.6385772472321776 ) ) ;
#1070 = CYLINDRICAL_SURFACE ( 'NONE', #305, 2.500000000000002220 ) ;
#1071 = DIRECTION ( 'NONE',  ( 0.000000000000000000, 0.000000000000000000, -1.000000000000000000 ) ) ;
#1072 = CARTESIAN_POINT ( 'NONE',  ( 445.0185472759409322, 0.000000000000000000, 0.000000000000000000 ) ) ;
#1073 = CARTESIAN_POINT ( 'NONE',  ( 386.6666666647020634, -5.825792322916422350, 357.6445870762517529 ) ) ;
#1074 = CARTESIAN_POINT ( 'NONE',  ( 333.5022052977728322, -0.2405087048064090682, 221.9495480824299136 ) ) ;
#1075 =( NAMED_UNIT ( * ) PLANE_ANGLE_UNIT ( ) SI_UNIT ( $, .RADIAN. ) );
#1076 = CARTESIAN_POINT ( 'NONE',  ( 386.6666666647018928, 9.514594926166108024, 242.4372132912697566 ) ) ;
#1077 = CARTESIAN_POINT ( 'NONE',  ( 333.1255959036751619, -0.7947992155179964824, 223.7948621976284471 ) ) ;
#1078 = VERTEX_POINT ( 'NONE', #937 ) ;
#1079 = CARTESIAN_POINT ( 'NONE',  ( 312.0370945548353916, -6.482496568953036942, 311.8817145493895850 ) ) ;
#1080 = DIRECTION ( 'NONE',  ( 0.000000000000000000, 1.000000000000000000, 0.000000000000000000 ) ) ;
#1081 = CARTESIAN_POINT ( 'NONE',  ( 386.6666666647022339, -4.098509801975090738, 416.3470041637490908 ) ) ;
#1082 = CARTESIAN_POINT ( 'NONE',  ( 193.3333333323510317, 1.503725608321301310, 399.3537027180361179 ) ) ;
#1083 = B_SPLINE_CURVE_WITH_KNOTS ( 'NONE', 3,
 ( #1958, #1913, #2228, #2953 ),
 .UNSPECIFIED., .F., .F.,
 ( 4, 4 ),
 ( 5.551115123125782702E-17, 0.01480155575216994708 ),
 .UNSPECIFIED. ) ;
#1084 = ADVANCED_FACE ( 'NONE', ( #1671 ), #1548, .T. ) ;
#1085 = CARTESIAN_POINT ( 'NONE',  ( 333.3630685854348030, -0.4167751689517077973, 223.3132261502020128 ) ) ;
#1086 = CARTESIAN_POINT ( 'NONE',  ( 390.3763714963913571, -0.07328326482081663762, 363.4288233864589870 ) ) ;
#1087 = DIRECTION ( 'NONE',  ( 1.000000000000000000, -0.000000000000000000, -0.000000000000000000 ) ) ;
#1088 = LINE ( 'NONE', #2620, #3263 ) ;
#1089 = CARTESIAN_POINT ( 'NONE',  ( 386.6666666647020634, -6.153661249499089436, 284.8637153941359657 ) ) ;
#1090 = EDGE_CURVE ( 'NONE', #3322, #1723, #1401, .T. ) ;
#1091 = CARTESIAN_POINT ( 'NONE',  ( 445.0185472759412164, -5.822436841133852958, 281.0817145493894600 ) ) ;
#1092 = FACE_OUTER_BOUND ( 'NONE', #443, .T. ) ;
#1093 = CARTESIAN_POINT ( 'NONE',  ( 333.2603199428212406, -0.1023102347277871638, 223.1347401321974075 ) ) ;
#1094 = VERTEX_POINT ( 'NONE', #1160 ) ;
#1095 = CARTESIAN_POINT ( 'NONE',  ( 28.78724197761277281, 0.000000000000000000, 376.0641378344779469 ) ) ;
#1096 = CARTESIAN_POINT ( 'NONE',  ( 326.2872516544114774, 12.32369587213381834, 257.3014431951221468 ) ) ;
#1097 = CARTESIAN_POINT ( 'NONE',  ( 324.2407408164421554, -4.915140550579106815, 257.4124366777406294 ) ) ;
#1098 = CARTESIAN_POINT ( 'NONE',  ( 0.000000000000000000, -7.452155228677345811, 421.6783925123604604 ) ) ;
#1099 = CARTESIAN_POINT ( 'NONE',  ( 319.5790406431922861, -0.02489220713146564345, 222.2050079872058745 ) ) ;
#1100 = CARTESIAN_POINT ( 'NONE',  ( 312.0370945548289114, -4.528075591606530281, 301.8817145493894145 ) ) ;
#1101 = EDGE_CURVE ( 'NONE', #3224, #3272, #906, .T. ) ;
#1102 = DIRECTION ( 'NONE',  ( -0.07632546015824470675, 0.000000000000000000, -0.9970829574973349985 ) ) ;
#1103 = CARTESIAN_POINT ( 'NONE',  ( 620.0000000000002274, 3.306277303021957437, 269.3767156309140773 ) ) ;
#1104 = CARTESIAN_POINT ( 'NONE',  ( 386.6666666647017792, -6.022437639439080392, 326.2649298393706658 ) ) ;
#1105 = VECTOR ( 'NONE', #1597, 1000.000000000000000 ) ;
#1106 = DIRECTION ( 'NONE',  ( 0.000000000000000000, 0.000000000000000000, -1.000000000000000000 ) ) ;
#1107 = APPLICATION_PROTOCOL_DEFINITION ( 'draft international standard', 'automotive_design', 1998, #404 ) ;
#1108 = COLOUR_RGB ( '',0.7921568627450980005, 0.8196078431372548767, 0.9333333333333333481 ) ;
#1109 = CARTESIAN_POINT ( 'NONE',  ( 579.9999999970531235, 1.367670693497608836, 239.2000782469990270 ) ) ;
#1110 = CARTESIAN_POINT ( 'NONE',  ( 333.2619984061118430, -0.05914396716493275363, 223.1265159825866817 ) ) ;
#1111 = ORIENTED_EDGE ( 'NONE', *, *, #1604, .F. ) ;
#1112 = PLANE ( 'NONE',  #411 ) ;
#1113 = CARTESIAN_POINT ( 'NONE',  ( 445.0185472759411027, 1.551298163220607540, 230.2159465474345268 ) ) ;
#1114 = ORIENTED_EDGE ( 'NONE', *, *, #1119, .F. ) ;
#1115 = FACE_OUTER_BOUND ( 'NONE', #1059, .T. ) ;
#1116 = ADVANCED_FACE ( 'NONE', ( #1003 ), #3072, .F. ) ;
#1117 = CARTESIAN_POINT ( 'NONE',  ( 324.2411473687420767, -5.081267688922854298, 265.1027824859052657 ) ) ;
#1118 = CARTESIAN_POINT ( 'NONE',  ( 386.6666666647022339, -5.592650226285882376, 400.6320236277662730 ) ) ;
#1119 = EDGE_CURVE ( 'NONE', #920, #3206, #505, .T. ) ;
#1120 = CARTESIAN_POINT ( 'NONE',  ( 328.7563247081196209, -0.04820657412172116296, 222.8220528655609485 ) ) ;
#1121 = ORIENTED_EDGE ( 'NONE', *, *, #1654, .T. ) ;
#1122 = LINE ( 'NONE', #1664, #2181 ) ;
#1123 = CARTESIAN_POINT ( 'NONE',  ( 118.4367889235229967, -3.525667192811752226, 293.8817145493893577 ) ) ;
#1124 = CARTESIAN_POINT ( 'NONE',  ( 386.6666666647018928, -6.161060105321074509, 294.7877091421007663 ) ) ;
#1125 = CARTESIAN_POINT ( 'NONE',  ( 417.3083548856600373, 0.6121067722253236143, 285.3894607720246768 ) ) ;
#1126 = CARTESIAN_POINT ( 'NONE',  ( 193.3333333323510317, 9.316921043030340854, 226.5755206670815198 ) ) ;
#1127 = ORIENTED_EDGE ( 'NONE', *, *, #2457, .F. ) ;
#1128 = CARTESIAN_POINT ( 'NONE',  ( 414.0840252096685390, 0.5904067074625851674, 287.1132964315974050 ) ) ;
#1129 = CARTESIAN_POINT ( 'NONE',  ( 433.8919057738514198, -4.135361927419427097, 333.2537756038997259 ) ) ;
#1130 = EDGE_LOOP ( 'NONE', ( #2761, #1917, #2586, #3112 ) ) ;
#1131 = CARTESIAN_POINT ( 'NONE',  ( 417.4367283730554163, -4.246547474879633910, 329.0177307741217874 ) ) ;
#1132 = CARTESIAN_POINT ( 'NONE',  ( 315.0370945548289114, -3.525667192811752226, 0.000000000000000000 ) ) ;
#1133 = CARTESIAN_POINT ( 'NONE',  ( 193.3333333323509180, -1.480112654933182004, 416.3527847794970853 ) ) ;
#1134 = CARTESIAN_POINT ( 'NONE',  ( 324.1673911786447206, -0.03042009881601995605, 222.5129759895819745 ) ) ;
#1135 = CARTESIAN_POINT ( 'NONE',  ( 310.0370945548289683, -6.492721997814469681, 311.8817145493895850 ) ) ;
#1136 = LINE ( 'NONE', #347, #1648 ) ;
#1137 = DIRECTION ( 'NONE',  ( 0.000000000000000000, 0.000000000000000000, -1.000000000000000000 ) ) ;
#1138 = CARTESIAN_POINT ( 'NONE',  ( 193.3333333323509180, -6.836737455847012868, 354.0694408174593946 ) ) ;
#1139 = CARTESIAN_POINT ( 'NONE',  ( 0.000000000000000000, 7.300000000000000711, 330.6817145493894259 ) ) ;
#1140 = CARTESIAN_POINT ( 'NONE',  ( 579.9999999970528961, 7.980006272893821695, 252.7075933310317168 ) ) ;
#1141 = ORIENTED_EDGE ( 'NONE', *, *, #1825, .F. ) ;
#1142 = CARTESIAN_POINT ( 'NONE',  ( 412.3910443926042149, 0.6013347517412694909, 281.9956422465844526 ) ) ;
#1143 = EDGE_CURVE ( 'NONE', #2139, #169, #435, .T. ) ;
#1144 = CARTESIAN_POINT ( 'NONE',  ( 310.0250331851877945, -6.538385178334799264, 299.8868845128225189 ) ) ;
#1145 = DIRECTION ( 'NONE',  ( -0.07632546015824470675, 0.000000000000000000, -0.9970829574973348874 ) ) ;
#1146 = DIRECTION ( 'NONE',  ( 1.000000000000000000, 0.000000000000000000, 0.000000000000000000 ) ) ;
#1147 = CARTESIAN_POINT ( 'NONE',  ( 193.3333333323509464, -7.154764304304089606, 292.9608285418079276 ) ) ;
#1148 = CARTESIAN_POINT ( 'NONE',  ( 333.3550115862288408, -0.2855428213496060130, 223.2146791817669680 ) ) ;
#1149 = CARTESIAN_POINT ( 'NONE',  ( 412.7659479020214235, -4.403348582349087437, 283.3310800318711244 ) ) ;
#1150 = LINE ( 'NONE', #1644, #1379 ) ;
#1151 = EDGE_CURVE ( 'NONE', #114, #2091, #3296, .T. ) ;
#1152 = CARTESIAN_POINT ( 'NONE',  ( 412.4527071781745349, 0.5910760228018032691, 284.2555113636358897 ) ) ;
#1153 = LINE ( 'NONE', #442, #3161 ) ;
#1154 = VERTEX_POINT ( 'NONE', #2567 ) ;
#1155 = DIRECTION ( 'NONE',  ( 1.000000000000000000, 0.000000000000000000, 0.000000000000000000 ) ) ;
#1156 = CARTESIAN_POINT ( 'NONE',  ( 386.6666666647022339, 5.886350116970718638, 359.8738835282833293 ) ) ;
#1157 = ORIENTED_EDGE ( 'NONE', *, *, #1684, .T. ) ;
#1158 = DIRECTION ( 'NONE',  ( -0.002564460613766922879, 0.9999966924973346938, 0.0001963062701369842748 ) ) ;
#1159 = AXIS2_PLACEMENT_3D ( 'NONE', #1658, #861, #845 ) ;
#1160 = CARTESIAN_POINT ( 'NONE',  ( 310.0370945548290251, 4.474332807188234007, 321.8817145493894145 ) ) ;
#1161 = CARTESIAN_POINT ( 'NONE',  ( 327.7297655684653819, 11.19140157618050679, 250.2334004731625043 ) ) ;
#1162 = DIRECTION ( 'NONE',  ( 0.000000000000000000, 0.000000000000000000, 1.000000000000000000 ) ) ;
#1163 = VECTOR ( 'NONE', #2192, 1000.000000000000000 ) ;
#1164 = VECTOR ( 'NONE', #2512, 1000.000000000000000 ) ;
#1165 = CARTESIAN_POINT ( 'NONE',  ( 0.000000000000000000, -6.040101761588164031, 217.1525123588351676 ) ) ;
#1166 = CARTESIAN_POINT ( 'NONE',  ( 324.1945738534049042, -0.5457661235991222437, 222.8198094130086417 ) ) ;
#1167 = CARTESIAN_POINT ( 'NONE',  ( 445.0185472759409322, -3.725248441036121960, 237.6911836894695682 ) ) ;
#1168 = DIRECTION ( 'NONE',  ( 0.002564460613766880379, -0.9999966924973346938, -0.0001963062701369809951 ) ) ;
#1169 = CARTESIAN_POINT ( 'NONE',  ( 412.5168139933443285, 0.5877959363624649658, 285.2301319734884828 ) ) ;
#1170 = CARTESIAN_POINT ( 'NONE',  ( 411.4628465916175060, -0.2218440020325855855, 376.8585635946876664 ) ) ;
#1171 = ORIENTED_EDGE ( 'NONE', *, *, #3260, .F. ) ;
#1172 = DIRECTION ( 'NONE',  ( 0.000000000000000000, 0.000000000000000000, 1.000000000000000000 ) ) ;
#1173 = CARTESIAN_POINT ( 'NONE',  ( 579.9999999970532372, 10.02172174692658935, 318.6559974715308385 ) ) ;
#1174 = ORIENTED_EDGE ( 'NONE', *, *, #2028, .T. ) ;
#1175 = CARTESIAN_POINT ( 'NONE',  ( 445.0185472759411027, -2.782476977523042015E-11, 229.4369720688004008 ) ) ;
#1176 = CARTESIAN_POINT ( 'NONE',  ( 422.5636177123856783, -4.357659015179591755, 302.4526412588477911 ) ) ;
#1177 = CARTESIAN_POINT ( 'NONE',  ( 325.6379636192495468, -3.624342063459632612, 235.4787665791038762 ) ) ;
#1178 = CARTESIAN_POINT ( 'NONE',  ( 310.0370945548290251, -3.525667192811752226, 311.8817145493894145 ) ) ;
#1179 = CARTESIAN_POINT ( 'NONE',  ( 579.9999999970528961, -5.167355906338058524, 296.6145897423936049 ) ) ;
#1180 = CARTESIAN_POINT ( 'NONE',  ( 324.2170432870307764, -1.130868534999272201, 223.9793163226546540 ) ) ;
#1181 = CARTESIAN_POINT ( 'NONE',  ( 412.4366529565039059, -4.409651595616627340, 284.4189597312553133 ) ) ;
#1182 = EDGE_CURVE ( 'NONE', #1018, #1840, #775, .T. ) ;
#1183 = CARTESIAN_POINT ( 'NONE',  ( 310.0370945548290251, -1.199999999999999734, 301.8817145493894145 ) ) ;
#1184 = CARTESIAN_POINT ( 'NONE',  ( 579.9999999970530098, -1.884472597434357466, 240.4758978681773272 ) ) ;
#1185 = ORIENTED_EDGE ( 'NONE', *, *, #236, .F. ) ;
#1186 = CARTESIAN_POINT ( 'NONE',  ( 418.4367889235230678, -4.372633561606567909, 283.0817145493894031 ) ) ;
#1187 = CARTESIAN_POINT ( 'NONE',  ( 579.9999999970526687, 12.21604645281511381, 288.0486393700726353 ) ) ;
#1188 = EDGE_CURVE ( 'NONE', #3002, #812, #3329, .T. ) ;
#1189 = ORIENTED_EDGE ( 'NONE', *, *, #762, .T. ) ;
#1190 = CARTESIAN_POINT ( 'NONE',  ( 414.2893412914495457, -4.246435144369059778, 331.6020006777370099 ) ) ;
#1191 = CARTESIAN_POINT ( 'NONE',  ( 433.8919049972364519, -4.313854177715433558, 293.7010589582075681 ) ) ;
#1192 = CARTESIAN_POINT ( 'NONE',  ( 323.4282346255928360, -4.473420081598447062, 246.3060166866767418 ) ) ;
#1193 = CARTESIAN_POINT ( 'NONE',  ( 418.4367889235230678, -4.389239799811164744, 288.0817145493894031 ) ) ;
#1194 = CARTESIAN_POINT ( 'NONE',  ( 386.6666666647022339, -5.954441073316516508, 336.9066955511404444 ) ) ;
#1195 = CARTESIAN_POINT ( 'NONE',  ( 324.2151291579093026, -0.9585292143636531259, 223.5526824099558780 ) ) ;
#1196 = CARTESIAN_POINT ( 'NONE',  ( 321.4350485368579484, -5.083938173334689559, 264.4069360666572948 ) ) ;
#1197 = CARTESIAN_POINT ( 'NONE',  ( 193.3333333323509464, -1.689577546666605867, 213.0401703756483016 ) ) ;
#1198 = ORIENTED_EDGE ( 'NONE', *, *, #192, .F. ) ;
#1199 = ADVANCED_FACE ( 'NONE', ( #3308 ), #2834, .F. ) ;
#1200 = CARTESIAN_POINT ( 'NONE',  ( 445.0185472759412164, -5.822436841133852958, 281.0817145493894600 ) ) ;
#1201 = VERTEX_POINT ( 'NONE', #469 ) ;
#1202 = CARTESIAN_POINT ( 'NONE',  ( 579.9999999970531235, 12.05585114077850406, 281.0960369820363098 ) ) ;
#1203 = B_SPLINE_SURFACE_WITH_KNOTS ( 'NONE', 3, 3, ( 
 ( #2952, #2701, #2442, #257 ),
 ( #1285, #2769, #2580, #2299 ),
 ( #2535, #475, #764, #1267 ),
 ( #959, #3336, #1522, #3097 ),
 ( #1248, #2554, #1012, #2042 ),
 ( #2787, #3079, #2059, #513 ),
 ( #457, #2260, #203, #238 ),
 ( #1232, #3316, #782, #219 ),
 ( #2319, #1486, #3280, #182 ),
 ( #1807, #1789, #1503, #3041 ),
 ( #2825, #1542, #2518, #1755 ),
 ( #992, #2277, #3025, #2245 ),
 ( #4, #1030, #2023, #2807 ),
 ( #3061, #3298, #973, #2848 ),
 ( #1466, #2500, #1215, #1988 ),
 ( #745, #710, #1736, #2004 ),
 ( #1771, #495, #726, #2631 ),
 ( #2597, #1563, #2866, #2373 ),
 ( #550, #1828, #1049, #816 ),
 ( #2080, #1578, #313, #1844 ),
 ( #1068, #3117, #277, #42 ),
 ( #2616, #2100, #3133, #293 ),
 ( #800, #2881, #1304, #1319 ),
 ( #22, #567, #2356, #1337 ),
 ( #1593, #56, #1082, #534 ),
 ( #2338, #2372, #3132, #2099 ),
 ( #1876, #55, #1133, #2913 ),
 ( #1592, #586, #566, #815 ),
 ( #3179, #2161, #863, #1067 ),
 ( #3196, #1081, #877, #2930 ),
 ( #2354, #2113, #1611, #2146 ),
 ( #1843, #2880, #2897, #2645 ),
 ( #2630, #1336, #312, #329 ),
 ( #1908, #2944, #1318, #3145 ),
 ( #1892, #1860, #362, #1353 ),
 ( #830, #2679, #2403, #41 ),
 ( #2387, #616, #1370, #71 ),
 ( #88, #1627, #1577, #105 ),
 ( #2660, #1118, #1640, #1388 ),
 ( #2423, #2615, #292, #1098 ),
 ( #2127, #3163, #343, #848 ),
 ( #601, #2726, #2210, #2469 ),
 ( #3258, #1922, #3007, #3245 ),
 ( #2483, #1954, #925, #164 ),
 ( #691, #2453, #3211, #2174 ),
 ( #389, #1194, #2498, #660 ),
 ( #3278, #2990, #1434, #1690 ),
 ( #1450, #2225, #1705, #132 ),
 ( #148, #1719, #957, #892 ),
 ( #1179, #2753, #1147, #1675 ),
 ( #631, #674, #1211, #405 ),
 ( #2697, #909, #2241, #941 ),
 ( #2193, #2712, #1969, #438 ),
 ( #1937, #1463, #179, #2741 ),
 ( #1419, #376, #423, #1985 ),
 ( #1661, #1405, #2438, #645 ),
 ( #119, #2962, #2977, #1165 ),
 ( #3229, #1263, #530, #510 ),
 ( #272, #2001, #2574, #3294 ),
 ( #2295, #3058, #3312, #1519 ),
 ( #742, #779, #254, #1536 ),
 ( #2019, #3037, #2257, #1008 ),
 ( #1499, #1301, #1027, #1803 ) ),
 .UNSPECIFIED., .T., .F., .F.,
 ( 4, 1, 1, 1, 1, 1, 1, 1, 1, 1, 1, 1, 1, 1, 1, 1, 1, 1, 1, 1, 1, 1, 1, 1, 1, 1, 1, 1, 1, 1, 1, 1, 1, 1, 1, 1, 1, 1, 1, 1, 1, 1, 1, 1, 1, 1, 1, 1, 1, 1, 1, 1, 1, 1, 1, 1, 1, 1, 1, 1, 4 ),
 ( 4, 4 ),
 ( 0.000000000000000000, 0.003860322318652631424, 0.009394797800600040993, 0.01667682966515771081, 0.02574601821153910119, 0.03660292795654351838, 0.04920899649386034636, 0.06349082326102040152, 0.07934674930367069390, 0.09664596362268917940, 0.1152362930771427818, 0.1349489434337972638, 0.1556634120433916246, 0.1773331524001592330, 0.1998829210885900709, 0.2232120323077090296, 0.2472101962221454619, 0.2717419340733749911, 0.2965571596970338897, 0.3213261058738797749, 0.3457060309687295385, 0.3693717206835468447, 0.3919905574059651121, 0.4132492025566901761, 0.4328580350888563411, 0.4505322894011315471, 0.4660166644726876362, 0.4791302729403160710, 0.4897712402210446792, 0.4977451439687686774, 0.5027415987227935590, 0.5044506879271154487, 0.5061687141980233395, 0.5111726415984217953, 0.5191493344995530279, 0.5297856188872963612, 0.5429192827985859227, 0.5584900536828429907, 0.5763877949385057819, 0.5963681263741105187, 0.6181950463317675837, 0.6415931759684508906, 0.6662720753110366045, 0.6919362323365962908, 0.7182704540732928189, 0.7449493915174514314, 0.7716573823196638537, 0.7980689496398100102, 0.8238682316128342897, 0.8487443405748122949, 0.8724112732714405238, 0.8945985341559141713, 0.9150565674164555796, 0.9335822461452389920, 0.9499859994824328968, 0.9641230260458010237, 0.9759079492932850597, 0.9852880743758861692, 0.9922841994269310240, 0.9970173798615488137, 1.000000000000000000 ),
 ( 0.000000000000000000, 1.000000000000000000 ),
 .UNSPECIFIED. ) ;
#1204 = ORIENTED_EDGE ( 'NONE', *, *, #280, .T. ) ;
#1205 = CARTESIAN_POINT ( 'NONE',  ( 412.9493621984115066, -4.258962519395893764, 330.7071238794743522 ) ) ;
#1206 = DIRECTION ( 'NONE',  ( 0.000000000000000000, -1.000000000000000000, 0.000000000000000000 ) ) ;
#1207 = CARTESIAN_POINT ( 'NONE',  ( 328.1460506551832168, -0.6285393161707614196, 223.1896190376757829 ) ) ;
#1208 = CARTESIAN_POINT ( 'NONE',  ( 445.0185472759408185, 5.256911011296605984, 359.2460327981112869 ) ) ;
#1209 = CIRCLE ( 'NONE', #1159, 3.300000000000025135 ) ;
#1210 = ADVANCED_FACE ( 'NONE', ( #2527 ), #1241, .T. ) ;
#1211 = CARTESIAN_POINT ( 'NONE',  ( 193.3333333323510317, -7.146172102861043207, 281.4362150807652938 ) ) ;
#1212 = VECTOR ( 'NONE', #1615, 1000.000000000000114 ) ;
#1213 = CARTESIAN_POINT ( 'NONE',  ( 324.2126268303530310, -0.8751653898063753712, 223.3669723505971376 ) ) ;
#1214 = AXIS2_PLACEMENT_3D ( 'NONE', #694, #123, #2428 ) ;
#1215 = CARTESIAN_POINT ( 'NONE',  ( 193.3333333323510317, 16.73177006838016467, 291.1673851077070481 ) ) ;
#1216 = CARTESIAN_POINT ( 'NONE',  ( 579.9999999970531235, -2.676006289986922582, 242.6746744830808211 ) ) ;
#1217 = VECTOR ( 'NONE', #2921, 1000.000000000000000 ) ;
#1218 = ORIENTED_EDGE ( 'NONE', *, *, #487, .F. ) ;
#1219 = CARTESIAN_POINT ( 'NONE',  ( 118.4367889235229967, -1.525667192811738015, 291.8817145493893577 ) ) ;
#1220 = EDGE_CURVE ( 'NONE', #1584, #2561, #2269, .T. ) ;
#1221 = ORIENTED_EDGE ( 'NONE', *, *, #3022, .F. ) ;
#1222 = CARTESIAN_POINT ( 'NONE',  ( 193.3333333323509464, 8.704752596376119200, 357.4126630265610629 ) ) ;
#1223 = ORIENTED_EDGE ( 'NONE', *, *, #10, .F. ) ;
#1224 = CARTESIAN_POINT ( 'NONE',  ( 412.4532127431717186, -4.269022279160690658, 329.5109452568977417 ) ) ;
#1225 = FACE_OUTER_BOUND ( 'NONE', #961, .T. ) ;
#1226 = CARTESIAN_POINT ( 'NONE',  ( 445.0185472759409322, -4.094611726652619410, 330.6817145493894259 ) ) ;
#1227 = CARTESIAN_POINT ( 'NONE',  ( 319.7340254802987829, 13.20103300727330087, 264.4069360666574653 ) ) ;
#1228 = CARTESIAN_POINT ( 'NONE',  ( 315.0370945548289114, -8.514658266593427172, 302.9176349252326759 ) ) ;
#1229 = CARTESIAN_POINT ( 'NONE',  ( 319.7340254802987829, -5.093461917049689980, 264.4069360666574653 ) ) ;
#1230 = CARTESIAN_POINT ( 'NONE',  ( 333.3914796926812869, -0.9021436907176089148, 224.0612380708774651 ) ) ;
#1231 = CARTESIAN_POINT ( 'NONE',  ( 412.4368441494903550, 0.7278114726868700757, 329.0178108058202611 ) ) ;
#1232 = CARTESIAN_POINT ( 'NONE',  ( 579.9999999970528961, 7.980006272893821695, 252.7075933310317168 ) ) ;
#1233 = CARTESIAN_POINT ( 'NONE',  ( 319.6365705994689961, 10.48012594250296559, 245.9653148096560074 ) ) ;
#1234 = ORIENTED_EDGE ( 'NONE', *, *, #1220, .T. ) ;
#1235 = CARTESIAN_POINT ( 'NONE',  ( 417.3575603708664516, 0.6178917811820281436, 283.9364422981524854 ) ) ;
#1236 = ORIENTED_EDGE ( 'NONE', *, *, #1654, .F. ) ;
#1237 = CARTESIAN_POINT ( 'NONE',  ( 193.3333333323510885, -6.494676812344354566, 415.8765459913967675 ) ) ;
#1238 = EDGE_LOOP ( 'NONE', ( #2049, #1468, #207, #1016 ) ) ;
#1239 = CARTESIAN_POINT ( 'NONE',  ( 417.4207991701475748, 0.7523603864772898664, 328.8558262349654910 ) ) ;
#1240 = CARTESIAN_POINT ( 'NONE',  ( 315.0370945548289683, -6.512713589993667007, 299.8682243086328754 ) ) ;
#1241 = PLANE ( 'NONE',  #1381 ) ;
#1242 = CARTESIAN_POINT ( 'NONE',  ( 327.2783068349350515, -2.224560574550039860, 227.4413980558718720 ) ) ;
#1243 = FACE_OUTER_BOUND ( 'NONE', #1836, .T. ) ;
#1244 = EDGE_CURVE ( 'NONE', #2633, #1154, #2360, .T. ) ;
#1245 = DIRECTION ( 'NONE',  ( -0.07632546015824470675, 0.000000000000000000, -0.9970829574973348874 ) ) ;
#1246 = CARTESIAN_POINT ( 'NONE',  ( 333.4152394721284622, -3.991810157093702571, 240.6460993348883903 ) ) ;
#1247 = CARTESIAN_POINT ( 'NONE',  ( 414.9367889235012967, 0.7573911771075538812, 331.6817145493894259 ) ) ;
#1248 = CARTESIAN_POINT ( 'NONE',  ( 579.9999999970528961, 4.033212153983865456, 242.5533110923767026 ) ) ;
#1249 = CARTESIAN_POINT ( 'NONE',  ( 328.7749348950249555, 0.9468138248570669990, 223.4771837223477178 ) ) ;
#1250 = CARTESIAN_POINT ( 'NONE',  ( 328.8122067236915314, 9.542661327853320330, 242.7000971839947567 ) ) ;
#1251 = VERTEX_POINT ( 'NONE', #3053 ) ;
#1252 = EDGE_CURVE ( 'NONE', #581, #3322, #1477, .T. ) ;
#1253 = CARTESIAN_POINT ( 'NONE',  ( 445.0185472759410459, -5.553027093206108766, 353.3304101192046573 ) ) ;
#1254 = ORIENTED_EDGE ( 'NONE', *, *, #201, .F. ) ;
#1255 = CARTESIAN_POINT ( 'NONE',  ( 386.6666666647022339, -0.05509682441517349538, 394.0997390200583936 ) ) ;
#1256 = ORIENTED_EDGE ( 'NONE', *, *, #2194, .T. ) ;
#1257 = FACE_OUTER_BOUND ( 'NONE', #126, .T. ) ;
#1258 = CARTESIAN_POINT ( 'NONE',  ( 417.1843178388037359, -4.389525881086593806, 285.6887096953372520 ) ) ;
#1259 = DIRECTION ( 'NONE',  ( -0.9798025319616462392, 3.152571792354809599E-17, -0.1999674932621482715 ) ) ;
#1260 = CARTESIAN_POINT ( 'NONE',  ( 324.2132820899759622, 5.821549913903331763, 230.7471203258410242 ) ) ;
#1261 = CARTESIAN_POINT ( 'NONE',  ( 310.0370945548290251, -3.525667192811752226, 0.000000000000000000 ) ) ;
#1262 = CARTESIAN_POINT ( 'NONE',  ( 315.0370945548289114, -5.746495017718173948, 301.4613123311388563 ) ) ;
#1263 = CARTESIAN_POINT ( 'NONE',  ( 386.6666666647018928, -3.915872789727388614, 234.1898982628685246 ) ) ;
#1264 = CARTESIAN_POINT ( 'NONE',  ( 333.4135846562662095, -3.630262714845834182, 236.8693647825922710 ) ) ;
#1265 = LINE ( 'NONE', #725, #2900 ) ;
#1266 = AXIS2_PLACEMENT_3D ( 'NONE', #1708, #2702, #410 ) ;
#1267 = CARTESIAN_POINT ( 'NONE',  ( 0.000000000000000000, 2.156697113733638815, 200.5962828315869046 ) ) ;
#1268 = CARTESIAN_POINT ( 'NONE',  ( 319.5858193018281668, 0.1101241693689466727, 222.2499134052118563 ) ) ;
#1269 = CARTESIAN_POINT ( 'NONE',  ( 333.4019094686838116, 9.951738773375733871, 244.7701901414133658 ) ) ;
#1270 = VERTEX_POINT ( 'NONE', #1515 ) ;
#1271 = CARTESIAN_POINT ( 'NONE',  ( 315.0370945548289114, -1.199999999999999734, 0.000000000000000000 ) ) ;
#1272 = ORIENTED_EDGE ( 'NONE', *, *, #2135, .T. ) ;
#1273 = CARTESIAN_POINT ( 'NONE',  ( 386.6666666647018360, -1.274544155731860640, 401.0421190094137955 ) ) ;
#1274 = VECTOR ( 'NONE', #1001, 1000.000000000000000 ) ;
#1275 = ORIENTED_EDGE ( 'NONE', *, *, #1047, .T. ) ;
#1276 = DIRECTION ( 'NONE',  ( -9.637352644315590806E-16, 0.000000000000000000, 1.000000000000000000 ) ) ;
#1277 = LINE ( 'NONE', #2308, #87 ) ;
#1278 = CARTESIAN_POINT ( 'NONE',  ( 413.4367889235230678, -3.525667192811752226, 293.8817145493893577 ) ) ;
#1279 = CARTESIAN_POINT ( 'NONE',  ( 319.6232636861765855, 5.466978614231299716, 229.6098964208177620 ) ) ;
#1280 = DIRECTION ( 'NONE',  ( 0.000000000000000000, 0.000000000000000000, 1.000000000000000000 ) ) ;
#1281 = CARTESIAN_POINT ( 'NONE',  ( 315.0370945548289114, -5.186250125673531386, 304.8490011947359335 ) ) ;
#1282 = CARTESIAN_POINT ( 'NONE',  ( 433.8246278348026976, -4.139352011136891996, 332.6817145493892554 ) ) ;
#1283 = CARTESIAN_POINT ( 'NONE',  ( 328.8225627897946879, -3.200533912332086395, 232.8495953093735409 ) ) ;
#1284 = CARTESIAN_POINT ( 'NONE',  ( 310.0370945548290820, -6.347919574081259064, 264.4069360705284453 ) ) ;
#1285 = CARTESIAN_POINT ( 'NONE',  ( 579.9999999970530098, 0.4218217482621807735, 238.5244780359223853 ) ) ;
#1286 = CARTESIAN_POINT ( 'NONE',  ( 319.6039148336198537, 1.900778159972875914, 223.7667551051204384 ) ) ;
#1287 = CARTESIAN_POINT ( 'NONE',  ( 319.6380175991251917, 11.21582726851692158, 249.7271386592619251 ) ) ;
#1288 = ORIENTED_EDGE ( 'NONE', *, *, #1802, .T. ) ;
#1289 = ADVANCED_FACE ( 'NONE', ( #229 ), #1555, .T. ) ;
#1290 = CARTESIAN_POINT ( 'NONE',  ( 331.8516582085068762, 6.577102012004258036, 230.0369136377134680 ) ) ;
#1291 = CARTESIAN_POINT ( 'NONE',  ( 386.6666666647017792, -4.705967703391121582, 419.7200802417859222 ) ) ;
#1292 = VERTEX_POINT ( 'NONE', #1278 ) ;
#1293 = CARTESIAN_POINT ( 'NONE',  ( 339.3174794251251001, -0.6020362616947394496, 352.2934344160582327 ) ) ;
#1294 = DIRECTION ( 'NONE',  ( 0.9999967117653472126, 0.002564460663179174947, 0.000000000000000000 ) ) ;
#1295 = CARTESIAN_POINT ( 'NONE',  ( 315.0370945548289683, -6.497949358047721446, 304.6278854202924435 ) ) ;
#1296 = CARTESIAN_POINT ( 'NONE',  ( 333.3907099540026593, 5.771165380189581917, 231.2990431661346236 ) ) ;
#1297 = LINE ( 'NONE', #489, #1963 ) ;
#1298 = CARTESIAN_POINT ( 'NONE',  ( 312.0370945548289114, -4.528075591606530281, 301.8817145493894145 ) ) ;
#1299 = ORIENTED_EDGE ( 'NONE', *, *, #2368, .F. ) ;
#1300 = EDGE_CURVE ( 'NONE', #2231, #1795, #3001, .T. ) ;
#1301 = CARTESIAN_POINT ( 'NONE',  ( 386.6666666647018928, -2.925017541545449351E-11, 225.5133111311280913 ) ) ;
#1302 = CARTESIAN_POINT ( 'NONE',  ( 324.2224812474357236, -1.912499450962080960, 226.1628755857272211 ) ) ;
#1303 = CARTESIAN_POINT ( 'NONE',  ( 412.5640501269925835, 0.7345247346698455804, 329.9860370520831907 ) ) ;
#1304 = CARTESIAN_POINT ( 'NONE',  ( 193.3333333323509464, 4.987358710711697896, 379.3420367611240636 ) ) ;
#1305 = CARTESIAN_POINT ( 'NONE',  ( 328.7759410163852181, 1.112993460944893265, 223.6224691734540215 ) ) ;
#1306 = CARTESIAN_POINT ( 'NONE',  ( 319.6372940992970939, 10.84797660550994713, 247.8462267344590089 ) ) ;
#1307 = EDGE_LOOP ( 'NONE', ( #284, #2200, #2812, #463 ) ) ;
#1308 = CARTESIAN_POINT ( 'NONE',  ( 326.3885046812228552, 13.47124271264177509, 256.8053226986331765 ) ) ;
#1309 = CARTESIAN_POINT ( 'NONE',  ( 193.3333333323510885, -6.108416584304056762, 434.0147561491482975 ) ) ;
#1310 = ORIENTED_EDGE ( 'NONE', *, *, #2421, .T. ) ;
#1311 = CARTESIAN_POINT ( 'NONE',  ( 412.7659174550082071, -4.277256474915958506, 327.9311325288923626 ) ) ;
#1312 = CARTESIAN_POINT ( 'NONE',  ( 333.3877959827812560, 4.991755061095410895, 229.6157357075511811 ) ) ;
#1313 = CARTESIAN_POINT ( 'NONE',  ( 332.3439298537361992, -2.176289693875065545, 227.6248765783882106 ) ) ;
#1314 = CARTESIAN_POINT ( 'NONE',  ( 312.0218367320001676, -6.517146437704508521, 300.1296335609287667 ) ) ;
#1315 = ORIENTED_EDGE ( 'NONE', *, *, #690, .F. ) ;
#1316 = CARTESIAN_POINT ( 'NONE',  ( 445.0185472759409890, 12.44066740582152875, 311.2766848511495823 ) ) ;
#1317 = CARTESIAN_POINT ( 'NONE',  ( 328.8127344049108842, -2.025474950691791065, 226.8888428144084344 ) ) ;
#1318 = CARTESIAN_POINT ( 'NONE',  ( 193.3333333323510885, -5.937811506948676765, 439.6798056192790227 ) ) ;
#1319 = CARTESIAN_POINT ( 'NONE',  ( 0.000000000000000000, 5.680038312985622895, 389.5123884482915173 ) ) ;
#1320 = CARTESIAN_POINT ( 'NONE',  ( 328.7735171237943064, 0.6840119783259315245, 223.2607358529830037 ) ) ;
#1321 = PLANE ( 'NONE',  #2182 ) ;
#1322 = AXIS2_PLACEMENT_3D ( 'NONE', #1372, #2407, #1390 ) ;
#1323 = DIRECTION ( 'NONE',  ( 0.000000000000000000, -1.000000000000000000, 0.000000000000000000 ) ) ;
#1324 = CARTESIAN_POINT ( 'NONE',  ( 310.0370945548290251, 0.000000000000000000, 321.8817145493894145 ) ) ;
#1325 = CARTESIAN_POINT ( 'NONE',  ( 0.000000000000000000, -6.717750288785817148, 224.6004539023777511 ) ) ;
#1326 = AXIS2_PLACEMENT_3D ( 'NONE', #485, #2779, #1294 ) ;
#1327 = AXIS2_PLACEMENT_3D ( 'NONE', #1764, #2545, #3289 ) ;
#1328 = ORIENTED_EDGE ( 'NONE', *, *, #3257, .T. ) ;
#1329 = CARTESIAN_POINT ( 'NONE',  ( 333.4834146076560160, -0.5868279438740116039, 222.0416188758046871 ) ) ;
#1330 = DIRECTION ( 'NONE',  ( -0.9970829574973349985, 0.000000000000000000, 0.07632546015824470675 ) ) ;
#1331 = DIRECTION ( 'NONE',  ( 0.000000000000000000, 0.000000000000000000, -1.000000000000000000 ) ) ;
#1332 = CARTESIAN_POINT ( 'NONE',  ( 332.8618622727102547, 2.264314863455539228, 225.0871066277982209 ) ) ;
#1333 = VERTEX_POINT ( 'NONE', #954 ) ;
#1334 = CARTESIAN_POINT ( 'NONE',  ( 445.0185472759412164, 11.36726743669355955, 320.3398500104859181 ) ) ;
#1335 = CYLINDRICAL_SURFACE ( 'NONE', #2683, 2.500000000000002220 ) ;
#1336 = CARTESIAN_POINT ( 'NONE',  ( 386.6666666647018360, -5.188915455063127347, 422.9413900255781300 ) ) ;
#1337 = CARTESIAN_POINT ( 'NONE',  ( 0.000000000000000000, 3.638467315049533468, 401.2609511280016932 ) ) ;
#1338 = EDGE_CURVE ( 'NONE', #2505, #1251, #3089, .T. ) ;
#1339 = CARTESIAN_POINT ( 'NONE',  ( 324.1727012469968940, 0.05856870451289602347, 222.5351365294114601 ) ) ;
#1340 = CARTESIAN_POINT ( 'NONE',  ( 312.0370945548353916, -6.482496568953036942, 311.8817145493895850 ) ) ;
#1341 = DIRECTION ( 'NONE',  ( -0.9970796596427952130, -0.002571963139560336838, 0.07632520771158345096 ) ) ;
#1342 = CARTESIAN_POINT ( 'NONE',  ( 400.0000000000000568, 3.443088007130912676, 258.9429071604394608 ) ) ;
#1343 = CARTESIAN_POINT ( 'NONE',  ( 193.3333333323510885, -6.593476819720387461, 398.3318257381640706 ) ) ;
#1344 = CARTESIAN_POINT ( 'NONE',  ( 333.1108744469491967, -2.133176760426533036, 223.8669945244324992 ) ) ;
#1345 = B_SPLINE_CURVE_WITH_KNOTS ( 'NONE', 3,
 ( #1175, #372, #399, #2986 ),
 .UNSPECIFIED., .F., .F.,
 ( 4, 4 ),
 ( 0.2327266426237890318, 0.4249923487174618320 ),
 .UNSPECIFIED. ) ;
#1346 = CARTESIAN_POINT ( 'NONE',  ( 413.4367889235230678, -3.525667192811752226, 0.000000000000000000 ) ) ;
#1347 = CARTESIAN_POINT ( 'NONE',  ( 333.2614590987318479, -0.001211807602319005294, 223.1291584857620478 ) ) ;
#1348 = ORIENTED_EDGE ( 'NONE', *, *, #1359, .T. ) ;
#1349 = CARTESIAN_POINT ( 'NONE',  ( 445.0185472759411027, 13.70656621721832735, 293.8699202152331509 ) ) ;
#1350 = ORIENTED_EDGE ( 'NONE', *, *, #1398, .F. ) ;
#1351 = CARTESIAN_POINT ( 'NONE',  ( 417.4208697458370807, -4.247641266415596917, 328.8555050728367064 ) ) ;
#1352 = CARTESIAN_POINT ( 'NONE',  ( 333.4177561982032785, -4.731108279615167334, 253.9554759197358749 ) ) ;
#1353 = CARTESIAN_POINT ( 'NONE',  ( 0.000000000000000000, -6.846324879718627798, 456.3122647871372806 ) ) ;
#1354 = CARTESIAN_POINT ( 'NONE',  ( 324.1829550550062891, -0.3810214659117255320, 222.6661113320841423 ) ) ;
#1355 = ORIENTED_EDGE ( 'NONE', *, *, #2601, .F. ) ;
#1356 = LINE ( 'NONE', #332, #839 ) ;
#1357 = LINE ( 'NONE', #1123, #580 ) ;
#1358 = CARTESIAN_POINT ( 'NONE',  ( 0.000000000000000000, -8.138682956222996978, 278.0087147673945651 ) ) ;
#1359 = EDGE_CURVE ( 'NONE', #3224, #1385, #713, .T. ) ;
#1360 = PLANE ( 'NONE',  #2414 ) ;
#1361 = CARTESIAN_POINT ( 'NONE',  ( 411.4367889235230678, -5.998504978718434799, 281.0817145493893463 ) ) ;
#1362 = CARTESIAN_POINT ( 'NONE',  ( 579.9999999970532372, 5.400585436222888447, 245.2695254820144157 ) ) ;
#1363 = CARTESIAN_POINT ( 'NONE',  ( 331.5917408355365410, 5.832789600679041619, 231.3104591324472779 ) ) ;
#1364 = ORIENTED_EDGE ( 'NONE', *, *, #2066, .F. ) ;
#1365 = CARTESIAN_POINT ( 'NONE',  ( 314.7335317849309604, -6.476523667093792902, 310.2113200954781291 ) ) ;
#1366 = ORIENTED_EDGE ( 'NONE', *, *, #274, .T. ) ;
#1367 = CARTESIAN_POINT ( 'NONE',  ( 329.5123003380934392, 9.242854771915121503, 241.4993204879646953 ) ) ;
#1368 = CARTESIAN_POINT ( 'NONE',  ( 319.6524334367288134, -5.104122213990510026, 264.9534749945120780 ) ) ;
#1369 = EDGE_CURVE ( 'NONE', #2981, #2139, #2090, .T. ) ;
#1370 = CARTESIAN_POINT ( 'NONE',  ( 193.3333333323509180, -6.294774974397376432, 429.2302680798250663 ) ) ;
#1371 = CARTESIAN_POINT ( 'NONE',  ( 333.3448031343206708, -0.03671232262882542785, 223.1302070448471397 ) ) ;
#1372 = CARTESIAN_POINT ( 'NONE',  ( 400.0000000000000568, 3.443088007130913120, 253.6429071604394210 ) ) ;
#1373 = CARTESIAN_POINT ( 'NONE',  ( 320.5207681346386153, -0.2534755244859376311, 368.7761829327501459 ) ) ;
#1374 = CARTESIAN_POINT ( 'NONE',  ( 413.4367889235230678, -4.287614748383433927, 325.6817145493894259 ) ) ;
#1375 = CARTESIAN_POINT ( 'NONE',  ( 0.000000000000000000, -7.638359414888849841, 243.0181500959986352 ) ) ;
#1376 = CIRCLE ( 'NONE', #3212, 3.300000000000025135 ) ;
#1377 = AXIS2_PLACEMENT_3D ( 'NONE', #2657, #341, #1906 ) ;
#1378 = CARTESIAN_POINT ( 'NONE',  ( 415.7422737809006890, 0.5993762754239155832, 286.9539917949989558 ) ) ;
#1379 = VECTOR ( 'NONE', #2715, 1000.000000000000000 ) ;
#1380 = CARTESIAN_POINT ( 'NONE',  ( 193.3333333323510317, 1.893688306988295489, 213.4642146367242788 ) ) ;
#1381 = AXIS2_PLACEMENT_3D ( 'NONE', #212, #2818, #1781 ) ;
#1382 = EDGE_LOOP ( 'NONE', ( #51, #3326, #3286, #30 ) ) ;
#1383 = DIRECTION ( 'NONE',  ( 0.000000000000000000, -1.000000000000000000, -0.000000000000000000 ) ) ;
#1384 = CARTESIAN_POINT ( 'NONE',  ( 315.0370945548290820, -6.480903624744966507, 308.8817145493894145 ) ) ;
#1385 = VERTEX_POINT ( 'NONE', #2824 ) ;
#1386 = CARTESIAN_POINT ( 'NONE',  ( 415.7427129367878251, -4.268909489733832885, 326.8095122496995373 ) ) ;
#1387 = CARTESIAN_POINT ( 'NONE',  ( 391.5212533987616439, -0.4732832648208233906, 378.3850677489193117 ) ) ;
#1388 = CARTESIAN_POINT ( 'NONE',  ( 0.000000000000000000, -7.396703398402827645, 431.1210683550273188 ) ) ;
#1389 = CARTESIAN_POINT ( 'NONE',  ( 333.3455458357929047, -0.02121596907075630478, 223.1311087526434562 ) ) ;
#1390 = DIRECTION ( 'NONE',  ( 0.000000000000000000, 0.000000000000000000, -1.000000000000000000 ) ) ;
#1391 = B_SPLINE_CURVE_WITH_KNOTS ( 'NONE', 3,
 ( #2784, #1282, #1560, #2803 ),
 .UNSPECIFIED., .F., .F.,
 ( 4, 4 ),
 ( 0.2179475382378509296, 0.2515297386376555422 ),
 .UNSPECIFIED. ) ;
#1392 = CARTESIAN_POINT ( 'NONE',  ( 310.0370945548290820, 6.473779167566021009, 362.0531272860583840 ) ) ;
#1393 = DIRECTION ( 'NONE',  ( 0.000000000000000000, 0.000000000000000000, 1.000000000000000000 ) ) ;
#1394 = CARTESIAN_POINT ( 'NONE',  ( 579.9999999970532372, -4.994062015816076006, 331.9402949731788794 ) ) ;
#1395 = EDGE_CURVE ( 'NONE', #609, #2419, #512, .T. ) ;
#1396 = LINE ( 'NONE', #2431, #2404 ) ;
#1397 = CARTESIAN_POINT ( 'NONE',  ( 386.6666666647022339, 6.439140651349280375, 233.5687738193448126 ) ) ;
#1398 = EDGE_CURVE ( 'NONE', #2264, #1580, #417, .T. ) ;
#1399 = ORIENTED_EDGE ( 'NONE', *, *, #697, .F. ) ;
#1400 = CARTESIAN_POINT ( 'NONE',  ( 341.6072432298723811, -0.2020362616947314893, 382.2059231409783138 ) ) ;
#1401 = LINE ( 'NONE', #2708, #630 ) ;
#1402 = LINE ( 'NONE', #627, #2406 ) ;
#1403 = CARTESIAN_POINT ( 'NONE',  ( 411.4367889235230678, -4.254221363378515086, 332.6817145493894259 ) ) ;
#1404 = EDGE_CURVE ( 'NONE', #2027, #1723, #2552, .T. ) ;
#1405 = CARTESIAN_POINT ( 'NONE',  ( 386.6666666647018928, -5.079293524304736351, 244.4817092322057874 ) ) ;
#1406 = B_SPLINE_CURVE_WITH_KNOTS ( 'NONE', 3,
 ( #2649, #2410, #880, #74 ),
 .UNSPECIFIED., .F., .F.,
 ( 4, 4 ),
 ( 0.03101864984380299853, 0.05760075795564666146 ),
 .UNSPECIFIED. ) ;
#1407 = CARTESIAN_POINT ( 'NONE',  ( 324.1676107761063577, -0.04892015711235225134, 222.5135171427810405 ) ) ;
#1408 = CARTESIAN_POINT ( 'NONE',  ( 412.5160302621006281, -4.407291651079457750, 283.9363944388569507 ) ) ;
#1409 = DIRECTION ( 'NONE',  ( -0.9970829574973349985, 0.000000000000000000, 0.07632546015824470675 ) ) ;
#1410 = CARTESIAN_POINT ( 'NONE',  ( 413.8287013455822034, 0.5897989774808191088, 286.8287203349512993 ) ) ;
#1411 = DIRECTION ( 'NONE',  ( -0.9970829574973349985, 0.000000000000000000, 0.07632546015824470675 ) ) ;
#1412 = CARTESIAN_POINT ( 'NONE',  ( 413.4367889235230678, 60.00000000000000000, 325.6817145493894259 ) ) ;
#1413 = CARTESIAN_POINT ( 'NONE',  ( 193.3333333323510317, 10.54414989762780763, 346.0951269367138252 ) ) ;
#1414 = EDGE_LOOP ( 'NONE', ( #2488, #2773 ) ) ;
#1415 = CARTESIAN_POINT ( 'NONE',  ( 339.3174794251251001, -0.2020362616947314893, 352.2934344160582327 ) ) ;
#1416 = CARTESIAN_POINT ( 'NONE',  ( 315.0370945548289114, -6.498491360724473864, 304.4770995433729013 ) ) ;
#1417 = CARTESIAN_POINT ( 'NONE',  ( 333.5044377421774584, -3.054881667386427130E-11, 221.9386095311470797 ) ) ;
#1418 = CARTESIAN_POINT ( 'NONE',  ( 445.0185472759409322, 7.300000000000000711, 283.0817145493894600 ) ) ;
#1419 = CARTESIAN_POINT ( 'NONE',  ( 579.9999999970532372, -4.599044283111842546, 259.9049248138404096 ) ) ;
#1420 = CARTESIAN_POINT ( 'NONE',  ( 333.3961813549227031, -1.451584255194716899, 225.4554860536063075 ) ) ;
#1421 = CARTESIAN_POINT ( 'NONE',  ( 412.4369266132790131, -4.410901979086313318, 284.7486199544260330 ) ) ;
#1422 = LINE ( 'NONE', #604, #1480 ) ;
#1423 = CARTESIAN_POINT ( 'NONE',  ( 323.1360715619161397, -5.074408801540466030, 264.4069360666576358 ) ) ;
#1424 =( NAMED_UNIT ( * ) PLANE_ANGLE_UNIT ( ) SI_UNIT ( $, .RADIAN. ) );
#1425 = VERTEX_POINT ( 'NONE', #3096 ) ;
#1426 = DIRECTION ( 'NONE',  ( -1.000000000000000000, 0.000000000000000000, 0.000000000000000000 ) ) ;
#1427 = CARTESIAN_POINT ( 'NONE',  ( 579.9999999970530098, 8.877391888367052175, 326.7879745516336243 ) ) ;
#1428 = ORIENTED_EDGE ( 'NONE', *, *, #323, .T. ) ;
#1429 = CARTESIAN_POINT ( 'NONE',  ( 413.4367889235231814, -4.361000458211114150, 313.1484859669087086 ) ) ;
#1430 = CARTESIAN_POINT ( 'NONE',  ( 445.2202264384354180, -4.255672135498184794, 293.8231801387856876 ) ) ;
#1431 = CARTESIAN_POINT ( 'NONE',  ( 322.6894872198630537, -4.651310489713571528, 249.9257379063918734 ) ) ;
#1432 = CARTESIAN_POINT ( 'NONE',  ( 118.4367889235229967, 0.000000000000000000, 291.8817145493893577 ) ) ;
#1433 = EDGE_CURVE ( 'NONE', #1974, #1635, #1265, .T. ) ;
#1434 = CARTESIAN_POINT ( 'NONE',  ( 193.3333333323508896, -6.993783717568672564, 329.5149428003301182 ) ) ;
#1435 = VECTOR ( 'NONE', #990, 1000.000000000000000 ) ;
#1436 = CARTESIAN_POINT ( 'NONE',  ( 319.6087611975847267, -0.5917287029499499473, 222.5632528789030573 ) ) ;
#1437 = CARTESIAN_POINT ( 'NONE',  ( 414.1312988977269356, -4.408955253786217554, 286.9539901724802462 ) ) ;
#1438 = CARTESIAN_POINT ( 'NONE',  ( 414.9367889235230678, 149.2235650228595034, 326.6817145493894259 ) ) ;
#1439 = FACE_OUTER_BOUND ( 'NONE', #185, .T. ) ;
#1440 = ORIENTED_EDGE ( 'NONE', *, *, #531, .F. ) ;
#1441 = FACE_OUTER_BOUND ( 'NONE', #2600, .T. ) ;
#1442 = ORIENTED_EDGE ( 'NONE', *, *, #1897, .F. ) ;
#1443 = CARTESIAN_POINT ( 'NONE',  ( 193.3333333323509464, 16.09404880310246000, 262.3418053606099534 ) ) ;
#1444 = B_SPLINE_CURVE_WITH_KNOTS ( 'NONE', 3,
 ( #3028, #2772, #1489, #1200 ),
 .UNSPECIFIED., .F., .F.,
 ( 4, 4 ),
 ( 0.000000000000000000, 0.03358221990843323485 ),
 .UNSPECIFIED. ) ;
#1445 = ORIENTED_EDGE ( 'NONE', *, *, #192, .T. ) ;
#1446 = CARTESIAN_POINT ( 'NONE',  ( 416.1920991154827334, 0.7346474477820401638, 327.0135064314467854 ) ) ;
#1447 = CARTESIAN_POINT ( 'NONE',  ( 422.5636168432427553, -4.339684702389194904, 306.8903784306881448 ) ) ;
#1448 = CARTESIAN_POINT ( 'NONE',  ( 327.7685662883483246, 2.503020690842325813, 225.0392203522068826 ) ) ;
#1449 = CARTESIAN_POINT ( 'NONE',  ( 310.0370945548290251, 6.474332807188248218, 319.8817145493894145 ) ) ;
#1450 = CARTESIAN_POINT ( 'NONE',  ( 579.9999999970531235, -5.102621935511616691, 314.0808441813599075 ) ) ;
#1451 = CARTESIAN_POINT ( 'NONE',  ( 333.3690537112604488, -0.4953789052648778224, 223.3898270353959106 ) ) ;
#1452 = CARTESIAN_POINT ( 'NONE',  ( 412.6892416129633148, 0.5871751942212330988, 285.6886725196405905 ) ) ;
#1453 = ORIENTED_EDGE ( 'NONE', *, *, #3293, .T. ) ;
#1454 = CYLINDRICAL_SURFACE ( 'NONE', #2089, 2.500000000000002220 ) ;
#1455 = VERTEX_POINT ( 'NONE', #972 ) ;
#1456 = CARTESIAN_POINT ( 'NONE',  ( 193.3333333323510317, 16.69263255009156666, 271.4737103024625640 ) ) ;
#1457 = EDGE_CURVE ( 'NONE', #1776, #3249, #2994, .T. ) ;
#1458 = VERTEX_POINT ( 'NONE', #1754 ) ;
#1459 = CARTESIAN_POINT ( 'NONE',  ( 417.3566489491004745, 0.7581296978318688984, 329.8304221114534016 ) ) ;
#1460 = CARTESIAN_POINT ( 'NONE',  ( 411.2352936637578296, -4.361252478266898436, 315.8599692691622636 ) ) ;
#1461 = CARTESIAN_POINT ( 'NONE',  ( 328.1193823199016606, 0.8108419415812098130, 223.3202887880704282 ) ) ;
#1462 = CARTESIAN_POINT ( 'NONE',  ( 324.8370945548290365, 21.80627730302191125, 264.4069360666574653 ) ) ;
#1463 = CARTESIAN_POINT ( 'NONE',  ( 386.6666666647018928, -5.775366431396394162, 258.4073362631827990 ) ) ;
#1464 = CARTESIAN_POINT ( 'NONE',  ( 328.7941792853461038, -0.7024396335411763337, 223.3450037906972625 ) ) ;
#1465 = EDGE_CURVE ( 'NONE', #2655, #3069, #276, .T. ) ;
#1466 = CARTESIAN_POINT ( 'NONE',  ( 579.9999999970531235, 12.08411726914921047, 295.3193184898788672 ) ) ;
#1467 = CARTESIAN_POINT ( 'NONE',  ( 0.000000000000000000, -1.924238009432647001, 200.1133443086088732 ) ) ;
#1468 = ORIENTED_EDGE ( 'NONE', *, *, #104, .T. ) ;
#1469 = B_SPLINE_CURVE_WITH_KNOTS ( 'NONE', 3,
 ( #2709, #1874, #2191, #3177, #1386, #129, #2420, #102, #2960, #2159, #2401, #2143, #828, #2436, #1858, #1351, #1131, #2172, #1890, #117, #2694, #387, #3194, #1638, #583, #85, #327, #2385, #3159, #2911, #875, #643, #69, #599 ),
 .UNSPECIFIED., .F., .F.,
 ( 4, 2, 2, 2, 2, 2, 2, 2, 2, 2, 2, 2, 2, 2, 2, 2, 4 ),
 ( 0.000000000000000000, 0.0004885167771382211083, 0.0009770335542764422166, 0.001465550331414663433, 0.001954067108552884433, 0.002442583885691105433, 0.002931100662829326867, 0.003419617439967547867, 0.003908134217105768866, 0.004396650994243990300, 0.004885167771382210866, 0.005373684548520432300, 0.005862201325658653733, 0.006350718102796874300, 0.006839234879935095733, 0.007327751657073316299, 0.007816268434211537733 ),
 .UNSPECIFIED. ) ;
#1470 = CARTESIAN_POINT ( 'NONE',  ( 413.4367889235230678, -1.525667192811752670, 319.8817145493894145 ) ) ;
#1471 = EDGE_LOOP ( 'NONE', ( #2476, #3027 ) ) ;
#1472 = CARTESIAN_POINT ( 'NONE',  ( 193.3333333323509748, 14.02218431666462450, 245.8289446186508940 ) ) ;
#1473 = B_SPLINE_SURFACE_WITH_KNOTS ( 'NONE', 3, 3, ( 
 ( #824, #353, #1869, #2705 ),
 ( #2889, #623, #3171, #577 ),
 ( #1109, #49, #1380, #3205 ),
 ( #1652, #2120, #1668, #97 ),
 ( #2907, #336, #2690, #2396 ),
 ( #1362, #1397, #78, #1605 ),
 ( #594, #2653, #1126, #2154 ),
 ( #1140, #1076, #884, #871 ),
 ( #2168, #125, #667, #3238 ),
 ( #1741, #2477, #1472, #964 ),
 ( #1946, #172, #1697, #3223 ),
 ( #430, #1994, #1443, #3014 ),
 ( #1202, #1977, #1456, #919 ),
 ( #1187, #2760, #716, #653 ),
 ( #3251, #2506, #2250, #2202 ),
 ( #2734, #1683, #3000, #3285 ),
 ( #142, #189, #397, #416 ),
 ( #1173, #2232, #2970, #156 ),
 ( #1427, #2462, #2720, #3030 ),
 ( #700, #2490, #1413, #1726 ),
 ( #902, #446, #1222, #2983 ),
 ( #3270, #1156, #933, #2219 ),
 ( #383, #1930, #2446, #1961 ),
 ( #2184, #684, #1713, #950 ),
 ( #2747, #9, #225, #2088 ),
 ( #2048, #1255, #1777, #1036 ),
 ( #2813, #1273, #501, #1568 ),
 ( #283, #2541, #1019, #482 ),
 ( #2305, #3343, #2793, #3123 ),
 ( #1528, #3323, #2562, #519 ),
 ( #3084, #1291, #2603, #1056 ),
 ( #770, #998, #2585, #3068 ),
 ( #1510, #2830, #806, #244 ),
 ( #1794, #262, #2065, #1549 ),
 ( #208, #2325, #1815, #2774 ),
 ( #733, #3103, #1309, #3304 ),
 ( #787, #464, #2854, #28 ),
 ( #539, #2031, #2343, #1491 ),
 ( #2523, #2284, #1237, #2265 ),
 ( #1760, #979, #2009, #3046 ),
 ( #751, #368, #1343, #2412 ),
 ( #3203, #2151, #2430, #47 ),
 ( #1866, #1834, #606, #2903 ),
 ( #591, #1073, #2105, #1599 ),
 ( #3151, #573, #1138, #1899 ),
 ( #1394, #821, #2378, #3186 ),
 ( #298, #1104, #349, #1646 ),
 ( #3138, #2134, #61, #1617 ),
 ( #111, #2651, #2636, #1881 ),
 ( #334, #1124, #76, #2666 ),
 ( #2919, #1089, #2621, #1358 ),
 ( #1850, #319, #2118, #1632 ),
 ( #835, #2393, #2166, #3169 ),
 ( #621, #2886, #853, #1375 ),
 ( #2871, #94, #869, #2935 ),
 ( #2687, #556, #1583, #1325 ),
 ( #2363, #152, #899, #637 ),
 ( #3264, #3235, #1680, #184 ),
 ( #1216, #2179, #1666, #3218 ),
 ( #1184, #1722, #947, #1927 ),
 ( #2501, #915, #1197, #1467 ),
 ( #2487, #2246, #381, #168 ),
 ( #2967, #1941, #928, #2215 ) ),
 .UNSPECIFIED., .T., .F., .F.,
 ( 4, 1, 1, 1, 1, 1, 1, 1, 1, 1, 1, 1, 1, 1, 1, 1, 1, 1, 1, 1, 1, 1, 1, 1, 1, 1, 1, 1, 1, 1, 1, 1, 1, 1, 1, 1, 1, 1, 1, 1, 1, 1, 1, 1, 1, 1, 1, 1, 1, 1, 1, 1, 1, 1, 1, 1, 1, 1, 1, 1, 4 ),
 ( 4, 4 ),
 ( 0.000000000000000000, 0.003860322318652631424, 0.009394797800600040993, 0.01667682966515771081, 0.02574601821153910119, 0.03660292795654351838, 0.04920899649386034636, 0.06349082326102040152, 0.07934674930367069390, 0.09664596362268917940, 0.1152362930771427818, 0.1349489434337972638, 0.1556634120433916246, 0.1773331524001592330, 0.1998829210885900709, 0.2232120323077090296, 0.2472101962221454619, 0.2717419340733749911, 0.2965571596970338897, 0.3213261058738797749, 0.3457060309687295385, 0.3693717206835468447, 0.3919905574059651121, 0.4132492025566901761, 0.4328580350888563411, 0.4505322894011315471, 0.4660166644726876362, 0.4791302729403160710, 0.4897712402210446792, 0.4977451439687686774, 0.5027415987227935590, 0.5044506879271154487, 0.5061687141980233395, 0.5111726415984217953, 0.5191493344995530279, 0.5297856188872963612, 0.5429192827985859227, 0.5584900536828429907, 0.5763877949385057819, 0.5963681263741105187, 0.6181950463317675837, 0.6415931759684508906, 0.6662720753110366045, 0.6919362323365962908, 0.7182704540732928189, 0.7449493915174514314, 0.7716573823196638537, 0.7980689496398100102, 0.8238682316128342897, 0.8487443405748122949, 0.8724112732714405238, 0.8945985341559141713, 0.9150565674164555796, 0.9335822461452389920, 0.9499859994824328968, 0.9641230260458010237, 0.9759079492932850597, 0.9852880743758861692, 0.9922841994269310240, 0.9970173798615488137, 1.000000000000000000 ),
 ( 0.000000000000000000, 1.000000000000000000 ),
 .UNSPECIFIED. ) ;
#1474 = ORIENTED_EDGE ( 'NONE', *, *, #836, .F. ) ;
#1475 = CARTESIAN_POINT ( 'NONE',  ( 0.000000000000000000, -1.199999999999999734, 311.8817145493894145 ) ) ;
#1476 = CARTESIAN_POINT ( 'NONE',  ( 416.5895606076733202, -4.380401206425038829, 282.6989105770345532 ) ) ;
#1477 = LINE ( 'NONE', #2799, #999 ) ;
#1478 = CARTESIAN_POINT ( 'NONE',  ( 327.0573311475712899, 4.686940918280726009, 228.5241367272861908 ) ) ;
#1479 = CARTESIAN_POINT ( 'NONE',  ( 315.0370945548289114, -5.234595483147328920, 301.7481132067600242 ) ) ;
#1480 = VECTOR ( 'NONE', #2901, 1000.000000000000000 ) ;
#1481 = DIRECTION ( 'NONE',  ( 1.000000000000000000, -0.000000000000000000, -0.000000000000000000 ) ) ;
#1482 = AXIS2_PLACEMENT_3D ( 'NONE', #118, #2208, #1146 ) ;
#1483 = CARTESIAN_POINT ( 'NONE',  ( 328.8052984467366855, -1.035455291867984684, 224.0591752324831702 ) ) ;
#1484 = AXIS2_PLACEMENT_3D ( 'NONE', #2635, #1393, #2918 ) ;
#1485 = AXIS2_PLACEMENT_3D ( 'NONE', #1745, #2781, #175 ) ;
#1486 = CARTESIAN_POINT ( 'NONE',  ( 386.6666666647022339, 10.87555325742401635, 247.9818409266538879 ) ) ;
#1487 = CARTESIAN_POINT ( 'NONE',  ( 333.4041593951650384, 11.08099807105751999, 250.3427563086924010 ) ) ;
#1488 = ORIENTED_EDGE ( 'NONE', *, *, #768, .F. ) ;
#1489 = CARTESIAN_POINT ( 'NONE',  ( 433.8246281576065257, -5.881189598886130909, 281.0817145493893463 ) ) ;
#1490 = ORIENTED_EDGE ( 'NONE', *, *, #1404, .T. ) ;
#1491 = CARTESIAN_POINT ( 'NONE',  ( 0.000000000000000000, -7.314032143735950342, 439.3289523860927375 ) ) ;
#1492 = EDGE_CURVE ( 'NONE', #3249, #618, #474, .T. ) ;
#1493 = ORIENTED_EDGE ( 'NONE', *, *, #3201, .F. ) ;
#1494 = CARTESIAN_POINT ( 'NONE',  ( 417.3097432735723373, 0.7488151806225007423, 328.3779690391102122 ) ) ;
#1495 = CARTESIAN_POINT ( 'NONE',  ( 411.4367889235230678, -4.398454311814711026, 281.0817145493894031 ) ) ;
#1496 = CARTESIAN_POINT ( 'NONE',  ( 315.0370945548289683, -4.868352353018781109, 304.8817145493894714 ) ) ;
#1497 = CARTESIAN_POINT ( 'NONE',  ( 324.9023483492039759, -3.954503637830779184, 239.0831409320657883 ) ) ;
#1498 = CARTESIAN_POINT ( 'NONE',  ( 312.0225099460398610, -6.429383558211519301, 300.5161685427822249 ) ) ;
#1499 = CARTESIAN_POINT ( 'NONE',  ( 579.9999999970528961, -2.452747206727057261E-11, 238.5133111311282619 ) ) ;
#1500 = CARTESIAN_POINT ( 'NONE',  ( 333.4096716194247279, -2.875862925451520891, 231.2545400233669284 ) ) ;
#1501 = EDGE_CURVE ( 'NONE', #1811, #1595, #3078, .T. ) ;
#1502 = CARTESIAN_POINT ( 'NONE',  ( 414.1308564930124589, 0.7228274080706383886, 326.8095148779254941 ) ) ;
#1503 = CARTESIAN_POINT ( 'NONE',  ( 193.3333333323509748, 14.02218431666462450, 245.8289446186508940 ) ) ;
#1504 = B_SPLINE_SURFACE_WITH_KNOTS ( 'NONE', 3, 3, ( 
 ( #888, #2723, #2171, #1702 ),
 ( #1687, #420, #2435, #160 ),
 ( #642, #2987, #145, #401 ),
 ( #1430, #1191, #2959, #373 ),
 ( #2737, #1919, #670, #3004 ),
 ( #3208, #433, #1176, #1934 ),
 ( #2206, #1949, #1447, #3242 ),
 ( #2940, #2974, #2222, #1460 ),
 ( #116, #656, #3254, #1657 ),
 ( #922, #1129, #2480, #1716 ) ),
 .UNSPECIFIED., .F., .F., .F.,
 ( 4, 3, 3, 4 ),
 ( 4, 4 ),
 ( 0.000000000000000000, 0.03428104546885146764, 0.06856209093770293528, 0.1371241818754058706 ),
 ( 0.2323647638797038117, 0.2909595299551686054 ),
 .UNSPECIFIED. ) ;
#1505 = CARTESIAN_POINT ( 'NONE',  ( 319.5924569754824915, 0.3613262003854321169, 222.3957563847317829 ) ) ;
#1506 = CARTESIAN_POINT ( 'NONE',  ( 319.6403025009815906, 12.43489638757507620, 257.3054144688546785 ) ) ;
#1507 = ORIENTED_EDGE ( 'NONE', *, *, #2754, .F. ) ;
#1508 = CARTESIAN_POINT ( 'NONE',  ( 410.3179646892438655, -40.00000000000000000, 361.9023192322276259 ) ) ;
#1509 = ORIENTED_EDGE ( 'NONE', *, *, #2368, .T. ) ;
#1510 = CARTESIAN_POINT ( 'NONE',  ( 579.9999999970527824, -4.352006386214562816, 404.0986377003519578 ) ) ;
#1511 = EDGE_CURVE ( 'NONE', #1201, #1811, #127, .T. ) ;
#1512 = ORIENTED_EDGE ( 'NONE', *, *, #62, .F. ) ;
#1513 = CARTESIAN_POINT ( 'NONE',  ( 417.3083744343342119, 0.7588803893786834065, 329.9894040587848849 ) ) ;
#1514 = DIRECTION ( 'NONE',  ( 0.000000000000000000, 1.000000000000000000, 0.000000000000000000 ) ) ;
#1515 = CARTESIAN_POINT ( 'NONE',  ( 413.4367889235230678, -3.525667192811752226, 319.8817145493894145 ) ) ;
#1516 = CARTESIAN_POINT ( 'NONE',  ( 333.3821593934062548, 3.679926325210346238, 227.1812531293158202 ) ) ;
#1517 = CARTESIAN_POINT ( 'NONE',  ( 411.4367889235230678, -5.854274730475020228, 332.6817145493894259 ) ) ;
#1518 = CARTESIAN_POINT ( 'NONE',  ( 323.0125264917585355, 14.04308800713091188, 248.3429071604394096 ) ) ;
#1519 = CARTESIAN_POINT ( 'NONE',  ( 0.000000000000000000, -2.971648534343652059, 202.6081388344403251 ) ) ;
#1520 = CARTESIAN_POINT ( 'NONE',  ( 333.4125836157144818, -3.428529051143228479, 234.9869734514090283 ) ) ;
#1521 = CARTESIAN_POINT ( 'NONE',  ( 412.5168647472424368, 0.7252004609324850248, 328.5328408108856024 ) ) ;
#1522 = CARTESIAN_POINT ( 'NONE',  ( 193.3333333323510317, 3.685149208709673108, 215.2350108880431208 ) ) ;
#1523 = CARTESIAN_POINT ( 'NONE',  ( 319.5960892597676661, 0.6945063092563051876, 222.6487716766089306 ) ) ;
#1524 = CARTESIAN_POINT ( 'NONE',  ( 328.8147219633237341, 10.76078095767895881, 248.2703951119386545 ) ) ;
#1525 = EDGE_LOOP ( 'NONE', ( #2502, #66, #879, #1694 ) ) ;
#1526 = DIRECTION ( 'NONE',  ( 0.000000000000000000, 0.000000000000000000, 1.000000000000000000 ) ) ;
#1527 = ORIENTED_EDGE ( 'NONE', *, *, #3301, .T. ) ;
#1528 = CARTESIAN_POINT ( 'NONE',  ( 579.9999999970532372, -3.437469927314833029, 398.5678462214043520 ) ) ;
#1529 = ORIENTED_EDGE ( 'NONE', *, *, #303, .F. ) ;
#1530 = CARTESIAN_POINT ( 'NONE',  ( 418.4367889235230678, 7.300000000000000711, 325.6817145493894259 ) ) ;
#1531 = DIRECTION ( 'NONE',  ( -1.000000000000000000, 0.000000000000000000, -9.637352644315590806E-16 ) ) ;
#1532 = CARTESIAN_POINT ( 'NONE',  ( 413.4367889235230678, 0.000000000000000000, 321.8817145493894145 ) ) ;
#1533 = CARTESIAN_POINT ( 'NONE',  ( 324.2156497584583690, 6.532941139735994440, 232.4890410824977778 ) ) ;
#1534 = CARTESIAN_POINT ( 'NONE',  ( 412.3910989834989209, 0.7131842211379496588, 326.6913507990086032 ) ) ;
#1535 = CARTESIAN_POINT ( 'NONE',  ( 315.0370945548289114, -4.528075591606531169, 301.8817145493894145 ) ) ;
#1536 = CARTESIAN_POINT ( 'NONE',  ( 0.000000000000000000, -1.924238009432647001, 200.1133443086088732 ) ) ;
#1537 = CARTESIAN_POINT ( 'NONE',  ( 319.6451349257681045, -3.232589124148208981, 232.3132423770157970 ) ) ;
#1538 = ADVANCED_FACE ( 'NONE', ( #3174 ), #655, .F. ) ;
#1539 = VECTOR ( 'NONE', #3121, 1000.000000000000000 ) ;
#1540 = CARTESIAN_POINT ( 'NONE',  ( 445.0185472759409322, -40.00000000000000000, 359.2460327981112300 ) ) ;
#1541 = VECTOR ( 'NONE', #113, 1000.000000000000000 ) ;
#1542 = CARTESIAN_POINT ( 'NONE',  ( 386.6666666647022339, 13.07897365269360890, 261.0380848239540228 ) ) ;
#1543 = CARTESIAN_POINT ( 'NONE',  ( 324.1848031917809294, 0.6892591437911268493, 222.9547537647959246 ) ) ;
#1544 = CARTESIAN_POINT ( 'NONE',  ( 328.8160629555928836, 11.45286084024404971, 252.0138687837871316 ) ) ;
#1545 = ORIENTED_EDGE ( 'NONE', *, *, #1244, .T. ) ;
#1546 = AXIS2_PLACEMENT_3D ( 'NONE', #2309, #3348, #1023 ) ;
#1547 = CARTESIAN_POINT ( 'NONE',  ( 333.3179033967957139, 1.719017015270588145, 222.8525922036364193 ) ) ;
#1548 =( BOUNDED_SURFACE ( )  B_SPLINE_SURFACE ( 3, 2, ( 
 ( #1144, #2190, #687 ),
 ( #2750, #2494, #3192 ),
 ( #3226, #2157, #874 ),
 ( #626, #2693, #2450 ) ),
 .UNSPECIFIED., .F., .F., .F. ) 
 B_SPLINE_SURFACE_WITH_KNOTS ( ( 4, 4 ),
 ( 3, 3 ),
 ( 0.2516986321774030144, 0.2537330097704563747 ),
 ( 0.000000000000000000, 1.000000000000000000 ),
 .UNSPECIFIED. ) 
 GEOMETRIC_REPRESENTATION_ITEM ( )  RATIONAL_B_SPLINE_SURFACE ( (
 ( 1.000000000000000000, 0.7080201203767336748, 1.000000000000000000),
 ( 1.000000000000000000, 0.7080198323239863534, 1.000000000000000000),
 ( 1.000000000000000000, 0.7080195437453036256, 1.000000000000000000),
 ( 1.000000000000000000, 0.7080192546378867302, 1.000000000000000000) ) ) 
 REPRESENTATION_ITEM ( '' )  SURFACE ( )  );
#1549 = CARTESIAN_POINT ( 'NONE',  ( 0.000000000000000000, -6.762496706386333045, 458.2302927968000859 ) ) ;
#1550 = VECTOR ( 'NONE', #1206, 1000.000000000000000 ) ;
#1551 = ADVANCED_FACE ( 'NONE', ( #2399 ), #356, .T. ) ;
#1552 = VERTEX_POINT ( 'NONE', #2417 ) ;
#1553 = CARTESIAN_POINT ( 'NONE',  ( 331.9041074248758036, -3.868513036999509769, 229.7799224930061825 ) ) ;
#1554 = CARTESIAN_POINT ( 'NONE',  ( 416.4608852925058500, -4.380540115486365238, 282.5932909719142572 ) ) ;
#1555 = PLANE ( 'NONE',  #2186 ) ;
#1556 = CARTESIAN_POINT ( 'NONE',  ( 324.2024783600090814, 3.237363644695820053, 225.8038127062353055 ) ) ;
#1557 = CARTESIAN_POINT ( 'NONE',  ( 326.3080506485845831, -4.895116814116247994, 257.1995320953712962 ) ) ;
#1558 = CARTESIAN_POINT ( 'NONE',  ( 312.0277045142425436, -5.752198848879101156, 301.4688281634049645 ) ) ;
#1559 = B_SPLINE_CURVE_WITH_KNOTS ( 'NONE', 3,
 ( #1384, #1637, #2863, #2613, #2656, #1365, #2370, #859, #1857, #1888, #38, #3175, #2910, #547, #3143, #1079 ),
 .UNSPECIFIED., .F., .F.,
 ( 4, 2, 2, 2, 2, 2, 2, 4 ),
 ( 0.000000000000000000, 0.0005858122174371920661, 0.001171624434874384132, 0.001757436652311576307, 0.002343248869748768264, 0.002929061087185960005, 0.003514873304623152613, 0.004686497739497318821 ),
 .UNSPECIFIED. ) ;
#1560 = CARTESIAN_POINT ( 'NONE',  ( 422.6307083844581598, -4.196787719334539091, 332.6817145493892554 ) ) ;
#1561 = CARTESIAN_POINT ( 'NONE',  ( 328.8265255401151990, -4.010825383282816681, 240.4057803977682966 ) ) ;
#1562 = CARTESIAN_POINT ( 'NONE',  ( 310.0370945548290251, -6.402722871164362672, 267.3543654853230009 ) ) ;
#1563 = CARTESIAN_POINT ( 'NONE',  ( 386.6666666647022339, 11.94894084339834173, 321.0677719607929816 ) ) ;
#1564 = CARTESIAN_POINT ( 'NONE',  ( 333.3636488270382188, 0.9405099334055163629, 223.7822958593565090 ) ) ;
#1565 = CARTESIAN_POINT ( 'NONE',  ( 328.8166187587313516, 11.74727558078351208, 253.8960687704359600 ) ) ;
#1566 = VERTEX_POINT ( 'NONE', #1886 ) ;
#1567 = CARTESIAN_POINT ( 'NONE',  ( 332.6330314816912050, 4.531210314466172839, 226.2083338071435890 ) ) ;
#1568 = CARTESIAN_POINT ( 'NONE',  ( 0.000000000000000000, -1.685681154134503368, 431.6634505495804319 ) ) ;
#1569 = VERTEX_POINT ( 'NONE', #81 ) ;
#1570 = CARTESIAN_POINT ( 'NONE',  ( 327.8198331051657419, -5.812915674261013521, 249.7920867422801621 ) ) ;
#1571 = CARTESIAN_POINT ( 'NONE',  ( 328.8031798562305426, 6.150728046576848129, 231.8907975160779813 ) ) ;
#1572 = CARTESIAN_POINT ( 'NONE',  ( 331.6214256960690250, -2.889519741216343363, 231.1650089843436717 ) ) ;
#1573 = CARTESIAN_POINT ( 'NONE',  ( 312.0222194584115414, -6.467252684614220648, 300.3890983939097623 ) ) ;
#1574 = VERTEX_POINT ( 'NONE', #2448 ) ;
#1575 = CARTESIAN_POINT ( 'NONE',  ( 445.0185472759411027, -2.782476977523042015E-11, 229.4369720688004008 ) ) ;
#1576 = CARTESIAN_POINT ( 'NONE',  ( 328.8189307833428074, -2.568111843737008293, 229.1147036234422671 ) ) ;
#1577 = CARTESIAN_POINT ( 'NONE',  ( 193.3333333323509464, -6.422087301610666543, 423.0834801110592025 ) ) ;
#1578 = CARTESIAN_POINT ( 'NONE',  ( 386.6666666647020634, 9.079703889018317042, 340.5423409009899274 ) ) ;
#1579 = CARTESIAN_POINT ( 'NONE',  ( 333.3677957376060590, 1.581466889596339520, 224.3680230971878871 ) ) ;
#1580 = VERTEX_POINT ( 'NONE', #144 ) ;
#1581 = CARTESIAN_POINT ( 'NONE',  ( 329.0638016865368058, 11.02544742586065496, 243.6968782370145448 ) ) ;
#1582 = DIRECTION ( 'NONE',  ( 0.000000000000000000, 0.000000000000000000, 1.000000000000000000 ) ) ;
#1583 = CARTESIAN_POINT ( 'NONE',  ( 193.3333333323509464, -5.898521906545276750, 234.5410815672917408 ) ) ;
#1584 = VERTEX_POINT ( 'NONE', #385 ) ;
#1585 = PLANE ( 'NONE',  #3271 ) ;
#1586 = CARTESIAN_POINT ( 'NONE',  ( 390.3763714963880034, -0.4732832648208233906, 363.4288233864592712 ) ) ;
#1587 = CARTESIAN_POINT ( 'NONE',  ( 319.6269358264451057, 6.560783833364760120, 232.2195688788274879 ) ) ;
#1588 = CARTESIAN_POINT ( 'NONE',  ( 310.0370945548290251, -3.525667192811752226, 301.8817145493894145 ) ) ;
#1589 = ORIENTED_EDGE ( 'NONE', *, *, #1825, .T. ) ;
#1590 = CARTESIAN_POINT ( 'NONE',  ( 312.3906683697717881, -6.525508716721461155, 300.1881653686934328 ) ) ;
#1591 = CARTESIAN_POINT ( 'NONE',  ( 320.5207681346428217, -40.00000000000000000, 368.7761829327498049 ) ) ;
#1592 = CARTESIAN_POINT ( 'NONE',  ( 579.9999999970532372, -1.969755189242207161, 390.8208460070080719 ) ) ;
#1593 = CARTESIAN_POINT ( 'NONE',  ( 579.9999999970531235, 1.086029542440168250, 373.4542763322207293 ) ) ;
#1594 = CARTESIAN_POINT ( 'NONE',  ( 328.7716689870195523, -0.3770262594980722248, 222.9732442464039366 ) ) ;
#1595 = VERTEX_POINT ( 'NONE', #1415 ) ;
#1596 = VECTOR ( 'NONE', #2150, 1000.000000000000114 ) ;
#1597 = DIRECTION ( 'NONE',  ( 1.000000000000000000, -0.000000000000000000, -0.000000000000000000 ) ) ;
#1598 = CARTESIAN_POINT ( 'NONE',  ( 310.0370945548289683, -6.149329883771530447, 369.5786951049933009 ) ) ;
#1599 = CARTESIAN_POINT ( 'NONE',  ( 0.000000000000000000, -7.705051474660509214, 374.2669285172183891 ) ) ;
#1600 = AXIS2_PLACEMENT_3D ( 'NONE', #1170, #1411, #426 ) ;
#1601 = CARTESIAN_POINT ( 'NONE',  ( 445.0185472759409322, 7.300000000000000711, 281.0817145493894031 ) ) ;
#1602 = DIRECTION ( 'NONE',  ( 1.000000000000000000, 0.000000000000000000, 0.000000000000000000 ) ) ;
#1603 = AXIS2_PLACEMENT_3D ( 'NONE', #1798, #250, #983 ) ;
#1604 = EDGE_CURVE ( 'NONE', #2008, #445, #1345, .T. ) ;
#1605 = CARTESIAN_POINT ( 'NONE',  ( 0.000000000000000000, 8.516251081602066009, 210.1672704940056065 ) ) ;
#1606 = CARTESIAN_POINT ( 'NONE',  ( 332.8686520114321183, -1.312694238075819531, 225.0538382046030961 ) ) ;
#1607 = ORIENTED_EDGE ( 'NONE', *, *, #62, .T. ) ;
#1608 = CARTESIAN_POINT ( 'NONE',  ( 445.0185472759411027, 7.632366133110123130, 240.9566502246220239 ) ) ;
#1609 = CARTESIAN_POINT ( 'NONE',  ( 328.4467745207577991, 10.51140352735327888, 246.7201935241989474 ) ) ;
#1610 = CARTESIAN_POINT ( 'NONE',  ( 414.9367889235230109, -4.273824787895901700, 326.6817145493894259 ) ) ;
#1611 = CARTESIAN_POINT ( 'NONE',  ( 193.3333333323508896, -5.464983162938358063, 438.0432744059715446 ) ) ;
#1612 = EDGE_CURVE ( 'NONE', #3029, #2027, #302, .T. ) ;
#1613 = CARTESIAN_POINT ( 'NONE',  ( 328.7619491547949906, -0.1812594916722571337, 222.8551435095295687 ) ) ;
#1614 = CARTESIAN_POINT ( 'NONE',  ( 118.4367889235229967, 4.474332807188248218, 319.8817145493894145 ) ) ;
#1615 = DIRECTION ( 'NONE',  ( 0.9970796596427952130, 0.002571963139560271786, -0.07632520771158345096 ) ) ;
#1616 = PLANE ( 'NONE',  #1805 ) ;
#1617 = CARTESIAN_POINT ( 'NONE',  ( 0.000000000000000000, -8.046388690722883652, 318.6767041878472924 ) ) ;
#1618 = ADVANCED_FACE ( 'NONE', ( #1918 ), #1112, .F. ) ;
#1619 = CARTESIAN_POINT ( 'NONE',  ( 416.4726536433811361, 0.6041232461707652934, 286.5810550883150540 ) ) ;
#1620 = DIRECTION ( 'NONE',  ( 0.000000000000000000, 1.000000000000000000, 0.000000000000000000 ) ) ;
#1621 = CARTESIAN_POINT ( 'NONE',  ( 332.4085624404858095, 3.800734252804035318, 227.3081892453028843 ) ) ;
#1622 = ADVANCED_FACE ( 'NONE', ( #2722 ), #178, .F. ) ;
#1623 = ORIENTED_EDGE ( 'NONE', *, *, #2711, .F. ) ;
#1624 = CARTESIAN_POINT ( 'NONE',  ( 314.6882466320798812, -6.505799795837842403, 302.8690858837119322 ) ) ;
#1625 = DIRECTION ( 'NONE',  ( 0.000000000000000000, 0.000000000000000000, 1.000000000000000000 ) ) ;
#1626 = CARTESIAN_POINT ( 'NONE',  ( 333.4181686804687956, -4.870642203266772441, 257.7671035784571245 ) ) ;
#1627 = CARTESIAN_POINT ( 'NONE',  ( 386.6666666647018928, -5.530142459485384521, 406.8380078360256675 ) ) ;
#1628 = CARTESIAN_POINT ( 'NONE',  ( 328.7568319037796414, -0.02064723260606384989, 222.8226025244072162 ) ) ;
#1629 = CARTESIAN_POINT ( 'NONE',  ( 310.7037612215066815, -6.489313523275296980, 311.8817145493894145 ) ) ;
#1630 = CARTESIAN_POINT ( 'NONE',  ( 118.4367889235229967, 6.474332807188248218, 319.8817145493894145 ) ) ;
#1631 = CARTESIAN_POINT ( 'NONE',  ( 310.0370945548289683, -6.202253342113346335, 360.2671834135817903 ) ) ;
#1632 = CARTESIAN_POINT ( 'NONE',  ( 0.000000000000000000, -8.063096244697373294, 265.5213890302030109 ) ) ;
#1633 = LINE ( 'NONE', #1914, #887 ) ;
#1634 = CARTESIAN_POINT ( 'NONE',  ( 319.9037614858806364, -6.292762635135832561, 264.4069360666575221 ) ) ;
#1635 = VERTEX_POINT ( 'NONE', #2972 ) ;
#1636 = CARTESIAN_POINT ( 'NONE',  ( 415.0999165908210102, 0.7582280706922084335, 331.6817145493909607 ) ) ;
#1637 = CARTESIAN_POINT ( 'NONE',  ( 315.0370945548289683, -6.480039460808495910, 309.0797948444661642 ) ) ;
#1638 = CARTESIAN_POINT ( 'NONE',  ( 416.9250051788395695, -4.238575584486221182, 330.7060313208610296 ) ) ;
#1639 = LINE ( 'NONE', #2126, #186 ) ;
#1640 = CARTESIAN_POINT ( 'NONE',  ( 193.3333333323510885, -6.494676812344354566, 415.8765459913967675 ) ) ;
#1641 = EDGE_CURVE ( 'NONE', #3249, #1776, #2840, .T. ) ;
#1642 = CARTESIAN_POINT ( 'NONE',  ( 333.3501291110234206, 0.05494821164880658859, 223.1514924583189554 ) ) ;
#1643 = ORIENTED_EDGE ( 'NONE', *, *, #2754, .T. ) ;
#1644 = CARTESIAN_POINT ( 'NONE',  ( 445.0185472759409322, 60.00000000000000000, 283.0817145493894031 ) ) ;
#1645 = CARTESIAN_POINT ( 'NONE',  ( 418.4367889235230678, -4.230973610777705396, 330.6817145493894259 ) ) ;
#1646 = CARTESIAN_POINT ( 'NONE',  ( 0.000000000000000000, -7.965129795698265625, 332.7649557612896274 ) ) ;
#1647 = B_SPLINE_CURVE_WITH_KNOTS ( 'NONE', 3,
 ( #956, #1983, #269, #2072, #2000, #3075 ),
 .UNSPECIFIED., .F., .F.,
 ( 4, 2, 4 ),
 ( 0.000000000000000000, 0.02580010079022666478, 0.05160020158045332955 ),
 .UNSPECIFIED. ) ;
#1648 = VECTOR ( 'NONE', #2685, 1000.000000000000000 ) ;
#1649 = CIRCLE ( 'NONE', #2577, 3.000000000000002665 ) ;
#1650 = CARTESIAN_POINT ( 'NONE',  ( 315.0370945548289114, -3.525667192811752226, 304.8817145493894145 ) ) ;
#1651 = VECTOR ( 'NONE', #876, 1000.000000000000000 ) ;
#1652 = CARTESIAN_POINT ( 'NONE',  ( 579.9999999970531235, 2.661510109830854454, 240.4789931181246629 ) ) ;
#1653 = AXIS2_PLACEMENT_3D ( 'NONE', #472, #1481, #2515 ) ;
#1654 = EDGE_CURVE ( 'NONE', #1840, #1552, #3032, .T. ) ;
#1655 = ORIENTED_EDGE ( 'NONE', *, *, #2794, .F. ) ;
#1656 = CARTESIAN_POINT ( 'NONE',  ( 416.9242467339909126, 0.7614271597259920643, 330.7070838259819539 ) ) ;
#1657 = CARTESIAN_POINT ( 'NONE',  ( 411.2352680338474329, -4.305362315265324646, 324.8236764408697468 ) ) ;
#1658 = CARTESIAN_POINT ( 'NONE',  ( 445.0185472759409322, 3.306277303021957437, 269.3767156309140773 ) ) ;
#1659 = CARTESIAN_POINT ( 'NONE',  ( 319.6512019198978578, -4.655245201638416930, 249.5278043798152225 ) ) ;
#1660 = AXIS2_PLACEMENT_3D ( 'NONE', #698, #2998, #2248 ) ;
#1661 = CARTESIAN_POINT ( 'NONE',  ( 579.9999999970528961, -4.260065142064195953, 254.4223368971198056 ) ) ;
#1662 = CARTESIAN_POINT ( 'NONE',  ( 319.5845212907684640, -0.1861333095050181352, 222.2389364388339175 ) ) ;
#1663 = CARTESIAN_POINT ( 'NONE',  ( 413.4009105175738910, -4.411772194197980390, 286.5810455902922627 ) ) ;
#1664 = CARTESIAN_POINT ( 'NONE',  ( 411.4628465916175060, -0.02184400202961001708, 376.8585635946876664 ) ) ;
#1665 = CARTESIAN_POINT ( 'NONE',  ( 413.2840354547114430, 0.6023552370167630787, 282.6988948830521053 ) ) ;
#1666 = CARTESIAN_POINT ( 'NONE',  ( 193.3333333323510317, -3.705220741270887075, 218.2751697116970888 ) ) ;
#1667 = LINE ( 'NONE', #1139, #2946 ) ;
#1668 = CARTESIAN_POINT ( 'NONE',  ( 193.3333333323510317, 3.685149208709673108, 215.2350108880431208 ) ) ;
#1669 = ORIENTED_EDGE ( 'NONE', *, *, #912, .F. ) ;
#1670 = CARTESIAN_POINT ( 'NONE',  ( 417.1060099535485506, 0.7606462744718994751, 330.4351977368545477 ) ) ;
#1671 = FACE_OUTER_BOUND ( 'NONE', #2815, .T. ) ;
#1672 = CYLINDRICAL_SURFACE ( 'NONE', #940, 3.000000000000002665 ) ;
#1673 = PLANE ( 'NONE',  #1482 ) ;
#1674 = B_SPLINE_CURVE_WITH_KNOTS ( 'NONE', 3,
 ( #2359, #603, #2426, #634 ),
 .UNSPECIFIED., .F., .F.,
 ( 4, 4 ),
 ( 0.005000065386885453947, 0.006984748931327583454 ),
 .UNSPECIFIED. ) ;
#1675 = CARTESIAN_POINT ( 'NONE',  ( 0.000000000000000000, -8.148468503287105591, 291.1339479415150890 ) ) ;
#1676 = CARTESIAN_POINT ( 'NONE',  ( 319.6283293550175131, -1.139044158312322308, 223.6788542341914479 ) ) ;
#1677 = CARTESIAN_POINT ( 'NONE',  ( 413.0549397308142829, -4.412586491145291667, 286.2355601855192049 ) ) ;
#1678 = CARTESIAN_POINT ( 'NONE',  ( 418.4367889235230678, 60.00000000000000000, 288.0817145493894031 ) ) ;
#1679 = CARTESIAN_POINT ( 'NONE',  ( 414.9367889235064695, 0.5948932482204040140, 287.0817145493894031 ) ) ;
#1680 = CARTESIAN_POINT ( 'NONE',  ( 193.3333333323509748, -4.547455531547243801, 222.5893264324144809 ) ) ;
#1681 = VERTEX_POINT ( 'NONE', #718 ) ;
#1682 = FACE_BOUND ( 'NONE', #2073, .T. ) ;
#1683 = CARTESIAN_POINT ( 'NONE',  ( 386.6666666647018928, 13.90735550912538265, 302.2484120702011978 ) ) ;
#1684 = EDGE_CURVE ( 'NONE', #158, #2264, #2235, .T. ) ;
#1685 = ORIENTED_EDGE ( 'NONE', *, *, #2923, .T. ) ;
#1686 = DIRECTION ( 'NONE',  ( 0.9970829574973347764, 0.000000000000000000, -0.07632546015824635821 ) ) ;
#1687 = CARTESIAN_POINT ( 'NONE',  ( 445.2201453674834397, -4.248589264377257813, 285.1242096849092036 ) ) ;
#1688 = CARTESIAN_POINT ( 'NONE',  ( 328.1343480759998670, 0.7205865420287328460, 223.2469594409951412 ) ) ;
#1689 = CARTESIAN_POINT ( 'NONE',  ( 400.1559190419540073, 5.234632817825528583, 362.6802111862986067 ) ) ;
#1690 = CARTESIAN_POINT ( 'NONE',  ( 0.000000000000000000, -7.965129795698265625, 332.7649557612896274 ) ) ;
#1691 = CARTESIAN_POINT ( 'NONE',  ( 319.6290765632206217, -1.314961430267060472, 224.1251488280463207 ) ) ;
#1692 = CARTESIAN_POINT ( 'NONE',  ( 412.9493410108848934, -4.412759469427004255, 286.1070967277831869 ) ) ;
#1693 = CARTESIAN_POINT ( 'NONE',  ( 412.4367293087328221, 0.5891148018141685316, 284.7438574223847922 ) ) ;
#1694 = ORIENTED_EDGE ( 'NONE', *, *, #1897, .T. ) ;
#1695 = LINE ( 'NONE', #1508, #2568 ) ;
#1696 = ORIENTED_EDGE ( 'NONE', *, *, #2213, .T. ) ;
#1697 = CARTESIAN_POINT ( 'NONE',  ( 193.3333333323510885, 15.18845332257153480, 253.7677995456126325 ) ) ;
#1698 = ORIENTED_EDGE ( 'NONE', *, *, #1612, .F. ) ;
#1699 = CARTESIAN_POINT ( 'NONE',  ( 341.6072432298723811, -0.6020362616947394496, 382.2059231409783138 ) ) ;
#1700 = ADVANCED_FACE ( 'NONE', ( #1257 ), #2777, .F. ) ;
#1701 = VECTOR ( 'NONE', #3167, 1000.000000000000000 ) ;
#1702 = CARTESIAN_POINT ( 'NONE',  ( 411.2350668140527432, -4.392764763808357564, 280.0212462758577772 ) ) ;
#1703 = CARTESIAN_POINT ( 'NONE',  ( 328.2287972503585252, -0.01625578004469516169, 222.7841765222878792 ) ) ;
#1704 = DIRECTION ( 'NONE',  ( 1.000000000000000000, -0.000000000000000000, -0.000000000000000000 ) ) ;
#1705 = CARTESIAN_POINT ( 'NONE',  ( 193.3333333323510317, -7.065133105652460443, 317.1447508523514784 ) ) ;
#1706 = CARTESIAN_POINT ( 'NONE',  ( 324.2097768337496859, -0.7918994845912386005, 223.1885727588369548 ) ) ;
#1707 = CARTESIAN_POINT ( 'NONE',  ( 324.8370945548290365, -5.064873696873642750, 264.4069360666574653 ) ) ;
#1708 = CARTESIAN_POINT ( 'NONE',  ( 620.0000000000002274, 3.306277303021957437, 269.3767156309140773 ) ) ;
#1709 = EDGE_CURVE ( 'NONE', #169, #1902, #3306, .T. ) ;
#1710 = EDGE_LOOP ( 'NONE', ( #2731, #2938 ) ) ;
#1711 = DIRECTION ( 'NONE',  ( 0.000000000000000000, 0.000000000000000000, 1.000000000000000000 ) ) ;
#1712 = ORIENTED_EDGE ( 'NONE', *, *, #440, .T. ) ;
#1713 = CARTESIAN_POINT ( 'NONE',  ( 193.3333333323510317, 3.194756911386668286, 389.6578644352153447 ) ) ;
#1714 = ORIENTED_EDGE ( 'NONE', *, *, #1746, .T. ) ;
#1715 = CARTESIAN_POINT ( 'NONE',  ( 412.7675976684496391, -4.261607311487961347, 330.4352487176154796 ) ) ;
#1716 = CARTESIAN_POINT ( 'NONE',  ( 411.2352628914533739, -4.248213255389018173, 333.7879839608727366 ) ) ;
#1717 = CARTESIAN_POINT ( 'NONE',  ( 328.2210430536148920, 0.09600746594800677047, 222.8221706056190499 ) ) ;
#1718 = CARTESIAN_POINT ( 'NONE',  ( 559.9999999970530098, -40.00000000000000000, 350.4443456138973829 ) ) ;
#1719 = CARTESIAN_POINT ( 'NONE',  ( 386.6666666647020634, -6.133868915404450561, 305.0780289475609379 ) ) ;
#1720 = CARTESIAN_POINT ( 'NONE',  ( 319.6300395588828565, -1.479930816394025683, 224.5640154687492895 ) ) ;
#1721 = CARTESIAN_POINT ( 'NONE',  ( 412.4368488743612033, 0.5903543432732776264, 284.4177385164929319 ) ) ;
#1722 = CARTESIAN_POINT ( 'NONE',  ( 386.6666666647018928, -2.246864576404122182, 227.8533115235983360 ) ) ;
#1723 = VERTEX_POINT ( 'NONE', #2509 ) ;
#1724 = CARTESIAN_POINT ( 'NONE',  ( 417.4369282709401432, 0.6163306336566862775, 284.4190140348750901 ) ) ;
#1725 = ORIENTED_EDGE ( 'NONE', *, *, #3239, .F. ) ;
#1726 = CARTESIAN_POINT ( 'NONE',  ( 0.000000000000000000, 12.00859590623730000, 351.6479129724376662 ) ) ;
#1727 = VERTEX_POINT ( 'NONE', #3253 ) ;
#1728 = CARTESIAN_POINT ( 'NONE',  ( 417.4203755098529314, 0.7564529278292013714, 329.5108675725701346 ) ) ;
#1729 = CARTESIAN_POINT ( 'NONE',  ( 415.5859837934376628, -4.401550815603968658, 287.0014706414214629 ) ) ;
#1730 = CARTESIAN_POINT ( 'NONE',  ( 411.4367889235230678, -4.398454311814711026, 281.0817145493894031 ) ) ;
#1731 = CARTESIAN_POINT ( 'NONE',  ( 321.2002655437103158, 12.39450315574817019, 257.2226397434998262 ) ) ;
#1732 = FACE_BOUND ( 'NONE', #1871, .T. ) ;
#1733 = CARTESIAN_POINT ( 'NONE',  ( 319.9380818950209004, -30.00000000000000000, 263.4070986003466714 ) ) ;
#1734 = CARTESIAN_POINT ( 'NONE',  ( 319.6210629017364226, -0.7986605165677919116, 222.8848278399146636 ) ) ;
#1735 = EDGE_CURVE ( 'NONE', #1201, #948, #2286, .T. ) ;
#1736 = CARTESIAN_POINT ( 'NONE',  ( 193.3333333323509464, 16.15044311579107017, 301.6248522783866974 ) ) ;
#1737 = CARTESIAN_POINT ( 'NONE',  ( 333.3973590945649335, 8.004186467334976740, 237.4720694107955694 ) ) ;
#1738 = ORIENTED_EDGE ( 'NONE', *, *, #400, .F. ) ;
#1739 = DIRECTION ( 'NONE',  ( 1.000000000000000000, -0.000000000000000000, -0.000000000000000000 ) ) ;
#1740 = ORIENTED_EDGE ( 'NONE', *, *, #366, .F. ) ;
#1741 = CARTESIAN_POINT ( 'NONE',  ( 579.9999999970530098, 10.12718433015163200, 262.5747236603409078 ) ) ;
#1742 = EDGE_LOOP ( 'NONE', ( #3305, #2648, #562, #1932 ) ) ;
#1743 = CARTESIAN_POINT ( 'NONE',  ( 417.4369241747427850, 0.7534611273347624483, 329.0189494212185650 ) ) ;
#1744 = CARTESIAN_POINT ( 'NONE',  ( 417.4205889380687040, -4.385619595573178486, 284.9095260727024765 ) ) ;
#1745 = CARTESIAN_POINT ( 'NONE',  ( 118.4367889235229967, -3.525667192811752226, 0.000000000000000000 ) ) ;
#1746 = EDGE_CURVE ( 'NONE', #1902, #1974, #847, .T. ) ;
#1747 = CARTESIAN_POINT ( 'NONE',  ( 328.2156722474182970, 0.1484373787117561072, 222.8484865303956610 ) ) ;
#1748 = CARTESIAN_POINT ( 'NONE',  ( 312.0232685102271262, -6.330494088878779735, 300.7585002126510858 ) ) ;
#1749 = AXIS2_PLACEMENT_3D ( 'NONE', #3250, #1960, #170 ) ;
#1750 = DIRECTION ( 'NONE',  ( 0.9798025319616459061, -0.000000000000000000, 0.1999674932621497980 ) ) ;
#1751 = VECTOR ( 'NONE', #823, 1000.000000000000000 ) ;
#1752 = CARTESIAN_POINT ( 'NONE',  ( 324.2383106553456287, -4.169173818466961556, 242.0768037639985550 ) ) ;
#1753 = AXIS2_PLACEMENT_3D ( 'NONE', #19, #970, #1045 ) ;
#1754 = CARTESIAN_POINT ( 'NONE',  ( 409.1730827868702249, -0.4218440020296180260, 346.9460748697676422 ) ) ;
#1755 = CARTESIAN_POINT ( 'NONE',  ( 0.000000000000000000, 17.29793299244946070, 246.4975142672712138 ) ) ;
#1756 = CARTESIAN_POINT ( 'NONE',  ( 319.6418725697895979, 13.25334130267667021, 264.9483201268009225 ) ) ;
#1757 = EDGE_LOOP ( 'NONE', ( #1218, #2790, #1171, #1959 ) ) ;
#1758 = DIRECTION ( 'NONE',  ( 0.000000000000000000, 0.000000000000000000, -1.000000000000000000 ) ) ;
#1759 = EDGE_LOOP ( 'NONE', ( #1127, #3303, #1234, #1328 ) ) ;
#1760 = CARTESIAN_POINT ( 'NONE',  ( 579.9999999970530098, -4.725788449733828500, 379.3994230421292855 ) ) ;
#1761 = ORIENTED_EDGE ( 'NONE', *, *, #2845, .F. ) ;
#1762 = CARTESIAN_POINT ( 'NONE',  ( 417.3575463248868118, 0.7500456981613732310, 328.5363900553892336 ) ) ;
#1763 = CARTESIAN_POINT ( 'NONE',  ( 417.3087407260796340, -4.381671340974619078, 283.7752649872703046 ) ) ;
#1764 = CARTESIAN_POINT ( 'NONE',  ( 400.0000000000000568, 3.443088007130913120, 253.6429071604394210 ) ) ;
#1765 = CARTESIAN_POINT ( 'NONE',  ( 333.3918937882438058, 6.124210566334025607, 232.1635143279864621 ) ) ;
#1766 = CARTESIAN_POINT ( 'NONE',  ( 417.4697630592793303, 0.7386728105592758054, 326.6022146141964413 ) ) ;
#1767 = CARTESIAN_POINT ( 'NONE',  ( 315.0370945548289114, -5.530285432156659020, 301.6085298989321473 ) ) ;
#1768 = CARTESIAN_POINT ( 'NONE',  ( 620.0000000000002274, 3.306277303021957437, 266.0767156309140660 ) ) ;
#1769 = CARTESIAN_POINT ( 'NONE',  ( 319.6381687725539109, -2.286279125247035804, 227.1910768402907479 ) ) ;
#1770 = CARTESIAN_POINT ( 'NONE',  ( 412.7675791467805766, 0.7383919046845764944, 330.4351389317249073 ) ) ;
#1771 = CARTESIAN_POINT ( 'NONE',  ( 579.9999999970528961, 10.96806314987765596, 310.6656409606852094 ) ) ;
#1772 = CARTESIAN_POINT ( 'NONE',  ( 324.1781460581556757, 0.2187010163163911891, 222.6143234279607839 ) ) ;
#1773 = CARTESIAN_POINT ( 'NONE',  ( 324.2279048267179746, 11.79450496706798646, 253.7046930183180962 ) ) ;
#1774 = ORIENTED_EDGE ( 'NONE', *, *, #1684, .F. ) ;
#1775 = CARTESIAN_POINT ( 'NONE',  ( 327.5403170540076303, 12.54742115990808671, 251.1616620176458241 ) ) ;
#1776 = VERTEX_POINT ( 'NONE', #3070 ) ;
#1777 = CARTESIAN_POINT ( 'NONE',  ( 193.3333333323510885, -0.06398327331131900553, 408.2906831791809736 ) ) ;
#1778 = VERTEX_POINT ( 'NONE', #467 ) ;
#1779 = CARTESIAN_POINT ( 'NONE',  ( 414.7736606297095818, -4.243445719691070650, 331.6817145493906764 ) ) ;
#1780 = CARTESIAN_POINT ( 'NONE',  ( 416.5883163656700958, -4.394948444188991665, 286.4657767255002341 ) ) ;
#1781 = DIRECTION ( 'NONE',  ( 0.000000000000000000, 0.000000000000000000, 1.000000000000000000 ) ) ;
#1782 = EDGE_CURVE ( 'NONE', #618, #2862, #3324, .T. ) ;
#1783 = CARTESIAN_POINT ( 'NONE',  ( 319.6199739440932035, 4.642574504964504634, 227.9325808844048709 ) ) ;
#1784 = CARTESIAN_POINT ( 'NONE',  ( 321.6656500370164622, -0.6534755244859448142, 383.7324272952099022 ) ) ;
#1785 = CARTESIAN_POINT ( 'NONE',  ( 315.0370945548289114, -7.846081138035874147, 303.6365084133075811 ) ) ;
#1786 = CARTESIAN_POINT ( 'NONE',  ( 340.4623613274987406, -0.2020362616947205259, 367.2496787785182164 ) ) ;
#1787 = CARTESIAN_POINT ( 'NONE',  ( 328.8209576874114646, -2.890742772112679493, 230.9794351890632811 ) ) ;
#1788 = CARTESIAN_POINT ( 'NONE',  ( 339.3174794251251001, -0.4020362616977070647, 352.2934344160582327 ) ) ;
#1789 = CARTESIAN_POINT ( 'NONE',  ( 386.6666666647018928, 12.07468432340812825, 254.2018341394958725 ) ) ;
#1790 = CARTESIAN_POINT ( 'NONE',  ( 324.1872270843718411, 1.119969607048253879, 223.3179443401473918 ) ) ;
#1791 = CARTESIAN_POINT ( 'NONE',  ( 310.0370945548290820, -5.544238268292611238, 301.6297671198529429 ) ) ;
#1792 = EDGE_LOOP ( 'NONE', ( #1509, #557, #414, #2892 ) ) ;
#1793 = CARTESIAN_POINT ( 'NONE',  ( 333.5031120713549626, 0.2487312889004691663, 221.9451050650328057 ) ) ;
#1794 = CARTESIAN_POINT ( 'NONE',  ( 579.9999999970532372, -4.288441108073364205, 402.5788312642366691 ) ) ;
#1795 = VERTEX_POINT ( 'NONE', #558 ) ;
#1796 = CARTESIAN_POINT ( 'NONE',  ( 332.4506501775516085, -3.276309007408564344, 227.1019673705952187 ) ) ;
#1797 = CARTESIAN_POINT ( 'NONE',  ( 417.4208773156363463, -4.383099570371863152, 284.2555623822918278 ) ) ;
#1798 = CARTESIAN_POINT ( 'NONE',  ( 310.0370945548290251, -1.525667192811752670, 319.8817145493894145 ) ) ;
#1799 = CARTESIAN_POINT ( 'NONE',  ( 319.6288291421183203, 7.210511652285041428, 234.0036009885975261 ) ) ;
#1800 = DIRECTION ( 'NONE',  ( -0.07632546015824470675, 0.000000000000000000, -0.9970829574973348874 ) ) ;
#1801 = CARTESIAN_POINT ( 'NONE',  ( 315.0370945548289114, -6.452762249829405050, 300.3852892338784386 ) ) ;
#1802 = EDGE_CURVE ( 'NONE', #1635, #3176, #1942, .T. ) ;
#1803 = CARTESIAN_POINT ( 'NONE',  ( 0.000000000000000000, -3.869566342698527173E-11, 199.5133111311278071 ) ) ;
#1804 = CARTESIAN_POINT ( 'NONE',  ( 333.4029875623858743, -2.137492358811614590, 227.6114622846555733 ) ) ;
#1805 = AXIS2_PLACEMENT_3D ( 'NONE', #1072, #605, #1865 ) ;
#1806 = DIRECTION ( 'NONE',  ( 0.000000000000000000, -1.000000000000000000, 0.000000000000000000 ) ) ;
#1807 = CARTESIAN_POINT ( 'NONE',  ( 579.9999999970530098, 10.12718433015163200, 262.5747236603409078 ) ) ;
#1808 = VECTOR ( 'NONE', #2822, 1000.000000000000000 ) ;
#1809 = CARTESIAN_POINT ( 'NONE',  ( 324.1811709074957548, 0.3575533323747051018, 222.7028567707076263 ) ) ;
#1810 = CARTESIAN_POINT ( 'NONE',  ( 319.6357676726437944, 10.07403922436250276, 244.0927470275774169 ) ) ;
#1811 = VERTEX_POINT ( 'NONE', #1293 ) ;
#1812 = VECTOR ( 'NONE', #31, 1000.000000000000000 ) ;
#1813 = CARTESIAN_POINT ( 'NONE',  ( 330.7510612010826776, 8.682397750647435686, 235.4296288083240825 ) ) ;
#1814 = ADVANCED_FACE ( 'NONE', ( #1867 ), #1585, .T. ) ;
#1815 = CARTESIAN_POINT ( 'NONE',  ( 193.3333333323509180, -6.011416850334453166, 437.9956807640800776 ) ) ;
#1816 = AXIS2_PLACEMENT_3D ( 'NONE', #1678, #2965, #867 ) ;
#1817 = ORIENTED_EDGE ( 'NONE', *, *, #1802, .F. ) ;
#1818 = CARTESIAN_POINT ( 'NONE',  ( 413.4087981596011900, -4.278497629899686849, 327.1962233243000355 ) ) ;
#1819 = DIRECTION ( 'NONE',  ( 0.9970796596427953240, 0.002571963139560337272, -0.07632520771158178563 ) ) ;
#1820 = CARTESIAN_POINT ( 'NONE',  ( 324.1991261699621418, 2.725674620979611440, 225.0502588597364308 ) ) ;
#1821 = CARTESIAN_POINT ( 'NONE',  ( 329.9791220437850825, -3.921524220269974936, 239.2119832725529989 ) ) ;
#1822 = CARTESIAN_POINT ( 'NONE',  ( 315.0370945548289114, -5.667687044727994561, 304.7528642548580819 ) ) ;
#1823 = ORIENTED_EDGE ( 'NONE', *, *, #451, .T. ) ;
#1824 = DIRECTION ( 'NONE',  ( 0.9970829574973351095, 0.000000000000000000, -0.07632546015824340224 ) ) ;
#1825 = EDGE_CURVE ( 'NONE', #1385, #1830, #320, .T. ) ;
#1826 = CARTESIAN_POINT ( 'NONE',  ( 324.2371578327913539, -3.868848025378530675, 238.2571394957150233 ) ) ;
#1827 = CARTESIAN_POINT ( 'NONE',  ( 412.9498868498567390, 0.7219820492516271226, 327.6555269841277322 ) ) ;
#1828 = CARTESIAN_POINT ( 'NONE',  ( 386.6666666647018928, 10.58455155675147097, 330.7635623173570139 ) ) ;
#1829 = CARTESIAN_POINT ( 'NONE',  ( 324.1763652206859661, 0.1572584105107041053, 222.5806786999390567 ) ) ;
#1830 = VERTEX_POINT ( 'NONE', #1091 ) ;
#1831 = B_SPLINE_CURVE_WITH_KNOTS ( 'NONE', 3,
 ( #790, #247, #2107, #1570, #3105, #2605, #2364, #2888, #1553, #285, #1796, #2050, #3125, #1060, #3139, #822, #1344, #2092, #809, #523, #2873, #2623, #300, #1329, #48, #1074, #63, #382 ),
 .UNSPECIFIED., .F., .F.,
 ( 4, 2, 2, 2, 2, 2, 2, 2, 2, 2, 2, 2, 2, 4 ),
 ( 0.000000000000000000, 0.01118595778508573585, 0.02237191557017147170, 0.03355787335525720755, 0.03635436280152871957, 0.03915085224780022466, 0.04054909697093598414, 0.04124821933250390205, 0.04194734169407181995, 0.04264646405563973092, 0.04334558641720764188, 0.04404470877877555979, 0.04439426995955951527, 0.04474383114034347075 ),
 .UNSPECIFIED. ) ;
#1832 = FACE_OUTER_BOUND ( 'NONE', #1525, .T. ) ;
#1833 = FACE_OUTER_BOUND ( 'NONE', #2831, .T. ) ;
#1834 = CARTESIAN_POINT ( 'NONE',  ( 386.6666666647020634, -5.769646836630459852, 367.4881854869412336 ) ) ;
#1835 = B_SPLINE_CURVE_WITH_KNOTS ( 'NONE', 3,
 ( #3147, #1629, #73, #1340 ),
 .UNSPECIFIED., .F., .F.,
 ( 4, 4 ),
 ( 0.005000065348961245902, 0.007000091488645721061 ),
 .UNSPECIFIED. ) ;
#1836 = EDGE_LOOP ( 'NONE', ( #1275, #2810, #2868, #1288 ) ) ;
#1837 = CARTESIAN_POINT ( 'NONE',  ( 312.0303053700592386, -5.413140872889978361, 301.6800062073480149 ) ) ;
#1838 = CARTESIAN_POINT ( 'NONE',  ( 333.3832859780915783, 3.916647044019056167, 227.5753698827881237 ) ) ;
#1839 = CARTESIAN_POINT ( 'NONE',  ( 332.8253703136471700, -1.393563582799320910, 225.2659102588415863 ) ) ;
#1840 = VERTEX_POINT ( 'NONE', #1530 ) ;
#1841 = DIRECTION ( 'NONE',  ( -0.07632546015824340224, 0.000000000000000000, -0.9970829574973351095 ) ) ;
#1842 = DIRECTION ( 'NONE',  ( 1.000000000000000000, 0.000000000000000000, 0.000000000000000000 ) ) ;
#1843 = CARTESIAN_POINT ( 'NONE',  ( 579.9999999970533509, -4.179541867572799774, 402.5918904233845410 ) ) ;
#1844 = CARTESIAN_POINT ( 'NONE',  ( 0.000000000000000000, 12.00859590623730000, 351.6479129724376662 ) ) ;
#1845 = CARTESIAN_POINT ( 'NONE',  ( 319.5888697901890509, -0.2953583985215690877, 222.2916598821539651 ) ) ;
#1846 = CARTESIAN_POINT ( 'NONE',  ( 445.0185472759408185, -5.684605692214468320, 268.4956771458708999 ) ) ;
#1847 = EDGE_CURVE ( 'NONE', #2375, #445, #1831, .T. ) ;
#1848 = DIRECTION ( 'NONE',  ( -1.000000000000000000, -0.000000000000000000, -0.000000000000000000 ) ) ;
#1849 = CARTESIAN_POINT ( 'NONE',  ( 418.4367889235230678, -4.251860635347590289, 327.3483825107483085 ) ) ;
#1850 = CARTESIAN_POINT ( 'NONE',  ( 579.9999999970531235, -5.113217040306552441, 280.3723710342515005 ) ) ;
#1851 = CARTESIAN_POINT ( 'NONE',  ( 312.0248490808925794, -6.124444568812310585, 301.1144666820018756 ) ) ;
#1852 = DIRECTION ( 'NONE',  ( -0.9970796596427955460, -0.002571963139560308649, 0.07632520771158048112 ) ) ;
#1853 = CARTESIAN_POINT ( 'NONE',  ( 118.4367889235229967, 6.474332807188248218, 293.8817145493893577 ) ) ;
#1854 = CARTESIAN_POINT ( 'NONE',  ( 333.2350876954062642, -0.3665306035729721801, 223.2583733262761143 ) ) ;
#1855 = VERTEX_POINT ( 'NONE', #652 ) ;
#1856 = EDGE_CURVE ( 'NONE', #2604, #1425, #2085, .T. ) ;
#1857 = CARTESIAN_POINT ( 'NONE',  ( 314.2974352495169796, -6.475745666047427740, 310.8639155529378968 ) ) ;
#1858 = CARTESIAN_POINT ( 'NONE',  ( 417.3566924649325074, -4.249981260501195734, 328.5327638543020612 ) ) ;
#1859 = CARTESIAN_POINT ( 'NONE',  ( 414.9367889235230678, 149.2235650228595034, 329.1817145493894259 ) ) ;
#1860 = CARTESIAN_POINT ( 'NONE',  ( 386.6666666647018360, -5.176508820950278533, 419.6790967410228177 ) ) ;
#1861 = CARTESIAN_POINT ( 'NONE',  ( 319.5785435853747458, -0.03152666840030708684, 222.2043434284447585 ) ) ;
#1862 = CARTESIAN_POINT ( 'NONE',  ( 445.0185472759409322, -5.494222093069981661, 260.7297189026730848 ) ) ;
#1863 = AXIS2_PLACEMENT_3D ( 'NONE', #575, #3106, #1602 ) ;
#1864 = CARTESIAN_POINT ( 'NONE',  ( 310.0370945548289114, 11.26120111664213574, 332.3393257106716874 ) ) ;
#1865 = DIRECTION ( 'NONE',  ( 0.000000000000000000, 0.000000000000000000, 1.000000000000000000 ) ) ;
#1866 = CARTESIAN_POINT ( 'NONE',  ( 579.9999999970531235, -4.839072846083484869, 357.5893618452735723 ) ) ;
#1867 = FACE_OUTER_BOUND ( 'NONE', #2218, .T. ) ;
#1868 = VECTOR ( 'NONE', #2786, 1000.000000000000000 ) ;
#1869 = CARTESIAN_POINT ( 'NONE',  ( 193.3333333323509748, -3.397287876363841441E-11, 212.5133111311279777 ) ) ;
#1870 = CARTESIAN_POINT ( 'NONE',  ( 333.2231214948383240, 0.3639101511525132948, 223.3170054240408717 ) ) ;
#1871 = EDGE_LOOP ( 'NONE', ( #2968, #427, #932, #2180 ) ) ;
#1872 = CARTESIAN_POINT ( 'NONE',  ( 314.3509212271568458, -6.509525432432674563, 302.2432868987257848 ) ) ;
#1873 = ORIENTED_EDGE ( 'NONE', *, *, #1782, .T. ) ;
#1874 = CARTESIAN_POINT ( 'NONE',  ( 415.1019702779101408, -4.272978010558867723, 326.6817145493894827 ) ) ;
#1875 = PLANE ( 'NONE',  #2079 ) ;
#1876 = CARTESIAN_POINT ( 'NONE',  ( 579.9999999970527824, -1.068975656530539498, 385.7314532393304489 ) ) ;
#1877 = CARTESIAN_POINT ( 'NONE',  ( 333.3506630868082539, -0.1788225827558620473, 223.1632470448773233 ) ) ;
#1878 = CYLINDRICAL_SURFACE ( 'NONE', #458, 2.000000000000001776 ) ;
#1879 = CARTESIAN_POINT ( 'NONE',  ( 310.0370945548293662, -4.538304021238969810, 301.8817145493895282 ) ) ;
#1880 = PLANE ( 'NONE',  #1484 ) ;
#1881 = CARTESIAN_POINT ( 'NONE',  ( 0.000000000000000000, -8.112506095712058496, 304.7436750647945587 ) ) ;
#1882 = CARTESIAN_POINT ( 'NONE',  ( 417.1828243780059893, 0.6104567076565674544, 285.6917162656738469 ) ) ;
#1883 = DIRECTION ( 'NONE',  ( 1.000000000000000000, 0.000000000000000000, 0.000000000000000000 ) ) ;
#1884 = CARTESIAN_POINT ( 'NONE',  ( 333.2621901716960338, -0.01522722981186719164, 223.1255763678405231 ) ) ;
#1885 = ORIENTED_EDGE ( 'NONE', *, *, #2153, .T. ) ;
#1886 = CARTESIAN_POINT ( 'NONE',  ( 310.0370945548289683, 5.188293643597224225, 369.5786951049933009 ) ) ;
#1887 = ADVANCED_FACE ( 'NONE', ( #883, #1682 ), #1900, .T. ) ;
#1888 = CARTESIAN_POINT ( 'NONE',  ( 314.0209083379793356, -6.475866820925989309, 311.1406399019217588 ) ) ;
#1889 = VERTEX_POINT ( 'NONE', #2201 ) ;
#1890 = CARTESIAN_POINT ( 'NONE',  ( 417.4205973372643825, -4.243554733830455561, 329.5094633517783222 ) ) ;
#1891 = DIRECTION ( 'NONE',  ( 0.002564460613766886450, -0.9999966924973345828, -0.0001963062701369814830 ) ) ;
#1892 = CARTESIAN_POINT ( 'NONE',  ( 579.9999999970527824, -4.341600791566104789, 401.3625127179655578 ) ) ;
#1893 = ADVANCED_FACE ( 'NONE', ( #2936 ), #2413, .T. ) ;
#1894 = CARTESIAN_POINT ( 'NONE',  ( 319.5820966807049217, 0.02317750284665864510, 222.2150261684539601 ) ) ;
#1895 = CARTESIAN_POINT ( 'NONE',  ( 445.0185472759410459, -5.813002221819546733, 279.6305742538670529 ) ) ;
#1896 = FACE_OUTER_BOUND ( 'NONE', #2795, .T. ) ;
#1897 = EDGE_CURVE ( 'NONE', #1078, #1569, #1633, .T. ) ;
#1898 = DIRECTION ( 'NONE',  ( -1.000000000000000000, 0.000000000000000000, 0.000000000000000000 ) ) ;
#1899 = CARTESIAN_POINT ( 'NONE',  ( 0.000000000000000000, -7.786271839968238240, 360.7297558856265027 ) ) ;
#1900 = PLANE ( 'NONE',  #133 ) ;
#1901 = DIRECTION ( 'NONE',  ( 1.000000000000000000, -0.000000000000000000, -0.000000000000000000 ) ) ;
#1902 = VERTEX_POINT ( 'NONE', #1650 ) ;
#1903 = CARTESIAN_POINT ( 'NONE',  ( 415.2620408845033921, 0.7589596645146549081, 331.6659016062645833 ) ) ;
#1904 = FACE_BOUND ( 'NONE', #668, .T. ) ;
#1905 = ORIENTED_EDGE ( 'NONE', *, *, #10, .T. ) ;
#1906 = DIRECTION ( 'NONE',  ( 0.000000000000000000, 0.000000000000000000, 1.000000000000000000 ) ) ;
#1907 = CARTESIAN_POINT ( 'NONE',  ( 411.4367889235230678, -6.007116109726044151, 305.0994478783036925 ) ) ;
#1908 = CARTESIAN_POINT ( 'NONE',  ( 579.9999999970532372, -4.288441108073364205, 402.5788312642366691 ) ) ;
#1909 = CARTESIAN_POINT ( 'NONE',  ( 333.3446853814145925, -0.03132198837772335459, 223.1300162731003525 ) ) ;
#1910 = CARTESIAN_POINT ( 'NONE',  ( 311.3704278881824621, -4.531485072080772447, 301.8817145493894145 ) ) ;
#1911 = PLANE ( 'NONE',  #1816 ) ;
#1912 = FACE_OUTER_BOUND ( 'NONE', #331, .T. ) ;
#1913 = CARTESIAN_POINT ( 'NONE',  ( 319.9037641462419970, 14.40419475622141121, 264.4069360666574653 ) ) ;
#1914 = CARTESIAN_POINT ( 'NONE',  ( 312.0370945548289114, -3.525667192811752226, 311.8817145493894145 ) ) ;
#1915 = VECTOR ( 'NONE', #2763, 1000.000000000000000 ) ;
#1916 = LINE ( 'NONE', #2137, #3215 ) ;
#1917 = ORIENTED_EDGE ( 'NONE', *, *, #659, .T. ) ;
#1918 = FACE_OUTER_BOUND ( 'NONE', #2249, .T. ) ;
#1919 = CARTESIAN_POINT ( 'NONE',  ( 433.8919338298326807, -4.312083448755404724, 298.0942470815251113 ) ) ;
#1920 = DIRECTION ( 'NONE',  ( 0.000000000000000000, 1.000000000000000000, 0.000000000000000000 ) ) ;
#1921 = FACE_OUTER_BOUND ( 'NONE', #3065, .T. ) ;
#1922 = CARTESIAN_POINT ( 'NONE',  ( 386.6666666647020634, -5.769646836630459852, 367.4881854869412336 ) ) ;
#1923 = CARTESIAN_POINT ( 'NONE',  ( 328.8065044272472619, -1.297301498555313515, 224.7227533159847894 ) ) ;
#1924 = CARTESIAN_POINT ( 'NONE',  ( 412.6907368413127983, -4.412826609373508902, 285.6916831099827050 ) ) ;
#1925 = LINE ( 'NONE', #1630, #91 ) ;
#1926 = CARTESIAN_POINT ( 'NONE',  ( 413.6844832331361772, 0.6058947738605575672, 282.4118234691447356 ) ) ;
#1927 = CARTESIAN_POINT ( 'NONE',  ( 0.000000000000000000, -2.971648534343652059, 202.6081388344403251 ) ) ;
#1928 = ORIENTED_EDGE ( 'NONE', *, *, #1047, .F. ) ;
#1929 = DIRECTION ( 'NONE',  ( 0.000000000000000000, 1.000000000000000000, 1.576542137387265747E-16 ) ) ;
#1930 = CARTESIAN_POINT ( 'NONE',  ( 386.6666666647018928, 4.294679108437772008, 369.1716850739566667 ) ) ;
#1931 = ADVANCED_FACE ( 'NONE', ( #2954 ), #1360, .T. ) ;
#1932 = ORIENTED_EDGE ( 'NONE', *, *, #3098, .F. ) ;
#1933 = CARTESIAN_POINT ( 'NONE',  ( 417.4698119438967865, 0.6077787036716155722, 287.1682350377504349 ) ) ;
#1934 = CARTESIAN_POINT ( 'NONE',  ( 411.2352962711866553, -4.415700915942248450, 302.4170155350254845 ) ) ;
#1935 = CARTESIAN_POINT ( 'NONE',  ( 315.0370945548289114, -4.528075591606530281, 304.8817145493894145 ) ) ;
#1936 = CARTESIAN_POINT ( 'NONE',  ( 324.8370945548290365, 13.12680387781806779, 264.4069360666574653 ) ) ;
#1937 = CARTESIAN_POINT ( 'NONE',  ( 579.9999999970530098, -4.843869939650165435, 266.1019293467749094 ) ) ;
#1938 = CARTESIAN_POINT ( 'NONE',  ( 328.8013407623663511, -0.8680268285820664786, 223.6699092983713228 ) ) ;
#1939 = CARTESIAN_POINT ( 'NONE',  ( 412.5638332285678871, -4.406372945726963586, 283.7779726744252002 ) ) ;
#1940 = CARTESIAN_POINT ( 'NONE',  ( 413.6826066540240276, 0.5892455776276298574, 286.7504828038149185 ) ) ;
#1941 = CARTESIAN_POINT ( 'NONE',  ( 386.6666666647018928, -2.925017541545449351E-11, 225.5133111311280913 ) ) ;
#1942 = B_SPLINE_CURVE_WITH_KNOTS ( 'NONE', 3,
 ( #837, #1038, #2832, #503, #2858, #1837, #2564, #2327, #2119, #1851, #2637, #2379, #574, #2068 ),
 .UNSPECIFIED., .F., .F.,
 ( 4, 2, 2, 2, 2, 2, 4 ),
 ( 0.000000000000000000, 0.0003899118786468749854, 0.0007798237572937499707, 0.001169735635940624902, 0.001559647514587499941, 0.002339471271881250671, 0.003119295029175001184 ),
 .UNSPECIFIED. ) ;
#1943 = ORIENTED_EDGE ( 'NONE', *, *, #1338, .F. ) ;
#1944 = EDGE_CURVE ( 'NONE', #1018, #3029, #396, .T. ) ;
#1945 = CARTESIAN_POINT ( 'NONE',  ( 417.4366477660164492, 0.6150598212906286388, 284.7486695778673607 ) ) ;
#1946 = CARTESIAN_POINT ( 'NONE',  ( 579.9999999970532372, 10.96949398281568300, 268.3083701022954415 ) ) ;
#1947 = ORIENTED_EDGE ( 'NONE', *, *, #2135, .F. ) ;
#1948 = CARTESIAN_POINT ( 'NONE',  ( 415.7768958742064456, 0.6032126778101222220, 285.4487538401452298 ) ) ;
#1949 = CARTESIAN_POINT ( 'NONE',  ( 433.8919382844416077, -4.281817968061258028, 306.8827567483052690 ) ) ;
#1950 = CARTESIAN_POINT ( 'NONE',  ( 328.0651687456893342, -0.8616748778648189999, 223.5859249492989420 ) ) ;
#1951 = CARTESIAN_POINT ( 'NONE',  ( 341.6072432298723811, -0.4020362616977070647, 382.2059231409783138 ) ) ;
#1952 = ADVANCED_FACE ( 'NONE', ( #2445, #2905 ), #2688, .F. ) ;
#1953 = EDGE_CURVE ( 'NONE', #1552, #478, #1667, .T. ) ;
#1954 = CARTESIAN_POINT ( 'NONE',  ( 386.6666666647020634, -5.825792322916422350, 357.6445870762517529 ) ) ;
#1955 = CARTESIAN_POINT ( 'NONE',  ( 324.2054653533327837, -0.7087775188580086594, 223.0404803151039630 ) ) ;
#1956 = EDGE_CURVE ( 'NONE', #948, #1595, #1396, .T. ) ;
#1957 = CARTESIAN_POINT ( 'NONE',  ( 412.6895107635064051, 0.5956069710370787140, 283.4743499343559279 ) ) ;
#1958 = CARTESIAN_POINT ( 'NONE',  ( 324.8370945548289797, 14.33246036806402657, 264.4069360666574653 ) ) ;
#1959 = ORIENTED_EDGE ( 'NONE', *, *, #323, .F. ) ;
#1960 = DIRECTION ( 'NONE',  ( -1.000000000000000000, 0.000000000000000000, 0.000000000000000000 ) ) ;
#1961 = CARTESIAN_POINT ( 'NONE',  ( 0.000000000000000000, 5.680038312985622895, 389.5123884482915173 ) ) ;
#1962 = VECTOR ( 'NONE', #2324, 1000.000000000000000 ) ;
#1963 = VECTOR ( 'NONE', #2016, 1000.000000000000114 ) ;
#1964 = ORIENTED_EDGE ( 'NONE', *, *, #2035, .T. ) ;
#1965 = CARTESIAN_POINT ( 'NONE',  ( 418.4367889235230678, 7.300000000000000711, 0.000000000000000000 ) ) ;
#1966 = VECTOR ( 'NONE', #1531, 1000.000000000000000 ) ;
#1967 = CARTESIAN_POINT ( 'NONE',  ( 327.6173210994529654, 3.048946151556965134, 225.7802928965954266 ) ) ;
#1968 = CARTESIAN_POINT ( 'NONE',  ( 413.4367889235230678, -4.287614748383433927, 325.6817145493894259 ) ) ;
#1969 = CARTESIAN_POINT ( 'NONE',  ( 193.3333333323509464, -6.939266470113822471, 260.1927417165398992 ) ) ;
#1970 = AXIS2_PLACEMENT_3D ( 'NONE', #2116, #1087, #2933 ) ;
#1971 = CARTESIAN_POINT ( 'NONE',  ( 333.3925570219358860, -0.9435198421256020263, 224.1569256559694452 ) ) ;
#1972 = CYLINDRICAL_SURFACE ( 'NONE', #1214, 2.000000000000001776 ) ;
#1973 = FILL_AREA_STYLE ('',( #2993 ) ) ;
#1974 = VERTEX_POINT ( 'NONE', #112 ) ;
#1975 = CARTESIAN_POINT ( 'NONE',  ( 415.5951753785153073, 0.6172521036326849009, 282.1480823584070095 ) ) ;
#1976 = EDGE_LOOP ( 'NONE', ( #1978, #596, #1453, #2563 ) ) ;
#1977 = CARTESIAN_POINT ( 'NONE',  ( 386.6666666647020634, 14.37424184543503181, 276.2848736422494653 ) ) ;
#1978 = ORIENTED_EDGE ( 'NONE', *, *, #1984, .T. ) ;
#1979 = CARTESIAN_POINT ( 'NONE',  ( 413.0549591567980769, -4.257610798169710442, 330.8355818448914079 ) ) ;
#1980 = CARTESIAN_POINT ( 'NONE',  ( 414.9367889235447819, -4.405106751779399588, 287.0817145493895737 ) ) ;
#1981 = CARTESIAN_POINT ( 'NONE',  ( 315.0370945548290820, -6.480903624744966507, 308.8817145493894145 ) ) ;
#1982 = CARTESIAN_POINT ( 'NONE',  ( 325.5142527746884866, 7.782336137299358469, 236.0849260941049295 ) ) ;
#1983 = CARTESIAN_POINT ( 'NONE',  ( 411.4367889235230109, -4.308874083266466926, 324.0818001217219830 ) ) ;
#1984 = EDGE_CURVE ( 'NONE', #1020, #3344, #96, .T. ) ;
#1985 = CARTESIAN_POINT ( 'NONE',  ( 0.000000000000000000, -7.252290758643901825, 233.2460157265796568 ) ) ;
#1986 = CARTESIAN_POINT ( 'NONE',  ( 319.6029119152206022, -0.5103552023666100279, 222.4710823828597483 ) ) ;
#1987 = ADVANCED_FACE ( 'NONE', ( #607 ), #3222, .F. ) ;
#1988 = CARTESIAN_POINT ( 'NONE',  ( 0.000000000000000000, 19.05559646799564533, 289.0914184166211953 ) ) ;
#1989 = CARTESIAN_POINT ( 'NONE',  ( 328.8131955366705483, 9.992505590371326463, 244.5443757701347351 ) ) ;
#1990 = ORIENTED_EDGE ( 'NONE', *, *, #3054, .T. ) ;
#1991 = EDGE_CURVE ( 'NONE', #2323, #1584, #235, .T. ) ;
#1992 = CARTESIAN_POINT ( 'NONE',  ( 445.0185472759409322, 3.306277303021957437, 269.3767156309140773 ) ) ;
#1993 = ORIENTED_EDGE ( 'NONE', *, *, #2275, .T. ) ;
#1994 = CARTESIAN_POINT ( 'NONE',  ( 386.6666666647018928, 13.85879363688259858, 268.4212721551975278 ) ) ;
#1995 = ORIENTED_EDGE ( 'NONE', *, *, #2424, .T. ) ;
#1996 = CARTESIAN_POINT ( 'NONE',  ( 412.5638094613109388, -4.275520998756860536, 328.3780419289390125 ) ) ;
#1997 = CARTESIAN_POINT ( 'NONE',  ( 312.0217524482534373, -6.528134002018076032, 299.8681194840859803 ) ) ;
#1998 = CARTESIAN_POINT ( 'NONE',  ( 315.0370945548289114, -4.528075591606530281, 304.8817145493894145 ) ) ;
#1999 = CARTESIAN_POINT ( 'NONE',  ( 327.9787395019656060, 1.590502019797360722, 224.0094117393470583 ) ) ;
#2000 = CARTESIAN_POINT ( 'NONE',  ( 411.4367889235228972, -4.450014188485016398, 289.6819258638003021 ) ) ;
#2001 = CARTESIAN_POINT ( 'NONE',  ( 386.6666666647020634, -3.190613515628904828, 230.4749220973889692 ) ) ;
#2002 = CARTESIAN_POINT ( 'NONE',  ( 324.2351557516878984, -3.462394278485147581, 234.4644916921300819 ) ) ;
#2003 = CARTESIAN_POINT ( 'NONE',  ( 413.4367889235230678, -4.415054022863573735, 288.0817145493894031 ) ) ;
#2004 = CARTESIAN_POINT ( 'NONE',  ( 0.000000000000000000, 18.39353072245676657, 301.0012924865722539 ) ) ;
#2005 = CARTESIAN_POINT ( 'NONE',  ( 333.4072877545302163, 12.74509846841382732, 261.6124175490690504 ) ) ;
#2006 = ORIENTED_EDGE ( 'NONE', *, *, #3233, .T. ) ;
#2007 = CARTESIAN_POINT ( 'NONE',  ( 445.0185472759408185, -5.600614535421705398, 345.3989089750187986 ) ) ;
#2008 = VERTEX_POINT ( 'NONE', #949 ) ;
#2009 = CARTESIAN_POINT ( 'NONE',  ( 193.3333333323509748, -6.543366302362839448, 407.5854026889500688 ) ) ;
#2010 = PRODUCT ( 'WING 2 R VTOL', 'WING 2 R VTOL', '', ( #2346 ) ) ;
#2011 = ORIENTED_EDGE ( 'NONE', *, *, #1984, .F. ) ;
#2012 = CARTESIAN_POINT ( 'NONE',  ( 414.9367889235231246, 0.7261752121041002983, 326.6817145493894259 ) ) ;
#2013 = CARTESIAN_POINT ( 'NONE',  ( 118.4367889235229967, 4.474332807188234007, 291.8817145493893577 ) ) ;
#2014 = CARTESIAN_POINT ( 'NONE',  ( 414.9367889235230678, 149.2235650228595034, 282.0817145493894031 ) ) ;
#2015 = CARTESIAN_POINT ( 'NONE',  ( 333.3842370419640133, 4.144161498905149621, 227.9771664681692585 ) ) ;
#2016 = DIRECTION ( 'NONE',  ( 0.9970796596427953240, 0.002571963139560308215, -0.07632520771158178563 ) ) ;
#2017 = CARTESIAN_POINT ( 'NONE',  ( 315.0370945548289114, -4.859927953822003488, 304.8817145471788308 ) ) ;
#2018 = CIRCLE ( 'NONE', #2076, 2.000000000000001776 ) ;
#2019 = CARTESIAN_POINT ( 'NONE',  ( 579.9999999970527824, -0.3259142469249645679, 238.5046831896317201 ) ) ;
#2020 = CARTESIAN_POINT ( 'NONE',  ( 324.2268827045671742, -2.273763668536187499, 227.4782407482808253 ) ) ;
#2021 = VECTOR ( 'NONE', #2267, 1000.000000000000000 ) ;
#2022 = CARTESIAN_POINT ( 'NONE',  ( 413.4126813834566292, 0.7215042819233083993, 327.1932994128321752 ) ) ;
#2023 = CARTESIAN_POINT ( 'NONE',  ( 193.3333333323510317, 16.69263255009156666, 271.4737103024625640 ) ) ;
#2024 = CARTESIAN_POINT ( 'NONE',  ( 333.3598541029051034, 0.4265695382412945658, 223.3712385447509519 ) ) ;
#2025 = CARTESIAN_POINT ( 'NONE',  ( 324.2305865018028612, 13.20096038119494786, 265.0979683207992821 ) ) ;
#2026 = B_SPLINE_CURVE_WITH_KNOTS ( 'NONE', 3,
 ( #969, #3035, #2782, #268 ),
 .UNSPECIFIED., .F., .F.,
 ( 4, 4 ),
 ( 0.05083729384535020518, 0.05283725701565013949 ),
 .UNSPECIFIED. ) ;
#2027 = VERTEX_POINT ( 'NONE', #2263 ) ;
#2028 = EDGE_CURVE ( 'NONE', #1455, #1778, #2018, .T. ) ;
#2029 = CARTESIAN_POINT ( 'NONE',  ( 310.0370945548290820, -6.347919574081259064, 264.4069360705284453 ) ) ;
#2030 = VERTEX_POINT ( 'NONE', #1186 ) ;
#2031 = CARTESIAN_POINT ( 'NONE',  ( 386.6666666647018928, -5.530142459485384521, 406.8380078360256675 ) ) ;
#2032 = ORIENTED_EDGE ( 'NONE', *, *, #1143, .F. ) ;
#2033 = CARTESIAN_POINT ( 'NONE',  ( 312.0370945548289114, -3.525667192811752226, 304.8817145493894145 ) ) ;
#2034 = CARTESIAN_POINT ( 'NONE',  ( 416.1891058594420088, -4.381030230673060188, 282.4118296774627197 ) ) ;
#2035 = EDGE_CURVE ( 'NONE', #2419, #2247, #2661, .T. ) ;
#2036 = CARTESIAN_POINT ( 'NONE',  ( 445.0185472759411027, -4.090396229102386094, 331.3483812599171188 ) ) ;
#2037 = CARTESIAN_POINT ( 'NONE',  ( 319.6208494370237077, 4.854272167267296823, 228.3482445869418882 ) ) ;
#2038 = LINE ( 'NONE', #544, #3162 ) ;
#2039 = CARTESIAN_POINT ( 'NONE',  ( 413.4367889235230678, 4.474332807188234007, 321.8817145493894145 ) ) ;
#2040 = CARTESIAN_POINT ( 'NONE',  ( 328.8167080188346176, -2.363536089129230966, 228.2151709786614049 ) ) ;
#2041 = CARTESIAN_POINT ( 'NONE',  ( 414.2875910356571580, 0.7535525161388396675, 331.6014698631551596 ) ) ;
#2042 = CARTESIAN_POINT ( 'NONE',  ( 0.000000000000000000, 6.360022959421542055, 205.8840378691750175 ) ) ;
#2043 = CARTESIAN_POINT ( 'NONE',  ( 319.5955836202090268, 0.6045445082450147112, 222.5765053821669426 ) ) ;
#2044 = CARTESIAN_POINT ( 'NONE',  ( 319.6386350915662433, 11.54515333624116558, 251.6172686648732792 ) ) ;
#2045 = VERTEX_POINT ( 'NONE', #962 ) ;
#2046 = CARTESIAN_POINT ( 'NONE',  ( 413.4367889235230678, 60.00000000000000000, 288.0817145493894031 ) ) ;
#2047 = ORIENTED_EDGE ( 'NONE', *, *, #1501, .F. ) ;
#2048 = CARTESIAN_POINT ( 'NONE',  ( 579.9999999970532372, -0.04621037551902798524, 379.9087948609357568 ) ) ;
#2049 = ORIENTED_EDGE ( 'NONE', *, *, #659, .F. ) ;
#2050 = CARTESIAN_POINT ( 'NONE',  ( 332.7170944794912089, -2.860382467806537488, 225.7964411702693894 ) ) ;
#2051 = LINE ( 'NONE', #1002, #1966 ) ;
#2052 = CARTESIAN_POINT ( 'NONE',  ( 324.8370945548290365, 21.80627730302191125, 264.4069360666574653 ) ) ;
#2053 = CARTESIAN_POINT ( 'NONE',  ( 328.8043636904716891, 6.505098446107234089, 232.7585132861680393 ) ) ;
#2054 = CARTESIAN_POINT ( 'NONE',  ( 379.6701308355497986, -5.824017045553994798, 364.2483727919114926 ) ) ;
#2055 = CARTESIAN_POINT ( 'NONE',  ( 315.0370945548289114, -6.317989662015868646, 300.7523800847596362 ) ) ;
#2056 = LINE ( 'NONE', #3023, #3111 ) ;
#2057 = CARTESIAN_POINT ( 'NONE',  ( 319.6427272721931558, -2.764459136078388557, 229.4872170921759391 ) ) ;
#2058 = CARTESIAN_POINT ( 'NONE',  ( 412.4526977354289556, 0.7268809759607635090, 328.8555840284299165 ) ) ;
#2059 = CARTESIAN_POINT ( 'NONE',  ( 193.3333333323510885, 7.477695866475672304, 221.8680221566752095 ) ) ;
#2060 = CARTESIAN_POINT ( 'NONE',  ( 324.1862209630115785, 0.9531177163086290705, 223.1720715853388128 ) ) ;
#2061 = CARTESIAN_POINT ( 'NONE',  ( 310.0370945548290820, -6.334309617334390907, 300.7714115562475286 ) ) ;
#2062 = ORIENTED_EDGE ( 'NONE', *, *, #2153, .F. ) ;
#2063 = EDGE_CURVE ( 'NONE', #3016, #1094, #3115, .T. ) ;
#2064 = CARTESIAN_POINT ( 'NONE',  ( 333.4862725645517685, 0.4917001351503275108, 222.0276154327607117 ) ) ;
#2065 = CARTESIAN_POINT ( 'NONE',  ( 193.3333333323510885, -5.937811506948676765, 439.6798056192790227 ) ) ;
#2066 = EDGE_CURVE ( 'NONE', #260, #412, #1376, .T. ) ;
#2067 = ORIENTED_EDGE ( 'NONE', *, *, #2606, .F. ) ;
#2068 = CARTESIAN_POINT ( 'NONE',  ( 312.0217521449480387, -6.528173541363853971, 299.8868797000140489 ) ) ;
#2069 = APPLICATION_PROTOCOL_DEFINITION ( 'draft international standard', 'automotive_design', 1998, #585 ) ;
#2070 = CARTESIAN_POINT ( 'NONE',  ( 324.2077485270219199, 4.402052807466221296, 227.8090601007050964 ) ) ;
#2071 = CARTESIAN_POINT ( 'NONE',  ( 412.3910925798504650, 0.7449754081480890466, 331.7834658406027302 ) ) ;
#2072 = CARTESIAN_POINT ( 'NONE',  ( 411.4367889235231246, -4.431393998644580279, 298.2819410100346431 ) ) ;
#2073 = EDGE_LOOP ( 'NONE', ( #1507, #460, #3067, #1272, #1114, #1399, #308, #2216 ) ) ;
#2074 = CARTESIAN_POINT ( 'NONE',  ( 445.0185472759409890, 13.18414876138822223, 270.2561772616435292 ) ) ;
#2075 = CARTESIAN_POINT ( 'NONE',  ( 319.6435298233848243, -2.920502465434994477, 230.4292255204559012 ) ) ;
#2076 = AXIS2_PLACEMENT_3D ( 'NONE', #977, #223, #154 ) ;
#2077 = VECTOR ( 'NONE', #2618, 1000.000000000000000 ) ;
#2078 = CARTESIAN_POINT ( 'NONE',  ( 416.7701222594028536, -4.397845034024179256, 288.0817145493895737 ) ) ;
#2079 = AXIS2_PLACEMENT_3D ( 'NONE', #1387, #1891, #2629 ) ;
#2080 = CARTESIAN_POINT ( 'NONE',  ( 579.9999999970531235, 7.615257880408826452, 334.9895548652660864 ) ) ;
#2081 = VECTOR ( 'NONE', #2111, 1000.000000000000000 ) ;
#2082 = CARTESIAN_POINT ( 'NONE',  ( 333.3622310558075696, 0.6787648128607521869, 223.5667179411699976 ) ) ;
#2083 = CARTESIAN_POINT ( 'NONE',  ( 333.3966378986235668, 7.726004906812141471, 236.5723204604780392 ) ) ;
#2084 = ORIENTED_EDGE ( 'NONE', *, *, #903, .F. ) ;
#2085 = CIRCLE ( 'NONE', #632, 5.299999999999998934 ) ;
#2086 = CARTESIAN_POINT ( 'NONE',  ( 418.4367889235230678, 60.00000000000000000, 330.6817145493894259 ) ) ;
#2087 = FACE_BOUND ( 'NONE', #3300, .T. ) ;
#2088 = CARTESIAN_POINT ( 'NONE',  ( 0.000000000000000000, 1.712573641261867508, 412.3034159109438406 ) ) ;
#2089 = AXIS2_PLACEMENT_3D ( 'NONE', #444, #3321, #1758 ) ;
#2090 = B_SPLINE_CURVE_WITH_KNOTS ( 'NONE', 3,
 ( #1981, #2329, #266, #1295, #256 ),
 .UNSPECIFIED., .F., .F.,
 ( 4, 1, 4 ),
 ( 0.003000030975835894613, 0.006952320590642944824, 0.007404681095804984368 ),
 .UNSPECIFIED. ) ;
#2091 = VERTEX_POINT ( 'NONE', #2791 ) ;
#2092 = CARTESIAN_POINT ( 'NONE',  ( 333.1971096228803617, -1.949259211707968564, 223.4444586295074373 ) ) ;
#2093 = CARTESIAN_POINT ( 'NONE',  ( 328.7955231099507500, 4.163192178531169851, 227.6886290440390894 ) ) ;
#2094 = CARTESIAN_POINT ( 'NONE',  ( 445.0185472759407617, -4.233984777287190582, 283.0817145493894600 ) ) ;
#2095 = EDGE_LOOP ( 'NONE', ( #98, #715, #222, #785 ) ) ;
#2096 = LINE ( 'NONE', #2878, #2081 ) ;
#2097 = DIRECTION ( 'NONE',  ( 0.000000000000000000, 0.000000000000000000, -1.000000000000000000 ) ) ;
#2098 = ADVANCED_FACE ( 'NONE', ( #731 ), #1454, .F. ) ;
#2099 = CARTESIAN_POINT ( 'NONE',  ( 0.000000000000000000, -0.07286972220746454343, 422.4816273383034968 ) ) ;
#2100 = CARTESIAN_POINT ( 'NONE',  ( 386.6666666647022339, 5.886350116970718638, 359.8738835282833293 ) ) ;
#2101 = CARTESIAN_POINT ( 'NONE',  ( 333.3646549483984813, 1.106017314841533317, 223.9269940067606228 ) ) ;
#2102 = CARTESIAN_POINT ( 'NONE',  ( 445.0185472759408754, -4.081914508778270445, 332.6817145493893122 ) ) ;
#2103 = CARTESIAN_POINT ( 'NONE',  ( 330.1929955746286396, 9.566441022949824458, 238.1640438118841132 ) ) ;
#2104 = LINE ( 'NONE', #1342, #249 ) ;
#2105 = CARTESIAN_POINT ( 'NONE',  ( 193.3333333323510317, -6.765421898788464894, 365.9557577967350426 ) ) ;
#2106 = EDGE_CURVE ( 'NONE', #1020, #1333, #1695, .T. ) ;
#2107 = CARTESIAN_POINT ( 'NONE',  ( 326.3291518561816815, -6.092887405412809265, 257.0961402075480464 ) ) ;
#2108 = CARTESIAN_POINT ( 'NONE',  ( 315.0370945548289114, -6.467158405928565834, 308.8817145493894145 ) ) ;
#2109 = CARTESIAN_POINT ( 'NONE',  ( 331.4227780260082454, 6.181263831392335817, 232.1383446346509061 ) ) ;
#2110 = ORIENTED_EDGE ( 'NONE', *, *, #3064, .F. ) ;
#2111 = DIRECTION ( 'NONE',  ( 0.000000000000000000, 1.000000000000000000, 0.000000000000000000 ) ) ;
#2112 = CARTESIAN_POINT ( 'NONE',  ( 328.8280226818465053, -4.427296154738886713, 246.1188354021179521 ) ) ;
#2113 = CARTESIAN_POINT ( 'NONE',  ( 386.6666666647017792, -4.705967703391121582, 419.7200802417859222 ) ) ;
#2114 = CARTESIAN_POINT ( 'NONE',  ( 328.7743546534215398, -0.4211320490436403774, 223.0063633286579545 ) ) ;
#2115 = CARTESIAN_POINT ( 'NONE',  ( 0.000000000000000000, -1.199999999999999734, 301.8817145493894145 ) ) ;
#2116 = CARTESIAN_POINT ( 'NONE',  ( 118.4367889235229967, -1.525667192811752226, 293.8817145493893577 ) ) ;
#2117 = CARTESIAN_POINT ( 'NONE',  ( 414.9367889235429061, -4.242608822892233178, 331.6817145493892554 ) ) ;
#2118 = CARTESIAN_POINT ( 'NONE',  ( 193.3333333323510317, -7.079803176567100564, 270.4717163648858218 ) ) ;
#2119 = CARTESIAN_POINT ( 'NONE',  ( 312.0269713282443149, -5.847779907694821588, 301.3901952409379987 ) ) ;
#2120 = CARTESIAN_POINT ( 'NONE',  ( 386.6666666647020634, 3.173329659270263559, 227.8570020030838919 ) ) ;
#2121 = CARTESIAN_POINT ( 'NONE',  ( 333.2574621369637384, 0.06858282183671889076, 223.1487428351815652 ) ) ;
#2122 = VERTEX_POINT ( 'NONE', #2733 ) ;
#2123 = CARTESIAN_POINT ( 'NONE',  ( 312.7603329644608721, -6.522808338735448963, 300.4894881364705839 ) ) ;
#2124 = ORIENTED_EDGE ( 'NONE', *, *, #2646, .F. ) ;
#2125 = CARTESIAN_POINT ( 'NONE',  ( 325.5631931723490879, 12.77322633585817790, 260.8491914938074956 ) ) ;
#2126 = CARTESIAN_POINT ( 'NONE',  ( 413.4367889235230678, 0.000000000000000000, 291.8817145493893577 ) ) ;
#2127 = CARTESIAN_POINT ( 'NONE',  ( 579.9999999970532372, -4.761979561952836448, 372.7162503368264197 ) ) ;
#2128 = CARTESIAN_POINT ( 'NONE',  ( 328.7614151790101573, 0.05675845808092913614, 222.8433144938652788 ) ) ;
#2129 = CLOSED_SHELL ( 'NONE', ( #1987, #807, #2814, #131, #2668, #2945, #563, #518, #1622, #314, #2920, #976, #1551, #95, #2906, #2098, #894, #1050, #693, #1210, #3040, #1887, #1931, #2429, #1814, #408, #651, #934, #2575, #2641, #2388, #771, #1199, #2145, #1116, #2740, #945, #354, #157, #1289, #1893, #1084, #3164, #2233, #2322, #1700, #1952, #2856, #1538, #3197, #2672, #2449, #2956, #2533, #3268, #1618, #1004 ) ) ;
#2130 = CARTESIAN_POINT ( 'NONE',  ( 310.0370945548293662, -4.538304021238969810, 301.8817145493895282 ) ) ;
#2131 = VECTOR ( 'NONE', #1704, 1000.000000000000000 ) ;
#2132 = CARTESIAN_POINT ( 'NONE',  ( 310.0370945548290251, 15.29315885068799297, 274.3779216349367402 ) ) ;
#2133 = CARTESIAN_POINT ( 'NONE',  ( 323.0125264917585355, -7.156911992869086525, 248.3429071604394096 ) ) ;
#2134 = CARTESIAN_POINT ( 'NONE',  ( 386.6666666647020634, -6.083877520582038123, 315.6127975168557214 ) ) ;
#2135 = EDGE_CURVE ( 'NONE', #1270, #3206, #794, .T. ) ;
#2136 = CARTESIAN_POINT ( 'NONE',  ( 310.0370945548290251, 0.000000000000000000, 0.000000000000000000 ) ) ;
#2137 = CARTESIAN_POINT ( 'NONE',  ( 310.0370945548290251, -1.199999999999999734, 311.8817145493894145 ) ) ;
#2138 = CARTESIAN_POINT ( 'NONE',  ( 332.0888220692750679, 4.683238753414630473, 228.8748560078465744 ) ) ;
#2139 = VERTEX_POINT ( 'NONE', #413 ) ;
#2140 = DIRECTION ( 'NONE',  ( 0.000000000000000000, 1.000000000000000000, 0.000000000000000000 ) ) ;
#2141 = CARTESIAN_POINT ( 'NONE',  ( 445.0185472759411027, 8.637704689071314945, 338.8663986191729691 ) ) ;
#2142 = ORIENTED_EDGE ( 'NONE', *, *, #493, .F. ) ;
#2143 = CARTESIAN_POINT ( 'NONE',  ( 417.1064119954457965, -4.255014967393039527, 327.9288131061722424 ) ) ;
#2144 = CARTESIAN_POINT ( 'NONE',  ( 324.2409718968243055, -5.010704204146811946, 261.2568486736571458 ) ) ;
#2145 = ADVANCED_FACE ( 'NONE', ( #1441 ), #2217, .T. ) ;
#2146 = CARTESIAN_POINT ( 'NONE',  ( 0.000000000000000000, -6.223998622485594545, 456.3664685701571671 ) ) ;
#2147 = CARTESIAN_POINT ( 'NONE',  ( 328.7589437809717765, -0.1099335918854668082, 222.8350136357488509 ) ) ;
#2148 = FACE_OUTER_BOUND ( 'NONE', #2524, .T. ) ;
#2149 = CARTESIAN_POINT ( 'NONE',  ( 310.0370945548289683, 5.188293643597224225, 369.5786951049933009 ) ) ;
#2150 = DIRECTION ( 'NONE',  ( -0.9970796596427953240, -0.002571963139560264847, 0.07632520771158178563 ) ) ;
#2151 = CARTESIAN_POINT ( 'NONE',  ( 386.6666666647018928, -5.720178202154572844, 376.8193992500837339 ) ) ;
#2152 = CARTESIAN_POINT ( 'NONE',  ( 413.4367889235230678, 60.00000000000000000, 288.0817145493894031 ) ) ;
#2153 = EDGE_CURVE ( 'NONE', #3272, #1830, #1444, .T. ) ;
#2154 = CARTESIAN_POINT ( 'NONE',  ( 0.000000000000000000, 10.61092084068729768, 215.5285796454811589 ) ) ;
#2155 = ORIENTED_EDGE ( 'NONE', *, *, #1746, .F. ) ;
#2156 = CARTESIAN_POINT ( 'NONE',  ( 416.1935904606401095, 0.7618482537914227359, 331.3672293577627102 ) ) ;
#2157 = CARTESIAN_POINT ( 'NONE',  ( 311.3812411155496989, -6.526295817657593368, 301.8817145495024192 ) ) ;
#2158 = ORIENTED_EDGE ( 'NONE', *, *, #615, .F. ) ;
#2159 = CARTESIAN_POINT ( 'NONE',  ( 416.8201736396762271, -4.258951997534395240, 327.5296050467964619 ) ) ;
#2160 = CARTESIAN_POINT ( 'NONE',  ( 411.4367889235230678, -5.958157757774440455, 315.4165216302251338 ) ) ;
#2161 = CARTESIAN_POINT ( 'NONE',  ( 386.6666666647018928, -3.305401079264717268, 412.3030266280131855 ) ) ;
#2162 = CARTESIAN_POINT ( 'NONE',  ( 319.5786772466314574, -0.03027465458623363956, 222.2044259064770131 ) ) ;
#2163 = DIRECTION ( 'NONE',  ( 1.000000000000000000, 0.000000000000000000, 0.000000000000000000 ) ) ;
#2164 = CARTESIAN_POINT ( 'NONE',  ( 324.8370945548290933, -6.265113345688932966, 264.4069360666574653 ) ) ;
#2165 = CARTESIAN_POINT ( 'NONE',  ( 0.000000000000000000, 7.300000000000000711, 288.0817145493894031 ) ) ;
#2166 = CARTESIAN_POINT ( 'NONE',  ( 193.3333333323509464, -6.939266470113822471, 260.1927417165398992 ) ) ;
#2167 = DIRECTION ( 'NONE',  ( -0.9970796596427953240, -0.002571963139560272220, 0.07632520771158178563 ) ) ;
#2168 = CARTESIAN_POINT ( 'NONE',  ( 579.9999999970532372, 9.121458547516446913, 257.3579398412701380 ) ) ;
#2169 = ORIENTED_EDGE ( 'NONE', *, *, #572, .T. ) ;
#2170 = CARTESIAN_POINT ( 'NONE',  ( 415.7769185767826343, 0.5990927055671004808, 287.1407657346738347 ) ) ;
#2171 = CARTESIAN_POINT ( 'NONE',  ( 422.5633882552517662, -4.334944448512825232, 280.2731100693192730 ) ) ;
#2172 = CARTESIAN_POINT ( 'NONE',  ( 417.4368491312006881, -4.244508310131611672, 329.3438468653100699 ) ) ;
#2173 = PLANE ( 'NONE',  #2778 ) ;
#2174 = CARTESIAN_POINT ( 'NONE',  ( 0.000000000000000000, -7.786271839968238240, 360.7297558856265027 ) ) ;
#2175 = CARTESIAN_POINT ( 'NONE',  ( 328.7574410940601410, -0.07427064199207164541, 222.8249486988584920 ) ) ;
#2176 = CARTESIAN_POINT ( 'NONE',  ( 412.4532039175452951, -4.411410097492082016, 284.9108800535789783 ) ) ;
#2177 = FACE_OUTER_BOUND ( 'NONE', #2382, .T. ) ;
#2178 = CARTESIAN_POINT ( 'NONE',  ( 412.7671665554482274, 0.5966680080834004807, 283.3288117917377917 ) ) ;
#2179 = CARTESIAN_POINT ( 'NONE',  ( 386.6666666647020634, -3.190613515628904828, 230.4749220973889692 ) ) ;
#2180 = ORIENTED_EDGE ( 'NONE', *, *, #2852, .T. ) ;
#2181 = VECTOR ( 'NONE', #3149, 1000.000000000000114 ) ;
#2182 = AXIS2_PLACEMENT_3D ( 'NONE', #2115, #866, #2163 ) ;
#2183 = CARTESIAN_POINT ( 'NONE',  ( 559.8975135647069692, -0.03600413214643188864, 350.4521908228139750 ) ) ;
#2184 = CARTESIAN_POINT ( 'NONE',  ( 579.9999999970531235, 2.307336104060937920, 366.4516910496425908 ) ) ;
#2185 = VECTOR ( 'NONE', #2756, 1000.000000000000000 ) ;
#2186 = AXIS2_PLACEMENT_3D ( 'NONE', #2052, #1259, #2289 ) ;
#2187 = VERTEX_POINT ( 'NONE', #2504 ) ;
#2188 = CARTESIAN_POINT ( 'NONE',  ( 417.4697244939466145, 0.6273077384123373346, 282.1001102781920054 ) ) ;
#2189 = PRODUCT_DEFINITION_CONTEXT ( 'detailed design', #585, 'design' ) ;
#2190 = CARTESIAN_POINT ( 'NONE',  ( 310.0250068135196102, -6.533228629368657003, 301.8817145493894145 ) ) ;
#2191 = CARTESIAN_POINT ( 'NONE',  ( 415.2643904620978219, -4.272046037793163720, 326.6979245399890601 ) ) ;
#2192 = DIRECTION ( 'NONE',  ( -0.000000000000000000, -1.000000000000000000, -1.576542137387265747E-16 ) ) ;
#2193 = CARTESIAN_POINT ( 'NONE',  ( 579.9999999970528961, -5.011717794592429165, 272.9486295801441429 ) ) ;
#2194 = EDGE_CURVE ( 'NONE', #2416, #2266, #187, .T. ) ;
#2195 = CARTESIAN_POINT ( 'NONE',  ( 319.6114246054963246, -0.6328576033582467009, 222.6208208657722878 ) ) ;
#2196 = CARTESIAN_POINT ( 'NONE',  ( 413.6814821723689874, -4.394129569166731919, 282.4135044420369240 ) ) ;
#2197 = PLANE ( 'NONE',  #3325 ) ;
#2198 = CARTESIAN_POINT ( 'NONE',  ( 412.9485821131455054, 0.5872397465366743230, 286.1060436161721441 ) ) ;
#2199 = DIRECTION ( 'NONE',  ( -0.000000000000000000, 0.000000000000000000, 1.000000000000000000 ) ) ;
#2200 = ORIENTED_EDGE ( 'NONE', *, *, #1641, .T. ) ;
#2201 = CARTESIAN_POINT ( 'NONE',  ( 389.2314895940143060, -0.07328326482081669313, 348.4725790239992875 ) ) ;
#2202 = CARTESIAN_POINT ( 'NONE',  ( 0.000000000000000000, 19.05559646799564533, 289.0914184166211953 ) ) ;
#2203 = EDGE_CURVE ( 'NONE', #1795, #2231, #2835, .T. ) ;
#2204 = ORIENTED_EDGE ( 'NONE', *, *, #440, .F. ) ;
#2205 = CARTESIAN_POINT ( 'NONE',  ( 413.4367889235230678, -4.411730232493482617, 300.6151805957048282 ) ) ;
#2206 = CARTESIAN_POINT ( 'NONE',  ( 445.2202597256406307, -4.223951233733322042, 306.8751350659223931 ) ) ;
#2207 = CARTESIAN_POINT ( 'NONE',  ( 328.1977005044809630, -0.3915659579423799719, 222.9365446389718386 ) ) ;
#2208 = DIRECTION ( 'NONE',  ( 0.000000000000000000, 0.000000000000000000, -1.000000000000000000 ) ) ;
#2209 = EDGE_CURVE ( 'NONE', #2633, #1270, #2619, .T. ) ;
#2210 = CARTESIAN_POINT ( 'NONE',  ( 193.3333333323509464, -6.642773502515775697, 388.2232343896972111 ) ) ;
#2211 = CARTESIAN_POINT ( 'NONE',  ( 324.2187534908961197, -1.470481962660925568, 224.8611723303682766 ) ) ;
#2212 = CARTESIAN_POINT ( 'NONE',  ( 413.6799959027059117, -4.410813433262311456, 286.7672338371322667 ) ) ;
#2213 = EDGE_CURVE ( 'NONE', #2187, #1889, #996, .T. ) ;
#2214 = LINE ( 'NONE', #1438, #2185 ) ;
#2215 = CARTESIAN_POINT ( 'NONE',  ( 0.000000000000000000, -3.869566342698527173E-11, 199.5133111311278071 ) ) ;
#2216 = ORIENTED_EDGE ( 'NONE', *, *, #3148, .F. ) ;
#2217 = PLANE ( 'NONE',  #1749 ) ;
#2218 = EDGE_LOOP ( 'NONE', ( #2006, #929, #664, #466 ) ) ;
#2219 = CARTESIAN_POINT ( 'NONE',  ( 0.000000000000000000, 7.785143742719109916, 377.2153418768251640 ) ) ;
#2220 = ORIENTED_EDGE ( 'NONE', *, *, #2244, .F. ) ;
#2221 = CARTESIAN_POINT ( 'NONE',  ( 413.6800031147742516, -4.251046723828062035, 331.3672373629275967 ) ) ;
#2222 = CARTESIAN_POINT ( 'NONE',  ( 422.5636151049568525, -4.303736076808401201, 315.7658527743690229 ) ) ;
#2223 = CARTESIAN_POINT ( 'NONE',  ( 327.6321177512620579, -1.684690836105562362, 225.7077921282398449 ) ) ;
#2224 = CARTESIAN_POINT ( 'NONE',  ( 418.4367889235230678, -4.230973610777705396, 330.6817145493894259 ) ) ;
#2225 = CARTESIAN_POINT ( 'NONE',  ( 386.6666666647020634, -6.083877520582038123, 315.6127975168557214 ) ) ;
#2226 = CARTESIAN_POINT ( 'NONE',  ( 324.2158568363163340, -1.000915724798562279, 223.6552820339099696 ) ) ;
#2227 = CARTESIAN_POINT ( 'NONE',  ( 412.7675555726254402, 0.5871225107026980528, 285.8350988057228506 ) ) ;
#2228 = CARTESIAN_POINT ( 'NONE',  ( 314.9704307649778912, 14.47572497436498828, 264.4069360666574653 ) ) ;
#2229 = ORIENTED_EDGE ( 'NONE', *, *, #2794, .T. ) ;
#2230 = CARTESIAN_POINT ( 'NONE',  ( 445.0185472759410459, -5.648800226917228606, 337.8724083428048743 ) ) ;
#2231 = VERTEX_POINT ( 'NONE', #819 ) ;
#2232 = CARTESIAN_POINT ( 'NONE',  ( 386.6666666647022339, 11.94894084339834173, 321.0677719607929816 ) ) ;
#2233 = ADVANCED_FACE ( 'NONE', ( #517 ), #2376, .F. ) ;
#2234 = ORIENTED_EDGE ( 'NONE', *, *, #1465, .F. ) ;
#2235 = LINE ( 'NONE', #2749, #2021 ) ;
#2236 = AXIS2_PLACEMENT_3D ( 'NONE', #2415, #1331, #1883 ) ;
#2237 = CARTESIAN_POINT ( 'NONE',  ( 321.6656500370164622, -0.2534755244859377421, 383.7324272952099022 ) ) ;
#2238 = CARTESIAN_POINT ( 'NONE',  ( 327.8413067400827572, 2.213893638194015079, 224.6828060289421956 ) ) ;
#2239 = FACE_OUTER_BOUND ( 'NONE', #2735, .T. ) ;
#2240 = VECTOR ( 'NONE', #2140, 1000.000000000000000 ) ;
#2241 = CARTESIAN_POINT ( 'NONE',  ( 193.3333333323510317, -7.079803176567100564, 270.4717163648858218 ) ) ;
#2242 = AXIS2_PLACEMENT_3D ( 'NONE', #2951, #1409, #1102 ) ;
#2243 = CARTESIAN_POINT ( 'NONE',  ( 324.2168564849799850, -1.087052802646294891, 223.8681576353144465 ) ) ;
#2244 = EDGE_CURVE ( 'NONE', #260, #1795, #2829, .T. ) ;
#2245 = CARTESIAN_POINT ( 'NONE',  ( 0.000000000000000000, 18.32930396932231787, 256.2623385660224926 ) ) ;
#2246 = CARTESIAN_POINT ( 'NONE',  ( 386.6666666647018928, -0.3885889226291279752, 225.5030240003190727 ) ) ;
#2247 = VERTEX_POINT ( 'NONE', #1017 ) ;
#2248 = DIRECTION ( 'NONE',  ( 0.000000000000000000, 0.000000000000000000, -1.000000000000000000 ) ) ;
#2249 = EDGE_LOOP ( 'NONE', ( #1185, #418, #263, #772 ) ) ;
#2250 = CARTESIAN_POINT ( 'NONE',  ( 193.3333333323510317, 16.73177006838016467, 291.1673851077070481 ) ) ;
#2251 = ORIENTED_EDGE ( 'NONE', *, *, #1090, .T. ) ;
#2252 = CARTESIAN_POINT ( 'NONE',  ( 412.4366482629935717, -4.272181902115002927, 329.0190353512917909 ) ) ;
#2253 = CARTESIAN_POINT ( 'NONE',  ( 414.9367889235012967, 0.7573911771075538812, 331.6817145493894259 ) ) ;
#2254 = CARTESIAN_POINT ( 'NONE',  ( 411.4367889235230678, 7.300000000000000711, 281.0817145493894031 ) ) ;
#2255 = CARTESIAN_POINT ( 'NONE',  ( 413.4367889235230678, 7.300000000000000711, 288.0817145493894031 ) ) ;
#2256 = CARTESIAN_POINT ( 'NONE',  ( 315.0370945548289114, -6.257106121125328713, 300.8689115691207689 ) ) ;
#2257 = CARTESIAN_POINT ( 'NONE',  ( 193.3333333323509748, -0.4512635983332914380, 212.5013648110064537 ) ) ;
#2258 = CARTESIAN_POINT ( 'NONE',  ( 324.1916258472338654, -0.5053631033326982935, 222.7773306003717835 ) ) ;
#2259 = CARTESIAN_POINT ( 'NONE',  ( 413.4118239211151717, 0.7463273548966340432, 331.1694291868862479 ) ) ;
#2260 = CARTESIAN_POINT ( 'NONE',  ( 386.6666666647020634, 8.022921245373382249, 237.6224616886818808 ) ) ;
#2261 = CARTESIAN_POINT ( 'NONE',  ( 333.4053326907446149, 11.70004619449903061, 254.0874445225536533 ) ) ;
#2262 = ORIENTED_EDGE ( 'NONE', *, *, #2209, .T. ) ;
#2263 = CARTESIAN_POINT ( 'NONE',  ( 413.4367889235230678, -4.415054022863573735, 288.0817145493894031 ) ) ;
#2264 = VERTEX_POINT ( 'NONE', #2029 ) ;
#2265 = CARTESIAN_POINT ( 'NONE',  ( 0.000000000000000000, -7.396703398402827645, 431.1210683550273188 ) ) ;
#2266 = VERTEX_POINT ( 'NONE', #2634 ) ;
#2267 = DIRECTION ( 'NONE',  ( 0.000000000000000000, -1.000000000000000000, -1.576542137387265747E-16 ) ) ;
#2268 = CARTESIAN_POINT ( 'NONE',  ( 312.0217456123601210, -6.529025161359209406, 299.9992100113541937 ) ) ;
#2269 = LINE ( 'NONE', #2014, #1550 ) ;
#2270 = CARTESIAN_POINT ( 'NONE',  ( 319.6279579139584257, 6.894704145741979318, 233.1072611867699038 ) ) ;
#2271 = CARTESIAN_POINT ( 'NONE',  ( 417.4697604604056664, 0.7490293969526200524, 328.2921991945246418 ) ) ;
#2272 = CARTESIAN_POINT ( 'NONE',  ( 315.0370945548289114, -6.299079094051536210, 304.5604666339948494 ) ) ;
#2273 = CARTESIAN_POINT ( 'NONE',  ( 418.4367889235230678, 60.00000000000000000, 283.0817145493894031 ) ) ;
#2274 = CARTESIAN_POINT ( 'NONE',  ( 319.6337673154224603, -1.923629663202822915, 225.8706689157861831 ) ) ;
#2275 = EDGE_CURVE ( 'NONE', #1552, #2971, #1054, .T. ) ;
#2276 = CARTESIAN_POINT ( 'NONE',  ( 414.9367889235230678, 149.2235650228595034, 331.6817145493894259 ) ) ;
#2277 = CARTESIAN_POINT ( 'NONE',  ( 386.6666666647018928, 13.85879363688259858, 268.4212721551975278 ) ) ;
#2278 = CARTESIAN_POINT ( 'NONE',  ( 328.7668599901689959, 0.2156974455570240257, 222.9219131936364136 ) ) ;
#2279 = CARTESIAN_POINT ( 'NONE',  ( 310.0370945548289683, -4.801978100357722212, 301.8817145493894714 ) ) ;
#2280 = ORIENTED_EDGE ( 'NONE', *, *, #2491, .T. ) ;
#2281 = EDGE_CURVE ( 'NONE', #1154, #3206, #769, .T. ) ;
#2282 = DIRECTION ( 'NONE',  ( -1.000000000000000000, -0.000000000000000000, -0.000000000000000000 ) ) ;
#2283 = ORIENTED_EDGE ( 'NONE', *, *, #2711, .T. ) ;
#2284 = CARTESIAN_POINT ( 'NONE',  ( 386.6666666647022339, -5.592650226285882376, 400.6320236277662730 ) ) ;
#2285 = EDGE_LOOP ( 'NONE', ( #1512, #2757, #340, #2067, #1774, #2124, #18, #1990 ) ) ;
#2286 = LINE ( 'NONE', #952, #2463 ) ;
#2287 = CARTESIAN_POINT ( 'NONE',  ( 417.1060037756963084, -4.390396475636162421, 285.8351303882568573 ) ) ;
#2288 = B_SPLINE_CURVE_WITH_KNOTS ( 'NONE', 3,
 ( #565, #2929, #360, #2160, #1907, #2943, #3131, #829, #814 ),
 .UNSPECIFIED., .F., .F.,
 ( 4, 1, 1, 1, 1, 1, 4 ),
 ( 0.000000000000000000, 0.006829484668097615674, 0.01730416146796806900, 0.02766258316675172454, 0.03778087107307254167, 0.04753709734051215358, 0.05160020157290587384 ),
 .UNSPECIFIED. ) ;
#2289 = DIRECTION ( 'NONE',  ( -0.1999674932621482437, 0.000000000000000000, 0.9798025319616461282 ) ) ;
#2290 = CARTESIAN_POINT ( 'NONE',  ( 328.7982773010502910, 4.811299446498236598, 228.9160196061638999 ) ) ;
#2291 = CARTESIAN_POINT ( 'NONE',  ( 417.4697582144152648, 0.7596212514491590406, 329.9822208149604990 ) ) ;
#2292 = CARTESIAN_POINT ( 'NONE',  ( 315.0370945548289114, -5.848594693177880721, 301.3759163717296587 ) ) ;
#2293 = PRODUCT_DEFINITION_FORMATION_WITH_SPECIFIED_SOURCE ( 'ANY', '', #2010, .NOT_KNOWN. ) ;
#2294 = VECTOR ( 'NONE', #561, 1000.000000000000000 ) ;
#2295 = CARTESIAN_POINT ( 'NONE',  ( 579.9999999970530098, -1.884472597434357466, 240.4758978681773272 ) ) ;
#2296 = CARTESIAN_POINT ( 'NONE',  ( 324.2255596983592341, -2.161668966512863665, 227.0337444616413052 ) ) ;
#2297 = AXIS2_PLACEMENT_3D ( 'NONE', #2992, #678, #2716 ) ;
#2298 = CARTESIAN_POINT ( 'NONE',  ( 413.8280696356155204, 0.7220457578571999324, 326.9350281216774761 ) ) ;
#2299 = CARTESIAN_POINT ( 'NONE',  ( 0.000000000000000000, 0.6651760188416218078, 199.5309203637108340 ) ) ;
#2300 = CARTESIAN_POINT ( 'NONE',  ( 319.5894321261423556, 0.2217045870757587689, 222.3067336622852963 ) ) ;
#2301 = CARTESIAN_POINT ( 'NONE',  ( 333.3999318427258345, 9.055372247753359360, 241.0952519293012415 ) ) ;
#2302 = ORIENTED_EDGE ( 'NONE', *, *, #2194, .F. ) ;
#2303 = DIRECTION ( 'NONE',  ( 1.000000000000000000, 0.000000000000000000, -0.000000000000000000 ) ) ;
#2304 = ORIENTED_EDGE ( 'NONE', *, *, #1015, .T. ) ;
#2305 = CARTESIAN_POINT ( 'NONE',  ( 579.9999999970530098, -2.772280013143109123, 395.1761131678124457 ) ) ;
#2306 = EDGE_LOOP ( 'NONE', ( #2220, #25, #3189, #271 ) ) ;
#2307 = CARTESIAN_POINT ( 'NONE',  ( 412.6892033032154927, -4.276759903612616043, 328.0747908445531493 ) ) ;
#2308 = CARTESIAN_POINT ( 'NONE',  ( 413.4367889235230678, 7.300000000000000711, 0.000000000000000000 ) ) ;
#2309 = CARTESIAN_POINT ( 'NONE',  ( 310.0370945548290251, 3.306277303021957437, 269.3767156309140773 ) ) ;
#2310 = CARTESIAN_POINT ( 'NONE',  ( 328.7990820507679928, 5.014005923926480257, 229.3334222044454123 ) ) ;
#2311 = CARTESIAN_POINT ( 'NONE',  ( 344.8536125831521417, -5.986649351095254978, 366.9135339570286192 ) ) ;
#2312 = CARTESIAN_POINT ( 'NONE',  ( 315.0370945548289114, -8.879593339260553719, 302.3664734533147680 ) ) ;
#2313 = EDGE_CURVE ( 'NONE', #224, #2027, #3341, .T. ) ;
#2314 = DIRECTION ( 'NONE',  ( 0.000000000000000000, -1.000000000000000000, 0.000000000000000000 ) ) ;
#2315 = CARTESIAN_POINT ( 'NONE',  ( 328.8111951794491006, -1.901369238721339006, 226.4550822556683727 ) ) ;
#2316 = EDGE_CURVE ( 'NONE', #445, #2655, #191, .T. ) ;
#2317 = CARTESIAN_POINT ( 'NONE',  ( 310.0370945548290820, -6.543454212043247509, 297.9020880243386955 ) ) ;
#2318 = B_SPLINE_CURVE_WITH_KNOTS ( 'NONE', 3,
 ( #564, #1590, #2123, #2383, #2628, #67, #796, #827, #1872, #52, #1624, #2400, #83, #1416 ),
 .UNSPECIFIED., .F., .F.,
 ( 4, 2, 2, 2, 2, 2, 4 ),
 ( -1.095445105017325550E-05, 0.001418001121170874880, 0.002132478907281399032, 0.002846956693391922751, 0.003561434479502447337, 0.004275912265612971490, 0.005704867837834174185 ),
 .UNSPECIFIED. ) ;
#2319 = CARTESIAN_POINT ( 'NONE',  ( 579.9999999970532372, 9.121458547516446913, 257.3579398412701380 ) ) ;
#2320 = CARTESIAN_POINT ( 'NONE',  ( 324.1882740141077193, 1.279743610212745297, 223.4661508214785499 ) ) ;
#2321 = CARTESIAN_POINT ( 'NONE',  ( 328.8193004338161813, 13.14857945971323261, 265.2476165147978122 ) ) ;
#2322 = ADVANCED_FACE ( 'NONE', ( #1832 ), #26, .F. ) ;
#2323 = VERTEX_POINT ( 'NONE', #379 ) ;
#2324 = DIRECTION ( 'NONE',  ( 1.000000000000000000, -0.000000000000000000, -0.000000000000000000 ) ) ;
#2325 = CARTESIAN_POINT ( 'NONE',  ( 386.6666666647018360, -5.176508820950278533, 419.6790967410228177 ) ) ;
#2326 = EDGE_LOOP ( 'NONE', ( #750, #326, #3049, #1474 ) ) ;
#2327 = CARTESIAN_POINT ( 'NONE',  ( 312.0277602593191659, -5.744931694726347793, 301.4743282969869256 ) ) ;
#2328 = DIRECTION ( 'NONE',  ( -0.07632546015824470675, 0.000000000000000000, -0.9970829574973349985 ) ) ;
#2329 = CARTESIAN_POINT ( 'NONE',  ( 315.0370945548289683, -6.486651114900401360, 307.5642972193076616 ) ) ;
#2330 = CARTESIAN_POINT ( 'NONE',  ( 319.6171441820517316, 3.971140026665986866, 226.7051671104733259 ) ) ;
#2331 = CARTESIAN_POINT ( 'NONE',  ( 445.0185472759412733, -5.681968031723514834, 332.6817145493895396 ) ) ;
#2332 = CARTESIAN_POINT ( 'NONE',  ( 315.0370945548289114, -6.754900933527461682, 304.3705616599723385 ) ) ;
#2333 = ORIENTED_EDGE ( 'NONE', *, *, #2491, .F. ) ;
#2334 = FACE_OUTER_BOUND ( 'NONE', #1742, .T. ) ;
#2335 = CARTESIAN_POINT ( 'NONE',  ( 333.3999091114623639, -1.890239026480597051, 226.7472889256094106 ) ) ;
#2336 = B_SPLINE_CURVE_WITH_KNOTS ( 'NONE', 3,
 ( #2149, #108, #1392, #2700, #619, #1864, #2664, #2391, #59, #3184, #392, #2132, #3200, #2427, #3216 ),
 .UNSPECIFIED., .F., .F.,
 ( 4, 1, 1, 1, 1, 1, 1, 1, 1, 1, 1, 1, 4 ),
 ( 0.05878475195884487470, 0.06504282879276618301, 0.07543050721269808911, 0.08598393781942417768, 0.09655708694493470023, 0.1070094489964684703, 0.1172344684927195541, 0.1271744213114517907, 0.1367823157027578951, 0.1460152519564084095, 0.1548411707284761407, 0.1632402397130129357, 0.1646964807350195514 ),
 .UNSPECIFIED. ) ;
#2337 = CARTESIAN_POINT ( 'NONE',  ( 310.0370945548291388, -6.487477858776100170, 273.6631106969939538 ) ) ;
#2338 = CARTESIAN_POINT ( 'NONE',  ( 579.9999999970532372, -0.04621037551902798524, 379.9087948609357568 ) ) ;
#2339 = CARTESIAN_POINT ( 'NONE',  ( 319.5975070309983153, 0.9594216077601787074, 222.8669594483299932 ) ) ;
#2340 = CARTESIAN_POINT ( 'NONE',  ( 319.6304961025837201, 7.823516118849038747, 235.8035896027305967 ) ) ;
#2341 = ORIENTED_EDGE ( 'NONE', *, *, #1101, .T. ) ;
#2342 = CARTESIAN_POINT ( 'NONE',  ( 325.6150832731253217, 13.95588600060645845, 260.5949399087372171 ) ) ;
#2343 = CARTESIAN_POINT ( 'NONE',  ( 193.3333333323509464, -6.422087301610666543, 423.0834801110592025 ) ) ;
#2344 = ORIENTED_EDGE ( 'NONE', *, *, #3148, .T. ) ;
#2345 = DIRECTION ( 'NONE',  ( -1.000000000000000000, 0.000000000000000000, -9.637352644315590806E-16 ) ) ;
#2346 = PRODUCT_CONTEXT ( 'NONE', #404, 'mechanical' ) ;
#2347 = EDGE_CURVE ( 'NONE', #2091, #2971, #1406, .T. ) ;
#2348 = CARTESIAN_POINT ( 'NONE',  ( 324.2086878761064668, 4.621882756775245404, 228.2180285815013292 ) ) ;
#2349 = CARTESIAN_POINT ( 'NONE',  ( 327.7783539853678576, -4.620719403969515859, 249.9953265085989926 ) ) ;
#2350 = ORIENTED_EDGE ( 'NONE', *, *, #2612, .F. ) ;
#2351 = CARTESIAN_POINT ( 'NONE',  ( 445.0185472759409890, 4.574723020754132286, 234.0193942476865629 ) ) ;
#2352 = FACE_OUTER_BOUND ( 'NONE', #3236, .T. ) ;
#2353 = CIRCLE ( 'NONE', #1322, 5.299999999999998934 ) ;
#2354 = CARTESIAN_POINT ( 'NONE',  ( 579.9999999970526687, -3.946952243843884212, 401.3968860776002430 ) ) ;
#2355 = AXIS2_PLACEMENT_3D ( 'NONE', #542, #1330, #2328 ) ;
#2356 = CARTESIAN_POINT ( 'NONE',  ( 193.3333333323510317, 3.194756911386668286, 389.6578644352153447 ) ) ;
#2357 = EDGE_CURVE ( 'NONE', #3016, #1681, #1925, .T. ) ;
#2358 = CARTESIAN_POINT ( 'NONE',  ( 328.7730114842356670, 0.5947710205999596766, 223.1890497355188927 ) ) ;
#2359 = CARTESIAN_POINT ( 'NONE',  ( 310.0370945548289683, -6.538323494046628603, 299.8868844838020777 ) ) ;
#2360 = CIRCLE ( 'NONE', #1603, 2.000000000000001776 ) ;
#2361 = CARTESIAN_POINT ( 'NONE',  ( 333.5044377421774584, -3.054881667386427130E-11, 221.9386095311470797 ) ) ;
#2362 = CARTESIAN_POINT ( 'NONE',  ( 310.0370945548289683, -6.459432452865521590, 318.5389589979336051 ) ) ;
#2363 = CARTESIAN_POINT ( 'NONE',  ( 579.9999999970531235, -3.830333945579374788, 249.6992205581955488 ) ) ;
#2364 = CARTESIAN_POINT ( 'NONE',  ( 330.7947921088949101, -4.751574469539673551, 235.2153557107294830 ) ) ;
#2365 =( LENGTH_UNIT ( ) NAMED_UNIT ( * ) SI_UNIT ( .MILLI., .METRE. ) );
#2366 = CARTESIAN_POINT ( 'NONE',  ( 314.9704281474573122, -6.320363880911032517, 264.4069360705271379 ) ) ;
#2367 = CARTESIAN_POINT ( 'NONE',  ( 332.6411682580833258, 3.076259409815128354, 226.1684651565876720 ) ) ;
#2368 = EDGE_CURVE ( 'NONE', #1840, #995, #1136, .T. ) ;
#2369 = ORIENTED_EDGE ( 'NONE', *, *, #3313, .F. ) ;
#2370 = CARTESIAN_POINT ( 'NONE',  ( 314.6414847839130857, -6.476206048978292884, 310.3835605042489760 ) ) ;
#2371 = CARTESIAN_POINT ( 'NONE',  ( 324.2399158519111211, -4.634021586413465066, 249.7331523402149287 ) ) ;
#2372 = CARTESIAN_POINT ( 'NONE',  ( 386.6666666647022339, -0.05509682441517349538, 394.0997390200583936 ) ) ;
#2373 = CARTESIAN_POINT ( 'NONE',  ( 0.000000000000000000, 15.80337903634185182, 325.8913209393173815 ) ) ;
#2374 = CARTESIAN_POINT ( 'NONE',  ( 328.7561051106580408, -0.03056554304578129252, 222.8215260726869644 ) ) ;
#2375 = VERTEX_POINT ( 'NONE', #2164 ) ;
#2376 = PLANE ( 'NONE',  #2689 ) ;
#2377 = CARTESIAN_POINT ( 'NONE',  ( 310.0370945548290820, -6.335096778005734564, 338.8751773677819301 ) ) ;
#2378 = CARTESIAN_POINT ( 'NONE',  ( 193.3333333323510885, -6.914820130816956123, 341.8730961291019526 ) ) ;
#2379 = CARTESIAN_POINT ( 'NONE',  ( 312.0221683451217132, -6.473916020214566025, 300.4124411920711282 ) ) ;
#2380 = PLANE ( 'NONE',  #2236 ) ;
#2381 = CARTESIAN_POINT ( 'NONE',  ( 333.2585754905830413, -0.1302580151875880055, 223.1432876150491325 ) ) ;
#2382 = EDGE_LOOP ( 'NONE', ( #2251, #3086, #803, #3104 ) ) ;
#2383 = CARTESIAN_POINT ( 'NONE',  ( 313.2853010209808531, -6.518766788815483437, 300.9733729284799324 ) ) ;
#2384 = EDGE_LOOP ( 'NONE', ( #1198, #1607 ) ) ;
#2385 = CARTESIAN_POINT ( 'NONE',  ( 416.1909799050840775, -4.238271005821895088, 331.3504778504173487 ) ) ;
#2386 = CARTESIAN_POINT ( 'NONE',  ( 324.2403283341766382, -4.774581068496285496, 253.5727945089777506 ) ) ;
#2387 = CARTESIAN_POINT ( 'NONE',  ( 579.9999999970527824, -4.546249360507058412, 395.0319048769461006 ) ) ;
#2388 = ADVANCED_FACE ( 'NONE', ( #2917 ), #92, .F. ) ;
#2389 = CARTESIAN_POINT ( 'NONE',  ( 324.1856407214082765, -0.4254889291354707059, 222.6995005071137257 ) ) ;
#2390 = EDGE_LOOP ( 'NONE', ( #1044, #2142, #2622, #316 ) ) ;
#2391 = CARTESIAN_POINT ( 'NONE',  ( 310.0370945548289114, 13.91327166176539798, 311.8877287416137847 ) ) ;
#2392 = CARTESIAN_POINT ( 'NONE',  ( 418.4367889235230678, -4.261987833039299289, 325.6817145493894259 ) ) ;
#2393 = CARTESIAN_POINT ( 'NONE',  ( 386.6666666647018928, -5.975492132353124930, 266.5706856483420211 ) ) ;
#2394 = EDGE_CURVE ( 'NONE', #1333, #2187, #1122, .T. ) ;
#2395 = DIRECTION ( 'NONE',  ( 1.000000000000000000, 0.000000000000000000, 0.000000000000000000 ) ) ;
#2396 = CARTESIAN_POINT ( 'NONE',  ( 0.000000000000000000, 6.360022959421542055, 205.8840378691750175 ) ) ;
#2397 = CARTESIAN_POINT ( 'NONE',  ( 330.9117072516210669, 7.163081789738832583, 234.6424938370402060 ) ) ;
#2398 = EDGE_LOOP ( 'NONE', ( #537, #7, #712, #552, #1589, #3142, #2304, #2759, #1964, #1037, #3043 ) ) ;
#2399 = FACE_OUTER_BOUND ( 'NONE', #951, .T. ) ;
#2400 = CARTESIAN_POINT ( 'NONE',  ( 314.9429977873700182, -6.502286080517403200, 303.5365189417200895 ) ) ;
#2401 = CARTESIAN_POINT ( 'NONE',  ( 416.9236600810393725, -4.257643657706616125, 327.6554874024467381 ) ) ;
#2402 = DIRECTION ( 'NONE',  ( 0.000000000000000000, 0.000000000000000000, -1.000000000000000000 ) ) ;
#2403 = CARTESIAN_POINT ( 'NONE',  ( 193.3333333323510885, -6.108416584304056762, 434.0147561491482975 ) ) ;
#2404 = VECTOR ( 'NONE', #2704, 1000.000000000000114 ) ;
#2405 = CARTESIAN_POINT ( 'NONE',  ( 333.3451824392321328, -0.02596347817316184067, 223.1305924542176911 ) ) ;
#2406 = VECTOR ( 'NONE', #1145, 1000.000000000000114 ) ;
#2407 = DIRECTION ( 'NONE',  ( 1.000000000000000000, -0.000000000000000000, -0.000000000000000000 ) ) ;
#2408 = VECTOR ( 'NONE', #1901, 1000.000000000000000 ) ;
#2409 = CIRCLE ( 'NONE', #2297, 2.000000000000001776 ) ;
#2410 = CARTESIAN_POINT ( 'NONE',  ( 436.1579611668030338, -4.140067312721481763, 330.6817145493895964 ) ) ;
#2411 = CARTESIAN_POINT ( 'NONE',  ( 391.5212533987616439, -0.07328326482081669313, 378.3850677489193117 ) ) ;
#2412 = CARTESIAN_POINT ( 'NONE',  ( 0.000000000000000000, -7.509225448604162523, 411.1396134388328392 ) ) ;
#2413 = PLANE ( 'NONE',  #456 ) ;
#2414 = AXIS2_PLACEMENT_3D ( 'NONE', #2152, #638, #2969 ) ;
#2415 = CARTESIAN_POINT ( 'NONE',  ( 483.0367889235231473, 7.300000000000000711, 332.6817145493894259 ) ) ;
#2416 = VERTEX_POINT ( 'NONE', #648 ) ;
#2417 = CARTESIAN_POINT ( 'NONE',  ( 418.4367889235230678, 7.300000000000000711, 330.6817145493894259 ) ) ;
#2418 = CARTESIAN_POINT ( 'NONE',  ( 445.0185472759411027, 3.018852245941618051, 231.6665722718324503 ) ) ;
#2419 = VERTEX_POINT ( 'NONE', #833 ) ;
#2420 = CARTESIAN_POINT ( 'NONE',  ( 416.1890982812093966, -4.265378269203214501, 327.0118255773047053 ) ) ;
#2421 = EDGE_CURVE ( 'NONE', #1974, #246, #1422, .T. ) ;
#2422 = CARTESIAN_POINT ( 'NONE',  ( 445.0185472759409322, 7.300000000000000711, 332.6817145493894259 ) ) ;
#2423 = CARTESIAN_POINT ( 'NONE',  ( 579.9999999970530098, -4.725788449733828500, 379.3994230421292855 ) ) ;
#2424 = EDGE_CURVE ( 'NONE', #1566, #158, #2336, .T. ) ;
#2425 = CARTESIAN_POINT ( 'NONE',  ( 328.7559714494013292, -0.03139021505194073552, 222.8214586582151924 ) ) ;
#2426 = CARTESIAN_POINT ( 'NONE',  ( 311.3601996149282058, -6.531556862789164697, 299.8868812974541243 ) ) ;
#2427 = CARTESIAN_POINT ( 'NONE',  ( 310.0370945548289683, 14.59218077534790403, 264.8902783943444206 ) ) ;
#2428 = DIRECTION ( 'NONE',  ( 0.000000000000000000, 0.000000000000000000, 1.000000000000000000 ) ) ;
#2429 = ADVANCED_FACE ( 'NONE', ( #2177 ), #1911, .T. ) ;
#2430 = CARTESIAN_POINT ( 'NONE',  ( 193.3333333323509464, -6.642773502515775697, 388.2232343896972111 ) ) ;
#2431 = CARTESIAN_POINT ( 'NONE',  ( 341.6072432298723811, -0.2020362616947314893, 382.2059231409783138 ) ) ;
#2432 = DIRECTION ( 'NONE',  ( -0.000000000000000000, 1.000000000000000000, -0.000000000000000000 ) ) ;
#2433 = ORIENTED_EDGE ( 'NONE', *, *, #3157, .F. ) ;
#2434 = CARTESIAN_POINT ( 'NONE',  ( 412.3911091399782549, 0.5858526187502061111, 285.3889129624077441 ) ) ;
#2435 = CARTESIAN_POINT ( 'NONE',  ( 422.5635024850855643, -4.364812559107724255, 284.7069757724808028 ) ) ;
#2436 = CARTESIAN_POINT ( 'NONE',  ( 417.3087243265362645, -4.251207141875053885, 328.3752174439558189 ) ) ;
#2437 = FACE_OUTER_BOUND ( 'NONE', #1792, .T. ) ;
#2438 = CARTESIAN_POINT ( 'NONE',  ( 193.3333333323509464, -5.898521906545276750, 234.5410815672917408 ) ) ;
#2439 = CARTESIAN_POINT ( 'NONE',  ( 328.7564685072188695, -0.02560638782592321305, 222.8220642985470761 ) ) ;
#2440 = CARTESIAN_POINT ( 'NONE',  ( 414.7736618912403515, -4.405950241305992776, 287.0817145493908242 ) ) ;
#2441 = PLANE ( 'NONE',  #2242 ) ;
#2442 = CARTESIAN_POINT ( 'NONE',  ( 193.3333333323509748, -3.397287876363841441E-11, 212.5133111311279777 ) ) ;
#2443 = B_SPLINE_CURVE_WITH_KNOTS ( 'NONE', 3,
 ( #818, #1895, #2682, #1846, #1862, #2899, #588, #2714, #1167, #2471, #2728, #662, #2699, #407 ),
 .UNSPECIFIED., .F., .F.,
 ( 4, 1, 1, 1, 1, 1, 1, 1, 1, 1, 1, 4 ),
 ( 0.1322336342444450363, 0.1365872162164444292, 0.1450401625963683716, 0.1528343044280476570, 0.1598922540218025157, 0.1661417882978352689, 0.1715277405401571809, 0.1760175838255089165, 0.1795912423664644264, 0.1822566398768488138, 0.1840598962873022382, 0.1851962207859992326 ),
 .UNSPECIFIED. ) ;
#2444 = PRESENTATION_STYLE_ASSIGNMENT (( #394 ) ) ;
#2445 = FACE_BOUND ( 'NONE', #1710, .T. ) ;
#2446 = CARTESIAN_POINT ( 'NONE',  ( 193.3333333323509464, 4.987358710711697896, 379.3420367611240636 ) ) ;
#2447 = ORIENTED_EDGE ( 'NONE', *, *, #1856, .F. ) ;
#2448 = CARTESIAN_POINT ( 'NONE',  ( 319.7340254802987829, 13.20103300727330087, 264.4069360666574653 ) ) ;
#2449 = ADVANCED_FACE ( 'NONE', ( #1896 ), #2441, .F. ) ;
#2450 = CARTESIAN_POINT ( 'NONE',  ( 312.0491559243273514, -4.528013907100405078, 301.8817145493895282 ) ) ;
#2451 = CARTESIAN_POINT ( 'NONE',  ( 310.0370945548289683, -6.492721997814469681, 311.8817145493895850 ) ) ;
#2452 = CARTESIAN_POINT ( 'NONE',  ( 445.0185472759409322, 7.300000000000000711, 0.000000000000000000 ) ) ;
#2453 = CARTESIAN_POINT ( 'NONE',  ( 386.6666666647018360, -5.887203071725788384, 347.4091257492923432 ) ) ;
#2454 = CARTESIAN_POINT ( 'NONE',  ( 328.8045707683296541, -0.9932399100563058525, 223.9569896327229515 ) ) ;
#2455 = CARTESIAN_POINT ( 'NONE',  ( 412.7675759737157932, -4.412877767394662420, 285.8352117268889856 ) ) ;
#2456 = CARTESIAN_POINT ( 'NONE',  ( 321.6656500370164622, -0.6534755244859448142, 383.7324272952099022 ) ) ;
#2457 = EDGE_CURVE ( 'NONE', #2323, #1727, #897, .T. ) ;
#2458 = CARTESIAN_POINT ( 'NONE',  ( 412.5168843991087329, 0.5927277907510847266, 283.9327671488335341 ) ) ;
#2459 = ORIENTED_EDGE ( 'NONE', *, *, #1359, .F. ) ;
#2460 = DIRECTION ( 'NONE',  ( 0.000000000000000000, 0.000000000000000000, -1.000000000000000000 ) ) ;
#2461 = MECHANICAL_DESIGN_GEOMETRIC_PRESENTATION_REPRESENTATION (  '', ( #942 ), #3110 ) ;
#2462 = CARTESIAN_POINT ( 'NONE',  ( 386.6666666647018928, 10.58455155675147097, 330.7635623173570139 ) ) ;
#2463 = VECTOR ( 'NONE', #3327, 1000.000000000000000 ) ;
#2464 = ORIENTED_EDGE ( 'NONE', *, *, #1395, .F. ) ;
#2465 = CARTESIAN_POINT ( 'NONE',  ( 413.4367889235230678, -4.415054022863573735, 288.0817145493894031 ) ) ;
#2466 = FACE_BOUND ( 'NONE', #2999, .T. ) ;
#2467 = CARTESIAN_POINT ( 'NONE',  ( 322.6537699531090766, 11.25842140114790801, 250.1007456930536250 ) ) ;
#2468 = CARTESIAN_POINT ( 'NONE',  ( 118.4367889235229967, 0.000000000000000000, 321.8817145493894145 ) ) ;
#2469 = CARTESIAN_POINT ( 'NONE',  ( 0.000000000000000000, -7.565368802876977661, 399.6270695293106314 ) ) ;
#2470 = CARTESIAN_POINT ( 'NONE',  ( 319.6253378966414402, -0.9241256682620971885, 223.1536391842770968 ) ) ;
#2471 = CARTESIAN_POINT ( 'NONE',  ( 445.0185472759410459, -3.035294725667727178, 234.1570522423899092 ) ) ;
#2472 = CARTESIAN_POINT ( 'NONE',  ( 414.6079224918411228, 0.5932327646489818918, 287.0653652389066792 ) ) ;
#2473 = CARTESIAN_POINT ( 'NONE',  ( 310.0370945548289683, -6.538323494046628603, 299.8868844838020777 ) ) ;
#2474 = ORIENTED_EDGE ( 'NONE', *, *, #270, .F. ) ;
#2475 = DIRECTION ( 'NONE',  ( 0.000000000000000000, 0.000000000000000000, 1.000000000000000000 ) ) ;
#2476 = ORIENTED_EDGE ( 'NONE', *, *, #1457, .F. ) ;
#2477 = CARTESIAN_POINT ( 'NONE',  ( 386.6666666647018928, 12.07468432340812825, 254.2018341394958725 ) ) ;
#2478 = ORIENTED_EDGE ( 'NONE', *, *, #2560, .F. ) ;
#2479 = CARTESIAN_POINT ( 'NONE',  ( 417.1843455384598656, 0.7462891537148480525, 328.0747328623837689 ) ) ;
#2480 = CARTESIAN_POINT ( 'NONE',  ( 422.5635843326523400, -4.191787591404222191, 333.5208797823862596 ) ) ;
#2481 = CARTESIAN_POINT ( 'NONE',  ( 320.4731480225003111, -5.020527986626253103, 260.7853767498663728 ) ) ;
#2482 = LINE ( 'NONE', #1462, #1163 ) ;
#2483 = CARTESIAN_POINT ( 'NONE',  ( 579.9999999970531235, -4.886162747044378918, 349.3334163557685201 ) ) ;
#2484 = CARTESIAN_POINT ( 'NONE',  ( 333.3900546943796144, -0.8608882673577775702, 223.9728462461455081 ) ) ;
#2485 = EDGE_CURVE ( 'NONE', #3082, #243, #1150, .T. ) ;
#2486 = CARTESIAN_POINT ( 'NONE',  ( 413.0519187663379626, 0.5874071323035039427, 286.2323199326359600 ) ) ;
#2487 = CARTESIAN_POINT ( 'NONE',  ( 579.9999999970527824, -0.3259142469249645679, 238.5046831896317201 ) ) ;
#2488 = ORIENTED_EDGE ( 'NONE', *, *, #762, .F. ) ;
#2489 = DIRECTION ( 'NONE',  ( 0.000000000000000000, 1.000000000000000000, 0.000000000000000000 ) ) ;
#2490 = CARTESIAN_POINT ( 'NONE',  ( 386.6666666647020634, 9.079703889018317042, 340.5423409009899274 ) ) ;
#2491 = EDGE_CURVE ( 'NONE', #795, #1458, #589, .T. ) ;
#2492 = VERTEX_POINT ( 'NONE', #1879 ) ;
#2493 = CARTESIAN_POINT ( 'NONE',  ( 417.4366519677567453, 0.7555204623592250979, 329.3486082922780724 ) ) ;
#2494 = CARTESIAN_POINT ( 'NONE',  ( 310.7031241019651020, -6.529762223292119749, 301.8817145492387795 ) ) ;
#2495 = EDGE_CURVE ( 'NONE', #1251, #2771, #1356, .T. ) ;
#2496 = CARTESIAN_POINT ( 'NONE',  ( 328.0434202488779647, 1.256172602344960643, 223.6924884306620243 ) ) ;
#2497 = CARTESIAN_POINT ( 'NONE',  ( 310.0370945548290251, 6.474332807188248218, 0.000000000000000000 ) ) ;
#2498 = CARTESIAN_POINT ( 'NONE',  ( 193.3333333323510885, -6.914820130816956123, 341.8730961291019526 ) ) ;
#2499 = CARTESIAN_POINT ( 'NONE',  ( 328.7773917730762037, -0.4602717291224333040, 223.0414178515360959 ) ) ;
#2500 = CARTESIAN_POINT ( 'NONE',  ( 386.6666666647020634, 14.40794366876468935, 293.2433517987929577 ) ) ;
#2501 = CARTESIAN_POINT ( 'NONE',  ( 579.9999999970528961, -1.220256621134524266, 238.8938225097272152 ) ) ;
#2502 = ORIENTED_EDGE ( 'NONE', *, *, #2549, .T. ) ;
#2503 = PRODUCT_DEFINITION ( 'UNKNOWN', '', #2293, #2189 ) ;
#2504 = CARTESIAN_POINT ( 'NONE',  ( 409.1730827868702249, -0.02184400202961001708, 346.9460748697676422 ) ) ;
#2505 = VERTEX_POINT ( 'NONE', #1373 ) ;
#2506 = CARTESIAN_POINT ( 'NONE',  ( 386.6666666647020634, 14.40794366876468935, 293.2433517987929577 ) ) ;
#2507 = AXIS2_PLACEMENT_3D ( 'NONE', #2136, #2395, #2719 ) ;
#2508 = EDGE_LOOP ( 'NONE', ( #483, #2776, #80, #395 ) ) ;
#2509 = CARTESIAN_POINT ( 'NONE',  ( 418.4367889235230678, -4.389239799811164744, 288.0817145493894031 ) ) ;
#2510 = AXIS2_PLACEMENT_3D ( 'NONE', #39, #3160, #2402 ) ;
#2511 = CARTESIAN_POINT ( 'NONE',  ( 417.3567518362017950, -4.387095882254005375, 285.2301761198263534 ) ) ;
#2512 = DIRECTION ( 'NONE',  ( 0.000000000000000000, -1.000000000000000000, 0.000000000000000000 ) ) ;
#2513 = CARTESIAN_POINT ( 'NONE',  ( 326.3847878309283601, 6.202664330272476434, 231.8194705525531845 ) ) ;
#2514 = CARTESIAN_POINT ( 'NONE',  ( 315.0370945548289114, -7.588263677648605210, 303.8494985839658398 ) ) ;
#2515 = DIRECTION ( 'NONE',  ( 0.000000000000000000, 0.000000000000000000, 1.000000000000000000 ) ) ;
#2516 = CARTESIAN_POINT ( 'NONE',  ( 333.3932847003429174, -0.9855640953140504257, 224.2586972315358196 ) ) ;
#2517 = CARTESIAN_POINT ( 'NONE',  ( 412.5648300396045443, 0.7244671196118868117, 328.3752857239080072 ) ) ;
#2518 = CARTESIAN_POINT ( 'NONE',  ( 193.3333333323510885, 15.18845332257153480, 253.7677995456126325 ) ) ;
#2519 = CARTESIAN_POINT ( 'NONE',  ( 310.0370945548290820, -5.063985307089176935, 301.8288230327473798 ) ) ;
#2520 = ORIENTED_EDGE ( 'NONE', *, *, #553, .F. ) ;
#2521 = CARTESIAN_POINT ( 'NONE',  ( 310.0370945548290251, 3.306277303021957437, 269.3767156309140773 ) ) ;
#2522 = ORIENTED_EDGE ( 'NONE', *, *, #768, .T. ) ;
#2523 = CARTESIAN_POINT ( 'NONE',  ( 579.9999999970532372, -4.690623640227411073, 385.3875012641357216 ) ) ;
#2524 = EDGE_LOOP ( 'NONE', ( #850, #153, #143, #748 ) ) ;
#2525 = CARTESIAN_POINT ( 'NONE',  ( 415.5951766015637645, 0.7299568975231741641, 326.7480833882698903 ) ) ;
#2526 = CARTESIAN_POINT ( 'NONE',  ( 390.3763714963880034, -40.00000000000000000, 363.4288233864592712 ) ) ;
#2527 = FACE_OUTER_BOUND ( 'NONE', #3120, .T. ) ;
#2528 = CARTESIAN_POINT ( 'NONE',  ( 326.7344282911957407, -2.778707298350092447, 230.1062990632401579 ) ) ;
#2529 = DIRECTION ( 'NONE',  ( 0.000000000000000000, 1.734723475976805517E-15, 1.000000000000000000 ) ) ;
#2530 = B_SPLINE_SURFACE_WITH_KNOTS ( 'NONE', 3, 3, ( 
 ( #2827, #2321, #2025, #1756 ),
 ( #2005, #3063, #2789, #477 ),
 ( #204, #747, #515, #1506 ),
 ( #2261, #1565, #1773, #259 ),
 ( #2537, #1544, #3281, #2044 ),
 ( #1487, #497, #960, #1287 ),
 ( #711, #1524, #221, #1306 ),
 ( #2770, #2582, #240, #1233 ),
 ( #1269, #1989, #3338, #1810 ),
 ( #6, #1250, #2599, #1014 ),
 ( #2301, #3081, #1033, #3100 ),
 ( #784, #536, #279, #3026 ),
 ( #1737, #459, #1052, #24 ),
 ( #2083, #3119, #802, #2340 ),
 ( #1062, #251, #543, #2875 ),
 ( #2625, #2546, #230, #1799 ),
 ( #2800, #3330, #15, #2270 ),
 ( #560, #2053, #1533, #1587 ),
 ( #1765, #1571, #2607, #1005 ),
 ( #1296, #286, #1260, #3349 ),
 ( #810, #757, #304, #1279 ),
 ( #1312, #2310, #3073, #3309 ),
 ( #984, #2290, #3055, #2037 ),
 ( #2590, #3127, #2348, #1783 ),
 ( #2819, #267, #2070, #33 ),
 ( #2015, #2093, #739, #488 ),
 ( #1838, #506, #1024, #2330 ),
 ( #1516, #2836, #2569, #3091 ),
 ( #776, #527, #1556, #1041 ),
 ( #3107, #791, #1820, #2859 ),
 ( #2617, #278, #535, #43 ),
 ( #23, #514, #2826, #1286 ),
 ( #1579, #258, #294, #2555 ),
 ( #496, #1051, #2320, #5 ),
 ( #2101, #1305, #1790, #3337 ),
 ( #1564, #1249, #2060, #2339 ),
 ( #1069, #993, #3099, #1013 ),
 ( #2082, #1320, #1543, #1523 ),
 ( #783, #2358, #3118, #2043 ),
 ( #3080, #3134, #801, #2598 ),
 ( #2024, #817, #2581, #2788 ),
 ( #1032, #476, #1809, #1505 ),
 ( #3318, #765, #239, #2536 ),
 ( #220, #2278, #1772, #2300 ),
 ( #3062, #2849, #1829, #2867 ),
 ( #551, #746, #2808, #1268 ),
 ( #1642, #2128, #1339, #2681 ),
 ( #2931, #864, #617, #1894 ),
 ( #363, #633, #3165, #106 ),
 ( #878, #849, #831, #2647 ),
 ( #1389, #1628, #587, #345 ),
 ( #2405, #2439, #2662, #1099 ),
 ( #2914, #2374, #1134, #2162 ),
 ( #1909, #2425, #3198, #1861 ),
 ( #1371, #377, #330, #120 ),
 ( #3146, #1120, #1407, #89 ),
 ( #315, #2175, #2898, #2632 ),
 ( #602, #2147, #2698, #2947 ),
 ( #1877, #1613, #3182, #1662 ),
 ( #1148, #2882, #3213, #1845 ),
 ( #568, #1594, #1354, #57 ),
 ( #1085, #2114, #2389, #72 ),
 ( #390, #2499, #2742, #134 ),
 ( #1451, #406, #2258, #1986 ),
 ( #180, #424, #1166, #2963 ),
 ( #646, #943, #2768, #1436 ),
 ( #3024, #3230, #200, #2195 ),
 ( #3246, #1464, #1955, #926 ),
 ( #2991, #709, #1706, #1734 ),
 ( #2484, #1938, #1213, #165 ),
 ( #1230, #455, #910, #2470 ),
 ( #1971, #2713, #1195, #2755 ),
 ( #2516, #2454, #2226, #149 ),
 ( #439, #1483, #676, #2978 ),
 ( #895, #3259, #2243, #3008 ),
 ( #3279, #692, #1180, #1676 ),
 ( #958, #1923, #661, #1691 ),
 ( #1420, #2727, #2211, #1720 ),
 ( #511, #548, #3077, #2551 ),
 ( #1009, #2785, #2595, #273 ),
 ( #2335, #2315, #1302, #2274 ),
 ( #2532, #1317, #2576, #3314 ),
 ( #1804, #20, #2296, #743 ),
 ( #989, #3334, #2020, #1769 ),
 ( #217, #2040, #780, #3059 ),
 ( #2804, #1576, #761, #1046 ),
 ( #492, #2843, #3295, #2057 ),
 ( #1500, #1787, #971, #2075 ),
 ( #724, #1283, #3114, #1537 ),
 ( #1520, #234, #2002, #2823 ),
 ( #1264, #1028, #2, #797 ),
 ( #255, #532, #1826, #3095 ),
 ( #1246, #1561, #2864, #2614 ),
 ( #291, #3038, #1752, #473 ),
 ( #3195, #2112, #600, #53 ),
 ( #846, #2912, #2371, #1659 ),
 ( #1352, #2895, #2386, #86 ),
 ( #1626, #375, #1097, #103 ),
 ( #2658, #584, #2144, #2644 ),
 ( #3178, #310, #1117, #1368 ) ),
 .UNSPECIFIED., .F., .F., .F.,
 ( 4, 3, 3, 3, 3, 3, 3, 3, 3, 3, 3, 3, 3, 3, 3, 3, 3, 3, 3, 3, 3, 3, 3, 3, 3, 3, 3, 3, 3, 3, 3, 3, 3, 4 ),
 ( 4, 4 ),
 ( 0.000000000000000000, 0.02742776302293870039, 0.04114164453440793956, 0.05485552604587740078, 0.06856940755734686199, 0.07542634831308148158, 0.08228328906881610116, 0.08914022982455072075, 0.09256870020241803054, 0.09599717058028534034, 0.1028541113360199599, 0.1062825817138872697, 0.1079968169028211467, 0.1088539344972880851, 0.1097110520917548016, 0.1105681696862215180, 0.1114252872806884564, 0.1118538460779219257, 0.1122824048751552839, 0.1131395224696221113, 0.1148537576585557662, 0.1157108752530225937, 0.1165679928474894211, 0.1182822280364230760, 0.1191393456308899035, 0.1199964632253567309, 0.1234249336032241517, 0.1268534039810915726, 0.1302818743589588824, 0.1371388151146935019, 0.1508526966261628521, 0.1645665781376322023, 0.1919943411605709027, 0.2194221041835097141 ),
 ( 0.4251288497951654088, 0.4488635770298373129 ),
 .UNSPECIFIED. ) ;
#2531 = CARTESIAN_POINT ( 'NONE',  ( 413.4367889235230678, -1.525667192811752226, 293.8817145493893577 ) ) ;
#2532 = CARTESIAN_POINT ( 'NONE',  ( 333.4014483369241475, -2.013865692646107597, 227.1793756051324920 ) ) ;
#2533 = ADVANCED_FACE ( 'NONE', ( #137 ), #2197, .F. ) ;
#2534 = CARTESIAN_POINT ( 'NONE',  ( 412.6894820145432732, 0.7232391597523176729, 328.0744078825536008 ) ) ;
#2535 = CARTESIAN_POINT ( 'NONE',  ( 579.9999999970531235, 1.367670693497608836, 239.2000782469990270 ) ) ;
#2536 = CARTESIAN_POINT ( 'NONE',  ( 319.5909445508124236, 0.2915153937305954290, 222.3512450235085396 ) ) ;
#2537 = CARTESIAN_POINT ( 'NONE',  ( 333.4047768876061468, 11.40671459224548911, 252.2121688432440578 ) ) ;
#2538 = ORIENTED_EDGE ( 'NONE', *, *, #1956, .T. ) ;
#2539 = CARTESIAN_POINT ( 'NONE',  ( 416.1921094972818196, 0.6189767114662909631, 282.4135122765009669 ) ) ;
#2540 = ORIENTED_EDGE ( 'NONE', *, *, #2421, .F. ) ;
#2541 = CARTESIAN_POINT ( 'NONE',  ( 386.6666666647022339, -2.348547368065704966, 407.1102233377395692 ) ) ;
#2542 = ORIENTED_EDGE ( 'NONE', *, *, #3054, .F. ) ;
#2543 = CARTESIAN_POINT ( 'NONE',  ( 415.2670770391693509, 0.7278683843877297166, 326.6817145493894259 ) ) ;
#2544 = CARTESIAN_POINT ( 'NONE',  ( 417.4368452090055825, -4.384921103662232866, 284.7439089930993532 ) ) ;
#2545 = DIRECTION ( 'NONE',  ( -1.000000000000000000, 0.000000000000000000, 0.000000000000000000 ) ) ;
#2546 = CARTESIAN_POINT ( 'NONE',  ( 328.8062570061449605, 7.150024910265130984, 234.5293619459820036 ) ) ;
#2547 = CARTESIAN_POINT ( 'NONE',  ( 445.0185472759407617, -4.233984777287190582, 283.0817145493894600 ) ) ;
#2548 = CARTESIAN_POINT ( 'NONE',  ( 315.0370945548289114, -5.826820063843495490, 304.7129152922444177 ) ) ;
#2549 = EDGE_CURVE ( 'NONE', #1569, #683, #891, .T. ) ;
#2550 = DIRECTION ( 'NONE',  ( -1.000000000000000000, -0.000000000000000000, -0.000000000000000000 ) ) ;
#2551 = CARTESIAN_POINT ( 'NONE',  ( 319.6312095112166958, -1.632107786713760333, 225.0004391840282096 ) ) ;
#2552 = B_SPLINE_CURVE_WITH_KNOTS ( 'NONE', 3,
 ( #2003, #21, #2078, #3315 ),
 .UNSPECIFIED., .F., .F.,
 ( 4, 4 ),
 ( 1.110256905426074607E-16, 0.005000066636967246368 ),
 .UNSPECIFIED. ) ;
#2553 = CARTESIAN_POINT ( 'NONE',  ( 310.0370945548291388, -6.547052708160733481, 283.5051918643702038 ) ) ;
#2554 = CARTESIAN_POINT ( 'NONE',  ( 386.6666666647018928, 4.808815755796423730, 230.3302200179761314 ) ) ;
#2555 = CARTESIAN_POINT ( 'NONE',  ( 319.6016539415661555, 1.608203980014365042, 223.4598341276173983 ) ) ;
#2556 = CARTESIAN_POINT ( 'NONE',  ( 310.0370945548291388, -6.537982695040392755, 300.0187211315048899 ) ) ;
#2557 = ORIENTED_EDGE ( 'NONE', *, *, #3313, .T. ) ;
#2558 = EDGE_CURVE ( 'NONE', #683, #2981, #840, .T. ) ;
#2559 = CARTESIAN_POINT ( 'NONE',  ( 329.8179928142322410, 10.08578892022518758, 240.0014857287415850 ) ) ;
#2560 = EDGE_CURVE ( 'NONE', #1778, #1855, #2922, .T. ) ;
#2561 = VERTEX_POINT ( 'NONE', #608 ) ;
#2562 = CARTESIAN_POINT ( 'NONE',  ( 193.3333333323510885, -4.759549676635348447, 434.1261621060937728 ) ) ;
#2563 = ORIENTED_EDGE ( 'NONE', *, *, #2106, .F. ) ;
#2564 = CARTESIAN_POINT ( 'NONE',  ( 312.0294255889211286, -5.527832662682414799, 301.6188365318349156 ) ) ;
#2565 = EDGE_CURVE ( 'NONE', #140, #3011, #1916, .T. ) ;
#2566 = CARTESIAN_POINT ( 'NONE',  ( 414.9367889235230109, -4.385827464008399623, 282.0817145493893463 ) ) ;
#2567 = CARTESIAN_POINT ( 'NONE',  ( 310.0370945548290251, -1.525667192811738460, 321.8817145493894145 ) ) ;
#2568 = VECTOR ( 'NONE', #2489, 1000.000000000000000 ) ;
#2569 = CARTESIAN_POINT ( 'NONE',  ( 324.2047315293796714, 3.714438347643277183, 226.5980940362416902 ) ) ;
#2570 = CARTESIAN_POINT ( 'NONE',  ( 422.6307083844796466, -5.796841142531130586, 332.6817145493894827 ) ) ;
#2571 = CARTESIAN_POINT ( 'NONE',  ( 315.0370945548289114, -4.791174129282482319, 301.8666048008298617 ) ) ;
#2572 = CIRCLE ( 'NONE', #2510, 2.000000000000001776 ) ;
#2573 = VECTOR ( 'NONE', #2842, 1000.000000000000000 ) ;
#2574 = CARTESIAN_POINT ( 'NONE',  ( 193.3333333323510317, -3.705220741270887075, 218.2751697116970888 ) ) ;
#2575 = ADVANCED_FACE ( 'NONE', ( #370 ), #2380, .T. ) ;
#2576 = CARTESIAN_POINT ( 'NONE',  ( 324.2240204728975073, -2.037084208737474089, 226.5983100236842631 ) ) ;
#2577 = AXIS2_PLACEMENT_3D ( 'NONE', #333, #2934, #1582 ) ;
#2578 = VECTOR ( 'NONE', #3275, 1000.000000000000114 ) ;
#2579 = CARTESIAN_POINT ( 'NONE',  ( 310.0370945548290251, -6.553672540561399806, 292.3842911383008527 ) ) ;
#2580 = CARTESIAN_POINT ( 'NONE',  ( 193.3333333323509748, 0.5840579286484742783, 212.5287729211146939 ) ) ;
#2581 = CARTESIAN_POINT ( 'NONE',  ( 324.1824262388784632, 0.4348686818110105157, 222.7575751546031881 ) ) ;
#2582 = CARTESIAN_POINT ( 'NONE',  ( 328.8139984634956932, 10.39562077848058941, 246.4032397983283147 ) ) ;
#2583 = ORIENTED_EDGE ( 'NONE', *, *, #1398, .T. ) ;
#2584 = CARTESIAN_POINT ( 'NONE',  ( 332.5488917469721741, 4.783133211708604726, 226.6206024402667083 ) ) ;
#2585 = CARTESIAN_POINT ( 'NONE',  ( 193.3333333323511170, -5.787028705682168983, 439.6978874405062356 ) ) ;
#2586 = ORIENTED_EDGE ( 'NONE', *, *, #3157, .T. ) ;
#2587 = CARTESIAN_POINT ( 'NONE',  ( 413.6814582160990312, -4.278223672033878877, 327.0135180650883058 ) ) ;
#2588 = CARTESIAN_POINT ( 'NONE',  ( 416.8216408172980891, -4.393072810262281358, 286.2323406470109717 ) ) ;
#2589 = CARTESIAN_POINT ( 'NONE',  ( 445.0185472759410459, -4.222380946916910460, 281.0817145493894600 ) ) ;
#2590 = CARTESIAN_POINT ( 'NONE',  ( 333.3861157401330502, 4.580499260396726058, 228.7889239756942459 ) ) ;
#2591 = CARTESIAN_POINT ( 'NONE',  ( 328.5128319222905020, -4.442179383771517109, 246.3965248707579292 ) ) ;
#2592 = CARTESIAN_POINT ( 'NONE',  ( 315.0370945548289114, -6.415464426188206559, 300.5114884764132057 ) ) ;
#2593 =( BOUNDED_SURFACE ( )  B_SPLINE_SURFACE ( 3, 2, ( 
 ( #986, #1535, #1298 ),
 ( #2017, #1043, #741 ),
 ( #1281, #2571, #793 ),
 ( #1822, #490, #453 ),
 ( #2548, #2839, #232 ),
 ( #3036, #214, #722 ),
 ( #2272, #1479, #529 ),
 ( #2332, #2783, #3311 ),
 ( #198, #1767, #2802 ),
 ( #2514, #1262, #1558 ),
 ( #1785, #2292, #253 ),
 ( #3332, #1007, #508 ),
 ( #1228, #2821, #471 ),
 ( #2312, #2256, #3351 ),
 ( #1026, #2055, #1748 ),
 ( #3093, #2592, #1498 ),
 ( #778, #1801, #1573 ),
 ( #2609, #288, #1314 ),
 ( #2861, #545, #2268 ),
 ( #449, #1240, #1997 ) ),
 .UNSPECIFIED., .F., .F., .T. ) 
 B_SPLINE_SURFACE_WITH_KNOTS ( ( 4, 2, 2, 2, 2, 2, 2, 2, 2, 4 ),
 ( 3, 3 ),
 ( 0.01615145117641968164, 0.01713293846262686423, 0.01762368210573045380, 0.01811442574883404683, 0.01909591303504122942, 0.02007740032124841201, 0.02105888760745559460, 0.02204037489366277719, 0.02302186217986996325, 0.02400334946607714584 ),
 ( 0.000000000000000000, 1.000000000000000000 ),
 .UNSPECIFIED. ) 
 GEOMETRIC_REPRESENTATION_ITEM ( )  RATIONAL_B_SPLINE_SURFACE ( (
 ( 1.000000000000000000, 0.7071067811865475727, 1.000000000000000000),
 ( 1.000000000000000000, 0.7069867765465298604, 1.000000000000000000),
 ( 1.000000000000000000, 0.7068687412114946778, 1.000000000000000000),
 ( 1.000000000000000000, 0.7066945564886932818, 1.000000000000000000),
 ( 1.000000000000000000, 0.7066369747252515543, 1.000000000000000000),
 ( 1.000000000000000000, 0.7065227942119923776, 1.000000000000000000),
 ( 1.000000000000000000, 0.7064660617776949980, 1.000000000000000000),
 ( 1.000000000000000000, 0.7063010648955206916, 1.000000000000000000),
 ( 1.000000000000000000, 0.7061967259232991845, 1.000000000000000000),
 ( 1.000000000000000000, 0.7059992938950919728, 1.000000000000000000),
 ( 1.000000000000000000, 0.7059059074251784471, 1.000000000000000000),
 ( 1.000000000000000000, 0.7057386717172201562, 1.000000000000000000),
 ( 1.000000000000000000, 0.7056636814920556056, 1.000000000000000000),
 ( 1.000000000000000000, 0.7055314312035607660, 1.000000000000000000),
 ( 1.000000000000000000, 0.7054754859245778720, 1.000000000000000000),
 ( 1.000000000000000000, 0.7053858758693586362, 1.000000000000000000),
 ( 1.000000000000000000, 0.7053515561580798732, 1.000000000000000000),
 ( 1.000000000000000000, 0.7053063377285351265, 1.000000000000000000),
 ( 1.000000000000000000, 0.7052956141044399718, 1.000000000000000000),
 ( 1.000000000000000000, 0.7052963790048950576, 1.000000000000000000) ) ) 
 REPRESENTATION_ITEM ( '' )  SURFACE ( )  );
#2594 = DIRECTION ( 'NONE',  ( 0.000000000000000000, 0.000000000000000000, 1.000000000000000000 ) ) ;
#2595 = CARTESIAN_POINT ( 'NONE',  ( 324.2210933955637984, -1.773685778026139026, 225.7307219763707167 ) ) ;
#2596 = CARTESIAN_POINT ( 'NONE',  ( 414.2896382549053556, 0.7233465195830368621, 326.7614393007188482 ) ) ;
#2597 = CARTESIAN_POINT ( 'NONE',  ( 579.9999999970532372, 10.02172174692658935, 318.6559974715308385 ) ) ;
#2598 = CARTESIAN_POINT ( 'NONE',  ( 319.5946479635371134, 0.5217813809204326914, 222.5136244208481173 ) ) ;
#2599 = CARTESIAN_POINT ( 'NONE',  ( 324.2234927916781544, 9.581767145142087827, 242.4674733326321530 ) ) ;
#2600 = EDGE_LOOP ( 'NONE', ( #2447, #522 ) ) ;
#2601 = EDGE_CURVE ( 'NONE', #1292, #1270, #3140, .T. ) ;
#2602 = CARTESIAN_POINT ( 'NONE',  ( 118.4367889235229967, -1.525667192811738460, 321.8817145493894145 ) ) ;
#2603 = CARTESIAN_POINT ( 'NONE',  ( 193.3333333323508896, -5.464983162938358063, 438.0432744059715446 ) ) ;
#2604 = VERTEX_POINT ( 'NONE', #2937 ) ;
#2605 = CARTESIAN_POINT ( 'NONE',  ( 330.0520505528348849, -5.095069075109702972, 238.8546475043550856 ) ) ;
#2606 = EDGE_CURVE ( 'NONE', #2264, #2375, #3347, .T. ) ;
#2607 = CARTESIAN_POINT ( 'NONE',  ( 324.2144659242171656, 6.177245526819662658, 231.6180807041693868 ) ) ;
#2608 = CARTESIAN_POINT ( 'NONE',  ( 331.8035637854179072, -2.738363302387561760, 230.2725671269245709 ) ) ;
#2609 = CARTESIAN_POINT ( 'NONE',  ( 315.0370945548289114, -9.500557628077814343, 300.5015120783848488 ) ) ;
#2610 = B_SPLINE_CURVE_WITH_KNOTS ( 'NONE', 3,
 ( #1575, #582, #1113, #2418, #2351, #1065, #1608, #2926, #290, #3130, #3158, #2074, #2642, #2675, #1349, #100, #1316, #1334, #843, #2141, #3113, #309, #813, #598 ),
 .UNSPECIFIED., .F., .F.,
 ( 4, 1, 1, 1, 1, 1, 1, 1, 1, 1, 1, 1, 1, 1, 1, 1, 1, 1, 1, 1, 1, 4 ),
 ( 0.1851962207859992326, 0.1867000813047327568, 0.1888561393957847168, 0.1916929906515343063, 0.1952260621067214152, 0.1994555736793882927, 0.2043665026653224692, 0.2099302545071687343, 0.2161072260642544762, 0.2228464574734498604, 0.2300886668510750410, 0.2377680972571138696, 0.2458378046382806714, 0.2542796559355899322, 0.2630643386739320855, 0.2721526288226733259, 0.2815015609205540059, 0.2910583566917583354, 0.3007255904091518661, 0.3103747951053533738, 0.3198724493873984498, 0.3218436982527605461 ),
 .UNSPECIFIED. ) ;
#2611 = VERTEX_POINT ( 'NONE', #3154 ) ;
#2612 = EDGE_CURVE ( 'NONE', #2091, #478, #321, .T. ) ;
#2613 = CARTESIAN_POINT ( 'NONE',  ( 314.9415567747121827, -6.477963081074390672, 309.6577674215276375 ) ) ;
#2614 = CARTESIAN_POINT ( 'NONE',  ( 319.6490976760886156, -4.048855835661042235, 239.9251425235279953 ) ) ;
#2615 = CARTESIAN_POINT ( 'NONE',  ( 386.6666666647018928, -5.634577376048333974, 393.4924128655397340 ) ) ;
#2616 = CARTESIAN_POINT ( 'NONE',  ( 579.9999999970532372, 4.936953304096522999, 351.2031543540123835 ) ) ;
#2617 = CARTESIAN_POINT ( 'NONE',  ( 333.3722224311027276, 2.146583439031552132, 224.9959280477795858 ) ) ;
#2618 = DIRECTION ( 'NONE',  ( 0.000000000000000000, 1.000000000000000000, 0.000000000000000000 ) ) ;
#2619 = LINE ( 'NONE', #2884, #1105 ) ;
#2620 = CARTESIAN_POINT ( 'NONE',  ( 400.0000000000000568, 3.443088007130913120, 248.3429071604394096 ) ) ;
#2621 = CARTESIAN_POINT ( 'NONE',  ( 193.3333333323510317, -7.146172102861043207, 281.4362150807652938 ) ) ;
#2622 = ORIENTED_EDGE ( 'NONE', *, *, #2915, .T. ) ;
#2623 = CARTESIAN_POINT ( 'NONE',  ( 333.4263257328202599, -1.113077588978747423, 222.3213434610279080 ) ) ;
#2624 = LINE ( 'NONE', #2670, #307 ) ;
#2625 = CARTESIAN_POINT ( 'NONE',  ( 333.3949709381582238, 7.119781539255176206, 234.7922424246741855 ) ) ;
#2626 = CARTESIAN_POINT ( 'NONE',  ( 436.1579613195868319, -4.280231918095727117, 283.0817145493894600 ) ) ;
#2627 = ORIENTED_EDGE ( 'NONE', *, *, #903, .T. ) ;
#2628 = CARTESIAN_POINT ( 'NONE',  ( 313.4551764791577284, -6.517422402876942300, 301.1397683498749984 ) ) ;
#2629 = DIRECTION ( 'NONE',  ( -0.9999967117653472126, -0.002564460663179109461, 0.000000000000000000 ) ) ;
#2630 = CARTESIAN_POINT ( 'NONE',  ( 579.9999999970527824, -4.352006386214562816, 404.0986377003519578 ) ) ;
#2631 = CARTESIAN_POINT ( 'NONE',  ( 0.000000000000000000, 17.29567669399768093, 313.2912272862357668 ) ) ;
#2632 = CARTESIAN_POINT ( 'NONE',  ( 319.5800132300336145, -0.07656837521013477865, 222.2080218997611496 ) ) ;
#2633 = VERTEX_POINT ( 'NONE', #64 ) ;
#2634 = CARTESIAN_POINT ( 'NONE',  ( 413.4367889235230678, -1.525667192811738015, 291.8817145493893577 ) ) ;
#2635 = CARTESIAN_POINT ( 'NONE',  ( 411.4367889235230678, 7.300000000000000711, 281.0817145493894031 ) ) ;
#2636 = CARTESIAN_POINT ( 'NONE',  ( 193.3333333323510317, -7.123187505558254529, 304.9108520061777199 ) ) ;
#2637 = CARTESIAN_POINT ( 'NONE',  ( 312.0237049743448097, -6.273594880268653640, 300.8921851328028652 ) ) ;
#2638 = DIRECTION ( 'NONE',  ( 0.000000000000000000, 0.000000000000000000, 1.000000000000000000 ) ) ;
#2639 = CARTESIAN_POINT ( 'NONE',  ( 333.0626948420334656, 1.331320528801259506, 224.1030653883267689 ) ) ;
#2640 = ORIENTED_EDGE ( 'NONE', *, *, #2357, .F. ) ;
#2641 = ADVANCED_FACE ( 'NONE', ( #1092 ), #1473, .F. ) ;
#2642 = CARTESIAN_POINT ( 'NONE',  ( 445.0185472759411027, 13.67450499573325118, 277.7369793084866387 ) ) ;
#2643 = DIRECTION ( 'NONE',  ( 0.000000000000000000, 1.000000000000000000, 0.000000000000000000 ) ) ;
#2644 = CARTESIAN_POINT ( 'NONE',  ( 319.6522579648110423, -5.033301608851298070, 261.0935275010190821 ) ) ;
#2645 = CARTESIAN_POINT ( 'NONE',  ( 0.000000000000000000, -6.590772124736852255, 458.2508859490670829 ) ) ;
#2646 = EDGE_CURVE ( 'NONE', #2655, #158, #1083, .T. ) ;
#2647 = CARTESIAN_POINT ( 'NONE',  ( 319.5799819425026840, -0.01142292338290306145, 222.2068146981153518 ) ) ;
#2648 = ORIENTED_EDGE ( 'NONE', *, *, #2891, .T. ) ;
#2649 = CARTESIAN_POINT ( 'NONE',  ( 445.0185472759409322, -4.094611726652619410, 330.6817145493894259 ) ) ;
#2650 = CYLINDRICAL_SURFACE ( 'NONE', #183, 3.300000000000025135 ) ;
#2651 = CARTESIAN_POINT ( 'NONE',  ( 386.6666666647020634, -6.133868915404450561, 305.0780289475609379 ) ) ;
#2652 = CARTESIAN_POINT ( 'NONE',  ( 416.8186209452319986, 0.6069021855117116004, 286.2355794166459191 ) ) ;
#2653 = CARTESIAN_POINT ( 'NONE',  ( 386.6666666647020634, 8.022921245373382249, 237.6224616886818808 ) ) ;
#2654 = CARTESIAN_POINT ( 'NONE',  ( 332.3293726725897272, 4.027722861258755671, 227.6962039862222582 ) ) ;
#2655 = VERTEX_POINT ( 'NONE', #695 ) ;
#2656 = CARTESIAN_POINT ( 'NONE',  ( 314.8839483258182099, -6.477401472087958467, 309.8481762665178394 ) ) ;
#2657 = CARTESIAN_POINT ( 'NONE',  ( 0.000000000000000000, 7.300000000000000711, 0.000000000000000000 ) ) ;
#2658 = CARTESIAN_POINT ( 'NONE',  ( 333.4183997608508889, -4.965509394737842364, 261.5834910189331595 ) ) ;
#2659 = PRODUCT_RELATED_PRODUCT_CATEGORY ( 'part', '', ( #2010 ) ) ;
#2660 = CARTESIAN_POINT ( 'NONE',  ( 579.9999999970532372, -4.690623640227411073, 385.3875012641357216 ) ) ;
#2661 = B_SPLINE_CURVE_WITH_KNOTS ( 'NONE', 3,
 ( #3267, #206, #1253, #2007, #2230, #931, #2746 ),
 .UNSPECIFIED., .F., .F.,
 ( 4, 1, 1, 1, 4 ),
 ( 0.05406893966836823218, 0.05805373167459463440, 0.06783099240665355079, 0.07786352734785995100, 0.08063333780520136329 ),
 .UNSPECIFIED. ) ;
#2662 = CARTESIAN_POINT ( 'NONE',  ( 324.1677545752055494, -0.02524929747870555130, 222.5135361428764611 ) ) ;
#2663 = ORIENTED_EDGE ( 'NONE', *, *, #166, .T. ) ;
#2664 = CARTESIAN_POINT ( 'NONE',  ( 310.0370945548290820, 12.71281312646053330, 322.0237025494408840 ) ) ;
#2665 = LINE ( 'NONE', #2885, #1596 ) ;
#2666 = CARTESIAN_POINT ( 'NONE',  ( 0.000000000000000000, -8.148468503287105591, 291.1339479415150890 ) ) ;
#2667 = MANIFOLD_SOLID_BREP ( 'Zapas-CRUISER 28 MOTOR VTOL-1', #2129 ) ;
#2668 = ADVANCED_FACE ( 'NONE', ( #679 ), #2717, .F. ) ;
#2669 = CARTESIAN_POINT ( 'NONE',  ( 415.0999157845758418, 0.5957367368615786862, 287.0817145493905969 ) ) ;
#2670 = CARTESIAN_POINT ( 'NONE',  ( 409.1730827868702249, -0.2218440020325855855, 346.9460748697676422 ) ) ;
#2671 = DIRECTION ( 'NONE',  ( 0.000000000000000000, 1.000000000000000000, 0.000000000000000000 ) ) ;
#2672 = ADVANCED_FACE ( 'NONE', ( #1439 ), #2744, .T. ) ;
#2673 = ORIENTED_EDGE ( 'NONE', *, *, #415, .F. ) ;
#2674 = CARTESIAN_POINT ( 'NONE',  ( 415.5842414605775730, 0.7602080181611023946, 331.6019995292892304 ) ) ;
#2675 = CARTESIAN_POINT ( 'NONE',  ( 445.0185472759408185, 13.85620859916681447, 285.6230584395540291 ) ) ;
#2676 = ORIENTED_EDGE ( 'NONE', *, *, #29, .F. ) ;
#2677 = CARTESIAN_POINT ( 'NONE',  ( 312.0370945548289114, -1.199999999999999734, 304.8817145493894145 ) ) ;
#2678 = DIRECTION ( 'NONE',  ( 0.000000000000000000, -1.000000000000000000, 0.000000000000000000 ) ) ;
#2679 = CARTESIAN_POINT ( 'NONE',  ( 386.6666666647022339, -5.260036546780130884, 416.2510710529381299 ) ) ;
#2680 = VECTOR ( 'NONE', #1341, 1000.000000000000114 ) ;
#2681 = CARTESIAN_POINT ( 'NONE',  ( 319.5839873149836308, 0.06037895094502965937, 222.2269585649578119 ) ) ;
#2682 = CARTESIAN_POINT ( 'NONE',  ( 445.0185472759410459, -5.778482835388715877, 275.3619315152774334 ) ) ;
#2683 = AXIS2_PLACEMENT_3D ( 'NONE', #1859, #2678, #2097 ) ;
#2684 = VECTOR ( 'NONE', #3185, 1000.000000000000114 ) ;
#2685 = DIRECTION ( 'NONE',  ( 0.000000000000000000, -1.000000000000000000, 0.000000000000000000 ) ) ;
#2686 = FACE_OUTER_BOUND ( 'NONE', #2398, .T. ) ;
#2687 = CARTESIAN_POINT ( 'NONE',  ( 579.9999999970528961, -4.260065142064195953, 254.4223368971198056 ) ) ;
#2688 = PLANE ( 'NONE',  #2507 ) ;
#2689 = AXIS2_PLACEMENT_3D ( 'NONE', #1271, #2303, #538 ) ;
#2690 = CARTESIAN_POINT ( 'NONE',  ( 193.3333333323509464, 5.584419357608983780, 218.1071289435755602 ) ) ;
#2691 = EDGE_LOOP ( 'NONE', ( #1493, #965, #1256, #1643 ) ) ;
#2692 = CARTESIAN_POINT ( 'NONE',  ( 414.0839744463876855, 0.6008536647401279129, 283.7245235375944503 ) ) ;
#2693 = CARTESIAN_POINT ( 'NONE',  ( 312.0593578512419981, -6.522829412335457988, 301.8817145493895282 ) ) ;
#2694 = CARTESIAN_POINT ( 'NONE',  ( 417.3095513418749078, -4.241135161417214583, 329.9859676839157601 ) ) ;
#2695 = LINE ( 'NONE', #342, #788 ) ;
#2696 = B_SPLINE_CURVE_WITH_KNOTS ( 'NONE', 3,
 ( #2820, #3056, #2626, #2547 ),
 .UNSPECIFIED., .F., .F.,
 ( 4, 4 ),
 ( 0.000000000000000000, 0.02658211994140234624 ),
 .UNSPECIFIED. ) ;
#2697 = CARTESIAN_POINT ( 'NONE',  ( 579.9999999970531235, -5.113217040306552441, 280.3723710342515005 ) ) ;
#2698 = CARTESIAN_POINT ( 'NONE',  ( 324.1702298489585132, -0.1115118059302192544, 222.5266701909337144 ) ) ;
#2699 = CARTESIAN_POINT ( 'NONE',  ( 445.0185472759408185, -0.3696724474874588662, 229.4271857146293314 ) ) ;
#2700 = CARTESIAN_POINT ( 'NONE',  ( 310.0370945548289114, 7.974965231687702882, 353.1119410610214118 ) ) ;
#2701 = CARTESIAN_POINT ( 'NONE',  ( 386.6666666647018928, -2.925017541545449351E-11, 225.5133111311280913 ) ) ;
#2702 = DIRECTION ( 'NONE',  ( -1.000000000000000000, 0.000000000000000000, 0.000000000000000000 ) ) ;
#2703 = EDGE_CURVE ( 'NONE', #2122, #246, #1153, .T. ) ;
#2704 = DIRECTION ( 'NONE',  ( -0.07632546015824470675, 0.000000000000000000, -0.9970829574973348874 ) ) ;
#2705 = CARTESIAN_POINT ( 'NONE',  ( 0.000000000000000000, -3.869566342698527173E-11, 199.5133111311278071 ) ) ;
#2706 = ORIENTED_EDGE ( 'NONE', *, *, #2347, .T. ) ;
#2707 = DIRECTION ( 'NONE',  ( -0.07632546015824635821, 0.000000000000000000, -0.9970829574973347764 ) ) ;
#2708 = CARTESIAN_POINT ( 'NONE',  ( 418.4367889235230678, 60.00000000000000000, 288.0817145493894031 ) ) ;
#2709 = CARTESIAN_POINT ( 'NONE',  ( 414.9367889235230109, -4.273824787895901700, 326.6817145493894259 ) ) ;
#2710 = LINE ( 'NONE', #3256, #2131 ) ;
#2711 = EDGE_CURVE ( 'NONE', #1580, #2492, #479, .T. ) ;
#2712 = CARTESIAN_POINT ( 'NONE',  ( 386.6666666647018928, -5.975492132353124930, 266.5706856483420211 ) ) ;
#2713 = CARTESIAN_POINT ( 'NONE',  ( 328.8038430899226228, -0.9510245282446270210, 223.8548040329627327 ) ) ;
#2714 = CARTESIAN_POINT ( 'NONE',  ( 445.0185472759410459, -4.344605790377204180, 242.1247344305023148 ) ) ;
#2715 = DIRECTION ( 'NONE',  ( 0.000000000000000000, -1.000000000000000000, 0.000000000000000000 ) ) ;
#2716 = DIRECTION ( 'NONE',  ( 0.000000000000000000, 2.125036258071586797E-14, 1.000000000000000000 ) ) ;
#2717 = CYLINDRICAL_SURFACE ( 'NONE', #1266, 3.300000000000025135 ) ;
#2718 = ORIENTED_EDGE ( 'NONE', *, *, #1369, .T. ) ;
#2719 = DIRECTION ( 'NONE',  ( 0.000000000000000000, 0.000000000000000000, -1.000000000000000000 ) ) ;
#2720 = CARTESIAN_POINT ( 'NONE',  ( 193.3333333323509748, 12.29171122513588976, 334.7391500830804603 ) ) ;
#2721 = ORIENTED_EDGE ( 'NONE', *, *, #1709, .T. ) ;
#2722 = FACE_OUTER_BOUND ( 'NONE', #1414, .T. ) ;
#2723 = CARTESIAN_POINT ( 'NONE',  ( 433.8917096964506754, -4.277124133217292012, 280.5249738627808256 ) ) ;
#2724 = CARTESIAN_POINT ( 'NONE',  ( 327.5390236409638760, 3.305211266156920402, 226.1639354918053186 ) ) ;
#2725 = CARTESIAN_POINT ( 'NONE',  ( 370.1163107093824465, 5.219523025729223775, 364.9797058388918458 ) ) ;
#2726 = CARTESIAN_POINT ( 'NONE',  ( 386.6666666647018928, -5.720178202154572844, 376.8193992500837339 ) ) ;
#2727 = CARTESIAN_POINT ( 'NONE',  ( 328.8074674229094398, -1.461033108927817237, 225.1583291919872920 ) ) ;
#2728 = CARTESIAN_POINT ( 'NONE',  ( 445.0185472759409322, -2.137487403172630529, 231.6630614445690810 ) ) ;
#2729 = CARTESIAN_POINT ( 'NONE',  ( 412.5640311688231918, 0.5875136368222980687, 285.3859816061668653 ) ) ;
#2730 =( NAMED_UNIT ( * ) SI_UNIT ( $, .STERADIAN. ) SOLID_ANGLE_UNIT ( ) );
#2731 = ORIENTED_EDGE ( 'NONE', *, *, #1300, .F. ) ;
#2732 = VECTOR ( 'NONE', #2671, 1000.000000000000000 ) ;
#2733 = CARTESIAN_POINT ( 'NONE',  ( 310.0370945548290251, -3.525667192811752226, 293.8817145493893577 ) ) ;
#2734 = CARTESIAN_POINT ( 'NONE',  ( 579.9999999970528961, 11.66426790245968981, 302.8719718620156414 ) ) ;
#2735 = EDGE_LOOP ( 'NONE', ( #2851, #2792, #2538, #2047 ) ) ;
#2736 = CARTESIAN_POINT ( 'NONE',  ( 414.0840025070923502, 0.5945326482801641665, 285.4188334012765722 ) ) ;
#2737 = CARTESIAN_POINT ( 'NONE',  ( 445.2202552710315899, -4.253918836642327506, 298.1731204657247645 ) ) ;
#2738 = CARTESIAN_POINT ( 'NONE',  ( 328.2040195246204917, 0.2508524412402309833, 222.9055826469455894 ) ) ;
#2739 = CARTESIAN_POINT ( 'NONE',  ( 320.5207681346428217, -0.6534755244859448142, 368.7761829327498049 ) ) ;
#2740 = ADVANCED_FACE ( 'NONE', ( #994 ), #2530, .F. ) ;
#2741 = CARTESIAN_POINT ( 'NONE',  ( 0.000000000000000000, -7.638359414888849841, 243.0181500959986352 ) ) ;
#2742 = CARTESIAN_POINT ( 'NONE',  ( 324.1886778410628835, -0.4649600830662744544, 222.7348517877349252 ) ) ;
#2743 = CARTESIAN_POINT ( 'NONE',  ( 414.1308680299731577, 0.6092807337720934635, 282.2095112138572404 ) ) ;
#2744 = PLANE ( 'NONE',  #1600 ) ;
#2745 = ORIENTED_EDGE ( 'NONE', *, *, #752, .F. ) ;
#2746 = CARTESIAN_POINT ( 'NONE',  ( 445.0185472759412733, -5.681968031723514834, 332.6817145493895396 ) ) ;
#2747 = CARTESIAN_POINT ( 'NONE',  ( 579.9999999970531235, 1.086029542440168250, 373.4542763322207293 ) ) ;
#2748 = ORIENTED_EDGE ( 'NONE', *, *, #1244, .F. ) ;
#2749 = CARTESIAN_POINT ( 'NONE',  ( 310.0370945548290251, 21.80627730302191125, 264.4069360666574653 ) ) ;
#2750 = CARTESIAN_POINT ( 'NONE',  ( 310.7031501894660437, -6.534917150601893709, 299.8868828811629328 ) ) ;
#2751 = CARTESIAN_POINT ( 'NONE',  ( 328.2208221245407458, -0.1870730250779515380, 222.8232531158953691 ) ) ;
#2752 = CARTESIAN_POINT ( 'NONE',  ( 319.7340254802987829, 13.20103300727330087, 264.4069360666574653 ) ) ;
#2753 = CARTESIAN_POINT ( 'NONE',  ( 386.6666666647018928, -6.161060105321074509, 294.7877091421007663 ) ) ;
#2754 = EDGE_CURVE ( 'NONE', #2266, #226, #1639, .T. ) ;
#2755 = CARTESIAN_POINT ( 'NONE',  ( 319.6264152258960394, -0.9660339004826775655, 223.2505607869491655 ) ) ;
#2756 = DIRECTION ( 'NONE',  ( 0.000000000000000000, -1.000000000000000000, 0.000000000000000000 ) ) ;
#2757 = ORIENTED_EDGE ( 'NONE', *, *, #737, .T. ) ;
#2758 = CARTESIAN_POINT ( 'NONE',  ( 416.8211315569530484, 0.6196660168642452726, 282.9306889209556743 ) ) ;
#2759 = ORIENTED_EDGE ( 'NONE', *, *, #1395, .T. ) ;
#2760 = CARTESIAN_POINT ( 'NONE',  ( 386.6666666647017792, 14.56524338741086666, 284.5744906102912068 ) ) ;
#2761 = ORIENTED_EDGE ( 'NONE', *, *, #1856, .T. ) ;
#2762 = DIRECTION ( 'NONE',  ( 0.000000000000000000, 0.000000000000000000, -1.000000000000000000 ) ) ;
#2763 = DIRECTION ( 'NONE',  ( 0.9970796596427955460, 0.002571963139560265281, -0.07632520771158048112 ) ) ;
#2764 = CARTESIAN_POINT ( 'NONE',  ( 315.0370945548289114, -6.498491360724473864, 304.4770995433729013 ) ) ;
#2765 = CARTESIAN_POINT ( 'NONE',  ( 328.0224006566190269, -0.9506015099393464451, 223.7954804189127742 ) ) ;
#2766 = DIRECTION ( 'NONE',  ( -0.07632546015824470675, 0.000000000000000000, -0.9970829574973349985 ) ) ;
#2767 = FACE_OUTER_BOUND ( 'NONE', #2916, .T. ) ;
#2768 = CARTESIAN_POINT ( 'NONE',  ( 324.1974751295979900, -0.5861560362049765827, 222.8688440443612819 ) ) ;
#2769 = CARTESIAN_POINT ( 'NONE',  ( 386.6666666647019497, 0.5029398384553279699, 225.5266254785185254 ) ) ;
#2770 = CARTESIAN_POINT ( 'NONE',  ( 333.4027123955089564, 10.35336819646940398, 246.6222022926644968 ) ) ;
#2771 = VERTEX_POINT ( 'NONE', #628 ) ;
#2772 = CARTESIAN_POINT ( 'NONE',  ( 422.6307086934104973, -5.939876490006859910, 281.0817145493894031 ) ) ;
#2773 = ORIENTED_EDGE ( 'NONE', *, *, #1991, .F. ) ;
#2774 = CARTESIAN_POINT ( 'NONE',  ( 0.000000000000000000, -6.846324879718627798, 456.3122647871372806 ) ) ;
#2775 = AXIS2_PLACEMENT_3D ( 'NONE', #592, #1426, #2460 ) ;
#2776 = ORIENTED_EDGE ( 'NONE', *, *, #1612, .T. ) ;
#2777 = PLANE ( 'NONE',  #525 ) ;
#2778 = AXIS2_PLACEMENT_3D ( 'NONE', #1951, #908, #2766 ) ;
#2779 = DIRECTION ( 'NONE',  ( -0.002564460613766951936, 0.9999966924973345828, 0.0001963062701369864703 ) ) ;
#2780 = CIRCLE ( 'NONE', #2997, 2.000000000000001776 ) ;
#2781 = DIRECTION ( 'NONE',  ( 0.000000000000000000, -1.000000000000000000, -0.000000000000000000 ) ) ;
#2782 = CARTESIAN_POINT ( 'NONE',  ( 445.0185472759409322, -4.226720449321260453, 281.7483824392986094 ) ) ;
#2783 = CARTESIAN_POINT ( 'NONE',  ( 315.0370945548289114, -5.415866509635645976, 301.6710735754487587 ) ) ;
#2784 = CARTESIAN_POINT ( 'NONE',  ( 445.0185472759408754, -4.081914508778270445, 332.6817145493893122 ) ) ;
#2785 = CARTESIAN_POINT ( 'NONE',  ( 328.8098073275771185, -1.763086799018760864, 226.0245810534344173 ) ) ;
#2786 = DIRECTION ( 'NONE',  ( -0.000000000000000000, -1.000000000000000000, -1.576542137387265747E-16 ) ) ;
#2787 = CARTESIAN_POINT ( 'NONE',  ( 579.9999999970532372, 5.400585436222888447, 245.2695254820144157 ) ) ;
#2788 = CARTESIAN_POINT ( 'NONE',  ( 319.5937123068651999, 0.4390182535958721544, 222.4507434595293489 ) ) ;
#2789 = CARTESIAN_POINT ( 'NONE',  ( 324.2298598905036329, 12.84727078174834602, 261.2852069513932065 ) ) ;
#2790 = ORIENTED_EDGE ( 'NONE', *, *, #1511, .T. ) ;
#2791 = CARTESIAN_POINT ( 'NONE',  ( 445.0185472759409322, -4.094611726652619410, 330.6817145493894259 ) ) ;
#2792 = ORIENTED_EDGE ( 'NONE', *, *, #1735, .T. ) ;
#2793 = CARTESIAN_POINT ( 'NONE',  ( 193.3333333323509748, -3.838522145386324969, 429.4299400882140958 ) ) ;
#2794 = EDGE_CURVE ( 'NONE', #3011, #1569, #2695, .T. ) ;
#2795 = EDGE_LOOP ( 'NONE', ( #1725, #3252, #2985, #1315 ) ) ;
#2796 = B_SPLINE_CURVE_WITH_KNOTS ( 'NONE', 3,
 ( #452, #2481, #923, #1431, #1192, #1497, #1177, #2975, #2528, #721, #1242, #161, #2223, #197, #3227, #2765, #1950, #421, #1207, #688, #2207, #671, #2751, #470, #3243, #1703, #938, #1717, #1747, #2738, #907, #3255, #434, #1688, #1461, #2496, #1999, #2238, #1448, #1967, #2724, #3005, #402, #1478, #176, #3276, #2513, #955, #1982, #3020, #3291, #706, #2467, #1731, #146, #1227 ),
 .UNSPECIFIED., .F., .F.,
 ( 4, 2, 2, 2, 2, 2, 2, 2, 2, 2, 2, 2, 2, 2, 2, 2, 2, 2, 2, 2, 2, 2, 2, 2, 2, 2, 2, 4 ),
 ( 2.290114235458123160E-16, 0.01108964119858064923, 0.02217928239716106947, 0.03326892359574148972, 0.03604133389538659998, 0.03881374419503171025, 0.04019994934485430355, 0.04158615449467689684, 0.04227925706958819002, 0.04262580835704380539, 0.04297235964449941381, 0.04314563528822724925, 0.04323227311009116003, 0.04331891093195507775, 0.04349218657568290625, 0.04366546221941072781, 0.04401201350686632929, 0.04435856479432193772, 0.04574476994414426734, 0.04713097509396659002, 0.04851718024378891270, 0.04990338539361124232, 0.05267579569325585992, 0.05544820599290048446, 0.06099302659218970579, 0.06653784719147892712, 0.07762748839005745305, 0.08871712958863599285 ),
 .UNSPECIFIED. ) ;
#2797 = CARTESIAN_POINT ( 'NONE',  ( 416.8211116027177354, 0.7410593674508694217, 327.5306666449997692 ) ) ;
#2798 = CARTESIAN_POINT ( 'NONE',  ( 417.4367323385750979, -4.383665382703175517, 284.4177895979970003 ) ) ;
#2799 = CARTESIAN_POINT ( 'NONE',  ( 418.4367889235230678, 7.300000000000000711, 0.000000000000000000 ) ) ;
#2800 = CARTESIAN_POINT ( 'NONE',  ( 333.3940997099983861, 6.807469880735028234, 233.9058239711592933 ) ) ;
#2801 = CARTESIAN_POINT ( 'NONE',  ( 414.0839806051105825, 0.7534257183149491999, 331.7464040017993057 ) ) ;
#2802 = CARTESIAN_POINT ( 'NONE',  ( 312.0293773905880244, -5.534115987428118721, 301.6152771285354675 ) ) ;
#2803 = CARTESIAN_POINT ( 'NONE',  ( 411.4367889235230678, -4.254221363378515086, 332.6817145493894259 ) ) ;
#2804 = CARTESIAN_POINT ( 'NONE',  ( 333.4076447153560707, -2.554430546796597312, 229.3967422021641767 ) ) ;
#2805 = EDGE_CURVE ( 'NONE', #2247, #114, #862, .T. ) ;
#2806 = CARTESIAN_POINT ( 'NONE',  ( 413.6826164433516055, 0.7488608867584539697, 331.3504881956393433 ) ) ;
#2807 = CARTESIAN_POINT ( 'NONE',  ( 0.000000000000000000, 19.01102325474809618, 266.6625469626757194 ) ) ;
#2808 = CARTESIAN_POINT ( 'NONE',  ( 324.1745332338414300, 0.1079135575118064655, 222.5579076146752584 ) ) ;
#2809 = CARTESIAN_POINT ( 'NONE',  ( 310.0370945548290251, -6.473503415000025463, 300.4032552864803733 ) ) ;
#2810 = ORIENTED_EDGE ( 'NONE', *, *, #1143, .T. ) ;
#2811 = CARTESIAN_POINT ( 'NONE',  ( 324.8370945548289797, 14.33246036806402657, 264.4069360666574653 ) ) ;
#2812 = ORIENTED_EDGE ( 'NONE', *, *, #752, .T. ) ;
#2813 = CARTESIAN_POINT ( 'NONE',  ( 579.9999999970527824, -1.068975656530539498, 385.7314532393304489 ) ) ;
#2814 = ADVANCED_FACE ( 'NONE', ( #2352 ), #1335, .F. ) ;
#2815 = EDGE_LOOP ( 'NONE', ( #1623, #3156, #1817, #1905 ) ) ;
#2816 = CARTESIAN_POINT ( 'NONE',  ( 414.6115372024991075, -4.244377614269342125, 331.6659014782095483 ) ) ;
#2817 = CARTESIAN_POINT ( 'NONE',  ( 416.0448657413180058, -4.398737184061994654, 286.8287254272088376 ) ) ;
#2818 = DIRECTION ( 'NONE',  ( 1.000000000000000000, 0.000000000000000000, -0.000000000000000000 ) ) ;
#2819 = CARTESIAN_POINT ( 'NONE',  ( 333.3851763910485602, 4.362330379650937395, 228.3830452219317522 ) ) ;
#2820 = CARTESIAN_POINT ( 'NONE',  ( 418.4367889235230678, -4.372633561606567909, 283.0817145493894031 ) ) ;
#2821 = CARTESIAN_POINT ( 'NONE',  ( 315.0370945548289114, -6.113005704540285024, 301.0885834748666525 ) ) ;
#2822 = DIRECTION ( 'NONE',  ( 0.000000000000000000, -1.000000000000000000, 0.000000000000000000 ) ) ;
#2823 = CARTESIAN_POINT ( 'NONE',  ( 319.6464418196746351, -3.479326892156108020, 234.2032508124906656 ) ) ;
#2824 = CARTESIAN_POINT ( 'NONE',  ( 445.0185472759410459, -4.222380946916910460, 281.0817145493894600 ) ) ;
#2825 = CARTESIAN_POINT ( 'NONE',  ( 579.9999999970532372, 10.96949398281568300, 268.3083701022954415 ) ) ;
#2826 = CARTESIAN_POINT ( 'NONE',  ( 324.1926287656331169, 1.890682380368816418, 224.0682436228867402 ) ) ;
#2827 = CARTESIAN_POINT ( 'NONE',  ( 333.4080143658294446, 13.09619853823151203, 265.3972647087962287 ) ) ;
#2828 = ORIENTED_EDGE ( 'NONE', *, *, #2209, .F. ) ;
#2829 = LINE ( 'NONE', #282, #1539 ) ;
#2830 = CARTESIAN_POINT ( 'NONE',  ( 386.6666666647018360, -5.188915455063127347, 422.9413900255781300 ) ) ;
#2831 = EDGE_LOOP ( 'NONE', ( #2706, #717, #767, #2350 ) ) ;
#2832 = CARTESIAN_POINT ( 'NONE',  ( 312.0350888040299537, -4.789553285554022821, 301.8688075625498186 ) ) ;
#2833 = CARTESIAN_POINT ( 'NONE',  ( 415.0999522485989814, -4.404263074591971083, 287.0817145493880957 ) ) ;
#2834 = PLANE ( 'NONE',  #1485 ) ;
#2835 = CIRCLE ( 'NONE', #365, 3.300000000000025135 ) ;
#2836 = CARTESIAN_POINT ( 'NONE',  ( 328.7934454613929915, 3.697182336426815041, 226.8896735827788120 ) ) ;
#2837 = VECTOR ( 'NONE', #1920, 1000.000000000000000 ) ;
#2838 = CARTESIAN_POINT ( 'NONE',  ( 434.8412479443830989, -5.566400478889679704, 360.0250924027392330 ) ) ;
#2839 = CARTESIAN_POINT ( 'NONE',  ( 315.0370945548288546, -5.046577691021041367, 301.8103329519275349 ) ) ;
#2840 = B_SPLINE_CURVE_WITH_KNOTS ( 'NONE', 3,
 ( #419, #1636, #1903, #2674, #3207, #2156, #2939, #625, #1656, #1670, #227, #1513, #1459, #1728, #2493, #1743, #1239, #1762, #1494, #2479, #3050, #210, #2797, #3003, #448, #1446, #484, #2525, #2543, #2012 ),
 .UNSPECIFIED., .F., .F.,
 ( 4, 2, 2, 2, 2, 2, 2, 2, 2, 2, 2, 2, 2, 2, 4 ),
 ( 0.007816274169100580552, 0.008304680983679677692, 0.008793087798258776566, 0.009769901427416752271, 0.01025830824199568288, 0.01074671505657461348, 0.01123512187115354409, 0.01172352868573247470, 0.01221193550031140357, 0.01270034231489033417, 0.01318874912946926478, 0.01367715594404819365, 0.01416556275862712426, 0.01465396957320605487, 0.01563078320236397853 ),
 .UNSPECIFIED. ) ;
#2841 = AXIS2_PLACEMENT_3D ( 'NONE', #3232, #2432, #855 ) ;
#2842 = DIRECTION ( 'NONE',  ( -1.000000000000000000, 0.000000000000000000, 0.000000000000000000 ) ) ;
#2843 = CARTESIAN_POINT ( 'NONE',  ( 328.8201551362198529, -2.735847202002976708, 230.0443551289081370 ) ) ;
#2844 = AXIS2_PLACEMENT_3D ( 'NONE', #2033, #159, #2762 ) ;
#2845 = EDGE_CURVE ( 'NONE', #2416, #2122, #2572, .T. ) ;
#2846 = VECTOR ( 'NONE', #1323, 1000.000000000000000 ) ;
#2847 = CARTESIAN_POINT ( 'NONE',  ( 414.1317274295114998, 0.7524537600048590846, 331.5542170194619302 ) ) ;
#2848 = CARTESIAN_POINT ( 'NONE',  ( 0.000000000000000000, 19.26363725660237236, 277.6261930907284068 ) ) ;
#2849 = CARTESIAN_POINT ( 'NONE',  ( 328.7650791526992862, 0.1546474332286450204, 222.8884891544123548 ) ) ;
#2850 = CARTESIAN_POINT ( 'NONE',  ( 310.0370945548290251, -6.524739265545115963, 300.1483260821581212 ) ) ;
#2851 = ORIENTED_EDGE ( 'NONE', *, *, #1511, .F. ) ;
#2852 = EDGE_CURVE ( 'NONE', #2941, #2505, #70, .T. ) ;
#2853 = CARTESIAN_POINT ( 'NONE',  ( 328.6845836195683432, 11.44505529867507398, 245.5549743511394354 ) ) ;
#2854 = CARTESIAN_POINT ( 'NONE',  ( 193.3333333323509180, -6.294774974397376432, 429.2302680798250663 ) ) ;
#2855 = B_SPLINE_CURVE_WITH_KNOTS ( 'NONE', 3,
 ( #528, #792, #1557, #2349, #2591, #1821, #811, #1572, #2608, #287, #1313, #34, #1063, #1839, #1606, #841, #65, #825, #1077, #50, #3141, #1854, #2890, #2381, #1093, #1110, #578, #1884, #1347, #2121, #856, #3155, #1870, #79, #2908, #2639, #322, #1332, #337, #2367, #595, #1621, #2654, #2138, #3172, #1363, #2109, #2397, #613, #2894, #1367, #1609, #1161, #1096, #2125, #359 ),
 .UNSPECIFIED., .F., .F.,
 ( 4, 2, 2, 2, 2, 2, 2, 2, 2, 2, 2, 2, 2, 2, 2, 2, 2, 2, 2, 2, 2, 2, 2, 2, 2, 2, 2, 4 ),
 ( 0.5136306436433095701, 0.5246412510646080163, 0.5356518584859065735, 0.5466624659072051307, 0.5494151177625298255, 0.5521677696178544092, 0.5535440955455167567, 0.5542322585093479859, 0.5549204214731791041, 0.5556085844370103333, 0.5559526659189258924, 0.5562967474008414515, 0.5563827677713203412, 0.5564257779565597861, 0.5564687881417992310, 0.5566408288827570106, 0.5569849103646726807, 0.5576730733285039099, 0.5590493992561662573, 0.5604257251838287157, 0.5618020511114911741, 0.5631783770391536326, 0.5659310288944785494, 0.5686836807498033552, 0.5741889844604530779, 0.5796942881711029116, 0.5907048955924025790, 0.6017155030137021354 ),
 .UNSPECIFIED. ) ;
#2856 = ADVANCED_FACE ( 'NONE', ( #1066 ), #1875, .F. ) ;
#2857 = ORIENTED_EDGE ( 'NONE', *, *, #2887, .T. ) ;
#2858 = CARTESIAN_POINT ( 'NONE',  ( 312.0321600732246452, -5.171354347641398341, 301.7799630114752745 ) ) ;
#2859 = CARTESIAN_POINT ( 'NONE',  ( 319.6104122379488786, 2.739127594082773953, 224.7527168763545546 ) ) ;
#2860 = CARTESIAN_POINT ( 'NONE',  ( 445.0185472759409890, -5.518887524353083052, 359.2460327981114006 ) ) ;
#2861 = CARTESIAN_POINT ( 'NONE',  ( 315.0370945548289114, -9.530253270515439468, 300.1754532043037784 ) ) ;
#2862 = VERTEX_POINT ( 'NONE', #1610 ) ;
#2863 = CARTESIAN_POINT ( 'NONE',  ( 315.0176692491623953, -6.479279912981469991, 309.2745673698992164 ) ) ;
#2864 = CARTESIAN_POINT ( 'NONE',  ( 324.2378116081018788, -4.029840609471929014, 240.1654614606480891 ) ) ;
#2865 = CARTESIAN_POINT ( 'NONE',  ( 412.6892655533287098, 0.7370689261251480717, 330.2887207758085424 ) ) ;
#2866 = CARTESIAN_POINT ( 'NONE',  ( 193.3333333323510885, 13.87615993987009766, 323.4795464500552384 ) ) ;
#2867 = CARTESIAN_POINT ( 'NONE',  ( 319.5876512886727028, 0.1598693877928508145, 222.2728682454659008 ) ) ;
#2868 = ORIENTED_EDGE ( 'NONE', *, *, #572, .F. ) ;
#2869 = CARTESIAN_POINT ( 'NONE',  ( 331.3050623970386823, 7.702184391954881804, 232.7151287380745828 ) ) ;
#2870 = CARTESIAN_POINT ( 'NONE',  ( 418.4367889235230678, -4.241483474800535447, 329.0150489571628327 ) ) ;
#2871 = CARTESIAN_POINT ( 'NONE',  ( 579.9999999970532372, -4.599044283111842546, 259.9049248138404096 ) ) ;
#2872 = ORIENTED_EDGE ( 'NONE', *, *, #2106, .T. ) ;
#2873 = CARTESIAN_POINT ( 'NONE',  ( 333.3600457780451620, -1.459070118467580501, 222.6461025828611469 ) ) ;
#2874 = CARTESIAN_POINT ( 'NONE',  ( 559.8964877838542407, 0.3639932218558183941, 350.4522693450623478 ) ) ;
#2875 = CARTESIAN_POINT ( 'NONE',  ( 319.6297003702782149, 7.526319158828103539, 234.8999407904251200 ) ) ;
#2876 = CARTESIAN_POINT ( 'NONE',  ( 310.0370945548289683, -6.149329883771530447, 369.5786951049933009 ) ) ;
#2877 = ORIENTED_EDGE ( 'NONE', *, *, #2565, .F. ) ;
#2878 = CARTESIAN_POINT ( 'NONE',  ( 310.0370945548290251, 0.000000000000000000, 291.8817145493893577 ) ) ;
#2879 = FACE_OUTER_BOUND ( 'NONE', #2390, .T. ) ;
#2880 = CARTESIAN_POINT ( 'NONE',  ( 386.6666666647022339, -4.983285286627484822, 421.1448889319453883 ) ) ;
#2881 = CARTESIAN_POINT ( 'NONE',  ( 386.6666666647018928, 4.294679108437772008, 369.1716850739566667 ) ) ;
#2882 = CARTESIAN_POINT ( 'NONE',  ( 328.7662976542155775, -0.2888146804069359197, 222.9070060818959860 ) ) ;
#2883 = DIRECTION ( 'NONE',  ( 0.000000000000000000, -1.000000000000000000, 0.000000000000000000 ) ) ;
#2884 = CARTESIAN_POINT ( 'NONE',  ( 118.4367889235229967, -3.525667192811752226, 319.8817145493894145 ) ) ;
#2885 = CARTESIAN_POINT ( 'NONE',  ( 559.8975135647069692, -0.03600413214544656570, 350.4521908228139750 ) ) ;
#2886 = CARTESIAN_POINT ( 'NONE',  ( 386.6666666647018928, -5.775366431396394162, 258.4073362631827990 ) ) ;
#2887 = EDGE_CURVE ( 'NONE', #683, #1902, #614, .T. ) ;
#2888 = CARTESIAN_POINT ( 'NONE',  ( 331.7194215694070181, -4.024860714062741707, 230.6848479179032267 ) ) ;
#2889 = CARTESIAN_POINT ( 'NONE',  ( 579.9999999970530098, 0.4218217482621807735, 238.5244780359223853 ) ) ;
#2890 = CARTESIAN_POINT ( 'NONE',  ( 333.2481778681748210, -0.2677744533501554836, 223.1942339793596659 ) ) ;
#2891 = EDGE_CURVE ( 'NONE', #812, #3272, #2288, .T. ) ;
#2892 = ORIENTED_EDGE ( 'NONE', *, *, #1182, .T. ) ;
#2893 = FACE_OUTER_BOUND ( 'NONE', #2095, .T. ) ;
#2894 = CARTESIAN_POINT ( 'NONE',  ( 329.8651773363213806, 8.778221502439155444, 239.7702905806806086 ) ) ;
#2895 = CARTESIAN_POINT ( 'NONE',  ( 328.8290422661900152, -4.752844674055728191, 253.7641352143568554 ) ) ;
#2896 =( GEOMETRIC_REPRESENTATION_CONTEXT ( 3 ) GLOBAL_UNCERTAINTY_ASSIGNED_CONTEXT ( ( #703 ) ) GLOBAL_UNIT_ASSIGNED_CONTEXT ( ( #2365, #1075, #593 ) ) REPRESENTATION_CONTEXT ( 'NONE', 'WORKASPACE' ) );
#2897 = CARTESIAN_POINT ( 'NONE',  ( 193.3333333323511170, -5.787028705682168983, 439.6978874405062356 ) ) ;
#2898 = CARTESIAN_POINT ( 'NONE',  ( 324.1687271620468778, -0.07541950860101874488, 222.5164852993097213 ) ) ;
#2899 = CARTESIAN_POINT ( 'NONE',  ( 445.0185472759411596, -5.216525427415820815, 253.7006864059494546 ) ) ;
#2900 = VECTOR ( 'NONE', #1806, 1000.000000000000000 ) ;
#2901 = DIRECTION ( 'NONE',  ( -1.000000000000000000, 0.000000000000000000, 0.000000000000000000 ) ) ;
#2902 = CARTESIAN_POINT ( 'NONE',  ( 416.7701222572155757, -4.270530208237961922, 325.6817145493893690 ) ) ;
#2903 = CARTESIAN_POINT ( 'NONE',  ( 0.000000000000000000, -7.630794817724408041, 387.2858327702766701 ) ) ;
#2904 = B_SPLINE_CURVE_WITH_KNOTS ( 'NONE', 3,
 ( #1645, #2870, #1849, #2392 ),
 .UNSPECIFIED., .F., .F.,
 ( 4, 4 ),
 ( 5.551115123125782702E-17, 0.005000096187272999072 ),
 .UNSPECIFIED. ) ;
#2905 = FACE_OUTER_BOUND ( 'NONE', #789, .T. ) ;
#2906 = ADVANCED_FACE ( 'NONE', ( #2879 ), #3021, .T. ) ;
#2907 = CARTESIAN_POINT ( 'NONE',  ( 579.9999999970528961, 4.033212153983865456, 242.5533110923767026 ) ) ;
#2908 = CARTESIAN_POINT ( 'NONE',  ( 333.1527963652630433, 0.8145327175716431389, 223.6615851299419262 ) ) ;
#2909 = ORIENTED_EDGE ( 'NONE', *, *, #1433, .F. ) ;
#2910 = CARTESIAN_POINT ( 'NONE',  ( 313.3679362930643606, -6.477143106248301585, 311.5774502770055960 ) ) ;
#2911 = CARTESIAN_POINT ( 'NONE',  ( 415.7418585587275288, -4.239285911101729809, 331.5542146181649059 ) ) ;
#2912 = CARTESIAN_POINT ( 'NONE',  ( 328.8286297839244980, -4.612797971188513202, 249.9385003006149191 ) ) ;
#2913 = CARTESIAN_POINT ( 'NONE',  ( 0.000000000000000000, -1.685681154134503368, 431.6634505495804319 ) ) ;
#2914 = CARTESIAN_POINT ( 'NONE',  ( 333.3448190426713040, -0.03071098727556615185, 223.1300761557919259 ) ) ;
#2915 = EDGE_CURVE ( 'NONE', #1094, #920, #2710, .T. ) ;
#2916 = EDGE_LOOP ( 'NONE', ( #2478, #2924, #1034, #2344 ) ) ;
#2917 = FACE_OUTER_BOUND ( 'NONE', #398, .T. ) ;
#2918 = DIRECTION ( 'NONE',  ( -1.000000000000000000, 0.000000000000000000, 0.000000000000000000 ) ) ;
#2919 = CARTESIAN_POINT ( 'NONE',  ( 579.9999999970531235, -5.161150396137134777, 288.2912157075066375 ) ) ;
#2920 = ADVANCED_FACE ( 'NONE', ( #403 ), #162, .T. ) ;
#2921 = DIRECTION ( 'NONE',  ( 0.000000000000000000, -1.000000000000000000, 0.000000000000000000 ) ) ;
#2922 = LINE ( 'NONE', #1853, #2408 ) ;
#2923 = EDGE_CURVE ( 'NONE', #1778, #3016, #707, .T. ) ;
#2924 = ORIENTED_EDGE ( 'NONE', *, *, #2028, .F. ) ;
#2925 = DIRECTION ( 'NONE',  ( 0.9999967117653473236, 0.002564460663179145890, 0.000000000000000000 ) ) ;
#2926 = CARTESIAN_POINT ( 'NONE',  ( 445.0185472759409890, 9.051425268147687220, 245.5370201356591906 ) ) ;
#2927 = ORIENTED_EDGE ( 'NONE', *, *, #2549, .F. ) ;
#2928 = PLANE ( 'NONE',  #1377 ) ;
#2929 = CARTESIAN_POINT ( 'NONE',  ( 411.4367889235230678, -5.868741209618566934, 330.4052529660999653 ) ) ;
#2930 = CARTESIAN_POINT ( 'NONE',  ( 0.000000000000000000, -5.420589551295606157, 451.9053200484384547 ) ) ;
#2931 = CARTESIAN_POINT ( 'NONE',  ( 333.3482384767448252, 0.01897117566860493515, 223.1400005253634617 ) ) ;
#2932 = CARTESIAN_POINT ( 'NONE',  ( 310.0370945548290820, -6.485870132334772720, 313.3137757797965151 ) ) ;
#2933 = DIRECTION ( 'NONE',  ( 0.000000000000000000, 0.000000000000000000, 1.000000000000000000 ) ) ;
#2934 = DIRECTION ( 'NONE',  ( -0.000000000000000000, -1.000000000000000000, -0.000000000000000000 ) ) ;
#2935 = CARTESIAN_POINT ( 'NONE',  ( 0.000000000000000000, -7.252290758643901825, 233.2460157265796568 ) ) ;
#2936 = FACE_OUTER_BOUND ( 'NONE', #2285, .T. ) ;
#2937 = CARTESIAN_POINT ( 'NONE',  ( 400.0000000000000568, 3.443088007130913120, 248.3429071604394096 ) ) ;
#2938 = ORIENTED_EDGE ( 'NONE', *, *, #2203, .F. ) ;
#2939 = CARTESIAN_POINT ( 'NONE',  ( 416.4726773102902939, 0.7621022257500097430, 331.1810382612216586 ) ) ;
#2940 = CARTESIAN_POINT ( 'NONE',  ( 445.2202579873547279, -4.188703273891412060, 315.5776197847823710 ) ) ;
#2941 = VERTEX_POINT ( 'NONE', #2739 ) ;
#2942 = CARTESIAN_POINT ( 'NONE',  ( 445.0185472759409322, 3.306277303021957437, 266.0767156309140660 ) ) ;
#2943 = CARTESIAN_POINT ( 'NONE',  ( 411.4367889235229541, -6.033745409641566582, 295.0217714997995131 ) ) ;
#2944 = CARTESIAN_POINT ( 'NONE',  ( 386.6666666647022339, -5.113126307511020485, 421.1293184417577891 ) ) ;
#2945 = ADVANCED_FACE ( 'NONE', ( #2976, #1921, #1732 ), #422, .T. ) ;
#2946 = VECTOR ( 'NONE', #1155, 1000.000000000000000 ) ;
#2947 = CARTESIAN_POINT ( 'NONE',  ( 319.5815159169452500, -0.1130900199750958929, 222.2183267461187484 ) ) ;
#2948 = ORIENTED_EDGE ( 'NONE', *, *, #163, .F. ) ;
#2949 = AXIS2_PLACEMENT_3D ( 'NONE', #1432, #436, #147 ) ;
#2950 = VECTOR ( 'NONE', #738, 1000.000000000000000 ) ;
#2951 = CARTESIAN_POINT ( 'NONE',  ( 391.5212533987616439, -0.2732832648237913942, 378.3850677489193117 ) ) ;
#2952 = CARTESIAN_POINT ( 'NONE',  ( 579.9999999970528961, -2.452747206727057261E-11, 238.5133111311282619 ) ) ;
#2953 = CARTESIAN_POINT ( 'NONE',  ( 310.0370945548290251, 14.54705926040939978, 264.4069360666575221 ) ) ;
#2954 = FACE_OUTER_BOUND ( 'NONE', #11, .T. ) ;
#2955 = CARTESIAN_POINT ( 'NONE',  ( 310.0370945548290820, -6.347919574081259064, 264.4069360705284453 ) ) ;
#2956 = ADVANCED_FACE ( 'NONE', ( #2239 ), #2173, .T. ) ;
#2957 = ORIENTED_EDGE ( 'NONE', *, *, #3098, .T. ) ;
#2958 = DIRECTION ( 'NONE',  ( -0.07632546015824470675, 0.000000000000000000, -0.9970829574973348874 ) ) ;
#2959 = CARTESIAN_POINT ( 'NONE',  ( 422.5635835560374858, -4.372036219932681433, 293.5789377776294486 ) ) ;
#2960 = CARTESIAN_POINT ( 'NONE',  ( 416.5895455620980670, -4.261557957620652815, 327.2988976992301104 ) ) ;
#2961 = LINE ( 'NONE', #2452, #461 ) ;
#2962 = CARTESIAN_POINT ( 'NONE',  ( 386.6666666647020634, -4.566923217582304240, 238.8503178250753649 ) ) ;
#2963 = CARTESIAN_POINT ( 'NONE',  ( 319.6058599213916409, -0.5510619677231011204, 222.5138790417856853 ) ) ;
#2964 = CARTESIAN_POINT ( 'NONE',  ( 413.0524680336021675, -4.399982415593411744, 282.9306645500189461 ) ) ;
#2965 = DIRECTION ( 'NONE',  ( 1.000000000000000000, 0.000000000000000000, -0.000000000000000000 ) ) ;
#2966 = CARTESIAN_POINT ( 'NONE',  ( 413.4127088248781661, 0.6035546427941622660, 282.5932788086083747 ) ) ;
#2967 = CARTESIAN_POINT ( 'NONE',  ( 579.9999999970528961, -2.452747206727057261E-11, 238.5133111311282619 ) ) ;
#2968 = ORIENTED_EDGE ( 'NONE', *, *, #236, .T. ) ;
#2969 = DIRECTION ( 'NONE',  ( -1.000000000000000000, 0.000000000000000000, 0.000000000000000000 ) ) ;
#2970 = CARTESIAN_POINT ( 'NONE',  ( 193.3333333323510885, 13.87615993987009766, 323.4795464500552384 ) ) ;
#2971 = VERTEX_POINT ( 'NONE', #2224 ) ;
#2972 = CARTESIAN_POINT ( 'NONE',  ( 312.0370945548289114, -4.528075591606530281, 301.8817145493894145 ) ) ;
#2973 = UNCERTAINTY_MEASURE_WITH_UNIT (LENGTH_MEASURE( 1.000000000000000082E-05 ), #3010, 'distance_accuracy_value', 'NONE');
#2974 = CARTESIAN_POINT ( 'NONE',  ( 433.8919365461557049, -4.246219675349909295, 315.6717362795756685 ) ) ;
#2975 = CARTESIAN_POINT ( 'NONE',  ( 326.5517208465968224, -2.929047724567070965, 231.0015306526655365 ) ) ;
#2976 = FACE_BOUND ( 'NONE', #1976, .T. ) ;
#2977 = CARTESIAN_POINT ( 'NONE',  ( 193.3333333323510317, -5.303512489585234135, 228.0014150919552662 ) ) ;
#2978 = CARTESIAN_POINT ( 'NONE',  ( 319.6278705827101021, -1.051149178598956402, 223.4565880832450375 ) ) ;
#2979 = CARTESIAN_POINT ( 'NONE',  ( 413.8273341020124576, -4.392963609621340026, 282.3354690963380449 ) ) ;
#2980 = CARTESIAN_POINT ( 'NONE',  ( 414.7736247224980275, 0.5940495665036411577, 287.0817145493884937 ) ) ;
#2981 = VERTEX_POINT ( 'NONE', #644 ) ;
#2982 = CARTESIAN_POINT ( 'NONE',  ( 414.9367889235230109, 0.6141725359915888305, 282.0817145493894600 ) ) ;
#2983 = CARTESIAN_POINT ( 'NONE',  ( 0.000000000000000000, 9.913730116561376704, 364.5373084075129100 ) ) ;
#2984 = EDGE_CURVE ( 'NONE', #3082, #478, #2961, .T. ) ;
#2985 = ORIENTED_EDGE ( 'NONE', *, *, #3301, .F. ) ;
#2986 = CARTESIAN_POINT ( 'NONE',  ( 333.5044377421774584, -3.054881667386427130E-11, 221.9386095311470797 ) ) ;
#2987 = CARTESIAN_POINT ( 'NONE',  ( 433.8918761646402800, -4.315624906675461503, 289.3078708348900818 ) ) ;
#2988 = CARTESIAN_POINT ( 'NONE',  ( 414.2784040232903067, -4.389627353844556268, 282.1480827225807957 ) ) ;
#2989 = CARTESIAN_POINT ( 'NONE',  ( 430.0643378153048388, 5.249585501259109499, 360.3907589312813684 ) ) ;
#2990 = CARTESIAN_POINT ( 'NONE',  ( 386.6666666647017792, -6.022437639439080392, 326.2649298393706658 ) ) ;
#2991 = CARTESIAN_POINT ( 'NONE',  ( 333.3872046977762693, -0.7783774206381152139, 223.7960625966815940 ) ) ;
#2992 = CARTESIAN_POINT ( 'NONE',  ( 413.4367889235230678, 4.474332807188248218, 319.8817145493894145 ) ) ;
#2993 = FILL_AREA_STYLE_COLOUR ( '', #1108 ) ;
#2994 = B_SPLINE_CURVE_WITH_KNOTS ( 'NONE', 3,
 ( #549, #3039, #781, #2596, #1502, #2298, #3, #2022, #3116, #1029, #1827, #3060, #2534, #2517, #1521, #2058, #1231, #744, #799, #533, #1303, #2865, #1770, #218, #763, #3335, #2259, #2806, #1011, #2847, #2041, #202, #3297, #1247 ),
 .UNSPECIFIED., .F., .F.,
 ( 4, 2, 2, 2, 2, 2, 2, 2, 2, 2, 2, 2, 2, 2, 2, 2, 4 ),
 ( 0.000000000000000000, 0.0004885171355687862845, 0.0009770342711375725690, 0.001465551406706358962, 0.001954068542275145138, 0.002442585677843931314, 0.002931102813412717924, 0.003419619948981504100, 0.003908137084550290276, 0.004396654220119076452, 0.004885171355687862628, 0.005373688491256648804, 0.005862205626825435847, 0.006350722762394222023, 0.006839239897963008200, 0.007327757033531794376, 0.007816274169100580552 ),
 .UNSPECIFIED. ) ;
#2995 = EDGE_LOOP ( 'NONE', ( #857, #84, #1236, #371, #3045, #358, #3193, #963 ) ) ;
#2996 = CIRCLE ( 'NONE', #35, 2.000000000000001776 ) ;
#2997 = AXIS2_PLACEMENT_3D ( 'NONE', #2531, #2550, #2594 ) ;
#2998 = DIRECTION ( 'NONE',  ( 1.000000000000000000, 0.000000000000000000, 0.000000000000000000 ) ) ;
#2999 = EDGE_LOOP ( 'NONE', ( #1738, #429 ) ) ;
#3000 = CARTESIAN_POINT ( 'NONE',  ( 193.3333333323509464, 16.15044311579107017, 301.6248522783866974 ) ) ;
#3001 = CIRCLE ( 'NONE', #1546, 3.300000000000025135 ) ;
#3002 = VERTEX_POINT ( 'NONE', #1403 ) ;
#3003 = CARTESIAN_POINT ( 'NONE',  ( 416.5904878766671118, 0.7384519296353390105, 327.2997180259370680 ) ) ;
#3004 = CARTESIAN_POINT ( 'NONE',  ( 411.2352909474346916, -4.428412672981562714, 297.9365003131256913 ) ) ;
#3005 = CARTESIAN_POINT ( 'NONE',  ( 327.3807718355526504, 3.790722118080024128, 226.9393391191649698 ) ) ;
#3006 = CARTESIAN_POINT ( 'NONE',  ( 340.0767025585348051, 5.204047359922700622, 367.2792004775742498 ) ) ;
#3007 = CARTESIAN_POINT ( 'NONE',  ( 193.3333333323510317, -6.700220827177433947, 377.3870091286089519 ) ) ;
#3008 = CARTESIAN_POINT ( 'NONE',  ( 319.6281425529667217, -1.095064840323639155, 223.5672805857277581 ) ) ;
#3009 = CARTESIAN_POINT ( 'NONE',  ( 413.2852427680314236, 0.5879548402004749486, 286.4657604450432018 ) ) ;
#3010 =( LENGTH_UNIT ( ) NAMED_UNIT ( * ) SI_UNIT ( .MILLI., .METRE. ) );
#3011 = VERTEX_POINT ( 'NONE', #1178 ) ;
#3012 = CARTESIAN_POINT ( 'NONE',  ( 416.9266268890735887, 0.6195951190358556238, 283.0594849351684843 ) ) ;
#3013 = ORIENTED_EDGE ( 'NONE', *, *, #451, .F. ) ;
#3014 = CARTESIAN_POINT ( 'NONE',  ( 0.000000000000000000, 18.32930396932231787, 256.2623385660224926 ) ) ;
#3015 = B_SPLINE_CURVE_WITH_KNOTS ( 'NONE', 3,
 ( #1208, #2989, #658, #1689, #2725, #3006, #3277 ),
 .UNSPECIFIED., .F., .F.,
 ( 4, 3, 4 ),
 ( 0.1153178523784958442, 0.1603117351796887469, 0.2506942210625483503 ),
 .UNSPECIFIED. ) ;
#3016 = VERTEX_POINT ( 'NONE', #1449 ) ;
#3017 = CARTESIAN_POINT ( 'NONE',  ( 412.5169484385432952, -4.266692987724144182, 329.8304945811630660 ) ) ;
#3018 = CARTESIAN_POINT ( 'NONE',  ( 319.3758862322691243, -0.6534755244859448142, 353.8199385702898780 ) ) ;
#3019 = DIRECTION ( 'NONE',  ( 0.000000000000000000, -1.000000000000000000, -0.000000000000000000 ) ) ;
#3020 = CARTESIAN_POINT ( 'NONE',  ( 324.8061549629851470, 8.833084122248036962, 239.5544701558186205 ) ) ;
#3021 = PLANE ( 'NONE',  #1057 ) ;
#3022 = EDGE_CURVE ( 'NONE', #299, #2375, #2482, .T. ) ;
#3023 = CARTESIAN_POINT ( 'NONE',  ( 411.4628465916175060, -0.4218440020296180260, 376.8585635946876664 ) ) ;
#3024 = CARTESIAN_POINT ( 'NONE',  ( 333.3775664015361713, -0.6153743845514572097, 223.5365266722820081 ) ) ;
#3025 = CARTESIAN_POINT ( 'NONE',  ( 193.3333333323509464, 16.09404880310246000, 262.3418053606099534 ) ) ;
#3026 = CARTESIAN_POINT ( 'NONE',  ( 319.6326596904077633, 8.667377210419465072, 238.5329674982357062 ) ) ;
#3027 = ORIENTED_EDGE ( 'NONE', *, *, #1641, .F. ) ;
#3028 = CARTESIAN_POINT ( 'NONE',  ( 411.4367889235230678, -5.998504978718434799, 281.0817145493893463 ) ) ;
#3029 = VERTEX_POINT ( 'NONE', #1968 ) ;
#3030 = CARTESIAN_POINT ( 'NONE',  ( 0.000000000000000000, 13.99887089352030856, 338.7147378488038498 ) ) ;
#3031 = EDGE_LOOP ( 'NONE', ( #1221, #3129, #2234, #3269, #844 ) ) ;
#3032 = LINE ( 'NONE', #1965, #311 ) ;
#3033 = CARTESIAN_POINT ( 'NONE',  ( 312.0217521449480387, -6.528173541363853971, 299.8868797000140489 ) ) ;
#3034 = CARTESIAN_POINT ( 'NONE',  ( 445.0185472759409322, -4.086161203660306995, 332.0150479197887421 ) ) ;
#3035 = CARTESIAN_POINT ( 'NONE',  ( 445.0185472759409322, -4.230573636075847688, 282.4150490676859135 ) ) ;
#3036 = CARTESIAN_POINT ( 'NONE',  ( 315.0370945548289114, -6.142331534963281214, 304.6168428054355672 ) ) ;
#3037 = CARTESIAN_POINT ( 'NONE',  ( 386.6666666647018928, -0.3885889226291279752, 225.5030240003190727 ) ) ;
#3038 = CARTESIAN_POINT ( 'NONE',  ( 328.8270245873589488, -4.149648973768173654, 242.3101320658848579 ) ) ;
#3039 = CARTESIAN_POINT ( 'NONE',  ( 414.7716075630756905, 0.7253284347359993944, 326.6817145493893690 ) ) ;
#3040 = ADVANCED_FACE ( 'NONE', ( #2437 ), #1673, .T. ) ;
#3041 = CARTESIAN_POINT ( 'NONE',  ( 0.000000000000000000, 15.96968430992112076, 237.4560550978058870 ) ) ;
#3042 = CARTESIAN_POINT ( 'NONE',  ( 310.0370945548290251, -6.434899228301746987, 300.5298913775018832 ) ) ;
#3043 = ORIENTED_EDGE ( 'NONE', *, *, #1151, .T. ) ;
#3044 = DIRECTION ( 'NONE',  ( 1.000000000000000000, 0.000000000000000000, 0.000000000000000000 ) ) ;
#3045 = ORIENTED_EDGE ( 'NONE', *, *, #3191, .F. ) ;
#3046 = CARTESIAN_POINT ( 'NONE',  ( 0.000000000000000000, -7.452155228677345811, 421.6783925123604604 ) ) ;
#3047 = VECTOR ( 'NONE', #2167, 1000.000000000000000 ) ;
#3048 = VECTOR ( 'NONE', #75, 1000.000000000000000 ) ;
#3049 = ORIENTED_EDGE ( 'NONE', *, *, #2203, .T. ) ;
#3050 = CARTESIAN_POINT ( 'NONE',  ( 417.1076301834504534, 0.7450053333871636818, 327.9310805468165881 ) ) ;
#3051 = VECTOR ( 'NONE', #1514, 1000.000000000000000 ) ;
#3052 = CARTESIAN_POINT ( 'NONE',  ( 415.5839342692235050, -4.382873494899452993, 282.1614379723429806 ) ) ;
#3053 = CARTESIAN_POINT ( 'NONE',  ( 319.3758862322691243, -0.2534755244859377421, 353.8199385702898780 ) ) ;
#3054 = EDGE_CURVE ( 'NONE', #3069, #1574, #3181, .T. ) ;
#3055 = CARTESIAN_POINT ( 'NONE',  ( 324.2095633690369709, 4.832785806882768931, 228.6321320965528798 ) ) ;
#3056 = CARTESIAN_POINT ( 'NONE',  ( 427.2973751969468026, -4.326447208821615931, 283.0817145493894600 ) ) ;
#3057 = CARTESIAN_POINT ( 'NONE',  ( 320.8491768785103773, 3.443088007130912676, 258.9429071604394608 ) ) ;
#3058 = CARTESIAN_POINT ( 'NONE',  ( 386.6666666647018928, -2.246864576404122182, 227.8533115235983360 ) ) ;
#3059 = CARTESIAN_POINT ( 'NONE',  ( 319.6392801548079774, -2.389344229370633510, 227.6442600488599908 ) ) ;
#3060 = CARTESIAN_POINT ( 'NONE',  ( 412.7671342111893296, 0.7227357308980577599, 327.9288670870274700 ) ) ;
#3061 = CARTESIAN_POINT ( 'NONE',  ( 579.9999999970526687, 12.21604645281511381, 288.0486393700726353 ) ) ;
#3062 = CARTESIAN_POINT ( 'NONE',  ( 333.3537930847126063, 0.1520364559465035015, 223.1962996088855391 ) ) ;
#3063 = CARTESIAN_POINT ( 'NONE',  ( 328.8185738225169530, 12.79618462508108934, 261.4488122502311285 ) ) ;
#3064 = EDGE_CURVE ( 'NONE', #1723, #2030, #437, .T. ) ;
#3065 = EDGE_LOOP ( 'NONE', ( #612, #2204, #1366, #2464 ) ) ;
#3066 = CARTESIAN_POINT ( 'NONE',  ( 332.8789697015276943, 3.715937422257790779, 225.0032834933603851 ) ) ;
#3067 = ORIENTED_EDGE ( 'NONE', *, *, #2601, .T. ) ;
#3068 = CARTESIAN_POINT ( 'NONE',  ( 0.000000000000000000, -6.590772124736852255, 458.2508859490670829 ) ) ;
#3069 = VERTEX_POINT ( 'NONE', #1936 ) ;
#3070 = CARTESIAN_POINT ( 'NONE',  ( 414.9367889235231246, 0.7261752121041002983, 326.6817145493894259 ) ) ;
#3071 = CARTESIAN_POINT ( 'NONE',  ( 417.1840865209973686, -4.380990011179163979, 283.4743890514982922 ) ) ;
#3072 = CYLINDRICAL_SURFACE ( 'NONE', #1327, 5.299999999999998934 ) ;
#3073 = CARTESIAN_POINT ( 'NONE',  ( 324.2103681187546158, 5.036256786757562942, 229.0511087013396150 ) ) ;
#3074 = CARTESIAN_POINT ( 'NONE',  ( 415.7768750340192128, 0.7301766140855004972, 326.6319266758005142 ) ) ;
#3075 = CARTESIAN_POINT ( 'NONE',  ( 411.4367889235230678, -4.398454311814711026, 281.0817145493894031 ) ) ;
#3076 = CARTESIAN_POINT ( 'NONE',  ( 414.9367889235230678, 149.2235650228595034, 329.1817145493894259 ) ) ;
#3077 = CARTESIAN_POINT ( 'NONE',  ( 324.2199234432299590, -1.622083870343532297, 225.2959471533694966 ) ) ;
#3078 = LINE ( 'NONE', #1788, #2240 ) ;
#3079 = CARTESIAN_POINT ( 'NONE',  ( 386.6666666647022339, 6.439140651349280375, 233.5687738193448126 ) ) ;
#3080 = CARTESIAN_POINT ( 'NONE',  ( 333.3607897595770169, 0.5082269075093542865, 223.4332802284728814 ) ) ;
#3081 = CARTESIAN_POINT ( 'NONE',  ( 328.8112179107125712, 9.092817065335312421, 240.8558185978548067 ) ) ;
#3082 = VERTEX_POINT ( 'NONE', #1418 ) ;
#3083 = DIRECTION ( 'NONE',  ( 0.000000000000000000, -1.000000000000000000, 0.000000000000000000 ) ) ;
#3084 = CARTESIAN_POINT ( 'NONE',  ( 579.9999999970526687, -3.946952243843884212, 401.3968860776002430 ) ) ;
#3085 = B_SPLINE_CURVE_WITH_KNOTS ( 'NONE', 3,
 ( #3234, #138, #663, #3247, #2743, #151, #1926, #2966, #1665, #636, #425, #2178, #1957, #946, #2458, #1152, #1721, #1693, #914, #1169, #2729, #1452, #2227, #2198, #2486, #3009, #167, #1940, #1410, #3217, #649, #2472, #2980, #1679 ),
 .UNSPECIFIED., .F., .F.,
 ( 4, 2, 2, 2, 2, 2, 2, 2, 2, 2, 2, 2, 2, 2, 2, 2, 4 ),
 ( 0.000000000000000000, 0.0004885147586714392622, 0.0009770295173428785243, 0.001465544276014317786, 0.001954059034685757049, 0.002442573793357196311, 0.002931088552028635573, 0.003419603310700074835, 0.003908118069371514097, 0.004396632828042952926, 0.004885147586714392622, 0.005373662345385832317, 0.005862177104057271146, 0.006350691862728709974, 0.006839206621400149670, 0.007327721380071589366, 0.007816236138743028194 ),
 .UNSPECIFIED. ) ;
#3086 = ORIENTED_EDGE ( 'NONE', *, *, #3064, .T. ) ;
#3087 = CARTESIAN_POINT ( 'NONE',  ( 412.9469394977459729, -4.278008508863536008, 327.6594998518065154 ) ) ;
#3088 = CARTESIAN_POINT ( 'NONE',  ( 415.7427146186343521, -4.382300487256255650, 282.2095126797419766 ) ) ;
#3089 = LINE ( 'NONE', #2237, #2578 ) ;
#3090 = EDGE_CURVE ( 'NONE', #609, #1566, #3015, .T. ) ;
#3091 = CARTESIAN_POINT ( 'NONE',  ( 319.6160175973664082, 3.731694358859746874, 226.3065144897047105 ) ) ;
#3092 = LINE ( 'NONE', #1261, #2294 ) ;
#3093 = CARTESIAN_POINT ( 'NONE',  ( 315.0370945548289114, -9.281159035828430603, 301.4678495328658414 ) ) ;
#3094 = PLANE ( 'NONE',  #944 ) ;
#3095 = CARTESIAN_POINT ( 'NONE',  ( 319.6484439007780907, -3.887273848793577180, 238.0098311866848348 ) ) ;
#3096 = CARTESIAN_POINT ( 'NONE',  ( 400.0000000000000568, 3.443088007130912676, 258.9429071604394608 ) ) ;
#3097 = CARTESIAN_POINT ( 'NONE',  ( 0.000000000000000000, 4.196968758149082213, 202.6130197730023212 ) ) ;
#3098 = EDGE_CURVE ( 'NONE', #3002, #3224, #1647, .T. ) ;
#3099 = CARTESIAN_POINT ( 'NONE',  ( 324.1852757821911268, 0.7772120012969608860, 223.0271930383102301 ) ) ;
#3100 = CARTESIAN_POINT ( 'NONE',  ( 319.6337900466860447, 9.167706700499220318, 240.3769519349618520 ) ) ;
#3101 = EDGE_LOOP ( 'NONE', ( #205, #1947, #2828, #1545 ) ) ;
#3102 = CARTESIAN_POINT ( 'NONE',  ( 332.0302030712088026, 6.167506409866865269, 229.1620779047133851 ) ) ;
#3103 = CARTESIAN_POINT ( 'NONE',  ( 386.6666666647022339, -5.260036546780130884, 416.2510710529381299 ) ) ;
#3104 = ORIENTED_EDGE ( 'NONE', *, *, #1252, .T. ) ;
#3105 = CARTESIAN_POINT ( 'NONE',  ( 328.5646283649096517, -5.630227396006699969, 246.1427321927721721 ) ) ;
#3106 = DIRECTION ( 'NONE',  ( 0.000000000000000000, 0.000000000000000000, 1.000000000000000000 ) ) ;
#3107 = CARTESIAN_POINT ( 'NONE',  ( 333.3765540339886684, 2.698768674773261544, 225.6453428265001548 ) ) ;
#3108 = CARTESIAN_POINT ( 'NONE',  ( 414.0839870087590384, 0.7216804176117250780, 326.6616387374045303 ) ) ;
#3109 = CARTESIAN_POINT ( 'NONE',  ( 320.8491768785103773, 14.04308800713091010, 258.9429071604394608 ) ) ;
#3110 =( GEOMETRIC_REPRESENTATION_CONTEXT ( 3 ) GLOBAL_UNCERTAINTY_ASSIGNED_CONTEXT ( ( #2973 ) ) GLOBAL_UNIT_ASSIGNED_CONTEXT ( ( #3010, #1424, #2730 ) ) REPRESENTATION_CONTEXT ( 'NONE', 'WORKASPACE' ) );
#3111 = VECTOR ( 'NONE', #1245, 1000.000000000000114 ) ;
#3112 = ORIENTED_EDGE ( 'NONE', *, *, #509, .F. ) ;
#3113 = CARTESIAN_POINT ( 'NONE',  ( 445.0185472759409890, 7.130881393846657090, 348.1376566628393334 ) ) ;
#3114 = CARTESIAN_POINT ( 'NONE',  ( 324.2338488577813678, -3.216561518240145912, 232.5814188431945979 ) ) ;
#3115 = CIRCLE ( 'NONE', #1660, 2.000000000000001776 ) ;
#3116 = CARTESIAN_POINT ( 'NONE',  ( 413.2840057262412756, 0.7214949316818171088, 327.2989205901501464 ) ) ;
#3117 = CARTESIAN_POINT ( 'NONE',  ( 386.6666666647018928, 7.495775076190865249, 350.2880176456091590 ) ) ;
#3118 = CARTESIAN_POINT ( 'NONE',  ( 324.1842975522222901, 0.5996577644224847514, 222.8827775588428892 ) ) ;
#3119 = CARTESIAN_POINT ( 'NONE',  ( 328.8079239666103035, 7.758508644157775080, 236.3160768412289201 ) ) ;
#3120 = EDGE_LOOP ( 'NONE', ( #1993, #935, #1299, #1121 ) ) ;
#3121 = DIRECTION ( 'NONE',  ( -1.000000000000000000, 0.000000000000000000, 0.000000000000000000 ) ) ;
#3122 = DIRECTION ( 'NONE',  ( 0.000000000000000000, 0.000000000000000000, -1.000000000000000000 ) ) ;
#3123 = CARTESIAN_POINT ( 'NONE',  ( 0.000000000000000000, -4.371643211507932669, 446.5568535484148924 ) ) ;
#3124 = ORIENTED_EDGE ( 'NONE', *, *, #3293, .F. ) ;
#3125 = CARTESIAN_POINT ( 'NONE',  ( 332.8051876686698165, -2.709075601421624846, 225.3648013652304201 ) ) ;
#3126 = DIRECTION ( 'NONE',  ( 0.000000000000000000, 1.000000000000000000, 0.000000000000000000 ) ) ;
#3127 = CARTESIAN_POINT ( 'NONE',  ( 328.7974018081197869, 4.601191008585984399, 228.5034762785977875 ) ) ;
#3128 = CARTESIAN_POINT ( 'NONE',  ( 414.0839821638949729, 0.7426895947241998197, 330.0514446437400125 ) ) ;
#3129 = ORIENTED_EDGE ( 'NONE', *, *, #350, .T. ) ;
#3130 = CARTESIAN_POINT ( 'NONE',  ( 445.0185472759409890, 11.48688973497294441, 256.7289402586024494 ) ) ;
#3131 = CARTESIAN_POINT ( 'NONE',  ( 411.4367889235230678, -6.027796443528372627, 287.0424968748314996 ) ) ;
#3132 = CARTESIAN_POINT ( 'NONE',  ( 193.3333333323510885, -0.06398327331131900553, 408.2906831791809736 ) ) ;
#3133 = CARTESIAN_POINT ( 'NONE',  ( 193.3333333323510885, 6.835746929844915165, 368.5446127025542182 ) ) ;
#3134 = CARTESIAN_POINT ( 'NONE',  ( 328.7720758275637536, 0.5127450653130457559, 223.1267282925979885 ) ) ;
#3135 = CARTESIAN_POINT ( 'NONE',  ( 310.0370945548290251, 14.54705926040939978, 264.4069360666575221 ) ) ;
#3136 = CARTESIAN_POINT ( 'NONE',  ( 332.3784934264822368, 5.267525088153666601, 227.4555216720599162 ) ) ;
#3137 = DIRECTION ( 'NONE',  ( -1.000000000000000000, 0.000000000000000000, 0.000000000000000000 ) ) ;
#3138 = CARTESIAN_POINT ( 'NONE',  ( 579.9999999970531235, -5.102621935511616691, 314.0808441813599075 ) ) ;
#3139 = CARTESIAN_POINT ( 'NONE',  ( 332.9802067057201498, -2.385973426713483558, 224.5072415046466006 ) ) ;
#3140 = LINE ( 'NONE', #1346, #3266 ) ;
#3141 = CARTESIAN_POINT ( 'NONE',  ( 333.2032167070712489, -0.5367338658654420280, 223.4145350831560108 ) ) ;
#3142 = ORIENTED_EDGE ( 'NONE', *, *, #163, .T. ) ;
#3143 = CARTESIAN_POINT ( 'NONE',  ( 312.4332537475079903, -6.480471119091646415, 311.8817145493896419 ) ) ;
#3144 = DIRECTION ( 'NONE',  ( 0.000000000000000000, 1.000000000000000000, 0.000000000000000000 ) ) ;
#3145 = CARTESIAN_POINT ( 'NONE',  ( 0.000000000000000000, -6.762496706386333045, 458.2302927968000859 ) ) ;
#3146 = CARTESIAN_POINT ( 'NONE',  ( 333.3450386401328842, -0.04749299113103096215, 223.1305885883407143 ) ) ;
#3147 = CARTESIAN_POINT ( 'NONE',  ( 310.0370945548289683, -6.492721997814469681, 311.8817145493895850 ) ) ;
#3148 = EDGE_CURVE ( 'NONE', #226, #1855, #2996, .T. ) ;
#3149 = DIRECTION ( 'NONE',  ( -0.07632546015824470675, 0.000000000000000000, -0.9970829574973348874 ) ) ;
#3150 = DIRECTION ( 'NONE',  ( -1.000000000000000000, 0.000000000000000000, 0.000000000000000000 ) ) ;
#3151 = CARTESIAN_POINT ( 'NONE',  ( 579.9999999970527824, -4.937668687604563011, 340.7488106811252351 ) ) ;
#3152 = ADVANCED_BREP_SHAPE_REPRESENTATION ( 'WING 2 R VTOL', ( #2667, #1863 ), #2896 ) ;
#3153 = CARTESIAN_POINT ( 'NONE',  ( 413.8273162413486261, -4.277955342560332497, 326.9354776004421979 ) ) ;
#3154 = CARTESIAN_POINT ( 'NONE',  ( 323.0125264917585355, 3.443088007130913120, 248.3429071604394096 ) ) ;
#3155 = CARTESIAN_POINT ( 'NONE',  ( 333.2361296549563576, 0.2699930332642369035, 223.2532679234504940 ) ) ;
#3156 = ORIENTED_EDGE ( 'NONE', *, *, #29, .T. ) ;
#3157 = EDGE_CURVE ( 'NONE', #2045, #2611, #275, .T. ) ;
#3158 = CARTESIAN_POINT ( 'NONE',  ( 445.0185472759412164, 12.44229034657717392, 263.2324028510587368 ) ) ;
#3159 = CARTESIAN_POINT ( 'NONE',  ( 416.0448848884375934, -4.238525523225405323, 331.4287163354163113 ) ) ;
#3160 = DIRECTION ( 'NONE',  ( -1.000000000000000000, -0.000000000000000000, -0.000000000000000000 ) ) ;
#3161 = VECTOR ( 'NONE', #2199, 1000.000000000000000 ) ;
#3162 = VECTOR ( 'NONE', #1280, 1000.000000000000000 ) ;
#3163 = CARTESIAN_POINT ( 'NONE',  ( 386.6666666647022339, -5.677728190836611510, 385.5240380374953020 ) ) ;
#3164 = ADVANCED_FACE ( 'NONE', ( #1243 ), #2593, .F. ) ;
#3165 = CARTESIAN_POINT ( 'NONE',  ( 324.1694007872500265, -0.0008758206155630249507, 222.5179735951515738 ) ) ;
#3166 = CARTESIAN_POINT ( 'NONE',  ( 310.7037612215159470, -4.534894548618162879, 301.8817145493895282 ) ) ;
#3167 = DIRECTION ( 'NONE',  ( 0.000000000000000000, -1.000000000000000000, 0.000000000000000000 ) ) ;
#3168 = FACE_OUTER_BOUND ( 'NONE', #324, .T. ) ;
#3169 = CARTESIAN_POINT ( 'NONE',  ( 0.000000000000000000, -7.903040807874519125, 253.8147977847377490 ) ) ;
#3170 = CARTESIAN_POINT ( 'NONE',  ( 416.9242187862163291, 0.6078274894894146740, 286.1071199850163680 ) ) ;
#3171 = CARTESIAN_POINT ( 'NONE',  ( 193.3333333323509748, 0.5840579286484742783, 212.5287729211146939 ) ) ;
#3172 = CARTESIAN_POINT ( 'NONE',  ( 331.9246634336061561, 5.084104677701565045, 229.6792019755236538 ) ) ;
#3173 = ORIENTED_EDGE ( 'NONE', *, *, #2703, .T. ) ;
#3174 = FACE_OUTER_BOUND ( 'NONE', #431, .T. ) ;
#3175 = CARTESIAN_POINT ( 'NONE',  ( 313.5424276511820381, -6.476693638467378555, 311.4841809721915524 ) ) ;
#3176 = VERTEX_POINT ( 'NONE', #3033 ) ;
#3177 = CARTESIAN_POINT ( 'NONE',  ( 415.5839344307668171, -4.270018384512175302, 326.7614380628431832 ) ) ;
#3178 = CARTESIAN_POINT ( 'NONE',  ( 333.4185752327686600, -5.035558638787544616, 265.4013974686915844 ) ) ;
#3179 = CARTESIAN_POINT ( 'NONE',  ( 579.9999999970530098, -2.772280013143109123, 395.1761131678124457 ) ) ;
#3180 = B_SPLINE_CURVE_WITH_KNOTS ( 'NONE', 3,
 ( #927, #1196, #1423, #1707 ),
 .UNSPECIFIED., .F., .F.,
 ( 4, 4 ),
 ( 0.06926601914244934211, 0.07436916829378706351 ),
 .UNSPECIFIED. ) ;
#3181 = B_SPLINE_CURVE_WITH_KNOTS ( 'NONE', 3,
 ( #388, #3210, #3244, #2752 ),
 .UNSPECIFIED., .F., .F.,
 ( 4, 4 ),
 ( 0.07429572561179509371, 0.07939933442718201395 ),
 .UNSPECIFIED. ) ;
#3182 = CARTESIAN_POINT ( 'NONE',  ( 324.1732352227817273, -0.1836964005886203288, 222.5470399741816721 ) ) ;
#3183 = FACE_OUTER_BOUND ( 'NONE', #1000, .T. ) ;
#3184 = CARTESIAN_POINT ( 'NONE',  ( 310.0370945548290251, 15.32901516528743890, 292.4205219405874345 ) ) ;
#3185 = DIRECTION ( 'NONE',  ( -0.07632546015824470675, 0.000000000000000000, -0.9970829574973348874 ) ) ;
#3186 = CARTESIAN_POINT ( 'NONE',  ( 0.000000000000000000, -7.875199188317395738, 346.8394967070635175 ) ) ;
#3187 = CARTESIAN_POINT ( 'NONE',  ( 417.3566334429331164, 0.6129024966578785483, 285.2304798664073928 ) ) ;
#3188 = CARTESIAN_POINT ( 'NONE',  ( 445.0185472759409322, 60.00000000000000000, 330.6817145493894259 ) ) ;
#3189 = ORIENTED_EDGE ( 'NONE', *, *, #836, .T. ) ;
#3190 = CARTESIAN_POINT ( 'NONE',  ( 412.3911318425543868, 0.5817207093580700761, 287.0858271285208048 ) ) ;
#3191 = EDGE_CURVE ( 'NONE', #224, #1018, #1277, .T. ) ;
#3192 = CARTESIAN_POINT ( 'NONE',  ( 310.6929219318107016, -4.534949983095274639, 301.8817145493894145 ) ) ;
#3193 = ORIENTED_EDGE ( 'NONE', *, *, #1252, .F. ) ;
#3194 = CARTESIAN_POINT ( 'NONE',  ( 417.1060302674072204, -4.239354329210151207, 330.4350850012824594 ) ) ;
#3195 = CARTESIAN_POINT ( 'NONE',  ( 333.4167366138597686, -4.406752073020745009, 246.3381824335364172 ) ) ;
#3196 = CARTESIAN_POINT ( 'NONE',  ( 579.9999999970532372, -3.437469927314833029, 398.5678462214043520 ) ) ;
#3197 = ADVANCED_FACE ( 'NONE', ( #774 ), #704, .F. ) ;
#3198 = CARTESIAN_POINT ( 'NONE',  ( 324.1672575173880091, -0.03145844172608312089, 222.5129010433299186 ) ) ;
#3199 = ORIENTED_EDGE ( 'NONE', *, *, #1404, .F. ) ;
#3200 = CARTESIAN_POINT ( 'NONE',  ( 310.0370945548289683, 14.88574464572560885, 268.1624708974403575 ) ) ;
#3201 = EDGE_CURVE ( 'NONE', #1455, #226, #3307, .T. ) ;
#3202 = DIRECTION ( 'NONE',  ( 0.000000000000000000, -1.000000000000000000, 0.000000000000000000 ) ) ;
#3203 = CARTESIAN_POINT ( 'NONE',  ( 579.9999999970528961, -4.797582901793369992, 365.4155641104702568 ) ) ;
#3204 = CARTESIAN_POINT ( 'NONE',  ( 415.5842332167018185, 0.5984388007773769891, 287.0020015352100131 ) ) ;
#3205 = CARTESIAN_POINT ( 'NONE',  ( 0.000000000000000000, 2.156697113733638815, 200.5962828315869046 ) ) ;
#3206 = VERTEX_POINT ( 'NONE', #3274 ) ;
#3207 = CARTESIAN_POINT ( 'NONE',  ( 415.7422840833103237, 0.7607148415465687652, 331.5539885255331569 ) ) ;
#3208 = CARTESIAN_POINT ( 'NONE',  ( 445.2202605947835536, -4.241575213654276588, 302.5238927064924042 ) ) ;
#3209 = LINE ( 'NONE', #889, #2837 ) ;
#3210 = CARTESIAN_POINT ( 'NONE',  ( 323.1360718908862282, 13.15157140173291950, 264.4069360666576358 ) ) ;
#3211 = CARTESIAN_POINT ( 'NONE',  ( 193.3333333323509180, -6.836737455847012868, 354.0694408174593946 ) ) ;
#3212 = AXIS2_PLACEMENT_3D ( 'NONE', #1992, #3044, #1711 ) ;
#3213 = CARTESIAN_POINT ( 'NONE',  ( 324.1775837222023142, -0.2920865394642352952, 222.5993329820249471 ) ) ;
#3214 = CARTESIAN_POINT ( 'NONE',  ( 412.9469732212122608, -4.401146882926581405, 283.0594560602095839 ) ) ;
#3215 = VECTOR ( 'NONE', #1620, 1000.000000000000000 ) ;
#3216 = CARTESIAN_POINT ( 'NONE',  ( 310.0370945548290251, 14.54705926040939978, 264.4069360666575221 ) ) ;
#3217 = CARTESIAN_POINT ( 'NONE',  ( 414.1317245929767523, 0.5910463634887275219, 286.9542162889920291 ) ) ;
#3218 = CARTESIAN_POINT ( 'NONE',  ( 0.000000000000000000, -4.219827966912870210, 206.0754173260052085 ) ) ;
#3219 = AXIS2_PLACEMENT_3D ( 'NONE', #886, #2707, #1686 ) ;
#3220 = B_SPLINE_CURVE_WITH_KNOTS ( 'NONE', 3,
 ( #1100, #1910, #3166, #2130 ),
 .UNSPECIFIED., .F., .F.,
 ( 4, 4 ),
 ( 0.003000039232759963564, 0.005000065387781687555 ),
 .UNSPECIFIED. ) ;
#3221 = ORIENTED_EDGE ( 'NONE', *, *, #2347, .F. ) ;
#3222 = CYLINDRICAL_SURFACE ( 'NONE', #2775, 5.299999999999998934 ) ;
#3223 = CARTESIAN_POINT ( 'NONE',  ( 0.000000000000000000, 17.29793299244946070, 246.4975142672712138 ) ) ;
#3224 = VERTEX_POINT ( 'NONE', #1495 ) ;
#3225 = CARTESIAN_POINT ( 'NONE',  ( 417.4697611806159330, 0.6181954351887551935, 283.7892666744857024 ) ) ;
#3226 = CARTESIAN_POINT ( 'NONE',  ( 311.3812671937442929, -6.531449118821776700, 299.8868812468239753 ) ) ;
#3227 = CARTESIAN_POINT ( 'NONE',  ( 327.8934347010192596, -1.209218231315016379, 224.4273889745090003 ) ) ;
#3228 = CARTESIAN_POINT ( 'NONE',  ( 418.4367889235230678, -4.385941997831772632, 286.4150419531445095 ) ) ;
#3229 = CARTESIAN_POINT ( 'NONE',  ( 579.9999999970530098, -3.284290047907533872, 245.7904700933225968 ) ) ;
#3230 = CARTESIAN_POINT ( 'NONE',  ( 328.7888524695229080, -0.6212021241537170058, 223.2312914034454820 ) ) ;
#3231 = CARTESIAN_POINT ( 'NONE',  ( 414.2893402650096277, -4.408257552881756247, 287.0020004835720329 ) ) ;
#3232 = CARTESIAN_POINT ( 'NONE',  ( 312.0370945548289114, -3.525667192811752226, 308.8817145493894145 ) ) ;
#3233 = EDGE_CURVE ( 'NONE', #3082, #581, #2051, .T. ) ;
#3234 = CARTESIAN_POINT ( 'NONE',  ( 414.9367889235230109, 0.6141725359915888305, 282.0817145493894600 ) ) ;
#3235 = CARTESIAN_POINT ( 'NONE',  ( 386.6666666647018928, -3.915872789727388614, 234.1898982628685246 ) ) ;
#3236 = EDGE_LOOP ( 'NONE', ( #808, #481, #1873, #2745 ) ) ;
#3237 = CARTESIAN_POINT ( 'NONE',  ( 415.2620382634580665, 0.5966137133085651634, 287.0659017551719785 ) ) ;
#3238 = CARTESIAN_POINT ( 'NONE',  ( 0.000000000000000000, 14.38374267723915345, 229.2296430974215298 ) ) ;
#3239 = EDGE_CURVE ( 'NONE', #3344, #90, #719, .T. ) ;
#3240 = ORIENTED_EDGE ( 'NONE', *, *, #54, .T. ) ;
#3241 = CARTESIAN_POINT ( 'NONE',  ( 415.7768311268324624, 0.6186500761886482014, 282.0652876009894499 ) ) ;
#3242 = CARTESIAN_POINT ( 'NONE',  ( 411.2352954020437323, -4.397551436717131779, 306.8980001130710775 ) ) ;
#3243 = CARTESIAN_POINT ( 'NONE',  ( 328.2277646554494481, -0.07506545368473349633, 222.7892360401623932 ) ) ;
#3244 = CARTESIAN_POINT ( 'NONE',  ( 321.4350488643185031, 13.17631432793045576, 264.4069360666572948 ) ) ;
#3245 = CARTESIAN_POINT ( 'NONE',  ( 0.000000000000000000, -7.630794817724408041, 387.2858327702766701 ) ) ;
#3246 = CARTESIAN_POINT ( 'NONE',  ( 333.3828932173593671, -0.6961017482243446741, 223.6495272662905052 ) ) ;
#3247 = CARTESIAN_POINT ( 'NONE',  ( 414.2896460319720404, 0.6103655809920746078, 282.1614374050545848 ) ) ;
#3248 = SURFACE_STYLE_FILL_AREA ( #1973 ) ;
#3249 = VERTEX_POINT ( 'NONE', #2253 ) ;
#3250 = CARTESIAN_POINT ( 'NONE',  ( 400.0000000000000568, 3.443088007130913120, 253.6429071604394210 ) ) ;
#3251 = CARTESIAN_POINT ( 'NONE',  ( 579.9999999970531235, 12.08411726914921047, 295.3193184898788672 ) ) ;
#3252 = ORIENTED_EDGE ( 'NONE', *, *, #415, .T. ) ;
#3253 = CARTESIAN_POINT ( 'NONE',  ( 414.9367889235447819, -4.405106751779399588, 287.0817145493895737 ) ) ;
#3254 = CARTESIAN_POINT ( 'NONE',  ( 422.5635894750463422, -4.248385237865432984, 324.6430660236449057 ) ) ;
#3255 = CARTESIAN_POINT ( 'NONE',  ( 328.1778845657908050, 0.4451805715584419287, 223.0336389545785494 ) ) ;
#3256 = CARTESIAN_POINT ( 'NONE',  ( 118.4367889235229967, 4.474332807188234007, 321.8817145493894145 ) ) ;
#3257 = EDGE_CURVE ( 'NONE', #2561, #1727, #930, .T. ) ;
#3258 = CARTESIAN_POINT ( 'NONE',  ( 579.9999999970531235, -4.839072846083484869, 357.5893618452735723 ) ) ;
#3259 = CARTESIAN_POINT ( 'NONE',  ( 328.8055704169933051, -1.079040764968950628, 224.1690346849012485 ) ) ;
#3260 = EDGE_CURVE ( 'NONE', #2771, #1811, #195, .T. ) ;
#3261 = VECTOR ( 'NONE', #3083, 1000.000000000000000 ) ;
#3262 = FACE_OUTER_BOUND ( 'NONE', #3101, .T. ) ;
#3263 = VECTOR ( 'NONE', #1898, 1000.000000000000000 ) ;
#3264 = CARTESIAN_POINT ( 'NONE',  ( 579.9999999970530098, -3.284290047907533872, 245.7904700933225968 ) ) ;
#3265 = ORIENTED_EDGE ( 'NONE', *, *, #2565, .T. ) ;
#3266 = VECTOR ( 'NONE', #2638, 1000.000000000000000 ) ;
#3267 = CARTESIAN_POINT ( 'NONE',  ( 445.0185472759409890, -5.518887524353083052, 359.2460327981114006 ) ) ;
#3268 = ADVANCED_FACE ( 'NONE', ( #1225 ), #967, .F. ) ;
#3269 = ORIENTED_EDGE ( 'NONE', *, *, #2316, .F. ) ;
#3270 = CARTESIAN_POINT ( 'NONE',  ( 579.9999999970532372, 4.936953304096522999, 351.2031543540123835 ) ) ;
#3271 = AXIS2_PLACEMENT_3D ( 'NONE', #12, #1276, #2345 ) ;
#3272 = VERTEX_POINT ( 'NONE', #1361 ) ;
#3273 = DIRECTION ( 'NONE',  ( -1.000000000000000000, 0.000000000000000000, 0.000000000000000000 ) ) ;
#3274 = CARTESIAN_POINT ( 'NONE',  ( 413.4367889235230678, -1.525667192811738460, 321.8817145493894145 ) ) ;
#3275 = DIRECTION ( 'NONE',  ( -0.07632546015824470675, 0.000000000000000000, -0.9970829574973348874 ) ) ;
#3276 = CARTESIAN_POINT ( 'NONE',  ( 326.5553884598633658, 5.850311555590995027, 230.9835600480112419 ) ) ;
#3277 = CARTESIAN_POINT ( 'NONE',  ( 310.0370945548289683, 5.188293643597224225, 369.5786951049933009 ) ) ;
#3278 = CARTESIAN_POINT ( 'NONE',  ( 579.9999999970526687, -5.051091561309488220, 323.0149168784112135 ) ) ;
#3279 = CARTESIAN_POINT ( 'NONE',  ( 333.3944711510573597, -1.114517288373171988, 224.5802404995811514 ) ) ;
#3280 = CARTESIAN_POINT ( 'NONE',  ( 193.3333333323510885, 12.62964796733158579, 238.6057420120377230 ) ) ;
#3281 = CARTESIAN_POINT ( 'NONE',  ( 324.2273490235795066, 11.49900708824260676, 251.8155687243302054 ) ) ;
#3282 = ORIENTED_EDGE ( 'NONE', *, *, #344, .T. ) ;
#3283 = CARTESIAN_POINT ( 'NONE',  ( 417.4208067833708355, 0.6168989222914471604, 284.2558833807649421 ) ) ;
#3284 = ORIENTED_EDGE ( 'NONE', *, *, #2213, .F. ) ;
#3285 = CARTESIAN_POINT ( 'NONE',  ( 0.000000000000000000, 18.39353072245676657, 301.0012924865722539 ) ) ;
#3286 = ORIENTED_EDGE ( 'NONE', *, *, #865, .F. ) ;
#3287 = CARTESIAN_POINT ( 'NONE',  ( 412.4527683373621585, -4.273116654062629749, 328.8559043124596997 ) ) ;
#3288 = CARTESIAN_POINT ( 'NONE',  ( 416.9249773346332404, -4.392165395695949215, 286.1060672585548446 ) ) ;
#3289 = DIRECTION ( 'NONE',  ( 0.000000000000000000, 0.000000000000000000, -1.000000000000000000 ) ) ;
#3290 = B_SPLINE_CURVE_WITH_KNOTS ( 'NONE', 3,
 ( #2451, #2932, #2362, #1055, #2377, #620, #1631, #60, #1598 ),
 .UNSPECIFIED., .F., .F.,
 ( 4, 1, 1, 1, 1, 1, 4 ),
 ( 0.3051421034921558140, 0.3094376569722159243, 0.3208153738215507311, 0.3321807138176843255, 0.3433992034669660076, 0.3543322427201282543, 0.3628309836756392626 ),
 .UNSPECIFIED. ) ;
#3291 = CARTESIAN_POINT ( 'NONE',  ( 324.4498810063261658, 9.300881980253031145, 241.3001445107444169 ) ) ;
#3292 = CARTESIAN_POINT ( 'NONE',  ( 323.0125264917585355, 3.443088007130913120, 248.3429071604394096 ) ) ;
#3293 = EDGE_CURVE ( 'NONE', #90, #1333, #352, .T. ) ;
#3294 = CARTESIAN_POINT ( 'NONE',  ( 0.000000000000000000, -4.219827966912870210, 206.0754173260052085 ) ) ;
#3295 = CARTESIAN_POINT ( 'NONE',  ( 324.2314412042064191, -2.750153169040683299, 229.7657861105419954 ) ) ;
#3296 = B_SPLINE_CURVE_WITH_KNOTS ( 'NONE', 3,
 ( #196, #3034, #2036, #1226 ),
 .UNSPECIFIED., .F., .F.,
 ( 4, 4 ),
 ( 0.001237066249767052950, 0.003237092457733835651 ),
 .UNSPECIFIED. ) ;
#3297 = CARTESIAN_POINT ( 'NONE',  ( 414.7736244090182254, 0.7565540944859642236, 331.6817145493880048 ) ) ;
#3298 = CARTESIAN_POINT ( 'NONE',  ( 386.6666666647017792, 14.56524338741086666, 284.5744906102912068 ) ) ;
#3299 = CARTESIAN_POINT ( 'NONE',  ( 310.0370945548290251, -6.272839170192364477, 300.8859404149056900 ) ) ;
#3300 = EDGE_LOOP ( 'NONE', ( #1740, #1364 ) ) ;
#3301 = EDGE_CURVE ( 'NONE', #1889, #795, #32, .T. ) ;
#3302 = CARTESIAN_POINT ( 'NONE',  ( 417.1076503726007445, 0.6192659851884063649, 283.3311152144838729 ) ) ;
#3303 = ORIENTED_EDGE ( 'NONE', *, *, #1991, .T. ) ;
#3304 = CARTESIAN_POINT ( 'NONE',  ( 0.000000000000000000, -6.956796621827982641, 451.7784412453585219 ) ) ;
#3305 = ORIENTED_EDGE ( 'NONE', *, *, #1188, .T. ) ;
#3306 = LINE ( 'NONE', #981, #1274 ) ;
#3307 = LINE ( 'NONE', #2013, #729 ) ;
#3308 = FACE_OUTER_BOUND ( 'NONE', #355, .T. ) ;
#3309 = CARTESIAN_POINT ( 'NONE',  ( 319.6216541867412957, 5.058507649588631416, 228.7687951982338461 ) ) ;
#3310 = CARTESIAN_POINT ( 'NONE',  ( 414.4866493508823169, -5.661441386074963056, 361.5832116066668505 ) ) ;
#3311 = CARTESIAN_POINT ( 'NONE',  ( 312.0302616478664390, -5.418840673247212081, 301.6772533933486784 ) ) ;
#3312 = CARTESIAN_POINT ( 'NONE',  ( 193.3333333323509748, -2.609256555373887121, 215.2307251790193448 ) ) ;
#3313 = EDGE_CURVE ( 'NONE', #1458, #2187, #2624, .T. ) ;
#3314 = CARTESIAN_POINT ( 'NONE',  ( 319.6353065408842440, -2.048693466783157557, 226.3077772329602340 ) ) ;
#3315 = CARTESIAN_POINT ( 'NONE',  ( 418.4367889235230678, -4.389239799811164744, 288.0817145493894031 ) ) ;
#3316 = CARTESIAN_POINT ( 'NONE',  ( 386.6666666647018928, 9.514594926166108024, 242.4372132912697566 ) ) ;
#3317 = B_SPLINE_SURFACE_WITH_KNOTS ( 'NONE', 3, 3, ( 
 ( #1766, #3074, #3108, #1534 ),
 ( #2271, #3331, #306, #16 ),
 ( #2291, #3350, #3128, #1042 ),
 ( #252, #1006, #2801, #2071 ) ),
 .UNSPECIFIED., .F., .F., .F.,
 ( 4, 4 ),
 ( 4, 4 ),
 ( 0.000000000000000000, 0.01299538631704544311 ),
 ( 0.2802104053364758429, 0.2889667227085555568 ),
 .UNSPECIFIED. ) ;
#3318 = CARTESIAN_POINT ( 'NONE',  ( 333.3570863468522703, 0.2813507355754698569, 223.2732802509856924 ) ) ;
#3319 = CARTESIAN_POINT ( 'NONE',  ( 310.0370945548290251, -6.127761021825798515, 301.1026550076128956 ) ) ;
#3320 = EDGE_LOOP ( 'NONE', ( #2158, #2433 ) ) ;
#3321 = DIRECTION ( 'NONE',  ( 0.000000000000000000, -1.000000000000000000, 0.000000000000000000 ) ) ;
#3322 = VERTEX_POINT ( 'NONE', #1061 ) ;
#3323 = CARTESIAN_POINT ( 'NONE',  ( 386.6666666647022339, -4.098509801975090738, 416.3470041637490908 ) ) ;
#3324 = B_SPLINE_CURVE_WITH_KNOTS ( 'NONE', 3,
 ( #754, #1779, #2816, #1190, #936, #2221, #686, #1979, #1205, #1715, #194, #432, #3017, #1224, #702, #2252, #3287, #966, #1996, #2307, #1311, #3087, #264, #1021, #1818, #2587, #3153, #541, #773, #3345 ),
 .UNSPECIFIED., .F., .F.,
 ( 4, 2, 2, 2, 2, 2, 2, 2, 2, 2, 2, 2, 2, 2, 4 ),
 ( 0.007816268434211537733, 0.008304675043764789613, 0.008793081653318041493, 0.009769894872424633725, 0.01025830148197787173, 0.01074670809153110973, 0.01123511470108434773, 0.01172352131063758574, 0.01221192792019082374, 0.01270033452974406174, 0.01318874113929729974, 0.01367714774885053601, 0.01416555435840377401, 0.01465396096795701202, 0.01563077418706355221 ),
 .UNSPECIFIED. ) ;
#3325 = AXIS2_PLACEMENT_3D ( 'NONE', #2456, #1168, #913 ) ;
#3326 = ORIENTED_EDGE ( 'NONE', *, *, #1188, .F. ) ;
#3327 = DIRECTION ( 'NONE',  ( 0.000000000000000000, 1.000000000000000000, 0.000000000000000000 ) ) ;
#3328 = CARTESIAN_POINT ( 'NONE',  ( 416.4617541373472704, -4.395888973833003810, 286.5694291084384986 ) ) ;
#3329 = LINE ( 'NONE', #756, #680 ) ;
#3330 = CARTESIAN_POINT ( 'NONE',  ( 328.8053857779851228, 6.836547969070678299, 233.6396363763628585 ) ) ;
#3331 = CARTESIAN_POINT ( 'NONE',  ( 415.7768724351455489, 0.7405482141768157112, 328.3243611835914066 ) ) ;
#3332 = CARTESIAN_POINT ( 'NONE',  ( 315.0370945548289114, -8.307702916127349013, 303.1714167783108564 ) ) ;
#3333 = CARTESIAN_POINT ( 'NONE',  ( 411.4367889235230678, -5.854274730475020228, 332.6817145493894259 ) ) ;
#3334 = CARTESIAN_POINT ( 'NONE',  ( 328.8155966365805511, -2.261248211825342747, 227.7654046562709595 ) ) ;
#3335 = CARTESIAN_POINT ( 'NONE',  ( 413.2852634614483236, 0.7450233552915509483, 331.0657783647617407 ) ) ;
#3336 = CARTESIAN_POINT ( 'NONE',  ( 386.6666666647020634, 3.173329659270263559, 227.8570020030838919 ) ) ;
#3337 = CARTESIAN_POINT ( 'NONE',  ( 319.5985131523585778, 1.126945753151614493, 223.0134195068408189 ) ) ;
#3338 = CARTESIAN_POINT ( 'NONE',  ( 324.2244816046570577, 10.03327240736690840, 244.3185613988560192 ) ) ;
#3339 = ORIENTED_EDGE ( 'NONE', *, *, #2887, .F. ) ;
#3340 = EDGE_CURVE ( 'NONE', #1595, #1251, #559, .T. ) ;
#3341 = LINE ( 'NONE', #2046, #3261 ) ;
#3342 = ORIENTED_EDGE ( 'NONE', *, *, #1604, .T. ) ;
#3343 = CARTESIAN_POINT ( 'NONE',  ( 386.6666666647018928, -3.305401079264717268, 412.3030266280131855 ) ) ;
#3344 = VERTEX_POINT ( 'NONE', #1586 ) ;
#3345 = CARTESIAN_POINT ( 'NONE',  ( 414.9367889235230109, -4.273824787895901700, 326.6817145493894259 ) ) ;
#3346 = DIRECTION ( 'NONE',  ( 1.000000000000000000, -0.000000000000000000, -0.000000000000000000 ) ) ;
#3347 = B_SPLINE_CURVE_WITH_KNOTS ( 'NONE', 3,
 ( #2955, #2366, #1634, #639 ),
 .UNSPECIFIED., .F., .F.,
 ( 4, 4 ),
 ( 6.661428497319261247E-16, 0.01480023164925068843 ),
 .UNSPECIFIED. ) ;
#3348 = DIRECTION ( 'NONE',  ( -1.000000000000000000, -0.000000000000000000, -0.000000000000000000 ) ) ;
#3349 = CARTESIAN_POINT ( 'NONE',  ( 319.6245681579626989, 5.846742180760212904, 230.4711589056942955 ) ) ;
#3350 = CARTESIAN_POINT ( 'NONE',  ( 415.7768701891551473, 0.7511554230866794857, 330.0168327293502557 ) ) ;
#3351 = CARTESIAN_POINT ( 'NONE',  ( 312.0237421310921491, -6.268750978226009352, 300.8756181111698425 ) ) ;
ENDSEC;
END-ISO-10303-21;
