ISO-10303-21;
HEADER;
FILE_DESCRIPTION (( 'STEP AP214' ),
    '1' );
FILE_NAME ('WING 1R VTOL.STEP',
    '2024-04-11T12:20:12',
    ( '' ),
    ( '' ),
    'SwSTEP 2.0',
    'SolidWorks 2023',
    '' );
FILE_SCHEMA (( 'AUTOMOTIVE_DESIGN' ));
ENDSEC;

DATA;
#1 = CARTESIAN_POINT ( 'NONE',  ( 300.4214740593974398, -2.370392728644922009, 226.1193584354856512 ) ) ;
#2 = VECTOR ( 'NONE', #2590, 1000.000000000000000 ) ;
#3 = ORIENTED_EDGE ( 'NONE', *, *, #2078, .F. ) ;
#4 = CARTESIAN_POINT ( 'NONE',  ( 300.3401636293593810, 13.48182573542358575, 264.4069360666575221 ) ) ;
#5 = ORIENTED_EDGE ( 'NONE', *, *, #73, .F. ) ;
#6 = CARTESIAN_POINT ( 'NONE',  ( 151.1999999999999886, 3.306277303021957437, 269.3767156309140773 ) ) ;
#7 = CARTESIAN_POINT ( 'NONE',  ( 193.3333333323510317, -6.765421898788464894, 365.9557577967350426 ) ) ;
#8 = CARTESIAN_POINT ( 'NONE',  ( 295.6363894189310599, 3.380609449958260626, 224.0414696423875398 ) ) ;
#9 = CIRCLE ( 'NONE', #1122, 4.300000000000025580 ) ;
#10 = CARTESIAN_POINT ( 'NONE',  ( 0.000000000000000000, -6.223998622485594545, 456.3664685701571671 ) ) ;
#11 = PLANE ( 'NONE',  #1161 ) ;
#12 = CARTESIAN_POINT ( 'NONE',  ( 0.000000000000000000, 14.38374267723915345, 229.2296430974215298 ) ) ;
#13 = CARTESIAN_POINT ( 'NONE',  ( 308.0217456873003243, -6.549481424029043986, 299.9992192612101007 ) ) ;
#14 = VERTEX_POINT ( 'NONE', #463 ) ;
#15 = CARTESIAN_POINT ( 'NONE',  ( 291.9230261346248767, 12.65004196537117309, 248.1686336494071270 ) ) ;
#16 = VECTOR ( 'NONE', #1104, 1000.000000000000000 ) ;
#17 = CARTESIAN_POINT ( 'NONE',  ( 310.0370945548290251, -3.525667192811752226, 319.8817145493894145 ) ) ;
#18 = CARTESIAN_POINT ( 'NONE',  ( 286.1293845638397784, -1.179660813678494957, 221.4366497236379701 ) ) ;
#19 = EDGE_LOOP ( 'NONE', ( #1292, #435, #2536, #1099 ) ) ;
#20 = CARTESIAN_POINT ( 'NONE',  ( 151.1999999999999886, -3.525667192811752226, 0.000000000000000000 ) ) ;
#21 = CARTESIAN_POINT ( 'NONE',  ( 151.1999999999999886, -7.294093252100549485, 269.3928864078297920 ) ) ;
#22 = CARTESIAN_POINT ( 'NONE',  ( 0.000000000000000000, -7.452155228677345811, 421.6783925123604604 ) ) ;
#23 = ADVANCED_FACE ( 'NONE', ( #1575 ), #2217, .T. ) ;
#24 = CARTESIAN_POINT ( 'NONE',  ( 286.0829188428256771, -0.1315664223215760043, 219.9693427561195165 ) ) ;
#25 = CARTESIAN_POINT ( 'NONE',  ( 579.9999999970528961, -4.638197617360101610, 390.5925355609921894 ) ) ;
#26 = FACE_OUTER_BOUND ( 'NONE', #1658, .T. ) ;
#27 = CARTESIAN_POINT ( 'NONE',  ( 579.9999999970532372, 10.02172174692658935, 318.6559974715308385 ) ) ;
#28 = CARTESIAN_POINT ( 'NONE',  ( 155.4999999999999716, -6.974703124247014330, 363.3813886722097664 ) ) ;
#29 = CARTESIAN_POINT ( 'NONE',  ( 290.8985060170872430, 10.84341085963771789, 245.0657574775966623 ) ) ;
#30 = VERTEX_POINT ( 'NONE', #2000 ) ;
#31 = CARTESIAN_POINT ( 'NONE',  ( 295.6525739516361000, -1.559227564176582259, 223.0927723012222827 ) ) ;
#32 = CIRCLE ( 'NONE', #69, 3.300000000000025135 ) ;
#33 = EDGE_LOOP ( 'NONE', ( #507, #853, #437, #1905 ) ) ;
#34 = DIRECTION ( 'NONE',  ( 0.000000000000000000, 0.000000000000000000, 1.000000000000000000 ) ) ;
#35 = DIRECTION ( 'NONE',  ( 0.000000000000000000, -1.000000000000000000, 0.000000000000000000 ) ) ;
#36 = CARTESIAN_POINT ( 'NONE',  ( 160.0884436031402061, -6.906550354754922516, 371.0082197878618899 ) ) ;
#37 = AXIS2_PLACEMENT_3D ( 'NONE', #667, #2265, #924 ) ;
#38 = CARTESIAN_POINT ( 'NONE',  ( 386.6666666647020634, -5.825792322916422350, 357.6445870762517529 ) ) ;
#39 = AXIS2_PLACEMENT_3D ( 'NONE', #2568, #149, #2200 ) ;
#40 = CARTESIAN_POINT ( 'NONE',  ( 286.0798328895175473, -0.04153970293622354093, 219.9521320973428828 ) ) ;
#41 = CARTESIAN_POINT ( 'NONE',  ( 386.6666666647018928, -5.530142459485384521, 406.8380078360256675 ) ) ;
#42 = CARTESIAN_POINT ( 'NONE',  ( 308.0370945548289114, -3.525667192811752226, 311.8817145493894145 ) ) ;
#43 = CARTESIAN_POINT ( 'NONE',  ( 386.6666666647022339, 10.87555325742401635, 247.9818409266538879 ) ) ;
#44 = CARTESIAN_POINT ( 'NONE',  ( 308.0302616987752913, -5.439294966982540558, 301.6772546256818828 ) ) ;
#45 = CARTESIAN_POINT ( 'NONE',  ( 160.4000000000000057, -6.147800886405082821, 234.8566351996881281 ) ) ;
#46 = CARTESIAN_POINT ( 'NONE',  ( 300.4201686715390451, -2.256210706597750359, 225.6566426485384511 ) ) ;
#47 = VERTEX_POINT ( 'NONE', #1349 ) ;
#48 = CARTESIAN_POINT ( 'NONE',  ( 151.1999999999999886, 3.443088007130913120, 253.6429071604394210 ) ) ;
#49 = CARTESIAN_POINT ( 'NONE',  ( 151.1999999999999886, -3.500213524865869939E-11, 209.6802076829037276 ) ) ;
#50 = CARTESIAN_POINT ( 'NONE',  ( 305.0370945548289683, -5.234205226413309653, 304.8462151179563762 ) ) ;
#51 = CARTESIAN_POINT ( 'NONE',  ( 386.6666666647018360, -5.420512167452217867, 412.1310864783856118 ) ) ;
#52 = CARTESIAN_POINT ( 'NONE',  ( 310.0492479782209898, -4.538241866092085353, 301.8817145493893008 ) ) ;
#53 = CARTESIAN_POINT ( 'NONE',  ( 290.8475314332578705, 0.1231108873637433293, 220.3206079182189114 ) ) ;
#54 = CARTESIAN_POINT ( 'NONE',  ( 386.6666666647022339, -4.098509801975090738, 416.3470041637490908 ) ) ;
#55 = DIRECTION ( 'NONE',  ( 0.000000000000000000, 0.000000000000000000, -1.000000000000000000 ) ) ;
#56 = B_SPLINE_CURVE_WITH_KNOTS ( 'NONE', 3,
 ( #2352, #1885, #112, #2125, #137, #1910, #779, #2780, #2573, #2548, #1661, #371 ),
 .UNSPECIFIED., .F., .F.,
 ( 4, 1, 1, 1, 1, 1, 1, 1, 1, 4 ),
 ( 0.4069375137530338304, 0.4147627807762782615, 0.4258468545891224144, 0.4362643837884979114, 0.4458734432568308703, 0.4545344872259962643, 0.4621224086715223778, 0.4685485660372488703, 0.4737630369769836314, 0.4751518719565037130 ),
 .UNSPECIFIED. ) ;
#57 = CARTESIAN_POINT ( 'NONE',  ( 0.000000000000000000, -6.762496706386333045, 458.2302927968000859 ) ) ;
#58 = CARTESIAN_POINT ( 'NONE',  ( 305.0370945548289114, -8.900041947391533981, 302.3664877062877849 ) ) ;
#59 = VERTEX_POINT ( 'NONE', #17 ) ;
#60 = DIRECTION ( 'NONE',  ( 0.000000000000000000, -1.000000000000000000, 0.000000000000000000 ) ) ;
#61 = EDGE_LOOP ( 'NONE', ( #983, #898, #183 ) ) ;
#62 = CARTESIAN_POINT ( 'NONE',  ( 151.1999999999999886, -1.525667192811752670, 319.8817145493894145 ) ) ;
#63 = CARTESIAN_POINT ( 'NONE',  ( 308.0370945548289114, -6.518285524238095263, 311.8817145493894145 ) ) ;
#64 = CARTESIAN_POINT ( 'NONE',  ( 156.7755651053410872, 6.356097120521542188, 374.0233343177313259 ) ) ;
#65 = CARTESIAN_POINT ( 'NONE',  ( 295.6099991857345799, 0.1734294888262589984, 220.6643537637531267 ) ) ;
#66 = CARTESIAN_POINT ( 'NONE',  ( 0.000000000000000000, -8.063096244697373294, 265.5213890302030109 ) ) ;
#67 = DIRECTION ( 'NONE',  ( 1.000000000000000000, 0.000000000000000000, -2.325013566685924035E-09 ) ) ;
#68 = CARTESIAN_POINT ( 'NONE',  ( 193.3333333323509748, -3.838522145386324969, 429.4299400882140958 ) ) ;
#69 = AXIS2_PLACEMENT_3D ( 'NONE', #6, #223, #622 ) ;
#70 = DIRECTION ( 'NONE',  ( 0.000000000000000000, 0.000000000000000000, -1.000000000000000000 ) ) ;
#71 = ORIENTED_EDGE ( 'NONE', *, *, #492, .F. ) ;
#72 = CARTESIAN_POINT ( 'NONE',  ( 295.6748148058124457, -5.238160431871612843, 264.9905191094257475 ) ) ;
#73 = EDGE_CURVE ( 'NONE', #2646, #661, #678, .T. ) ;
#74 = ORIENTED_EDGE ( 'NONE', *, *, #2747, .T. ) ;
#75 = CARTESIAN_POINT ( 'NONE',  ( 160.3999999999999773, -6.914942168717047366, 369.2813886722098573 ) ) ;
#76 = CARTESIAN_POINT ( 'NONE',  ( 305.0370945548288546, -6.549649335474438949, 304.4638140522699814 ) ) ;
#77 = PLANE ( 'NONE',  #263 ) ;
#78 = DIRECTION ( 'NONE',  ( -1.000000000000000000, 0.000000000000000000, 0.000000000000000000 ) ) ;
#79 = CARTESIAN_POINT ( 'NONE',  ( 300.3649505750746016, 0.02717285012528094026, 220.9232149267652972 ) ) ;
#80 = B_SPLINE_CURVE_WITH_KNOTS ( 'NONE', 3,
 ( #1266, #1447, #2552, #1917, #593, #1668, #2148, #2753, #2307, #2117 ),
 .UNSPECIFIED., .F., .F.,
 ( 4, 3, 3, 4 ),
 ( 0.1519044941856939890, 0.1962425630119660203, 0.2943638445179603269, 0.3114816665880985047 ),
 .UNSPECIFIED. ) ;
#81 = CARTESIAN_POINT ( 'NONE',  ( 386.6666666647018928, -5.775366431396394162, 258.4073362631827990 ) ) ;
#82 = CARTESIAN_POINT ( 'NONE',  ( 286.1650664895327054, -0.01904335267125963418, 219.9557309062683430 ) ) ;
#83 = CARTESIAN_POINT ( 'NONE',  ( 386.6666666647017792, -4.705967703391121582, 419.7200802417859222 ) ) ;
#84 = CARTESIAN_POINT ( 'NONE',  ( 0.000000000000000000, 4.196968758149082213, 202.6130197730023212 ) ) ;
#85 = DIRECTION ( 'NONE',  ( 0.000000000000000000, 0.000000000000000000, 1.000000000000000000 ) ) ;
#86 = ORIENTED_EDGE ( 'NONE', *, *, #616, .T. ) ;
#87 = CARTESIAN_POINT ( 'NONE',  ( 118.4367889235229967, 4.474332807188248218, 319.8817145493894145 ) ) ;
#88 = PLANE ( 'NONE',  #1880 ) ;
#89 = CARTESIAN_POINT ( 'NONE',  ( 151.1999999999999318, 15.64613330110836031, 312.6067640923991462 ) ) ;
#90 = EDGE_CURVE ( 'NONE', #1857, #1287, #1299, .T. ) ;
#91 = CARTESIAN_POINT ( 'NONE',  ( 286.1292525683261374, -1.133132254041548936, 221.3187984403207338 ) ) ;
#92 = CARTESIAN_POINT ( 'NONE',  ( 193.3333333323510885, -6.494676812344354566, 415.8765459913967675 ) ) ;
#93 = CARTESIAN_POINT ( 'NONE',  ( 160.4000000000000341, -6.916876900139872220, 368.9480552831749947 ) ) ;
#94 = CARTESIAN_POINT ( 'NONE',  ( 0.000000000000000000, -3.106131725712700575, 439.6889779992027911 ) ) ;
#95 = DIRECTION ( 'NONE',  ( 0.000000000000000000, 0.000000000000000000, -1.000000000000000000 ) ) ;
#96 = CARTESIAN_POINT ( 'NONE',  ( 300.4326479040161644, -4.299466732549062975, 241.2688386259156061 ) ) ;
#97 = EDGE_CURVE ( 'NONE', #2796, #2488, #2571, .T. ) ;
#98 = VECTOR ( 'NONE', #2556, 1000.000000000000000 ) ;
#99 = ORIENTED_EDGE ( 'NONE', *, *, #2369, .T. ) ;
#100 = CARTESIAN_POINT ( 'NONE',  ( 293.1600605283387608, -3.074130235903437924, 229.2258019565095708 ) ) ;
#101 = CARTESIAN_POINT ( 'NONE',  ( 159.9092241474255616, 6.756301147275530106, 371.4422944696055993 ) ) ;
#102 = CARTESIAN_POINT ( 'NONE',  ( 151.1999999999999886, 13.61165335743737259, 239.7566351996880485 ) ) ;
#103 = EDGE_LOOP ( 'NONE', ( #1365, #2367, #1988, #2275, #123, #2634, #796, #167 ) ) ;
#104 = CARTESIAN_POINT ( 'NONE',  ( 0.000000000000000000, -8.148468503287105591, 291.1339479415150890 ) ) ;
#105 = CARTESIAN_POINT ( 'NONE',  ( 290.2016042955012267, 9.637187424956911386, 239.7339953537904194 ) ) ;
#106 = ADVANCED_FACE ( 'NONE', ( #2460 ), #494, .F. ) ;
#107 = CARTESIAN_POINT ( 'NONE',  ( 308.0303054206431170, -5.433595180611671793, 301.6800074232604061 ) ) ;
#108 = CARTESIAN_POINT ( 'NONE',  ( 386.6666666647019497, 0.5029398384553279699, 225.5266254785185254 ) ) ;
#109 = CARTESIAN_POINT ( 'NONE',  ( 290.9138162338748543, -5.096258087286154037, 256.8068523186607877 ) ) ;
#110 = ORIENTED_EDGE ( 'NONE', *, *, #186, .F. ) ;
#111 = CARTESIAN_POINT ( 'NONE',  ( 305.0370945548289683, -6.551365669001301129, 303.9863175834759090 ) ) ;
#112 = CARTESIAN_POINT ( 'NONE',  ( 151.1999999999999318, 4.927853692229541060, 382.7696074504831927 ) ) ;
#113 = B_SPLINE_CURVE_WITH_KNOTS ( 'NONE', 3,
 ( #173, #839, #2605, #621, #1960, #1503, #410, #1293, #2832, #438, #2221, #222, #237, #498, #2653, #2465, #283 ),
 .UNSPECIFIED., .F., .F.,
 ( 4, 1, 1, 1, 1, 1, 1, 1, 1, 1, 1, 1, 1, 1, 4 ),
 ( 0.002902644780098922756, 0.003687915713130360696, 0.008220902926317830151, 0.01381822699192685432, 0.02045420086633209164, 0.02808188637184069400, 0.03659713320157124278, 0.04589936182431662154, 0.05587121088260335600, 0.06638890024453819594, 0.07732648816463516539, 0.08854964524186104136, 0.09991971376270264438, 0.1113021642861080213, 0.1155995049217457687 ),
 .UNSPECIFIED. ) ;
#114 = CARTESIAN_POINT ( 'NONE',  ( 151.2000000000000171, 13.87443487120077634, 241.0968859660405883 ) ) ;
#115 = ORIENTED_EDGE ( 'NONE', *, *, #962, .F. ) ;
#116 = CARTESIAN_POINT ( 'NONE',  ( 579.9999999970532372, -4.761979561952836448, 372.7162503368264197 ) ) ;
#117 = CARTESIAN_POINT ( 'NONE',  ( 286.5249221713347652, -1.283470079123833152, 221.7189550304424301 ) ) ;
#118 = DIRECTION ( 'NONE',  ( 0.000000000000000000, 1.000000000000000000, 0.000000000000000000 ) ) ;
#119 = CARTESIAN_POINT ( 'NONE',  ( 308.0360832574214669, -4.680369806322866033, 301.8817145493893008 ) ) ;
#120 = CIRCLE ( 'NONE', #1002, 3.300000000000025135 ) ;
#121 = LINE ( 'NONE', #518, #769 ) ;
#122 = CARTESIAN_POINT ( 'NONE',  ( 151.1999999999999886, -1.525667192811738015, 291.8817145493893577 ) ) ;
#123 = ORIENTED_EDGE ( 'NONE', *, *, #1593, .F. ) ;
#124 = CARTESIAN_POINT ( 'NONE',  ( 305.0370945548285704, -6.530289696295932700, 309.2778812645503876 ) ) ;
#125 = CARTESIAN_POINT ( 'NONE',  ( 0.000000000000000000, 4.196968758149082213, 202.6130197730023212 ) ) ;
#126 = CARTESIAN_POINT ( 'NONE',  ( 151.1999999999999886, 8.223982652352024303, 363.3813886722097664 ) ) ;
#127 = ORIENTED_EDGE ( 'NONE', *, *, #2547, .F. ) ;
#128 = CARTESIAN_POINT ( 'NONE',  ( 157.2268512155744986, -6.964011639186213465, 363.6929526255750602 ) ) ;
#129 = CARTESIAN_POINT ( 'NONE',  ( 310.0370945548290251, -6.402722871164362672, 267.3543654853230009 ) ) ;
#130 = DIRECTION ( 'NONE',  ( -1.000000000000000000, 0.000000000000000000, -5.551115123125161080E-14 ) ) ;
#131 = CARTESIAN_POINT ( 'NONE',  ( 0.000000000000000000, 14.38374267723915345, 229.2296430974215298 ) ) ;
#132 = DIRECTION ( 'NONE',  ( 0.000000000000000000, 0.000000000000000000, -1.000000000000000000 ) ) ;
#133 = ADVANCED_FACE ( 'NONE', ( #1017 ), #2564, .F. ) ;
#134 = ORIENTED_EDGE ( 'NONE', *, *, #262, .F. ) ;
#135 = CARTESIAN_POINT ( 'NONE',  ( 307.2610369883230987, -6.507371646721763270, 311.7861755523912279 ) ) ;
#136 = CARTESIAN_POINT ( 'NONE',  ( 286.0905432390230771, -0.3325428352865594239, 220.0533232465986373 ) ) ;
#137 = CARTESIAN_POINT ( 'NONE',  ( 151.1999999999999886, 1.549240076188898474, 402.1758471103700003 ) ) ;
#138 = CARTESIAN_POINT ( 'NONE',  ( 155.8287074843243261, 10.93540233588631594, 228.9566351996882361 ) ) ;
#139 = VERTEX_POINT ( 'NONE', #2787 ) ;
#140 = DIRECTION ( 'NONE',  ( 1.000000000000000000, -0.000000000000000000, -0.000000000000000000 ) ) ;
#141 = CARTESIAN_POINT ( 'NONE',  ( 579.9999999970532372, -4.599044283111842546, 259.9049248138404096 ) ) ;
#142 = CARTESIAN_POINT ( 'NONE',  ( 193.3333333323509748, -2.609256555373887121, 215.2307251790193448 ) ) ;
#143 = CIRCLE ( 'NONE', #2363, 2.000000000000001776 ) ;
#144 = CARTESIAN_POINT ( 'NONE',  ( 308.0370945548289114, -1.199999999999999734, 304.8817145493894145 ) ) ;
#145 = CARTESIAN_POINT ( 'NONE',  ( 308.0237050614262557, -6.294048383052113671, 300.8921906836915809 ) ) ;
#146 = CARTESIAN_POINT ( 'NONE',  ( 579.9999999970528961, 7.980006272893821695, 252.7075933310317168 ) ) ;
#147 = CARTESIAN_POINT ( 'NONE',  ( 290.8908010085018532, 7.485286515097407722, 232.6009599691466576 ) ) ;
#148 = DIRECTION ( 'NONE',  ( 0.000000000000000000, 0.000000000000000000, -1.000000000000000000 ) ) ;
#149 = DIRECTION ( 'NONE',  ( 0.000000000000000000, -1.000000000000000000, -0.000000000000000000 ) ) ;
#150 = ORIENTED_EDGE ( 'NONE', *, *, #1354, .T. ) ;
#151 = CARTESIAN_POINT ( 'NONE',  ( 159.7608855767134060, 7.705293149807726394, 365.8408008976967380 ) ) ;
#152 = CARTESIAN_POINT ( 'NONE',  ( 300.3927317882125863, -0.6303970697024620096, 221.3032793344459321 ) ) ;
#153 = CARTESIAN_POINT ( 'NONE',  ( 160.4000000000000057, 12.45365850549960562, 235.1755653208792012 ) ) ;
#154 = VERTEX_POINT ( 'NONE', #1901 ) ;
#155 = CARTESIAN_POINT ( 'NONE',  ( 308.0217522156248720, -6.548630351287507700, 299.8868893241510705 ) ) ;
#156 = CARTESIAN_POINT ( 'NONE',  ( 0.000000000000000000, -2.971648534343652059, 202.6081388344403251 ) ) ;
#157 = CARTESIAN_POINT ( 'NONE',  ( 193.3333333323509464, -5.898521906545276750, 234.5410815672917408 ) ) ;
#158 = DIRECTION ( 'NONE',  ( 0.000000000000000000, 0.000000000000000000, -1.000000000000000000 ) ) ;
#159 = CARTESIAN_POINT ( 'NONE',  ( 151.1999999999997613, -6.616469763753048738, 426.6238726895537070 ) ) ;
#160 = AXIS2_PLACEMENT_3D ( 'NONE', #1382, #2481, #2267 ) ;
#161 = CARTESIAN_POINT ( 'NONE',  ( 0.000000000000000000, 19.05559646799564533, 289.0914184166211953 ) ) ;
#162 = CARTESIAN_POINT ( 'NONE',  ( 295.6442569111494549, 5.241623085339540467, 227.4319647284179098 ) ) ;
#163 = LINE ( 'NONE', #1284, #601 ) ;
#164 = AXIS2_PLACEMENT_3D ( 'NONE', #349, #1236, #1475 ) ;
#165 = ADVANCED_FACE ( 'NONE', ( #348 ), #2551, .T. ) ;
#166 = CARTESIAN_POINT ( 'NONE',  ( 310.0370945548290251, -6.434899228301746987, 300.5298913775018832 ) ) ;
#167 = ORIENTED_EDGE ( 'NONE', *, *, #2236, .T. ) ;
#168 = CARTESIAN_POINT ( 'NONE',  ( 308.0217522156248720, -6.548630351287507700, 299.8868893241510705 ) ) ;
#169 = CARTESIAN_POINT ( 'NONE',  ( 295.6117503659590398, -0.3255511445673858195, 220.6916034229743673 ) ) ;
#170 = CARTESIAN_POINT ( 'NONE',  ( 160.4000000000000341, -6.918816008858414079, 368.6147219400990593 ) ) ;
#171 = CARTESIAN_POINT ( 'NONE',  ( 160.1568427944692985, 11.75337349315577740, 232.2994255869428173 ) ) ;
#172 = VERTEX_POINT ( 'NONE', #1616 ) ;
#173 = CARTESIAN_POINT ( 'NONE',  ( 310.0370945548295367, -5.567953567555290029, 424.5786951049933577 ) ) ;
#174 = EDGE_CURVE ( 'NONE', #2831, #367, #2810, .T. ) ;
#175 = CARTESIAN_POINT ( 'NONE',  ( 386.6666666647020634, -6.153661249499089436, 284.8637153941359657 ) ) ;
#176 = EDGE_CURVE ( 'NONE', #191, #154, #1005, .T. ) ;
#177 = CARTESIAN_POINT ( 'NONE',  ( 193.3333333323509748, -0.4512635983332914380, 212.5013648110064537 ) ) ;
#178 = CARTESIAN_POINT ( 'NONE',  ( 300.3767457138678765, 0.4620533150380988219, 221.1698403990224051 ) ) ;
#179 = CARTESIAN_POINT ( 'NONE',  ( 386.6666666647022339, 13.07897365269360890, 261.0380848239540228 ) ) ;
#180 = CARTESIAN_POINT ( 'NONE',  ( 300.4048604746174647, 5.218284182343206012, 227.7243267048669395 ) ) ;
#181 = CARTESIAN_POINT ( 'NONE',  ( 0.000000000000000000, -1.199999999999999734, 301.8817145493894145 ) ) ;
#182 = CARTESIAN_POINT ( 'NONE',  ( 297.0616626178995716, -7.156911992869086525, 248.3429071604394096 ) ) ;
#183 = ORIENTED_EDGE ( 'NONE', *, *, #2747, .F. ) ;
#184 = CARTESIAN_POINT ( 'NONE',  ( 285.9877853168819115, 0.9842342891470954314, 219.0870870132093557 ) ) ;
#185 = CIRCLE ( 'NONE', #2310, 3.000000000000002665 ) ;
#186 = EDGE_CURVE ( 'NONE', #1191, #172, #519, .T. ) ;
#187 = EDGE_CURVE ( 'NONE', #1577, #59, #1046, .T. ) ;
#188 = CARTESIAN_POINT ( 'NONE',  ( 295.6262282007576800, -0.5503785332941545372, 220.8857290321147389 ) ) ;
#189 = CARTESIAN_POINT ( 'NONE',  ( 291.3465543429282434, 0.09220655916232188554, 220.3399679481609041 ) ) ;
#190 = CARTESIAN_POINT ( 'NONE',  ( 160.3691274735673176, 11.98353532762744500, 233.2236794402684836 ) ) ;
#191 = VERTEX_POINT ( 'NONE', #1666 ) ;
#192 = CARTESIAN_POINT ( 'NONE',  ( 158.7421502393391393, -6.388975617879926183, 238.5445295699045687 ) ) ;
#193 = CARTESIAN_POINT ( 'NONE',  ( 151.1999999999999602, -6.909864917202236612, 249.0358525489901638 ) ) ;
#194 = CARTESIAN_POINT ( 'NONE',  ( 193.3333333323510317, -5.303512489585234135, 228.0014150919552662 ) ) ;
#195 = CARTESIAN_POINT ( 'NONE',  ( 386.6666666647020634, -3.190613515628904828, 230.4749220973889692 ) ) ;
#196 = CARTESIAN_POINT ( 'NONE',  ( 286.0936699285429654, 0.3929281150637894959, 220.1565625406291815 ) ) ;
#197 = CARTESIAN_POINT ( 'NONE',  ( 386.6666666647020634, 8.022921245373382249, 237.6224616886818808 ) ) ;
#198 = CARTESIAN_POINT ( 'NONE',  ( 286.1283221690434289, 6.844895349731594081, 230.4617267937331633 ) ) ;
#199 = EDGE_CURVE ( 'NONE', #882, #1842, #185, .T. ) ;
#200 = CARTESIAN_POINT ( 'NONE',  ( 386.6666666647017792, 14.56524338741086666, 284.5744906102912068 ) ) ;
#201 = CARTESIAN_POINT ( 'NONE',  ( 400.0000000000000568, 3.443088007130913120, 248.3429071604394096 ) ) ;
#202 = VERTEX_POINT ( 'NONE', #565 ) ;
#203 = CARTESIAN_POINT ( 'NONE',  ( 310.0370945548290251, -1.525667192811738015, 291.8817145493893577 ) ) ;
#204 = CARTESIAN_POINT ( 'NONE',  ( 295.6550100033521176, -1.871453206296781024, 223.9977446673669590 ) ) ;
#205 = CARTESIAN_POINT ( 'NONE',  ( 287.7644010851039980, -2.909372940067020519, 227.7921650217884348 ) ) ;
#206 = ORIENTED_EDGE ( 'NONE', *, *, #2823, .T. ) ;
#207 = CARTESIAN_POINT ( 'NONE',  ( 157.9557131915071579, -5.754554185650955667, 229.6043356753396552 ) ) ;
#208 = CARTESIAN_POINT ( 'NONE',  ( 310.0370945548290820, 6.262652900764148711, 363.3106124929817042 ) ) ;
#209 = CARTESIAN_POINT ( 'NONE',  ( 386.6666666647018928, -3.915872789727388614, 234.1898982628685246 ) ) ;
#210 = CARTESIAN_POINT ( 'NONE',  ( 295.6209657546010021, 1.181146779790677392, 221.4379205799427837 ) ) ;
#211 = CARTESIAN_POINT ( 'NONE',  ( 386.6666666647018360, -5.188915455063127347, 422.9413900255781300 ) ) ;
#212 = CARTESIAN_POINT ( 'NONE',  ( 286.1259595155285069, 6.105561629740796192, 228.6307548862006627 ) ) ;
#213 = CARTESIAN_POINT ( 'NONE',  ( 579.9999999970531235, 6.728921447716421866, 248.6694027102821849 ) ) ;
#214 = CARTESIAN_POINT ( 'NONE',  ( 310.0370945548290251, 14.54705926040939978, 264.4069360666575221 ) ) ;
#215 = ORIENTED_EDGE ( 'NONE', *, *, #2748, .T. ) ;
#216 = CARTESIAN_POINT ( 'NONE',  ( 288.0846555110340432, 7.647495964682016201, 229.3613505542932103 ) ) ;
#217 = CARTESIAN_POINT ( 'NONE',  ( 290.8944064398841078, -1.882572074194355904, 223.6932503069213567 ) ) ;
#218 = B_SPLINE_CURVE_WITH_KNOTS ( 'NONE', 3,
 ( #1151, #2039, #2681, #2053, #1340, #1551, #715, #1594, #2436 ),
 .UNSPECIFIED., .F., .F.,
 ( 4, 1, 1, 1, 1, 1, 4 ),
 ( 0.2346053731367068462, 0.2364683709065668604, 0.2391393176900498685, 0.2426536379990482106, 0.2470304430017573327, 0.2522700051348940042, 0.2575880027147469109 ),
 .UNSPECIFIED. ) ;
#219 = VERTEX_POINT ( 'NONE', #1265 ) ;
#220 = CARTESIAN_POINT ( 'NONE',  ( 299.2250122311477867, 3.443088007130912676, 258.9429071604394608 ) ) ;
#221 = ORIENTED_EDGE ( 'NONE', *, *, #1560, .T. ) ;
#222 = CARTESIAN_POINT ( 'NONE',  ( 310.0370945548286272, -6.263560383238847784, 350.0490072689123053 ) ) ;
#223 = DIRECTION ( 'NONE',  ( 1.000000000000000000, 0.000000000000000000, 0.000000000000000000 ) ) ;
#224 = CARTESIAN_POINT ( 'NONE',  ( 386.6666666647022339, -5.954441073316516508, 336.9066955511404444 ) ) ;
#225 = CARTESIAN_POINT ( 'NONE',  ( 295.6184917946520727, 0.7332006463770507354, 221.0590020297489673 ) ) ;
#226 = CARTESIAN_POINT ( 'NONE',  ( 386.6666666647018928, 4.294679108437772008, 369.1716850739566667 ) ) ;
#227 = CARTESIAN_POINT ( 'NONE',  ( 187.6461088479379953, -5.091306093829083501, 436.3957557939946810 ) ) ;
#228 = CARTESIAN_POINT ( 'NONE',  ( 386.6666666647018928, 7.495775076190865249, 350.2880176456091590 ) ) ;
#229 = CARTESIAN_POINT ( 'NONE',  ( 305.0370945548289114, -5.778320878419825668, 301.4762996232575460 ) ) ;
#230 = ORIENTED_EDGE ( 'NONE', *, *, #1823, .T. ) ;
#231 = CARTESIAN_POINT ( 'NONE',  ( 295.2370945548290706, 14.76048187518886401, 264.4069360666574653 ) ) ;
#232 = CARTESIAN_POINT ( 'NONE',  ( 118.4367889235229967, 0.000000000000000000, 291.8817145493893577 ) ) ;
#233 = CARTESIAN_POINT ( 'NONE',  ( 290.9093373006122647, -3.825898632481688377, 234.8148223096036702 ) ) ;
#234 = EDGE_CURVE ( 'NONE', #1816, #1220, #359, .T. ) ;
#235 = ORIENTED_EDGE ( 'NONE', *, *, #1522, .F. ) ;
#236 = LINE ( 'NONE', #2635, #16 ) ;
#237 = CARTESIAN_POINT ( 'NONE',  ( 310.0370945548289114, -6.335096778005738116, 338.8751773677819870 ) ) ;
#238 = DIRECTION ( 'NONE',  ( -0.9953712201895921208, 0.000000000000000000, 0.09610480746706913380 ) ) ;
#239 = CARTESIAN_POINT ( 'NONE',  ( 193.3333333323509464, -6.422087301610666543, 423.0834801110592025 ) ) ;
#240 = CARTESIAN_POINT ( 'NONE',  ( 290.8593349475270315, 1.014289433438352317, 220.9692008580417166 ) ) ;
#241 = AXIS2_PLACEMENT_3D ( 'NONE', #1830, #1202, #2086 ) ;
#242 = CARTESIAN_POINT ( 'NONE',  ( 193.3333333323510885, -2.727339546889202992, 423.3996006684712370 ) ) ;
#243 = DIRECTION ( 'NONE',  ( -1.000000000000000000, 0.000000000000000000, 0.000000000000000000 ) ) ;
#244 = CARTESIAN_POINT ( 'NONE',  ( 0.000000000000000000, 10.61092084068729768, 215.5285796454811589 ) ) ;
#245 = CARTESIAN_POINT ( 'NONE',  ( 308.0269134862980422, -5.875783349831155356, 301.3836350339816477 ) ) ;
#246 = CARTESIAN_POINT ( 'NONE',  ( 295.6591095805552527, 10.79920940706673349, 245.2911715251829321 ) ) ;
#247 = VECTOR ( 'NONE', #1810, 1000.000000000000000 ) ;
#248 = DIRECTION ( 'NONE',  ( -1.000000000000000000, 0.000000000000000000, 0.000000000000000000 ) ) ;
#249 = CARTESIAN_POINT ( 'NONE',  ( 290.9035287133872885, -2.712718700492031232, 226.9447103957769230 ) ) ;
#250 = ORIENTED_EDGE ( 'NONE', *, *, #655, .F. ) ;
#251 = CARTESIAN_POINT ( 'NONE',  ( 294.9371898589677699, 9.060485972038934577, 237.9333963228148718 ) ) ;
#252 = CARTESIAN_POINT ( 'NONE',  ( 151.1999999999999886, -1.740717344068479555, 210.2230137983310954 ) ) ;
#253 = CARTESIAN_POINT ( 'NONE',  ( 310.0370945548287978, 15.49637074551851690, 283.1974775090354797 ) ) ;
#254 = CARTESIAN_POINT ( 'NONE',  ( 193.3333333323509748, -6.543366302362839448, 407.5854026889500688 ) ) ;
#255 = CARTESIAN_POINT ( 'NONE',  ( 295.6013201608615759, -0.02422503525637920499, 220.5927156093554515 ) ) ;
#256 = CARTESIAN_POINT ( 'NONE',  ( 386.6666666647022339, -5.260036546780130884, 416.2510710529381299 ) ) ;
#257 = CARTESIAN_POINT ( 'NONE',  ( 151.1999999999999318, -5.755572707854595293, 228.9566351996881508 ) ) ;
#258 = CARTESIAN_POINT ( 'NONE',  ( 579.9999999970526687, 12.21604645281511381, 288.0486393700726353 ) ) ;
#259 = CARTESIAN_POINT ( 'NONE',  ( 308.0360762895624021, -4.681278171254244391, 301.8817145493893008 ) ) ;
#260 = CARTESIAN_POINT ( 'NONE',  ( 160.4000000000000057, -6.124984294120418227, 234.5232724488207054 ) ) ;
#261 = CARTESIAN_POINT ( 'NONE',  ( 286.1429251499192787, -2.727031805643567175, 226.6527141057956953 ) ) ;
#262 = EDGE_CURVE ( 'NONE', #1927, #1334, #1401, .T. ) ;
#263 = AXIS2_PLACEMENT_3D ( 'NONE', #2733, #2055, #2709 ) ;
#264 = ORIENTED_EDGE ( 'NONE', *, *, #1285, .F. ) ;
#265 = FACE_OUTER_BOUND ( 'NONE', #2382, .T. ) ;
#266 = CARTESIAN_POINT ( 'NONE',  ( 151.1999999999999318, -5.755572707854595293, 228.9566351996881508 ) ) ;
#267 = DIRECTION ( 'NONE',  ( 0.000000000000000000, -1.000000000000000000, 0.000000000000000000 ) ) ;
#268 = VECTOR ( 'NONE', #2693, 1000.000000000000000 ) ;
#269 = CARTESIAN_POINT ( 'NONE',  ( 386.6666666647022339, -5.260036546780130884, 416.2510710529381299 ) ) ;
#270 = CARTESIAN_POINT ( 'NONE',  ( 308.6826630368313999, -4.545230862986894493, 301.8817145493894145 ) ) ;
#271 = EDGE_CURVE ( 'NONE', #2312, #2615, #1446, .T. ) ;
#272 = CARTESIAN_POINT ( 'NONE',  ( 290.8435224062936300, -0.1298520459701030527, 220.2892144704852342 ) ) ;
#273 = CARTESIAN_POINT ( 'NONE',  ( 0.000000000000000000, -6.956796621827982641, 451.7784412453585219 ) ) ;
#274 = CARTESIAN_POINT ( 'NONE',  ( 310.0370945548290251, 6.474332807188248218, 293.8817145493893577 ) ) ;
#275 = B_SPLINE_CURVE_WITH_KNOTS ( 'NONE', 3,
 ( #650, #1987, #2205, #2190 ),
 .UNSPECIFIED., .F., .F.,
 ( 4, 4 ),
 ( 8.886093173080408208E-13, 0.004300339141068462712 ),
 .UNSPECIFIED. ) ;
#276 = CARTESIAN_POINT ( 'NONE',  ( 0.000000000000000000, -1.685681154134503368, 431.6634505495804319 ) ) ;
#277 = CARTESIAN_POINT ( 'NONE',  ( 305.0370945548289114, -6.775351415279931899, 304.3705647408149844 ) ) ;
#278 = EDGE_LOOP ( 'NONE', ( #221, #819, #1548, #2288 ) ) ;
#279 = CARTESIAN_POINT ( 'NONE',  ( 295.6736255063881913, -4.790639721369727155, 248.9966800914036469 ) ) ;
#280 = EDGE_LOOP ( 'NONE', ( #1944, #1563, #2204, #1338 ) ) ;
#281 = DIRECTION ( 'NONE',  ( 1.000000000000000000, -0.000000000000000000, -0.000000000000000000 ) ) ;
#282 = ADVANCED_FACE ( 'NONE', ( #1235 ), #361, .F. ) ;
#283 = CARTESIAN_POINT ( 'NONE',  ( 310.0370945548289683, -6.492721997814469681, 311.8817145493895850 ) ) ;
#284 = CARTESIAN_POINT ( 'NONE',  ( 159.7538415567665595, -6.904084652690473334, 371.7343964672230641 ) ) ;
#285 = CARTESIAN_POINT ( 'NONE',  ( 151.1999999999999886, -6.996705391329571810, 363.3813886722097664 ) ) ;
#286 = CARTESIAN_POINT ( 'NONE',  ( 290.8402798478082332, -0.03309259748027103959, 220.2718661279855894 ) ) ;
#287 = CARTESIAN_POINT ( 'NONE',  ( 193.3333333323510317, -7.123187505558254529, 304.9108520061777199 ) ) ;
#288 = CARTESIAN_POINT ( 'NONE',  ( 295.2370945548290706, 14.76048187518886401, 264.4069360666574653 ) ) ;
#289 = CARTESIAN_POINT ( 'NONE',  ( 0.000000000000000000, 5.680038312985622895, 389.5123884482915173 ) ) ;
#290 = ADVANCED_FACE ( 'NONE', ( #486 ), #77, .T. ) ;
#291 = CARTESIAN_POINT ( 'NONE',  ( 308.0293774475724717, -5.554570020736457892, 301.6152787222482630 ) ) ;
#292 = VERTEX_POINT ( 'NONE', #285 ) ;
#293 = CARTESIAN_POINT ( 'NONE',  ( 290.9142112423444360, -5.261925093064719228, 264.8386394246083455 ) ) ;
#294 = VERTEX_POINT ( 'NONE', #500 ) ;
#295 = PLANE ( 'NONE',  #471 ) ;
#296 = AXIS2_PLACEMENT_3D ( 'NONE', #1620, #1405, #297 ) ;
#297 = DIRECTION ( 'NONE',  ( 1.000000000000000000, 0.000000000000000000, 0.000000000000000000 ) ) ;
#298 = CARTESIAN_POINT ( 'NONE',  ( 305.0370945548289683, -6.232696386835259617, 304.6022316740514384 ) ) ;
#299 = CARTESIAN_POINT ( 'NONE',  ( 155.4999999999999716, -6.477252494600654664, 239.7566351996881906 ) ) ;
#300 = CARTESIAN_POINT ( 'NONE',  ( 286.0810243795356200, -0.007425397155586156185, 219.9545773817940528 ) ) ;
#301 = CARTESIAN_POINT ( 'NONE',  ( 386.6666666647018928, -6.161060105321074509, 294.7877091421007663 ) ) ;
#302 = CARTESIAN_POINT ( 'NONE',  ( 286.8992962754977043, -1.929891396236901979, 223.5533166518022199 ) ) ;
#303 = CARTESIAN_POINT ( 'NONE',  ( 193.3333333323510885, -5.937811506948676765, 439.6798056192790227 ) ) ;
#304 =( BOUNDED_CURVE ( )  B_SPLINE_CURVE ( 3, ( #2222, #2208, #1538, #2179 ),
 .UNSPECIFIED., .F., .F. ) 
 B_SPLINE_CURVE_WITH_KNOTS ( ( 4, 4 ),
 ( 3.141592653589793116, 6.283185307179586232 ),
 .UNSPECIFIED. ) 
 CURVE ( )  GEOMETRIC_REPRESENTATION_ITEM ( )  RATIONAL_B_SPLINE_CURVE ( ( 1.000000000000000000, 0.3333333333333333703, 0.3333333333333333703, 1.000000000000000000 ) ) 
 REPRESENTATION_ITEM ( '' )  );
#305 = CARTESIAN_POINT ( 'NONE',  ( 386.6666666647020634, 1.630679500242952162, 226.3321464418616529 ) ) ;
#306 = CARTESIAN_POINT ( 'NONE',  ( 310.0370945548290251, -6.553672540561399806, 292.3842911383008527 ) ) ;
#307 = CARTESIAN_POINT ( 'NONE',  ( 290.9134190883975180, -4.954503570460974338, 252.7962495598469275 ) ) ;
#308 = VERTEX_POINT ( 'NONE', #728 ) ;
#309 = CARTESIAN_POINT ( 'NONE',  ( 294.8995340329921078, -4.080641839467806342, 237.7488899661458674 ) ) ;
#310 = AXIS2_PLACEMENT_3D ( 'NONE', #1393, #2720, #1419 ) ;
#311 = CARTESIAN_POINT ( 'NONE',  ( 155.5000000009300436, 6.345149368689448011, 374.1813886722098914 ) ) ;
#312 = CARTESIAN_POINT ( 'NONE',  ( 155.5000000009300436, 85.00000000000000000, 374.1813886722098914 ) ) ;
#313 = CARTESIAN_POINT ( 'NONE',  ( 286.0813420034052683, -0.09016729605623696742, 219.9571230509873487 ) ) ;
#314 = VECTOR ( 'NONE', #818, 1000.000000000000000 ) ;
#315 = CARTESIAN_POINT ( 'NONE',  ( 0.000000000000000000, -7.565368802876977661, 399.6270695293106314 ) ) ;
#316 = CARTESIAN_POINT ( 'NONE',  ( 310.0370945548290251, 6.474332807188248218, 319.8817145493894145 ) ) ;
#317 = CARTESIAN_POINT ( 'NONE',  ( 579.9999999970526687, -3.946952243843884212, 401.3968860776002430 ) ) ;
#318 = EDGE_CURVE ( 'NONE', #2087, #2665, #1089, .T. ) ;
#319 = CARTESIAN_POINT ( 'NONE',  ( 0.000000000000000000, 6.360022959421542055, 205.8840378691750175 ) ) ;
#320 = CARTESIAN_POINT ( 'NONE',  ( 310.0370945548290820, -6.347919574081259064, 264.4069360705284453 ) ) ;
#321 = EDGE_LOOP ( 'NONE', ( #1177, #86 ) ) ;
#322 = CARTESIAN_POINT ( 'NONE',  ( 160.4000000000000625, 7.285854698153729103, 368.2813886722097436 ) ) ;
#323 = CARTESIAN_POINT ( 'NONE',  ( 307.9993705661053127, -4.548725355284928717, 301.8817145493894145 ) ) ;
#324 = ADVANCED_FACE ( 'NONE', ( #964 ), #1635, .T. ) ;
#325 = CARTESIAN_POINT ( 'NONE',  ( 160.3999999999999773, 7.173133704207277361, 368.9480637749711605 ) ) ;
#326 = VECTOR ( 'NONE', #798, 1000.000000000000000 ) ;
#327 = CARTESIAN_POINT ( 'NONE',  ( 0.000000000000000000, -7.705051474660509214, 374.2669285172183891 ) ) ;
#328 = CARTESIAN_POINT ( 'NONE',  ( 286.2655041009384149, 0.7596569524792204930, 220.4478560229774757 ) ) ;
#329 = CARTESIAN_POINT ( 'NONE',  ( 289.6319816099841660, -5.282442391273535875, 236.9429529677123298 ) ) ;
#330 = CARTESIAN_POINT ( 'NONE',  ( 300.3401636293593810, 13.48182573542358575, 264.4069360666575221 ) ) ;
#331 = CARTESIAN_POINT ( 'NONE',  ( 286.1534379687342948, -5.215441390157729451, 260.6552974506759028 ) ) ;
#332 = VERTEX_POINT ( 'NONE', #1194 ) ;
#333 = CARTESIAN_POINT ( 'NONE',  ( 307.9311811590589514, -6.548902150098983910, 299.9608621191256930 ) ) ;
#334 = CARTESIAN_POINT ( 'NONE',  ( 0.000000000000000000, 2.156697113733638815, 200.5962828315869046 ) ) ;
#335 = DIRECTION ( 'NONE',  ( 0.000000000000000000, -1.000000000000000000, 0.000000000000000000 ) ) ;
#336 = VERTEX_POINT ( 'NONE', #2519 ) ;
#337 = CARTESIAN_POINT ( 'NONE',  ( 386.6666666647018928, -5.720178202154572844, 376.8193992500837339 ) ) ;
#338 = CARTESIAN_POINT ( 'NONE',  ( 286.3864622980529475, -1.013051426079190742, 221.0405280911261912 ) ) ;
#339 = FACE_OUTER_BOUND ( 'NONE', #1937, .T. ) ;
#340 = CARTESIAN_POINT ( 'NONE',  ( 193.3333333323509748, -3.397287876363841441E-11, 212.5133111311279777 ) ) ;
#341 = FACE_OUTER_BOUND ( 'NONE', #19, .T. ) ;
#342 = EDGE_LOOP ( 'NONE', ( #2273, #1973 ) ) ;
#343 = CARTESIAN_POINT ( 'NONE',  ( 155.8261225313426337, 8.166579803301898366, 363.3813886722097664 ) ) ;
#344 = CARTESIAN_POINT ( 'NONE',  ( 193.3333333323510317, 1.893688306988295489, 213.4642146367242788 ) ) ;
#345 = CARTESIAN_POINT ( 'NONE',  ( 308.0370945548288546, -4.548532427371161369, 301.8817145493894145 ) ) ;
#346 = CARTESIAN_POINT ( 'NONE',  ( 155.8235368077446310, -6.973047679566751533, 363.3813886722097664 ) ) ;
#347 = B_SPLINE_CURVE_WITH_KNOTS ( 'NONE', 3,
 ( #1020, #1067, #1904, #1952, #365, #1699, #2567, #2584, #597, #1463, #1478, #2597, #1657, #2347, #555, #1253, #2136, #1269, #1733, #2397, #2613, #1513, #846, #628, #2107, #2774, #329, #1682, #1225, #1211, #1425, #579 ),
 .UNSPECIFIED., .F., .F.,
 ( 4, 2, 2, 2, 2, 2, 2, 2, 2, 2, 2, 2, 2, 2, 2, 4 ),
 ( 0.05010128536521810116, 0.05047667016846749816, 0.05085205497171689515, 0.05122743977496629214, 0.05160282457821568913, 0.05235359418471448312, 0.05310436379121327016, 0.05385513339771206415, 0.05460590300421085813, 0.05610744221720836977, 0.05760898143020588141, 0.05911052064320339305, 0.06211359906919836082, 0.07412591277317819027, 0.08613822647715801972, 0.09815054018113784917 ),
 .UNSPECIFIED. ) ;
#348 = FACE_OUTER_BOUND ( 'NONE', #1954, .T. ) ;
#349 = CARTESIAN_POINT ( 'NONE',  ( 118.4367889235229967, -1.525667192811752226, 293.8817145493893577 ) ) ;
#350 = DIRECTION ( 'NONE',  ( 0.000000000000000000, 0.000000000000000000, -1.000000000000000000 ) ) ;
#351 = DIRECTION ( 'NONE',  ( 0.000000000000000000, -1.000000000000000000, 0.000000000000000000 ) ) ;
#352 = VERTEX_POINT ( 'NONE', #2278 ) ;
#353 = CARTESIAN_POINT ( 'NONE',  ( 157.9672994745957624, 8.028986984510789071, 364.0448316081757412 ) ) ;
#354 = CARTESIAN_POINT ( 'NONE',  ( 300.3953799745551692, -0.6733953810606919665, 221.3654850278489334 ) ) ;
#355 = CARTESIAN_POINT ( 'NONE',  ( 300.0000000000000000, 0.5975986629158579477, 358.7482087289370725 ) ) ;
#356 = CARTESIAN_POINT ( 'NONE',  ( 156.1550369719040816, 10.93735149606967383, 228.9895476977596047 ) ) ;
#357 = ORIENTED_EDGE ( 'NONE', *, *, #1285, .T. ) ;
#358 = CARTESIAN_POINT ( 'NONE',  ( 160.3683507500083749, -6.191345256788203244, 235.4975303469952053 ) ) ;
#359 = B_SPLINE_CURVE_WITH_KNOTS ( 'NONE', 3,
 ( #2147, #129, #578, #1459, #306, #2501, #2764 ),
 .UNSPECIFIED., .F., .F.,
 ( 4, 1, 1, 1, 4 ),
 ( 0.2576689893667093445, 0.2665125680092855220, 0.2765961010729377501, 0.2871948157618444686, 0.2931490619534871667 ),
 .UNSPECIFIED. ) ;
#360 = CARTESIAN_POINT ( 'NONE',  ( 579.9999999970530098, -1.884472597434357466, 240.4758978681773272 ) ) ;
#361 = CYLINDRICAL_SURFACE ( 'NONE', #1921, 3.000000000000002665 ) ;
#362 = DIRECTION ( 'NONE',  ( 5.551115123125161080E-14, 0.000000000000000000, -1.000000000000000000 ) ) ;
#363 = CARTESIAN_POINT ( 'NONE',  ( 0.000000000000000000, 18.39353072245676657, 301.0012924865722539 ) ) ;
#364 = ADVANCED_FACE ( 'NONE', ( #740 ), #88, .F. ) ;
#365 = CARTESIAN_POINT ( 'NONE',  ( 285.9397460006306915, -0.6171167660013602285, 218.8517035369817165 ) ) ;
#366 = CARTESIAN_POINT ( 'NONE',  ( 300.1704281332924893, -6.402985401700938439, 264.4069360666574653 ) ) ;
#367 = VERTEX_POINT ( 'NONE', #1847 ) ;
#368 = CARTESIAN_POINT ( 'NONE',  ( 305.1297142353693630, -6.552474433330882420, 303.5278146779983217 ) ) ;
#369 = CARTESIAN_POINT ( 'NONE',  ( 300.4110632587299961, -1.108421769762381492, 222.2558179718600400 ) ) ;
#370 = VECTOR ( 'NONE', #351, 1000.000000000000000 ) ;
#371 = CARTESIAN_POINT ( 'NONE',  ( 151.1999999999999034, -5.246420663186674105, 439.9146904413997277 ) ) ;
#372 = CARTESIAN_POINT ( 'NONE',  ( 156.7827771258528458, 13.47610036547402501, 239.5967502895729808 ) ) ;
#373 = ORIENTED_EDGE ( 'NONE', *, *, #2739, .T. ) ;
#374 = DIRECTION ( 'NONE',  ( 0.000000000000000000, 0.000000000000000000, 1.000000000000000000 ) ) ;
#375 = CARTESIAN_POINT ( 'NONE',  ( 0.000000000000000000, -6.717750288785817148, 224.6004539023777511 ) ) ;
#376 = CARTESIAN_POINT ( 'NONE',  ( 579.9999999970528961, -1.220256621134524266, 238.8938225097272152 ) ) ;
#377 = VECTOR ( 'NONE', #281, 1000.000000000000000 ) ;
#378 = CARTESIAN_POINT ( 'NONE',  ( 151.1999999999999318, 85.00000000000000000, 228.9566351996881508 ) ) ;
#379 = CARTESIAN_POINT ( 'NONE',  ( 151.1999999999998181, -6.259020595747604609, 439.4164256854796236 ) ) ;
#380 = EDGE_CURVE ( 'NONE', #2336, #848, #955, .T. ) ;
#381 = CARTESIAN_POINT ( 'NONE',  ( 0.000000000000000000, 17.29567669399768093, 313.2912272862357668 ) ) ;
#382 = CARTESIAN_POINT ( 'NONE',  ( 295.6563497466850663, 9.459046184288645520, 239.4907225345657764 ) ) ;
#383 = DIRECTION ( 'NONE',  ( -1.000000000000000000, 0.000000000000000000, 0.000000000000000000 ) ) ;
#384 = CARTESIAN_POINT ( 'NONE',  ( 310.0370945548291388, -6.537982695040392755, 300.0187211315048899 ) ) ;
#385 = ORIENTED_EDGE ( 'NONE', *, *, #2617, .F. ) ;
#386 = CARTESIAN_POINT ( 'NONE',  ( 158.7529957435589267, 7.925685007594066356, 364.6030523368060017 ) ) ;
#387 = EDGE_CURVE ( 'NONE', #649, #2646, #2522, .T. ) ;
#388 = CARTESIAN_POINT ( 'NONE',  ( 295.6442541336195973, -0.8532620119987331941, 221.3348650885273514 ) ) ;
#389 = CARTESIAN_POINT ( 'NONE',  ( 287.1567657322884770, 4.191993359771001515, 224.8148678247008263 ) ) ;
#390 = CARTESIAN_POINT ( 'NONE',  ( 160.2481563257282744, 11.83015464016425078, 232.6060166112779655 ) ) ;
#391 = CARTESIAN_POINT ( 'NONE',  ( 157.6755365934199347, -6.435697182679874118, 239.2587839039720450 ) ) ;
#392 = CARTESIAN_POINT ( 'NONE',  ( 386.6666666647018928, -1.454917083900565400, 225.9669964426877300 ) ) ;
#393 = CARTESIAN_POINT ( 'NONE',  ( 386.6666666647018928, -2.925017541545449351E-11, 225.5133111311280913 ) ) ;
#394 = CARTESIAN_POINT ( 'NONE',  ( 290.8564717457214783, 0.5575778309920238485, 220.5994552759059388 ) ) ;
#395 = VECTOR ( 'NONE', #1392, 1000.000000000000000 ) ;
#396 = CARTESIAN_POINT ( 'NONE',  ( 579.9999999970531235, 6.728921447716421866, 248.6694027102821849 ) ) ;
#397 = CARTESIAN_POINT ( 'NONE',  ( 300.4179344137500038, 9.881069676430580984, 241.6591397588704240 ) ) ;
#398 = ADVANCED_FACE ( 'NONE', ( #2303 ), #687, .T. ) ;
#399 = EDGE_CURVE ( 'NONE', #1027, #59, #939, .T. ) ;
#400 = DIRECTION ( 'NONE',  ( 0.000000000000000000, 0.000000000000000000, 1.000000000000000000 ) ) ;
#401 = AXIS2_PLACEMENT_3D ( 'NONE', #2714, #554, #2085 ) ;
#402 = PRESENTATION_LAYER_ASSIGNMENT (  '', '', ( #1648 ) ) ;
#403 = CARTESIAN_POINT ( 'NONE',  ( 310.0370945548290820, -5.544238268292611238, 301.6297671198529429 ) ) ;
#404 = VERTEX_POINT ( 'NONE', #1230 ) ;
#405 = CARTESIAN_POINT ( 'NONE',  ( 300.4242535285135318, 13.19598388305982972, 261.1832359827360506 ) ) ;
#406 = CARTESIAN_POINT ( 'NONE',  ( 286.1280270246002146, -1.043453765192480898, 221.0986573705349088 ) ) ;
#407 = CARTESIAN_POINT ( 'NONE',  ( 291.3491947845333812, 0.1209004519850840481, 220.3529056078165809 ) ) ;
#408 = CARTESIAN_POINT ( 'NONE',  ( 159.2099143123232068, 13.11862179689736330, 238.0735488349560285 ) ) ;
#409 = ORIENTED_EDGE ( 'NONE', *, *, #1629, .T. ) ;
#410 = CARTESIAN_POINT ( 'NONE',  ( 310.0370945548287409, -5.994784823782950411, 399.0783082789305354 ) ) ;
#411 = CARTESIAN_POINT ( 'NONE',  ( 155.4999999999999716, 10.94305727204084100, 228.9566351996881792 ) ) ;
#412 = CARTESIAN_POINT ( 'NONE',  ( 386.6666666647018928, -0.3885889226291279752, 225.5030240003190727 ) ) ;
#413 = CARTESIAN_POINT ( 'NONE',  ( 0.000000000000000000, -7.638359414888849841, 243.0181500959986352 ) ) ;
#414 = CARTESIAN_POINT ( 'NONE',  ( 290.8542734920109183, 0.3889928959194525748, 220.4751525509298631 ) ) ;
#415 = CARTESIAN_POINT ( 'NONE',  ( 0.000000000000000000, 15.96968430992112076, 237.4560550978058870 ) ) ;
#416 = CARTESIAN_POINT ( 'NONE',  ( 300.4014235311733501, 4.349216374946904828, 226.0007455918650408 ) ) ;
#417 = CARTESIAN_POINT ( 'NONE',  ( 310.0370945548290251, -6.043358315298623218, 301.2052786727878129 ) ) ;
#418 = ORIENTED_EDGE ( 'NONE', *, *, #1295, .F. ) ;
#419 = CARTESIAN_POINT ( 'NONE',  ( 285.9166921102853394, -3.171128381955501248E-11, 218.7387438765724994 ) ) ;
#420 = AXIS2_PLACEMENT_3D ( 'NONE', #378, #787, #1249 ) ;
#421 = CARTESIAN_POINT ( 'NONE',  ( 295.6652324537944310, -2.871020150791284031, 228.2109688768567821 ) ) ;
#422 = CARTESIAN_POINT ( 'NONE',  ( 291.3634100840739052, 0.2611372418136946316, 220.4225578610661387 ) ) ;
#423 = ORIENTED_EDGE ( 'NONE', *, *, #2732, .F. ) ;
#424 = CARTESIAN_POINT ( 'NONE',  ( 309.7037437852458197, -6.540028317436210159, 299.8868852858749960 ) ) ;
#425 = CARTESIAN_POINT ( 'NONE',  ( 310.0370945548289683, 15.32901516528744246, 292.4205219405874345 ) ) ;
#426 = CARTESIAN_POINT ( 'NONE',  ( 579.9999999970531235, -5.144550325250647482, 305.2452058889440423 ) ) ;
#427 = CARTESIAN_POINT ( 'NONE',  ( 286.1074644668768769, 2.294654489544335707, 221.9425161419430594 ) ) ;
#428 = CARTESIAN_POINT ( 'NONE',  ( 193.3333333323511170, -5.787028705682168983, 439.6978874405062356 ) ) ;
#429 = CARTESIAN_POINT ( 'NONE',  ( 300.4111353085384053, 7.099008734994431080, 232.2172342960925846 ) ) ;
#430 = CARTESIAN_POINT ( 'NONE',  ( 193.3333333323508896, 16.91444032200661951, 281.1003418505097784 ) ) ;
#431 = PLANE ( 'NONE',  #39 ) ;
#432 = EDGE_LOOP ( 'NONE', ( #2434, #1536, #206, #1310, #546, #1085, #2703, #777, #2569, #932, #1833, #2843, #2561, #1455, #666, #2399, #1545, #449 ) ) ;
#433 = CARTESIAN_POINT ( 'NONE',  ( 300.4249724382074191, 13.54675083329756013, 265.1377016587049980 ) ) ;
#434 = CARTESIAN_POINT ( 'NONE',  ( 300.4295575844734003, -3.582770326387851423, 233.3729075306382867 ) ) ;
#435 = ORIENTED_EDGE ( 'NONE', *, *, #399, .F. ) ;
#436 = CARTESIAN_POINT ( 'NONE',  ( 296.4642072016457632, 10.85557253149124257, 245.4154897085835501 ) ) ;
#437 = ORIENTED_EDGE ( 'NONE', *, *, #533, .F. ) ;
#438 = CARTESIAN_POINT ( 'NONE',  ( 310.0370945548288546, -6.138489009281603792, 371.4116817975755112 ) ) ;
#439 = CARTESIAN_POINT ( 'NONE',  ( 310.0370945548289114, 14.59218077534790048, 264.8902783943444206 ) ) ;
#440 = CARTESIAN_POINT ( 'NONE',  ( 0.000000000000000000, -7.786271839968238240, 360.7297558856265027 ) ) ;
#441 = CARTESIAN_POINT ( 'NONE',  ( 295.6199385109950413, 1.007687077672068776, 221.2856892190905285 ) ) ;
#442 = CARTESIAN_POINT ( 'NONE',  ( 0.000000000000000000, 3.638467315049533468, 401.2609511280016932 ) ) ;
#443 = CARTESIAN_POINT ( 'NONE',  ( 300.4189155173468748, 10.34229795350019643, 243.5805174443827354 ) ) ;
#444 = CARTESIAN_POINT ( 'NONE',  ( 193.3333333323509464, 15.18647217929100890, 312.4160318443855999 ) ) ;
#445 = EDGE_CURVE ( 'NONE', #367, #332, #2759, .T. ) ;
#446 = CARTESIAN_POINT ( 'NONE',  ( 305.0370945548289114, -6.552695583615191666, 300.1315406545555788 ) ) ;
#447 = VERTEX_POINT ( 'NONE', #1689 ) ;
#448 = CARTESIAN_POINT ( 'NONE',  ( 290.9030464015776261, 13.30260740796953378, 260.8493363407861239 ) ) ;
#449 = ORIENTED_EDGE ( 'NONE', *, *, #2228, .T. ) ;
#450 = CARTESIAN_POINT ( 'NONE',  ( 286.1477468940695417, -3.635836578220213777, 232.5627912156886907 ) ) ;
#451 = EDGE_LOOP ( 'NONE', ( #2504, #2301 ) ) ;
#452 = CARTESIAN_POINT ( 'NONE',  ( 293.6595702387973574, -5.075101945424302485, 256.6773681560734417 ) ) ;
#453 = CARTESIAN_POINT ( 'NONE',  ( 295.2370945548290706, -5.230238205587403044, 264.4069360666574653 ) ) ;
#454 = CARTESIAN_POINT ( 'NONE',  ( 310.0370945548290820, 12.71281312646053330, 322.0237025494409977 ) ) ;
#455 = CARTESIAN_POINT ( 'NONE',  ( 193.3333333323510317, -6.700220827177433947, 377.3870091286089519 ) ) ;
#456 = CARTESIAN_POINT ( 'NONE',  ( 290.8635674426332685, 1.688629808811470179, 221.5882891640314654 ) ) ;
#457 = CARTESIAN_POINT ( 'NONE',  ( 386.6666666647018928, -3.305401079264717268, 412.3030266280131855 ) ) ;
#458 = CARTESIAN_POINT ( 'NONE',  ( 151.1999999999999034, -5.246420663186674105, 439.9146904413997277 ) ) ;
#459 = B_SPLINE_CURVE_WITH_KNOTS ( 'NONE', 3,
 ( #2778, #2326, #2313, #547, #2139, #2368, #1451, #1673, #151, #1702, #2337, #386, #1883, #1429, #353, #1217, #2098, #1440, #1240, #2123, #343, #1872 ),
 .UNSPECIFIED., .F., .F.,
 ( 4, 2, 2, 2, 2, 2, 2, 2, 2, 2, 4 ),
 ( 8.673617379884035472E-19, 0.0009642310268566582458, 0.001446346540284898464, 0.001928462053713138682, 0.002892693080569619119, 0.003856924107426099122, 0.004821155134282580426, 0.005303270647710740630, 0.005785386161138901702, 0.006749617187995286295, 0.007713848214851670021 ),
 .UNSPECIFIED. ) ;
#460 = CARTESIAN_POINT ( 'NONE',  ( 0.000000000000000000, 18.32930396932231787, 256.2623385660224926 ) ) ;
#461 = CARTESIAN_POINT ( 'NONE',  ( 305.0370945548289114, -7.063527744043830658, 304.2156249819897198 ) ) ;
#462 = CARTESIAN_POINT ( 'NONE',  ( 292.3347516479409478, 12.99522081722369293, 250.1860100431368892 ) ) ;
#463 = CARTESIAN_POINT ( 'NONE',  ( 155.4999999999999716, 8.170626880825384575, 363.3813886722097664 ) ) ;
#464 = CARTESIAN_POINT ( 'NONE',  ( 290.9013541927700430, -2.501977210133504492, 225.9979230129457619 ) ) ;
#465 = VERTEX_POINT ( 'NONE', #1650 ) ;
#466 = CARTESIAN_POINT ( 'NONE',  ( 308.0370945548288546, -4.548532427371161369, 301.8817145493894145 ) ) ;
#467 = LINE ( 'NONE', #1819, #268 ) ;
#468 = CARTESIAN_POINT ( 'NONE',  ( 310.0370945548288546, 14.79642538932171547, 302.0012580010705960 ) ) ;
#469 = CARTESIAN_POINT ( 'NONE',  ( 0.000000000000000000, -7.169037781342534998, 446.3294496812645775 ) ) ;
#470 = CARTESIAN_POINT ( 'NONE',  ( 290.8456672442491708, 0.07008301226262508843, 220.2962031055051568 ) ) ;
#471 = AXIS2_PLACEMENT_3D ( 'NONE', #1178, #1619, #1150 ) ;
#472 = CARTESIAN_POINT ( 'NONE',  ( 193.3333333323510885, -4.759549676635348447, 434.1261621060937728 ) ) ;
#473 = CARTESIAN_POINT ( 'NONE',  ( 310.0370945548287978, -4.570247289867830354, 424.5786951049935283 ) ) ;
#474 = CARTESIAN_POINT ( 'NONE',  ( 386.6666666647022339, 5.886350116970718638, 359.8738835282833293 ) ) ;
#475 = ADVANCED_FACE ( 'NONE', ( #1025 ), #1012, .T. ) ;
#476 = CARTESIAN_POINT ( 'NONE',  ( 305.0370945548289683, -5.005168533932480734, 301.8335817256252085 ) ) ;
#477 = CARTESIAN_POINT ( 'NONE',  ( 160.3999999999999773, -6.077520724332375224, 233.8566351996881565 ) ) ;
#478 = CARTESIAN_POINT ( 'NONE',  ( 295.6580359321201854, -2.141254737895588178, 224.9022639909900647 ) ) ;
#479 = ORIENTED_EDGE ( 'NONE', *, *, #2667, .T. ) ;
#480 = CARTESIAN_POINT ( 'NONE',  ( 291.4079445264607671, -0.5956427391102890878, 220.6407681246358266 ) ) ;
#481 = EDGE_CURVE ( 'NONE', #2730, #646, #56, .T. ) ;
#482 = ADVANCED_FACE ( 'NONE', ( #572 ), #2016, .F. ) ;
#483 = CARTESIAN_POINT ( 'NONE',  ( 155.4999999999999716, 10.94305727204084100, 228.9566351996881792 ) ) ;
#484 = CARTESIAN_POINT ( 'NONE',  ( 151.1999999999999034, -5.246420663186674105, 439.9146904413997277 ) ) ;
#485 = CARTESIAN_POINT ( 'NONE',  ( 193.3333333323510885, -6.494676812344354566, 415.8765459913967675 ) ) ;
#486 = FACE_OUTER_BOUND ( 'NONE', #1618, .T. ) ;
#487 = VECTOR ( 'NONE', #561, 1000.000000000000000 ) ;
#488 = CARTESIAN_POINT ( 'NONE',  ( 290.8437434481386958, 0.03003860808633456933, 220.2834511641469248 ) ) ;
#489 = CARTESIAN_POINT ( 'NONE',  ( 193.3333333323510885, -0.06398327331131900553, 408.2906831791809736 ) ) ;
#490 = DIRECTION ( 'NONE',  ( -2.325013566685924035E-09, 0.000000000000000000, -1.000000000000000000 ) ) ;
#491 = CARTESIAN_POINT ( 'NONE',  ( 0.000000000000000000, 19.05559646799564533, 289.0914184166211953 ) ) ;
#492 = EDGE_CURVE ( 'NONE', #1774, #1857, #925, .T. ) ;
#493 = CARTESIAN_POINT ( 'NONE',  ( 305.0370945548289114, -8.535106475641581980, 302.9176461257880533 ) ) ;
#494 = PLANE ( 'NONE',  #783 ) ;
#495 = CARTESIAN_POINT ( 'NONE',  ( 286.1508372136122489, -4.360559386777000057, 240.5471292877424503 ) ) ;
#496 = ORIENTED_EDGE ( 'NONE', *, *, #1737, .F. ) ;
#497 = CARTESIAN_POINT ( 'NONE',  ( 292.5857109463842107, -2.574925372805227042, 226.4115986805193188 ) ) ;
#498 = CARTESIAN_POINT ( 'NONE',  ( 310.0370945548286272, -6.407440230842800233, 327.5531045077386807 ) ) ;
#499 = CARTESIAN_POINT ( 'NONE',  ( 160.2362923301455737, -6.908450001466580837, 370.5476309280419400 ) ) ;
#500 = CARTESIAN_POINT ( 'NONE',  ( 151.1999999999999886, -3.525667192811752226, 293.8817145493893577 ) ) ;
#501 = EDGE_CURVE ( 'NONE', #1479, #1959, #1457, .T. ) ;
#502 = CARTESIAN_POINT ( 'NONE',  ( 286.0887920587986173, 0.1788480361035898469, 220.0256716981122906 ) ) ;
#503 = CARTESIAN_POINT ( 'NONE',  ( 579.9999999970531235, -4.886162747044378918, 349.3334163557685201 ) ) ;
#504 = DIRECTION ( 'NONE',  ( 0.000000000000000000, 1.734723475976805517E-15, 1.000000000000000000 ) ) ;
#505 = CARTESIAN_POINT ( 'NONE',  ( 0.000000000000000000, 3.638467315049533468, 401.2609511280016932 ) ) ;
#506 = CARTESIAN_POINT ( 'NONE',  ( 308.0316603563920239, -5.256959522565589182, 301.7532161704093596 ) ) ;
#507 = ORIENTED_EDGE ( 'NONE', *, *, #2445, .F. ) ;
#508 = DIRECTION ( 'NONE',  ( 1.000000000000000000, 0.000000000000000000, 0.000000000000000000 ) ) ;
#509 = ORIENTED_EDGE ( 'NONE', *, *, #2580, .F. ) ;
#510 = CARTESIAN_POINT ( 'NONE',  ( 292.0191125116844546, -1.853496831687429847, 223.6353745459471440 ) ) ;
#511 = AXIS2_PLACEMENT_3D ( 'NONE', #2243, #490, #67 ) ;
#512 = CARTESIAN_POINT ( 'NONE',  ( 160.1511844620429201, 6.852971746930557551, 370.8553183235948154 ) ) ;
#513 = CARTESIAN_POINT ( 'NONE',  ( 290.8403747231632792, -0.03038894222398221684, 220.2719859145385328 ) ) ;
#514 = CARTESIAN_POINT ( 'NONE',  ( 579.9999999970530098, -4.725788449733828500, 379.3994230421292855 ) ) ;
#515 = DIRECTION ( 'NONE',  ( -0.000000000000000000, 0.000000000000000000, -1.000000000000000000 ) ) ;
#516 = CARTESIAN_POINT ( 'NONE',  ( 579.9999999970532372, -4.288441108073364205, 402.5788312642366691 ) ) ;
#517 = CIRCLE ( 'NONE', #885, 5.300000000000027356 ) ;
#518 = CARTESIAN_POINT ( 'NONE',  ( 300.0000000000000000, 0.5975986629158585028, 350.1482087289370497 ) ) ;
#519 = LINE ( 'NONE', #1681, #1946 ) ;
#520 = CARTESIAN_POINT ( 'NONE',  ( 286.1518265747892542, -4.645934739235376476, 244.5551446220489140 ) ) ;
#521 = ORIENTED_EDGE ( 'NONE', *, *, #1224, .T. ) ;
#522 = VECTOR ( 'NONE', #2088, 1000.000000000000000 ) ;
#523 = CARTESIAN_POINT ( 'NONE',  ( 160.3999999999999773, 85.00000000000000000, 369.2813886722098573 ) ) ;
#524 = B_SPLINE_CURVE_WITH_KNOTS ( 'NONE', 3,
 ( #76, #963, #2253, #1152, #2506 ),
 .UNSPECIFIED., .F., .F.,
 ( 4, 1, 4 ),
 ( 0.002582113667299797913, 0.003038430606781576757, 0.007000049181954778876 ),
 .UNSPECIFIED. ) ;
#525 = CARTESIAN_POINT ( 'NONE',  ( 160.3999999999999773, -6.914942168717047366, 369.2813886722098573 ) ) ;
#526 = CARTESIAN_POINT ( 'NONE',  ( 308.6928912708244184, -6.545198018114581906, 299.8868877151869583 ) ) ;
#527 = CARTESIAN_POINT ( 'NONE',  ( 151.1999999999999602, 14.61623823170137015, 245.1589345083493754 ) ) ;
#528 = CARTESIAN_POINT ( 'NONE',  ( 295.6016620350919766, -0.01795595149418790365, 220.5933345291805097 ) ) ;
#529 = CARTESIAN_POINT ( 'NONE',  ( 579.9999999970531235, -5.161150396137134777, 288.2912157075066375 ) ) ;
#530 = CARTESIAN_POINT ( 'NONE',  ( 286.1783335266981680, 0.1567840391134387446, 220.0207368549565103 ) ) ;
#531 = CARTESIAN_POINT ( 'NONE',  ( 0.000000000000000000, -0.07286972220746454343, 422.4816273383034968 ) ) ;
#532 = DIRECTION ( 'NONE',  ( -1.000000000000000000, -0.000000000000000000, -0.000000000000000000 ) ) ;
#533 = EDGE_CURVE ( 'NONE', #1244, #202, #937, .T. ) ;
#534 = CARTESIAN_POINT ( 'NONE',  ( 310.0370945548290251, 0.000000000000000000, 0.000000000000000000 ) ) ;
#535 = ORIENTED_EDGE ( 'NONE', *, *, #2247, .T. ) ;
#536 = LINE ( 'NONE', #1391, #377 ) ;
#537 = VECTOR ( 'NONE', #766, 1000.000000000000000 ) ;
#538 = CARTESIAN_POINT ( 'NONE',  ( 159.2009603361316863, 6.583811016225870283, 372.5086042894877778 ) ) ;
#539 = CARTESIAN_POINT ( 'NONE',  ( 155.4999999999999716, 8.170626880825384575, 363.3813886722097664 ) ) ;
#540 = AXIS2_PLACEMENT_3D ( 'NONE', #2333, #130, #362 ) ;
#541 = CARTESIAN_POINT ( 'NONE',  ( 0.000000000000000000, -7.786271839968238240, 360.7297558856265027 ) ) ;
#542 = CARTESIAN_POINT ( 'NONE',  ( 286.1983566859865391, -0.4198736654988880490, 220.1188465119244881 ) ) ;
#543 = CARTESIAN_POINT ( 'NONE',  ( 308.0221684307120995, -6.494370637622035147, 300.4124489316227482 ) ) ;
#544 = CARTESIAN_POINT ( 'NONE',  ( 386.6666666647022339, 6.439140651349280375, 233.5687738193448126 ) ) ;
#545 = DIRECTION ( 'NONE',  ( 1.000000000000000000, 0.000000000000000000, 0.000000000000000000 ) ) ;
#546 = ORIENTED_EDGE ( 'NONE', *, *, #1041, .F. ) ;
#547 = CARTESIAN_POINT ( 'NONE',  ( 160.2765939739571195, 7.473810144655656629, 367.1771775550935786 ) ) ;
#548 = CARTESIAN_POINT ( 'NONE',  ( 579.9999999970528961, 4.033212153983865456, 242.5533110923767026 ) ) ;
#549 = CARTESIAN_POINT ( 'NONE',  ( 151.1999999999999886, 8.466604469815786516, 361.9294608574635390 ) ) ;
#550 = VERTEX_POINT ( 'NONE', #1621 ) ;
#551 = CARTESIAN_POINT ( 'NONE',  ( 579.9999999970531235, -5.102621935511616691, 314.0808441813599075 ) ) ;
#552 = CARTESIAN_POINT ( 'NONE',  ( 620.0000000000002274, 3.306277303021957437, 269.3767156309140773 ) ) ;
#553 = CARTESIAN_POINT ( 'NONE',  ( 308.0217522156248720, -6.548630351287507700, 299.8868893241510705 ) ) ;
#554 = DIRECTION ( 'NONE',  ( 0.000000000000000000, -1.000000000000000000, 0.000000000000000000 ) ) ;
#555 = CARTESIAN_POINT ( 'NONE',  ( 286.3883533765502420, -2.310859943674590244, 221.0497940146501890 ) ) ;
#556 = EDGE_LOOP ( 'NONE', ( #884, #357, #134, #1799 ) ) ;
#557 = CARTESIAN_POINT ( 'NONE',  ( 155.4999999999999716, -6.974703124247014330, 363.3813886722097664 ) ) ;
#558 = CARTESIAN_POINT ( 'NONE',  ( 193.3333333323509748, -3.397287876363841441E-11, 212.5133111311279777 ) ) ;
#559 = EDGE_CURVE ( 'NONE', #2808, #1787, #1820, .T. ) ;
#560 =( GEOMETRIC_REPRESENTATION_CONTEXT ( 3 ) GLOBAL_UNCERTAINTY_ASSIGNED_CONTEXT ( ( #1855 ) ) GLOBAL_UNIT_ASSIGNED_CONTEXT ( ( #1989, #903, #682 ) ) REPRESENTATION_CONTEXT ( 'NONE', 'WORKASPACE' ) );
#561 = DIRECTION ( 'NONE',  ( 0.000000000000000000, -1.000000000000000000, 0.000000000000000000 ) ) ;
#562 = EDGE_LOOP ( 'NONE', ( #230, #99, #1390, #865 ) ) ;
#563 = B_SPLINE_CURVE_WITH_KNOTS ( 'NONE', 3,
 ( #2101, #1886, #2760, #780, #1442, #2328, #345 ),
 .UNSPECIFIED., .F., .F.,
 ( 4, 3, 4 ),
 ( 0.005000065387781687555, 0.005010261511007981818, 0.007000091542684175328 ),
 .UNSPECIFIED. ) ;
#564 = CARTESIAN_POINT ( 'NONE',  ( 159.9030300413909060, -6.936031440236859247, 366.1076705556741331 ) ) ;
#565 = CARTESIAN_POINT ( 'NONE',  ( 308.0370945548336863, -6.502947416201977582, 311.8817145493893008 ) ) ;
#566 = CYLINDRICAL_SURFACE ( 'NONE', #164, 2.000000000000001776 ) ;
#567 = FACE_OUTER_BOUND ( 'NONE', #2420, .T. ) ;
#568 = DIRECTION ( 'NONE',  ( -0.000000000000000000, 1.000000000000000000, -0.000000000000000000 ) ) ;
#569 = ORIENTED_EDGE ( 'NONE', *, *, #2228, .F. ) ;
#570 = DIRECTION ( 'NONE',  ( 1.000000000000000000, -0.000000000000000000, -0.000000000000000000 ) ) ;
#571 = CARTESIAN_POINT ( 'NONE',  ( 290.8886305880681675, -1.035573823935031168, 221.4118729527843357 ) ) ;
#572 = FACE_OUTER_BOUND ( 'NONE', #723, .T. ) ;
#573 = CARTESIAN_POINT ( 'NONE',  ( 295.2370945548290706, -6.430452326606911129, 264.4069360666574653 ) ) ;
#574 = ORIENTED_EDGE ( 'NONE', *, *, #1082, .F. ) ;
#575 = CARTESIAN_POINT ( 'NONE',  ( 156.7692900680822277, -5.719948439798221429, 229.1131145477184532 ) ) ;
#576 = CARTESIAN_POINT ( 'NONE',  ( 386.6666666647018928, -5.079293524304736351, 244.4817092322057874 ) ) ;
#577 = EDGE_CURVE ( 'NONE', #1439, #882, #2277, .T. ) ;
#578 = CARTESIAN_POINT ( 'NONE',  ( 310.0370945548291388, -6.487477858776100170, 273.6631106969939538 ) ) ;
#579 = CARTESIAN_POINT ( 'NONE',  ( 295.2370945548290706, -6.430452326606911129, 264.4069360666574653 ) ) ;
#580 = CARTESIAN_POINT ( 'NONE',  ( 193.3333333323510885, 15.18845332257153480, 253.7677995456126325 ) ) ;
#581 = FACE_OUTER_BOUND ( 'NONE', #2575, .T. ) ;
#582 = CARTESIAN_POINT ( 'NONE',  ( 310.0370945548289683, -6.538323494046628603, 299.8868844838020777 ) ) ;
#583 = ORIENTED_EDGE ( 'NONE', *, *, #199, .T. ) ;
#584 = CARTESIAN_POINT ( 'NONE',  ( 307.2931168247901610, -6.550748028811401724, 300.4922880050526715 ) ) ;
#585 = CARTESIAN_POINT ( 'NONE',  ( 300.4104504868670347, -1.064117855591252715, 222.1470610445716147 ) ) ;
#586 = CARTESIAN_POINT ( 'NONE',  ( 118.4367889235229967, 0.000000000000000000, 321.8817145493894145 ) ) ;
#587 = CARTESIAN_POINT ( 'NONE',  ( 160.2462152352287319, 12.67207421628127939, 236.1154737818702358 ) ) ;
#588 = VERTEX_POINT ( 'NONE', #2694 ) ;
#589 = CARTESIAN_POINT ( 'NONE',  ( 158.4883407427598740, -5.781806928170756699, 229.9601755080092573 ) ) ;
#590 = CARTESIAN_POINT ( 'NONE',  ( 579.9999999970530098, -4.843869939650165435, 266.1019293467749094 ) ) ;
#591 = CARTESIAN_POINT ( 'NONE',  ( 156.7662610114248025, -6.967248536042576212, 363.5451013294493805 ) ) ;
#592 = DIRECTION ( 'NONE',  ( 0.000000000000000000, 0.000000000000000000, -1.000000000000000000 ) ) ;
#593 = CARTESIAN_POINT ( 'NONE',  ( 227.8878469026015523, -5.918162862385683454, 432.5103466024902445 ) ) ;
#594 = CARTESIAN_POINT ( 'NONE',  ( 193.3333333323509748, 14.02218431666462450, 245.8289446186508940 ) ) ;
#595 = CARTESIAN_POINT ( 'NONE',  ( 300.4089515326898550, 6.391820266202825174, 230.3928820430562041 ) ) ;
#596 = EDGE_CURVE ( 'NONE', #1959, #791, #524, .T. ) ;
#597 = CARTESIAN_POINT ( 'NONE',  ( 286.0199278027608329, -1.257598072245300846, 219.2445790562114780 ) ) ;
#598 = ORIENTED_EDGE ( 'NONE', *, *, #1823, .F. ) ;
#599 = CARTESIAN_POINT ( 'NONE',  ( 306.2778593617339880, -6.553110344879338633, 301.4843818952135734 ) ) ;
#600 = CARTESIAN_POINT ( 'NONE',  ( 290.8567372904214494, -0.4229822911295298415, 220.4453406909049704 ) ) ;
#601 = VECTOR ( 'NONE', #2824, 1000.000000000000000 ) ;
#602 = CARTESIAN_POINT ( 'NONE',  ( 286.2342201622104767, 0.5689357977644250441, 220.2945706970703270 ) ) ;
#603 = DIRECTION ( 'NONE',  ( 0.000000000000000000, -1.000000000000000000, 0.000000000000000000 ) ) ;
#604 = ORIENTED_EDGE ( 'NONE', *, *, #1832, .T. ) ;
#605 = CARTESIAN_POINT ( 'NONE',  ( 157.0807367455927306, -5.725941329732497032, 229.2074965475351576 ) ) ;
#606 = CARTESIAN_POINT ( 'NONE',  ( 0.000000000000000000, -7.252290758643901825, 233.2460157265796568 ) ) ;
#607 = EDGE_CURVE ( 'NONE', #1534, #1428, #1559, .T. ) ;
#608 = CARTESIAN_POINT ( 'NONE',  ( 193.3333333323510317, -3.705220741270887075, 218.2751697116970888 ) ) ;
#609 = VECTOR ( 'NONE', #2306, 1000.000000000000000 ) ;
#610 = CARTESIAN_POINT ( 'NONE',  ( 300.3847745695691742, 1.669936414124213897, 222.2162294270185328 ) ) ;
#611 = CARTESIAN_POINT ( 'NONE',  ( 0.000000000000000000, 18.32930396932231787, 256.2623385660224926 ) ) ;
#612 = CARTESIAN_POINT ( 'NONE',  ( 286.1301974450339003, 7.516982149791435752, 232.3291439669786769 ) ) ;
#613 = CARTESIAN_POINT ( 'NONE',  ( 155.4999999999999716, 85.00000000000000000, 228.9566351996881792 ) ) ;
#614 = ORIENTED_EDGE ( 'NONE', *, *, #559, .F. ) ;
#615 = CARTESIAN_POINT ( 'NONE',  ( 287.6966466072716457, 6.855223235090402767, 227.4601810185451143 ) ) ;
#616 = EDGE_CURVE ( 'NONE', #1465, #1325, #304, .T. ) ;
#617 = CARTESIAN_POINT ( 'NONE',  ( 286.1050210738217174, -0.5609425605020947891, 220.2505080423889297 ) ) ;
#618 = CARTESIAN_POINT ( 'NONE',  ( 291.4229632015989182, 0.6571771803845606330, 220.7143567649042666 ) ) ;
#619 = CARTESIAN_POINT ( 'NONE',  ( 151.1999999999999886, -3.525667192811752226, 319.8817145493894145 ) ) ;
#620 = EDGE_LOOP ( 'NONE', ( #2650, #636, #1320, #2161 ) ) ;
#621 = CARTESIAN_POINT ( 'NONE',  ( 310.0370945548286272, -5.767034847494243444, 418.9085156312510776 ) ) ;
#622 = DIRECTION ( 'NONE',  ( 0.000000000000000000, 0.000000000000000000, 1.000000000000000000 ) ) ;
#623 = CARTESIAN_POINT ( 'NONE',  ( 0.000000000000000000, -7.903040807874519125, 253.8147977847377490 ) ) ;
#624 = CARTESIAN_POINT ( 'NONE',  ( 193.3333333323510885, -6.367875266799881473, 242.1323187556666028 ) ) ;
#625 = CARTESIAN_POINT ( 'NONE',  ( 286.0968013410431467, 0.6495469513666294326, 220.3479676066238255 ) ) ;
#626 = CARTESIAN_POINT ( 'NONE',  ( 193.3333333323509464, 16.09404880310246000, 262.3418053606099534 ) ) ;
#627 = CARTESIAN_POINT ( 'NONE',  ( 290.8820467595465402, 4.842947197994576847, 226.2616359534629851 ) ) ;
#628 = CARTESIAN_POINT ( 'NONE',  ( 287.6468653076285591, -4.028904932045326071, 227.2162621563386153 ) ) ;
#629 = AXIS2_PLACEMENT_3D ( 'NONE', #652, #35, #2004 ) ;
#630 = CARTESIAN_POINT ( 'NONE',  ( 151.1999999999999886, 13.61165335743737259, 239.7566351996880485 ) ) ;
#631 = EDGE_LOOP ( 'NONE', ( #1887, #1175, #1663, #2689 ) ) ;
#632 = CARTESIAN_POINT ( 'NONE',  ( 295.6628133551141673, 12.78343773419731733, 257.0576354799535466 ) ) ;
#633 = B_SPLINE_CURVE_WITH_KNOTS ( 'NONE', 3,
 ( #266, #1367, #1775, #1121, #2451, #936, #252, #1380, #49 ),
 .UNSPECIFIED., .F., .F.,
 ( 4, 1, 1, 1, 1, 1, 4 ),
 ( 0.2136939266663392678, 0.2174019091577405749, 0.2230529293034695937, 0.2275508182330859552, 0.2309055489152679053, 0.2331751689567141406, 0.2346053731367068462 ),
 .UNSPECIFIED. ) ;
#634 = CARTESIAN_POINT ( 'NONE',  ( 286.1257173815725423, -0.9554372011707340517, 220.8981103692943009 ) ) ;
#635 = CARTESIAN_POINT ( 'NONE',  ( 291.5693302712197124, 1.482634451989573998, 221.4315274563543881 ) ) ;
#636 = ORIENTED_EDGE ( 'NONE', *, *, #2018, .T. ) ;
#637 = CARTESIAN_POINT ( 'NONE',  ( 310.0370945548290251, 3.306277303021956993, 272.6767156309140887 ) ) ;
#638 = FACE_OUTER_BOUND ( 'NONE', #996, .T. ) ;
#639 = CARTESIAN_POINT ( 'NONE',  ( 579.9999999970531235, -5.102621935511616691, 314.0808441813599075 ) ) ;
#640 = CARTESIAN_POINT ( 'NONE',  ( 160.4000000000000341, -6.920759346424318004, 368.2813886722097436 ) ) ;
#641 = CARTESIAN_POINT ( 'NONE',  ( 286.1029638791652587, 1.697976506155099541, 221.2743190325379317 ) ) ;
#642 = CARTESIAN_POINT ( 'NONE',  ( 579.9999999970528961, 11.66426790245968981, 302.8719718620156414 ) ) ;
#643 = CARTESIAN_POINT ( 'NONE',  ( 290.8957461832170566, 9.498250969216329054, 239.2436829957733835 ) ) ;
#644 = CARTESIAN_POINT ( 'NONE',  ( 193.3333333323510885, 12.62964796733158579, 238.6057420120377230 ) ) ;
#645 = AXIS2_PLACEMENT_3D ( 'NONE', #62, #1607, #2276 ) ;
#646 = VERTEX_POINT ( 'NONE', #484 ) ;
#647 = CARTESIAN_POINT ( 'NONE',  ( 290.8999432150313282, 11.59499049265578208, 248.9839981196753911 ) ) ;
#648 = CARTESIAN_POINT ( 'NONE',  ( 290.9070475014183899, -3.366316329374368532, 230.8646651925849937 ) ) ;
#649 = VERTEX_POINT ( 'NONE', #2668 ) ;
#650 = CARTESIAN_POINT ( 'NONE',  ( 151.2000000009300038, 6.399156040153494374, 374.1813886822074551 ) ) ;
#651 = VERTEX_POINT ( 'NONE', #2654 ) ;
#652 = CARTESIAN_POINT ( 'NONE',  ( 155.5000000000000000, 85.00000000000000000, 233.8566351996881565 ) ) ;
#653 = CARTESIAN_POINT ( 'NONE',  ( 151.1999999999999318, -7.012126753468782780, 360.7969055210265878 ) ) ;
#654 = CARTESIAN_POINT ( 'NONE',  ( 0.000000000000000000, -8.112506095712058496, 304.7436750647945587 ) ) ;
#655 = EDGE_CURVE ( 'NONE', #294, #30, #1327, .T. ) ;
#656 = CARTESIAN_POINT ( 'NONE',  ( 295.6241710061012213, 1.679283111467842371, 221.9022592955249706 ) ) ;
#657 = CARTESIAN_POINT ( 'NONE',  ( 386.6666666647018360, -5.176508820950278533, 419.6790967410228177 ) ) ;
#658 = CARTESIAN_POINT ( 'NONE',  ( 300.4064670627524833, 5.637098216060231870, 228.5956354670508119 ) ) ;
#659 = CARTESIAN_POINT ( 'NONE',  ( 193.3333333323510317, 16.73177006838016467, 291.1673851077070481 ) ) ;
#660 = CARTESIAN_POINT ( 'NONE',  ( 152.6333333326425361, -6.989371167354402559, 363.3813886819646655 ) ) ;
#661 = VERTEX_POINT ( 'NONE', #2437 ) ;
#662 = CARTESIAN_POINT ( 'NONE',  ( 285.9224417682268040, 0.2637074045244974796, 218.7669161025520168 ) ) ;
#663 = CARTESIAN_POINT ( 'NONE',  ( 286.1396633689934106, -2.409713333108896016, 225.2271147645523968 ) ) ;
#664 = ORIENTED_EDGE ( 'NONE', *, *, #1511, .T. ) ;
#665 = DIRECTION ( 'NONE',  ( 0.000000000000000000, 0.000000000000000000, 1.000000000000000000 ) ) ;
#666 = ORIENTED_EDGE ( 'NONE', *, *, #481, .T. ) ;
#667 = CARTESIAN_POINT ( 'NONE',  ( 151.1999999999999886, 4.474332807188248218, 319.8817145493894145 ) ) ;
#668 = CARTESIAN_POINT ( 'NONE',  ( 151.1999999999999886, -7.362471019865635569, 280.6892563917959933 ) ) ;
#669 = CARTESIAN_POINT ( 'NONE',  ( 386.6666666647018928, -5.530142459485384521, 406.8380078360256675 ) ) ;
#670 = CARTESIAN_POINT ( 'NONE',  ( 295.6220341717677229, 1.347192223683072898, 221.5927001518035127 ) ) ;
#671 = CARTESIAN_POINT ( 'NONE',  ( 579.9999999970532372, -4.411656509256205005, 398.4873859567278487 ) ) ;
#672 = DIRECTION ( 'NONE',  ( -1.000000000000000000, 0.000000000000000000, 0.000000000000000000 ) ) ;
#673 = CARTESIAN_POINT ( 'NONE',  ( 193.3333333323510885, 13.87615993987009766, 323.4795464500552384 ) ) ;
#674 = VECTOR ( 'NONE', #1189, 1000.000000000000000 ) ;
#675 = CARTESIAN_POINT ( 'NONE',  ( 305.0370945548289114, -6.319530686294738686, 304.5604686015921629 ) ) ;
#676 = CARTESIAN_POINT ( 'NONE',  ( 286.1911709734804958, 2.191919025206647387, 220.0836378928007093 ) ) ;
#677 = APPLICATION_CONTEXT ( 'automotive_design' ) ;
#678 = LINE ( 'NONE', #2232, #1430 ) ;
#679 = CARTESIAN_POINT ( 'NONE',  ( 290.8931884140260991, -1.725858469017728103, 223.2390231089084978 ) ) ;
#680 = VERTEX_POINT ( 'NONE', #1521 ) ;
#681 = CARTESIAN_POINT ( 'NONE',  ( 292.0325170019081042, 3.304591160881626521, 223.7010539883717968 ) ) ;
#682 =( NAMED_UNIT ( * ) SI_UNIT ( $, .STERADIAN. ) SOLID_ANGLE_UNIT ( ) );
#683 = CARTESIAN_POINT ( 'NONE',  ( 151.1999999999999886, -6.996705391329571810, 363.3813886722097664 ) ) ;
#684 = CARTESIAN_POINT ( 'NONE',  ( 386.6666666647022339, -5.677728190836611510, 385.5240380374953020 ) ) ;
#685 = ADVANCED_FACE ( 'NONE', ( #638 ), #2606, .F. ) ;
#686 = CARTESIAN_POINT ( 'NONE',  ( 286.0817295479139943, 0.005540230918557825443, 219.9575746821419386 ) ) ;
#687 =( BOUNDED_SURFACE ( )  B_SPLINE_SURFACE ( 3, 2, ( 
 ( #2507, #1370, #323 ),
 ( #526, #1407, #270 ),
 ( #703, #1581, #2468 ),
 ( #1154, #2042, #52 ) ),
 .UNSPECIFIED., .F., .F., .F. ) 
 B_SPLINE_SURFACE_WITH_KNOTS ( ( 4, 4 ),
 ( 3, 3 ),
 ( 0.2496831714512448841, 0.2517330756705309924 ),
 ( 0.000000000000000000, 1.000000000000000000 ),
 .UNSPECIFIED. ) 
 GEOMETRIC_REPRESENTATION_ITEM ( )  RATIONAL_B_SPLINE_SURFACE ( (
 ( 1.000000000000000000, 0.7080209749537987873, 1.000000000000000000),
 ( 1.000000000000000000, 0.7080206857497686190, 1.000000000000000000),
 ( 1.000000000000000000, 0.7080203960145736719, 1.000000000000000000),
 ( 1.000000000000000000, 0.7080201057454625913, 1.000000000000000000) ) ) 
 REPRESENTATION_ITEM ( '' )  SURFACE ( )  );
#688 = CARTESIAN_POINT ( 'NONE',  ( 579.9999999970530098, -2.772280013143109123, 395.1761131678124457 ) ) ;
#689 = LINE ( 'NONE', #1345, #1024 ) ;
#690 = CARTESIAN_POINT ( 'NONE',  ( 0.000000000000000000, 9.913730116561376704, 364.5373084075129100 ) ) ;
#691 = EDGE_CURVE ( 'NONE', #2033, #661, #32, .T. ) ;
#692 = FACE_OUTER_BOUND ( 'NONE', #762, .T. ) ;
#693 = EDGE_CURVE ( 'NONE', #292, #2665, #2727, .T. ) ;
#694 = EDGE_LOOP ( 'NONE', ( #803, #2652, #535, #2373 ) ) ;
#695 = CARTESIAN_POINT ( 'NONE',  ( 290.9046288903264781, -2.885981156483272247, 227.9226367955991464 ) ) ;
#696 = VECTOR ( 'NONE', #2359, 1000.000000000000000 ) ;
#697 = ORIENTED_EDGE ( 'NONE', *, *, #1511, .F. ) ;
#698 = CARTESIAN_POINT ( 'NONE',  ( 151.1999999999999886, 0.000000000000000000, 0.000000000000000000 ) ) ;
#699 = CARTESIAN_POINT ( 'NONE',  ( 151.1999999999999886, 0.5975986629158585028, 350.1482087289370497 ) ) ;
#700 = CARTESIAN_POINT ( 'NONE',  ( 157.9587155594606998, -6.902980478609242354, 373.5320810815143773 ) ) ;
#701 = B_SPLINE_CURVE_WITH_KNOTS ( 'NONE', 3,
 ( #1250, #379, #1006, #1696, #159, #1461, #788, #799, #814, #993, #759, #2565 ),
 .UNSPECIFIED., .F., .F.,
 ( 4, 1, 1, 1, 1, 1, 1, 1, 1, 4 ),
 ( 0.002685624570923713424, 0.004127304345338050733, 0.009228243708761314085, 0.01552687401882228528, 0.02299428982183309572, 0.03157767190896292736, 0.04115982065552753477, 0.05162755460617304837, 0.06284880783176126362, 0.06842143467636459253 ),
 .UNSPECIFIED. ) ;
#702 = CARTESIAN_POINT ( 'NONE',  ( 386.6666666647018360, -5.887203071725788384, 347.4091257492923432 ) ) ;
#703 = CARTESIAN_POINT ( 'NONE',  ( 309.3761837495588338, -6.541703525927303531, 299.8868860741180811 ) ) ;
#704 = EDGE_CURVE ( 'NONE', #2329, #404, #906, .T. ) ;
#705 = CARTESIAN_POINT ( 'NONE',  ( 290.8407165973936230, -0.02389621158337195198, 220.2726260939440976 ) ) ;
#706 = EDGE_CURVE ( 'NONE', #202, #219, #2492, .T. ) ;
#707 = CARTESIAN_POINT ( 'NONE',  ( 193.3333333323510317, 1.503725608321301310, 399.3537027180361179 ) ) ;
#708 = CARTESIAN_POINT ( 'NONE',  ( 160.3999999999999773, 85.00000000000000000, 233.8566351996881565 ) ) ;
#709 = CARTESIAN_POINT ( 'NONE',  ( 579.9999999970528961, 11.62353847066273715, 274.5007389497849886 ) ) ;
#710 = CARTESIAN_POINT ( 'NONE',  ( 305.0370945548289114, -8.328151106786142677, 303.1714266139063625 ) ) ;
#711 = ORIENTED_EDGE ( 'NONE', *, *, #596, .T. ) ;
#712 = CARTESIAN_POINT ( 'NONE',  ( 300.4225613197060056, -2.474959315826268824, 226.5891399489035791 ) ) ;
#713 = ORIENTED_EDGE ( 'NONE', *, *, #1354, .F. ) ;
#714 = CARTESIAN_POINT ( 'NONE',  ( 151.2000000009300038, -6.933790667675715724, 374.1813886822074551 ) ) ;
#715 = CARTESIAN_POINT ( 'NONE',  ( 151.1999999999999886, 9.506507497832631159, 223.9315098817097294 ) ) ;
#716 = CARTESIAN_POINT ( 'NONE',  ( 160.4000000000000057, -6.913064342798682205, 369.6049178556420998 ) ) ;
#717 = CARTESIAN_POINT ( 'NONE',  ( 154.0666667916054848, -6.487214701069478728, 239.7566351996881622 ) ) ;
#718 = CARTESIAN_POINT ( 'NONE',  ( 286.0801130339256702, -0.02356738791039606623, 219.9525365785326585 ) ) ;
#719 = CARTESIAN_POINT ( 'NONE',  ( 193.3333333323509748, -3.838522145386324969, 429.4299400882140958 ) ) ;
#720 = CARTESIAN_POINT ( 'NONE',  ( 118.4367889235229967, -3.525667192811752226, 0.000000000000000000 ) ) ;
#721 = CARTESIAN_POINT ( 'NONE',  ( 579.9999999970532372, -0.04621037551902798524, 379.9087948609357568 ) ) ;
#722 = CARTESIAN_POINT ( 'NONE',  ( 308.0232685969787667, -6.350947896938374804, 300.7585063739589373 ) ) ;
#723 = EDGE_LOOP ( 'NONE', ( #1633, #2516, #2800, #2449, #1686, #1752, #711, #2261, #919, #423, #1772, #1105, #1531, #2761, #2388, #385, #1069, #1871, #958, #2019, #1757, #1565, #574, #74 ) ) ;
#724 = CARTESIAN_POINT ( 'NONE',  ( 290.9140415322022477, -5.191934482824445141, 260.8219690961599326 ) ) ;
#725 = ORIENTED_EDGE ( 'NONE', *, *, #387, .T. ) ;
#726 = FACE_BOUND ( 'NONE', #103, .T. ) ;
#727 = CARTESIAN_POINT ( 'NONE',  ( 157.6737124297803234, -6.903569358402646294, 373.6844216477225586 ) ) ;
#728 = CARTESIAN_POINT ( 'NONE',  ( 155.4999999999999716, 13.53169835144214872, 239.7566351996881906 ) ) ;
#729 = CARTESIAN_POINT ( 'NONE',  ( 286.0797711596952695, -0.03028376542942557564, 219.9518751395465870 ) ) ;
#730 = CARTESIAN_POINT ( 'NONE',  ( 579.9999999970528961, -5.011717794592429165, 272.9486295801441429 ) ) ;
#731 = DIRECTION ( 'NONE',  ( -1.000000000000000000, 0.000000000000000000, 0.000000000000000000 ) ) ;
#732 = CARTESIAN_POINT ( 'NONE',  ( 579.9999999970527824, -4.352006386214562816, 404.0986377003519578 ) ) ;
#733 = FACE_BOUND ( 'NONE', #321, .T. ) ;
#734 = VERTEX_POINT ( 'NONE', #411 ) ;
#735 = CARTESIAN_POINT ( 'NONE',  ( 151.1999999999999886, 3.443088007130913120, 253.6429071604394210 ) ) ;
#736 = EDGE_LOOP ( 'NONE', ( #2462, #2234, #1717, #2201 ) ) ;
#737 = DIRECTION ( 'NONE',  ( 1.000000000000000000, -0.000000000000000000, -0.000000000000000000 ) ) ;
#738 = B_SPLINE_CURVE_WITH_KNOTS ( 'NONE', 3,
 ( #2260, #660, #1375, #28 ),
 .UNSPECIFIED., .F., .F.,
 ( 4, 4 ),
 ( 4.163372482259896568E-16, 0.004300056290301337673 ),
 .UNSPECIFIED. ) ;
#739 = CARTESIAN_POINT ( 'NONE',  ( 305.0370945548288546, -6.549649335474438949, 304.4638140522699814 ) ) ;
#740 = FACE_OUTER_BOUND ( 'NONE', #1203, .T. ) ;
#741 = DIRECTION ( 'NONE',  ( 0.000000000000000000, -1.000000000000000000, 0.000000000000000000 ) ) ;
#742 = CARTESIAN_POINT ( 'NONE',  ( 295.6010400164534531, -0.04084381985530045889, 220.5923445962086475 ) ) ;
#743 = EDGE_CURVE ( 'NONE', #1842, #2263, #872, .T. ) ;
#744 = CARTESIAN_POINT ( 'NONE',  ( 193.3333333323509180, -6.836737455847012868, 354.0694408174593946 ) ) ;
#745 = CARTESIAN_POINT ( 'NONE',  ( 151.1999999999999886, 0.000000000000000000, 321.8817145493894145 ) ) ;
#746 = CARTESIAN_POINT ( 'NONE',  ( 193.3333333323511170, -5.787028705682168983, 439.6978874405062356 ) ) ;
#747 = AXIS2_PLACEMENT_3D ( 'NONE', #534, #545, #1843 ) ;
#748 = CARTESIAN_POINT ( 'NONE',  ( 579.9999999970530098, 0.4218217482621807735, 238.5244780359223853 ) ) ;
#749 = CARTESIAN_POINT ( 'NONE',  ( 300.4352486591381535, -5.144920668157870303, 261.1553123871281628 ) ) ;
#750 = ORIENTED_EDGE ( 'NONE', *, *, #1812, .F. ) ;
#751 = AXIS2_PLACEMENT_3D ( 'NONE', #929, #672, #2686 ) ;
#752 = CARTESIAN_POINT ( 'NONE',  ( 298.7840675646974091, -5.047387465208630353, 256.7823624959286803 ) ) ;
#753 = DIRECTION ( 'NONE',  ( -0.9798025319616462392, -3.152571792354810832E-17, 0.1999674932621483270 ) ) ;
#754 = FACE_OUTER_BOUND ( 'NONE', #278, .T. ) ;
#755 = CARTESIAN_POINT ( 'NONE',  ( 286.1135692841512537, -0.6918335098094984259, 220.4159032287785749 ) ) ;
#756 = CARTESIAN_POINT ( 'NONE',  ( 193.3333333323509464, -7.154764304304089606, 292.9608285418079276 ) ) ;
#757 = CARTESIAN_POINT ( 'NONE',  ( 286.5790862120847464, 2.316049056527824224, 221.9843484871599344 ) ) ;
#758 = CARTESIAN_POINT ( 'NONE',  ( 386.6666666647022339, -4.098509801975090738, 416.3470041637490908 ) ) ;
#759 = CARTESIAN_POINT ( 'NONE',  ( 151.1999999999998465, -6.923253226607887889, 376.0371928248050608 ) ) ;
#760 = CARTESIAN_POINT ( 'NONE',  ( 0.000000000000000000, -3.869566342698527173E-11, 199.5133111311278071 ) ) ;
#761 = CARTESIAN_POINT ( 'NONE',  ( 295.6730337017252168, -4.603104575845405222, 245.0067668278902318 ) ) ;
#762 = EDGE_LOOP ( 'NONE', ( #2002, #2097, #896, #1149 ) ) ;
#763 = CARTESIAN_POINT ( 'NONE',  ( 305.4346340327140865, -6.523254740651745820, 310.3870575881511513 ) ) ;
#764 = APPLICATION_PROTOCOL_DEFINITION ( 'draft international standard', 'automotive_design', 1998, #677 ) ;
#765 = VECTOR ( 'NONE', #118, 1000.000000000000000 ) ;
#766 = DIRECTION ( 'NONE',  ( -1.000000000000000000, 0.000000000000000000, 0.000000000000000000 ) ) ;
#767 = CARTESIAN_POINT ( 'NONE',  ( 160.3999999999999773, 7.229520139504050036, 368.6147305763217901 ) ) ;
#768 = ORIENTED_EDGE ( 'NONE', *, *, #921, .F. ) ;
#769 = VECTOR ( 'NONE', #1187, 1000.000000000000000 ) ;
#770 = EDGE_CURVE ( 'NONE', #352, #2796, #2316, .T. ) ;
#771 = CARTESIAN_POINT ( 'NONE',  ( 386.6666666647020634, -6.133868915404450561, 305.0780289475609379 ) ) ;
#772 = CARTESIAN_POINT ( 'NONE',  ( 286.1666796025168082, 0.01143446892609877898, 219.9636348518565967 ) ) ;
#773 = CARTESIAN_POINT ( 'NONE',  ( 308.0350888193689798, -4.810009323033864526, 301.8688076412481678 ) ) ;
#774 = CARTESIAN_POINT ( 'NONE',  ( 386.6666666647020634, 3.173329659270263559, 227.8570020030838919 ) ) ;
#775 = ADVANCED_FACE ( 'NONE', ( #2734 ), #1860, .F. ) ;
#776 = CARTESIAN_POINT ( 'NONE',  ( 151.1999999999999886, 85.00000000000000000, 363.3813886722097664 ) ) ;
#777 = ORIENTED_EDGE ( 'NONE', *, *, #2324, .F. ) ;
#778 = CARTESIAN_POINT ( 'NONE',  ( 307.0706286958698570, -6.508620031496206160, 311.7285668794709750 ) ) ;
#779 = CARTESIAN_POINT ( 'NONE',  ( 151.1999999999999318, -1.524912410620376857, 419.6894540093302339 ) ) ;
#780 = CARTESIAN_POINT ( 'NONE',  ( 310.0268985649409501, -4.538356165661213026, 301.8817145493894145 ) ) ;
#781 = VECTOR ( 'NONE', #603, 1000.000000000000000 ) ;
#782 = ORIENTED_EDGE ( 'NONE', *, *, #1909, .T. ) ;
#783 = AXIS2_PLACEMENT_3D ( 'NONE', #1376, #2049, #1031 ) ;
#784 = CARTESIAN_POINT ( 'NONE',  ( 193.3333333323510317, -7.146172102861043207, 281.4362150807652938 ) ) ;
#785 = CARTESIAN_POINT ( 'NONE',  ( 286.9023771401254521, 3.450135053879358260, 223.5684123001687453 ) ) ;
#786 = ADVANCED_FACE ( 'NONE', ( #754 ), #2721, .F. ) ;
#787 = DIRECTION ( 'NONE',  ( -6.454785026890405981E-15, 0.000000000000000000, 1.000000000000000000 ) ) ;
#788 = CARTESIAN_POINT ( 'NONE',  ( 151.1999999999997897, -6.741419613197425775, 410.6567025400649413 ) ) ;
#789 = CARTESIAN_POINT ( 'NONE',  ( 160.4000000000000057, -6.147800886405082821, 234.8566351996881281 ) ) ;
#790 = CARTESIAN_POINT ( 'NONE',  ( 308.0370945548289114, -3.525667192811752226, 308.8817145493894145 ) ) ;
#791 = VERTEX_POINT ( 'NONE', #2771 ) ;
#792 = CARTESIAN_POINT ( 'NONE',  ( 307.1144661817994006, -6.551232587460041223, 300.6481646079818688 ) ) ;
#793 = EDGE_CURVE ( 'NONE', #1502, #1417, #2113, .T. ) ;
#794 = CARTESIAN_POINT ( 'NONE',  ( 579.9999999970532372, 5.400585436222888447, 245.2695254820144157 ) ) ;
#795 = CARTESIAN_POINT ( 'NONE',  ( 118.4367889235229967, 4.474332807188248218, 293.8817145493893577 ) ) ;
#796 = ORIENTED_EDGE ( 'NONE', *, *, #2047, .F. ) ;
#797 = CARTESIAN_POINT ( 'NONE',  ( 579.9999999970528961, -4.260065142064195953, 254.4223368971198056 ) ) ;
#798 = DIRECTION ( 'NONE',  ( 1.000000000000000000, -0.000000000000000000, -0.000000000000000000 ) ) ;
#799 = CARTESIAN_POINT ( 'NONE',  ( 151.1999999999998749, -6.793046865735558271, 401.1230401611554726 ) ) ;
#800 = CARTESIAN_POINT ( 'NONE',  ( 579.9999999970526687, 12.21604645281511381, 288.0486393700726353 ) ) ;
#801 = LINE ( 'NONE', #613, #370 ) ;
#802 = CARTESIAN_POINT ( 'NONE',  ( 310.0370945548290820, -6.334309617334390907, 300.7714115562475286 ) ) ;
#803 = ORIENTED_EDGE ( 'NONE', *, *, #2018, .F. ) ;
#804 = CARTESIAN_POINT ( 'NONE',  ( 305.6539873302912724, -6.520625078293192267, 310.7146516432014778 ) ) ;
#805 = CARTESIAN_POINT ( 'NONE',  ( 286.1188656568364195, -0.7794109903484762736, 220.5425949891183564 ) ) ;
#806 = CARTESIAN_POINT ( 'NONE',  ( 386.6666666647019497, 0.5029398384553279699, 225.5266254785185254 ) ) ;
#807 = CARTESIAN_POINT ( 'NONE',  ( 155.4999999999999716, 13.53169835144214872, 239.7566351996881906 ) ) ;
#808 = VERTEX_POINT ( 'NONE', #573 ) ;
#809 = CARTESIAN_POINT ( 'NONE',  ( 157.0860841324643786, -6.452922343168220110, 239.5038074375853796 ) ) ;
#810 = CARTESIAN_POINT ( 'NONE',  ( 193.3333333323509748, -6.706862923142622002, 250.7127431795906887 ) ) ;
#811 = DIRECTION ( 'NONE',  ( -0.000000000000000000, -1.000000000000000000, 2.891205793294675861E-16 ) ) ;
#812 = CARTESIAN_POINT ( 'NONE',  ( 118.4367889235229967, 6.474332807188248218, 319.8817145493894145 ) ) ;
#813 = CIRCLE ( 'NONE', #1795, 4.300000000000025580 ) ;
#814 = CARTESIAN_POINT ( 'NONE',  ( 151.1999999999997613, -6.843835650728760100, 390.7084839786986663 ) ) ;
#815 = CARTESIAN_POINT ( 'NONE',  ( 579.9999999970532372, 9.121458547516446913, 257.3579398412701380 ) ) ;
#816 = CARTESIAN_POINT ( 'NONE',  ( 295.6530720705824820, 8.082405874191241679, 234.7420618883938914 ) ) ;
#817 = DIRECTION ( 'NONE',  ( 0.000000000000000000, 0.000000000000000000, -1.000000000000000000 ) ) ;
#818 = DIRECTION ( 'NONE',  ( -1.000000000000000000, 0.000000000000000000, 0.000000000000000000 ) ) ;
#819 = ORIENTED_EDGE ( 'NONE', *, *, #90, .T. ) ;
#820 = CARTESIAN_POINT ( 'NONE',  ( 307.6556138770065445, -6.549715037140191320, 300.1873214531354392 ) ) ;
#821 = EDGE_CURVE ( 'NONE', #14, #947, #1183, .T. ) ;
#822 = CARTESIAN_POINT ( 'NONE',  ( 300.3723539294269926, -0.3220552992077825305, 221.0107435111622465 ) ) ;
#823 = CARTESIAN_POINT ( 'NONE',  ( 158.7609593385197684, 13.22203541832312723, 238.5278940756152508 ) ) ;
#824 = ORIENTED_EDGE ( 'NONE', *, *, #318, .T. ) ;
#825 = CARTESIAN_POINT ( 'NONE',  ( 160.4000000000000057, -6.147800886405082821, 234.8566351996881281 ) ) ;
#826 = CARTESIAN_POINT ( 'NONE',  ( 386.6666666647018928, -5.975492132353124930, 266.5706856483420211 ) ) ;
#827 = CARTESIAN_POINT ( 'NONE',  ( 386.6666666647022339, -5.483459774955862009, 251.0186217847534920 ) ) ;
#828 = CARTESIAN_POINT ( 'NONE',  ( 295.6180084679791662, 0.6393277873199498806, 220.9833947959900513 ) ) ;
#829 = CARTESIAN_POINT ( 'NONE',  ( 0.000000000000000000, 12.00859590623730000, 351.6479129724376662 ) ) ;
#830 = CARTESIAN_POINT ( 'NONE',  ( 290.8931862507604365, 8.405761784277769877, 235.4255561186579087 ) ) ;
#831 = CARTESIAN_POINT ( 'NONE',  ( 151.1999999999999886, 6.474332807188248218, 319.8817145493894145 ) ) ;
#832 = CARTESIAN_POINT ( 'NONE',  ( 310.0370945548290820, -5.766906698112125085, 301.4812081035605047 ) ) ;
#833 = ORIENTED_EDGE ( 'NONE', *, *, #1713, .T. ) ;
#834 = CARTESIAN_POINT ( 'NONE',  ( 286.1416062281781478, 12.88660166146994968, 256.6943332272823568 ) ) ;
#835 = CARTESIAN_POINT ( 'NONE',  ( 295.6492341515361204, -1.027693882677568338, 221.7250885350337342 ) ) ;
#836 = CARTESIAN_POINT ( 'NONE',  ( 286.1907401134644147, 0.2654859342762101448, 220.0815267609966384 ) ) ;
#837 = CARTESIAN_POINT ( 'NONE',  ( 156.7979686508456325, 10.96021288240852165, 229.1202978418332634 ) ) ;
#838 = ORIENTED_EDGE ( 'NONE', *, *, #1424, .T. ) ;
#839 = CARTESIAN_POINT ( 'NONE',  ( 310.0370945548287978, -5.575691017975184849, 424.3047718121952130 ) ) ;
#840 = CARTESIAN_POINT ( 'NONE',  ( 310.0370945548290820, -0.05861905601771493640, 399.7244595998214436 ) ) ;
#841 = CARTESIAN_POINT ( 'NONE',  ( 193.3333333323509464, -1.689577546666605867, 213.0401703756483016 ) ) ;
#842 = CARTESIAN_POINT ( 'NONE',  ( 155.4999999999999716, -6.974703124247014330, 363.3813886722097664 ) ) ;
#843 = CARTESIAN_POINT ( 'NONE',  ( 295.6148770554789849, 0.3850576767750084062, 220.7937425612304310 ) ) ;
#844 = CARTESIAN_POINT ( 'NONE',  ( 386.6666666647020634, 14.37424184543503181, 276.2848736422494653 ) ) ;
#845 = CARTESIAN_POINT ( 'NONE',  ( 286.1371048269429593, 10.47027427443476455, 242.8825626478231925 ) ) ;
#846 = CARTESIAN_POINT ( 'NONE',  ( 287.3515308418195673, -3.741795323628476222, 225.7691796698070732 ) ) ;
#847 = LINE ( 'NONE', #2795, #2794 ) ;
#848 = VERTEX_POINT ( 'NONE', #2069 ) ;
#849 = CARTESIAN_POINT ( 'NONE',  ( 285.9494952983546909, 0.6357853326132753002, 218.8994732341403164 ) ) ;
#850 = CARTESIAN_POINT ( 'NONE',  ( 286.1020332525766889, -0.5173377571269623942, 220.2030998050807966 ) ) ;
#851 = LINE ( 'NONE', #1972, #2239 ) ;
#852 = CARTESIAN_POINT ( 'NONE',  ( 157.1070599022908709, 10.98080297804916761, 229.2164311992671912 ) ) ;
#853 = ORIENTED_EDGE ( 'NONE', *, *, #706, .F. ) ;
#854 = CARTESIAN_POINT ( 'NONE',  ( 156.1425517412319266, -5.713965153705851563, 228.9884514816640433 ) ) ;
#855 = CARTESIAN_POINT ( 'NONE',  ( 310.0370945548289683, -6.492721997814469681, 311.8817145493895850 ) ) ;
#856 = B_SPLINE_SURFACE_WITH_KNOTS ( 'NONE', 3, 3, ( 
 ( #2321, #2284, #340, #760 ),
 ( #748, #108, #1879, #1007 ),
 ( #2755, #305, #2766, #2543 ),
 ( #2074, #774, #1669, #84 ),
 ( #1631, #1413, #2298, #319 ),
 ( #1200, #544, #1426, #1711 ),
 ( #396, #197, #2183, #2789 ),
 ( #146, #2595, #1065, #2361 ),
 ( #815, #1731, #860, #131 ),
 ( #1748, #1282, #594, #415 ),
 ( #2627, #179, #580, #1080 ),
 ( #1918, #1697, #626, #611 ),
 ( #1462, #844, #1966, #2582 ),
 ( #800, #2167, #1476, #2838 ),
 ( #1492, #1019, #1933, #161 ),
 ( #642, #2149, #1527, #363 ),
 ( #2378, #1903, #2775, #381 ),
 ( #1049, #1267, #2411, #2566 ),
 ( #1950, #2805, #1300, #1237 ),
 ( #2821, #2346, #2119, #829 ),
 ( #1251, #2611, #1683, #1033 ),
 ( #1509, #2134, #2394, #1330 ),
 ( #2685, #226, #1555, #2470 ),
 ( #1095, #2044, #2441, #442 ),
 ( #2854, #910, #707, #928 ),
 ( #2658, #2009, #489, #2672 ),
 ( #1372, #2197, #2225, #1156 ),
 ( #2211, #2698, #242, #1825 ),
 ( #688, #457, #719, #941 ),
 ( #1110, #54, #472, #1570 ),
 ( #1763, #1598, #1993, #10 ),
 ( #2642, #1780, #428, #892 ),
 ( #1316, #211, #1583, #1978 ),
 ( #2456, #1359, #2242, #875 ),
 ( #2257, #657, #1809, #1344 ),
 ( #671, #256, #1142, #273 ),
 ( #2028, #1541, #2426, #1127 ),
 ( #25, #41, #1793, #1626 ),
 ( #953, #2058, #92, #1876 ),
 ( #514, #1850, #1197, #2538 ),
 ( #116, #1653, #1384, #1410 ),
 ( #1638, #337, #2082, #315 ),
 ( #1170, #2483, #2523, #1838 ),
 ( #503, #977, #1209, #327 ),
 ( #2103, #1864, #744, #541 ),
 ( #967, #2711, #2723, #1003 ),
 ( #2091, #1888, #2762, #2751 ),
 ( #551, #2737, #1421, #2305 ),
 ( #2511, #771, #287, #989 ),
 ( #2281, #301, #756, #104 ),
 ( #529, #1434, #784, #2318 ),
 ( #1184, #1222, #2269, #66 ),
 ( #730, #1612, #2497, #1395 ),
 ( #2071, #81, #2295, #413 ),
 ( #2803, #827, #624, #2608 ),
 ( #797, #576, #157, #1488 ),
 ( #2130, #1247, #2165, #1297 ),
 ( #2330, #2181, #1709, #1030 ),
 ( #1506, #195, #608, #1016 ),
 ( #360, #2343, #142, #1063 ),
 ( #376, #1900, #1279, #1234 ),
 ( #2593, #2578, #177, #1680 ),
 ( #2376, #393, #2392, #2357 ) ),
 .UNSPECIFIED., .T., .F., .F.,
 ( 4, 1, 1, 1, 1, 1, 1, 1, 1, 1, 1, 1, 1, 1, 1, 1, 1, 1, 1, 1, 1, 1, 1, 1, 1, 1, 1, 1, 1, 1, 1, 1, 1, 1, 1, 1, 1, 1, 1, 1, 1, 1, 1, 1, 1, 1, 1, 1, 1, 1, 1, 1, 1, 1, 1, 1, 1, 1, 1, 1, 4 ),
 ( 4, 4 ),
 ( 0.000000000000000000, 0.003860322318652631424, 0.009394797800600040993, 0.01667682966515771081, 0.02574601821153910119, 0.03660292795654351838, 0.04920899649386034636, 0.06349082326102040152, 0.07934674930367069390, 0.09664596362268917940, 0.1152362930771427818, 0.1349489434337972638, 0.1556634120433916246, 0.1773331524001592330, 0.1998829210885900709, 0.2232120323077090296, 0.2472101962221454619, 0.2717419340733749911, 0.2965571596970338897, 0.3213261058738797749, 0.3457060309687295385, 0.3693717206835468447, 0.3919905574059651121, 0.4132492025566901761, 0.4328580350888563411, 0.4505322894011315471, 0.4660166644726876362, 0.4791302729403160710, 0.4897712402210446792, 0.4977451439687686774, 0.5027415987227935590, 0.5044506879271154487, 0.5061687141980233395, 0.5111726415984217953, 0.5191493344995530279, 0.5297856188872963612, 0.5429192827985859227, 0.5584900536828429907, 0.5763877949385057819, 0.5963681263741105187, 0.6181950463317675837, 0.6415931759684508906, 0.6662720753110366045, 0.6919362323365962908, 0.7182704540732928189, 0.7449493915174514314, 0.7716573823196638537, 0.7980689496398100102, 0.8238682316128342897, 0.8487443405748122949, 0.8724112732714405238, 0.8945985341559141713, 0.9150565674164555796, 0.9335822461452389920, 0.9499859994824328968, 0.9641230260458010237, 0.9759079492932850597, 0.9852880743758861692, 0.9922841994269310240, 0.9970173798615488137, 1.000000000000000000 ),
 ( 0.000000000000000000, 1.000000000000000000 ),
 .UNSPECIFIED. ) ;
#857 = CARTESIAN_POINT ( 'NONE',  ( 386.6666666647018928, -5.775366431396394162, 258.4073362631827990 ) ) ;
#858 = CARTESIAN_POINT ( 'NONE',  ( 160.3999999999999204, -6.922645562710883382, 367.9578531991249406 ) ) ;
#859 = CARTESIAN_POINT ( 'NONE',  ( 290.8614306082997132, 1.355181048826618495, 221.2774648694097834 ) ) ;
#860 = CARTESIAN_POINT ( 'NONE',  ( 193.3333333323510885, 12.62964796733158579, 238.6057420120377230 ) ) ;
#861 = CARTESIAN_POINT ( 'NONE',  ( 295.6495292959793915, 6.786519052444853983, 231.0192929474589505 ) ) ;
#862 = CARTESIAN_POINT ( 'NONE',  ( 579.9999999970528961, 7.980006272893821695, 252.7075933310317168 ) ) ;
#863 = AXIS2_PLACEMENT_3D ( 'NONE', #1656, #2726, #1615 ) ;
#864 = CARTESIAN_POINT ( 'NONE',  ( 297.0616626178996285, 3.443088007130913120, 248.3429071604394096 ) ) ;
#865 = ORIENTED_EDGE ( 'NONE', *, *, #821, .T. ) ;
#866 = CARTESIAN_POINT ( 'NONE',  ( 295.6605467784993380, 11.54800176025645975, 249.1948816384271197 ) ) ;
#867 = CARTESIAN_POINT ( 'NONE',  ( 295.6676510648863427, -3.349564143590515908, 231.1420271071229138 ) ) ;
#868 = ORIENTED_EDGE ( 'NONE', *, *, #1644, .T. ) ;
#869 = CARTESIAN_POINT ( 'NONE',  ( 160.4000000000000341, -6.920759346424318004, 368.2813886722097436 ) ) ;
#870 = ORIENTED_EDGE ( 'NONE', *, *, #1727, .T. ) ;
#871 = CARTESIAN_POINT ( 'NONE',  ( 300.0000000000000000, 0.5975986629158585028, 350.1482087289370497 ) ) ;
#872 = LINE ( 'NONE', #1759, #2701 ) ;
#873 = CARTESIAN_POINT ( 'NONE',  ( 579.9999999970528961, -4.260065142064195953, 254.4223368971198056 ) ) ;
#874 = CARTESIAN_POINT ( 'NONE',  ( 295.6189740334330622, 0.8246961234753823478, 221.1345644261961354 ) ) ;
#875 = CARTESIAN_POINT ( 'NONE',  ( 0.000000000000000000, -6.762496706386333045, 458.2302927968000859 ) ) ;
#876 = CARTESIAN_POINT ( 'NONE',  ( 290.8802164042373875, 4.389239519498890907, 225.4028219087186358 ) ) ;
#877 = CARTESIAN_POINT ( 'NONE',  ( 0.000000000000000000, 12.00859590623730000, 351.6479129724376662 ) ) ;
#878 = CARTESIAN_POINT ( 'NONE',  ( 305.0370945548289114, -6.502054786915827833, 300.3928779020719162 ) ) ;
#879 = ORIENTED_EDGE ( 'NONE', *, *, #271, .T. ) ;
#880 = CARTESIAN_POINT ( 'NONE',  ( 286.8562970384181199, 4.730328228372159494, 223.3426286010817421 ) ) ;
#881 = CARTESIAN_POINT ( 'NONE',  ( 290.9083504575374945, -3.618147827609428102, 232.8328299873385561 ) ) ;
#882 = VERTEX_POINT ( 'NONE', #1454 ) ;
#883 = CARTESIAN_POINT ( 'NONE',  ( 155.5000000009300436, -6.911842983935365226, 374.1813886722098914 ) ) ;
#884 = ORIENTED_EDGE ( 'NONE', *, *, #2639, .T. ) ;
#885 = AXIS2_PLACEMENT_3D ( 'NONE', #48, #2769, #2570 ) ;
#886 = CARTESIAN_POINT ( 'NONE',  ( 151.1999999999999886, -7.278979150394943254, 317.4786110275292685 ) ) ;
#887 = EDGE_CURVE ( 'NONE', #2744, #332, #1444, .T. ) ;
#888 = CARTESIAN_POINT ( 'NONE',  ( 579.9999999970526687, -5.051091561309488220, 323.0149168784112135 ) ) ;
#889 = CARTESIAN_POINT ( 'NONE',  ( 290.8578882311840061, 0.7386899885058972881, 220.7415948726771830 ) ) ;
#890 = VECTOR ( 'NONE', #737, 1000.000000000000000 ) ;
#891 =( BOUNDED_SURFACE ( )  B_SPLINE_SURFACE ( 3, 2, ( 
 ( #1813, #2702, #1574 ),
 ( #259, #1387, #1587 ),
 ( #2459, #2444, #1783 ),
 ( #944, #476, #1145 ),
 ( #1113, #1362, #2246 ),
 ( #1828, #2032, #1130 ),
 ( #506, #2645, #675 ),
 ( #44, #931, #277 ),
 ( #291, #1561, #461 ),
 ( #1347, #229, #2229 ),
 ( #245, #2474, #2272 ),
 ( #2688, #1160, #710 ),
 ( #2012, #1174, #493 ),
 ( #1544, #2048, #58 ),
 ( #722, #914, #1797 ),
 ( #1601, #2676, #2487 ),
 ( #2857, #878, #1767 ),
 ( #2429, #446, #1996 ),
 ( #13, #895, #2514 ),
 ( #2553, #2527, #1841 ) ),
 .UNSPECIFIED., .F., .F., .F. ) 
 B_SPLINE_SURFACE_WITH_KNOTS ( ( 4, 2, 2, 2, 2, 2, 2, 2, 2, 4 ),
 ( 3, 3 ),
 ( 0.01615145117533918137, 0.01713293543967667892, 0.01762367757184542597, 0.01811441970401417301, 0.01909590396835166709, 0.02007738823268916464, 0.02105887249702666220, 0.02204035676136415628, 0.02302184102570165036, 0.02400332529003914792 ),
 ( 0.000000000000000000, 1.000000000000000000 ),
 .UNSPECIFIED. ) 
 GEOMETRIC_REPRESENTATION_ITEM ( )  RATIONAL_B_SPLINE_SURFACE ( (
 ( 1.000000000000000000, 0.7071067811865540120, 1.000000000000000000),
 ( 1.000000000000000000, 0.7072267848933774248, 1.000000000000000000),
 ( 1.000000000000000000, 0.7073447582785604704, 1.000000000000000000),
 ( 1.000000000000000000, 0.7075187673322712589, 1.000000000000000000),
 ( 1.000000000000000000, 0.7075762767422043575, 1.000000000000000000),
 ( 1.000000000000000000, 0.7076902864270958604, 1.000000000000000000),
 ( 1.000000000000000000, 0.7077469199880017658, 1.000000000000000000),
 ( 1.000000000000000000, 0.7079115915098722622, 1.000000000000000000),
 ( 1.000000000000000000, 0.7080156737191518612, 1.000000000000000000),
 ( 1.000000000000000000, 0.7082125423380749574, 1.000000000000000000),
 ( 1.000000000000000000, 0.7083056202632649345, 1.000000000000000000),
 ( 1.000000000000000000, 0.7084722491919546172, 1.000000000000000000),
 ( 1.000000000000000000, 0.7085469381419154944, 1.000000000000000000),
 ( 1.000000000000000000, 0.7086786252320776969, 1.000000000000000000),
 ( 1.000000000000000000, 0.7087343143216099373, 1.000000000000000000),
 ( 1.000000000000000000, 0.7088235011735398716, 1.000000000000000000),
 ( 1.000000000000000000, 0.7088576508440105339, 1.000000000000000000),
 ( 1.000000000000000000, 0.7089026434288383527, 1.000000000000000000),
 ( 1.000000000000000000, 0.7089133119986232856, 1.000000000000000000),
 ( 1.000000000000000000, 0.7089125517989436354, 1.000000000000000000) ) ) 
 REPRESENTATION_ITEM ( '' )  SURFACE ( )  );
#892 = CARTESIAN_POINT ( 'NONE',  ( 0.000000000000000000, -6.590772124736852255, 458.2508859490670829 ) ) ;
#893 = DIRECTION ( 'NONE',  ( 0.000000000000000000, 0.000000000000000000, -1.000000000000000000 ) ) ;
#894 = CARTESIAN_POINT ( 'NONE',  ( 193.3333333323509464, 16.09404880310246000, 262.3418053606099534 ) ) ;
#895 = CARTESIAN_POINT ( 'NONE',  ( 305.0370945548289114, -6.564758404455533380, 300.0001158201300768 ) ) ;
#896 = ORIENTED_EDGE ( 'NONE', *, *, #1636, .T. ) ;
#897 = CARTESIAN_POINT ( 'NONE',  ( 288.8739727332883263, 9.024886539799105378, 233.2288542183601407 ) ) ;
#898 = ORIENTED_EDGE ( 'NONE', *, *, #2823, .F. ) ;
#899 = CARTESIAN_POINT ( 'NONE',  ( 290.9002669324614203, -2.396606464954239346, 225.5245293215301672 ) ) ;
#900 = EDGE_CURVE ( 'NONE', #1001, #2488, #2340, .T. ) ;
#901 = ORIENTED_EDGE ( 'NONE', *, *, #1214, .T. ) ;
#902 = CARTESIAN_POINT ( 'NONE',  ( 295.3178842970735900, 9.544078251636657129, 239.7987263735898864 ) ) ;
#903 =( NAMED_UNIT ( * ) PLANE_ANGLE_UNIT ( ) SI_UNIT ( $, .RADIAN. ) );
#904 = CARTESIAN_POINT ( 'NONE',  ( 310.0370945548288546, 4.569229495671002006, 373.2028042015351730 ) ) ;
#905 = CARTESIAN_POINT ( 'NONE',  ( 386.6666666647018928, -5.634577376048333974, 393.4924128655397340 ) ) ;
#906 = B_SPLINE_CURVE_WITH_KNOTS ( 'NONE', 3,
 ( #2407, #439, #1552, #1743, #253, #425, #468, #1356, #454, #1341, #1138, #1123, #208, #904, #1961, #2193, #840, #2005, #1724, #1975, #2851, #1789, #2390 ),
 .UNSPECIFIED., .F., .F.,
 ( 4, 1, 1, 1, 1, 1, 1, 1, 1, 1, 1, 1, 1, 1, 1, 1, 1, 1, 1, 1, 4 ),
 ( -0.1059873719210885912, -0.1045301708069627383, -0.09612556436000201099, -0.08729382670566919467, -0.07805480322524849246, -0.06844057439922554553, -0.05849406822138515649, -0.04826230742305060578, -0.03780305418367106707, -0.02722293423602620277, -0.01666254580748248448, -0.006268018845286146834, 0.003821989588398785886, 0.01346566598403957371, 0.02252941656322640651, 0.03088975965943432933, 0.03842528375439838162, 0.04502713973007782533, 0.05061820517667531272, 0.05515504525608755371, 0.05585971414635859666 ),
 .UNSPECIFIED. ) ;
#907 = APPLICATION_CONTEXT ( 'automotive_design' ) ;
#908 = CARTESIAN_POINT ( 'NONE',  ( 300.3678832120703532, -0.2065070101637887234, 220.9526030229420428 ) ) ;
#909 = EDGE_CURVE ( 'NONE', #848, #1502, #2537, .T. ) ;
#910 = CARTESIAN_POINT ( 'NONE',  ( 386.6666666647020634, 1.294877575380734891, 386.4039895251283951 ) ) ;
#911 = CARTESIAN_POINT ( 'NONE',  ( 152.6333337987590255, -5.742698808520958487, 228.9566351996882076 ) ) ;
#912 = CARTESIAN_POINT ( 'NONE',  ( 579.9999999970528961, 11.66426790245968981, 302.8719718620156414 ) ) ;
#913 = VECTOR ( 'NONE', #1218, 1000.000000000000000 ) ;
#914 = CARTESIAN_POINT ( 'NONE',  ( 305.0370945548289114, -6.363337585142063269, 300.7645702625943613 ) ) ;
#915 = CARTESIAN_POINT ( 'NONE',  ( 290.8992246160592572, 11.21920067614674998, 247.0248777986360267 ) ) ;
#916 = ORIENTED_EDGE ( 'NONE', *, *, #922, .F. ) ;
#917 = CIRCLE ( 'NONE', #2439, 2.000000000000001776 ) ;
#918 = CARTESIAN_POINT ( 'NONE',  ( 300.4113906690600402, -1.199593712593328254, 222.4874514042559497 ) ) ;
#919 = ORIENTED_EDGE ( 'NONE', *, *, #706, .T. ) ;
#920 = CARTESIAN_POINT ( 'NONE',  ( 293.2617363085635134, 6.342826653030443573, 229.7239938639955028 ) ) ;
#921 = EDGE_CURVE ( 'NONE', #2730, #588, #1662, .T. ) ;
#922 = EDGE_CURVE ( 'NONE', #2336, #1428, #1207, .T. ) ;
#923 = B_SPLINE_CURVE_WITH_KNOTS ( 'NONE', 3,
 ( #473, #1360, #1613, #1111, #227, #2029, #458 ),
 .UNSPECIFIED., .F., .F.,
 ( 4, 3, 4 ),
 ( 0.2712207599437983507, 0.3758740436271895691, 0.4307979280165988856 ),
 .UNSPECIFIED. ) ;
#924 = DIRECTION ( 'NONE',  ( 0.000000000000000000, 2.125036258071586797E-14, 1.000000000000000000 ) ) ;
#925 = LINE ( 'NONE', #1579, #2664 ) ;
#926 = CARTESIAN_POINT ( 'NONE',  ( 0.000000000000000000, -7.705051474660509214, 374.2669285172183891 ) ) ;
#927 = CARTESIAN_POINT ( 'NONE',  ( 290.8407496633400342, -0.05739008922650878225, 220.2729827843561452 ) ) ;
#928 = CARTESIAN_POINT ( 'NONE',  ( 0.000000000000000000, 1.712573641261867508, 412.3034159109438406 ) ) ;
#929 = CARTESIAN_POINT ( 'NONE',  ( 305.0370945548289114, -1.199999999999999734, 0.000000000000000000 ) ) ;
#930 = CARTESIAN_POINT ( 'NONE',  ( 386.6666666647018928, 13.85879363688259858, 268.4212721551975278 ) ) ;
#931 = CARTESIAN_POINT ( 'NONE',  ( 305.0370945548289114, -5.442255799537753624, 301.6834065387322994 ) ) ;
#932 = ORIENTED_EDGE ( 'NONE', *, *, #821, .F. ) ;
#933 = CARTESIAN_POINT ( 'NONE',  ( 295.6515687648574158, -1.389515935433395022, 222.6381394843584189 ) ) ;
#934 = ORIENTED_EDGE ( 'NONE', *, *, #271, .F. ) ;
#935 = CARTESIAN_POINT ( 'NONE',  ( 291.6044363629417830, -1.094107973942914924, 221.6035406020671417 ) ) ;
#936 = CARTESIAN_POINT ( 'NONE',  ( 151.1999999999999886, -2.688233014237581653, 212.4798718791474528 ) ) ;
#937 = LINE ( 'NONE', #63, #1414 ) ;
#938 = CARTESIAN_POINT ( 'NONE',  ( 386.6666666647022339, -5.592650226285882376, 400.6320236277662730 ) ) ;
#939 = LINE ( 'NONE', #1822, #913 ) ;
#940 = CARTESIAN_POINT ( 'NONE',  ( 290.8416279430036298, -0.008199499122190317610, 220.2746091444718957 ) ) ;
#941 = CARTESIAN_POINT ( 'NONE',  ( 0.000000000000000000, -4.371643211507932669, 446.5568535484148924 ) ) ;
#942 = CARTESIAN_POINT ( 'NONE',  ( 155.4999999999999716, 85.00000000000000000, 363.3813886722097664 ) ) ;
#943 = CARTESIAN_POINT ( 'NONE',  ( 579.9999999970527824, -4.341600791566104789, 401.3625127179655578 ) ) ;
#944 = CARTESIAN_POINT ( 'NONE',  ( 308.0335977382508190, -5.004393515216206012, 301.8301747468873941 ) ) ;
#945 = ORIENTED_EDGE ( 'NONE', *, *, #533, .T. ) ;
#946 = CARTESIAN_POINT ( 'NONE',  ( 310.0370945548290251, 21.80627730302191125, 264.4069360666574653 ) ) ;
#947 = VERTEX_POINT ( 'NONE', #2090 ) ;
#948 = CARTESIAN_POINT ( 'NONE',  ( 291.3463060380084926, -0.1784040442697293893, 220.3387513014683634 ) ) ;
#949 = CARTESIAN_POINT ( 'NONE',  ( 310.0370945548290251, -1.199999999999999734, 301.8817145493894145 ) ) ;
#950 = CARTESIAN_POINT ( 'NONE',  ( 158.4991597583413352, 6.480031207733938814, 373.1696125950426222 ) ) ;
#951 = AXIS2_PLACEMENT_3D ( 'NONE', #1231, #78, #1848 ) ;
#952 = CARTESIAN_POINT ( 'NONE',  ( 286.0831398846706861, 0.03147148706684579217, 219.9635692828377387 ) ) ;
#953 = CARTESIAN_POINT ( 'NONE',  ( 579.9999999970532372, -4.690623640227411073, 385.3875012641357216 ) ) ;
#954 = FACE_OUTER_BOUND ( 'NONE', #1443, .T. ) ;
#955 = B_SPLINE_CURVE_WITH_KNOTS ( 'NONE', 3,
 ( #311, #2089, #1168, #64, #2290, #2079, #974, #950, #1859, #538, #1836, #1609, #101, #512, #1180, #1806, #1622, #2494 ),
 .UNSPECIFIED., .F., .F.,
 ( 4, 2, 2, 2, 2, 2, 2, 2, 4 ),
 ( 2.776912483567713316E-17, 0.0009630930453674883471, 0.001926186090734948939, 0.002889279136102409530, 0.003852372181469870122, 0.004815465226837330713, 0.005778558272204791305, 0.006741651317572251896, 0.007704744362939712488 ),
 .UNSPECIFIED. ) ;
#956 = CARTESIAN_POINT ( 'NONE',  ( 579.9999999970532372, -3.437469927314833029, 398.5678462214043520 ) ) ;
#957 = FACE_OUTER_BOUND ( 'NONE', #2138, .T. ) ;
#958 = ORIENTED_EDGE ( 'NONE', *, *, #318, .F. ) ;
#959 = CARTESIAN_POINT ( 'NONE',  ( 286.1536076788764831, -5.285689754257822948, 264.6867597397909435 ) ) ;
#960 = ORIENTED_EDGE ( 'NONE', *, *, #97, .T. ) ;
#961 = CARTESIAN_POINT ( 'NONE',  ( 118.4367889235229967, 4.474332807188234007, 291.8817145493893577 ) ) ;
#962 = EDGE_CURVE ( 'NONE', #2250, #947, #2396, .T. ) ;
#963 = CARTESIAN_POINT ( 'NONE',  ( 305.0370945548288546, -6.549102603950936796, 304.6159187380829394 ) ) ;
#964 = FACE_OUTER_BOUND ( 'NONE', #451, .T. ) ;
#965 = DIRECTION ( 'NONE',  ( 0.000000000000000000, -1.000000000000000000, 0.000000000000000000 ) ) ;
#966 = CARTESIAN_POINT ( 'NONE',  ( 300.3668743711851334, 0.06635519756795595081, 220.9356592878738468 ) ) ;
#967 = CARTESIAN_POINT ( 'NONE',  ( 579.9999999970532372, -4.994062015816076006, 331.9402949731788794 ) ) ;
#968 = DIRECTION ( 'NONE',  ( -1.000000000000000000, 0.000000000000000000, 0.000000000000000000 ) ) ;
#969 = CARTESIAN_POINT ( 'NONE',  ( 579.9999999970528961, 3.601999506163845677, 359.0013333867893266 ) ) ;
#970 = CYLINDRICAL_SURFACE ( 'NONE', #1233, 4.900000000000015454 ) ;
#971 = CARTESIAN_POINT ( 'NONE',  ( 290.9130219429201816, -4.812749053635793750, 248.7856468010330389 ) ) ;
#972 = ORIENTED_EDGE ( 'NONE', *, *, #2782, .T. ) ;
#973 = LINE ( 'NONE', #523, #522 ) ;
#974 = CARTESIAN_POINT ( 'NONE',  ( 157.9657208577539791, 6.425644029168180893, 373.5279714374201490 ) ) ;
#975 = CARTESIAN_POINT ( 'NONE',  ( 151.1999999999999602, 12.66375429768736538, 335.6055540375257920 ) ) ;
#976 = CARTESIAN_POINT ( 'NONE',  ( 290.8892433599311858, -1.080234624941767585, 221.5215056184757714 ) ) ;
#977 = CARTESIAN_POINT ( 'NONE',  ( 386.6666666647020634, -5.825792322916422350, 357.6445870762517529 ) ) ;
#978 = CARTESIAN_POINT ( 'NONE',  ( 289.8197858951094759, 9.156063475791384576, 237.8631581024433217 ) ) ;
#979 = CARTESIAN_POINT ( 'NONE',  ( 0.000000000000000000, 1.712573641261867508, 412.3034159109438406 ) ) ;
#980 = AXIS2_PLACEMENT_3D ( 'NONE', #2716, #508, #85 ) ;
#981 = DIRECTION ( 'NONE',  ( 0.000000000000000000, 1.000000000000000000, 0.000000000000000000 ) ) ;
#982 = CARTESIAN_POINT ( 'NONE',  ( 290.9109460964917275, -4.198032924281333678, 238.7910707382154669 ) ) ;
#983 = ORIENTED_EDGE ( 'NONE', *, *, #1214, .F. ) ;
#984 = FACE_OUTER_BOUND ( 'NONE', #1969, .T. ) ;
#985 = EDGE_CURVE ( 'NONE', #1787, #1439, #563, .T. ) ;
#986 = CARTESIAN_POINT ( 'NONE',  ( 579.9999999970531235, 2.661510109830854454, 240.4789931181246629 ) ) ;
#987 = CARTESIAN_POINT ( 'NONE',  ( 160.3999999999999773, 85.00000000000000000, 233.8566351996881565 ) ) ;
#988 = ORIENTED_EDGE ( 'NONE', *, *, #1141, .T. ) ;
#989 = CARTESIAN_POINT ( 'NONE',  ( 0.000000000000000000, -8.112506095712058496, 304.7436750647945587 ) ) ;
#990 = CARTESIAN_POINT ( 'NONE',  ( 291.3511134996850274, 10.94207783673859780, 245.3663709484378046 ) ) ;
#991 = ADVANCED_FACE ( 'NONE', ( #2353 ), #1925, .F. ) ;
#992 = EDGE_CURVE ( 'NONE', #308, #1001, #2118, .T. ) ;
#993 = CARTESIAN_POINT ( 'NONE',  ( 151.1999999999998181, -6.891964953435897989, 381.6299068845445390 ) ) ;
#994 = CARTESIAN_POINT ( 'NONE',  ( 298.6391409304465583, 13.50636496696230715, 264.4069360666575221 ) ) ;
#995 = CARTESIAN_POINT ( 'NONE',  ( 300.4354183692803986, -5.214395770678509123, 265.1423987942430927 ) ) ;
#996 = EDGE_LOOP ( 'NONE', ( #2621, #521, #713, #2858 ) ) ;
#997 = DIRECTION ( 'NONE',  ( 0.000000000000000000, 0.000000000000000000, -1.000000000000000000 ) ) ;
#998 = CARTESIAN_POINT ( 'NONE',  ( 579.9999999970530098, 0.4218217482621807735, 238.5244780359223853 ) ) ;
#999 = EDGE_CURVE ( 'NONE', #2808, #882, #2175, .T. ) ;
#1000 = CARTESIAN_POINT ( 'NONE',  ( 151.1999999999999318, 9.356725130458984907, 356.5749693610537179 ) ) ;
#1001 = VERTEX_POINT ( 'NONE', #1275 ) ;
#1002 = AXIS2_PLACEMENT_3D ( 'NONE', #2062, #532, #70 ) ;
#1003 = CARTESIAN_POINT ( 'NONE',  ( 0.000000000000000000, -7.875199188317395738, 346.8394967070635175 ) ) ;
#1004 = CARTESIAN_POINT ( 'NONE',  ( 286.6180932860445409, -1.454852841340631864, 222.1754757009219645 ) ) ;
#1005 = LINE ( 'NONE', #2286, #326 ) ;
#1006 = CARTESIAN_POINT ( 'NONE',  ( 151.1999999999998465, -6.323366127244443469, 437.1142355328543090 ) ) ;
#1007 = CARTESIAN_POINT ( 'NONE',  ( 0.000000000000000000, 0.6651760188416218078, 199.5309203637108340 ) ) ;
#1008 = EDGE_CURVE ( 'NONE', #154, #680, #1484, .T. ) ;
#1009 = CARTESIAN_POINT ( 'NONE',  ( 305.0370945548288546, -6.549649335474438949, 304.4638140522699814 ) ) ;
#1010 = ORIENTED_EDGE ( 'NONE', *, *, #1416, .F. ) ;
#1011 = CARTESIAN_POINT ( 'NONE',  ( 307.8390119071392519, -6.503960154658772197, 311.8817145493895282 ) ) ;
#1012 = PLANE ( 'NONE',  #2294 ) ;
#1013 = B_SPLINE_CURVE_WITH_KNOTS ( 'NONE', 3,
 ( #1060, #2192, #854, #575, #605, #2405, #207, #589, #1091, #1486, #1974, #2622, #1945, #2801, #2850, #1678, #1456, #1471 ),
 .UNSPECIFIED., .F., .F.,
 ( 4, 2, 2, 2, 2, 2, 2, 2, 4 ),
 ( 0.000000000000000000, 0.0009581799582526580794, 0.001916359916505316159, 0.002874539874757974130, 0.003832719833010632317, 0.004790899791263290505, 0.005749079749515948259, 0.006707259707768606881, 0.007665439666021264635 ),
 .UNSPECIFIED. ) ;
#1014 = CARTESIAN_POINT ( 'NONE',  ( 152.6333333575966265, 8.206199350713994534, 363.3813886722097664 ) ) ;
#1015 = ORIENTED_EDGE ( 'NONE', *, *, #2245, .F. ) ;
#1016 = CARTESIAN_POINT ( 'NONE',  ( 0.000000000000000000, -4.219827966912870210, 206.0754173260052085 ) ) ;
#1017 = FACE_OUTER_BOUND ( 'NONE', #1216, .T. ) ;
#1018 = CARTESIAN_POINT ( 'NONE',  ( 241.0111280735235368, -3.280823173193590341E-11, 215.7192318120162042 ) ) ;
#1019 = CARTESIAN_POINT ( 'NONE',  ( 386.6666666647020634, 14.40794366876468935, 293.2433517987929577 ) ) ;
#1020 = CARTESIAN_POINT ( 'NONE',  ( 285.9166921102853394, -3.171128381955501248E-11, 218.7387438765724994 ) ) ;
#1021 = ORIENTED_EDGE ( 'NONE', *, *, #559, .T. ) ;
#1022 = CARTESIAN_POINT ( 'NONE',  ( 306.7074859930764887, -6.511191611900460252, 311.5781502557133535 ) ) ;
#1023 = CARTESIAN_POINT ( 'NONE',  ( 295.6232403795126515, -0.5074025841470866105, 220.8390015743898687 ) ) ;
#1024 = VECTOR ( 'NONE', #1128, 1000.000000000000000 ) ;
#1025 = FACE_OUTER_BOUND ( 'NONE', #2757, .T. ) ;
#1026 = CARTESIAN_POINT ( 'NONE',  ( 156.1498297639683130, 13.51317398122391644, 239.7240708179399462 ) ) ;
#1027 = VERTEX_POINT ( 'NONE', #619 ) ;
#1028 = CARTESIAN_POINT ( 'NONE',  ( 159.9051281889791198, -6.291882720617423708, 237.0263728813741864 ) ) ;
#1029 = CARTESIAN_POINT ( 'NONE',  ( 386.6666666647020634, -6.083877520582038123, 315.6127975168557214 ) ) ;
#1030 = CARTESIAN_POINT ( 'NONE',  ( 0.000000000000000000, -5.179038273367098100, 210.9887546019604088 ) ) ;
#1031 = DIRECTION ( 'NONE',  ( 0.000000000000000000, 0.000000000000000000, 1.000000000000000000 ) ) ;
#1032 = CARTESIAN_POINT ( 'NONE',  ( 310.0370945548290251, 14.54705926040939978, 264.4069360666575221 ) ) ;
#1033 = CARTESIAN_POINT ( 'NONE',  ( 0.000000000000000000, 9.913730116561376704, 364.5373084075129100 ) ) ;
#1034 = CARTESIAN_POINT ( 'NONE',  ( 295.6483479692219021, 6.419623007380615753, 230.1106683086930786 ) ) ;
#1035 = DIRECTION ( 'NONE',  ( -1.000000000000000000, -0.000000000000000000, -0.000000000000000000 ) ) ;
#1036 = SURFACE_STYLE_USAGE ( .BOTH. , #1953 ) ;
#1037 = ORIENTED_EDGE ( 'NONE', *, *, #1512, .T. ) ;
#1038 = CARTESIAN_POINT ( 'NONE',  ( 305.0370945548288546, -6.549649335474438949, 304.4638140522699814 ) ) ;
#1039 = CARTESIAN_POINT ( 'NONE',  ( 295.6400727837723821, -0.7660649993009297498, 221.1741292728094095 ) ) ;
#1040 = CARTESIAN_POINT ( 'NONE',  ( 160.4000000000000057, 12.37853016248148563, 234.8566351996881281 ) ) ;
#1041 = EDGE_CURVE ( 'NONE', #352, #734, #1602, .T. ) ;
#1042 = ORIENTED_EDGE ( 'NONE', *, *, #1644, .F. ) ;
#1043 = CARTESIAN_POINT ( 'NONE',  ( 157.9608186284160354, -6.425463058062179655, 239.1061132311838264 ) ) ;
#1044 = CARTESIAN_POINT ( 'NONE',  ( 579.9999999970530098, -3.284290047907533872, 245.7904700933225968 ) ) ;
#1045 = DIRECTION ( 'NONE',  ( 0.000000000000000000, 1.000000000000000000, 0.000000000000000000 ) ) ;
#1046 = LINE ( 'NONE', #2132, #696 ) ;
#1047 = VECTOR ( 'NONE', #981, 1000.000000000000000 ) ;
#1048 = CARTESIAN_POINT ( 'NONE',  ( 305.1037640132254296, 14.61839346448865840, 264.4069360666574653 ) ) ;
#1049 = CARTESIAN_POINT ( 'NONE',  ( 579.9999999970532372, 10.02172174692658935, 318.6559974715308385 ) ) ;
#1050 = CARTESIAN_POINT ( 'NONE',  ( 286.1230497842135492, 5.288300891332218256, 226.8472407755199072 ) ) ;
#1051 = B_SPLINE_CURVE_WITH_KNOTS ( 'NONE', 3,
 ( #1889, #170, #93, #2371 ),
 .UNSPECIFIED., .F., .F.,
 ( 4, 4 ),
 ( 0.000000000000000000, 0.001000016919635213957 ),
 .UNSPECIFIED. ) ;
#1052 = PLANE ( 'NONE',  #2160 ) ;
#1053 = CARTESIAN_POINT ( 'NONE',  ( 310.0370945548290251, -6.127761021825798515, 301.1026550076128956 ) ) ;
#1054 = ORIENTED_EDGE ( 'NONE', *, *, #2657, .T. ) ;
#1055 = CARTESIAN_POINT ( 'NONE',  ( 290.9037653112715134, 13.65598889252072290, 264.8332768090190257 ) ) ;
#1056 = CARTESIAN_POINT ( 'NONE',  ( 290.8626368160446987, -0.5123701706370419329, 220.5210506897353753 ) ) ;
#1057 = CARTESIAN_POINT ( 'NONE',  ( 289.0647092539837786, 8.078098048893261662, 234.1634267474561284 ) ) ;
#1058 = CARTESIAN_POINT ( 'NONE',  ( 159.4208987565073414, 11.39921061536327151, 230.9007605893610844 ) ) ;
#1059 = ORIENTED_EDGE ( 'NONE', *, *, #793, .T. ) ;
#1060 = CARTESIAN_POINT ( 'NONE',  ( 155.4999999999999716, -5.716795864920701575, 228.9566351996881792 ) ) ;
#1061 = CARTESIAN_POINT ( 'NONE',  ( 193.3333333323510885, -6.367875266799881473, 242.1323187556666028 ) ) ;
#1062 = B_SPLINE_SURFACE_WITH_KNOTS ( 'NONE', 3, 3, ( 
 ( #433, #2172, #1055, #1335 ),
 ( #405, #1288, #448, #2809 ),
 ( #2859, #632, #2216, #834 ),
 ( #1115, #2844, #2600, #1070 ),
 ( #1955, #1736, #1306, #2632 ),
 ( #1086, #866, #647, #1321 ),
 ( #1532, #1132, #915, #1798 ),
 ( #2013, #246, #29, #1331 ),
 ( #443, #1951, #1317, #845 ),
 ( #397, #1967, #2362, #2855 ),
 ( #1477, #382, #643, #1542 ),
 ( #1268, #2628, #2583, #2806 ),
 ( #2790, #2412, #830, #1283 ),
 ( #1698, #816, #1764, #2168 ),
 ( #1712, #1979, #2612, #2839 ),
 ( #2596, #1528, #147, #612 ),
 ( #429, #2198, #2643, #1493 ),
 ( #2427, #861, #2379, #198 ),
 ( #595, #1034, #2184, #2150 ),
 ( #1919, #1510, #1749, #212 ),
 ( #658, #1081, #1732, #2822 ),
 ( #180, #162, #1066, #1050 ),
 ( #1096, #1934, #627, #2395 ),
 ( #416, #1301, #876, #1343 ),
 ( #2853, #1490, #2196, #1977 ),
 ( #1314, #8, #2804, #2166 ),
 ( #1079, #2410, #1525, #1508 ),
 ( #2609, #2641, #1554, #427 ),
 ( #1779, #1329, #2210, #2656 ),
 ( #610, #656, #456, #641 ),
 ( #1109, #670, #859, #2224 ),
 ( #1729, #210, #1540, #1965 ),
 ( #2393, #441, #240, #1992 ),
 ( #1094, #874, #2424, #1064 ),
 ( #1762, #225, #889, #2440 ),
 ( #1125, #828, #2594, #625 ),
 ( #1710, #2377, #394, #1281 ),
 ( #178, #1949, #2820, #1298 ),
 ( #2182, #843, #414, #196 ),
 ( #2837, #1747, #2626, #2482 ),
 ( #2056, #1169, #2454, #2043 ),
 ( #1383, #65, #2671, #502 ),
 ( #1792, #1182, #53, #2710 ),
 ( #966, #2495, #470, #2292 ),
 ( #79, #1849, #488, #952 ),
 ( #1837, #2469, #1358, #686 ),
 ( #2510, #2697, #940, #300 ),
 ( #1824, #528, #1140, #1569 ),
 ( #2241, #255, #705, #718 ),
 ( #1582, #2722, #513, #729 ),
 ( #1597, #1611, #286, #2268 ),
 ( #2026, #742, #1371, #40 ),
 ( #1394, #1409, #927, #2280 ),
 ( #2070, #1625, #2256, #313 ),
 ( #2008, #1808, #272, #24 ),
 ( #908, #2684, #1155, #2124 ),
 ( #822, #169, #1719, #136 ),
 ( #2798, #1289, #600, #1196 ),
 ( #1071, #2351, #1703, #2588 ),
 ( #2827, #1023, #1056, #850 ),
 ( #1452, #188, #2601, #617 ),
 ( #1674, #1862, #1941, #1738 ),
 ( #152, #2384, #1956, #2141 ),
 ( #354, #2736, #1481, #755 ),
 ( #2779, #1039, #1924, #805 ),
 ( #1499, #388, #2618, #2370 ),
 ( #1273, #2157, #2338, #634 ),
 ( #1517, #1688, #1908, #2572 ),
 ( #2811, #835, #571, #406 ),
 ( #585, #1467, #976, #2173 ),
 ( #369, #2401, #2081, #91 ),
 ( #1241, #1258, #2557, #18 ),
 ( #918, #1322, #2649, #2001 ),
 ( #2663, #933, #2461, #1364 ),
 ( #1564, #31, #1533, #1117 ),
 ( #1800, #2249, #679, #1547 ),
 ( #1815, #204, #217, #2034 ),
 ( #2448, #2678, #1754, #1589 ),
 ( #1350, #478, #1771, #2633 ),
 ( #46, #2203, #2017, #2690 ),
 ( #1, #1102, #899, #663 ),
 ( #712, #1786, #464, #1971 ),
 ( #2233, #1087, #249, #261 ),
 ( #1134, #421, #695, #1576 ),
 ( #1148, #2846, #1308, #2433 ),
 ( #2189, #867, #648, #2417 ),
 ( #434, #1984, #881, #450 ),
 ( #1337, #2218, #233, #1190 ),
 ( #1213, #2274, #2300, #2096 ),
 ( #2704, #1427, #982, #1870 ),
 ( #96, #1389, #2743, #495 ),
 ( #1402, #761, #2311, #520 ),
 ( #1605, #279, #971, #1163 ),
 ( #1176, #2287, #307, #2064 ),
 ( #1643, #1632, #109, #2075 ),
 ( #749, #1856, #724, #331 ),
 ( #995, #72, #293, #959 ) ),
 .UNSPECIFIED., .F., .F., .F.,
 ( 4, 3, 3, 3, 3, 3, 3, 3, 3, 3, 3, 3, 3, 3, 3, 3, 3, 3, 3, 3, 3, 3, 3, 3, 3, 3, 3, 3, 3, 3, 3, 3, 4 ),
 ( 4, 4 ),
 ( 0.000000000000000000, 0.02790521279236357621, 0.04185781918854547534, 0.05581042558472737447, 0.06976303198090927360, 0.07673933517900022316, 0.08371563837709117273, 0.09069194157518212229, 0.09766824477327307186, 0.1046445479713640214, 0.1081326995704094962, 0.1098767753699323446, 0.1107488132696936578, 0.1116208511694549710, 0.1124928890692162842, 0.1133649269689775974, 0.1138009459188582539, 0.1142369648687390216, 0.1151090027685004458, 0.1168530785680231832, 0.1177251164677846074, 0.1185971543675459206, 0.1203412301670686579, 0.1212132680668300821, 0.1220853059665913953, 0.1255734575656368701, 0.1290616091646823449, 0.1325497607637278197, 0.1395260639618186582, 0.1534786703580004463, 0.1674312767541823455, 0.1953364895465461437, 0.2232417023389098309 ),
 ( 0.4819964229297080127, 0.5066202344650123646 ),
 .UNSPECIFIED. ) ;
#1063 = CARTESIAN_POINT ( 'NONE',  ( 0.000000000000000000, -2.971648534343652059, 202.6081388344403251 ) ) ;
#1064 = CARTESIAN_POINT ( 'NONE',  ( 286.0977669064970996, 0.8364168168247548829, 220.5003626427345580 ) ) ;
#1065 = CARTESIAN_POINT ( 'NONE',  ( 193.3333333323509464, 11.04918357943839347, 232.1668332515077964 ) ) ;
#1066 = CARTESIAN_POINT ( 'NONE',  ( 290.8836533476815021, 5.264961988335883802, 227.1396027519689369 ) ) ;
#1067 = CARTESIAN_POINT ( 'NONE',  ( 285.9160045115255002, -0.1255189166383410548, 218.7353747739515768 ) ) ;
#1068 = FILL_AREA_STYLE_COLOUR ( '', #1193 ) ;
#1069 = ORIENTED_EDGE ( 'NONE', *, *, #2369, .F. ) ;
#1070 = CARTESIAN_POINT ( 'NONE',  ( 286.1405028369603087, 12.28148584415961686, 252.7307203427934326 ) ) ;
#1071 = CARTESIAN_POINT ( 'NONE',  ( 300.3807396613226501, -0.4607010214713989082, 221.1183174120111232 ) ) ;
#1072 = CARTESIAN_POINT ( 'NONE',  ( 291.3407832005141245, -0.09003369309273639987, 220.3116904523660651 ) ) ;
#1073 = CARTESIAN_POINT ( 'NONE',  ( 159.7693127567831368, 11.53405159697025795, 231.4310197405673648 ) ) ;
#1074 = EDGE_LOOP ( 'NONE', ( #2110, #1388 ) ) ;
#1075 = CARTESIAN_POINT ( 'NONE',  ( 159.1936408942658829, -6.360073805402405966, 238.0922371536569813 ) ) ;
#1076 = CARTESIAN_POINT ( 'NONE',  ( 308.0370945548336863, -6.502947416201977582, 311.8817145493893008 ) ) ;
#1077 = CARTESIAN_POINT ( 'NONE',  ( 579.9999999970528961, -2.452747206727057261E-11, 238.5133111311282619 ) ) ;
#1078 = LINE ( 'NONE', #1948, #1746 ) ;
#1079 = CARTESIAN_POINT ( 'NONE',  ( 300.3936661716338108, 2.835471406685851736, 223.5597014553573558 ) ) ;
#1080 = CARTESIAN_POINT ( 'NONE',  ( 0.000000000000000000, 17.29793299244946070, 246.4975142672712138 ) ) ;
#1081 = CARTESIAN_POINT ( 'NONE',  ( 295.6458634992845305, 5.662037497368703320, 228.3066025087628361 ) ) ;
#1082 = EDGE_CURVE ( 'NONE', #336, #1922, #2741, .T. ) ;
#1083 = CARTESIAN_POINT ( 'NONE',  ( 386.6666666647022339, 11.94894084339834173, 321.0677719607929816 ) ) ;
#1084 = LINE ( 'NONE', #1255, #1280 ) ;
#1085 = ORIENTED_EDGE ( 'NONE', *, *, #1727, .F. ) ;
#1086 = CARTESIAN_POINT ( 'NONE',  ( 300.4211503419672908, 11.50101302785713209, 249.4057651571789052 ) ) ;
#1087 = CARTESIAN_POINT ( 'NONE',  ( 295.6641322768551845, -2.698405595340495289, 227.2367066857581790 ) ) ;
#1088 = CARTESIAN_POINT ( 'NONE',  ( 292.0830965857704200, -4.810912685760808216, 248.9529482935832903 ) ) ;
#1089 = B_SPLINE_CURVE_WITH_KNOTS ( 'NONE', 3,
 ( #299, #717, #1205, #1596 ),
 .UNSPECIFIED., .F., .F.,
 ( 4, 4 ),
 ( 0.000000000000000000, 0.004300103485568405361 ),
 .UNSPECIFIED. ) ;
#1090 = ORIENTED_EDGE ( 'NONE', *, *, #2464, .T. ) ;
#1091 = CARTESIAN_POINT ( 'NONE',  ( 158.7402996999419145, -5.797940718486925604, 230.1671263554231928 ) ) ;
#1092 = CARTESIAN_POINT ( 'NONE',  ( 151.1999999999999886, -6.508847992839062790, 239.7907904462757642 ) ) ;
#1093 = CARTESIAN_POINT ( 'NONE',  ( 386.6666666647020634, -6.096510108436826059, 275.4220436995686896 ) ) ;
#1094 = CARTESIAN_POINT ( 'NONE',  ( 300.3795775969010151, 0.8188357768006717663, 221.4516653179269383 ) ) ;
#1095 = CARTESIAN_POINT ( 'NONE',  ( 579.9999999970531235, 2.307336104060937920, 366.4516910496425908 ) ) ;
#1096 = CARTESIAN_POINT ( 'NONE',  ( 300.4032538864824460, 4.799470148626180155, 226.8530179426830955 ) ) ;
#1097 = CARTESIAN_POINT ( 'NONE',  ( 579.9999999970532372, 9.121458547516446913, 257.3579398412701380 ) ) ;
#1098 = CARTESIAN_POINT ( 'NONE',  ( 310.0370945548290251, -6.524739265545115963, 300.1483260821581212 ) ) ;
#1099 = ORIENTED_EDGE ( 'NONE', *, *, #1522, .T. ) ;
#1100 = CARTESIAN_POINT ( 'NONE',  ( 286.3427372037820078, 2.914212954554198376, 220.8262834787737461 ) ) ;
#1101 = ADVANCED_FACE ( 'NONE', ( #26 ), #1794, .F. ) ;
#1102 = CARTESIAN_POINT ( 'NONE',  ( 295.6608704959294869, -2.383499596799578679, 225.8219438785078808 ) ) ;
#1103 = ORIENTED_EDGE ( 'NONE', *, *, #1082, .T. ) ;
#1104 = DIRECTION ( 'NONE',  ( -0.000000000000000000, 0.000000000000000000, 1.000000000000000000 ) ) ;
#1105 = ORIENTED_EDGE ( 'NONE', *, *, #2140, .T. ) ;
#1106 = CARTESIAN_POINT ( 'NONE',  ( 298.6391406335979468, -5.211289022059873766, 264.4069360666575221 ) ) ;
#1107 = CARTESIAN_POINT ( 'NONE',  ( 151.1999999999999318, -7.053365404683601625, 354.0066018194839330 ) ) ;
#1108 = CARTESIAN_POINT ( 'NONE',  ( 193.3333333323510885, -6.914820130816956123, 341.8730961291019526 ) ) ;
#1109 = CARTESIAN_POINT ( 'NONE',  ( 300.3826377352357326, 1.339203398539545287, 221.9079354341973271 ) ) ;
#1110 = CARTESIAN_POINT ( 'NONE',  ( 579.9999999970532372, -3.437469927314833029, 398.5678462214043520 ) ) ;
#1111 = CARTESIAN_POINT ( 'NONE',  ( 205.8691632323354384, -5.013739425382753190, 434.6362884741129164 ) ) ;
#1112 = CARTESIAN_POINT ( 'NONE',  ( 386.6666666647018928, 10.58455155675147097, 330.7635623173570139 ) ) ;
#1113 = CARTESIAN_POINT ( 'NONE',  ( 308.0331094498758375, -5.068049032356342742, 301.8141952597177919 ) ) ;
#1114 = ORIENTED_EDGE ( 'NONE', *, *, #2496, .T. ) ;
#1115 = CARTESIAN_POINT ( 'NONE',  ( 300.4223135273642811, 12.13343881648187406, 253.3195510974114484 ) ) ;
#1116 = DIRECTION ( 'NONE',  ( -1.000000000000000000, 0.000000000000000000, 0.000000000000000000 ) ) ;
#1117 = CARTESIAN_POINT ( 'NONE',  ( 286.1313668247001374, -1.579062163505621674, 222.4768195205689381 ) ) ;
#1118 = ORIENTED_EDGE ( 'NONE', *, *, #743, .F. ) ;
#1119 = CARTESIAN_POINT ( 'NONE',  ( 288.9381528278121323, -3.720026761424866102, 233.5433244259417336 ) ) ;
#1120 = ADVANCED_FACE ( 'NONE', ( #1171 ), #2471, .T. ) ;
#1121 = CARTESIAN_POINT ( 'NONE',  ( 151.1999999999999886, -4.685097011830992031, 220.0612018128581440 ) ) ;
#1122 = AXIS2_PLACEMENT_3D ( 'NONE', #1466, #570, #997 ) ;
#1123 = CARTESIAN_POINT ( 'NONE',  ( 310.0370945548288546, 7.974965231687704659, 353.1119410610214118 ) ) ;
#1124 = CARTESIAN_POINT ( 'NONE',  ( 579.9999999970530098, -4.725788449733828500, 379.3994230421292855 ) ) ;
#1125 = CARTESIAN_POINT ( 'NONE',  ( 300.3786120314471191, 0.6342182052965992245, 221.3011083906732210 ) ) ;
#1126 = AXIS2_PLACEMENT_3D ( 'NONE', #698, #1578, #2251 ) ;
#1127 = CARTESIAN_POINT ( 'NONE',  ( 0.000000000000000000, -7.169037781342534998, 446.3294496812645775 ) ) ;
#1128 = DIRECTION ( 'NONE',  ( 0.000000000000000000, -1.000000000000000000, 0.000000000000000000 ) ) ;
#1129 = CARTESIAN_POINT ( 'NONE',  ( 386.6666666647020634, 14.37424184543503181, 276.2848736422494653 ) ) ;
#1130 = CARTESIAN_POINT ( 'NONE',  ( 305.0370945548289114, -6.162783539133812383, 304.6168444341196277 ) ) ;
#1131 = ADVANCED_FACE ( 'NONE', ( #954 ), #11, .T. ) ;
#1132 = CARTESIAN_POINT ( 'NONE',  ( 295.6598281795272669, 11.17360558366159573, 247.2430265818050259 ) ) ;
#1133 = DIRECTION ( 'NONE',  ( 1.000000000000000000, 0.000000000000000000, 0.000000000000000000 ) ) ;
#1134 = CARTESIAN_POINT ( 'NONE',  ( 300.4258360172624407, -2.856059145099296259, 228.4993009581144747 ) ) ;
#1135 = ORIENTED_EDGE ( 'NONE', *, *, #234, .F. ) ;
#1136 = LINE ( 'NONE', #2003, #2279 ) ;
#1137 = CARTESIAN_POINT ( 'NONE',  ( 151.1999999999999886, 6.474332807188248218, 293.8817145493893577 ) ) ;
#1138 = CARTESIAN_POINT ( 'NONE',  ( 310.0370945548289683, 9.660151497733801662, 342.7432423730797382 ) ) ;
#1139 = CARTESIAN_POINT ( 'NONE',  ( 193.3333333323509464, -6.642773502515775697, 388.2232343896972111 ) ) ;
#1140 = CARTESIAN_POINT ( 'NONE',  ( 290.8410584716240237, -0.01740348094276333857, 220.2732662733496625 ) ) ;
#1141 = EDGE_CURVE ( 'NONE', #14, #1677, #2712, .T. ) ;
#1142 = CARTESIAN_POINT ( 'NONE',  ( 193.3333333323510885, -6.108416584304056762, 434.0147561491482975 ) ) ;
#1143 = CARTESIAN_POINT ( 'NONE',  ( 620.0000000000002274, 3.306277303021957437, 269.3767156309140773 ) ) ;
#1144 = CARTESIAN_POINT ( 'NONE',  ( 386.6666666647018928, 13.90735550912538265, 302.2484120702011978 ) ) ;
#1145 = CARTESIAN_POINT ( 'NONE',  ( 305.0370945548289114, -5.688140438451500636, 304.7528650430635935 ) ) ;
#1146 = EDGE_LOOP ( 'NONE', ( #1228, #2705, #127, #2187, #2430, #1652, #1691, #1706, #1256, #264, #2191, #71, #1515, #2815, #1021, #2076, #1135 ) ) ;
#1147 = VECTOR ( 'NONE', #140, 1000.000000000000000 ) ;
#1148 = CARTESIAN_POINT ( 'NONE',  ( 300.4266422209597067, -3.014976749335084971, 229.4726636459632800 ) ) ;
#1149 = ORIENTED_EDGE ( 'NONE', *, *, #2120, .T. ) ;
#1150 = DIRECTION ( 'NONE',  ( 0.000000000000000000, 1.000000000000000000, 1.576542137387265747E-16 ) ) ;
#1151 = CARTESIAN_POINT ( 'NONE',  ( 151.1999999999999886, -3.500213524865869939E-11, 209.6802076829037276 ) ) ;
#1152 = CARTESIAN_POINT ( 'NONE',  ( 305.0370945548288546, -6.537773357919031803, 307.5611875260988199 ) ) ;
#1153 = CARTESIAN_POINT ( 'NONE',  ( 579.9999999970532372, -4.761979561952836448, 372.7162503368264197 ) ) ;
#1154 = CARTESIAN_POINT ( 'NONE',  ( 310.0594762282933630, -6.538209029631392610, 299.8868844299485659 ) ) ;
#1155 = CARTESIAN_POINT ( 'NONE',  ( 290.8466760851344475, -0.2117454532894412211, 220.3133891185699440 ) ) ;
#1156 = CARTESIAN_POINT ( 'NONE',  ( 0.000000000000000000, -1.685681154134503368, 431.6634505495804319 ) ) ;
#1157 = CARTESIAN_POINT ( 'NONE',  ( 310.0370945548290251, -1.525667192811752226, 293.8817145493893577 ) ) ;
#1158 = CARTESIAN_POINT ( 'NONE',  ( 579.9999999970533509, -4.179541867572799774, 402.5918904233845410 ) ) ;
#1159 = B_SPLINE_CURVE_WITH_KNOTS ( 'NONE', 3,
 ( #483, #2479, #2237, #2021 ),
 .UNSPECIFIED., .F., .F.,
 ( 4, 4 ),
 ( 0.000000000000000000, 0.004301158923303989058 ),
 .UNSPECIFIED. ) ;
#1160 = CARTESIAN_POINT ( 'NONE',  ( 305.0370945548289114, -6.069128760329845385, 301.2052442440924551 ) ) ;
#1161 = AXIS2_PLACEMENT_3D ( 'NONE', #708, #2270, #2212 ) ;
#1162 = DIRECTION ( 'NONE',  ( 0.000000000000000000, 0.000000000000000000, -1.000000000000000000 ) ) ;
#1163 = CARTESIAN_POINT ( 'NONE',  ( 286.1524183794522287, -4.834858385901857680, 248.5746135106623456 ) ) ;
#1164 = ORIENTED_EDGE ( 'NONE', *, *, #1863, .T. ) ;
#1165 = FACE_BOUND ( 'NONE', #1701, .T. ) ;
#1166 = CARTESIAN_POINT ( 'NONE',  ( 310.0370945548290251, -3.525667192811752226, 301.8817145493894145 ) ) ;
#1167 = CARTESIAN_POINT ( 'NONE',  ( 158.7402347410177015, -6.902186486508316676, 372.9709619008362438 ) ) ;
#1168 = CARTESIAN_POINT ( 'NONE',  ( 156.1457992595973110, 6.342522354527208250, 374.1492483825289241 ) ) ;
#1169 = CARTESIAN_POINT ( 'NONE',  ( 295.6118117000982579, 0.2385291205288775085, 220.7000598574761909 ) ) ;
#1170 = CARTESIAN_POINT ( 'NONE',  ( 579.9999999970531235, -4.839072846083484869, 357.5893618452735723 ) ) ;
#1171 = FACE_OUTER_BOUND ( 'NONE', #1735, .T. ) ;
#1172 = B_SPLINE_CURVE_WITH_KNOTS ( 'NONE', 3,
 ( #4, #1339, #1535, #2419, #436, #902, #251, #1802, #1324, #920, #2651, #1788, #2435, #2220, #2666, #681, #2619, #1353, #2235, #635, #1518, #618, #1500, #2386, #422, #407, #189, #1309, #1290, #2174, #1072, #2478, #948, #1858, #1366, #480, #1418, #1834, #2692, #2066, #935, #1404, #510, #1817, #497, #1192, #100, #2264, #1592, #309, #2077, #2302, #1379, #752, #1204, #2505 ),
 .UNSPECIFIED., .F., .F.,
 ( 4, 2, 2, 2, 2, 2, 2, 2, 2, 2, 2, 2, 2, 2, 2, 2, 2, 2, 2, 2, 2, 2, 2, 2, 2, 2, 2, 4 ),
 ( 1.121146830377931342E-16, 0.01173336619119161837, 0.02346673238238312226, 0.02933341547797887333, 0.03520009857357462441, 0.03813344012137252076, 0.04106678166917041017, 0.04253345244306930978, 0.04400012321696820244, 0.04546679399086709511, 0.04693346476476599471, 0.04730013245824075258, 0.04766680015171550350, 0.04775846707508417388, 0.04785013399845283733, 0.04794180092182149383, 0.04803346784519015727, 0.04840013553866479717, 0.04876680323213944401, 0.04913347092561407697, 0.04986680631256335677, 0.05280014786036043434, 0.05573348940815751884, 0.05866683095595460334, 0.06453351405154877929, 0.07040019714714296217, 0.08213356333833131406, 0.09386692952951958269 ),
 .UNSPECIFIED. ) ;
#1173 = CARTESIAN_POINT ( 'NONE',  ( 579.9999999970531235, 1.086029542440168250, 373.4542763322207293 ) ) ;
#1174 = CARTESIAN_POINT ( 'NONE',  ( 305.0370945548289114, -6.152910897041208749, 301.1035253979151776 ) ) ;
#1175 = ORIENTED_EDGE ( 'NONE', *, *, #492, .T. ) ;
#1176 = CARTESIAN_POINT ( 'NONE',  ( 300.4346262153335374, -4.909239695047747709, 253.1887449297801140 ) ) ;
#1177 = ORIENTED_EDGE ( 'NONE', *, *, #2285, .T. ) ;
#1178 = CARTESIAN_POINT ( 'NONE',  ( 310.0370945548290251, 21.80627730302191125, 264.4069360666574653 ) ) ;
#1179 = CARTESIAN_POINT ( 'NONE',  ( 193.3333333323509748, -3.397287876363841441E-11, 212.5133111311279777 ) ) ;
#1180 = CARTESIAN_POINT ( 'NONE',  ( 160.2443815450668865, 6.904039093645354619, 370.5475805305255221 ) ) ;
#1181 = CARTESIAN_POINT ( 'NONE',  ( 160.3999999999999773, 7.116697860112846996, 369.2813886722098573 ) ) ;
#1182 = CARTESIAN_POINT ( 'NONE',  ( 295.6081349967258802, 0.1208242968708355541, 220.6401424802213569 ) ) ;
#1183 = B_SPLINE_CURVE_WITH_KNOTS ( 'NONE', 3,
 ( #539, #1637, #1014, #126 ),
 .UNSPECIFIED., .F., .F.,
 ( 4, 4 ),
 ( 0.000000000000000000, 0.004300331014974885166 ),
 .UNSPECIFIED. ) ;
#1184 = CARTESIAN_POINT ( 'NONE',  ( 579.9999999970531235, -5.113217040306552441, 280.3723710342515005 ) ) ;
#1185 = LINE ( 'NONE', #745, #609 ) ;
#1186 = CARTESIAN_POINT ( 'NONE',  ( 386.6666666647022339, -2.348547368065704966, 407.1102233377395692 ) ) ;
#1187 = DIRECTION ( 'NONE',  ( -1.000000000000000000, 0.000000000000000000, 0.000000000000000000 ) ) ;
#1188 = PRODUCT_DEFINITION_CONTEXT ( 'detailed design', #907, 'design' ) ;
#1189 = DIRECTION ( 'NONE',  ( 1.000000000000000000, -0.000000000000000000, -0.000000000000000000 ) ) ;
#1190 = CARTESIAN_POINT ( 'NONE',  ( 286.1487337371442550, -3.844358421641809187, 234.5521390923840670 ) ) ;
#1191 = VERTEX_POINT ( 'NONE', #288 ) ;
#1192 = CARTESIAN_POINT ( 'NONE',  ( 292.9680775988080654, -2.923011581768238720, 228.2851222621323188 ) ) ;
#1193 = COLOUR_RGB ( '',0.7921568627450980005, 0.8196078431372548767, 0.9333333333333333481 ) ;
#1194 = CARTESIAN_POINT ( 'NONE',  ( 151.1999999999999886, 0.5975986629158579477, 358.7482087289370725 ) ) ;
#1195 = CARTESIAN_POINT ( 'NONE',  ( 151.1999999999999034, 17.42640324015746245, 280.3432170173574036 ) ) ;
#1196 = CARTESIAN_POINT ( 'NONE',  ( 286.0961337269534965, -0.4272305463358605504, 220.1267813138266831 ) ) ;
#1197 = CARTESIAN_POINT ( 'NONE',  ( 193.3333333323509748, -6.543366302362839448, 407.5854026889500688 ) ) ;
#1198 = LINE ( 'NONE', #2752, #2648 ) ;
#1199 = CARTESIAN_POINT ( 'NONE',  ( 386.6666666647022339, -0.05509682441517349538, 394.0997390200583936 ) ) ;
#1200 = CARTESIAN_POINT ( 'NONE',  ( 579.9999999970532372, 5.400585436222888447, 245.2695254820144157 ) ) ;
#1201 = ADVANCED_FACE ( 'NONE', ( #2673 ), #1826, .F. ) ;
#1202 = DIRECTION ( 'NONE',  ( 0.000000000000000000, 0.000000000000000000, 1.000000000000000000 ) ) ;
#1203 = EDGE_LOOP ( 'NONE', ( #1606, #1239, #1722, #3, #496 ) ) ;
#1204 = CARTESIAN_POINT ( 'NONE',  ( 299.5620450286343157, -5.136549280150998875, 260.5943035096371432 ) ) ;
#1205 = CARTESIAN_POINT ( 'NONE',  ( 152.6333334571602336, -6.497158787511449596, 239.7566351996881053 ) ) ;
#1206 = ADVANCED_FACE ( 'NONE', ( #2484 ), #1599, .F. ) ;
#1207 = LINE ( 'NONE', #312, #1221 ) ;
#1208 = EDGE_CURVE ( 'NONE', #465, #2783, #2735, .T. ) ;
#1209 = CARTESIAN_POINT ( 'NONE',  ( 193.3333333323510317, -6.765421898788464894, 365.9557577967350426 ) ) ;
#1210 = CARTESIAN_POINT ( 'NONE',  ( 286.1975848091458943, 0.3181892033841842715, 220.1150644627985855 ) ) ;
#1211 = CARTESIAN_POINT ( 'NONE',  ( 293.6343398288582307, -6.272751166338445650, 256.5537439652741227 ) ) ;
#1212 = PLANE ( 'NONE',  #863 ) ;
#1213 = CARTESIAN_POINT ( 'NONE',  ( 300.4315312706229406, -3.995187781935039872, 237.3074699574474096 ) ) ;
#1214 = EDGE_CURVE ( 'NONE', #139, #336, #689, .T. ) ;
#1215 = EDGE_CURVE ( 'NONE', #1334, #154, #1259, .T. ) ;
#1216 = EDGE_LOOP ( 'NONE', ( #988, #1550, #2631, #833 ) ) ;
#1217 = CARTESIAN_POINT ( 'NONE',  ( 157.6835344207874243, 8.058128436938631012, 363.8918374551269039 ) ) ;
#1218 = DIRECTION ( 'NONE',  ( 1.000000000000000000, -0.000000000000000000, -0.000000000000000000 ) ) ;
#1219 = CARTESIAN_POINT ( 'NONE',  ( 160.4000000000000057, 85.00000000000000000, 234.8566351996881281 ) ) ;
#1220 = VERTEX_POINT ( 'NONE', #2457 ) ;
#1221 = VECTOR ( 'NONE', #741, 1000.000000000000000 ) ;
#1222 = CARTESIAN_POINT ( 'NONE',  ( 386.6666666647020634, -6.096510108436826059, 275.4220436995686896 ) ) ;
#1223 = DIRECTION ( 'NONE',  ( 0.000000000000000000, 1.000000000000000000, 0.000000000000000000 ) ) ;
#1224 = EDGE_CURVE ( 'NONE', #404, #646, #923, .T. ) ;
#1225 = CARTESIAN_POINT ( 'NONE',  ( 292.0323776758307304, -6.002050650524794584, 248.7044353199665920 ) ) ;
#1226 = DIRECTION ( 'NONE',  ( -1.000000000000000000, 0.000000000000000000, 0.000000000000000000 ) ) ;
#1227 = CARTESIAN_POINT ( 'NONE',  ( 310.0370945548290251, -1.525667192811752670, 319.8817145493894145 ) ) ;
#1228 = ORIENTED_EDGE ( 'NONE', *, *, #1863, .F. ) ;
#1229 = CARTESIAN_POINT ( 'NONE',  ( 305.7781731731526520, -6.519289961729375804, 310.8655327064259950 ) ) ;
#1230 = CARTESIAN_POINT ( 'NONE',  ( 310.0370945548287978, -4.570247289867830354, 424.5786951049935283 ) ) ;
#1231 = CARTESIAN_POINT ( 'NONE',  ( 400.0000000000000568, 3.443088007130913120, 253.6429071604394210 ) ) ;
#1232 = VERTEX_POINT ( 'NONE', #1584 ) ;
#1233 = AXIS2_PLACEMENT_3D ( 'NONE', #1448, #1869, #350 ) ;
#1234 = CARTESIAN_POINT ( 'NONE',  ( 0.000000000000000000, -1.924238009432647001, 200.1133443086088732 ) ) ;
#1235 = FACE_OUTER_BOUND ( 'NONE', #2825, .T. ) ;
#1236 = DIRECTION ( 'NONE',  ( 1.000000000000000000, -0.000000000000000000, -0.000000000000000000 ) ) ;
#1237 = CARTESIAN_POINT ( 'NONE',  ( 0.000000000000000000, 13.99887089352030856, 338.7147378488038498 ) ) ;
#1238 = LINE ( 'NONE', #2152, #2131 ) ;
#1239 = ORIENTED_EDGE ( 'NONE', *, *, #1398, .T. ) ;
#1240 = CARTESIAN_POINT ( 'NONE',  ( 156.7870781828097790, 8.127755388516359147, 363.5422505937320921 ) ) ;
#1241 = CARTESIAN_POINT ( 'NONE',  ( 300.4111952542436939, -1.154430370090877789, 222.3723512968140028 ) ) ;
#1242 = DIRECTION ( 'NONE',  ( 0.000000000000000000, 0.000000000000000000, -1.000000000000000000 ) ) ;
#1243 = CARTESIAN_POINT ( 'NONE',  ( 158.7684832964904444, 11.21900119983297728, 230.1920383031534811 ) ) ;
#1244 = VERTEX_POINT ( 'NONE', #42 ) ;
#1245 = CARTESIAN_POINT ( 'NONE',  ( 160.2753161830647741, -6.222558247906469830, 235.9664783217089905 ) ) ;
#1246 = CARTESIAN_POINT ( 'NONE',  ( 0.000000000000000000, -8.148468503287105591, 291.1339479415150890 ) ) ;
#1247 = CARTESIAN_POINT ( 'NONE',  ( 386.6666666647020634, -4.566923217582304240, 238.8503178250753649 ) ) ;
#1248 = B_SPLINE_CURVE_WITH_KNOTS ( 'NONE', 3,
 ( #1480, #1011, #2758, #135, #778, #1022, #2587, #2797, #1659, #1229, #804, #763, #2546, #2111, #124, #1998 ),
 .UNSPECIFIED., .F., .F.,
 ( 4, 2, 2, 2, 2, 2, 2, 4 ),
 ( 4.672591595843944867E-15, 0.0005858209707330058313, 0.001171641941461339185, 0.001757462912189672322, 0.002343283882918005458, 0.002929104853646338595, 0.003514925824374671732, 0.004686567765831401756 ),
 .UNSPECIFIED. ) ;
#1249 = DIRECTION ( 'NONE',  ( -1.000000000000000000, 0.000000000000000000, -6.454785026890405981E-15 ) ) ;
#1250 = CARTESIAN_POINT ( 'NONE',  ( 151.1999999999999034, -6.245148046862863289, 439.9146904413995003 ) ) ;
#1251 = CARTESIAN_POINT ( 'NONE',  ( 579.9999999970528961, 6.286797556005607746, 343.1633722646573688 ) ) ;
#1252 = VECTOR ( 'NONE', #2502, 1000.000000000000000 ) ;
#1253 = CARTESIAN_POINT ( 'NONE',  ( 286.4825135393713254, -2.487518431353443304, 221.5111608320104892 ) ) ;
#1254 = ADVANCED_FACE ( 'NONE', ( #1994 ), #2659, .F. ) ;
#1255 = CARTESIAN_POINT ( 'NONE',  ( 620.0000000000002274, 3.306277303021957437, 266.0767156309140660 ) ) ;
#1256 = ORIENTED_EDGE ( 'NONE', *, *, #1215, .F. ) ;
#1257 = CARTESIAN_POINT ( 'NONE',  ( 305.7135634874586003, -6.553693851460156594, 302.2388081893111575 ) ) ;
#1258 = CARTESIAN_POINT ( 'NONE',  ( 295.6505916907757410, -1.162840517953414032, 222.0604507724219445 ) ) ;
#1259 = CIRCLE ( 'NONE', #1482, 2.000000000000001776 ) ;
#1260 = CARTESIAN_POINT ( 'NONE',  ( 158.5099676933578792, 13.26977123564059191, 238.7365601405798543 ) ) ;
#1261 = EDGE_LOOP ( 'NONE', ( #1323, #2114, #2122, #2341 ) ) ;
#1262 = LINE ( 'NONE', #2144, #1147 ) ;
#1263 = CARTESIAN_POINT ( 'NONE',  ( 579.9999999970530098, -1.884472597434357466, 240.4758978681773272 ) ) ;
#1264 = CARTESIAN_POINT ( 'NONE',  ( 159.1895774528954632, -6.945972241861818830, 365.0411590601460716 ) ) ;
#1265 = CARTESIAN_POINT ( 'NONE',  ( 310.0370945548289683, -6.492721997814469681, 311.8817145493895850 ) ) ;
#1266 = CARTESIAN_POINT ( 'NONE',  ( 151.1999999999999034, -6.245148046862863289, 439.9146904413995003 ) ) ;
#1267 = CARTESIAN_POINT ( 'NONE',  ( 386.6666666647022339, 11.94894084339834173, 321.0677719607929816 ) ) ;
#1268 = CARTESIAN_POINT ( 'NONE',  ( 300.4158288649881570, 8.909777073073410492, 237.8305271470366620 ) ) ;
#1269 = CARTESIAN_POINT ( 'NONE',  ( 286.6718478987779122, -2.825952174763437519, 222.4388630385426211 ) ) ;
#1270 = PRESENTATION_STYLE_ASSIGNMENT (( #1036 ) ) ;
#1271 = ORIENTED_EDGE ( 'NONE', *, *, #1460, .T. ) ;
#1272 = CARTESIAN_POINT ( 'NONE',  ( 307.5645325689160359, -6.549978676231569708, 300.2630213632491518 ) ) ;
#1273 = CARTESIAN_POINT ( 'NONE',  ( 300.4075280719764578, -0.9329362451323450767, 221.8403511799730268 ) ) ;
#1274 = CARTESIAN_POINT ( 'NONE',  ( 293.6745420336763459, 12.77106782476249691, 256.7507270920247606 ) ) ;
#1275 = CARTESIAN_POINT ( 'NONE',  ( 160.4000000000000057, 12.37853016248148563, 234.8566351996881281 ) ) ;
#1276 = ORIENTED_EDGE ( 'NONE', *, *, #2365, .T. ) ;
#1277 = CARTESIAN_POINT ( 'NONE',  ( 151.2000000009300038, 6.399156040153494374, 374.1813886822074551 ) ) ;
#1278 = CARTESIAN_POINT ( 'NONE',  ( 193.3333333323510317, -7.065133105652460443, 317.1447508523514784 ) ) ;
#1279 = CARTESIAN_POINT ( 'NONE',  ( 193.3333333323509464, -1.689577546666605867, 213.0401703756483016 ) ) ;
#1280 = VECTOR ( 'NONE', #2185, 1000.000000000000000 ) ;
#1281 = CARTESIAN_POINT ( 'NONE',  ( 286.0958681822535254, 0.5622988664043685469, 220.2814457164349733 ) ) ;
#1282 = CARTESIAN_POINT ( 'NONE',  ( 386.6666666647018928, 12.07468432340812825, 254.2018341394958725 ) ) ;
#1283 = CARTESIAN_POINT ( 'NONE',  ( 286.1325826872924836, 8.440896243502729490, 235.1642915911772036 ) ) ;
#1284 = CARTESIAN_POINT ( 'NONE',  ( 400.0000000000000568, 3.443088007130912676, 258.9429071604394608 ) ) ;
#1285 = EDGE_CURVE ( 'NONE', #1287, #1334, #1556, .T. ) ;
#1286 = CARTESIAN_POINT ( 'NONE',  ( 310.0370945548290820, -5.063985307089176935, 301.8288230327473798 ) ) ;
#1287 = VERTEX_POINT ( 'NONE', #274 ) ;
#1288 = CARTESIAN_POINT ( 'NONE',  ( 295.6636499650455789, 13.24929564551467998, 261.0162861617611156 ) ) ;
#1289 = CARTESIAN_POINT ( 'NONE',  ( 295.6173408538894591, -0.4187340359231942477, 220.7639000679832293 ) ) ;
#1290 = CARTESIAN_POINT ( 'NONE',  ( 291.3399782490943153, 0.002739491815131027928, 220.3077463441197779 ) ) ;
#1291 = CARTESIAN_POINT ( 'NONE',  ( 159.7655443141857745, 12.94065584524454238, 237.2894376124921791 ) ) ;
#1292 = ORIENTED_EDGE ( 'NONE', *, *, #1939, .F. ) ;
#1293 = CARTESIAN_POINT ( 'NONE',  ( 310.0370945548289114, -6.040694185277595274, 390.6005309229160503 ) ) ;
#1294 = CARTESIAN_POINT ( 'NONE',  ( 151.2000000000000455, -7.124116532309788141, 342.9554289446930966 ) ) ;
#1295 = EDGE_CURVE ( 'NONE', #1774, #30, #143, .T. ) ;
#1296 = CARTESIAN_POINT ( 'NONE',  ( 193.3333333323509748, -0.4512635983332914380, 212.5013648110064537 ) ) ;
#1297 = CARTESIAN_POINT ( 'NONE',  ( 0.000000000000000000, -6.040101761588164031, 217.1525123588351676 ) ) ;
#1298 = CARTESIAN_POINT ( 'NONE',  ( 286.0949350234639041, 0.4750507814421076058, 220.2149238262460926 ) ) ;
#1299 = CIRCLE ( 'NONE', #1660, 2.000000000000001776 ) ;
#1300 = CARTESIAN_POINT ( 'NONE',  ( 193.3333333323509748, 12.29171122513588976, 334.7391500830804603 ) ) ;
#1301 = CARTESIAN_POINT ( 'NONE',  ( 295.6408199677053403, 4.369227947222896979, 225.7017837502917814 ) ) ;
#1302 = PRODUCT ( 'WING 1R VTOL', 'WING 1R VTOL', '', ( #2518 ) ) ;
#1303 = CARTESIAN_POINT ( 'NONE',  ( 151.1999999999999886, 13.61165335743737259, 239.7566351996880485 ) ) ;
#1304 = UNCERTAINTY_MEASURE_WITH_UNIT (LENGTH_MEASURE( 1.000000000000000082E-05 ), #1751, 'distance_accuracy_value', 'NONE');
#1305 = ORIENTED_EDGE ( 'NONE', *, *, #199, .F. ) ;
#1306 = CARTESIAN_POINT ( 'NONE',  ( 290.9005547048193421, 11.93069540348373536, 250.9525037146900672 ) ) ;
#1307 = ADVANCED_FACE ( 'NONE', ( #2083 ), #2738, .F. ) ;
#1308 = CARTESIAN_POINT ( 'NONE',  ( 290.9054350940238010, -3.046092880780303602, 228.9033129279277716 ) ) ;
#1309 = CARTESIAN_POINT ( 'NONE',  ( 291.3420911927245811, 0.03336554876877473319, 220.3180993644288606 ) ) ;
#1310 = ORIENTED_EDGE ( 'NONE', *, *, #2748, .F. ) ;
#1311 = CARTESIAN_POINT ( 'NONE',  ( 160.4000000000000625, -6.169916685811448254, 235.1797589876109100 ) ) ;
#1312 = CARTESIAN_POINT ( 'NONE',  ( 118.4367889235229967, -3.525667192811752226, 293.8817145493893577 ) ) ;
#1313 = CARTESIAN_POINT ( 'NONE',  ( 193.3333333323509464, -5.898521906545276750, 234.5410815672917408 ) ) ;
#1314 = CARTESIAN_POINT ( 'NONE',  ( 300.3969929823990128, 3.364407040465864362, 224.3468275080738579 ) ) ;
#1315 = EDGE_CURVE ( 'NONE', #1417, #1534, #1051, .T. ) ;
#1316 = CARTESIAN_POINT ( 'NONE',  ( 579.9999999970527824, -4.352006386214562816, 404.0986377003519578 ) ) ;
#1317 = CARTESIAN_POINT ( 'NONE',  ( 290.8977083904109122, 10.42761550078990673, 243.1152142466764019 ) ) ;
#1318 = CARTESIAN_POINT ( 'NONE',  ( 0.000000000000000000, 17.29567669399768093, 313.2912272862357668 ) ) ;
#1319 = CARTESIAN_POINT ( 'NONE',  ( 299.2250122311477867, -7.156911992869086525, 258.9429071604394608 ) ) ;
#1320 = ORIENTED_EDGE ( 'NONE', *, *, #1832, .F. ) ;
#1321 = CARTESIAN_POINT ( 'NONE',  ( 286.1393396515633754, 11.64197922505510796, 248.7731146009236056 ) ) ;
#1322 = CARTESIAN_POINT ( 'NONE',  ( 295.6507871055920873, -1.208175601449408054, 222.1759885148092337 ) ) ;
#1323 = ORIENTED_EDGE ( 'NONE', *, *, #445, .F. ) ;
#1324 = CARTESIAN_POINT ( 'NONE',  ( 293.8119447278610892, 7.375900083578812882, 232.4199100528719839 ) ) ;
#1325 = VERTEX_POINT ( 'NONE', #2724 ) ;
#1326 = CARTESIAN_POINT ( 'NONE',  ( 160.3999999999999773, -6.077520724332375224, 233.8566351996881565 ) ) ;
#1327 = LINE ( 'NONE', #1312, #1791 ) ;
#1328 = CARTESIAN_POINT ( 'NONE',  ( 386.6666666647018360, -5.176508820950278533, 419.6790967410228177 ) ) ;
#1329 = CARTESIAN_POINT ( 'NONE',  ( 295.6264760866363872, 1.981887840581970206, 222.2219465359978301 ) ) ;
#1330 = CARTESIAN_POINT ( 'NONE',  ( 0.000000000000000000, 7.785143742719109916, 377.2153418768251640 ) ) ;
#1331 = CARTESIAN_POINT ( 'NONE',  ( 286.1379024536192333, 10.88761231220869519, 244.8403434300103640 ) ) ;
#1332 = CARTESIAN_POINT ( 'NONE',  ( 579.9999999970531235, 7.615257880408826452, 334.9895548652660864 ) ) ;
#1333 = CARTESIAN_POINT ( 'NONE',  ( 310.0370945548289683, -4.801978100357722212, 301.8817145493894714 ) ) ;
#1334 = VERTEX_POINT ( 'NONE', #316 ) ;
#1335 = CARTESIAN_POINT ( 'NONE',  ( 286.1431617478035037, 13.71060792213230251, 264.6810643841759543 ) ) ;
#1336 = ORIENTED_EDGE ( 'NONE', *, *, #992, .T. ) ;
#1337 = CARTESIAN_POINT ( 'NONE',  ( 300.4305444275481705, -3.788979054161444981, 235.3401887440428197 ) ) ;
#1338 = ORIENTED_EDGE ( 'NONE', *, *, #2540, .F. ) ;
#1339 = CARTESIAN_POINT ( 'NONE',  ( 299.5592111918006140, 13.13980155127717353, 260.5804182502917001 ) ) ;
#1340 = CARTESIAN_POINT ( 'NONE',  ( 151.1999999999999318, 5.753447452897465730, 215.4433380612030646 ) ) ;
#1341 = CARTESIAN_POINT ( 'NONE',  ( 310.0370945548288546, 11.26120111664213752, 332.3393257106716874 ) ) ;
#1342 = CARTESIAN_POINT ( 'NONE',  ( 579.9999999970527824, -4.937668687604563011, 340.7488106811252351 ) ) ;
#1343 = CARTESIAN_POINT ( 'NONE',  ( 286.1196128407694346, 4.409251091774882170, 225.1038600671453764 ) ) ;
#1344 = CARTESIAN_POINT ( 'NONE',  ( 0.000000000000000000, -6.846324879718627798, 456.3122647871372806 ) ) ;
#1345 = CARTESIAN_POINT ( 'NONE',  ( 151.1999999999999318, 85.00000000000000000, 228.9566351996881508 ) ) ;
#1346 = CARTESIAN_POINT ( 'NONE',  ( 579.9999999970531235, 12.05585114077850406, 281.0960369820363098 ) ) ;
#1347 = CARTESIAN_POINT ( 'NONE',  ( 308.0277045822154491, -5.772652443201348405, 301.4688306276174217 ) ) ;
#1348 = CARTESIAN_POINT ( 'NONE',  ( 289.8783797044311541, 10.47500381821099324, 238.1502565792710016 ) ) ;
#1349 = CARTESIAN_POINT ( 'NONE',  ( 308.0217522156248720, -6.548630351287507700, 299.8868893241510705 ) ) ;
#1350 = CARTESIAN_POINT ( 'NONE',  ( 300.4186394955881951, -2.129086414285215945, 225.2032415437546149 ) ) ;
#1351 = EDGE_CURVE ( 'NONE', #191, #550, #1185, .T. ) ;
#1352 = EDGE_LOOP ( 'NONE', ( #1042, #2035, #1997, #2143, #1433 ) ) ;
#1353 = CARTESIAN_POINT ( 'NONE',  ( 291.7906993454253666, 2.458072190026868498, 222.5161936481743226 ) ) ;
#1354 = EDGE_CURVE ( 'NONE', #2599, #646, #1198, .T. ) ;
#1355 = AXIS2_PLACEMENT_3D ( 'NONE', #1227, #1035, #817 ) ;
#1356 = CARTESIAN_POINT ( 'NONE',  ( 310.0370945548288546, 13.91327166176540153, 311.8877287416138415 ) ) ;
#1357 = CARTESIAN_POINT ( 'NONE',  ( 579.9999999970532372, -4.690623640227411073, 385.3875012641357216 ) ) ;
#1358 = CARTESIAN_POINT ( 'NONE',  ( 290.8423331113819472, 0.004546536613984645571, 220.2775564843635721 ) ) ;
#1359 = CARTESIAN_POINT ( 'NONE',  ( 386.6666666647022339, -5.113126307511020485, 421.1293184417577891 ) ) ;
#1360 = CARTESIAN_POINT ( 'NONE',  ( 275.3144509570978471, -4.718119823019968351, 427.9312262109982612 ) ) ;
#1361 = CARTESIAN_POINT ( 'NONE',  ( 193.3333333323510885, 6.835746929844915165, 368.5446127025542182 ) ) ;
#1362 = CARTESIAN_POINT ( 'NONE',  ( 305.0370945548289114, -5.069062442385623868, 301.8180469469515401 ) ) ;
#1363 = ORIENTED_EDGE ( 'NONE', *, *, #770, .F. ) ;
#1364 = CARTESIAN_POINT ( 'NONE',  ( 286.1303616379215100, -1.408053641093908848, 222.0187147850280098 ) ) ;
#1365 = ORIENTED_EDGE ( 'NONE', *, *, #1208, .T. ) ;
#1366 = CARTESIAN_POINT ( 'NONE',  ( 291.3731368458544466, -0.4213867871605972426, 220.4702171364050969 ) ) ;
#1367 = CARTESIAN_POINT ( 'NONE',  ( 151.2000000000000171, -5.641970506946599961, 227.7265325954385276 ) ) ;
#1368 = CARTESIAN_POINT ( 'NONE',  ( 305.0370945548289114, -4.894391646577103572, 304.8817145493896419 ) ) ;
#1369 = CARTESIAN_POINT ( 'NONE',  ( 193.3333333323510885, -6.108416584304056762, 434.0147561491482975 ) ) ;
#1370 = CARTESIAN_POINT ( 'NONE',  ( 308.0095723958560257, -6.543531141834514564, 301.8817145493894714 ) ) ;
#1371 = CARTESIAN_POINT ( 'NONE',  ( 290.8404364529855002, -0.04119176139568431205, 220.2722383467757652 ) ) ;
#1372 = CARTESIAN_POINT ( 'NONE',  ( 579.9999999970527824, -1.068975656530539498, 385.7314532393304489 ) ) ;
#1373 = DIRECTION ( 'NONE',  ( 0.000000000000000000, -1.000000000000000000, 0.000000000000000000 ) ) ;
#1374 = CARTESIAN_POINT ( 'NONE',  ( 193.3333333323509464, 16.15044311579107017, 301.6248522783866974 ) ) ;
#1375 = CARTESIAN_POINT ( 'NONE',  ( 154.0666666659752480, -6.982037078177618206, 363.3813886722098232 ) ) ;
#1376 = CARTESIAN_POINT ( 'NONE',  ( 151.1999999999999886, 0.000000000000000000, 0.000000000000000000 ) ) ;
#1377 = CARTESIAN_POINT ( 'NONE',  ( 305.0370945548289114, -3.525667192811752226, 304.8817145493894145 ) ) ;
#1378 = ORIENTED_EDGE ( 'NONE', *, *, #900, .F. ) ;
#1379 = CARTESIAN_POINT ( 'NONE',  ( 297.2290156529987257, -4.785949439286136808, 249.1629050753339811 ) ) ;
#1380 = CARTESIAN_POINT ( 'NONE',  ( 151.1999999999999886, -0.4649223552451219321, 209.6678997739389558 ) ) ;
#1381 = CARTESIAN_POINT ( 'NONE',  ( 160.1431289497672594, -6.907151828994706477, 370.8552971965158918 ) ) ;
#1382 = CARTESIAN_POINT ( 'NONE',  ( 300.0000000000000000, 0.5975986629158585028, 354.4482087289370611 ) ) ;
#1383 = CARTESIAN_POINT ( 'NONE',  ( 300.3706027492025896, 0.1707202151875374663, 220.9836947965735305 ) ) ;
#1384 = CARTESIAN_POINT ( 'NONE',  ( 193.3333333323510885, -6.593476819720387461, 398.3318257381640706 ) ) ;
#1385 = CARTESIAN_POINT ( 'NONE',  ( 310.0370945548290251, 4.474332807188248218, 319.8817145493894145 ) ) ;
#1386 = CARTESIAN_POINT ( 'NONE',  ( 386.6666666647020634, 1.294877575380734891, 386.4039895251283951 ) ) ;
#1387 = CARTESIAN_POINT ( 'NONE',  ( 305.0370945548289114, -4.681255326667940864, 301.8827326386460186 ) ) ;
#1388 = ORIENTED_EDGE ( 'NONE', *, *, #2027, .T. ) ;
#1389 = CARTESIAN_POINT ( 'NONE',  ( 295.6720443405481547, -4.319830950625042298, 241.0282688465245258 ) ) ;
#1390 = ORIENTED_EDGE ( 'NONE', *, *, #1141, .F. ) ;
#1391 = CARTESIAN_POINT ( 'NONE',  ( 118.4367889235229967, -1.525667192811738460, 321.8817145493894145 ) ) ;
#1392 = DIRECTION ( 'NONE',  ( -0.000000000000000000, 1.000000000000000000, -0.000000000000000000 ) ) ;
#1393 = CARTESIAN_POINT ( 'NONE',  ( 310.0370945548290251, 3.306277303021957437, 269.3767156309140773 ) ) ;
#1394 = CARTESIAN_POINT ( 'NONE',  ( 300.3619567902759400, -0.05578513765355711668, 220.9131546865376095 ) ) ;
#1395 = CARTESIAN_POINT ( 'NONE',  ( 0.000000000000000000, -7.903040807874519125, 253.8147977847377490 ) ) ;
#1396 = CARTESIAN_POINT ( 'NONE',  ( 295.2370945548290706, 13.55537483294562939, 264.4069360666574653 ) ) ;
#1397 = CARTESIAN_POINT ( 'NONE',  ( 579.9999999970532372, -1.969755189242207161, 390.8208460070080719 ) ) ;
#1398 = EDGE_CURVE ( 'NONE', #172, #2679, #1853, .T. ) ;
#1399 = VECTOR ( 'NONE', #665, 1000.000000000000000 ) ;
#1400 = FACE_OUTER_BOUND ( 'NONE', #432, .T. ) ;
#1401 = LINE ( 'NONE', #812, #674 ) ;
#1402 = CARTESIAN_POINT ( 'NONE',  ( 300.4336372651931697, -4.581689494150421815, 245.2325779308109475 ) ) ;
#1403 = ORIENTED_EDGE ( 'NONE', *, *, #2675, .T. ) ;
#1404 = CARTESIAN_POINT ( 'NONE',  ( 291.8333110721535490, -1.530436349703875321, 222.7249829721710341 ) ) ;
#1405 = DIRECTION ( 'NONE',  ( 0.000000000000000000, 0.000000000000000000, 1.000000000000000000 ) ) ;
#1406 = CARTESIAN_POINT ( 'NONE',  ( 160.3682723804128329, -6.911384125018678048, 369.9230447829853006 ) ) ;
#1407 = CARTESIAN_POINT ( 'NONE',  ( 308.6928651620073083, -6.540038281981161994, 301.8817145494462579 ) ) ;
#1408 = CARTESIAN_POINT ( 'NONE',  ( 160.4000000000000341, 85.00000000000000000, 368.2813886722097436 ) ) ;
#1409 = CARTESIAN_POINT ( 'NONE',  ( 295.6013532268079871, -0.05658761344008296501, 220.5930687354468773 ) ) ;
#1410 = CARTESIAN_POINT ( 'NONE',  ( 0.000000000000000000, -7.509225448604162523, 411.1396134388328392 ) ) ;
#1411 = CARTESIAN_POINT ( 'NONE',  ( 287.1837033476182910, -2.338505541581819003, 224.9468569959131514 ) ) ;
#1412 = CARTESIAN_POINT ( 'NONE',  ( 579.9999999970527824, -1.068975656530539498, 385.7314532393304489 ) ) ;
#1413 = CARTESIAN_POINT ( 'NONE',  ( 386.6666666647018928, 4.808815755796423730, 230.3302200179761314 ) ) ;
#1414 = VECTOR ( 'NONE', #1595, 1000.000000000000000 ) ;
#1415 = LINE ( 'NONE', #776, #2231 ) ;
#1416 = EDGE_CURVE ( 'NONE', #30, #2808, #236, .T. ) ;
#1417 = VERTEX_POINT ( 'NONE', #869 ) ;
#1418 = CARTESIAN_POINT ( 'NONE',  ( 291.4280806158947712, -0.6681619859707774722, 220.7394311177527015 ) ) ;
#1419 = DIRECTION ( 'NONE',  ( 0.000000000000000000, 0.000000000000000000, -1.000000000000000000 ) ) ;
#1420 = CARTESIAN_POINT ( 'NONE',  ( 151.2000000009300038, 85.00000000000000000, 374.1813886822074551 ) ) ;
#1421 = CARTESIAN_POINT ( 'NONE',  ( 193.3333333323510317, -7.065133105652460443, 317.1447508523514784 ) ) ;
#1422 = CARTESIAN_POINT ( 'NONE',  ( 286.8052125380409620, -1.778788843389587537, 223.0923243041322905 ) ) ;
#1423 = EDGE_CURVE ( 'NONE', #2783, #1927, #851, .T. ) ;
#1424 = EDGE_CURVE ( 'NONE', #308, #2087, #1136, .T. ) ;
#1425 = CARTESIAN_POINT ( 'NONE',  ( 294.4356297389011274, -6.364070158650756426, 260.4799115132473730 ) ) ;
#1426 = CARTESIAN_POINT ( 'NONE',  ( 193.3333333323510885, 7.477695866475672304, 221.8680221566752095 ) ) ;
#1427 = CARTESIAN_POINT ( 'NONE',  ( 295.6715496599596804, -4.178194138014860393, 239.0390198558416728 ) ) ;
#1428 = VERTEX_POINT ( 'NONE', #883 ) ;
#1429 = CARTESIAN_POINT ( 'NONE',  ( 158.1067428599942559, 8.013127580793153015, 364.1291823489592616 ) ) ;
#1430 = VECTOR ( 'NONE', #248, 1000.000000000000000 ) ;
#1431 = CARTESIAN_POINT ( 'NONE',  ( 386.6666666647018928, 4.808815755796423730, 230.3302200179761314 ) ) ;
#1432 = CARTESIAN_POINT ( 'NONE',  ( 151.1999999999999886, 8.223982652352024303, 363.3813886722097664 ) ) ;
#1433 = ORIENTED_EDGE ( 'NONE', *, *, #501, .F. ) ;
#1434 = CARTESIAN_POINT ( 'NONE',  ( 386.6666666647020634, -6.153661249499089436, 284.8637153941359657 ) ) ;
#1435 = CARTESIAN_POINT ( 'NONE',  ( 286.2750691038208970, -0.7401291218058287935, 220.4947227106046910 ) ) ;
#1436 = CARTESIAN_POINT ( 'NONE',  ( 308.0248491640479074, -6.144897898222349220, 301.1144710597034191 ) ) ;
#1437 = CYLINDRICAL_SURFACE ( 'NONE', #401, 4.900000000000015454 ) ;
#1438 = CARTESIAN_POINT ( 'NONE',  ( 118.4367889235229967, -1.525667192811752670, 319.8817145493894145 ) ) ;
#1439 = VERTEX_POINT ( 'NONE', #466 ) ;
#1440 = CARTESIAN_POINT ( 'NONE',  ( 157.0951050094260211, 8.108049089201610826, 363.6372126530756077 ) ) ;
#1441 = CARTESIAN_POINT ( 'NONE',  ( 0.000000000000000000, -3.869566342698527173E-11, 199.5133111311278071 ) ) ;
#1442 = CARTESIAN_POINT ( 'NONE',  ( 309.3636305615900142, -4.541748256767904834, 301.8817145493894145 ) ) ;
#1443 = EDGE_LOOP ( 'NONE', ( #2349, #960, #1378, #870 ) ) ;
#1444 = CIRCLE ( 'NONE', #2558, 4.300000000000025580 ) ;
#1445 = CARTESIAN_POINT ( 'NONE',  ( 160.1476601761526695, -6.931318089987467346, 366.6967818179552978 ) ) ;
#1446 = LINE ( 'NONE', #2344, #765 ) ;
#1447 = CARTESIAN_POINT ( 'NONE',  ( 165.9108133952245225, -6.182422020985159250, 438.4943360446119414 ) ) ;
#1448 = CARTESIAN_POINT ( 'NONE',  ( 155.5000000000000000, 85.00000000000000000, 369.2813886722099141 ) ) ;
#1449 = DIRECTION ( 'NONE',  ( 1.000000000000000000, -0.000000000000000000, -0.000000000000000000 ) ) ;
#1450 = VERTEX_POINT ( 'NONE', #1756 ) ;
#1451 = CARTESIAN_POINT ( 'NONE',  ( 160.0922681354015253, 7.579308422119137134, 366.5648174852262287 ) ) ;
#1452 = CARTESIAN_POINT ( 'NONE',  ( 300.3868317642256329, -0.5450965196901984555, 221.2033395269776861 ) ) ;
#1453 = CARTESIAN_POINT ( 'NONE',  ( 193.3333333323510885, 7.477695866475672304, 221.8680221566752095 ) ) ;
#1454 = CARTESIAN_POINT ( 'NONE',  ( 308.0370945548289114, -3.525667192811752226, 301.8817145493894145 ) ) ;
#1455 = ORIENTED_EDGE ( 'NONE', *, *, #1491, .F. ) ;
#1456 = CARTESIAN_POINT ( 'NONE',  ( 160.4000000000000341, -6.054208510965485956, 233.5335059886707540 ) ) ;
#1457 = B_SPLINE_CURVE_WITH_KNOTS ( 'NONE', 3,
 ( #2067, #1368, #50, #1846, #298, #739 ),
 .UNSPECIFIED., .F., .F.,
 ( 4, 2, 4 ),
 ( 1.821459649775647449E-17, 0.001022850845441957389, 0.002045701690883896563 ),
 .UNSPECIFIED. ) ;
#1458 = DIRECTION ( 'NONE',  ( 1.000000000000000000, 0.000000000000000000, 0.000000000000000000 ) ) ;
#1459 = CARTESIAN_POINT ( 'NONE',  ( 310.0370945548291388, -6.547052708160733481, 283.5051918643702038 ) ) ;
#1460 = EDGE_CURVE ( 'NONE', #294, #1027, #1739, .T. ) ;
#1461 = CARTESIAN_POINT ( 'NONE',  ( 151.1999999999998749, -6.691256399371445340, 419.1988005202377963 ) ) ;
#1462 = CARTESIAN_POINT ( 'NONE',  ( 579.9999999970531235, 12.05585114077850406, 281.0960369820363098 ) ) ;
#1463 = CARTESIAN_POINT ( 'NONE',  ( 286.0736848077983723, -1.526484763679570422, 219.5079781156645709 ) ) ;
#1464 = CARTESIAN_POINT ( 'NONE',  ( 295.2370945548290706, -6.430452326606911129, 264.4069360666574653 ) ) ;
#1465 = VERTEX_POINT ( 'NONE', #220 ) ;
#1466 = CARTESIAN_POINT ( 'NONE',  ( 300.0000000000000000, 0.5975986629158585028, 354.4482087289370611 ) ) ;
#1467 = CARTESIAN_POINT ( 'NONE',  ( 295.6498469233990818, -1.072176240266503155, 221.8342833315236646 ) ) ;
#1468 = CARTESIAN_POINT ( 'NONE',  ( 579.9999999970528961, -2.452747206727057261E-11, 238.5133111311282619 ) ) ;
#1469 = CARTESIAN_POINT ( 'NONE',  ( 157.0970975291559739, 13.45104989798334039, 239.5003334640779542 ) ) ;
#1470 = ORIENTED_EDGE ( 'NONE', *, *, #900, .T. ) ;
#1471 = CARTESIAN_POINT ( 'NONE',  ( 160.3999999999999773, -6.077520724332375224, 233.8566351996881565 ) ) ;
#1472 = CARTESIAN_POINT ( 'NONE',  ( 193.3333333323510317, -3.705220741270887075, 218.2751697116970888 ) ) ;
#1473 = CARTESIAN_POINT ( 'NONE',  ( 157.0739284155999087, -6.965119592590922615, 363.6382664376769753 ) ) ;
#1474 = DIRECTION ( 'NONE',  ( 1.000000000000000000, -0.000000000000000000, -0.000000000000000000 ) ) ;
#1475 = DIRECTION ( 'NONE',  ( 0.000000000000000000, 0.000000000000000000, 1.000000000000000000 ) ) ;
#1476 = CARTESIAN_POINT ( 'NONE',  ( 193.3333333323508896, 16.91444032200661951, 281.1003418505097784 ) ) ;
#1477 = CARTESIAN_POINT ( 'NONE',  ( 300.4169533101530760, 9.419841399360965539, 239.7377620733581125 ) ) ;
#1478 = CARTESIAN_POINT ( 'NONE',  ( 286.1149024556006566, -1.674119752063700117, 219.7099367191318606 ) ) ;
#1479 = VERTEX_POINT ( 'NONE', #1549 ) ;
#1480 = CARTESIAN_POINT ( 'NONE',  ( 308.0370945548336863, -6.502947416201977582, 311.8817145493893008 ) ) ;
#1481 = CARTESIAN_POINT ( 'NONE',  ( 290.8741728476192634, -0.6856874668932326777, 220.7324304951353895 ) ) ;
#1482 = AXIS2_PLACEMENT_3D ( 'NONE', #1385, #2226, #1571 ) ;
#1483 = CARTESIAN_POINT ( 'NONE',  ( 286.2537514045008038, -0.6730300455349671473, 220.3902700546825599 ) ) ;
#1484 = LINE ( 'NONE', #2620, #781 ) ;
#1485 = ORIENTED_EDGE ( 'NONE', *, *, #985, .F. ) ;
#1486 = CARTESIAN_POINT ( 'NONE',  ( 159.1918398174678941, -5.833231737278343765, 230.6189915473522092 ) ) ;
#1487 = CARTESIAN_POINT ( 'NONE',  ( 193.3333333323509748, -2.609256555373887121, 215.2307251790193448 ) ) ;
#1488 = CARTESIAN_POINT ( 'NONE',  ( 0.000000000000000000, -6.717750288785817148, 224.6004539023777511 ) ) ;
#1489 = B_SPLINE_CURVE_WITH_KNOTS ( 'NONE', 3,
 ( #630, #1514, #1936, #2153 ),
 .UNSPECIFIED., .F., .F.,
 ( 4, 4 ),
 ( 3.886400080904807670E-16, 0.004300743284943522003 ),
 .UNSPECIFIED. ) ;
#1490 = CARTESIAN_POINT ( 'NONE',  ( 295.6386046933182001, 3.874918698590578803, 224.8716266963396606 ) ) ;
#1491 = EDGE_CURVE ( 'NONE', #2730, #2336, #275, .T. ) ;
#1492 = CARTESIAN_POINT ( 'NONE',  ( 579.9999999970531235, 12.08411726914921047, 295.3193184898788672 ) ) ;
#1493 = CARTESIAN_POINT ( 'NONE',  ( 286.1293246181343761, 7.190444808660940268, 231.3913015445419035 ) ) ;
#1494 = CARTESIAN_POINT ( 'NONE',  ( 151.1999999999999886, 0.5975986629158585028, 354.4482087289370611 ) ) ;
#1495 = ORIENTED_EDGE ( 'NONE', *, *, #1315, .T. ) ;
#1496 = CARTESIAN_POINT ( 'NONE',  ( 287.1301065367808860, 5.495911635305848364, 224.6842428574514372 ) ) ;
#1497 = EDGE_CURVE ( 'NONE', #2615, #2312, #1172, .T. ) ;
#1498 = ADVANCED_FACE ( 'NONE', ( #2036 ), #2718, .F. ) ;
#1499 = CARTESIAN_POINT ( 'NONE',  ( 300.4048576970876070, -0.8461526622305366452, 221.6498029626746984 ) ) ;
#1500 = CARTESIAN_POINT ( 'NONE',  ( 291.4073852951671597, 0.5621043276090953444, 220.6380279980860166 ) ) ;
#1501 = CARTESIAN_POINT ( 'NONE',  ( 157.9762382755882868, 13.35346623211191108, 239.0971501524413441 ) ) ;
#1502 = VERTEX_POINT ( 'NONE', #322 ) ;
#1503 = CARTESIAN_POINT ( 'NONE',  ( 310.0370945548289114, -5.950177353812133418, 406.6743403126818635 ) ) ;
#1504 = CARTESIAN_POINT ( 'NONE',  ( 151.1999999999999318, -7.371323288354370007, 292.5626945627168993 ) ) ;
#1505 = CARTESIAN_POINT ( 'NONE',  ( 0.000000000000000000, -1.924238009432647001, 200.1133443086088732 ) ) ;
#1506 = CARTESIAN_POINT ( 'NONE',  ( 579.9999999970531235, -2.676006289986922582, 242.6746744830808211 ) ) ;
#1507 = AXIS2_PLACEMENT_3D ( 'NONE', #2308, #1226, #95 ) ;
#1508 = CARTESIAN_POINT ( 'NONE',  ( 286.1118554812297816, 2.877827064127935763, 222.6342821202828759 ) ) ;
#1509 = CARTESIAN_POINT ( 'NONE',  ( 579.9999999970532372, 4.936953304096522999, 351.2031543540123835 ) ) ;
#1510 = CARTESIAN_POINT ( 'NONE',  ( 295.6471666424644127, 6.052726962316377524, 229.2020436699272068 ) ) ;
#1511 = EDGE_CURVE ( 'NONE', #848, #1534, #973, .T. ) ;
#1512 = EDGE_CURVE ( 'NONE', #1428, #588, #1964, .T. ) ;
#1513 = CARTESIAN_POINT ( 'NONE',  ( 287.2532944282539233, -3.637605041335526312, 225.2878400021830316 ) ) ;
#1514 = CARTESIAN_POINT ( 'NONE',  ( 152.6333341594798014, 13.58504615625715140, 239.7566351996883043 ) ) ;
#1515 = ORIENTED_EDGE ( 'NONE', *, *, #1295, .T. ) ;
#1516 = CARTESIAN_POINT ( 'NONE',  ( 287.2229331693481527, 5.736629072078524239, 225.1390756312139558 ) ) ;
#1517 = CARTESIAN_POINT ( 'NONE',  ( 300.4088632594209116, -0.9763280365832520680, 221.9356252886222194 ) ) ;
#1518 = CARTESIAN_POINT ( 'NONE',  ( 291.5019312732063099, 1.127259148515386222, 221.1012852363414822 ) ) ;
#1519 = ORIENTED_EDGE ( 'NONE', *, *, #1398, .F. ) ;
#1520 = CARTESIAN_POINT ( 'NONE',  ( 308.3601822257765548, -6.546899555623311606, 299.8868885127936892 ) ) ;
#1521 = CARTESIAN_POINT ( 'NONE',  ( 310.0370945548290251, -1.525667192811738460, 321.8817145493894145 ) ) ;
#1522 = EDGE_CURVE ( 'NONE', #550, #680, #536, .T. ) ;
#1523 = CARTESIAN_POINT ( 'NONE',  ( 193.3333333323510317, -7.079803176567100564, 270.4717163648858218 ) ) ;
#1524 = CARTESIAN_POINT ( 'NONE',  ( 160.3682673283116173, -6.924677385967325627, 367.6378442284141101 ) ) ;
#1525 = CARTESIAN_POINT ( 'NONE',  ( 290.8724590446977913, 2.863708511647252486, 222.9427552319744166 ) ) ;
#1526 = AXIS2_PLACEMENT_3D ( 'NONE', #2579, #2332, #2116 ) ;
#1527 = CARTESIAN_POINT ( 'NONE',  ( 193.3333333323509464, 16.15044311579107017, 301.6248522783866974 ) ) ;
#1528 = CARTESIAN_POINT ( 'NONE',  ( 295.6514045719698629, 7.453590880403375252, 232.8727759713145815 ) ) ;
#1529 = CARTESIAN_POINT ( 'NONE',  ( 579.9999999970528961, 10.96806314987765596, 310.6656409606852094 ) ) ;
#1530 = DIRECTION ( 'NONE',  ( -0.000000000000000000, -1.000000000000000000, -1.576542137387265747E-16 ) ) ;
#1531 = ORIENTED_EDGE ( 'NONE', *, *, #1512, .F. ) ;
#1532 = CARTESIAN_POINT ( 'NONE',  ( 300.4204317429952766, 11.12801049117644325, 247.4611753649740535 ) ) ;
#1533 = CARTESIAN_POINT ( 'NONE',  ( 290.8919703881680903, -1.569144863841100301, 222.7847959108956388 ) ) ;
#1534 = VERTEX_POINT ( 'NONE', #75 ) ;
#1535 = CARTESIAN_POINT ( 'NONE',  ( 298.7815547051602607, 12.69295364326999120, 256.7700499640441194 ) ) ;
#1536 = ORIENTED_EDGE ( 'NONE', *, *, #2163, .T. ) ;
#1537 = LINE ( 'NONE', #1803, #1884 ) ;
#1538 = CARTESIAN_POINT ( 'NONE',  ( 297.0616626178995716, 14.04308800713091010, 248.3429071604394096 ) ) ;
#1539 = CARTESIAN_POINT ( 'NONE',  ( 0.000000000000000000, -7.965129795698265625, 332.7649557612896274 ) ) ;
#1540 = CARTESIAN_POINT ( 'NONE',  ( 290.8603621911329924, 1.188456668834182217, 221.1220527220989140 ) ) ;
#1541 = CARTESIAN_POINT ( 'NONE',  ( 386.6666666647018360, -5.420512167452217867, 412.1310864783856118 ) ) ;
#1542 = CARTESIAN_POINT ( 'NONE',  ( 286.1351426197491037, 9.537455754144007258, 238.9966434569810474 ) ) ;
#1543 = CARTESIAN_POINT ( 'NONE',  ( 386.6666666647018928, 12.07468432340812825, 254.2018341394958725 ) ) ;
#1544 = CARTESIAN_POINT ( 'NONE',  ( 308.0237422176777500, -6.289204522178461154, 300.8756238123571620 ) ) ;
#1545 = ORIENTED_EDGE ( 'NONE', *, *, #704, .F. ) ;
#1546 = CARTESIAN_POINT ( 'NONE',  ( 291.1022408460638076, 11.87404744872544526, 244.1469424694580823 ) ) ;
#1547 = CARTESIAN_POINT ( 'NONE',  ( 286.1325848505581462, -1.736376552798780004, 222.9327877335223036 ) ) ;
#1548 = ORIENTED_EDGE ( 'NONE', *, *, #2639, .F. ) ;
#1549 = CARTESIAN_POINT ( 'NONE',  ( 305.0370945548289114, -4.548532427371159592, 304.8817145493894145 ) ) ;
#1550 = ORIENTED_EDGE ( 'NONE', *, *, #2617, .T. ) ;
#1551 = CARTESIAN_POINT ( 'NONE',  ( 151.2000000000000455, 7.704029278871503905, 219.3180652426502775 ) ) ;
#1552 = CARTESIAN_POINT ( 'NONE',  ( 310.0370945548288546, 14.88574464572560885, 268.1624708974403575 ) ) ;
#1553 = CARTESIAN_POINT ( 'NONE',  ( 193.3333333323509180, -6.011416850334453166, 437.9956807640800776 ) ) ;
#1554 = CARTESIAN_POINT ( 'NONE',  ( 290.8680680303448867, 2.282888184827259526, 222.2537783069151374 ) ) ;
#1555 = CARTESIAN_POINT ( 'NONE',  ( 193.3333333323509464, 4.987358710711697896, 379.3420367611240636 ) ) ;
#1556 = LINE ( 'NONE', #2442, #247 ) ;
#1557 = AXIS2_PLACEMENT_3D ( 'NONE', #1920, #383, #2364 ) ;
#1558 = CARTESIAN_POINT ( 'NONE',  ( 193.3333333323510317, 16.69263255009156666, 271.4737103024625640 ) ) ;
#1559 = B_SPLINE_CURVE_WITH_KNOTS ( 'NONE', 3,
 ( #525, #716, #1406, #2022, #499, #1381, #36, #2266, #284, #2040, #1804, #1167, #2054, #700, #727, #2682, #2466, #1835, #1608, #2493 ),
 .UNSPECIFIED., .F., .F.,
 ( 4, 2, 2, 2, 2, 2, 2, 2, 2, 4 ),
 ( 0.000000000000000000, 0.0009568279394667235371, 0.001435241909200077283, 0.001913655878933430811, 0.002870483818400016655, 0.003827311757866602715, 0.004784139697333188342, 0.005740967636799773968, 0.006697795576266360462, 0.007654623515732945221 ),
 .UNSPECIFIED. ) ;
#1560 = EDGE_CURVE ( 'NONE', #465, #1857, #1634, .T. ) ;
#1561 = CARTESIAN_POINT ( 'NONE',  ( 305.0370945548289114, -5.558381144261725915, 301.6219913879341448 ) ) ;
#1562 = CARTESIAN_POINT ( 'NONE',  ( 286.6785774134341409, 4.175116646048975255, 222.4718363753160304 ) ) ;
#1563 = ORIENTED_EDGE ( 'NONE', *, *, #445, .T. ) ;
#1564 = CARTESIAN_POINT ( 'NONE',  ( 300.4131775151040529, -1.549310264512061330, 223.4007486915489835 ) ) ;
#1565 = ORIENTED_EDGE ( 'NONE', *, *, #2657, .F. ) ;
#1566 = DIRECTION ( 'NONE',  ( 0.000000000000000000, -1.000000000000000000, 0.000000000000000000 ) ) ;
#1567 = DIRECTION ( 'NONE',  ( -0.09610480746706914768, 0.000000000000000000, -0.9953712201895922318 ) ) ;
#1568 = CARTESIAN_POINT ( 'NONE',  ( 0.000000000000000000, -7.314032143735950342, 439.3289523860927375 ) ) ;
#1569 = CARTESIAN_POINT ( 'NONE',  ( 286.0804549081560140, -0.01685101039136826725, 219.9531980175187584 ) ) ;
#1570 = CARTESIAN_POINT ( 'NONE',  ( 0.000000000000000000, -5.420589551295606157, 451.9053200484384547 ) ) ;
#1571 = DIRECTION ( 'NONE',  ( 0.000000000000000000, 0.000000000000000000, -1.000000000000000000 ) ) ;
#1572 = CARTESIAN_POINT ( 'NONE',  ( 579.9999999970532372, 4.936953304096522999, 351.2031543540123835 ) ) ;
#1573 = AXIS2_PLACEMENT_3D ( 'NONE', #2773, #1474, #592 ) ;
#1574 = CARTESIAN_POINT ( 'NONE',  ( 305.0370945548289114, -4.548532427371159592, 304.8817145493893008 ) ) ;
#1575 = FACE_OUTER_BOUND ( 'NONE', #631, .T. ) ;
#1576 = CARTESIAN_POINT ( 'NONE',  ( 286.1440253268585252, -2.900942162175260464, 227.6343047143414822 ) ) ;
#1577 = VERTEX_POINT ( 'NONE', #2517 ) ;
#1578 = DIRECTION ( 'NONE',  ( 1.000000000000000000, 0.000000000000000000, -0.000000000000000000 ) ) ;
#1579 = CARTESIAN_POINT ( 'NONE',  ( 310.0370945548290251, 0.000000000000000000, 291.8817145493893577 ) ) ;
#1580 = CARTESIAN_POINT ( 'NONE',  ( 0.000000000000000000, -6.956796621827982641, 451.7784412453585219 ) ) ;
#1581 = CARTESIAN_POINT ( 'NONE',  ( 309.3761576500991737, -6.536545422495385615, 301.8817145495789873 ) ) ;
#1582 = CARTESIAN_POINT ( 'NONE',  ( 300.3615818500991850, -0.03059929581312998206, 220.9122074645223393 ) ) ;
#1583 = CARTESIAN_POINT ( 'NONE',  ( 193.3333333323509180, -6.025824523911690989, 441.7841423508043022 ) ) ;
#1584 = CARTESIAN_POINT ( 'NONE',  ( 310.0370945548295367, -5.567953567555290029, 424.5786951049933577 ) ) ;
#1585 = CARTESIAN_POINT ( 'NONE',  ( 386.6666666647022339, 13.07897365269360890, 261.0380848239540228 ) ) ;
#1586 = ADVANCED_FACE ( 'NONE', ( #984, #1845, #1165, #2680, #726 ), #2052, .F. ) ;
#1587 = CARTESIAN_POINT ( 'NONE',  ( 305.0370945548289114, -4.880383768043170534, 304.8817145472247603 ) ) ;
#1588 = DIRECTION ( 'NONE',  ( 0.000000000000000000, 0.000000000000000000, 1.000000000000000000 ) ) ;
#1589 = CARTESIAN_POINT ( 'NONE',  ( 286.1352996292332591, -2.036977492864730621, 223.8415962743331136 ) ) ;
#1590 = VECTOR ( 'NONE', #2291, 1000.000000000000000 ) ;
#1591 = ORIENTED_EDGE ( 'NONE', *, *, #1497, .T. ) ;
#1592 = CARTESIAN_POINT ( 'NONE',  ( 294.1243480698503276, -3.713258923119563182, 233.9506267732792537 ) ) ;
#1593 = EDGE_CURVE ( 'NONE', #1027, #550, #2509, .T. ) ;
#1594 = CARTESIAN_POINT ( 'NONE',  ( 151.1999999999999602, 10.55710955559846909, 227.2650109945522559 ) ) ;
#1595 = DIRECTION ( 'NONE',  ( 0.000000000000000000, -1.000000000000000000, 0.000000000000000000 ) ) ;
#1596 = CARTESIAN_POINT ( 'NONE',  ( 151.1999999999999886, -6.507085137758828353, 239.7566351996880485 ) ) ;
#1597 = CARTESIAN_POINT ( 'NONE',  ( 300.3614869747441389, -0.03285124864536131950, 220.9120989251935043 ) ) ;
#1598 = CARTESIAN_POINT ( 'NONE',  ( 386.6666666647017792, -4.705967703391121582, 419.7200802417859222 ) ) ;
#1599 = CYLINDRICAL_SURFACE ( 'NONE', #1630, 3.300000000000025135 ) ;
#1600 = CARTESIAN_POINT ( 'NONE',  ( 386.6666666647018928, -3.305401079264717268, 412.3030266280131855 ) ) ;
#1601 = CARTESIAN_POINT ( 'NONE',  ( 308.0225100318649538, -6.449837939598518588, 300.5161758110533015 ) ) ;
#1602 = B_SPLINE_CURVE_WITH_KNOTS ( 'NONE', 3,
 ( #2372, #2813, #190, #390, #171, #2159, #1073, #1058, #1958, #1243, #2829, #1943, #1690, #852, #837, #356, #138, #2781 ),
 .UNSPECIFIED., .F., .F.,
 ( 4, 2, 2, 2, 2, 2, 2, 2, 4 ),
 ( 5.682377955034955683E-17, 0.0009715344397182941374, 0.001943068879436531463, 0.002914603319154769005, 0.003886137758873006113, 0.004857672198591243655, 0.005829206638309481631, 0.006800741078027718739, 0.007772275517745955847 ),
 .UNSPECIFIED. ) ;
#1603 = ORIENTED_EDGE ( 'NONE', *, *, #999, .T. ) ;
#1604 = AXIS2_PLACEMENT_3D ( 'NONE', #1742, #1913, #374 ) ;
#1605 = CARTESIAN_POINT ( 'NONE',  ( 300.4342290698562010, -4.768530389103663225, 249.2077133817743970 ) ) ;
#1606 = ORIENTED_EDGE ( 'NONE', *, *, #186, .T. ) ;
#1607 = DIRECTION ( 'NONE',  ( -1.000000000000000000, -0.000000000000000000, -0.000000000000000000 ) ) ;
#1608 = CARTESIAN_POINT ( 'NONE',  ( 155.8235304838472928, -6.910191695495795372, 374.1813886721484437 ) ) ;
#1609 = CARTESIAN_POINT ( 'NONE',  ( 159.7592733400706493, 6.710089304528660925, 371.7252055461170812 ) ) ;
#1610 = ADVANCED_FACE ( 'NONE', ( #265 ), #295, .T. ) ;
#1611 = CARTESIAN_POINT ( 'NONE',  ( 295.6008834112761861, -0.03297192306290820663, 220.5919825265895327 ) ) ;
#1612 = CARTESIAN_POINT ( 'NONE',  ( 386.6666666647018928, -5.975492132353124930, 266.5706856483420211 ) ) ;
#1613 = CARTESIAN_POINT ( 'NONE',  ( 240.5918071470562438, -4.865942039099411254, 431.2837573375021520 ) ) ;
#1614 = CARTESIAN_POINT ( 'NONE',  ( 386.6666666647018360, -5.188915455063127347, 422.9413900255781300 ) ) ;
#1615 = DIRECTION ( 'NONE',  ( -0.1999674932621503531, 0.000000000000000000, -0.9798025319616457951 ) ) ;
#1616 = CARTESIAN_POINT ( 'NONE',  ( 295.2370945548290706, 13.55537483294562939, 264.4069360666574653 ) ) ;
#1617 = LINE ( 'NONE', #946, #1252 ) ;
#1618 = EDGE_LOOP ( 'NONE', ( #2768, #1801, #838, #824 ) ) ;
#1619 = DIRECTION ( 'NONE',  ( 0.000000000000000000, 1.576542137387265747E-16, -1.000000000000000000 ) ) ;
#1620 = CARTESIAN_POINT ( 'NONE',  ( 0.000000000000000000, 0.000000000000000000, 0.000000000000000000 ) ) ;
#1621 = CARTESIAN_POINT ( 'NONE',  ( 151.1999999999999886, -1.525667192811738460, 321.8817145493894145 ) ) ;
#1622 = CARTESIAN_POINT ( 'NONE',  ( 160.3999999999999773, 7.062352195136835320, 369.6023684233620088 ) ) ;
#1623 = CARTESIAN_POINT ( 'NONE',  ( 151.2000000000000455, 15.64817440923999747, 252.1833787539478067 ) ) ;
#1624 = CIRCLE ( 'NONE', #2503, 5.300000000000027356 ) ;
#1625 = CARTESIAN_POINT ( 'NONE',  ( 295.6025491303412309, -0.08764338856437185743, 220.5971312418983246 ) ) ;
#1626 = CARTESIAN_POINT ( 'NONE',  ( 0.000000000000000000, -7.314032143735950342, 439.3289523860927375 ) ) ;
#1627 = CARTESIAN_POINT ( 'NONE',  ( 294.4541795499781074, 13.21563877770680584, 260.5708020453241147 ) ) ;
#1628 = CARTESIAN_POINT ( 'NONE',  ( 386.6666666647020634, 2.751046507723803547, 378.0547777424289393 ) ) ;
#1629 = EDGE_CURVE ( 'NONE', #1450, #447, #517, .T. ) ;
#1630 = AXIS2_PLACEMENT_3D ( 'NONE', #1143, #731, #893 ) ;
#1631 = CARTESIAN_POINT ( 'NONE',  ( 579.9999999970528961, 4.033212153983865456, 242.5533110923767026 ) ) ;
#1632 = CARTESIAN_POINT ( 'NONE',  ( 295.6744197973428641, -5.073103544138992227, 256.9883143982233946 ) ) ;
#1633 = ORIENTED_EDGE ( 'NONE', *, *, #2163, .F. ) ;
#1634 = LINE ( 'NONE', #961, #890 ) ;
#1635 = PLANE ( 'NONE',  #160 ) ;
#1636 = EDGE_CURVE ( 'NONE', #1959, #47, #1679, .T. ) ;
#1637 = CARTESIAN_POINT ( 'NONE',  ( 154.0666666909397406, 8.188414094100346929, 363.3813886722098232 ) ) ;
#1638 = CARTESIAN_POINT ( 'NONE',  ( 579.9999999970528961, -4.797582901793369992, 365.4155641104702568 ) ) ;
#1639 = CARTESIAN_POINT ( 'NONE',  ( 286.1677842450907860, -0.1127221187451985934, 219.9690473895304024 ) ) ;
#1640 = CARTESIAN_POINT ( 'NONE',  ( 0.000000000000000000, -5.420589551295606157, 451.9053200484384547 ) ) ;
#1641 = CARTESIAN_POINT ( 'NONE',  ( 300.1704306349076319, 14.68953173507284227, 264.4069360666574653 ) ) ;
#1642 = CARTESIAN_POINT ( 'NONE',  ( 151.1999999999999886, -3.500213524865869939E-11, 209.6802076829037276 ) ) ;
#1643 = CARTESIAN_POINT ( 'NONE',  ( 300.4350233608108738, -5.049949000991831305, 257.1697764777858310 ) ) ;
#1644 = EDGE_CURVE ( 'NONE', #1842, #1479, #1687, .T. ) ;
#1645 = EDGE_LOOP ( 'NONE', ( #5, #2215, #2662, #750 ) ) ;
#1646 = CARTESIAN_POINT ( 'NONE',  ( 305.8428623641082140, -6.553642001534811357, 302.0430141007574321 ) ) ;
#1647 = CIRCLE ( 'NONE', #37, 2.000000000000001776 ) ;
#1648 = STYLED_ITEM ( 'NONE', ( #1270 ), #2322 ) ;
#1649 = APPLICATION_PROTOCOL_DEFINITION ( 'draft international standard', 'automotive_design', 1998, #907 ) ;
#1650 = CARTESIAN_POINT ( 'NONE',  ( 151.1999999999999886, 4.474332807188234007, 291.8817145493893577 ) ) ;
#1651 = CARTESIAN_POINT ( 'NONE',  ( 151.2000000000000455, 14.29616079123145767, 324.0051469594296805 ) ) ;
#1652 = ORIENTED_EDGE ( 'NONE', *, *, #187, .T. ) ;
#1653 = CARTESIAN_POINT ( 'NONE',  ( 386.6666666647022339, -5.677728190836611510, 385.5240380374953020 ) ) ;
#1654 = CARTESIAN_POINT ( 'NONE',  ( 286.1735872228736071, -0.2023529745441155492, 219.9974808725523587 ) ) ;
#1655 = CARTESIAN_POINT ( 'NONE',  ( 308.0217574493008215, -6.547948065215643432, 300.1505715640564631 ) ) ;
#1656 = CARTESIAN_POINT ( 'NONE',  ( 300.1361072146373203, -30.00000000000000000, 263.4070986003466714 ) ) ;
#1657 = CARTESIAN_POINT ( 'NONE',  ( 286.2481468878605710, -2.030699518665733283, 220.3628089933619094 ) ) ;
#1658 = EDGE_LOOP ( 'NONE', ( #1010, #250, #1271, #2155, #1875, #509, #2750, #1118, #1305, #2490 ) ) ;
#1659 = CARTESIAN_POINT ( 'NONE',  ( 306.0548958097630248, -6.516584841810126427, 311.1420570950762112 ) ) ;
#1660 = AXIS2_PLACEMENT_3D ( 'NONE', #1814, #1133, #1162 ) ;
#1661 = CARTESIAN_POINT ( 'NONE',  ( 151.1999999999999602, -5.161423483737617168, 439.4516316121289492 ) ) ;
#1662 = LINE ( 'NONE', #1420, #2473 ) ;
#1663 = ORIENTED_EDGE ( 'NONE', *, *, #1560, .F. ) ;
#1664 = CARTESIAN_POINT ( 'NONE',  ( 158.7375985045361517, -6.950957832904341771, 364.5895022108957733 ) ) ;
#1665 = CARTESIAN_POINT ( 'NONE',  ( 286.6577778648218100, 2.619965124973715476, 222.3699225589166417 ) ) ;
#1666 = CARTESIAN_POINT ( 'NONE',  ( 151.1999999999999886, 4.474332807188234007, 321.8817145493894145 ) ) ;
#1667 = B_SPLINE_CURVE_WITH_KNOTS ( 'NONE', 3,
 ( #453, #2207, #1106, #2252 ),
 .UNSPECIFIED., .F., .F.,
 ( 4, 4 ),
 ( 0.04476870638909676708, 0.04987185466494165054 ),
 .UNSPECIFIED. ) ;
#1668 = CARTESIAN_POINT ( 'NONE',  ( 260.4432536392349675, -5.779360418455365966, 429.3670659520404911 ) ) ;
#1669 = CARTESIAN_POINT ( 'NONE',  ( 193.3333333323510317, 3.685149208709673108, 215.2350108880431208 ) ) ;
#1670 = FACE_OUTER_BOUND ( 'NONE', #1261, .T. ) ;
#1671 = PRODUCT_DEFINITION_FORMATION_WITH_SPECIFIED_SOURCE ( 'ANY', '', #1302, .NOT_KNOWN. ) ;
#1672 = ORIENTED_EDGE ( 'NONE', *, *, #2845, .F. ) ;
#1673 = CARTESIAN_POINT ( 'NONE',  ( 159.9098381460897826, 7.656237923316666638, 366.1214116827684393 ) ) ;
#1674 = CARTESIAN_POINT ( 'NONE',  ( 300.3898195854706614, -0.5877580417232257659, 221.2497265949108964 ) ) ;
#1675 = CARTESIAN_POINT ( 'NONE',  ( 386.6666666647022339, 6.439140651349280375, 233.5687738193448126 ) ) ;
#1676 = CARTESIAN_POINT ( 'NONE',  ( 151.1999999999999886, 0.5975986629158585028, 354.4482087289370611 ) ) ;
#1677 = VERTEX_POINT ( 'NONE', #557 ) ;
#1678 = CARTESIAN_POINT ( 'NONE',  ( 160.3683462868210654, -6.030812597295857280, 233.2139650026234108 ) ) ;
#1679 = B_SPLINE_CURVE_WITH_KNOTS ( 'NONE', 3,
 ( #1038, #111, #368, #2156, #1906, #1257, #1646, #1896, #599, #2533, #1923, #792, #584, #1272, #820, #2350, #333, #168 ),
 .UNSPECIFIED., .F., .F.,
 ( 4, 2, 2, 2, 2, 2, 2, 2, 4 ),
 ( 0.000000000000000000, 0.001403290310931478877, 0.002104935466397218208, 0.002806580621862957755, 0.003508225777328697302, 0.004209870932794436416, 0.004911516088260175529, 0.005262338665993099296, 0.005613161243726021328 ),
 .UNSPECIFIED. ) ;
#1680 = CARTESIAN_POINT ( 'NONE',  ( 0.000000000000000000, -0.5139382740374544012, 199.4997056216937779 ) ) ;
#1681 = CARTESIAN_POINT ( 'NONE',  ( 295.2370945548290706, 21.80627730302191125, 264.4069360666574653 ) ) ;
#1682 = CARTESIAN_POINT ( 'NONE',  ( 291.2314501211727702, -5.822025552172282126, 244.7800432441861460 ) ) ;
#1683 = CARTESIAN_POINT ( 'NONE',  ( 193.3333333323509464, 8.704752596376119200, 357.4126630265610629 ) ) ;
#1684 = DIRECTION ( 'NONE',  ( 0.000000000000000000, 0.000000000000000000, 1.000000000000000000 ) ) ;
#1685 = CARTESIAN_POINT ( 'NONE',  ( 310.0370945548290251, -6.272839170192364477, 300.8859404149056900 ) ) ;
#1686 = ORIENTED_EDGE ( 'NONE', *, *, #2667, .F. ) ;
#1687 = LINE ( 'NONE', #2745, #98 ) ;
#1688 = CARTESIAN_POINT ( 'NONE',  ( 295.6482596959529587, -0.9840238397183550534, 221.6219738203565157 ) ) ;
#1689 = CARTESIAN_POINT ( 'NONE',  ( 151.1999999999999886, 3.443088007130913120, 248.3429071604394096 ) ) ;
#1690 = CARTESIAN_POINT ( 'NONE',  ( 157.7017201055692794, 11.03894592888469539, 229.4672658518426545 ) ) ;
#1691 = ORIENTED_EDGE ( 'NONE', *, *, #1939, .T. ) ;
#1692 = CARTESIAN_POINT ( 'NONE',  ( 160.0890970949017458, -6.262989608529642815, 236.5817197905798537 ) ) ;
#1693 = CARTESIAN_POINT ( 'NONE',  ( 193.3333333323509748, -4.547455531547243801, 222.5893264324144809 ) ) ;
#1694 = DIRECTION ( 'NONE',  ( 0.000000000000000000, 2.891205793294675861E-16, 1.000000000000000000 ) ) ;
#1695 = DIRECTION ( 'NONE',  ( 0.000000000000000000, 1.000000000000000000, 0.000000000000000000 ) ) ;
#1696 = CARTESIAN_POINT ( 'NONE',  ( 151.1999999999997328, -6.485303972321262655, 432.9567104149674037 ) ) ;
#1697 = CARTESIAN_POINT ( 'NONE',  ( 386.6666666647018928, 13.85879363688259858, 268.4212721551975278 ) ) ;
#1698 = CARTESIAN_POINT ( 'NONE',  ( 300.4136756340504917, 8.048350762205062736, 235.0068641869104624 ) ) ;
#1699 = CARTESIAN_POINT ( 'NONE',  ( 285.9613313270742765, -0.8450038169603971694, 218.9574675147043479 ) ) ;
#1700 =( NAMED_UNIT ( * ) SI_UNIT ( $, .STERADIAN. ) SOLID_ANGLE_UNIT ( ) );
#1701 = EDGE_LOOP ( 'NONE', ( #604, #409 ) ) ;
#1702 = CARTESIAN_POINT ( 'NONE',  ( 159.4087643722481857, 7.798998764918612991, 365.3093227804116054 ) ) ;
#1703 = CARTESIAN_POINT ( 'NONE',  ( 290.8595325343866307, -0.4699499417308194982, 220.4817793689641974 ) ) ;
#1704 = CARTESIAN_POINT ( 'NONE',  ( 118.4367889235229967, -3.525667192811752226, 301.8817145493894145 ) ) ;
#1705 = EDGE_CURVE ( 'NONE', #367, #2831, #9, .T. ) ;
#1706 = ORIENTED_EDGE ( 'NONE', *, *, #1008, .F. ) ;
#1707 = CARTESIAN_POINT ( 'NONE',  ( 160.1436825399544261, -6.253008487208822963, 236.4288934938380748 ) ) ;
#1708 = CARTESIAN_POINT ( 'NONE',  ( 0.000000000000000000, -5.179038273367098100, 210.9887546019604088 ) ) ;
#1709 = CARTESIAN_POINT ( 'NONE',  ( 193.3333333323509748, -4.547455531547243801, 222.5893264324144809 ) ) ;
#1710 = CARTESIAN_POINT ( 'NONE',  ( 300.3776788726574978, 0.5481357601673489954, 221.2354743948478131 ) ) ;
#1711 = CARTESIAN_POINT ( 'NONE',  ( 0.000000000000000000, 8.516251081602066009, 210.1672704940056065 ) ) ;
#1712 = CARTESIAN_POINT ( 'NONE',  ( 300.4128809623372831, 7.744781756424263364, 234.0719496508725115 ) ) ;
#1713 = EDGE_CURVE ( 'NONE', #1502, #14, #459, .T. ) ;
#1714 = CIRCLE ( 'NONE', #980, 3.300000000000025135 ) ;
#1715 = CARTESIAN_POINT ( 'NONE',  ( 400.0000000000000568, 3.443088007130913120, 253.6429071604394210 ) ) ;
#1716 = LINE ( 'NONE', #201, #314 ) ;
#1717 = ORIENTED_EDGE ( 'NONE', *, *, #691, .F. ) ;
#1718 = CARTESIAN_POINT ( 'NONE',  ( 286.9468288539360401, 4.992385686362920794, 223.7862172095121878 ) ) ;
#1719 = CARTESIAN_POINT ( 'NONE',  ( 290.8511468024910300, -0.3290469899269565235, 220.3724633347864881 ) ) ;
#1720 = CARTESIAN_POINT ( 'NONE',  ( 286.2154442144905033, -0.5147745480648340255, 220.2025721386256976 ) ) ;
#1721 = CARTESIAN_POINT ( 'NONE',  ( 155.8278142232388461, 13.52559268625720534, 239.7566351996881906 ) ) ;
#1722 = ORIENTED_EDGE ( 'NONE', *, *, #2331, .T. ) ;
#1723 = CARTESIAN_POINT ( 'NONE',  ( 295.2370945548290706, -5.230238205587403044, 264.4069360666574653 ) ) ;
#1724 = CARTESIAN_POINT ( 'NONE',  ( 310.0370945548290820, -2.498685381420663543, 413.5666785866873738 ) ) ;
#1725 = EDGE_CURVE ( 'NONE', #202, #791, #1248, .T. ) ;
#1726 = CARTESIAN_POINT ( 'NONE',  ( 193.3333333323510317, -7.146172102861043207, 281.4362150807652938 ) ) ;
#1727 = EDGE_CURVE ( 'NONE', #1001, #352, #2669, .T. ) ;
#1728 = CARTESIAN_POINT ( 'NONE',  ( 158.4854680395634148, -6.953473657862670798, 364.3827486140963856 ) ) ;
#1729 = CARTESIAN_POINT ( 'NONE',  ( 300.3815693180689550, 1.173836890747200323, 221.7537884377867101 ) ) ;
#1730 = VECTOR ( 'NONE', #335, 1000.000000000000000 ) ;
#1731 = CARTESIAN_POINT ( 'NONE',  ( 386.6666666647022339, 10.87555325742401635, 247.9818409266538879 ) ) ;
#1732 = CARTESIAN_POINT ( 'NONE',  ( 290.8852599358164639, 5.686976778677190758, 228.0175695504748603 ) ) ;
#1733 = CARTESIAN_POINT ( 'NONE',  ( 286.7672595150366419, -2.984242761460831783, 222.9063617387747627 ) ) ;
#1734 = FACE_OUTER_BOUND ( 'NONE', #556, .T. ) ;
#1735 = EDGE_LOOP ( 'NONE', ( #768, #2555, #1986, #1037 ) ) ;
#1736 = CARTESIAN_POINT ( 'NONE',  ( 295.6611582682873518, 11.88246287146301938, 251.1560935288313487 ) ) ;
#1737 = EDGE_CURVE ( 'NONE', #1191, #651, #2057, .T. ) ;
#1738 = CARTESIAN_POINT ( 'NONE',  ( 286.1080088950667459, -0.6045473638772216329, 220.2979162796970911 ) ) ;
#1739 = LINE ( 'NONE', #20, #1399 ) ;
#1740 = DIRECTION ( 'NONE',  ( 1.000000000000000000, 0.000000000000000000, -0.000000000000000000 ) ) ;
#1741 = ORIENTED_EDGE ( 'NONE', *, *, #577, .T. ) ;
#1742 = CARTESIAN_POINT ( 'NONE',  ( 308.0370945548289114, -1.199999999999999734, 308.8817145493894145 ) ) ;
#1743 = CARTESIAN_POINT ( 'NONE',  ( 310.0370945548289683, 15.29315885068799830, 274.3779216349367971 ) ) ;
#1744 = CARTESIAN_POINT ( 'NONE',  ( 579.9999999970528961, -5.167355906338058524, 296.6145897423936049 ) ) ;
#1745 = FACE_OUTER_BOUND ( 'NONE', #1912, .T. ) ;
#1746 = VECTOR ( 'NONE', #1045, 1000.000000000000000 ) ;
#1747 = CARTESIAN_POINT ( 'NONE',  ( 295.6133443777886214, 0.3117933986519429435, 220.7469012093532967 ) ) ;
#1748 = CARTESIAN_POINT ( 'NONE',  ( 579.9999999970530098, 10.12718433015163200, 262.5747236603409078 ) ) ;
#1749 = CARTESIAN_POINT ( 'NONE',  ( 290.8865630789964598, 6.079144296028583305, 228.9163992780639489 ) ) ;
#1750 = CARTESIAN_POINT ( 'NONE',  ( 0.000000000000000000, 19.01102325474809618, 266.6625469626757194 ) ) ;
#1751 =( LENGTH_UNIT ( ) NAMED_UNIT ( * ) SI_UNIT ( .MILLI., .METRE. ) );
#1752 = ORIENTED_EDGE ( 'NONE', *, *, #1636, .F. ) ;
#1753 = CARTESIAN_POINT ( 'NONE',  ( 286.5910869491438007, 3.880536642309619477, 222.0431498071357623 ) ) ;
#1754 = CARTESIAN_POINT ( 'NONE',  ( 290.8959031927012688, -2.025305702567379740, 224.1443443292123447 ) ) ;
#1755 = EDGE_LOOP ( 'NONE', ( #725, #1090 ) ) ;
#1756 = CARTESIAN_POINT ( 'NONE',  ( 151.1999999999999886, 3.443088007130912676, 258.9429071604394608 ) ) ;
#1757 = ORIENTED_EDGE ( 'NONE', *, *, #97, .F. ) ;
#1758 = FACE_OUTER_BOUND ( 'NONE', #2475, .T. ) ;
#1759 = CARTESIAN_POINT ( 'NONE',  ( 305.0370945548289114, -3.525667192811752226, 0.000000000000000000 ) ) ;
#1760 = CARTESIAN_POINT ( 'NONE',  ( 579.9999999970531235, -3.830333945579374788, 249.6992205581955488 ) ) ;
#1761 = AXIS2_PLACEMENT_3D ( 'NONE', #720, #1839, #515 ) ;
#1762 = CARTESIAN_POINT ( 'NONE',  ( 300.3790953581200256, 0.7277113042481424543, 221.3764091868207231 ) ) ;
#1763 = CARTESIAN_POINT ( 'NONE',  ( 579.9999999970526687, -3.946952243843884212, 401.3968860776002430 ) ) ;
#1764 = CARTESIAN_POINT ( 'NONE',  ( 290.8924685071145859, 8.116460986177422399, 234.4772595898773488 ) ) ;
#1765 = CARTESIAN_POINT ( 'NONE',  ( 193.3333333323509464, 11.04918357943839347, 232.1668332515077964 ) ) ;
#1766 =( BOUNDED_CURVE ( )  B_SPLINE_CURVE ( 3, ( #864, #182, #1319, #2842 ),
 .UNSPECIFIED., .F., .F. ) 
 B_SPLINE_CURVE_WITH_KNOTS ( ( 4, 4 ),
 ( 0.000000000000000000, 3.141592653589793116 ),
 .UNSPECIFIED. ) 
 CURVE ( )  GEOMETRIC_REPRESENTATION_ITEM ( )  RATIONAL_B_SPLINE_CURVE ( ( 1.000000000000000000, 0.3333333333333333703, 0.3333333333333333703, 1.000000000000000000 ) ) 
 REPRESENTATION_ITEM ( '' )  );
#1767 = CARTESIAN_POINT ( 'NONE',  ( 305.0370945548289114, -9.396279709925760670, 301.1501940566095641 ) ) ;
#1768 = ORIENTED_EDGE ( 'NONE', *, *, #1424, .F. ) ;
#1769 = CARTESIAN_POINT ( 'NONE',  ( 293.5732658045149037, 13.92353646698506786, 256.2544929084525620 ) ) ;
#1770 = AXIS2_PLACEMENT_3D ( 'NONE', #1715, #2109, #2323 ) ;
#1771 = CARTESIAN_POINT ( 'NONE',  ( 290.8974323686521757, -2.153423061505959524, 224.6012864382255430 ) ) ;
#1772 = ORIENTED_EDGE ( 'NONE', *, *, #2099, .F. ) ;
#1773 = CARTESIAN_POINT ( 'NONE',  ( 291.2954699576679900, -4.635931935863838227, 245.0937282180298382 ) ) ;
#1774 = VERTEX_POINT ( 'NONE', #203 ) ;
#1775 = CARTESIAN_POINT ( 'NONE',  ( 151.2000000000000455, -5.322729051227950592, 224.6255684160509816 ) ) ;
#1776 = CARTESIAN_POINT ( 'NONE',  ( 151.1999999999999886, -7.338790729339565999, 304.8744189624010801 ) ) ;
#1777 = CARTESIAN_POINT ( 'NONE',  ( 386.6666666647017792, -6.022437639439080392, 326.2649298393706658 ) ) ;
#1778 = ADVANCED_FACE ( 'NONE', ( #2230 ), #1062, .F. ) ;
#1779 = CARTESIAN_POINT ( 'NONE',  ( 300.3870796501043401, 1.971297659746696462, 222.5346032276102051 ) ) ;
#1780 = CARTESIAN_POINT ( 'NONE',  ( 386.6666666647022339, -4.983285286627484822, 421.1448889319453883 ) ) ;
#1781 = CARTESIAN_POINT ( 'NONE',  ( 0.000000000000000000, -1.199999999999999734, 311.8817145493894145 ) ) ;
#1782 = CARTESIAN_POINT ( 'NONE',  ( 386.6666666647020634, 14.40794366876468935, 293.2433517987929577 ) ) ;
#1783 = CARTESIAN_POINT ( 'NONE',  ( 305.0370945548289114, -5.206704951825355643, 304.8490013942112000 ) ) ;
#1784 = CARTESIAN_POINT ( 'NONE',  ( 288.6752407854498301, 8.702386789609619200, 232.2551056230400661 ) ) ;
#1785 = ORIENTED_EDGE ( 'NONE', *, *, #2331, .F. ) ;
#1786 = CARTESIAN_POINT ( 'NONE',  ( 295.6619577562380528, -2.488468262979885548, 226.2935314809246563 ) ) ;
#1787 = VERTEX_POINT ( 'NONE', #2530 ) ;
#1788 = CARTESIAN_POINT ( 'NONE',  ( 292.7200570912769422, 5.180063149429643410, 227.0698691362704551 ) ) ;
#1789 = CARTESIAN_POINT ( 'NONE',  ( 310.0370945548289683, -4.525670813291617911, 424.3369065166194218 ) ) ;
#1790 = CARTESIAN_POINT ( 'NONE',  ( 0.000000000000000000, -6.846324879718627798, 456.3122647871372806 ) ) ;
#1791 = VECTOR ( 'NONE', #2238, 1000.000000000000000 ) ;
#1792 = CARTESIAN_POINT ( 'NONE',  ( 300.3687385601938331, 0.1185377063777467016, 220.9596770422236887 ) ) ;
#1793 = CARTESIAN_POINT ( 'NONE',  ( 193.3333333323509464, -6.422087301610666543, 423.0834801110592025 ) ) ;
#1794 = PLANE ( 'NONE',  #1761 ) ;
#1795 = AXIS2_PLACEMENT_3D ( 'NONE', #1494, #1935, #2380 ) ;
#1796 = CARTESIAN_POINT ( 'NONE',  ( 193.3333333323509464, 8.704752596376119200, 357.4126630265610629 ) ) ;
#1797 = CARTESIAN_POINT ( 'NONE',  ( 305.0370945548289114, -9.054394329611275438, 302.0736941108499991 ) ) ;
#1798 = CARTESIAN_POINT ( 'NONE',  ( 286.1386210525913043, 11.26479576863190246, 246.8067290154669990 ) ) ;
#1799 = ORIENTED_EDGE ( 'NONE', *, *, #1423, .F. ) ;
#1800 = CARTESIAN_POINT ( 'NONE',  ( 300.4143955409620617, -1.704822301455630074, 223.8514938596808292 ) ) ;
#1801 = ORIENTED_EDGE ( 'NONE', *, *, #2324, .T. ) ;
#1802 = CARTESIAN_POINT ( 'NONE',  ( 294.1845015427171575, 7.976231284257647047, 234.2453673036503972 ) ) ;
#1803 = CARTESIAN_POINT ( 'NONE',  ( 118.4367889235229967, -1.525667192811738015, 291.8817145493893577 ) ) ;
#1804 = CARTESIAN_POINT ( 'NONE',  ( 159.1918952539687666, -6.902461181732754802, 372.5189774694503626 ) ) ;
#1805 = CARTESIAN_POINT ( 'NONE',  ( 579.9999999970531235, -4.839072846083484869, 357.5893618452735723 ) ) ;
#1806 = CARTESIAN_POINT ( 'NONE',  ( 160.3687619233570558, 7.008952493541952933, 369.9197893308127618 ) ) ;
#1807 = ADVANCED_FACE ( 'NONE', ( #1881, #2489 ), #2756, .T. ) ;
#1808 = CARTESIAN_POINT ( 'NONE',  ( 295.6041259697615828, -0.1281376696184487740, 220.6090861848508666 ) ) ;
#1809 = CARTESIAN_POINT ( 'NONE',  ( 193.3333333323509180, -6.011416850334453166, 437.9956807640800776 ) ) ;
#1810 = DIRECTION ( 'NONE',  ( -0.000000000000000000, 0.000000000000000000, 1.000000000000000000 ) ) ;
#1811 = CARTESIAN_POINT ( 'NONE',  ( 0.000000000000000000, 19.26363725660237236, 277.6261930907284068 ) ) ;
#1812 = EDGE_CURVE ( 'NONE', #661, #2033, #1714, .T. ) ;
#1813 = CARTESIAN_POINT ( 'NONE',  ( 308.0370945548288546, -4.548532427371160480, 301.8817145493893008 ) ) ;
#1814 = CARTESIAN_POINT ( 'NONE',  ( 310.0370945548290251, 4.474332807188248218, 293.8817145493893577 ) ) ;
#1815 = CARTESIAN_POINT ( 'NONE',  ( 300.4156135668200704, -1.860334338399199039, 224.3022390278126750 ) ) ;
#1816 = VERTEX_POINT ( 'NONE', #320 ) ;
#1817 = CARTESIAN_POINT ( 'NONE',  ( 292.3954394221228199, -2.374741107994239098, 225.4793045451571913 ) ) ;
#1818 = B_SPLINE_CURVE_WITH_KNOTS ( 'NONE', 3,
 ( #330, #994, #1892, #2742 ),
 .UNSPECIFIED., .F., .F.,
 ( 4, 4 ),
 ( 0.09879522833964728135, 0.1038988272937472895 ),
 .UNSPECIFIED. ) ;
#1819 = CARTESIAN_POINT ( 'NONE',  ( 305.0370945548289114, -3.525667192811752226, 308.8817145493894145 ) ) ;
#1820 = LINE ( 'NONE', #949, #2024 ) ;
#1821 = CARTESIAN_POINT ( 'NONE',  ( 0.000000000000000000, -7.630794817724408041, 387.2858327702766701 ) ) ;
#1822 = CARTESIAN_POINT ( 'NONE',  ( 118.4367889235229967, -3.525667192811752226, 319.8817145493894145 ) ) ;
#1823 = EDGE_CURVE ( 'NONE', #947, #292, #1415, .T. ) ;
#1824 = CARTESIAN_POINT ( 'NONE',  ( 300.3622655985599295, -0.01850842204558400539, 220.9134027850114137 ) ) ;
#1825 = CARTESIAN_POINT ( 'NONE',  ( 0.000000000000000000, -3.106131725712700575, 439.6889779992027911 ) ) ;
#1826 = PLANE ( 'NONE',  #1894 ) ;
#1827 = CARTESIAN_POINT ( 'NONE',  ( 386.6666666647018928, 4.294679108437772008, 369.1716850739566667 ) ) ;
#1828 = CARTESIAN_POINT ( 'NONE',  ( 308.0321413253068954, -5.194258203916198191, 301.7757665034394563 ) ) ;
#1829 = EDGE_LOOP ( 'NONE', ( #1591, #2354, #1519, #2415 ) ) ;
#1830 = CARTESIAN_POINT ( 'NONE',  ( 151.1999999999999886, 85.00000000000000000, 363.3813886722097664 ) ) ;
#1831 = AXIS2_PLACEMENT_3D ( 'NONE', #795, #1898, #1874 ) ;
#1832 = EDGE_CURVE ( 'NONE', #447, #1450, #1624, .T. ) ;
#1833 = ORIENTED_EDGE ( 'NONE', *, *, #1713, .F. ) ;
#1834 = CARTESIAN_POINT ( 'NONE',  ( 291.4698355450201461, -0.7957909969645607928, 220.9440222971069545 ) ) ;
#1835 = CARTESIAN_POINT ( 'NONE',  ( 156.1435356285596470, -6.908738345158175420, 374.1496569704810895 ) ) ;
#1836 = CARTESIAN_POINT ( 'NONE',  ( 159.4029023666858791, 6.623339777120749616, 372.2614899145753498 ) ) ;
#1837 = CARTESIAN_POINT ( 'NONE',  ( 300.3635402383179098, 0.002559148004795119835, 220.9175200888067820 ) ) ;
#1838 = CARTESIAN_POINT ( 'NONE',  ( 0.000000000000000000, -7.630794817724408041, 387.2858327702766701 ) ) ;
#1839 = DIRECTION ( 'NONE',  ( 0.000000000000000000, -1.000000000000000000, -0.000000000000000000 ) ) ;
#1840 = CARTESIAN_POINT ( 'NONE',  ( 193.3333333323510885, -4.759549676635348447, 434.1261621060937728 ) ) ;
#1841 = CARTESIAN_POINT ( 'NONE',  ( 305.0370945548289114, -9.548482460064926514, 299.8477511028005438 ) ) ;
#1842 = VERTEX_POINT ( 'NONE', #1377 ) ;
#1843 = DIRECTION ( 'NONE',  ( 0.000000000000000000, 0.000000000000000000, -1.000000000000000000 ) ) ;
#1844 = ORIENTED_EDGE ( 'NONE', *, *, #2814, .F. ) ;
#1845 = FACE_BOUND ( 'NONE', #1074, .T. ) ;
#1846 = CARTESIAN_POINT ( 'NONE',  ( 305.0370945548289114, -5.902225308798179526, 304.7070605780631354 ) ) ;
#1847 = CARTESIAN_POINT ( 'NONE',  ( 300.0000000000000000, 0.5975986629158579477, 358.7482087289370725 ) ) ;
#1848 = DIRECTION ( 'NONE',  ( 0.000000000000000000, 0.000000000000000000, -1.000000000000000000 ) ) ;
#1849 = CARTESIAN_POINT ( 'NONE',  ( 295.6043470116066487, 0.02860572910579745401, 220.6033330454561110 ) ) ;
#1850 = CARTESIAN_POINT ( 'NONE',  ( 386.6666666647018928, -5.634577376048333974, 393.4924128655397340 ) ) ;
#1851 = CARTESIAN_POINT ( 'NONE',  ( 286.1661980016770030, -0.08207193254304502583, 219.9612750997063415 ) ) ;
#1852 = CARTESIAN_POINT ( 'NONE',  ( 193.3333333323510317, 1.503725608321301310, 399.3537027180361179 ) ) ;
#1853 = B_SPLINE_CURVE_WITH_KNOTS ( 'NONE', 3,
 ( #1396, #1627, #1274, #2524, #990, #105, #978, #1057, #1865, #2104, #1942, #1877, #2512, #389, #2763, #785, #2158, #1665, #757, #2589, #2282, #2092, #328, #602, #2812, #1210, #836, #530, #2072, #772, #82, #1851, #1639, #1654, #2539, #542, #1720, #1483, #1435, #2602, #338, #117, #1004, #1422, #302, #1411, #2296, #205, #1957, #2828, #1119, #2020, #2403, #1773, #1088, #452, #2450, #2848 ),
 .UNSPECIFIED., .F., .F.,
 ( 4, 2, 2, 2, 2, 2, 2, 2, 2, 2, 2, 2, 2, 2, 2, 2, 2, 2, 2, 2, 2, 2, 2, 2, 2, 2, 2, 2, 4 ),
 ( 1.734723475976807094E-18, 0.01176209752195609554, 0.02352419504391219107, 0.02940524380489029088, 0.03528629256586838375, 0.03822681694635745447, 0.04116734132684651826, 0.04263760351709104668, 0.04410786570733558204, 0.04557812789758011740, 0.04704839008782464582, 0.04741595563538579527, 0.04778352118294694473, 0.04796730395672751252, 0.04815108673050807336, 0.04824297811739833297, 0.04833486950428859952, 0.04851865227806911873, 0.04888621782563014329, 0.04925378337319116784, 0.04998891446831317531, 0.05145917665855718331, 0.05292943884880119132, 0.05586996322928920733, 0.05881048760977720946, 0.06469153637075315821, 0.07057258513172910697, 0.08233468265368092120, 0.09409678017563274932 ),
 .UNSPECIFIED. ) ;
#1854 = FACE_OUTER_BOUND ( 'NONE', #2677, .T. ) ;
#1855 = UNCERTAINTY_MEASURE_WITH_UNIT (LENGTH_MEASURE( 1.000000000000000082E-05 ), #1989, 'distance_accuracy_value', 'NONE');
#1856 = CARTESIAN_POINT ( 'NONE',  ( 295.6746450956702006, -5.168427575491154613, 260.9886407416440761 ) ) ;
#1857 = VERTEX_POINT ( 'NONE', #2262 ) ;
#1858 = CARTESIAN_POINT ( 'NONE',  ( 291.3586410744261457, -0.3194742485717691483, 220.3991906244639267 ) ) ;
#1859 = CARTESIAN_POINT ( 'NONE',  ( 158.7506724379363447, 6.512290803481254997, 372.9617632117456196 ) ) ;
#1860 = CYLINDRICAL_SURFACE ( 'NONE', #951, 5.299999999999998934 ) ;
#1861 = CIRCLE ( 'NONE', #1355, 2.000000000000001776 ) ;
#1862 = CARTESIAN_POINT ( 'NONE',  ( 295.6292160220027085, -0.5933544824412169127, 220.9324564898395806 ) ) ;
#1863 = EDGE_CURVE ( 'NONE', #2329, #1816, #1617, .T. ) ;
#1864 = CARTESIAN_POINT ( 'NONE',  ( 386.6666666647018360, -5.887203071725788384, 347.4091257492923432 ) ) ;
#1865 = CARTESIAN_POINT ( 'NONE',  ( 288.6909144735478208, 7.481288598970225578, 232.3319037017337507 ) ) ;
#1866 = CARTESIAN_POINT ( 'NONE',  ( 0.000000000000000000, -4.371643211507932669, 446.5568535484148924 ) ) ;
#1867 = ADVANCED_FACE ( 'NONE', ( #2515 ), #2050, .T. ) ;
#1868 = AXIS2_PLACEMENT_3D ( 'NONE', #552, #968, #2319 ) ;
#1869 = DIRECTION ( 'NONE',  ( 0.000000000000000000, -1.000000000000000000, 0.000000000000000000 ) ) ;
#1870 = CARTESIAN_POINT ( 'NONE',  ( 286.1503425330237178, -4.217871710547811404, 238.5431216205891758 ) ) ;
#1871 = ORIENTED_EDGE ( 'NONE', *, *, #693, .T. ) ;
#1872 = CARTESIAN_POINT ( 'NONE',  ( 155.4999999999999716, 8.170626880825384575, 363.3813886722097664 ) ) ;
#1873 = CARTESIAN_POINT ( 'NONE',  ( 193.3333333323509748, 0.5840579286484742783, 212.5287729211146939 ) ) ;
#1874 = DIRECTION ( 'NONE',  ( 0.000000000000000000, 0.000000000000000000, 1.000000000000000000 ) ) ;
#1875 = ORIENTED_EDGE ( 'NONE', *, *, #187, .F. ) ;
#1876 = CARTESIAN_POINT ( 'NONE',  ( 0.000000000000000000, -7.396703398402827645, 431.1210683550273188 ) ) ;
#1877 = CARTESIAN_POINT ( 'NONE',  ( 287.5945806795585327, 5.303902623788075310, 226.9600774628661100 ) ) ;
#1878 = PLANE ( 'NONE',  #540 ) ;
#1879 = CARTESIAN_POINT ( 'NONE',  ( 193.3333333323509748, 0.5840579286484742783, 212.5287729211146939 ) ) ;
#1880 = AXIS2_PLACEMENT_3D ( 'NONE', #2696, #753, #2255 ) ;
#1881 = FACE_OUTER_BOUND ( 'NONE', #1146, .T. ) ;
#1882 = ORIENTED_EDGE ( 'NONE', *, *, #1725, .T. ) ;
#1883 = CARTESIAN_POINT ( 'NONE',  ( 158.5071922042171195, 7.962894041099159992, 364.3993147673506883 ) ) ;
#1884 = VECTOR ( 'NONE', #2421, 1000.000000000000000 ) ;
#1885 = CARTESIAN_POINT ( 'NONE',  ( 151.1999999999999602, 5.970279877648781763, 376.6954805373881072 ) ) ;
#1886 = CARTESIAN_POINT ( 'NONE',  ( 310.0336958915332275, -4.538321402713152430, 301.8817145493895282 ) ) ;
#1887 = ORIENTED_EDGE ( 'NONE', *, *, #2845, .T. ) ;
#1888 = CARTESIAN_POINT ( 'NONE',  ( 386.6666666647017792, -6.022437639439080392, 326.2649298393706658 ) ) ;
#1889 = CARTESIAN_POINT ( 'NONE',  ( 160.4000000000000341, -6.920759346424318004, 368.2813886722097436 ) ) ;
#1890 = DIRECTION ( 'NONE',  ( -0.000000000000000000, -1.000000000000000000, -1.576542137387265747E-16 ) ) ;
#1891 = CARTESIAN_POINT ( 'NONE',  ( 308.0269714005066248, -5.868233386152457598, 301.3901981442533611 ) ) ;
#1892 = CARTESIAN_POINT ( 'NONE',  ( 296.9381179040802294, 13.53088122596622256, 264.4069360666575221 ) ) ;
#1893 = CARTESIAN_POINT ( 'NONE',  ( 151.1999999999999886, 3.306277303021957437, 266.0767156309140660 ) ) ;
#1894 = AXIS2_PLACEMENT_3D ( 'NONE', #1781, #2010, #243 ) ;
#1895 = VERTEX_POINT ( 'NONE', #122 ) ;
#1896 = CARTESIAN_POINT ( 'NONE',  ( 306.1247040861828168, -6.553351026711012217, 301.6660765820953998 ) ) ;
#1897 = CARTESIAN_POINT ( 'NONE',  ( 193.3333333323509464, 5.584419357608983780, 218.1071289435755602 ) ) ;
#1898 = DIRECTION ( 'NONE',  ( 1.000000000000000000, -0.000000000000000000, -0.000000000000000000 ) ) ;
#1899 = ORIENTED_EDGE ( 'NONE', *, *, #1909, .F. ) ;
#1900 = CARTESIAN_POINT ( 'NONE',  ( 386.6666666647018928, -1.454917083900565400, 225.9669964426877300 ) ) ;
#1901 = CARTESIAN_POINT ( 'NONE',  ( 310.0370945548290251, 4.474332807188234007, 321.8817145493894145 ) ) ;
#1902 = LINE ( 'NONE', #2348, #2528 ) ;
#1903 = CARTESIAN_POINT ( 'NONE',  ( 386.6666666647018928, 13.07726766458433332, 311.5408364025354331 ) ) ;
#1904 = CARTESIAN_POINT ( 'NONE',  ( 285.9190836128024671, -0.2515019554433072790, 218.7504617822332591 ) ) ;
#1905 = ORIENTED_EDGE ( 'NONE', *, *, #2580, .T. ) ;
#1906 = CARTESIAN_POINT ( 'NONE',  ( 305.4828340144212575, -6.553572117705376066, 302.6479617254739196 ) ) ;
#1907 = ADVANCED_BREP_SHAPE_REPRESENTATION ( 'WING 1R VTOL', ( #2322, #296 ), #560 ) ;
#1908 = CARTESIAN_POINT ( 'NONE',  ( 290.8876561324849490, -0.9917196428534404973, 221.3083223520908405 ) ) ;
#1909 = EDGE_CURVE ( 'NONE', #734, #1922, #801, .T. ) ;
#1910 = CARTESIAN_POINT ( 'NONE',  ( 151.2000000000000455, -0.06591990631209886098, 411.3833303200091791 ) ) ;
#1911 = CARTESIAN_POINT ( 'NONE',  ( 159.4110377698215473, 13.06251145214496923, 237.8260087765655442 ) ) ;
#1912 = EDGE_LOOP ( 'NONE', ( #2127, #945, #1882, #373 ) ) ;
#1913 = DIRECTION ( 'NONE',  ( 0.000000000000000000, 1.000000000000000000, 0.000000000000000000 ) ) ;
#1914 = CARTESIAN_POINT ( 'NONE',  ( 386.6666666647018928, -6.161060105321074509, 294.7877091421007663 ) ) ;
#1915 = LINE ( 'NONE', #2819, #2030 ) ;
#1916 = DIRECTION ( 'NONE',  ( -0.000000000000000000, 1.000000000000000000, -0.000000000000000000 ) ) ;
#1917 = CARTESIAN_POINT ( 'NONE',  ( 195.3324401965467416, -6.056972543023379174, 435.6536272499873803 ) ) ;
#1918 = CARTESIAN_POINT ( 'NONE',  ( 579.9999999970528961, 11.62353847066273715, 274.5007389497849886 ) ) ;
#1919 = CARTESIAN_POINT ( 'NONE',  ( 300.4077702059324224, 6.026309628604164637, 229.4876880617905215 ) ) ;
#1920 = CARTESIAN_POINT ( 'NONE',  ( 300.0000000000000000, 0.5975986629158585028, 354.4482087289370611 ) ) ;
#1921 = AXIS2_PLACEMENT_3D ( 'NONE', #144, #1695, #2068 ) ;
#1922 = VERTEX_POINT ( 'NONE', #2767 ) ;
#1923 = CARTESIAN_POINT ( 'NONE',  ( 306.7674790159863960, -6.552101204289068725, 300.9704004006252376 ) ) ;
#1924 = CARTESIAN_POINT ( 'NONE',  ( 290.8794692203043724, -0.7727379948247043995, 220.8583621309639113 ) ) ;
#1925 = PLANE ( 'NONE',  #2830 ) ;
#1926 = MECHANICAL_DESIGN_GEOMETRIC_PRESENTATION_REPRESENTATION (  '', ( #1648 ), #2299 ) ;
#1927 = VERTEX_POINT ( 'NONE', #831 ) ;
#1928 = CARTESIAN_POINT ( 'NONE',  ( 155.8238898690494807, -6.475001337835608162, 239.7566351996882759 ) ) ;
#1929 = CARTESIAN_POINT ( 'NONE',  ( 579.9999999970528961, -5.011717794592429165, 272.9486295801441429 ) ) ;
#1930 = ADVANCED_FACE ( 'NONE', ( #341 ), #2169, .F. ) ;
#1931 = CARTESIAN_POINT ( 'NONE',  ( 159.3924136091097239, -6.943478042394904293, 365.2875981632278695 ) ) ;
#1932 = CARTESIAN_POINT ( 'NONE',  ( 285.9166921102853394, -3.171128381955501248E-11, 218.7387438765724994 ) ) ;
#1933 = CARTESIAN_POINT ( 'NONE',  ( 193.3333333323510317, 16.73177006838016467, 291.1673851077070481 ) ) ;
#1934 = CARTESIAN_POINT ( 'NONE',  ( 295.6426503230144363, 4.821208673310376724, 226.5573269480730119 ) ) ;
#1935 = DIRECTION ( 'NONE',  ( 1.000000000000000000, 0.000000000000000000, 0.000000000000000000 ) ) ;
#1936 = CARTESIAN_POINT ( 'NONE',  ( 154.0666674984668987, 13.55839471704388721, 239.7566351996881906 ) ) ;
#1937 = EDGE_LOOP ( 'NONE', ( #1059, #1495, #697, #2065 ) ) ;
#1938 = CARTESIAN_POINT ( 'NONE',  ( 160.4000000000000341, 12.22001985538838653, 234.1896374342077820 ) ) ;
#1939 = EDGE_CURVE ( 'NONE', #59, #680, #1861, .T. ) ;
#1940 = EDGE_CURVE ( 'NONE', #2263, #1244, #1999, .T. ) ;
#1941 = CARTESIAN_POINT ( 'NONE',  ( 290.8686124585347557, -0.5989509231592310412, 220.6151863847684069 ) ) ;
#1942 = CARTESIAN_POINT ( 'NONE',  ( 287.9559965818096998, 6.091929504885699842, 228.7309463693072189 ) ) ;
#1943 = CARTESIAN_POINT ( 'NONE',  ( 157.9903863414200487, 11.07711121324222070, 229.6243910322941417 ) ) ;
#1944 = ORIENTED_EDGE ( 'NONE', *, *, #174, .T. ) ;
#1945 = CARTESIAN_POINT ( 'NONE',  ( 159.9041776729341962, -5.915944460051161258, 231.6852916703806500 ) ) ;
#1946 = VECTOR ( 'NONE', #1890, 1000.000000000000000 ) ;
#1947 = CARTESIAN_POINT ( 'NONE',  ( 0.000000000000000000, -6.040101761588164031, 217.1525123588351676 ) ) ;
#1948 = CARTESIAN_POINT ( 'NONE',  ( 310.0370945548289114, -89.00000000000000000, 424.5786951049934714 ) ) ;
#1949 = CARTESIAN_POINT ( 'NONE',  ( 295.6161421503998668, 0.4663858038394396166, 220.8515348747636153 ) ) ;
#1950 = CARTESIAN_POINT ( 'NONE',  ( 579.9999999970530098, 8.877391888367052175, 326.7879745516336243 ) ) ;
#1951 = CARTESIAN_POINT ( 'NONE',  ( 295.6583119538789219, 10.38495672714505247, 243.3478658455295260 ) ) ;
#1952 = CARTESIAN_POINT ( 'NONE',  ( 285.9310590530917011, -0.4988983568677679559, 218.8091391528671181 ) ) ;
#1953 = SURFACE_SIDE_STYLE ('',( #2381 ) ) ;
#1954 = EDGE_LOOP ( 'NONE', ( #901, #1103, #1899, #215 ) ) ;
#1955 = CARTESIAN_POINT ( 'NONE',  ( 300.4217618317553615, 11.83423033944230696, 251.3596833429724882 ) ) ;
#1956 = CARTESIAN_POINT ( 'NONE',  ( 290.8715246612766805, -0.6421622029274995924, 220.6694646772211570 ) ) ;
#1957 = CARTESIAN_POINT ( 'NONE',  ( 287.9598335196201333, -3.064568514837813673, 228.7497466318920090 ) ) ;
#1958 = CARTESIAN_POINT ( 'NONE',  ( 159.2170321303290450, 11.33474415522125689, 230.6479087209070826 ) ) ;
#1959 = VERTEX_POINT ( 'NONE', #1009 ) ;
#1960 = CARTESIAN_POINT ( 'NONE',  ( 310.0370945548286841, -5.883673588440641034, 413.2770608834306927 ) ) ;
#1961 = CARTESIAN_POINT ( 'NONE',  ( 310.0370945548289683, 2.926915499311168567, 382.6537755101522293 ) ) ;
#1962 = CARTESIAN_POINT ( 'NONE',  ( 193.3333333323510317, -7.123187505558254529, 304.9108520061777199 ) ) ;
#1963 = CARTESIAN_POINT ( 'NONE',  ( 300.3401636293593810, 13.48182573542358575, 264.4069360666575221 ) ) ;
#1964 = B_SPLINE_CURVE_WITH_KNOTS ( 'NONE', 3,
 ( #2289, #2491, #2731, #714 ),
 .UNSPECIFIED., .F., .F.,
 ( 4, 4 ),
 ( 2.775557561562891351E-17, 0.004300056011358696119 ),
 .UNSPECIFIED. ) ;
#1965 = CARTESIAN_POINT ( 'NONE',  ( 286.0997586276650395, 1.195766557877662839, 220.8061848642549876 ) ) ;
#1966 = CARTESIAN_POINT ( 'NONE',  ( 193.3333333323510317, 16.69263255009156666, 271.4737103024625640 ) ) ;
#1967 = CARTESIAN_POINT ( 'NONE',  ( 295.6573308502819941, 9.922001455716848994, 241.4192941900476512 ) ) ;
#1968 = CARTESIAN_POINT ( 'NONE',  ( 579.9999999970530098, 8.877391888367052175, 326.7879745516336243 ) ) ;
#1969 = EDGE_LOOP ( 'NONE', ( #598, #115, #2777, #2219 ) ) ;
#1970 = CARTESIAN_POINT ( 'NONE',  ( 294.4033473407366159, 14.40088910634496422, 260.3217339267636703 ) ) ;
#1971 = CARTESIAN_POINT ( 'NONE',  ( 286.1407506293020333, -2.515486157287120772, 225.7023145449668391 ) ) ;
#1972 = CARTESIAN_POINT ( 'NONE',  ( 151.1999999999999886, 6.474332807188248218, 0.000000000000000000 ) ) ;
#1973 = ORIENTED_EDGE ( 'NONE', *, *, #1812, .T. ) ;
#1974 = CARTESIAN_POINT ( 'NONE',  ( 159.3944747894308023, -5.852511906591224999, 230.8655278452825996 ) ) ;
#1975 = CARTESIAN_POINT ( 'NONE',  ( 310.0370945548288546, -3.516708868126092291, 419.0914475764167832 ) ) ;
#1976 = CARTESIAN_POINT ( 'NONE',  ( 0.000000000000000000, -8.063096244697373294, 265.5213890302030109 ) ) ;
#1977 = CARTESIAN_POINT ( 'NONE',  ( 286.1173975663822944, 3.911132680358964997, 224.2673069890801969 ) ) ;
#1978 = CARTESIAN_POINT ( 'NONE',  ( 0.000000000000000000, -6.862733592760254631, 460.6268946760304743 ) ) ;
#1979 = CARTESIAN_POINT ( 'NONE',  ( 295.6522773988692734, 7.777694334590152359, 233.8036285637201672 ) ) ;
#1980 = CARTESIAN_POINT ( 'NONE',  ( 0.000000000000000000, 15.96968430992112076, 237.4560550978058870 ) ) ;
#1981 = DIRECTION ( 'NONE',  ( 0.000000000000000000, 1.000000000000000000, 0.000000000000000000 ) ) ;
#1982 = EDGE_LOOP ( 'NONE', ( #2691, #2477, #150, #2317 ) ) ;
#1983 = CARTESIAN_POINT ( 'NONE',  ( 287.5045019608094208, 6.430057062784301003, 226.5187089420817017 ) ) ;
#1984 = CARTESIAN_POINT ( 'NONE',  ( 295.6689540210054474, -3.600459076998637986, 233.1028687589883930 ) ) ;
#1985 = ADVANCED_FACE ( 'NONE', ( #2335 ), #2776, .F. ) ;
#1986 = ORIENTED_EDGE ( 'NONE', *, *, #922, .T. ) ;
#1987 = CARTESIAN_POINT ( 'NONE',  ( 152.6333333574423534, 6.381155709110257312, 374.1813886886056935 ) ) ;
#1988 = ORIENTED_EDGE ( 'NONE', *, *, #2814, .T. ) ;
#1989 =( LENGTH_UNIT ( ) NAMED_UNIT ( * ) SI_UNIT ( .MILLI., .METRE. ) );
#1990 = CARTESIAN_POINT ( 'NONE',  ( 151.1999999999999034, -7.205470173212364493, 330.2232214869814584 ) ) ;
#1991 = CARTESIAN_POINT ( 'NONE',  ( 0.000000000000000000, -7.875199188317395738, 346.8394967070635175 ) ) ;
#1992 = CARTESIAN_POINT ( 'NONE',  ( 286.0987313840590787, 1.020891789204669386, 220.6527124969929048 ) ) ;
#1993 = CARTESIAN_POINT ( 'NONE',  ( 193.3333333323508896, -5.464983162938358063, 438.0432744059715446 ) ) ;
#1994 = FACE_OUTER_BOUND ( 'NONE', #1352, .T. ) ;
#1995 = CARTESIAN_POINT ( 'NONE',  ( 0.000000000000000000, 15.80337903634185182, 325.8913209393173815 ) ) ;
#1996 = CARTESIAN_POINT ( 'NONE',  ( 305.0370945548289114, -9.521011660957965361, 300.5015341214142381 ) ) ;
#1997 = ORIENTED_EDGE ( 'NONE', *, *, #2739, .F. ) ;
#1998 = CARTESIAN_POINT ( 'NONE',  ( 305.0370945548288546, -6.532016723998194330, 308.8817145493896419 ) ) ;
#1999 = CIRCLE ( 'NONE', #2729, 3.000000000000002665 ) ;
#2000 = CARTESIAN_POINT ( 'NONE',  ( 310.0370945548290251, -3.525667192811752226, 293.8817145493893577 ) ) ;
#2001 = CARTESIAN_POINT ( 'NONE',  ( 286.1295799786561247, -1.225339379161575426, 221.5530627359159723 ) ) ;
#2002 = ORIENTED_EDGE ( 'NONE', *, *, #2610, .F. ) ;
#2003 = CARTESIAN_POINT ( 'NONE',  ( 155.4999999999999716, 85.00000000000000000, 239.7566351996881906 ) ) ;
#2004 = DIRECTION ( 'NONE',  ( 0.000000000000000000, 0.000000000000000000, -1.000000000000000000 ) ) ;
#2005 = CARTESIAN_POINT ( 'NONE',  ( 310.0370945548287978, -1.356023256420547440, 407.1106522853692695 ) ) ;
#2006 = AXIS2_PLACEMENT_3D ( 'NONE', #2498, #2258, #504 ) ;
#2007 = CARTESIAN_POINT ( 'NONE',  ( 386.6666666647018928, -5.720178202154572844, 376.8193992500837339 ) ) ;
#2008 = CARTESIAN_POINT ( 'NONE',  ( 300.3647295332295926, -0.1264232932669706877, 220.9289578992166128 ) ) ;
#2009 = CARTESIAN_POINT ( 'NONE',  ( 386.6666666647022339, -0.05509682441517349538, 394.0997390200583936 ) ) ;
#2010 = DIRECTION ( 'NONE',  ( 0.000000000000000000, 0.000000000000000000, 1.000000000000000000 ) ) ;
#2011 = CARTESIAN_POINT ( 'NONE',  ( 386.6666666647018928, 13.07726766458433332, 311.5408364025354331 ) ) ;
#2012 = CARTESIAN_POINT ( 'NONE',  ( 308.0248619995379045, -6.143224606064110915, 301.0960871797403797 ) ) ;
#2013 = CARTESIAN_POINT ( 'NONE',  ( 300.4197131440232056, 10.75500795449575620, 245.5165855727692019 ) ) ;
#2014 = ORIENTED_EDGE ( 'NONE', *, *, #1008, .T. ) ;
#2015 = B_SPLINE_CURVE_WITH_KNOTS ( 'NONE', 3,
 ( #553, #1655, #543, #145, #1436, #1891, #2788, #2093, #107, #2360, #2765, #773, #119, #2581 ),
 .UNSPECIFIED., .F., .F.,
 ( 4, 2, 2, 2, 2, 2, 4 ),
 ( 1.116844020239418137E-16, 0.0007863229902068977033, 0.001572645980413683734, 0.001965807475517135187, 0.002358968970620586858, 0.002752130465724037661, 0.003145291960827489332 ),
 .UNSPECIFIED. ) ;
#2016 = B_SPLINE_SURFACE_WITH_KNOTS ( 'NONE', 3, 3, ( 
 ( #1468, #2327, #558, #1441 ),
 ( #998, #806, #1873, #2534 ),
 ( #2314, #2559, #344, #334 ),
 ( #986, #2746, #2112, #125 ),
 ( #548, #1431, #1897, #2770 ),
 ( #794, #1675, #1453, #2339 ),
 ( #213, #2630, #2031, #244 ),
 ( #862, #2458, #1765, #2674 ),
 ( #1097, #43, #644, #12 ),
 ( #2413, #1543, #2687, #1980 ),
 ( #2472, #1585, #2644, #2856 ),
 ( #709, #930, #894, #460 ),
 ( #1346, #1129, #1558, #1750 ),
 ( #258, #200, #430, #1811 ),
 ( #2660, #1782, #659, #491 ),
 ( #912, #1144, #1374, #2428 ),
 ( #1529, #2011, #444, #1318 ),
 ( #27, #1083, #673, #1995 ),
 ( #1968, #1112, #2841, #2199 ),
 ( #1332, #2443, #2227, #877 ),
 ( #2213, #228, #1796, #690 ),
 ( #1572, #474, #1361, #2244 ),
 ( #969, #1827, #2084, #289 ),
 ( #2700, #1628, #2740, #505 ),
 ( #1173, #1386, #1852, #979 ),
 ( #721, #1199, #2513, #531 ),
 ( #1412, #2271, #2297, #276 ),
 ( #1397, #1186, #2073, #94 ),
 ( #2060, #1600, #68, #1866 ),
 ( #956, #758, #1840, #1640 ),
 ( #317, #83, #2259, #2283 ),
 ( #1158, #2713, #746, #2486 ),
 ( #732, #1614, #2499, #2046 ),
 ( #516, #2725, #303, #57 ),
 ( #943, #1328, #1553, #1790 ),
 ( #2223, #269, #1369, #1580 ),
 ( #2655, #51, #2670, #469 ),
 ( #2683, #669, #239, #1568 ),
 ( #1357, #938, #485, #2240 ),
 ( #1124, #905, #254, #22 ),
 ( #1153, #684, #2254, #2438 ),
 ( #2453, #2007, #1139, #2041 ),
 ( #1805, #2467, #455, #1821 ),
 ( #2023, #38, #7, #926 ),
 ( #1342, #702, #2695, #440 ),
 ( #2209, #224, #1108, #1991 ),
 ( #888, #1777, #2624, #1539 ),
 ( #639, #1029, #1278, #2852 ),
 ( #426, #2164, #1962, #654 ),
 ( #1744, #1914, #2423, #1246 ),
 ( #2129, #175, #1726, #2785 ),
 ( #2802, #1093, #1523, #1976 ),
 ( #1929, #826, #2408, #623 ),
 ( #590, #857, #810, #2607 ),
 ( #141, #2145, #1061, #606 ),
 ( #873, #2195, #1313, #375 ),
 ( #1760, #2356, #194, #1947 ),
 ( #1044, #209, #1693, #1708 ),
 ( #2640, #2577, #1472, #2592 ),
 ( #1263, #2375, #1487, #156 ),
 ( #2818, #392, #841, #1505 ),
 ( #2391, #412, #1296, #2180 ),
 ( #1077, #2835, #1179, #2719 ) ),
 .UNSPECIFIED., .T., .F., .F.,
 ( 4, 1, 1, 1, 1, 1, 1, 1, 1, 1, 1, 1, 1, 1, 1, 1, 1, 1, 1, 1, 1, 1, 1, 1, 1, 1, 1, 1, 1, 1, 1, 1, 1, 1, 1, 1, 1, 1, 1, 1, 1, 1, 1, 1, 1, 1, 1, 1, 1, 1, 1, 1, 1, 1, 1, 1, 1, 1, 1, 1, 4 ),
 ( 4, 4 ),
 ( 0.000000000000000000, 0.003860322318652631424, 0.009394797800600040993, 0.01667682966515771081, 0.02574601821153910119, 0.03660292795654351838, 0.04920899649386034636, 0.06349082326102040152, 0.07934674930367069390, 0.09664596362268917940, 0.1152362930771427818, 0.1349489434337972638, 0.1556634120433916246, 0.1773331524001592330, 0.1998829210885900709, 0.2232120323077090296, 0.2472101962221454619, 0.2717419340733749911, 0.2965571596970338897, 0.3213261058738797749, 0.3457060309687295385, 0.3693717206835468447, 0.3919905574059651121, 0.4132492025566901761, 0.4328580350888563411, 0.4505322894011315471, 0.4660166644726876362, 0.4791302729403160710, 0.4897712402210446792, 0.4977451439687686774, 0.5027415987227935590, 0.5044506879271154487, 0.5061687141980233395, 0.5111726415984217953, 0.5191493344995530279, 0.5297856188872963612, 0.5429192827985859227, 0.5584900536828429907, 0.5763877949385057819, 0.5963681263741105187, 0.6181950463317675837, 0.6415931759684508906, 0.6662720753110366045, 0.6919362323365962908, 0.7182704540732928189, 0.7449493915174514314, 0.7716573823196638537, 0.7980689496398100102, 0.8238682316128342897, 0.8487443405748122949, 0.8724112732714405238, 0.8945985341559141713, 0.9150565674164555796, 0.9335822461452389920, 0.9499859994824328968, 0.9641230260458010237, 0.9759079492932850597, 0.9852880743758861692, 0.9922841994269310240, 0.9970173798615488137, 1.000000000000000000 ),
 ( 0.000000000000000000, 1.000000000000000000 ),
 .UNSPECIFIED. ) ;
#2017 = CARTESIAN_POINT ( 'NONE',  ( 290.8989615446030825, -2.281540420444538864, 225.0582285472387412 ) ) ;
#2018 = EDGE_CURVE ( 'NONE', #1465, #1450, #163, .T. ) ;
#2019 = ORIENTED_EDGE ( 'NONE', *, *, #2675, .F. ) ;
#2020 = CARTESIAN_POINT ( 'NONE',  ( 289.7229382030813554, -4.094697166370548480, 237.3886229051668124 ) ) ;
#2021 = CARTESIAN_POINT ( 'NONE',  ( 151.1999999999999318, 11.04289756209103679, 228.9566351996881508 ) ) ;
#2022 = CARTESIAN_POINT ( 'NONE',  ( 160.2750354151162071, -6.909147776476887159, 370.3924631152530083 ) ) ;
#2023 = CARTESIAN_POINT ( 'NONE',  ( 579.9999999970531235, -4.886162747044378918, 349.3334163557685201 ) ) ;
#2024 = VECTOR ( 'NONE', #267, 1000.000000000000000 ) ;
#2025 = EDGE_CURVE ( 'NONE', #2250, #2665, #1238, .T. ) ;
#2026 = CARTESIAN_POINT ( 'NONE',  ( 300.3616435799214059, -0.04049587831476056388, 220.9124508456415299 ) ) ;
#2027 = EDGE_CURVE ( 'NONE', #332, #2744, #813, .T. ) ;
#2028 = CARTESIAN_POINT ( 'NONE',  ( 579.9999999970527824, -4.546249360507058412, 395.0319048769461006 ) ) ;
#2029 = CARTESIAN_POINT ( 'NONE',  ( 169.4230544336919309, -5.168865684566367413, 438.1552231167584637 ) ) ;
#2030 = VECTOR ( 'NONE', #1458, 1000.000000000000000 ) ;
#2031 = CARTESIAN_POINT ( 'NONE',  ( 193.3333333323510317, 9.316921043030340854, 226.5755206670815198 ) ) ;
#2032 = CARTESIAN_POINT ( 'NONE',  ( 305.0370945548289114, -5.195834369843461253, 301.7804558324111781 ) ) ;
#2033 = VERTEX_POINT ( 'NONE', #1893 ) ;
#2034 = CARTESIAN_POINT ( 'NONE',  ( 286.1338028764161550, -1.893690942091938556, 223.3887559464756407 ) ) ;
#2035 = ORIENTED_EDGE ( 'NONE', *, *, #743, .T. ) ;
#2036 = FACE_OUTER_BOUND ( 'NONE', #2849, .T. ) ;
#2037 = ADVANCED_FACE ( 'NONE', ( #581 ), #1052, .F. ) ;
#2038 = ADVANCED_FACE ( 'NONE', ( #1670 ), #2544, .F. ) ;
#2039 = CARTESIAN_POINT ( 'NONE',  ( 151.1999999999999602, 0.6017360779592104691, 209.6961374672769409 ) ) ;
#2040 = CARTESIAN_POINT ( 'NONE',  ( 159.3986502230740143, -6.902847286113850345, 372.2668436912303491 ) ) ;
#2041 = CARTESIAN_POINT ( 'NONE',  ( 0.000000000000000000, -7.565368802876977661, 399.6270695293106314 ) ) ;
#2042 = CARTESIAN_POINT ( 'NONE',  ( 310.0594498570458768, -6.533052563110428146, 301.8817145493893008 ) ) ;
#2043 = CARTESIAN_POINT ( 'NONE',  ( 286.0906045731622385, 0.2447763436550260407, 220.0618443283132990 ) ) ;
#2044 = CARTESIAN_POINT ( 'NONE',  ( 386.6666666647020634, 2.751046507723803547, 378.0547777424289393 ) ) ;
#2045 = DIRECTION ( 'NONE',  ( -1.000000000000000000, -0.000000000000000000, -0.000000000000000000 ) ) ;
#2046 = CARTESIAN_POINT ( 'NONE',  ( 0.000000000000000000, -6.862733592760254631, 460.6268946760304743 ) ) ;
#2047 = EDGE_CURVE ( 'NONE', #1895, #294, #917, .T. ) ;
#2048 = CARTESIAN_POINT ( 'NONE',  ( 305.0370945548289114, -6.300746255647507788, 300.8822708426715735 ) ) ;
#2049 = DIRECTION ( 'NONE',  ( 1.000000000000000000, 0.000000000000000000, -0.000000000000000000 ) ) ;
#2050 = PLANE ( 'NONE',  #241 ) ;
#2051 = ORIENTED_EDGE ( 'NONE', *, *, #1351, .F. ) ;
#2052 = PLANE ( 'NONE',  #1126 ) ;
#2053 = CARTESIAN_POINT ( 'NONE',  ( 151.1999999999999886, 3.796690572585468715, 212.4842873071602583 ) ) ;
#2054 = CARTESIAN_POINT ( 'NONE',  ( 158.4937929792399416, -6.902288596120548014, 373.1738007467861280 ) ) ;
#2055 = DIRECTION ( 'NONE',  ( 3.227392513445244721E-14, 0.000000000000000000, -1.000000000000000000 ) ) ;
#2056 = CARTESIAN_POINT ( 'NONE',  ( 300.3724152635662108, 0.2354055089658363686, 221.0191676220576085 ) ) ;
#2057 = B_SPLINE_CURVE_WITH_KNOTS ( 'NONE', 3,
 ( #231, #1970, #1769, #462, #15, #1546, #2383, #1348, #2647, #897, #1784, #2400, #216, #615, #1983, #1516, #1496, #1718, #880, #1562, #1753, #2202, #1100, #676, #2446, #2616, #184, #849, #2416, #662, #2188, #419 ),
 .UNSPECIFIED., .F., .F.,
 ( 4, 2, 2, 2, 2, 2, 2, 2, 2, 2, 2, 2, 2, 2, 2, 4 ),
 ( 0.000000000000000000, 0.01252532134130471958, 0.01878798201195698223, 0.02505064268260924487, 0.03131330335326151099, 0.03444463368858761976, 0.03757596402391373547, 0.04070729435923985118, 0.04227295952690289516, 0.04383862469456593913, 0.04540428986222899005, 0.04696995502989203403, 0.04853562019755507800, 0.04931845278138659999, 0.04970986907330235405, 0.05010128536521810116 ),
 .UNSPECIFIED. ) ;
#2058 = CARTESIAN_POINT ( 'NONE',  ( 386.6666666647022339, -5.592650226285882376, 400.6320236277662730 ) ) ;
#2059 = CARTESIAN_POINT ( 'NONE',  ( 154.0666671389936084, -5.729773750321264458, 228.9566351996881792 ) ) ;
#2060 = CARTESIAN_POINT ( 'NONE',  ( 579.9999999970530098, -2.772280013143109123, 395.1761131678124457 ) ) ;
#2061 = B_SPLINE_CURVE_WITH_KNOTS ( 'NONE', 3,
 ( #825, #1311, #358, #1245, #2128, #1707, #1692, #1028, #2784, #2162, #1075, #192, #2576, #1043, #391, #809, #2816, #2355, #1928, #2374 ),
 .UNSPECIFIED., .F., .F.,
 ( 4, 2, 2, 2, 2, 2, 2, 2, 2, 4 ),
 ( 1.147051055924705938E-16, 0.0009578651275366602876, 0.001436797691304982083, 0.001915730255073303879, 0.002873595382609946385, 0.003831460510146589542, 0.004789325637683232266, 0.005747190765219874556, 0.006705055892756517713, 0.007662921020293160003 ),
 .UNSPECIFIED. ) ;
#2062 = CARTESIAN_POINT ( 'NONE',  ( 310.0370945548290251, 3.306277303021957437, 269.3767156309140773 ) ) ;
#2063 = ORIENTED_EDGE ( 'NONE', *, *, #2047, .T. ) ;
#2064 = CARTESIAN_POINT ( 'NONE',  ( 286.1528155249295651, -4.977135508167586764, 252.6000018748803484 ) ) ;
#2065 = ORIENTED_EDGE ( 'NONE', *, *, #909, .T. ) ;
#2066 = CARTESIAN_POINT ( 'NONE',  ( 291.5586473917668968, -1.007031063312240793, 221.3791833869970560 ) ) ;
#2067 = CARTESIAN_POINT ( 'NONE',  ( 305.0370945548289114, -4.548532427371159592, 304.8817145493894145 ) ) ;
#2068 = DIRECTION ( 'NONE',  ( 0.000000000000000000, 0.000000000000000000, 1.000000000000000000 ) ) ;
#2069 = CARTESIAN_POINT ( 'NONE',  ( 160.3999999999999773, 7.116697860112846996, 369.2813886722098573 ) ) ;
#2070 = CARTESIAN_POINT ( 'NONE',  ( 300.3631526938091838, -0.08638143481855910244, 220.9171353373538693 ) ) ;
#2071 = CARTESIAN_POINT ( 'NONE',  ( 579.9999999970530098, -4.843869939650165435, 266.1019293467749094 ) ) ;
#2072 = CARTESIAN_POINT ( 'NONE',  ( 286.1726017085349554, 0.1006916453754799351, 219.9926520404831365 ) ) ;
#2073 = CARTESIAN_POINT ( 'NONE',  ( 193.3333333323510885, -2.727339546889202992, 423.3996006684712370 ) ) ;
#2074 = CARTESIAN_POINT ( 'NONE',  ( 579.9999999970531235, 2.661510109830854454, 240.4789931181246629 ) ) ;
#2075 = CARTESIAN_POINT ( 'NONE',  ( 286.1532126704069015, -5.119412630433314959, 256.6253902390983512 ) ) ;
#2076 = ORIENTED_EDGE ( 'NONE', *, *, #2365, .F. ) ;
#2077 = CARTESIAN_POINT ( 'NONE',  ( 295.2874844587102530, -4.228181848586538116, 239.6497729706450173 ) ) ;
#2078 = EDGE_CURVE ( 'NONE', #651, #808, #347, .T. ) ;
#2079 = CARTESIAN_POINT ( 'NONE',  ( 157.6836598910996941, 6.403302569407930633, 373.6797486894071767 ) ) ;
#2080 = CARTESIAN_POINT ( 'NONE',  ( 151.1999999999999318, 16.63928151833826519, 301.4889592478971849 ) ) ;
#2081 = CARTESIAN_POINT ( 'NONE',  ( 290.8898561317941471, -1.124895425948498229, 221.6311382841672071 ) ) ;
#2082 = CARTESIAN_POINT ( 'NONE',  ( 193.3333333323509464, -6.642773502515775697, 388.2232343896972111 ) ) ;
#2083 = FACE_OUTER_BOUND ( 'NONE', #736, .T. ) ;
#2084 = CARTESIAN_POINT ( 'NONE',  ( 193.3333333323509464, 4.987358710711697896, 379.3420367611240636 ) ) ;
#2085 = DIRECTION ( 'NONE',  ( 0.000000000000000000, 0.000000000000000000, -1.000000000000000000 ) ) ;
#2086 = DIRECTION ( 'NONE',  ( -1.000000000000000000, 0.000000000000000000, 0.000000000000000000 ) ) ;
#2087 = VERTEX_POINT ( 'NONE', #2320 ) ;
#2088 = DIRECTION ( 'NONE',  ( 0.000000000000000000, -1.000000000000000000, 0.000000000000000000 ) ) ;
#2089 = CARTESIAN_POINT ( 'NONE',  ( 155.8256473059396683, 6.341058907403214207, 374.1813886721480458 ) ) ;
#2090 = CARTESIAN_POINT ( 'NONE',  ( 151.1999999999999886, 8.223982652352024303, 363.3813886722097664 ) ) ;
#2091 = CARTESIAN_POINT ( 'NONE',  ( 579.9999999970526687, -5.051091561309488220, 323.0149168784112135 ) ) ;
#2092 = CARTESIAN_POINT ( 'NONE',  ( 286.2814648516990133, 0.8534239714773842467, 220.5260606538990942 ) ) ;
#2093 = CARTESIAN_POINT ( 'NONE',  ( 308.0294256455400728, -5.548286710572701175, 301.6188381043107256 ) ) ;
#2094 = CYLINDRICAL_SURFACE ( 'NONE', #1507, 4.300000000000025580 ) ;
#2095 = PRODUCT_RELATED_PRODUCT_CATEGORY ( 'part', '', ( #1302 ) ) ;
#2096 = CARTESIAN_POINT ( 'NONE',  ( 286.1497205802190251, -4.052880265063405929, 236.5414869690794717 ) ) ;
#2097 = ORIENTED_EDGE ( 'NONE', *, *, #501, .T. ) ;
#2098 = CARTESIAN_POINT ( 'NONE',  ( 157.5386439862004977, 8.071494888159989500, 363.8227326617647464 ) ) ;
#2099 = EDGE_CURVE ( 'NONE', #2599, #1232, #80, .T. ) ;
#2100 = DIRECTION ( 'NONE',  ( 1.000000000000000000, 0.000000000000000000, 0.000000000000000000 ) ) ;
#2101 = CARTESIAN_POINT ( 'NONE',  ( 310.0370945548293662, -4.538304021238969810, 301.8817145493895282 ) ) ;
#2102 = ORIENTED_EDGE ( 'NONE', *, *, #985, .T. ) ;
#2103 = CARTESIAN_POINT ( 'NONE',  ( 579.9999999970527824, -4.937668687604563011, 340.7488106811252351 ) ) ;
#2104 = CARTESIAN_POINT ( 'NONE',  ( 288.1386270950374637, 6.456244988878345303, 229.6258010097055546 ) ) ;
#2105 = ADVANCED_FACE ( 'NONE', ( #339 ), #1878, .T. ) ;
#2106 = CARTESIAN_POINT ( 'NONE',  ( 308.0370945548289114, -3.525667192811752226, 304.8817145493894145 ) ) ;
#2107 = CARTESIAN_POINT ( 'NONE',  ( 287.8445167582547128, -4.189288042154838188, 228.1847165216466919 ) ) ;
#2108 = CARTESIAN_POINT ( 'NONE',  ( 310.0370945548290251, -1.199999999999999734, 311.8817145493894145 ) ) ;
#2109 = DIRECTION ( 'NONE',  ( -1.000000000000000000, 0.000000000000000000, 0.000000000000000000 ) ) ;
#2110 = ORIENTED_EDGE ( 'NONE', *, *, #887, .T. ) ;
#2111 = CARTESIAN_POINT ( 'NONE',  ( 305.1167019534486258, -6.528128838235189413, 309.6715438844134383 ) ) ;
#2112 = CARTESIAN_POINT ( 'NONE',  ( 193.3333333323510317, 3.685149208709673108, 215.2350108880431208 ) ) ;
#2113 = LINE ( 'NONE', #1408, #1730 ) ;
#2114 = ORIENTED_EDGE ( 'NONE', *, *, #1705, .T. ) ;
#2115 = CARTESIAN_POINT ( 'NONE',  ( 156.1416689965243449, -6.971230682686694990, 363.4131177627791658 ) ) ;
#2116 = DIRECTION ( 'NONE',  ( 0.000000000000000000, 0.000000000000000000, -1.000000000000000000 ) ) ;
#2117 = CARTESIAN_POINT ( 'NONE',  ( 310.0370945548295367, -5.567953567555290029, 424.5786951049933577 ) ) ;
#2118 = B_SPLINE_CURVE_WITH_KNOTS ( 'NONE', 3,
 ( #807, #1721, #1026, #372, #1469, #2126, #1501, #1260, #823, #408, #1911, #1291, #2387, #2574, #587, #2603, #153, #1040 ),
 .UNSPECIFIED., .F., .F.,
 ( 4, 2, 2, 2, 2, 2, 2, 2, 4 ),
 ( 0.000000000000000000, 0.0009695186991503906273, 0.001939037398300781255, 0.002908556097451171774, 0.003878074796601562509, 0.004847593495751953245, 0.005817112194902343547, 0.006786630894052734717, 0.007756149593203125019 ),
 .UNSPECIFIED. ) ;
#2119 = CARTESIAN_POINT ( 'NONE',  ( 193.3333333323510317, 10.54414989762780763, 346.0951269367138252 ) ) ;
#2120 = EDGE_CURVE ( 'NONE', #47, #1439, #2015, .T. ) ;
#2121 = DIRECTION ( 'NONE',  ( 0.000000000000000000, -1.000000000000000000, 0.000000000000000000 ) ) ;
#2122 = ORIENTED_EDGE ( 'NONE', *, *, #2540, .T. ) ;
#2123 = CARTESIAN_POINT ( 'NONE',  ( 156.1487557337906935, 8.157187413410275312, 363.4136257390529750 ) ) ;
#2124 = CARTESIAN_POINT ( 'NONE',  ( 286.0860725216664378, -0.2143646748522487766, 219.9937821663838520 ) ) ;
#2125 = CARTESIAN_POINT ( 'NONE',  ( 151.1999999999999886, 3.291455178665916304, 392.1865371213212939 ) ) ;
#2126 = CARTESIAN_POINT ( 'NONE',  ( 157.6937372439909666, 13.38963835472163666, 239.2500588069288483 ) ) ;
#2127 = ORIENTED_EDGE ( 'NONE', *, *, #1940, .T. ) ;
#2128 = CARTESIAN_POINT ( 'NONE',  ( 160.2366550374513281, -6.232807287894578607, 236.1214999084959629 ) ) ;
#2129 = CARTESIAN_POINT ( 'NONE',  ( 579.9999999970531235, -5.161150396137134777, 288.2912157075066375 ) ) ;
#2130 = CARTESIAN_POINT ( 'NONE',  ( 579.9999999970531235, -3.830333945579374788, 249.6992205581955488 ) ) ;
#2131 = VECTOR ( 'NONE', #2121, 1000.000000000000000 ) ;
#2132 = CARTESIAN_POINT ( 'NONE',  ( 310.0370945548290251, -3.525667192811752226, 0.000000000000000000 ) ) ;
#2133 = CARTESIAN_POINT ( 'NONE',  ( 151.1999999999999886, -3.500213524865869939E-11, 209.6802076829037276 ) ) ;
#2134 = CARTESIAN_POINT ( 'NONE',  ( 386.6666666647022339, 5.886350116970718638, 359.8738835282833293 ) ) ;
#2135 = AXIS2_PLACEMENT_3D ( 'NONE', #87, #2463, #2706 ) ;
#2136 = CARTESIAN_POINT ( 'NONE',  ( 286.5297234789804293, -2.573941713323893765, 221.7424805210663408 ) ) ;
#2137 = CARTESIAN_POINT ( 'NONE',  ( 300.3401636293592674, -5.201806602696337656, 264.4069360666573516 ) ) ;
#2138 = EDGE_LOOP ( 'NONE', ( #1470, #1403, #1768, #1336 ) ) ;
#2139 = CARTESIAN_POINT ( 'NONE',  ( 160.2383312548709569, 7.500295013096611285, 367.0229279727019502 ) ) ;
#2140 = EDGE_CURVE ( 'NONE', #2599, #588, #701, .T. ) ;
#2141 = CARTESIAN_POINT ( 'NONE',  ( 286.1109210978087276, -0.6480447695400123331, 220.3525573486087126 ) ) ;
#2142 = CARTESIAN_POINT ( 'NONE',  ( 151.1999999999999886, 0.000000000000000000, 0.000000000000000000 ) ) ;
#2143 = ORIENTED_EDGE ( 'NONE', *, *, #596, .F. ) ;
#2144 = CARTESIAN_POINT ( 'NONE',  ( 118.4367889235229967, 6.474332807188248218, 293.8817145493893577 ) ) ;
#2145 = CARTESIAN_POINT ( 'NONE',  ( 386.6666666647022339, -5.483459774955862009, 251.0186217847534920 ) ) ;
#2146 = CARTESIAN_POINT ( 'NONE',  ( 157.9530261179995136, -6.958306190609139463, 364.0275578595899901 ) ) ;
#2147 = CARTESIAN_POINT ( 'NONE',  ( 310.0370945548290820, -6.347919574081259064, 264.4069360705284453 ) ) ;
#2148 = CARTESIAN_POINT ( 'NONE',  ( 292.9986604806298374, -5.640582779083608500, 426.2237852914760765 ) ) ;
#2149 = CARTESIAN_POINT ( 'NONE',  ( 386.6666666647018928, 13.90735550912538265, 302.2484120702011978 ) ) ;
#2150 = CARTESIAN_POINT ( 'NONE',  ( 286.1271408422859395, 6.475228489736195137, 229.5462408399669130 ) ) ;
#2151 = ADVANCED_FACE ( 'NONE', ( #2542 ), #566, .F. ) ;
#2152 = CARTESIAN_POINT ( 'NONE',  ( 151.1999999999999886, 85.00000000000000000, 239.7566351996880485 ) ) ;
#2153 = CARTESIAN_POINT ( 'NONE',  ( 155.4999999999999716, 13.53169835144214872, 239.7566351996881906 ) ) ;
#2154 = AXIS2_PLACEMENT_3D ( 'NONE', #2623, #1567, #238 ) ;
#2155 = ORIENTED_EDGE ( 'NONE', *, *, #399, .T. ) ;
#2156 = CARTESIAN_POINT ( 'NONE',  ( 305.3807156448239652, -6.553396329164377754, 302.8630429423868122 ) ) ;
#2157 = CARTESIAN_POINT ( 'NONE',  ( 295.6469245085085049, -0.9404365638118126203, 221.5262709097467848 ) ) ;
#2158 = CARTESIAN_POINT ( 'NONE',  ( 286.8193950438067077, 3.186483539291804945, 223.1618158741484024 ) ) ;
#2159 = CARTESIAN_POINT ( 'NONE',  ( 159.9165600092057673, 11.60500289576976130, 231.7106891902294308 ) ) ;
#2160 = AXIS2_PLACEMENT_3D ( 'NONE', #181, #132, #2792 ) ;
#2161 = ORIENTED_EDGE ( 'NONE', *, *, #2247, .F. ) ;
#2162 = CARTESIAN_POINT ( 'NONE',  ( 159.4002442024130914, -6.344018762808040890, 237.8399910259139176 ) ) ;
#2163 = EDGE_CURVE ( 'NONE', #651, #2532, #2793, .T. ) ;
#2164 = CARTESIAN_POINT ( 'NONE',  ( 386.6666666647020634, -6.133868915404450561, 305.0780289475609379 ) ) ;
#2165 = CARTESIAN_POINT ( 'NONE',  ( 193.3333333323510317, -5.303512489585234135, 228.0014150919552662 ) ) ;
#2166 = CARTESIAN_POINT ( 'NONE',  ( 286.1151822919950973, 3.413014268943046936, 223.4307539110150174 ) ) ;
#2167 = CARTESIAN_POINT ( 'NONE',  ( 386.6666666647017792, 14.56524338741086666, 284.5744906102912068 ) ) ;
#2168 = CARTESIAN_POINT ( 'NONE',  ( 286.1318649436466330, 8.150516098163601342, 234.2124572913607494 ) ) ;
#2169 = CYLINDRICAL_SURFACE ( 'NONE', #2358, 2.000000000000001776 ) ;
#2170 = CARTESIAN_POINT ( 'NONE',  ( 305.0370945548289114, -3.525667192811752226, 308.8817145493894145 ) ) ;
#2171 = ORIENTED_EDGE ( 'NONE', *, *, #655, .T. ) ;
#2172 = CARTESIAN_POINT ( 'NONE',  ( 295.6643688747394663, 13.60136986290913974, 264.9854892338619266 ) ) ;
#2173 = CARTESIAN_POINT ( 'NONE',  ( 286.1286397964631760, -1.088293009617017804, 221.2087279054278497 ) ) ;
#2174 = CARTESIAN_POINT ( 'NONE',  ( 291.3391964508618344, -0.05918683029676118784, 220.3039156820702544 ) ) ;
#2175 = LINE ( 'NONE', #1704, #2 ) ;
#2176 = ORIENTED_EDGE ( 'NONE', *, *, #607, .T. ) ;
#2177 = CARTESIAN_POINT ( 'NONE',  ( 310.0370945548289683, -6.538323494046628603, 299.8868844838020777 ) ) ;
#2178 = AXIS2_PLACEMENT_3D ( 'NONE', #232, #2447, #1116 ) ;
#2179 = CARTESIAN_POINT ( 'NONE',  ( 297.0616626178996285, 3.443088007130913120, 248.3429071604394096 ) ) ;
#2180 = CARTESIAN_POINT ( 'NONE',  ( 0.000000000000000000, -0.5139382740374544012, 199.4997056216937779 ) ) ;
#2181 = CARTESIAN_POINT ( 'NONE',  ( 386.6666666647018928, -3.915872789727388614, 234.1898982628685246 ) ) ;
#2182 = CARTESIAN_POINT ( 'NONE',  ( 300.3754806189469946, 0.3811224576306571632, 221.1123325715310841 ) ) ;
#2183 = CARTESIAN_POINT ( 'NONE',  ( 193.3333333323510317, 9.316921043030340854, 226.5755206670815198 ) ) ;
#2184 = CARTESIAN_POINT ( 'NONE',  ( 290.8877444057539492, 6.447425748558404557, 229.8284545743300100 ) ) ;
#2185 = DIRECTION ( 'NONE',  ( -1.000000000000000000, 0.000000000000000000, 0.000000000000000000 ) ) ;
#2186 = PRODUCT_DEFINITION ( 'UNKNOWN', '', #1671, #1188 ) ;
#2187 = ORIENTED_EDGE ( 'NONE', *, *, #2732, .T. ) ;
#2188 = CARTESIAN_POINT ( 'NONE',  ( 285.9174090741963710, 0.1308794294981345807, 218.7422568628296062 ) ) ;
#2189 = CARTESIAN_POINT ( 'NONE',  ( 300.4282546283542956, -3.332811957806665060, 231.4193890216608906 ) ) ;
#2190 = CARTESIAN_POINT ( 'NONE',  ( 155.5000000009300436, 6.345149368689448011, 374.1813886722098914 ) ) ;
#2191 = ORIENTED_EDGE ( 'NONE', *, *, #90, .F. ) ;
#2192 = CARTESIAN_POINT ( 'NONE',  ( 155.8239853562773192, -5.713862390820152015, 228.9566351996881508 ) ) ;
#2193 = CARTESIAN_POINT ( 'NONE',  ( 310.0370945548289683, 1.377656551589211853, 391.5367359781791379 ) ) ;
#2194 = B_SPLINE_CURVE_WITH_KNOTS ( 'NONE', 3,
 ( #842, #346, #2115, #2836, #591, #1473, #128, #2772, #2146, #1728, #1664, #1264, #1931, #2550, #564, #1445, #2409, #1524, #858, #640 ),
 .UNSPECIFIED., .F., .F.,
 ( 4, 2, 2, 2, 2, 2, 2, 2, 2, 4 ),
 ( 2.775557561562891351E-17, 0.0009568462116211581174, 0.001435269317431780165, 0.001913692423242402321, 0.002870538634863646198, 0.003827384846484890944, 0.004784231058106135255, 0.005741077269727379133, 0.006697923481348623011, 0.007654769692969867756 ),
 .UNSPECIFIED. ) ;
#2195 = CARTESIAN_POINT ( 'NONE',  ( 386.6666666647018928, -5.079293524304736351, 244.4817092322057874 ) ) ;
#2196 = CARTESIAN_POINT ( 'NONE',  ( 290.8780011298502473, 3.893025689474770790, 224.5694668427099714 ) ) ;
#2197 = CARTESIAN_POINT ( 'NONE',  ( 386.6666666647018360, -1.274544155731860640, 401.0421190094137955 ) ) ;
#2198 = CARTESIAN_POINT ( 'NONE',  ( 295.6505317450704524, 7.129487426216599033, 231.9419233789089958 ) ) ;
#2199 = CARTESIAN_POINT ( 'NONE',  ( 0.000000000000000000, 13.99887089352030856, 338.7147378488038498 ) ) ;
#2200 = DIRECTION ( 'NONE',  ( -0.000000000000000000, 0.000000000000000000, -1.000000000000000000 ) ) ;
#2201 = ORIENTED_EDGE ( 'NONE', *, *, #2309, .F. ) ;
#2202 = CARTESIAN_POINT ( 'NONE',  ( 286.4230390388917158, 3.250159453533006282, 221.2197471366824288 ) ) ;
#2203 = CARTESIAN_POINT ( 'NONE',  ( 295.6595651080710923, -2.268875563521144390, 225.3574355978885535 ) ) ;
#2204 = ORIENTED_EDGE ( 'NONE', *, *, #887, .F. ) ;
#2205 = CARTESIAN_POINT ( 'NONE',  ( 154.0666666911590710, 6.363153492026642155, 374.1813886755423937 ) ) ;
#2206 = ORIENTED_EDGE ( 'NONE', *, *, #380, .T. ) ;
#2207 = CARTESIAN_POINT ( 'NONE',  ( 296.9381176085630614, -5.220766191527792977, 264.4069360666571242 ) ) ;
#2208 = CARTESIAN_POINT ( 'NONE',  ( 299.2250122311477867, 14.04308800713091010, 258.9429071604394608 ) ) ;
#2209 = CARTESIAN_POINT ( 'NONE',  ( 579.9999999970532372, -4.994062015816076006, 331.9402949731788794 ) ) ;
#2210 = CARTESIAN_POINT ( 'NONE',  ( 290.8658725231684343, 1.992478021417263490, 221.9092898443855404 ) ) ;
#2211 = CARTESIAN_POINT ( 'NONE',  ( 579.9999999970532372, -1.969755189242207161, 390.8208460070080719 ) ) ;
#2212 = DIRECTION ( 'NONE',  ( -2.775557561562965820E-14, 0.000000000000000000, -1.000000000000000000 ) ) ;
#2213 = CARTESIAN_POINT ( 'NONE',  ( 579.9999999970528961, 6.286797556005607746, 343.1633722646573688 ) ) ;
#2214 = CARTESIAN_POINT ( 'NONE',  ( 310.0370945548293662, -4.538304021238969810, 301.8817145493895282 ) ) ;
#2215 = ORIENTED_EDGE ( 'NONE', *, *, #387, .F. ) ;
#2216 = CARTESIAN_POINT ( 'NONE',  ( 290.9022097916461007, 12.83501969783363172, 256.8759843536181506 ) ) ;
#2217 = PLANE ( 'NONE',  #2178 ) ;
#2218 = CARTESIAN_POINT ( 'NONE',  ( 295.6699408640802176, -3.807438843321565791, 235.0775055268232165 ) ) ;
#2219 = ORIENTED_EDGE ( 'NONE', *, *, #693, .F. ) ;
#2220 = CARTESIAN_POINT ( 'NONE',  ( 292.2849505221020081, 4.056145511682716531, 224.9379300335893390 ) ) ;
#2221 = CARTESIAN_POINT ( 'NONE',  ( 310.0370945548288546, -6.198223766060675821, 360.9388015040758546 ) ) ;
#2222 = CARTESIAN_POINT ( 'NONE',  ( 299.2250122311477867, 3.443088007130912676, 258.9429071604394608 ) ) ;
#2223 = CARTESIAN_POINT ( 'NONE',  ( 579.9999999970532372, -4.411656509256205005, 398.4873859567278487 ) ) ;
#2224 = CARTESIAN_POINT ( 'NONE',  ( 286.1008270448317603, 1.363169873970148771, 220.9622295870159689 ) ) ;
#2225 = CARTESIAN_POINT ( 'NONE',  ( 193.3333333323509180, -1.480112654933182004, 416.3527847794970853 ) ) ;
#2226 = DIRECTION ( 'NONE',  ( 1.000000000000000000, 0.000000000000000000, 0.000000000000000000 ) ) ;
#2227 = CARTESIAN_POINT ( 'NONE',  ( 193.3333333323510317, 10.54414989762780763, 346.0951269367138252 ) ) ;
#2228 = EDGE_CURVE ( 'NONE', #2329, #1191, #2385, .T. ) ;
#2229 = CARTESIAN_POINT ( 'NONE',  ( 305.0370945548289114, -7.608712411238546913, 303.8495047445065893 ) ) ;
#2230 = FACE_OUTER_BOUND ( 'NONE', #1829, .T. ) ;
#2231 = VECTOR ( 'NONE', #60, 1000.000000000000000 ) ;
#2232 = CARTESIAN_POINT ( 'NONE',  ( 620.0000000000002274, 3.306277303021956993, 272.6767156309140887 ) ) ;
#2233 = CARTESIAN_POINT ( 'NONE',  ( 300.4247358403231374, -2.684092490188959346, 227.5287029757394635 ) ) ;
#2234 = ORIENTED_EDGE ( 'NONE', *, *, #73, .T. ) ;
#2235 = CARTESIAN_POINT ( 'NONE',  ( 291.7135032387148499, 2.147469842803397810, 222.1379474663650626 ) ) ;
#2236 = EDGE_CURVE ( 'NONE', #1895, #465, #1902, .T. ) ;
#2237 = CARTESIAN_POINT ( 'NONE',  ( 152.6333356160257324, 11.00971592391949727, 228.9566351996881508 ) ) ;
#2238 = DIRECTION ( 'NONE',  ( 1.000000000000000000, -0.000000000000000000, -0.000000000000000000 ) ) ;
#2239 = VECTOR ( 'NONE', #34, 1000.000000000000000 ) ;
#2240 = CARTESIAN_POINT ( 'NONE',  ( 0.000000000000000000, -7.396703398402827645, 431.1210683550273188 ) ) ;
#2241 = CARTESIAN_POINT ( 'NONE',  ( 300.3619237243295856, -0.02455385892935622177, 220.9128051247668907 ) ) ;
#2242 = CARTESIAN_POINT ( 'NONE',  ( 193.3333333323510885, -5.937811506948676765, 439.6798056192790227 ) ) ;
#2243 = CARTESIAN_POINT ( 'NONE',  ( 155.5000000009300436, 85.00000000000000000, 374.1813886722098914 ) ) ;
#2244 = CARTESIAN_POINT ( 'NONE',  ( 0.000000000000000000, 7.785143742719109916, 377.2153418768251640 ) ) ;
#2245 = EDGE_CURVE ( 'NONE', #808, #1816, #2526, .T. ) ;
#2246 = CARTESIAN_POINT ( 'NONE',  ( 305.0370945548289114, -5.847272988421430284, 304.7129163256051356 ) ) ;
#2247 = EDGE_CURVE ( 'NONE', #1325, #447, #1716, .T. ) ;
#2248 = CARTESIAN_POINT ( 'NONE',  ( 160.3999999999999773, -6.101566980835212206, 234.1899389392087016 ) ) ;
#2249 = CARTESIAN_POINT ( 'NONE',  ( 295.6537919774941088, -1.715340385236681531, 223.5452584842946351 ) ) ;
#2250 = VERTEX_POINT ( 'NONE', #1303 ) ;
#2251 = DIRECTION ( 'NONE',  ( 0.000000000000000000, 0.000000000000000000, 1.000000000000000000 ) ) ;
#2252 = CARTESIAN_POINT ( 'NONE',  ( 300.3401636293592674, -5.201806602696337656, 264.4069360666573516 ) ) ;
#2253 = CARTESIAN_POINT ( 'NONE',  ( 305.0370945548288546, -6.543744295727854876, 306.0885543586376798 ) ) ;
#2254 = CARTESIAN_POINT ( 'NONE',  ( 193.3333333323510885, -6.593476819720387461, 398.3318257381640706 ) ) ;
#2255 = DIRECTION ( 'NONE',  ( 0.1999674932621482992, 0.000000000000000000, 0.9798025319616461282 ) ) ;
#2256 = CARTESIAN_POINT ( 'NONE',  ( 290.8419455668732780, -0.08890534231043135949, 220.2771271464428935 ) ) ;
#2257 = CARTESIAN_POINT ( 'NONE',  ( 579.9999999970527824, -4.341600791566104789, 401.3625127179655578 ) ) ;
#2258 = DIRECTION ( 'NONE',  ( 1.000000000000000000, 0.000000000000000000, 0.000000000000000000 ) ) ;
#2259 = CARTESIAN_POINT ( 'NONE',  ( 193.3333333323508896, -5.464983162938358063, 438.0432744059715446 ) ) ;
#2260 = CARTESIAN_POINT ( 'NONE',  ( 151.1999999999999886, -6.996705391329571810, 363.3813886722097664 ) ) ;
#2261 = ORIENTED_EDGE ( 'NONE', *, *, #1725, .F. ) ;
#2262 = CARTESIAN_POINT ( 'NONE',  ( 310.0370945548290251, 4.474332807188234007, 291.8817145493893577 ) ) ;
#2263 = VERTEX_POINT ( 'NONE', #2170 ) ;
#2264 = CARTESIAN_POINT ( 'NONE',  ( 293.7372487087077957, -3.491953110061013721, 232.0539138226843363 ) ) ;
#2265 = DIRECTION ( 'NONE',  ( 1.000000000000000000, 0.000000000000000000, 0.000000000000000000 ) ) ;
#2266 = CARTESIAN_POINT ( 'NONE',  ( 159.9041843445112079, -6.904931905669049463, 371.4530704776987022 ) ) ;
#2267 = DIRECTION ( 'NONE',  ( 0.000000000000000000, 0.000000000000000000, -1.000000000000000000 ) ) ;
#2268 = CARTESIAN_POINT ( 'NONE',  ( 286.0796762843402803, -0.03321327189781748956, 219.9517497293816177 ) ) ;
#2269 = CARTESIAN_POINT ( 'NONE',  ( 193.3333333323510317, -7.079803176567100564, 270.4717163648858218 ) ) ;
#2270 = DIRECTION ( 'NONE',  ( -1.000000000000000000, 0.000000000000000000, 2.775557561562965820E-14 ) ) ;
#2271 = CARTESIAN_POINT ( 'NONE',  ( 386.6666666647018360, -1.274544155731860640, 401.0421190094137955 ) ) ;
#2272 = CARTESIAN_POINT ( 'NONE',  ( 305.0370945548289114, -7.866529563307135930, 303.6365157606114167 ) ) ;
#2273 = ORIENTED_EDGE ( 'NONE', *, *, #691, .T. ) ;
#2274 = CARTESIAN_POINT ( 'NONE',  ( 295.6709277071549877, -4.014418609644495817, 237.0521422946580685 ) ) ;
#2275 = ORIENTED_EDGE ( 'NONE', *, *, #1351, .T. ) ;
#2276 = DIRECTION ( 'NONE',  ( 0.000000000000000000, 0.000000000000000000, 1.000000000000000000 ) ) ;
#2277 = LINE ( 'NONE', #2708, #395 ) ;
#2278 = CARTESIAN_POINT ( 'NONE',  ( 160.3999999999999773, 12.13873327678131808, 233.8566351996881849 ) ) ;
#2279 = VECTOR ( 'NONE', #1566, 1000.000000000000000 ) ;
#2280 = CARTESIAN_POINT ( 'NONE',  ( 286.0801460998720813, -0.05819256501303353424, 219.9528968332654131 ) ) ;
#2281 = CARTESIAN_POINT ( 'NONE',  ( 579.9999999970528961, -5.167355906338058524, 296.6145897423936049 ) ) ;
#2282 = CARTESIAN_POINT ( 'NONE',  ( 286.3624592995009834, 1.316306898614042042, 220.9229179817414206 ) ) ;
#2283 = CARTESIAN_POINT ( 'NONE',  ( 0.000000000000000000, -6.223998622485594545, 456.3664685701571671 ) ) ;
#2284 = CARTESIAN_POINT ( 'NONE',  ( 386.6666666647018928, -2.925017541545449351E-11, 225.5133111311280913 ) ) ;
#2285 = EDGE_CURVE ( 'NONE', #1325, #1465, #1766, .T. ) ;
#2286 = CARTESIAN_POINT ( 'NONE',  ( 118.4367889235229967, 4.474332807188234007, 321.8817145493894145 ) ) ;
#2287 = CARTESIAN_POINT ( 'NONE',  ( 295.6740226518655277, -4.931871632754360135, 252.9924972448135350 ) ) ;
#2288 = ORIENTED_EDGE ( 'NONE', *, *, #1208, .F. ) ;
#2289 = CARTESIAN_POINT ( 'NONE',  ( 155.5000000009300436, -6.911842983935365226, 374.1813886722098914 ) ) ;
#2290 = CARTESIAN_POINT ( 'NONE',  ( 157.0885425393764763, 6.368442013225066312, 373.9279437360683573 ) ) ;
#2291 = DIRECTION ( 'NONE',  ( 0.000000000000000000, -1.000000000000000000, 0.000000000000000000 ) ) ;
#2292 = CARTESIAN_POINT ( 'NONE',  ( 286.0850636807811611, 0.07194691961009472281, 219.9764750143208971 ) ) ;
#2293 = B_SPLINE_CURVE_WITH_KNOTS ( 'NONE', 3,
 ( #155, #1520, #2591, #2389, #2562, #424, #2177 ),
 .UNSPECIFIED., .F., .F.,
 ( 4, 3, 4 ),
 ( 0.002984696692199939952, 0.004000000000000055594, 0.005000065386885453947 ),
 .UNSPECIFIED. ) ;
#2294 = AXIS2_PLACEMENT_3D ( 'NONE', #586, #1242, #2100 ) ;
#2295 = CARTESIAN_POINT ( 'NONE',  ( 193.3333333323509748, -6.706862923142622002, 250.7127431795906887 ) ) ;
#2296 = CARTESIAN_POINT ( 'NONE',  ( 287.3763350104737810, -2.548162770412270017, 225.8907153597037620 ) ) ;
#2297 = CARTESIAN_POINT ( 'NONE',  ( 193.3333333323509180, -1.480112654933182004, 416.3527847794970853 ) ) ;
#2298 = CARTESIAN_POINT ( 'NONE',  ( 193.3333333323509464, 5.584419357608983780, 218.1071289435755602 ) ) ;
#2299 =( GEOMETRIC_REPRESENTATION_CONTEXT ( 3 ) GLOBAL_UNCERTAINTY_ASSIGNED_CONTEXT ( ( #1304 ) ) GLOBAL_UNIT_ASSIGNED_CONTEXT ( ( #1751, #2614, #1700 ) ) REPRESENTATION_CONTEXT ( 'NONE', 'WORKASPACE' ) );
#2300 = CARTESIAN_POINT ( 'NONE',  ( 290.9103241436869780, -4.033649437353949985, 236.7968146318688412 ) ) ;
#2301 = ORIENTED_EDGE ( 'NONE', *, *, #1705, .F. ) ;
#2302 = CARTESIAN_POINT ( 'NONE',  ( 296.4519058751654370, -4.613138708058706960, 245.3552155578438203 ) ) ;
#2303 = FACE_OUTER_BOUND ( 'NONE', #2586, .T. ) ;
#2304 = DIRECTION ( 'NONE',  ( 0.000000000000000000, 0.000000000000000000, 1.000000000000000000 ) ) ;
#2305 = CARTESIAN_POINT ( 'NONE',  ( 0.000000000000000000, -8.046388690722883652, 318.6767041878472924 ) ) ;
#2306 = DIRECTION ( 'NONE',  ( 0.000000000000000000, -1.000000000000000000, 0.000000000000000000 ) ) ;
#2307 = CARTESIAN_POINT ( 'NONE',  ( 304.3576165264537394, -5.592162442230774744, 425.1270585008393255 ) ) ;
#2308 = CARTESIAN_POINT ( 'NONE',  ( 300.0000000000000000, 0.5975986629158585028, 354.4482087289370611 ) ) ;
#2309 = EDGE_CURVE ( 'NONE', #649, #2033, #1084, .T. ) ;
#2310 = AXIS2_PLACEMENT_3D ( 'NONE', #2106, #1916, #158 ) ;
#2311 = CARTESIAN_POINT ( 'NONE',  ( 290.9124301382572639, -4.624519657540393069, 244.7809557249696013 ) ) ;
#2312 = VERTEX_POINT ( 'NONE', #2137 ) ;
#2313 = CARTESIAN_POINT ( 'NONE',  ( 160.3686727920754436, 7.393952884443843132, 367.6437728187938774 ) ) ;
#2314 = CARTESIAN_POINT ( 'NONE',  ( 579.9999999970531235, 1.367670693497608836, 239.2000782469990270 ) ) ;
#2315 = ADVANCED_FACE ( 'NONE', ( #1734 ), #431, .T. ) ;
#2316 = LINE ( 'NONE', #987, #1590 ) ;
#2317 = ORIENTED_EDGE ( 'NONE', *, *, #481, .F. ) ;
#2318 = CARTESIAN_POINT ( 'NONE',  ( 0.000000000000000000, -8.138682956222996978, 278.0087147673945651 ) ) ;
#2319 = DIRECTION ( 'NONE',  ( 0.000000000000000000, 0.000000000000000000, -1.000000000000000000 ) ) ;
#2320 = CARTESIAN_POINT ( 'NONE',  ( 155.4999999999999716, -6.477252494600654664, 239.7566351996881906 ) ) ;
#2321 = CARTESIAN_POINT ( 'NONE',  ( 579.9999999970528961, -2.452747206727057261E-11, 238.5133111311282619 ) ) ;
#2322 = MANIFOLD_SOLID_BREP ( 'Zapas-CRUISER 28 MOTOR VTOL-1', #2406 ) ;
#2323 = DIRECTION ( 'NONE',  ( 0.000000000000000000, 0.000000000000000000, -1.000000000000000000 ) ) ;
#2324 = EDGE_CURVE ( 'NONE', #2250, #308, #1489, .T. ) ;
#2325 = ORIENTED_EDGE ( 'NONE', *, *, #2610, .T. ) ;
#2326 = CARTESIAN_POINT ( 'NONE',  ( 160.4000000000000341, 7.340181401116854687, 367.9599276180374545 ) ) ;
#2327 = CARTESIAN_POINT ( 'NONE',  ( 386.6666666647018928, -2.925017541545449351E-11, 225.5133111311280913 ) ) ;
#2328 = CARTESIAN_POINT ( 'NONE',  ( 308.7003625582192399, -4.545140343997946530, 301.8817145493892440 ) ) ;
#2329 = VERTEX_POINT ( 'NONE', #214 ) ;
#2330 = CARTESIAN_POINT ( 'NONE',  ( 579.9999999970530098, -3.284290047907533872, 245.7904700933225968 ) ) ;
#2331 = EDGE_CURVE ( 'NONE', #2679, #808, #847, .T. ) ;
#2332 = DIRECTION ( 'NONE',  ( 0.000000000000000000, -1.000000000000000000, 0.000000000000000000 ) ) ;
#2333 = CARTESIAN_POINT ( 'NONE',  ( 160.4000000000000341, 85.00000000000000000, 368.2813886722097436 ) ) ;
#2334 = LINE ( 'NONE', #2108, #1047 ) ;
#2335 = FACE_OUTER_BOUND ( 'NONE', #694, .T. ) ;
#2336 = VERTEX_POINT ( 'NONE', #2414 ) ;
#2337 = CARTESIAN_POINT ( 'NONE',  ( 159.2032279738438376, 7.843962696014036062, 365.0567581386905545 ) ) ;
#2338 = CARTESIAN_POINT ( 'NONE',  ( 290.8863209450404952, -0.9479368824912655089, 221.2121906395205428 ) ) ;
#2339 = CARTESIAN_POINT ( 'NONE',  ( 0.000000000000000000, 8.516251081602066009, 210.1672704940056065 ) ) ;
#2340 = LINE ( 'NONE', #1219, #487 ) ;
#2341 = ORIENTED_EDGE ( 'NONE', *, *, #2027, .F. ) ;
#2342 = CARTESIAN_POINT ( 'NONE',  ( 151.1999999999999886, -6.507085137758828353, 239.7566351996880485 ) ) ;
#2343 = CARTESIAN_POINT ( 'NONE',  ( 386.6666666647018928, -2.246864576404122182, 227.8533115235983360 ) ) ;
#2344 = CARTESIAN_POINT ( 'NONE',  ( 300.3401636293593810, -30.00000000000000000, 264.4069360666574653 ) ) ;
#2345 = CARTESIAN_POINT ( 'NONE',  ( 196.1055640367617059, -3.390518186865464643E-11, 212.6997197474599375 ) ) ;
#2346 = CARTESIAN_POINT ( 'NONE',  ( 386.6666666647020634, 9.079703889018317042, 340.5423409009899274 ) ) ;
#2347 = CARTESIAN_POINT ( 'NONE',  ( 286.3412779751687935, -2.222462009858670484, 220.8191335372179367 ) ) ;
#2348 = CARTESIAN_POINT ( 'NONE',  ( 151.1999999999999886, 0.000000000000000000, 291.8817145493893577 ) ) ;
#2349 = ORIENTED_EDGE ( 'NONE', *, *, #770, .T. ) ;
#2350 = CARTESIAN_POINT ( 'NONE',  ( 307.8384099949413439, -6.549178361698504425, 300.0366725184814527 ) ) ;
#2351 = CARTESIAN_POINT ( 'NONE',  ( 295.6201360978546973, -0.4653254816011014317, 220.8000483904876319 ) ) ;
#2352 = CARTESIAN_POINT ( 'NONE',  ( 151.2000000009300038, 6.399156040153494374, 374.1813886822074551 ) ) ;
#2353 = FACE_OUTER_BOUND ( 'NONE', #1982, .T. ) ;
#2354 = ORIENTED_EDGE ( 'NONE', *, *, #2782, .F. ) ;
#2355 = CARTESIAN_POINT ( 'NONE',  ( 156.1442575272542115, -6.471119306107704361, 239.7248336275088718 ) ) ;
#2356 = CARTESIAN_POINT ( 'NONE',  ( 386.6666666647020634, -4.566923217582304240, 238.8503178250753649 ) ) ;
#2357 = CARTESIAN_POINT ( 'NONE',  ( 0.000000000000000000, -3.869566342698527173E-11, 199.5133111311278071 ) ) ;
#2358 = AXIS2_PLACEMENT_3D ( 'NONE', #1438, #1449, #400 ) ;
#2359 = DIRECTION ( 'NONE',  ( -0.000000000000000000, 0.000000000000000000, 1.000000000000000000 ) ) ;
#2360 = CARTESIAN_POINT ( 'NONE',  ( 308.0321601107605716, -5.191809245527478467, 301.7799636415093119 ) ) ;
#2361 = CARTESIAN_POINT ( 'NONE',  ( 0.000000000000000000, 12.58377223271067891, 221.8964532117458361 ) ) ;
#2362 = CARTESIAN_POINT ( 'NONE',  ( 290.8967272868139844, 9.962933235003117005, 241.1794486212249069 ) ) ;
#2363 = AXIS2_PLACEMENT_3D ( 'NONE', #1157, #2045, #55 ) ;
#2364 = DIRECTION ( 'NONE',  ( 0.000000000000000000, 0.000000000000000000, -1.000000000000000000 ) ) ;
#2365 = EDGE_CURVE ( 'NONE', #1220, #1787, #2707, .T. ) ;
#2366 = CARTESIAN_POINT ( 'NONE',  ( 305.1037614713765720, -6.375475264551278443, 264.4069360705271379 ) ) ;
#2367 = ORIENTED_EDGE ( 'NONE', *, *, #1423, .T. ) ;
#2368 = CARTESIAN_POINT ( 'NONE',  ( 160.1463268746856841, 7.552991234219476269, 366.7170507973675058 ) ) ;
#2369 = EDGE_CURVE ( 'NONE', #292, #1677, #738, .T. ) ;
#2370 = CARTESIAN_POINT ( 'NONE',  ( 286.1230470066836915, -0.8674807115351180764, 220.7049893402326575 ) ) ;
#2371 = CARTESIAN_POINT ( 'NONE',  ( 160.3999999999999773, -6.914942168717047366, 369.2813886722098573 ) ) ;
#2372 = CARTESIAN_POINT ( 'NONE',  ( 160.3999999999999773, 12.13873327678131808, 233.8566351996881849 ) ) ;
#2373 = ORIENTED_EDGE ( 'NONE', *, *, #1629, .F. ) ;
#2374 = CARTESIAN_POINT ( 'NONE',  ( 155.4999999999999716, -6.477252494600654664, 239.7566351996881906 ) ) ;
#2375 = CARTESIAN_POINT ( 'NONE',  ( 386.6666666647018928, -2.246864576404122182, 227.8533115235983360 ) ) ;
#2376 = CARTESIAN_POINT ( 'NONE',  ( 579.9999999970528961, -2.452747206727057261E-11, 238.5133111311282619 ) ) ;
#2377 = CARTESIAN_POINT ( 'NONE',  ( 295.6170753091894881, 0.5528567955796946931, 220.9174648353768191 ) ) ;
#2378 = CARTESIAN_POINT ( 'NONE',  ( 579.9999999970528961, 10.96806314987765596, 310.6656409606852094 ) ) ;
#2379 = CARTESIAN_POINT ( 'NONE',  ( 290.8889257325113817, 6.815707201088224920, 230.7405098705960711 ) ) ;
#2380 = DIRECTION ( 'NONE',  ( 0.000000000000000000, 0.000000000000000000, 1.000000000000000000 ) ) ;
#2381 = SURFACE_STYLE_FILL_AREA ( #2585 ) ;
#2382 = EDGE_LOOP ( 'NONE', ( #972, #879, #1114, #110, #569, #1164, #1015, #1785 ) ) ;
#2383 = CARTESIAN_POINT ( 'NONE',  ( 290.6931608226919366, 11.44388225484274813, 242.1425284712827022 ) ) ;
#2384 = CARTESIAN_POINT ( 'NONE',  ( 295.6321282247446334, -0.6362796363149761936, 220.9863720058335161 ) ) ;
#2385 = B_SPLINE_CURVE_WITH_KNOTS ( 'NONE', 3,
 ( #1032, #1048, #1641, #2525 ),
 .UNSPECIFIED., .F., .F.,
 ( 4, 4 ),
 ( 0.01480155575216994708, 0.02960309449628825695 ),
 .UNSPECIFIED. ) ;
#2386 = CARTESIAN_POINT ( 'NONE',  ( 291.3777905812554536, 0.3643129245728411458, 220.4930195512116882 ) ) ;
#2387 = CARTESIAN_POINT ( 'NONE',  ( 159.9140480558123443, 12.87651513305944562, 237.0074994369079775 ) ) ;
#2388 = ORIENTED_EDGE ( 'NONE', *, *, #1315, .F. ) ;
#2389 = CARTESIAN_POINT ( 'NONE',  ( 309.0370422460644022, -6.543437961284346294, 299.8868868878639660 ) ) ;
#2390 = CARTESIAN_POINT ( 'NONE',  ( 310.0370945548287978, -4.570247289867830354, 424.5786951049935283 ) ) ;
#2391 = CARTESIAN_POINT ( 'NONE',  ( 579.9999999970527824, -0.3259142469249645679, 238.5046831896317201 ) ) ;
#2392 = CARTESIAN_POINT ( 'NONE',  ( 193.3333333323509748, -3.397287876363841441E-11, 212.5133111311279777 ) ) ;
#2393 = CARTESIAN_POINT ( 'NONE',  ( 300.3805420744629942, 1.001084721905753705, 221.6021775801393687 ) ) ;
#2394 = CARTESIAN_POINT ( 'NONE',  ( 193.3333333323510885, 6.835746929844915165, 368.5446127025542182 ) ) ;
#2395 = CARTESIAN_POINT ( 'NONE',  ( 286.1214431960785873, 4.864685722678773416, 225.9659449588529014 ) ) ;
#2396 = B_SPLINE_CURVE_WITH_KNOTS ( 'NONE', 3,
 ( #102, #114, #527, #1623, #2520, #2508, #1195, #2549, #2080, #89, #1651, #975, #2535, #1000, #549, #1432 ),
 .UNSPECIFIED., .F., .F.,
 ( 4, 1, 1, 1, 1, 1, 1, 1, 1, 1, 1, 1, 1, 4 ),
 ( 0.2688461472104909933, 0.2730234882589320233, 0.2814748224172752278, 0.2905569161722817428, 0.3001873070234729046, 0.3103071247737928529, 0.3208936296579042446, 0.3319100623620043766, 0.3433072339846006127, 0.3550312636825634360, 0.3670159648511989170, 0.3791391607427982979, 0.3912397473376708068, 0.3957425737364657636 ),
 .UNSPECIFIED. ) ;
#2397 = CARTESIAN_POINT ( 'NONE',  ( 286.9599370224192967, -3.273608270178800517, 223.8504447319939743 ) ) ;
#2398 = CARTESIAN_POINT ( 'NONE',  ( 310.0370945548290251, -6.473503415000025463, 300.4032552864803733 ) ) ;
#2399 = ORIENTED_EDGE ( 'NONE', *, *, #1224, .F. ) ;
#2400 = CARTESIAN_POINT ( 'NONE',  ( 288.2805692804341788, 8.013892340361254085, 230.3212906134150160 ) ) ;
#2401 = CARTESIAN_POINT ( 'NONE',  ( 295.6504596952620432, -1.116658597855432200, 221.9434781280135667 ) ) ;
#2402 = VECTOR ( 'NONE', #1373, 1000.000000000000000 ) ;
#2403 = CARTESIAN_POINT ( 'NONE',  ( 290.1158613438309999, -4.244750927953786501, 239.3138712637498315 ) ) ;
#2404 = ORIENTED_EDGE ( 'NONE', *, *, #1497, .F. ) ;
#2405 = CARTESIAN_POINT ( 'NONE',  ( 157.6742516185039165, -5.743296470987702129, 229.4536988198113363 ) ) ;
#2406 = CLOSED_SHELL ( 'NONE', ( #2541, #1307, #2531, #775, #1807, #364, #1610, #1778, #23, #2151, #786, #1201, #398, #482, #2037, #2425, #2629, #1101, #1254, #685, #991, #1120, #2455, #2105, #133, #1867, #1206, #1586, #290, #2521, #1131, #2834, #165, #106, #2315, #1930, #282, #1498, #475, #2038, #2529, #1985, #324 ) ) ;
#2407 = CARTESIAN_POINT ( 'NONE',  ( 310.0370945548290251, 14.54705926040939978, 264.4069360666575221 ) ) ;
#2408 = CARTESIAN_POINT ( 'NONE',  ( 193.3333333323509464, -6.939266470113822471, 260.1927417165398992 ) ) ;
#2409 = CARTESIAN_POINT ( 'NONE',  ( 160.2417898967012491, -6.929029702325454565, 367.0048289177963170 ) ) ;
#2410 = CARTESIAN_POINT ( 'NONE',  ( 295.6330626081658579, 2.849589959166539010, 223.2512283436658720 ) ) ;
#2411 = CARTESIAN_POINT ( 'NONE',  ( 193.3333333323510885, 13.87615993987009766, 323.4795464500552384 ) ) ;
#2412 = CARTESIAN_POINT ( 'NONE',  ( 295.6537898142283893, 8.370627325052804935, 235.6868206461385569 ) ) ;
#2413 = CARTESIAN_POINT ( 'NONE',  ( 579.9999999970530098, 10.12718433015163200, 262.5747236603409078 ) ) ;
#2414 = CARTESIAN_POINT ( 'NONE',  ( 155.5000000009300436, 6.345149368689448011, 374.1813886722098914 ) ) ;
#2415 = ORIENTED_EDGE ( 'NONE', *, *, #2496, .F. ) ;
#2416 = CARTESIAN_POINT ( 'NONE',  ( 285.9384902727588837, 0.5148361872462471345, 218.8455507101983244 ) ) ;
#2417 = CARTESIAN_POINT ( 'NONE',  ( 286.1464439379504370, -3.383068515158219380, 230.5873032780470169 ) ) ;
#2418 = ORIENTED_EDGE ( 'NONE', *, *, #1041, .T. ) ;
#2419 = CARTESIAN_POINT ( 'NONE',  ( 297.2340790703985931, 11.55000077548877435, 249.1877148537032838 ) ) ;
#2420 = EDGE_LOOP ( 'NONE', ( #664, #2176, #916, #2206 ) ) ;
#2421 = DIRECTION ( 'NONE',  ( 1.000000000000000000, -0.000000000000000000, -0.000000000000000000 ) ) ;
#2422 = CARTESIAN_POINT ( 'NONE',  ( 151.1999999999999886, -6.507085137758828353, 239.7566351996880485 ) ) ;
#2423 = CARTESIAN_POINT ( 'NONE',  ( 193.3333333323509464, -7.154764304304089606, 292.9608285418079276 ) ) ;
#2424 = CARTESIAN_POINT ( 'NONE',  ( 290.8583704699650525, 0.8305564701500411928, 220.8174635344653609 ) ) ;
#2425 = ADVANCED_FACE ( 'NONE', ( #692 ), #891, .F. ) ;
#2426 = CARTESIAN_POINT ( 'NONE',  ( 193.3333333323509180, -6.294774974397376432, 429.2302680798250663 ) ) ;
#2427 = CARTESIAN_POINT ( 'NONE',  ( 300.4101328594473443, 6.757330903801484823, 231.2980760243218583 ) ) ;
#2428 = CARTESIAN_POINT ( 'NONE',  ( 0.000000000000000000, 18.39353072245676657, 301.0012924865722539 ) ) ;
#2429 = CARTESIAN_POINT ( 'NONE',  ( 308.0218368107011884, -6.537602151559479324, 300.1296423781286649 ) ) ;
#2430 = ORIENTED_EDGE ( 'NONE', *, *, #2445, .T. ) ;
#2431 = CARTESIAN_POINT ( 'NONE',  ( 160.4000000000000341, 12.29993316698294947, 234.5229801729352630 ) ) ;
#2432 = ORIENTED_EDGE ( 'NONE', *, *, #1215, .T. ) ;
#2433 = CARTESIAN_POINT ( 'NONE',  ( 286.1448315305557912, -3.061650946502912252, 228.6186375689099748 ) ) ;
#2434 = ORIENTED_EDGE ( 'NONE', *, *, #1737, .T. ) ;
#2435 = CARTESIAN_POINT ( 'NONE',  ( 292.5433752795585178, 4.754105017469409056, 226.2041619973294928 ) ) ;
#2436 = CARTESIAN_POINT ( 'NONE',  ( 151.1999999999999318, 11.04289756209103679, 228.9566351996881508 ) ) ;
#2437 = CARTESIAN_POINT ( 'NONE',  ( 151.1999999999999886, 3.306277303021956993, 272.6767156309140887 ) ) ;
#2438 = CARTESIAN_POINT ( 'NONE',  ( 0.000000000000000000, -7.509225448604162523, 411.1396134388328392 ) ) ;
#2439 = AXIS2_PLACEMENT_3D ( 'NONE', #2554, #2807, #1684 ) ;
#2440 = CARTESIAN_POINT ( 'NONE',  ( 286.0972846677160533, 0.7441793306348093440, 220.4241877156054272 ) ) ;
#2441 = CARTESIAN_POINT ( 'NONE',  ( 193.3333333323510317, 3.194756911386668286, 389.6578644352153447 ) ) ;
#2442 = CARTESIAN_POINT ( 'NONE',  ( 310.0370945548290251, 6.474332807188248218, 0.000000000000000000 ) ) ;
#2443 = CARTESIAN_POINT ( 'NONE',  ( 386.6666666647020634, 9.079703889018317042, 340.5423409009899274 ) ) ;
#2444 = CARTESIAN_POINT ( 'NONE',  ( 305.0370945548289683, -4.811993257249235434, 301.8706512575099055 ) ) ;
#2445 = EDGE_CURVE ( 'NONE', #219, #1577, #2334, .T. ) ;
#2446 = CARTESIAN_POINT ( 'NONE',  ( 286.1194355275745238, 1.804999961893241744, 219.7321479061862135 ) ) ;
#2447 = DIRECTION ( 'NONE',  ( 0.000000000000000000, 0.000000000000000000, 1.000000000000000000 ) ) ;
#2448 = CARTESIAN_POINT ( 'NONE',  ( 300.4171103196372883, -2.001962121972681974, 224.7498404389707787 ) ) ;
#2449 = ORIENTED_EDGE ( 'NONE', *, *, #234, .T. ) ;
#2450 = CARTESIAN_POINT ( 'NONE',  ( 294.4483450052080116, -5.164813941948839471, 260.5422138900908067 ) ) ;
#2451 = CARTESIAN_POINT ( 'NONE',  ( 151.2000000000000455, -3.817369626305302077, 215.6164650538981959 ) ) ;
#2452 = CARTESIAN_POINT ( 'NONE',  ( 151.2000000000000171, -6.662701093948193432, 242.7796645548904735 ) ) ;
#2453 = CARTESIAN_POINT ( 'NONE',  ( 579.9999999970528961, -4.797582901793369992, 365.4155641104702568 ) ) ;
#2454 = CARTESIAN_POINT ( 'NONE',  ( 290.8512081366301913, 0.2416527320919931721, 220.3809520928947734 ) ) ;
#2455 = ADVANCED_FACE ( 'NONE', ( #567 ), #970, .F. ) ;
#2456 = CARTESIAN_POINT ( 'NONE',  ( 579.9999999970532372, -4.288441108073364205, 402.5788312642366691 ) ) ;
#2457 = CARTESIAN_POINT ( 'NONE',  ( 310.0370945548289683, -6.538323494046628603, 299.8868844838020777 ) ) ;
#2458 = CARTESIAN_POINT ( 'NONE',  ( 386.6666666647018928, 9.514594926166108024, 242.4372132912697566 ) ) ;
#2459 = CARTESIAN_POINT ( 'NONE',  ( 308.0350749931882888, -4.811811765582572953, 301.8686292872612285 ) ) ;
#2460 = FACE_OUTER_BOUND ( 'NONE', #61, .T. ) ;
#2461 = CARTESIAN_POINT ( 'NONE',  ( 290.8909652013894629, -1.398784788263655043, 222.3284271346932428 ) ) ;
#2462 = ORIENTED_EDGE ( 'NONE', *, *, #2464, .F. ) ;
#2463 = DIRECTION ( 'NONE',  ( 1.000000000000000000, -0.000000000000000000, -0.000000000000000000 ) ) ;
#2464 = EDGE_CURVE ( 'NONE', #2646, #649, #120, .T. ) ;
#2465 = CARTESIAN_POINT ( 'NONE',  ( 310.0370945548288546, -6.485870132334774496, 313.3137757797964582 ) ) ;
#2466 = CARTESIAN_POINT ( 'NONE',  ( 156.7765454649810408, -6.906224984827178837, 374.0231822152708787 ) ) ;
#2467 = CARTESIAN_POINT ( 'NONE',  ( 386.6666666647020634, -5.769646836630459852, 367.4881854869412336 ) ) ;
#2468 = CARTESIAN_POINT ( 'NONE',  ( 309.3659555075367962, -4.541736366593049468, 301.8817145493893008 ) ) ;
#2469 = CARTESIAN_POINT ( 'NONE',  ( 295.6029366748499569, 0.003552842309375638021, 220.5975382865851486 ) ) ;
#2470 = CARTESIAN_POINT ( 'NONE',  ( 0.000000000000000000, 5.680038312985622895, 389.5123884482915173 ) ) ;
#2471 = PLANE ( 'NONE',  #511 ) ;
#2472 = CARTESIAN_POINT ( 'NONE',  ( 579.9999999970532372, 10.96949398281568300, 268.3083701022954415 ) ) ;
#2473 = VECTOR ( 'NONE', #965, 1000.000000000000000 ) ;
#2474 = CARTESIAN_POINT ( 'NONE',  ( 305.0370945548289114, -5.882473149804238410, 301.3912985202809409 ) ) ;
#2475 = EDGE_LOOP ( 'NONE', ( #782, #1054, #1363, #2418 ) ) ;
#2476 = DIRECTION ( 'NONE',  ( 1.000000000000000000, 0.000000000000000000, 0.000000000000000000 ) ) ;
#2477 = ORIENTED_EDGE ( 'NONE', *, *, #2140, .F. ) ;
#2478 = CARTESIAN_POINT ( 'NONE',  ( 291.3441523512463505, -0.1495680567277048734, 220.3281986475940357 ) ) ;
#2479 = CARTESIAN_POINT ( 'NONE',  ( 154.0666689757200345, 10.97643666862416900, 228.9566351996881792 ) ) ;
#2480 = DIRECTION ( 'NONE',  ( 0.000000000000000000, 1.000000000000000000, 0.000000000000000000 ) ) ;
#2481 = DIRECTION ( 'NONE',  ( -1.000000000000000000, 0.000000000000000000, 0.000000000000000000 ) ) ;
#2482 = CARTESIAN_POINT ( 'NONE',  ( 286.0921372508526019, 0.3188522293594077683, 220.1092034344712260 ) ) ;
#2483 = CARTESIAN_POINT ( 'NONE',  ( 386.6666666647020634, -5.769646836630459852, 367.4881854869412336 ) ) ;
#2484 = FACE_OUTER_BOUND ( 'NONE', #1645, .T. ) ;
#2485 = CIRCLE ( 'NONE', #2754, 3.000000000000002665 ) ;
#2486 = CARTESIAN_POINT ( 'NONE',  ( 0.000000000000000000, -6.590772124736852255, 458.2508859490670829 ) ) ;
#2487 = CARTESIAN_POINT ( 'NONE',  ( 305.0370945548289114, -9.301609737617992479, 301.4678677035124679 ) ) ;
#2488 = VERTEX_POINT ( 'NONE', #789 ) ;
#2489 = FACE_BOUND ( 'NONE', #1755, .T. ) ;
#2490 = ORIENTED_EDGE ( 'NONE', *, *, #999, .F. ) ;
#2491 = CARTESIAN_POINT ( 'NONE',  ( 154.0666666665216269, -6.919158667880208391, 374.1813886755423937 ) ) ;
#2492 = B_SPLINE_CURVE_WITH_KNOTS ( 'NONE', 3,
 ( #1076, #2638, #2833, #855 ),
 .UNSPECIFIED., .F., .F.,
 ( 4, 4 ),
 ( 0.003000039209341497180, 0.005000065348961245902 ),
 .UNSPECIFIED. ) ;
#2493 = CARTESIAN_POINT ( 'NONE',  ( 155.5000000009300436, -6.911842983935365226, 374.1813886722098914 ) ) ;
#2494 = CARTESIAN_POINT ( 'NONE',  ( 160.3999999999999773, 7.116697860112846996, 369.2813886722098573 ) ) ;
#2495 = CARTESIAN_POINT ( 'NONE',  ( 295.6062708077171806, 0.06821910491541210986, 220.6159311966895586 ) ) ;
#2496 = EDGE_CURVE ( 'NONE', #2615, #172, #1818, .T. ) ;
#2497 = CARTESIAN_POINT ( 'NONE',  ( 193.3333333323509464, -6.939266470113822471, 260.1927417165398992 ) ) ;
#2498 = CARTESIAN_POINT ( 'NONE',  ( 151.1999999999999886, 4.474332807188248218, 293.8817145493893577 ) ) ;
#2499 = CARTESIAN_POINT ( 'NONE',  ( 193.3333333323509180, -6.025824523911690989, 441.7841423508043022 ) ) ;
#2500 = FACE_OUTER_BOUND ( 'NONE', #280, .T. ) ;
#2501 = CARTESIAN_POINT ( 'NONE',  ( 310.0370945548290820, -6.543454212043247509, 297.9020880243386955 ) ) ;
#2502 = DIRECTION ( 'NONE',  ( 0.000000000000000000, -1.000000000000000000, -1.576542137387265747E-16 ) ) ;
#2503 = AXIS2_PLACEMENT_3D ( 'NONE', #735, #2476, #2728 ) ;
#2504 = ORIENTED_EDGE ( 'NONE', *, *, #174, .F. ) ;
#2505 = CARTESIAN_POINT ( 'NONE',  ( 300.3401636293592674, -5.201806602696337656, 264.4069360666573516 ) ) ;
#2506 = CARTESIAN_POINT ( 'NONE',  ( 305.0370945548288546, -6.532016723998194330, 308.8817145493896419 ) ) ;
#2507 = CARTESIAN_POINT ( 'NONE',  ( 308.0095987920901734, -6.548692506214618625, 299.8868893532874722 ) ) ;
#2508 = CARTESIAN_POINT ( 'NONE',  ( 151.1999999999999886, 17.19788183468336129, 270.4252084987764420 ) ) ;
#2509 = CIRCLE ( 'NONE', #645, 2.000000000000001776 ) ;
#2510 = CARTESIAN_POINT ( 'NONE',  ( 300.3628350699395355, -0.009747703055447790380, 220.9146726698274961 ) ) ;
#2511 = CARTESIAN_POINT ( 'NONE',  ( 579.9999999970531235, -5.144550325250647482, 305.2452058889440423 ) ) ;
#2512 = CARTESIAN_POINT ( 'NONE',  ( 287.4168723328199917, 4.882268229689884720, 226.0893404983495714 ) ) ;
#2513 = CARTESIAN_POINT ( 'NONE',  ( 193.3333333323510885, -0.06398327331131900553, 408.2906831791809736 ) ) ;
#2514 = CARTESIAN_POINT ( 'NONE',  ( 305.0370945548289114, -9.550708675402534098, 300.1754763289206380 ) ) ;
#2515 = FACE_OUTER_BOUND ( 'NONE', #562, .T. ) ;
#2516 = ORIENTED_EDGE ( 'NONE', *, *, #2078, .T. ) ;
#2517 = CARTESIAN_POINT ( 'NONE',  ( 310.0370945548290251, -3.525667192811752226, 311.8817145493894145 ) ) ;
#2518 = PRODUCT_CONTEXT ( 'NONE', #677, 'mechanical' ) ;
#2519 = CARTESIAN_POINT ( 'NONE',  ( 151.1999999999999318, -5.755572707854595293, 228.9566351996881508 ) ) ;
#2520 = CARTESIAN_POINT ( 'NONE',  ( 151.1999999999999318, 16.58118027380080406, 261.0169008729861275 ) ) ;
#2521 = ADVANCED_FACE ( 'NONE', ( #957 ), #1437, .F. ) ;
#2522 = CIRCLE ( 'NONE', #310, 3.300000000000025135 ) ;
#2523 = CARTESIAN_POINT ( 'NONE',  ( 193.3333333323510317, -6.700220827177433947, 377.3870091286089519 ) ) ;
#2524 = CARTESIAN_POINT ( 'NONE',  ( 292.1230322649012692, 11.63354346782675997, 249.1486254953609887 ) ) ;
#2525 = CARTESIAN_POINT ( 'NONE',  ( 295.2370945548290706, 14.76048187518886401, 264.4069360666574653 ) ) ;
#2526 = B_SPLINE_CURVE_WITH_KNOTS ( 'NONE', 3,
 ( #1464, #366, #2366, #2598 ),
 .UNSPECIFIED., .F., .F.,
 ( 4, 4 ),
 ( -0.01480023012165327702, 6.643990912991171172E-16 ),
 .UNSPECIFIED. ) ;
#2527 = CARTESIAN_POINT ( 'NONE',  ( 305.0370945548289114, -6.563854327320179038, 299.8680254873047488 ) ) ;
#2528 = VECTOR ( 'NONE', #1981, 1000.000000000000000 ) ;
#2529 = ADVANCED_FACE ( 'NONE', ( #733, #1854 ), #1212, .T. ) ;
#2530 = CARTESIAN_POINT ( 'NONE',  ( 310.0370945548293662, -4.538304021238969810, 301.8817145493895282 ) ) ;
#2531 = ADVANCED_FACE ( 'NONE', ( #2500 ), #2094, .F. ) ;
#2532 = VERTEX_POINT ( 'NONE', #1642 ) ;
#2533 = CARTESIAN_POINT ( 'NONE',  ( 306.5991969613257879, -6.552485191075317239, 301.1366904311521466 ) ) ;
#2534 = CARTESIAN_POINT ( 'NONE',  ( 0.000000000000000000, 0.6651760188416218078, 199.5309203637108340 ) ) ;
#2535 = CARTESIAN_POINT ( 'NONE',  ( 151.1999999999999886, 10.86329813122240395, 347.3052513417184741 ) ) ;
#2536 = ORIENTED_EDGE ( 'NONE', *, *, #1593, .T. ) ;
#2537 = B_SPLINE_CURVE_WITH_KNOTS ( 'NONE', 3,
 ( #1181, #325, #767, #2749 ),
 .UNSPECIFIED., .F., .F.,
 ( 4, 4 ),
 ( 0.000000000000000000, 0.001014206111131369216 ),
 .UNSPECIFIED. ) ;
#2538 = CARTESIAN_POINT ( 'NONE',  ( 0.000000000000000000, -7.452155228677345811, 421.6783925123604604 ) ) ;
#2539 = CARTESIAN_POINT ( 'NONE',  ( 286.1791455748809199, -0.2594405963232703227, 220.0247157359864900 ) ) ;
#2540 = EDGE_CURVE ( 'NONE', #2831, #2744, #121, .T. ) ;
#2541 = ADVANCED_FACE ( 'NONE', ( #1400 ), #856, .F. ) ;
#2542 = FACE_OUTER_BOUND ( 'NONE', #2715, .T. ) ;
#2543 = CARTESIAN_POINT ( 'NONE',  ( 0.000000000000000000, 2.156697113733638815, 200.5962828315869046 ) ) ;
#2544 = CYLINDRICAL_SURFACE ( 'NONE', #1557, 4.300000000000025580 ) ;
#2545 = ORIENTED_EDGE ( 'NONE', *, *, #176, .F. ) ;
#2546 = CARTESIAN_POINT ( 'NONE',  ( 305.3413635052171458, -6.524529219639181754, 310.2125657579488234 ) ) ;
#2547 = EDGE_CURVE ( 'NONE', #1232, #404, #1078, .T. ) ;
#2548 = CARTESIAN_POINT ( 'NONE',  ( 151.2000000000000171, -4.749895683105684441, 437.2170153573526932 ) ) ;
#2549 = CARTESIAN_POINT ( 'NONE',  ( 151.1999999999999886, 17.23820395959748097, 290.7149675391752339 ) ) ;
#2550 = CARTESIAN_POINT ( 'NONE',  ( 159.7506891929842823, -6.938488979437181570, 365.8226681308104276 ) ) ;
#2551 = PLANE ( 'NONE',  #420 ) ;
#2552 = CARTESIAN_POINT ( 'NONE',  ( 180.6216267925017860, -6.119696480984702980, 437.0739816476265105 ) ) ;
#2553 = CARTESIAN_POINT ( 'NONE',  ( 308.0217525182403620, -6.548590902648260936, 299.8681291707543437 ) ) ;
#2554 = CARTESIAN_POINT ( 'NONE',  ( 151.1999999999999886, -1.525667192811752226, 293.8817145493893577 ) ) ;
#2555 = ORIENTED_EDGE ( 'NONE', *, *, #1491, .T. ) ;
#2556 = DIRECTION ( 'NONE',  ( 0.000000000000000000, -1.000000000000000000, 0.000000000000000000 ) ) ;
#2557 = CARTESIAN_POINT ( 'NONE',  ( 290.8899881273077881, -1.171250665815959158, 221.7485502480300283 ) ) ;
#2558 = AXIS2_PLACEMENT_3D ( 'NONE', #1676, #2560, #2304 ) ;
#2559 = CARTESIAN_POINT ( 'NONE',  ( 386.6666666647020634, 1.630679500242952162, 226.3321464418616529 ) ) ;
#2560 = DIRECTION ( 'NONE',  ( 1.000000000000000000, 0.000000000000000000, 0.000000000000000000 ) ) ;
#2561 = ORIENTED_EDGE ( 'NONE', *, *, #380, .F. ) ;
#2562 = CARTESIAN_POINT ( 'NONE',  ( 309.3703930156576121, -6.541733139847941914, 299.8868860872283904 ) ) ;
#2563 = CARTESIAN_POINT ( 'NONE',  ( 151.1999999999999034, -6.245148046862863289, 439.9146904413995003 ) ) ;
#2564 = CYLINDRICAL_SURFACE ( 'NONE', #1526, 4.900000000000015454 ) ;
#2565 = CARTESIAN_POINT ( 'NONE',  ( 151.2000000009300038, -6.933790667675715724, 374.1813886822074551 ) ) ;
#2566 = CARTESIAN_POINT ( 'NONE',  ( 0.000000000000000000, 15.80337903634185182, 325.8913209393173815 ) ) ;
#2567 = CARTESIAN_POINT ( 'NONE',  ( 285.9743738458154212, -0.9553525397354080129, 219.0213733659869035 ) ) ;
#2568 = CARTESIAN_POINT ( 'NONE',  ( 118.4367889235229967, 6.474332807188248218, 0.000000000000000000 ) ) ;
#2569 = ORIENTED_EDGE ( 'NONE', *, *, #962, .T. ) ;
#2570 = DIRECTION ( 'NONE',  ( 0.000000000000000000, 0.000000000000000000, 1.000000000000000000 ) ) ;
#2571 = B_SPLINE_CURVE_WITH_KNOTS ( 'NONE', 3,
 ( #477, #2248, #260, #45 ),
 .UNSPECIFIED., .F., .F.,
 ( 4, 4 ),
 ( 2.780973288783981667E-17, 0.001002466608511645837 ),
 .UNSPECIFIED. ) ;
#2572 = CARTESIAN_POINT ( 'NONE',  ( 286.1270525690169961, -0.9994154459885449260, 220.9946708838251368 ) ) ;
#2573 = CARTESIAN_POINT ( 'NONE',  ( 151.1999999999999602, -3.954705770828639722, 433.1624260560242874 ) ) ;
#2574 = CARTESIAN_POINT ( 'NONE',  ( 160.1539356634180535, 12.74260666879215620, 236.4221766545009586 ) ) ;
#2575 = EDGE_LOOP ( 'NONE', ( #614, #1603, #2636, #1485 ) ) ;
#2576 = CARTESIAN_POINT ( 'NONE',  ( 158.4957772577402295, -6.402009982473559901, 238.7475233353365809 ) ) ;
#2577 = CARTESIAN_POINT ( 'NONE',  ( 386.6666666647020634, -3.190613515628904828, 230.4749220973889692 ) ) ;
#2578 = CARTESIAN_POINT ( 'NONE',  ( 386.6666666647018928, -0.3885889226291279752, 225.5030240003190727 ) ) ;
#2579 = CARTESIAN_POINT ( 'NONE',  ( 155.5000000000000000, 85.00000000000000000, 368.2813886722098005 ) ) ;
#2580 = EDGE_CURVE ( 'NONE', #1244, #1577, #1915, .T. ) ;
#2581 = CARTESIAN_POINT ( 'NONE',  ( 308.0370945548288546, -4.548532427371161369, 301.8817145493894145 ) ) ;
#2582 = CARTESIAN_POINT ( 'NONE',  ( 0.000000000000000000, 19.01102325474809618, 266.6625469626757194 ) ) ;
#2583 = CARTESIAN_POINT ( 'NONE',  ( 290.8946217380521944, 8.984363380478470162, 237.3221491762189999 ) ) ;
#2584 = CARTESIAN_POINT ( 'NONE',  ( 286.0036323742601212, -1.161366687949392018, 219.1647345682694663 ) ) ;
#2585 = FILL_AREA_STYLE ('',( #1068 ) ) ;
#2586 = EDGE_LOOP ( 'NONE', ( #479, #1276, #2102, #2717 ) ) ;
#2587 = CARTESIAN_POINT ( 'NONE',  ( 306.5352466794696511, -6.512508663984248436, 311.4861035423533053 ) ) ;
#2588 = CARTESIAN_POINT ( 'NONE',  ( 286.0989289709186778, -0.4745744018605141945, 220.1635103474407344 ) ) ;
#2589 = CARTESIAN_POINT ( 'NONE',  ( 286.4316112252069502, 1.664836167155828273, 221.2617492127148751 ) ) ;
#2590 = DIRECTION ( 'NONE',  ( -1.000000000000000000, 0.000000000000000000, 0.000000000000000000 ) ) ;
#2591 = CARTESIAN_POINT ( 'NONE',  ( 308.6986122359230649, -6.545168758956467769, 299.8868877006987645 ) ) ;
#2592 = CARTESIAN_POINT ( 'NONE',  ( 0.000000000000000000, -4.219827966912870210, 206.0754173260052085 ) ) ;
#2593 = CARTESIAN_POINT ( 'NONE',  ( 579.9999999970527824, -0.3259142469249645679, 238.5046831896317201 ) ) ;
#2594 = CARTESIAN_POINT ( 'NONE',  ( 290.8574049045110996, 0.6444373693432792205, 220.6656812013069668 ) ) ;
#2595 = CARTESIAN_POINT ( 'NONE',  ( 386.6666666647018928, 9.514594926166108024, 242.4372132912697566 ) ) ;
#2596 = CARTESIAN_POINT ( 'NONE',  ( 300.4120081354378158, 7.421895245709347222, 233.1445919734825623 ) ) ;
#2597 = CARTESIAN_POINT ( 'NONE',  ( 286.2018961220245501, -1.925369342215025315, 220.1361890726332433 ) ) ;
#2598 = CARTESIAN_POINT ( 'NONE',  ( 310.0370945548290820, -6.347919574081259064, 264.4069360705284453 ) ) ;
#2599 = VERTEX_POINT ( 'NONE', #2563 ) ;
#2600 = CARTESIAN_POINT ( 'NONE',  ( 290.9011064004282616, 12.23213683493370318, 252.9269972609994284 ) ) ;
#2601 = CARTESIAN_POINT ( 'NONE',  ( 290.8656246372897272, -0.5556605468981392626, 220.5681185372518769 ) ) ;
#2602 = CARTESIAN_POINT ( 'NONE',  ( 286.3405691704389824, -0.9198099291158686741, 220.8156605293928578 ) ) ;
#2603 = CARTESIAN_POINT ( 'NONE',  ( 160.3691545007043260, 12.52735299703486760, 235.4911177316605517 ) ) ;
#2604 = ORIENTED_EDGE ( 'NONE', *, *, #176, .T. ) ;
#2605 = CARTESIAN_POINT ( 'NONE',  ( 310.0370945548288546, -5.629289834548374394, 422.4449240039478468 ) ) ;
#2606 = PLANE ( 'NONE',  #2154 ) ;
#2607 = CARTESIAN_POINT ( 'NONE',  ( 0.000000000000000000, -7.638359414888849841, 243.0181500959986352 ) ) ;
#2608 = CARTESIAN_POINT ( 'NONE',  ( 0.000000000000000000, -7.252290758643901825, 233.2460157265796568 ) ) ;
#2609 = CARTESIAN_POINT ( 'NONE',  ( 300.3892751572808493, 2.259355575393081406, 222.8763026368592648 ) ) ;
#2610 = EDGE_CURVE ( 'NONE', #1479, #1439, #2485, .T. ) ;
#2611 = CARTESIAN_POINT ( 'NONE',  ( 386.6666666647018928, 7.495775076190865249, 350.2880176456091590 ) ) ;
#2612 = CARTESIAN_POINT ( 'NONE',  ( 290.8916738354013205, 7.810606912756042242, 233.5353074765678230 ) ) ;
#2613 = CARTESIAN_POINT ( 'NONE',  ( 287.0574453893952409, -3.403821751157151798, 224.3282171103545295 ) ) ;
#2614 =( NAMED_UNIT ( * ) PLANE_ANGLE_UNIT ( ) SI_UNIT ( $, .RADIAN. ) );
#2615 = VERTEX_POINT ( 'NONE', #1963 ) ;
#2616 = CARTESIAN_POINT ( 'NONE',  ( 286.0195029607973538, 1.193811302335670455, 219.2424974117159024 ) ) ;
#2617 = EDGE_CURVE ( 'NONE', #1677, #1417, #2194, .T. ) ;
#2618 = CARTESIAN_POINT ( 'NONE',  ( 290.8836505701516444, -0.8603713617669210834, 221.0199272143800044 ) ) ;
#2619 = CARTESIAN_POINT ( 'NONE',  ( 291.9503460735294880, 3.036418322344373699, 223.2984321303602826 ) ) ;
#2620 = CARTESIAN_POINT ( 'NONE',  ( 310.0370945548290251, 0.000000000000000000, 321.8817145493894145 ) ) ;
#2621 = ORIENTED_EDGE ( 'NONE', *, *, #2547, .T. ) ;
#2622 = CARTESIAN_POINT ( 'NONE',  ( 159.7523688073599146, -5.894037528031776496, 231.4008223775693125 ) ) ;
#2623 = CARTESIAN_POINT ( 'NONE',  ( 579.9999999970530098, -89.00000000000000000, 398.5133111311291714 ) ) ;
#2624 = CARTESIAN_POINT ( 'NONE',  ( 193.3333333323508896, -6.993783717568672564, 329.5149428003301182 ) ) ;
#2625 = CYLINDRICAL_SURFACE ( 'NONE', #1604, 3.000000000000002665 ) ;
#2626 = CARTESIAN_POINT ( 'NONE',  ( 290.8527408143205548, 0.3153228140057228179, 220.4280523219123040 ) ) ;
#2627 = CARTESIAN_POINT ( 'NONE',  ( 579.9999999970532372, 10.96949398281568300, 268.3083701022954415 ) ) ;
#2628 = CARTESIAN_POINT ( 'NONE',  ( 295.6552253015201472, 8.947070226775933222, 237.5763381616278593 ) ) ;
#2629 = ADVANCED_FACE ( 'NONE', ( #1745 ), #2625, .F. ) ;
#2630 = CARTESIAN_POINT ( 'NONE',  ( 386.6666666647020634, 8.022921245373382249, 237.6224616886818808 ) ) ;
#2631 = ORIENTED_EDGE ( 'NONE', *, *, #793, .F. ) ;
#2632 = CARTESIAN_POINT ( 'NONE',  ( 286.1399511413513892, 11.97892793550444779, 250.7489139005489278 ) ) ;
#2633 = CARTESIAN_POINT ( 'NONE',  ( 286.1368288051842228, -2.165591385116331757, 224.3003088854609928 ) ) ;
#2634 = ORIENTED_EDGE ( 'NONE', *, *, #1460, .F. ) ;
#2635 = CARTESIAN_POINT ( 'NONE',  ( 310.0370945548290251, -3.525667192811752226, 0.000000000000000000 ) ) ;
#2636 = ORIENTED_EDGE ( 'NONE', *, *, #577, .F. ) ;
#2637 = CYLINDRICAL_SURFACE ( 'NONE', #629, 4.899999999999987921 ) ;
#2638 = CARTESIAN_POINT ( 'NONE',  ( 308.7037612215077047, -6.499538945146993818, 311.8817145493895850 ) ) ;
#2639 = EDGE_CURVE ( 'NONE', #2783, #1287, #1262, .T. ) ;
#2640 = CARTESIAN_POINT ( 'NONE',  ( 579.9999999970531235, -2.676006289986922582, 242.6746744830808211 ) ) ;
#2641 = CARTESIAN_POINT ( 'NONE',  ( 295.6286715938128964, 2.271121880110159807, 222.5650404718871869 ) ) ;
#2642 = CARTESIAN_POINT ( 'NONE',  ( 579.9999999970533509, -4.179541867572799774, 402.5918904233845410 ) ) ;
#2643 = CARTESIAN_POINT ( 'NONE',  ( 290.8899281816023858, 7.159966117438772315, 231.6666124617254923 ) ) ;
#2644 = CARTESIAN_POINT ( 'NONE',  ( 193.3333333323510885, 15.18845332257153480, 253.7677995456126325 ) ) ;
#2645 = CARTESIAN_POINT ( 'NONE',  ( 305.0370945548289114, -5.258861955644714925, 301.7582999144693190 ) ) ;
#2646 = VERTEX_POINT ( 'NONE', #637 ) ;
#2647 = CARTESIAN_POINT ( 'NONE',  ( 289.4736730466408972, 9.937799324899042830, 236.1672712373238880 ) ) ;
#2648 = VECTOR ( 'NONE', #1223, 1000.000000000000000 ) ;
#2649 = CARTESIAN_POINT ( 'NONE',  ( 290.8901835421240776, -1.216757490305496070, 221.8645256253626599 ) ) ;
#2650 = ORIENTED_EDGE ( 'NONE', *, *, #616, .F. ) ;
#2651 = CARTESIAN_POINT ( 'NONE',  ( 293.0797628545522002, 5.975245555747963344, 228.8323586882912366 ) ) ;
#2652 = ORIENTED_EDGE ( 'NONE', *, *, #2285, .F. ) ;
#2653 = CARTESIAN_POINT ( 'NONE',  ( 310.0370945548287978, -6.459432452865524255, 318.5389589979335483 ) ) ;
#2654 = CARTESIAN_POINT ( 'NONE',  ( 285.9166921102853394, -3.171128381955501248E-11, 218.7387438765724994 ) ) ;
#2655 = CARTESIAN_POINT ( 'NONE',  ( 579.9999999970527824, -4.546249360507058412, 395.0319048769461006 ) ) ;
#2656 = CARTESIAN_POINT ( 'NONE',  ( 286.1052689597004814, 2.003068202252535457, 221.5966331527731370 ) ) ;
#2657 = EDGE_CURVE ( 'NONE', #1922, #2796, #1013, .T. ) ;
#2658 = CARTESIAN_POINT ( 'NONE',  ( 579.9999999970532372, -0.04621037551902798524, 379.9087948609357568 ) ) ;
#2659 = PLANE ( 'NONE',  #751 ) ;
#2660 = CARTESIAN_POINT ( 'NONE',  ( 579.9999999970531235, 12.08411726914921047, 295.3193184898788672 ) ) ;
#2661 = CARTESIAN_POINT ( 'NONE',  ( 160.3999999999999773, 12.13873327678131808, 233.8566351996881849 ) ) ;
#2662 = ORIENTED_EDGE ( 'NONE', *, *, #2309, .T. ) ;
#2663 = CARTESIAN_POINT ( 'NONE',  ( 300.4121723283254255, -1.380247082603140996, 222.9478518340236519 ) ) ;
#2664 = VECTOR ( 'NONE', #2480, 1000.000000000000000 ) ;
#2665 = VERTEX_POINT ( 'NONE', #2342 ) ;
#2666 = CARTESIAN_POINT ( 'NONE',  ( 292.1998382739681688, 3.814284362953022534, 224.5208962704403177 ) ) ;
#2667 = EDGE_CURVE ( 'NONE', #47, #1220, #2293, .T. ) ;
#2668 = CARTESIAN_POINT ( 'NONE',  ( 310.0370945548290251, 3.306277303021957437, 266.0767156309140660 ) ) ;
#2669 = B_SPLINE_CURVE_WITH_KNOTS ( 'NONE', 3,
 ( #2826, #2431, #1938, #2661 ),
 .UNSPECIFIED., .F., .F.,
 ( 4, 4 ),
 ( 2.860979249076398407E-17, 0.001028349428157241015 ),
 .UNSPECIFIED. ) ;
#2670 = CARTESIAN_POINT ( 'NONE',  ( 193.3333333323509180, -6.294774974397376432, 429.2302680798250663 ) ) ;
#2671 = CARTESIAN_POINT ( 'NONE',  ( 290.8493956222665702, 0.1761387624648615702, 220.3450127309326945 ) ) ;
#2672 = CARTESIAN_POINT ( 'NONE',  ( 0.000000000000000000, -0.07286972220746454343, 422.4816273383034968 ) ) ;
#2673 = FACE_OUTER_BOUND ( 'NONE', #33, .T. ) ;
#2674 = CARTESIAN_POINT ( 'NONE',  ( 0.000000000000000000, 12.58377223271067891, 221.8964532117458361 ) ) ;
#2675 = EDGE_CURVE ( 'NONE', #2488, #2087, #2061, .T. ) ;
#2676 = CARTESIAN_POINT ( 'NONE',  ( 305.0370945548289114, -6.463622378918270073, 300.5208105293289691 ) ) ;
#2677 = EDGE_LOOP ( 'NONE', ( #2404, #934 ) ) ;
#2678 = CARTESIAN_POINT ( 'NONE',  ( 295.6565067561693354, -2.013633912270032411, 224.4470923840915475 ) ) ;
#2679 = VERTEX_POINT ( 'NONE', #1723 ) ;
#2680 = FACE_BOUND ( 'NONE', #342, .T. ) ;
#2681 = CARTESIAN_POINT ( 'NONE',  ( 151.1999999999999886, 1.951006088319338971, 210.6598929468282506 ) ) ;
#2682 = CARTESIAN_POINT ( 'NONE',  ( 157.0845975323717596, -6.905186785458301557, 373.9290521466058408 ) ) ;
#2683 = CARTESIAN_POINT ( 'NONE',  ( 579.9999999970528961, -4.638197617360101610, 390.5925355609921894 ) ) ;
#2684 = CARTESIAN_POINT ( 'NONE',  ( 295.6072796486024004, -0.2091262317265974446, 220.6329960707559508 ) ) ;
#2685 = CARTESIAN_POINT ( 'NONE',  ( 579.9999999970528961, 3.601999506163845677, 359.0013333867893266 ) ) ;
#2686 = DIRECTION ( 'NONE',  ( 0.000000000000000000, 0.000000000000000000, -1.000000000000000000 ) ) ;
#2687 = CARTESIAN_POINT ( 'NONE',  ( 193.3333333323509748, 14.02218431666462450, 245.8289446186508940 ) ) ;
#2688 = CARTESIAN_POINT ( 'NONE',  ( 308.0254970292256189, -6.060439211075773436, 301.1975993750927501 ) ) ;
#2689 = ORIENTED_EDGE ( 'NONE', *, *, #2236, .F. ) ;
#2690 = CARTESIAN_POINT ( 'NONE',  ( 286.1383579811351296, -2.294205277367932894, 224.7590214965888435 ) ) ;
#2691 = ORIENTED_EDGE ( 'NONE', *, *, #921, .T. ) ;
#2692 = CARTESIAN_POINT ( 'NONE',  ( 291.4917943287762796, -0.8517877680428436182, 221.0516161443466103 ) ) ;
#2693 = DIRECTION ( 'NONE',  ( -0.000000000000000000, 1.000000000000000000, -0.000000000000000000 ) ) ;
#2694 = CARTESIAN_POINT ( 'NONE',  ( 151.2000000009300038, -6.933790667675715724, 374.1813886822074551 ) ) ;
#2695 = CARTESIAN_POINT ( 'NONE',  ( 193.3333333323509180, -6.836737455847012868, 354.0694408174593946 ) ) ;
#2696 = CARTESIAN_POINT ( 'NONE',  ( 293.0402683499933687, 3.443088007130913120, 253.6429071604393641 ) ) ;
#2697 = CARTESIAN_POINT ( 'NONE',  ( 295.6022315064715826, -0.008973601088835270190, 220.5946409071496817 ) ) ;
#2698 = CARTESIAN_POINT ( 'NONE',  ( 386.6666666647022339, -2.348547368065704966, 407.1102233377395692 ) ) ;
#2699 = CARTESIAN_POINT ( 'NONE',  ( 155.4999999999999716, -5.716795864920701575, 228.9566351996881792 ) ) ;
#2700 = CARTESIAN_POINT ( 'NONE',  ( 579.9999999970531235, 2.307336104060937920, 366.4516910496425908 ) ) ;
#2701 = VECTOR ( 'NONE', #1588, 1000.000000000000000 ) ;
#2702 = CARTESIAN_POINT ( 'NONE',  ( 305.0370945548289114, -4.548532427371159592, 301.8817145493893577 ) ) ;
#2703 = ORIENTED_EDGE ( 'NONE', *, *, #992, .F. ) ;
#2704 = CARTESIAN_POINT ( 'NONE',  ( 300.4321532234276333, -4.158355351748383555, 239.2869689734679355 ) ) ;
#2705 = ORIENTED_EDGE ( 'NONE', *, *, #704, .T. ) ;
#2706 = DIRECTION ( 'NONE',  ( 0.000000000000000000, 0.000000000000000000, 1.000000000000000000 ) ) ;
#2707 = B_SPLINE_CURVE_WITH_KNOTS ( 'NONE', 3,
 ( #582, #384, #1098, #2398, #166, #802, #1685, #1053, #417, #832, #403, #1286, #1333, #2214 ),
 .UNSPECIFIED., .F., .F.,
 ( 4, 2, 2, 2, 2, 2, 4 ),
 ( 0.000000000000000000, 0.0003898975338085940048, 0.0007797950676171880096, 0.001169692601425781960, 0.001559590135234376019, 0.002339385202851679713, 0.003119180270468983190 ),
 .UNSPECIFIED. ) ;
#2708 = CARTESIAN_POINT ( 'NONE',  ( 308.0370945548289114, -3.525667192811752226, 301.8817145493894145 ) ) ;
#2709 = DIRECTION ( 'NONE',  ( 1.000000000000000000, 0.000000000000000000, 3.227392513445244721E-14 ) ) ;
#2710 = CARTESIAN_POINT ( 'NONE',  ( 286.0869278697899176, 0.1253974778568422710, 220.0010733562166081 ) ) ;
#2711 = CARTESIAN_POINT ( 'NONE',  ( 386.6666666647022339, -5.954441073316516508, 336.9066955511404444 ) ) ;
#2712 = LINE ( 'NONE', #942, #2402 ) ;
#2713 = CARTESIAN_POINT ( 'NONE',  ( 386.6666666647022339, -4.983285286627484822, 421.1448889319453883 ) ) ;
#2714 = CARTESIAN_POINT ( 'NONE',  ( 155.5000000000000000, 85.00000000000000000, 234.8566351996881565 ) ) ;
#2715 = EDGE_LOOP ( 'NONE', ( #418, #1672, #2063, #2171 ) ) ;
#2716 = CARTESIAN_POINT ( 'NONE',  ( 151.1999999999999886, 3.306277303021957437, 269.3767156309140773 ) ) ;
#2717 = ORIENTED_EDGE ( 'NONE', *, *, #2120, .F. ) ;
#2718 = CYLINDRICAL_SURFACE ( 'NONE', #2135, 2.000000000000001776 ) ;
#2719 = CARTESIAN_POINT ( 'NONE',  ( 0.000000000000000000, -3.869566342698527173E-11, 199.5133111311278071 ) ) ;
#2720 = DIRECTION ( 'NONE',  ( -1.000000000000000000, -0.000000000000000000, -0.000000000000000000 ) ) ;
#2721 = CYLINDRICAL_SURFACE ( 'NONE', #1831, 2.000000000000001776 ) ;
#2722 = CARTESIAN_POINT ( 'NONE',  ( 295.6009782866312321, -0.03049411901857210574, 220.5920966895303934 ) ) ;
#2723 = CARTESIAN_POINT ( 'NONE',  ( 193.3333333323510885, -6.914820130816956123, 341.8730961291019526 ) ) ;
#2724 = CARTESIAN_POINT ( 'NONE',  ( 297.0616626178996285, 3.443088007130913120, 248.3429071604394096 ) ) ;
#2725 = CARTESIAN_POINT ( 'NONE',  ( 386.6666666647022339, -5.113126307511020485, 421.1293184417577891 ) ) ;
#2726 = DIRECTION ( 'NONE',  ( 0.9798025319616457951, 0.000000000000000000, -0.1999674932621503531 ) ) ;
#2727 = B_SPLINE_CURVE_WITH_KNOTS ( 'NONE', 3,
 ( #683, #653, #1107, #1294, #1990, #886, #1776, #1504, #668, #21, #2817, #193, #2452, #1092, #2422 ),
 .UNSPECIFIED., .F., .F.,
 ( 4, 1, 1, 1, 1, 1, 1, 1, 1, 1, 1, 1, 4 ),
 ( 0.07922096730515797158, 0.08697457685441212227, 0.09959233041268454600, 0.1123752507219591690, 0.1251720916291397812, 0.1378269044755334183, 0.1501883475123093614, 0.1621074623245606916, 0.1734472135893624367, 0.1840779963317767665, 0.1938802386212742923, 0.2027566144275046445, 0.2028592222521696797 ),
 .UNSPECIFIED. ) ;
#2728 = DIRECTION ( 'NONE',  ( 0.000000000000000000, 0.000000000000000000, 1.000000000000000000 ) ) ;
#2729 = AXIS2_PLACEMENT_3D ( 'NONE', #790, #568, #148 ) ;
#2730 = VERTEX_POINT ( 'NONE', #1277 ) ;
#2731 = CARTESIAN_POINT ( 'NONE',  ( 152.6333333331936331, -6.926474563507565740, 374.1813886788749528 ) ) ;
#2732 = EDGE_CURVE ( 'NONE', #1232, #219, #113, .T. ) ;
#2733 = CARTESIAN_POINT ( 'NONE',  ( 155.4999999999999716, 85.00000000000000000, 239.7566351996881906 ) ) ;
#2734 = FACE_OUTER_BOUND ( 'NONE', #620, .T. ) ;
#2735 = CIRCLE ( 'NONE', #2006, 2.000000000000001776 ) ;
#2736 = CARTESIAN_POINT ( 'NONE',  ( 295.6347764110872163, -0.6795414239769588249, 221.0489577614921473 ) ) ;
#2737 = CARTESIAN_POINT ( 'NONE',  ( 386.6666666647020634, -6.083877520582038123, 315.6127975168557214 ) ) ;
#2738 = CYLINDRICAL_SURFACE ( 'NONE', #1868, 3.300000000000025135 ) ;
#2739 = EDGE_CURVE ( 'NONE', #791, #2263, #467, .T. ) ;
#2740 = CARTESIAN_POINT ( 'NONE',  ( 193.3333333323510317, 3.194756911386668286, 389.6578644352153447 ) ) ;
#2741 = B_SPLINE_CURVE_WITH_KNOTS ( 'NONE', 3,
 ( #257, #911, #2059, #2699 ),
 .UNSPECIFIED., .F., .F.,
 ( 4, 4 ),
 ( 3.330770716278223820E-16, 0.004300174838718887234 ),
 .UNSPECIFIED. ) ;
#2742 = CARTESIAN_POINT ( 'NONE',  ( 295.2370945548290706, 13.55537483294562939, 264.4069360666574653 ) ) ;
#2743 = CARTESIAN_POINT ( 'NONE',  ( 290.9114407770802018, -4.340195168701020734, 240.7876990671335022 ) ) ;
#2744 = VERTEX_POINT ( 'NONE', #699 ) ;
#2745 = CARTESIAN_POINT ( 'NONE',  ( 305.0370945548289114, -4.563874992770482919, 304.8817145493894145 ) ) ;
#2746 = CARTESIAN_POINT ( 'NONE',  ( 386.6666666647020634, 3.173329659270263559, 227.8570020030838919 ) ) ;
#2747 = EDGE_CURVE ( 'NONE', #336, #2532, #633, .T. ) ;
#2748 = EDGE_CURVE ( 'NONE', #734, #139, #1159, .T. ) ;
#2749 = CARTESIAN_POINT ( 'NONE',  ( 160.4000000000000625, 7.285854698153729103, 368.2813886722097436 ) ) ;
#2750 = ORIENTED_EDGE ( 'NONE', *, *, #1940, .F. ) ;
#2751 = CARTESIAN_POINT ( 'NONE',  ( 0.000000000000000000, -7.965129795698265625, 332.7649557612896274 ) ) ;
#2752 = CARTESIAN_POINT ( 'NONE',  ( 151.1999999999999886, -89.00000000000000000, 439.9146904413996140 ) ) ;
#2753 = CARTESIAN_POINT ( 'NONE',  ( 298.6781385018980473, -5.616372221479604576, 425.6754218963163794 ) ) ;
#2754 = AXIS2_PLACEMENT_3D ( 'NONE', #2786, #811, #1694 ) ;
#2755 = CARTESIAN_POINT ( 'NONE',  ( 579.9999999970531235, 1.367670693497608836, 239.2000782469990270 ) ) ;
#2756 = PLANE ( 'NONE',  #747 ) ;
#2757 = EDGE_LOOP ( 'NONE', ( #2604, #2014, #235, #2051 ) ) ;
#2758 = CARTESIAN_POINT ( 'NONE',  ( 307.6442380228525622, -6.505048967119064329, 311.8622887910033228 ) ) ;
#2759 = LINE ( 'NONE', #355, #537 ) ;
#2760 = CARTESIAN_POINT ( 'NONE',  ( 310.0302972282370320, -4.538338784187234687, 301.8817145493894145 ) ) ;
#2761 = ORIENTED_EDGE ( 'NONE', *, *, #607, .F. ) ;
#2762 = CARTESIAN_POINT ( 'NONE',  ( 193.3333333323508896, -6.993783717568672564, 329.5149428003301182 ) ) ;
#2763 = CARTESIAN_POINT ( 'NONE',  ( 287.0710884019708828, 3.952656155596020238, 224.3950652667577401 ) ) ;
#2764 = CARTESIAN_POINT ( 'NONE',  ( 310.0370945548289683, -6.538323494046628603, 299.8868844838020777 ) ) ;
#2765 = CARTESIAN_POINT ( 'NONE',  ( 308.0331322823000164, -5.065072492431069051, 301.8182362361168884 ) ) ;
#2766 = CARTESIAN_POINT ( 'NONE',  ( 193.3333333323510317, 1.893688306988295489, 213.4642146367242788 ) ) ;
#2767 = CARTESIAN_POINT ( 'NONE',  ( 155.4999999999999716, -5.716795864920701575, 228.9566351996881792 ) ) ;
#2768 = ORIENTED_EDGE ( 'NONE', *, *, #2025, .F. ) ;
#2769 = DIRECTION ( 'NONE',  ( 1.000000000000000000, 0.000000000000000000, 0.000000000000000000 ) ) ;
#2770 = CARTESIAN_POINT ( 'NONE',  ( 0.000000000000000000, 6.360022959421542055, 205.8840378691750175 ) ) ;
#2771 = CARTESIAN_POINT ( 'NONE',  ( 305.0370945548288546, -6.532016723998194330, 308.8817145493896419 ) ) ;
#2772 = CARTESIAN_POINT ( 'NONE',  ( 157.6717017252864821, -6.960639335565963037, 363.8772141166838878 ) ) ;
#2773 = CARTESIAN_POINT ( 'NONE',  ( 300.0000000000000000, 0.5975986629158585028, 354.4482087289370611 ) ) ;
#2774 = CARTESIAN_POINT ( 'NONE',  ( 288.8341835546407310, -4.933802320366879712, 233.0338948409749378 ) ) ;
#2775 = CARTESIAN_POINT ( 'NONE',  ( 193.3333333323509464, 15.18647217929100890, 312.4160318443855999 ) ) ;
#2776 = CYLINDRICAL_SURFACE ( 'NONE', #1770, 5.299999999999998934 ) ;
#2777 = ORIENTED_EDGE ( 'NONE', *, *, #2025, .T. ) ;
#2778 = CARTESIAN_POINT ( 'NONE',  ( 160.4000000000000625, 7.285854698153729103, 368.2813886722097436 ) ) ;
#2779 = CARTESIAN_POINT ( 'NONE',  ( 300.4006763472403350, -0.7593920037771573206, 221.4898964146549645 ) ) ;
#2780 = CARTESIAN_POINT ( 'NONE',  ( 151.2000000000000455, -2.809890118272680315, 426.9495615211728250 ) ) ;
#2781 = CARTESIAN_POINT ( 'NONE',  ( 155.4999999999999716, 10.94305727204084100, 228.9566351996881792 ) ) ;
#2782 = EDGE_CURVE ( 'NONE', #2679, #2312, #1667, .T. ) ;
#2783 = VERTEX_POINT ( 'NONE', #1137 ) ;
#2784 = CARTESIAN_POINT ( 'NONE',  ( 159.7549957709113642, -6.309958773143793387, 237.3076202697892825 ) ) ;
#2785 = CARTESIAN_POINT ( 'NONE',  ( 0.000000000000000000, -8.138682956222996978, 278.0087147673945651 ) ) ;
#2786 = CARTESIAN_POINT ( 'NONE',  ( 308.0370945548289114, -4.548532427371159592, 304.8817145493894145 ) ) ;
#2787 = CARTESIAN_POINT ( 'NONE',  ( 151.1999999999999318, 11.04289756209103679, 228.9566351996881508 ) ) ;
#2788 = CARTESIAN_POINT ( 'NONE',  ( 308.0277603269589122, -5.765385303306310938, 301.4743307276145856 ) ) ;
#2789 = CARTESIAN_POINT ( 'NONE',  ( 0.000000000000000000, 10.61092084068729768, 215.5285796454811589 ) ) ;
#2790 = CARTESIAN_POINT ( 'NONE',  ( 300.4143933776963991, 8.335492865827845321, 235.9480851736192051 ) ) ;
#2791 = SHAPE_DEFINITION_REPRESENTATION ( #2840, #1907 ) ;
#2792 = DIRECTION ( 'NONE',  ( 1.000000000000000000, 0.000000000000000000, 0.000000000000000000 ) ) ;
#2793 = B_SPLINE_CURVE_WITH_KNOTS ( 'NONE', 3,
 ( #1932, #1018, #2345, #2133 ),
 .UNSPECIFIED., .F., .F.,
 ( 4, 4 ),
 ( 0.5070401860142444983, 0.7393103448262616784 ),
 .UNSPECIFIED. ) ;
#2794 = VECTOR ( 'NONE', #1530, 1000.000000000000000 ) ;
#2795 = CARTESIAN_POINT ( 'NONE',  ( 295.2370945548290706, 21.80627730302191125, 264.4069360666574653 ) ) ;
#2796 = VERTEX_POINT ( 'NONE', #1326 ) ;
#2797 = CARTESIAN_POINT ( 'NONE',  ( 306.2092617556323262, -6.515200991941267894, 311.2686406742566305 ) ) ;
#2798 = CARTESIAN_POINT ( 'NONE',  ( 300.3779444173574120, -0.4144857807168581543, 221.0824594450614882 ) ) ;
#2799 = DIRECTION ( 'NONE',  ( 0.000000000000000000, 0.000000000000000000, 1.000000000000000000 ) ) ;
#2800 = ORIENTED_EDGE ( 'NONE', *, *, #2245, .T. ) ;
#2801 = CARTESIAN_POINT ( 'NONE',  ( 160.1482781555736210, -5.960727437417722818, 232.2739084748695007 ) ) ;
#2802 = CARTESIAN_POINT ( 'NONE',  ( 579.9999999970531235, -5.113217040306552441, 280.3723710342515005 ) ) ;
#2803 = CARTESIAN_POINT ( 'NONE',  ( 579.9999999970532372, -4.599044283111842546, 259.9049248138404096 ) ) ;
#2804 = CARTESIAN_POINT ( 'NONE',  ( 290.8757858554631071, 3.396811859450650228, 223.7361117767013354 ) ) ;
#2805 = CARTESIAN_POINT ( 'NONE',  ( 386.6666666647018928, 10.58455155675147097, 330.7635623173570139 ) ) ;
#2806 = CARTESIAN_POINT ( 'NONE',  ( 286.1340181745842415, 9.021656534180991116, 237.0679601908101404 ) ) ;
#2807 = DIRECTION ( 'NONE',  ( -1.000000000000000000, -0.000000000000000000, -0.000000000000000000 ) ) ;
#2808 = VERTEX_POINT ( 'NONE', #1166 ) ;
#2809 = CARTESIAN_POINT ( 'NONE',  ( 286.1424428381096163, 13.35591917042438403, 260.6823865198110752 ) ) ;
#2810 = CIRCLE ( 'NONE', #1573, 4.300000000000025580 ) ;
#2811 = CARTESIAN_POINT ( 'NONE',  ( 300.4098377150040733, -1.019813941420118164, 222.0383041172831611 ) ) ;
#2812 = CARTESIAN_POINT ( 'NONE',  ( 286.2189149452438528, 0.4718918266953562313, 220.2195780565588450 ) ) ;
#2813 = CARTESIAN_POINT ( 'NONE',  ( 160.4000000000000057, 12.06083974647222590, 233.5375330786241648 ) ) ;
#2814 = EDGE_CURVE ( 'NONE', #1927, #191, #1647, .T. ) ;
#2815 = ORIENTED_EDGE ( 'NONE', *, *, #1416, .T. ) ;
#2816 = CARTESIAN_POINT ( 'NONE',  ( 156.7779958967901166, -6.460043282260909514, 239.5980643283210441 ) ) ;
#2817 = CARTESIAN_POINT ( 'NONE',  ( 151.1999999999999318, -7.149302808546116772, 258.8027897976345457 ) ) ;
#2818 = CARTESIAN_POINT ( 'NONE',  ( 579.9999999970528961, -1.220256621134524266, 238.8938225097272152 ) ) ;
#2819 = CARTESIAN_POINT ( 'NONE',  ( 118.4367889235229967, -3.525667192811752226, 311.8817145493894145 ) ) ;
#2820 = CARTESIAN_POINT ( 'NONE',  ( 290.8555385869318570, 0.4707182926407685319, 220.5332293505049108 ) ) ;
#2821 = CARTESIAN_POINT ( 'NONE',  ( 579.9999999970531235, 7.615257880408826452, 334.9895548652660864 ) ) ;
#2822 = CARTESIAN_POINT ( 'NONE',  ( 286.1246563723485110, 5.711916059985663097, 227.7285365921868845 ) ) ;
#2823 = EDGE_CURVE ( 'NONE', #2532, #139, #218, .T. ) ;
#2824 = DIRECTION ( 'NONE',  ( -1.000000000000000000, 0.000000000000000000, 0.000000000000000000 ) ) ;
#2825 = EDGE_LOOP ( 'NONE', ( #583, #868, #2325, #1741 ) ) ;
#2826 = CARTESIAN_POINT ( 'NONE',  ( 160.4000000000000057, 12.37853016248148563, 234.8566351996881281 ) ) ;
#2827 = CARTESIAN_POINT ( 'NONE',  ( 300.3838439429806044, -0.5024349976571655940, 221.1569524590444473 ) ) ;
#2828 = CARTESIAN_POINT ( 'NONE',  ( 288.5463098167612657, -3.494059049324430344, 231.6233684966263979 ) ) ;
#2829 = CARTESIAN_POINT ( 'NONE',  ( 158.5233794788340731, 11.16724309678750515, 229.9871273047567115 ) ) ;
#2830 = AXIS2_PLACEMENT_3D ( 'NONE', #2142, #1740, #2799 ) ;
#2831 = VERTEX_POINT ( 'NONE', #871 ) ;
#2832 = CARTESIAN_POINT ( 'NONE',  ( 310.0370945548286841, -6.085857942314667035, 381.3394217009349063 ) ) ;
#2833 = CARTESIAN_POINT ( 'NONE',  ( 309.3704278881727419, -6.496130472353524254, 311.8817145493894145 ) ) ;
#2834 = ADVANCED_FACE ( 'NONE', ( #1758 ), #2637, .F. ) ;
#2835 = CARTESIAN_POINT ( 'NONE',  ( 386.6666666647018928, -2.925017541545449351E-11, 225.5133111311280913 ) ) ;
#2836 = CARTESIAN_POINT ( 'NONE',  ( 156.6110921221832655, -6.968273272687569353, 363.5063573128156236 ) ) ;
#2837 = CARTESIAN_POINT ( 'NONE',  ( 300.3739479412565743, 0.3082639832982467798, 221.0657500967943463 ) ) ;
#2838 = CARTESIAN_POINT ( 'NONE',  ( 0.000000000000000000, 19.26363725660237236, 277.6261930907284068 ) ) ;
#2839 = CARTESIAN_POINT ( 'NONE',  ( 286.1310702719333676, 7.843519490921932125, 233.2669863894154503 ) ) ;
#2840 = PRODUCT_DEFINITION_SHAPE ( 'NONE', 'NONE',  #2186 ) ;
#2841 = CARTESIAN_POINT ( 'NONE',  ( 193.3333333323509748, 12.29171122513588976, 334.7391500830804603 ) ) ;
#2842 = CARTESIAN_POINT ( 'NONE',  ( 299.2250122311477867, 3.443088007130912676, 258.9429071604394608 ) ) ;
#2843 = ORIENTED_EDGE ( 'NONE', *, *, #909, .F. ) ;
#2844 = CARTESIAN_POINT ( 'NONE',  ( 295.6617099638962713, 12.18278782570778773, 253.1232741792054242 ) ) ;
#2845 = EDGE_CURVE ( 'NONE', #1895, #1774, #1537, .T. ) ;
#2846 = CARTESIAN_POINT ( 'NONE',  ( 295.6660386574917538, -3.030534815057693621, 229.1879882869455116 ) ) ;
#2847 = ORIENTED_EDGE ( 'NONE', *, *, #262, .T. ) ;
#2848 = CARTESIAN_POINT ( 'NONE',  ( 295.2370945548290706, -5.230238205587403044, 264.4069360666574653 ) ) ;
#2849 = EDGE_LOOP ( 'NONE', ( #2847, #2432, #2545, #1844 ) ) ;
#2850 = CARTESIAN_POINT ( 'NONE',  ( 160.2422686358438000, -5.983909533402502312, 232.5819945695135402 ) ) ;
#2851 = CARTESIAN_POINT ( 'NONE',  ( 310.0370945548290251, -4.192410606493601755, 422.5367793103530403 ) ) ;
#2852 = CARTESIAN_POINT ( 'NONE',  ( 0.000000000000000000, -8.046388690722883652, 318.6767041878472924 ) ) ;
#2853 = CARTESIAN_POINT ( 'NONE',  ( 300.3992082567861530, 3.856811707706384595, 225.1737865499694351 ) ) ;
#2854 = CARTESIAN_POINT ( 'NONE',  ( 579.9999999970531235, 1.086029542440168250, 373.4542763322207293 ) ) ;
#2855 = CARTESIAN_POINT ( 'NONE',  ( 286.1361237233460315, 10.00386501428938679, 240.9396030524021057 ) ) ;
#2856 = CARTESIAN_POINT ( 'NONE',  ( 0.000000000000000000, 17.29793299244946070, 246.4975142672712138 ) ) ;
#2857 = CARTESIAN_POINT ( 'NONE',  ( 308.0222195429067824, -6.487707414494141567, 300.3891063523481648 ) ) ;
#2858 = ORIENTED_EDGE ( 'NONE', *, *, #2099, .T. ) ;
#2859 = CARTESIAN_POINT ( 'NONE',  ( 300.4234169185821770, 12.73185577056100115, 257.2392866062892836 ) ) ;
ENDSEC;
END-ISO-10303-21;
